pos,corr_resp,thisN,thisTrialN,thisRepN,key_resp.keys,key_resp.corr,key_resp.rt,key_resp.duration,trials.thisRepN,trials.thisTrialN,trials.thisN,trials.thisIndex,trials_2.thisRepN,trials_2.thisTrialN,trials_2.thisN,trials_2.thisIndex,thisRow.t,notes,trial.started,fixation.started,line1.started,line2.started,line3.started,line4.started,fixation.stopped,probe.started,key_resp.started,trial.stopped,trials.key_resp.keys,trials.key_resp.corr,trials.key_resp.rt,trials.key_resp.duration,trials_2.key_resp.keys,trials_2.key_resp.corr,trials_2.key_resp.rt,trials_2.key_resp.duration,participant,session,date,expName,expVersion,psychopyVersion,frameRate,expStart,
-50,x,0,0,0,x,1,0.7689630419990863,None,0,0,0,0,,,,,0.027833291998831555,,0.021332167001673952,0.027833291998831555,1.0025972919975175,1.0025972919975175,1.0025972919975175,1.0025972919975175,1.0156135830038693,1.9959220000018831,1.9959220000018831,3.029354541999055,x,1,0.7689630419990863,None,,,,,01,001,2025-10-01_13h58.21.630,Motor Sequential Learning,,2025.1.1,None,2025-10-01 13h58.34.840380 +0530,
150,v,1,1,0,v,1,0.4509606670035282,None,0,1,1,1,,,,,3.037842042002012,,3.029615166997246,3.037842042002012,4.020144000001892,4.020144000001892,4.020144000001892,4.020144000001892,4.033008625003276,5.018892958003562,5.018892958003562,5.480601167000714,v,1,0.4509606670035282,None,,,,,01,001,2025-10-01_13h58.21.630,Motor Sequential Learning,,2025.1.1,None,2025-10-01 13h58.34.840380 +0530,
50,c,2,2,0,c,1,0.4406097079991014,None,0,2,2,2,,,,,5.489249500002188,,5.4811444579972886,5.489249500002188,6.479436082998291,6.479436082998291,6.479436082998291,6.479436082998291,6.485719500000414,7.479311041999608,7.479311041999608,7.930702208002913,c,1,0.4406097079991014,None,,,,,01,001,2025-10-01_13h58.21.630,Motor Sequential Learning,,2025.1.1,None,2025-10-01 13h58.34.840380 +0530,
-150,z,3,3,0,z,1,0.3265327909975895,None,0,3,3,3,,,,,7.939536167003098,,7.931242332997499,7.939536167003098,8.929343000003428,8.929343000003428,8.929343000003428,8.929343000003428,8.935572957998374,9.929225583000516,9.929225583000516,10.264282417003415,z,1,0.3265327909975895,None,,,,,01,001,2025-10-01_13h58.21.630,Motor Sequential Learning,,2025.1.1,None,2025-10-01 13h58.34.840380 +0530,
-50,x,4,0,1,x,1,0.29224929100018926,None,1,0,4,0,,,,,10.27338299999974,,10.264926083000319,10.27338299999974,11.262505375001638,11.262505375001638,11.262505375001638,11.262505375001638,11.267996583002969,12.262562750001962,12.262562750001962,12.564309332999983,x,1,0.29224929100018926,None,,,,,01,001,2025-10-01_13h58.21.630,Motor Sequential Learning,,2025.1.1,None,2025-10-01 13h58.34.840380 +0530,
150,v,5,1,1,v,1,0.40926729099737713,None,1,1,5,1,,,,,12.57301366700267,,12.564902917001746,12.57301366700267,13.562639208001201,13.562639208001201,13.562639208001201,13.562639208001201,13.569111124998017,14.562478500003635,14.562478500003635,14.980541707998782,v,1,0.40926729099737713,None,,,,,01,001,2025-10-01_13h58.21.630,Motor Sequential Learning,,2025.1.1,None,2025-10-01 13h58.34.840380 +0530,
50,c,6,2,1,c,1,0.3893313750013476,None,1,2,6,2,,,,,14.989540957998543,,14.981062833001488,14.989540957998543,15.979240332999325,15.979240332999325,15.979240332999325,15.979240332999325,15.985774000000674,16.979343207996862,16.979343207996862,17.370061417001125,c,1,0.3893313750013476,None,,,,,01,001,2025-10-01_13h58.21.630,Motor Sequential Learning,,2025.1.1,None,2025-10-01 13h58.34.840380 +0530,
-150,z,7,3,1,z,1,0.4000763750009355,None,1,3,7,3,,,,,17.378825874999166,,17.37066995799978,17.378825874999166,18.367523957997037,18.367523957997037,18.367523957997037,18.367523957997037,18.367523957997037,19.369493541998963,19.369493541998963,19.78073758300161,z,1,0.4000763750009355,None,,,,,01,001,2025-10-01_13h58.21.630,Motor Sequential Learning,,2025.1.1,None,2025-10-01 13h58.34.840380 +0530,
-50,x,8,0,2,v,0,0.5414744580048136,None,2,0,8,0,,,,,19.78931804199965,,19.78125879199797,19.78931804199965,20.779257207999763,20.779257207999763,20.779257207999763,20.779257207999763,20.784340707999945,21.779137083001842,21.779137083001842,22.330748458000016,v,0,0.5414744580048136,None,,,,,01,001,2025-10-01_13h58.21.630,Motor Sequential Learning,,2025.1.1,None,2025-10-01 13h58.34.840380 +0530,
150,v,9,1,2,v,1,0.4186645829977351,None,2,1,9,1,,,,,22.339933583003585,,22.331468500000483,22.339933583003585,23.32907170800172,23.32907170800172,23.32907170800172,23.32907170800172,23.334015749998798,24.32912587500323,24.32912587500323,24.75263587500376,v,1,0.4186645829977351,None,,,,,01,001,2025-10-01_13h58.21.630,Motor Sequential Learning,,2025.1.1,None,2025-10-01 13h58.34.840380 +0530,
50,c,10,2,2,c,1,0.4968937500016182,None,2,2,10,2,,,,,24.772510583003168,,24.75312387500162,24.772510583003168,25.75299954199727,25.75299954199727,25.75299954199727,25.75299954199727,25.76615920799668,26.7458067080006,26.7458067080006,27.247491542002535,c,1,0.4968937500016182,None,,,,,01,001,2025-10-01_13h58.21.630,Motor Sequential Learning,,2025.1.1,None,2025-10-01 13h58.34.840380 +0530,
-150,z,11,3,2,z,1,0.37469599999894854,None,2,3,11,3,,,,,27.256313332996797,,27.2482213330004,27.256313332996797,28.245881167000334,28.245881167000334,28.245881167000334,28.245881167000334,28.252304082998307,29.245721457999025,29.245721457999025,29.6306703750015,z,1,0.37469599999894854,None,,,,,01,001,2025-10-01_13h58.21.630,Motor Sequential Learning,,2025.1.1,None,2025-10-01 13h58.34.840380 +0530,
-50,x,12,0,3,x,1,0.43450720800319687,None,3,0,12,0,,,,,29.63921875000233,,29.631307916999504,29.63921875000233,30.629249625002558,30.629249625002558,30.629249625002558,30.629249625002558,30.635829042003024,31.629100707999896,31.629100707999896,32.069338499997684,x,1,0.43450720800319687,None,,,,,01,001,2025-10-01_13h58.21.630,Motor Sequential Learning,,2025.1.1,None,2025-10-01 13h58.34.840380 +0530,
150,v,13,1,3,v,1,0.3038193329994101,None,3,1,13,1,,,,,32.07803454199893,,32.06985004199669,32.07803454199893,33.06896499999857,33.06896499999857,33.06896499999857,33.06896499999857,33.06896499999857,34.06241725000291,34.06241725000291,34.36864641700231,v,1,0.3038193329994101,None,,,,,01,001,2025-10-01_13h58.21.630,Motor Sequential Learning,,2025.1.1,None,2025-10-01 13h58.34.840380 +0530,
50,c,14,2,3,c,1,0.2202822909966926,None,3,2,14,2,,,,,34.37800045799668,,34.36911283300287,34.37800045799668,35.36947145799786,35.36947145799786,35.36947145799786,35.36947145799786,35.36947145799786,36.36897350000072,36.36897350000072,36.59796245799953,c,1,0.2202822909966926,None,,,,,01,001,2025-10-01_13h58.21.630,Motor Sequential Learning,,2025.1.1,None,2025-10-01 13h58.34.840380 +0530,
-150,z,15,3,3,z,1,0.2402192079971428,None,3,3,15,3,,,,,36.60650608300057,,36.59868029200152,36.60650608300057,37.59564604199841,37.59564604199841,37.59564604199841,37.59564604199841,37.60160020799958,38.595792958003585,38.595792958003585,38.847442541999044,z,1,0.2402192079971428,None,,,,,01,001,2025-10-01_13h58.21.630,Motor Sequential Learning,,2025.1.1,None,2025-10-01 13h58.34.840380 +0530,
-50,x,16,0,4,x,1,0.2335156659974018,None,4,0,16,0,,,,,38.8559043330024,,38.84800829199958,38.8559043330024,39.845773082997766,39.845773082997766,39.845773082997766,39.845773082997766,39.850960541996756,40.84565624999959,40.84565624999959,41.086058082997624,x,1,0.2335156659974018,None,,,,,01,001,2025-10-01_13h58.21.630,Motor Sequential Learning,,2025.1.1,None,2025-10-01 13h58.34.840380 +0530,
150,v,17,1,4,v,1,0.4528158329994767,None,4,1,17,1,,,,,41.09479208300036,,41.08654916699743,41.09479208300036,42.0858706250001,42.0858706250001,42.0858706250001,42.0858706250001,42.0858706250001,43.087317375000566,43.087317375000566,43.54718383299769,v,1,0.4528158329994767,None,,,,,01,001,2025-10-01_13h58.21.630,Motor Sequential Learning,,2025.1.1,None,2025-10-01 13h58.34.840380 +0530,
50,c,18,2,4,c,1,0.24749770799826365,None,4,2,18,2,,,,,43.555878749997646,,43.54783362500166,43.555878749997646,44.545699667003646,44.545699667003646,44.545699667003646,44.545699667003646,44.55167729200184,45.54558154199913,45.54558154199913,45.79727854199882,c,1,0.24749770799826365,None,,,,,01,001,2025-10-01_13h58.21.630,Motor Sequential Learning,,2025.1.1,None,2025-10-01 13h58.34.840380 +0530,
-150,z,19,3,4,z,1,0.27431820800120477,None,4,3,19,3,,,,,45.80594766700233,,45.79794270799903,45.80594766700233,46.79552262499783,46.79552262499783,46.79552262499783,46.79552262499783,46.799987167003565,47.795645250000234,47.795645250000234,48.08078608300275,z,1,0.27431820800120477,None,,,,,01,001,2025-10-01_13h58.21.630,Motor Sequential Learning,,2025.1.1,None,2025-10-01 13h58.34.840380 +0530,
-50,x,20,0,5,x,1,0.23697625000204425,None,5,0,20,0,,,,,48.08947079200152,,48.081436708002,48.08947079200152,49.079029708002054,49.079029708002054,49.079029708002054,49.079029708002054,49.08501737500046,50.07889954200073,50.07889954200073,50.318917124997824,x,1,0.23697625000204425,None,,,,,01,001,2025-10-01_13h58.21.630,Motor Sequential Learning,,2025.1.1,None,2025-10-01 13h58.34.840380 +0530,
150,v,21,1,5,v,1,0.29902637399936793,None,5,1,21,1,,,,,50.32792575000349,,50.31939695800247,50.32792575000349,51.31872329200269,51.31872329200269,51.31872329200269,51.31872329200269,51.31872329200269,52.31881891700323,52.31881891700323,52.630623625002045,v,1,0.29902637399936793,None,,,,,01,001,2025-10-01_13h58.21.630,Motor Sequential Learning,,2025.1.1,None,2025-10-01 13h58.34.840380 +0530,
50,c,22,2,5,c,1,0.2760100829982548,None,5,2,22,2,,,,,52.639377958003024,,52.63129370800016,52.639377958003024,53.62877545799711,53.62877545799711,53.62877545799711,53.62877545799711,53.63450029199885,54.62888145800389,54.62888145800389,54.91366633299913,c,1,0.2760100829982548,None,,,,,01,001,2025-10-01_13h58.21.630,Motor Sequential Learning,,2025.1.1,None,2025-10-01 13h58.34.840380 +0530,
-150,z,23,3,5,z,1,0.17344008300278801,None,5,3,23,3,,,,,54.92201291699894,,54.91432008300035,54.92201291699894,55.9122390420016,55.9122390420016,55.9122390420016,55.9122390420016,55.91779716699966,56.912188624999544,56.912188624999544,57.09688120800274,z,1,0.17344008300278801,None,,,,,01,001,2025-10-01_13h58.21.630,Motor Sequential Learning,,2025.1.1,None,2025-10-01 13h58.34.840380 +0530,
-50,x,24,0,6,v,0,0.20000104200153146,None,6,0,24,0,,,,,57.10521562500071,,57.0975616670039,57.10521562500071,58.095432624999376,58.095432624999376,58.095432624999376,58.095432624999376,58.10017174999666,59.09557387499808,59.09557387499808,59.302200625003024,v,0,0.20000104200153146,None,,,,,01,001,2025-10-01_13h58.21.630,Motor Sequential Learning,,2025.1.1,None,2025-10-01 13h58.34.840380 +0530,
150,v,25,1,6,v,1,0.21527437400072813,None,6,1,25,1,,,,,59.31112691699673,,59.30267833299877,59.31112691699673,60.30235908299801,60.30235908299801,60.30235908299801,60.30235908299801,60.30235908299801,61.30241499999829,61.30241499999829,61.52815283300151,v,1,0.21527437400072813,None,,,,,01,001,2025-10-01_13h58.21.630,Motor Sequential Learning,,2025.1.1,None,2025-10-01 13h58.34.840380 +0530,
50,c,26,2,6,c,1,0.2430362920058542,None,6,2,26,2,,,,,61.53194362499926,,61.528671250001935,61.53194362499926,62.51947295800346,62.51947295800346,62.51947295800346,62.51947295800346,62.528928207997524,63.51959912500024,63.51959912500024,63.76812704199983,c,1,0.2430362920058542,None,,,,,01,001,2025-10-01_13h58.21.630,Motor Sequential Learning,,2025.1.1,None,2025-10-01 13h58.34.840380 +0530,
-150,z,27,3,6,z,1,0.24535454100259813,None,6,3,27,3,,,,,63.77797458299756,,63.76861654200184,63.77797458299756,64.76881583299837,64.76881583299837,64.76881583299837,64.76881583299837,64.76881583299837,65.76824874999875,65.76824874999875,66.0188402499989,z,1,0.24535454100259813,None,,,,,01,001,2025-10-01_13h58.21.630,Motor Sequential Learning,,2025.1.1,None,2025-10-01 13h58.34.840380 +0530,
-50,x,28,0,7,x,1,0.255501457999344,None,7,0,28,0,,,,,66.02813625000272,,66.01934054199955,66.02813625000272,67.01770745799877,67.01770745799877,67.01770745799877,67.01770745799877,67.01770745799877,68.01203629199881,68.01203629199881,68.28058074999717,x,1,0.255501457999344,None,,,,,01,001,2025-10-01_13h58.21.630,Motor Sequential Learning,,2025.1.1,None,2025-10-01 13h58.34.840380 +0530,
150,v,29,1,7,v,1,0.2496681670018006,None,7,1,29,1,,,,,68.29084041700116,,68.28121241700137,68.29084041700116,69.2786816250009,69.2786816250009,69.2786816250009,69.2786816250009,69.28421612500097,70.27879566699994,70.27879566699994,70.53068937500211,v,1,0.2496681670018006,None,,,,,01,001,2025-10-01_13h58.21.630,Motor Sequential Learning,,2025.1.1,None,2025-10-01 13h58.34.840380 +0530,
50,c,30,2,7,c,1,0.30978454100113595,None,7,2,30,2,,,,,70.53987325000344,,70.53118816699862,70.53987325000344,71.52877233300387,71.52877233300387,71.52877233300387,71.52877233300387,71.53498220800248,72.5286445419988,72.5286445419988,72.84686891699675,c,1,0.30978454100113595,None,,,,,01,001,2025-10-01_13h58.21.630,Motor Sequential Learning,,2025.1.1,None,2025-10-01 13h58.34.840380 +0530,
-150,z,31,3,7,z,1,0.25201499999820953,None,7,3,31,3,,,,,72.85798579199763,,72.8475186670039,72.85798579199763,73.84547833300167,73.84547833300167,73.84547833300167,73.84547833300167,73.85082312500163,74.84534066700144,74.84534066700144,75.10160975000326,z,1,0.25201499999820953,None,,,,,01,001,2025-10-01_13h58.21.630,Motor Sequential Learning,,2025.1.1,None,2025-10-01 13h58.34.840380 +0530,
-50,x,32,0,8,x,1,0.06590599999617552,None,8,0,32,0,,,,,75.11118104199704,,75.10212912499992,75.11118104199704,76.10054541700083,76.10054541700083,76.10054541700083,76.10054541700083,76.10054541700083,77.0954119579983,77.0954119579983,77.1637700420033,x,1,0.06590599999617552,None,,,,,01,001,2025-10-01_13h58.21.630,Motor Sequential Learning,,2025.1.1,None,2025-10-01 13h58.34.840380 +0530,
150,v,33,1,8,v,1,0.22024983300070744,None,8,1,33,1,,,,,77.1733181669988,,77.16446716700011,77.1733181669988,78.16194854200148,78.16194854200148,78.16194854200148,78.16194854200148,78.16731683300168,79.16203779199714,79.16203779199714,79.38490550000279,v,1,0.22024983300070744,None,,,,,01,001,2025-10-01_13h58.21.630,Motor Sequential Learning,,2025.1.1,None,2025-10-01 13h58.34.840380 +0530,
50,c,34,2,8,c,1,0.23162241600221023,None,8,2,34,2,,,,,79.3944420830012,,79.38539191699965,79.3944420830012,80.38414979200024,80.38414979200024,80.38414979200024,80.38414979200024,80.38414979200024,81.37865874999989,81.37865874999989,81.61350704199867,c,1,0.23162241600221023,None,,,,,01,001,2025-10-01_13h58.21.630,Motor Sequential Learning,,2025.1.1,None,2025-10-01 13h58.34.840380 +0530,
-150,z,35,3,8,z,1,0.2523587499963469,None,8,3,35,3,,,,,81.62250433299778,,81.61412095800188,81.62250433299778,82.61205912500009,82.61205912500009,82.61205912500009,82.61205912500009,82.61851549999847,83.61188504200254,83.61188504200254,83.86858979200042,z,1,0.2523587499963469,None,,,,,01,001,2025-10-01_13h58.21.630,Motor Sequential Learning,,2025.1.1,None,2025-10-01 13h58.34.840380 +0530,
-50,x,36,0,9,x,1,0.2121078740019584,None,9,0,36,0,,,,,83.87783395800216,,83.86906816699775,83.87783395800216,84.86807412499911,84.86807412499911,84.86807412499911,84.86807412499911,84.86807412499911,85.86964120800258,85.86964120800258,86.08576987499691,x,1,0.2121078740019584,None,,,,,01,001,2025-10-01_13h58.21.630,Motor Sequential Learning,,2025.1.1,None,2025-10-01 13h58.34.840380 +0530,
150,v,37,1,9,v,1,0.3573124579997966,None,9,1,37,1,,,,,86.0953644580004,,86.08626037499926,86.0953644580004,87.08543154200015,87.08543154200015,87.08543154200015,87.08543154200015,87.08543154200015,88.08578658299666,88.08578658299666,88.44677850000153,v,1,0.3573124579997966,None,,,,,01,001,2025-10-01_13h58.21.630,Motor Sequential Learning,,2025.1.1,None,2025-10-01 13h58.34.840380 +0530,
50,c,38,2,9,c,1,0.33186204099911265,None,9,2,38,2,,,,,88.45713229200192,,88.44751295800233,88.45713229200192,89.44523879200278,89.44523879200278,89.44523879200278,89.44523879200278,89.44977087499865,90.44521054199868,90.44521054199868,90.78017420799733,c,1,0.33186204099911265,None,,,,,01,001,2025-10-01_13h58.21.630,Motor Sequential Learning,,2025.1.1,None,2025-10-01 13h58.34.840380 +0530,
-150,z,39,3,9,z,1,0.21827741699962644,None,9,3,39,3,,,,,90.79026387500198,,90.78088283300167,90.79026387500198,91.77847425000073,91.77847425000073,91.77847425000073,91.77847425000073,91.78311683300126,92.77856274999795,92.77856274999795,93.00262879199727,z,1,0.21827741699962644,None,,,,,01,001,2025-10-01_13h58.21.630,Motor Sequential Learning,,2025.1.1,None,2025-10-01 13h58.34.840380 +0530,
-50,x,40,0,10,x,1,0.22644533299899194,None,10,0,40,0,,,,,93.02881154199713,,93.00314566699672,93.02881154199713,94.00130437500047,94.00130437500047,94.00130437500047,94.00130437500047,94.01744695800153,95.00143420800305,95.00143420800305,95.22975487499934,x,1,0.22644533299899194,None,,,,,01,001,2025-10-01_13h58.21.630,Motor Sequential Learning,,2025.1.1,None,2025-10-01 13h58.34.840380 +0530,
150,v,41,1,10,v,1,0.10252266700263135,None,10,1,41,1,,,,,95.23965000000317,,95.23032400000375,95.23965000000317,96.22852079199947,96.22852079199947,96.22852079199947,96.22852079199947,96.23426758300047,97.22838566700375,97.22838566700375,97.3351755420008,v,1,0.10252266700263135,None,,,,,01,001,2025-10-01_13h58.21.630,Motor Sequential Learning,,2025.1.1,None,2025-10-01 13h58.34.840380 +0530,
50,c,42,2,10,c,1,0.2450920830015093,None,10,2,42,2,,,,,97.34484279200115,,97.3356963749975,97.34484279200115,98.33530279200204,98.33530279200204,98.33530279200204,98.33530279200204,98.33530279200204,99.33473983300064,99.33473983300064,99.58536949999689,c,1,0.2450920830015093,None,,,,,01,001,2025-10-01_13h58.21.630,Motor Sequential Learning,,2025.1.1,None,2025-10-01 13h58.34.840380 +0530,
-150,z,43,3,10,z,1,0.027091832998848986,None,10,3,43,3,,,,,99.59464520800248,,99.58586545800063,99.59464520800248,100.5849050830002,100.5849050830002,100.5849050830002,100.5849050830002,100.5849050830002,101.58462179199705,101.58462179199705,101.61338095799874,z,1,0.027091832998848986,None,,,,,01,001,2025-10-01_13h58.21.630,Motor Sequential Learning,,2025.1.1,None,2025-10-01 13h58.34.840380 +0530,
-50,x,44,0,11,x,1,0.4163776239947765,None,11,0,44,0,,,,,101.62324800000351,,101.61411770799896,101.62324800000351,102.61191649999819,102.61191649999819,102.61191649999819,102.61191649999819,102.61837308300164,103.61180862499896,103.61180862499896,104.030090207998,x,1,0.4163776239947765,None,,,,,01,001,2025-10-01_13h58.21.630,Motor Sequential Learning,,2025.1.1,None,2025-10-01 13h58.34.840380 +0530,
150,v,45,1,11,v,1,0.1458525829948485,None,11,1,45,1,,,,,104.04034562499874,,104.0308032920002,104.04034562499874,105.02856166700076,105.02856166700076,105.02856166700076,105.02856166700076,105.03479720799805,106.02839779199712,106.02839779199712,106.17968649999966,v,1,0.1458525829948485,None,,,,,01,001,2025-10-01_13h58.21.630,Motor Sequential Learning,,2025.1.1,None,2025-10-01 13h58.34.840380 +0530,
50,c,46,2,11,c,1,0.26424212499841815,None,11,2,46,2,,,,,106.18938304200128,,106.180310249998,106.18938304200128,107.17847737499687,107.17847737499687,107.17847737499687,107.17847737499687,107.18451070800074,108.178367833003,108.178367833003,108.4466112500013,c,1,0.26424212499841815,None,,,,,01,001,2025-10-01_13h58.21.630,Motor Sequential Learning,,2025.1.1,None,2025-10-01 13h58.34.840380 +0530,
-150,z,47,3,11,z,1,0.1755042080039857,None,11,3,47,3,,,,,108.45630604199687,,108.44728687500174,108.45630604199687,109.4449922499989,109.4449922499989,109.4449922499989,109.4449922499989,109.4516352080027,110.44505316700088,110.44505316700088,110.62994054199953,z,1,0.1755042080039857,None,,,,,01,001,2025-10-01_13h58.21.630,Motor Sequential Learning,,2025.1.1,None,2025-10-01 13h58.34.840380 +0530,
-50,x,48,0,12,x,1,0.26033708300383296,None,12,0,48,0,,,,,110.63966787500249,,110.63059333300043,110.63966787500249,111.62855979199958,111.62855979199958,111.62855979199958,111.62855979199958,111.63505662499665,112.62821516700205,112.62821516700205,112.89620841699798,x,1,0.26033708300383296,None,,,,,01,001,2025-10-01_13h58.21.630,Motor Sequential Learning,,2025.1.1,None,2025-10-01 13h58.34.840380 +0530,
150,v,49,1,12,v,1,0.18153020799945807,None,12,1,49,1,,,,,112.90542858299887,,112.89671891699982,112.90542858299887,113.89531766700384,113.89531766700384,113.89531766700384,113.89531766700384,113.90014416699705,114.89489874999708,114.89489874999708,115.07964320800238,v,1,0.18153020799945807,None,,,,,01,001,2025-10-01_13h58.21.630,Motor Sequential Learning,,2025.1.1,None,2025-10-01 13h58.34.840380 +0530,
50,c,50,2,12,c,1,0.296245582998381,None,12,2,50,2,,,,,115.08929912500025,,115.08029720799823,115.08929912500025,116.07843395799864,116.07843395799864,116.07843395799864,116.07843395799864,116.08442970800388,117.07826670799841,117.07826670799841,117.379517166999,c,1,0.296245582998381,None,,,,,01,001,2025-10-01_13h58.21.630,Motor Sequential Learning,,2025.1.1,None,2025-10-01 13h58.34.840380 +0530,
-150,z,51,3,12,z,1,0.22989899900130695,None,12,3,51,3,,,,,117.388778792003,,117.38002879200212,117.388778792003,118.37828850000369,118.37828850000369,118.37828850000369,118.37828850000369,118.38340295800299,119.378470458003,119.378470458003,119.61322558300162,z,1,0.22989899900130695,None,,,,,01,001,2025-10-01_13h58.21.630,Motor Sequential Learning,,2025.1.1,None,2025-10-01 13h58.34.840380 +0530,
-50,x,52,0,13,x,1,0.22769916700053727,None,13,0,52,0,,,,,119.6229045,,119.6138851670039,119.6229045,120.611515083001,120.611515083001,120.611515083001,120.611515083001,120.61662779199833,121.61165583300317,121.61165583300317,121.8461493750001,x,1,0.22769916700053727,None,,,,,01,001,2025-10-01_13h58.21.630,Motor Sequential Learning,,2025.1.1,None,2025-10-01 13h58.34.840380 +0530,
150,v,53,1,13,v,1,0.22716170799685642,None,13,1,53,1,,,,,121.85540174999915,,121.84667625000293,121.85540174999915,122.84498266699666,122.84498266699666,122.84498266699666,122.84498266699666,122.85000029199728,123.84512749999703,123.84512749999703,124.07966112499707,v,1,0.22716170799685642,None,,,,,01,001,2025-10-01_13h58.21.630,Motor Sequential Learning,,2025.1.1,None,2025-10-01 13h58.34.840380 +0530,
50,c,54,2,13,c,1,0.2501153749981313,None,13,2,54,2,,,,,124.0891263750018,,124.08023545800097,124.0891263750018,125.07822158299678,125.07822158299678,125.07822158299678,125.07822158299678,125.08380683299765,126.0781047920027,126.0781047920027,126.32984350000334,c,1,0.2501153749981313,None,,,,,01,001,2025-10-01_13h58.21.630,Motor Sequential Learning,,2025.1.1,None,2025-10-01 13h58.34.840380 +0530,
-150,z,55,3,13,z,1,0.28694966599869076,None,13,3,55,3,,,,,126.33965175000048,,126.33054466699832,126.33965175000048,127.32830249999824,127.32830249999824,127.32830249999824,127.32830249999824,127.33385879200068,128.32815766699787,128.32815766699787,128.6172268750015,z,1,0.28694966599869076,None,,,,,01,001,2025-10-01_13h58.21.630,Motor Sequential Learning,,2025.1.1,None,2025-10-01 13h58.34.840380 +0530,
-50,x,56,0,14,x,1,0.43164187400543597,None,14,0,56,0,,,,,128.62708037500124,,128.61771125000087,128.62708037500124,129.61629808299767,129.61629808299767,129.61629808299767,129.61629808299767,129.61629808299767,130.6115200830027,130.6115200830027,131.0460734169974,x,1,0.43164187400543597,None,,,,,01,001,2025-10-01_13h58.21.630,Motor Sequential Learning,,2025.1.1,None,2025-10-01 13h58.34.840380 +0530,
150,v,57,1,14,v,1,0.36334987499867566,None,14,1,57,1,,,,,131.05552537499898,,131.0466232079998,131.05552537499898,132.0448120000001,132.0448120000001,132.0448120000001,132.0448120000001,132.0497315419998,133.0447503750038,133.0447503750038,133.41304916700028,v,1,0.36334987499867566,None,,,,,01,001,2025-10-01_13h58.21.630,Motor Sequential Learning,,2025.1.1,None,2025-10-01 13h58.34.840380 +0530,
50,c,58,2,14,c,1,0.37958154099760577,None,14,2,58,2,,,,,133.42276812499767,,133.41374216700206,133.42276812499767,134.41143425000337,134.41143425000337,134.41143425000337,134.41143425000337,134.41724329200224,135.41150058300263,135.41150058300263,135.79600512499746,c,1,0.37958154099760577,None,,,,,01,001,2025-10-01_13h58.21.630,Motor Sequential Learning,,2025.1.1,None,2025-10-01 13h58.34.840380 +0530,
-150,z,59,3,14,z,1,0.3711769989968161,None,14,3,59,3,,,,,135.80531166699802,,135.79650437500095,135.80531166699802,136.79487320799672,136.79487320799672,136.79487320799672,136.79487320799672,136.80016958300257,137.79469724999944,137.79469724999944,138.16791220800224,z,1,0.3711769989968161,None,,,,,01,001,2025-10-01_13h58.21.630,Motor Sequential Learning,,2025.1.1,None,2025-10-01 13h58.34.840380 +0530,
-50,x,60,0,15,x,1,0.300138833001256,None,15,0,60,0,,,,,138.1771994169976,,138.16838395800005,138.1771994169976,139.1681120830035,139.1681120830035,139.1681120830035,139.1681120830035,139.1681120830035,140.1677572080007,140.1677572080007,140.47952883299877,x,1,0.300138833001256,None,,,,,01,001,2025-10-01_13h58.21.630,Motor Sequential Learning,,2025.1.1,None,2025-10-01 13h58.34.840380 +0530,
150,v,61,1,15,v,1,0.3176569159986684,None,15,1,61,1,,,,,140.4868278330032,,140.47996366699954,140.4868278330032,141.4779517920033,141.4779517920033,141.4779517920033,141.4779517920033,141.4825276249976,142.47807574999752,142.47807574999752,142.80177333299798,v,1,0.3176569159986684,None,,,,,01,001,2025-10-01_13h58.21.630,Motor Sequential Learning,,2025.1.1,None,2025-10-01 13h58.34.840380 +0530,
50,c,62,2,15,c,1,0.2699085409985855,None,15,2,62,2,,,,,142.81039758300176,,142.8022608329993,142.81039758300176,143.80069204200117,143.80069204200117,143.80069204200117,143.80069204200117,143.80069204200117,144.8010155419979,144.8010155419979,145.079219457999,c,1,0.2699085409985855,None,,,,,01,001,2025-10-01_13h58.21.630,Motor Sequential Learning,,2025.1.1,None,2025-10-01 13h58.34.840380 +0530,
-150,z,63,3,15,z,1,0.27268445800291374,None,15,3,63,3,,,,,145.0873054170006,,145.0797517500032,145.0873054170006,146.0779444170039,146.0779444170039,146.0779444170039,146.0779444170039,146.0830570420003,147.07805733299756,147.07805733299756,147.3629646249974,z,1,0.27268445800291374,None,,,,,01,001,2025-10-01_13h58.21.630,Motor Sequential Learning,,2025.1.1,None,2025-10-01 13h58.34.840380 +0530,
-50,x,64,0,16,x,1,0.25520345800032374,None,16,0,64,0,,,,,147.37171220799792,,147.36369579200255,147.37171220799792,148.3614909579992,148.3614909579992,148.3614909579992,148.3614909579992,148.36730499999976,149.36137895799766,149.36137895799766,149.62737304199982,x,1,0.25520345800032374,None,,,,,01,001,2025-10-01_13h58.21.630,Motor Sequential Learning,,2025.1.1,None,2025-10-01 13h58.34.840380 +0530,
150,v,65,1,16,v,1,0.07926620799844386,None,16,1,65,1,,,,,149.6321442499975,,149.62793816700287,149.6321442499975,150.6185121669987,150.6185121669987,150.6185121669987,150.6185121669987,150.62790345800022,151.61839495800086,151.61839495800086,151.7011835000012,v,1,0.07926620799844386,None,,,,,01,001,2025-10-01_13h58.21.630,Motor Sequential Learning,,2025.1.1,None,2025-10-01 13h58.34.840380 +0530,
50,c,66,2,16,c,1,0.27863841599901207,None,16,2,66,2,,,,,151.7102508750031,,151.70166054199944,151.7102508750031,152.70102604199928,152.70102604199928,152.70102604199928,152.70102604199928,152.70102604199928,153.70099895800377,153.70099895800377,153.98477495800034,c,1,0.27863841599901207,None,,,,,01,001,2025-10-01_13h58.21.630,Motor Sequential Learning,,2025.1.1,None,2025-10-01 13h58.34.840380 +0530,
-150,z,67,3,16,z,1,0.20977595800650306,None,16,3,67,3,,,,,153.9937455420004,,153.98529920799774,153.9937455420004,154.9846534169992,154.9846534169992,154.9846534169992,154.9846534169992,154.9846534169992,155.98381225000048,155.98381225000048,156.19649879200006,z,1,0.20977595800650306,None,,,,,01,001,2025-10-01_13h58.21.630,Motor Sequential Learning,,2025.1.1,None,2025-10-01 13h58.34.840380 +0530,
-50,x,68,0,17,x,1,0.2530369989981409,None,17,0,68,0,,,,,156.20519441700162,,156.19724433300144,156.20519441700162,157.1945273329984,157.1945273329984,157.1945273329984,157.1945273329984,157.19986004199745,158.1946106250034,158.1946106250034,158.45180066699686,x,1,0.2530369989981409,None,,,,,01,001,2025-10-01_13h58.21.630,Motor Sequential Learning,,2025.1.1,None,2025-10-01 13h58.34.840380 +0530,
150,v,69,1,17,v,1,0.48400249899714254,None,17,1,69,1,,,,,158.46044454199728,,158.45228179200058,158.46044454199728,159.44984758299688,159.44984758299688,159.44984758299688,159.44984758299688,159.44984758299688,160.45038666699838,160.45038666699838,160.94642895799916,v,1,0.48400249899714254,None,,,,,01,001,2025-10-01_13h58.21.630,Motor Sequential Learning,,2025.1.1,None,2025-10-01 13h58.34.840380 +0530,
50,c,70,2,17,v,0,0.3067376249964582,None,17,2,70,2,,,,,160.95724616700318,,160.94721383300202,160.95724616700318,161.94472566700279,161.94472566700279,161.94472566700279,161.94472566700279,161.94958741700248,162.94460366699786,162.94460366699786,163.2626142079971,v,0,0.3067376249964582,None,,,,,01,001,2025-10-01_13h58.21.630,Motor Sequential Learning,,2025.1.1,None,2025-10-01 13h58.34.840380 +0530,
-150,z,71,3,17,z,1,0.3412392079990241,None,17,3,71,3,,,,,163.27211949999764,,163.26319054199848,163.27211949999764,164.26127741699747,164.26127741699747,164.26127741699747,164.26127741699747,164.2658679169981,165.2611203330016,165.2611203330016,165.6134233749981,z,1,0.3412392079990241,None,,,,,01,001,2025-10-01_13h58.21.630,Motor Sequential Learning,,2025.1.1,None,2025-10-01 13h58.34.840380 +0530,
-50,x,72,0,18,x,1,0.36917820799862966,None,18,0,72,0,,,,,165.62439491700206,,165.6145511670038,165.62439491700206,166.611472083001,166.611472083001,166.611472083001,166.611472083001,166.61768979200133,167.6111163329988,167.6111163329988,167.9850054999988,x,1,0.36917820799862966,None,,,,,01,001,2025-10-01_13h58.21.630,Motor Sequential Learning,,2025.1.1,None,2025-10-01 13h58.34.840380 +0530,
150,v,73,1,18,v,1,0.3077210829942487,None,18,1,73,1,,,,,168.0119163749987,,167.98549062500388,168.0119163749987,168.98503854199953,168.98503854199953,168.98503854199953,168.98503854199953,168.9995450830029,169.98447108300024,169.98447108300024,170.29578312500234,v,1,0.3077210829942487,None,,,,,01,001,2025-10-01_13h58.21.630,Motor Sequential Learning,,2025.1.1,None,2025-10-01 13h58.34.840380 +0530,
50,c,74,2,18,c,1,0.3087297909951303,None,18,2,74,2,,,,,170.30567158300255,,170.29630983300012,170.30567158300255,171.2945074579984,171.2945074579984,171.2945074579984,171.2945074579984,171.29964820799796,172.2944565420039,172.2944565420039,172.61300316700363,c,1,0.3087297909951303,None,,,,,01,001,2025-10-01_13h58.21.630,Motor Sequential Learning,,2025.1.1,None,2025-10-01 13h58.34.840380 +0530,
-150,z,75,3,18,z,1,0.23798216699651675,None,18,3,75,3,,,,,172.62309358300263,,172.61365162499715,172.62309358300263,173.6112623750014,173.6112623750014,173.6112623750014,173.6112623750014,173.61683854200237,174.6111491249976,174.6111491249976,174.85046758299723,z,1,0.23798216699651675,None,,,,,01,001,2025-10-01_13h58.21.630,Motor Sequential Learning,,2025.1.1,None,2025-10-01 13h58.34.840380 +0530,
-50,x,76,0,19,x,1,0.27876529199420474,None,19,0,76,0,,,,,174.86027954200108,,174.8509510829972,174.86027954200108,175.85126087500248,175.85126087500248,175.85126087500248,175.85126087500248,175.85126087500248,176.84438216700073,176.84438216700073,177.12902833300177,x,1,0.27876529199420474,None,,,,,01,001,2025-10-01_13h58.21.630,Motor Sequential Learning,,2025.1.1,None,2025-10-01 13h58.34.840380 +0530,
150,v,77,1,19,v,1,0.27241816600144375,None,19,1,77,1,,,,,177.139161375002,,177.1295417500005,177.139161375002,178.12778045800223,178.12778045800223,178.12778045800223,178.12778045800223,178.13362954199692,179.12770937500318,179.12770937500318,179.40269841699774,v,1,0.27241816600144375,None,,,,,01,001,2025-10-01_13h58.21.630,Motor Sequential Learning,,2025.1.1,None,2025-10-01 13h58.34.840380 +0530,
50,c,78,2,19,c,1,0.27942554100445705,None,19,2,78,2,,,,,179.41411608299677,,179.40319820799778,179.41411608299677,180.39982004200283,180.39982004200283,180.39982004200283,180.39982004200283,180.41109324999707,181.40155208299984,181.40155208299984,181.68426866699883,c,1,0.27942554100445705,None,,,,,01,001,2025-10-01_13h58.21.630,Motor Sequential Learning,,2025.1.1,None,2025-10-01 13h58.34.840380 +0530,
-150,z,79,3,19,z,1,0.2641723330016248,None,19,3,79,3,,,,,181.71131104200322,,181.68474387499737,181.71131104200322,182.68472991699673,182.68472991699673,182.68472991699673,182.68472991699673,182.6981204170006,183.6776377080023,183.6776377080023,183.94592787500005,z,1,0.2641723330016248,None,,,,,01,001,2025-10-01_13h58.21.630,Motor Sequential Learning,,2025.1.1,None,2025-10-01 13h58.34.840380 +0530,
-50,x,80,0,20,x,1,0.25856950000161305,None,20,0,80,0,,,,,183.9560341250035,,183.94648787500046,183.9560341250035,184.94442812500347,184.94442812500347,184.94442812500347,184.94442812500347,184.94950479199906,185.94431174999772,185.94431174999772,186.2128009579974,x,1,0.25856950000161305,None,,,,,01,001,2025-10-01_13h58.21.630,Motor Sequential Learning,,2025.1.1,None,2025-10-01 13h58.34.840380 +0530,
150,v,81,1,20,v,1,0.05382345800171606,None,20,1,81,1,,,,,186.22271808300138,,186.2134447080025,186.22271808300138,187.21110979199875,187.21110979199875,187.21110979199875,187.21110979199875,187.2166594579976,188.2109970829988,188.2109970829988,188.2683203330016,v,1,0.05382345800171606,None,,,,,01,001,2025-10-01_13h58.21.630,Motor Sequential Learning,,2025.1.1,None,2025-10-01 13h58.34.840380 +0530,
50,c,82,2,20,c,1,0.23509312499663793,None,20,2,82,2,,,,,188.29447662500024,,188.26883904200076,188.29447662500024,189.26838204199885,189.26838204199885,189.26838204199885,189.26838204199885,189.28247479200218,190.267536708001,190.267536708001,190.51246608299698,c,1,0.23509312499663793,None,,,,,01,001,2025-10-01_13h58.21.630,Motor Sequential Learning,,2025.1.1,None,2025-10-01 13h58.34.840380 +0530,
-150,z,83,3,20,z,1,0.10949358299694723,None,20,3,83,3,,,,,190.52261604199884,,190.51303495799948,190.52261604199884,191.51127124999766,191.51127124999766,191.51127124999766,191.51127124999766,191.51797741700284,192.51115299999947,192.51115299999947,192.62895954200212,z,1,0.10949358299694723,None,,,,,01,001,2025-10-01_13h58.21.630,Motor Sequential Learning,,2025.1.1,None,2025-10-01 13h58.34.840380 +0530,
-50,x,84,0,21,x,1,0.006933332995686214,None,21,0,84,0,,,,,192.63890879200335,,192.6295001250037,192.63890879200335,193.62772083299933,193.62772083299933,193.62772083299933,193.62772083299933,193.633662041997,194.62760941700253,194.62760941700253,194.64595254199958,x,1,0.006933332995686214,None,,,,,01,001,2025-10-01_13h58.21.630,Motor Sequential Learning,,2025.1.1,None,2025-10-01 13h58.34.840380 +0530,
150,v,85,1,21,v,1,0.35621583300235216,None,21,1,85,1,,,,,194.65638254200167,,194.64659779200156,194.65638254200167,195.64418295799987,195.64418295799987,195.64418295799987,195.64418295799987,195.64946641700226,196.6442974169986,196.6442974169986,197.0123078750039,v,1,0.35621583300235216,None,,,,,01,001,2025-10-01_13h58.21.630,Motor Sequential Learning,,2025.1.1,None,2025-10-01 13h58.34.840380 +0530,
50,c,86,2,21,c,1,0.21675212500122143,None,21,2,86,2,,,,,197.02205012500053,,197.01283449999755,197.02205012500053,198.01088724999863,198.01088724999863,198.01088724999863,198.01088724999863,198.0164601669967,199.0108480830022,199.0108480830022,199.2293082920005,c,1,0.21675212500122143,None,,,,,01,001,2025-10-01_13h58.21.630,Motor Sequential Learning,,2025.1.1,None,2025-10-01 13h58.34.840380 +0530,
-150,z,87,3,21,z,1,0.20500962500227615,None,21,3,87,3,,,,,199.2396022920002,,199.23005291700247,199.2396022920002,200.22777829199913,200.22777829199913,200.22777829199913,200.22777829199913,200.2322462919983,201.22742608300177,201.22742608300177,201.44356325000263,z,1,0.20500962500227615,None,,,,,01,001,2025-10-01_13h58.21.630,Motor Sequential Learning,,2025.1.1,None,2025-10-01 13h58.34.840380 +0530,
-50,x,88,0,22,x,1,0.2057952499962994,None,22,0,88,0,,,,,201.44715933300176,,201.44403933300055,201.44715933300176,202.43492308299756,202.43492308299756,202.43492308299756,202.43492308299756,202.44413441699726,203.43363258300087,203.43363258300087,203.64601662500354,x,1,0.2057952499962994,None,,,,,01,001,2025-10-01_13h58.21.630,Motor Sequential Learning,,2025.1.1,None,2025-10-01 13h58.34.840380 +0530,
150,v,89,1,22,v,1,0.01919566599826794,None,22,1,89,1,,,,,203.65646737500356,,203.64675633300067,203.65646737500356,204.64423020800314,204.64423020800314,204.64423020800314,204.64423020800314,204.65041012500296,205.6441446250028,205.6441446250028,205.66631433300063,v,1,0.01919566599826794,None,,,,,01,001,2025-10-01_13h58.21.630,Motor Sequential Learning,,2025.1.1,None,2025-10-01 13h58.34.840380 +0530,
50,c,90,2,22,c,1,0.21441295800468652,None,22,2,90,2,,,,,205.6766389580007,,205.6667969580012,205.6766389580007,206.66650112500065,206.66650112500065,206.66650112500065,206.66650112500065,206.66650112500065,207.66088716700324,207.66088716700324,207.8791014169983,c,1,0.21441295800468652,None,,,,,01,001,2025-10-01_13h58.21.630,Motor Sequential Learning,,2025.1.1,None,2025-10-01 13h58.34.840380 +0530,
-150,z,91,3,22,z,1,0.1758865829979186,None,22,3,91,3,,,,,207.88897616699978,,207.8798115000027,207.88897616699978,208.87741133300005,208.87741133300005,208.87741133300005,208.87741133300005,208.88283533300273,209.87748091699905,209.87748091699905,210.06248979199881,z,1,0.1758865829979186,None,,,,,01,001,2025-10-01_13h58.21.630,Motor Sequential Learning,,2025.1.1,None,2025-10-01 13h58.34.840380 +0530,
-50,x,92,0,23,x,1,0.2134314990034909,None,23,0,92,0,,,,,210.07279320799717,,210.06322520800313,210.07279320799717,211.06076200000098,211.06076200000098,211.06076200000098,211.06076200000098,211.06578695800272,212.0609224170039,212.0609224170039,212.27889712499746,x,1,0.2134314990034909,None,,,,,01,001,2025-10-01_13h58.21.630,Motor Sequential Learning,,2025.1.1,None,2025-10-01 13h58.34.840380 +0530,
150,v,93,1,23,v,1,0.08393074899504427,None,23,1,93,1,,,,,212.2887400000036,,212.27950687499833,212.2887400000036,213.2774024169994,213.2774024169994,213.2774024169994,213.2774024169994,213.2829062919991,214.27730016699934,214.27730016699934,214.36804508299974,v,1,0.08393074899504427,None,,,,,01,001,2025-10-01_13h58.21.630,Motor Sequential Learning,,2025.1.1,None,2025-10-01 13h58.34.840380 +0530,
50,c,94,2,23,c,1,0.2297130829974776,None,23,2,94,2,,,,,214.39423562499724,,214.36858024999674,214.39423562499724,215.36856116700073,215.36856116700073,215.36856116700073,215.36856116700073,215.3823243329971,216.36747595800261,216.36747595800261,216.60131250000268,c,1,0.2297130829974776,None,,,,,01,001,2025-10-01_13h58.21.630,Motor Sequential Learning,,2025.1.1,None,2025-10-01 13h58.34.840380 +0530,
-150,z,95,3,23,z,1,0.155755166997551,None,23,3,95,3,,,,,216.62767045800138,,216.60179704199982,216.62767045800138,217.6010657079969,217.6010657079969,217.6010657079969,217.6010657079969,217.61561220799922,218.6014124170033,218.6014124170033,218.76241829199716,z,1,0.155755166997551,None,,,,,01,001,2025-10-01_13h58.21.630,Motor Sequential Learning,,2025.1.1,None,2025-10-01 13h58.34.840380 +0530,
-50,x,96,0,24,x,1,0.20953383300366113,None,24,0,96,0,,,,,218.7724856670029,,218.7631315000035,218.7724856670029,219.76071149999916,219.76071149999916,219.76071149999916,219.76071149999916,219.76669916699757,220.76056595800037,220.76056595800037,220.9789875830029,x,1,0.20953383300366113,None,,,,,01,001,2025-10-01_13h58.21.630,Motor Sequential Learning,,2025.1.1,None,2025-10-01 13h58.34.840380 +0530,
150,v,97,1,24,v,1,0.13854320800601272,None,24,1,97,1,,,,,220.98910154199984,,220.97973179200199,220.98910154199984,221.97732929199992,221.97732929199992,221.97732929199992,221.97732929199992,221.98309654199693,222.97737854200386,222.97737854200386,223.11866220799857,v,1,0.13854320800601272,None,,,,,01,001,2025-10-01_13h58.21.630,Motor Sequential Learning,,2025.1.1,None,2025-10-01 13h58.34.840380 +0530,
50,c,98,2,24,c,1,0.13903575000585988,None,24,2,98,2,,,,,223.13027766699815,,223.11915670800227,223.13027766699815,224.11690983299923,224.11690983299923,224.11690983299923,224.11690983299923,224.1274844580039,225.11814004200278,225.11814004200278,225.26247354200314,c,1,0.13903575000585988,None,,,,,01,001,2025-10-01_13h58.21.630,Motor Sequential Learning,,2025.1.1,None,2025-10-01 13h58.34.840380 +0530,
-150,z,99,3,24,z,1,0.2212066659994889,None,24,3,99,3,,,,,225.27217299999757,,225.2630591670022,225.27217299999757,226.26060724999843,226.26060724999843,226.26060724999843,226.26060724999843,226.26614829200116,227.26067570799933,227.26067570799933,227.48431712500314,z,1,0.2212066659994889,None,,,,,01,001,2025-10-01_13h58.21.630,Motor Sequential Learning,,2025.1.1,None,2025-10-01 13h58.34.840380 +0530,
-50,x,100,0,25,x,1,0.25878812500013737,None,25,0,100,0,,,,,227.49390116699942,,227.48481458300375,227.49390116699942,228.4830168749977,228.4830168749977,228.4830168749977,228.4830168749977,228.4830168749977,229.4837765830016,229.4837765830016,229.74564033299976,x,1,0.25878812500013737,None,,,,,01,001,2025-10-01_13h58.21.630,Motor Sequential Learning,,2025.1.1,None,2025-10-01 13h58.34.840380 +0530,
150,v,101,1,25,v,1,0.041664000003947876,None,25,1,101,1,,,,,229.75593408299756,,229.7463694170001,229.75593408299756,230.743898875,230.743898875,230.743898875,230.743898875,230.74964270799683,231.74404525000136,231.74404525000136,231.7954200000022,v,1,0.041664000003947876,None,,,,,01,001,2025-10-01_13h58.21.630,Motor Sequential Learning,,2025.1.1,None,2025-10-01 13h58.34.840380 +0530,
50,c,102,2,25,c,1,0.23797149900201475,None,25,2,102,2,,,,,231.80505791700125,,231.79595620799955,231.80505791700125,232.7939370000022,232.7939370000022,232.7939370000022,232.7939370000022,232.79913437500363,233.7938398749975,233.7938398749975,234.03428300000087,c,1,0.23797149900201475,None,,,,,01,001,2025-10-01_13h58.21.630,Motor Sequential Learning,,2025.1.1,None,2025-10-01 13h58.34.840380 +0530,
-150,z,103,3,25,z,1,0.009289458001148887,None,25,3,103,3,,,,,234.0438089579984,,234.0347584580013,234.0438089579984,235.0337892919997,235.0337892919997,235.0337892919997,235.0337892919997,235.0337892919997,236.03442650000216,236.03442650000216,236.0453067080016,z,1,0.009289458001148887,None,,,,,01,001,2025-10-01_13h58.21.630,Motor Sequential Learning,,2025.1.1,None,2025-10-01 13h58.34.840380 +0530,
-50,x,104,0,26,x,1,0.3537374160005129,None,26,0,104,0,,,,,236.0549031670016,,236.04592983300245,236.0549031670016,237.04400266699668,237.04400266699668,237.04400266699668,237.04400266699668,237.05022637500224,238.0438885420008,238.0438885420008,238.4003817499979,x,1,0.3537374160005129,None,,,,,01,001,2025-10-01_13h58.21.630,Motor Sequential Learning,,2025.1.1,None,2025-10-01 13h58.34.840380 +0530,
150,v,105,1,26,v,1,0.22313020799629157,None,26,1,105,1,,,,,238.4099958750012,,238.4008257079986,238.4099958750012,239.39883095800178,239.39883095800178,239.39883095800178,239.39883095800178,239.39883095800178,240.39954433299863,240.39954433299863,240.62879129200155,v,1,0.22313020799629157,None,,,,,01,001,2025-10-01_13h58.21.630,Motor Sequential Learning,,2025.1.1,None,2025-10-01 13h58.34.840380 +0530,
50,c,106,2,26,c,1,0.24851737500284798,None,26,2,106,2,,,,,240.63901087499835,,240.6296870829974,240.63901087499835,241.62722137499804,241.62722137499804,241.62722137499804,241.62722137499804,241.63220733300113,242.6270874999973,242.6270874999973,242.87851837500057,c,1,0.24851737500284798,None,,,,,01,001,2025-10-01_13h58.21.630,Motor Sequential Learning,,2025.1.1,None,2025-10-01 13h58.34.840380 +0530,
-150,z,107,3,26,z,1,0.16436679199978244,None,26,3,107,3,,,,,242.88881991700327,,242.87909337499877,242.88881991700327,243.87725095800124,243.87725095800124,243.87725095800124,243.87725095800124,243.88378104200092,244.8771535420019,244.8771535420019,245.04552495799726,z,1,0.16436679199978244,None,,,,,01,001,2025-10-01_13h58.21.630,Motor Sequential Learning,,2025.1.1,None,2025-10-01 13h58.34.840380 +0530,
-50,x,108,0,27,x,1,0.22260487500170711,None,27,0,108,0,,,,,245.0560881249985,,245.0462356670032,245.0560881249985,246.04383383299864,246.04383383299864,246.04383383299864,246.04383383299864,246.04897745799826,247.0437273330026,247.0437273330026,247.27900200000295,x,1,0.22260487500170711,None,,,,,01,001,2025-10-01_13h58.21.630,Motor Sequential Learning,,2025.1.1,None,2025-10-01 13h58.34.840380 +0530,
150,v,109,1,27,v,1,0.26135704099579016,None,27,1,109,1,,,,,247.28909920799924,,247.27964408299886,247.28909920799924,248.27725908299908,248.27725908299908,248.27725908299908,248.27725908299908,248.28305099999852,249.27714737500355,249.27714737500355,249.5453717499986,v,1,0.26135704099579016,None,,,,,01,001,2025-10-01_13h58.21.630,Motor Sequential Learning,,2025.1.1,None,2025-10-01 13h58.34.840380 +0530,
50,c,110,2,27,c,1,0.29299229100433877,None,27,2,110,2,,,,,249.55552008299856,,249.5459931669975,249.55552008299856,250.5437268750029,250.5437268750029,250.5437268750029,250.5437268750029,250.5497361250018,251.54359820800164,251.54359820800164,251.84535799999867,c,1,0.29299229100433877,None,,,,,01,001,2025-10-01_13h58.21.630,Motor Sequential Learning,,2025.1.1,None,2025-10-01 13h58.34.840380 +0530,
-150,z,111,3,27,z,1,0.24065875000087544,None,27,3,111,3,,,,,251.85566841700347,,251.84610941699793,251.85566841700347,252.84340933299973,252.84340933299973,252.84340933299973,252.84340933299973,252.8471071669992,253.84375016699778,253.84375016699778,254.0954150000034,z,1,0.24065875000087544,None,,,,,01,001,2025-10-01_13h58.21.630,Motor Sequential Learning,,2025.1.1,None,2025-10-01 13h58.34.840380 +0530,
-50,x,112,0,28,x,1,0.25574220799899194,None,28,0,112,0,,,,,254.10548304200347,,254.09605379200366,254.10548304200347,255.09372287499718,255.09372287499718,255.09372287499718,255.09372287499718,255.09888712500106,256.0935827920039,256.0935827920039,256.351110333002,x,1,0.25574220799899194,None,,,,,01,001,2025-10-01_13h58.21.630,Motor Sequential Learning,,2025.1.1,None,2025-10-01 13h58.34.840380 +0530,
150,v,113,1,28,v,1,0.2600636659990414,None,28,1,113,1,,,,,256.3772624170015,,256.3516214580013,256.3772624170015,257.35047716699773,257.35047716699773,257.35047716699773,257.35047716699773,257.3657190829981,258.3501159169973,258.3501159169973,258.61199487499835,v,1,0.2600636659990414,None,,,,,01,001,2025-10-01_13h58.21.630,Motor Sequential Learning,,2025.1.1,None,2025-10-01 13h58.34.840380 +0530,
50,c,114,2,28,c,1,0.24981774899788434,None,28,2,114,2,,,,,258.62246766700264,,258.61280737500056,258.62246766700264,259.6104849580006,259.6104849580006,259.6104849580006,259.6104849580006,259.6173039999994,260.6103559580006,260.6103559580006,260.86208933300077,c,1,0.24981774899788434,None,,,,,01,001,2025-10-01_13h58.21.630,Motor Sequential Learning,,2025.1.1,None,2025-10-01 13h58.34.840380 +0530,
-150,z,115,3,28,z,1,0.2447440830001142,None,28,3,115,3,,,,,260.872323167001,,260.86299166700337,260.872323167001,261.86052808300155,261.86052808300155,261.86052808300155,261.86052808300155,261.8667387079986,262.8604503329989,262.8604503329989,263.1120735000004,z,1,0.2447440830001142,None,,,,,01,001,2025-10-01_13h58.21.630,Motor Sequential Learning,,2025.1.1,None,2025-10-01 13h58.34.840380 +0530,
-50,x,116,0,29,x,1,0.3087872079995577,None,29,0,116,0,,,,,263.1238090830011,,263.1127160830001,263.1238090830011,264.110430875,264.110430875,264.110430875,264.110430875,264.1168383749973,265.1102324579988,265.1102324579988,265.4285911249972,x,1,0.3087872079995577,None,,,,,01,001,2025-10-01_13h58.21.630,Motor Sequential Learning,,2025.1.1,None,2025-10-01 13h58.34.840380 +0530,
150,v,117,1,29,v,1,0.15391558300325414,None,29,1,117,1,,,,,265.4388169579979,,265.42933916699985,265.4388169579979,266.4269039170031,266.4269039170031,266.4269039170031,266.4269039170031,266.4324307920033,267.42697325000336,267.42697325000336,267.58343062500353,v,1,0.15391558300325414,None,,,,,01,001,2025-10-01_13h58.21.630,Motor Sequential Learning,,2025.1.1,None,2025-10-01 13h58.34.840380 +0530,
50,c,118,2,29,c,1,0.2797716240020236,None,29,2,118,2,,,,,267.5930162919976,,267.58392787499906,267.5930162919976,268.58350862500083,268.58350862500083,268.58350862500083,268.58350862500083,268.58350862500083,269.58318795800005,269.58318795800005,269.8669814579989,c,1,0.2797716240020236,None,,,,,01,001,2025-10-01_13h58.21.630,Motor Sequential Learning,,2025.1.1,None,2025-10-01 13h58.34.840380 +0530,
-150,z,119,3,29,z,1,0.43743887399614323,None,29,3,119,3,,,,,269.87679991700134,,269.8674790829973,269.87679991700134,270.86797320799815,270.86797320799815,270.86797320799815,270.86797320799815,270.86797320799815,271.86646520799695,271.86646520799695,272.31197354199685,z,1,0.43743887399614323,None,,,,,01,001,2025-10-01_13h58.21.630,Motor Sequential Learning,,2025.1.1,None,2025-10-01 13h58.34.840380 +0530,
-50,x,120,0,30,x,1,0.19168062500102678,None,30,0,120,0,,,,,272.3224662920038,,272.3126917499976,272.3224662920038,273.3102023329993,273.3102023329993,273.3102023329993,273.3102023329993,273.31578704200365,274.31010162500024,274.31010162500024,274.51187787500385,x,1,0.19168062500102678,None,,,,,01,001,2025-10-01_13h58.21.630,Motor Sequential Learning,,2025.1.1,None,2025-10-01 13h58.34.840380 +0530,
150,v,121,1,30,v,1,0.23760395800491096,None,30,1,121,1,,,,,274.52201741700264,,274.5125277499974,274.52201741700264,275.51017741700343,275.51017741700343,275.51017741700343,275.51017741700343,275.5151039580014,276.5100910830006,276.5100910830006,276.7503430830038,v,1,0.23760395800491096,None,,,,,01,001,2025-10-01_13h58.21.630,Motor Sequential Learning,,2025.1.1,None,2025-10-01 13h58.34.840380 +0530,
50,c,122,2,30,c,1,0.22375433299748693,None,30,2,122,2,,,,,276.76033141699736,,276.7508208750005,276.76033141699736,277.74864770800195,277.74864770800195,277.74864770800195,277.74864770800195,277.74864770800195,278.75003470799857,278.75003470799857,278.97858304200054,c,1,0.22375433299748693,None,,,,,01,001,2025-10-01_13h58.21.630,Motor Sequential Learning,,2025.1.1,None,2025-10-01 13h58.34.840380 +0530,
-150,z,123,3,30,z,1,0.25973462499678135,None,30,3,123,3,,,,,278.98829816700163,,278.9792034170023,278.98829816700163,279.97691516699706,279.97691516699706,279.97691516699706,279.97691516699706,279.98266995800077,280.9768497499972,280.9768497499972,281.2447970420035,z,1,0.25973462499678135,None,,,,,01,001,2025-10-01_13h58.21.630,Motor Sequential Learning,,2025.1.1,None,2025-10-01 13h58.34.840380 +0530,
-50,x,124,0,31,x,1,0.20590591600193875,None,31,0,124,0,,,,,281.2547495830004,,281.24538358300197,281.2547495830004,282.2435437500026,282.2435437500026,282.2435437500026,282.2435437500026,282.24913283299975,283.2436968330003,283.2436968330003,283.45138987500104,x,1,0.20590591600193875,None,,,,,01,001,2025-10-01_13h58.21.630,Motor Sequential Learning,,2025.1.1,None,2025-10-01 13h58.34.840380 +0530,
150,v,125,1,31,v,1,0.23004354200384114,None,31,1,125,1,,,,,283.4626643329975,,283.45200874999864,283.4626643329975,284.4506822080002,284.4506822080002,284.4506822080002,284.4506822080002,284.46016341700306,285.449484124998,285.449484124998,285.68374966699776,v,1,0.23004354200384114,None,,,,,01,001,2025-10-01_13h58.21.630,Motor Sequential Learning,,2025.1.1,None,2025-10-01 13h58.34.840380 +0530,
50,c,126,2,31,c,1,0.296144498999638,None,31,2,126,2,,,,,285.6934676669989,,285.6842394999985,285.6934676669989,286.6832917080028,286.6832917080028,286.6832917080028,286.6832917080028,286.6832917080028,287.6823877920033,287.6823877920033,287.9838800830039,c,1,0.296144498999638,None,,,,,01,001,2025-10-01_13h58.21.630,Motor Sequential Learning,,2025.1.1,None,2025-10-01 13h58.34.840380 +0530,
-150,z,127,3,31,z,1,0.26099112500378396,None,31,3,127,3,,,,,288.0107329579987,,287.98437508299685,288.0107329579987,288.98387333300343,288.98387333300343,288.98387333300343,288.98387333300343,288.9980820830024,289.983430166998,289.983430166998,290.2507382499971,z,1,0.26099112500378396,None,,,,,01,001,2025-10-01_13h58.21.630,Motor Sequential Learning,,2025.1.1,None,2025-10-01 13h58.34.840380 +0530,
-50,x,128,0,32,x,1,0.24346112499915762,None,32,0,128,0,,,,,290.276931417,,290.2512612080027,290.276931417,291.2496781250011,291.2496781250011,291.2496781250011,291.2496781250011,291.2653627499967,292.2500017920029,292.2500017920029,292.4950227079971,x,1,0.24346112499915762,None,,,,,01,001,2025-10-01_13h58.21.630,Motor Sequential Learning,,2025.1.1,None,2025-10-01 13h58.34.840380 +0530,
150,v,129,1,32,v,1,0.21809349999966798,None,32,1,129,1,,,,,292.50549237499945,,292.4957288750011,292.50549237499945,293.4932499580027,293.4932499580027,293.4932499580027,293.4932499580027,293.49822575000144,294.49332445800246,294.49332445800246,294.71805912499985,v,1,0.21809349999966798,None,,,,,01,001,2025-10-01_13h58.21.630,Motor Sequential Learning,,2025.1.1,None,2025-10-01 13h58.34.840380 +0530,
50,c,130,2,32,c,1,0.3036629990019719,None,32,2,130,2,,,,,294.7290993330025,,294.7185529999988,294.7290993330025,295.71820241700334,295.71820241700334,295.71820241700334,295.71820241700334,295.7267957919976,296.71668825000233,296.71668825000233,297.0287757920014,c,1,0.3036629990019719,None,,,,,01,001,2025-10-01_13h58.21.630,Motor Sequential Learning,,2025.1.1,None,2025-10-01 13h58.34.840380 +0530,
-150,z,131,3,32,z,1,0.02524916700349422,None,32,3,131,3,,,,,297.03914679199806,,297.02962045800086,297.03914679199806,298.02683412499755,298.02683412499755,298.02683412499755,298.02683412499755,298.03348320799705,299.0260518750001,299.0260518750001,299.0612042920038,z,1,0.02524916700349422,None,,,,,01,001,2025-10-01_13h58.21.630,Motor Sequential Learning,,2025.1.1,None,2025-10-01 13h58.34.840380 +0530,
-50,x,132,0,33,x,1,0.30229708299884805,None,33,0,132,0,,,,,299.0690901670023,,299.06191212499834,299.0690901670023,300.06008208300045,300.06008208300045,300.06008208300045,300.06008208300045,300.0649767499999,301.0599373329969,301.0599373329969,301.3659058330013,x,1,0.30229708299884805,None,,,,,01,001,2025-10-01_13h58.21.630,Motor Sequential Learning,,2025.1.1,None,2025-10-01 13h58.34.840380 +0530,
150,v,133,1,33,v,1,0.26246262500353623,None,33,1,133,1,,,,,301.37610595799924,,301.366416249999,301.37610595799924,302.36459758300043,302.36459758300043,302.36459758300043,302.36459758300043,302.36459758300043,303.3598236250036,303.3598236250036,303.6281947500029,v,1,0.26246262500353623,None,,,,,01,001,2025-10-01_13h58.21.630,Motor Sequential Learning,,2025.1.1,None,2025-10-01 13h58.34.840380 +0530,
50,c,134,2,33,c,1,0.3106121250020806,None,33,2,134,2,,,,,303.6382017080032,,303.62905283299915,303.6382017080032,304.62682883300295,304.62682883300295,304.62682883300295,304.62682883300295,304.63289149999764,305.62653175000014,305.62653175000014,305.9445687499974,c,1,0.3106121250020806,None,,,,,01,001,2025-10-01_13h58.21.630,Motor Sequential Learning,,2025.1.1,None,2025-10-01 13h58.34.840380 +0530,
-150,z,135,3,33,z,1,0.29485250000288943,None,33,3,135,3,,,,,305.9542294580024,,305.94507995800086,305.9542294580024,306.9433529579983,306.9433529579983,306.9433529579983,306.9433529579983,306.9498324579981,307.94329624999955,307.94329624999955,308.2446444579982,z,1,0.29485250000288943,None,,,,,01,001,2025-10-01_13h58.21.630,Motor Sequential Learning,,2025.1.1,None,2025-10-01 13h58.34.840380 +0530,
-50,x,136,0,34,x,1,0.2077117079970776,None,34,0,136,0,,,,,308.25482120800007,,308.24526112499734,308.25482120800007,309.24351412500255,309.24351412500255,309.24351412500255,309.24351412500255,309.2497183329979,310.2433613750036,310.2433613750036,310.46130020800047,x,1,0.2077117079970776,None,,,,,01,001,2025-10-01_13h58.21.630,Motor Sequential Learning,,2025.1.1,None,2025-10-01 13h58.34.840380 +0530,
150,v,137,1,34,v,1,0.21590670800651424,None,34,1,137,1,,,,,310.47145541699865,,310.4618384580026,310.47145541699865,311.45987383300235,311.45987383300235,311.45987383300235,311.45987383300235,311.46547545799694,312.4599632919999,312.4599632919999,312.6781683750014,v,1,0.21590670800651424,None,,,,,01,001,2025-10-01_13h58.21.630,Motor Sequential Learning,,2025.1.1,None,2025-10-01 13h58.34.840380 +0530,
50,c,138,2,34,c,1,0.27228516600007424,None,34,2,138,2,,,,,312.68810470800236,,312.67883170799905,312.68810470800236,313.67650279199734,313.67650279199734,313.67650279199734,313.67650279199734,313.6820448330036,314.67658429199946,314.67658429199946,314.9611831669972,c,1,0.27228516600007424,None,,,,,01,001,2025-10-01_13h58.21.630,Motor Sequential Learning,,2025.1.1,None,2025-10-01 13h58.34.840380 +0530,
-150,z,139,3,34,z,1,0.4420089580016793,None,34,3,139,3,,,,,314.9709494999988,,314.961717416998,314.9709494999988,315.95983041699947,315.95983041699947,315.95983041699947,315.95983041699947,315.96496345799824,316.95987270800106,316.95987270800106,317.41166325000086,z,1,0.4420089580016793,None,,,,,01,001,2025-10-01_13h58.21.630,Motor Sequential Learning,,2025.1.1,None,2025-10-01 13h58.34.840380 +0530,
-50,x,140,0,35,x,1,0.317998999998963,None,35,0,140,0,,,,,317.42167704200256,,317.412296333001,317.42167704200256,318.4098598749988,318.4098598749988,318.4098598749988,318.4098598749988,318.41498720800155,319.40979808299744,319.40979808299744,319.7330946669972,x,1,0.317998999998963,None,,,,,01,001,2025-10-01_13h58.21.630,Motor Sequential Learning,,2025.1.1,None,2025-10-01 13h58.34.840380 +0530,
150,v,141,1,35,v,1,0.2686989990033908,None,35,1,141,1,,,,,319.74281833299756,,319.7336298750015,319.74281833299756,320.7333507500007,320.7333507500007,320.7333507500007,320.7333507500007,320.7333507500007,321.7340915419991,321.7340915419991,322.0114012920021,v,1,0.2686989990033908,None,,,,,01,001,2025-10-01_13h58.21.630,Motor Sequential Learning,,2025.1.1,None,2025-10-01 13h58.34.840380 +0530,
50,c,142,2,35,c,1,0.2529894580002292,None,35,2,142,2,,,,,322.0212844170019,,322.01204254200275,322.0212844170019,323.00993770799687,323.00993770799687,323.00993770799687,323.00993770799687,323.0156824579972,324.0097762919977,324.0097762919977,324.2667516250003,c,1,0.2529894580002292,None,,,,,01,001,2025-10-01_13h58.21.630,Motor Sequential Learning,,2025.1.1,None,2025-10-01 13h58.34.840380 +0530,
-150,z,143,3,35,z,1,0.22364258299785433,None,35,3,143,3,,,,,324.2766370829995,,324.26724545800244,324.2766370829995,325.2666767920018,325.2666767920018,325.2666767920018,325.2666767920018,325.2666767920018,326.25989762500103,326.25989762500103,326.4945018330036,z,1,0.22364258299785433,None,,,,,01,001,2025-10-01_13h58.21.630,Motor Sequential Learning,,2025.1.1,None,2025-10-01 13h58.34.840380 +0530,
-50,x,144,0,36,x,1,0.21639854199747788,None,36,0,144,0,,,,,326.50453916699917,,326.49506941700383,326.50453916699917,327.49328100000275,327.49328100000275,327.49328100000275,327.49328100000275,327.499240582998,328.49317837499984,328.49317837499984,328.71185445800074,x,1,0.21639854199747788,None,,,,,01,001,2025-10-01_13h58.21.630,Motor Sequential Learning,,2025.1.1,None,2025-10-01 13h58.34.840380 +0530,
150,v,145,1,36,v,1,0.23089824899943778,None,36,1,145,1,,,,,328.72187645800295,,328.7124892080028,328.72187645800295,329.7099295829976,329.7099295829976,329.7099295829976,329.7099295829976,329.7165482499986,330.7096945000012,330.7096945000012,330.944350167003,v,1,0.23089824899943778,None,,,,,01,001,2025-10-01_13h58.21.630,Motor Sequential Learning,,2025.1.1,None,2025-10-01 13h58.34.840380 +0530,
50,c,146,2,36,c,1,0.25033079099375755,None,36,2,146,2,,,,,330.9539774579971,,330.944837791998,330.9539774579971,331.94305520800117,331.94305520800117,331.94305520800117,331.94305520800117,331.9486151250021,332.9431430420009,332.9431430420009,333.19977608299814,c,1,0.25033079099375755,None,,,,,01,001,2025-10-01_13h58.21.630,Motor Sequential Learning,,2025.1.1,None,2025-10-01 13h58.34.840380 +0530,
-150,z,147,3,36,z,1,0.26897570800065296,None,36,3,147,3,,,,,333.20933024999977,,333.2002855419996,333.20933024999977,334.1995986670008,334.1995986670008,334.1995986670008,334.1995986670008,334.1995986670008,335.19949745800113,335.19949745800113,335.47812612500275,z,1,0.26897570800065296,None,,,,,01,001,2025-10-01_13h58.21.630,Motor Sequential Learning,,2025.1.1,None,2025-10-01 13h58.34.840380 +0530,
-50,x,148,0,37,x,1,0.2740801250038203,None,37,0,148,0,,,,,335.48848404199816,,335.478785416999,335.48848404199816,336.4764776250013,336.4764776250013,336.4764776250013,336.4764776250013,336.4816233329984,337.4763362079975,337.4763362079975,337.7614228329985,x,1,0.2740801250038203,None,,,,,01,001,2025-10-01_13h58.21.630,Motor Sequential Learning,,2025.1.1,None,2025-10-01 13h58.34.840380 +0530,
150,v,149,1,37,v,1,0.2918015830000513,None,37,1,149,1,,,,,337.7715389169971,,337.76213783300045,337.7715389169971,338.7595006249976,338.7595006249976,338.7595006249976,338.7595006249976,338.76323233300354,339.75957875000313,339.75957875000313,340.061340041997,v,1,0.2918015830000513,None,,,,,01,001,2025-10-01_13h58.21.630,Motor Sequential Learning,,2025.1.1,None,2025-10-01 13h58.34.840380 +0530,
50,c,150,2,37,c,1,0.33574645799672,None,37,2,150,2,,,,,340.07098112499807,,340.0619591249997,340.07098112499807,341.0596413329986,341.0596413329986,341.0596413329986,341.0596413329986,341.06518745799985,342.0595155830015,342.0595155830015,342.3998875420002,c,1,0.33574645799672,None,,,,,01,001,2025-10-01_13h58.21.630,Motor Sequential Learning,,2025.1.1,None,2025-10-01 13h58.34.840380 +0530,
-150,z,151,3,37,z,1,0.3904859579997719,None,37,3,151,3,,,,,342.4096827079993,,342.4003569170018,342.4096827079993,343.3987568329976,343.3987568329976,343.3987568329976,343.3987568329976,343.3987568329976,344.39868074999686,344.39868074999686,344.794567500001,z,1,0.3904859579997719,None,,,,,01,001,2025-10-01_13h58.21.630,Motor Sequential Learning,,2025.1.1,None,2025-10-01 13h58.34.840380 +0530,
-50,x,152,0,38,x,1,0.30419850000180304,None,38,0,152,0,,,,,344.8041220829982,,344.7950536249991,344.8041220829982,345.7930710419969,345.7930710419969,345.7930710419969,345.7930710419969,345.79816433299857,346.79295387500315,346.79295387500315,347.10032520799723,x,1,0.30419850000180304,None,,,,,01,001,2025-10-01_13h58.21.630,Motor Sequential Learning,,2025.1.1,None,2025-10-01 13h58.34.840380 +0530,
150,v,153,1,38,v,1,0.2540566659954493,None,38,1,153,1,,,,,347.12666349999927,,347.10082633300044,347.12666349999927,348.0991489579974,348.0991489579974,348.0991489579974,348.0991489579974,348.1148192499968,349.09906887500256,349.09906887500256,349.36084649999975,v,1,0.2540566659954493,None,,,,,01,001,2025-10-01_13h58.21.630,Motor Sequential Learning,,2025.1.1,None,2025-10-01 13h58.34.840380 +0530,
50,c,154,2,38,c,1,0.11853054099628935,None,38,2,154,2,,,,,349.3707034580002,,349.36136670799897,349.3707034580002,350.3596087499973,350.3596087499973,350.3596087499973,350.3596087499973,350.36494725000375,351.3595375829973,351.3595375829973,351.48343979199853,c,1,0.11853054099628935,None,,,,,01,001,2025-10-01_13h58.21.630,Motor Sequential Learning,,2025.1.1,None,2025-10-01 13h58.34.840380 +0530,
-150,z,155,3,38,z,1,0.2492336659997818,None,38,3,155,3,,,,,351.50985533300263,,351.4839470829975,351.50985533300263,352.4836957919979,352.4836957919979,352.4836957919979,352.4836957919979,352.49653150000086,353.48269770800107,353.48269770800107,353.74281237499963,z,1,0.2492336659997818,None,,,,,01,001,2025-10-01_13h58.21.630,Motor Sequential Learning,,2025.1.1,None,2025-10-01 13h58.34.840380 +0530,
-50,x,156,0,39,x,1,0.2672081659984542,None,39,0,156,0,,,,,353.7475467499971,,353.74341654199816,353.7475467499971,354.7326107080007,354.7326107080007,354.7326107080007,354.7326107080007,354.7427451249969,355.73277550000057,355.73277550000057,356.0111624580022,x,1,0.2672081659984542,None,,,,,01,001,2025-10-01_13h58.21.630,Motor Sequential Learning,,2025.1.1,None,2025-10-01 13h58.34.840380 +0530,
150,v,157,1,39,v,1,0.24250137399940286,None,39,1,157,1,,,,,356.0210609170026,,356.0118622919981,356.0210609170026,357.0094476250015,357.0094476250015,357.0094476250015,357.0094476250015,357.0140273750003,358.009394875,358.009394875,358.26079562499945,v,1,0.24250137399940286,None,,,,,01,001,2025-10-01_13h58.21.630,Motor Sequential Learning,,2025.1.1,None,2025-10-01 13h58.34.840380 +0530,
50,c,158,2,39,c,1,0.3073557080060709,None,39,2,158,2,,,,,358.27041320800345,,358.2613263750027,358.27041320800345,359.25953195799957,359.25953195799957,359.25953195799957,359.25953195799957,359.2650807500031,360.2594297079995,360.2594297079995,360.5775005000032,c,1,0.3073557080060709,None,,,,,01,001,2025-10-01_13h58.21.630,Motor Sequential Learning,,2025.1.1,None,2025-10-01 13h58.34.840380 +0530,
-150,z,159,3,39,z,1,0.29372924900235375,None,39,3,159,3,,,,,360.5873838749976,,360.5780444580014,360.5873838749976,361.5765117080009,361.5765117080009,361.5765117080009,361.5765117080009,361.5829796670005,362.57615862500097,362.57615862500097,362.8773943330016,z,1,0.29372924900235375,None,,,,,01,001,2025-10-01_13h58.21.630,Motor Sequential Learning,,2025.1.1,None,2025-10-01 13h58.34.840380 +0530,
-50,x,160,0,40,x,1,0.4377674159986782,None,40,0,160,0,,,,,362.8868550420011,,362.8779032079983,362.8868550420011,363.87620337500266,363.87620337500266,363.87620337500266,363.87620337500266,363.882870458001,364.876048332997,364.876048332997,365.3174596250028,x,1,0.4377674159986782,None,,,,,01,001,2025-10-01_13h58.21.630,Motor Sequential Learning,,2025.1.1,None,2025-10-01 13h58.34.840380 +0530,
150,v,161,1,40,v,1,0.12712212500628084,None,40,1,161,1,,,,,365.3291342500015,,365.317957416999,365.3291342500015,366.3158771669987,366.3158771669987,366.3158771669987,366.3158771669987,366.3260163750019,367.3155735420005,367.3155735420005,367.4443342500017,v,1,0.12712212500628084,None,,,,,01,001,2025-10-01_13h58.21.630,Motor Sequential Learning,,2025.1.1,None,2025-10-01 13h58.34.840380 +0530,
50,c,162,2,40,c,1,0.24390079200384207,None,40,2,162,2,,,,,367.4541384999975,,367.4449571669975,367.4541384999975,368.44272991699836,368.44272991699836,368.44272991699836,368.44272991699836,368.4482805419975,369.4426825420014,369.4426825420014,369.69429179200233,c,1,0.24390079200384207,None,,,,,01,001,2025-10-01_13h58.21.630,Motor Sequential Learning,,2025.1.1,None,2025-10-01 13h58.34.840380 +0530,
-150,z,163,3,40,z,1,0.41011295799398795,None,40,3,163,3,,,,,369.7044473749993,,369.69499983300193,369.7044473749993,370.6928125420018,370.6928125420018,370.6928125420018,370.6928125420018,370.69774470799894,371.70947324999725,371.70947324999725,372.1282011669973,z,1,0.41011295799398795,None,,,,,01,001,2025-10-01_13h58.21.630,Motor Sequential Learning,,2025.1.1,None,2025-10-01 13h58.34.840380 +0530,
-50,x,164,0,41,x,1,0.33951799900387414,None,41,0,164,0,,,,,372.1383399999977,,372.12891612500243,372.1383399999977,373.12612258300214,373.12612258300214,373.12612258300214,373.12612258300214,373.132797541999,374.12598704200354,374.12598704200354,374.4671872079998,x,1,0.33951799900387414,None,,,,,01,001,2025-10-01_13h58.21.630,Motor Sequential Learning,,2025.1.1,None,2025-10-01 13h58.34.840380 +0530,
150,v,165,1,41,v,1,0.2555813329963712,None,41,1,165,1,,,,,374.47836495799856,,374.4676743750024,374.47836495799856,375.4663162500001,375.4663162500001,375.4663162500001,375.4663162500001,375.47585699999763,376.46602937499847,376.46602937499847,376.7275778330004,v,1,0.2555813329963712,None,,,,,01,001,2025-10-01_13h58.21.630,Motor Sequential Learning,,2025.1.1,None,2025-10-01 13h58.34.840380 +0530,
50,c,166,2,41,c,1,0.24848937500064494,None,41,2,166,2,,,,,376.7379267080032,,376.72826716700365,376.7379267080032,377.72616116700374,377.72616116700374,377.72616116700374,377.72616116700374,377.73213424999994,378.7259735830012,378.7259735830012,378.97719362500357,c,1,0.24848937500064494,None,,,,,01,001,2025-10-01_13h58.21.630,Motor Sequential Learning,,2025.1.1,None,2025-10-01 13h58.34.840380 +0530,
-150,z,167,3,41,z,1,0.3176247500014142,None,41,3,167,3,,,,,378.9864559170019,,378.97767187499994,378.9864559170019,379.97600170799706,379.97600170799706,379.97600170799706,379.97600170799706,379.9819747080037,380.97582704199885,380.97582704199885,381.29981083299936,z,1,0.3176247500014142,None,,,,,01,001,2025-10-01_13h58.21.630,Motor Sequential Learning,,2025.1.1,None,2025-10-01 13h58.34.840380 +0530,
-50,x,168,0,42,x,1,0.5748517499960144,None,42,0,168,0,,,,,381.3262455829972,,381.3003109170022,381.3262455829972,382.2991875000007,382.2991875000007,382.2991875000007,382.2991875000007,382.3143023750017,383.29950737499894,383.29950737499894,383.8777294579995,x,1,0.5748517499960144,None,,,,,01,001,2025-10-01_13h58.21.630,Motor Sequential Learning,,2025.1.1,None,2025-10-01 13h58.34.840380 +0530,
150,v,169,1,42,v,1,0.3895588330051396,None,42,1,169,1,,,,,383.88816999999835,,383.87847537500056,383.88816999999835,384.8759161670023,384.8759161670023,384.8759161670023,384.8759161670023,384.88167833299667,385.87577437500295,385.87577437500295,386.2776858330035,v,1,0.3895588330051396,None,,,,,01,001,2025-10-01_13h58.21.630,Motor Sequential Learning,,2025.1.1,None,2025-10-01 13h58.34.840380 +0530,
50,c,170,2,42,c,1,0.2613912909946521,None,42,2,170,2,,,,,386.2880042079996,,386.27834562500357,386.2880042079996,387.27592912499676,387.27592912499676,387.27592912499676,387.27592912499676,387.28111912500026,388.2758584580006,388.2758584580006,388.54383637499996,c,1,0.2613912909946521,None,,,,,01,001,2025-10-01_13h58.21.630,Motor Sequential Learning,,2025.1.1,None,2025-10-01 13h58.34.840380 +0530,
-150,z,171,3,42,z,1,0.2257022909980151,None,42,3,171,3,,,,,388.5535365830001,,388.54433716699714,388.5535365830001,389.5424009999988,389.5424009999988,389.5424009999988,389.5424009999988,389.5475069169988,390.542504750003,390.542504750003,390.7772844580031,z,1,0.2257022909980151,None,,,,,01,001,2025-10-01_13h58.21.630,Motor Sequential Learning,,2025.1.1,None,2025-10-01 13h58.34.840380 +0530,
-50,x,172,0,43,x,1,0.3064365410027676,None,43,0,172,0,,,,,390.7872187079993,,390.7778272919968,390.7872187079993,391.77609245799977,391.77609245799977,391.77609245799977,391.77609245799977,391.7830187080035,392.7757456670006,392.7757456670006,393.0942624579984,x,1,0.3064365410027676,None,,,,,01,001,2025-10-01_13h58.21.630,Motor Sequential Learning,,2025.1.1,None,2025-10-01 13h58.34.840380 +0530,
150,v,173,1,43,v,1,0.3275675830009277,None,43,1,173,1,,,,,393.10488658300164,,393.0949989169967,393.10488658300164,394.0925908749996,394.0925908749996,394.0925908749996,394.0925908749996,394.09787791700364,395.0924863330001,395.0924863330001,395.4273556670014,v,1,0.3275675830009277,None,,,,,01,001,2025-10-01_13h58.21.630,Motor Sequential Learning,,2025.1.1,None,2025-10-01 13h58.34.840380 +0530,
50,c,174,2,43,c,1,0.3171587079996243,None,43,2,174,2,,,,,395.43809429200337,,395.42785683299735,395.43809429200337,396.4259750830024,396.4259750830024,396.4259750830024,396.4259750830024,396.4328445830033,397.42585366700223,397.42585366700223,397.749561208002,c,1,0.3171587079996243,None,,,,,01,001,2025-10-01_13h58.21.630,Motor Sequential Learning,,2025.1.1,None,2025-10-01 13h58.34.840380 +0530,
-150,z,175,3,43,z,1,0.2173302499941201,None,43,3,175,3,,,,,397.75914070800354,,397.75006066700007,397.75914070800354,398.7496032920026,398.7496032920026,398.7496032920026,398.7496032920026,398.7496032920026,399.7506903329995,399.7506903329995,399.9773410830021,z,1,0.2173302499941201,None,,,,,01,001,2025-10-01_13h58.21.630,Motor Sequential Learning,,2025.1.1,None,2025-10-01 13h58.34.840380 +0530,
-50,x,176,0,44,x,1,0.2472810000035679,None,44,0,176,0,,,,,399.9872733750017,,399.9780006669971,399.9872733750017,400.97591666699736,400.97591666699736,400.97591666699736,400.97591666699736,400.98145216699777,401.97577725000156,401.97577725000156,402.2274934579982,x,1,0.2472810000035679,None,,,,,01,001,2025-10-01_13h58.21.630,Motor Sequential Learning,,2025.1.1,None,2025-10-01 13h58.34.840380 +0530,
150,v,177,1,44,v,1,0.2599764580008923,None,44,1,177,1,,,,,402.2375939170015,,402.22821850000037,402.2375939170015,403.225751375001,403.225751375001,403.225751375001,403.225751375001,403.2308507080015,404.2258362499997,404.2258362499997,404.49413020799693,v,1,0.2599764580008923,None,,,,,01,001,2025-10-01_13h58.21.630,Motor Sequential Learning,,2025.1.1,None,2025-10-01 13h58.34.840380 +0530,
50,c,178,2,44,c,1,0.29439224999805447,None,44,2,178,2,,,,,404.50424566699803,,404.4947801669987,404.50424566699803,405.4922241669992,405.4922241669992,405.4922241669992,405.4922241669992,405.49678783299896,406.4923690830037,406.4923690830037,406.7937396249981,c,1,0.29439224999805447,None,,,,,01,001,2025-10-01_13h58.21.630,Motor Sequential Learning,,2025.1.1,None,2025-10-01 13h58.34.840380 +0530,
-150,z,179,3,44,z,1,0.22434833299485035,None,44,3,179,3,,,,,406.8032463749987,,406.79426033300115,406.8032463749987,407.79231587499817,407.79231587499817,407.79231587499817,407.79231587499817,407.7964387079992,408.7924549579984,408.7924549579984,409.027009999998,z,1,0.22434833299485035,None,,,,,01,001,2025-10-01_13h58.21.630,Motor Sequential Learning,,2025.1.1,None,2025-10-01 13h58.34.840380 +0530,
-50,x,180,0,45,x,1,0.2340101660010987,None,45,0,180,0,,,,,409.03716883299785,,409.027572125,409.03716883299785,410.0256087919988,410.0256087919988,410.0256087919988,410.0256087919988,410.03031212500355,411.0257390420011,411.0257390420011,411.26489720799873,x,1,0.2340101660010987,None,,,,,01,001,2025-10-01_13h58.21.630,Motor Sequential Learning,,2025.1.1,None,2025-10-01 13h58.34.840380 +0530,
150,v,181,1,45,v,1,0.08155012500355951,None,45,1,181,1,,,,,411.2748594579971,,411.265375707997,411.2748594579971,412.26572041700274,412.26572041700274,412.26572041700274,412.26572041700274,412.26572041700274,413.25911704199825,413.25911704199825,413.3438964579982,v,1,0.08155012500355951,None,,,,,01,001,2025-10-01_13h58.21.630,Motor Sequential Learning,,2025.1.1,None,2025-10-01 13h58.34.840380 +0530,
50,c,182,2,45,c,1,0.2801437500020256,None,45,2,182,2,,,,,413.3537450419972,,413.3443795830026,413.3537450419972,414.3422918330034,414.3422918330034,414.3422918330034,414.3422918330034,414.34740208300354,415.3425393330035,415.3425393330035,415.62749916699977,c,1,0.2801437500020256,None,,,,,01,001,2025-10-01_13h58.21.630,Motor Sequential Learning,,2025.1.1,None,2025-10-01 13h58.34.840380 +0530,
-150,z,183,3,45,z,1,0.24592950000078417,None,45,3,183,3,,,,,415.6378462499997,,415.6282022079977,415.6378462499997,416.6258534169974,416.6258534169974,416.6258534169974,416.6258534169974,416.632065167003,417.6256947080037,417.6256947080037,417.8774230830022,z,1,0.24592950000078417,None,,,,,01,001,2025-10-01_13h58.21.630,Motor Sequential Learning,,2025.1.1,None,2025-10-01 13h58.34.840380 +0530,
-50,x,184,0,46,x,1,0.2375048749963753,None,46,0,184,0,,,,,417.88771804200223,,417.8781162919986,417.88771804200223,418.8757372079999,418.8757372079999,418.8757372079999,418.8757372079999,418.881635042002,419.8760272080035,419.8760272080035,420.11600120799994,x,1,0.2375048749963753,None,,,,,01,001,2025-10-01_13h58.21.630,Motor Sequential Learning,,2025.1.1,None,2025-10-01 13h58.34.840380 +0530,
150,v,185,1,46,v,1,0.2331734580002376,None,46,1,185,1,,,,,420.1424489580022,,420.1164857499971,420.1424489580022,421.11537574999966,421.11537574999966,421.11537574999966,421.11537574999966,421.13165941699845,422.1155193329978,422.1155193329978,422.3604148750019,v,1,0.2331734580002376,None,,,,,01,001,2025-10-01_13h58.21.630,Motor Sequential Learning,,2025.1.1,None,2025-10-01 13h58.34.840380 +0530,
50,c,186,2,46,c,1,0.2505727910029236,None,46,2,186,2,,,,,422.3705157079967,,422.3609625829995,422.3705157079967,423.35897933300294,423.35897933300294,423.35897933300294,423.35897933300294,423.3656734169999,424.3588120830027,424.3588120830027,424.61619412500295,c,1,0.2505727910029236,None,,,,,01,001,2025-10-01_13h58.21.630,Motor Sequential Learning,,2025.1.1,None,2025-10-01 13h58.34.840380 +0530,
-150,z,187,3,46,z,1,0.07791541700134985,None,46,3,187,3,,,,,424.64233283299836,,424.6167062500026,424.64233283299836,425.6148247500023,425.6148247500023,425.6148247500023,425.6148247500023,425.6303140000018,426.6165272500002,426.6165272500002,426.69854037500045,z,1,0.07791541700134985,None,,,,,01,001,2025-10-01_13h58.21.630,Motor Sequential Learning,,2025.1.1,None,2025-10-01 13h58.34.840380 +0530,
-50,x,188,0,47,x,1,0.09969337400252698,None,47,0,188,0,,,,,426.7080493750036,,426.69903308300127,426.7080493750036,427.69808954199834,427.69808954199834,427.69808954199834,427.69808954199834,427.69808954199834,428.69864158300334,428.69864158300334,428.8105052500032,x,1,0.09969337400252698,None,,,,,01,001,2025-10-01_13h58.21.630,Motor Sequential Learning,,2025.1.1,None,2025-10-01 13h58.34.840380 +0530,
150,v,189,1,47,v,1,0.21934025000518886,None,47,1,189,1,,,,,428.8201899170017,,428.81112241699884,428.8201899170017,429.80900741700316,429.80900741700316,429.80900741700316,429.80900741700316,429.81479279199993,430.8089161250027,430.8089161250027,431.0317781670019,v,1,0.21934025000518886,None,,,,,01,001,2025-10-01_13h58.21.630,Motor Sequential Learning,,2025.1.1,None,2025-10-01 13h58.34.840380 +0530,
50,c,190,2,47,c,1,0.23195145800127648,None,47,2,190,2,,,,,431.04138375000184,,431.0322783750016,431.04138375000184,432.0323139579996,432.0323139579996,432.0323139579996,432.0323139579996,432.0323139579996,433.0312974999979,433.0312974999979,433.26549050000176,c,1,0.23195145800127648,None,,,,,01,001,2025-10-01_13h58.21.630,Motor Sequential Learning,,2025.1.1,None,2025-10-01 13h58.34.840380 +0530,
-150,z,191,3,47,z,1,0.21626924999873154,None,47,3,191,3,,,,,433.2748199999987,,433.2659731669992,433.2748199999987,434.2644775000008,434.2644775000008,434.2644775000008,434.2644775000008,434.2644775000008,435.2588118749991,435.2588118749991,435.47707616700063,z,1,0.21626924999873154,None,,,,,01,001,2025-10-01_13h58.21.630,Motor Sequential Learning,,2025.1.1,None,2025-10-01 13h58.34.840380 +0530,
-50,x,192,0,48,x,1,0.2506478329960373,None,48,0,192,0,,,,,435.48707699999795,,435.4778155000022,435.48707699999795,436.47552429200005,436.47552429200005,436.47552429200005,436.47552429200005,436.48101979200146,437.4754050420015,437.4754050420015,437.7310762499983,x,1,0.2506478329960373,None,,,,,01,001,2025-10-01_13h58.21.630,Motor Sequential Learning,,2025.1.1,None,2025-10-01 13h58.34.840380 +0530,
150,v,193,1,48,v,1,0.2616292919992702,None,48,1,193,1,,,,,437.7411199170019,,437.7315070830009,437.7411199170019,438.73109074999957,438.73109074999957,438.73109074999957,438.73109074999957,438.73109074999957,439.7254557080014,439.7254557080014,439.9939307500026,v,1,0.2616292919992702,None,,,,,01,001,2025-10-01_13h58.21.630,Motor Sequential Learning,,2025.1.1,None,2025-10-01 13h58.34.840380 +0530,
50,c,194,2,48,c,1,0.003689208002469968,None,48,2,194,2,,,,,440.0040954580036,,439.994444750002,440.0040954580036,440.9922549999974,440.9922549999974,440.9922549999974,440.9922549999974,440.9975549169976,441.99234387499746,441.99234387499746,441.99941466699966,c,1,0.003689208002469968,None,,,,,01,001,2025-10-01_13h58.21.630,Motor Sequential Learning,,2025.1.1,None,2025-10-01 13h58.34.840380 +0530,
-150,z,195,3,48,z,1,0.06016300000192132,None,48,3,195,3,,,,,442.0260072500023,,441.99992166699667,442.0260072500023,442.99939854200056,442.99939854200056,442.99939854200056,442.99939854200056,443.0126597499984,443.99881350000214,443.99881350000214,444.06576974999916,z,1,0.06016300000192132,None,,,,,01,001,2025-10-01_13h58.21.630,Motor Sequential Learning,,2025.1.1,None,2025-10-01 13h58.34.840380 +0530,
-50,x,196,0,49,x,1,0.22606624999752967,None,49,0,196,0,,,,,444.0751192500029,,444.066262291999,444.0751192500029,445.06580725000094,445.06580725000094,445.06580725000094,445.06580725000094,445.06580725000094,446.05877108300047,446.05877108300047,446.2933617500021,x,1,0.22606624999752967,None,,,,,01,001,2025-10-01_13h58.21.630,Motor Sequential Learning,,2025.1.1,None,2025-10-01 13h58.34.840380 +0530,
150,v,197,1,49,v,1,0.3174767500022426,None,49,1,197,1,,,,,446.30302654200204,,446.2939231249984,446.30302654200204,447.2919099999999,447.2919099999999,447.2919099999999,447.2919099999999,447.2964429999993,448.29229308300273,448.29229308300273,448.615520542,v,1,0.3174767500022426,None,,,,,01,001,2025-10-01_13h58.21.630,Motor Sequential Learning,,2025.1.1,None,2025-10-01 13h58.34.840380 +0530,
50,c,198,2,49,c,1,0.4463186239954666,None,49,2,198,2,,,,,448.6422467079974,,448.61602008299815,448.6422467079974,449.61581220800144,449.61581220800144,449.61581220800144,449.61581220800144,449.6301653749979,450.6254073750024,450.6254073750024,451.07648133300245,c,1,0.4463186239954666,None,,,,,01,001,2025-10-01_13h58.21.630,Motor Sequential Learning,,2025.1.1,None,2025-10-01 13h58.34.840380 +0530,
-150,z,199,3,49,z,1,0.28987108299770625,None,49,3,199,3,,,,,451.08462795800006,,451.07698441699904,451.08462795800006,452.07536254200386,452.07536254200386,452.07536254200386,452.07536254200386,452.08138837500155,453.07524399999966,453.07524399999966,453.3669148330009,z,1,0.28987108299770625,None,,,,,01,001,2025-10-01_13h58.21.630,Motor Sequential Learning,,2025.1.1,None,2025-10-01 13h58.34.840380 +0530,
150,v,0,0,0,v,1,0.6105500830017263,None,,,,,0,0,0,1,453.3869909999994,,453.3807997920012,453.3869909999994,454.36442066699965,454.36442066699965,454.36442066699965,454.36442066699965,454.3802225000036,455.3649530000039,455.3649530000039,455.98171733300114,,,,,v,1,0.6105500830017263,None,01,001,2025-10-01_13h58.21.630,Motor Sequential Learning,,2025.1.1,None,2025-10-01 13h58.34.840380 +0530,
150,v,1,1,1,v,1,0.5380365419987356,None,,,,,1,1,1,1,455.9909950000001,,455.9822447080005,455.9909950000001,456.98202441699686,456.98202441699686,456.98202441699686,456.98202441699686,456.98202441699686,457.97856691700144,457.97856691700144,458.52699020800355,,,,,v,1,0.5380365419987356,None,01,001,2025-10-01_13h58.21.630,Motor Sequential Learning,,2025.1.1,None,2025-10-01 13h58.34.840380 +0530,
-50,x,2,2,0,x,1,0.6554627909936244,None,,,,,0,2,2,0,458.53617329199915,,458.52760562500043,458.53617329199915,459.5252536249973,459.5252536249973,459.5252536249973,459.5252536249973,459.5308522080013,460.5251879999996,460.5251879999996,461.1827573749979,,,,,x,1,0.6554627909936244,None,01,001,2025-10-01_13h58.21.630,Motor Sequential Learning,,2025.1.1,None,2025-10-01 13h58.34.840380 +0530,
-50,x,3,3,1,x,1,0.504747375001898,None,,,,,1,3,3,0,461.1915772499997,,461.18325341700256,461.1915772499997,462.1816879580001,462.1816879580001,462.1816879580001,462.1816879580001,462.1816879580001,463.181744542002,463.181744542002,463.69366591700236,,,,,x,1,0.504747375001898,None,01,001,2025-10-01_13h58.21.630,Motor Sequential Learning,,2025.1.1,None,2025-10-01 13h58.34.840380 +0530,
150,v,4,4,2,v,1,0.4527233740009251,None,,,,,2,4,4,1,463.7028511669996,,463.69429770800343,463.7028511669996,464.69192408300296,464.69192408300296,464.69192408300296,464.69192408300296,464.6975069170003,465.69178479199763,465.69178479199763,466.1491594170002,,,,,v,1,0.4527233740009251,None,01,001,2025-10-01_13h58.21.630,Motor Sequential Learning,,2025.1.1,None,2025-10-01 13h58.34.840380 +0530,
150,v,5,5,3,v,1,1.109192373995029,None,,,,,3,5,5,1,466.17535966700234,,466.149700957998,466.17535966700234,467.14714412500325,467.14714412500325,467.14714412500325,467.14714412500325,467.1635384170004,468.1481782080009,468.1481782080009,469.2599217079987,,,,,v,1,1.109192373995029,None,01,001,2025-10-01_13h58.21.630,Motor Sequential Learning,,2025.1.1,None,2025-10-01 13h58.34.840380 +0530,
150,v,6,6,4,v,1,0.40968866599723697,None,,,,,4,6,6,1,469.2697771250023,,469.2604612080031,469.2697771250023,470.2584195419986,470.2584195419986,470.2584195419986,470.2584195419986,470.263992375003,471.25852841699816,471.25852841699816,471.6764370419987,,,,,v,1,0.40968866599723697,None,01,001,2025-10-01_13h58.21.630,Motor Sequential Learning,,2025.1.1,None,2025-10-01 13h58.34.840380 +0530,
-150,z,7,7,0,z,1,0.854177499000798,None,,,,,0,7,7,3,471.6852350420013,,471.67696683300164,471.6852350420013,472.6750657079974,472.6750657079974,472.6750657079974,472.6750657079974,472.680554999999,473.67512262499804,473.67512262499804,474.5322221250026,,,,,z,1,0.854177499000798,None,01,001,2025-10-01_13h58.21.630,Motor Sequential Learning,,2025.1.1,None,2025-10-01 13h58.34.840380 +0530,
50,c,8,8,0,c,1,0.5874882909993175,None,,,,,0,8,8,2,474.54121404200123,,474.53273670800263,474.54121404200123,475.53075062500284,475.53075062500284,475.53075062500284,475.53075062500284,475.53075062500284,476.53172274999815,476.53172274999815,477.1264329580008,,,,,c,1,0.5874882909993175,None,01,001,2025-10-01_13h58.21.630,Motor Sequential Learning,,2025.1.1,None,2025-10-01 13h58.34.840380 +0530,
-150,z,9,9,1,z,1,0.4490589579945663,None,,,,,1,9,9,3,477.136103249999,,477.1270513330019,477.136103249999,478.12520575000235,478.12520575000235,478.12520575000235,478.12520575000235,478.1308065830017,479.12512341699767,479.12512341699767,479.5765721249991,,,,,z,1,0.4490589579945663,None,01,001,2025-10-01_13h58.21.630,Motor Sequential Learning,,2025.1.1,None,2025-10-01 13h58.34.840380 +0530,
-150,z,10,10,2,z,1,0.4153943330020411,None,,,,,2,10,10,3,479.58595849999983,,479.57721550000133,479.58595849999983,480.5750721250006,480.5750721250006,480.5750721250006,480.5750721250006,480.5806661250026,481.574743666999,481.574743666999,481.9934677920028,,,,,z,1,0.4153943330020411,None,01,001,2025-10-01_13h58.21.630,Motor Sequential Learning,,2025.1.1,None,2025-10-01 13h58.34.840380 +0530,
50,c,11,11,1,c,1,0.4202420000001439,None,,,,,1,11,11,2,482.00287279199983,,481.9941424580029,482.00287279199983,482.99177295799745,482.99177295799745,482.99177295799745,482.99177295799745,482.99772966699675,483.9918153749968,483.9918153749968,484.41426387499814,,,,,c,1,0.4202420000001439,None,01,001,2025-10-01_13h58.21.630,Motor Sequential Learning,,2025.1.1,None,2025-10-01 13h58.34.840380 +0530,
-150,z,12,12,3,z,1,0.5362453749985434,None,,,,,3,12,12,3,484.4241283750016,,484.414752167002,484.4241283750016,485.40833808299794,485.40833808299794,485.40833808299794,485.40833808299794,485.414071332998,486.4147404999967,486.4147404999967,486.95999666699936,,,,,z,1,0.5362453749985434,None,01,001,2025-10-01_13h58.21.630,Motor Sequential Learning,,2025.1.1,None,2025-10-01 13h58.34.840380 +0530,
150,v,13,13,5,v,1,0.4896079579993966,None,,,,,5,13,13,1,486.969248166999,,486.96071745800145,486.969248166999,487.9583414169974,487.9583414169974,487.9583414169974,487.9583414169974,487.96413537499757,488.95826191700326,488.95826191700326,489.4599121670035,,,,,v,1,0.4896079579993966,None,01,001,2025-10-01_13h58.21.630,Motor Sequential Learning,,2025.1.1,None,2025-10-01 13h58.34.840380 +0530,
150,v,14,14,6,v,1,0.5468184999990626,None,,,,,6,14,14,1,489.4691798330023,,489.46060370800114,489.4691798330023,490.4585152080035,490.4585152080035,490.4585152080035,490.4585152080035,490.4651976250025,491.4581442080016,491.4581442080016,492.0094571669979,,,,,v,1,0.5468184999990626,None,01,001,2025-10-01_13h58.21.630,Motor Sequential Learning,,2025.1.1,None,2025-10-01 13h58.34.840380 +0530,
150,v,15,15,7,v,1,0.41916833300638245,None,,,,,7,15,15,1,492.0184599999993,,492.00999325000157,492.0184599999993,493.0082987920032,493.0082987920032,493.0082987920032,493.0082987920032,493.015133916997,494.0083633329996,494.0083633329996,494.43201650000265,,,,,v,1,0.41916833300638245,None,01,001,2025-10-01_13h58.21.630,Motor Sequential Learning,,2025.1.1,None,2025-10-01 13h58.34.840380 +0530,
-150,z,16,16,4,z,1,0.41384012500202516,None,,,,,4,16,16,3,494.4409290830008,,494.43253229199763,494.4409290830008,495.43184391700197,495.43184391700197,495.43184391700197,495.43184391700197,495.43184391700197,496.4250336670011,496.4250336670011,496.84302862500044,,,,,z,1,0.41384012500202516,None,01,001,2025-10-01_13h58.21.630,Motor Sequential Learning,,2025.1.1,None,2025-10-01 13h58.34.840380 +0530,
-150,z,17,17,5,z,1,0.5483865409987629,None,,,,,5,17,17,3,496.8521919170016,,496.843675791999,496.8521919170016,497.84132845800195,497.84132845800195,497.84132845800195,497.84132845800195,497.84648449999804,498.84141824999824,498.84141824999824,499.3930244169969,,,,,z,1,0.5483865409987629,None,01,001,2025-10-01_13h58.21.630,Motor Sequential Learning,,2025.1.1,None,2025-10-01 13h58.34.840380 +0530,
-150,z,18,18,6,z,1,0.46412324999982957,None,,,,,6,18,18,3,499.40244370800065,,499.3936672080017,499.40244370800065,500.39158062500064,500.39158062500064,500.39158062500064,500.39158062500064,500.39754804199765,501.39143729199714,501.39143729199714,501.85969900000055,,,,,z,1,0.46412324999982957,None,01,001,2025-10-01_13h58.21.630,Motor Sequential Learning,,2025.1.1,None,2025-10-01 13h58.34.840380 +0530,
-150,z,19,19,7,z,1,0.5694647080017603,None,,,,,7,19,19,3,501.8695984579972,,501.8602668329986,501.8695984579972,502.8582259169998,502.8582259169998,502.8582259169998,502.8582259169998,502.86404200000106,503.8581440830021,503.8581440830021,504.432132791997,,,,,z,1,0.5694647080017603,None,01,001,2025-10-01_13h58.21.630,Motor Sequential Learning,,2025.1.1,None,2025-10-01 13h58.34.840380 +0530,
50,c,20,20,2,c,1,0.44589041699509835,None,,,,,2,20,20,2,504.4451220830015,,504.4326322920024,504.4451220830015,505.4311331670033,505.4311331670033,505.4311331670033,505.4311331670033,505.4417299580018,506.43164462500135,506.43164462500135,506.8818003330016,,,,,c,1,0.44589041699509835,None,01,001,2025-10-01_13h58.21.630,Motor Sequential Learning,,2025.1.1,None,2025-10-01 13h58.34.840380 +0530,
150,v,21,21,8,v,1,1.195482458002516,None,,,,,8,21,21,1,506.9084781249985,,506.8823202499989,506.9084781249985,507.8818819169974,507.8818819169974,507.8818819169974,507.8818819169974,507.8964363330015,508.88197237499844,508.88197237499844,510.0817469579997,,,,,v,1,1.195482458002516,None,01,001,2025-10-01_13h58.21.630,Motor Sequential Learning,,2025.1.1,None,2025-10-01 13h58.34.840380 +0530,
-50,x,22,22,2,x,1,0.6527050829972723,None,,,,,2,22,22,0,510.1084577080037,,510.08223470800294,510.1084577080037,511.080799000003,511.080799000003,511.080799000003,511.080799000003,511.09705133300304,512.0747229580011,512.0747229580011,512.7310893329995,,,,,x,1,0.6527050829972723,None,01,001,2025-10-01_13h58.21.630,Motor Sequential Learning,,2025.1.1,None,2025-10-01 13h58.34.840380 +0530,
150,v,23,23,9,v,1,0.364484582998557,None,,,,,9,23,23,1,512.7408877920025,,512.7315821250013,512.7408877920025,513.7320938330013,513.7320938330013,513.7320938330013,513.7320938330013,513.7320938330013,514.7308512500022,514.7308512500022,515.0987260830007,,,,,v,1,0.364484582998557,None,01,001,2025-10-01_13h58.21.630,Motor Sequential Learning,,2025.1.1,None,2025-10-01 13h58.34.840380 +0530,
150,v,24,24,10,v,1,0.6166817499979516,None,,,,,10,24,24,1,515.1119262499997,,515.0992250420022,515.1119262499997,516.0972962079977,516.0972962079977,516.0972962079977,516.0972962079977,516.1081342500038,517.0985453750036,517.0985453750036,517.7263121249998,,,,,v,1,0.6166817499979516,None,01,001,2025-10-01_13h58.21.630,Motor Sequential Learning,,2025.1.1,None,2025-10-01 13h58.34.840380 +0530,
150,v,25,25,11,v,1,0.44764824899903033,None,,,,,11,25,25,1,517.7365643750018,,517.7270213329975,517.7365643750018,518.7247469170034,518.7247469170034,518.7247469170034,518.7247469170034,518.7303663330022,519.724616792002,519.724616792002,520.1771056669968,,,,,v,1,0.44764824899903033,None,01,001,2025-10-01_13h58.21.630,Motor Sequential Learning,,2025.1.1,None,2025-10-01 13h58.34.840380 +0530,
-50,x,26,26,3,x,1,0.4184602919995086,None,,,,,3,26,26,0,520.1871348749992,,520.1777657920029,520.1871348749992,521.1746492079983,521.1746492079983,521.1746492079983,521.1746492079983,521.1806258750003,522.1747304169985,522.1747304169985,522.5979791670034,,,,,x,1,0.4184602919995086,None,01,001,2025-10-01_13h58.21.630,Motor Sequential Learning,,2025.1.1,None,2025-10-01 13h58.34.840380 +0530,
-50,x,27,27,4,x,1,0.5413013330035028,None,,,,,4,27,27,0,522.6077092920023,,522.5984959170019,522.6077092920023,523.5982233750037,523.5982233750037,523.5982233750037,523.5982233750037,523.5982233750037,524.5978655829967,524.5978655829967,525.1432425419989,,,,,x,1,0.5413013330035028,None,01,001,2025-10-01_13h58.21.630,Motor Sequential Learning,,2025.1.1,None,2025-10-01 13h58.34.840380 +0530,
50,c,28,28,3,x,0,0.8736323330012965,None,,,,,3,28,28,2,525.1540024170026,,525.1440958329986,525.1540024170026,526.1414844579995,526.1414844579995,526.1414844579995,526.1414844579995,526.1474890000027,527.1413383749968,527.1413383749968,528.026292292001,,,,,x,0,0.8736323330012965,None,01,001,2025-10-01_13h58.21.630,Motor Sequential Learning,,2025.1.1,None,2025-10-01 13h58.34.840380 +0530,
50,c,29,29,4,c,1,0.37430804099858506,None,,,,,4,29,29,2,528.0366311250036,,528.0269778750007,528.0366311250036,529.024833083,529.024833083,529.024833083,529.024833083,529.0299802079971,530.024757207997,530.024757207997,530.4097334170001,,,,,c,1,0.37430804099858506,None,01,001,2025-10-01_13h58.21.630,Motor Sequential Learning,,2025.1.1,None,2025-10-01 13h58.34.840380 +0530,
50,c,30,30,5,c,1,0.31218766599340597,None,,,,,5,30,30,2,530.420715375003,,530.4104005830013,530.420715375003,531.4080480830016,531.4080480830016,531.4080480830016,531.4080480830016,531.4145220420032,532.4078915420032,532.4078915420032,532.7260651250035,,,,,c,1,0.31218766599340597,None,01,001,2025-10-01_13h58.21.630,Motor Sequential Learning,,2025.1.1,None,2025-10-01 13h58.34.840380 +0530,
150,v,31,31,12,v,1,0.3082915829945705,None,,,,,12,31,31,1,532.7361436249994,,532.7266154169993,532.7361436249994,533.7245829579988,533.7245829579988,533.7245829579988,533.7245829579988,533.7303183330005,534.7246714580033,534.7246714580033,535.0427405829978,,,,,v,1,0.3082915829945705,None,01,001,2025-10-01_13h58.21.630,Motor Sequential Learning,,2025.1.1,None,2025-10-01 13h58.34.840380 +0530,
-150,z,32,32,8,z,1,0.4435633749963017,None,,,,,8,32,32,3,535.0527080000029,,535.0433078330025,535.0527080000029,536.0412718750013,536.0412718750013,536.0412718750013,536.0412718750013,536.0468536249973,537.0411487079982,537.0411487079982,537.4927719170009,,,,,z,1,0.4435633749963017,None,01,001,2025-10-01_13h58.21.630,Motor Sequential Learning,,2025.1.1,None,2025-10-01 13h58.34.840380 +0530,
-50,x,33,33,5,x,1,0.4206694169988623,None,,,,,5,33,33,0,537.5025377499987,,537.4933051670014,537.5025377499987,538.491140457998,538.491140457998,538.491140457998,538.491140457998,538.4965097079985,539.4912472919968,539.4912472919968,539.914666292003,,,,,x,1,0.4206694169988623,None,01,001,2025-10-01_13h58.21.630,Motor Sequential Learning,,2025.1.1,None,2025-10-01 13h58.34.840380 +0530,
-50,x,34,34,6,x,1,0.5587105419981526,None,,,,,6,34,34,0,539.9244322919985,,539.9151641670032,539.9244322919985,540.9136012919989,540.9136012919989,540.9136012919989,540.9136012919989,540.9136012919989,541.9150807920014,541.9150807920014,542.4760572919986,,,,,x,1,0.5587105419981526,None,01,001,2025-10-01_13h58.21.630,Motor Sequential Learning,,2025.1.1,None,2025-10-01 13h58.34.840380 +0530,
50,c,35,35,6,c,1,0.4562303329948918,None,,,,,6,35,35,2,542.4864178749995,,542.4767069169975,542.4864178749995,543.4744179170011,543.4744179170011,543.4744179170011,543.4744179170011,543.4801932499977,544.4744631670037,544.4744631670037,544.9427743749984,,,,,c,1,0.4562303329948918,None,01,001,2025-10-01_13h58.21.630,Motor Sequential Learning,,2025.1.1,None,2025-10-01 13h58.34.840380 +0530,
150,v,36,36,13,v,1,0.6514056249943678,None,,,,,13,36,36,1,544.9529251670028,,544.9434458329997,544.9529251670028,545.9410866250037,545.9410866250037,545.9410866250037,545.9410866250037,545.9459892919986,546.9411839169989,546.9411839169989,547.5971109169986,,,,,v,1,0.6514056249943678,None,01,001,2025-10-01_13h58.21.630,Motor Sequential Learning,,2025.1.1,None,2025-10-01 13h58.34.840380 +0530,
50,c,37,37,7,c,1,0.37041387500357814,None,,,,,7,37,37,2,547.6069217080003,,547.5976034170017,547.6069217080003,548.5979224999974,548.5979224999974,548.5979224999974,548.5979224999974,548.5979224999974,549.5911345830027,549.5911345830027,549.9638217079992,,,,,c,1,0.37041387500357814,None,01,001,2025-10-01_13h58.21.630,Motor Sequential Learning,,2025.1.1,None,2025-10-01 13h58.34.840380 +0530,
-150,z,38,38,9,z,1,0.3737581239984138,None,,,,,9,38,38,3,549.9736164170026,,549.9643122920024,549.9736164170026,550.9630380829985,550.9630380829985,550.9630380829985,550.9630380829985,550.9630380829985,551.9577247499983,551.9577247499983,552.3430046670037,,,,,z,1,0.3737581239984138,None,01,001,2025-10-01_13h58.21.630,Motor Sequential Learning,,2025.1.1,None,2025-10-01 13h58.34.840380 +0530,
-150,z,39,39,10,x,0,0.32632420799927786,None,,,,,10,39,39,3,552.3535145420028,,552.3435892920024,552.3535145420028,553.3411875829988,553.3411875829988,553.3411875829988,553.3411875829988,553.3472895829982,554.3410581670032,554.3410581670032,554.6759627920037,,,,,x,0,0.32632420799927786,None,01,001,2025-10-01_13h58.21.630,Motor Sequential Learning,,2025.1.1,None,2025-10-01 13h58.34.840380 +0530,
150,v,40,40,14,v,1,0.3109456250022049,None,,,,,14,40,40,1,554.6863831250012,,554.6764954579994,554.6863831250012,555.6744242920031,555.6744242920031,555.6744242920031,555.6744242920031,555.6803419580028,556.6744820000022,556.6744820000022,556.9930851250028,,,,,v,1,0.3109456250022049,None,01,001,2025-10-01_13h58.21.630,Motor Sequential Learning,,2025.1.1,None,2025-10-01 13h58.34.840380 +0530,
-150,z,41,41,11,z,1,0.6790657919991645,None,,,,,11,41,41,3,557.0035584170037,,556.9937500000015,557.0035584170037,557.9913607920025,557.9913607920025,557.9913607920025,557.9913607920025,557.9971252920004,558.9912289170024,558.9912289170024,559.6757825419991,,,,,z,1,0.6790657919991645,None,01,001,2025-10-01_13h58.21.630,Motor Sequential Learning,,2025.1.1,None,2025-10-01 13h58.34.840380 +0530,
50,c,42,42,8,c,1,0.35669516600319184,None,,,,,8,42,42,2,559.6859907920007,,559.6763516670035,559.6859907920007,560.6744492080034,560.6744492080034,560.6744492080034,560.6744492080034,560.6803877499988,561.6745309170001,561.6745309170001,562.0427761669998,,,,,c,1,0.35669516600319184,None,01,001,2025-10-01_13h58.21.630,Motor Sequential Learning,,2025.1.1,None,2025-10-01 13h58.34.840380 +0530,
50,c,43,43,9,c,1,0.46041841599799227,None,,,,,9,43,43,2,562.0532421250027,,562.0434365830006,562.0532421250027,563.0410609579994,563.0410609579994,563.0410609579994,563.0410609579994,563.0474521669967,564.0408766250039,564.0408766250039,564.5100085419981,,,,,c,1,0.46041841599799227,None,01,001,2025-10-01_13h58.21.630,Motor Sequential Learning,,2025.1.1,None,2025-10-01 13h58.34.840380 +0530,
50,c,44,44,10,c,1,0.3374265410020598,None,,,,,10,44,44,2,564.5199800830014,,564.510600499998,564.5199800830014,565.5077284580038,565.5077284580038,565.5077284580038,565.5077284580038,565.512759666999,566.5078127079978,566.5078127079978,566.847734666997,,,,,c,1,0.3374265410020598,None,01,001,2025-10-01_13h58.21.630,Motor Sequential Learning,,2025.1.1,None,2025-10-01 13h58.34.840380 +0530,
-150,z,45,45,12,z,1,0.4478056660009315,None,,,,,12,45,45,3,566.8574716250005,,566.8482225830012,566.8574716250005,567.847363957997,567.847363957997,567.847363957997,567.847363957997,567.847363957997,568.8476128330003,568.8476128330003,569.2979037499972,,,,,z,1,0.4478056660009315,None,01,001,2025-10-01_13h58.21.630,Motor Sequential Learning,,2025.1.1,None,2025-10-01 13h58.34.840380 +0530,
-150,z,46,46,13,z,1,0.4585873329997412,None,,,,,13,46,46,3,569.3246621669969,,569.2984081670002,569.3246621669969,570.2985253750012,570.2985253750012,570.2985253750012,570.2985253750012,570.3121351250011,571.2984683750037,571.2984683750037,571.7590978750013,,,,,z,1,0.4585873329997412,None,01,001,2025-10-01_13h58.21.630,Motor Sequential Learning,,2025.1.1,None,2025-10-01 13h58.34.840380 +0530,
150,v,47,47,15,v,1,0.424495332998049,None,,,,,15,47,47,1,571.769385874999,,571.7597416249992,571.769385874999,572.7575634169989,572.7575634169989,572.7575634169989,572.7575634169989,572.7617451249971,573.7574827499993,573.7574827499993,574.1926110420027,,,,,v,1,0.424495332998049,None,01,001,2025-10-01_13h58.21.630,Motor Sequential Learning,,2025.1.1,None,2025-10-01 13h58.34.840380 +0530,
50,c,48,48,11,c,1,0.29092224900523433,None,,,,,11,48,48,2,574.2028737919973,,574.1932855420018,574.2028737919973,575.1908503750019,575.1908503750019,575.1908503750019,575.1908503750019,575.1957584170013,576.1910571670014,576.1910571670014,576.4925997500031,,,,,c,1,0.29092224900523433,None,01,001,2025-10-01_13h58.21.630,Motor Sequential Learning,,2025.1.1,None,2025-10-01 13h58.34.840380 +0530,
-150,z,49,49,14,z,1,0.7819491240006755,None,,,,,14,49,49,3,576.5032331249968,,576.4933042499979,576.5032331249968,577.4910551249995,577.4910551249995,577.4910551249995,577.4910551249995,577.4968140830024,578.4909571250028,578.4909571250028,579.2755194999991,,,,,z,1,0.7819491240006755,None,01,001,2025-10-01_13h58.21.630,Motor Sequential Learning,,2025.1.1,None,2025-10-01 13h58.34.840380 +0530,
150,v,50,50,16,v,1,0.34264091700606514,None,,,,,16,50,50,1,579.285562457997,,579.2760741250022,579.285562457997,580.2742822080036,580.2742822080036,580.2742822080036,580.2742822080036,580.2802575000023,581.2741652080003,581.2741652080003,581.6257170829995,,,,,v,1,0.34264091700606514,None,01,001,2025-10-01_13h58.21.630,Motor Sequential Learning,,2025.1.1,None,2025-10-01 13h58.34.840380 +0530,
-50,x,51,51,7,x,1,0.5066740420006681,None,,,,,7,51,51,0,581.6358220000038,,581.626226417,581.6358220000038,582.624160583,582.624160583,582.624160583,582.624160583,582.6293160830028,583.6240877500022,583.6240877500022,584.1426455000037,,,,,x,1,0.5066740420006681,None,01,001,2025-10-01_13h58.21.630,Motor Sequential Learning,,2025.1.1,None,2025-10-01 13h58.34.840380 +0530,
50,c,52,52,12,c,1,0.38987079200160224,None,,,,,12,52,52,2,584.1525227500024,,584.1433258329998,584.1525227500024,585.1407273329969,585.1407273329969,585.1407273329969,585.1407273329969,585.1454493749989,586.1408054580024,586.1408054580024,586.542408207999,,,,,c,1,0.38987079200160224,None,01,001,2025-10-01_13h58.21.630,Motor Sequential Learning,,2025.1.1,None,2025-10-01 13h58.34.840380 +0530,
-50,x,53,53,8,x,1,0.5010341250017518,None,,,,,8,53,53,0,586.5527977919992,,586.5431369170037,586.5527977919992,587.5407436250025,587.5407436250025,587.5407436250025,587.5407436250025,587.5463327500038,588.540646333,588.540646333,589.0475410419967,,,,,x,1,0.5010341250017518,None,01,001,2025-10-01_13h58.21.630,Motor Sequential Learning,,2025.1.1,None,2025-10-01 13h58.34.840380 +0530,
150,v,54,54,17,v,1,0.6364389999944251,None,,,,,17,54,54,1,589.0573383329975,,589.048038916997,589.0573383329975,590.0466655830023,590.0466655830023,590.0466655830023,590.0466655830023,590.0466655830023,591.0472469579981,591.0472469579981,591.6931996670028,,,,,v,1,0.6364389999944251,None,01,001,2025-10-01_13h58.21.630,Motor Sequential Learning,,2025.1.1,None,2025-10-01 13h58.34.840380 +0530,
-50,x,55,55,9,x,1,0.47065208300045924,None,,,,,9,55,55,0,591.703719666999,,591.6940293329972,591.703719666999,592.6908329170037,592.6908329170037,592.6908329170037,592.6908329170037,592.6968182920027,593.6909248750017,593.6909248750017,594.1633576250024,,,,,x,1,0.47065208300045924,None,01,001,2025-10-01_13h58.21.630,Motor Sequential Learning,,2025.1.1,None,2025-10-01 13h58.34.840380 +0530,
-50,x,56,56,10,x,1,0.4210847909998847,None,,,,,10,56,56,0,594.1733036669975,,594.1638805830007,594.1733036669975,595.1635111670039,595.1635111670039,595.1635111670039,595.1635111670039,595.1635111670039,596.1574275419989,596.1574275419989,596.5810039580028,,,,,x,1,0.4210847909998847,None,01,001,2025-10-01_13h58.21.630,Motor Sequential Learning,,2025.1.1,None,2025-10-01 13h58.34.840380 +0530,
50,c,57,57,13,c,1,0.4125882910011569,None,,,,,13,57,57,2,596.5941686669976,,596.5815021250019,596.5941686669976,597.580150875001,597.580150875001,597.580150875001,597.580150875001,597.5907639580037,598.5809108329995,598.5809108329995,598.9966481250012,,,,,c,1,0.4125882910011569,None,01,001,2025-10-01_13h58.21.630,Motor Sequential Learning,,2025.1.1,None,2025-10-01 13h58.34.840380 +0530,
50,c,58,58,14,c,1,0.521655249001924,None,,,,,14,58,58,2,599.0065020830007,,598.9971465420022,599.0065020830007,599.9907635420022,599.9907635420022,599.9907635420022,599.9907635420022,599.9958928330016,600.9906709170027,600.9906709170027,601.5144564579969,,,,,c,1,0.521655249001924,None,01,001,2025-10-01_13h58.21.630,Motor Sequential Learning,,2025.1.1,None,2025-10-01 13h58.34.840380 +0530,
150,v,59,59,18,v,1,0.6149623329984024,None,,,,,18,59,59,1,601.5410523329992,,601.514963499998,601.5410523329992,602.513354499999,602.513354499999,602.513354499999,602.513354499999,602.5299412919994,603.5143679579996,603.5143679579996,604.1307990830028,,,,,v,1,0.6149623329984024,None,01,001,2025-10-01_13h58.21.630,Motor Sequential Learning,,2025.1.1,None,2025-10-01 13h58.34.840380 +0530,
50,c,60,60,15,c,1,0.3353765830033808,None,,,,,15,60,60,2,604.1403971250038,,604.1313139999984,604.1403971250038,605.1310894170019,605.1310894170019,605.1310894170019,605.1310894170019,605.1310894170019,606.1298979170024,606.1298979170024,606.4753285420011,,,,,c,1,0.3353765830033808,None,01,001,2025-10-01_13h58.21.630,Motor Sequential Learning,,2025.1.1,None,2025-10-01 13h58.34.840380 +0530,
-50,x,61,61,11,x,1,0.29214754099666607,None,,,,,11,61,61,0,606.4855130420037,,606.4759502500019,606.4855130420037,607.473932957997,607.473932957997,607.473932957997,607.473932957997,607.4795271249968,608.4740051670015,608.4740051670015,608.7755316670009,,,,,x,1,0.29214754099666607,None,01,001,2025-10-01_13h58.21.630,Motor Sequential Learning,,2025.1.1,None,2025-10-01 13h58.34.840380 +0530,
-150,z,62,62,15,z,1,0.4511484999966342,None,,,,,15,62,62,3,608.7861080829971,,608.7763607919987,608.7861080829971,609.7738711670027,609.7738711670027,609.7738711670027,609.7738711670027,609.7791830420028,610.7740114999979,610.7740114999979,611.230809749999,,,,,z,1,0.4511484999966342,None,01,001,2025-10-01_13h58.21.630,Motor Sequential Learning,,2025.1.1,None,2025-10-01 13h58.34.840380 +0530,
-50,x,63,63,12,x,1,0.42900562500290107,None,,,,,12,63,63,0,611.2406162499974,,611.2313345419971,611.2406162499974,612.2288477080001,612.2288477080001,612.2288477080001,612.2288477080001,612.2288477080001,613.2310023750033,613.2310023750033,613.6635802079982,,,,,x,1,0.42900562500290107,None,01,001,2025-10-01_13h58.21.630,Motor Sequential Learning,,2025.1.1,None,2025-10-01 13h58.34.840380 +0530,
-150,z,64,64,16,z,1,0.39278804100467823,None,,,,,16,64,64,3,613.6734392080034,,613.664100916998,613.6734392080034,614.6629550830039,614.6629550830039,614.6629550830039,614.6629550830039,614.6629550830039,615.6572654170013,615.6572654170013,616.0589869999967,,,,,z,1,0.39278804100467823,None,01,001,2025-10-01_13h58.21.630,Motor Sequential Learning,,2025.1.1,None,2025-10-01 13h58.34.840380 +0530,
-150,z,65,65,17,z,1,0.44100800000160234,None,,,,,17,65,65,3,616.0694418330022,,616.059713542003,616.0694418330022,617.0572386249987,617.0572386249987,617.0572386249987,617.0572386249987,617.0637046249976,618.057072292002,618.057072292002,618.5084995830039,,,,,z,1,0.44100800000160234,None,01,001,2025-10-01_13h58.21.630,Motor Sequential Learning,,2025.1.1,None,2025-10-01 13h58.34.840380 +0530,
50,c,66,66,16,v,0,0.41979949999949895,None,,,,,16,66,66,2,618.5186537499976,,618.5090223329971,618.5186537499976,619.5071137080013,619.5071137080013,619.5071137080013,619.5071137080013,619.5128924579985,620.5071778330021,620.5071778330021,620.9305703749997,,,,,v,0,0.41979949999949895,None,01,001,2025-10-01_13h58.21.630,Motor Sequential Learning,,2025.1.1,None,2025-10-01 13h58.34.840380 +0530,
-150,z,67,67,18,z,1,0.6073101250003674,None,,,,,18,67,67,3,620.9403641250028,,620.9310823330015,620.9403641250028,621.9306735830032,621.9306735830032,621.9306735830032,621.9306735830032,621.9306735830032,622.9303153750006,622.9303153750006,623.5423387080009,,,,,z,1,0.6073101250003674,None,01,001,2025-10-01_13h58.21.630,Motor Sequential Learning,,2025.1.1,None,2025-10-01 13h58.34.840380 +0530,
-50,x,68,68,13,x,1,0.5276186659975792,None,,,,,13,68,68,0,623.5528845000008,,623.5430096670025,623.5528845000008,624.5403918329976,624.5403918329976,624.5403918329976,624.5403918329976,624.5455501670003,625.5402792079985,625.5402792079985,626.0751659579983,,,,,x,1,0.5276186659975792,None,01,001,2025-10-01_13h58.21.630,Motor Sequential Learning,,2025.1.1,None,2025-10-01 13h58.34.840380 +0530,
50,c,69,69,17,c,1,0.37391854200541275,None,,,,,17,69,69,2,626.085133792003,,626.0757338330004,626.085133792003,627.0737434580005,627.0737434580005,627.0737434580005,627.0737434580005,627.0789668750003,628.073865958002,628.073865958002,628.4588264999984,,,,,c,1,0.37391854200541275,None,01,001,2025-10-01_13h58.21.630,Motor Sequential Learning,,2025.1.1,None,2025-10-01 13h58.34.840380 +0530,
50,c,70,70,18,c,1,0.3656878749970929,None,,,,,18,70,70,2,628.469180125001,,628.4594972080013,628.469180125001,629.4571534999995,629.4571534999995,629.4571534999995,629.4571534999995,629.4626753330012,630.4570556670005,630.4570556670005,630.8249861250006,,,,,c,1,0.3656878749970929,None,01,001,2025-10-01_13h58.21.630,Motor Sequential Learning,,2025.1.1,None,2025-10-01 13h58.34.840380 +0530,
150,v,71,71,19,v,1,0.3451107079963549,None,,,,,19,71,71,1,630.8351103750028,,630.8255560420002,630.8351103750028,631.823732249999,631.823732249999,631.823732249999,631.823732249999,631.8297449579986,632.8236530420036,632.8236530420036,633.1752004579976,,,,,v,1,0.3451107079963549,None,01,001,2025-10-01_13h58.21.630,Motor Sequential Learning,,2025.1.1,None,2025-10-01 13h58.34.840380 +0530,
-50,x,72,72,14,x,1,0.37171958300314145,None,,,,,14,72,72,0,633.1853000420015,,633.1758694169985,633.1853000420015,634.1737623750014,634.1737623750014,634.1737623750014,634.1737623750014,634.1801788750017,635.1737981670012,635.1737981670012,635.5478271669999,,,,,x,1,0.37171958300314145,None,01,001,2025-10-01_13h58.21.630,Motor Sequential Learning,,2025.1.1,None,2025-10-01 13h58.34.840380 +0530,
50,c,73,73,19,v,0,0.43836149999697227,None,,,,,19,73,73,2,635.573822792001,,635.5483407499996,635.573822792001,636.547693833003,636.547693833003,636.547693833003,636.547693833003,636.5610513749998,637.5471337499985,637.5471337499985,637.9918266250024,,,,,v,0,0.43836149999697227,None,01,001,2025-10-01_13h58.21.630,Motor Sequential Learning,,2025.1.1,None,2025-10-01 13h58.34.840380 +0530,
50,c,74,74,20,c,1,0.3650361239997437,None,,,,,20,74,74,2,638.0017254580016,,637.9923481250007,638.0017254580016,638.9903992920008,638.9903992920008,638.9903992920008,638.9903992920008,638.9961649999968,639.9902776250019,639.9902776250019,640.3582135830002,,,,,c,1,0.3650361239997437,None,01,001,2025-10-01_13h58.21.630,Motor Sequential Learning,,2025.1.1,None,2025-10-01 13h58.34.840380 +0530,
-50,x,75,75,15,x,1,0.39856891599629307,None,,,,,15,75,75,0,640.3685375420027,,640.358787541998,640.3685375420027,641.3571990420023,641.3571990420023,641.3571990420023,641.3571990420023,641.363213083001,642.356843542002,642.356843542002,642.7582228329993,,,,,x,1,0.39856891599629307,None,01,001,2025-10-01_13h58.21.630,Motor Sequential Learning,,2025.1.1,None,2025-10-01 13h58.34.840380 +0530,
50,c,76,76,21,c,1,0.5784898749989225,None,,,,,21,76,76,2,642.7679197500038,,642.7587341250037,642.7679197500038,643.7570023750013,643.7570023750013,643.7570023750013,643.7570023750013,643.762147417001,644.7568572079981,644.7568572079981,645.3416905830018,,,,,c,1,0.5784898749989225,None,01,001,2025-10-01_13h58.21.630,Motor Sequential Learning,,2025.1.1,None,2025-10-01 13h58.34.840380 +0530,
-50,x,77,77,16,x,1,0.5011869169975398,None,,,,,16,77,77,0,645.3522252080002,,645.3423891670027,645.3522252080002,646.3404637080021,646.3404637080021,646.3404637080021,646.3404637080021,646.3469102919989,647.3401079169998,647.3401079169998,647.8466299170032,,,,,x,1,0.5011869169975398,None,01,001,2025-10-01_13h58.21.630,Motor Sequential Learning,,2025.1.1,None,2025-10-01 13h58.34.840380 +0530,
-50,x,78,78,17,x,1,0.5034164160024375,None,,,,,17,78,78,0,647.8559147080014,,647.8470810829967,647.8559147080014,648.8465832080037,648.8465832080037,648.8465832080037,648.8465832080037,648.8465832080037,649.8469298749988,649.8469298749988,650.3583553749995,,,,,x,1,0.5034164160024375,None,01,001,2025-10-01_13h58.21.630,Motor Sequential Learning,,2025.1.1,None,2025-10-01 13h58.34.840380 +0530,
50,c,79,79,22,c,1,0.4155684579964145,None,,,,,22,79,79,2,650.3689092920031,,650.3591010000018,650.3689092920031,651.356902749998,651.356902749998,651.356902749998,651.356902749998,651.3626766250018,652.3567542919991,652.3567542919991,652.7757743330003,,,,,c,1,0.4155684579964145,None,01,001,2025-10-01_13h58.21.630,Motor Sequential Learning,,2025.1.1,None,2025-10-01 13h58.34.840380 +0530,
150,v,80,80,20,v,1,0.4177741659950698,None,,,,,20,80,80,1,652.7857622500014,,652.7765126669983,652.7857622500014,653.7735336249971,653.7735336249971,653.7735336249971,653.7735336249971,653.7788690419984,654.7734127919975,654.7734127919975,655.197015083002,,,,,v,1,0.4177741659950698,None,01,001,2025-10-01_13h58.21.630,Motor Sequential Learning,,2025.1.1,None,2025-10-01 13h58.34.840380 +0530,
-50,x,81,81,18,x,1,0.41313649999938207,None,,,,,18,81,81,0,655.2068219580033,,655.1975500420012,655.2068219580033,656.1968401670019,656.1968401670019,656.1968401670019,656.1968401670019,656.1968401670019,657.1900499999974,657.1900499999974,657.6084917499975,,,,,x,1,0.41313649999938207,None,01,001,2025-10-01_13h58.21.630,Motor Sequential Learning,,2025.1.1,None,2025-10-01 13h58.34.840380 +0530,
50,c,82,82,23,c,1,0.3653205410009832,None,,,,,23,82,82,2,657.6188485419989,,657.6092990000034,657.6188485419989,658.606796,658.606796,658.606796,658.606796,658.6117815000034,659.6067403330017,659.6067403330017,659.9760174580006,,,,,c,1,0.3653205410009832,None,01,001,2025-10-01_13h58.21.630,Motor Sequential Learning,,2025.1.1,None,2025-10-01 13h58.34.840380 +0530,
150,v,83,83,21,v,1,0.43344975000218255,None,,,,,21,83,83,1,659.9859147079987,,659.9768703329974,659.9859147079987,660.9734071670027,660.9734071670027,660.9734071670027,660.9734071670027,660.9791667500031,661.9734824170009,661.9734824170009,662.4138910000038,,,,,v,1,0.43344975000218255,None,01,001,2025-10-01_13h58.21.630,Motor Sequential Learning,,2025.1.1,None,2025-10-01 13h58.34.840380 +0530,
-150,z,84,84,19,z,1,0.5792430419969605,None,,,,,19,84,84,3,662.4233113329974,,662.4144167920022,662.4233113329974,663.4126709170014,663.4126709170014,663.4126709170014,663.4126709170014,663.4126709170014,664.4067355000007,664.4067355000007,664.9918535420002,,,,,z,1,0.5792430419969605,None,01,001,2025-10-01_13h58.21.630,Motor Sequential Learning,,2025.1.1,None,2025-10-01 13h58.34.840380 +0530,
-50,x,85,85,19,x,1,0.42070870799943805,None,,,,,19,85,85,0,665.0025917079984,,664.9926139169984,665.0025917079984,665.9902850419967,665.9902850419967,665.9902850419967,665.9902850419967,665.9956479169996,666.9901911249981,666.9901911249981,667.4141148749986,,,,,x,1,0.42070870799943805,None,01,001,2025-10-01_13h58.21.630,Motor Sequential Learning,,2025.1.1,None,2025-10-01 13h58.34.840380 +0530,
50,c,86,86,24,c,1,0.3244085000042105,None,,,,,24,86,86,2,667.42622175,,667.4146405830033,667.42622175,668.4136570420014,668.4136570420014,668.4136570420014,668.4136570420014,668.4233642920008,669.413362457999,669.413362457999,669.7415881670022,,,,,c,1,0.3244085000042105,None,01,001,2025-10-01_13h58.21.630,Motor Sequential Learning,,2025.1.1,None,2025-10-01 13h58.34.840380 +0530,
150,v,87,87,22,v,1,0.3557088330053375,None,,,,,22,87,87,1,669.7512018749985,,669.7421763329985,669.7512018749985,670.7401211670003,670.7401211670003,670.7401211670003,670.7401211670003,670.7467984169998,671.7399718750021,671.7399718750021,672.1082205420025,,,,,v,1,0.3557088330053375,None,01,001,2025-10-01_13h58.21.630,Motor Sequential Learning,,2025.1.1,None,2025-10-01 13h58.34.840380 +0530,
150,v,88,88,23,v,1,0.4158646249998128,None,,,,,23,88,88,1,672.1186416249984,,672.1089448330022,672.1186416249984,673.1066414169982,673.1066414169982,673.1066414169982,673.1066414169982,673.1121976249997,674.1067494169984,674.1067494169984,674.5254457920018,,,,,v,1,0.4158646249998128,None,01,001,2025-10-01_13h58.21.630,Motor Sequential Learning,,2025.1.1,None,2025-10-01 13h58.34.840380 +0530,
-150,z,89,89,20,z,1,0.580590540994308,None,,,,,20,89,89,3,674.5360071250034,,674.5263154170025,674.5360071250034,675.5235482499993,675.5235482499993,675.5235482499993,675.5235482499993,675.5302068750025,676.5231627079993,676.5231627079993,677.1081950829976,,,,,z,1,0.580590540994308,None,01,001,2025-10-01_13h58.21.630,Motor Sequential Learning,,2025.1.1,None,2025-10-01 13h58.34.840380 +0530,
-50,x,90,90,20,x,1,0.41990358300245134,None,,,,,20,90,90,0,677.1183160829969,,677.1089319579987,677.1183160829969,678.1067463330037,678.1067463330037,678.1067463330037,678.1067463330037,678.1129989170004,679.1066458749992,679.1066458749992,679.5293688329984,,,,,x,1,0.41990358300245134,None,01,001,2025-10-01_13h58.21.630,Motor Sequential Learning,,2025.1.1,None,2025-10-01 13h58.34.840380 +0530,
-50,x,91,91,21,x,1,0.47593579100066563,None,,,,,21,91,91,0,679.5393287080005,,679.5299137080001,679.5393287080005,680.5298285829995,680.5298285829995,680.5298285829995,680.5298285829995,680.5298285829995,681.5295164999989,681.5295164999989,682.0083753330036,,,,,x,1,0.47593579100066563,None,01,001,2025-10-01_13h58.21.630,Motor Sequential Learning,,2025.1.1,None,2025-10-01 13h58.34.840380 +0530,
50,c,92,92,25,c,1,0.5018923750030808,None,,,,,25,92,92,2,682.0180253750004,,682.009028542001,682.0180253750004,683.0065024170035,683.0065024170035,683.0065024170035,683.0065024170035,683.0131239170005,684.0065630419995,684.0065630419995,684.5138252500037,,,,,c,1,0.5018923750030808,None,01,001,2025-10-01_13h58.21.630,Motor Sequential Learning,,2025.1.1,None,2025-10-01 13h58.34.840380 +0530,
-50,x,93,93,22,x,1,0.4849657499944442,None,,,,,22,93,93,0,684.5225413750013,,684.5141921250033,684.5225413750013,685.5139875000023,685.5139875000023,685.5139875000023,685.5139875000023,685.5139875000023,686.5124894170003,686.5124894170003,687.0079469170014,,,,,x,1,0.4849657499944442,None,01,001,2025-10-01_13h58.21.630,Motor Sequential Learning,,2025.1.1,None,2025-10-01 13h58.34.840380 +0530,
-50,x,94,94,23,x,1,0.43386474900034955,None,,,,,23,94,94,0,687.0176750419996,,687.0085082079968,687.0176750419996,688.0065793750036,688.0065793750036,688.0065793750036,688.0065793750036,688.0125720420037,689.0064723329997,689.0064723329997,689.4455000829985,,,,,x,1,0.43386474900034955,None,01,001,2025-10-01_13h58.21.630,Motor Sequential Learning,,2025.1.1,None,2025-10-01 13h58.34.840380 +0530,
-150,z,95,95,21,z,1,0.32355224899947643,None,,,,,21,95,95,3,689.4554755830031,,689.4459956249993,689.4554755830031,690.4455578330017,690.4455578330017,690.4455578330017,690.4455578330017,690.4455578330017,691.4397262499988,691.4397262499988,691.7745293330008,,,,,z,1,0.32355224899947643,None,01,001,2025-10-01_13h58.21.630,Motor Sequential Learning,,2025.1.1,None,2025-10-01 13h58.34.840380 +0530,
150,v,96,96,24,v,1,0.43819874900509603,None,,,,,24,96,96,1,691.7847125420012,,691.7750502499985,691.7847125420012,692.7732007079976,692.7732007079976,692.7732007079976,692.7732007079976,692.7791502499967,693.7730796250034,693.7730796250034,694.2137066670039,,,,,v,1,0.43819874900509603,None,01,001,2025-10-01_13h58.21.630,Motor Sequential Learning,,2025.1.1,None,2025-10-01 13h58.34.840380 +0530,
150,v,97,97,25,v,1,0.41515504099515965,None,,,,,25,97,97,1,694.2401803329994,,694.2141923750023,694.2401803329994,695.2135645829985,695.2135645829985,695.2135645829985,695.2135645829985,695.2275763330035,696.2129685000036,696.2129685000036,696.6299695420021,,,,,v,1,0.41515504099515965,None,01,001,2025-10-01_13h58.21.630,Motor Sequential Learning,,2025.1.1,None,2025-10-01 13h58.34.840380 +0530,
-150,z,98,98,22,z,1,0.551948790998722,None,,,,,22,98,98,3,696.6394847499978,,696.6304922080017,696.6394847499978,697.6299434579996,697.6299434579996,697.6299434579996,697.6299434579996,697.6299434579996,698.6231215419975,698.6231215419975,699.1805775829998,,,,,z,1,0.551948790998722,None,01,001,2025-10-01_13h58.21.630,Motor Sequential Learning,,2025.1.1,None,2025-10-01 13h58.34.840380 +0530,
-150,z,99,99,23,z,1,0.46709316600026796,None,,,,,23,99,99,3,699.2067600829978,,699.1810718330016,699.2067600829978,700.1790588329968,700.1790588329968,700.1790588329968,700.1790588329968,700.1951960000006,701.1809611249992,701.1809611249992,701.6582259999996,,,,,z,1,0.46709316600026796,None,01,001,2025-10-01_13h58.21.630,Motor Sequential Learning,,2025.1.1,None,2025-10-01 13h58.34.840380 +0530,
150,v,100,100,26,v,1,0.30761270799848717,None,,,,,26,100,100,1,701.6683754580008,,701.6589997920019,701.6683754580008,702.6565668749972,702.6565668749972,702.6565668749972,702.6565668749972,702.6617982079988,703.6564274170014,703.6564274170014,703.9747477920027,,,,,v,1,0.30761270799848717,None,01,001,2025-10-01_13h58.21.630,Motor Sequential Learning,,2025.1.1,None,2025-10-01 13h58.34.840380 +0530,
-150,z,101,101,24,c,0,0.7369642910052789,None,,,,,24,101,101,3,703.9849619169981,,703.975442666997,703.9849619169981,704.9733179169998,704.9733179169998,704.9733179169998,704.9733179169998,704.979319625003,705.9730180830011,705.9730180830011,706.7131897500003,,,,,c,0,0.7369642910052789,None,01,001,2025-10-01_13h58.21.630,Motor Sequential Learning,,2025.1.1,None,2025-10-01 13h58.34.840380 +0530,
-150,z,102,102,25,z,1,0.4033162909981911,None,,,,,25,102,102,3,706.7229585829991,,706.7137353330036,706.7229585829991,707.7129216250032,707.7129216250032,707.7129216250032,707.7129216250032,707.7129216250032,708.7125960830017,708.7125960830017,709.1247803750011,,,,,z,1,0.4033162909981911,None,01,001,2025-10-01_13h58.21.630,Motor Sequential Learning,,2025.1.1,None,2025-10-01 13h58.34.840380 +0530,
50,c,103,103,26,c,1,0.35993458300072234,None,,,,,26,103,103,2,709.1349114170007,,709.1255454170023,709.1349114170007,710.1231347080029,710.1231347080029,710.1231347080029,710.1231347080029,710.1287214999975,711.122960875,711.122960875,711.4911635829994,,,,,c,1,0.35993458300072234,None,01,001,2025-10-01_13h58.21.630,Motor Sequential Learning,,2025.1.1,None,2025-10-01 13h58.34.840380 +0530,
50,c,104,104,27,c,1,0.39524525000160793,None,,,,,27,104,104,2,711.5012657499974,,711.4918866669977,711.5012657499974,712.4896372080038,712.4896372080038,712.4896372080038,712.4896372080038,712.4948038750008,713.4896046670037,713.4896046670037,713.8910160829982,,,,,c,1,0.39524525000160793,None,01,001,2025-10-01_13h58.21.630,Motor Sequential Learning,,2025.1.1,None,2025-10-01 13h58.34.840380 +0530,
-150,z,105,105,26,z,1,0.8792632500044419,None,,,,,26,105,105,3,713.9004074170007,,713.8915226669997,713.9004074170007,714.8894946250002,714.8894946250002,714.8894946250002,714.8894946250002,714.8945917500023,715.8895744580004,715.8895744580004,716.7748110829998,,,,,z,1,0.8792632500044419,None,01,001,2025-10-01_13h58.21.630,Motor Sequential Learning,,2025.1.1,None,2025-10-01 13h58.34.840380 +0530,
50,c,106,106,28,c,1,0.48478829200030304,None,,,,,28,106,106,2,716.7848742920032,,716.7755129170037,716.7848742920032,717.773111333001,717.773111333001,717.773111333001,717.773111333001,717.7795582079998,718.7729120000004,718.7729120000004,719.2632985419987,,,,,c,1,0.48478829200030304,None,01,001,2025-10-01_13h58.21.630,Motor Sequential Learning,,2025.1.1,None,2025-10-01 13h58.34.840380 +0530,
-150,z,107,107,27,z,1,0.6953301670000656,None,,,,,27,107,107,3,719.2728256249975,,719.2637904169969,719.2728256249975,720.2630684169999,720.2630684169999,720.2630684169999,720.2630684169999,720.2630684169999,721.2622831670014,721.2622831670014,721.963529624998,,,,,z,1,0.6953301670000656,None,01,001,2025-10-01_13h58.21.630,Motor Sequential Learning,,2025.1.1,None,2025-10-01 13h58.34.840380 +0530,
-50,x,108,108,24,x,1,0.8482947500015143,None,,,,,24,108,108,0,721.9730277080016,,721.9640398330012,721.9730277080016,722.962332791998,722.962332791998,722.962332791998,722.962332791998,722.962332791998,723.9563043750022,723.9563043750022,724.8075101249997,,,,,x,1,0.8482947500015143,None,01,001,2025-10-01_13h58.21.630,Motor Sequential Learning,,2025.1.1,None,2025-10-01 13h58.34.840380 +0530,
-50,x,109,109,25,x,1,0.514929500001017,None,,,,,25,109,109,0,724.8173775000032,,724.8081071249981,724.8173775000032,725.8055709999971,725.8055709999971,725.8055709999971,725.8055709999971,725.811308999997,726.8065534170019,726.8065534170019,727.3243405419998,,,,,x,1,0.514929500001017,None,01,001,2025-10-01_13h58.21.630,Motor Sequential Learning,,2025.1.1,None,2025-10-01 13h58.34.840380 +0530,
-150,z,110,110,28,z,1,0.5635760000004666,None,,,,,28,110,110,3,727.3343838330038,,727.3248447919977,727.3343838330038,728.3227625829968,728.3227625829968,728.3227625829968,728.3227625829968,728.3279120000007,729.3228806670013,729.3228806670013,729.8911541670022,,,,,z,1,0.5635760000004666,None,01,001,2025-10-01_13h58.21.630,Motor Sequential Learning,,2025.1.1,None,2025-10-01 13h58.34.840380 +0530,
50,c,111,111,29,c,1,0.47587629099871265,None,,,,,29,111,111,2,729.9018818330005,,729.891821833,729.9018818330005,730.8893986670009,730.8893986670009,730.8893986670009,730.8893986670009,730.8949350420007,731.8894568750038,731.8894568750038,732.3741595419997,,,,,c,1,0.47587629099871265,None,01,001,2025-10-01_13h58.21.630,Motor Sequential Learning,,2025.1.1,None,2025-10-01 13h58.34.840380 +0530,
-150,z,112,112,29,z,1,0.9754615830024704,None,,,,,29,112,112,3,732.3847329580021,,732.3747594579982,732.3847329580021,733.3729560420034,733.3729560420034,733.3729560420034,733.3729560420034,733.3794070000004,734.3728366670039,734.3728366670039,735.3576299580018,,,,,z,1,0.9754615830024704,None,01,001,2025-10-01_13h58.21.630,Motor Sequential Learning,,2025.1.1,None,2025-10-01 13h58.34.840380 +0530,
-50,x,113,113,26,x,1,0.436178750002,None,,,,,26,113,113,0,735.3677974169987,,735.358167958002,735.3677974169987,736.356186750003,736.356186750003,736.356186750003,736.356186750003,736.3619395420028,737.3561203330028,737.3561203330028,737.797517125,,,,,x,1,0.436178750002,None,01,001,2025-10-01_13h58.21.630,Motor Sequential Learning,,2025.1.1,None,2025-10-01 13h58.34.840380 +0530,
-150,z,114,114,30,z,1,0.476623374997871,None,,,,,30,114,114,3,737.8094640420022,,737.7980090420024,737.8094640420022,738.7967962920011,738.7967962920011,738.7967962920011,738.7967962920011,738.8060167500007,739.7955873329993,739.7955873329993,740.2742500000022,,,,,z,1,0.476623374997871,None,01,001,2025-10-01_13h58.21.630,Motor Sequential Learning,,2025.1.1,None,2025-10-01 13h58.34.840380 +0530,
-50,x,115,115,27,x,1,0.7635044999988168,None,,,,,27,115,115,0,740.2840955420033,,740.2747799170029,740.2840955420033,741.2729993329995,741.2729993329995,741.2729993329995,741.2729993329995,741.2789697920016,742.2726260420022,742.2726260420022,743.0411028750023,,,,,x,1,0.7635044999988168,None,01,001,2025-10-01_13h58.21.630,Motor Sequential Learning,,2025.1.1,None,2025-10-01 13h58.34.840380 +0530,
-50,x,116,116,28,x,1,0.43850620800367324,None,,,,,28,116,116,0,743.0516783330022,,743.0418155000007,743.0516783330022,744.039391708,744.039391708,744.039391708,744.039391708,744.0440590829967,745.039486499998,745.039486499998,745.4911451669977,,,,,x,1,0.43850620800367324,None,01,001,2025-10-01_13h58.21.630,Motor Sequential Learning,,2025.1.1,None,2025-10-01 13h58.34.840380 +0530,
-150,z,117,117,31,z,1,0.39249754099728307,None,,,,,31,117,117,3,745.5014584579985,,745.4918445000003,745.5014584579985,746.4892231249978,746.4892231249978,746.4892231249978,746.4892231249978,746.4939443749972,747.4895577920033,747.4895577920033,747.8907214999999,,,,,z,1,0.39249754099728307,None,01,001,2025-10-01_13h58.21.630,Motor Sequential Learning,,2025.1.1,None,2025-10-01 13h58.34.840380 +0530,
50,c,118,118,30,c,1,0.2787339159986004,None,,,,,30,118,118,2,747.9015479169975,,747.8912869999986,747.9015479169975,748.8892330829985,748.8892330829985,748.8892330829985,748.8892330829985,748.8941464579984,749.8893264170038,749.8893264170038,750.174452332998,,,,,c,1,0.2787339159986004,None,01,001,2025-10-01_13h58.21.630,Motor Sequential Learning,,2025.1.1,None,2025-10-01 13h58.34.840380 +0530,
-50,x,119,119,29,x,1,0.6722537910027313,None,,,,,29,119,119,0,750.184805249999,,750.1751940419999,750.184805249999,751.1727609579975,751.1727609579975,751.1727609579975,751.1727609579975,751.1785417499996,752.1726646250027,752.1726646250027,752.846263667001,,,,,x,1,0.6722537910027313,None,01,001,2025-10-01_13h58.21.630,Motor Sequential Learning,,2025.1.1,None,2025-10-01 13h58.34.840380 +0530,
-50,x,120,120,30,x,1,0.3432347909983946,None,,,,,30,120,120,0,752.8557280829991,,752.8467669169986,752.8557280829991,753.8462231250014,753.8462231250014,753.8462231250014,753.8462231250014,753.8462231250014,754.8458532500008,754.8458532500008,755.1909754579974,,,,,x,1,0.3432347909983946,None,01,001,2025-10-01_13h58.21.630,Motor Sequential Learning,,2025.1.1,None,2025-10-01 13h58.34.840380 +0530,
50,c,121,121,31,c,1,0.4013157079971279,None,,,,,31,121,121,2,755.2014985420028,,755.1917616249993,755.2014985420028,756.1892352499999,756.1892352499999,756.1892352499999,756.1892352499999,756.1946353750027,757.1894139170035,757.1894139170035,757.5951356669975,,,,,c,1,0.4013157079971279,None,01,001,2025-10-01_13h58.21.630,Motor Sequential Learning,,2025.1.1,None,2025-10-01 13h58.34.840380 +0530,
50,c,122,122,32,c,1,0.3755266239968478,None,,,,,32,122,122,2,757.605473458003,,757.5955432499977,757.605473458003,758.5892726250022,758.5892726250022,758.5892726250022,758.5892726250022,758.5948025000034,759.5962852500015,759.5962852500015,759.973938916999,,,,,c,1,0.3755266239968478,None,01,001,2025-10-01_13h58.21.630,Motor Sequential Learning,,2025.1.1,None,2025-10-01 13h58.34.840380 +0530,
-150,z,123,123,32,z,1,0.5180816669962951,None,,,,,32,123,123,3,759.9840507499976,,759.9746040000027,759.9840507499976,760.9727138329981,760.9727138329981,760.9727138329981,760.9727138329981,760.979191958002,761.9725897079988,761.9725897079988,762.4961645419971,,,,,z,1,0.5180816669962951,None,01,001,2025-10-01_13h58.21.630,Motor Sequential Learning,,2025.1.1,None,2025-10-01 13h58.34.840380 +0530,
-50,x,124,124,31,c,0,0.3835562910026056,None,,,,,31,124,124,0,762.5227414999972,,762.4966643329972,762.5227414999972,763.4945341670027,763.4945341670027,763.4945341670027,763.4945341670027,763.5114081249994,764.4891017920017,764.4891017920017,764.8743095829996,,,,,c,0,0.3835562910026056,None,01,001,2025-10-01_13h58.21.630,Motor Sequential Learning,,2025.1.1,None,2025-10-01 13h58.34.840380 +0530,
-150,z,125,125,33,z,1,0.3850412910032901,None,,,,,33,125,125,3,764.8846689999991,,764.8749988330019,764.8846689999991,765.8726700420011,765.8726700420011,765.8726700420011,765.8726700420011,765.8793267919973,766.8725187079981,766.8725187079981,767.2627898330029,,,,,z,1,0.3850412910032901,None,01,001,2025-10-01_13h58.21.630,Motor Sequential Learning,,2025.1.1,None,2025-10-01 13h58.34.840380 +0530,
-150,z,126,126,34,z,1,0.4063562910014298,None,,,,,34,126,126,3,767.2893452080025,,767.2633168750035,767.2893452080025,768.261196958003,768.261196958003,768.261196958003,768.261196958003,768.277321583002,769.2621586669993,769.2621586669993,769.674038541998,,,,,z,1,0.4063562910014298,None,01,001,2025-10-01_13h58.21.630,Motor Sequential Learning,,2025.1.1,None,2025-10-01 13h58.34.840380 +0530,
50,c,127,127,33,c,1,0.3761636660055956,None,,,,,33,127,127,2,769.6844989169986,,769.6747353329993,769.6844989169986,770.6724569170037,770.6724569170037,770.6724569170037,770.6724569170037,770.6775733750037,771.6723171670019,771.6723171670019,772.0574255419997,,,,,c,1,0.3761636660055956,None,01,001,2025-10-01_13h58.21.630,Motor Sequential Learning,,2025.1.1,None,2025-10-01 13h58.34.840380 +0530,
-150,z,128,128,35,z,1,0.3206632490037009,None,,,,,35,128,128,3,772.0674348329994,,772.0580619579996,772.0674348329994,773.055865125003,773.055865125003,773.055865125003,773.055865125003,773.0614630830023,774.0557440830016,774.0557440830016,774.3795594170006,,,,,z,1,0.3206632490037009,None,01,001,2025-10-01_13h58.21.630,Motor Sequential Learning,,2025.1.1,None,2025-10-01 13h58.34.840380 +0530,
150,v,129,129,27,v,1,0.43963241599703906,None,,,,,27,129,129,1,774.4059227079997,,774.3800699999993,774.4059227079997,775.378574082999,775.378574082999,775.378574082999,775.378574082999,775.3945796670014,776.3787616670015,776.3787616670015,776.8240718750021,,,,,v,1,0.43963241599703906,None,01,001,2025-10-01_13h58.21.630,Motor Sequential Learning,,2025.1.1,None,2025-10-01 13h58.34.840380 +0530,
50,c,130,130,34,c,1,0.39509062499564607,None,,,,,34,130,130,2,776.8343318330008,,776.8247232499998,776.8343318330008,777.8224549579973,777.8224549579973,777.8224549579973,777.8224549579973,777.8280236670034,778.8223269169976,778.8223269169976,779.2240139580026,,,,,c,1,0.39509062499564607,None,01,001,2025-10-01_13h58.21.630,Motor Sequential Learning,,2025.1.1,None,2025-10-01 13h58.34.840380 +0530,
-150,z,131,131,36,z,1,0.3829459999979008,None,,,,,36,131,131,3,779.2340982919995,,779.2247541670004,779.2340982919995,780.2225402080003,780.2225402080003,780.2225402080003,780.2225402080003,780.2285225829983,781.2223768330005,781.2223768330005,781.6075726670024,,,,,z,1,0.3829459999979008,None,01,001,2025-10-01_13h58.21.630,Motor Sequential Learning,,2025.1.1,None,2025-10-01 13h58.34.840380 +0530,
-150,z,132,132,37,z,1,0.5344512500014389,None,,,,,37,132,132,3,781.6177417080035,,781.6082777499978,781.6177417080035,782.605711958,782.605711958,782.605711958,782.605711958,782.6116999169972,783.6057749169995,783.6057749169995,784.1449013750025,,,,,z,1,0.5344512500014389,None,01,001,2025-10-01_13h58.21.630,Motor Sequential Learning,,2025.1.1,None,2025-10-01 13h58.34.840380 +0530,
150,v,133,133,28,v,1,0.39598095799738076,None,,,,,28,133,133,1,784.1548665829978,,784.1454047919979,784.1548665829978,785.1455733749972,785.1455733749972,785.1455733749972,785.1455733749972,785.1455733749972,786.139181999999,786.139181999999,786.5405720830022,,,,,v,1,0.39598095799738076,None,01,001,2025-10-01_13h58.21.630,Motor Sequential Learning,,2025.1.1,None,2025-10-01 13h58.34.840380 +0530,
150,v,134,134,29,v,1,0.4911235420004232,None,,,,,29,134,134,1,786.5504355000012,,786.541202458,786.5504355000012,787.5391097079992,787.5391097079992,787.5391097079992,787.5391097079992,787.5451249170001,788.5389839580021,788.5389839580021,789.0405223749985,,,,,v,1,0.4911235420004232,None,01,001,2025-10-01_13h58.21.630,Motor Sequential Learning,,2025.1.1,None,2025-10-01 13h58.34.840380 +0530,
150,v,135,135,30,v,1,0.44414074999804143,None,,,,,30,135,135,1,789.0519755830028,,789.0412688750002,789.0519755830028,790.0388202079994,790.0388202079994,790.0388202079994,790.0388202079994,790.0433857919998,791.0389492079994,791.0389492079994,791.4903156250002,,,,,v,1,0.44414074999804143,None,01,001,2025-10-01_13h58.21.630,Motor Sequential Learning,,2025.1.1,None,2025-10-01 13h58.34.840380 +0530,
50,c,136,136,35,c,1,0.4760957909966237,None,,,,,35,136,136,2,791.5004676669996,,791.4908850420034,791.5004676669996,792.4891367500022,792.4891367500022,792.4891367500022,792.4891367500022,792.4955997500001,793.4888520000022,793.4888520000022,793.9736288330023,,,,,c,1,0.4760957909966237,None,01,001,2025-10-01_13h58.21.630,Motor Sequential Learning,,2025.1.1,None,2025-10-01 13h58.34.840380 +0530,
-150,z,137,137,38,z,1,0.34098304100189125,None,,,,,38,137,137,3,793.9833926670035,,793.9742132079991,793.9833926670035,794.9722875419975,794.9722875419975,794.9722875419975,794.9722875419975,794.9789875830029,795.9723087500024,795.9723087500024,796.3238591249974,,,,,z,1,0.34098304100189125,None,01,001,2025-10-01_13h58.21.630,Motor Sequential Learning,,2025.1.1,None,2025-10-01 13h58.34.840380 +0530,
-150,z,138,138,39,z,1,0.3825083330011694,None,,,,,39,138,138,3,796.3339723329991,,796.3244436250025,796.3339723329991,797.322210833001,797.322210833001,797.322210833001,797.322210833001,797.3295641250006,798.3222708329995,798.3222708329995,798.7070987499974,,,,,z,1,0.3825083330011694,None,01,001,2025-10-01_13h58.21.630,Motor Sequential Learning,,2025.1.1,None,2025-10-01 13h58.34.840380 +0530,
150,v,139,139,31,v,1,1.2812742499954766,None,,,,,31,139,139,1,798.7174200829977,,798.7076480000032,798.7174200829977,799.7056364579985,799.7056364579985,799.7056364579985,799.7056364579985,799.7118299170033,800.705477208001,800.705477208001,801.9907657919975,,,,,v,1,1.2812742499954766,None,01,001,2025-10-01_13h58.21.630,Motor Sequential Learning,,2025.1.1,None,2025-10-01 13h58.34.840380 +0530,
50,c,140,140,36,c,1,0.41815549999591894,None,,,,,36,140,140,2,802.0012425000023,,801.9914745420028,802.0012425000023,802.9892679999975,802.9892679999975,802.9892679999975,802.9892679999975,802.9959453330011,803.988892292,803.988892292,804.4123315000033,,,,,c,1,0.41815549999591894,None,01,001,2025-10-01_13h58.21.630,Motor Sequential Learning,,2025.1.1,None,2025-10-01 13h58.34.840380 +0530,
150,v,141,141,32,v,1,0.35511945799953537,None,,,,,32,141,141,1,804.422094542002,,804.4128467920018,804.422094542002,805.410544792001,805.410544792001,805.410544792001,805.410544792001,805.410544792001,806.4055686670035,806.4055686670035,806.773694042,,,,,v,1,0.35511945799953537,None,01,001,2025-10-01_13h58.21.630,Motor Sequential Learning,,2025.1.1,None,2025-10-01 13h58.34.840380 +0530,
-150,z,142,142,40,z,1,0.4635255829998641,None,,,,,40,142,142,3,806.7837843750021,,806.7744380000004,806.7837843750021,807.7722205829996,807.7722205829996,807.7722205829996,807.7722205829996,807.7774388329999,808.7721155000036,808.7721155000036,809.2404310830025,,,,,z,1,0.4635255829998641,None,01,001,2025-10-01_13h58.21.630,Motor Sequential Learning,,2025.1.1,None,2025-10-01 13h58.34.840380 +0530,
-50,x,143,143,32,x,1,0.3548379989952082,None,,,,,32,143,143,0,809.2509290419985,,809.2411680419973,809.2509290419985,810.2389675000013,810.2389675000013,810.2389675000013,810.2389675000013,810.2456335419993,811.2387754579977,811.2387754579977,811.5950116669992,,,,,x,1,0.3548379989952082,None,01,001,2025-10-01_13h58.21.630,Motor Sequential Learning,,2025.1.1,None,2025-10-01 13h58.34.840380 +0530,
50,c,144,144,37,c,1,0.4135844990014448,None,,,,,37,144,144,2,811.6048663749971,,811.5954835000011,811.6048663749971,812.5953436249983,812.5953436249983,812.5953436249983,812.5953436249983,812.5953436249983,813.5949294579987,813.5949294579987,814.0119158750022,,,,,c,1,0.4135844990014448,None,01,001,2025-10-01_13h58.21.630,Motor Sequential Learning,,2025.1.1,None,2025-10-01 13h58.34.840380 +0530,
50,c,145,145,38,c,1,0.43409466600132873,None,,,,,38,145,145,2,814.0388218329972,,814.012415666999,814.0388218329972,815.0115375000023,815.0115375000023,815.0115375000023,815.0115375000023,815.027189708002,816.0054031250038,816.0054031250038,816.4454536249978,,,,,c,1,0.43409466600132873,None,01,001,2025-10-01_13h58.21.630,Motor Sequential Learning,,2025.1.1,None,2025-10-01 13h58.34.840380 +0530,
150,v,146,146,33,v,1,0.35227808299532626,None,,,,,33,146,146,1,816.4549774999978,,816.4459601670023,816.4549774999978,817.4452262080013,817.4452262080013,817.4452262080013,817.4452262080013,817.4452262080013,818.4451287499978,818.4451287499978,818.8071078749999,,,,,v,1,0.35227808299532626,None,01,001,2025-10-01_13h58.21.630,Motor Sequential Learning,,2025.1.1,None,2025-10-01 13h58.34.840380 +0530,
-50,x,147,147,33,x,1,0.48085995799920056,None,,,,,33,147,147,0,818.8173374170001,,818.807828750003,818.8173374170001,819.8055858750013,819.8055858750013,819.8055858750013,819.8055858750013,819.8122396670005,820.8054693750018,820.8054693750018,821.2903369999985,,,,,x,1,0.48085995799920056,None,01,001,2025-10-01_13h58.21.630,Motor Sequential Learning,,2025.1.1,None,2025-10-01 13h58.34.840380 +0530,
150,v,148,148,34,v,1,0.3797378329982166,None,,,,,34,148,148,1,821.299992041997,,821.2909463329997,821.299992041997,822.2886783330032,822.2886783330032,822.2886783330032,822.2886783330032,822.2944402920039,823.2885269580001,823.2885269580001,823.6735668330002,,,,,v,1,0.3797378329982166,None,01,001,2025-10-01_13h58.21.630,Motor Sequential Learning,,2025.1.1,None,2025-10-01 13h58.34.840380 +0530,
-50,x,149,149,34,x,1,0.5721572080001351,None,,,,,34,149,149,0,823.683443791997,,823.6742712499981,823.683443791997,824.6720672500014,824.6720672500014,824.6720672500014,824.6720672500014,824.6775955420017,825.671957999999,825.671957999999,826.2569783750005,,,,,x,1,0.5721572080001351,None,01,001,2025-10-01_13h58.21.630,Motor Sequential Learning,,2025.1.1,None,2025-10-01 13h58.34.840380 +0530,
-50,x,150,150,35,x,1,0.4835990830033552,None,,,,,35,150,150,0,826.2673397920007,,826.2577172919991,826.2673397920007,827.2553351669994,827.2553351669994,827.2553351669994,827.2553351669994,827.2613671669969,828.2551456669971,828.2551456669971,828.7441221670015,,,,,x,1,0.4835990830033552,None,01,001,2025-10-01_13h58.21.630,Motor Sequential Learning,,2025.1.1,None,2025-10-01 13h58.34.840380 +0530,
150,v,151,151,35,v,1,0.4854525829941849,None,,,,,35,151,151,1,828.7542534579989,,828.7446181249979,828.7542534579989,829.7449925000037,829.7449925000037,829.7449925000037,829.7449925000037,829.7449925000037,830.7386981669988,830.7386981669988,831.2286417080031,,,,,v,1,0.4854525829941849,None,01,001,2025-10-01_13h58.21.630,Motor Sequential Learning,,2025.1.1,None,2025-10-01 13h58.34.840380 +0530,
50,c,152,152,39,c,1,1.2001426240021829,None,,,,,39,152,152,2,831.2381876250001,,831.229055374999,831.2381876250001,832.2284090829999,832.2284090829999,832.2284090829999,832.2284090829999,832.2284090829999,833.2289559580022,833.2289559580022,834.4399753329999,,,,,c,1,1.2001426240021829,None,01,001,2025-10-01_13h58.21.630,Motor Sequential Learning,,2025.1.1,None,2025-10-01 13h58.34.840380 +0530,
50,c,153,153,40,c,1,0.396477792004589,None,,,,,40,153,153,2,834.4499514999989,,834.4405172080005,834.4499514999989,835.438449041998,835.438449041998,835.438449041998,835.438449041998,835.4442061669979,836.4385496670002,836.4385496670002,836.8401927500017,,,,,c,1,0.396477792004589,None,01,001,2025-10-01_13h58.21.630,Motor Sequential Learning,,2025.1.1,None,2025-10-01 13h58.34.840380 +0530,
-50,x,154,154,36,z,0,0.32843824999872595,None,,,,,36,154,154,0,836.8506858330002,,836.8410579999982,836.8506858330002,837.8384912499969,837.8384912499969,837.8384912499969,837.8384912499969,837.8450762499997,838.8385606669981,838.8385606669981,839.1735771669992,,,,,z,0,0.32843824999872595,None,01,001,2025-10-01_13h58.21.630,Motor Sequential Learning,,2025.1.1,None,2025-10-01 13h58.34.840380 +0530,
150,v,155,155,36,v,1,0.4039717080013361,None,,,,,36,155,155,1,839.1838389170007,,839.1744277920006,839.1838389170007,840.171999582999,840.171999582999,840.171999582999,840.171999582999,840.177584750003,841.1719290000037,841.1719290000037,841.5794675420038,,,,,v,1,0.4039717080013361,None,01,001,2025-10-01_13h58.21.630,Motor Sequential Learning,,2025.1.1,None,2025-10-01 13h58.34.840380 +0530,
150,v,156,156,37,v,1,0.41379070800030604,None,,,,,37,156,156,1,841.5914914579989,,841.5799605830034,841.5914914579989,842.5783002500029,842.5783002500029,842.5783002500029,842.5783002500029,842.5884595419993,843.5791342919983,843.5791342919983,843.9963544170023,,,,,v,1,0.41379070800030604,None,01,001,2025-10-01_13h58.21.630,Motor Sequential Learning,,2025.1.1,None,2025-10-01 13h58.34.840380 +0530,
50,c,157,157,41,c,1,0.5194721660009236,None,,,,,41,157,157,2,844.0081474580002,,843.9968468329971,844.0081474580002,844.9949571670004,844.9949571670004,844.9949571670004,844.9949571670004,845.0050625419972,845.9953017500011,845.9953017500011,846.5230562919969,,,,,c,1,0.5194721660009236,None,01,001,2025-10-01_13h58.21.630,Motor Sequential Learning,,2025.1.1,None,2025-10-01 13h58.34.840380 +0530,
150,v,158,158,38,v,1,0.47800016600376694,None,,,,,38,158,158,1,846.5325140830028,,846.523603374997,846.5325140830028,847.5216259169974,847.5216259169974,847.5216259169974,847.5216259169974,847.5267202920004,848.5217404580035,848.5217404580035,849.0066636249976,,,,,v,1,0.47800016600376694,None,01,001,2025-10-01_13h58.21.630,Motor Sequential Learning,,2025.1.1,None,2025-10-01 13h58.34.840380 +0530,
150,v,159,159,39,v,1,0.35437862500111805,None,,,,,39,159,159,1,849.0163503329968,,849.0072291670003,849.0163503329968,850.005137125001,850.005137125001,850.005137125001,850.005137125001,850.0109592500012,851.0053364580017,851.0053364580017,851.3614665420027,,,,,v,1,0.35437862500111805,None,01,001,2025-10-01_13h58.21.630,Motor Sequential Learning,,2025.1.1,None,2025-10-01 13h58.34.840380 +0530,
50,c,160,160,42,c,1,0.4461338750043069,None,,,,,42,160,160,2,851.3713256249976,,851.3619983329991,851.3713256249976,852.3618267080019,852.3618267080019,852.3618267080019,852.3618267080019,852.3618267080019,853.3614958329999,853.3614958329999,853.8108707499996,,,,,c,1,0.4461338750043069,None,01,001,2025-10-01_13h58.21.630,Motor Sequential Learning,,2025.1.1,None,2025-10-01 13h58.34.840380 +0530,
-50,x,161,161,37,x,1,0.368420500002685,None,,,,,37,161,161,0,853.8206869999995,,853.8113607499981,853.8206869999995,854.8110182079981,854.8110182079981,854.8110182079981,854.8110182079981,854.8110182079981,855.8050996250022,855.8050996250022,856.1786816669992,,,,,x,1,0.368420500002685,None,01,001,2025-10-01_13h58.21.630,Motor Sequential Learning,,2025.1.1,None,2025-10-01 13h58.34.840380 +0530,
150,v,162,162,40,v,1,0.35844970800098963,None,,,,,40,162,162,1,856.1875494170017,,856.1792137919983,856.1875494170017,857.1780605000022,857.1780605000022,857.1780605000022,857.1780605000022,857.1780605000022,858.1716254580024,858.1716254580024,858.5400534169967,,,,,v,1,0.35844970800098963,None,01,001,2025-10-01_13h58.21.630,Motor Sequential Learning,,2025.1.1,None,2025-10-01 13h58.34.840380 +0530,
150,v,163,163,41,v,1,0.6132287500004168,None,,,,,41,163,163,1,858.5490678330025,,858.5407044579988,858.5490678330025,859.5384168329983,859.5384168329983,859.5384168329983,859.5384168329983,859.5427542920006,860.538270625002,860.538270625002,861.1567839999989,,,,,v,1,0.6132287500004168,None,01,001,2025-10-01_13h58.21.630,Motor Sequential Learning,,2025.1.1,None,2025-10-01 13h58.34.840380 +0530,
-150,z,164,164,41,z,1,0.40848604200436966,None,,,,,41,164,164,3,861.1661145000035,,861.1574112919989,861.1661145000035,862.1552399170032,862.1552399170032,862.1552399170032,862.1552399170032,862.161734082998,863.1549304579967,863.1549304579967,863.5731258329979,,,,,z,1,0.40848604200436966,None,01,001,2025-10-01_13h58.21.630,Motor Sequential Learning,,2025.1.1,None,2025-10-01 13h58.34.840380 +0530,
-50,x,165,165,38,x,1,0.8968664580024779,None,,,,,38,165,165,0,863.5834571669984,,863.5738386250014,863.5834571669984,864.5717153750011,864.5717153750011,864.5717153750011,864.5717153750011,864.577932375003,865.5715048749989,865.5715048749989,866.4733184580036,,,,,x,1,0.8968664580024779,None,01,001,2025-10-01_13h58.21.630,Motor Sequential Learning,,2025.1.1,None,2025-10-01 13h58.34.840380 +0530,
-50,x,166,166,39,x,1,0.4958436660017469,None,,,,,39,166,166,0,866.4831942500023,,866.4741028749995,866.4831942500023,867.4717345829995,867.4717345829995,867.4717345829995,867.4717345829995,867.478555499998,868.4715442500019,868.4715442500019,868.9731147920029,,,,,x,1,0.4958436660017469,None,01,001,2025-10-01_13h58.21.630,Motor Sequential Learning,,2025.1.1,None,2025-10-01 13h58.34.840380 +0530,
150,v,167,167,42,v,1,0.3827137490006862,None,,,,,42,167,167,1,868.9831302500024,,868.9738263749969,868.9831302500024,869.9715922920004,869.9715922920004,869.9715922920004,869.9715922920004,869.9767052500029,870.9715076249995,870.9715076249995,871.3565880000024,,,,,v,1,0.3827137490006862,None,01,001,2025-10-01_13h58.21.630,Motor Sequential Learning,,2025.1.1,None,2025-10-01 13h58.34.840380 +0530,
50,c,168,168,43,c,1,0.47034370800247416,None,,,,,43,168,168,2,871.3667750000022,,871.3573198750018,871.3667750000022,872.3549655419993,872.3549655419993,872.3549655419993,872.3549655419993,872.3605308749975,873.3548494170027,873.3548494170027,873.8283999170017,,,,,c,1,0.47034370800247416,None,01,001,2025-10-01_13h58.21.630,Motor Sequential Learning,,2025.1.1,None,2025-10-01 13h58.34.840380 +0530,
150,v,169,169,43,v,1,0.3662445410009241,None,,,,,43,169,169,1,873.8379045420006,,873.8288880830005,873.8379045420006,874.8274973750013,874.8274973750013,874.8274973750013,874.8274973750013,874.8274973750013,875.8278279169972,875.8278279169972,876.2065737079974,,,,,v,1,0.3662445410009241,None,01,001,2025-10-01_13h58.21.630,Motor Sequential Learning,,2025.1.1,None,2025-10-01 13h58.34.840380 +0530,
-150,z,170,170,42,z,1,0.46415454099769704,None,,,,,42,170,170,3,876.2162300830023,,876.2071917080029,876.2162300830023,877.2048783749997,877.2048783749997,877.2048783749997,877.2048783749997,877.2106579579995,878.2047852500036,878.2047852500036,878.6727667079977,,,,,z,1,0.46415454099769704,None,01,001,2025-10-01_13h58.21.630,Motor Sequential Learning,,2025.1.1,None,2025-10-01 13h58.34.840380 +0530,
-50,x,171,171,40,x,1,0.4125999169991701,None,,,,,40,171,171,0,878.6826829999991,,878.673335792002,878.6826829999991,879.6713882499971,879.6713882499971,879.6713882499971,879.6713882499971,879.6769213329972,880.6714327079972,880.6714327079972,881.0893957500011,,,,,x,1,0.4125999169991701,None,01,001,2025-10-01_13h58.21.630,Motor Sequential Learning,,2025.1.1,None,2025-10-01 13h58.34.840380 +0530,
150,v,172,172,44,v,1,0.38386912499845494,None,,,,,44,172,172,1,881.0989004169969,,881.089953249997,881.0989004169969,882.0882007499968,882.0882007499968,882.0882007499968,882.0882007499968,882.0939902500031,883.0880888329993,883.0880888329993,883.4782203750001,,,,,v,1,0.38386912499845494,None,01,001,2025-10-01_13h58.21.630,Motor Sequential Learning,,2025.1.1,None,2025-10-01 13h58.34.840380 +0530,
50,c,173,173,44,c,1,0.4054647489974741,None,,,,,44,173,173,2,883.4875985420003,,883.4787251669986,883.4875985420003,884.4792807080012,884.4792807080012,884.4792807080012,884.4792807080012,884.4792807080012,885.477391542001,885.477391542001,885.8896583750029,,,,,c,1,0.4054647489974741,None,01,001,2025-10-01_13h58.21.630,Motor Sequential Learning,,2025.1.1,None,2025-10-01 13h58.34.840380 +0530,
150,v,174,174,45,v,1,0.4809502909993171,None,,,,,45,174,174,1,885.8991662080007,,885.8901714169988,885.8991662080007,886.8880947500002,886.8880947500002,886.8880947500002,886.8880947500002,886.8945014580022,887.8879333329969,887.8879333329969,888.373057124998,,,,,v,1,0.4809502909993171,None,01,001,2025-10-01_13h58.21.630,Motor Sequential Learning,,2025.1.1,None,2025-10-01 13h58.34.840380 +0530,
-50,x,175,175,41,x,1,0.35040391700022155,None,,,,,41,175,175,0,888.3833768330005,,888.3737671249983,888.3833768330005,889.3715935419968,889.3715935419968,889.3715935419968,889.3715935419968,889.3782738329974,890.3712445830024,890.3712445830024,890.728220625002,,,,,x,1,0.35040391700022155,None,01,001,2025-10-01_13h58.21.630,Motor Sequential Learning,,2025.1.1,None,2025-10-01 13h58.34.840380 +0530,
50,c,176,176,45,v,0,0.35799187399970833,None,,,,,45,176,176,2,890.7379843750023,,890.7287414169987,890.7379843750023,891.7285421670022,891.7285421670022,891.7285421670022,891.7285421670022,891.7285421670022,892.7276970419989,892.7276970419989,893.0896108750021,,,,,v,0,0.35799187399970833,None,01,001,2025-10-01_13h58.21.630,Motor Sequential Learning,,2025.1.1,None,2025-10-01 13h58.34.840380 +0530,
-150,z,177,177,43,z,1,0.4685595410046517,None,,,,,43,177,177,3,893.1001743750021,,893.0904532080021,893.1001743750021,894.0881401669976,894.0881401669976,894.0881401669976,894.0881401669976,894.094608833002,895.0879916670019,895.0879916670019,895.5620343749979,,,,,z,1,0.4685595410046517,None,01,001,2025-10-01_13h58.21.630,Motor Sequential Learning,,2025.1.1,None,2025-10-01 13h58.34.840380 +0530,
50,c,178,178,46,c,1,0.36695116700138897,None,,,,,46,178,178,2,895.5881414999967,,895.5625365829983,895.5881414999967,896.5623657500037,896.5623657500037,896.5623657500037,896.5623657500037,896.5757042080004,897.5616235830021,897.5616235830021,897.9397674580032,,,,,c,1,0.36695116700138897,None,01,001,2025-10-01_13h58.21.630,Motor Sequential Learning,,2025.1.1,None,2025-10-01 13h58.34.840380 +0530,
150,v,179,179,46,v,1,0.32466583300265484,None,,,,,46,179,179,1,897.9503037500035,,897.9404694999976,897.9503037500035,898.9380327500039,898.9380327500039,898.9380327500039,898.9380327500039,898.9449420829988,899.937891542002,899.937891542002,900.2735505829987,,,,,v,1,0.32466583300265484,None,01,001,2025-10-01_13h58.21.630,Motor Sequential Learning,,2025.1.1,None,2025-10-01 13h58.34.840380 +0530,
-50,x,180,180,42,x,1,0.4351105829991866,None,,,,,42,180,180,0,900.2841861249981,,900.2744169170037,900.2841861249981,901.2713666249983,901.2713666249983,901.2713666249983,901.2713666249983,901.2763461249997,902.2713014170004,902.2713014170004,902.7113218750019,,,,,x,1,0.4351105829991866,None,01,001,2025-10-01_13h58.21.630,Motor Sequential Learning,,2025.1.1,None,2025-10-01 13h58.34.840380 +0530,
150,v,181,181,47,v,1,0.3984484579996206,None,,,,,47,181,181,1,902.721059083,,902.7118169169989,902.721059083,903.710433041997,903.710433041997,903.710433041997,903.710433041997,903.710433041997,904.7110210419996,904.7110210419996,905.1113790000018,,,,,v,1,0.3984484579996206,None,01,001,2025-10-01_13h58.21.630,Motor Sequential Learning,,2025.1.1,None,2025-10-01 13h58.34.840380 +0530,
-150,z,182,182,44,z,1,0.4799163749994477,None,,,,,44,182,182,3,905.1213161670021,,905.111896082999,905.1213161670021,906.1104262079971,906.1104262079971,906.1104262079971,906.1104262079971,906.1104262079971,907.1115038749995,907.1115038749995,907.5948598329996,,,,,z,1,0.4799163749994477,None,01,001,2025-10-01_13h58.21.630,Motor Sequential Learning,,2025.1.1,None,2025-10-01 13h58.34.840380 +0530,
150,v,183,183,48,v,1,0.6864912080054637,None,,,,,48,183,183,1,907.6046597079985,,907.5954042919984,907.6046597079985,908.5946630000035,908.5946630000035,908.5946630000035,908.5946630000035,908.5946630000035,909.5938754579984,909.5938754579984,910.2897019579977,,,,,v,1,0.6864912080054637,None,01,001,2025-10-01_13h58.21.630,Motor Sequential Learning,,2025.1.1,None,2025-10-01 13h58.34.840380 +0530,
-150,z,184,184,45,z,1,0.5183942079966073,None,,,,,45,184,184,3,910.2995315419976,,910.2903189999997,910.2995315419976,911.2879291670033,911.2879291670033,911.2879291670033,911.2879291670033,911.293718957997,912.2878229999988,912.2878229999988,912.8116173750022,,,,,z,1,0.5183942079966073,None,01,001,2025-10-01_13h58.21.630,Motor Sequential Learning,,2025.1.1,None,2025-10-01 13h58.34.840380 +0530,
-50,x,185,185,43,x,1,0.5882364170029177,None,,,,,43,185,185,0,912.8211699579988,,912.812118875001,912.8211699579988,913.8117122499971,913.8117122499971,913.8117122499971,913.8117122499971,913.8117122499971,914.8110437919968,914.8110437919968,915.4065104580004,,,,,x,1,0.5882364170029177,None,01,001,2025-10-01_13h58.21.630,Motor Sequential Learning,,2025.1.1,None,2025-10-01 13h58.34.840380 +0530,
-50,x,186,186,44,x,1,0.3854245409966097,None,,,,,44,186,186,0,915.4167716250013,,915.4073649580023,915.4167716250013,916.4045081669974,916.4045081669974,916.4045081669974,916.4045081669974,916.4100117920025,917.4046175830008,917.4046175830008,917.7945745830002,,,,,x,1,0.3854245409966097,None,01,001,2025-10-01_13h58.21.630,Motor Sequential Learning,,2025.1.1,None,2025-10-01 13h58.34.840380 +0530,
-150,z,187,187,46,z,1,0.3641195410018554,None,,,,,46,187,187,3,917.8043677079986,,917.795082167002,917.8043677079986,918.7948754169993,918.7948754169993,918.7948754169993,918.7948754169993,918.7948754169993,919.7878436669998,919.7878436669998,920.1562536249985,,,,,z,1,0.3641195410018554,None,01,001,2025-10-01_13h58.21.630,Motor Sequential Learning,,2025.1.1,None,2025-10-01 13h58.34.840380 +0530,
150,v,188,188,49,v,1,0.4193180410002242,None,,,,,49,188,188,1,920.1667373750024,,920.1571197919984,920.1667373750024,921.1544692500029,921.1544692500029,921.1544692500029,921.1544692500029,921.1596851670038,922.1546093750003,922.1546093750003,922.5778898330027,,,,,v,1,0.4193180410002242,None,01,001,2025-10-01_13h58.21.630,Motor Sequential Learning,,2025.1.1,None,2025-10-01 13h58.34.840380 +0530,
50,c,189,189,47,c,1,0.5425164159969427,None,,,,,47,189,189,2,922.5878125000017,,922.5784029580027,922.5878125000017,923.5771814999971,923.5771814999971,923.5771814999971,923.5771814999971,923.5771814999971,924.5774910830005,924.5774910830005,925.1227380420023,,,,,c,1,0.5425164159969427,None,01,001,2025-10-01_13h58.21.630,Motor Sequential Learning,,2025.1.1,None,2025-10-01 13h58.34.840380 +0530,
-50,x,190,190,45,x,1,0.6251723750028759,None,,,,,45,190,190,0,925.1329842080013,,925.1234512500014,925.1329842080013,926.1211180419996,926.1211180419996,926.1211180419996,926.1211180419996,926.1268919170034,927.121000166997,927.121000166997,927.7560622079982,,,,,x,1,0.6251723750028759,None,01,001,2025-10-01_13h58.21.630,Motor Sequential Learning,,2025.1.1,None,2025-10-01 13h58.34.840380 +0530,
-50,x,191,191,46,x,1,0.3934321669948986,None,,,,,46,191,191,0,927.7666374999972,,927.7568079580014,927.7666374999972,928.7546067500007,928.7546067500007,928.7546067500007,928.7546067500007,928.7606577499973,929.7544940000007,929.7544940000007,930.1561376669997,,,,,x,1,0.3934321669948986,None,01,001,2025-10-01_13h58.21.630,Motor Sequential Learning,,2025.1.1,None,2025-10-01 13h58.34.840380 +0530,
-50,x,192,192,47,x,1,0.3547930409986293,None,,,,,47,192,192,0,930.1669312079975,,930.1567865830002,930.1669312079975,931.1544394579978,931.1544394579978,931.1544394579978,931.1544394579978,931.1595965000015,932.1543084169971,932.1543084169971,932.5111262920036,,,,,x,1,0.3547930409986293,None,01,001,2025-10-01_13h58.21.630,Motor Sequential Learning,,2025.1.1,None,2025-10-01 13h58.34.840380 +0530,
50,c,193,193,48,c,1,0.7403965829944354,None,,,,,48,193,193,2,932.520791666997,,932.5116270419967,932.520791666997,933.5113178329993,933.5113178329993,933.5113178329993,933.5113178329993,933.5113178329993,934.5043190420038,934.5043190420038,935.2561045000039,,,,,c,1,0.7403965829944354,None,01,001,2025-10-01_13h58.21.630,Motor Sequential Learning,,2025.1.1,None,2025-10-01 13h58.34.840380 +0530,
-150,z,194,194,47,z,1,0.5554502910017618,None,,,,,47,194,194,3,935.2668291250011,,935.2567776249998,935.2668291250011,936.2543766669987,936.2543766669987,936.2543766669987,936.2543766669987,936.2599277920017,937.2542654170029,937.2542654170029,937.811811874999,,,,,z,1,0.5554502910017618,None,01,001,2025-10-01_13h58.21.630,Motor Sequential Learning,,2025.1.1,None,2025-10-01 13h58.34.840380 +0530,
-150,z,195,195,48,z,1,3.627158875002351,None,,,,,48,195,195,3,937.8379231250001,,937.8124652920014,937.8379231250001,938.8104067919994,938.8104067919994,938.8104067919994,938.8104067919994,938.8272520419996,939.8093810830032,939.8093810830032,943.4392976669988,,,,,z,1,3.627158875002351,None,01,001,2025-10-01_13h58.21.630,Motor Sequential Learning,,2025.1.1,None,2025-10-01 13h58.34.840380 +0530,
-50,x,196,196,48,x,1,0.4880496240002685,None,,,,,48,196,196,0,943.4493391249998,,943.4399966670026,943.4493391249998,944.4375051250026,944.4375051250026,944.4375051250026,944.4375051250026,944.4422360829994,945.4373969579974,945.4373969579974,945.9278780419991,,,,,x,1,0.4880496240002685,None,01,001,2025-10-01_13h58.21.630,Motor Sequential Learning,,2025.1.1,None,2025-10-01 13h58.34.840380 +0530,
50,c,197,197,49,c,1,0.45129958300094586,None,,,,,49,197,197,2,945.9372753749994,,945.9283859999996,945.9372753749994,946.92641,946.92641,946.92641,946.92641,946.92641,947.9271794579981,947.9271794579981,948.389221999998,,,,,c,1,0.45129958300094586,None,01,001,2025-10-01_13h58.21.630,Motor Sequential Learning,,2025.1.1,None,2025-10-01 13h58.34.840380 +0530,
-150,z,198,198,49,z,1,0.3767859169965959,None,,,,,49,198,198,3,948.3993384170026,,948.3898958330028,948.3993384170026,949.387526749997,949.387526749997,949.387526749997,949.387526749997,949.392168917002,950.3875206669982,950.3875206669982,950.772659000002,,,,,z,1,0.3767859169965959,None,01,001,2025-10-01_13h58.21.630,Motor Sequential Learning,,2025.1.1,None,2025-10-01 13h58.34.840380 +0530,
-50,x,199,199,49,x,1,0.3665140830053133,None,,,,,49,199,199,0,950.782522583002,,950.7734043329983,950.782522583002,951.770959458001,951.770959458001,951.770959458001,951.770959458001,951.7776541670028,952.7708298750003,952.7708298750003,953.1391025830017,,,,,x,1,0.3665140830053133,None,01,001,2025-10-01_13h58.21.630,Motor Sequential Learning,,2025.1.1,None,2025-10-01 13h58.34.840380 +0530,
