34.8261 	INFO 	Loaded monitor calibration from ['2025_08_12 08:00']
35.0496 	INFO 	Using renderer 'Apple M2' for graphics
35.0497 	INFO 	OpenGL version supported by driver is 2..
35.0938 	EXP 	Created window1 = Window(allowGUI=True, allowStencil=False, autoLog=True, backendConf=UNKNOWN, backgroundFit=<method-wrapper '__getattribute__' of attributeSetter object at 0x15037e920>, backgroundImage=<method-wrapper '__getattribute__' of attributeSetter object at 0x15037e980>, bitsMode=UNKNOWN, blendMode='avg', bpc=(8, 8, 8), color=array([0, 0, 0]), colorSpace='rgb', depthBits=8, fullscr=False, gamma=None, gammaErrorPolicy='raise', infoMsg=UNKNOWN, lms=UNKNOWN, monitor=<psychopy.monitors.calibTools.Monitor object at 0x1504d9ea0>, multiSample=False, name='window1', numSamples=2, pos=[np.float64(135.0), np.float64(78.0)], screen=0, size=array([2400, 1600]), stencilBits=0, stereo=False, title='PsychoPy', units='height', useFBO=True, useRetina=True, viewOri=0.0, viewPos=None, viewScale=None, waitBlanking=True, winType='pyglet')
35.0938 	EXP 	window1: backgroundImage = ''
35.0939 	EXP 	window1: backgroundFit = 'none'
35.6331 	EXP 	window1: Attempting to measure frame rate of screen (0) ...
35.6331 	EXP 	window1: recordFrameIntervals = False
35.7921 	EXP 	window1: recordFrameIntervals = True
36.6254 	WARNING 	Couldn't measure a consistent frame rate!
  - Is your graphics card set to sync to vertical blank?
  - Are you running other processes on your computer?

37.8088 	INFO 	keyboard.Keyboard is using ptb backend.
38.1358 	INFO 	keyboard.Keyboard is using ptb backend.
38.1359 	EXP 	Motor Sequential Learning: status = STARTED
38.1464 	EXP 	Created fixation = ShapeStim(__class__=<class 'psychopy.visual.shape.ShapeStim'>, anchor=('center', 'center'), autoDraw=False, autoLog=True, closeShape=True, color=method-wrapper(...), colorSpace='rgb', contrast=None, depth=0.0, draggable=False, fillColor=array([0., 0., 0.]), fillColorSpace='rgb', fillRGB=array([0., 0., 0.]), interpolate=True, lineColor=array([1., 1., 1.]), lineColorSpace='rgb', lineRGB=array([1, 1, 1]), lineWidth=1.0, name='fixation', opacity=1, ori=0.0, pos=array([0., 0.]), size=array([10., 10.]), units='pix', vertices=ndarray(...), win=Window(...), windingRule=None)
38.1480 	EXP 	Created line1 = Rect(__class__=<class 'psychopy.visual.rect.Rect'>, anchor=('center', 'center'), autoDraw=False, autoLog=True, closeShape=True, color=method-wrapper(...), colorSpace='rgb', contrast=None, depth=-1.0, draggable=False, fillColor=array([1, 1, 1]), fillColorSpace='rgb', fillRGB=array([1, 1, 1]), interpolate=True, lineColor=array([1., 1., 1.]), lineColorSpace='rgb', lineRGB=array([1, 1, 1]), lineWidth=1.0, name='line1', opacity=1, ori=90.0, pos=array([-150.,    0.]), size=array([100.,  10.]), units='pix', vertices=ndarray(...), win=Window(...))
38.1492 	EXP 	Created line2 = Rect(__class__=<class 'psychopy.visual.rect.Rect'>, anchor=('center', 'center'), autoDraw=False, autoLog=True, closeShape=True, color=method-wrapper(...), colorSpace='rgb', contrast=None, depth=-2.0, draggable=False, fillColor=array([1, 1, 1]), fillColorSpace='rgb', fillRGB=array([1, 1, 1]), interpolate=True, lineColor=array([1., 1., 1.]), lineColorSpace='rgb', lineRGB=array([1, 1, 1]), lineWidth=1.0, name='line2', opacity=1, ori=90.0, pos=array([-50.,   0.]), size=array([100.,  10.]), units='pix', vertices=ndarray(...), win=Window(...))
38.1502 	EXP 	Created line3 = Rect(__class__=<class 'psychopy.visual.rect.Rect'>, anchor=('center', 'center'), autoDraw=False, autoLog=True, closeShape=True, color=method-wrapper(...), colorSpace='rgb', contrast=None, depth=-3.0, draggable=False, fillColor=array([1, 1, 1]), fillColorSpace='rgb', fillRGB=array([1, 1, 1]), interpolate=True, lineColor=array([1., 1., 1.]), lineColorSpace='rgb', lineRGB=array([1, 1, 1]), lineWidth=1.0, name='line3', opacity=1, ori=90.0, pos=array([50.,  0.]), size=array([100.,  10.]), units='pix', vertices=ndarray(...), win=Window(...))
38.1513 	EXP 	Created line4 = Rect(__class__=<class 'psychopy.visual.rect.Rect'>, anchor=('center', 'center'), autoDraw=False, autoLog=True, closeShape=True, color=method-wrapper(...), colorSpace='rgb', contrast=None, depth=-4.0, draggable=False, fillColor=array([1, 1, 1]), fillColorSpace='rgb', fillRGB=array([1, 1, 1]), interpolate=True, lineColor=array([1., 1., 1.]), lineColorSpace='rgb', lineRGB=array([1, 1, 1]), lineWidth=1.0, name='line4', opacity=1, ori=90.0, pos=array([150.,   0.]), size=array([100.,  10.]), units='pix', vertices=ndarray(...), win=Window(...))
38.1551 	EXP 	Created probe = ShapeStim(__class__=<class 'psychopy.visual.shape.ShapeStim'>, anchor=('center', 'center'), autoDraw=False, autoLog=True, closeShape=True, color=method-wrapper(...), colorSpace='rgb', contrast=None, depth=-5.0, draggable=False, fillColor=array([1, 1, 1]), fillColorSpace='rgb', fillRGB=array([1, 1, 1]), interpolate=True, lineColor=array([1., 1., 1.]), lineColorSpace='rgb', lineRGB=array([1, 1, 1]), lineWidth=1.0, name='probe', opacity=1, ori=0.0, pos=array([0., 0.]), size=array([10., 10.]), units='pix', vertices=ndarray(...), win=Window(...), windingRule=None)
38.1570 	EXP 	Created fixation = ShapeStim(__class__=<class 'psychopy.visual.shape.ShapeStim'>, anchor=('center', 'center'), autoDraw=False, autoLog=True, closeShape=True, color=method-wrapper(...), colorSpace='rgb', contrast=None, depth=0.0, draggable=False, fillColor=array([0., 0., 0.]), fillColorSpace='rgb', fillRGB=array([0., 0., 0.]), interpolate=True, lineColor=array([1., 1., 1.]), lineColorSpace='rgb', lineRGB=array([1, 1, 1]), lineWidth=1.0, name='fixation', opacity=1, ori=0.0, pos=array([0., 0.]), size=array([10., 10.]), units='pix', vertices=ndarray(...), win=Window(...), windingRule=None)
38.1581 	EXP 	Created line1 = Rect(__class__=<class 'psychopy.visual.rect.Rect'>, anchor=('center', 'center'), autoDraw=False, autoLog=True, closeShape=True, color=method-wrapper(...), colorSpace='rgb', contrast=None, depth=-1.0, draggable=False, fillColor=array([1, 1, 1]), fillColorSpace='rgb', fillRGB=array([1, 1, 1]), interpolate=True, lineColor=array([1., 1., 1.]), lineColorSpace='rgb', lineRGB=array([1, 1, 1]), lineWidth=1.0, name='line1', opacity=1, ori=90.0, pos=array([-150.,    0.]), size=array([100.,  10.]), units='pix', vertices=ndarray(...), win=Window(...))
38.1591 	EXP 	Created line2 = Rect(__class__=<class 'psychopy.visual.rect.Rect'>, anchor=('center', 'center'), autoDraw=False, autoLog=True, closeShape=True, color=method-wrapper(...), colorSpace='rgb', contrast=None, depth=-2.0, draggable=False, fillColor=array([1, 1, 1]), fillColorSpace='rgb', fillRGB=array([1, 1, 1]), interpolate=True, lineColor=array([1., 1., 1.]), lineColorSpace='rgb', lineRGB=array([1, 1, 1]), lineWidth=1.0, name='line2', opacity=1, ori=90.0, pos=array([-50.,   0.]), size=array([100.,  10.]), units='pix', vertices=ndarray(...), win=Window(...))
38.1601 	EXP 	Created line3 = Rect(__class__=<class 'psychopy.visual.rect.Rect'>, anchor=('center', 'center'), autoDraw=False, autoLog=True, closeShape=True, color=method-wrapper(...), colorSpace='rgb', contrast=None, depth=-3.0, draggable=False, fillColor=array([1, 1, 1]), fillColorSpace='rgb', fillRGB=array([1, 1, 1]), interpolate=True, lineColor=array([1., 1., 1.]), lineColorSpace='rgb', lineRGB=array([1, 1, 1]), lineWidth=1.0, name='line3', opacity=1, ori=90.0, pos=array([50.,  0.]), size=array([100.,  10.]), units='pix', vertices=ndarray(...), win=Window(...))
38.1611 	EXP 	Created line4 = Rect(__class__=<class 'psychopy.visual.rect.Rect'>, anchor=('center', 'center'), autoDraw=False, autoLog=True, closeShape=True, color=method-wrapper(...), colorSpace='rgb', contrast=None, depth=-4.0, draggable=False, fillColor=array([1, 1, 1]), fillColorSpace='rgb', fillRGB=array([1, 1, 1]), interpolate=True, lineColor=array([1., 1., 1.]), lineColorSpace='rgb', lineRGB=array([1, 1, 1]), lineWidth=1.0, name='line4', opacity=1, ori=90.0, pos=array([150.,   0.]), size=array([100.,  10.]), units='pix', vertices=ndarray(...), win=Window(...))
38.1625 	EXP 	Created probe = ShapeStim(__class__=<class 'psychopy.visual.shape.ShapeStim'>, anchor=('center', 'center'), autoDraw=False, autoLog=True, closeShape=True, color=method-wrapper(...), colorSpace='rgb', contrast=None, depth=-5.0, draggable=False, fillColor=array([1, 1, 1]), fillColorSpace='rgb', fillRGB=array([1, 1, 1]), interpolate=True, lineColor=array([1., 1., 1.]), lineColorSpace='rgb', lineRGB=array([1, 1, 1]), lineWidth=1.0, name='probe', opacity=1, ori=0.0, pos=array([0., 0.]), size=array([10., 10.]), units='pix', vertices=ndarray(...), win=Window(...), windingRule=None)
0.0182 	EXP 	Imported /Users/vineesmacbook/Downloads/sequence_cond - Sheet1.csv as conditions, 4 conditions, 2 params
0.0212 	EXP 	New trial (rep=0, index=0): <Trial 0 (0 in rep 0) data={'pos': np.int64(-50), 'corr_resp': 'x', 'thisN': 0, 'thisTrialN': 0, 'thisRepN': 0}>
0.0278 	EXP 	fixation: autoDraw = True
1.0026 	EXP 	line1: autoDraw = True
1.0026 	EXP 	line2: autoDraw = True
1.0026 	EXP 	line3: autoDraw = True
1.0026 	EXP 	line4: autoDraw = True
1.0156 	EXP 	fixation: autoDraw = False
1.9961 	INFO 	Keyboard events cleared
1.9959 	EXP 	probe: autoDraw = True
3.0291 	EXP 	Device response: <KeyPress from None: t=2.764939874999982, value=x, duration=None>
3.0293 	EXP 	Device response: <KeyPress from None: t=2.764939874999982, value=x, duration=0.10844083299889462>
3.0295 	EXP 	New trial (rep=0, index=1): <Trial 1 (1 in rep 0) data={'pos': np.int64(150), 'corr_resp': 'v', 'thisN': 1, 'thisTrialN': 1, 'thisRepN': 0}>
3.0347 	DATA 	Keypress: x
3.0378 	WARNING 	t of last frame was 269.68ms (=1/3)
3.0378 	EXP 	fixation: autoDraw = False
3.0378 	EXP 	line1: autoDraw = False
3.0378 	EXP 	line2: autoDraw = False
3.0378 	EXP 	line3: autoDraw = False
3.0378 	EXP 	line4: autoDraw = False
3.0378 	EXP 	probe: autoDraw = False
3.0378 	EXP 	fixation: autoDraw = True
4.0201 	EXP 	line1: autoDraw = True
4.0201 	EXP 	line2: autoDraw = True
4.0201 	EXP 	line3: autoDraw = True
4.0201 	EXP 	line4: autoDraw = True
4.0330 	EXP 	fixation: autoDraw = False
5.0190 	INFO 	Keyboard events cleared
5.0189 	EXP 	probe: autoDraw = True
5.4804 	EXP 	Device response: <KeyPress from None: t=5.4699238750035875, value=v, duration=None>
5.4808 	EXP 	New trial (rep=0, index=2): <Trial 2 (2 in rep 0) data={'pos': np.int64(50), 'corr_resp': 'c', 'thisN': 2, 'thisTrialN': 2, 'thisRepN': 0}>
5.4854 	DATA 	Keypress: v
5.4892 	EXP 	fixation: autoDraw = False
5.4892 	EXP 	line1: autoDraw = False
5.4892 	EXP 	line2: autoDraw = False
5.4892 	EXP 	line3: autoDraw = False
5.4892 	EXP 	line4: autoDraw = False
5.4892 	EXP 	probe: autoDraw = False
5.4892 	EXP 	fixation: autoDraw = True
5.5849 	EXP 	Device response: <KeyPress from None: t=5.4699238750035875, value=v, duration=0.11233066599379526>
6.4794 	EXP 	line1: autoDraw = True
6.4794 	EXP 	line2: autoDraw = True
6.4794 	EXP 	line3: autoDraw = True
6.4794 	EXP 	line4: autoDraw = True
6.4857 	EXP 	fixation: autoDraw = False
7.4794 	INFO 	Keyboard events cleared
7.4793 	EXP 	probe: autoDraw = True
7.9305 	EXP 	Device response: <KeyPress from None: t=7.919978457997786, value=c, duration=None>
7.9309 	EXP 	New trial (rep=0, index=3): <Trial 3 (3 in rep 0) data={'pos': np.int64(-150), 'corr_resp': 'z', 'thisN': 3, 'thisTrialN': 3, 'thisRepN': 0}>
7.9357 	DATA 	Keypress: c
7.9395 	EXP 	fixation: autoDraw = False
7.9395 	EXP 	line1: autoDraw = False
7.9395 	EXP 	line2: autoDraw = False
7.9395 	EXP 	line3: autoDraw = False
7.9395 	EXP 	line4: autoDraw = False
7.9395 	EXP 	probe: autoDraw = False
7.9395 	EXP 	fixation: autoDraw = True
8.0346 	EXP 	Device response: <KeyPress from None: t=7.919978457997786, value=c, duration=0.11232949999975972>
8.9293 	EXP 	line1: autoDraw = True
8.9293 	EXP 	line2: autoDraw = True
8.9293 	EXP 	line3: autoDraw = True
8.9293 	EXP 	line4: autoDraw = True
8.9356 	EXP 	fixation: autoDraw = False
9.9294 	INFO 	Keyboard events cleared
9.9292 	EXP 	probe: autoDraw = True
10.2640 	EXP 	Device response: <KeyPress from None: t=10.255827458000567, value=z, duration=None>
10.2646 	EXP 	New trial (rep=1, index=0): <Trial 4 (0 in rep 1) data={'pos': np.int64(-50), 'corr_resp': 'x', 'thisN': 4, 'thisTrialN': 0, 'thisRepN': 1}>
10.2695 	DATA 	Keypress: z
10.2734 	EXP 	fixation: autoDraw = False
10.2734 	EXP 	line1: autoDraw = False
10.2734 	EXP 	line2: autoDraw = False
10.2734 	EXP 	line3: autoDraw = False
10.2734 	EXP 	line4: autoDraw = False
10.2734 	EXP 	probe: autoDraw = False
10.2734 	EXP 	fixation: autoDraw = True
10.4138 	EXP 	Device response: <KeyPress from None: t=10.255827458000567, value=z, duration=0.1524738329972024>
11.2625 	EXP 	line1: autoDraw = True
11.2625 	EXP 	line2: autoDraw = True
11.2625 	EXP 	line3: autoDraw = True
11.2625 	EXP 	line4: autoDraw = True
11.2680 	EXP 	fixation: autoDraw = False
12.2627 	INFO 	Keyboard events cleared
12.2626 	EXP 	probe: autoDraw = True
12.5640 	EXP 	Device response: <KeyPress from None: t=12.554884457997105, value=x, duration=None>
12.5646 	EXP 	New trial (rep=1, index=1): <Trial 5 (1 in rep 1) data={'pos': np.int64(150), 'corr_resp': 'v', 'thisN': 5, 'thisTrialN': 1, 'thisRepN': 1}>
12.5692 	DATA 	Keypress: x
12.5730 	EXP 	fixation: autoDraw = False
12.5730 	EXP 	line1: autoDraw = False
12.5730 	EXP 	line2: autoDraw = False
12.5730 	EXP 	line3: autoDraw = False
12.5730 	EXP 	line4: autoDraw = False
12.5730 	EXP 	probe: autoDraw = False
12.5730 	EXP 	fixation: autoDraw = True
12.6811 	EXP 	Device response: <KeyPress from None: t=12.554884457997105, value=x, duration=0.12027995800599456>
13.5626 	EXP 	line1: autoDraw = True
13.5626 	EXP 	line2: autoDraw = True
13.5626 	EXP 	line3: autoDraw = True
13.5626 	EXP 	line4: autoDraw = True
13.5691 	EXP 	fixation: autoDraw = False
14.5626 	INFO 	Keyboard events cleared
14.5625 	EXP 	probe: autoDraw = True
14.9803 	EXP 	Device response: <KeyPress from None: t=14.971813582997129, value=v, duration=None>
14.9807 	EXP 	New trial (rep=1, index=2): <Trial 6 (2 in rep 1) data={'pos': np.int64(50), 'corr_resp': 'c', 'thisN': 6, 'thisTrialN': 2, 'thisRepN': 1}>
14.9851 	DATA 	Keypress: v
14.9895 	EXP 	fixation: autoDraw = False
14.9895 	EXP 	line1: autoDraw = False
14.9895 	EXP 	line2: autoDraw = False
14.9895 	EXP 	line3: autoDraw = False
14.9895 	EXP 	line4: autoDraw = False
14.9895 	EXP 	probe: autoDraw = False
14.9895 	EXP 	fixation: autoDraw = True
15.0812 	EXP 	Device response: <KeyPress from None: t=14.971813582997129, value=v, duration=0.09634208300121827>
15.9792 	EXP 	line1: autoDraw = True
15.9792 	EXP 	line2: autoDraw = True
15.9792 	EXP 	line3: autoDraw = True
15.9792 	EXP 	line4: autoDraw = True
15.9858 	EXP 	fixation: autoDraw = False
16.9795 	INFO 	Keyboard events cleared
16.9793 	EXP 	probe: autoDraw = True
17.3698 	EXP 	Device response: <KeyPress from None: t=17.368755374998727, value=c, duration=None>
17.3703 	EXP 	New trial (rep=1, index=3): <Trial 7 (3 in rep 1) data={'pos': np.int64(-150), 'corr_resp': 'z', 'thisN': 7, 'thisTrialN': 3, 'thisRepN': 1}>
17.3748 	DATA 	Keypress: c
17.3788 	EXP 	fixation: autoDraw = False
17.3788 	EXP 	line1: autoDraw = False
17.3788 	EXP 	line2: autoDraw = False
17.3788 	EXP 	line3: autoDraw = False
17.3788 	EXP 	line4: autoDraw = False
17.3788 	EXP 	probe: autoDraw = False
17.3788 	EXP 	fixation: autoDraw = True
17.5018 	EXP 	Device response: <KeyPress from None: t=17.368755374998727, value=c, duration=0.12832570799946552>
18.3675 	EXP 	fixation: autoDraw = False
18.3675 	EXP 	line1: autoDraw = True
18.3675 	EXP 	line2: autoDraw = True
18.3675 	EXP 	line3: autoDraw = True
18.3675 	EXP 	line4: autoDraw = True
19.3697 	INFO 	Keyboard events cleared
19.3695 	EXP 	probe: autoDraw = True
19.7805 	EXP 	Device response: <KeyPress from None: t=19.769648000001325, value=z, duration=None>
19.7809 	EXP 	New trial (rep=2, index=0): <Trial 8 (0 in rep 2) data={'pos': np.int64(-50), 'corr_resp': 'x', 'thisN': 8, 'thisTrialN': 0, 'thisRepN': 2}>
19.7854 	DATA 	Keypress: z
19.7893 	EXP 	fixation: autoDraw = False
19.7893 	EXP 	line1: autoDraw = False
19.7893 	EXP 	line2: autoDraw = False
19.7893 	EXP 	line3: autoDraw = False
19.7893 	EXP 	line4: autoDraw = False
19.7893 	EXP 	probe: autoDraw = False
19.7893 	EXP 	fixation: autoDraw = True
19.9471 	EXP 	Device response: <KeyPress from None: t=19.769648000001325, value=z, duration=0.17623250000178814>
20.7793 	EXP 	line1: autoDraw = True
20.7793 	EXP 	line2: autoDraw = True
20.7793 	EXP 	line3: autoDraw = True
20.7793 	EXP 	line4: autoDraw = True
20.7843 	EXP 	fixation: autoDraw = False
21.7793 	INFO 	Keyboard events cleared
21.7791 	EXP 	probe: autoDraw = True
22.3305 	EXP 	Device response: <KeyPress from None: t=22.320679458003724, value=v, duration=None>
22.3311 	EXP 	New trial (rep=2, index=1): <Trial 9 (1 in rep 2) data={'pos': np.int64(150), 'corr_resp': 'v', 'thisN': 9, 'thisTrialN': 1, 'thisRepN': 2}>
22.3360 	DATA 	Keypress: v
22.3399 	EXP 	fixation: autoDraw = False
22.3399 	EXP 	line1: autoDraw = False
22.3399 	EXP 	line2: autoDraw = False
22.3399 	EXP 	line3: autoDraw = False
22.3399 	EXP 	line4: autoDraw = False
22.3399 	EXP 	probe: autoDraw = False
22.3399 	EXP 	fixation: autoDraw = True
22.3971 	EXP 	Device response: <KeyPress from None: t=22.320679458003724, value=v, duration=0.06424579199665459>
23.3291 	EXP 	line1: autoDraw = True
23.3291 	EXP 	line2: autoDraw = True
23.3291 	EXP 	line3: autoDraw = True
23.3291 	EXP 	line4: autoDraw = True
23.3340 	EXP 	fixation: autoDraw = False
24.3293 	INFO 	Keyboard events cleared
24.3291 	EXP 	probe: autoDraw = True
24.7524 	EXP 	Device response: <KeyPress from None: t=24.747847749997163, value=v, duration=None>
24.7528 	EXP 	New trial (rep=2, index=2): <Trial 10 (2 in rep 2) data={'pos': np.int64(50), 'corr_resp': 'c', 'thisN': 10, 'thisTrialN': 2, 'thisRepN': 2}>
24.7690 	DATA 	Keypress: v
24.7725 	WARNING 	t of last frame was 21.00ms (=1/47)
24.7725 	EXP 	fixation: autoDraw = False
24.7725 	EXP 	line1: autoDraw = False
24.7725 	EXP 	line2: autoDraw = False
24.7725 	EXP 	line3: autoDraw = False
24.7725 	EXP 	line4: autoDraw = False
24.7725 	EXP 	probe: autoDraw = False
24.7725 	EXP 	fixation: autoDraw = True
24.8501 	EXP 	Device response: <KeyPress from None: t=24.747847749997163, value=v, duration=0.09998845800146228>
25.7530 	EXP 	line1: autoDraw = True
25.7530 	EXP 	line2: autoDraw = True
25.7530 	EXP 	line3: autoDraw = True
25.7530 	EXP 	line4: autoDraw = True
25.7662 	EXP 	fixation: autoDraw = False
26.7460 	INFO 	Keyboard events cleared
26.7458 	EXP 	probe: autoDraw = True
27.2472 	EXP 	Device response: <KeyPress from None: t=27.24278533300094, value=c, duration=None>
27.2478 	EXP 	New trial (rep=2, index=3): <Trial 11 (3 in rep 2) data={'pos': np.int64(-150), 'corr_resp': 'z', 'thisN': 11, 'thisTrialN': 3, 'thisRepN': 2}>
27.2526 	DATA 	Keypress: c
27.2563 	EXP 	fixation: autoDraw = False
27.2563 	EXP 	line1: autoDraw = False
27.2563 	EXP 	line2: autoDraw = False
27.2563 	EXP 	line3: autoDraw = False
27.2563 	EXP 	line4: autoDraw = False
27.2563 	EXP 	probe: autoDraw = False
27.2563 	EXP 	fixation: autoDraw = True
27.3643 	EXP 	Device response: <KeyPress from None: t=27.24278533300094, value=c, duration=0.10808212499978254>
28.2459 	EXP 	line1: autoDraw = True
28.2459 	EXP 	line2: autoDraw = True
28.2459 	EXP 	line3: autoDraw = True
28.2459 	EXP 	line4: autoDraw = True
28.2523 	EXP 	fixation: autoDraw = False
29.2459 	INFO 	Keyboard events cleared
29.2457 	EXP 	probe: autoDraw = True
29.6304 	EXP 	Device response: <KeyPress from None: t=29.620490374996734, value=z, duration=None>
29.6309 	EXP 	New trial (rep=3, index=0): <Trial 12 (0 in rep 3) data={'pos': np.int64(-50), 'corr_resp': 'x', 'thisN': 12, 'thisTrialN': 0, 'thisRepN': 3}>
29.6354 	DATA 	Keypress: z
29.6392 	EXP 	fixation: autoDraw = False
29.6392 	EXP 	line1: autoDraw = False
29.6392 	EXP 	line2: autoDraw = False
29.6392 	EXP 	line3: autoDraw = False
29.6392 	EXP 	line4: autoDraw = False
29.6392 	EXP 	probe: autoDraw = False
29.6392 	EXP 	fixation: autoDraw = True
29.7803 	EXP 	Device response: <KeyPress from None: t=29.620490374996734, value=z, duration=0.15694575000088662>
30.6292 	EXP 	line1: autoDraw = True
30.6292 	EXP 	line2: autoDraw = True
30.6292 	EXP 	line3: autoDraw = True
30.6292 	EXP 	line4: autoDraw = True
30.6358 	EXP 	fixation: autoDraw = False
31.6292 	INFO 	Keyboard events cleared
31.6291 	EXP 	probe: autoDraw = True
32.0691 	EXP 	Device response: <KeyPress from None: t=32.06366445800086, value=x, duration=None>
32.0695 	EXP 	New trial (rep=3, index=1): <Trial 13 (1 in rep 3) data={'pos': np.int64(150), 'corr_resp': 'v', 'thisN': 13, 'thisTrialN': 1, 'thisRepN': 3}>
32.0736 	DATA 	Keypress: x
32.0780 	EXP 	fixation: autoDraw = False
32.0780 	EXP 	line1: autoDraw = False
32.0780 	EXP 	line2: autoDraw = False
32.0780 	EXP 	line3: autoDraw = False
32.0780 	EXP 	line4: autoDraw = False
32.0780 	EXP 	probe: autoDraw = False
32.0780 	EXP 	fixation: autoDraw = True
32.2134 	EXP 	Device response: <KeyPress from None: t=32.06366445800086, value=x, duration=0.14007300000230316>
33.0690 	EXP 	fixation: autoDraw = False
33.0690 	EXP 	line1: autoDraw = True
33.0690 	EXP 	line2: autoDraw = True
33.0690 	EXP 	line3: autoDraw = True
33.0690 	EXP 	line4: autoDraw = True
34.0626 	INFO 	Keyboard events cleared
34.0624 	EXP 	probe: autoDraw = True
34.3684 	EXP 	Device response: <KeyPress from None: t=34.36629620799795, value=v, duration=None>
34.3688 	EXP 	New trial (rep=3, index=2): <Trial 14 (2 in rep 3) data={'pos': np.int64(50), 'corr_resp': 'c', 'thisN': 14, 'thisTrialN': 2, 'thisRepN': 3}>
34.3730 	DATA 	Keypress: v
34.3780 	EXP 	fixation: autoDraw = False
34.3780 	EXP 	line1: autoDraw = False
34.3780 	EXP 	line2: autoDraw = False
34.3780 	EXP 	line3: autoDraw = False
34.3780 	EXP 	line4: autoDraw = False
34.3780 	EXP 	probe: autoDraw = False
34.3780 	EXP 	fixation: autoDraw = True
34.5142 	EXP 	Device response: <KeyPress from None: t=34.36629620799795, value=v, duration=0.14439924999896903>
35.3695 	EXP 	fixation: autoDraw = False
35.3695 	EXP 	line1: autoDraw = True
35.3695 	EXP 	line2: autoDraw = True
35.3695 	EXP 	line3: autoDraw = True
35.3695 	EXP 	line4: autoDraw = True
36.3691 	INFO 	Keyboard events cleared
36.3690 	EXP 	probe: autoDraw = True
36.5976 	EXP 	Device response: <KeyPress from None: t=36.589324915999896, value=c, duration=None>
36.5983 	EXP 	New trial (rep=3, index=3): <Trial 15 (3 in rep 3) data={'pos': np.int64(-150), 'corr_resp': 'z', 'thisN': 15, 'thisTrialN': 3, 'thisRepN': 3}>
36.6027 	DATA 	Keypress: c
36.6065 	EXP 	fixation: autoDraw = False
36.6065 	EXP 	line1: autoDraw = False
36.6065 	EXP 	line2: autoDraw = False
36.6065 	EXP 	line3: autoDraw = False
36.6065 	EXP 	line4: autoDraw = False
36.6065 	EXP 	probe: autoDraw = False
36.6065 	EXP 	fixation: autoDraw = True
36.7008 	EXP 	Device response: <KeyPress from None: t=36.589324915999896, value=c, duration=0.10830225000245264>
37.5956 	EXP 	line1: autoDraw = True
37.5956 	EXP 	line2: autoDraw = True
37.5956 	EXP 	line3: autoDraw = True
37.5956 	EXP 	line4: autoDraw = True
37.6016 	EXP 	fixation: autoDraw = False
38.5960 	INFO 	Keyboard events cleared
38.5958 	EXP 	probe: autoDraw = True
38.8472 	EXP 	Device response: <KeyPress from None: t=38.836088582997036, value=z, duration=None>
38.8477 	EXP 	New trial (rep=4, index=0): <Trial 16 (0 in rep 4) data={'pos': np.int64(-50), 'corr_resp': 'x', 'thisN': 16, 'thisTrialN': 0, 'thisRepN': 4}>
38.8520 	DATA 	Keypress: z
38.8559 	EXP 	fixation: autoDraw = False
38.8559 	EXP 	line1: autoDraw = False
38.8559 	EXP 	line2: autoDraw = False
38.8559 	EXP 	line3: autoDraw = False
38.8559 	EXP 	line4: autoDraw = False
38.8559 	EXP 	probe: autoDraw = False
38.8559 	EXP 	fixation: autoDraw = True
38.9303 	EXP 	Device response: <KeyPress from None: t=38.836088582997036, value=z, duration=0.09250633299961919>
39.8458 	EXP 	line1: autoDraw = True
39.8458 	EXP 	line2: autoDraw = True
39.8458 	EXP 	line3: autoDraw = True
39.8458 	EXP 	line4: autoDraw = True
39.8510 	EXP 	fixation: autoDraw = False
40.8458 	INFO 	Keyboard events cleared
40.8457 	EXP 	probe: autoDraw = True
41.0858 	EXP 	Device response: <KeyPress from None: t=41.07924404100049, value=x, duration=None>
41.0863 	EXP 	New trial (rep=4, index=1): <Trial 17 (1 in rep 4) data={'pos': np.int64(150), 'corr_resp': 'v', 'thisN': 17, 'thisTrialN': 1, 'thisRepN': 4}>
41.0903 	DATA 	Keypress: x
41.0948 	EXP 	fixation: autoDraw = False
41.0948 	EXP 	line1: autoDraw = False
41.0948 	EXP 	line2: autoDraw = False
41.0948 	EXP 	line3: autoDraw = False
41.0948 	EXP 	line4: autoDraw = False
41.0948 	EXP 	probe: autoDraw = False
41.0948 	EXP 	fixation: autoDraw = True
41.1803 	EXP 	Device response: <KeyPress from None: t=41.07924404100049, value=x, duration=0.08827779199782526>
42.0859 	EXP 	fixation: autoDraw = False
42.0859 	EXP 	line1: autoDraw = True
42.0859 	EXP 	line2: autoDraw = True
42.0859 	EXP 	line3: autoDraw = True
42.0859 	EXP 	line4: autoDraw = True
42.9858 	EXP 	Device response: <KeyPress from None: t=42.98022504099936, value=v, duration=None>
42.9901 	DATA 	Keypress: v
43.0802 	EXP 	Device response: <KeyPress from None: t=42.98022504099936, value=v, duration=0.08818887500092387>
43.0875 	INFO 	Keyboard events cleared
43.0873 	EXP 	probe: autoDraw = True
43.5469 	EXP 	Device response: <KeyPress from None: t=43.540217082998424, value=v, duration=None>
43.5474 	EXP 	New trial (rep=4, index=2): <Trial 18 (2 in rep 4) data={'pos': np.int64(50), 'corr_resp': 'c', 'thisN': 18, 'thisTrialN': 2, 'thisRepN': 4}>
43.5522 	DATA 	Keypress: v
43.5559 	EXP 	fixation: autoDraw = False
43.5559 	EXP 	line1: autoDraw = False
43.5559 	EXP 	line2: autoDraw = False
43.5559 	EXP 	line3: autoDraw = False
43.5559 	EXP 	line4: autoDraw = False
43.5559 	EXP 	probe: autoDraw = False
43.5559 	EXP 	fixation: autoDraw = True
43.6471 	EXP 	Device response: <KeyPress from None: t=43.540217082998424, value=v, duration=0.09617933299887227>
44.5457 	EXP 	line1: autoDraw = True
44.5457 	EXP 	line2: autoDraw = True
44.5457 	EXP 	line3: autoDraw = True
44.5457 	EXP 	line4: autoDraw = True
44.5517 	EXP 	fixation: autoDraw = False
45.5458 	INFO 	Keyboard events cleared
45.5456 	EXP 	probe: autoDraw = True
45.7970 	EXP 	Device response: <KeyPress from None: t=45.79315204099839, value=c, duration=None>
45.7976 	EXP 	New trial (rep=4, index=3): <Trial 19 (3 in rep 4) data={'pos': np.int64(-150), 'corr_resp': 'z', 'thisN': 19, 'thisTrialN': 3, 'thisRepN': 4}>
45.8021 	DATA 	Keypress: c
45.8059 	EXP 	fixation: autoDraw = False
45.8059 	EXP 	line1: autoDraw = False
45.8059 	EXP 	line2: autoDraw = False
45.8059 	EXP 	line3: autoDraw = False
45.8059 	EXP 	line4: autoDraw = False
45.8059 	EXP 	probe: autoDraw = False
45.8059 	EXP 	fixation: autoDraw = True
45.9136 	EXP 	Device response: <KeyPress from None: t=45.79315204099839, value=c, duration=0.10828737499832641>
46.7955 	EXP 	line1: autoDraw = True
46.7955 	EXP 	line2: autoDraw = True
46.7955 	EXP 	line3: autoDraw = True
46.7955 	EXP 	line4: autoDraw = True
46.8000 	EXP 	fixation: autoDraw = False
47.7958 	INFO 	Keyboard events cleared
47.7956 	EXP 	probe: autoDraw = True
48.0805 	EXP 	Device response: <KeyPress from None: t=48.07003875000373, value=z, duration=None>
48.0810 	EXP 	New trial (rep=5, index=0): <Trial 20 (0 in rep 5) data={'pos': np.int64(-50), 'corr_resp': 'x', 'thisN': 20, 'thisTrialN': 0, 'thisRepN': 5}>
48.0857 	DATA 	Keypress: z
48.0895 	EXP 	fixation: autoDraw = False
48.0895 	EXP 	line1: autoDraw = False
48.0895 	EXP 	line2: autoDraw = False
48.0895 	EXP 	line3: autoDraw = False
48.0895 	EXP 	line4: autoDraw = False
48.0895 	EXP 	probe: autoDraw = False
48.0895 	EXP 	fixation: autoDraw = True
48.1974 	EXP 	Device response: <KeyPress from None: t=48.07003875000373, value=z, duration=0.12433658299414674>
49.0790 	EXP 	line1: autoDraw = True
49.0790 	EXP 	line2: autoDraw = True
49.0790 	EXP 	line3: autoDraw = True
49.0790 	EXP 	line4: autoDraw = True
49.0850 	EXP 	fixation: autoDraw = False
50.0791 	INFO 	Keyboard events cleared
50.0789 	EXP 	probe: autoDraw = True
50.3187 	EXP 	Device response: <KeyPress from None: t=50.31593787499878, value=x, duration=None>
50.3191 	EXP 	New trial (rep=5, index=1): <Trial 21 (1 in rep 5) data={'pos': np.int64(150), 'corr_resp': 'v', 'thisN': 21, 'thisTrialN': 1, 'thisRepN': 5}>
50.3232 	DATA 	Keypress: x
50.3279 	EXP 	fixation: autoDraw = False
50.3279 	EXP 	line1: autoDraw = False
50.3279 	EXP 	line2: autoDraw = False
50.3279 	EXP 	line3: autoDraw = False
50.3279 	EXP 	line4: autoDraw = False
50.3279 	EXP 	probe: autoDraw = False
50.3279 	EXP 	fixation: autoDraw = True
50.4177 	EXP 	Device response: <KeyPress from None: t=50.31593787499878, value=x, duration=0.10036145800404483>
51.3187 	EXP 	fixation: autoDraw = False
51.3187 	EXP 	line1: autoDraw = True
51.3187 	EXP 	line2: autoDraw = True
51.3187 	EXP 	line3: autoDraw = True
51.3187 	EXP 	line4: autoDraw = True
52.3190 	INFO 	Keyboard events cleared
52.3188 	EXP 	probe: autoDraw = True
52.6303 	EXP 	Device response: <KeyPress from None: t=52.61790679099795, value=v, duration=None>
52.6309 	EXP 	New trial (rep=5, index=2): <Trial 22 (2 in rep 5) data={'pos': np.int64(50), 'corr_resp': 'c', 'thisN': 22, 'thisTrialN': 2, 'thisRepN': 5}>
52.6355 	DATA 	Keypress: v
52.6394 	EXP 	fixation: autoDraw = False
52.6394 	EXP 	line1: autoDraw = False
52.6394 	EXP 	line2: autoDraw = False
52.6394 	EXP 	line3: autoDraw = False
52.6394 	EXP 	line4: autoDraw = False
52.6394 	EXP 	probe: autoDraw = False
52.6394 	EXP 	fixation: autoDraw = True
52.7136 	EXP 	Device response: <KeyPress from None: t=52.61790679099795, value=v, duration=0.0843872090044897>
53.6288 	EXP 	line1: autoDraw = True
53.6288 	EXP 	line2: autoDraw = True
53.6288 	EXP 	line3: autoDraw = True
53.6288 	EXP 	line4: autoDraw = True
53.6345 	EXP 	fixation: autoDraw = False
54.6290 	INFO 	Keyboard events cleared
54.6289 	EXP 	probe: autoDraw = True
54.9134 	EXP 	Device response: <KeyPress from None: t=54.90494958299678, value=c, duration=None>
54.9140 	EXP 	New trial (rep=5, index=3): <Trial 23 (3 in rep 5) data={'pos': np.int64(-150), 'corr_resp': 'z', 'thisN': 23, 'thisTrialN': 3, 'thisRepN': 5}>
54.9182 	DATA 	Keypress: c
54.9220 	EXP 	fixation: autoDraw = False
54.9220 	EXP 	line1: autoDraw = False
54.9220 	EXP 	line2: autoDraw = False
54.9220 	EXP 	line3: autoDraw = False
54.9220 	EXP 	line4: autoDraw = False
54.9220 	EXP 	probe: autoDraw = False
54.9220 	EXP 	fixation: autoDraw = True
55.0305 	EXP 	Device response: <KeyPress from None: t=54.90494958299678, value=c, duration=0.11637783300102456>
55.9122 	EXP 	line1: autoDraw = True
55.9122 	EXP 	line2: autoDraw = True
55.9122 	EXP 	line3: autoDraw = True
55.9122 	EXP 	line4: autoDraw = True
55.9178 	EXP 	fixation: autoDraw = False
56.9124 	INFO 	Keyboard events cleared
56.9122 	EXP 	probe: autoDraw = True
57.0966 	EXP 	Device response: <KeyPress from None: t=57.08571425000264, value=z, duration=None>
57.0971 	EXP 	New trial (rep=6, index=0): <Trial 24 (0 in rep 6) data={'pos': np.int64(-50), 'corr_resp': 'x', 'thisN': 24, 'thisTrialN': 0, 'thisRepN': 6}>
57.1015 	DATA 	Keypress: z
57.1052 	EXP 	fixation: autoDraw = False
57.1052 	EXP 	line1: autoDraw = False
57.1052 	EXP 	line2: autoDraw = False
57.1052 	EXP 	line3: autoDraw = False
57.1052 	EXP 	line4: autoDraw = False
57.1052 	EXP 	probe: autoDraw = False
57.1052 	EXP 	fixation: autoDraw = True
57.2299 	EXP 	Device response: <KeyPress from None: t=57.08571425000264, value=z, duration=0.1326708329943358>
58.0954 	EXP 	line1: autoDraw = True
58.0954 	EXP 	line2: autoDraw = True
58.0954 	EXP 	line3: autoDraw = True
58.0954 	EXP 	line4: autoDraw = True
58.1002 	EXP 	fixation: autoDraw = False
59.0958 	INFO 	Keyboard events cleared
59.0956 	EXP 	probe: autoDraw = True
59.3020 	EXP 	Device response: <KeyPress from None: t=59.295656499998586, value=v, duration=None>
59.3024 	EXP 	New trial (rep=6, index=1): <Trial 25 (1 in rep 6) data={'pos': np.int64(150), 'corr_resp': 'v', 'thisN': 25, 'thisTrialN': 1, 'thisRepN': 6}>
59.3064 	DATA 	Keypress: v
59.3111 	EXP 	fixation: autoDraw = False
59.3111 	EXP 	line1: autoDraw = False
59.3111 	EXP 	line2: autoDraw = False
59.3111 	EXP 	line3: autoDraw = False
59.3111 	EXP 	line4: autoDraw = False
59.3111 	EXP 	probe: autoDraw = False
59.3111 	EXP 	fixation: autoDraw = True
59.4136 	EXP 	Device response: <KeyPress from None: t=59.295656499998586, value=v, duration=0.11274841600243235>
60.3024 	EXP 	fixation: autoDraw = False
60.3024 	EXP 	line1: autoDraw = True
60.3024 	EXP 	line2: autoDraw = True
60.3024 	EXP 	line3: autoDraw = True
60.3024 	EXP 	line4: autoDraw = True
61.3026 	INFO 	Keyboard events cleared
61.3024 	EXP 	probe: autoDraw = True
61.5186 	EXP 	Device response: <KeyPress from None: t=61.517755665998266, value=v, duration=None>
61.5229 	DATA 	Keypress: v
61.5283 	EXP 	New trial (rep=6, index=2): <Trial 26 (2 in rep 6) data={'pos': np.int64(50), 'corr_resp': 'c', 'thisN': 26, 'thisTrialN': 2, 'thisRepN': 6}>
61.5319 	EXP 	fixation: autoDraw = False
61.5319 	EXP 	line1: autoDraw = False
61.5319 	EXP 	line2: autoDraw = False
61.5319 	EXP 	line3: autoDraw = False
61.5319 	EXP 	line4: autoDraw = False
61.5319 	EXP 	probe: autoDraw = False
61.5319 	EXP 	fixation: autoDraw = True
61.6473 	EXP 	Device response: <KeyPress from None: t=61.517755665998266, value=v, duration=0.11619112500193296>
62.5195 	EXP 	line1: autoDraw = True
62.5195 	EXP 	line2: autoDraw = True
62.5195 	EXP 	line3: autoDraw = True
62.5195 	EXP 	line4: autoDraw = True
62.5289 	EXP 	fixation: autoDraw = False
63.5198 	INFO 	Keyboard events cleared
63.5196 	EXP 	probe: autoDraw = True
63.7679 	EXP 	Device response: <KeyPress from None: t=63.76271012500365, value=c, duration=None>
63.7683 	EXP 	New trial (rep=6, index=3): <Trial 27 (3 in rep 6) data={'pos': np.int64(-150), 'corr_resp': 'z', 'thisN': 27, 'thisTrialN': 3, 'thisRepN': 6}>
63.7733 	DATA 	Keypress: c
63.7780 	EXP 	fixation: autoDraw = False
63.7780 	EXP 	line1: autoDraw = False
63.7780 	EXP 	line2: autoDraw = False
63.7780 	EXP 	line3: autoDraw = False
63.7780 	EXP 	line4: autoDraw = False
63.7780 	EXP 	probe: autoDraw = False
63.7780 	EXP 	fixation: autoDraw = True
63.8638 	EXP 	Device response: <KeyPress from None: t=63.76271012500365, value=c, duration=0.09238662499410566>
64.7688 	EXP 	fixation: autoDraw = False
64.7688 	EXP 	line1: autoDraw = True
64.7688 	EXP 	line2: autoDraw = True
64.7688 	EXP 	line3: autoDraw = True
64.7688 	EXP 	line4: autoDraw = True
65.7684 	INFO 	Keyboard events cleared
65.7682 	EXP 	probe: autoDraw = True
66.0186 	EXP 	Device response: <KeyPress from None: t=66.01366904099996, value=z, duration=None>
66.0191 	EXP 	New trial (rep=7, index=0): <Trial 28 (0 in rep 7) data={'pos': np.int64(-50), 'corr_resp': 'x', 'thisN': 28, 'thisTrialN': 0, 'thisRepN': 7}>
66.0240 	DATA 	Keypress: z
66.0281 	EXP 	fixation: autoDraw = False
66.0281 	EXP 	line1: autoDraw = False
66.0281 	EXP 	line2: autoDraw = False
66.0281 	EXP 	line3: autoDraw = False
66.0281 	EXP 	line4: autoDraw = False
66.0281 	EXP 	probe: autoDraw = False
66.0281 	EXP 	fixation: autoDraw = True
66.1342 	EXP 	Device response: <KeyPress from None: t=66.01366904099996, value=z, duration=0.116945667003165>
67.0177 	EXP 	fixation: autoDraw = False
67.0177 	EXP 	line1: autoDraw = True
67.0177 	EXP 	line2: autoDraw = True
67.0177 	EXP 	line3: autoDraw = True
67.0177 	EXP 	line4: autoDraw = True
68.0122 	INFO 	Keyboard events cleared
68.0120 	EXP 	probe: autoDraw = True
68.2803 	EXP 	Device response: <KeyPress from None: t=68.26759316599782, value=x, duration=None>
68.2808 	EXP 	New trial (rep=7, index=1): <Trial 29 (1 in rep 7) data={'pos': np.int64(150), 'corr_resp': 'v', 'thisN': 29, 'thisTrialN': 1, 'thisRepN': 7}>
68.2868 	DATA 	Keypress: x
68.2908 	EXP 	fixation: autoDraw = False
68.2908 	EXP 	line1: autoDraw = False
68.2908 	EXP 	line2: autoDraw = False
68.2908 	EXP 	line3: autoDraw = False
68.2908 	EXP 	line4: autoDraw = False
68.2908 	EXP 	probe: autoDraw = False
68.2908 	EXP 	fixation: autoDraw = True
68.3640 	EXP 	Device response: <KeyPress from None: t=68.26759316599782, value=x, duration=0.09236800000508083>
69.2787 	EXP 	line1: autoDraw = True
69.2787 	EXP 	line2: autoDraw = True
69.2787 	EXP 	line3: autoDraw = True
69.2787 	EXP 	line4: autoDraw = True
69.2842 	EXP 	fixation: autoDraw = False
70.2790 	INFO 	Keyboard events cleared
70.2788 	EXP 	probe: autoDraw = True
70.5304 	EXP 	Device response: <KeyPress from None: t=70.52852900000289, value=v, duration=None>
70.5309 	EXP 	New trial (rep=7, index=2): <Trial 30 (2 in rep 7) data={'pos': np.int64(50), 'corr_resp': 'c', 'thisN': 30, 'thisTrialN': 2, 'thisRepN': 7}>
70.5359 	DATA 	Keypress: v
70.5399 	EXP 	fixation: autoDraw = False
70.5399 	EXP 	line1: autoDraw = False
70.5399 	EXP 	line2: autoDraw = False
70.5399 	EXP 	line3: autoDraw = False
70.5399 	EXP 	line4: autoDraw = False
70.5399 	EXP 	probe: autoDraw = False
70.5399 	EXP 	fixation: autoDraw = True
70.6181 	EXP 	Device response: <KeyPress from None: t=70.52852900000289, value=v, duration=0.08823708300042199>
71.5288 	EXP 	line1: autoDraw = True
71.5288 	EXP 	line2: autoDraw = True
71.5288 	EXP 	line3: autoDraw = True
71.5288 	EXP 	line4: autoDraw = True
71.5350 	EXP 	fixation: autoDraw = False
72.5288 	INFO 	Keyboard events cleared
72.5286 	EXP 	probe: autoDraw = True
72.8466 	EXP 	Device response: <KeyPress from None: t=72.83850829100265, value=c, duration=None>
72.8471 	EXP 	New trial (rep=7, index=3): <Trial 31 (3 in rep 7) data={'pos': np.int64(-150), 'corr_resp': 'z', 'thisN': 31, 'thisTrialN': 3, 'thisRepN': 7}>
72.8540 	DATA 	Keypress: c
72.8580 	EXP 	fixation: autoDraw = False
72.8580 	EXP 	line1: autoDraw = False
72.8580 	EXP 	line2: autoDraw = False
72.8580 	EXP 	line3: autoDraw = False
72.8580 	EXP 	line4: autoDraw = False
72.8580 	EXP 	probe: autoDraw = False
72.8580 	EXP 	fixation: autoDraw = True
72.9513 	EXP 	Device response: <KeyPress from None: t=72.83850829100265, value=c, duration=0.10821616699831793>
73.8455 	EXP 	line1: autoDraw = True
73.8455 	EXP 	line2: autoDraw = True
73.8455 	EXP 	line3: autoDraw = True
73.8455 	EXP 	line4: autoDraw = True
73.8508 	EXP 	fixation: autoDraw = False
74.8455 	INFO 	Keyboard events cleared
74.8453 	EXP 	probe: autoDraw = True
75.1014 	EXP 	Device response: <KeyPress from None: t=75.09741850000137, value=z, duration=None>
75.1018 	EXP 	New trial (rep=8, index=0): <Trial 32 (0 in rep 8) data={'pos': np.int64(-50), 'corr_resp': 'x', 'thisN': 32, 'thisTrialN': 0, 'thisRepN': 8}>
75.1067 	DATA 	Keypress: z
75.1112 	EXP 	fixation: autoDraw = False
75.1112 	EXP 	line1: autoDraw = False
75.1112 	EXP 	line2: autoDraw = False
75.1112 	EXP 	line3: autoDraw = False
75.1112 	EXP 	line4: autoDraw = False
75.1112 	EXP 	probe: autoDraw = False
75.1112 	EXP 	fixation: autoDraw = True
75.2304 	EXP 	Device response: <KeyPress from None: t=75.09741850000137, value=z, duration=0.12821154099947307>
76.1005 	EXP 	fixation: autoDraw = False
76.1005 	EXP 	line1: autoDraw = True
76.1005 	EXP 	line2: autoDraw = True
76.1005 	EXP 	line3: autoDraw = True
76.1005 	EXP 	line4: autoDraw = True
77.0956 	INFO 	Keyboard events cleared
77.0954 	EXP 	probe: autoDraw = True
77.1634 	EXP 	Device response: <KeyPress from None: t=77.16140920799808, value=x, duration=None>
77.1641 	EXP 	New trial (rep=8, index=1): <Trial 33 (1 in rep 8) data={'pos': np.int64(150), 'corr_resp': 'v', 'thisN': 33, 'thisTrialN': 1, 'thisRepN': 8}>
77.1693 	DATA 	Keypress: x
77.1733 	EXP 	fixation: autoDraw = False
77.1733 	EXP 	line1: autoDraw = False
77.1733 	EXP 	line2: autoDraw = False
77.1733 	EXP 	line3: autoDraw = False
77.1733 	EXP 	line4: autoDraw = False
77.1733 	EXP 	probe: autoDraw = False
77.1733 	EXP 	fixation: autoDraw = True
77.2807 	EXP 	Device response: <KeyPress from None: t=77.16140920799808, value=x, duration=0.11634716700064018>
78.1619 	EXP 	line1: autoDraw = True
78.1619 	EXP 	line2: autoDraw = True
78.1619 	EXP 	line3: autoDraw = True
78.1619 	EXP 	line4: autoDraw = True
78.1673 	EXP 	fixation: autoDraw = False
79.1622 	INFO 	Keyboard events cleared
79.1620 	EXP 	probe: autoDraw = True
79.3847 	EXP 	Device response: <KeyPress from None: t=79.3823571660032, value=v, duration=None>
79.3851 	EXP 	New trial (rep=8, index=2): <Trial 34 (2 in rep 8) data={'pos': np.int64(50), 'corr_resp': 'c', 'thisN': 34, 'thisTrialN': 2, 'thisRepN': 8}>
79.3899 	DATA 	Keypress: v
79.3944 	EXP 	fixation: autoDraw = False
79.3944 	EXP 	line1: autoDraw = False
79.3944 	EXP 	line2: autoDraw = False
79.3944 	EXP 	line3: autoDraw = False
79.3944 	EXP 	line4: autoDraw = False
79.3944 	EXP 	probe: autoDraw = False
79.3944 	EXP 	fixation: autoDraw = True
79.4805 	EXP 	Device response: <KeyPress from None: t=79.3823571660032, value=v, duration=0.08840166699519614>
80.3841 	EXP 	fixation: autoDraw = False
80.3841 	EXP 	line1: autoDraw = True
80.3841 	EXP 	line2: autoDraw = True
80.3841 	EXP 	line3: autoDraw = True
80.3841 	EXP 	line4: autoDraw = True
81.3788 	INFO 	Keyboard events cleared
81.3787 	EXP 	probe: autoDraw = True
81.6132 	EXP 	Device response: <KeyPress from None: t=81.6103405410031, value=c, duration=None>
81.6138 	EXP 	New trial (rep=8, index=3): <Trial 35 (3 in rep 8) data={'pos': np.int64(-150), 'corr_resp': 'z', 'thisN': 35, 'thisTrialN': 3, 'thisRepN': 8}>
81.6186 	DATA 	Keypress: c
81.6225 	EXP 	fixation: autoDraw = False
81.6225 	EXP 	line1: autoDraw = False
81.6225 	EXP 	line2: autoDraw = False
81.6225 	EXP 	line3: autoDraw = False
81.6225 	EXP 	line4: autoDraw = False
81.6225 	EXP 	probe: autoDraw = False
81.6225 	EXP 	fixation: autoDraw = True
81.7135 	EXP 	Device response: <KeyPress from None: t=81.6103405410031, value=c, duration=0.09619279199978337>
82.6121 	EXP 	line1: autoDraw = True
82.6121 	EXP 	line2: autoDraw = True
82.6121 	EXP 	line3: autoDraw = True
82.6121 	EXP 	line4: autoDraw = True
82.6185 	EXP 	fixation: autoDraw = False
83.6120 	INFO 	Keyboard events cleared
83.6119 	EXP 	probe: autoDraw = True
83.8684 	EXP 	Device response: <KeyPress from None: t=83.86429708299693, value=z, duration=None>
83.8688 	EXP 	New trial (rep=9, index=0): <Trial 36 (0 in rep 9) data={'pos': np.int64(-50), 'corr_resp': 'x', 'thisN': 36, 'thisTrialN': 0, 'thisRepN': 9}>
83.8735 	DATA 	Keypress: z
83.8778 	EXP 	fixation: autoDraw = False
83.8778 	EXP 	line1: autoDraw = False
83.8778 	EXP 	line2: autoDraw = False
83.8778 	EXP 	line3: autoDraw = False
83.8778 	EXP 	line4: autoDraw = False
83.8778 	EXP 	probe: autoDraw = False
83.8778 	EXP 	fixation: autoDraw = True
84.0133 	EXP 	Device response: <KeyPress from None: t=83.86429708299693, value=z, duration=0.14087258300423855>
84.8681 	EXP 	fixation: autoDraw = False
84.8681 	EXP 	line1: autoDraw = True
84.8681 	EXP 	line2: autoDraw = True
84.8681 	EXP 	line3: autoDraw = True
84.8681 	EXP 	line4: autoDraw = True
85.8698 	INFO 	Keyboard events cleared
85.8696 	EXP 	probe: autoDraw = True
86.0855 	EXP 	Device response: <KeyPress from None: t=86.08182441600366, value=x, duration=None>
86.0860 	EXP 	New trial (rep=9, index=1): <Trial 37 (1 in rep 9) data={'pos': np.int64(150), 'corr_resp': 'v', 'thisN': 37, 'thisTrialN': 1, 'thisRepN': 9}>
86.0911 	DATA 	Keypress: x
86.0954 	EXP 	fixation: autoDraw = False
86.0954 	EXP 	line1: autoDraw = False
86.0954 	EXP 	line2: autoDraw = False
86.0954 	EXP 	line3: autoDraw = False
86.0954 	EXP 	line4: autoDraw = False
86.0954 	EXP 	probe: autoDraw = False
86.0954 	EXP 	fixation: autoDraw = True
86.1834 	EXP 	Device response: <KeyPress from None: t=86.08182441600366, value=x, duration=0.09966704199905507>
87.0854 	EXP 	fixation: autoDraw = False
87.0854 	EXP 	line1: autoDraw = True
87.0854 	EXP 	line2: autoDraw = True
87.0854 	EXP 	line3: autoDraw = True
87.0854 	EXP 	line4: autoDraw = True
88.0133 	EXP 	Device response: <KeyPress from None: t=88.0102087080013, value=v, duration=None>
88.0187 	DATA 	Keypress: v
88.0860 	INFO 	Keyboard events cleared
88.0858 	EXP 	probe: autoDraw = True
88.1801 	EXP 	Device response: <KeyPress from None: t=88.0102087080013, value=v, duration=0.16432874999736669>
88.4465 	EXP 	Device response: <KeyPress from None: t=88.44317395800317, value=v, duration=None>
88.4471 	EXP 	New trial (rep=9, index=2): <Trial 38 (2 in rep 9) data={'pos': np.int64(50), 'corr_resp': 'c', 'thisN': 38, 'thisTrialN': 2, 'thisRepN': 9}>
88.4530 	DATA 	Keypress: v
88.4571 	EXP 	fixation: autoDraw = False
88.4571 	EXP 	line1: autoDraw = False
88.4571 	EXP 	line2: autoDraw = False
88.4571 	EXP 	line3: autoDraw = False
88.4571 	EXP 	line4: autoDraw = False
88.4571 	EXP 	probe: autoDraw = False
88.4571 	EXP 	fixation: autoDraw = True
88.5668 	EXP 	Device response: <KeyPress from None: t=88.44317395800317, value=v, duration=0.12026708299526945>
89.4452 	EXP 	line1: autoDraw = True
89.4452 	EXP 	line2: autoDraw = True
89.4452 	EXP 	line3: autoDraw = True
89.4452 	EXP 	line4: autoDraw = True
89.4498 	EXP 	fixation: autoDraw = False
90.4454 	INFO 	Keyboard events cleared
90.4452 	EXP 	probe: autoDraw = True
90.7799 	EXP 	Device response: <KeyPress from None: t=90.77714158299932, value=c, duration=None>
90.7804 	EXP 	New trial (rep=9, index=3): <Trial 39 (3 in rep 9) data={'pos': np.int64(-150), 'corr_resp': 'z', 'thisN': 39, 'thisTrialN': 3, 'thisRepN': 9}>
90.7862 	DATA 	Keypress: c
90.7903 	EXP 	fixation: autoDraw = False
90.7903 	EXP 	line1: autoDraw = False
90.7903 	EXP 	line2: autoDraw = False
90.7903 	EXP 	line3: autoDraw = False
90.7903 	EXP 	line4: autoDraw = False
90.7903 	EXP 	probe: autoDraw = False
90.7903 	EXP 	fixation: autoDraw = True
90.8966 	EXP 	Device response: <KeyPress from None: t=90.77714158299932, value=c, duration=0.10829583300073864>
91.7785 	EXP 	line1: autoDraw = True
91.7785 	EXP 	line2: autoDraw = True
91.7785 	EXP 	line3: autoDraw = True
91.7785 	EXP 	line4: autoDraw = True
91.7831 	EXP 	fixation: autoDraw = False
92.7788 	INFO 	Keyboard events cleared
92.7786 	EXP 	probe: autoDraw = True
93.0024 	EXP 	Device response: <KeyPress from None: t=92.99692774999858, value=z, duration=None>
93.0028 	EXP 	New trial (rep=10, index=0): <Trial 40 (0 in rep 10) data={'pos': np.int64(-50), 'corr_resp': 'x', 'thisN': 40, 'thisTrialN': 0, 'thisRepN': 10}>
93.0079 	DATA 	Keypress: z
93.0288 	WARNING 	t of last frame was 27.34ms (=1/36)
93.0288 	EXP 	fixation: autoDraw = False
93.0288 	EXP 	line1: autoDraw = False
93.0288 	EXP 	line2: autoDraw = False
93.0288 	EXP 	line3: autoDraw = False
93.0288 	EXP 	line4: autoDraw = False
93.0288 	EXP 	probe: autoDraw = False
93.0288 	EXP 	fixation: autoDraw = True
93.0800 	EXP 	Device response: <KeyPress from None: t=92.99692774999858, value=z, duration=0.08045654099987587>
94.0013 	EXP 	line1: autoDraw = True
94.0013 	EXP 	line2: autoDraw = True
94.0013 	EXP 	line3: autoDraw = True
94.0013 	EXP 	line4: autoDraw = True
94.0174 	EXP 	fixation: autoDraw = False
95.0016 	INFO 	Keyboard events cleared
95.0014 	EXP 	probe: autoDraw = True
95.2295 	EXP 	Device response: <KeyPress from None: t=95.22794741600228, value=x, duration=None>
95.2300 	EXP 	New trial (rep=10, index=1): <Trial 41 (1 in rep 10) data={'pos': np.int64(150), 'corr_resp': 'v', 'thisN': 41, 'thisTrialN': 1, 'thisRepN': 10}>
95.2356 	DATA 	Keypress: x
95.2397 	EXP 	fixation: autoDraw = False
95.2397 	EXP 	line1: autoDraw = False
95.2397 	EXP 	line2: autoDraw = False
95.2397 	EXP 	line3: autoDraw = False
95.2397 	EXP 	line4: autoDraw = False
95.2397 	EXP 	probe: autoDraw = False
95.2397 	EXP 	fixation: autoDraw = True
95.3467 	EXP 	Device response: <KeyPress from None: t=95.22794741600228, value=x, duration=0.11240166700008558>
96.2285 	EXP 	line1: autoDraw = True
96.2285 	EXP 	line2: autoDraw = True
96.2285 	EXP 	line3: autoDraw = True
96.2285 	EXP 	line4: autoDraw = True
96.2343 	EXP 	fixation: autoDraw = False
97.2285 	INFO 	Keyboard events cleared
97.2284 	EXP 	probe: autoDraw = True
97.3350 	EXP 	Device response: <KeyPress from None: t=97.33096387499972, value=v, duration=None>
97.3354 	EXP 	New trial (rep=10, index=2): <Trial 42 (2 in rep 10) data={'pos': np.int64(50), 'corr_resp': 'c', 'thisN': 42, 'thisTrialN': 2, 'thisRepN': 10}>
97.3407 	DATA 	Keypress: v
97.3448 	EXP 	fixation: autoDraw = False
97.3448 	EXP 	line1: autoDraw = False
97.3448 	EXP 	line2: autoDraw = False
97.3448 	EXP 	line3: autoDraw = False
97.3448 	EXP 	line4: autoDraw = False
97.3448 	EXP 	probe: autoDraw = False
97.3448 	EXP 	fixation: autoDraw = True
97.4637 	EXP 	Device response: <KeyPress from None: t=97.33096387499972, value=v, duration=0.12027270800172118>
98.3353 	EXP 	fixation: autoDraw = False
98.3353 	EXP 	line1: autoDraw = True
98.3353 	EXP 	line2: autoDraw = True
98.3353 	EXP 	line3: autoDraw = True
98.3353 	EXP 	line4: autoDraw = True
99.3349 	INFO 	Keyboard events cleared
99.3347 	EXP 	probe: autoDraw = True
99.5851 	EXP 	Device response: <KeyPress from None: t=99.5799016250021, value=c, duration=None>
99.5856 	EXP 	New trial (rep=10, index=3): <Trial 43 (3 in rep 10) data={'pos': np.int64(-150), 'corr_resp': 'z', 'thisN': 43, 'thisTrialN': 3, 'thisRepN': 10}>
99.5905 	DATA 	Keypress: c
99.5946 	EXP 	fixation: autoDraw = False
99.5946 	EXP 	line1: autoDraw = False
99.5946 	EXP 	line2: autoDraw = False
99.5946 	EXP 	line3: autoDraw = False
99.5946 	EXP 	line4: autoDraw = False
99.5946 	EXP 	probe: autoDraw = False
99.5946 	EXP 	fixation: autoDraw = True
99.7132 	EXP 	Device response: <KeyPress from None: t=99.5799016250021, value=c, duration=0.12440962500113528>
100.5849 	EXP 	fixation: autoDraw = False
100.5849 	EXP 	line1: autoDraw = True
100.5849 	EXP 	line2: autoDraw = True
100.5849 	EXP 	line3: autoDraw = True
100.5849 	EXP 	line4: autoDraw = True
101.5848 	INFO 	Keyboard events cleared
101.5846 	EXP 	probe: autoDraw = True
101.6131 	EXP 	Device response: <KeyPress from None: t=101.6117875830023, value=z, duration=None>
101.6137 	EXP 	New trial (rep=11, index=0): <Trial 44 (0 in rep 11) data={'pos': np.int64(-50), 'corr_resp': 'x', 'thisN': 44, 'thisTrialN': 0, 'thisRepN': 11}>
101.6192 	DATA 	Keypress: z
101.6232 	EXP 	fixation: autoDraw = False
101.6232 	EXP 	line1: autoDraw = False
101.6232 	EXP 	line2: autoDraw = False
101.6232 	EXP 	line3: autoDraw = False
101.6232 	EXP 	line4: autoDraw = False
101.6232 	EXP 	probe: autoDraw = False
101.6232 	EXP 	fixation: autoDraw = True
101.7839 	EXP 	Device response: <KeyPress from None: t=101.6117875830023, value=z, duration=0.1682631669973489>
102.6119 	EXP 	line1: autoDraw = True
102.6119 	EXP 	line2: autoDraw = True
102.6119 	EXP 	line3: autoDraw = True
102.6119 	EXP 	line4: autoDraw = True
102.6184 	EXP 	fixation: autoDraw = False
103.4855 	EXP 	Device response: <KeyPress from None: t=103.48387654100225, value=x, duration=None>
103.4909 	DATA 	Keypress: x
103.6120 	INFO 	Keyboard events cleared
103.6118 	EXP 	probe: autoDraw = True
103.6471 	EXP 	Device response: <KeyPress from None: t=103.48387654100225, value=x, duration=0.15240383399941493>
104.0298 	EXP 	Device response: <KeyPress from None: t=104.0282560409978, value=x, duration=None>
104.0304 	EXP 	New trial (rep=11, index=1): <Trial 45 (1 in rep 11) data={'pos': np.int64(150), 'corr_resp': 'v', 'thisN': 45, 'thisTrialN': 1, 'thisRepN': 11}>
104.0359 	DATA 	Keypress: x
104.0403 	EXP 	fixation: autoDraw = False
104.0403 	EXP 	line1: autoDraw = False
104.0403 	EXP 	line2: autoDraw = False
104.0403 	EXP 	line3: autoDraw = False
104.0403 	EXP 	line4: autoDraw = False
104.0403 	EXP 	probe: autoDraw = False
104.0403 	EXP 	fixation: autoDraw = True
104.1636 	EXP 	Device response: <KeyPress from None: t=104.0282560409978, value=x, duration=0.12388033400202403>
105.0286 	EXP 	line1: autoDraw = True
105.0286 	EXP 	line2: autoDraw = True
105.0286 	EXP 	line3: autoDraw = True
105.0286 	EXP 	line4: autoDraw = True
105.0348 	EXP 	fixation: autoDraw = False
106.0286 	INFO 	Keyboard events cleared
106.0284 	EXP 	probe: autoDraw = True
106.1794 	EXP 	Device response: <KeyPress from None: t=106.17431612499786, value=v, duration=None>
106.1799 	EXP 	New trial (rep=11, index=2): <Trial 46 (2 in rep 11) data={'pos': np.int64(50), 'corr_resp': 'c', 'thisN': 46, 'thisTrialN': 2, 'thisRepN': 11}>
106.1853 	DATA 	Keypress: v
106.1894 	EXP 	fixation: autoDraw = False
106.1894 	EXP 	line1: autoDraw = False
106.1894 	EXP 	line2: autoDraw = False
106.1894 	EXP 	line3: autoDraw = False
106.1894 	EXP 	line4: autoDraw = False
106.1894 	EXP 	probe: autoDraw = False
106.1894 	EXP 	fixation: autoDraw = True
106.2795 	EXP 	Device response: <KeyPress from None: t=106.17431612499786, value=v, duration=0.10372875000030035>
107.1785 	EXP 	line1: autoDraw = True
107.1785 	EXP 	line2: autoDraw = True
107.1785 	EXP 	line3: autoDraw = True
107.1785 	EXP 	line4: autoDraw = True
107.1845 	EXP 	fixation: autoDraw = False
108.1785 	INFO 	Keyboard events cleared
108.1784 	EXP 	probe: autoDraw = True
108.4463 	EXP 	Device response: <KeyPress from None: t=108.4426769999991, value=c, duration=None>
108.4469 	EXP 	New trial (rep=11, index=3): <Trial 47 (3 in rep 11) data={'pos': np.int64(-150), 'corr_resp': 'z', 'thisN': 47, 'thisTrialN': 3, 'thisRepN': 11}>
108.4523 	DATA 	Keypress: c
108.4563 	EXP 	fixation: autoDraw = False
108.4563 	EXP 	line1: autoDraw = False
108.4563 	EXP 	line2: autoDraw = False
108.4563 	EXP 	line3: autoDraw = False
108.4563 	EXP 	line4: autoDraw = False
108.4563 	EXP 	probe: autoDraw = False
108.4563 	EXP 	fixation: autoDraw = True
108.5513 	EXP 	Device response: <KeyPress from None: t=108.4426769999991, value=c, duration=0.10423666600399883>
109.4450 	EXP 	line1: autoDraw = True
109.4450 	EXP 	line2: autoDraw = True
109.4450 	EXP 	line3: autoDraw = True
109.4450 	EXP 	line4: autoDraw = True
109.4516 	EXP 	fixation: autoDraw = False
110.4452 	INFO 	Keyboard events cleared
110.4451 	EXP 	probe: autoDraw = True
110.6297 	EXP 	Device response: <KeyPress from None: t=110.62061120800354, value=z, duration=None>
110.6302 	EXP 	New trial (rep=12, index=0): <Trial 48 (0 in rep 12) data={'pos': np.int64(-50), 'corr_resp': 'x', 'thisN': 48, 'thisTrialN': 0, 'thisRepN': 12}>
110.6356 	DATA 	Keypress: z
110.6397 	EXP 	fixation: autoDraw = False
110.6397 	EXP 	line1: autoDraw = False
110.6397 	EXP 	line2: autoDraw = False
110.6397 	EXP 	line3: autoDraw = False
110.6397 	EXP 	line4: autoDraw = False
110.6397 	EXP 	probe: autoDraw = False
110.6397 	EXP 	fixation: autoDraw = True
110.7506 	EXP 	Device response: <KeyPress from None: t=110.62061120800354, value=z, duration=0.1283325829936075>
111.6286 	EXP 	line1: autoDraw = True
111.6286 	EXP 	line2: autoDraw = True
111.6286 	EXP 	line3: autoDraw = True
111.6286 	EXP 	line4: autoDraw = True
111.6351 	EXP 	fixation: autoDraw = False
112.6283 	INFO 	Keyboard events cleared
112.6282 	EXP 	probe: autoDraw = True
112.8960 	EXP 	Device response: <KeyPress from None: t=112.888606833003, value=x, duration=None>
112.8964 	EXP 	New trial (rep=12, index=1): <Trial 49 (1 in rep 12) data={'pos': np.int64(150), 'corr_resp': 'v', 'thisN': 49, 'thisTrialN': 1, 'thisRepN': 12}>
112.9013 	DATA 	Keypress: x
112.9054 	EXP 	fixation: autoDraw = False
112.9054 	EXP 	line1: autoDraw = False
112.9054 	EXP 	line2: autoDraw = False
112.9054 	EXP 	line3: autoDraw = False
112.9054 	EXP 	line4: autoDraw = False
112.9054 	EXP 	probe: autoDraw = False
112.9054 	EXP 	fixation: autoDraw = True
113.0348 	EXP 	Device response: <KeyPress from None: t=112.888606833003, value=x, duration=0.1403375000008964>
113.8953 	EXP 	line1: autoDraw = True
113.8953 	EXP 	line2: autoDraw = True
113.8953 	EXP 	line3: autoDraw = True
113.8953 	EXP 	line4: autoDraw = True
113.9001 	EXP 	fixation: autoDraw = False
114.8950 	INFO 	Keyboard events cleared
114.8949 	EXP 	probe: autoDraw = True
115.0794 	EXP 	Device response: <KeyPress from None: t=115.07648283299932, value=v, duration=None>
115.0799 	EXP 	New trial (rep=12, index=2): <Trial 50 (2 in rep 12) data={'pos': np.int64(50), 'corr_resp': 'c', 'thisN': 50, 'thisTrialN': 2, 'thisRepN': 12}>
115.0852 	DATA 	Keypress: v
115.0893 	EXP 	fixation: autoDraw = False
115.0893 	EXP 	line1: autoDraw = False
115.0893 	EXP 	line2: autoDraw = False
115.0893 	EXP 	line3: autoDraw = False
115.0893 	EXP 	line4: autoDraw = False
115.0893 	EXP 	probe: autoDraw = False
115.0893 	EXP 	fixation: autoDraw = True
115.1800 	EXP 	Device response: <KeyPress from None: t=115.07648283299932, value=v, duration=0.10035100000095554>
116.0784 	EXP 	line1: autoDraw = True
116.0784 	EXP 	line2: autoDraw = True
116.0784 	EXP 	line3: autoDraw = True
116.0784 	EXP 	line4: autoDraw = True
116.0844 	EXP 	fixation: autoDraw = False
117.0784 	INFO 	Keyboard events cleared
117.0783 	EXP 	probe: autoDraw = True
117.3793 	EXP 	Device response: <KeyPress from None: t=117.37457208299747, value=c, duration=None>
117.3797 	EXP 	New trial (rep=12, index=3): <Trial 51 (3 in rep 12) data={'pos': np.int64(-150), 'corr_resp': 'z', 'thisN': 51, 'thisTrialN': 3, 'thisRepN': 12}>
117.3847 	DATA 	Keypress: c
117.3888 	EXP 	fixation: autoDraw = False
117.3888 	EXP 	line1: autoDraw = False
117.3888 	EXP 	line2: autoDraw = False
117.3888 	EXP 	line3: autoDraw = False
117.3888 	EXP 	line4: autoDraw = False
117.3888 	EXP 	probe: autoDraw = False
117.3888 	EXP 	fixation: autoDraw = True
117.4841 	EXP 	Device response: <KeyPress from None: t=117.37457208299747, value=c, duration=0.10423141700448468>
118.3783 	EXP 	line1: autoDraw = True
118.3783 	EXP 	line2: autoDraw = True
118.3783 	EXP 	line3: autoDraw = True
118.3783 	EXP 	line4: autoDraw = True
118.3834 	EXP 	fixation: autoDraw = False
119.3787 	INFO 	Keyboard events cleared
119.3785 	EXP 	probe: autoDraw = True
119.6129 	EXP 	Device response: <KeyPress from None: t=119.60846941600175, value=z, duration=None>
119.6135 	EXP 	New trial (rep=13, index=0): <Trial 52 (0 in rep 13) data={'pos': np.int64(-50), 'corr_resp': 'x', 'thisN': 52, 'thisTrialN': 0, 'thisRepN': 13}>
119.6189 	DATA 	Keypress: z
119.6229 	EXP 	fixation: autoDraw = False
119.6229 	EXP 	line1: autoDraw = False
119.6229 	EXP 	line2: autoDraw = False
119.6229 	EXP 	line3: autoDraw = False
119.6229 	EXP 	line4: autoDraw = False
119.6229 	EXP 	probe: autoDraw = False
119.6229 	EXP 	fixation: autoDraw = True
119.7794 	EXP 	Device response: <KeyPress from None: t=119.60846941600175, value=z, duration=0.16028745899529895>
120.6115 	EXP 	line1: autoDraw = True
120.6115 	EXP 	line2: autoDraw = True
120.6115 	EXP 	line3: autoDraw = True
120.6115 	EXP 	line4: autoDraw = True
120.6166 	EXP 	fixation: autoDraw = False
121.6119 	INFO 	Keyboard events cleared
121.6117 	EXP 	probe: autoDraw = True
121.8459 	EXP 	Device response: <KeyPress from None: t=121.8394338750004, value=x, duration=None>
121.8463 	EXP 	New trial (rep=13, index=1): <Trial 53 (1 in rep 13) data={'pos': np.int64(150), 'corr_resp': 'v', 'thisN': 53, 'thisTrialN': 1, 'thisRepN': 13}>
121.8513 	DATA 	Keypress: x
121.8554 	EXP 	fixation: autoDraw = False
121.8554 	EXP 	line1: autoDraw = False
121.8554 	EXP 	line2: autoDraw = False
121.8554 	EXP 	line3: autoDraw = False
121.8554 	EXP 	line4: autoDraw = False
121.8554 	EXP 	probe: autoDraw = False
121.8554 	EXP 	fixation: autoDraw = True
122.0301 	EXP 	Device response: <KeyPress from None: t=121.8394338750004, value=x, duration=0.18028570799651789>
122.8450 	EXP 	line1: autoDraw = True
122.8450 	EXP 	line2: autoDraw = True
122.8450 	EXP 	line3: autoDraw = True
122.8450 	EXP 	line4: autoDraw = True
122.8500 	EXP 	fixation: autoDraw = False
123.8453 	INFO 	Keyboard events cleared
123.8451 	EXP 	probe: autoDraw = True
124.0794 	EXP 	Device response: <KeyPress from None: t=124.07237370799703, value=v, duration=None>
124.0799 	EXP 	New trial (rep=13, index=2): <Trial 54 (2 in rep 13) data={'pos': np.int64(50), 'corr_resp': 'c', 'thisN': 54, 'thisTrialN': 2, 'thisRepN': 13}>
124.0850 	DATA 	Keypress: v
124.0891 	EXP 	fixation: autoDraw = False
124.0891 	EXP 	line1: autoDraw = False
124.0891 	EXP 	line2: autoDraw = False
124.0891 	EXP 	line3: autoDraw = False
124.0891 	EXP 	line4: autoDraw = False
124.0891 	EXP 	probe: autoDraw = False
124.0891 	EXP 	fixation: autoDraw = True
124.1832 	EXP 	Device response: <KeyPress from None: t=124.07237370799703, value=v, duration=0.10828225000295788>
125.0782 	EXP 	line1: autoDraw = True
125.0782 	EXP 	line2: autoDraw = True
125.0782 	EXP 	line3: autoDraw = True
125.0782 	EXP 	line4: autoDraw = True
125.0838 	EXP 	fixation: autoDraw = False
126.0782 	INFO 	Keyboard events cleared
126.0781 	EXP 	probe: autoDraw = True
126.3296 	EXP 	Device response: <KeyPress from None: t=126.32827662499767, value=c, duration=None>
126.3301 	EXP 	New trial (rep=13, index=3): <Trial 55 (3 in rep 13) data={'pos': np.int64(-150), 'corr_resp': 'z', 'thisN': 55, 'thisTrialN': 3, 'thisRepN': 13}>
126.3355 	DATA 	Keypress: c
126.3397 	EXP 	fixation: autoDraw = False
126.3397 	EXP 	line1: autoDraw = False
126.3397 	EXP 	line2: autoDraw = False
126.3397 	EXP 	line3: autoDraw = False
126.3397 	EXP 	line4: autoDraw = False
126.3397 	EXP 	probe: autoDraw = False
126.3397 	EXP 	fixation: autoDraw = True
126.4497 	EXP 	Device response: <KeyPress from None: t=126.32827662499767, value=c, duration=0.12033808300475357>
127.3283 	EXP 	line1: autoDraw = True
127.3283 	EXP 	line2: autoDraw = True
127.3283 	EXP 	line3: autoDraw = True
127.3283 	EXP 	line4: autoDraw = True
127.3339 	EXP 	fixation: autoDraw = False
128.3283 	INFO 	Keyboard events cleared
128.3282 	EXP 	probe: autoDraw = True
128.6170 	EXP 	Device response: <KeyPress from None: t=128.61516583299817, value=z, duration=None>
128.6174 	EXP 	New trial (rep=14, index=0): <Trial 56 (0 in rep 14) data={'pos': np.int64(-50), 'corr_resp': 'x', 'thisN': 56, 'thisTrialN': 0, 'thisRepN': 14}>
128.6223 	DATA 	Keypress: z
128.6271 	EXP 	fixation: autoDraw = False
128.6271 	EXP 	line1: autoDraw = False
128.6271 	EXP 	line2: autoDraw = False
128.6271 	EXP 	line3: autoDraw = False
128.6271 	EXP 	line4: autoDraw = False
128.6271 	EXP 	probe: autoDraw = False
128.6271 	EXP 	fixation: autoDraw = True
128.7633 	EXP 	Device response: <KeyPress from None: t=128.61516583299817, value=z, duration=0.13647804200445535>
129.6163 	EXP 	fixation: autoDraw = False
129.6163 	EXP 	line1: autoDraw = True
129.6163 	EXP 	line2: autoDraw = True
129.6163 	EXP 	line3: autoDraw = True
129.6163 	EXP 	line4: autoDraw = True
130.6117 	INFO 	Keyboard events cleared
130.6115 	EXP 	probe: autoDraw = True
131.0459 	EXP 	Device response: <KeyPress from None: t=131.04324529100268, value=x, duration=None>
131.0463 	EXP 	New trial (rep=14, index=1): <Trial 57 (1 in rep 14) data={'pos': np.int64(150), 'corr_resp': 'v', 'thisN': 57, 'thisTrialN': 1, 'thisRepN': 14}>
131.0515 	DATA 	Keypress: x
131.0555 	EXP 	fixation: autoDraw = False
131.0555 	EXP 	line1: autoDraw = False
131.0555 	EXP 	line2: autoDraw = False
131.0555 	EXP 	line3: autoDraw = False
131.0555 	EXP 	line4: autoDraw = False
131.0555 	EXP 	probe: autoDraw = False
131.0555 	EXP 	fixation: autoDraw = True
131.1675 	EXP 	Device response: <KeyPress from None: t=131.04324529100268, value=x, duration=0.1202460839995183>
132.0448 	EXP 	line1: autoDraw = True
132.0448 	EXP 	line2: autoDraw = True
132.0448 	EXP 	line3: autoDraw = True
132.0448 	EXP 	line4: autoDraw = True
132.0497 	EXP 	fixation: autoDraw = False
133.0449 	INFO 	Keyboard events cleared
133.0448 	EXP 	probe: autoDraw = True
133.4128 	EXP 	Device response: <KeyPress from None: t=133.40816687500046, value=v, duration=None>
133.4133 	EXP 	New trial (rep=14, index=2): <Trial 58 (2 in rep 14) data={'pos': np.int64(50), 'corr_resp': 'c', 'thisN': 58, 'thisTrialN': 2, 'thisRepN': 14}>
133.4186 	DATA 	Keypress: v
133.4228 	EXP 	fixation: autoDraw = False
133.4228 	EXP 	line1: autoDraw = False
133.4228 	EXP 	line2: autoDraw = False
133.4228 	EXP 	line3: autoDraw = False
133.4228 	EXP 	line4: autoDraw = False
133.4228 	EXP 	probe: autoDraw = False
133.4228 	EXP 	fixation: autoDraw = True
133.5963 	EXP 	Device response: <KeyPress from None: t=133.40816687500046, value=v, duration=0.1803524999995716>
134.4114 	EXP 	line1: autoDraw = True
134.4114 	EXP 	line2: autoDraw = True
134.4114 	EXP 	line3: autoDraw = True
134.4114 	EXP 	line4: autoDraw = True
134.4172 	EXP 	fixation: autoDraw = False
135.4116 	INFO 	Keyboard events cleared
135.4115 	EXP 	probe: autoDraw = True
135.7958 	EXP 	Device response: <KeyPress from None: t=135.79114008299803, value=c, duration=None>
135.7962 	EXP 	New trial (rep=14, index=3): <Trial 59 (3 in rep 14) data={'pos': np.int64(-150), 'corr_resp': 'z', 'thisN': 59, 'thisTrialN': 3, 'thisRepN': 14}>
135.8014 	DATA 	Keypress: c
135.8053 	EXP 	fixation: autoDraw = False
135.8053 	EXP 	line1: autoDraw = False
135.8053 	EXP 	line2: autoDraw = False
135.8053 	EXP 	line3: autoDraw = False
135.8053 	EXP 	line4: autoDraw = False
135.8053 	EXP 	probe: autoDraw = False
135.8053 	EXP 	fixation: autoDraw = True
135.9129 	EXP 	Device response: <KeyPress from None: t=135.79114008299803, value=c, duration=0.1202630420011701>
136.7949 	EXP 	line1: autoDraw = True
136.7949 	EXP 	line2: autoDraw = True
136.7949 	EXP 	line3: autoDraw = True
136.7949 	EXP 	line4: autoDraw = True
136.8002 	EXP 	fixation: autoDraw = False
137.7948 	INFO 	Keyboard events cleared
137.7947 	EXP 	probe: autoDraw = True
138.1677 	EXP 	Device response: <KeyPress from None: t=138.16593141599878, value=z, duration=None>
138.1681 	EXP 	New trial (rep=15, index=0): <Trial 60 (0 in rep 15) data={'pos': np.int64(-50), 'corr_resp': 'x', 'thisN': 60, 'thisTrialN': 0, 'thisRepN': 15}>
138.1729 	DATA 	Keypress: z
138.1772 	EXP 	fixation: autoDraw = False
138.1772 	EXP 	line1: autoDraw = False
138.1772 	EXP 	line2: autoDraw = False
138.1772 	EXP 	line3: autoDraw = False
138.1772 	EXP 	line4: autoDraw = False
138.1772 	EXP 	probe: autoDraw = False
138.1772 	EXP 	fixation: autoDraw = True
138.3465 	EXP 	Device response: <KeyPress from None: t=138.16593141599878, value=z, duration=0.1764370000018971>
139.1681 	EXP 	fixation: autoDraw = False
139.1681 	EXP 	line1: autoDraw = True
139.1681 	EXP 	line2: autoDraw = True
139.1681 	EXP 	line3: autoDraw = True
139.1681 	EXP 	line4: autoDraw = True
140.1679 	INFO 	Keyboard events cleared
140.1678 	EXP 	probe: autoDraw = True
140.4793 	EXP 	Device response: <KeyPress from None: t=140.4679614580018, value=x, duration=None>
140.4797 	EXP 	New trial (rep=15, index=1): <Trial 61 (1 in rep 15) data={'pos': np.int64(150), 'corr_resp': 'v', 'thisN': 61, 'thisTrialN': 1, 'thisRepN': 15}>
140.4833 	DATA 	Keypress: x
140.4868 	EXP 	fixation: autoDraw = False
140.4868 	EXP 	line1: autoDraw = False
140.4868 	EXP 	line2: autoDraw = False
140.4868 	EXP 	line3: autoDraw = False
140.4868 	EXP 	line4: autoDraw = False
140.4868 	EXP 	probe: autoDraw = False
140.4868 	EXP 	fixation: autoDraw = True
140.5661 	EXP 	Device response: <KeyPress from None: t=140.4679614580018, value=x, duration=0.096200708001561>
141.4780 	EXP 	line1: autoDraw = True
141.4780 	EXP 	line2: autoDraw = True
141.4780 	EXP 	line3: autoDraw = True
141.4780 	EXP 	line4: autoDraw = True
141.4825 	EXP 	fixation: autoDraw = False
142.4782 	INFO 	Keyboard events cleared
142.4781 	EXP 	probe: autoDraw = True
142.8016 	EXP 	Device response: <KeyPress from None: t=142.79579654100235, value=v, duration=None>
142.8020 	EXP 	New trial (rep=15, index=2): <Trial 62 (2 in rep 15) data={'pos': np.int64(50), 'corr_resp': 'c', 'thisN': 62, 'thisTrialN': 2, 'thisRepN': 15}>
142.8059 	DATA 	Keypress: v
142.8104 	EXP 	fixation: autoDraw = False
142.8104 	EXP 	line1: autoDraw = False
142.8104 	EXP 	line2: autoDraw = False
142.8104 	EXP 	line3: autoDraw = False
142.8104 	EXP 	line4: autoDraw = False
142.8104 	EXP 	probe: autoDraw = False
142.8104 	EXP 	fixation: autoDraw = True
142.9173 	EXP 	Device response: <KeyPress from None: t=142.79579654100235, value=v, duration=0.12034495899570175>
143.8007 	EXP 	fixation: autoDraw = False
143.8007 	EXP 	line1: autoDraw = True
143.8007 	EXP 	line2: autoDraw = True
143.8007 	EXP 	line3: autoDraw = True
143.8007 	EXP 	line4: autoDraw = True
144.8012 	INFO 	Keyboard events cleared
144.8010 	EXP 	probe: autoDraw = True
145.0790 	EXP 	Device response: <KeyPress from None: t=145.07098633299756, value=c, duration=None>
145.0794 	EXP 	New trial (rep=15, index=3): <Trial 63 (3 in rep 15) data={'pos': np.int64(-150), 'corr_resp': 'z', 'thisN': 63, 'thisTrialN': 3, 'thisRepN': 15}>
145.0835 	DATA 	Keypress: c
145.0873 	EXP 	fixation: autoDraw = False
145.0873 	EXP 	line1: autoDraw = False
145.0873 	EXP 	line2: autoDraw = False
145.0873 	EXP 	line3: autoDraw = False
145.0873 	EXP 	line4: autoDraw = False
145.0873 	EXP 	probe: autoDraw = False
145.0873 	EXP 	fixation: autoDraw = True
145.1963 	EXP 	Device response: <KeyPress from None: t=145.07098633299756, value=c, duration=0.12025733300106367>
146.0779 	EXP 	line1: autoDraw = True
146.0779 	EXP 	line2: autoDraw = True
146.0779 	EXP 	line3: autoDraw = True
146.0779 	EXP 	line4: autoDraw = True
146.0831 	EXP 	fixation: autoDraw = False
147.0782 	INFO 	Keyboard events cleared
147.0781 	EXP 	probe: autoDraw = True
147.3627 	EXP 	Device response: <KeyPress from None: t=147.35082158300065, value=z, duration=None>
147.3633 	EXP 	New trial (rep=16, index=0): <Trial 64 (0 in rep 16) data={'pos': np.int64(-50), 'corr_resp': 'x', 'thisN': 64, 'thisTrialN': 0, 'thisRepN': 16}>
147.3679 	DATA 	Keypress: z
147.3717 	EXP 	fixation: autoDraw = False
147.3717 	EXP 	line1: autoDraw = False
147.3717 	EXP 	line2: autoDraw = False
147.3717 	EXP 	line3: autoDraw = False
147.3717 	EXP 	line4: autoDraw = False
147.3717 	EXP 	probe: autoDraw = False
147.3717 	EXP 	fixation: autoDraw = True
147.5131 	EXP 	Device response: <KeyPress from None: t=147.35082158300065, value=z, duration=0.14830899999651592>
148.3615 	EXP 	line1: autoDraw = True
148.3615 	EXP 	line2: autoDraw = True
148.3615 	EXP 	line3: autoDraw = True
148.3615 	EXP 	line4: autoDraw = True
148.3673 	EXP 	fixation: autoDraw = False
149.3615 	INFO 	Keyboard events cleared
149.3614 	EXP 	probe: autoDraw = True
149.6175 	EXP 	Device response: <KeyPress from None: t=149.61663966599735, value=x, duration=None>
149.6224 	DATA 	Keypress: x
149.6276 	EXP 	New trial (rep=16, index=1): <Trial 65 (1 in rep 16) data={'pos': np.int64(150), 'corr_resp': 'v', 'thisN': 65, 'thisTrialN': 1, 'thisRepN': 16}>
149.6321 	EXP 	fixation: autoDraw = False
149.6321 	EXP 	line1: autoDraw = False
149.6321 	EXP 	line2: autoDraw = False
149.6321 	EXP 	line3: autoDraw = False
149.6321 	EXP 	line4: autoDraw = False
149.6321 	EXP 	probe: autoDraw = False
149.6321 	EXP 	fixation: autoDraw = True
149.7628 	EXP 	Device response: <KeyPress from None: t=149.61663966599735, value=x, duration=0.13709595900581917>
150.6185 	EXP 	line1: autoDraw = True
150.6185 	EXP 	line2: autoDraw = True
150.6185 	EXP 	line3: autoDraw = True
150.6185 	EXP 	line4: autoDraw = True
150.6279 	EXP 	fixation: autoDraw = False
151.6186 	INFO 	Keyboard events cleared
151.6184 	EXP 	probe: autoDraw = True
151.7010 	EXP 	Device response: <KeyPress from None: t=151.69773158300086, value=v, duration=None>
151.7014 	EXP 	New trial (rep=16, index=2): <Trial 66 (2 in rep 16) data={'pos': np.int64(50), 'corr_resp': 'c', 'thisN': 66, 'thisTrialN': 2, 'thisRepN': 16}>
151.7055 	DATA 	Keypress: v
151.7103 	EXP 	fixation: autoDraw = False
151.7103 	EXP 	line1: autoDraw = False
151.7103 	EXP 	line2: autoDraw = False
151.7103 	EXP 	line3: autoDraw = False
151.7103 	EXP 	line4: autoDraw = False
151.7103 	EXP 	probe: autoDraw = False
151.7103 	EXP 	fixation: autoDraw = True
151.8631 	EXP 	Device response: <KeyPress from None: t=151.69773158300086, value=v, duration=0.1562615829971037>
152.7010 	EXP 	fixation: autoDraw = False
152.7010 	EXP 	line1: autoDraw = True
152.7010 	EXP 	line2: autoDraw = True
152.7010 	EXP 	line3: autoDraw = True
152.7010 	EXP 	line4: autoDraw = True
153.7012 	INFO 	Keyboard events cleared
153.7010 	EXP 	probe: autoDraw = True
153.9846 	EXP 	Device response: <KeyPress from None: t=153.97971595799754, value=c, duration=None>
153.9850 	EXP 	New trial (rep=16, index=3): <Trial 67 (3 in rep 16) data={'pos': np.int64(-150), 'corr_resp': 'z', 'thisN': 67, 'thisTrialN': 3, 'thisRepN': 16}>
153.9892 	DATA 	Keypress: c
153.9937 	EXP 	fixation: autoDraw = False
153.9937 	EXP 	line1: autoDraw = False
153.9937 	EXP 	line2: autoDraw = False
153.9937 	EXP 	line3: autoDraw = False
153.9937 	EXP 	line4: autoDraw = False
153.9937 	EXP 	probe: autoDraw = False
153.9937 	EXP 	fixation: autoDraw = True
154.1125 	EXP 	Device response: <KeyPress from None: t=153.97971595799754, value=c, duration=0.1202653750005993>
154.9847 	EXP 	fixation: autoDraw = False
154.9847 	EXP 	line1: autoDraw = True
154.9847 	EXP 	line2: autoDraw = True
154.9847 	EXP 	line3: autoDraw = True
154.9847 	EXP 	line4: autoDraw = True
155.9840 	INFO 	Keyboard events cleared
155.9838 	EXP 	probe: autoDraw = True
156.1961 	EXP 	Device response: <KeyPress from None: t=156.19365270800336, value=z, duration=None>
156.1968 	EXP 	New trial (rep=17, index=0): <Trial 68 (0 in rep 17) data={'pos': np.int64(-50), 'corr_resp': 'x', 'thisN': 68, 'thisTrialN': 0, 'thisRepN': 17}>
156.2014 	DATA 	Keypress: z
156.2052 	EXP 	fixation: autoDraw = False
156.2052 	EXP 	line1: autoDraw = False
156.2052 	EXP 	line2: autoDraw = False
156.2052 	EXP 	line3: autoDraw = False
156.2052 	EXP 	line4: autoDraw = False
156.2052 	EXP 	probe: autoDraw = False
156.2052 	EXP 	fixation: autoDraw = True
156.3461 	EXP 	Device response: <KeyPress from None: t=156.19365270800336, value=z, duration=0.14838908299861941>
157.1945 	EXP 	line1: autoDraw = True
157.1945 	EXP 	line2: autoDraw = True
157.1945 	EXP 	line3: autoDraw = True
157.1945 	EXP 	line4: autoDraw = True
157.1999 	EXP 	fixation: autoDraw = False
158.1948 	INFO 	Keyboard events cleared
158.1946 	EXP 	probe: autoDraw = True
158.4516 	EXP 	Device response: <KeyPress from None: t=158.4477177910012, value=x, duration=None>
158.4520 	EXP 	New trial (rep=17, index=1): <Trial 69 (1 in rep 17) data={'pos': np.int64(150), 'corr_resp': 'v', 'thisN': 69, 'thisTrialN': 1, 'thisRepN': 17}>
158.4562 	DATA 	Keypress: x
158.4604 	EXP 	fixation: autoDraw = False
158.4604 	EXP 	line1: autoDraw = False
158.4604 	EXP 	line2: autoDraw = False
158.4604 	EXP 	line3: autoDraw = False
158.4604 	EXP 	line4: autoDraw = False
158.4604 	EXP 	probe: autoDraw = False
158.4604 	EXP 	fixation: autoDraw = True
158.5960 	EXP 	Device response: <KeyPress from None: t=158.4477177910012, value=x, duration=0.13649645899567986>
159.4498 	EXP 	fixation: autoDraw = False
159.4498 	EXP 	line1: autoDraw = True
159.4498 	EXP 	line2: autoDraw = True
159.4498 	EXP 	line3: autoDraw = True
159.4498 	EXP 	line4: autoDraw = True
159.7960 	EXP 	Device response: <KeyPress from None: t=159.784477125002, value=v, duration=None>
159.8023 	DATA 	Keypress: v
159.8288 	WARNING 	t of last frame was 22.08ms (=1/45)
159.8957 	EXP 	Device response: <KeyPress from None: t=159.784477125002, value=v, duration=0.10038433299632743>
160.4506 	INFO 	Keyboard events cleared
160.4504 	EXP 	probe: autoDraw = True
160.9461 	EXP 	Device response: <KeyPress from None: t=160.9344830409973, value=v, duration=None>
160.9468 	EXP 	New trial (rep=17, index=2): <Trial 70 (2 in rep 17) data={'pos': np.int64(50), 'corr_resp': 'c', 'thisN': 70, 'thisTrialN': 2, 'thisRepN': 17}>
160.9530 	DATA 	Keypress: v
160.9572 	EXP 	fixation: autoDraw = False
160.9572 	EXP 	line1: autoDraw = False
160.9572 	EXP 	line2: autoDraw = False
160.9572 	EXP 	line3: autoDraw = False
160.9572 	EXP 	line4: autoDraw = False
160.9572 	EXP 	probe: autoDraw = False
160.9572 	EXP 	fixation: autoDraw = True
161.0959 	EXP 	Device response: <KeyPress from None: t=160.9344830409973, value=v, duration=0.14830379200429888>
161.9447 	EXP 	line1: autoDraw = True
161.9447 	EXP 	line2: autoDraw = True
161.9447 	EXP 	line3: autoDraw = True
161.9447 	EXP 	line4: autoDraw = True
161.9496 	EXP 	fixation: autoDraw = False
162.9448 	INFO 	Keyboard events cleared
162.9446 	EXP 	probe: autoDraw = True
163.2623 	EXP 	Device response: <KeyPress from None: t=163.2514083749993, value=v, duration=None>
163.2628 	EXP 	New trial (rep=17, index=3): <Trial 71 (3 in rep 17) data={'pos': np.int64(-150), 'corr_resp': 'z', 'thisN': 71, 'thisTrialN': 3, 'thisRepN': 17}>
163.2679 	DATA 	Keypress: v
163.2721 	EXP 	fixation: autoDraw = False
163.2721 	EXP 	line1: autoDraw = False
163.2721 	EXP 	line2: autoDraw = False
163.2721 	EXP 	line3: autoDraw = False
163.2721 	EXP 	line4: autoDraw = False
163.2721 	EXP 	probe: autoDraw = False
163.2721 	EXP 	fixation: autoDraw = True
163.3623 	EXP 	Device response: <KeyPress from None: t=163.35544325000228, value=c, duration=None>
163.3625 	EXP 	Device response: <KeyPress from None: t=163.2514083749993, value=v, duration=0.10803850000229431>
163.3677 	DATA 	Keypress: c
163.4790 	EXP 	Device response: <KeyPress from None: t=163.35544325000228, value=c, duration=0.12024795799516141>
164.2613 	EXP 	line1: autoDraw = True
164.2613 	EXP 	line2: autoDraw = True
164.2613 	EXP 	line3: autoDraw = True
164.2613 	EXP 	line4: autoDraw = True
164.2659 	EXP 	fixation: autoDraw = False
165.2613 	INFO 	Keyboard events cleared
165.2611 	EXP 	probe: autoDraw = True
165.6130 	EXP 	Device response: <KeyPress from None: t=165.60241416600184, value=z, duration=None>
165.6138 	EXP 	New trial (rep=18, index=0): <Trial 72 (0 in rep 18) data={'pos': np.int64(-50), 'corr_resp': 'x', 'thisN': 72, 'thisTrialN': 0, 'thisRepN': 18}>
165.6202 	DATA 	Keypress: z
165.6244 	EXP 	fixation: autoDraw = False
165.6244 	EXP 	line1: autoDraw = False
165.6244 	EXP 	line2: autoDraw = False
165.6244 	EXP 	line3: autoDraw = False
165.6244 	EXP 	line4: autoDraw = False
165.6244 	EXP 	probe: autoDraw = False
165.6244 	EXP 	fixation: autoDraw = True
165.6449 	WARNING 	Multiple dropped frames have occurred - I'll stop bothering you about them!
165.7964 	EXP 	Device response: <KeyPress from None: t=165.60241416600184, value=z, duration=0.1841712089953944>
166.6115 	EXP 	line1: autoDraw = True
166.6115 	EXP 	line2: autoDraw = True
166.6115 	EXP 	line3: autoDraw = True
166.6115 	EXP 	line4: autoDraw = True
166.6177 	EXP 	fixation: autoDraw = False
167.6113 	INFO 	Keyboard events cleared
167.6111 	EXP 	probe: autoDraw = True
167.9848 	EXP 	Device response: <KeyPress from None: t=167.98035287499806, value=x, duration=None>
167.9852 	EXP 	New trial (rep=18, index=1): <Trial 73 (1 in rep 18) data={'pos': np.int64(150), 'corr_resp': 'v', 'thisN': 73, 'thisTrialN': 1, 'thisRepN': 18}>
167.9907 	DATA 	Keypress: x
168.0119 	EXP 	fixation: autoDraw = False
168.0119 	EXP 	line1: autoDraw = False
168.0119 	EXP 	line2: autoDraw = False
168.0119 	EXP 	line3: autoDraw = False
168.0119 	EXP 	line4: autoDraw = False
168.0119 	EXP 	probe: autoDraw = False
168.0119 	EXP 	fixation: autoDraw = True
168.0961 	EXP 	Device response: <KeyPress from None: t=167.98035287499806, value=x, duration=0.11234708299889462>
168.9850 	EXP 	line1: autoDraw = True
168.9850 	EXP 	line2: autoDraw = True
168.9850 	EXP 	line3: autoDraw = True
168.9850 	EXP 	line4: autoDraw = True
168.9995 	EXP 	fixation: autoDraw = False
169.9847 	INFO 	Keyboard events cleared
169.9845 	EXP 	probe: autoDraw = True
170.2956 	EXP 	Device response: <KeyPress from None: t=170.29227279099723, value=v, duration=None>
170.2960 	EXP 	New trial (rep=18, index=2): <Trial 74 (2 in rep 18) data={'pos': np.int64(50), 'corr_resp': 'c', 'thisN': 74, 'thisTrialN': 2, 'thisRepN': 18}>
170.3016 	DATA 	Keypress: v
170.3057 	EXP 	fixation: autoDraw = False
170.3057 	EXP 	line1: autoDraw = False
170.3057 	EXP 	line2: autoDraw = False
170.3057 	EXP 	line3: autoDraw = False
170.3057 	EXP 	line4: autoDraw = False
170.3057 	EXP 	probe: autoDraw = False
170.3057 	EXP 	fixation: autoDraw = True
170.4502 	EXP 	Device response: <KeyPress from None: t=170.29227279099723, value=v, duration=0.1562727500058827>
171.2945 	EXP 	line1: autoDraw = True
171.2945 	EXP 	line2: autoDraw = True
171.2945 	EXP 	line3: autoDraw = True
171.2945 	EXP 	line4: autoDraw = True
171.2996 	EXP 	fixation: autoDraw = False
172.2946 	INFO 	Keyboard events cleared
172.2945 	EXP 	probe: autoDraw = True
172.6127 	EXP 	Device response: <KeyPress from None: t=172.60325208299764, value=c, duration=None>
172.6133 	EXP 	New trial (rep=18, index=3): <Trial 75 (3 in rep 18) data={'pos': np.int64(-150), 'corr_resp': 'z', 'thisN': 75, 'thisTrialN': 3, 'thisRepN': 18}>
172.6189 	DATA 	Keypress: c
172.6231 	EXP 	fixation: autoDraw = False
172.6231 	EXP 	line1: autoDraw = False
172.6231 	EXP 	line2: autoDraw = False
172.6231 	EXP 	line3: autoDraw = False
172.6231 	EXP 	line4: autoDraw = False
172.6231 	EXP 	probe: autoDraw = False
172.6231 	EXP 	fixation: autoDraw = True
172.7295 	EXP 	Device response: <KeyPress from None: t=172.60325208299764, value=c, duration=0.12039087500306778>
173.6113 	EXP 	line1: autoDraw = True
173.6113 	EXP 	line2: autoDraw = True
173.6113 	EXP 	line3: autoDraw = True
173.6113 	EXP 	line4: autoDraw = True
173.6168 	EXP 	fixation: autoDraw = False
174.6113 	INFO 	Keyboard events cleared
174.6111 	EXP 	probe: autoDraw = True
174.8503 	EXP 	Device response: <KeyPress from None: t=174.84920512499957, value=z, duration=None>
174.8507 	EXP 	New trial (rep=19, index=0): <Trial 76 (0 in rep 19) data={'pos': np.int64(-50), 'corr_resp': 'x', 'thisN': 76, 'thisTrialN': 0, 'thisRepN': 19}>
174.8558 	DATA 	Keypress: z
174.8603 	EXP 	fixation: autoDraw = False
174.8603 	EXP 	line1: autoDraw = False
174.8603 	EXP 	line2: autoDraw = False
174.8603 	EXP 	line3: autoDraw = False
174.8603 	EXP 	line4: autoDraw = False
174.8603 	EXP 	probe: autoDraw = False
174.8603 	EXP 	fixation: autoDraw = True
174.9959 	EXP 	Device response: <KeyPress from None: t=174.84920512499957, value=z, duration=0.1362942080013454>
175.8513 	EXP 	fixation: autoDraw = False
175.8513 	EXP 	line1: autoDraw = True
175.8513 	EXP 	line2: autoDraw = True
175.8513 	EXP 	line3: autoDraw = True
175.8513 	EXP 	line4: autoDraw = True
176.8445 	INFO 	Keyboard events cleared
176.8444 	EXP 	probe: autoDraw = True
177.1288 	EXP 	Device response: <KeyPress from None: t=177.12320224999712, value=x, duration=None>
177.1292 	EXP 	New trial (rep=19, index=1): <Trial 77 (1 in rep 19) data={'pos': np.int64(150), 'corr_resp': 'v', 'thisN': 77, 'thisTrialN': 1, 'thisRepN': 19}>
177.1350 	DATA 	Keypress: x
177.1392 	EXP 	fixation: autoDraw = False
177.1392 	EXP 	line1: autoDraw = False
177.1392 	EXP 	line2: autoDraw = False
177.1392 	EXP 	line3: autoDraw = False
177.1392 	EXP 	line4: autoDraw = False
177.1392 	EXP 	probe: autoDraw = False
177.1392 	EXP 	fixation: autoDraw = True
177.2795 	EXP 	Device response: <KeyPress from None: t=177.12320224999712, value=x, duration=0.14839254100661492>
178.1278 	EXP 	line1: autoDraw = True
178.1278 	EXP 	line2: autoDraw = True
178.1278 	EXP 	line3: autoDraw = True
178.1278 	EXP 	line4: autoDraw = True
178.1336 	EXP 	fixation: autoDraw = False
179.1279 	INFO 	Keyboard events cleared
179.1277 	EXP 	probe: autoDraw = True
179.4025 	EXP 	Device response: <KeyPress from None: t=179.400195041002, value=v, duration=None>
179.4029 	EXP 	New trial (rep=19, index=2): <Trial 78 (2 in rep 19) data={'pos': np.int64(50), 'corr_resp': 'c', 'thisN': 78, 'thisTrialN': 2, 'thisRepN': 19}>
179.4082 	DATA 	Keypress: v
179.4141 	EXP 	fixation: autoDraw = False
179.4141 	EXP 	line1: autoDraw = False
179.4141 	EXP 	line2: autoDraw = False
179.4141 	EXP 	line3: autoDraw = False
179.4141 	EXP 	line4: autoDraw = False
179.4141 	EXP 	probe: autoDraw = False
179.4141 	EXP 	fixation: autoDraw = True
179.5462 	EXP 	Device response: <KeyPress from None: t=179.400195041002, value=v, duration=0.14021733399567893>
180.3998 	EXP 	line1: autoDraw = True
180.3998 	EXP 	line2: autoDraw = True
180.3998 	EXP 	line3: autoDraw = True
180.3998 	EXP 	line4: autoDraw = True
180.4111 	EXP 	fixation: autoDraw = False
181.4017 	INFO 	Keyboard events cleared
181.4016 	EXP 	probe: autoDraw = True
181.6840 	EXP 	Device response: <KeyPress from None: t=181.68104908300302, value=c, duration=None>
181.6845 	EXP 	New trial (rep=19, index=3): <Trial 79 (3 in rep 19) data={'pos': np.int64(-150), 'corr_resp': 'z', 'thisN': 79, 'thisTrialN': 3, 'thisRepN': 19}>
181.6897 	DATA 	Keypress: c
181.7113 	EXP 	fixation: autoDraw = False
181.7113 	EXP 	line1: autoDraw = False
181.7113 	EXP 	line2: autoDraw = False
181.7113 	EXP 	line3: autoDraw = False
181.7113 	EXP 	line4: autoDraw = False
181.7113 	EXP 	probe: autoDraw = False
181.7113 	EXP 	fixation: autoDraw = True
181.7795 	EXP 	Device response: <KeyPress from None: t=181.68104908300302, value=c, duration=0.0963284579993342>
182.6847 	EXP 	line1: autoDraw = True
182.6847 	EXP 	line2: autoDraw = True
182.6847 	EXP 	line3: autoDraw = True
182.6847 	EXP 	line4: autoDraw = True
182.6981 	EXP 	fixation: autoDraw = False
183.6778 	INFO 	Keyboard events cleared
183.6776 	EXP 	probe: autoDraw = True
183.9457 	EXP 	Device response: <KeyPress from None: t=183.94186604100105, value=z, duration=None>
183.9462 	EXP 	New trial (rep=20, index=0): <Trial 80 (0 in rep 20) data={'pos': np.int64(-50), 'corr_resp': 'x', 'thisN': 80, 'thisTrialN': 0, 'thisRepN': 20}>
183.9518 	DATA 	Keypress: z
183.9560 	EXP 	fixation: autoDraw = False
183.9560 	EXP 	line1: autoDraw = False
183.9560 	EXP 	line2: autoDraw = False
183.9560 	EXP 	line3: autoDraw = False
183.9560 	EXP 	line4: autoDraw = False
183.9560 	EXP 	probe: autoDraw = False
183.9560 	EXP 	fixation: autoDraw = True
184.1004 	EXP 	Device response: <KeyPress from None: t=183.94186604100105, value=z, duration=0.15640637499745935>
184.9444 	EXP 	line1: autoDraw = True
184.9444 	EXP 	line2: autoDraw = True
184.9444 	EXP 	line3: autoDraw = True
184.9444 	EXP 	line4: autoDraw = True
184.9495 	EXP 	fixation: autoDraw = False
185.9445 	INFO 	Keyboard events cleared
185.9443 	EXP 	probe: autoDraw = True
186.2125 	EXP 	Device response: <KeyPress from None: t=186.20293470800243, value=x, duration=None>
186.2131 	EXP 	New trial (rep=20, index=1): <Trial 81 (1 in rep 20) data={'pos': np.int64(150), 'corr_resp': 'v', 'thisN': 81, 'thisTrialN': 1, 'thisRepN': 20}>
186.2186 	DATA 	Keypress: x
186.2227 	EXP 	fixation: autoDraw = False
186.2227 	EXP 	line1: autoDraw = False
186.2227 	EXP 	line2: autoDraw = False
186.2227 	EXP 	line3: autoDraw = False
186.2227 	EXP 	line4: autoDraw = False
186.2227 	EXP 	probe: autoDraw = False
186.2227 	EXP 	fixation: autoDraw = True
186.3128 	EXP 	Device response: <KeyPress from None: t=186.20293470800243, value=x, duration=0.10441379199619405>
187.2111 	EXP 	line1: autoDraw = True
187.2111 	EXP 	line2: autoDraw = True
187.2111 	EXP 	line3: autoDraw = True
187.2111 	EXP 	line4: autoDraw = True
187.2167 	EXP 	fixation: autoDraw = False
188.2111 	INFO 	Keyboard events cleared
188.2110 	EXP 	probe: autoDraw = True
188.2681 	EXP 	Device response: <KeyPress from None: t=188.2648741660014, value=v, duration=None>
188.2685 	EXP 	New trial (rep=20, index=2): <Trial 82 (2 in rep 20) data={'pos': np.int64(50), 'corr_resp': 'c', 'thisN': 82, 'thisTrialN': 2, 'thisRepN': 20}>
188.2738 	DATA 	Keypress: v
188.2945 	EXP 	fixation: autoDraw = False
188.2945 	EXP 	line1: autoDraw = False
188.2945 	EXP 	line2: autoDraw = False
188.2945 	EXP 	line3: autoDraw = False
188.2945 	EXP 	line4: autoDraw = False
188.2945 	EXP 	probe: autoDraw = False
188.2945 	EXP 	fixation: autoDraw = True
188.3835 	EXP 	Device response: <KeyPress from None: t=188.2648741660014, value=v, duration=0.11324179200164508>
189.2684 	EXP 	line1: autoDraw = True
189.2684 	EXP 	line2: autoDraw = True
189.2684 	EXP 	line3: autoDraw = True
189.2684 	EXP 	line4: autoDraw = True
189.2825 	EXP 	fixation: autoDraw = False
190.2677 	INFO 	Keyboard events cleared
190.2675 	EXP 	probe: autoDraw = True
190.5122 	EXP 	Device response: <KeyPress from None: t=190.50270112499857, value=c, duration=None>
190.5127 	EXP 	New trial (rep=20, index=3): <Trial 83 (3 in rep 20) data={'pos': np.int64(-150), 'corr_resp': 'z', 'thisN': 83, 'thisTrialN': 3, 'thisRepN': 20}>
190.5184 	DATA 	Keypress: c
190.5226 	EXP 	fixation: autoDraw = False
190.5226 	EXP 	line1: autoDraw = False
190.5226 	EXP 	line2: autoDraw = False
190.5226 	EXP 	line3: autoDraw = False
190.5226 	EXP 	line4: autoDraw = False
190.5226 	EXP 	probe: autoDraw = False
190.5226 	EXP 	fixation: autoDraw = True
190.6130 	EXP 	Device response: <KeyPress from None: t=190.50270112499857, value=c, duration=0.10446475000208011>
191.5113 	EXP 	line1: autoDraw = True
191.5113 	EXP 	line2: autoDraw = True
191.5113 	EXP 	line3: autoDraw = True
191.5113 	EXP 	line4: autoDraw = True
191.5180 	EXP 	fixation: autoDraw = False
192.5113 	INFO 	Keyboard events cleared
192.5112 	EXP 	probe: autoDraw = True
192.6287 	EXP 	Device response: <KeyPress from None: t=192.62071687499702, value=z, duration=None>
192.6292 	EXP 	New trial (rep=21, index=0): <Trial 84 (0 in rep 21) data={'pos': np.int64(-50), 'corr_resp': 'x', 'thisN': 84, 'thisTrialN': 0, 'thisRepN': 21}>
192.6348 	DATA 	Keypress: z
192.6389 	EXP 	fixation: autoDraw = False
192.6389 	EXP 	line1: autoDraw = False
192.6389 	EXP 	line2: autoDraw = False
192.6389 	EXP 	line3: autoDraw = False
192.6389 	EXP 	line4: autoDraw = False
192.6389 	EXP 	probe: autoDraw = False
192.6389 	EXP 	fixation: autoDraw = True
192.7170 	EXP 	Device response: <KeyPress from None: t=192.62071687499702, value=z, duration=0.09242833300231723>
193.6277 	EXP 	line1: autoDraw = True
193.6277 	EXP 	line2: autoDraw = True
193.6277 	EXP 	line3: autoDraw = True
193.6277 	EXP 	line4: autoDraw = True
193.6337 	EXP 	fixation: autoDraw = False
194.6278 	INFO 	Keyboard events cleared
194.6276 	EXP 	probe: autoDraw = True
194.6457 	EXP 	Device response: <KeyPress from None: t=194.63460191599734, value=x, duration=None>
194.6462 	EXP 	New trial (rep=21, index=1): <Trial 85 (1 in rep 21) data={'pos': np.int64(150), 'corr_resp': 'v', 'thisN': 85, 'thisTrialN': 1, 'thisRepN': 21}>
194.6522 	DATA 	Keypress: x
194.6564 	EXP 	fixation: autoDraw = False
194.6564 	EXP 	line1: autoDraw = False
194.6564 	EXP 	line2: autoDraw = False
194.6564 	EXP 	line3: autoDraw = False
194.6564 	EXP 	line4: autoDraw = False
194.6564 	EXP 	probe: autoDraw = False
194.6564 	EXP 	fixation: autoDraw = True
194.8293 	EXP 	Device response: <KeyPress from None: t=194.63460191599734, value=x, duration=0.18855345900374232>
195.6442 	EXP 	line1: autoDraw = True
195.6442 	EXP 	line2: autoDraw = True
195.6442 	EXP 	line3: autoDraw = True
195.6442 	EXP 	line4: autoDraw = True
195.6495 	EXP 	fixation: autoDraw = False
196.6168 	EXP 	Device response: <KeyPress from None: t=196.61558062500262, value=v, duration=None>
196.6223 	DATA 	Keypress: v
196.6445 	INFO 	Keyboard events cleared
196.6443 	EXP 	probe: autoDraw = True
196.7179 	EXP 	Device response: <KeyPress from None: t=196.61558062500262, value=v, duration=0.09696520799479913>
197.0121 	EXP 	Device response: <KeyPress from None: t=197.00058012500085, value=v, duration=None>
197.0125 	EXP 	New trial (rep=21, index=2): <Trial 86 (2 in rep 21) data={'pos': np.int64(50), 'corr_resp': 'c', 'thisN': 86, 'thisTrialN': 2, 'thisRepN': 21}>
197.0178 	DATA 	Keypress: v
197.0221 	EXP 	fixation: autoDraw = False
197.0221 	EXP 	line1: autoDraw = False
197.0221 	EXP 	line2: autoDraw = False
197.0221 	EXP 	line3: autoDraw = False
197.0221 	EXP 	line4: autoDraw = False
197.0221 	EXP 	probe: autoDraw = False
197.0221 	EXP 	fixation: autoDraw = True
197.0962 	EXP 	Device response: <KeyPress from None: t=197.00058012500085, value=v, duration=0.08447679100208916>
198.0109 	EXP 	line1: autoDraw = True
198.0109 	EXP 	line2: autoDraw = True
198.0109 	EXP 	line3: autoDraw = True
198.0109 	EXP 	line4: autoDraw = True
198.0165 	EXP 	fixation: autoDraw = False
199.0110 	INFO 	Keyboard events cleared
199.0108 	EXP 	probe: autoDraw = True
199.2290 	EXP 	Device response: <KeyPress from None: t=199.22765733300184, value=c, duration=None>
199.2296 	EXP 	New trial (rep=21, index=3): <Trial 87 (3 in rep 21) data={'pos': np.int64(-150), 'corr_resp': 'z', 'thisN': 87, 'thisTrialN': 3, 'thisRepN': 21}>
199.2355 	DATA 	Keypress: c
199.2396 	EXP 	fixation: autoDraw = False
199.2396 	EXP 	line1: autoDraw = False
199.2396 	EXP 	line2: autoDraw = False
199.2396 	EXP 	line3: autoDraw = False
199.2396 	EXP 	line4: autoDraw = False
199.2396 	EXP 	probe: autoDraw = False
199.2396 	EXP 	fixation: autoDraw = True
199.3334 	EXP 	Device response: <KeyPress from None: t=199.22765733300184, value=c, duration=0.10425916699750815>
200.2278 	EXP 	line1: autoDraw = True
200.2278 	EXP 	line2: autoDraw = True
200.2278 	EXP 	line3: autoDraw = True
200.2278 	EXP 	line4: autoDraw = True
200.2322 	EXP 	fixation: autoDraw = False
201.2276 	INFO 	Keyboard events cleared
201.2274 	EXP 	probe: autoDraw = True
201.4333 	EXP 	Device response: <KeyPress from None: t=201.43249395800376, value=z, duration=None>
201.4388 	DATA 	Keypress: z
201.4437 	EXP 	New trial (rep=22, index=0): <Trial 88 (0 in rep 22) data={'pos': np.int64(-50), 'corr_resp': 'x', 'thisN': 88, 'thisTrialN': 0, 'thisRepN': 22}>
201.4472 	EXP 	fixation: autoDraw = False
201.4472 	EXP 	line1: autoDraw = False
201.4472 	EXP 	line2: autoDraw = False
201.4472 	EXP 	line3: autoDraw = False
201.4472 	EXP 	line4: autoDraw = False
201.4472 	EXP 	probe: autoDraw = False
201.4472 	EXP 	fixation: autoDraw = True
201.5627 	EXP 	Device response: <KeyPress from None: t=201.43249395800376, value=z, duration=0.12438987499626819>
202.4349 	EXP 	line1: autoDraw = True
202.4349 	EXP 	line2: autoDraw = True
202.4349 	EXP 	line3: autoDraw = True
202.4349 	EXP 	line4: autoDraw = True
202.4441 	EXP 	fixation: autoDraw = False
203.4338 	INFO 	Keyboard events cleared
203.4336 	EXP 	probe: autoDraw = True
203.6457 	EXP 	Device response: <KeyPress from None: t=203.63950225000008, value=x, duration=None>
203.6463 	EXP 	New trial (rep=22, index=1): <Trial 89 (1 in rep 22) data={'pos': np.int64(150), 'corr_resp': 'v', 'thisN': 89, 'thisTrialN': 1, 'thisRepN': 22}>
203.6524 	DATA 	Keypress: x
203.6565 	EXP 	fixation: autoDraw = False
203.6565 	EXP 	line1: autoDraw = False
203.6565 	EXP 	line2: autoDraw = False
203.6565 	EXP 	line3: autoDraw = False
203.6565 	EXP 	line4: autoDraw = False
203.6565 	EXP 	probe: autoDraw = False
203.6565 	EXP 	fixation: autoDraw = True
203.7331 	EXP 	Device response: <KeyPress from None: t=203.63950225000008, value=x, duration=0.08832350000011502>
204.6442 	EXP 	line1: autoDraw = True
204.6442 	EXP 	line2: autoDraw = True
204.6442 	EXP 	line3: autoDraw = True
204.6442 	EXP 	line4: autoDraw = True
204.6504 	EXP 	fixation: autoDraw = False
205.6443 	INFO 	Keyboard events cleared
205.6441 	EXP 	probe: autoDraw = True
205.6661 	EXP 	Device response: <KeyPress from None: t=205.66341104100138, value=v, duration=None>
205.6665 	EXP 	New trial (rep=22, index=2): <Trial 90 (2 in rep 22) data={'pos': np.int64(50), 'corr_resp': 'c', 'thisN': 90, 'thisTrialN': 2, 'thisRepN': 22}>
205.6719 	DATA 	Keypress: v
205.6766 	EXP 	fixation: autoDraw = False
205.6766 	EXP 	line1: autoDraw = False
205.6766 	EXP 	line2: autoDraw = False
205.6766 	EXP 	line3: autoDraw = False
205.6766 	EXP 	line4: autoDraw = False
205.6766 	EXP 	probe: autoDraw = False
205.6766 	EXP 	fixation: autoDraw = True
205.8626 	EXP 	Device response: <KeyPress from None: t=205.66341104100138, value=v, duration=0.1923519589981879>
206.6665 	EXP 	fixation: autoDraw = False
206.6665 	EXP 	line1: autoDraw = True
206.6665 	EXP 	line2: autoDraw = True
206.6665 	EXP 	line3: autoDraw = True
206.6665 	EXP 	line4: autoDraw = True
207.6610 	INFO 	Keyboard events cleared
207.6609 	EXP 	probe: autoDraw = True
207.8788 	EXP 	Device response: <KeyPress from None: t=207.8753678330031, value=c, duration=None>
207.8794 	EXP 	New trial (rep=22, index=3): <Trial 91 (3 in rep 22) data={'pos': np.int64(-150), 'corr_resp': 'z', 'thisN': 91, 'thisTrialN': 3, 'thisRepN': 22}>
207.8850 	DATA 	Keypress: c
207.8890 	EXP 	fixation: autoDraw = False
207.8890 	EXP 	line1: autoDraw = False
207.8890 	EXP 	line2: autoDraw = False
207.8890 	EXP 	line3: autoDraw = False
207.8890 	EXP 	line4: autoDraw = False
207.8890 	EXP 	probe: autoDraw = False
207.8890 	EXP 	fixation: autoDraw = True
207.9958 	EXP 	Device response: <KeyPress from None: t=207.8753678330031, value=c, duration=0.11640291699586669>
208.8774 	EXP 	line1: autoDraw = True
208.8774 	EXP 	line2: autoDraw = True
208.8774 	EXP 	line3: autoDraw = True
208.8774 	EXP 	line4: autoDraw = True
208.8828 	EXP 	fixation: autoDraw = False
209.8777 	INFO 	Keyboard events cleared
209.8775 	EXP 	probe: autoDraw = True
210.0622 	EXP 	Device response: <KeyPress from None: t=210.0534421659977, value=z, duration=None>
210.0628 	EXP 	New trial (rep=23, index=0): <Trial 92 (0 in rep 23) data={'pos': np.int64(-50), 'corr_resp': 'x', 'thisN': 92, 'thisTrialN': 0, 'thisRepN': 23}>
210.0686 	DATA 	Keypress: z
210.0728 	EXP 	fixation: autoDraw = False
210.0728 	EXP 	line1: autoDraw = False
210.0728 	EXP 	line2: autoDraw = False
210.0728 	EXP 	line3: autoDraw = False
210.0728 	EXP 	line4: autoDraw = False
210.0728 	EXP 	probe: autoDraw = False
210.0728 	EXP 	fixation: autoDraw = True
210.2127 	EXP 	Device response: <KeyPress from None: t=210.0534421659977, value=z, duration=0.1522144590053358>
211.0608 	EXP 	line1: autoDraw = True
211.0608 	EXP 	line2: autoDraw = True
211.0608 	EXP 	line3: autoDraw = True
211.0608 	EXP 	line4: autoDraw = True
211.0658 	EXP 	fixation: autoDraw = False
212.0611 	INFO 	Keyboard events cleared
212.0609 	EXP 	probe: autoDraw = True
212.2786 	EXP 	Device response: <KeyPress from None: t=212.27442979100306, value=x, duration=None>
212.2792 	EXP 	New trial (rep=23, index=1): <Trial 93 (1 in rep 23) data={'pos': np.int64(150), 'corr_resp': 'v', 'thisN': 93, 'thisTrialN': 1, 'thisRepN': 23}>
212.2845 	DATA 	Keypress: x
212.2887 	EXP 	fixation: autoDraw = False
212.2887 	EXP 	line1: autoDraw = False
212.2887 	EXP 	line2: autoDraw = False
212.2887 	EXP 	line3: autoDraw = False
212.2887 	EXP 	line4: autoDraw = False
212.2887 	EXP 	probe: autoDraw = False
212.2887 	EXP 	fixation: autoDraw = True
212.4169 	EXP 	Device response: <KeyPress from None: t=212.27442979100306, value=x, duration=0.14023099999758415>
213.2774 	EXP 	line1: autoDraw = True
213.2774 	EXP 	line2: autoDraw = True
213.2774 	EXP 	line3: autoDraw = True
213.2774 	EXP 	line4: autoDraw = True
213.2829 	EXP 	fixation: autoDraw = False
214.2774 	INFO 	Keyboard events cleared
214.2773 	EXP 	probe: autoDraw = True
214.3678 	EXP 	Device response: <KeyPress from None: t=214.36129166599858, value=v, duration=None>
214.3683 	EXP 	New trial (rep=23, index=2): <Trial 94 (2 in rep 23) data={'pos': np.int64(50), 'corr_resp': 'c', 'thisN': 94, 'thisTrialN': 2, 'thisRepN': 23}>
214.3735 	DATA 	Keypress: v
214.3942 	EXP 	fixation: autoDraw = False
214.3942 	EXP 	line1: autoDraw = False
214.3942 	EXP 	line2: autoDraw = False
214.3942 	EXP 	line3: autoDraw = False
214.3942 	EXP 	line4: autoDraw = False
214.3942 	EXP 	probe: autoDraw = False
214.3942 	EXP 	fixation: autoDraw = True
214.5126 	EXP 	Device response: <KeyPress from None: t=214.36129166599858, value=v, duration=0.14835979200142901>
215.3686 	EXP 	line1: autoDraw = True
215.3686 	EXP 	line2: autoDraw = True
215.3686 	EXP 	line3: autoDraw = True
215.3686 	EXP 	line4: autoDraw = True
215.3823 	EXP 	fixation: autoDraw = False
216.3676 	INFO 	Keyboard events cleared
216.3675 	EXP 	probe: autoDraw = True
216.6011 	EXP 	Device response: <KeyPress from None: t=216.59726179100107, value=c, duration=None>
216.6015 	EXP 	New trial (rep=23, index=3): <Trial 95 (3 in rep 23) data={'pos': np.int64(-150), 'corr_resp': 'z', 'thisN': 95, 'thisTrialN': 3, 'thisRepN': 23}>
216.6068 	DATA 	Keypress: c
216.6277 	EXP 	fixation: autoDraw = False
216.6277 	EXP 	line1: autoDraw = False
216.6277 	EXP 	line2: autoDraw = False
216.6277 	EXP 	line3: autoDraw = False
216.6277 	EXP 	line4: autoDraw = False
216.6277 	EXP 	probe: autoDraw = False
216.6277 	EXP 	fixation: autoDraw = True
216.7293 	EXP 	Device response: <KeyPress from None: t=216.59726179100107, value=c, duration=0.12430366699845763>
217.6011 	EXP 	line1: autoDraw = True
217.6011 	EXP 	line2: autoDraw = True
217.6011 	EXP 	line3: autoDraw = True
217.6011 	EXP 	line4: autoDraw = True
217.6156 	EXP 	fixation: autoDraw = False
218.6016 	INFO 	Keyboard events cleared
218.6014 	EXP 	probe: autoDraw = True
218.7621 	EXP 	Device response: <KeyPress from None: t=218.75723825000023, value=z, duration=None>
218.7627 	EXP 	New trial (rep=24, index=0): <Trial 96 (0 in rep 24) data={'pos': np.int64(-50), 'corr_resp': 'x', 'thisN': 96, 'thisTrialN': 0, 'thisRepN': 24}>
218.7683 	DATA 	Keypress: z
218.7725 	EXP 	fixation: autoDraw = False
218.7725 	EXP 	line1: autoDraw = False
218.7725 	EXP 	line2: autoDraw = False
218.7725 	EXP 	line3: autoDraw = False
218.7725 	EXP 	line4: autoDraw = False
218.7725 	EXP 	probe: autoDraw = False
218.7725 	EXP 	fixation: autoDraw = True
218.9126 	EXP 	Device response: <KeyPress from None: t=218.75723825000023, value=z, duration=0.14468254100211198>
219.7607 	EXP 	line1: autoDraw = True
219.7607 	EXP 	line2: autoDraw = True
219.7607 	EXP 	line3: autoDraw = True
219.7607 	EXP 	line4: autoDraw = True
219.7667 	EXP 	fixation: autoDraw = False
220.4334 	EXP 	Device response: <KeyPress from None: t=220.4301362499973, value=x, duration=None>
220.4387 	DATA 	Keypress: x
220.7607 	INFO 	Keyboard events cleared
220.7606 	EXP 	probe: autoDraw = True
220.8010 	EXP 	Device response: <KeyPress from None: t=220.4301362499973, value=x, duration=0.3643265000064275>
220.9787 	EXP 	Device response: <KeyPress from None: t=220.97015233300044, value=x, duration=None>
220.9793 	EXP 	New trial (rep=24, index=1): <Trial 97 (1 in rep 24) data={'pos': np.int64(150), 'corr_resp': 'v', 'thisN': 97, 'thisTrialN': 1, 'thisRepN': 24}>
220.9849 	DATA 	Keypress: x
220.9891 	EXP 	fixation: autoDraw = False
220.9891 	EXP 	line1: autoDraw = False
220.9891 	EXP 	line2: autoDraw = False
220.9891 	EXP 	line3: autoDraw = False
220.9891 	EXP 	line4: autoDraw = False
220.9891 	EXP 	probe: autoDraw = False
220.9891 	EXP 	fixation: autoDraw = True
221.0996 	EXP 	Device response: <KeyPress from None: t=220.97015233300044, value=x, duration=0.12826741699973354>
221.9773 	EXP 	line1: autoDraw = True
221.9773 	EXP 	line2: autoDraw = True
221.9773 	EXP 	line3: autoDraw = True
221.9773 	EXP 	line4: autoDraw = True
221.9831 	EXP 	fixation: autoDraw = False
222.6120 	EXP 	Device response: <KeyPress from None: t=222.60928283300018, value=v, duration=None>
222.6180 	DATA 	Keypress: v
222.9663 	EXP 	Device response: <KeyPress from None: t=222.60928283300018, value=v, duration=0.3561340829983237>
222.9775 	INFO 	Keyboard events cleared
222.9774 	EXP 	probe: autoDraw = True
223.1184 	EXP 	Device response: <KeyPress from None: t=223.11598116600362, value=v, duration=None>
223.1189 	EXP 	New trial (rep=24, index=2): <Trial 98 (2 in rep 24) data={'pos': np.int64(50), 'corr_resp': 'c', 'thisN': 98, 'thisTrialN': 2, 'thisRepN': 24}>
223.1242 	DATA 	Keypress: v
223.1303 	EXP 	fixation: autoDraw = False
223.1303 	EXP 	line1: autoDraw = False
223.1303 	EXP 	line2: autoDraw = False
223.1303 	EXP 	line3: autoDraw = False
223.1303 	EXP 	line4: autoDraw = False
223.1303 	EXP 	probe: autoDraw = False
223.1303 	EXP 	fixation: autoDraw = True
223.2952 	EXP 	Device response: <KeyPress from None: t=223.11598116600362, value=v, duration=0.16838458399433875>
224.1169 	EXP 	line1: autoDraw = True
224.1169 	EXP 	line2: autoDraw = True
224.1169 	EXP 	line3: autoDraw = True
224.1169 	EXP 	line4: autoDraw = True
224.1275 	EXP 	fixation: autoDraw = False
225.1183 	INFO 	Keyboard events cleared
225.1181 	EXP 	probe: autoDraw = True
225.2622 	EXP 	Device response: <KeyPress from None: t=225.25724725000327, value=c, duration=None>
225.2627 	EXP 	New trial (rep=24, index=3): <Trial 99 (3 in rep 24) data={'pos': np.int64(-150), 'corr_resp': 'z', 'thisN': 99, 'thisTrialN': 3, 'thisRepN': 24}>
225.2681 	DATA 	Keypress: c
225.2722 	EXP 	fixation: autoDraw = False
225.2722 	EXP 	line1: autoDraw = False
225.2722 	EXP 	line2: autoDraw = False
225.2722 	EXP 	line3: autoDraw = False
225.2722 	EXP 	line4: autoDraw = False
225.2722 	EXP 	probe: autoDraw = False
225.2722 	EXP 	fixation: autoDraw = True
225.4125 	EXP 	Device response: <KeyPress from None: t=225.25724725000327, value=c, duration=0.1481623750005383>
226.2606 	EXP 	line1: autoDraw = True
226.2606 	EXP 	line2: autoDraw = True
226.2606 	EXP 	line3: autoDraw = True
226.2606 	EXP 	line4: autoDraw = True
226.2661 	EXP 	fixation: autoDraw = False
227.2608 	INFO 	Keyboard events cleared
227.2607 	EXP 	probe: autoDraw = True
227.4841 	EXP 	Device response: <KeyPress from None: t=227.48194866599806, value=z, duration=None>
227.4845 	EXP 	New trial (rep=25, index=0): <Trial 100 (0 in rep 25) data={'pos': np.int64(-50), 'corr_resp': 'x', 'thisN': 100, 'thisTrialN': 0, 'thisRepN': 25}>
227.4897 	DATA 	Keypress: z
227.4939 	EXP 	fixation: autoDraw = False
227.4939 	EXP 	line1: autoDraw = False
227.4939 	EXP 	line2: autoDraw = False
227.4939 	EXP 	line3: autoDraw = False
227.4939 	EXP 	line4: autoDraw = False
227.4939 	EXP 	probe: autoDraw = False
227.4939 	EXP 	fixation: autoDraw = True
227.5957 	EXP 	Device response: <KeyPress from None: t=227.48194866599806, value=z, duration=0.10836291700252332>
228.4830 	EXP 	fixation: autoDraw = False
228.4830 	EXP 	line1: autoDraw = True
228.4830 	EXP 	line2: autoDraw = True
228.4830 	EXP 	line3: autoDraw = True
228.4830 	EXP 	line4: autoDraw = True
229.4839 	INFO 	Keyboard events cleared
229.4838 	EXP 	probe: autoDraw = True
229.7453 	EXP 	Device response: <KeyPress from None: t=229.74263220799912, value=x, duration=None>
229.7459 	EXP 	New trial (rep=25, index=1): <Trial 101 (1 in rep 25) data={'pos': np.int64(150), 'corr_resp': 'v', 'thisN': 101, 'thisTrialN': 1, 'thisRepN': 25}>
229.7518 	DATA 	Keypress: x
229.7559 	EXP 	fixation: autoDraw = False
229.7559 	EXP 	line1: autoDraw = False
229.7559 	EXP 	line2: autoDraw = False
229.7559 	EXP 	line3: autoDraw = False
229.7559 	EXP 	line4: autoDraw = False
229.7559 	EXP 	probe: autoDraw = False
229.7559 	EXP 	fixation: autoDraw = True
229.8626 	EXP 	Device response: <KeyPress from None: t=229.74263220799912, value=x, duration=0.10760604200186208>
230.7439 	EXP 	line1: autoDraw = True
230.7439 	EXP 	line2: autoDraw = True
230.7439 	EXP 	line3: autoDraw = True
230.7439 	EXP 	line4: autoDraw = True
230.7496 	EXP 	fixation: autoDraw = False
231.7443 	INFO 	Keyboard events cleared
231.7440 	EXP 	probe: autoDraw = True
231.7952 	EXP 	Device response: <KeyPress from None: t=231.78579762500158, value=v, duration=None>
231.7957 	EXP 	New trial (rep=25, index=2): <Trial 102 (2 in rep 25) data={'pos': np.int64(50), 'corr_resp': 'c', 'thisN': 102, 'thisTrialN': 2, 'thisRepN': 25}>
231.8008 	DATA 	Keypress: v
231.8051 	EXP 	fixation: autoDraw = False
231.8051 	EXP 	line1: autoDraw = False
231.8051 	EXP 	line2: autoDraw = False
231.8051 	EXP 	line3: autoDraw = False
231.8051 	EXP 	line4: autoDraw = False
231.8051 	EXP 	probe: autoDraw = False
231.8051 	EXP 	fixation: autoDraw = True
231.9627 	EXP 	Device response: <KeyPress from None: t=231.78579762500158, value=v, duration=0.1643837910014554>
232.7939 	EXP 	line1: autoDraw = True
232.7939 	EXP 	line2: autoDraw = True
232.7939 	EXP 	line3: autoDraw = True
232.7939 	EXP 	line4: autoDraw = True
232.7991 	EXP 	fixation: autoDraw = False
233.7940 	INFO 	Keyboard events cleared
233.7938 	EXP 	probe: autoDraw = True
234.0341 	EXP 	Device response: <KeyPress from None: t=234.03187404100026, value=c, duration=None>
234.0345 	EXP 	New trial (rep=25, index=3): <Trial 103 (3 in rep 25) data={'pos': np.int64(-150), 'corr_resp': 'z', 'thisN': 103, 'thisTrialN': 3, 'thisRepN': 25}>
234.0396 	DATA 	Keypress: c
234.0438 	EXP 	fixation: autoDraw = False
234.0438 	EXP 	line1: autoDraw = False
234.0438 	EXP 	line2: autoDraw = False
234.0438 	EXP 	line3: autoDraw = False
234.0438 	EXP 	line4: autoDraw = False
234.0438 	EXP 	probe: autoDraw = False
234.0438 	EXP 	fixation: autoDraw = True
234.1455 	EXP 	Device response: <KeyPress from None: t=234.03187404100026, value=c, duration=0.10420191699813586>
235.0338 	EXP 	fixation: autoDraw = False
235.0338 	EXP 	line1: autoDraw = True
235.0338 	EXP 	line2: autoDraw = True
235.0338 	EXP 	line3: autoDraw = True
235.0338 	EXP 	line4: autoDraw = True
236.0346 	INFO 	Keyboard events cleared
236.0344 	EXP 	probe: autoDraw = True
236.0450 	EXP 	Device response: <KeyPress from None: t=236.04378362499847, value=z, duration=None>
236.0456 	EXP 	New trial (rep=26, index=0): <Trial 104 (0 in rep 26) data={'pos': np.int64(-50), 'corr_resp': 'x', 'thisN': 104, 'thisTrialN': 0, 'thisRepN': 26}>
236.0508 	DATA 	Keypress: z
236.0549 	EXP 	fixation: autoDraw = False
236.0549 	EXP 	line1: autoDraw = False
236.0549 	EXP 	line2: autoDraw = False
236.0549 	EXP 	line3: autoDraw = False
236.0549 	EXP 	line4: autoDraw = False
236.0549 	EXP 	probe: autoDraw = False
236.0549 	EXP 	fixation: autoDraw = True
236.2289 	EXP 	Device response: <KeyPress from None: t=236.04378362499847, value=z, duration=0.17645037500187755>
237.0440 	EXP 	line1: autoDraw = True
237.0440 	EXP 	line2: autoDraw = True
237.0440 	EXP 	line3: autoDraw = True
237.0440 	EXP 	line4: autoDraw = True
237.0502 	EXP 	fixation: autoDraw = False
237.8163 	EXP 	Device response: <KeyPress from None: t=237.81370487499953, value=x, duration=None>
237.8220 	DATA 	Keypress: x
237.9616 	EXP 	Device response: <KeyPress from None: t=237.81370487499953, value=x, duration=0.1442599580041133>
238.0441 	INFO 	Keyboard events cleared
238.0439 	EXP 	probe: autoDraw = True
238.4002 	EXP 	Device response: <KeyPress from None: t=238.3976907910037, value=x, duration=None>
238.4006 	EXP 	New trial (rep=26, index=1): <Trial 105 (1 in rep 26) data={'pos': np.int64(150), 'corr_resp': 'v', 'thisN': 105, 'thisTrialN': 1, 'thisRepN': 26}>
238.4056 	DATA 	Keypress: x
238.4100 	EXP 	fixation: autoDraw = False
238.4100 	EXP 	line1: autoDraw = False
238.4100 	EXP 	line2: autoDraw = False
238.4100 	EXP 	line3: autoDraw = False
238.4100 	EXP 	line4: autoDraw = False
238.4100 	EXP 	probe: autoDraw = False
238.4100 	EXP 	fixation: autoDraw = True
238.5290 	EXP 	Device response: <KeyPress from None: t=238.3976907910037, value=x, duration=0.12845166699844413>
239.3988 	EXP 	fixation: autoDraw = False
239.3988 	EXP 	line1: autoDraw = True
239.3988 	EXP 	line2: autoDraw = True
239.3988 	EXP 	line3: autoDraw = True
239.3988 	EXP 	line4: autoDraw = True
240.3997 	INFO 	Keyboard events cleared
240.3995 	EXP 	probe: autoDraw = True
240.6285 	EXP 	Device response: <KeyPress from None: t=240.62274554099713, value=v, duration=None>
240.6291 	EXP 	New trial (rep=26, index=2): <Trial 106 (2 in rep 26) data={'pos': np.int64(50), 'corr_resp': 'c', 'thisN': 106, 'thisTrialN': 2, 'thisRepN': 26}>
240.6348 	DATA 	Keypress: v
240.6390 	EXP 	fixation: autoDraw = False
240.6390 	EXP 	line1: autoDraw = False
240.6390 	EXP 	line2: autoDraw = False
240.6390 	EXP 	line3: autoDraw = False
240.6390 	EXP 	line4: autoDraw = False
240.6390 	EXP 	probe: autoDraw = False
240.6390 	EXP 	fixation: autoDraw = True
240.7987 	EXP 	Device response: <KeyPress from None: t=240.62274554099713, value=v, duration=0.17226754200237337>
241.6272 	EXP 	line1: autoDraw = True
241.6272 	EXP 	line2: autoDraw = True
241.6272 	EXP 	line3: autoDraw = True
241.6272 	EXP 	line4: autoDraw = True
241.6322 	EXP 	fixation: autoDraw = False
242.6272 	INFO 	Keyboard events cleared
242.6271 	EXP 	probe: autoDraw = True
242.8783 	EXP 	Device response: <KeyPress from None: t=242.87566062500264, value=c, duration=None>
242.8787 	EXP 	New trial (rep=26, index=3): <Trial 107 (3 in rep 26) data={'pos': np.int64(-150), 'corr_resp': 'z', 'thisN': 107, 'thisTrialN': 3, 'thisRepN': 26}>
242.8845 	DATA 	Keypress: c
242.8888 	EXP 	fixation: autoDraw = False
242.8888 	EXP 	line1: autoDraw = False
242.8888 	EXP 	line2: autoDraw = False
242.8888 	EXP 	line3: autoDraw = False
242.8888 	EXP 	line4: autoDraw = False
242.8888 	EXP 	probe: autoDraw = False
242.8888 	EXP 	fixation: autoDraw = True
242.9992 	EXP 	Device response: <KeyPress from None: t=242.87566062500264, value=c, duration=0.12018258299940499>
243.8773 	EXP 	line1: autoDraw = True
243.8773 	EXP 	line2: autoDraw = True
243.8773 	EXP 	line3: autoDraw = True
243.8773 	EXP 	line4: autoDraw = True
243.8838 	EXP 	fixation: autoDraw = False
244.5506 	EXP 	Device response: <KeyPress from None: t=244.546446458, value=z, duration=None>
244.5561 	DATA 	Keypress: z
244.8121 	EXP 	Device response: <KeyPress from None: t=244.546446458, value=z, duration=0.2603786250037956>
244.8773 	INFO 	Keyboard events cleared
244.8772 	EXP 	probe: autoDraw = True
245.0453 	EXP 	Device response: <KeyPress from None: t=245.04158949999692, value=z, duration=None>
245.0458 	EXP 	New trial (rep=27, index=0): <Trial 108 (0 in rep 27) data={'pos': np.int64(-50), 'corr_resp': 'x', 'thisN': 108, 'thisTrialN': 0, 'thisRepN': 27}>
245.0520 	DATA 	Keypress: z
245.0561 	EXP 	fixation: autoDraw = False
245.0561 	EXP 	line1: autoDraw = False
245.0561 	EXP 	line2: autoDraw = False
245.0561 	EXP 	line3: autoDraw = False
245.0561 	EXP 	line4: autoDraw = False
245.0561 	EXP 	probe: autoDraw = False
245.0561 	EXP 	fixation: autoDraw = True
245.2124 	EXP 	Device response: <KeyPress from None: t=245.04158949999692, value=z, duration=0.1603375410049921>
246.0438 	EXP 	line1: autoDraw = True
246.0438 	EXP 	line2: autoDraw = True
246.0438 	EXP 	line3: autoDraw = True
246.0438 	EXP 	line4: autoDraw = True
246.0490 	EXP 	fixation: autoDraw = False
247.0439 	INFO 	Keyboard events cleared
247.0437 	EXP 	probe: autoDraw = True
247.2787 	EXP 	Device response: <KeyPress from None: t=247.26641650000238, value=x, duration=None>
247.2793 	EXP 	New trial (rep=27, index=1): <Trial 109 (1 in rep 27) data={'pos': np.int64(150), 'corr_resp': 'v', 'thisN': 109, 'thisTrialN': 1, 'thisRepN': 27}>
247.2850 	DATA 	Keypress: x
247.2891 	EXP 	fixation: autoDraw = False
247.2891 	EXP 	line1: autoDraw = False
247.2891 	EXP 	line2: autoDraw = False
247.2891 	EXP 	line3: autoDraw = False
247.2891 	EXP 	line4: autoDraw = False
247.2891 	EXP 	probe: autoDraw = False
247.2891 	EXP 	fixation: autoDraw = True
247.4451 	EXP 	Device response: <KeyPress from None: t=247.26641650000238, value=x, duration=0.17251774999749614>
248.2773 	EXP 	line1: autoDraw = True
248.2773 	EXP 	line2: autoDraw = True
248.2773 	EXP 	line3: autoDraw = True
248.2773 	EXP 	line4: autoDraw = True
248.2831 	EXP 	fixation: autoDraw = False
249.2773 	INFO 	Keyboard events cleared
249.2771 	EXP 	probe: autoDraw = True
249.5451 	EXP 	Device response: <KeyPress from None: t=249.5385725829983, value=v, duration=None>
249.5456 	EXP 	New trial (rep=27, index=2): <Trial 110 (2 in rep 27) data={'pos': np.int64(50), 'corr_resp': 'c', 'thisN': 110, 'thisTrialN': 2, 'thisRepN': 27}>
249.5513 	DATA 	Keypress: v
249.5555 	EXP 	fixation: autoDraw = False
249.5555 	EXP 	line1: autoDraw = False
249.5555 	EXP 	line2: autoDraw = False
249.5555 	EXP 	line3: autoDraw = False
249.5555 	EXP 	line4: autoDraw = False
249.5555 	EXP 	probe: autoDraw = False
249.5555 	EXP 	fixation: autoDraw = True
249.6789 	EXP 	Device response: <KeyPress from None: t=249.5385725829983, value=v, duration=0.13221420800255146>
250.5437 	EXP 	line1: autoDraw = True
250.5437 	EXP 	line2: autoDraw = True
250.5437 	EXP 	line3: autoDraw = True
250.5437 	EXP 	line4: autoDraw = True
250.5497 	EXP 	fixation: autoDraw = False
251.5437 	INFO 	Keyboard events cleared
251.5436 	EXP 	probe: autoDraw = True
251.8451 	EXP 	Device response: <KeyPress from None: t=251.83664404100273, value=c, duration=None>
251.8457 	EXP 	New trial (rep=27, index=3): <Trial 111 (3 in rep 27) data={'pos': np.int64(-150), 'corr_resp': 'z', 'thisN': 111, 'thisTrialN': 3, 'thisRepN': 27}>
251.8516 	DATA 	Keypress: c
251.8557 	EXP 	fixation: autoDraw = False
251.8557 	EXP 	line1: autoDraw = False
251.8557 	EXP 	line2: autoDraw = False
251.8557 	EXP 	line3: autoDraw = False
251.8557 	EXP 	line4: autoDraw = False
251.8557 	EXP 	probe: autoDraw = False
251.8557 	EXP 	fixation: autoDraw = True
251.9121 	EXP 	Device response: <KeyPress from None: t=251.83664404100273, value=c, duration=0.07210370899701957>
252.8434 	EXP 	line1: autoDraw = True
252.8434 	EXP 	line2: autoDraw = True
252.8434 	EXP 	line3: autoDraw = True
252.8434 	EXP 	line4: autoDraw = True
252.8471 	EXP 	fixation: autoDraw = False
253.8439 	INFO 	Keyboard events cleared
253.8438 	EXP 	probe: autoDraw = True
254.0951 	EXP 	Device response: <KeyPress from None: t=254.08447633300239, value=z, duration=None>
254.0957 	EXP 	New trial (rep=28, index=0): <Trial 112 (0 in rep 28) data={'pos': np.int64(-50), 'corr_resp': 'x', 'thisN': 112, 'thisTrialN': 0, 'thisRepN': 28}>
254.1013 	DATA 	Keypress: z
254.1055 	EXP 	fixation: autoDraw = False
254.1055 	EXP 	line1: autoDraw = False
254.1055 	EXP 	line2: autoDraw = False
254.1055 	EXP 	line3: autoDraw = False
254.1055 	EXP 	line4: autoDraw = False
254.1055 	EXP 	probe: autoDraw = False
254.1055 	EXP 	fixation: autoDraw = True
254.2118 	EXP 	Device response: <KeyPress from None: t=254.08447633300239, value=z, duration=0.11617112499516224>
255.0937 	EXP 	line1: autoDraw = True
255.0937 	EXP 	line2: autoDraw = True
255.0937 	EXP 	line3: autoDraw = True
255.0937 	EXP 	line4: autoDraw = True
255.0989 	EXP 	fixation: autoDraw = False
256.0937 	INFO 	Keyboard events cleared
256.0936 	EXP 	probe: autoDraw = True
256.3509 	EXP 	Device response: <KeyPress from None: t=256.34938025000156, value=x, duration=None>
256.3513 	EXP 	New trial (rep=28, index=1): <Trial 113 (1 in rep 28) data={'pos': np.int64(150), 'corr_resp': 'v', 'thisN': 113, 'thisTrialN': 1, 'thisRepN': 28}>
256.3566 	DATA 	Keypress: x
256.3773 	EXP 	fixation: autoDraw = False
256.3773 	EXP 	line1: autoDraw = False
256.3773 	EXP 	line2: autoDraw = False
256.3773 	EXP 	line3: autoDraw = False
256.3773 	EXP 	line4: autoDraw = False
256.3773 	EXP 	probe: autoDraw = False
256.3773 	EXP 	fixation: autoDraw = True
256.4781 	EXP 	Device response: <KeyPress from None: t=256.34938025000156, value=x, duration=0.12427049999678275>
257.3505 	EXP 	line1: autoDraw = True
257.3505 	EXP 	line2: autoDraw = True
257.3505 	EXP 	line3: autoDraw = True
257.3505 	EXP 	line4: autoDraw = True
257.3657 	EXP 	fixation: autoDraw = False
258.3503 	INFO 	Keyboard events cleared
258.3501 	EXP 	probe: autoDraw = True
258.6117 	EXP 	Device response: <KeyPress from None: t=258.61024966600235, value=v, duration=None>
258.6123 	EXP 	New trial (rep=28, index=2): <Trial 114 (2 in rep 28) data={'pos': np.int64(50), 'corr_resp': 'c', 'thisN': 114, 'thisTrialN': 2, 'thisRepN': 28}>
258.6183 	DATA 	Keypress: v
258.6225 	EXP 	fixation: autoDraw = False
258.6225 	EXP 	line1: autoDraw = False
258.6225 	EXP 	line2: autoDraw = False
258.6225 	EXP 	line3: autoDraw = False
258.6225 	EXP 	line4: autoDraw = False
258.6225 	EXP 	probe: autoDraw = False
258.6225 	EXP 	fixation: autoDraw = True
258.7122 	EXP 	Device response: <KeyPress from None: t=258.61024966600235, value=v, duration=0.10037908399681328>
259.6105 	EXP 	line1: autoDraw = True
259.6105 	EXP 	line2: autoDraw = True
259.6105 	EXP 	line3: autoDraw = True
259.6105 	EXP 	line4: autoDraw = True
259.6173 	EXP 	fixation: autoDraw = False
260.6105 	INFO 	Keyboard events cleared
260.6104 	EXP 	probe: autoDraw = True
260.8617 	EXP 	Device response: <KeyPress from None: t=260.86024804099725, value=c, duration=None>
260.8625 	EXP 	New trial (rep=28, index=3): <Trial 115 (3 in rep 28) data={'pos': np.int64(-150), 'corr_resp': 'z', 'thisN': 115, 'thisTrialN': 3, 'thisRepN': 28}>
260.8682 	DATA 	Keypress: c
260.8723 	EXP 	fixation: autoDraw = False
260.8723 	EXP 	line1: autoDraw = False
260.8723 	EXP 	line2: autoDraw = False
260.8723 	EXP 	line3: autoDraw = False
260.8723 	EXP 	line4: autoDraw = False
260.8723 	EXP 	probe: autoDraw = False
260.8723 	EXP 	fixation: autoDraw = True
260.9490 	EXP 	Device response: <KeyPress from None: t=260.86024804099725, value=c, duration=0.08428891700168606>
261.8605 	EXP 	line1: autoDraw = True
261.8605 	EXP 	line2: autoDraw = True
261.8605 	EXP 	line3: autoDraw = True
261.8605 	EXP 	line4: autoDraw = True
261.8667 	EXP 	fixation: autoDraw = False
262.8606 	INFO 	Keyboard events cleared
262.8605 	EXP 	probe: autoDraw = True
263.1118 	EXP 	Device response: <KeyPress from None: t=263.1052504160034, value=z, duration=None>
263.1123 	EXP 	New trial (rep=29, index=0): <Trial 116 (0 in rep 29) data={'pos': np.int64(-50), 'corr_resp': 'x', 'thisN': 116, 'thisTrialN': 0, 'thisRepN': 29}>
263.1181 	DATA 	Keypress: z
263.1238 	EXP 	fixation: autoDraw = False
263.1238 	EXP 	line1: autoDraw = False
263.1238 	EXP 	line2: autoDraw = False
263.1238 	EXP 	line3: autoDraw = False
263.1238 	EXP 	line4: autoDraw = False
263.1238 	EXP 	probe: autoDraw = False
263.1238 	EXP 	fixation: autoDraw = True
263.2832 	EXP 	Device response: <KeyPress from None: t=263.1052504160034, value=z, duration=0.17226179199496983>
264.1104 	EXP 	line1: autoDraw = True
264.1104 	EXP 	line2: autoDraw = True
264.1104 	EXP 	line3: autoDraw = True
264.1104 	EXP 	line4: autoDraw = True
264.1168 	EXP 	fixation: autoDraw = False
265.1104 	INFO 	Keyboard events cleared
265.1102 	EXP 	probe: autoDraw = True
265.4283 	EXP 	Device response: <KeyPress from None: t=265.4190757079996, value=x, duration=None>
265.4289 	EXP 	New trial (rep=29, index=1): <Trial 117 (1 in rep 29) data={'pos': np.int64(150), 'corr_resp': 'v', 'thisN': 117, 'thisTrialN': 1, 'thisRepN': 29}>
265.4347 	DATA 	Keypress: x
265.4388 	EXP 	fixation: autoDraw = False
265.4388 	EXP 	line1: autoDraw = False
265.4388 	EXP 	line2: autoDraw = False
265.4388 	EXP 	line3: autoDraw = False
265.4388 	EXP 	line4: autoDraw = False
265.4388 	EXP 	probe: autoDraw = False
265.4388 	EXP 	fixation: autoDraw = True
265.5832 	EXP 	Device response: <KeyPress from None: t=265.4190757079996, value=x, duration=0.1603797920033685>
266.4269 	EXP 	line1: autoDraw = True
266.4269 	EXP 	line2: autoDraw = True
266.4269 	EXP 	line3: autoDraw = True
266.4269 	EXP 	line4: autoDraw = True
266.4324 	EXP 	fixation: autoDraw = False
267.4271 	INFO 	Keyboard events cleared
267.4270 	EXP 	probe: autoDraw = True
267.5832 	EXP 	Device response: <KeyPress from None: t=267.5809592910009, value=v, duration=None>
267.5836 	EXP 	New trial (rep=29, index=2): <Trial 118 (2 in rep 29) data={'pos': np.int64(50), 'corr_resp': 'c', 'thisN': 118, 'thisTrialN': 2, 'thisRepN': 29}>
267.5889 	DATA 	Keypress: v
267.5930 	EXP 	fixation: autoDraw = False
267.5930 	EXP 	line1: autoDraw = False
267.5930 	EXP 	line2: autoDraw = False
267.5930 	EXP 	line3: autoDraw = False
267.5930 	EXP 	line4: autoDraw = False
267.5930 	EXP 	probe: autoDraw = False
267.5930 	EXP 	fixation: autoDraw = True
267.7281 	EXP 	Device response: <KeyPress from None: t=267.5809592910009, value=v, duration=0.14444733400159748>
268.5835 	EXP 	fixation: autoDraw = False
268.5835 	EXP 	line1: autoDraw = True
268.5835 	EXP 	line2: autoDraw = True
268.5835 	EXP 	line3: autoDraw = True
268.5835 	EXP 	line4: autoDraw = True
269.5833 	INFO 	Keyboard events cleared
269.5832 	EXP 	probe: autoDraw = True
269.8668 	EXP 	Device response: <KeyPress from None: t=269.86302504099876, value=c, duration=None>
269.8672 	EXP 	New trial (rep=29, index=3): <Trial 119 (3 in rep 29) data={'pos': np.int64(-150), 'corr_resp': 'z', 'thisN': 119, 'thisTrialN': 3, 'thisRepN': 29}>
269.8725 	DATA 	Keypress: c
269.8768 	EXP 	fixation: autoDraw = False
269.8768 	EXP 	line1: autoDraw = False
269.8768 	EXP 	line2: autoDraw = False
269.8768 	EXP 	line3: autoDraw = False
269.8768 	EXP 	line4: autoDraw = False
269.8768 	EXP 	probe: autoDraw = False
269.8768 	EXP 	fixation: autoDraw = True
269.9957 	EXP 	Device response: <KeyPress from None: t=269.86302504099876, value=c, duration=0.1283079999993788>
270.8680 	EXP 	fixation: autoDraw = False
270.8680 	EXP 	line1: autoDraw = True
270.8680 	EXP 	line2: autoDraw = True
270.8680 	EXP 	line3: autoDraw = True
270.8680 	EXP 	line4: autoDraw = True
271.7949 	EXP 	Device response: <KeyPress from None: t=271.789056540998, value=z, duration=None>
271.8006 	DATA 	Keypress: z
271.8666 	INFO 	Keyboard events cleared
271.8665 	EXP 	probe: autoDraw = True
272.1782 	EXP 	Device response: <KeyPress from None: t=271.789056540998, value=z, duration=0.3842851670051459>
272.3116 	EXP 	Device response: <KeyPress from None: t=272.303972791, value=z, duration=None>
272.3123 	EXP 	New trial (rep=30, index=0): <Trial 120 (0 in rep 30) data={'pos': np.int64(-50), 'corr_resp': 'x', 'thisN': 120, 'thisTrialN': 0, 'thisRepN': 30}>
272.3183 	DATA 	Keypress: z
272.3225 	EXP 	fixation: autoDraw = False
272.3225 	EXP 	line1: autoDraw = False
272.3225 	EXP 	line2: autoDraw = False
272.3225 	EXP 	line3: autoDraw = False
272.3225 	EXP 	line4: autoDraw = False
272.3225 	EXP 	probe: autoDraw = False
272.3225 	EXP 	fixation: autoDraw = True
272.4788 	EXP 	Device response: <KeyPress from None: t=272.303972791, value=z, duration=0.1683046670004842>
273.3102 	EXP 	line1: autoDraw = True
273.3102 	EXP 	line2: autoDraw = True
273.3102 	EXP 	line3: autoDraw = True
273.3102 	EXP 	line4: autoDraw = True
273.3158 	EXP 	fixation: autoDraw = False
274.3102 	INFO 	Keyboard events cleared
274.3101 	EXP 	probe: autoDraw = True
274.5116 	EXP 	Device response: <KeyPress from None: t=274.5018432500001, value=x, duration=None>
274.5122 	EXP 	New trial (rep=30, index=1): <Trial 121 (1 in rep 30) data={'pos': np.int64(150), 'corr_resp': 'v', 'thisN': 121, 'thisTrialN': 1, 'thisRepN': 30}>
274.5179 	DATA 	Keypress: x
274.5220 	EXP 	fixation: autoDraw = False
274.5220 	EXP 	line1: autoDraw = False
274.5220 	EXP 	line2: autoDraw = False
274.5220 	EXP 	line3: autoDraw = False
274.5220 	EXP 	line4: autoDraw = False
274.5220 	EXP 	probe: autoDraw = False
274.5220 	EXP 	fixation: autoDraw = True
274.5995 	EXP 	Device response: <KeyPress from None: t=274.5018432500001, value=x, duration=0.096336540998891>
275.5102 	EXP 	line1: autoDraw = True
275.5102 	EXP 	line2: autoDraw = True
275.5102 	EXP 	line3: autoDraw = True
275.5102 	EXP 	line4: autoDraw = True
275.5151 	EXP 	fixation: autoDraw = False
276.5102 	INFO 	Keyboard events cleared
276.5101 	EXP 	probe: autoDraw = True
276.7501 	EXP 	Device response: <KeyPress from None: t=276.7477495830026, value=v, duration=None>
276.7505 	EXP 	New trial (rep=30, index=2): <Trial 122 (2 in rep 30) data={'pos': np.int64(50), 'corr_resp': 'c', 'thisN': 122, 'thisTrialN': 2, 'thisRepN': 30}>
276.7559 	DATA 	Keypress: v
276.7603 	EXP 	fixation: autoDraw = False
276.7603 	EXP 	line1: autoDraw = False
276.7603 	EXP 	line2: autoDraw = False
276.7603 	EXP 	line3: autoDraw = False
276.7603 	EXP 	line4: autoDraw = False
276.7603 	EXP 	probe: autoDraw = False
276.7603 	EXP 	fixation: autoDraw = True
276.8614 	EXP 	Device response: <KeyPress from None: t=276.7477495830026, value=v, duration=0.10841745799552882>
277.7486 	EXP 	fixation: autoDraw = False
277.7486 	EXP 	line1: autoDraw = True
277.7486 	EXP 	line2: autoDraw = True
277.7486 	EXP 	line3: autoDraw = True
277.7486 	EXP 	line4: autoDraw = True
278.7502 	INFO 	Keyboard events cleared
278.7500 	EXP 	probe: autoDraw = True
278.9783 	EXP 	Device response: <KeyPress from None: t=278.973864874999, value=c, duration=None>
278.9788 	EXP 	New trial (rep=30, index=3): <Trial 123 (3 in rep 30) data={'pos': np.int64(-150), 'corr_resp': 'z', 'thisN': 123, 'thisTrialN': 3, 'thisRepN': 30}>
278.9843 	DATA 	Keypress: c
278.9883 	EXP 	fixation: autoDraw = False
278.9883 	EXP 	line1: autoDraw = False
278.9883 	EXP 	line2: autoDraw = False
278.9883 	EXP 	line3: autoDraw = False
278.9883 	EXP 	line4: autoDraw = False
278.9883 	EXP 	probe: autoDraw = False
278.9883 	EXP 	fixation: autoDraw = True
279.0948 	EXP 	Device response: <KeyPress from None: t=278.973864874999, value=c, duration=0.1122607080033049>
279.9769 	EXP 	line1: autoDraw = True
279.9769 	EXP 	line2: autoDraw = True
279.9769 	EXP 	line3: autoDraw = True
279.9769 	EXP 	line4: autoDraw = True
279.9827 	EXP 	fixation: autoDraw = False
280.9770 	INFO 	Keyboard events cleared
280.9768 	EXP 	probe: autoDraw = True
281.2446 	EXP 	Device response: <KeyPress from None: t=281.2366560829978, value=z, duration=None>
281.2450 	EXP 	New trial (rep=31, index=0): <Trial 124 (0 in rep 31) data={'pos': np.int64(-50), 'corr_resp': 'x', 'thisN': 124, 'thisTrialN': 0, 'thisRepN': 31}>
281.2506 	DATA 	Keypress: z
281.2547 	EXP 	fixation: autoDraw = False
281.2547 	EXP 	line1: autoDraw = False
281.2547 	EXP 	line2: autoDraw = False
281.2547 	EXP 	line3: autoDraw = False
281.2547 	EXP 	line4: autoDraw = False
281.2547 	EXP 	probe: autoDraw = False
281.2547 	EXP 	fixation: autoDraw = True
281.3788 	EXP 	Device response: <KeyPress from None: t=281.2366560829978, value=z, duration=0.13649262500257464>
282.2435 	EXP 	line1: autoDraw = True
282.2435 	EXP 	line2: autoDraw = True
282.2435 	EXP 	line3: autoDraw = True
282.2435 	EXP 	line4: autoDraw = True
282.2491 	EXP 	fixation: autoDraw = False
283.2439 	INFO 	Keyboard events cleared
283.2437 	EXP 	probe: autoDraw = True
283.4511 	EXP 	Device response: <KeyPress from None: t=283.44969104100164, value=x, duration=None>
283.4516 	EXP 	New trial (rep=31, index=1): <Trial 125 (1 in rep 31) data={'pos': np.int64(150), 'corr_resp': 'v', 'thisN': 125, 'thisTrialN': 1, 'thisRepN': 31}>
283.4571 	DATA 	Keypress: x
283.4627 	EXP 	fixation: autoDraw = False
283.4627 	EXP 	line1: autoDraw = False
283.4627 	EXP 	line2: autoDraw = False
283.4627 	EXP 	line3: autoDraw = False
283.4627 	EXP 	line4: autoDraw = False
283.4627 	EXP 	probe: autoDraw = False
283.4627 	EXP 	fixation: autoDraw = True
283.5945 	EXP 	Device response: <KeyPress from None: t=283.44969104100164, value=x, duration=0.13629708399821538>
284.4507 	EXP 	line1: autoDraw = True
284.4507 	EXP 	line2: autoDraw = True
284.4507 	EXP 	line3: autoDraw = True
284.4507 	EXP 	line4: autoDraw = True
284.4602 	EXP 	fixation: autoDraw = False
285.4496 	INFO 	Keyboard events cleared
285.4495 	EXP 	probe: autoDraw = True
285.6835 	EXP 	Device response: <KeyPress from None: t=285.67959625000367, value=v, duration=None>
285.6840 	EXP 	New trial (rep=31, index=2): <Trial 126 (2 in rep 31) data={'pos': np.int64(50), 'corr_resp': 'c', 'thisN': 126, 'thisTrialN': 2, 'thisRepN': 31}>
285.6892 	DATA 	Keypress: v
285.6935 	EXP 	fixation: autoDraw = False
285.6935 	EXP 	line1: autoDraw = False
285.6935 	EXP 	line2: autoDraw = False
285.6935 	EXP 	line3: autoDraw = False
285.6935 	EXP 	line4: autoDraw = False
285.6935 	EXP 	probe: autoDraw = False
285.6935 	EXP 	fixation: autoDraw = True
285.8830 	EXP 	Device response: <KeyPress from None: t=285.67959625000367, value=v, duration=0.2003599999952712>
286.6833 	EXP 	fixation: autoDraw = False
286.6833 	EXP 	line1: autoDraw = True
286.6833 	EXP 	line2: autoDraw = True
286.6833 	EXP 	line3: autoDraw = True
286.6833 	EXP 	line4: autoDraw = True
287.6825 	INFO 	Keyboard events cleared
287.6824 	EXP 	probe: autoDraw = True
287.9837 	EXP 	Device response: <KeyPress from None: t=287.9785899159979, value=c, duration=None>
287.9841 	EXP 	New trial (rep=31, index=3): <Trial 127 (3 in rep 31) data={'pos': np.int64(-150), 'corr_resp': 'z', 'thisN': 127, 'thisTrialN': 3, 'thisRepN': 31}>
287.9896 	DATA 	Keypress: c
288.0107 	EXP 	fixation: autoDraw = False
288.0107 	EXP 	line1: autoDraw = False
288.0107 	EXP 	line2: autoDraw = False
288.0107 	EXP 	line3: autoDraw = False
288.0107 	EXP 	line4: autoDraw = False
288.0107 	EXP 	probe: autoDraw = False
288.0107 	EXP 	fixation: autoDraw = True
288.1120 	EXP 	Device response: <KeyPress from None: t=287.9785899159979, value=c, duration=0.12438304199895356>
288.9839 	EXP 	line1: autoDraw = True
288.9839 	EXP 	line2: autoDraw = True
288.9839 	EXP 	line3: autoDraw = True
288.9839 	EXP 	line4: autoDraw = True
288.9981 	EXP 	fixation: autoDraw = False
289.9836 	INFO 	Keyboard events cleared
289.9834 	EXP 	probe: autoDraw = True
290.2505 	EXP 	Device response: <KeyPress from None: t=290.2444943750015, value=z, duration=None>
290.2509 	EXP 	New trial (rep=32, index=0): <Trial 128 (0 in rep 32) data={'pos': np.int64(-50), 'corr_resp': 'x', 'thisN': 128, 'thisTrialN': 0, 'thisRepN': 32}>
290.2563 	DATA 	Keypress: z
290.2769 	EXP 	fixation: autoDraw = False
290.2769 	EXP 	line1: autoDraw = False
290.2769 	EXP 	line2: autoDraw = False
290.2769 	EXP 	line3: autoDraw = False
290.2769 	EXP 	line4: autoDraw = False
290.2769 	EXP 	probe: autoDraw = False
290.2769 	EXP 	fixation: autoDraw = True
290.4117 	EXP 	Device response: <KeyPress from None: t=290.2444943750015, value=z, duration=0.1644154579989845>
291.2497 	EXP 	line1: autoDraw = True
291.2497 	EXP 	line2: autoDraw = True
291.2497 	EXP 	line3: autoDraw = True
291.2497 	EXP 	line4: autoDraw = True
291.2654 	EXP 	fixation: autoDraw = False
292.2502 	INFO 	Keyboard events cleared
292.2500 	EXP 	probe: autoDraw = True
292.4947 	EXP 	Device response: <KeyPress from None: t=292.49352112499764, value=x, duration=None>
292.4953 	EXP 	New trial (rep=32, index=1): <Trial 129 (1 in rep 32) data={'pos': np.int64(150), 'corr_resp': 'v', 'thisN': 129, 'thisTrialN': 1, 'thisRepN': 32}>
292.5013 	DATA 	Keypress: x
292.5055 	EXP 	fixation: autoDraw = False
292.5055 	EXP 	line1: autoDraw = False
292.5055 	EXP 	line2: autoDraw = False
292.5055 	EXP 	line3: autoDraw = False
292.5055 	EXP 	line4: autoDraw = False
292.5055 	EXP 	probe: autoDraw = False
292.5055 	EXP 	fixation: autoDraw = True
292.6448 	EXP 	Device response: <KeyPress from None: t=292.49352112499764, value=x, duration=0.14018058300280245>
293.4932 	EXP 	line1: autoDraw = True
293.4932 	EXP 	line2: autoDraw = True
293.4932 	EXP 	line3: autoDraw = True
293.4932 	EXP 	line4: autoDraw = True
293.4982 	EXP 	fixation: autoDraw = False
294.4935 	INFO 	Keyboard events cleared
294.4933 	EXP 	probe: autoDraw = True
294.7179 	EXP 	Device response: <KeyPress from None: t=294.7114736250005, value=v, duration=None>
294.7182 	EXP 	New trial (rep=32, index=2): <Trial 130 (2 in rep 32) data={'pos': np.int64(50), 'corr_resp': 'c', 'thisN': 130, 'thisTrialN': 2, 'thisRepN': 32}>
294.7234 	DATA 	Keypress: v
294.7291 	EXP 	fixation: autoDraw = False
294.7291 	EXP 	line1: autoDraw = False
294.7291 	EXP 	line2: autoDraw = False
294.7291 	EXP 	line3: autoDraw = False
294.7291 	EXP 	line4: autoDraw = False
294.7291 	EXP 	probe: autoDraw = False
294.7291 	EXP 	fixation: autoDraw = True
294.8786 	EXP 	Device response: <KeyPress from None: t=294.7114736250005, value=v, duration=0.16037170799972955>
295.7182 	EXP 	line1: autoDraw = True
295.7182 	EXP 	line2: autoDraw = True
295.7182 	EXP 	line3: autoDraw = True
295.7182 	EXP 	line4: autoDraw = True
295.7268 	EXP 	fixation: autoDraw = False
296.7168 	INFO 	Keyboard events cleared
296.7167 	EXP 	probe: autoDraw = True
297.0283 	EXP 	Device response: <KeyPress from None: t=297.0204174160026, value=c, duration=None>
297.0291 	EXP 	New trial (rep=32, index=3): <Trial 131 (3 in rep 32) data={'pos': np.int64(-150), 'corr_resp': 'z', 'thisN': 131, 'thisTrialN': 3, 'thisRepN': 32}>
297.0349 	DATA 	Keypress: c
297.0391 	EXP 	fixation: autoDraw = False
297.0391 	EXP 	line1: autoDraw = False
297.0391 	EXP 	line2: autoDraw = False
297.0391 	EXP 	line3: autoDraw = False
297.0391 	EXP 	line4: autoDraw = False
297.0391 	EXP 	probe: autoDraw = False
297.0391 	EXP 	fixation: autoDraw = True
297.1666 	EXP 	Device response: <KeyPress from None: t=297.0204174160026, value=c, duration=0.1442448749949108>
298.0268 	EXP 	line1: autoDraw = True
298.0268 	EXP 	line2: autoDraw = True
298.0268 	EXP 	line3: autoDraw = True
298.0268 	EXP 	line4: autoDraw = True
298.0335 	EXP 	fixation: autoDraw = False
298.6342 	EXP 	Device response: <KeyPress from None: t=298.6304030829997, value=z, duration=None>
298.6397 	DATA 	Keypress: z
298.8505 	EXP 	Device response: <KeyPress from None: t=298.6304030829997, value=z, duration=0.2161848750038189>
299.0262 	INFO 	Keyboard events cleared
299.0261 	EXP 	probe: autoDraw = True
299.0609 	EXP 	Device response: <KeyPress from None: t=299.0513721250027, value=z, duration=None>
299.0615 	EXP 	New trial (rep=33, index=0): <Trial 132 (0 in rep 33) data={'pos': np.int64(-50), 'corr_resp': 'x', 'thisN': 132, 'thisTrialN': 0, 'thisRepN': 33}>
299.0659 	DATA 	Keypress: z
299.0691 	EXP 	fixation: autoDraw = False
299.0691 	EXP 	line1: autoDraw = False
299.0691 	EXP 	line2: autoDraw = False
299.0691 	EXP 	line3: autoDraw = False
299.0691 	EXP 	line4: autoDraw = False
299.0691 	EXP 	probe: autoDraw = False
299.0691 	EXP 	fixation: autoDraw = True
299.1776 	EXP 	Device response: <KeyPress from None: t=299.0513721250027, value=z, duration=0.11629358299978776>
300.0601 	EXP 	line1: autoDraw = True
300.0601 	EXP 	line2: autoDraw = True
300.0601 	EXP 	line3: autoDraw = True
300.0601 	EXP 	line4: autoDraw = True
300.0650 	EXP 	fixation: autoDraw = False
301.0601 	INFO 	Keyboard events cleared
301.0599 	EXP 	probe: autoDraw = True
301.3657 	EXP 	Device response: <KeyPress from None: t=301.36229533299775, value=x, duration=None>
301.3661 	EXP 	New trial (rep=33, index=1): <Trial 133 (1 in rep 33) data={'pos': np.int64(150), 'corr_resp': 'v', 'thisN': 133, 'thisTrialN': 1, 'thisRepN': 33}>
301.3718 	DATA 	Keypress: x
301.3761 	EXP 	fixation: autoDraw = False
301.3761 	EXP 	line1: autoDraw = False
301.3761 	EXP 	line2: autoDraw = False
301.3761 	EXP 	line3: autoDraw = False
301.3761 	EXP 	line4: autoDraw = False
301.3761 	EXP 	probe: autoDraw = False
301.3761 	EXP 	fixation: autoDraw = True
301.4612 	EXP 	Device response: <KeyPress from None: t=301.36229533299775, value=x, duration=0.09245854199980386>
302.3646 	EXP 	fixation: autoDraw = False
302.3646 	EXP 	line1: autoDraw = True
302.3646 	EXP 	line2: autoDraw = True
302.3646 	EXP 	line3: autoDraw = True
302.3646 	EXP 	line4: autoDraw = True
303.3599 	INFO 	Keyboard events cleared
303.3598 	EXP 	probe: autoDraw = True
303.6279 	EXP 	Device response: <KeyPress from None: t=303.6223377080023, value=v, duration=None>
303.6285 	EXP 	New trial (rep=33, index=2): <Trial 134 (2 in rep 33) data={'pos': np.int64(50), 'corr_resp': 'c', 'thisN': 134, 'thisTrialN': 2, 'thisRepN': 33}>
303.6340 	DATA 	Keypress: v
303.6382 	EXP 	fixation: autoDraw = False
303.6382 	EXP 	line1: autoDraw = False
303.6382 	EXP 	line2: autoDraw = False
303.6382 	EXP 	line3: autoDraw = False
303.6382 	EXP 	line4: autoDraw = False
303.6382 	EXP 	probe: autoDraw = False
303.6382 	EXP 	fixation: autoDraw = True
303.7652 	EXP 	Device response: <KeyPress from None: t=303.6223377080023, value=v, duration=0.14029754199873423>
304.6268 	EXP 	line1: autoDraw = True
304.6268 	EXP 	line2: autoDraw = True
304.6268 	EXP 	line3: autoDraw = True
304.6268 	EXP 	line4: autoDraw = True
304.6329 	EXP 	fixation: autoDraw = False
305.6267 	INFO 	Keyboard events cleared
305.6265 	EXP 	probe: autoDraw = True
305.9443 	EXP 	Device response: <KeyPress from None: t=305.93720675000077, value=c, duration=None>
305.9448 	EXP 	New trial (rep=33, index=3): <Trial 135 (3 in rep 33) data={'pos': np.int64(-150), 'corr_resp': 'z', 'thisN': 135, 'thisTrialN': 3, 'thisRepN': 33}>
305.9500 	DATA 	Keypress: c
305.9542 	EXP 	fixation: autoDraw = False
305.9542 	EXP 	line1: autoDraw = False
305.9542 	EXP 	line2: autoDraw = False
305.9542 	EXP 	line3: autoDraw = False
305.9542 	EXP 	line4: autoDraw = False
305.9542 	EXP 	probe: autoDraw = False
305.9542 	EXP 	fixation: autoDraw = True
306.0777 	EXP 	Device response: <KeyPress from None: t=305.93720675000077, value=c, duration=0.1323149160016328>
306.9434 	EXP 	line1: autoDraw = True
306.9434 	EXP 	line2: autoDraw = True
306.9434 	EXP 	line3: autoDraw = True
306.9434 	EXP 	line4: autoDraw = True
306.9498 	EXP 	fixation: autoDraw = False
307.9434 	INFO 	Keyboard events cleared
307.9433 	EXP 	probe: autoDraw = True
308.2444 	EXP 	Device response: <KeyPress from None: t=308.2382052500034, value=z, duration=None>
308.2449 	EXP 	New trial (rep=34, index=0): <Trial 136 (0 in rep 34) data={'pos': np.int64(-50), 'corr_resp': 'x', 'thisN': 136, 'thisTrialN': 0, 'thisRepN': 34}>
308.2506 	DATA 	Keypress: z
308.2548 	EXP 	fixation: autoDraw = False
308.2548 	EXP 	line1: autoDraw = False
308.2548 	EXP 	line2: autoDraw = False
308.2548 	EXP 	line3: autoDraw = False
308.2548 	EXP 	line4: autoDraw = False
308.2548 	EXP 	probe: autoDraw = False
308.2548 	EXP 	fixation: autoDraw = True
308.4449 	EXP 	Device response: <KeyPress from None: t=308.2382052500034, value=z, duration=0.2043163749985979>
309.2435 	EXP 	line1: autoDraw = True
309.2435 	EXP 	line2: autoDraw = True
309.2435 	EXP 	line3: autoDraw = True
309.2435 	EXP 	line4: autoDraw = True
309.2497 	EXP 	fixation: autoDraw = False
310.2435 	INFO 	Keyboard events cleared
310.2434 	EXP 	probe: autoDraw = True
310.4611 	EXP 	Device response: <KeyPress from None: t=310.4511395410009, value=x, duration=None>
310.4615 	EXP 	New trial (rep=34, index=1): <Trial 137 (1 in rep 34) data={'pos': np.int64(150), 'corr_resp': 'v', 'thisN': 137, 'thisTrialN': 1, 'thisRepN': 34}>
310.4672 	DATA 	Keypress: x
310.4715 	EXP 	fixation: autoDraw = False
310.4715 	EXP 	line1: autoDraw = False
310.4715 	EXP 	line2: autoDraw = False
310.4715 	EXP 	line3: autoDraw = False
310.4715 	EXP 	line4: autoDraw = False
310.4715 	EXP 	probe: autoDraw = False
310.4715 	EXP 	fixation: autoDraw = True
310.6110 	EXP 	Device response: <KeyPress from None: t=310.4511395410009, value=x, duration=0.15626733400131343>
311.4599 	EXP 	line1: autoDraw = True
311.4599 	EXP 	line2: autoDraw = True
311.4599 	EXP 	line3: autoDraw = True
311.4599 	EXP 	line4: autoDraw = True
311.4655 	EXP 	fixation: autoDraw = False
312.4601 	INFO 	Keyboard events cleared
312.4600 	EXP 	probe: autoDraw = True
312.6779 	EXP 	Device response: <KeyPress from None: t=312.67593650000344, value=v, duration=None>
312.6784 	EXP 	New trial (rep=34, index=2): <Trial 138 (2 in rep 34) data={'pos': np.int64(50), 'corr_resp': 'c', 'thisN': 138, 'thisTrialN': 2, 'thisRepN': 34}>
312.6840 	DATA 	Keypress: v
312.6881 	EXP 	fixation: autoDraw = False
312.6881 	EXP 	line1: autoDraw = False
312.6881 	EXP 	line2: autoDraw = False
312.6881 	EXP 	line3: autoDraw = False
312.6881 	EXP 	line4: autoDraw = False
312.6881 	EXP 	probe: autoDraw = False
312.6881 	EXP 	fixation: autoDraw = True
312.7946 	EXP 	Device response: <KeyPress from None: t=312.67593650000344, value=v, duration=0.10847537499648752>
313.6765 	EXP 	line1: autoDraw = True
313.6765 	EXP 	line2: autoDraw = True
313.6765 	EXP 	line3: autoDraw = True
313.6765 	EXP 	line4: autoDraw = True
313.6820 	EXP 	fixation: autoDraw = False
314.6767 	INFO 	Keyboard events cleared
314.6766 	EXP 	probe: autoDraw = True
314.9609 	EXP 	Device response: <KeyPress from None: t=314.9489305829993, value=c, duration=None>
314.9614 	EXP 	New trial (rep=34, index=3): <Trial 139 (3 in rep 34) data={'pos': np.int64(-150), 'corr_resp': 'z', 'thisN': 139, 'thisTrialN': 3, 'thisRepN': 34}>
314.9669 	DATA 	Keypress: c
314.9709 	EXP 	fixation: autoDraw = False
314.9709 	EXP 	line1: autoDraw = False
314.9709 	EXP 	line2: autoDraw = False
314.9709 	EXP 	line3: autoDraw = False
314.9709 	EXP 	line4: autoDraw = False
314.9709 	EXP 	probe: autoDraw = False
314.9709 	EXP 	fixation: autoDraw = True
315.0617 	EXP 	Device response: <KeyPress from None: t=314.9489305829993, value=c, duration=0.10845237500325311>
315.4612 	EXP 	Device response: <KeyPress from None: t=315.4570566659968, value=z, duration=None>
315.4685 	DATA 	Keypress: z
315.6283 	EXP 	Device response: <KeyPress from None: t=315.4570566659968, value=z, duration=0.16829341700213263>
315.9598 	EXP 	line1: autoDraw = True
315.9598 	EXP 	line2: autoDraw = True
315.9598 	EXP 	line3: autoDraw = True
315.9598 	EXP 	line4: autoDraw = True
315.9650 	EXP 	fixation: autoDraw = False
316.2109 	EXP 	Device response: <KeyPress from None: t=316.20095887500065, value=z, duration=None>
316.2166 	DATA 	Keypress: z
316.3279 	EXP 	Device response: <KeyPress from None: t=316.20095887500065, value=z, duration=0.12043262500083074>
316.9335 	EXP 	Device response: <KeyPress from None: t=316.9289407500037, value=z, duration=None>
316.9388 	DATA 	Keypress: z
316.9600 	INFO 	Keyboard events cleared
316.9599 	EXP 	probe: autoDraw = True
317.0945 	EXP 	Device response: <KeyPress from None: t=316.9289407500037, value=z, duration=0.16044162499747472>
317.4114 	EXP 	Device response: <KeyPress from None: t=317.4019400000034, value=z, duration=None>
317.4119 	EXP 	New trial (rep=35, index=0): <Trial 140 (0 in rep 35) data={'pos': np.int64(-50), 'corr_resp': 'x', 'thisN': 140, 'thisTrialN': 0, 'thisRepN': 35}>
317.4176 	DATA 	Keypress: z
317.4217 	EXP 	fixation: autoDraw = False
317.4217 	EXP 	line1: autoDraw = False
317.4217 	EXP 	line2: autoDraw = False
317.4217 	EXP 	line3: autoDraw = False
317.4217 	EXP 	line4: autoDraw = False
317.4217 	EXP 	probe: autoDraw = False
317.4217 	EXP 	fixation: autoDraw = True
317.5450 	EXP 	Device response: <KeyPress from None: t=317.4019400000034, value=z, duration=0.13641433299926575>
318.4099 	EXP 	line1: autoDraw = True
318.4099 	EXP 	line2: autoDraw = True
318.4099 	EXP 	line3: autoDraw = True
318.4099 	EXP 	line4: autoDraw = True
318.4150 	EXP 	fixation: autoDraw = False
319.4100 	INFO 	Keyboard events cleared
319.4098 	EXP 	probe: autoDraw = True
319.7329 	EXP 	Device response: <KeyPress from None: t=319.7278669579973, value=x, duration=None>
319.7333 	EXP 	New trial (rep=35, index=1): <Trial 141 (1 in rep 35) data={'pos': np.int64(150), 'corr_resp': 'v', 'thisN': 141, 'thisTrialN': 1, 'thisRepN': 35}>
319.7386 	DATA 	Keypress: x
319.7428 	EXP 	fixation: autoDraw = False
319.7428 	EXP 	line1: autoDraw = False
319.7428 	EXP 	line2: autoDraw = False
319.7428 	EXP 	line3: autoDraw = False
319.7428 	EXP 	line4: autoDraw = False
319.7428 	EXP 	probe: autoDraw = False
319.7428 	EXP 	fixation: autoDraw = True
319.9115 	EXP 	Device response: <KeyPress from None: t=319.7278669579973, value=x, duration=0.17645650000486057>
320.7334 	EXP 	fixation: autoDraw = False
320.7334 	EXP 	line1: autoDraw = True
320.7334 	EXP 	line2: autoDraw = True
320.7334 	EXP 	line3: autoDraw = True
320.7334 	EXP 	line4: autoDraw = True
321.7342 	INFO 	Keyboard events cleared
321.7341 	EXP 	probe: autoDraw = True
322.0111 	EXP 	Device response: <KeyPress from None: t=322.0028536660029, value=v, duration=None>
322.0117 	EXP 	New trial (rep=35, index=2): <Trial 142 (2 in rep 35) data={'pos': np.int64(50), 'corr_resp': 'c', 'thisN': 142, 'thisTrialN': 2, 'thisRepN': 35}>
322.0171 	DATA 	Keypress: v
322.0213 	EXP 	fixation: autoDraw = False
322.0213 	EXP 	line1: autoDraw = False
322.0213 	EXP 	line2: autoDraw = False
322.0213 	EXP 	line3: autoDraw = False
322.0213 	EXP 	line4: autoDraw = False
322.0213 	EXP 	probe: autoDraw = False
322.0213 	EXP 	fixation: autoDraw = True
322.1329 	EXP 	Device response: <KeyPress from None: t=322.0028536660029, value=v, duration=0.12432716699549928>
323.0099 	EXP 	line1: autoDraw = True
323.0099 	EXP 	line2: autoDraw = True
323.0099 	EXP 	line3: autoDraw = True
323.0099 	EXP 	line4: autoDraw = True
323.0157 	EXP 	fixation: autoDraw = False
324.0099 	INFO 	Keyboard events cleared
324.0098 	EXP 	probe: autoDraw = True
324.2665 	EXP 	Device response: <KeyPress from None: t=324.262826457998, value=c, duration=None>
324.2670 	EXP 	New trial (rep=35, index=3): <Trial 143 (3 in rep 35) data={'pos': np.int64(-150), 'corr_resp': 'z', 'thisN': 143, 'thisTrialN': 3, 'thisRepN': 35}>
324.2723 	DATA 	Keypress: c
324.2766 	EXP 	fixation: autoDraw = False
324.2766 	EXP 	line1: autoDraw = False
324.2766 	EXP 	line2: autoDraw = False
324.2766 	EXP 	line3: autoDraw = False
324.2766 	EXP 	line4: autoDraw = False
324.2766 	EXP 	probe: autoDraw = False
324.2766 	EXP 	fixation: autoDraw = True
324.3661 	EXP 	Device response: <KeyPress from None: t=324.262826457998, value=c, duration=0.10027433300274424>
325.2667 	EXP 	fixation: autoDraw = False
325.2667 	EXP 	line1: autoDraw = True
325.2667 	EXP 	line2: autoDraw = True
325.2667 	EXP 	line3: autoDraw = True
325.2667 	EXP 	line4: autoDraw = True
326.2601 	INFO 	Keyboard events cleared
326.2599 	EXP 	probe: autoDraw = True
326.4943 	EXP 	Device response: <KeyPress from None: t=326.48361129099794, value=z, duration=None>
326.4947 	EXP 	New trial (rep=36, index=0): <Trial 144 (0 in rep 36) data={'pos': np.int64(-50), 'corr_resp': 'x', 'thisN': 144, 'thisTrialN': 0, 'thisRepN': 36}>
326.5004 	DATA 	Keypress: z
326.5045 	EXP 	fixation: autoDraw = False
326.5045 	EXP 	line1: autoDraw = False
326.5045 	EXP 	line2: autoDraw = False
326.5045 	EXP 	line3: autoDraw = False
326.5045 	EXP 	line4: autoDraw = False
326.5045 	EXP 	probe: autoDraw = False
326.5045 	EXP 	fixation: autoDraw = True
326.6494 	EXP 	Device response: <KeyPress from None: t=326.48361129099794, value=z, duration=0.16441745900374372>
327.4933 	EXP 	line1: autoDraw = True
327.4933 	EXP 	line2: autoDraw = True
327.4933 	EXP 	line3: autoDraw = True
327.4933 	EXP 	line4: autoDraw = True
327.4992 	EXP 	fixation: autoDraw = False
328.4933 	INFO 	Keyboard events cleared
328.4932 	EXP 	probe: autoDraw = True
328.7115 	EXP 	Device response: <KeyPress from None: t=328.70964337499754, value=x, duration=None>
328.7121 	EXP 	New trial (rep=36, index=1): <Trial 145 (1 in rep 36) data={'pos': np.int64(150), 'corr_resp': 'v', 'thisN': 145, 'thisTrialN': 1, 'thisRepN': 36}>
328.7177 	DATA 	Keypress: x
328.7219 	EXP 	fixation: autoDraw = False
328.7219 	EXP 	line1: autoDraw = False
328.7219 	EXP 	line2: autoDraw = False
328.7219 	EXP 	line3: autoDraw = False
328.7219 	EXP 	line4: autoDraw = False
328.7219 	EXP 	probe: autoDraw = False
328.7219 	EXP 	fixation: autoDraw = True
328.8154 	EXP 	Device response: <KeyPress from None: t=328.70964337499754, value=x, duration=0.10438741600228241>
329.7099 	EXP 	line1: autoDraw = True
329.7099 	EXP 	line2: autoDraw = True
329.7099 	EXP 	line3: autoDraw = True
329.7099 	EXP 	line4: autoDraw = True
329.7165 	EXP 	fixation: autoDraw = False
330.7098 	INFO 	Keyboard events cleared
330.7097 	EXP 	probe: autoDraw = True
330.9441 	EXP 	Device response: <KeyPress from None: t=330.9406417909995, value=v, duration=None>
330.9445 	EXP 	New trial (rep=36, index=2): <Trial 146 (2 in rep 36) data={'pos': np.int64(50), 'corr_resp': 'c', 'thisN': 146, 'thisTrialN': 2, 'thisRepN': 36}>
330.9498 	DATA 	Keypress: v
330.9540 	EXP 	fixation: autoDraw = False
330.9540 	EXP 	line1: autoDraw = False
330.9540 	EXP 	line2: autoDraw = False
330.9540 	EXP 	line3: autoDraw = False
330.9540 	EXP 	line4: autoDraw = False
330.9540 	EXP 	probe: autoDraw = False
330.9540 	EXP 	fixation: autoDraw = True
331.0608 	EXP 	Device response: <KeyPress from None: t=330.9406417909995, value=v, duration=0.1164234169991687>
331.9431 	EXP 	line1: autoDraw = True
331.9431 	EXP 	line2: autoDraw = True
331.9431 	EXP 	line3: autoDraw = True
331.9431 	EXP 	line4: autoDraw = True
331.9486 	EXP 	fixation: autoDraw = False
332.9433 	INFO 	Keyboard events cleared
332.9431 	EXP 	probe: autoDraw = True
333.1996 	EXP 	Device response: <KeyPress from None: t=333.193537207997, value=c, duration=None>
333.2000 	EXP 	New trial (rep=36, index=3): <Trial 147 (3 in rep 36) data={'pos': np.int64(-150), 'corr_resp': 'z', 'thisN': 147, 'thisTrialN': 3, 'thisRepN': 36}>
333.2052 	DATA 	Keypress: c
333.2093 	EXP 	fixation: autoDraw = False
333.2093 	EXP 	line1: autoDraw = False
333.2093 	EXP 	line2: autoDraw = False
333.2093 	EXP 	line3: autoDraw = False
333.2093 	EXP 	line4: autoDraw = False
333.2093 	EXP 	probe: autoDraw = False
333.2093 	EXP 	fixation: autoDraw = True
333.3277 	EXP 	Device response: <KeyPress from None: t=333.193537207997, value=c, duration=0.13226991700503277>
334.1996 	EXP 	fixation: autoDraw = False
334.1996 	EXP 	line1: autoDraw = True
334.1996 	EXP 	line2: autoDraw = True
334.1996 	EXP 	line3: autoDraw = True
334.1996 	EXP 	line4: autoDraw = True
335.1997 	INFO 	Keyboard events cleared
335.1995 	EXP 	probe: autoDraw = True
335.4778 	EXP 	Device response: <KeyPress from None: t=335.46853925000323, value=z, duration=None>
335.4784 	EXP 	New trial (rep=37, index=0): <Trial 148 (0 in rep 37) data={'pos': np.int64(-50), 'corr_resp': 'x', 'thisN': 148, 'thisTrialN': 0, 'thisRepN': 37}>
335.4842 	DATA 	Keypress: z
335.4885 	EXP 	fixation: autoDraw = False
335.4885 	EXP 	line1: autoDraw = False
335.4885 	EXP 	line2: autoDraw = False
335.4885 	EXP 	line3: autoDraw = False
335.4885 	EXP 	line4: autoDraw = False
335.4885 	EXP 	probe: autoDraw = False
335.4885 	EXP 	fixation: autoDraw = True
335.6115 	EXP 	Device response: <KeyPress from None: t=335.46853925000323, value=z, duration=0.13637391600059345>
336.4765 	EXP 	line1: autoDraw = True
336.4765 	EXP 	line2: autoDraw = True
336.4765 	EXP 	line3: autoDraw = True
336.4765 	EXP 	line4: autoDraw = True
336.4816 	EXP 	fixation: autoDraw = False
337.4765 	INFO 	Keyboard events cleared
337.4763 	EXP 	probe: autoDraw = True
337.7611 	EXP 	Device response: <KeyPress from None: t=337.75048795800103, value=x, duration=None>
337.7617 	EXP 	New trial (rep=37, index=1): <Trial 149 (1 in rep 37) data={'pos': np.int64(150), 'corr_resp': 'v', 'thisN': 149, 'thisTrialN': 1, 'thisRepN': 37}>
337.7675 	DATA 	Keypress: x
337.7715 	EXP 	fixation: autoDraw = False
337.7715 	EXP 	line1: autoDraw = False
337.7715 	EXP 	line2: autoDraw = False
337.7715 	EXP 	line3: autoDraw = False
337.7715 	EXP 	line4: autoDraw = False
337.7715 	EXP 	probe: autoDraw = False
337.7715 	EXP 	fixation: autoDraw = True
337.9116 	EXP 	Device response: <KeyPress from None: t=337.75048795800103, value=x, duration=0.148298000000068>
338.7595 	EXP 	line1: autoDraw = True
338.7595 	EXP 	line2: autoDraw = True
338.7595 	EXP 	line3: autoDraw = True
338.7595 	EXP 	line4: autoDraw = True
338.7632 	EXP 	fixation: autoDraw = False
339.7597 	INFO 	Keyboard events cleared
339.7596 	EXP 	probe: autoDraw = True
340.0611 	EXP 	Device response: <KeyPress from None: t=340.05144120800105, value=v, duration=None>
340.0616 	EXP 	New trial (rep=37, index=2): <Trial 150 (2 in rep 37) data={'pos': np.int64(50), 'corr_resp': 'c', 'thisN': 150, 'thisTrialN': 2, 'thisRepN': 37}>
340.0670 	DATA 	Keypress: v
340.0710 	EXP 	fixation: autoDraw = False
340.0710 	EXP 	line1: autoDraw = False
340.0710 	EXP 	line2: autoDraw = False
340.0710 	EXP 	line3: autoDraw = False
340.0710 	EXP 	line4: autoDraw = False
340.0710 	EXP 	probe: autoDraw = False
340.0710 	EXP 	fixation: autoDraw = True
340.1448 	EXP 	Device response: <KeyPress from None: t=340.05144120800105, value=v, duration=0.08425162499770522>
341.0596 	EXP 	line1: autoDraw = True
341.0596 	EXP 	line2: autoDraw = True
341.0596 	EXP 	line3: autoDraw = True
341.0596 	EXP 	line4: autoDraw = True
341.0652 	EXP 	fixation: autoDraw = False
342.0597 	INFO 	Keyboard events cleared
342.0595 	EXP 	probe: autoDraw = True
342.3997 	EXP 	Device response: <KeyPress from None: t=342.39532012499694, value=c, duration=None>
342.4001 	EXP 	New trial (rep=37, index=3): <Trial 151 (3 in rep 37) data={'pos': np.int64(-150), 'corr_resp': 'z', 'thisN': 151, 'thisTrialN': 3, 'thisRepN': 37}>
342.4054 	DATA 	Keypress: c
342.4097 	EXP 	fixation: autoDraw = False
342.4097 	EXP 	line1: autoDraw = False
342.4097 	EXP 	line2: autoDraw = False
342.4097 	EXP 	line3: autoDraw = False
342.4097 	EXP 	line4: autoDraw = False
342.4097 	EXP 	probe: autoDraw = False
342.4097 	EXP 	fixation: autoDraw = True
342.5109 	EXP 	Device response: <KeyPress from None: t=342.39532012499694, value=c, duration=0.10425991600641282>
343.3988 	EXP 	fixation: autoDraw = False
343.3988 	EXP 	line1: autoDraw = True
343.3988 	EXP 	line2: autoDraw = True
343.3988 	EXP 	line3: autoDraw = True
343.3988 	EXP 	line4: autoDraw = True
344.3988 	INFO 	Keyboard events cleared
344.3987 	EXP 	probe: autoDraw = True
344.7943 	EXP 	Device response: <KeyPress from None: t=344.7892362499988, value=z, duration=None>
344.7948 	EXP 	New trial (rep=38, index=0): <Trial 152 (0 in rep 38) data={'pos': np.int64(-50), 'corr_resp': 'x', 'thisN': 152, 'thisTrialN': 0, 'thisRepN': 38}>
344.8000 	DATA 	Keypress: z
344.8041 	EXP 	fixation: autoDraw = False
344.8041 	EXP 	line1: autoDraw = False
344.8041 	EXP 	line2: autoDraw = False
344.8041 	EXP 	line3: autoDraw = False
344.8041 	EXP 	line4: autoDraw = False
344.8041 	EXP 	probe: autoDraw = False
344.8041 	EXP 	fixation: autoDraw = True
344.9445 	EXP 	Device response: <KeyPress from None: t=344.7892362499988, value=z, duration=0.14841341599822044>
345.7931 	EXP 	line1: autoDraw = True
345.7931 	EXP 	line2: autoDraw = True
345.7931 	EXP 	line3: autoDraw = True
345.7931 	EXP 	line4: autoDraw = True
345.7982 	EXP 	fixation: autoDraw = False
346.7931 	INFO 	Keyboard events cleared
346.7930 	EXP 	probe: autoDraw = True
347.1001 	EXP 	Device response: <KeyPress from None: t=347.09722899999906, value=x, duration=None>
347.1005 	EXP 	New trial (rep=38, index=1): <Trial 153 (1 in rep 38) data={'pos': np.int64(150), 'corr_resp': 'v', 'thisN': 153, 'thisTrialN': 1, 'thisRepN': 38}>
347.1058 	DATA 	Keypress: x
347.1267 	EXP 	fixation: autoDraw = False
347.1267 	EXP 	line1: autoDraw = False
347.1267 	EXP 	line2: autoDraw = False
347.1267 	EXP 	line3: autoDraw = False
347.1267 	EXP 	line4: autoDraw = False
347.1267 	EXP 	probe: autoDraw = False
347.1267 	EXP 	fixation: autoDraw = True
347.2277 	EXP 	Device response: <KeyPress from None: t=347.09722899999906, value=x, duration=0.12828308300231583>
348.0991 	EXP 	line1: autoDraw = True
348.0991 	EXP 	line2: autoDraw = True
348.0991 	EXP 	line3: autoDraw = True
348.0991 	EXP 	line4: autoDraw = True
348.1148 	EXP 	fixation: autoDraw = False
349.0992 	INFO 	Keyboard events cleared
349.0991 	EXP 	probe: autoDraw = True
349.3606 	EXP 	Device response: <KeyPress from None: t=349.3531999159968, value=v, duration=None>
349.3611 	EXP 	New trial (rep=38, index=2): <Trial 154 (2 in rep 38) data={'pos': np.int64(50), 'corr_resp': 'c', 'thisN': 154, 'thisTrialN': 2, 'thisRepN': 38}>
349.3665 	DATA 	Keypress: v
349.3707 	EXP 	fixation: autoDraw = False
349.3707 	EXP 	line1: autoDraw = False
349.3707 	EXP 	line2: autoDraw = False
349.3707 	EXP 	line3: autoDraw = False
349.3707 	EXP 	line4: autoDraw = False
349.3707 	EXP 	probe: autoDraw = False
349.3707 	EXP 	fixation: autoDraw = True
349.4616 	EXP 	Device response: <KeyPress from None: t=349.3531999159968, value=v, duration=0.09628675000567455>
350.3596 	EXP 	line1: autoDraw = True
350.3596 	EXP 	line2: autoDraw = True
350.3596 	EXP 	line3: autoDraw = True
350.3596 	EXP 	line4: autoDraw = True
350.3649 	EXP 	fixation: autoDraw = False
351.3597 	INFO 	Keyboard events cleared
351.3595 	EXP 	probe: autoDraw = True
351.4832 	EXP 	Device response: <KeyPress from None: t=351.47814954099886, value=c, duration=None>
351.4836 	EXP 	New trial (rep=38, index=3): <Trial 155 (3 in rep 38) data={'pos': np.int64(-150), 'corr_resp': 'z', 'thisN': 155, 'thisTrialN': 3, 'thisRepN': 38}>
351.4889 	DATA 	Keypress: c
351.5099 	EXP 	fixation: autoDraw = False
351.5099 	EXP 	line1: autoDraw = False
351.5099 	EXP 	line2: autoDraw = False
351.5099 	EXP 	line3: autoDraw = False
351.5099 	EXP 	line4: autoDraw = False
351.5099 	EXP 	probe: autoDraw = False
351.5099 	EXP 	fixation: autoDraw = True
351.5782 	EXP 	Device response: <KeyPress from None: t=351.47814954099886, value=c, duration=0.09236879200034309>
352.4837 	EXP 	line1: autoDraw = True
352.4837 	EXP 	line2: autoDraw = True
352.4837 	EXP 	line3: autoDraw = True
352.4837 	EXP 	line4: autoDraw = True
352.4965 	EXP 	fixation: autoDraw = False
352.8113 	EXP 	Device response: <KeyPress from None: t=352.7997827910003, value=z, duration=None>
352.8169 	DATA 	Keypress: z
352.9614 	EXP 	Device response: <KeyPress from None: t=352.7997827910003, value=z, duration=0.15965575000154786>
353.2495 	EXP 	Device response: <KeyPress from None: t=353.2441197500011, value=z, duration=None>
353.2547 	DATA 	Keypress: z
353.3838 	EXP 	Device response: <KeyPress from None: t=353.2441197500011, value=z, duration=0.13650958299695048>
353.4829 	INFO 	Keyboard events cleared
353.4827 	EXP 	probe: autoDraw = True
353.7329 	EXP 	Device response: <KeyPress from None: t=353.73204029099725, value=z, duration=None>
353.7382 	DATA 	Keypress: z
353.7430 	EXP 	New trial (rep=39, index=0): <Trial 156 (0 in rep 39) data={'pos': np.int64(-50), 'corr_resp': 'x', 'thisN': 156, 'thisTrialN': 0, 'thisRepN': 39}>
353.7475 	EXP 	fixation: autoDraw = False
353.7475 	EXP 	line1: autoDraw = False
353.7475 	EXP 	line2: autoDraw = False
353.7475 	EXP 	line3: autoDraw = False
353.7475 	EXP 	line4: autoDraw = False
353.7475 	EXP 	probe: autoDraw = False
353.7475 	EXP 	fixation: autoDraw = True
353.8989 	EXP 	Device response: <KeyPress from None: t=353.73204029099725, value=z, duration=0.16449512500548735>
354.7326 	EXP 	line1: autoDraw = True
354.7326 	EXP 	line2: autoDraw = True
354.7326 	EXP 	line3: autoDraw = True
354.7326 	EXP 	line4: autoDraw = True
354.7427 	EXP 	fixation: autoDraw = False
355.7329 	INFO 	Keyboard events cleared
355.7328 	EXP 	probe: autoDraw = True
356.0109 	EXP 	Device response: <KeyPress from None: t=356.0000566660019, value=x, duration=None>
356.0114 	EXP 	New trial (rep=39, index=1): <Trial 157 (1 in rep 39) data={'pos': np.int64(150), 'corr_resp': 'v', 'thisN': 157, 'thisTrialN': 1, 'thisRepN': 39}>
356.0169 	DATA 	Keypress: x
356.0211 	EXP 	fixation: autoDraw = False
356.0211 	EXP 	line1: autoDraw = False
356.0211 	EXP 	line2: autoDraw = False
356.0211 	EXP 	line3: autoDraw = False
356.0211 	EXP 	line4: autoDraw = False
356.0211 	EXP 	probe: autoDraw = False
356.0211 	EXP 	fixation: autoDraw = True
356.1447 	EXP 	Device response: <KeyPress from None: t=356.0000566660019, value=x, duration=0.13265933399816277>
357.0094 	EXP 	line1: autoDraw = True
357.0094 	EXP 	line2: autoDraw = True
357.0094 	EXP 	line3: autoDraw = True
357.0094 	EXP 	line4: autoDraw = True
357.0140 	EXP 	fixation: autoDraw = False
358.0096 	INFO 	Keyboard events cleared
358.0094 	EXP 	probe: autoDraw = True
358.2606 	EXP 	Device response: <KeyPress from None: t=358.25196804099687, value=v, duration=None>
358.2610 	EXP 	New trial (rep=39, index=2): <Trial 158 (2 in rep 39) data={'pos': np.int64(50), 'corr_resp': 'c', 'thisN': 158, 'thisTrialN': 2, 'thisRepN': 39}>
358.2663 	DATA 	Keypress: v
358.2704 	EXP 	fixation: autoDraw = False
358.2704 	EXP 	line1: autoDraw = False
358.2704 	EXP 	line2: autoDraw = False
358.2704 	EXP 	line3: autoDraw = False
358.2704 	EXP 	line4: autoDraw = False
358.2704 	EXP 	probe: autoDraw = False
358.2704 	EXP 	fixation: autoDraw = True
358.3442 	EXP 	Device response: <KeyPress from None: t=358.25196804099687, value=v, duration=0.08033395900565665>
359.2595 	EXP 	line1: autoDraw = True
359.2595 	EXP 	line2: autoDraw = True
359.2595 	EXP 	line3: autoDraw = True
359.2595 	EXP 	line4: autoDraw = True
359.2651 	EXP 	fixation: autoDraw = False
360.2596 	INFO 	Keyboard events cleared
360.2594 	EXP 	probe: autoDraw = True
360.5773 	EXP 	Device response: <KeyPress from None: t=360.56685533300333, value=c, duration=None>
360.5777 	EXP 	New trial (rep=39, index=3): <Trial 159 (3 in rep 39) data={'pos': np.int64(-150), 'corr_resp': 'z', 'thisN': 159, 'thisTrialN': 3, 'thisRepN': 39}>
360.5832 	DATA 	Keypress: c
360.5874 	EXP 	fixation: autoDraw = False
360.5874 	EXP 	line1: autoDraw = False
360.5874 	EXP 	line2: autoDraw = False
360.5874 	EXP 	line3: autoDraw = False
360.5874 	EXP 	line4: autoDraw = False
360.5874 	EXP 	probe: autoDraw = False
360.5874 	EXP 	fixation: autoDraw = True
360.6774 	EXP 	Device response: <KeyPress from None: t=360.56685533300333, value=c, duration=0.10861220799415605>
361.5765 	EXP 	line1: autoDraw = True
361.5765 	EXP 	line2: autoDraw = True
361.5765 	EXP 	line3: autoDraw = True
361.5765 	EXP 	line4: autoDraw = True
361.5830 	EXP 	fixation: autoDraw = False
362.5763 	INFO 	Keyboard events cleared
362.5762 	EXP 	probe: autoDraw = True
362.8772 	EXP 	Device response: <KeyPress from None: t=362.8699599160027, value=z, duration=None>
362.8776 	EXP 	New trial (rep=40, index=0): <Trial 160 (0 in rep 40) data={'pos': np.int64(-50), 'corr_resp': 'x', 'thisN': 160, 'thisTrialN': 0, 'thisRepN': 40}>
362.8828 	DATA 	Keypress: z
362.8869 	EXP 	fixation: autoDraw = False
362.8869 	EXP 	line1: autoDraw = False
362.8869 	EXP 	line2: autoDraw = False
362.8869 	EXP 	line3: autoDraw = False
362.8869 	EXP 	line4: autoDraw = False
362.8869 	EXP 	probe: autoDraw = False
362.8869 	EXP 	fixation: autoDraw = True
362.9994 	EXP 	Device response: <KeyPress from None: t=362.8699599160027, value=z, duration=0.12465999999403721>
363.8762 	EXP 	line1: autoDraw = True
363.8762 	EXP 	line2: autoDraw = True
363.8762 	EXP 	line3: autoDraw = True
363.8762 	EXP 	line4: autoDraw = True
363.8829 	EXP 	fixation: autoDraw = False
364.8762 	INFO 	Keyboard events cleared
364.8760 	EXP 	probe: autoDraw = True
365.3172 	EXP 	Device response: <KeyPress from None: t=365.31388229099684, value=x, duration=None>
365.3176 	EXP 	New trial (rep=40, index=1): <Trial 161 (1 in rep 40) data={'pos': np.int64(150), 'corr_resp': 'v', 'thisN': 161, 'thisTrialN': 1, 'thisRepN': 40}>
365.3229 	DATA 	Keypress: x
365.3291 	EXP 	fixation: autoDraw = False
365.3291 	EXP 	line1: autoDraw = False
365.3291 	EXP 	line2: autoDraw = False
365.3291 	EXP 	line3: autoDraw = False
365.3291 	EXP 	line4: autoDraw = False
365.3291 	EXP 	probe: autoDraw = False
365.3291 	EXP 	fixation: autoDraw = True
365.4611 	EXP 	Device response: <KeyPress from None: t=365.31388229099684, value=x, duration=0.14426562500011642>
366.3159 	EXP 	line1: autoDraw = True
366.3159 	EXP 	line2: autoDraw = True
366.3159 	EXP 	line3: autoDraw = True
366.3159 	EXP 	line4: autoDraw = True
366.3260 	EXP 	fixation: autoDraw = False
367.3157 	INFO 	Keyboard events cleared
367.3156 	EXP 	probe: autoDraw = True
367.4440 	EXP 	Device response: <KeyPress from None: t=367.4427550000037, value=v, duration=None>
367.4446 	EXP 	New trial (rep=40, index=2): <Trial 162 (2 in rep 40) data={'pos': np.int64(50), 'corr_resp': 'c', 'thisN': 162, 'thisTrialN': 2, 'thisRepN': 40}>
367.4501 	DATA 	Keypress: v
367.4541 	EXP 	fixation: autoDraw = False
367.4541 	EXP 	line1: autoDraw = False
367.4541 	EXP 	line2: autoDraw = False
367.4541 	EXP 	line3: autoDraw = False
367.4541 	EXP 	line4: autoDraw = False
367.4541 	EXP 	probe: autoDraw = False
367.4541 	EXP 	fixation: autoDraw = True
367.5444 	EXP 	Device response: <KeyPress from None: t=367.4427550000037, value=v, duration=0.09651858299912419>
368.4427 	EXP 	line1: autoDraw = True
368.4427 	EXP 	line2: autoDraw = True
368.4427 	EXP 	line3: autoDraw = True
368.4427 	EXP 	line4: autoDraw = True
368.4483 	EXP 	fixation: autoDraw = False
369.4428 	INFO 	Keyboard events cleared
369.4427 	EXP 	probe: autoDraw = True
369.6940 	EXP 	Device response: <KeyPress from None: t=369.6866452500035, value=c, duration=None>
369.6946 	EXP 	New trial (rep=40, index=3): <Trial 163 (3 in rep 40) data={'pos': np.int64(-150), 'corr_resp': 'z', 'thisN': 163, 'thisTrialN': 3, 'thisRepN': 40}>
369.7003 	DATA 	Keypress: c
369.7044 	EXP 	fixation: autoDraw = False
369.7044 	EXP 	line1: autoDraw = False
369.7044 	EXP 	line2: autoDraw = False
369.7044 	EXP 	line3: autoDraw = False
369.7044 	EXP 	line4: autoDraw = False
369.7044 	EXP 	probe: autoDraw = False
369.7044 	EXP 	fixation: autoDraw = True
369.7943 	EXP 	Device response: <KeyPress from None: t=369.6866452500035, value=c, duration=0.1044769579966669>
370.6928 	EXP 	line1: autoDraw = True
370.6928 	EXP 	line2: autoDraw = True
370.6928 	EXP 	line3: autoDraw = True
370.6928 	EXP 	line4: autoDraw = True
370.6977 	EXP 	fixation: autoDraw = False
371.6832 	EXP 	Device response: <KeyPress from None: t=371.6765892080002, value=z, duration=None>
371.6890 	DATA 	Keypress: z
371.7096 	INFO 	Keyboard events cleared
371.7095 	EXP 	probe: autoDraw = True
371.8338 	EXP 	Device response: <KeyPress from None: t=371.6765892080002, value=z, duration=0.1523959170008311>
372.1278 	EXP 	Device response: <KeyPress from None: t=372.1196505409971, value=z, duration=None>
372.1285 	EXP 	New trial (rep=41, index=0): <Trial 164 (0 in rep 41) data={'pos': np.int64(-50), 'corr_resp': 'x', 'thisN': 164, 'thisTrialN': 0, 'thisRepN': 41}>
372.1342 	DATA 	Keypress: z
372.1383 	EXP 	fixation: autoDraw = False
372.1383 	EXP 	line1: autoDraw = False
372.1383 	EXP 	line2: autoDraw = False
372.1383 	EXP 	line3: autoDraw = False
372.1383 	EXP 	line4: autoDraw = False
372.1383 	EXP 	probe: autoDraw = False
372.1383 	EXP 	fixation: autoDraw = True
372.2770 	EXP 	Device response: <KeyPress from None: t=372.1196505409971, value=z, duration=0.1484621670024353>
373.1261 	EXP 	line1: autoDraw = True
373.1261 	EXP 	line2: autoDraw = True
373.1261 	EXP 	line3: autoDraw = True
373.1261 	EXP 	line4: autoDraw = True
373.1328 	EXP 	fixation: autoDraw = False
373.8771 	EXP 	Device response: <KeyPress from None: t=373.8676574159981, value=x, duration=None>
373.8828 	DATA 	Keypress: x
373.9654 	EXP 	Device response: <KeyPress from None: t=373.8676574159981, value=x, duration=0.0923250839987304>
374.1261 	INFO 	Keyboard events cleared
374.1260 	EXP 	probe: autoDraw = True
374.4670 	EXP 	Device response: <KeyPress from None: t=374.4655722910029, value=x, duration=None>
374.4674 	EXP 	New trial (rep=41, index=1): <Trial 165 (1 in rep 41) data={'pos': np.int64(150), 'corr_resp': 'v', 'thisN': 165, 'thisTrialN': 1, 'thisRepN': 41}>
374.4726 	DATA 	Keypress: x
374.4784 	EXP 	fixation: autoDraw = False
374.4784 	EXP 	line1: autoDraw = False
374.4784 	EXP 	line2: autoDraw = False
374.4784 	EXP 	line3: autoDraw = False
374.4784 	EXP 	line4: autoDraw = False
374.4784 	EXP 	probe: autoDraw = False
374.4784 	EXP 	fixation: autoDraw = True
374.6271 	EXP 	Device response: <KeyPress from None: t=374.4655722910029, value=x, duration=0.15644004199566552>
375.4663 	EXP 	line1: autoDraw = True
375.4663 	EXP 	line2: autoDraw = True
375.4663 	EXP 	line3: autoDraw = True
375.4663 	EXP 	line4: autoDraw = True
375.4759 	EXP 	fixation: autoDraw = False
376.0106 	EXP 	Device response: <KeyPress from None: t=376.0036807910001, value=v, duration=None>
376.0162 	DATA 	Keypress: v
376.1439 	EXP 	Device response: <KeyPress from None: t=376.0036807910001, value=v, duration=0.13217445900227176>
376.4662 	INFO 	Keyboard events cleared
376.4660 	EXP 	probe: autoDraw = True
376.7273 	EXP 	Device response: <KeyPress from None: t=376.72167562499817, value=v, duration=None>
376.7279 	EXP 	New trial (rep=41, index=2): <Trial 166 (2 in rep 41) data={'pos': np.int64(50), 'corr_resp': 'c', 'thisN': 166, 'thisTrialN': 2, 'thisRepN': 41}>
376.7338 	DATA 	Keypress: v
376.7379 	EXP 	fixation: autoDraw = False
376.7379 	EXP 	line1: autoDraw = False
376.7379 	EXP 	line2: autoDraw = False
376.7379 	EXP 	line3: autoDraw = False
376.7379 	EXP 	line4: autoDraw = False
376.7379 	EXP 	probe: autoDraw = False
376.7379 	EXP 	fixation: autoDraw = True
376.8274 	EXP 	Device response: <KeyPress from None: t=376.72167562499817, value=v, duration=0.10037033299886389>
377.7262 	EXP 	line1: autoDraw = True
377.7262 	EXP 	line2: autoDraw = True
377.7262 	EXP 	line3: autoDraw = True
377.7262 	EXP 	line4: autoDraw = True
377.7321 	EXP 	fixation: autoDraw = False
378.7261 	INFO 	Keyboard events cleared
378.7260 	EXP 	probe: autoDraw = True
378.9770 	EXP 	Device response: <KeyPress from None: t=378.9745268330007, value=c, duration=None>
378.9774 	EXP 	New trial (rep=41, index=3): <Trial 167 (3 in rep 41) data={'pos': np.int64(-150), 'corr_resp': 'z', 'thisN': 167, 'thisTrialN': 3, 'thisRepN': 41}>
378.9825 	DATA 	Keypress: c
378.9865 	EXP 	fixation: autoDraw = False
378.9865 	EXP 	line1: autoDraw = False
378.9865 	EXP 	line2: autoDraw = False
378.9865 	EXP 	line3: autoDraw = False
378.9865 	EXP 	line4: autoDraw = False
378.9865 	EXP 	probe: autoDraw = False
378.9865 	EXP 	fixation: autoDraw = True
379.1113 	EXP 	Device response: <KeyPress from None: t=378.9745268330007, value=c, duration=0.13226516699796775>
379.9760 	EXP 	line1: autoDraw = True
379.9760 	EXP 	line2: autoDraw = True
379.9760 	EXP 	line3: autoDraw = True
379.9760 	EXP 	line4: autoDraw = True
379.9820 	EXP 	fixation: autoDraw = False
380.9760 	INFO 	Keyboard events cleared
380.9758 	EXP 	probe: autoDraw = True
381.2996 	EXP 	Device response: <KeyPress from None: t=381.2935120830007, value=z, duration=None>
381.3000 	EXP 	New trial (rep=42, index=0): <Trial 168 (0 in rep 42) data={'pos': np.int64(-50), 'corr_resp': 'x', 'thisN': 168, 'thisTrialN': 0, 'thisRepN': 42}>
381.3053 	DATA 	Keypress: z
381.3262 	EXP 	fixation: autoDraw = False
381.3262 	EXP 	line1: autoDraw = False
381.3262 	EXP 	line2: autoDraw = False
381.3262 	EXP 	line3: autoDraw = False
381.3262 	EXP 	line4: autoDraw = False
381.3262 	EXP 	probe: autoDraw = False
381.3262 	EXP 	fixation: autoDraw = True
381.4612 	EXP 	Device response: <KeyPress from None: t=381.2935120830007, value=z, duration=0.16027066700189607>
382.2992 	EXP 	line1: autoDraw = True
382.2992 	EXP 	line2: autoDraw = True
382.2992 	EXP 	line3: autoDraw = True
382.2992 	EXP 	line4: autoDraw = True
382.3143 	EXP 	fixation: autoDraw = False
383.2997 	INFO 	Keyboard events cleared
383.2995 	EXP 	probe: autoDraw = True
383.8775 	EXP 	Device response: <KeyPress from None: t=383.87443258299754, value=x, duration=None>
383.8780 	EXP 	New trial (rep=42, index=1): <Trial 169 (1 in rep 42) data={'pos': np.int64(150), 'corr_resp': 'v', 'thisN': 169, 'thisTrialN': 1, 'thisRepN': 42}>
383.8841 	DATA 	Keypress: x
383.8882 	EXP 	fixation: autoDraw = False
383.8882 	EXP 	line1: autoDraw = False
383.8882 	EXP 	line2: autoDraw = False
383.8882 	EXP 	line3: autoDraw = False
383.8882 	EXP 	line4: autoDraw = False
383.8882 	EXP 	probe: autoDraw = False
383.8882 	EXP 	fixation: autoDraw = True
384.0606 	EXP 	Device response: <KeyPress from None: t=383.87443258299754, value=x, duration=0.18034083300153725>
384.8759 	EXP 	line1: autoDraw = True
384.8759 	EXP 	line2: autoDraw = True
384.8759 	EXP 	line3: autoDraw = True
384.8759 	EXP 	line4: autoDraw = True
384.8817 	EXP 	fixation: autoDraw = False
385.8759 	INFO 	Keyboard events cleared
385.8758 	EXP 	probe: autoDraw = True
386.2774 	EXP 	Device response: <KeyPress from None: t=386.26539037500334, value=v, duration=None>
386.2780 	EXP 	New trial (rep=42, index=2): <Trial 170 (2 in rep 42) data={'pos': np.int64(50), 'corr_resp': 'c', 'thisN': 170, 'thisTrialN': 2, 'thisRepN': 42}>
386.2838 	DATA 	Keypress: v
386.2880 	EXP 	fixation: autoDraw = False
386.2880 	EXP 	line1: autoDraw = False
386.2880 	EXP 	line2: autoDraw = False
386.2880 	EXP 	line3: autoDraw = False
386.2880 	EXP 	line4: autoDraw = False
386.2880 	EXP 	probe: autoDraw = False
386.2880 	EXP 	fixation: autoDraw = True
386.3946 	EXP 	Device response: <KeyPress from None: t=386.26539037500334, value=v, duration=0.11687999999412568>
387.2759 	EXP 	line1: autoDraw = True
387.2759 	EXP 	line2: autoDraw = True
387.2759 	EXP 	line3: autoDraw = True
387.2759 	EXP 	line4: autoDraw = True
387.2811 	EXP 	fixation: autoDraw = False
388.2760 	INFO 	Keyboard events cleared
388.2759 	EXP 	probe: autoDraw = True
388.5436 	EXP 	Device response: <KeyPress from None: t=388.5373222909984, value=c, duration=None>
388.5440 	EXP 	New trial (rep=42, index=3): <Trial 171 (3 in rep 42) data={'pos': np.int64(-150), 'corr_resp': 'z', 'thisN': 171, 'thisTrialN': 3, 'thisRepN': 42}>
388.5495 	DATA 	Keypress: c
388.5535 	EXP 	fixation: autoDraw = False
388.5535 	EXP 	line1: autoDraw = False
388.5535 	EXP 	line2: autoDraw = False
388.5535 	EXP 	line3: autoDraw = False
388.5535 	EXP 	line4: autoDraw = False
388.5535 	EXP 	probe: autoDraw = False
388.5535 	EXP 	fixation: autoDraw = True
388.6820 	EXP 	Device response: <KeyPress from None: t=388.5373222909984, value=c, duration=0.14013766700372798>
389.5424 	EXP 	line1: autoDraw = True
389.5424 	EXP 	line2: autoDraw = True
389.5424 	EXP 	line3: autoDraw = True
389.5424 	EXP 	line4: autoDraw = True
389.5475 	EXP 	fixation: autoDraw = False
390.5426 	INFO 	Keyboard events cleared
390.5425 	EXP 	probe: autoDraw = True
390.7771 	EXP 	Device response: <KeyPress from None: t=390.7682680409998, value=z, duration=None>
390.7775 	EXP 	New trial (rep=43, index=0): <Trial 172 (0 in rep 43) data={'pos': np.int64(-50), 'corr_resp': 'x', 'thisN': 172, 'thisTrialN': 0, 'thisRepN': 43}>
390.7830 	DATA 	Keypress: z
390.7872 	EXP 	fixation: autoDraw = False
390.7872 	EXP 	line1: autoDraw = False
390.7872 	EXP 	line2: autoDraw = False
390.7872 	EXP 	line3: autoDraw = False
390.7872 	EXP 	line4: autoDraw = False
390.7872 	EXP 	probe: autoDraw = False
390.7872 	EXP 	fixation: autoDraw = True
390.9653 	EXP 	Device response: <KeyPress from None: t=390.7682680409998, value=z, duration=0.1924993339998764>
391.7761 	EXP 	line1: autoDraw = True
391.7761 	EXP 	line2: autoDraw = True
391.7761 	EXP 	line3: autoDraw = True
391.7761 	EXP 	line4: autoDraw = True
391.7830 	EXP 	fixation: autoDraw = False
392.7759 	INFO 	Keyboard events cleared
392.7757 	EXP 	probe: autoDraw = True
393.0940 	EXP 	Device response: <KeyPress from None: t=393.0822445410013, value=x, duration=None>
393.0946 	EXP 	New trial (rep=43, index=1): <Trial 173 (1 in rep 43) data={'pos': np.int64(150), 'corr_resp': 'v', 'thisN': 173, 'thisTrialN': 1, 'thisRepN': 43}>
393.1008 	DATA 	Keypress: x
393.1049 	EXP 	fixation: autoDraw = False
393.1049 	EXP 	line1: autoDraw = False
393.1049 	EXP 	line2: autoDraw = False
393.1049 	EXP 	line3: autoDraw = False
393.1049 	EXP 	line4: autoDraw = False
393.1049 	EXP 	probe: autoDraw = False
393.1049 	EXP 	fixation: autoDraw = True
393.2271 	EXP 	Device response: <KeyPress from None: t=393.0822445410013, value=x, duration=0.14027087499562185>
394.0926 	EXP 	line1: autoDraw = True
394.0926 	EXP 	line2: autoDraw = True
394.0926 	EXP 	line3: autoDraw = True
394.0926 	EXP 	line4: autoDraw = True
394.0979 	EXP 	fixation: autoDraw = False
395.0927 	INFO 	Keyboard events cleared
395.0925 	EXP 	probe: autoDraw = True
395.4271 	EXP 	Device response: <KeyPress from None: t=395.4201234580032, value=v, duration=None>
395.4276 	EXP 	New trial (rep=43, index=2): <Trial 174 (2 in rep 43) data={'pos': np.int64(50), 'corr_resp': 'c', 'thisN': 174, 'thisTrialN': 2, 'thisRepN': 43}>
395.4338 	DATA 	Keypress: v
395.4381 	EXP 	fixation: autoDraw = False
395.4381 	EXP 	line1: autoDraw = False
395.4381 	EXP 	line2: autoDraw = False
395.4381 	EXP 	line3: autoDraw = False
395.4381 	EXP 	line4: autoDraw = False
395.4381 	EXP 	probe: autoDraw = False
395.4381 	EXP 	fixation: autoDraw = True
395.6109 	EXP 	Device response: <KeyPress from None: t=395.4201234580032, value=v, duration=0.1883847919962136>
396.4260 	EXP 	line1: autoDraw = True
396.4260 	EXP 	line2: autoDraw = True
396.4260 	EXP 	line3: autoDraw = True
396.4260 	EXP 	line4: autoDraw = True
396.4328 	EXP 	fixation: autoDraw = False
397.4260 	INFO 	Keyboard events cleared
397.4259 	EXP 	probe: autoDraw = True
397.7493 	EXP 	Device response: <KeyPress from None: t=397.74308033299894, value=c, duration=None>
397.7498 	EXP 	New trial (rep=43, index=3): <Trial 175 (3 in rep 43) data={'pos': np.int64(-150), 'corr_resp': 'z', 'thisN': 175, 'thisTrialN': 3, 'thisRepN': 43}>
397.7550 	DATA 	Keypress: c
397.7591 	EXP 	fixation: autoDraw = False
397.7591 	EXP 	line1: autoDraw = False
397.7591 	EXP 	line2: autoDraw = False
397.7591 	EXP 	line3: autoDraw = False
397.7591 	EXP 	line4: autoDraw = False
397.7591 	EXP 	probe: autoDraw = False
397.7591 	EXP 	fixation: autoDraw = True
397.8986 	EXP 	Device response: <KeyPress from None: t=397.74308033299894, value=c, duration=0.15300962499895832>
398.7496 	EXP 	fixation: autoDraw = False
398.7496 	EXP 	line1: autoDraw = True
398.7496 	EXP 	line2: autoDraw = True
398.7496 	EXP 	line3: autoDraw = True
398.7496 	EXP 	line4: autoDraw = True
399.7508 	INFO 	Keyboard events cleared
399.7507 	EXP 	probe: autoDraw = True
399.9771 	EXP 	Device response: <KeyPress from None: t=399.96806795799785, value=z, duration=None>
399.9776 	EXP 	New trial (rep=44, index=0): <Trial 176 (0 in rep 44) data={'pos': np.int64(-50), 'corr_resp': 'x', 'thisN': 176, 'thisTrialN': 0, 'thisRepN': 44}>
399.9832 	DATA 	Keypress: z
399.9873 	EXP 	fixation: autoDraw = False
399.9873 	EXP 	line1: autoDraw = False
399.9873 	EXP 	line2: autoDraw = False
399.9873 	EXP 	line3: autoDraw = False
399.9873 	EXP 	line4: autoDraw = False
399.9873 	EXP 	probe: autoDraw = False
399.9873 	EXP 	fixation: autoDraw = True
400.0979 	EXP 	Device response: <KeyPress from None: t=399.96806795799785, value=z, duration=0.12822075000440236>
400.9759 	EXP 	line1: autoDraw = True
400.9759 	EXP 	line2: autoDraw = True
400.9759 	EXP 	line3: autoDraw = True
400.9759 	EXP 	line4: autoDraw = True
400.9815 	EXP 	fixation: autoDraw = False
401.9759 	INFO 	Keyboard events cleared
401.9758 	EXP 	probe: autoDraw = True
402.2272 	EXP 	Device response: <KeyPress from None: t=402.2231246250012, value=x, duration=None>
402.2278 	EXP 	New trial (rep=44, index=1): <Trial 177 (1 in rep 44) data={'pos': np.int64(150), 'corr_resp': 'v', 'thisN': 177, 'thisTrialN': 1, 'thisRepN': 44}>
402.2335 	DATA 	Keypress: x
402.2376 	EXP 	fixation: autoDraw = False
402.2376 	EXP 	line1: autoDraw = False
402.2376 	EXP 	line2: autoDraw = False
402.2376 	EXP 	line3: autoDraw = False
402.2376 	EXP 	line4: autoDraw = False
402.2376 	EXP 	probe: autoDraw = False
402.2376 	EXP 	fixation: autoDraw = True
402.3771 	EXP 	Device response: <KeyPress from None: t=402.2231246250012, value=x, duration=0.14411287500115577>
403.2258 	EXP 	line1: autoDraw = True
403.2258 	EXP 	line2: autoDraw = True
403.2258 	EXP 	line3: autoDraw = True
403.2258 	EXP 	line4: autoDraw = True
403.2309 	EXP 	fixation: autoDraw = False
404.2260 	INFO 	Keyboard events cleared
404.2258 	EXP 	probe: autoDraw = True
404.4939 	EXP 	Device response: <KeyPress from None: t=404.4858791660008, value=v, duration=None>
404.4944 	EXP 	New trial (rep=44, index=2): <Trial 178 (2 in rep 44) data={'pos': np.int64(50), 'corr_resp': 'c', 'thisN': 178, 'thisTrialN': 2, 'thisRepN': 44}>
404.5000 	DATA 	Keypress: v
404.5042 	EXP 	fixation: autoDraw = False
404.5042 	EXP 	line1: autoDraw = False
404.5042 	EXP 	line2: autoDraw = False
404.5042 	EXP 	line3: autoDraw = False
404.5042 	EXP 	line4: autoDraw = False
404.5042 	EXP 	probe: autoDraw = False
404.5042 	EXP 	fixation: autoDraw = True
404.6436 	EXP 	Device response: <KeyPress from None: t=404.4858791660008, value=v, duration=0.1562868749970221>
405.4922 	EXP 	line1: autoDraw = True
405.4922 	EXP 	line2: autoDraw = True
405.4922 	EXP 	line3: autoDraw = True
405.4922 	EXP 	line4: autoDraw = True
405.4968 	EXP 	fixation: autoDraw = False
406.4926 	INFO 	Keyboard events cleared
406.4924 	EXP 	probe: autoDraw = True
406.7935 	EXP 	Device response: <KeyPress from None: t=406.7868471249967, value=c, duration=None>
406.7939 	EXP 	New trial (rep=44, index=3): <Trial 179 (3 in rep 44) data={'pos': np.int64(-150), 'corr_resp': 'z', 'thisN': 179, 'thisTrialN': 3, 'thisRepN': 44}>
406.7992 	DATA 	Keypress: c
406.8032 	EXP 	fixation: autoDraw = False
406.8032 	EXP 	line1: autoDraw = False
406.8032 	EXP 	line2: autoDraw = False
406.8032 	EXP 	line3: autoDraw = False
406.8032 	EXP 	line4: autoDraw = False
406.8032 	EXP 	probe: autoDraw = False
406.8032 	EXP 	fixation: autoDraw = True
406.8936 	EXP 	Device response: <KeyPress from None: t=406.7868471249967, value=c, duration=0.10044654100056505>
407.7923 	EXP 	line1: autoDraw = True
407.7923 	EXP 	line2: autoDraw = True
407.7923 	EXP 	line3: autoDraw = True
407.7923 	EXP 	line4: autoDraw = True
407.7964 	EXP 	fixation: autoDraw = False
408.7926 	INFO 	Keyboard events cleared
408.7925 	EXP 	probe: autoDraw = True
409.0268 	EXP 	Device response: <KeyPress from None: t=409.016870665997, value=z, duration=None>
409.0272 	EXP 	New trial (rep=45, index=0): <Trial 180 (0 in rep 45) data={'pos': np.int64(-50), 'corr_resp': 'x', 'thisN': 180, 'thisTrialN': 0, 'thisRepN': 45}>
409.0330 	DATA 	Keypress: z
409.0372 	EXP 	fixation: autoDraw = False
409.0372 	EXP 	line1: autoDraw = False
409.0372 	EXP 	line2: autoDraw = False
409.0372 	EXP 	line3: autoDraw = False
409.0372 	EXP 	line4: autoDraw = False
409.0372 	EXP 	probe: autoDraw = False
409.0372 	EXP 	fixation: autoDraw = True
409.1812 	EXP 	Device response: <KeyPress from None: t=409.016870665997, value=z, duration=0.1602927920030197>
410.0256 	EXP 	line1: autoDraw = True
410.0256 	EXP 	line2: autoDraw = True
410.0256 	EXP 	line3: autoDraw = True
410.0256 	EXP 	line4: autoDraw = True
410.0303 	EXP 	fixation: autoDraw = False
411.0259 	INFO 	Keyboard events cleared
411.0257 	EXP 	probe: autoDraw = True
411.2647 	EXP 	Device response: <KeyPress from None: t=411.2598327910018, value=x, duration=None>
411.2651 	EXP 	New trial (rep=45, index=1): <Trial 181 (1 in rep 45) data={'pos': np.int64(150), 'corr_resp': 'v', 'thisN': 181, 'thisTrialN': 1, 'thisRepN': 45}>
411.2704 	DATA 	Keypress: x
411.2749 	EXP 	fixation: autoDraw = False
411.2749 	EXP 	line1: autoDraw = False
411.2749 	EXP 	line2: autoDraw = False
411.2749 	EXP 	line3: autoDraw = False
411.2749 	EXP 	line4: autoDraw = False
411.2749 	EXP 	probe: autoDraw = False
411.2749 	EXP 	fixation: autoDraw = True
411.4108 	EXP 	Device response: <KeyPress from None: t=411.2598327910018, value=x, duration=0.1405986669997219>
412.2657 	EXP 	fixation: autoDraw = False
412.2657 	EXP 	line1: autoDraw = True
412.2657 	EXP 	line2: autoDraw = True
412.2657 	EXP 	line3: autoDraw = True
412.2657 	EXP 	line4: autoDraw = True
412.8991 	EXP 	Device response: <KeyPress from None: t=412.8927375409985, value=v, duration=None>
412.9045 	DATA 	Keypress: v
412.9989 	EXP 	Device response: <KeyPress from None: t=412.8927375409985, value=v, duration=0.10432145900267642>
413.2593 	INFO 	Keyboard events cleared
413.2591 	EXP 	probe: autoDraw = True
413.3437 	EXP 	Device response: <KeyPress from None: t=413.340729208001, value=v, duration=None>
413.3441 	EXP 	New trial (rep=45, index=2): <Trial 182 (2 in rep 45) data={'pos': np.int64(50), 'corr_resp': 'c', 'thisN': 182, 'thisTrialN': 2, 'thisRepN': 45}>
413.3496 	DATA 	Keypress: v
413.3537 	EXP 	fixation: autoDraw = False
413.3537 	EXP 	line1: autoDraw = False
413.3537 	EXP 	line2: autoDraw = False
413.3537 	EXP 	line3: autoDraw = False
413.3537 	EXP 	line4: autoDraw = False
413.3537 	EXP 	probe: autoDraw = False
413.3537 	EXP 	fixation: autoDraw = True
413.4599 	EXP 	Device response: <KeyPress from None: t=413.340729208001, value=v, duration=0.10830100000021048>
414.3423 	EXP 	line1: autoDraw = True
414.3423 	EXP 	line2: autoDraw = True
414.3423 	EXP 	line3: autoDraw = True
414.3423 	EXP 	line4: autoDraw = True
414.3474 	EXP 	fixation: autoDraw = False
415.3428 	INFO 	Keyboard events cleared
415.3425 	EXP 	probe: autoDraw = True
415.6272 	EXP 	Device response: <KeyPress from None: t=415.6227743749987, value=c, duration=None>
415.6278 	EXP 	New trial (rep=45, index=3): <Trial 183 (3 in rep 45) data={'pos': np.int64(-150), 'corr_resp': 'z', 'thisN': 183, 'thisTrialN': 3, 'thisRepN': 45}>
415.6336 	DATA 	Keypress: c
415.6378 	EXP 	fixation: autoDraw = False
415.6378 	EXP 	line1: autoDraw = False
415.6378 	EXP 	line2: autoDraw = False
415.6378 	EXP 	line3: autoDraw = False
415.6378 	EXP 	line4: autoDraw = False
415.6378 	EXP 	probe: autoDraw = False
415.6378 	EXP 	fixation: autoDraw = True
415.7486 	EXP 	Device response: <KeyPress from None: t=415.6227743749987, value=c, duration=0.124141749998671>
416.6259 	EXP 	line1: autoDraw = True
416.6259 	EXP 	line2: autoDraw = True
416.6259 	EXP 	line3: autoDraw = True
416.6259 	EXP 	line4: autoDraw = True
416.6321 	EXP 	fixation: autoDraw = False
417.6258 	INFO 	Keyboard events cleared
417.6257 	EXP 	probe: autoDraw = True
417.8771 	EXP 	Device response: <KeyPress from None: t=417.87168383300013, value=z, duration=None>
417.8777 	EXP 	New trial (rep=46, index=0): <Trial 184 (0 in rep 46) data={'pos': np.int64(-50), 'corr_resp': 'x', 'thisN': 184, 'thisTrialN': 0, 'thisRepN': 46}>
417.8836 	DATA 	Keypress: z
417.8877 	EXP 	fixation: autoDraw = False
417.8877 	EXP 	line1: autoDraw = False
417.8877 	EXP 	line2: autoDraw = False
417.8877 	EXP 	line3: autoDraw = False
417.8877 	EXP 	line4: autoDraw = False
417.8877 	EXP 	probe: autoDraw = False
417.8877 	EXP 	fixation: autoDraw = True
418.0443 	EXP 	Device response: <KeyPress from None: t=417.87168383300013, value=z, duration=0.16423195799870882>
418.8757 	EXP 	line1: autoDraw = True
418.8757 	EXP 	line2: autoDraw = True
418.8757 	EXP 	line3: autoDraw = True
418.8757 	EXP 	line4: autoDraw = True
418.8816 	EXP 	fixation: autoDraw = False
419.8762 	INFO 	Keyboard events cleared
419.8760 	EXP 	probe: autoDraw = True
420.1158 	EXP 	Device response: <KeyPress from None: t=420.11359683299816, value=x, duration=None>
420.1162 	EXP 	New trial (rep=46, index=1): <Trial 185 (1 in rep 46) data={'pos': np.int64(150), 'corr_resp': 'v', 'thisN': 185, 'thisTrialN': 1, 'thisRepN': 46}>
420.1216 	DATA 	Keypress: x
420.1424 	EXP 	fixation: autoDraw = False
420.1424 	EXP 	line1: autoDraw = False
420.1424 	EXP 	line2: autoDraw = False
420.1424 	EXP 	line3: autoDraw = False
420.1424 	EXP 	line4: autoDraw = False
420.1424 	EXP 	probe: autoDraw = False
420.1424 	EXP 	fixation: autoDraw = True
420.2943 	EXP 	Device response: <KeyPress from None: t=420.11359683299816, value=x, duration=0.17634358299983433>
421.1154 	EXP 	line1: autoDraw = True
421.1154 	EXP 	line2: autoDraw = True
421.1154 	EXP 	line3: autoDraw = True
421.1154 	EXP 	line4: autoDraw = True
421.1317 	EXP 	fixation: autoDraw = False
422.1157 	INFO 	Keyboard events cleared
422.1155 	EXP 	probe: autoDraw = True
422.3602 	EXP 	Device response: <KeyPress from None: t=422.3487634580015, value=v, duration=None>
422.3606 	EXP 	New trial (rep=46, index=2): <Trial 186 (2 in rep 46) data={'pos': np.int64(50), 'corr_resp': 'c', 'thisN': 186, 'thisTrialN': 2, 'thisRepN': 46}>
422.3662 	DATA 	Keypress: v
422.3705 	EXP 	fixation: autoDraw = False
422.3705 	EXP 	line1: autoDraw = False
422.3705 	EXP 	line2: autoDraw = False
422.3705 	EXP 	line3: autoDraw = False
422.3705 	EXP 	line4: autoDraw = False
422.3705 	EXP 	probe: autoDraw = False
422.3705 	EXP 	fixation: autoDraw = True
422.4441 	EXP 	Device response: <KeyPress from None: t=422.3487634580015, value=v, duration=0.09212316699995426>
423.3590 	EXP 	line1: autoDraw = True
423.3590 	EXP 	line2: autoDraw = True
423.3590 	EXP 	line3: autoDraw = True
423.3590 	EXP 	line4: autoDraw = True
423.3657 	EXP 	fixation: autoDraw = False
424.3589 	INFO 	Keyboard events cleared
424.3588 	EXP 	probe: autoDraw = True
424.6160 	EXP 	Device response: <KeyPress from None: t=424.6094414580002, value=c, duration=None>
424.6164 	EXP 	New trial (rep=46, index=3): <Trial 187 (3 in rep 46) data={'pos': np.int64(-150), 'corr_resp': 'z', 'thisN': 187, 'thisTrialN': 3, 'thisRepN': 46}>
424.6216 	DATA 	Keypress: c
424.6423 	EXP 	fixation: autoDraw = False
424.6423 	EXP 	line1: autoDraw = False
424.6423 	EXP 	line2: autoDraw = False
424.6423 	EXP 	line3: autoDraw = False
424.6423 	EXP 	line4: autoDraw = False
424.6423 	EXP 	probe: autoDraw = False
424.6423 	EXP 	fixation: autoDraw = True
424.7437 	EXP 	Device response: <KeyPress from None: t=424.6094414580002, value=c, duration=0.12438512499647914>
425.6148 	EXP 	line1: autoDraw = True
425.6148 	EXP 	line2: autoDraw = True
425.6148 	EXP 	line3: autoDraw = True
425.6148 	EXP 	line4: autoDraw = True
425.6303 	EXP 	fixation: autoDraw = False
426.6166 	INFO 	Keyboard events cleared
426.6165 	EXP 	probe: autoDraw = True
426.6983 	EXP 	Device response: <KeyPress from None: t=426.6944882500029, value=z, duration=None>
426.6987 	EXP 	New trial (rep=47, index=0): <Trial 188 (0 in rep 47) data={'pos': np.int64(-50), 'corr_resp': 'x', 'thisN': 188, 'thisTrialN': 0, 'thisRepN': 47}>
426.7040 	DATA 	Keypress: z
426.7080 	EXP 	fixation: autoDraw = False
426.7080 	EXP 	line1: autoDraw = False
426.7080 	EXP 	line2: autoDraw = False
426.7080 	EXP 	line3: autoDraw = False
426.7080 	EXP 	line4: autoDraw = False
426.7080 	EXP 	probe: autoDraw = False
426.7080 	EXP 	fixation: autoDraw = True
426.8648 	EXP 	Device response: <KeyPress from None: t=426.6944882500029, value=z, duration=0.16820349999761675>
427.6981 	EXP 	fixation: autoDraw = False
427.6981 	EXP 	line1: autoDraw = True
427.6981 	EXP 	line2: autoDraw = True
427.6981 	EXP 	line3: autoDraw = True
427.6981 	EXP 	line4: autoDraw = True
428.6988 	INFO 	Keyboard events cleared
428.6986 	EXP 	probe: autoDraw = True
428.8102 	EXP 	Device response: <KeyPress from None: t=428.79840404100105, value=x, duration=None>
428.8108 	EXP 	New trial (rep=47, index=1): <Trial 189 (1 in rep 47) data={'pos': np.int64(150), 'corr_resp': 'v', 'thisN': 189, 'thisTrialN': 1, 'thisRepN': 47}>
428.8160 	DATA 	Keypress: x
428.8202 	EXP 	fixation: autoDraw = False
428.8202 	EXP 	line1: autoDraw = False
428.8202 	EXP 	line2: autoDraw = False
428.8202 	EXP 	line3: autoDraw = False
428.8202 	EXP 	line4: autoDraw = False
428.8202 	EXP 	probe: autoDraw = False
428.8202 	EXP 	fixation: autoDraw = True
428.9441 	EXP 	Device response: <KeyPress from None: t=428.79840404100105, value=x, duration=0.1323331669991603>
429.8090 	EXP 	line1: autoDraw = True
429.8090 	EXP 	line2: autoDraw = True
429.8090 	EXP 	line3: autoDraw = True
429.8090 	EXP 	line4: autoDraw = True
429.8148 	EXP 	fixation: autoDraw = False
430.8091 	INFO 	Keyboard events cleared
430.8089 	EXP 	probe: autoDraw = True
431.0316 	EXP 	Device response: <KeyPress from None: t=431.02833125000325, value=v, duration=None>
431.0320 	EXP 	New trial (rep=47, index=2): <Trial 190 (2 in rep 47) data={'pos': np.int64(50), 'corr_resp': 'c', 'thisN': 190, 'thisTrialN': 2, 'thisRepN': 47}>
431.0369 	DATA 	Keypress: v
431.0414 	EXP 	fixation: autoDraw = False
431.0414 	EXP 	line1: autoDraw = False
431.0414 	EXP 	line2: autoDraw = False
431.0414 	EXP 	line3: autoDraw = False
431.0414 	EXP 	line4: autoDraw = False
431.0414 	EXP 	probe: autoDraw = False
431.0414 	EXP 	fixation: autoDraw = True
431.1274 	EXP 	Device response: <KeyPress from None: t=431.02833125000325, value=v, duration=0.09711133299424546>
432.0323 	EXP 	fixation: autoDraw = False
432.0323 	EXP 	line1: autoDraw = True
432.0323 	EXP 	line2: autoDraw = True
432.0323 	EXP 	line3: autoDraw = True
432.0323 	EXP 	line4: autoDraw = True
433.0315 	INFO 	Keyboard events cleared
433.0313 	EXP 	probe: autoDraw = True
433.2653 	EXP 	Device response: <KeyPress from None: t=433.26331308299996, value=c, duration=None>
433.2657 	EXP 	New trial (rep=47, index=3): <Trial 191 (3 in rep 47) data={'pos': np.int64(-150), 'corr_resp': 'z', 'thisN': 191, 'thisTrialN': 3, 'thisRepN': 47}>
433.2707 	DATA 	Keypress: c
433.2748 	EXP 	fixation: autoDraw = False
433.2748 	EXP 	line1: autoDraw = False
433.2748 	EXP 	line2: autoDraw = False
433.2748 	EXP 	line3: autoDraw = False
433.2748 	EXP 	line4: autoDraw = False
433.2748 	EXP 	probe: autoDraw = False
433.2748 	EXP 	fixation: autoDraw = True
433.3606 	EXP 	Device response: <KeyPress from None: t=433.26331308299996, value=c, duration=0.0922435829997994>
434.2645 	EXP 	fixation: autoDraw = False
434.2645 	EXP 	line1: autoDraw = True
434.2645 	EXP 	line2: autoDraw = True
434.2645 	EXP 	line3: autoDraw = True
434.2645 	EXP 	line4: autoDraw = True
435.2590 	INFO 	Keyboard events cleared
435.2588 	EXP 	probe: autoDraw = True
435.4768 	EXP 	Device response: <KeyPress from None: t=435.47515099999873, value=z, duration=None>
435.4774 	EXP 	New trial (rep=48, index=0): <Trial 192 (0 in rep 48) data={'pos': np.int64(-50), 'corr_resp': 'x', 'thisN': 192, 'thisTrialN': 0, 'thisRepN': 48}>
435.4830 	DATA 	Keypress: z
435.4871 	EXP 	fixation: autoDraw = False
435.4871 	EXP 	line1: autoDraw = False
435.4871 	EXP 	line2: autoDraw = False
435.4871 	EXP 	line3: autoDraw = False
435.4871 	EXP 	line4: autoDraw = False
435.4871 	EXP 	probe: autoDraw = False
435.4871 	EXP 	fixation: autoDraw = True
435.6142 	EXP 	Device response: <KeyPress from None: t=435.47515099999873, value=z, duration=0.136421250004787>
436.4755 	EXP 	line1: autoDraw = True
436.4755 	EXP 	line2: autoDraw = True
436.4755 	EXP 	line3: autoDraw = True
436.4755 	EXP 	line4: autoDraw = True
436.4810 	EXP 	fixation: autoDraw = False
437.4756 	INFO 	Keyboard events cleared
437.4754 	EXP 	probe: autoDraw = True
437.7309 	EXP 	Device response: <KeyPress from None: t=437.7261169159974, value=x, duration=None>
437.7312 	EXP 	New trial (rep=48, index=1): <Trial 193 (1 in rep 48) data={'pos': np.int64(150), 'corr_resp': 'v', 'thisN': 193, 'thisTrialN': 1, 'thisRepN': 48}>
437.7361 	DATA 	Keypress: x
437.7411 	EXP 	fixation: autoDraw = False
437.7411 	EXP 	line1: autoDraw = False
437.7411 	EXP 	line2: autoDraw = False
437.7411 	EXP 	line3: autoDraw = False
437.7411 	EXP 	line4: autoDraw = False
437.7411 	EXP 	probe: autoDraw = False
437.7411 	EXP 	fixation: autoDraw = True
437.8766 	EXP 	Device response: <KeyPress from None: t=437.7261169159974, value=x, duration=0.14840920900314813>
438.7311 	EXP 	fixation: autoDraw = False
438.7311 	EXP 	line1: autoDraw = True
438.7311 	EXP 	line2: autoDraw = True
438.7311 	EXP 	line3: autoDraw = True
438.7311 	EXP 	line4: autoDraw = True
439.7256 	INFO 	Keyboard events cleared
439.7255 	EXP 	probe: autoDraw = True
439.9936 	EXP 	Device response: <KeyPress from None: t=439.98714887499955, value=v, duration=None>
439.9941 	EXP 	New trial (rep=48, index=2): <Trial 194 (2 in rep 48) data={'pos': np.int64(50), 'corr_resp': 'c', 'thisN': 194, 'thisTrialN': 2, 'thisRepN': 48}>
439.9993 	DATA 	Keypress: v
440.0041 	EXP 	fixation: autoDraw = False
440.0041 	EXP 	line1: autoDraw = False
440.0041 	EXP 	line2: autoDraw = False
440.0041 	EXP 	line3: autoDraw = False
440.0041 	EXP 	line4: autoDraw = False
440.0041 	EXP 	probe: autoDraw = False
440.0041 	EXP 	fixation: autoDraw = True
440.1106 	EXP 	Device response: <KeyPress from None: t=439.98714887499955, value=v, duration=0.12033629100187682>
440.9923 	EXP 	line1: autoDraw = True
440.9923 	EXP 	line2: autoDraw = True
440.9923 	EXP 	line3: autoDraw = True
440.9923 	EXP 	line4: autoDraw = True
440.9976 	EXP 	fixation: autoDraw = False
441.9925 	INFO 	Keyboard events cleared
441.9923 	EXP 	probe: autoDraw = True
441.9992 	EXP 	Device response: <KeyPress from None: t=441.9961080409994, value=c, duration=None>
441.9996 	EXP 	New trial (rep=48, index=3): <Trial 195 (3 in rep 48) data={'pos': np.int64(-150), 'corr_resp': 'z', 'thisN': 195, 'thisTrialN': 3, 'thisRepN': 48}>
442.0047 	DATA 	Keypress: c
442.0260 	EXP 	fixation: autoDraw = False
442.0260 	EXP 	line1: autoDraw = False
442.0260 	EXP 	line2: autoDraw = False
442.0260 	EXP 	line3: autoDraw = False
442.0260 	EXP 	line4: autoDraw = False
442.0260 	EXP 	probe: autoDraw = False
442.0260 	EXP 	fixation: autoDraw = True
442.1268 	EXP 	Device response: <KeyPress from None: t=441.9961080409994, value=c, duration=0.1243811669992283>
442.9994 	EXP 	line1: autoDraw = True
442.9994 	EXP 	line2: autoDraw = True
442.9994 	EXP 	line3: autoDraw = True
442.9994 	EXP 	line4: autoDraw = True
443.0127 	EXP 	fixation: autoDraw = False
443.9990 	INFO 	Keyboard events cleared
443.9988 	EXP 	probe: autoDraw = True
444.0656 	EXP 	Device response: <KeyPress from None: t=444.0590413750033, value=z, duration=None>
444.0660 	EXP 	New trial (rep=49, index=0): <Trial 196 (0 in rep 49) data={'pos': np.int64(-50), 'corr_resp': 'x', 'thisN': 196, 'thisTrialN': 0, 'thisRepN': 49}>
444.0710 	DATA 	Keypress: z
444.0751 	EXP 	fixation: autoDraw = False
444.0751 	EXP 	line1: autoDraw = False
444.0751 	EXP 	line2: autoDraw = False
444.0751 	EXP 	line3: autoDraw = False
444.0751 	EXP 	line4: autoDraw = False
444.0751 	EXP 	probe: autoDraw = False
444.0751 	EXP 	fixation: autoDraw = True
444.2101 	EXP 	Device response: <KeyPress from None: t=444.0590413750033, value=z, duration=0.1402796659967862>
445.0658 	EXP 	fixation: autoDraw = False
445.0658 	EXP 	line1: autoDraw = True
445.0658 	EXP 	line2: autoDraw = True
445.0658 	EXP 	line3: autoDraw = True
445.0658 	EXP 	line4: autoDraw = True
446.0590 	INFO 	Keyboard events cleared
446.0588 	EXP 	probe: autoDraw = True
446.2931 	EXP 	Device response: <KeyPress from None: t=446.2849274580003, value=x, duration=None>
446.2936 	EXP 	New trial (rep=49, index=1): <Trial 197 (1 in rep 49) data={'pos': np.int64(150), 'corr_resp': 'v', 'thisN': 197, 'thisTrialN': 1, 'thisRepN': 49}>
446.2990 	DATA 	Keypress: x
446.3030 	EXP 	fixation: autoDraw = False
446.3030 	EXP 	line1: autoDraw = False
446.3030 	EXP 	line2: autoDraw = False
446.3030 	EXP 	line3: autoDraw = False
446.3030 	EXP 	line4: autoDraw = False
446.3030 	EXP 	probe: autoDraw = False
446.3030 	EXP 	fixation: autoDraw = True
446.4133 	EXP 	Device response: <KeyPress from None: t=446.2849274580003, value=x, duration=0.12437591700290795>
447.2919 	EXP 	line1: autoDraw = True
447.2919 	EXP 	line2: autoDraw = True
447.2919 	EXP 	line3: autoDraw = True
447.2919 	EXP 	line4: autoDraw = True
447.2964 	EXP 	fixation: autoDraw = False
448.2925 	INFO 	Keyboard events cleared
448.2923 	EXP 	probe: autoDraw = True
448.6153 	EXP 	Device response: <KeyPress from None: t=448.60986437500105, value=v, duration=None>
448.6157 	EXP 	New trial (rep=49, index=2): <Trial 198 (2 in rep 49) data={'pos': np.int64(50), 'corr_resp': 'c', 'thisN': 198, 'thisTrialN': 2, 'thisRepN': 49}>
448.6206 	DATA 	Keypress: v
448.6422 	EXP 	fixation: autoDraw = False
448.6422 	EXP 	line1: autoDraw = False
448.6422 	EXP 	line2: autoDraw = False
448.6422 	EXP 	line3: autoDraw = False
448.6422 	EXP 	line4: autoDraw = False
448.6422 	EXP 	probe: autoDraw = False
448.6422 	EXP 	fixation: autoDraw = True
448.7773 	EXP 	Device response: <KeyPress from None: t=448.60986437500105, value=v, duration=0.16048791600042023>
449.6158 	EXP 	line1: autoDraw = True
449.6158 	EXP 	line2: autoDraw = True
449.6158 	EXP 	line3: autoDraw = True
449.6158 	EXP 	line4: autoDraw = True
449.6302 	EXP 	fixation: autoDraw = False
450.6256 	INFO 	Keyboard events cleared
450.6254 	EXP 	probe: autoDraw = True
451.0763 	EXP 	Device response: <KeyPress from None: t=451.071792540999, value=c, duration=None>
451.0767 	EXP 	New trial (rep=49, index=3): <Trial 199 (3 in rep 49) data={'pos': np.int64(-150), 'corr_resp': 'z', 'thisN': 199, 'thisTrialN': 3, 'thisRepN': 49}>
451.0810 	DATA 	Keypress: c
451.0846 	EXP 	fixation: autoDraw = False
451.0846 	EXP 	line1: autoDraw = False
451.0846 	EXP 	line2: autoDraw = False
451.0846 	EXP 	line3: autoDraw = False
451.0846 	EXP 	line4: autoDraw = False
451.0846 	EXP 	probe: autoDraw = False
451.0846 	EXP 	fixation: autoDraw = True
451.1598 	EXP 	Device response: <KeyPress from None: t=451.071792540999, value=c, duration=0.07641854200483067>
452.0754 	EXP 	line1: autoDraw = True
452.0754 	EXP 	line2: autoDraw = True
452.0754 	EXP 	line3: autoDraw = True
452.0754 	EXP 	line4: autoDraw = True
452.0814 	EXP 	fixation: autoDraw = False
453.0754 	INFO 	Keyboard events cleared
453.0752 	EXP 	probe: autoDraw = True
453.3667 	EXP 	Device response: <KeyPress from None: t=453.36517441600154, value=z, duration=None>
453.3748 	EXP 	Imported /Users/vineesmacbook/Downloads/sequence_cond - Sheet1.csv as conditions, 4 conditions, 2 params
453.3805 	EXP 	New trial (rep=0, index=0): <Trial 0 (0 in rep 0) data={'pos': np.int64(150), 'corr_resp': 'v', 'thisN': 0, 'thisTrialN': 0, 'thisRepN': 0}>
453.3835 	DATA 	Keypress: z
453.3870 	EXP 	fixation: autoDraw = False
453.3870 	EXP 	line1: autoDraw = False
453.3870 	EXP 	line2: autoDraw = False
453.3870 	EXP 	line3: autoDraw = False
453.3870 	EXP 	line4: autoDraw = False
453.3870 	EXP 	probe: autoDraw = False
453.3870 	EXP 	fixation: autoDraw = True
453.4931 	EXP 	Device response: <KeyPress from None: t=453.36517441600154, value=z, duration=0.11598654199769953>
454.3644 	EXP 	line1: autoDraw = True
454.3644 	EXP 	line2: autoDraw = True
454.3644 	EXP 	line3: autoDraw = True
454.3644 	EXP 	line4: autoDraw = True
454.3802 	EXP 	fixation: autoDraw = False
455.3268 	EXP 	Device response: <KeyPress from None: t=455.32169887499913, value=x, duration=None>
455.3315 	DATA 	Keypress: x
455.3653 	INFO 	Keyboard events cleared
455.3650 	EXP 	probe: autoDraw = True
455.9815 	EXP 	Device response: <KeyPress from None: t=455.97558525000204, value=v, duration=None>
455.9819 	EXP 	New trial (rep=1, index=1): <Trial 1 (1 in rep 1) data={'pos': np.int64(150), 'corr_resp': 'v', 'thisN': 1, 'thisTrialN': 1, 'thisRepN': 1}>
455.9863 	DATA 	Keypress: v
455.9910 	EXP 	fixation: autoDraw = False
455.9910 	EXP 	line1: autoDraw = False
455.9910 	EXP 	line2: autoDraw = False
455.9910 	EXP 	line3: autoDraw = False
455.9910 	EXP 	line4: autoDraw = False
455.9910 	EXP 	probe: autoDraw = False
455.9910 	EXP 	fixation: autoDraw = True
456.0599 	EXP 	Device response: <KeyPress from None: t=455.97558525000204, value=v, duration=0.07554966599855106>
456.9820 	EXP 	fixation: autoDraw = False
456.9820 	EXP 	line1: autoDraw = True
456.9820 	EXP 	line2: autoDraw = True
456.9820 	EXP 	line3: autoDraw = True
456.9820 	EXP 	line4: autoDraw = True
457.9787 	INFO 	Keyboard events cleared
457.9786 	EXP 	probe: autoDraw = True
458.5267 	EXP 	Device response: <KeyPress from None: t=458.51667137500044, value=v, duration=None>
458.5272 	EXP 	New trial (rep=0, index=2): <Trial 2 (2 in rep 0) data={'pos': np.int64(-50), 'corr_resp': 'x', 'thisN': 2, 'thisTrialN': 2, 'thisRepN': 0}>
458.5322 	DATA 	Keypress: v
458.5362 	EXP 	fixation: autoDraw = False
458.5362 	EXP 	line1: autoDraw = False
458.5362 	EXP 	line2: autoDraw = False
458.5362 	EXP 	line3: autoDraw = False
458.5362 	EXP 	line4: autoDraw = False
458.5362 	EXP 	probe: autoDraw = False
458.5362 	EXP 	fixation: autoDraw = True
458.5932 	EXP 	Device response: <KeyPress from None: t=458.51667137500044, value=v, duration=0.0723726659998647>
459.5253 	EXP 	line1: autoDraw = True
459.5253 	EXP 	line2: autoDraw = True
459.5253 	EXP 	line3: autoDraw = True
459.5253 	EXP 	line4: autoDraw = True
459.5309 	EXP 	fixation: autoDraw = False
460.5254 	INFO 	Keyboard events cleared
460.5252 	EXP 	probe: autoDraw = True
461.1825 	EXP 	Device response: <KeyPress from None: t=461.18071816599695, value=x, duration=None>
461.1830 	EXP 	New trial (rep=1, index=3): <Trial 3 (3 in rep 1) data={'pos': np.int64(-50), 'corr_resp': 'x', 'thisN': 3, 'thisTrialN': 3, 'thisRepN': 1}>
461.1875 	DATA 	Keypress: x
461.1916 	EXP 	fixation: autoDraw = False
461.1916 	EXP 	line1: autoDraw = False
461.1916 	EXP 	line2: autoDraw = False
461.1916 	EXP 	line3: autoDraw = False
461.1916 	EXP 	line4: autoDraw = False
461.1916 	EXP 	probe: autoDraw = False
461.1916 	EXP 	fixation: autoDraw = True
461.3263 	EXP 	Device response: <KeyPress from None: t=455.32169887499913, value=x, duration=6.003270749999501>
462.1817 	EXP 	fixation: autoDraw = False
462.1817 	EXP 	line1: autoDraw = True
462.1817 	EXP 	line2: autoDraw = True
462.1817 	EXP 	line3: autoDraw = True
462.1817 	EXP 	line4: autoDraw = True
463.1819 	INFO 	Keyboard events cleared
463.1817 	EXP 	probe: autoDraw = True
463.6934 	EXP 	Device response: <KeyPress from None: t=463.68656012500287, value=x, duration=None>
463.6939 	EXP 	New trial (rep=2, index=4): <Trial 4 (4 in rep 2) data={'pos': np.int64(150), 'corr_resp': 'v', 'thisN': 4, 'thisTrialN': 4, 'thisRepN': 2}>
463.6989 	DATA 	Keypress: x
463.7029 	EXP 	fixation: autoDraw = False
463.7029 	EXP 	line1: autoDraw = False
463.7029 	EXP 	line2: autoDraw = False
463.7029 	EXP 	line3: autoDraw = False
463.7029 	EXP 	line4: autoDraw = False
463.7029 	EXP 	probe: autoDraw = False
463.7029 	EXP 	fixation: autoDraw = True
463.8599 	EXP 	Device response: <KeyPress from None: t=461.18071816599695, value=x, duration=2.6660787090004305>
464.6919 	EXP 	line1: autoDraw = True
464.6919 	EXP 	line2: autoDraw = True
464.6919 	EXP 	line3: autoDraw = True
464.6919 	EXP 	line4: autoDraw = True
464.6975 	EXP 	fixation: autoDraw = False
465.6919 	INFO 	Keyboard events cleared
465.6918 	EXP 	probe: autoDraw = True
466.1489 	EXP 	Device response: <KeyPress from None: t=466.1445651660033, value=v, duration=None>
466.1494 	EXP 	New trial (rep=3, index=5): <Trial 5 (5 in rep 3) data={'pos': np.int64(150), 'corr_resp': 'v', 'thisN': 5, 'thisTrialN': 5, 'thisRepN': 3}>
466.1540 	DATA 	Keypress: v
466.1754 	EXP 	fixation: autoDraw = False
466.1754 	EXP 	line1: autoDraw = False
466.1754 	EXP 	line2: autoDraw = False
466.1754 	EXP 	line3: autoDraw = False
466.1754 	EXP 	line4: autoDraw = False
466.1754 	EXP 	probe: autoDraw = False
466.1754 	EXP 	fixation: autoDraw = True
466.3097 	EXP 	Device response: <KeyPress from None: t=466.1445651660033, value=v, duration=0.16035795899369987>
467.1471 	EXP 	line1: autoDraw = True
467.1471 	EXP 	line2: autoDraw = True
467.1471 	EXP 	line3: autoDraw = True
467.1471 	EXP 	line4: autoDraw = True
467.1635 	EXP 	fixation: autoDraw = False
468.1483 	INFO 	Keyboard events cleared
468.1482 	EXP 	probe: autoDraw = True
469.2597 	EXP 	Device response: <KeyPress from None: t=469.25743779099867, value=v, duration=None>
469.2601 	EXP 	New trial (rep=4, index=6): <Trial 6 (6 in rep 4) data={'pos': np.int64(150), 'corr_resp': 'v', 'thisN': 6, 'thisTrialN': 6, 'thisRepN': 4}>
469.2657 	DATA 	Keypress: v
469.2698 	EXP 	fixation: autoDraw = False
469.2698 	EXP 	line1: autoDraw = False
469.2698 	EXP 	line2: autoDraw = False
469.2698 	EXP 	line3: autoDraw = False
469.2698 	EXP 	line4: autoDraw = False
469.2698 	EXP 	probe: autoDraw = False
469.2698 	EXP 	fixation: autoDraw = True
469.3937 	EXP 	Device response: <KeyPress from None: t=469.25743779099867, value=v, duration=0.1283259999981965>
470.2584 	EXP 	line1: autoDraw = True
470.2584 	EXP 	line2: autoDraw = True
470.2584 	EXP 	line3: autoDraw = True
470.2584 	EXP 	line4: autoDraw = True
470.2640 	EXP 	fixation: autoDraw = False
471.2587 	INFO 	Keyboard events cleared
471.2585 	EXP 	probe: autoDraw = True
471.6762 	EXP 	Device response: <KeyPress from None: t=471.66829045800114, value=v, duration=None>
471.6767 	EXP 	New trial (rep=0, index=7): <Trial 7 (7 in rep 0) data={'pos': np.int64(-150), 'corr_resp': 'z', 'thisN': 7, 'thisTrialN': 7, 'thisRepN': 0}>
471.6812 	DATA 	Keypress: v
471.6852 	EXP 	fixation: autoDraw = False
471.6852 	EXP 	line1: autoDraw = False
471.6852 	EXP 	line2: autoDraw = False
471.6852 	EXP 	line3: autoDraw = False
471.6852 	EXP 	line4: autoDraw = False
471.6852 	EXP 	probe: autoDraw = False
471.6852 	EXP 	fixation: autoDraw = True
471.8096 	EXP 	Device response: <KeyPress from None: t=471.66829045800114, value=v, duration=0.13249324999924283>
472.6751 	EXP 	line1: autoDraw = True
472.6751 	EXP 	line2: autoDraw = True
472.6751 	EXP 	line3: autoDraw = True
472.6751 	EXP 	line4: autoDraw = True
472.6806 	EXP 	fixation: autoDraw = False
473.6753 	INFO 	Keyboard events cleared
473.6751 	EXP 	probe: autoDraw = True
474.5320 	EXP 	Device response: <KeyPress from None: t=474.5293669160019, value=z, duration=None>
474.5324 	EXP 	New trial (rep=0, index=8): <Trial 8 (8 in rep 0) data={'pos': np.int64(50), 'corr_resp': 'c', 'thisN': 8, 'thisTrialN': 8, 'thisRepN': 0}>
474.5369 	DATA 	Keypress: z
474.5412 	EXP 	fixation: autoDraw = False
474.5412 	EXP 	line1: autoDraw = False
474.5412 	EXP 	line2: autoDraw = False
474.5412 	EXP 	line3: autoDraw = False
474.5412 	EXP 	line4: autoDraw = False
474.5412 	EXP 	probe: autoDraw = False
474.5412 	EXP 	fixation: autoDraw = True
474.6764 	EXP 	Device response: <KeyPress from None: t=474.5293669160019, value=z, duration=0.144297209000797>
475.5308 	EXP 	fixation: autoDraw = False
475.5308 	EXP 	line1: autoDraw = True
475.5308 	EXP 	line2: autoDraw = True
475.5308 	EXP 	line3: autoDraw = True
475.5308 	EXP 	line4: autoDraw = True
476.5319 	INFO 	Keyboard events cleared
476.5317 	EXP 	probe: autoDraw = True
477.1262 	EXP 	Device response: <KeyPress from None: t=477.11927670799923, value=c, duration=None>
477.1267 	EXP 	New trial (rep=1, index=9): <Trial 9 (9 in rep 1) data={'pos': np.int64(-150), 'corr_resp': 'z', 'thisN': 9, 'thisTrialN': 9, 'thisRepN': 1}>
477.1316 	DATA 	Keypress: c
477.1361 	EXP 	fixation: autoDraw = False
477.1361 	EXP 	line1: autoDraw = False
477.1361 	EXP 	line2: autoDraw = False
477.1361 	EXP 	line3: autoDraw = False
477.1361 	EXP 	line4: autoDraw = False
477.1361 	EXP 	probe: autoDraw = False
477.1361 	EXP 	fixation: autoDraw = True
477.2269 	EXP 	Device response: <KeyPress from None: t=477.11927670799923, value=c, duration=0.09652379200269934>
478.1252 	EXP 	line1: autoDraw = True
478.1252 	EXP 	line2: autoDraw = True
478.1252 	EXP 	line3: autoDraw = True
478.1252 	EXP 	line4: autoDraw = True
478.1308 	EXP 	fixation: autoDraw = False
479.1253 	INFO 	Keyboard events cleared
479.1251 	EXP 	probe: autoDraw = True
479.5763 	EXP 	Device response: <KeyPress from None: t=479.5742498749969, value=z, duration=None>
479.5769 	EXP 	New trial (rep=2, index=10): <Trial 10 (10 in rep 2) data={'pos': np.int64(-150), 'corr_resp': 'z', 'thisN': 10, 'thisTrialN': 10, 'thisRepN': 2}>
479.5818 	DATA 	Keypress: z
479.5860 	EXP 	fixation: autoDraw = False
479.5860 	EXP 	line1: autoDraw = False
479.5860 	EXP 	line2: autoDraw = False
479.5860 	EXP 	line3: autoDraw = False
479.5860 	EXP 	line4: autoDraw = False
479.5860 	EXP 	probe: autoDraw = False
479.5860 	EXP 	fixation: autoDraw = True
479.7263 	EXP 	Device response: <KeyPress from None: t=479.5742498749969, value=z, duration=0.1486126250019879>
480.5751 	EXP 	line1: autoDraw = True
480.5751 	EXP 	line2: autoDraw = True
480.5751 	EXP 	line3: autoDraw = True
480.5751 	EXP 	line4: autoDraw = True
480.5807 	EXP 	fixation: autoDraw = False
481.5749 	INFO 	Keyboard events cleared
481.5747 	EXP 	probe: autoDraw = True
481.9932 	EXP 	Device response: <KeyPress from None: t=481.9901933750007, value=z, duration=None>
481.9937 	EXP 	New trial (rep=1, index=11): <Trial 11 (11 in rep 1) data={'pos': np.int64(50), 'corr_resp': 'c', 'thisN': 11, 'thisTrialN': 11, 'thisRepN': 1}>
481.9990 	DATA 	Keypress: z
482.0029 	EXP 	fixation: autoDraw = False
482.0029 	EXP 	line1: autoDraw = False
482.0029 	EXP 	line2: autoDraw = False
482.0029 	EXP 	line3: autoDraw = False
482.0029 	EXP 	line4: autoDraw = False
482.0029 	EXP 	probe: autoDraw = False
482.0029 	EXP 	fixation: autoDraw = True
482.1764 	EXP 	Device response: <KeyPress from None: t=481.9901933750007, value=z, duration=0.18419174999871757>
482.9918 	EXP 	line1: autoDraw = True
482.9918 	EXP 	line2: autoDraw = True
482.9918 	EXP 	line3: autoDraw = True
482.9918 	EXP 	line4: autoDraw = True
482.9977 	EXP 	fixation: autoDraw = False
483.9920 	INFO 	Keyboard events cleared
483.9918 	EXP 	probe: autoDraw = True
484.4141 	EXP 	Device response: <KeyPress from None: t=484.41211725000176, value=c, duration=None>
484.4145 	EXP 	New trial (rep=3, index=12): <Trial 12 (12 in rep 3) data={'pos': np.int64(-150), 'corr_resp': 'z', 'thisN': 12, 'thisTrialN': 12, 'thisRepN': 3}>
484.4188 	DATA 	Keypress: c
484.4241 	EXP 	fixation: autoDraw = False
484.4241 	EXP 	line1: autoDraw = False
484.4241 	EXP 	line2: autoDraw = False
484.4241 	EXP 	line3: autoDraw = False
484.4241 	EXP 	line4: autoDraw = False
484.4241 	EXP 	probe: autoDraw = False
484.4241 	EXP 	fixation: autoDraw = True
484.5101 	EXP 	Device response: <KeyPress from None: t=484.41211725000176, value=c, duration=0.09626604100049008>
485.4083 	EXP 	line1: autoDraw = True
485.4083 	EXP 	line2: autoDraw = True
485.4083 	EXP 	line3: autoDraw = True
485.4083 	EXP 	line4: autoDraw = True
485.4141 	EXP 	fixation: autoDraw = False
486.4149 	INFO 	Keyboard events cleared
486.4147 	EXP 	probe: autoDraw = True
486.9597 	EXP 	Device response: <KeyPress from None: t=486.9510529580002, value=z, duration=None>
486.9603 	EXP 	New trial (rep=5, index=13): <Trial 13 (13 in rep 5) data={'pos': np.int64(150), 'corr_resp': 'v', 'thisN': 13, 'thisTrialN': 13, 'thisRepN': 5}>
486.9653 	DATA 	Keypress: z
486.9692 	EXP 	fixation: autoDraw = False
486.9692 	EXP 	line1: autoDraw = False
486.9692 	EXP 	line2: autoDraw = False
486.9692 	EXP 	line3: autoDraw = False
486.9692 	EXP 	line4: autoDraw = False
486.9692 	EXP 	probe: autoDraw = False
486.9692 	EXP 	fixation: autoDraw = True
487.2276 	EXP 	Device response: <KeyPress from None: t=486.9510529580002, value=z, duration=0.26848933300061617>
487.9583 	EXP 	line1: autoDraw = True
487.9583 	EXP 	line2: autoDraw = True
487.9583 	EXP 	line3: autoDraw = True
487.9583 	EXP 	line4: autoDraw = True
487.9641 	EXP 	fixation: autoDraw = False
488.9585 	INFO 	Keyboard events cleared
488.9583 	EXP 	probe: autoDraw = True
489.4596 	EXP 	Device response: <KeyPress from None: t=489.4479484580006, value=v, duration=None>
489.4602 	EXP 	New trial (rep=6, index=14): <Trial 14 (14 in rep 6) data={'pos': np.int64(150), 'corr_resp': 'v', 'thisN': 14, 'thisTrialN': 14, 'thisRepN': 6}>
489.4652 	DATA 	Keypress: v
489.4692 	EXP 	fixation: autoDraw = False
489.4692 	EXP 	line1: autoDraw = False
489.4692 	EXP 	line2: autoDraw = False
489.4692 	EXP 	line3: autoDraw = False
489.4692 	EXP 	line4: autoDraw = False
489.4692 	EXP 	probe: autoDraw = False
489.4692 	EXP 	fixation: autoDraw = True
489.5763 	EXP 	Device response: <KeyPress from None: t=489.4479484580006, value=v, duration=0.12438791699969443>
490.4585 	EXP 	line1: autoDraw = True
490.4585 	EXP 	line2: autoDraw = True
490.4585 	EXP 	line3: autoDraw = True
490.4585 	EXP 	line4: autoDraw = True
490.4652 	EXP 	fixation: autoDraw = False
491.4583 	INFO 	Keyboard events cleared
491.4581 	EXP 	probe: autoDraw = True
492.0092 	EXP 	Device response: <KeyPress from None: t=492.00501245800115, value=v, duration=None>
492.0097 	EXP 	New trial (rep=7, index=15): <Trial 15 (15 in rep 7) data={'pos': np.int64(150), 'corr_resp': 'v', 'thisN': 15, 'thisTrialN': 15, 'thisRepN': 7}>
492.0145 	DATA 	Keypress: v
492.0185 	EXP 	fixation: autoDraw = False
492.0185 	EXP 	line1: autoDraw = False
492.0185 	EXP 	line2: autoDraw = False
492.0185 	EXP 	line3: autoDraw = False
492.0185 	EXP 	line4: autoDraw = False
492.0185 	EXP 	probe: autoDraw = False
492.0185 	EXP 	fixation: autoDraw = True
492.1269 	EXP 	Device response: <KeyPress from None: t=492.00501245800115, value=v, duration=0.1202746249982738>
493.0083 	EXP 	line1: autoDraw = True
493.0083 	EXP 	line2: autoDraw = True
493.0083 	EXP 	line3: autoDraw = True
493.0083 	EXP 	line4: autoDraw = True
493.0151 	EXP 	fixation: autoDraw = False
494.0085 	INFO 	Keyboard events cleared
494.0084 	EXP 	probe: autoDraw = True
494.4318 	EXP 	Device response: <KeyPress from None: t=494.42760012500366, value=v, duration=None>
494.4322 	EXP 	New trial (rep=4, index=16): <Trial 16 (16 in rep 4) data={'pos': np.int64(-150), 'corr_resp': 'z', 'thisN': 16, 'thisTrialN': 16, 'thisRepN': 4}>
494.4367 	DATA 	Keypress: v
494.4409 	EXP 	fixation: autoDraw = False
494.4409 	EXP 	line1: autoDraw = False
494.4409 	EXP 	line2: autoDraw = False
494.4409 	EXP 	line3: autoDraw = False
494.4409 	EXP 	line4: autoDraw = False
494.4409 	EXP 	probe: autoDraw = False
494.4409 	EXP 	fixation: autoDraw = True
494.5812 	EXP 	Device response: <KeyPress from None: t=494.42760012500366, value=v, duration=0.15155483299895423>
495.4318 	EXP 	fixation: autoDraw = False
495.4318 	EXP 	line1: autoDraw = True
495.4318 	EXP 	line2: autoDraw = True
495.4318 	EXP 	line3: autoDraw = True
495.4318 	EXP 	line4: autoDraw = True
496.4252 	INFO 	Keyboard events cleared
496.4250 	EXP 	probe: autoDraw = True
496.8428 	EXP 	Device response: <KeyPress from None: t=496.8389530830027, value=z, duration=None>
496.8433 	EXP 	New trial (rep=5, index=17): <Trial 17 (17 in rep 5) data={'pos': np.int64(-150), 'corr_resp': 'z', 'thisN': 17, 'thisTrialN': 17, 'thisRepN': 5}>
496.8482 	DATA 	Keypress: z
496.8522 	EXP 	fixation: autoDraw = False
496.8522 	EXP 	line1: autoDraw = False
496.8522 	EXP 	line2: autoDraw = False
496.8522 	EXP 	line3: autoDraw = False
496.8522 	EXP 	line4: autoDraw = False
496.8522 	EXP 	probe: autoDraw = False
496.8522 	EXP 	fixation: autoDraw = True
497.0264 	EXP 	Device response: <KeyPress from None: t=496.8389530830027, value=z, duration=0.1842552079979214>
497.8413 	EXP 	line1: autoDraw = True
497.8413 	EXP 	line2: autoDraw = True
497.8413 	EXP 	line3: autoDraw = True
497.8413 	EXP 	line4: autoDraw = True
497.8465 	EXP 	fixation: autoDraw = False
498.8415 	INFO 	Keyboard events cleared
498.8414 	EXP 	probe: autoDraw = True
499.3928 	EXP 	Device response: <KeyPress from None: t=499.38985520799906, value=z, duration=None>
499.3933 	EXP 	New trial (rep=6, index=18): <Trial 18 (18 in rep 6) data={'pos': np.int64(-150), 'corr_resp': 'z', 'thisN': 18, 'thisTrialN': 18, 'thisRepN': 6}>
499.3984 	DATA 	Keypress: z
499.4024 	EXP 	fixation: autoDraw = False
499.4024 	EXP 	line1: autoDraw = False
499.4024 	EXP 	line2: autoDraw = False
499.4024 	EXP 	line3: autoDraw = False
499.4024 	EXP 	line4: autoDraw = False
499.4024 	EXP 	probe: autoDraw = False
499.4024 	EXP 	fixation: autoDraw = True
499.6138 	EXP 	Device response: <KeyPress from None: t=499.38985520799906, value=z, duration=0.22015245800139382>
500.3916 	EXP 	line1: autoDraw = True
500.3916 	EXP 	line2: autoDraw = True
500.3916 	EXP 	line3: autoDraw = True
500.3916 	EXP 	line4: autoDraw = True
500.3975 	EXP 	fixation: autoDraw = False
501.3916 	INFO 	Keyboard events cleared
501.3914 	EXP 	probe: autoDraw = True
501.8595 	EXP 	Device response: <KeyPress from None: t=501.8556299999982, value=z, duration=None>
501.8599 	EXP 	New trial (rep=7, index=19): <Trial 19 (19 in rep 7) data={'pos': np.int64(-150), 'corr_resp': 'z', 'thisN': 19, 'thisTrialN': 19, 'thisRepN': 7}>
501.8651 	DATA 	Keypress: z
501.8696 	EXP 	fixation: autoDraw = False
501.8696 	EXP 	line1: autoDraw = False
501.8696 	EXP 	line2: autoDraw = False
501.8696 	EXP 	line3: autoDraw = False
501.8696 	EXP 	line4: autoDraw = False
501.8696 	EXP 	probe: autoDraw = False
501.8696 	EXP 	fixation: autoDraw = True
502.0645 	EXP 	Device response: <KeyPress from None: t=501.8556299999982, value=z, duration=0.20470683299936354>
502.8582 	EXP 	line1: autoDraw = True
502.8582 	EXP 	line2: autoDraw = True
502.8582 	EXP 	line3: autoDraw = True
502.8582 	EXP 	line4: autoDraw = True
502.8640 	EXP 	fixation: autoDraw = False
503.8583 	INFO 	Keyboard events cleared
503.8581 	EXP 	probe: autoDraw = True
504.4319 	EXP 	Device response: <KeyPress from None: t=504.42766720800137, value=z, duration=None>
504.4323 	EXP 	New trial (rep=2, index=20): <Trial 20 (20 in rep 2) data={'pos': np.int64(50), 'corr_resp': 'c', 'thisN': 20, 'thisTrialN': 20, 'thisRepN': 2}>
504.4380 	DATA 	Keypress: z
504.4451 	EXP 	fixation: autoDraw = False
504.4451 	EXP 	line1: autoDraw = False
504.4451 	EXP 	line2: autoDraw = False
504.4451 	EXP 	line3: autoDraw = False
504.4451 	EXP 	line4: autoDraw = False
504.4451 	EXP 	probe: autoDraw = False
504.4451 	EXP 	fixation: autoDraw = True
504.6137 	EXP 	Device response: <KeyPress from None: t=504.42766720800137, value=z, duration=0.18435233299533138>
505.4311 	EXP 	line1: autoDraw = True
505.4311 	EXP 	line2: autoDraw = True
505.4311 	EXP 	line3: autoDraw = True
505.4311 	EXP 	line4: autoDraw = True
505.4417 	EXP 	fixation: autoDraw = False
506.4318 	INFO 	Keyboard events cleared
506.4316 	EXP 	probe: autoDraw = True
506.8816 	EXP 	Device response: <KeyPress from None: t=506.877605624999, value=c, duration=None>
506.8820 	EXP 	New trial (rep=8, index=21): <Trial 21 (21 in rep 8) data={'pos': np.int64(150), 'corr_resp': 'v', 'thisN': 21, 'thisTrialN': 21, 'thisRepN': 8}>
506.8874 	DATA 	Keypress: c
506.9085 	EXP 	fixation: autoDraw = False
506.9085 	EXP 	line1: autoDraw = False
506.9085 	EXP 	line2: autoDraw = False
506.9085 	EXP 	line3: autoDraw = False
506.9085 	EXP 	line4: autoDraw = False
506.9085 	EXP 	probe: autoDraw = False
506.9085 	EXP 	fixation: autoDraw = True
507.0105 	EXP 	Device response: <KeyPress from None: t=506.877605624999, value=c, duration=0.1283096250044764>
507.8819 	EXP 	line1: autoDraw = True
507.8819 	EXP 	line2: autoDraw = True
507.8819 	EXP 	line3: autoDraw = True
507.8819 	EXP 	line4: autoDraw = True
507.8964 	EXP 	fixation: autoDraw = False
508.8821 	INFO 	Keyboard events cleared
508.8820 	EXP 	probe: autoDraw = True
510.0815 	EXP 	Device response: <KeyPress from None: t=510.0775235830006, value=v, duration=None>
510.0819 	EXP 	New trial (rep=2, index=22): <Trial 22 (22 in rep 2) data={'pos': np.int64(-50), 'corr_resp': 'x', 'thisN': 22, 'thisTrialN': 22, 'thisRepN': 2}>
510.0873 	DATA 	Keypress: v
510.1085 	EXP 	fixation: autoDraw = False
510.1085 	EXP 	line1: autoDraw = False
510.1085 	EXP 	line2: autoDraw = False
510.1085 	EXP 	line3: autoDraw = False
510.1085 	EXP 	line4: autoDraw = False
510.1085 	EXP 	probe: autoDraw = False
510.1085 	EXP 	fixation: autoDraw = True
510.1928 	EXP 	Device response: <KeyPress from None: t=510.0775235830006, value=v, duration=0.10864162499638041>
511.0808 	EXP 	line1: autoDraw = True
511.0808 	EXP 	line2: autoDraw = True
511.0808 	EXP 	line3: autoDraw = True
511.0808 	EXP 	line4: autoDraw = True
511.0971 	EXP 	fixation: autoDraw = False
512.0749 	INFO 	Keyboard events cleared
512.0747 	EXP 	probe: autoDraw = True
512.7309 	EXP 	Device response: <KeyPress from None: t=512.7274932910004, value=x, duration=None>
512.7313 	EXP 	New trial (rep=9, index=23): <Trial 23 (23 in rep 9) data={'pos': np.int64(150), 'corr_resp': 'v', 'thisN': 23, 'thisTrialN': 23, 'thisRepN': 9}>
512.7367 	DATA 	Keypress: x
512.7409 	EXP 	fixation: autoDraw = False
512.7409 	EXP 	line1: autoDraw = False
512.7409 	EXP 	line2: autoDraw = False
512.7409 	EXP 	line3: autoDraw = False
512.7409 	EXP 	line4: autoDraw = False
512.7409 	EXP 	probe: autoDraw = False
512.7409 	EXP 	fixation: autoDraw = True
512.8931 	EXP 	Device response: <KeyPress from None: t=463.68656012500287, value=x, duration=49.19733337499929>
513.7321 	EXP 	fixation: autoDraw = False
513.7321 	EXP 	line1: autoDraw = True
513.7321 	EXP 	line2: autoDraw = True
513.7321 	EXP 	line3: autoDraw = True
513.7321 	EXP 	line4: autoDraw = True
514.7310 	INFO 	Keyboard events cleared
514.7309 	EXP 	probe: autoDraw = True
515.0985 	EXP 	Device response: <KeyPress from None: t=515.0954064999969, value=v, duration=None>
515.0989 	EXP 	New trial (rep=10, index=24): <Trial 24 (24 in rep 10) data={'pos': np.int64(150), 'corr_resp': 'v', 'thisN': 24, 'thisTrialN': 24, 'thisRepN': 10}>
515.1052 	DATA 	Keypress: v
515.1119 	EXP 	fixation: autoDraw = False
515.1119 	EXP 	line1: autoDraw = False
515.1119 	EXP 	line2: autoDraw = False
515.1119 	EXP 	line3: autoDraw = False
515.1119 	EXP 	line4: autoDraw = False
515.1119 	EXP 	probe: autoDraw = False
515.1119 	EXP 	fixation: autoDraw = True
515.2092 	EXP 	Device response: <KeyPress from None: t=515.0954064999969, value=v, duration=0.11232179100625217>
516.0973 	EXP 	line1: autoDraw = True
516.0973 	EXP 	line2: autoDraw = True
516.0973 	EXP 	line3: autoDraw = True
516.0973 	EXP 	line4: autoDraw = True
516.1081 	EXP 	fixation: autoDraw = False
517.0987 	INFO 	Keyboard events cleared
517.0985 	EXP 	probe: autoDraw = True
517.7260 	EXP 	Device response: <KeyPress from None: t=517.7152924999973, value=v, duration=None>
517.7266 	EXP 	New trial (rep=11, index=25): <Trial 25 (25 in rep 11) data={'pos': np.int64(150), 'corr_resp': 'v', 'thisN': 25, 'thisTrialN': 25, 'thisRepN': 11}>
517.7324 	DATA 	Keypress: v
517.7366 	EXP 	fixation: autoDraw = False
517.7366 	EXP 	line1: autoDraw = False
517.7366 	EXP 	line2: autoDraw = False
517.7366 	EXP 	line3: autoDraw = False
517.7366 	EXP 	line4: autoDraw = False
517.7366 	EXP 	probe: autoDraw = False
517.7366 	EXP 	fixation: autoDraw = True
517.8596 	EXP 	Device response: <KeyPress from None: t=517.7152924999973, value=v, duration=0.14030395800364204>
518.7247 	EXP 	line1: autoDraw = True
518.7247 	EXP 	line2: autoDraw = True
518.7247 	EXP 	line3: autoDraw = True
518.7247 	EXP 	line4: autoDraw = True
518.7304 	EXP 	fixation: autoDraw = False
519.7248 	INFO 	Keyboard events cleared
519.7246 	EXP 	probe: autoDraw = True
520.1767 	EXP 	Device response: <KeyPress from None: t=520.1723232910008, value=v, duration=None>
520.1774 	EXP 	New trial (rep=3, index=26): <Trial 26 (26 in rep 3) data={'pos': np.int64(-50), 'corr_resp': 'x', 'thisN': 26, 'thisTrialN': 26, 'thisRepN': 3}>
520.1830 	DATA 	Keypress: v
520.1871 	EXP 	fixation: autoDraw = False
520.1871 	EXP 	line1: autoDraw = False
520.1871 	EXP 	line2: autoDraw = False
520.1871 	EXP 	line3: autoDraw = False
520.1871 	EXP 	line4: autoDraw = False
520.1871 	EXP 	probe: autoDraw = False
520.1871 	EXP 	fixation: autoDraw = True
520.2477 	EXP 	Device response: <KeyPress from None: t=520.1723232910008, value=v, duration=0.07234954200248467>
521.1746 	EXP 	line1: autoDraw = True
521.1746 	EXP 	line2: autoDraw = True
521.1746 	EXP 	line3: autoDraw = True
521.1746 	EXP 	line4: autoDraw = True
521.1806 	EXP 	fixation: autoDraw = False
522.1749 	INFO 	Keyboard events cleared
522.1747 	EXP 	probe: autoDraw = True
522.5978 	EXP 	Device response: <KeyPress from None: t=522.593253375002, value=x, duration=None>
522.5982 	EXP 	New trial (rep=4, index=27): <Trial 27 (27 in rep 4) data={'pos': np.int64(-50), 'corr_resp': 'x', 'thisN': 27, 'thisTrialN': 27, 'thisRepN': 4}>
522.6036 	DATA 	Keypress: x
522.6077 	EXP 	fixation: autoDraw = False
522.6077 	EXP 	line1: autoDraw = False
522.6077 	EXP 	line2: autoDraw = False
522.6077 	EXP 	line3: autoDraw = False
522.6077 	EXP 	line4: autoDraw = False
522.6077 	EXP 	probe: autoDraw = False
522.6077 	EXP 	fixation: autoDraw = True
522.7470 	EXP 	Device response: <KeyPress from None: t=512.7274932910004, value=x, duration=10.018087584001478>
523.5982 	EXP 	fixation: autoDraw = False
523.5982 	EXP 	line1: autoDraw = True
523.5982 	EXP 	line2: autoDraw = True
523.5982 	EXP 	line3: autoDraw = True
523.5982 	EXP 	line4: autoDraw = True
524.5980 	INFO 	Keyboard events cleared
524.5979 	EXP 	probe: autoDraw = True
525.1429 	EXP 	Device response: <KeyPress from None: t=525.1392319160004, value=x, duration=None>
525.1436 	EXP 	New trial (rep=3, index=28): <Trial 28 (28 in rep 3) data={'pos': np.int64(50), 'corr_resp': 'c', 'thisN': 28, 'thisTrialN': 28, 'thisRepN': 3}>
525.1498 	DATA 	Keypress: x
525.1540 	EXP 	fixation: autoDraw = False
525.1540 	EXP 	line1: autoDraw = False
525.1540 	EXP 	line2: autoDraw = False
525.1540 	EXP 	line3: autoDraw = False
525.1540 	EXP 	line4: autoDraw = False
525.1540 	EXP 	probe: autoDraw = False
525.1540 	EXP 	fixation: autoDraw = True
525.2967 	EXP 	Device response: <KeyPress from None: t=522.593253375002, value=x, duration=2.6982759579987032>
526.1415 	EXP 	line1: autoDraw = True
526.1415 	EXP 	line2: autoDraw = True
526.1415 	EXP 	line3: autoDraw = True
526.1415 	EXP 	line4: autoDraw = True
526.1475 	EXP 	fixation: autoDraw = False
527.1415 	INFO 	Keyboard events cleared
527.1413 	EXP 	probe: autoDraw = True
528.0260 	EXP 	Device response: <KeyPress from None: t=528.0150338750027, value=x, duration=None>
528.0266 	EXP 	New trial (rep=4, index=29): <Trial 29 (29 in rep 4) data={'pos': np.int64(50), 'corr_resp': 'c', 'thisN': 29, 'thisTrialN': 29, 'thisRepN': 4}>
528.0325 	DATA 	Keypress: x
528.0366 	EXP 	fixation: autoDraw = False
528.0366 	EXP 	line1: autoDraw = False
528.0366 	EXP 	line2: autoDraw = False
528.0366 	EXP 	line3: autoDraw = False
528.0366 	EXP 	line4: autoDraw = False
528.0366 	EXP 	probe: autoDraw = False
528.0366 	EXP 	fixation: autoDraw = True
528.1599 	EXP 	Device response: <KeyPress from None: t=525.1392319160004, value=x, duration=3.0122496249969117>
529.0248 	EXP 	line1: autoDraw = True
529.0248 	EXP 	line2: autoDraw = True
529.0248 	EXP 	line3: autoDraw = True
529.0248 	EXP 	line4: autoDraw = True
529.0300 	EXP 	fixation: autoDraw = False
530.0250 	INFO 	Keyboard events cleared
530.0248 	EXP 	probe: autoDraw = True
530.4095 	EXP 	Device response: <KeyPress from None: t=530.3991435409989, value=c, duration=None>
530.4100 	EXP 	New trial (rep=5, index=30): <Trial 30 (30 in rep 5) data={'pos': np.int64(50), 'corr_resp': 'c', 'thisN': 30, 'thisTrialN': 30, 'thisRepN': 5}>
530.4167 	DATA 	Keypress: c
530.4207 	EXP 	fixation: autoDraw = False
530.4207 	EXP 	line1: autoDraw = False
530.4207 	EXP 	line2: autoDraw = False
530.4207 	EXP 	line3: autoDraw = False
530.4207 	EXP 	line4: autoDraw = False
530.4207 	EXP 	probe: autoDraw = False
530.4207 	EXP 	fixation: autoDraw = True
530.5260 	EXP 	Device response: <KeyPress from None: t=530.3991435409989, value=c, duration=0.12440775000141002>
531.4080 	EXP 	line1: autoDraw = True
531.4080 	EXP 	line2: autoDraw = True
531.4080 	EXP 	line3: autoDraw = True
531.4080 	EXP 	line4: autoDraw = True
531.4145 	EXP 	fixation: autoDraw = False
532.4080 	INFO 	Keyboard events cleared
532.4079 	EXP 	probe: autoDraw = True
532.7258 	EXP 	Device response: <KeyPress from None: t=532.720138040997, value=c, duration=None>
532.7263 	EXP 	New trial (rep=12, index=31): <Trial 31 (31 in rep 12) data={'pos': np.int64(150), 'corr_resp': 'v', 'thisN': 31, 'thisTrialN': 31, 'thisRepN': 12}>
532.7320 	DATA 	Keypress: c
532.7361 	EXP 	fixation: autoDraw = False
532.7361 	EXP 	line1: autoDraw = False
532.7361 	EXP 	line2: autoDraw = False
532.7361 	EXP 	line3: autoDraw = False
532.7361 	EXP 	line4: autoDraw = False
532.7361 	EXP 	probe: autoDraw = False
532.7361 	EXP 	fixation: autoDraw = True
532.8597 	EXP 	Device response: <KeyPress from None: t=532.720138040997, value=c, duration=0.13227979200019035>
533.7246 	EXP 	line1: autoDraw = True
533.7246 	EXP 	line2: autoDraw = True
533.7246 	EXP 	line3: autoDraw = True
533.7246 	EXP 	line4: autoDraw = True
533.7303 	EXP 	fixation: autoDraw = False
534.7249 	INFO 	Keyboard events cleared
534.7247 	EXP 	probe: autoDraw = True
535.0425 	EXP 	Device response: <KeyPress from None: t=535.0330470409972, value=v, duration=None>
535.0430 	EXP 	New trial (rep=8, index=32): <Trial 32 (32 in rep 8) data={'pos': np.int64(-150), 'corr_resp': 'z', 'thisN': 32, 'thisTrialN': 32, 'thisRepN': 8}>
535.0484 	DATA 	Keypress: v
535.0527 	EXP 	fixation: autoDraw = False
535.0527 	EXP 	line1: autoDraw = False
535.0527 	EXP 	line2: autoDraw = False
535.0527 	EXP 	line3: autoDraw = False
535.0527 	EXP 	line4: autoDraw = False
535.0527 	EXP 	probe: autoDraw = False
535.0527 	EXP 	fixation: autoDraw = True
535.1431 	EXP 	Device response: <KeyPress from None: t=535.0330470409972, value=v, duration=0.10829033400659682>
536.0413 	EXP 	line1: autoDraw = True
536.0413 	EXP 	line2: autoDraw = True
536.0413 	EXP 	line3: autoDraw = True
536.0413 	EXP 	line4: autoDraw = True
536.0469 	EXP 	fixation: autoDraw = False
537.0413 	INFO 	Keyboard events cleared
537.0411 	EXP 	probe: autoDraw = True
537.4926 	EXP 	Device response: <KeyPress from None: t=537.4847719579993, value=z, duration=None>
537.4930 	EXP 	New trial (rep=5, index=33): <Trial 33 (33 in rep 5) data={'pos': np.int64(-50), 'corr_resp': 'x', 'thisN': 33, 'thisTrialN': 33, 'thisRepN': 5}>
537.4984 	DATA 	Keypress: z
537.5025 	EXP 	fixation: autoDraw = False
537.5025 	EXP 	line1: autoDraw = False
537.5025 	EXP 	line2: autoDraw = False
537.5025 	EXP 	line3: autoDraw = False
537.5025 	EXP 	line4: autoDraw = False
537.5025 	EXP 	probe: autoDraw = False
537.5025 	EXP 	fixation: autoDraw = True
537.6600 	EXP 	Device response: <KeyPress from None: t=537.4847719579993, value=z, duration=0.17138291700393893>
538.4911 	EXP 	line1: autoDraw = True
538.4911 	EXP 	line2: autoDraw = True
538.4911 	EXP 	line3: autoDraw = True
538.4911 	EXP 	line4: autoDraw = True
538.4965 	EXP 	fixation: autoDraw = False
539.4914 	INFO 	Keyboard events cleared
539.4912 	EXP 	probe: autoDraw = True
539.9145 	EXP 	Device response: <KeyPress from None: t=539.9119818749969, value=x, duration=None>
539.9149 	EXP 	New trial (rep=6, index=34): <Trial 34 (34 in rep 6) data={'pos': np.int64(-50), 'corr_resp': 'x', 'thisN': 34, 'thisTrialN': 34, 'thisRepN': 6}>
539.9202 	DATA 	Keypress: x
539.9244 	EXP 	fixation: autoDraw = False
539.9244 	EXP 	line1: autoDraw = False
539.9244 	EXP 	line2: autoDraw = False
539.9244 	EXP 	line3: autoDraw = False
539.9244 	EXP 	line4: autoDraw = False
539.9244 	EXP 	probe: autoDraw = False
539.9244 	EXP 	fixation: autoDraw = True
540.0798 	EXP 	Device response: <KeyPress from None: t=528.0150338750027, value=x, duration=12.061036999999487>
540.9136 	EXP 	fixation: autoDraw = False
540.9136 	EXP 	line1: autoDraw = True
540.9136 	EXP 	line2: autoDraw = True
540.9136 	EXP 	line3: autoDraw = True
540.9136 	EXP 	line4: autoDraw = True
541.9152 	INFO 	Keyboard events cleared
541.9151 	EXP 	probe: autoDraw = True
542.4758 	EXP 	Device response: <KeyPress from None: t=542.473860500002, value=x, duration=None>
542.4763 	EXP 	New trial (rep=6, index=35): <Trial 35 (35 in rep 6) data={'pos': np.int64(50), 'corr_resp': 'c', 'thisN': 35, 'thisTrialN': 35, 'thisRepN': 6}>
542.4822 	DATA 	Keypress: x
542.4864 	EXP 	fixation: autoDraw = False
542.4864 	EXP 	line1: autoDraw = False
542.4864 	EXP 	line2: autoDraw = False
542.4864 	EXP 	line3: autoDraw = False
542.4864 	EXP 	line4: autoDraw = False
542.4864 	EXP 	probe: autoDraw = False
542.4864 	EXP 	fixation: autoDraw = True
542.6260 	EXP 	Device response: <KeyPress from None: t=539.9119818749969, value=x, duration=2.7100981250041514>
543.4744 	EXP 	line1: autoDraw = True
543.4744 	EXP 	line2: autoDraw = True
543.4744 	EXP 	line3: autoDraw = True
543.4744 	EXP 	line4: autoDraw = True
543.4802 	EXP 	fixation: autoDraw = False
544.4746 	INFO 	Keyboard events cleared
544.4745 	EXP 	probe: autoDraw = True
544.9425 	EXP 	Device response: <KeyPress from None: t=544.9307431659981, value=c, duration=None>
544.9431 	EXP 	New trial (rep=13, index=36): <Trial 36 (36 in rep 13) data={'pos': np.int64(150), 'corr_resp': 'v', 'thisN': 36, 'thisTrialN': 36, 'thisRepN': 13}>
544.9488 	DATA 	Keypress: c
544.9529 	EXP 	fixation: autoDraw = False
544.9529 	EXP 	line1: autoDraw = False
544.9529 	EXP 	line2: autoDraw = False
544.9529 	EXP 	line3: autoDraw = False
544.9529 	EXP 	line4: autoDraw = False
544.9529 	EXP 	probe: autoDraw = False
544.9529 	EXP 	fixation: autoDraw = True
545.0790 	EXP 	Device response: <KeyPress from None: t=544.9307431659981, value=c, duration=0.14427487500506686>
545.9411 	EXP 	line1: autoDraw = True
545.9411 	EXP 	line2: autoDraw = True
545.9411 	EXP 	line3: autoDraw = True
545.9411 	EXP 	line4: autoDraw = True
545.9460 	EXP 	fixation: autoDraw = False
546.9413 	INFO 	Keyboard events cleared
546.9412 	EXP 	probe: autoDraw = True
547.5969 	EXP 	Device response: <KeyPress from None: t=547.5926546249975, value=v, duration=None>
547.5973 	EXP 	New trial (rep=7, index=37): <Trial 37 (37 in rep 7) data={'pos': np.int64(50), 'corr_resp': 'c', 'thisN': 37, 'thisTrialN': 37, 'thisRepN': 7}>
547.6025 	DATA 	Keypress: v
547.6069 	EXP 	fixation: autoDraw = False
547.6069 	EXP 	line1: autoDraw = False
547.6069 	EXP 	line2: autoDraw = False
547.6069 	EXP 	line3: autoDraw = False
547.6069 	EXP 	line4: autoDraw = False
547.6069 	EXP 	probe: autoDraw = False
547.6069 	EXP 	fixation: autoDraw = True
547.7092 	EXP 	Device response: <KeyPress from None: t=547.5926546249975, value=v, duration=0.10427179100224748>
548.5979 	EXP 	fixation: autoDraw = False
548.5979 	EXP 	line1: autoDraw = True
548.5979 	EXP 	line2: autoDraw = True
548.5979 	EXP 	line3: autoDraw = True
548.5979 	EXP 	line4: autoDraw = True
549.5913 	INFO 	Keyboard events cleared
549.5911 	EXP 	probe: autoDraw = True
549.9636 	EXP 	Device response: <KeyPress from None: t=549.9616052080019, value=c, duration=None>
549.9640 	EXP 	New trial (rep=9, index=38): <Trial 38 (38 in rep 9) data={'pos': np.int64(-150), 'corr_resp': 'z', 'thisN': 38, 'thisTrialN': 38, 'thisRepN': 9}>
549.9693 	DATA 	Keypress: c
549.9736 	EXP 	fixation: autoDraw = False
549.9736 	EXP 	line1: autoDraw = False
549.9736 	EXP 	line2: autoDraw = False
549.9736 	EXP 	line3: autoDraw = False
549.9736 	EXP 	line4: autoDraw = False
549.9736 	EXP 	probe: autoDraw = False
549.9736 	EXP 	fixation: autoDraw = True
550.1298 	EXP 	Device response: <KeyPress from None: t=549.9616052080019, value=c, duration=0.16423008299898356>
550.9630 	EXP 	fixation: autoDraw = False
550.9630 	EXP 	line1: autoDraw = True
550.9630 	EXP 	line2: autoDraw = True
550.9630 	EXP 	line3: autoDraw = True
550.9630 	EXP 	line4: autoDraw = True
551.9579 	INFO 	Keyboard events cleared
551.9577 	EXP 	probe: autoDraw = True
552.3427 	EXP 	Device response: <KeyPress from None: t=552.3315420409999, value=z, duration=None>
552.3433 	EXP 	New trial (rep=10, index=39): <Trial 39 (39 in rep 10) data={'pos': np.int64(-150), 'corr_resp': 'z', 'thisN': 39, 'thisTrialN': 39, 'thisRepN': 10}>
552.3491 	DATA 	Keypress: z
552.3535 	EXP 	fixation: autoDraw = False
552.3535 	EXP 	line1: autoDraw = False
552.3535 	EXP 	line2: autoDraw = False
552.3535 	EXP 	line3: autoDraw = False
552.3535 	EXP 	line4: autoDraw = False
552.3535 	EXP 	probe: autoDraw = False
552.3535 	EXP 	fixation: autoDraw = True
552.5090 	EXP 	Device response: <KeyPress from None: t=552.3315420409999, value=z, duration=0.16838000000279862>
553.3412 	EXP 	line1: autoDraw = True
553.3412 	EXP 	line2: autoDraw = True
553.3412 	EXP 	line3: autoDraw = True
553.3412 	EXP 	line4: autoDraw = True
553.3473 	EXP 	fixation: autoDraw = False
554.3412 	INFO 	Keyboard events cleared
554.3411 	EXP 	probe: autoDraw = True
554.6757 	EXP 	Device response: <KeyPress from None: t=554.6674433750013, value=x, duration=None>
554.6762 	EXP 	New trial (rep=14, index=40): <Trial 40 (40 in rep 14) data={'pos': np.int64(150), 'corr_resp': 'v', 'thisN': 40, 'thisTrialN': 40, 'thisRepN': 14}>
554.6821 	DATA 	Keypress: x
554.6864 	EXP 	fixation: autoDraw = False
554.6864 	EXP 	line1: autoDraw = False
554.6864 	EXP 	line2: autoDraw = False
554.6864 	EXP 	line3: autoDraw = False
554.6864 	EXP 	line4: autoDraw = False
554.6864 	EXP 	probe: autoDraw = False
554.6864 	EXP 	fixation: autoDraw = True
554.7758 	EXP 	Device response: <KeyPress from None: t=542.473860500002, value=x, duration=12.293968665995635>
554.8764 	EXP 	Device response: <KeyPress from None: t=554.8714258749969, value=z, duration=None>
554.8850 	DATA 	Keypress: z
554.9974 	EXP 	Device response: <KeyPress from None: t=554.8714258749969, value=z, duration=0.12434541600669036>
555.6744 	EXP 	line1: autoDraw = True
555.6744 	EXP 	line2: autoDraw = True
555.6744 	EXP 	line3: autoDraw = True
555.6744 	EXP 	line4: autoDraw = True
555.6803 	EXP 	fixation: autoDraw = False
556.6747 	INFO 	Keyboard events cleared
556.6745 	EXP 	probe: autoDraw = True
556.9928 	EXP 	Device response: <KeyPress from None: t=556.9854993330009, value=v, duration=None>
556.9933 	EXP 	New trial (rep=11, index=41): <Trial 41 (41 in rep 11) data={'pos': np.int64(-150), 'corr_resp': 'z', 'thisN': 41, 'thisTrialN': 41, 'thisRepN': 11}>
556.9993 	DATA 	Keypress: v
557.0036 	EXP 	fixation: autoDraw = False
557.0036 	EXP 	line1: autoDraw = False
557.0036 	EXP 	line2: autoDraw = False
557.0036 	EXP 	line3: autoDraw = False
557.0036 	EXP 	line4: autoDraw = False
557.0036 	EXP 	probe: autoDraw = False
557.0036 	EXP 	fixation: autoDraw = True
557.1259 	EXP 	Device response: <KeyPress from None: t=556.9854993330009, value=v, duration=0.12826716699782992>
557.9914 	EXP 	line1: autoDraw = True
557.9914 	EXP 	line2: autoDraw = True
557.9914 	EXP 	line3: autoDraw = True
557.9914 	EXP 	line4: autoDraw = True
557.9971 	EXP 	fixation: autoDraw = False
558.9914 	INFO 	Keyboard events cleared
558.9912 	EXP 	probe: autoDraw = True
559.6755 	EXP 	Device response: <KeyPress from None: t=559.6703596250009, value=z, duration=None>
559.6760 	EXP 	New trial (rep=8, index=42): <Trial 42 (42 in rep 8) data={'pos': np.int64(50), 'corr_resp': 'c', 'thisN': 42, 'thisTrialN': 42, 'thisRepN': 8}>
559.6819 	DATA 	Keypress: z
559.6860 	EXP 	fixation: autoDraw = False
559.6860 	EXP 	line1: autoDraw = False
559.6860 	EXP 	line2: autoDraw = False
559.6860 	EXP 	line3: autoDraw = False
559.6860 	EXP 	line4: autoDraw = False
559.6860 	EXP 	probe: autoDraw = False
559.6860 	EXP 	fixation: autoDraw = True
559.8763 	EXP 	Device response: <KeyPress from None: t=559.6703596250009, value=z, duration=0.20036433300265344>
560.6744 	EXP 	line1: autoDraw = True
560.6744 	EXP 	line2: autoDraw = True
560.6744 	EXP 	line3: autoDraw = True
560.6744 	EXP 	line4: autoDraw = True
560.6804 	EXP 	fixation: autoDraw = False
561.6747 	INFO 	Keyboard events cleared
561.6745 	EXP 	probe: autoDraw = True
562.0425 	EXP 	Device response: <KeyPress from None: t=562.0312979160008, value=c, duration=None>
562.0431 	EXP 	New trial (rep=9, index=43): <Trial 43 (43 in rep 9) data={'pos': np.int64(50), 'corr_resp': 'c', 'thisN': 43, 'thisTrialN': 43, 'thisRepN': 9}>
562.0490 	DATA 	Keypress: c
562.0532 	EXP 	fixation: autoDraw = False
562.0532 	EXP 	line1: autoDraw = False
562.0532 	EXP 	line2: autoDraw = False
562.0532 	EXP 	line3: autoDraw = False
562.0532 	EXP 	line4: autoDraw = False
562.0532 	EXP 	probe: autoDraw = False
562.0532 	EXP 	fixation: autoDraw = True
562.1755 	EXP 	Device response: <KeyPress from None: t=562.0312979160008, value=c, duration=0.1322452090025763>
563.0411 	EXP 	line1: autoDraw = True
563.0411 	EXP 	line2: autoDraw = True
563.0411 	EXP 	line3: autoDraw = True
563.0411 	EXP 	line4: autoDraw = True
563.0475 	EXP 	fixation: autoDraw = False
564.0410 	INFO 	Keyboard events cleared
564.0409 	EXP 	probe: autoDraw = True
564.5097 	EXP 	Device response: <KeyPress from None: t=564.5013562079985, value=c, duration=None>
564.5103 	EXP 	New trial (rep=10, index=44): <Trial 44 (44 in rep 10) data={'pos': np.int64(50), 'corr_resp': 'c', 'thisN': 44, 'thisTrialN': 44, 'thisRepN': 10}>
564.5159 	DATA 	Keypress: c
564.5200 	EXP 	fixation: autoDraw = False
564.5200 	EXP 	line1: autoDraw = False
564.5200 	EXP 	line2: autoDraw = False
564.5200 	EXP 	line3: autoDraw = False
564.5200 	EXP 	line4: autoDraw = False
564.5200 	EXP 	probe: autoDraw = False
564.5200 	EXP 	fixation: autoDraw = True
564.6757 	EXP 	Device response: <KeyPress from None: t=564.5013562079985, value=c, duration=0.16412558300362434>
565.5077 	EXP 	line1: autoDraw = True
565.5077 	EXP 	line2: autoDraw = True
565.5077 	EXP 	line3: autoDraw = True
565.5077 	EXP 	line4: autoDraw = True
565.5128 	EXP 	fixation: autoDraw = False
566.5080 	INFO 	Keyboard events cleared
566.5078 	EXP 	probe: autoDraw = True
566.8475 	EXP 	Device response: <KeyPress from None: t=566.8453256659996, value=c, duration=None>
566.8479 	EXP 	New trial (rep=12, index=45): <Trial 45 (45 in rep 12) data={'pos': np.int64(-150), 'corr_resp': 'z', 'thisN': 45, 'thisTrialN': 45, 'thisRepN': 12}>
566.8532 	DATA 	Keypress: c
566.8575 	EXP 	fixation: autoDraw = False
566.8575 	EXP 	line1: autoDraw = False
566.8575 	EXP 	line2: autoDraw = False
566.8575 	EXP 	line3: autoDraw = False
566.8575 	EXP 	line4: autoDraw = False
566.8575 	EXP 	probe: autoDraw = False
566.8575 	EXP 	fixation: autoDraw = True
567.0425 	EXP 	Device response: <KeyPress from None: t=566.8453256659996, value=c, duration=0.18829458400432486>
567.8474 	EXP 	fixation: autoDraw = False
567.8474 	EXP 	line1: autoDraw = True
567.8474 	EXP 	line2: autoDraw = True
567.8474 	EXP 	line3: autoDraw = True
567.8474 	EXP 	line4: autoDraw = True
568.8478 	INFO 	Keyboard events cleared
568.8476 	EXP 	probe: autoDraw = True
569.2977 	EXP 	Device response: <KeyPress from None: t=569.2954979580027, value=z, duration=None>
569.2981 	EXP 	New trial (rep=13, index=46): <Trial 46 (46 in rep 13) data={'pos': np.int64(-150), 'corr_resp': 'z', 'thisN': 46, 'thisTrialN': 46, 'thisRepN': 13}>
569.3036 	DATA 	Keypress: z
569.3247 	EXP 	fixation: autoDraw = False
569.3247 	EXP 	line1: autoDraw = False
569.3247 	EXP 	line2: autoDraw = False
569.3247 	EXP 	line3: autoDraw = False
569.3247 	EXP 	line4: autoDraw = False
569.3247 	EXP 	probe: autoDraw = False
569.3247 	EXP 	fixation: autoDraw = True
569.4930 	EXP 	Device response: <KeyPress from None: t=569.2954979580027, value=z, duration=0.18801283299399074>
570.2985 	EXP 	line1: autoDraw = True
570.2985 	EXP 	line2: autoDraw = True
570.2985 	EXP 	line3: autoDraw = True
570.2985 	EXP 	line4: autoDraw = True
570.3121 	EXP 	fixation: autoDraw = False
571.2986 	INFO 	Keyboard events cleared
571.2985 	EXP 	probe: autoDraw = True
571.7588 	EXP 	Device response: <KeyPress from None: t=571.7571324160017, value=z, duration=None>
571.7593 	EXP 	New trial (rep=15, index=47): <Trial 47 (47 in rep 15) data={'pos': np.int64(150), 'corr_resp': 'v', 'thisN': 47, 'thisTrialN': 47, 'thisRepN': 15}>
571.7652 	DATA 	Keypress: z
571.7694 	EXP 	fixation: autoDraw = False
571.7694 	EXP 	line1: autoDraw = False
571.7694 	EXP 	line2: autoDraw = False
571.7694 	EXP 	line3: autoDraw = False
571.7694 	EXP 	line4: autoDraw = False
571.7694 	EXP 	probe: autoDraw = False
571.7694 	EXP 	fixation: autoDraw = True
571.9754 	EXP 	Device response: <KeyPress from None: t=571.7571324160017, value=z, duration=0.20834158399520675>
572.7576 	EXP 	line1: autoDraw = True
572.7576 	EXP 	line2: autoDraw = True
572.7576 	EXP 	line3: autoDraw = True
572.7576 	EXP 	line4: autoDraw = True
572.7617 	EXP 	fixation: autoDraw = False
573.7576 	INFO 	Keyboard events cleared
573.7575 	EXP 	probe: autoDraw = True
574.1923 	EXP 	Device response: <KeyPress from None: t=574.1820419159994, value=v, duration=None>
574.1929 	EXP 	New trial (rep=11, index=48): <Trial 48 (48 in rep 11) data={'pos': np.int64(50), 'corr_resp': 'c', 'thisN': 48, 'thisTrialN': 48, 'thisRepN': 11}>
574.1987 	DATA 	Keypress: v
574.2029 	EXP 	fixation: autoDraw = False
574.2029 	EXP 	line1: autoDraw = False
574.2029 	EXP 	line2: autoDraw = False
574.2029 	EXP 	line3: autoDraw = False
574.2029 	EXP 	line4: autoDraw = False
574.2029 	EXP 	probe: autoDraw = False
574.2029 	EXP 	fixation: autoDraw = True
574.3290 	EXP 	Device response: <KeyPress from None: t=574.1820419159994, value=v, duration=0.14429450000170618>
575.1909 	EXP 	line1: autoDraw = True
575.1909 	EXP 	line2: autoDraw = True
575.1909 	EXP 	line3: autoDraw = True
575.1909 	EXP 	line4: autoDraw = True
575.1958 	EXP 	fixation: autoDraw = False
576.1912 	INFO 	Keyboard events cleared
576.1911 	EXP 	probe: autoDraw = True
576.4923 	EXP 	Device response: <KeyPress from None: t=576.4820495410022, value=c, duration=None>
576.4929 	EXP 	New trial (rep=14, index=49): <Trial 49 (49 in rep 14) data={'pos': np.int64(-150), 'corr_resp': 'z', 'thisN': 49, 'thisTrialN': 49, 'thisRepN': 14}>
576.4990 	DATA 	Keypress: c
576.5032 	EXP 	fixation: autoDraw = False
576.5032 	EXP 	line1: autoDraw = False
576.5032 	EXP 	line2: autoDraw = False
576.5032 	EXP 	line3: autoDraw = False
576.5032 	EXP 	line4: autoDraw = False
576.5032 	EXP 	probe: autoDraw = False
576.5032 	EXP 	fixation: autoDraw = True
576.6256 	EXP 	Device response: <KeyPress from None: t=576.4820495410022, value=c, duration=0.1402403339961893>
577.4911 	EXP 	line1: autoDraw = True
577.4911 	EXP 	line2: autoDraw = True
577.4911 	EXP 	line3: autoDraw = True
577.4911 	EXP 	line4: autoDraw = True
577.4968 	EXP 	fixation: autoDraw = False
578.4912 	INFO 	Keyboard events cleared
578.4910 	EXP 	probe: autoDraw = True
579.2753 	EXP 	Device response: <KeyPress from None: t=579.2729955410032, value=z, duration=None>
579.2757 	EXP 	New trial (rep=16, index=50): <Trial 50 (50 in rep 16) data={'pos': np.int64(150), 'corr_resp': 'v', 'thisN': 50, 'thisTrialN': 50, 'thisRepN': 16}>
579.2815 	DATA 	Keypress: z
579.2856 	EXP 	fixation: autoDraw = False
579.2856 	EXP 	line1: autoDraw = False
579.2856 	EXP 	line2: autoDraw = False
579.2856 	EXP 	line3: autoDraw = False
579.2856 	EXP 	line4: autoDraw = False
579.2856 	EXP 	probe: autoDraw = False
579.2856 	EXP 	fixation: autoDraw = True
579.4761 	EXP 	Device response: <KeyPress from None: t=579.2729955410032, value=z, duration=0.19227595899428707>
580.2743 	EXP 	line1: autoDraw = True
580.2743 	EXP 	line2: autoDraw = True
580.2743 	EXP 	line3: autoDraw = True
580.2743 	EXP 	line4: autoDraw = True
580.2803 	EXP 	fixation: autoDraw = False
581.2743 	INFO 	Keyboard events cleared
581.2742 	EXP 	probe: autoDraw = True
581.6255 	EXP 	Device response: <KeyPress from None: t=581.6168793750039, value=v, duration=None>
581.6259 	EXP 	New trial (rep=7, index=51): <Trial 51 (51 in rep 7) data={'pos': np.int64(-50), 'corr_resp': 'x', 'thisN': 51, 'thisTrialN': 51, 'thisRepN': 7}>
581.6316 	DATA 	Keypress: v
581.6358 	EXP 	fixation: autoDraw = False
581.6358 	EXP 	line1: autoDraw = False
581.6358 	EXP 	line2: autoDraw = False
581.6358 	EXP 	line3: autoDraw = False
581.6358 	EXP 	line4: autoDraw = False
581.6358 	EXP 	probe: autoDraw = False
581.6358 	EXP 	fixation: autoDraw = True
581.7464 	EXP 	Device response: <KeyPress from None: t=581.6168793750039, value=v, duration=0.12831812499644002>
582.6242 	EXP 	line1: autoDraw = True
582.6242 	EXP 	line2: autoDraw = True
582.6242 	EXP 	line3: autoDraw = True
582.6242 	EXP 	line4: autoDraw = True
582.6293 	EXP 	fixation: autoDraw = False
583.6243 	INFO 	Keyboard events cleared
583.6241 	EXP 	probe: autoDraw = True
584.1424 	EXP 	Device response: <KeyPress from None: t=584.1308307500003, value=x, duration=None>
584.1430 	EXP 	New trial (rep=12, index=52): <Trial 52 (52 in rep 12) data={'pos': np.int64(50), 'corr_resp': 'c', 'thisN': 52, 'thisTrialN': 52, 'thisRepN': 12}>
584.1484 	DATA 	Keypress: x
584.1525 	EXP 	fixation: autoDraw = False
584.1525 	EXP 	line1: autoDraw = False
584.1525 	EXP 	line2: autoDraw = False
584.1525 	EXP 	line3: autoDraw = False
584.1525 	EXP 	line4: autoDraw = False
584.1525 	EXP 	probe: autoDraw = False
584.1525 	EXP 	fixation: autoDraw = True
584.2594 	EXP 	Device response: <KeyPress from None: t=554.6674433750013, value=x, duration=29.58766900000046>
585.1407 	EXP 	line1: autoDraw = True
585.1407 	EXP 	line2: autoDraw = True
585.1407 	EXP 	line3: autoDraw = True
585.1407 	EXP 	line4: autoDraw = True
585.1454 	EXP 	fixation: autoDraw = False
586.1410 	INFO 	Keyboard events cleared
586.1408 	EXP 	probe: autoDraw = True
586.5421 	EXP 	Device response: <KeyPress from None: t=586.5307417500007, value=c, duration=None>
586.5427 	EXP 	New trial (rep=8, index=53): <Trial 53 (53 in rep 8) data={'pos': np.int64(-50), 'corr_resp': 'x', 'thisN': 53, 'thisTrialN': 53, 'thisRepN': 8}>
586.5487 	DATA 	Keypress: c
586.5528 	EXP 	fixation: autoDraw = False
586.5528 	EXP 	line1: autoDraw = False
586.5528 	EXP 	line2: autoDraw = False
586.5528 	EXP 	line3: autoDraw = False
586.5528 	EXP 	line4: autoDraw = False
586.5528 	EXP 	probe: autoDraw = False
586.5528 	EXP 	fixation: autoDraw = True
586.6967 	EXP 	Device response: <KeyPress from None: t=586.5307417500007, value=c, duration=0.16048379099811427>
587.5407 	EXP 	line1: autoDraw = True
587.5407 	EXP 	line2: autoDraw = True
587.5407 	EXP 	line3: autoDraw = True
587.5407 	EXP 	line4: autoDraw = True
587.5463 	EXP 	fixation: autoDraw = False
588.5408 	INFO 	Keyboard events cleared
588.5406 	EXP 	probe: autoDraw = True
589.0473 	EXP 	Device response: <KeyPress from None: t=589.0417402500025, value=x, duration=None>
589.0477 	EXP 	New trial (rep=17, index=54): <Trial 54 (54 in rep 17) data={'pos': np.int64(150), 'corr_resp': 'v', 'thisN': 54, 'thisTrialN': 54, 'thisRepN': 17}>
589.0530 	DATA 	Keypress: x
589.0573 	EXP 	fixation: autoDraw = False
589.0573 	EXP 	line1: autoDraw = False
589.0573 	EXP 	line2: autoDraw = False
589.0573 	EXP 	line3: autoDraw = False
589.0573 	EXP 	line4: autoDraw = False
589.0573 	EXP 	probe: autoDraw = False
589.0573 	EXP 	fixation: autoDraw = True
589.2093 	EXP 	Device response: <KeyPress from None: t=584.1308307500003, value=x, duration=5.075596707996738>
590.0467 	EXP 	fixation: autoDraw = False
590.0467 	EXP 	line1: autoDraw = True
590.0467 	EXP 	line2: autoDraw = True
590.0467 	EXP 	line3: autoDraw = True
590.0467 	EXP 	line4: autoDraw = True
591.0474 	INFO 	Keyboard events cleared
591.0472 	EXP 	probe: autoDraw = True
591.6928 	EXP 	Device response: <KeyPress from None: t=591.6837607499983, value=v, duration=None>
591.6935 	EXP 	New trial (rep=9, index=55): <Trial 55 (55 in rep 9) data={'pos': np.int64(-50), 'corr_resp': 'x', 'thisN': 55, 'thisTrialN': 55, 'thisRepN': 9}>
591.6995 	DATA 	Keypress: v
591.7037 	EXP 	fixation: autoDraw = False
591.7037 	EXP 	line1: autoDraw = False
591.7037 	EXP 	line2: autoDraw = False
591.7037 	EXP 	line3: autoDraw = False
591.7037 	EXP 	line4: autoDraw = False
591.7037 	EXP 	probe: autoDraw = False
591.7037 	EXP 	fixation: autoDraw = True
591.8420 	EXP 	Device response: <KeyPress from None: t=591.6837607499983, value=v, duration=0.1482330409999122>
592.6908 	EXP 	line1: autoDraw = True
592.6908 	EXP 	line2: autoDraw = True
592.6908 	EXP 	line3: autoDraw = True
592.6908 	EXP 	line4: autoDraw = True
592.6968 	EXP 	fixation: autoDraw = False
593.6911 	INFO 	Keyboard events cleared
593.6909 	EXP 	probe: autoDraw = True
594.1631 	EXP 	Device response: <KeyPress from None: t=594.1616438749988, value=x, duration=None>
594.1636 	EXP 	New trial (rep=10, index=56): <Trial 56 (56 in rep 10) data={'pos': np.int64(-50), 'corr_resp': 'x', 'thisN': 56, 'thisTrialN': 56, 'thisRepN': 10}>
594.1690 	DATA 	Keypress: x
594.1733 	EXP 	fixation: autoDraw = False
594.1733 	EXP 	line1: autoDraw = False
594.1733 	EXP 	line2: autoDraw = False
594.1733 	EXP 	line3: autoDraw = False
594.1733 	EXP 	line4: autoDraw = False
594.1733 	EXP 	probe: autoDraw = False
594.1733 	EXP 	fixation: autoDraw = True
594.3422 	EXP 	Device response: <KeyPress from None: t=589.0417402500025, value=x, duration=5.296295790998556>
595.1635 	EXP 	fixation: autoDraw = False
595.1635 	EXP 	line1: autoDraw = True
595.1635 	EXP 	line2: autoDraw = True
595.1635 	EXP 	line3: autoDraw = True
595.1635 	EXP 	line4: autoDraw = True
596.1576 	INFO 	Keyboard events cleared
596.1574 	EXP 	probe: autoDraw = True
596.5808 	EXP 	Device response: <KeyPress from None: t=596.5785784160034, value=x, duration=None>
596.5812 	EXP 	New trial (rep=13, index=57): <Trial 57 (57 in rep 13) data={'pos': np.int64(50), 'corr_resp': 'c', 'thisN': 57, 'thisTrialN': 57, 'thisRepN': 13}>
596.5873 	DATA 	Keypress: x
596.5942 	EXP 	fixation: autoDraw = False
596.5942 	EXP 	line1: autoDraw = False
596.5942 	EXP 	line2: autoDraw = False
596.5942 	EXP 	line3: autoDraw = False
596.5942 	EXP 	line4: autoDraw = False
596.5942 	EXP 	probe: autoDraw = False
596.5942 	EXP 	fixation: autoDraw = True
596.7586 	EXP 	Device response: <KeyPress from None: t=594.1616438749988, value=x, duration=2.5851272080035415>
597.5802 	EXP 	line1: autoDraw = True
597.5802 	EXP 	line2: autoDraw = True
597.5802 	EXP 	line3: autoDraw = True
597.5802 	EXP 	line4: autoDraw = True
597.5908 	EXP 	fixation: autoDraw = False
598.5811 	INFO 	Keyboard events cleared
598.5809 	EXP 	probe: autoDraw = True
598.9964 	EXP 	Device response: <KeyPress from None: t=598.9935663330034, value=c, duration=None>
598.9969 	EXP 	New trial (rep=14, index=58): <Trial 58 (58 in rep 14) data={'pos': np.int64(50), 'corr_resp': 'c', 'thisN': 58, 'thisTrialN': 58, 'thisRepN': 14}>
599.0022 	DATA 	Keypress: c
599.0065 	EXP 	fixation: autoDraw = False
599.0065 	EXP 	line1: autoDraw = False
599.0065 	EXP 	line2: autoDraw = False
599.0065 	EXP 	line3: autoDraw = False
599.0065 	EXP 	line4: autoDraw = False
599.0065 	EXP 	probe: autoDraw = False
599.0065 	EXP 	fixation: autoDraw = True
599.1422 	EXP 	Device response: <KeyPress from None: t=598.9935663330034, value=c, duration=0.14434774999972433>
599.9908 	EXP 	line1: autoDraw = True
599.9908 	EXP 	line2: autoDraw = True
599.9908 	EXP 	line3: autoDraw = True
599.9908 	EXP 	line4: autoDraw = True
599.9959 	EXP 	fixation: autoDraw = False
600.9908 	INFO 	Keyboard events cleared
600.9907 	EXP 	probe: autoDraw = True
601.5142 	EXP 	Device response: <KeyPress from None: t=601.512387540999, value=c, duration=None>
601.5147 	EXP 	New trial (rep=18, index=59): <Trial 59 (59 in rep 18) data={'pos': np.int64(150), 'corr_resp': 'v', 'thisN': 59, 'thisTrialN': 59, 'thisRepN': 18}>
601.5201 	DATA 	Keypress: c
601.5411 	EXP 	fixation: autoDraw = False
601.5411 	EXP 	line1: autoDraw = False
601.5411 	EXP 	line2: autoDraw = False
601.5411 	EXP 	line3: autoDraw = False
601.5411 	EXP 	line4: autoDraw = False
601.5411 	EXP 	probe: autoDraw = False
601.5411 	EXP 	fixation: autoDraw = True
601.6416 	EXP 	Device response: <KeyPress from None: t=601.512387540999, value=c, duration=0.11631512500025565>
602.5134 	EXP 	line1: autoDraw = True
602.5134 	EXP 	line2: autoDraw = True
602.5134 	EXP 	line3: autoDraw = True
602.5134 	EXP 	line4: autoDraw = True
602.5299 	EXP 	fixation: autoDraw = False
603.5145 	INFO 	Keyboard events cleared
603.5144 	EXP 	probe: autoDraw = True
604.1306 	EXP 	Device response: <KeyPress from None: t=604.1294017909968, value=v, duration=None>
604.1310 	EXP 	New trial (rep=15, index=60): <Trial 60 (60 in rep 15) data={'pos': np.int64(50), 'corr_resp': 'c', 'thisN': 60, 'thisTrialN': 60, 'thisRepN': 15}>
604.1362 	DATA 	Keypress: v
604.1404 	EXP 	fixation: autoDraw = False
604.1404 	EXP 	line1: autoDraw = False
604.1404 	EXP 	line2: autoDraw = False
604.1404 	EXP 	line3: autoDraw = False
604.1404 	EXP 	line4: autoDraw = False
604.1404 	EXP 	probe: autoDraw = False
604.1404 	EXP 	fixation: autoDraw = True
604.2625 	EXP 	Device response: <KeyPress from None: t=604.1294017909968, value=v, duration=0.12822258400410647>
605.1311 	EXP 	fixation: autoDraw = False
605.1311 	EXP 	line1: autoDraw = True
605.1311 	EXP 	line2: autoDraw = True
605.1311 	EXP 	line3: autoDraw = True
605.1311 	EXP 	line4: autoDraw = True
606.1301 	INFO 	Keyboard events cleared
606.1299 	EXP 	probe: autoDraw = True
606.4751 	EXP 	Device response: <KeyPress from None: t=606.4653417910013, value=c, duration=None>
606.4756 	EXP 	New trial (rep=11, index=61): <Trial 61 (61 in rep 11) data={'pos': np.int64(-50), 'corr_resp': 'x', 'thisN': 61, 'thisTrialN': 61, 'thisRepN': 11}>
606.4814 	DATA 	Keypress: c
606.4855 	EXP 	fixation: autoDraw = False
606.4855 	EXP 	line1: autoDraw = False
606.4855 	EXP 	line2: autoDraw = False
606.4855 	EXP 	line3: autoDraw = False
606.4855 	EXP 	line4: autoDraw = False
606.4855 	EXP 	probe: autoDraw = False
606.4855 	EXP 	fixation: autoDraw = True
606.6256 	EXP 	Device response: <KeyPress from None: t=606.4653417910013, value=c, duration=0.15237737500137882>
607.4739 	EXP 	line1: autoDraw = True
607.4739 	EXP 	line2: autoDraw = True
607.4739 	EXP 	line3: autoDraw = True
607.4739 	EXP 	line4: autoDraw = True
607.4795 	EXP 	fixation: autoDraw = False
608.4742 	INFO 	Keyboard events cleared
608.4740 	EXP 	probe: autoDraw = True
608.7752 	EXP 	Device response: <KeyPress from None: t=608.7662214579977, value=x, duration=None>
608.7758 	EXP 	New trial (rep=15, index=62): <Trial 62 (62 in rep 15) data={'pos': np.int64(-150), 'corr_resp': 'z', 'thisN': 62, 'thisTrialN': 62, 'thisRepN': 15}>
608.7819 	DATA 	Keypress: x
608.7861 	EXP 	fixation: autoDraw = False
608.7861 	EXP 	line1: autoDraw = False
608.7861 	EXP 	line2: autoDraw = False
608.7861 	EXP 	line3: autoDraw = False
608.7861 	EXP 	line4: autoDraw = False
608.7861 	EXP 	probe: autoDraw = False
608.7861 	EXP 	fixation: autoDraw = True
608.9086 	EXP 	Device response: <KeyPress from None: t=596.5785784160034, value=x, duration=12.32802937499946>
609.7739 	EXP 	line1: autoDraw = True
609.7739 	EXP 	line2: autoDraw = True
609.7739 	EXP 	line3: autoDraw = True
609.7739 	EXP 	line4: autoDraw = True
609.7792 	EXP 	fixation: autoDraw = False
610.7742 	INFO 	Keyboard events cleared
610.7740 	EXP 	probe: autoDraw = True
611.2306 	EXP 	Device response: <KeyPress from None: t=611.2252325829977, value=z, duration=None>
611.2310 	EXP 	New trial (rep=12, index=63): <Trial 63 (63 in rep 12) data={'pos': np.int64(-50), 'corr_resp': 'x', 'thisN': 63, 'thisTrialN': 63, 'thisRepN': 12}>
611.2363 	DATA 	Keypress: z
611.2406 	EXP 	fixation: autoDraw = False
611.2406 	EXP 	line1: autoDraw = False
611.2406 	EXP 	line2: autoDraw = False
611.2406 	EXP 	line3: autoDraw = False
611.2406 	EXP 	line4: autoDraw = False
611.2406 	EXP 	probe: autoDraw = False
611.2406 	EXP 	fixation: autoDraw = True
611.4302 	EXP 	Device response: <KeyPress from None: t=611.2252325829977, value=z, duration=0.20020300000032876>
612.2288 	EXP 	fixation: autoDraw = False
612.2288 	EXP 	line1: autoDraw = True
612.2288 	EXP 	line2: autoDraw = True
612.2288 	EXP 	line3: autoDraw = True
612.2288 	EXP 	line4: autoDraw = True
613.2312 	INFO 	Keyboard events cleared
613.2310 	EXP 	probe: autoDraw = True
613.6634 	EXP 	Device response: <KeyPress from None: t=613.6600803330002, value=x, duration=None>
613.6638 	EXP 	New trial (rep=16, index=64): <Trial 64 (64 in rep 16) data={'pos': np.int64(-150), 'corr_resp': 'z', 'thisN': 64, 'thisTrialN': 64, 'thisRepN': 16}>
613.6692 	DATA 	Keypress: x
613.6734 	EXP 	fixation: autoDraw = False
613.6734 	EXP 	line1: autoDraw = False
613.6734 	EXP 	line2: autoDraw = False
613.6734 	EXP 	line3: autoDraw = False
613.6734 	EXP 	line4: autoDraw = False
613.6734 	EXP 	probe: autoDraw = False
613.6734 	EXP 	fixation: autoDraw = True
613.8124 	EXP 	Device response: <KeyPress from None: t=608.7662214579977, value=x, duration=5.042250208003679>
614.6630 	EXP 	fixation: autoDraw = False
614.6630 	EXP 	line1: autoDraw = True
614.6630 	EXP 	line2: autoDraw = True
614.6630 	EXP 	line3: autoDraw = True
614.6630 	EXP 	line4: autoDraw = True
615.6574 	INFO 	Keyboard events cleared
615.6573 	EXP 	probe: autoDraw = True
616.0587 	EXP 	Device response: <KeyPress from None: t=616.0501174160017, value=z, duration=None>
616.0593 	EXP 	New trial (rep=17, index=65): <Trial 65 (65 in rep 17) data={'pos': np.int64(-150), 'corr_resp': 'z', 'thisN': 65, 'thisTrialN': 65, 'thisRepN': 17}>
616.0652 	DATA 	Keypress: z
616.0694 	EXP 	fixation: autoDraw = False
616.0694 	EXP 	line1: autoDraw = False
616.0694 	EXP 	line2: autoDraw = False
616.0694 	EXP 	line3: autoDraw = False
616.0694 	EXP 	line4: autoDraw = False
616.0694 	EXP 	probe: autoDraw = False
616.0694 	EXP 	fixation: autoDraw = True
616.1921 	EXP 	Device response: <KeyPress from None: t=616.0501174160017, value=z, duration=0.1403661669974099>
617.0572 	EXP 	line1: autoDraw = True
617.0572 	EXP 	line2: autoDraw = True
617.0572 	EXP 	line3: autoDraw = True
617.0572 	EXP 	line4: autoDraw = True
617.0637 	EXP 	fixation: autoDraw = False
618.0572 	INFO 	Keyboard events cleared
618.0571 	EXP 	probe: autoDraw = True
618.5083 	EXP 	Device response: <KeyPress from None: t=618.4981382080005, value=z, duration=None>
618.5087 	EXP 	New trial (rep=16, index=66): <Trial 66 (66 in rep 16) data={'pos': np.int64(50), 'corr_resp': 'c', 'thisN': 66, 'thisTrialN': 66, 'thisRepN': 16}>
618.5145 	DATA 	Keypress: z
618.5187 	EXP 	fixation: autoDraw = False
618.5187 	EXP 	line1: autoDraw = False
618.5187 	EXP 	line2: autoDraw = False
618.5187 	EXP 	line3: autoDraw = False
618.5187 	EXP 	line4: autoDraw = False
618.5187 	EXP 	probe: autoDraw = False
618.5187 	EXP 	fixation: autoDraw = True
618.6919 	EXP 	Device response: <KeyPress from None: t=618.4981382080005, value=z, duration=0.18019229199853726>
619.5071 	EXP 	line1: autoDraw = True
619.5071 	EXP 	line2: autoDraw = True
619.5071 	EXP 	line3: autoDraw = True
619.5071 	EXP 	line4: autoDraw = True
619.5129 	EXP 	fixation: autoDraw = False
620.5073 	INFO 	Keyboard events cleared
620.5072 	EXP 	probe: autoDraw = True
620.9304 	EXP 	Device response: <KeyPress from None: t=620.9270378750007, value=v, duration=None>
620.9308 	EXP 	New trial (rep=18, index=67): <Trial 67 (67 in rep 18) data={'pos': np.int64(-150), 'corr_resp': 'z', 'thisN': 67, 'thisTrialN': 67, 'thisRepN': 18}>
620.9361 	DATA 	Keypress: v
620.9404 	EXP 	fixation: autoDraw = False
620.9404 	EXP 	line1: autoDraw = False
620.9404 	EXP 	line2: autoDraw = False
620.9404 	EXP 	line3: autoDraw = False
620.9404 	EXP 	line4: autoDraw = False
620.9404 	EXP 	probe: autoDraw = False
620.9404 	EXP 	fixation: autoDraw = True
621.0251 	EXP 	Device response: <KeyPress from None: t=620.9270378750007, value=v, duration=0.0962154160006321>
621.9307 	EXP 	fixation: autoDraw = False
621.9307 	EXP 	line1: autoDraw = True
621.9307 	EXP 	line2: autoDraw = True
621.9307 	EXP 	line3: autoDraw = True
621.9307 	EXP 	line4: autoDraw = True
622.9305 	INFO 	Keyboard events cleared
622.9303 	EXP 	probe: autoDraw = True
623.5420 	EXP 	Device response: <KeyPress from None: t=623.5376939999987, value=z, duration=None>
623.5426 	EXP 	New trial (rep=13, index=68): <Trial 68 (68 in rep 13) data={'pos': np.int64(-50), 'corr_resp': 'x', 'thisN': 68, 'thisTrialN': 68, 'thisRepN': 13}>
623.5485 	DATA 	Keypress: z
623.5529 	EXP 	fixation: autoDraw = False
623.5529 	EXP 	line1: autoDraw = False
623.5529 	EXP 	line2: autoDraw = False
623.5529 	EXP 	line3: autoDraw = False
623.5529 	EXP 	line4: autoDraw = False
623.5529 	EXP 	probe: autoDraw = False
623.5529 	EXP 	fixation: autoDraw = True
623.7422 	EXP 	Device response: <KeyPress from None: t=623.5376939999987, value=z, duration=0.1995353329984937>
624.5404 	EXP 	line1: autoDraw = True
624.5404 	EXP 	line2: autoDraw = True
624.5404 	EXP 	line3: autoDraw = True
624.5404 	EXP 	line4: autoDraw = True
624.5456 	EXP 	fixation: autoDraw = False
625.5404 	INFO 	Keyboard events cleared
625.5403 	EXP 	probe: autoDraw = True
626.0749 	EXP 	Device response: <KeyPress from None: t=626.0679561659999, value=x, duration=None>
626.0754 	EXP 	New trial (rep=17, index=69): <Trial 69 (69 in rep 17) data={'pos': np.int64(50), 'corr_resp': 'c', 'thisN': 69, 'thisTrialN': 69, 'thisRepN': 17}>
626.0810 	DATA 	Keypress: x
626.0851 	EXP 	fixation: autoDraw = False
626.0851 	EXP 	line1: autoDraw = False
626.0851 	EXP 	line2: autoDraw = False
626.0851 	EXP 	line3: autoDraw = False
626.0851 	EXP 	line4: autoDraw = False
626.0851 	EXP 	probe: autoDraw = False
626.0851 	EXP 	fixation: autoDraw = True
626.2130 	EXP 	Device response: <KeyPress from None: t=613.6600803330002, value=x, duration=12.548144250002224>
627.0737 	EXP 	line1: autoDraw = True
627.0737 	EXP 	line2: autoDraw = True
627.0737 	EXP 	line3: autoDraw = True
627.0737 	EXP 	line4: autoDraw = True
627.0790 	EXP 	fixation: autoDraw = False
628.0740 	INFO 	Keyboard events cleared
628.0739 	EXP 	probe: autoDraw = True
628.4585 	EXP 	Device response: <KeyPress from None: t=628.4478565000027, value=c, duration=None>
628.4591 	EXP 	New trial (rep=18, index=70): <Trial 70 (70 in rep 18) data={'pos': np.int64(50), 'corr_resp': 'c', 'thisN': 70, 'thisTrialN': 70, 'thisRepN': 18}>
628.4650 	DATA 	Keypress: c
628.4692 	EXP 	fixation: autoDraw = False
628.4692 	EXP 	line1: autoDraw = False
628.4692 	EXP 	line2: autoDraw = False
628.4692 	EXP 	line3: autoDraw = False
628.4692 	EXP 	line4: autoDraw = False
628.4692 	EXP 	probe: autoDraw = False
628.4692 	EXP 	fixation: autoDraw = True
628.6089 	EXP 	Device response: <KeyPress from None: t=628.4478565000027, value=c, duration=0.156403875000251>
629.4572 	EXP 	line1: autoDraw = True
629.4572 	EXP 	line2: autoDraw = True
629.4572 	EXP 	line3: autoDraw = True
629.4572 	EXP 	line4: autoDraw = True
629.4627 	EXP 	fixation: autoDraw = False
630.4572 	INFO 	Keyboard events cleared
630.4571 	EXP 	probe: autoDraw = True
630.8247 	EXP 	Device response: <KeyPress from None: t=630.8228107079995, value=c, duration=None>
630.8252 	EXP 	New trial (rep=19, index=71): <Trial 71 (71 in rep 19) data={'pos': np.int64(150), 'corr_resp': 'v', 'thisN': 71, 'thisTrialN': 71, 'thisRepN': 19}>
630.8309 	DATA 	Keypress: c
630.8351 	EXP 	fixation: autoDraw = False
630.8351 	EXP 	line1: autoDraw = False
630.8351 	EXP 	line2: autoDraw = False
630.8351 	EXP 	line3: autoDraw = False
630.8351 	EXP 	line4: autoDraw = False
630.8351 	EXP 	probe: autoDraw = False
630.8351 	EXP 	fixation: autoDraw = True
630.9619 	EXP 	Device response: <KeyPress from None: t=630.8228107079995, value=c, duration=0.13631620800151723>
631.8237 	EXP 	line1: autoDraw = True
631.8237 	EXP 	line2: autoDraw = True
631.8237 	EXP 	line3: autoDraw = True
631.8237 	EXP 	line4: autoDraw = True
631.8297 	EXP 	fixation: autoDraw = False
632.8239 	INFO 	Keyboard events cleared
632.8237 	EXP 	probe: autoDraw = True
633.1749 	EXP 	Device response: <KeyPress from None: t=633.1688486659987, value=v, duration=None>
633.1755 	EXP 	New trial (rep=14, index=72): <Trial 72 (72 in rep 14) data={'pos': np.int64(-50), 'corr_resp': 'x', 'thisN': 72, 'thisTrialN': 72, 'thisRepN': 14}>
633.1812 	DATA 	Keypress: v
633.1853 	EXP 	fixation: autoDraw = False
633.1853 	EXP 	line1: autoDraw = False
633.1853 	EXP 	line2: autoDraw = False
633.1853 	EXP 	line3: autoDraw = False
633.1853 	EXP 	line4: autoDraw = False
633.1853 	EXP 	probe: autoDraw = False
633.1853 	EXP 	fixation: autoDraw = True
633.3087 	EXP 	Device response: <KeyPress from None: t=633.1688486659987, value=v, duration=0.12822629199945368>
634.1738 	EXP 	line1: autoDraw = True
634.1738 	EXP 	line2: autoDraw = True
634.1738 	EXP 	line3: autoDraw = True
634.1738 	EXP 	line4: autoDraw = True
634.1802 	EXP 	fixation: autoDraw = False
635.1740 	INFO 	Keyboard events cleared
635.1738 	EXP 	probe: autoDraw = True
635.5476 	EXP 	Device response: <KeyPress from None: t=635.5455862910021, value=x, duration=None>
635.5480 	EXP 	New trial (rep=19, index=73): <Trial 73 (73 in rep 19) data={'pos': np.int64(50), 'corr_resp': 'c', 'thisN': 73, 'thisTrialN': 73, 'thisRepN': 19}>
635.5534 	DATA 	Keypress: x
635.5738 	EXP 	fixation: autoDraw = False
635.5738 	EXP 	line1: autoDraw = False
635.5738 	EXP 	line2: autoDraw = False
635.5738 	EXP 	line3: autoDraw = False
635.5738 	EXP 	line4: autoDraw = False
635.5738 	EXP 	probe: autoDraw = False
635.5738 	EXP 	fixation: autoDraw = True
635.7424 	EXP 	Device response: <KeyPress from None: t=626.0679561659999, value=x, duration=9.666135958999803>
636.5477 	EXP 	line1: autoDraw = True
636.5477 	EXP 	line2: autoDraw = True
636.5477 	EXP 	line3: autoDraw = True
636.5477 	EXP 	line4: autoDraw = True
636.5611 	EXP 	fixation: autoDraw = False
637.5473 	INFO 	Keyboard events cleared
637.5471 	EXP 	probe: autoDraw = True
637.9916 	EXP 	Device response: <KeyPress from None: t=637.985567124997, value=v, duration=None>
637.9921 	EXP 	New trial (rep=20, index=74): <Trial 74 (74 in rep 20) data={'pos': np.int64(50), 'corr_resp': 'c', 'thisN': 74, 'thisTrialN': 74, 'thisRepN': 20}>
637.9974 	DATA 	Keypress: v
638.0017 	EXP 	fixation: autoDraw = False
638.0017 	EXP 	line1: autoDraw = False
638.0017 	EXP 	line2: autoDraw = False
638.0017 	EXP 	line3: autoDraw = False
638.0017 	EXP 	line4: autoDraw = False
638.0017 	EXP 	probe: autoDraw = False
638.0017 	EXP 	fixation: autoDraw = True
638.0588 	EXP 	Device response: <KeyPress from None: t=637.985567124997, value=v, duration=0.0604561250002007>
638.0917 	EXP 	Device response: <KeyPress from None: t=638.0817165830013, value=c, duration=None>
638.0967 	DATA 	Keypress: c
638.2248 	EXP 	Device response: <KeyPress from None: t=638.0817165830013, value=c, duration=0.1406251250009518>
638.9904 	EXP 	line1: autoDraw = True
638.9904 	EXP 	line2: autoDraw = True
638.9904 	EXP 	line3: autoDraw = True
638.9904 	EXP 	line4: autoDraw = True
638.9962 	EXP 	fixation: autoDraw = False
639.9904 	INFO 	Keyboard events cleared
639.9903 	EXP 	probe: autoDraw = True
640.3580 	EXP 	Device response: <KeyPress from None: t=640.3553736660033, value=c, duration=None>
640.3584 	EXP 	New trial (rep=15, index=75): <Trial 75 (75 in rep 15) data={'pos': np.int64(-50), 'corr_resp': 'x', 'thisN': 75, 'thisTrialN': 75, 'thisRepN': 15}>
640.3642 	DATA 	Keypress: c
640.3685 	EXP 	fixation: autoDraw = False
640.3685 	EXP 	line1: autoDraw = False
640.3685 	EXP 	line2: autoDraw = False
640.3685 	EXP 	line3: autoDraw = False
640.3685 	EXP 	line4: autoDraw = False
640.3685 	EXP 	probe: autoDraw = False
640.3685 	EXP 	fixation: autoDraw = True
640.5422 	EXP 	Device response: <KeyPress from None: t=640.3553736660033, value=c, duration=0.18354604199703317>
641.3572 	EXP 	line1: autoDraw = True
641.3572 	EXP 	line2: autoDraw = True
641.3572 	EXP 	line3: autoDraw = True
641.3572 	EXP 	line4: autoDraw = True
641.3632 	EXP 	fixation: autoDraw = False
642.3570 	INFO 	Keyboard events cleared
642.3568 	EXP 	probe: autoDraw = True
642.7580 	EXP 	Device response: <KeyPress from None: t=642.7554697079977, value=x, duration=None>
642.7584 	EXP 	New trial (rep=21, index=76): <Trial 76 (76 in rep 21) data={'pos': np.int64(50), 'corr_resp': 'c', 'thisN': 76, 'thisTrialN': 76, 'thisRepN': 21}>
642.7638 	DATA 	Keypress: x
642.7679 	EXP 	fixation: autoDraw = False
642.7679 	EXP 	line1: autoDraw = False
642.7679 	EXP 	line2: autoDraw = False
642.7679 	EXP 	line3: autoDraw = False
642.7679 	EXP 	line4: autoDraw = False
642.7679 	EXP 	probe: autoDraw = False
642.7679 	EXP 	fixation: autoDraw = True
642.9255 	EXP 	Device response: <KeyPress from None: t=635.5455862910021, value=x, duration=7.378148541996779>
643.7570 	EXP 	line1: autoDraw = True
643.7570 	EXP 	line2: autoDraw = True
643.7570 	EXP 	line3: autoDraw = True
643.7570 	EXP 	line4: autoDraw = True
643.7621 	EXP 	fixation: autoDraw = False
644.7570 	INFO 	Keyboard events cleared
644.7569 	EXP 	probe: autoDraw = True
645.3415 	EXP 	Device response: <KeyPress from None: t=645.3354114579997, value=c, duration=None>
645.3419 	EXP 	New trial (rep=16, index=77): <Trial 77 (77 in rep 16) data={'pos': np.int64(-50), 'corr_resp': 'x', 'thisN': 77, 'thisTrialN': 77, 'thisRepN': 16}>
645.3479 	DATA 	Keypress: c
645.3522 	EXP 	fixation: autoDraw = False
645.3522 	EXP 	line1: autoDraw = False
645.3522 	EXP 	line2: autoDraw = False
645.3522 	EXP 	line3: autoDraw = False
645.3522 	EXP 	line4: autoDraw = False
645.3522 	EXP 	probe: autoDraw = False
645.3522 	EXP 	fixation: autoDraw = True
645.5087 	EXP 	Device response: <KeyPress from None: t=645.3354114579997, value=c, duration=0.16025312500278233>
646.3405 	EXP 	line1: autoDraw = True
646.3405 	EXP 	line2: autoDraw = True
646.3405 	EXP 	line3: autoDraw = True
646.3405 	EXP 	line4: autoDraw = True
646.3469 	EXP 	fixation: autoDraw = False
647.3403 	INFO 	Keyboard events cleared
647.3401 	EXP 	probe: autoDraw = True
647.8464 	EXP 	Device response: <KeyPress from None: t=647.8413647499983, value=x, duration=None>
647.8468 	EXP 	New trial (rep=17, index=78): <Trial 78 (78 in rep 17) data={'pos': np.int64(-50), 'corr_resp': 'x', 'thisN': 78, 'thisTrialN': 78, 'thisRepN': 17}>
647.8513 	DATA 	Keypress: x
647.8559 	EXP 	fixation: autoDraw = False
647.8559 	EXP 	line1: autoDraw = False
647.8559 	EXP 	line2: autoDraw = False
647.8559 	EXP 	line3: autoDraw = False
647.8559 	EXP 	line4: autoDraw = False
647.8559 	EXP 	probe: autoDraw = False
647.8559 	EXP 	fixation: autoDraw = True
648.0295 	EXP 	Device response: <KeyPress from None: t=642.7554697079977, value=x, duration=5.2701624170003925>
648.8466 	EXP 	fixation: autoDraw = False
648.8466 	EXP 	line1: autoDraw = True
648.8466 	EXP 	line2: autoDraw = True
648.8466 	EXP 	line3: autoDraw = True
648.8466 	EXP 	line4: autoDraw = True
649.8471 	INFO 	Keyboard events cleared
649.8469 	EXP 	probe: autoDraw = True
650.3581 	EXP 	Device response: <KeyPress from None: t=650.3504121660008, value=x, duration=None>
650.3587 	EXP 	New trial (rep=22, index=79): <Trial 79 (79 in rep 22) data={'pos': np.int64(50), 'corr_resp': 'c', 'thisN': 79, 'thisTrialN': 79, 'thisRepN': 22}>
650.3648 	DATA 	Keypress: x
650.3689 	EXP 	fixation: autoDraw = False
650.3689 	EXP 	line1: autoDraw = False
650.3689 	EXP 	line2: autoDraw = False
650.3689 	EXP 	line3: autoDraw = False
650.3689 	EXP 	line4: autoDraw = False
650.3689 	EXP 	probe: autoDraw = False
650.3689 	EXP 	fixation: autoDraw = True
650.5249 	EXP 	Device response: <KeyPress from None: t=647.8413647499983, value=x, duration=2.681341583003814>
651.3569 	EXP 	line1: autoDraw = True
651.3569 	EXP 	line2: autoDraw = True
651.3569 	EXP 	line3: autoDraw = True
651.3569 	EXP 	line4: autoDraw = True
651.3627 	EXP 	fixation: autoDraw = False
652.3569 	INFO 	Keyboard events cleared
652.3568 	EXP 	probe: autoDraw = True
652.7754 	EXP 	Device response: <KeyPress from None: t=652.7723828329981, value=c, duration=None>
652.7761 	EXP 	New trial (rep=20, index=80): <Trial 80 (80 in rep 20) data={'pos': np.int64(150), 'corr_resp': 'v', 'thisN': 80, 'thisTrialN': 80, 'thisRepN': 20}>
652.7816 	DATA 	Keypress: c
652.7858 	EXP 	fixation: autoDraw = False
652.7858 	EXP 	line1: autoDraw = False
652.7858 	EXP 	line2: autoDraw = False
652.7858 	EXP 	line3: autoDraw = False
652.7858 	EXP 	line4: autoDraw = False
652.7858 	EXP 	probe: autoDraw = False
652.7858 	EXP 	fixation: autoDraw = True
652.8953 	EXP 	Device response: <KeyPress from None: t=652.7723828329981, value=c, duration=0.120243000004848>
653.7735 	EXP 	line1: autoDraw = True
653.7735 	EXP 	line2: autoDraw = True
653.7735 	EXP 	line3: autoDraw = True
653.7735 	EXP 	line4: autoDraw = True
653.7789 	EXP 	fixation: autoDraw = False
654.7736 	INFO 	Keyboard events cleared
654.7734 	EXP 	probe: autoDraw = True
655.1968 	EXP 	Device response: <KeyPress from None: t=655.1912472909971, value=v, duration=None>
655.1972 	EXP 	New trial (rep=18, index=81): <Trial 81 (81 in rep 18) data={'pos': np.int64(-50), 'corr_resp': 'x', 'thisN': 81, 'thisTrialN': 81, 'thisRepN': 18}>
655.2025 	DATA 	Keypress: v
655.2068 	EXP 	fixation: autoDraw = False
655.2068 	EXP 	line1: autoDraw = False
655.2068 	EXP 	line2: autoDraw = False
655.2068 	EXP 	line3: autoDraw = False
655.2068 	EXP 	line4: autoDraw = False
655.2068 	EXP 	probe: autoDraw = False
655.2068 	EXP 	fixation: autoDraw = True
655.2920 	EXP 	Device response: <KeyPress from None: t=655.1912472909971, value=v, duration=0.08834191700589145>
656.1968 	EXP 	fixation: autoDraw = False
656.1968 	EXP 	line1: autoDraw = True
656.1968 	EXP 	line2: autoDraw = True
656.1968 	EXP 	line3: autoDraw = True
656.1968 	EXP 	line4: autoDraw = True
657.1902 	INFO 	Keyboard events cleared
657.1900 	EXP 	probe: autoDraw = True
657.6082 	EXP 	Device response: <KeyPress from None: t=657.603239707998, value=x, duration=None>
657.6088 	EXP 	New trial (rep=23, index=82): <Trial 82 (82 in rep 23) data={'pos': np.int64(50), 'corr_resp': 'c', 'thisN': 82, 'thisTrialN': 82, 'thisRepN': 23}>
657.6147 	DATA 	Keypress: x
657.6188 	EXP 	fixation: autoDraw = False
657.6188 	EXP 	line1: autoDraw = False
657.6188 	EXP 	line2: autoDraw = False
657.6188 	EXP 	line3: autoDraw = False
657.6188 	EXP 	line4: autoDraw = False
657.6188 	EXP 	probe: autoDraw = False
657.6188 	EXP 	fixation: autoDraw = True
657.7919 	EXP 	Device response: <KeyPress from None: t=650.3504121660008, value=x, duration=7.429055792003055>
658.6068 	EXP 	line1: autoDraw = True
658.6068 	EXP 	line2: autoDraw = True
658.6068 	EXP 	line3: autoDraw = True
658.6068 	EXP 	line4: autoDraw = True
658.6118 	EXP 	fixation: autoDraw = False
659.6069 	INFO 	Keyboard events cleared
659.6067 	EXP 	probe: autoDraw = True
659.9756 	EXP 	Device response: <KeyPress from None: t=659.9721391659987, value=c, duration=None>
659.9764 	EXP 	New trial (rep=21, index=83): <Trial 83 (83 in rep 21) data={'pos': np.int64(150), 'corr_resp': 'v', 'thisN': 83, 'thisTrialN': 83, 'thisRepN': 21}>
659.9819 	DATA 	Keypress: c
659.9859 	EXP 	fixation: autoDraw = False
659.9859 	EXP 	line1: autoDraw = False
659.9859 	EXP 	line2: autoDraw = False
659.9859 	EXP 	line3: autoDraw = False
659.9859 	EXP 	line4: autoDraw = False
659.9859 	EXP 	probe: autoDraw = False
659.9859 	EXP 	fixation: autoDraw = True
660.1245 	EXP 	Device response: <KeyPress from None: t=659.9721391659987, value=c, duration=0.1442705420049606>
660.9734 	EXP 	line1: autoDraw = True
660.9734 	EXP 	line2: autoDraw = True
660.9734 	EXP 	line3: autoDraw = True
660.9734 	EXP 	line4: autoDraw = True
660.9792 	EXP 	fixation: autoDraw = False
661.9736 	INFO 	Keyboard events cleared
661.9735 	EXP 	probe: autoDraw = True
662.4137 	EXP 	Device response: <KeyPress from None: t=662.4069923330026, value=v, duration=None>
662.4141 	EXP 	New trial (rep=19, index=84): <Trial 84 (84 in rep 19) data={'pos': np.int64(-150), 'corr_resp': 'z', 'thisN': 84, 'thisTrialN': 84, 'thisRepN': 19}>
662.4191 	DATA 	Keypress: v
662.4233 	EXP 	fixation: autoDraw = False
662.4233 	EXP 	line1: autoDraw = False
662.4233 	EXP 	line2: autoDraw = False
662.4233 	EXP 	line3: autoDraw = False
662.4233 	EXP 	line4: autoDraw = False
662.4233 	EXP 	probe: autoDraw = False
662.4233 	EXP 	fixation: autoDraw = True
662.4914 	EXP 	Device response: <KeyPress from None: t=662.4069923330026, value=v, duration=0.07239883299916983>
663.4127 	EXP 	fixation: autoDraw = False
663.4127 	EXP 	line1: autoDraw = True
663.4127 	EXP 	line2: autoDraw = True
663.4127 	EXP 	line3: autoDraw = True
663.4127 	EXP 	line4: autoDraw = True
664.4069 	INFO 	Keyboard events cleared
664.4067 	EXP 	probe: autoDraw = True
664.9916 	EXP 	Device response: <KeyPress from None: t=664.9860364999986, value=z, duration=None>
664.9922 	EXP 	New trial (rep=19, index=85): <Trial 85 (85 in rep 19) data={'pos': np.int64(-50), 'corr_resp': 'x', 'thisN': 85, 'thisTrialN': 85, 'thisRepN': 19}>
664.9983 	DATA 	Keypress: z
665.0026 	EXP 	fixation: autoDraw = False
665.0026 	EXP 	line1: autoDraw = False
665.0026 	EXP 	line2: autoDraw = False
665.0026 	EXP 	line3: autoDraw = False
665.0026 	EXP 	line4: autoDraw = False
665.0026 	EXP 	probe: autoDraw = False
665.0026 	EXP 	fixation: autoDraw = True
665.1249 	EXP 	Device response: <KeyPress from None: t=664.9860364999986, value=z, duration=0.13235558300220873>
665.9903 	EXP 	line1: autoDraw = True
665.9903 	EXP 	line2: autoDraw = True
665.9903 	EXP 	line3: autoDraw = True
665.9903 	EXP 	line4: autoDraw = True
665.9956 	EXP 	fixation: autoDraw = False
666.9904 	INFO 	Keyboard events cleared
666.9902 	EXP 	probe: autoDraw = True
667.4139 	EXP 	Device response: <KeyPress from None: t=667.4109732080033, value=x, duration=None>
667.4143 	EXP 	New trial (rep=24, index=86): <Trial 86 (86 in rep 24) data={'pos': np.int64(50), 'corr_resp': 'c', 'thisN': 86, 'thisTrialN': 86, 'thisRepN': 24}>
667.4199 	DATA 	Keypress: x
667.4262 	EXP 	fixation: autoDraw = False
667.4262 	EXP 	line1: autoDraw = False
667.4262 	EXP 	line2: autoDraw = False
667.4262 	EXP 	line3: autoDraw = False
667.4262 	EXP 	line4: autoDraw = False
667.4262 	EXP 	probe: autoDraw = False
667.4262 	EXP 	fixation: autoDraw = True
667.5579 	EXP 	Device response: <KeyPress from None: t=657.603239707998, value=x, duration=9.94395104200521>
668.4137 	EXP 	line1: autoDraw = True
668.4137 	EXP 	line2: autoDraw = True
668.4137 	EXP 	line3: autoDraw = True
668.4137 	EXP 	line4: autoDraw = True
668.4234 	EXP 	fixation: autoDraw = False
669.4135 	INFO 	Keyboard events cleared
669.4134 	EXP 	probe: autoDraw = True
669.7413 	EXP 	Device response: <KeyPress from None: t=669.737846875003, value=c, duration=None>
669.7418 	EXP 	New trial (rep=22, index=87): <Trial 87 (87 in rep 22) data={'pos': np.int64(150), 'corr_resp': 'v', 'thisN': 87, 'thisTrialN': 87, 'thisRepN': 22}>
669.7471 	DATA 	Keypress: c
669.7512 	EXP 	fixation: autoDraw = False
669.7512 	EXP 	line1: autoDraw = False
669.7512 	EXP 	line2: autoDraw = False
669.7512 	EXP 	line3: autoDraw = False
669.7512 	EXP 	line4: autoDraw = False
669.7512 	EXP 	probe: autoDraw = False
669.7512 	EXP 	fixation: autoDraw = True
669.8915 	EXP 	Device response: <KeyPress from None: t=669.737846875003, value=c, duration=0.1482975409962819>
670.7401 	EXP 	line1: autoDraw = True
670.7401 	EXP 	line2: autoDraw = True
670.7401 	EXP 	line3: autoDraw = True
670.7401 	EXP 	line4: autoDraw = True
670.7468 	EXP 	fixation: autoDraw = False
671.7401 	INFO 	Keyboard events cleared
671.7400 	EXP 	probe: autoDraw = True
672.1080 	EXP 	Device response: <KeyPress from None: t=672.0957503750033, value=v, duration=None>
672.1085 	EXP 	New trial (rep=23, index=88): <Trial 88 (88 in rep 23) data={'pos': np.int64(150), 'corr_resp': 'v', 'thisN': 88, 'thisTrialN': 88, 'thisRepN': 23}>
672.1143 	DATA 	Keypress: v
672.1186 	EXP 	fixation: autoDraw = False
672.1186 	EXP 	line1: autoDraw = False
672.1186 	EXP 	line2: autoDraw = False
672.1186 	EXP 	line3: autoDraw = False
672.1186 	EXP 	line4: autoDraw = False
672.1186 	EXP 	probe: autoDraw = False
672.1186 	EXP 	fixation: autoDraw = True
672.1917 	EXP 	Device response: <KeyPress from None: t=672.0957503750033, value=v, duration=0.09241800000017975>
673.1066 	EXP 	line1: autoDraw = True
673.1066 	EXP 	line2: autoDraw = True
673.1066 	EXP 	line3: autoDraw = True
673.1066 	EXP 	line4: autoDraw = True
673.1122 	EXP 	fixation: autoDraw = False
674.1069 	INFO 	Keyboard events cleared
674.1067 	EXP 	probe: autoDraw = True
674.5251 	EXP 	Device response: <KeyPress from None: t=674.5226804999984, value=v, duration=None>
674.5258 	EXP 	New trial (rep=20, index=89): <Trial 89 (89 in rep 20) data={'pos': np.int64(-150), 'corr_resp': 'z', 'thisN': 89, 'thisTrialN': 89, 'thisRepN': 20}>
674.5318 	DATA 	Keypress: v
674.5360 	EXP 	fixation: autoDraw = False
674.5360 	EXP 	line1: autoDraw = False
674.5360 	EXP 	line2: autoDraw = False
674.5360 	EXP 	line3: autoDraw = False
674.5360 	EXP 	line4: autoDraw = False
674.5360 	EXP 	probe: autoDraw = False
674.5360 	EXP 	fixation: autoDraw = True
674.6410 	EXP 	Device response: <KeyPress from None: t=674.5226804999984, value=v, duration=0.108343457999581>
675.5235 	EXP 	line1: autoDraw = True
675.5235 	EXP 	line2: autoDraw = True
675.5235 	EXP 	line3: autoDraw = True
675.5235 	EXP 	line4: autoDraw = True
675.5302 	EXP 	fixation: autoDraw = False
676.5233 	INFO 	Keyboard events cleared
676.5232 	EXP 	probe: autoDraw = True
677.1079 	EXP 	Device response: <KeyPress from None: t=677.1038057909973, value=z, duration=None>
677.1085 	EXP 	New trial (rep=20, index=90): <Trial 90 (90 in rep 20) data={'pos': np.int64(-50), 'corr_resp': 'x', 'thisN': 90, 'thisTrialN': 90, 'thisRepN': 20}>
677.1142 	DATA 	Keypress: z
677.1183 	EXP 	fixation: autoDraw = False
677.1183 	EXP 	line1: autoDraw = False
677.1183 	EXP 	line2: autoDraw = False
677.1183 	EXP 	line3: autoDraw = False
677.1183 	EXP 	line4: autoDraw = False
677.1183 	EXP 	probe: autoDraw = False
677.1183 	EXP 	fixation: autoDraw = True
677.2959 	EXP 	Device response: <KeyPress from None: t=677.1038057909973, value=z, duration=0.188274125001044>
678.1067 	EXP 	line1: autoDraw = True
678.1067 	EXP 	line2: autoDraw = True
678.1067 	EXP 	line3: autoDraw = True
678.1067 	EXP 	line4: autoDraw = True
678.1130 	EXP 	fixation: autoDraw = False
679.1068 	INFO 	Keyboard events cleared
679.1066 	EXP 	probe: autoDraw = True
679.5291 	EXP 	Device response: <KeyPress from None: t=679.5266213330033, value=x, duration=None>
679.5296 	EXP 	New trial (rep=21, index=91): <Trial 91 (91 in rep 21) data={'pos': np.int64(-50), 'corr_resp': 'x', 'thisN': 91, 'thisTrialN': 91, 'thisRepN': 21}>
679.5349 	DATA 	Keypress: x
679.5393 	EXP 	fixation: autoDraw = False
679.5393 	EXP 	line1: autoDraw = False
679.5393 	EXP 	line2: autoDraw = False
679.5393 	EXP 	line3: autoDraw = False
679.5393 	EXP 	line4: autoDraw = False
679.5393 	EXP 	probe: autoDraw = False
679.5393 	EXP 	fixation: autoDraw = True
679.6751 	EXP 	Device response: <KeyPress from None: t=667.4109732080033, value=x, duration=12.251902249998238>
680.5298 	EXP 	fixation: autoDraw = False
680.5298 	EXP 	line1: autoDraw = True
680.5298 	EXP 	line2: autoDraw = True
680.5298 	EXP 	line3: autoDraw = True
680.5298 	EXP 	line4: autoDraw = True
681.5297 	INFO 	Keyboard events cleared
681.5295 	EXP 	probe: autoDraw = True
682.0080 	EXP 	Device response: <KeyPress from None: t=682.0055195829991, value=x, duration=None>
682.0087 	EXP 	New trial (rep=25, index=92): <Trial 92 (92 in rep 25) data={'pos': np.int64(50), 'corr_resp': 'c', 'thisN': 92, 'thisTrialN': 92, 'thisRepN': 25}>
682.0140 	DATA 	Keypress: x
682.0180 	EXP 	fixation: autoDraw = False
682.0180 	EXP 	line1: autoDraw = False
682.0180 	EXP 	line2: autoDraw = False
682.0180 	EXP 	line3: autoDraw = False
682.0180 	EXP 	line4: autoDraw = False
682.0180 	EXP 	probe: autoDraw = False
682.0180 	EXP 	fixation: autoDraw = True
682.1581 	EXP 	Device response: <KeyPress from None: t=679.5266213330033, value=x, duration=2.619254124998406>
683.0065 	EXP 	line1: autoDraw = True
683.0065 	EXP 	line2: autoDraw = True
683.0065 	EXP 	line3: autoDraw = True
683.0065 	EXP 	line4: autoDraw = True
683.0131 	EXP 	fixation: autoDraw = False
684.0067 	INFO 	Keyboard events cleared
684.0066 	EXP 	probe: autoDraw = True
684.5136 	EXP 	Device response: <KeyPress from None: t=684.5085252080025, value=c, duration=None>
684.5140 	EXP 	New trial (rep=22, index=93): <Trial 93 (93 in rep 22) data={'pos': np.int64(-50), 'corr_resp': 'x', 'thisN': 93, 'thisTrialN': 93, 'thisRepN': 22}>
684.5182 	DATA 	Keypress: c
684.5225 	EXP 	fixation: autoDraw = False
684.5225 	EXP 	line1: autoDraw = False
684.5225 	EXP 	line2: autoDraw = False
684.5225 	EXP 	line3: autoDraw = False
684.5225 	EXP 	line4: autoDraw = False
684.5225 	EXP 	probe: autoDraw = False
684.5225 	EXP 	fixation: autoDraw = True
684.6112 	EXP 	Device response: <KeyPress from None: t=684.5085252080025, value=c, duration=0.10027895799430553>
685.5140 	EXP 	fixation: autoDraw = False
685.5140 	EXP 	line1: autoDraw = True
685.5140 	EXP 	line2: autoDraw = True
685.5140 	EXP 	line3: autoDraw = True
685.5140 	EXP 	line4: autoDraw = True
686.5126 	INFO 	Keyboard events cleared
686.5125 	EXP 	probe: autoDraw = True
687.0077 	EXP 	Device response: <KeyPress from None: t=686.9975229999982, value=x, duration=None>
687.0082 	EXP 	New trial (rep=23, index=94): <Trial 94 (94 in rep 23) data={'pos': np.int64(-50), 'corr_resp': 'x', 'thisN': 94, 'thisTrialN': 94, 'thisRepN': 23}>
687.0134 	DATA 	Keypress: x
687.0177 	EXP 	fixation: autoDraw = False
687.0177 	EXP 	line1: autoDraw = False
687.0177 	EXP 	line2: autoDraw = False
687.0177 	EXP 	line3: autoDraw = False
687.0177 	EXP 	line4: autoDraw = False
687.0177 	EXP 	probe: autoDraw = False
687.0177 	EXP 	fixation: autoDraw = True
687.1585 	EXP 	Device response: <KeyPress from None: t=682.0055195829991, value=x, duration=5.140186750002613>
688.0066 	EXP 	line1: autoDraw = True
688.0066 	EXP 	line2: autoDraw = True
688.0066 	EXP 	line3: autoDraw = True
688.0066 	EXP 	line4: autoDraw = True
688.0126 	EXP 	fixation: autoDraw = False
689.0067 	INFO 	Keyboard events cleared
689.0065 	EXP 	probe: autoDraw = True
689.4453 	EXP 	Device response: <KeyPress from None: t=689.440420040999, value=x, duration=None>
689.4457 	EXP 	New trial (rep=21, index=95): <Trial 95 (95 in rep 21) data={'pos': np.int64(-150), 'corr_resp': 'z', 'thisN': 95, 'thisTrialN': 95, 'thisRepN': 21}>
689.4509 	DATA 	Keypress: x
689.4555 	EXP 	fixation: autoDraw = False
689.4555 	EXP 	line1: autoDraw = False
689.4555 	EXP 	line2: autoDraw = False
689.4555 	EXP 	line3: autoDraw = False
689.4555 	EXP 	line4: autoDraw = False
689.4555 	EXP 	probe: autoDraw = False
689.4555 	EXP 	fixation: autoDraw = True
689.6083 	EXP 	Device response: <KeyPress from None: t=686.9975229999982, value=x, duration=2.5991157079988625>
690.4456 	EXP 	fixation: autoDraw = False
690.4456 	EXP 	line1: autoDraw = True
690.4456 	EXP 	line2: autoDraw = True
690.4456 	EXP 	line3: autoDraw = True
690.4456 	EXP 	line4: autoDraw = True
691.4399 	INFO 	Keyboard events cleared
691.4397 	EXP 	probe: autoDraw = True
691.7743 	EXP 	Device response: <KeyPress from None: t=691.7633391659983, value=z, duration=None>
691.7747 	EXP 	New trial (rep=24, index=96): <Trial 96 (96 in rep 24) data={'pos': np.int64(150), 'corr_resp': 'v', 'thisN': 96, 'thisTrialN': 96, 'thisRepN': 24}>
691.7806 	DATA 	Keypress: z
691.7847 	EXP 	fixation: autoDraw = False
691.7847 	EXP 	line1: autoDraw = False
691.7847 	EXP 	line2: autoDraw = False
691.7847 	EXP 	line3: autoDraw = False
691.7847 	EXP 	line4: autoDraw = False
691.7847 	EXP 	probe: autoDraw = False
691.7847 	EXP 	fixation: autoDraw = True
691.9417 	EXP 	Device response: <KeyPress from None: t=691.7633391659983, value=z, duration=0.16832558400346898>
692.7732 	EXP 	line1: autoDraw = True
692.7732 	EXP 	line2: autoDraw = True
692.7732 	EXP 	line3: autoDraw = True
692.7732 	EXP 	line4: autoDraw = True
692.7792 	EXP 	fixation: autoDraw = False
693.7732 	INFO 	Keyboard events cleared
693.7731 	EXP 	probe: autoDraw = True
694.2135 	EXP 	Device response: <KeyPress from None: t=694.2113479160034, value=v, duration=None>
694.2139 	EXP 	New trial (rep=25, index=97): <Trial 97 (97 in rep 25) data={'pos': np.int64(150), 'corr_resp': 'v', 'thisN': 97, 'thisTrialN': 97, 'thisRepN': 25}>
694.2191 	DATA 	Keypress: v
694.2402 	EXP 	fixation: autoDraw = False
694.2402 	EXP 	line1: autoDraw = False
694.2402 	EXP 	line2: autoDraw = False
694.2402 	EXP 	line3: autoDraw = False
694.2402 	EXP 	line4: autoDraw = False
694.2402 	EXP 	probe: autoDraw = False
694.2402 	EXP 	fixation: autoDraw = True
694.3580 	EXP 	Device response: <KeyPress from None: t=694.2113479160034, value=v, duration=0.1361931249994086>
695.2136 	EXP 	line1: autoDraw = True
695.2136 	EXP 	line2: autoDraw = True
695.2136 	EXP 	line3: autoDraw = True
695.2136 	EXP 	line4: autoDraw = True
695.2276 	EXP 	fixation: autoDraw = False
696.2131 	INFO 	Keyboard events cleared
696.2130 	EXP 	probe: autoDraw = True
696.6298 	EXP 	Device response: <KeyPress from None: t=696.6281870829989, value=v, duration=None>
696.6302 	EXP 	New trial (rep=22, index=98): <Trial 98 (98 in rep 22) data={'pos': np.int64(-150), 'corr_resp': 'z', 'thisN': 98, 'thisTrialN': 98, 'thisRepN': 22}>
696.6353 	DATA 	Keypress: v
696.6395 	EXP 	fixation: autoDraw = False
696.6395 	EXP 	line1: autoDraw = False
696.6395 	EXP 	line2: autoDraw = False
696.6395 	EXP 	line3: autoDraw = False
696.6395 	EXP 	line4: autoDraw = False
696.6395 	EXP 	probe: autoDraw = False
696.6395 	EXP 	fixation: autoDraw = True
696.7109 	EXP 	Device response: <KeyPress from None: t=696.6281870829989, value=v, duration=0.08037333300308092>
697.6299 	EXP 	fixation: autoDraw = False
697.6299 	EXP 	line1: autoDraw = True
697.6299 	EXP 	line2: autoDraw = True
697.6299 	EXP 	line3: autoDraw = True
697.6299 	EXP 	line4: autoDraw = True
698.6233 	INFO 	Keyboard events cleared
698.6231 	EXP 	probe: autoDraw = True
699.1804 	EXP 	Device response: <KeyPress from None: t=699.1751360830021, value=z, duration=None>
699.1808 	EXP 	New trial (rep=23, index=99): <Trial 99 (99 in rep 23) data={'pos': np.int64(-150), 'corr_resp': 'z', 'thisN': 99, 'thisTrialN': 99, 'thisRepN': 23}>
699.1859 	DATA 	Keypress: z
699.2068 	EXP 	fixation: autoDraw = False
699.2068 	EXP 	line1: autoDraw = False
699.2068 	EXP 	line2: autoDraw = False
699.2068 	EXP 	line3: autoDraw = False
699.2068 	EXP 	line4: autoDraw = False
699.2068 	EXP 	probe: autoDraw = False
699.2068 	EXP 	fixation: autoDraw = True
699.3410 	EXP 	Device response: <KeyPress from None: t=699.1751360830021, value=z, duration=0.1645068329962669>
700.1791 	EXP 	line1: autoDraw = True
700.1791 	EXP 	line2: autoDraw = True
700.1791 	EXP 	line3: autoDraw = True
700.1791 	EXP 	line4: autoDraw = True
700.1952 	EXP 	fixation: autoDraw = False
701.1811 	INFO 	Keyboard events cleared
701.1810 	EXP 	probe: autoDraw = True
701.6579 	EXP 	Device response: <KeyPress from None: t=701.6481050410002, value=z, duration=None>
701.6585 	EXP 	New trial (rep=26, index=100): <Trial 100 (100 in rep 26) data={'pos': np.int64(150), 'corr_resp': 'v', 'thisN': 100, 'thisTrialN': 100, 'thisRepN': 26}>
701.6642 	DATA 	Keypress: z
701.6684 	EXP 	fixation: autoDraw = False
701.6684 	EXP 	line1: autoDraw = False
701.6684 	EXP 	line2: autoDraw = False
701.6684 	EXP 	line3: autoDraw = False
701.6684 	EXP 	line4: autoDraw = False
701.6684 	EXP 	probe: autoDraw = False
701.6684 	EXP 	fixation: autoDraw = True
701.7775 	EXP 	Device response: <KeyPress from None: t=701.6481050410002, value=z, duration=0.12831041699973866>
702.6566 	EXP 	line1: autoDraw = True
702.6566 	EXP 	line2: autoDraw = True
702.6566 	EXP 	line3: autoDraw = True
702.6566 	EXP 	line4: autoDraw = True
702.6618 	EXP 	fixation: autoDraw = False
703.6566 	INFO 	Keyboard events cleared
703.6564 	EXP 	probe: autoDraw = True
703.9745 	EXP 	Device response: <KeyPress from None: t=703.9641044160016, value=v, duration=None>
703.9751 	EXP 	New trial (rep=24, index=101): <Trial 101 (101 in rep 24) data={'pos': np.int64(-150), 'corr_resp': 'z', 'thisN': 101, 'thisTrialN': 101, 'thisRepN': 24}>
703.9804 	DATA 	Keypress: v
703.9850 	EXP 	fixation: autoDraw = False
703.9850 	EXP 	line1: autoDraw = False
703.9850 	EXP 	line2: autoDraw = False
703.9850 	EXP 	line3: autoDraw = False
703.9850 	EXP 	line4: autoDraw = False
703.9850 	EXP 	probe: autoDraw = False
703.9850 	EXP 	fixation: autoDraw = True
704.0916 	EXP 	Device response: <KeyPress from None: t=703.9641044160016, value=v, duration=0.1204070839958149>
704.9733 	EXP 	line1: autoDraw = True
704.9733 	EXP 	line2: autoDraw = True
704.9733 	EXP 	line3: autoDraw = True
704.9733 	EXP 	line4: autoDraw = True
704.9793 	EXP 	fixation: autoDraw = False
705.9732 	INFO 	Keyboard events cleared
705.9730 	EXP 	probe: autoDraw = True
706.7130 	EXP 	Device response: <KeyPress from None: t=706.7100635410025, value=c, duration=None>
706.7134 	EXP 	New trial (rep=25, index=102): <Trial 102 (102 in rep 25) data={'pos': np.int64(-150), 'corr_resp': 'z', 'thisN': 102, 'thisTrialN': 102, 'thisRepN': 25}>
706.7187 	DATA 	Keypress: c
706.7230 	EXP 	fixation: autoDraw = False
706.7230 	EXP 	line1: autoDraw = False
706.7230 	EXP 	line2: autoDraw = False
706.7230 	EXP 	line3: autoDraw = False
706.7230 	EXP 	line4: autoDraw = False
706.7230 	EXP 	probe: autoDraw = False
706.7230 	EXP 	fixation: autoDraw = True
706.8082 	EXP 	Device response: <KeyPress from None: t=706.7100635410025, value=c, duration=0.09238441699562827>
707.7129 	EXP 	fixation: autoDraw = False
707.7129 	EXP 	line1: autoDraw = True
707.7129 	EXP 	line2: autoDraw = True
707.7129 	EXP 	line3: autoDraw = True
707.7129 	EXP 	line4: autoDraw = True
708.7128 	INFO 	Keyboard events cleared
708.7126 	EXP 	probe: autoDraw = True
709.1245 	EXP 	Device response: <KeyPress from None: t=709.1159803330011, value=z, duration=None>
709.1251 	EXP 	New trial (rep=26, index=103): <Trial 103 (103 in rep 26) data={'pos': np.int64(50), 'corr_resp': 'c', 'thisN': 103, 'thisTrialN': 103, 'thisRepN': 26}>
709.1309 	DATA 	Keypress: z
709.1349 	EXP 	fixation: autoDraw = False
709.1349 	EXP 	line1: autoDraw = False
709.1349 	EXP 	line2: autoDraw = False
709.1349 	EXP 	line3: autoDraw = False
709.1349 	EXP 	line4: autoDraw = False
709.1349 	EXP 	probe: autoDraw = False
709.1349 	EXP 	fixation: autoDraw = True
709.2413 	EXP 	Device response: <KeyPress from None: t=709.1159803330011, value=z, duration=0.11646841699985089>
710.1231 	EXP 	line1: autoDraw = True
710.1231 	EXP 	line2: autoDraw = True
710.1231 	EXP 	line3: autoDraw = True
710.1231 	EXP 	line4: autoDraw = True
710.1287 	EXP 	fixation: autoDraw = False
711.1231 	INFO 	Keyboard events cleared
711.1230 	EXP 	probe: autoDraw = True
711.4909 	EXP 	Device response: <KeyPress from None: t=711.4829480830012, value=c, duration=None>
711.4915 	EXP 	New trial (rep=27, index=104): <Trial 104 (104 in rep 27) data={'pos': np.int64(50), 'corr_resp': 'c', 'thisN': 104, 'thisTrialN': 104, 'thisRepN': 27}>
711.4972 	DATA 	Keypress: c
711.5013 	EXP 	fixation: autoDraw = False
711.5013 	EXP 	line1: autoDraw = False
711.5013 	EXP 	line2: autoDraw = False
711.5013 	EXP 	line3: autoDraw = False
711.5013 	EXP 	line4: autoDraw = False
711.5013 	EXP 	probe: autoDraw = False
711.5013 	EXP 	fixation: autoDraw = True
711.6579 	EXP 	Device response: <KeyPress from None: t=711.4829480830012, value=c, duration=0.16419787499762606>
712.4896 	EXP 	line1: autoDraw = True
712.4896 	EXP 	line2: autoDraw = True
712.4896 	EXP 	line3: autoDraw = True
712.4896 	EXP 	line4: autoDraw = True
712.4948 	EXP 	fixation: autoDraw = False
713.4898 	INFO 	Keyboard events cleared
713.4896 	EXP 	probe: autoDraw = True
713.8908 	EXP 	Device response: <KeyPress from None: t=713.884921375, value=c, duration=None>
713.8912 	EXP 	New trial (rep=26, index=105): <Trial 105 (105 in rep 26) data={'pos': np.int64(-150), 'corr_resp': 'z', 'thisN': 105, 'thisTrialN': 105, 'thisRepN': 26}>
713.8962 	DATA 	Keypress: c
713.9004 	EXP 	fixation: autoDraw = False
713.9004 	EXP 	line1: autoDraw = False
713.9004 	EXP 	line2: autoDraw = False
713.9004 	EXP 	line3: autoDraw = False
713.9004 	EXP 	line4: autoDraw = False
713.9004 	EXP 	probe: autoDraw = False
713.9004 	EXP 	fixation: autoDraw = True
713.9908 	EXP 	Device response: <KeyPress from None: t=713.884921375, value=c, duration=0.10429712499899324>
714.8895 	EXP 	line1: autoDraw = True
714.8895 	EXP 	line2: autoDraw = True
714.8895 	EXP 	line3: autoDraw = True
714.8895 	EXP 	line4: autoDraw = True
714.8946 	EXP 	fixation: autoDraw = False
715.8897 	INFO 	Keyboard events cleared
715.8896 	EXP 	probe: autoDraw = True
716.7745 	EXP 	Device response: <KeyPress from None: t=716.768895125002, value=z, duration=None>
716.7751 	EXP 	New trial (rep=28, index=106): <Trial 106 (106 in rep 28) data={'pos': np.int64(50), 'corr_resp': 'c', 'thisN': 106, 'thisTrialN': 106, 'thisRepN': 28}>
716.7808 	DATA 	Keypress: z
716.7849 	EXP 	fixation: autoDraw = False
716.7849 	EXP 	line1: autoDraw = False
716.7849 	EXP 	line2: autoDraw = False
716.7849 	EXP 	line3: autoDraw = False
716.7849 	EXP 	line4: autoDraw = False
716.7849 	EXP 	probe: autoDraw = False
716.7849 	EXP 	fixation: autoDraw = True
716.9416 	EXP 	Device response: <KeyPress from None: t=716.768895125002, value=z, duration=0.16826033299730625>
717.7731 	EXP 	line1: autoDraw = True
717.7731 	EXP 	line2: autoDraw = True
717.7731 	EXP 	line3: autoDraw = True
717.7731 	EXP 	line4: autoDraw = True
717.7796 	EXP 	fixation: autoDraw = False
718.7731 	INFO 	Keyboard events cleared
718.7729 	EXP 	probe: autoDraw = True
719.2631 	EXP 	Device response: <KeyPress from None: t=719.2577553750016, value=c, duration=None>
719.2635 	EXP 	New trial (rep=27, index=107): <Trial 107 (107 in rep 27) data={'pos': np.int64(-150), 'corr_resp': 'z', 'thisN': 107, 'thisTrialN': 107, 'thisRepN': 27}>
719.2686 	DATA 	Keypress: c
719.2728 	EXP 	fixation: autoDraw = False
719.2728 	EXP 	line1: autoDraw = False
719.2728 	EXP 	line2: autoDraw = False
719.2728 	EXP 	line3: autoDraw = False
719.2728 	EXP 	line4: autoDraw = False
719.2728 	EXP 	probe: autoDraw = False
719.2728 	EXP 	fixation: autoDraw = True
719.3909 	EXP 	Device response: <KeyPress from None: t=719.2577553750016, value=c, duration=0.12030729099933524>
720.2631 	EXP 	fixation: autoDraw = False
720.2631 	EXP 	line1: autoDraw = True
720.2631 	EXP 	line2: autoDraw = True
720.2631 	EXP 	line3: autoDraw = True
720.2631 	EXP 	line4: autoDraw = True
721.2624 	INFO 	Keyboard events cleared
721.2623 	EXP 	probe: autoDraw = True
721.9633 	EXP 	Device response: <KeyPress from None: t=721.9576785000027, value=z, duration=None>
721.9637 	EXP 	New trial (rep=24, index=108): <Trial 108 (108 in rep 24) data={'pos': np.int64(-50), 'corr_resp': 'x', 'thisN': 108, 'thisTrialN': 108, 'thisRepN': 24}>
721.9688 	DATA 	Keypress: z
721.9730 	EXP 	fixation: autoDraw = False
721.9730 	EXP 	line1: autoDraw = False
721.9730 	EXP 	line2: autoDraw = False
721.9730 	EXP 	line3: autoDraw = False
721.9730 	EXP 	line4: autoDraw = False
721.9730 	EXP 	probe: autoDraw = False
721.9730 	EXP 	fixation: autoDraw = True
722.1410 	EXP 	Device response: <KeyPress from None: t=721.9576785000027, value=z, duration=0.18038987500040093>
722.9623 	EXP 	fixation: autoDraw = False
722.9623 	EXP 	line1: autoDraw = True
722.9623 	EXP 	line2: autoDraw = True
722.9623 	EXP 	line3: autoDraw = True
722.9623 	EXP 	line4: autoDraw = True
723.9565 	INFO 	Keyboard events cleared
723.9563 	EXP 	probe: autoDraw = True
724.8073 	EXP 	Device response: <KeyPress from None: t=724.8046818750008, value=x, duration=None>
724.8077 	EXP 	New trial (rep=25, index=109): <Trial 109 (109 in rep 25) data={'pos': np.int64(-50), 'corr_resp': 'x', 'thisN': 109, 'thisTrialN': 109, 'thisRepN': 25}>
724.8133 	DATA 	Keypress: x
724.8174 	EXP 	fixation: autoDraw = False
724.8174 	EXP 	line1: autoDraw = False
724.8174 	EXP 	line2: autoDraw = False
724.8174 	EXP 	line3: autoDraw = False
724.8174 	EXP 	line4: autoDraw = False
724.8174 	EXP 	probe: autoDraw = False
724.8174 	EXP 	fixation: autoDraw = True
725.0081 	EXP 	Device response: <KeyPress from None: t=689.440420040999, value=x, duration=35.556454500001564>
725.8056 	EXP 	line1: autoDraw = True
725.8056 	EXP 	line2: autoDraw = True
725.8056 	EXP 	line3: autoDraw = True
725.8056 	EXP 	line4: autoDraw = True
725.8113 	EXP 	fixation: autoDraw = False
726.8068 	INFO 	Keyboard events cleared
726.8066 	EXP 	probe: autoDraw = True
727.3241 	EXP 	Device response: <KeyPress from None: t=727.3215668330013, value=x, duration=None>
727.3245 	EXP 	New trial (rep=28, index=110): <Trial 110 (110 in rep 28) data={'pos': np.int64(-150), 'corr_resp': 'z', 'thisN': 110, 'thisTrialN': 110, 'thisRepN': 28}>
727.3302 	DATA 	Keypress: x
727.3344 	EXP 	fixation: autoDraw = False
727.3344 	EXP 	line1: autoDraw = False
727.3344 	EXP 	line2: autoDraw = False
727.3344 	EXP 	line3: autoDraw = False
727.3344 	EXP 	line4: autoDraw = False
727.3344 	EXP 	probe: autoDraw = False
727.3344 	EXP 	fixation: autoDraw = True
727.5077 	EXP 	Device response: <KeyPress from None: t=724.8046818750008, value=x, duration=2.693312458002765>
728.3228 	EXP 	line1: autoDraw = True
728.3228 	EXP 	line2: autoDraw = True
728.3228 	EXP 	line3: autoDraw = True
728.3228 	EXP 	line4: autoDraw = True
728.3279 	EXP 	fixation: autoDraw = False
729.3230 	INFO 	Keyboard events cleared
729.3229 	EXP 	probe: autoDraw = True
729.8909 	EXP 	Device response: <KeyPress from None: t=729.8865243330001, value=z, duration=None>
729.8914 	EXP 	New trial (rep=29, index=111): <Trial 111 (111 in rep 29) data={'pos': np.int64(50), 'corr_resp': 'c', 'thisN': 111, 'thisTrialN': 111, 'thisRepN': 29}>
729.8977 	DATA 	Keypress: z
729.9019 	EXP 	fixation: autoDraw = False
729.9019 	EXP 	line1: autoDraw = False
729.9019 	EXP 	line2: autoDraw = False
729.9019 	EXP 	line3: autoDraw = False
729.9019 	EXP 	line4: autoDraw = False
729.9019 	EXP 	probe: autoDraw = False
729.9019 	EXP 	fixation: autoDraw = True
730.0742 	EXP 	Device response: <KeyPress from None: t=729.8865243330001, value=z, duration=0.1802852079999866>
730.8894 	EXP 	line1: autoDraw = True
730.8894 	EXP 	line2: autoDraw = True
730.8894 	EXP 	line3: autoDraw = True
730.8894 	EXP 	line4: autoDraw = True
730.8949 	EXP 	fixation: autoDraw = False
731.8896 	INFO 	Keyboard events cleared
731.8895 	EXP 	probe: autoDraw = True
732.3739 	EXP 	Device response: <KeyPress from None: t=732.3653946659979, value=c, duration=None>
732.3744 	EXP 	New trial (rep=29, index=112): <Trial 112 (112 in rep 29) data={'pos': np.int64(-150), 'corr_resp': 'z', 'thisN': 112, 'thisTrialN': 112, 'thisRepN': 29}>
732.3805 	DATA 	Keypress: c
732.3847 	EXP 	fixation: autoDraw = False
732.3847 	EXP 	line1: autoDraw = False
732.3847 	EXP 	line2: autoDraw = False
732.3847 	EXP 	line3: autoDraw = False
732.3847 	EXP 	line4: autoDraw = False
732.3847 	EXP 	probe: autoDraw = False
732.3847 	EXP 	fixation: autoDraw = True
732.4909 	EXP 	Device response: <KeyPress from None: t=732.3653946659979, value=c, duration=0.12040958400029922>
733.3730 	EXP 	line1: autoDraw = True
733.3730 	EXP 	line2: autoDraw = True
733.3730 	EXP 	line3: autoDraw = True
733.3730 	EXP 	line4: autoDraw = True
733.3794 	EXP 	fixation: autoDraw = False
734.3730 	INFO 	Keyboard events cleared
734.3728 	EXP 	probe: autoDraw = True
735.3574 	EXP 	Device response: <KeyPress from None: t=735.3483661249993, value=z, duration=None>
735.3579 	EXP 	New trial (rep=26, index=113): <Trial 113 (113 in rep 26) data={'pos': np.int64(-50), 'corr_resp': 'x', 'thisN': 113, 'thisTrialN': 113, 'thisRepN': 26}>
735.3635 	DATA 	Keypress: z
735.3678 	EXP 	fixation: autoDraw = False
735.3678 	EXP 	line1: autoDraw = False
735.3678 	EXP 	line2: autoDraw = False
735.3678 	EXP 	line3: autoDraw = False
735.3678 	EXP 	line4: autoDraw = False
735.3678 	EXP 	probe: autoDraw = False
735.3678 	EXP 	fixation: autoDraw = True
735.5242 	EXP 	Device response: <KeyPress from None: t=735.3483661249993, value=z, duration=0.17238070799794514>
736.3562 	EXP 	line1: autoDraw = True
736.3562 	EXP 	line2: autoDraw = True
736.3562 	EXP 	line3: autoDraw = True
736.3562 	EXP 	line4: autoDraw = True
736.3619 	EXP 	fixation: autoDraw = False
737.3563 	INFO 	Keyboard events cleared
737.3561 	EXP 	probe: autoDraw = True
737.7973 	EXP 	Device response: <KeyPress from None: t=737.7923805000028, value=x, duration=None>
737.7977 	EXP 	New trial (rep=30, index=114): <Trial 114 (114 in rep 30) data={'pos': np.int64(-150), 'corr_resp': 'z', 'thisN': 114, 'thisTrialN': 114, 'thisRepN': 30}>
737.8032 	DATA 	Keypress: x
737.8095 	EXP 	fixation: autoDraw = False
737.8095 	EXP 	line1: autoDraw = False
737.8095 	EXP 	line2: autoDraw = False
737.8095 	EXP 	line3: autoDraw = False
737.8095 	EXP 	line4: autoDraw = False
737.8095 	EXP 	probe: autoDraw = False
737.8095 	EXP 	fixation: autoDraw = True
737.9572 	EXP 	Device response: <KeyPress from None: t=727.3215668330013, value=x, duration=10.623142457996437>
738.7968 	EXP 	line1: autoDraw = True
738.7968 	EXP 	line2: autoDraw = True
738.7968 	EXP 	line3: autoDraw = True
738.7968 	EXP 	line4: autoDraw = True
738.8060 	EXP 	fixation: autoDraw = False
739.7957 	INFO 	Keyboard events cleared
739.7956 	EXP 	probe: autoDraw = True
740.2740 	EXP 	Device response: <KeyPress from None: t=740.272280833, value=z, duration=None>
740.2745 	EXP 	New trial (rep=27, index=115): <Trial 115 (115 in rep 27) data={'pos': np.int64(-50), 'corr_resp': 'x', 'thisN': 115, 'thisTrialN': 115, 'thisRepN': 27}>
740.2799 	DATA 	Keypress: z
740.2841 	EXP 	fixation: autoDraw = False
740.2841 	EXP 	line1: autoDraw = False
740.2841 	EXP 	line2: autoDraw = False
740.2841 	EXP 	line3: autoDraw = False
740.2841 	EXP 	line4: autoDraw = False
740.2841 	EXP 	probe: autoDraw = False
740.2841 	EXP 	fixation: autoDraw = True
740.4407 	EXP 	Device response: <KeyPress from None: t=740.272280833, value=z, duration=0.16041004200087627>
741.2730 	EXP 	line1: autoDraw = True
741.2730 	EXP 	line2: autoDraw = True
741.2730 	EXP 	line3: autoDraw = True
741.2730 	EXP 	line4: autoDraw = True
741.2790 	EXP 	fixation: autoDraw = False
742.2728 	INFO 	Keyboard events cleared
742.2726 	EXP 	probe: autoDraw = True
743.0408 	EXP 	Device response: <KeyPress from None: t=743.0361863750004, value=x, duration=None>
743.0414 	EXP 	New trial (rep=28, index=116): <Trial 116 (116 in rep 28) data={'pos': np.int64(-50), 'corr_resp': 'x', 'thisN': 116, 'thisTrialN': 116, 'thisRepN': 28}>
743.0475 	DATA 	Keypress: x
743.0517 	EXP 	fixation: autoDraw = False
743.0517 	EXP 	line1: autoDraw = False
743.0517 	EXP 	line2: autoDraw = False
743.0517 	EXP 	line3: autoDraw = False
743.0517 	EXP 	line4: autoDraw = False
743.0517 	EXP 	probe: autoDraw = False
743.0517 	EXP 	fixation: autoDraw = True
743.1740 	EXP 	Device response: <KeyPress from None: t=737.7923805000028, value=x, duration=5.380184665998968>
744.0394 	EXP 	line1: autoDraw = True
744.0394 	EXP 	line2: autoDraw = True
744.0394 	EXP 	line3: autoDraw = True
744.0394 	EXP 	line4: autoDraw = True
744.0441 	EXP 	fixation: autoDraw = False
745.0397 	INFO 	Keyboard events cleared
745.0395 	EXP 	probe: autoDraw = True
745.4909 	EXP 	Device response: <KeyPress from None: t=745.4780815830018, value=x, duration=None>
745.4914 	EXP 	New trial (rep=31, index=117): <Trial 117 (117 in rep 31) data={'pos': np.int64(-150), 'corr_resp': 'z', 'thisN': 117, 'thisTrialN': 117, 'thisRepN': 31}>
745.4973 	DATA 	Keypress: x
745.5015 	EXP 	fixation: autoDraw = False
745.5015 	EXP 	line1: autoDraw = False
745.5015 	EXP 	line2: autoDraw = False
745.5015 	EXP 	line3: autoDraw = False
745.5015 	EXP 	line4: autoDraw = False
745.5015 	EXP 	probe: autoDraw = False
745.5015 	EXP 	fixation: autoDraw = True
745.5907 	EXP 	Device response: <KeyPress from None: t=743.0361863750004, value=x, duration=2.546364916001039>
746.4892 	EXP 	line1: autoDraw = True
746.4892 	EXP 	line2: autoDraw = True
746.4892 	EXP 	line3: autoDraw = True
746.4892 	EXP 	line4: autoDraw = True
746.4939 	EXP 	fixation: autoDraw = False
747.4897 	INFO 	Keyboard events cleared
747.4896 	EXP 	probe: autoDraw = True
747.8905 	EXP 	Device response: <KeyPress from None: t=747.8821127909978, value=z, duration=None>
747.8909 	EXP 	New trial (rep=30, index=118): <Trial 118 (118 in rep 30) data={'pos': np.int64(50), 'corr_resp': 'c', 'thisN': 118, 'thisTrialN': 118, 'thisRepN': 30}>
747.8974 	DATA 	Keypress: z
747.9015 	EXP 	fixation: autoDraw = False
747.9015 	EXP 	line1: autoDraw = False
747.9015 	EXP 	line2: autoDraw = False
747.9015 	EXP 	line3: autoDraw = False
747.9015 	EXP 	line4: autoDraw = False
747.9015 	EXP 	probe: autoDraw = False
747.9015 	EXP 	fixation: autoDraw = True
748.0747 	EXP 	Device response: <KeyPress from None: t=747.8821127909978, value=z, duration=0.18036404200393008>
748.8892 	EXP 	line1: autoDraw = True
748.8892 	EXP 	line2: autoDraw = True
748.8892 	EXP 	line3: autoDraw = True
748.8892 	EXP 	line4: autoDraw = True
748.8941 	EXP 	fixation: autoDraw = False
749.8895 	INFO 	Keyboard events cleared
749.8893 	EXP 	probe: autoDraw = True
750.1742 	EXP 	Device response: <KeyPress from None: t=750.1681167080023, value=c, duration=None>
750.1748 	EXP 	New trial (rep=29, index=119): <Trial 119 (119 in rep 29) data={'pos': np.int64(-50), 'corr_resp': 'x', 'thisN': 119, 'thisTrialN': 119, 'thisRepN': 29}>
750.1806 	DATA 	Keypress: c
750.1848 	EXP 	fixation: autoDraw = False
750.1848 	EXP 	line1: autoDraw = False
750.1848 	EXP 	line2: autoDraw = False
750.1848 	EXP 	line3: autoDraw = False
750.1848 	EXP 	line4: autoDraw = False
750.1848 	EXP 	probe: autoDraw = False
750.1848 	EXP 	fixation: autoDraw = True
750.2782 	EXP 	Device response: <KeyPress from None: t=750.1681167080023, value=c, duration=0.10817966699687531>
751.1728 	EXP 	line1: autoDraw = True
751.1728 	EXP 	line2: autoDraw = True
751.1728 	EXP 	line3: autoDraw = True
751.1728 	EXP 	line4: autoDraw = True
751.1785 	EXP 	fixation: autoDraw = False
752.1729 	INFO 	Keyboard events cleared
752.1727 	EXP 	probe: autoDraw = True
752.8461 	EXP 	Device response: <KeyPress from None: t=752.8449970410002, value=x, duration=None>
752.8465 	EXP 	New trial (rep=30, index=120): <Trial 120 (120 in rep 30) data={'pos': np.int64(-50), 'corr_resp': 'x', 'thisN': 120, 'thisTrialN': 120, 'thisRepN': 30}>
752.8517 	DATA 	Keypress: x
752.8557 	EXP 	fixation: autoDraw = False
752.8557 	EXP 	line1: autoDraw = False
752.8557 	EXP 	line2: autoDraw = False
752.8557 	EXP 	line3: autoDraw = False
752.8557 	EXP 	line4: autoDraw = False
752.8557 	EXP 	probe: autoDraw = False
752.8557 	EXP 	fixation: autoDraw = True
753.0243 	EXP 	Device response: <KeyPress from None: t=745.4780815830018, value=x, duration=7.539318082999671>
753.8462 	EXP 	fixation: autoDraw = False
753.8462 	EXP 	line1: autoDraw = True
753.8462 	EXP 	line2: autoDraw = True
753.8462 	EXP 	line3: autoDraw = True
753.8462 	EXP 	line4: autoDraw = True
754.8460 	INFO 	Keyboard events cleared
754.8459 	EXP 	probe: autoDraw = True
755.1907 	EXP 	Device response: <KeyPress from None: t=755.1891564580001, value=x, duration=None>
755.1913 	EXP 	New trial (rep=31, index=121): <Trial 121 (121 in rep 31) data={'pos': np.int64(50), 'corr_resp': 'c', 'thisN': 121, 'thisTrialN': 121, 'thisRepN': 31}>
755.1974 	DATA 	Keypress: x
755.2015 	EXP 	fixation: autoDraw = False
755.2015 	EXP 	line1: autoDraw = False
755.2015 	EXP 	line2: autoDraw = False
755.2015 	EXP 	line3: autoDraw = False
755.2015 	EXP 	line4: autoDraw = False
755.2015 	EXP 	probe: autoDraw = False
755.2015 	EXP 	fixation: autoDraw = True
755.3242 	EXP 	Device response: <KeyPress from None: t=752.8449970410002, value=x, duration=2.4763136670007952>
756.1892 	EXP 	line1: autoDraw = True
756.1892 	EXP 	line2: autoDraw = True
756.1892 	EXP 	line3: autoDraw = True
756.1892 	EXP 	line4: autoDraw = True
756.1946 	EXP 	fixation: autoDraw = False
757.1896 	INFO 	Keyboard events cleared
757.1894 	EXP 	probe: autoDraw = True
757.5950 	EXP 	Device response: <KeyPress from None: t=757.590800375001, value=c, duration=None>
757.5953 	EXP 	New trial (rep=32, index=122): <Trial 122 (122 in rep 32) data={'pos': np.int64(50), 'corr_resp': 'c', 'thisN': 122, 'thisTrialN': 122, 'thisRepN': 32}>
757.5993 	DATA 	Keypress: c
757.6055 	EXP 	fixation: autoDraw = False
757.6055 	EXP 	line1: autoDraw = False
757.6055 	EXP 	line2: autoDraw = False
757.6055 	EXP 	line3: autoDraw = False
757.6055 	EXP 	line4: autoDraw = False
757.6055 	EXP 	probe: autoDraw = False
757.6055 	EXP 	fixation: autoDraw = True
757.7404 	EXP 	Device response: <KeyPress from None: t=757.590800375001, value=c, duration=0.14043379099894082>
758.5893 	EXP 	line1: autoDraw = True
758.5893 	EXP 	line2: autoDraw = True
758.5893 	EXP 	line3: autoDraw = True
758.5893 	EXP 	line4: autoDraw = True
758.5948 	EXP 	fixation: autoDraw = False
759.5965 	INFO 	Keyboard events cleared
759.5963 	EXP 	probe: autoDraw = True
759.9737 	EXP 	Device response: <KeyPress from None: t=759.9718870409997, value=c, duration=None>
759.9742 	EXP 	New trial (rep=32, index=123): <Trial 123 (123 in rep 32) data={'pos': np.int64(-150), 'corr_resp': 'z', 'thisN': 123, 'thisTrialN': 123, 'thisRepN': 32}>
759.9800 	DATA 	Keypress: c
759.9841 	EXP 	fixation: autoDraw = False
759.9841 	EXP 	line1: autoDraw = False
759.9841 	EXP 	line2: autoDraw = False
759.9841 	EXP 	line3: autoDraw = False
759.9841 	EXP 	line4: autoDraw = False
759.9841 	EXP 	probe: autoDraw = False
759.9841 	EXP 	fixation: autoDraw = True
760.1072 	EXP 	Device response: <KeyPress from None: t=759.9718870409997, value=c, duration=0.12833854200289352>
760.9727 	EXP 	line1: autoDraw = True
760.9727 	EXP 	line2: autoDraw = True
760.9727 	EXP 	line3: autoDraw = True
760.9727 	EXP 	line4: autoDraw = True
760.9792 	EXP 	fixation: autoDraw = False
761.9728 	INFO 	Keyboard events cleared
761.9726 	EXP 	probe: autoDraw = True
762.4959 	EXP 	Device response: <KeyPress from None: t=762.4907537499967, value=z, duration=None>
762.4964 	EXP 	New trial (rep=31, index=124): <Trial 124 (124 in rep 31) data={'pos': np.int64(-50), 'corr_resp': 'x', 'thisN': 124, 'thisTrialN': 124, 'thisRepN': 31}>
762.5018 	DATA 	Keypress: z
762.5227 	EXP 	fixation: autoDraw = False
762.5227 	EXP 	line1: autoDraw = False
762.5227 	EXP 	line2: autoDraw = False
762.5227 	EXP 	line3: autoDraw = False
762.5227 	EXP 	line4: autoDraw = False
762.5227 	EXP 	probe: autoDraw = False
762.5227 	EXP 	fixation: autoDraw = True
762.6412 	EXP 	Device response: <KeyPress from None: t=762.4907537499967, value=z, duration=0.14433700000518002>
763.4945 	EXP 	line1: autoDraw = True
763.4945 	EXP 	line2: autoDraw = True
763.4945 	EXP 	line3: autoDraw = True
763.4945 	EXP 	line4: autoDraw = True
763.5114 	EXP 	fixation: autoDraw = False
764.4892 	INFO 	Keyboard events cleared
764.4891 	EXP 	probe: autoDraw = True
764.8740 	EXP 	Device response: <KeyPress from None: t=764.8727176660032, value=c, duration=None>
764.8746 	EXP 	New trial (rep=33, index=125): <Trial 125 (125 in rep 33) data={'pos': np.int64(-150), 'corr_resp': 'z', 'thisN': 125, 'thisTrialN': 125, 'thisRepN': 33}>
764.8805 	DATA 	Keypress: c
764.8847 	EXP 	fixation: autoDraw = False
764.8847 	EXP 	line1: autoDraw = False
764.8847 	EXP 	line2: autoDraw = False
764.8847 	EXP 	line3: autoDraw = False
764.8847 	EXP 	line4: autoDraw = False
764.8847 	EXP 	probe: autoDraw = False
764.8847 	EXP 	fixation: autoDraw = True
764.9910 	EXP 	Device response: <KeyPress from None: t=764.8727176660032, value=c, duration=0.11631966699496843>
765.8727 	EXP 	line1: autoDraw = True
765.8727 	EXP 	line2: autoDraw = True
765.8727 	EXP 	line3: autoDraw = True
765.8727 	EXP 	line4: autoDraw = True
765.8793 	EXP 	fixation: autoDraw = False
766.8727 	INFO 	Keyboard events cleared
766.8725 	EXP 	probe: autoDraw = True
767.2626 	EXP 	Device response: <KeyPress from None: t=767.2576278330016, value=z, duration=None>
767.2630 	EXP 	New trial (rep=34, index=126): <Trial 126 (126 in rep 34) data={'pos': np.int64(-150), 'corr_resp': 'z', 'thisN': 126, 'thisTrialN': 126, 'thisRepN': 34}>
767.2685 	DATA 	Keypress: z
767.2893 	EXP 	fixation: autoDraw = False
767.2893 	EXP 	line1: autoDraw = False
767.2893 	EXP 	line2: autoDraw = False
767.2893 	EXP 	line3: autoDraw = False
767.2893 	EXP 	line4: autoDraw = False
767.2893 	EXP 	probe: autoDraw = False
767.2893 	EXP 	fixation: autoDraw = True
767.4278 	EXP 	Device response: <KeyPress from None: t=767.2576278330016, value=z, duration=0.16827275000105146>
768.2612 	EXP 	line1: autoDraw = True
768.2612 	EXP 	line2: autoDraw = True
768.2612 	EXP 	line3: autoDraw = True
768.2612 	EXP 	line4: autoDraw = True
768.2773 	EXP 	fixation: autoDraw = False
769.2623 	INFO 	Keyboard events cleared
769.2622 	EXP 	probe: autoDraw = True
769.6738 	EXP 	Device response: <KeyPress from None: t=769.668587416003, value=z, duration=None>
769.6743 	EXP 	New trial (rep=33, index=127): <Trial 127 (127 in rep 33) data={'pos': np.int64(50), 'corr_resp': 'c', 'thisN': 127, 'thisTrialN': 127, 'thisRepN': 33}>
769.6801 	DATA 	Keypress: z
769.6845 	EXP 	fixation: autoDraw = False
769.6845 	EXP 	line1: autoDraw = False
769.6845 	EXP 	line2: autoDraw = False
769.6845 	EXP 	line3: autoDraw = False
769.6845 	EXP 	line4: autoDraw = False
769.6845 	EXP 	probe: autoDraw = False
769.6845 	EXP 	fixation: autoDraw = True
769.8239 	EXP 	Device response: <KeyPress from None: t=769.668587416003, value=z, duration=0.15243370899406727>
770.6725 	EXP 	line1: autoDraw = True
770.6725 	EXP 	line2: autoDraw = True
770.6725 	EXP 	line3: autoDraw = True
770.6725 	EXP 	line4: autoDraw = True
770.6776 	EXP 	fixation: autoDraw = False
771.6725 	INFO 	Keyboard events cleared
771.6723 	EXP 	probe: autoDraw = True
772.0571 	EXP 	Device response: <KeyPress from None: t=772.0485394580028, value=c, duration=None>
772.0577 	EXP 	New trial (rep=35, index=128): <Trial 128 (128 in rep 35) data={'pos': np.int64(-150), 'corr_resp': 'z', 'thisN': 128, 'thisTrialN': 128, 'thisRepN': 35}>
772.0633 	DATA 	Keypress: c
772.0674 	EXP 	fixation: autoDraw = False
772.0674 	EXP 	line1: autoDraw = False
772.0674 	EXP 	line2: autoDraw = False
772.0674 	EXP 	line3: autoDraw = False
772.0674 	EXP 	line4: autoDraw = False
772.0674 	EXP 	probe: autoDraw = False
772.0674 	EXP 	fixation: autoDraw = True
772.2068 	EXP 	Device response: <KeyPress from None: t=772.0485394580028, value=c, duration=0.15639283299969975>
773.0559 	EXP 	line1: autoDraw = True
773.0559 	EXP 	line2: autoDraw = True
773.0559 	EXP 	line3: autoDraw = True
773.0559 	EXP 	line4: autoDraw = True
773.0615 	EXP 	fixation: autoDraw = False
774.0559 	INFO 	Keyboard events cleared
774.0557 	EXP 	probe: autoDraw = True
774.3793 	EXP 	Device response: <KeyPress from None: t=774.3764651660022, value=z, duration=None>
774.3798 	EXP 	New trial (rep=27, index=129): <Trial 129 (129 in rep 27) data={'pos': np.int64(150), 'corr_resp': 'v', 'thisN': 129, 'thisTrialN': 129, 'thisRepN': 27}>
774.3852 	DATA 	Keypress: z
774.4059 	EXP 	fixation: autoDraw = False
774.4059 	EXP 	line1: autoDraw = False
774.4059 	EXP 	line2: autoDraw = False
774.4059 	EXP 	line3: autoDraw = False
774.4059 	EXP 	line4: autoDraw = False
774.4059 	EXP 	probe: autoDraw = False
774.4059 	EXP 	fixation: autoDraw = True
774.5909 	EXP 	Device response: <KeyPress from None: t=774.3764651660022, value=z, duration=0.21233941699756542>
775.3786 	EXP 	line1: autoDraw = True
775.3786 	EXP 	line2: autoDraw = True
775.3786 	EXP 	line3: autoDraw = True
775.3786 	EXP 	line4: autoDraw = True
775.3946 	EXP 	fixation: autoDraw = False
776.3789 	INFO 	Keyboard events cleared
776.3788 	EXP 	probe: autoDraw = True
776.8238 	EXP 	Device response: <KeyPress from None: t=776.8184657079983, value=v, duration=None>
776.8243 	EXP 	New trial (rep=34, index=130): <Trial 130 (130 in rep 34) data={'pos': np.int64(50), 'corr_resp': 'c', 'thisN': 130, 'thisTrialN': 130, 'thisRepN': 34}>
776.8302 	DATA 	Keypress: v
776.8343 	EXP 	fixation: autoDraw = False
776.8343 	EXP 	line1: autoDraw = False
776.8343 	EXP 	line2: autoDraw = False
776.8343 	EXP 	line3: autoDraw = False
776.8343 	EXP 	line4: autoDraw = False
776.8343 	EXP 	probe: autoDraw = False
776.8343 	EXP 	fixation: autoDraw = True
776.9408 	EXP 	Device response: <KeyPress from None: t=776.8184657079983, value=v, duration=0.11643104199902155>
777.8225 	EXP 	line1: autoDraw = True
777.8225 	EXP 	line2: autoDraw = True
777.8225 	EXP 	line3: autoDraw = True
777.8225 	EXP 	line4: autoDraw = True
777.8280 	EXP 	fixation: autoDraw = False
778.8225 	INFO 	Keyboard events cleared
778.8223 	EXP 	probe: autoDraw = True
779.2237 	EXP 	Device response: <KeyPress from None: t=779.217472999997, value=c, duration=None>
779.2244 	EXP 	New trial (rep=36, index=131): <Trial 131 (131 in rep 36) data={'pos': np.int64(-150), 'corr_resp': 'z', 'thisN': 131, 'thisTrialN': 131, 'thisRepN': 36}>
779.2301 	DATA 	Keypress: c
779.2341 	EXP 	fixation: autoDraw = False
779.2341 	EXP 	line1: autoDraw = False
779.2341 	EXP 	line2: autoDraw = False
779.2341 	EXP 	line3: autoDraw = False
779.2341 	EXP 	line4: autoDraw = False
779.2341 	EXP 	probe: autoDraw = False
779.2341 	EXP 	fixation: autoDraw = True
779.3772 	EXP 	Device response: <KeyPress from None: t=779.217472999997, value=c, duration=0.15627775000029942>
780.2225 	EXP 	line1: autoDraw = True
780.2225 	EXP 	line2: autoDraw = True
780.2225 	EXP 	line3: autoDraw = True
780.2225 	EXP 	line4: autoDraw = True
780.2285 	EXP 	fixation: autoDraw = False
781.2225 	INFO 	Keyboard events cleared
781.2224 	EXP 	probe: autoDraw = True
781.6073 	EXP 	Device response: <KeyPress from None: t=781.6053814999977, value=z, duration=None>
781.6079 	EXP 	New trial (rep=37, index=132): <Trial 132 (132 in rep 37) data={'pos': np.int64(-150), 'corr_resp': 'z', 'thisN': 132, 'thisTrialN': 132, 'thisRepN': 37}>
781.6136 	DATA 	Keypress: z
781.6177 	EXP 	fixation: autoDraw = False
781.6177 	EXP 	line1: autoDraw = False
781.6177 	EXP 	line2: autoDraw = False
781.6177 	EXP 	line3: autoDraw = False
781.6177 	EXP 	line4: autoDraw = False
781.6177 	EXP 	probe: autoDraw = False
781.6177 	EXP 	fixation: autoDraw = True
781.8073 	EXP 	Device response: <KeyPress from None: t=781.6053814999977, value=z, duration=0.19234604100347497>
782.6057 	EXP 	line1: autoDraw = True
782.6057 	EXP 	line2: autoDraw = True
782.6057 	EXP 	line3: autoDraw = True
782.6057 	EXP 	line4: autoDraw = True
782.6117 	EXP 	fixation: autoDraw = False
783.6059 	INFO 	Keyboard events cleared
783.6058 	EXP 	probe: autoDraw = True
784.1447 	EXP 	Device response: <KeyPress from None: t=784.1402965829984, value=z, duration=None>
784.1451 	EXP 	New trial (rep=28, index=133): <Trial 133 (133 in rep 28) data={'pos': np.int64(150), 'corr_resp': 'v', 'thisN': 133, 'thisTrialN': 133, 'thisRepN': 28}>
784.1505 	DATA 	Keypress: z
784.1549 	EXP 	fixation: autoDraw = False
784.1549 	EXP 	line1: autoDraw = False
784.1549 	EXP 	line2: autoDraw = False
784.1549 	EXP 	line3: autoDraw = False
784.1549 	EXP 	line4: autoDraw = False
784.1549 	EXP 	probe: autoDraw = False
784.1549 	EXP 	fixation: autoDraw = True
784.2908 	EXP 	Device response: <KeyPress from None: t=784.1402965829984, value=z, duration=0.14438229200459318>
785.1456 	EXP 	fixation: autoDraw = False
785.1456 	EXP 	line1: autoDraw = True
785.1456 	EXP 	line2: autoDraw = True
785.1456 	EXP 	line3: autoDraw = True
785.1456 	EXP 	line4: autoDraw = True
786.1394 	INFO 	Keyboard events cleared
786.1392 	EXP 	probe: autoDraw = True
786.5403 	EXP 	Device response: <KeyPress from None: t=786.535243833001, value=v, duration=None>
786.5408 	EXP 	New trial (rep=29, index=134): <Trial 134 (134 in rep 29) data={'pos': np.int64(150), 'corr_resp': 'v', 'thisN': 134, 'thisTrialN': 134, 'thisRepN': 29}>
786.5462 	DATA 	Keypress: v
786.5504 	EXP 	fixation: autoDraw = False
786.5504 	EXP 	line1: autoDraw = False
786.5504 	EXP 	line2: autoDraw = False
786.5504 	EXP 	line3: autoDraw = False
786.5504 	EXP 	line4: autoDraw = False
786.5504 	EXP 	probe: autoDraw = False
786.5504 	EXP 	fixation: autoDraw = True
786.6610 	EXP 	Device response: <KeyPress from None: t=786.535243833001, value=v, duration=0.12421324999741046>
787.5391 	EXP 	line1: autoDraw = True
787.5391 	EXP 	line2: autoDraw = True
787.5391 	EXP 	line3: autoDraw = True
787.5391 	EXP 	line4: autoDraw = True
787.5451 	EXP 	fixation: autoDraw = False
788.5391 	INFO 	Keyboard events cleared
788.5390 	EXP 	probe: autoDraw = True
789.0402 	EXP 	Device response: <KeyPress from None: t=789.0301770000005, value=v, duration=None>
789.0408 	EXP 	New trial (rep=30, index=135): <Trial 135 (135 in rep 30) data={'pos': np.int64(150), 'corr_resp': 'v', 'thisN': 135, 'thisTrialN': 135, 'thisRepN': 30}>
789.0470 	DATA 	Keypress: v
789.0520 	EXP 	fixation: autoDraw = False
789.0520 	EXP 	line1: autoDraw = False
789.0520 	EXP 	line2: autoDraw = False
789.0520 	EXP 	line3: autoDraw = False
789.0520 	EXP 	line4: autoDraw = False
789.0520 	EXP 	probe: autoDraw = False
789.0520 	EXP 	fixation: autoDraw = True
789.1404 	EXP 	Device response: <KeyPress from None: t=789.0301770000005, value=v, duration=0.10447020799620077>
790.0388 	EXP 	line1: autoDraw = True
790.0388 	EXP 	line2: autoDraw = True
790.0388 	EXP 	line3: autoDraw = True
790.0388 	EXP 	line4: autoDraw = True
790.0434 	EXP 	fixation: autoDraw = False
791.0391 	INFO 	Keyboard events cleared
791.0389 	EXP 	probe: autoDraw = True
791.4901 	EXP 	Device response: <KeyPress from None: t=791.4831540000014, value=v, duration=None>
791.4905 	EXP 	New trial (rep=35, index=136): <Trial 136 (136 in rep 35) data={'pos': np.int64(50), 'corr_resp': 'c', 'thisN': 136, 'thisTrialN': 136, 'thisRepN': 35}>
791.4962 	DATA 	Keypress: v
791.5005 	EXP 	fixation: autoDraw = False
791.5005 	EXP 	line1: autoDraw = False
791.5005 	EXP 	line2: autoDraw = False
791.5005 	EXP 	line3: autoDraw = False
791.5005 	EXP 	line4: autoDraw = False
791.5005 	EXP 	probe: autoDraw = False
791.5005 	EXP 	fixation: autoDraw = True
791.5263 	EXP 	Device response: <KeyPress from None: t=791.4831540000014, value=v, duration=0.04018550000182586>
792.4891 	EXP 	line1: autoDraw = True
792.4891 	EXP 	line2: autoDraw = True
792.4891 	EXP 	line3: autoDraw = True
792.4891 	EXP 	line4: autoDraw = True
792.4956 	EXP 	fixation: autoDraw = False
793.4890 	INFO 	Keyboard events cleared
793.4889 	EXP 	probe: autoDraw = True
793.9734 	EXP 	Device response: <KeyPress from None: t=793.965024707999, value=c, duration=None>
793.9739 	EXP 	New trial (rep=38, index=137): <Trial 137 (137 in rep 38) data={'pos': np.int64(-150), 'corr_resp': 'z', 'thisN': 137, 'thisTrialN': 137, 'thisRepN': 38}>
793.9794 	DATA 	Keypress: c
793.9834 	EXP 	fixation: autoDraw = False
793.9834 	EXP 	line1: autoDraw = False
793.9834 	EXP 	line2: autoDraw = False
793.9834 	EXP 	line3: autoDraw = False
793.9834 	EXP 	line4: autoDraw = False
793.9834 	EXP 	probe: autoDraw = False
793.9834 	EXP 	fixation: autoDraw = True
794.0949 	EXP 	Device response: <KeyPress from None: t=793.965024707999, value=c, duration=0.12436075000005076>
794.9723 	EXP 	line1: autoDraw = True
794.9723 	EXP 	line2: autoDraw = True
794.9723 	EXP 	line3: autoDraw = True
794.9723 	EXP 	line4: autoDraw = True
794.9790 	EXP 	fixation: autoDraw = False
795.9725 	INFO 	Keyboard events cleared
795.9723 	EXP 	probe: autoDraw = True
796.3236 	EXP 	Device response: <KeyPress from None: t=796.313361833003, value=z, duration=None>
796.3241 	EXP 	New trial (rep=39, index=138): <Trial 138 (138 in rep 39) data={'pos': np.int64(-150), 'corr_resp': 'z', 'thisN': 138, 'thisTrialN': 138, 'thisRepN': 39}>
796.3298 	DATA 	Keypress: z
796.3340 	EXP 	fixation: autoDraw = False
796.3340 	EXP 	line1: autoDraw = False
796.3340 	EXP 	line2: autoDraw = False
796.3340 	EXP 	line3: autoDraw = False
796.3340 	EXP 	line4: autoDraw = False
796.3340 	EXP 	probe: autoDraw = False
796.3340 	EXP 	fixation: autoDraw = True
796.5074 	EXP 	Device response: <KeyPress from None: t=796.313361833003, value=z, duration=0.18405941699893447>
797.3222 	EXP 	line1: autoDraw = True
797.3222 	EXP 	line2: autoDraw = True
797.3222 	EXP 	line3: autoDraw = True
797.3222 	EXP 	line4: autoDraw = True
797.3296 	EXP 	fixation: autoDraw = False
798.3224 	INFO 	Keyboard events cleared
798.3223 	EXP 	probe: autoDraw = True
798.7068 	EXP 	Device response: <KeyPress from None: t=798.7048493330003, value=z, duration=None>
798.7073 	EXP 	New trial (rep=31, index=139): <Trial 139 (139 in rep 31) data={'pos': np.int64(150), 'corr_resp': 'v', 'thisN': 139, 'thisTrialN': 139, 'thisRepN': 31}>
798.7132 	DATA 	Keypress: z
798.7174 	EXP 	fixation: autoDraw = False
798.7174 	EXP 	line1: autoDraw = False
798.7174 	EXP 	line2: autoDraw = False
798.7174 	EXP 	line3: autoDraw = False
798.7174 	EXP 	line4: autoDraw = False
798.7174 	EXP 	probe: autoDraw = False
798.7174 	EXP 	fixation: autoDraw = True
798.8902 	EXP 	Device response: <KeyPress from None: t=798.7048493330003, value=z, duration=0.17648595799983013>
799.7056 	EXP 	line1: autoDraw = True
799.7056 	EXP 	line2: autoDraw = True
799.7056 	EXP 	line3: autoDraw = True
799.7056 	EXP 	line4: autoDraw = True
799.7118 	EXP 	fixation: autoDraw = False
800.7056 	INFO 	Keyboard events cleared
800.7055 	EXP 	probe: autoDraw = True
801.9905 	EXP 	Device response: <KeyPress from None: t=801.9868185829982, value=v, duration=None>
801.9910 	EXP 	New trial (rep=36, index=140): <Trial 140 (140 in rep 36) data={'pos': np.int64(50), 'corr_resp': 'c', 'thisN': 140, 'thisTrialN': 140, 'thisRepN': 36}>
801.9970 	DATA 	Keypress: v
802.0012 	EXP 	fixation: autoDraw = False
802.0012 	EXP 	line1: autoDraw = False
802.0012 	EXP 	line2: autoDraw = False
802.0012 	EXP 	line3: autoDraw = False
802.0012 	EXP 	line4: autoDraw = False
802.0012 	EXP 	probe: autoDraw = False
802.0012 	EXP 	fixation: autoDraw = True
802.0732 	EXP 	Device response: <KeyPress from None: t=801.9868185829982, value=v, duration=0.07643783299863571>
802.9893 	EXP 	line1: autoDraw = True
802.9893 	EXP 	line2: autoDraw = True
802.9893 	EXP 	line3: autoDraw = True
802.9893 	EXP 	line4: autoDraw = True
802.9959 	EXP 	fixation: autoDraw = False
803.9891 	INFO 	Keyboard events cleared
803.9889 	EXP 	probe: autoDraw = True
804.4121 	EXP 	Device response: <KeyPress from None: t=804.4071205829969, value=c, duration=None>
804.4125 	EXP 	New trial (rep=32, index=141): <Trial 141 (141 in rep 32) data={'pos': np.int64(150), 'corr_resp': 'v', 'thisN': 141, 'thisTrialN': 141, 'thisRepN': 32}>
804.4179 	DATA 	Keypress: c
804.4221 	EXP 	fixation: autoDraw = False
804.4221 	EXP 	line1: autoDraw = False
804.4221 	EXP 	line2: autoDraw = False
804.4221 	EXP 	line3: autoDraw = False
804.4221 	EXP 	line4: autoDraw = False
804.4221 	EXP 	probe: autoDraw = False
804.4221 	EXP 	fixation: autoDraw = True
804.5574 	EXP 	Device response: <KeyPress from None: t=804.4071205829969, value=c, duration=0.14443016700533917>
805.4105 	EXP 	fixation: autoDraw = False
805.4105 	EXP 	line1: autoDraw = True
805.4105 	EXP 	line2: autoDraw = True
805.4105 	EXP 	line3: autoDraw = True
805.4105 	EXP 	line4: autoDraw = True
806.4058 	INFO 	Keyboard events cleared
806.4056 	EXP 	probe: autoDraw = True
806.7734 	EXP 	Device response: <KeyPress from None: t=806.7607770000031, value=v, duration=None>
806.7740 	EXP 	New trial (rep=40, index=142): <Trial 142 (142 in rep 40) data={'pos': np.int64(-150), 'corr_resp': 'z', 'thisN': 142, 'thisTrialN': 142, 'thisRepN': 40}>
806.7797 	DATA 	Keypress: v
806.7838 	EXP 	fixation: autoDraw = False
806.7838 	EXP 	line1: autoDraw = False
806.7838 	EXP 	line2: autoDraw = False
806.7838 	EXP 	line3: autoDraw = False
806.7838 	EXP 	line4: autoDraw = False
806.7838 	EXP 	probe: autoDraw = False
806.7838 	EXP 	fixation: autoDraw = True
806.8902 	EXP 	Device response: <KeyPress from None: t=806.7607770000031, value=v, duration=0.12432841599365929>
807.7722 	EXP 	line1: autoDraw = True
807.7722 	EXP 	line2: autoDraw = True
807.7722 	EXP 	line3: autoDraw = True
807.7722 	EXP 	line4: autoDraw = True
807.7774 	EXP 	fixation: autoDraw = False
808.7723 	INFO 	Keyboard events cleared
808.7721 	EXP 	probe: autoDraw = True
809.2401 	EXP 	Device response: <KeyPress from None: t=809.235714082999, value=z, duration=None>
809.2407 	EXP 	New trial (rep=32, index=143): <Trial 143 (143 in rep 32) data={'pos': np.int64(-50), 'corr_resp': 'x', 'thisN': 143, 'thisTrialN': 143, 'thisRepN': 32}>
809.2467 	DATA 	Keypress: z
809.2509 	EXP 	fixation: autoDraw = False
809.2509 	EXP 	line1: autoDraw = False
809.2509 	EXP 	line2: autoDraw = False
809.2509 	EXP 	line3: autoDraw = False
809.2509 	EXP 	line4: autoDraw = False
809.2509 	EXP 	probe: autoDraw = False
809.2509 	EXP 	fixation: autoDraw = True
809.3906 	EXP 	Device response: <KeyPress from None: t=809.235714082999, value=z, duration=0.1443520000029821>
810.2390 	EXP 	line1: autoDraw = True
810.2390 	EXP 	line2: autoDraw = True
810.2390 	EXP 	line3: autoDraw = True
810.2390 	EXP 	line4: autoDraw = True
810.2456 	EXP 	fixation: autoDraw = False
811.2389 	INFO 	Keyboard events cleared
811.2388 	EXP 	probe: autoDraw = True
811.5948 	EXP 	Device response: <KeyPress from None: t=811.5936741659971, value=x, duration=None>
811.5952 	EXP 	New trial (rep=37, index=144): <Trial 144 (144 in rep 37) data={'pos': np.int64(50), 'corr_resp': 'c', 'thisN': 144, 'thisTrialN': 144, 'thisRepN': 37}>
811.6003 	DATA 	Keypress: x
811.6049 	EXP 	fixation: autoDraw = False
811.6049 	EXP 	line1: autoDraw = False
811.6049 	EXP 	line2: autoDraw = False
811.6049 	EXP 	line3: autoDraw = False
811.6049 	EXP 	line4: autoDraw = False
811.6049 	EXP 	probe: autoDraw = False
811.6049 	EXP 	fixation: autoDraw = True
811.7438 	EXP 	Device response: <KeyPress from None: t=755.1891564580001, value=x, duration=56.55278916699899>
812.5953 	EXP 	fixation: autoDraw = False
812.5953 	EXP 	line1: autoDraw = True
812.5953 	EXP 	line2: autoDraw = True
812.5953 	EXP 	line3: autoDraw = True
812.5953 	EXP 	line4: autoDraw = True
813.5951 	INFO 	Keyboard events cleared
813.5949 	EXP 	probe: autoDraw = True
814.0117 	EXP 	Device response: <KeyPress from None: t=814.0085827910007, value=c, duration=None>
814.0121 	EXP 	New trial (rep=38, index=145): <Trial 145 (145 in rep 38) data={'pos': np.int64(50), 'corr_resp': 'c', 'thisN': 145, 'thisTrialN': 145, 'thisRepN': 38}>
814.0182 	DATA 	Keypress: c
814.0388 	EXP 	fixation: autoDraw = False
814.0388 	EXP 	line1: autoDraw = False
814.0388 	EXP 	line2: autoDraw = False
814.0388 	EXP 	line3: autoDraw = False
814.0388 	EXP 	line4: autoDraw = False
814.0388 	EXP 	probe: autoDraw = False
814.0388 	EXP 	fixation: autoDraw = True
814.1407 	EXP 	Device response: <KeyPress from None: t=814.0085827910007, value=c, duration=0.12444408400187967>
815.0115 	EXP 	line1: autoDraw = True
815.0115 	EXP 	line2: autoDraw = True
815.0115 	EXP 	line3: autoDraw = True
815.0115 	EXP 	line4: autoDraw = True
815.0272 	EXP 	fixation: autoDraw = False
816.0056 	INFO 	Keyboard events cleared
816.0054 	EXP 	probe: autoDraw = True
816.4452 	EXP 	Device response: <KeyPress from None: t=816.4395639159993, value=c, duration=None>
816.4457 	EXP 	New trial (rep=33, index=146): <Trial 146 (146 in rep 33) data={'pos': np.int64(150), 'corr_resp': 'v', 'thisN': 146, 'thisTrialN': 146, 'thisRepN': 33}>
816.4508 	DATA 	Keypress: c
816.4550 	EXP 	fixation: autoDraw = False
816.4550 	EXP 	line1: autoDraw = False
816.4550 	EXP 	line2: autoDraw = False
816.4550 	EXP 	line3: autoDraw = False
816.4550 	EXP 	line4: autoDraw = False
816.4550 	EXP 	probe: autoDraw = False
816.4550 	EXP 	fixation: autoDraw = True
816.5400 	EXP 	Device response: <KeyPress from None: t=816.4395639159993, value=c, duration=0.08831925000413321>
817.4452 	EXP 	fixation: autoDraw = False
817.4452 	EXP 	line1: autoDraw = True
817.4452 	EXP 	line2: autoDraw = True
817.4452 	EXP 	line3: autoDraw = True
817.4452 	EXP 	line4: autoDraw = True
818.4453 	INFO 	Keyboard events cleared
818.4451 	EXP 	probe: autoDraw = True
818.8068 	EXP 	Device response: <KeyPress from None: t=818.7974816249989, value=v, duration=None>
818.8074 	EXP 	New trial (rep=33, index=147): <Trial 147 (147 in rep 33) data={'pos': np.int64(-50), 'corr_resp': 'x', 'thisN': 147, 'thisTrialN': 147, 'thisRepN': 33}>
818.8130 	DATA 	Keypress: v
818.8173 	EXP 	fixation: autoDraw = False
818.8173 	EXP 	line1: autoDraw = False
818.8173 	EXP 	line2: autoDraw = False
818.8173 	EXP 	line3: autoDraw = False
818.8173 	EXP 	line4: autoDraw = False
818.8173 	EXP 	probe: autoDraw = False
818.8173 	EXP 	fixation: autoDraw = True
818.8949 	EXP 	Device response: <KeyPress from None: t=818.7974816249989, value=v, duration=0.09632629100087797>
819.8056 	EXP 	line1: autoDraw = True
819.8056 	EXP 	line2: autoDraw = True
819.8056 	EXP 	line3: autoDraw = True
819.8056 	EXP 	line4: autoDraw = True
819.8122 	EXP 	fixation: autoDraw = False
820.8057 	INFO 	Keyboard events cleared
820.8055 	EXP 	probe: autoDraw = True
821.2901 	EXP 	Device response: <KeyPress from None: t=821.286416875002, value=x, duration=None>
821.2906 	EXP 	New trial (rep=34, index=148): <Trial 148 (148 in rep 34) data={'pos': np.int64(150), 'corr_resp': 'v', 'thisN': 148, 'thisTrialN': 148, 'thisRepN': 34}>
821.2959 	DATA 	Keypress: x
821.3000 	EXP 	fixation: autoDraw = False
821.3000 	EXP 	line1: autoDraw = False
821.3000 	EXP 	line2: autoDraw = False
821.3000 	EXP 	line3: autoDraw = False
821.3000 	EXP 	line4: autoDraw = False
821.3000 	EXP 	probe: autoDraw = False
821.3000 	EXP 	fixation: autoDraw = True
821.4436 	EXP 	Device response: <KeyPress from None: t=811.5936741659971, value=x, duration=9.849075542006176>
822.2887 	EXP 	line1: autoDraw = True
822.2887 	EXP 	line2: autoDraw = True
822.2887 	EXP 	line3: autoDraw = True
822.2887 	EXP 	line4: autoDraw = True
822.2944 	EXP 	fixation: autoDraw = False
823.2887 	INFO 	Keyboard events cleared
823.2885 	EXP 	probe: autoDraw = True
823.6733 	EXP 	Device response: <KeyPress from None: t=823.6683238749974, value=v, duration=None>
823.6739 	EXP 	New trial (rep=34, index=149): <Trial 149 (149 in rep 34) data={'pos': np.int64(-50), 'corr_resp': 'x', 'thisN': 149, 'thisTrialN': 149, 'thisRepN': 34}>
823.6794 	DATA 	Keypress: v
823.6834 	EXP 	fixation: autoDraw = False
823.6834 	EXP 	line1: autoDraw = False
823.6834 	EXP 	line2: autoDraw = False
823.6834 	EXP 	line3: autoDraw = False
823.6834 	EXP 	line4: autoDraw = False
823.6834 	EXP 	probe: autoDraw = False
823.6834 	EXP 	fixation: autoDraw = True
823.8066 	EXP 	Device response: <KeyPress from None: t=823.6683238749974, value=v, duration=0.1363948750004056>
824.6721 	EXP 	line1: autoDraw = True
824.6721 	EXP 	line2: autoDraw = True
824.6721 	EXP 	line3: autoDraw = True
824.6721 	EXP 	line4: autoDraw = True
824.6776 	EXP 	fixation: autoDraw = False
825.6721 	INFO 	Keyboard events cleared
825.6720 	EXP 	probe: autoDraw = True
826.2567 	EXP 	Device response: <KeyPress from None: t=826.2441852909978, value=x, duration=None>
826.2573 	EXP 	New trial (rep=35, index=150): <Trial 150 (150 in rep 35) data={'pos': np.int64(-50), 'corr_resp': 'x', 'thisN': 150, 'thisTrialN': 150, 'thisRepN': 35}>
826.2631 	DATA 	Keypress: x
826.2673 	EXP 	fixation: autoDraw = False
826.2673 	EXP 	line1: autoDraw = False
826.2673 	EXP 	line2: autoDraw = False
826.2673 	EXP 	line3: autoDraw = False
826.2673 	EXP 	line4: autoDraw = False
826.2673 	EXP 	probe: autoDraw = False
826.2673 	EXP 	fixation: autoDraw = True
826.3775 	EXP 	Device response: <KeyPress from None: t=821.286416875002, value=x, duration=5.0901632079985575>
827.2553 	EXP 	line1: autoDraw = True
827.2553 	EXP 	line2: autoDraw = True
827.2553 	EXP 	line3: autoDraw = True
827.2553 	EXP 	line4: autoDraw = True
827.2614 	EXP 	fixation: autoDraw = False
828.2553 	INFO 	Keyboard events cleared
828.2551 	EXP 	probe: autoDraw = True
828.7439 	EXP 	Device response: <KeyPress from None: t=828.7388011250005, value=x, duration=None>
828.7443 	EXP 	New trial (rep=35, index=151): <Trial 151 (151 in rep 35) data={'pos': np.int64(150), 'corr_resp': 'v', 'thisN': 151, 'thisTrialN': 151, 'thisRepN': 35}>
828.7495 	DATA 	Keypress: x
828.7543 	EXP 	fixation: autoDraw = False
828.7543 	EXP 	line1: autoDraw = False
828.7543 	EXP 	line2: autoDraw = False
828.7543 	EXP 	line3: autoDraw = False
828.7543 	EXP 	line4: autoDraw = False
828.7543 	EXP 	probe: autoDraw = False
828.7543 	EXP 	fixation: autoDraw = True
828.9238 	EXP 	Device response: <KeyPress from None: t=826.2441852909978, value=x, duration=2.6744279170015943>
829.7450 	EXP 	fixation: autoDraw = False
829.7450 	EXP 	line1: autoDraw = True
829.7450 	EXP 	line2: autoDraw = True
829.7450 	EXP 	line3: autoDraw = True
829.7450 	EXP 	line4: autoDraw = True
830.7389 	INFO 	Keyboard events cleared
830.7387 	EXP 	probe: autoDraw = True
831.2285 	EXP 	Device response: <KeyPress from None: t=831.2242439999973, value=v, duration=None>
831.2288 	EXP 	New trial (rep=39, index=152): <Trial 152 (152 in rep 39) data={'pos': np.int64(50), 'corr_resp': 'c', 'thisN': 152, 'thisTrialN': 152, 'thisRepN': 39}>
831.2341 	DATA 	Keypress: v
831.2382 	EXP 	fixation: autoDraw = False
831.2382 	EXP 	line1: autoDraw = False
831.2382 	EXP 	line2: autoDraw = False
831.2382 	EXP 	line3: autoDraw = False
831.2382 	EXP 	line4: autoDraw = False
831.2382 	EXP 	probe: autoDraw = False
831.2382 	EXP 	fixation: autoDraw = True
831.3443 	EXP 	Device response: <KeyPress from None: t=831.2242439999973, value=v, duration=0.11616675000550458>
832.2284 	EXP 	fixation: autoDraw = False
832.2284 	EXP 	line1: autoDraw = True
832.2284 	EXP 	line2: autoDraw = True
832.2284 	EXP 	line3: autoDraw = True
832.2284 	EXP 	line4: autoDraw = True
833.2291 	INFO 	Keyboard events cleared
833.2290 	EXP 	probe: autoDraw = True
834.4398 	EXP 	Device response: <KeyPress from None: t=834.4291747910029, value=c, duration=None>
834.4402 	EXP 	New trial (rep=40, index=153): <Trial 153 (153 in rep 40) data={'pos': np.int64(50), 'corr_resp': 'c', 'thisN': 153, 'thisTrialN': 153, 'thisRepN': 40}>
834.4457 	DATA 	Keypress: c
834.4500 	EXP 	fixation: autoDraw = False
834.4500 	EXP 	line1: autoDraw = False
834.4500 	EXP 	line2: autoDraw = False
834.4500 	EXP 	line3: autoDraw = False
834.4500 	EXP 	line4: autoDraw = False
834.4500 	EXP 	probe: autoDraw = False
834.4500 	EXP 	fixation: autoDraw = True
834.6729 	EXP 	Device response: <KeyPress from None: t=834.4291747910029, value=c, duration=0.24012879200017778>
835.4384 	EXP 	line1: autoDraw = True
835.4384 	EXP 	line2: autoDraw = True
835.4384 	EXP 	line3: autoDraw = True
835.4384 	EXP 	line4: autoDraw = True
835.4442 	EXP 	fixation: autoDraw = False
836.4387 	INFO 	Keyboard events cleared
836.4385 	EXP 	probe: autoDraw = True
836.8399 	EXP 	Device response: <KeyPress from None: t=836.8350968750019, value=c, duration=None>
836.8405 	EXP 	New trial (rep=36, index=154): <Trial 154 (154 in rep 36) data={'pos': np.int64(-50), 'corr_resp': 'x', 'thisN': 154, 'thisTrialN': 154, 'thisRepN': 36}>
836.8465 	DATA 	Keypress: c
836.8507 	EXP 	fixation: autoDraw = False
836.8507 	EXP 	line1: autoDraw = False
836.8507 	EXP 	line2: autoDraw = False
836.8507 	EXP 	line3: autoDraw = False
836.8507 	EXP 	line4: autoDraw = False
836.8507 	EXP 	probe: autoDraw = False
836.8507 	EXP 	fixation: autoDraw = True
837.0062 	EXP 	Device response: <KeyPress from None: t=836.8350968750019, value=c, duration=0.16829641599906608>
837.8385 	EXP 	line1: autoDraw = True
837.8385 	EXP 	line2: autoDraw = True
837.8385 	EXP 	line3: autoDraw = True
837.8385 	EXP 	line4: autoDraw = True
837.8451 	EXP 	fixation: autoDraw = False
838.8387 	INFO 	Keyboard events cleared
838.8386 	EXP 	probe: autoDraw = True
839.1732 	EXP 	Device response: <KeyPress from None: t=839.1670644580008, value=z, duration=None>
839.1739 	EXP 	New trial (rep=36, index=155): <Trial 155 (155 in rep 36) data={'pos': np.int64(150), 'corr_resp': 'v', 'thisN': 155, 'thisTrialN': 155, 'thisRepN': 36}>
839.1796 	DATA 	Keypress: z
839.1838 	EXP 	fixation: autoDraw = False
839.1838 	EXP 	line1: autoDraw = False
839.1838 	EXP 	line2: autoDraw = False
839.1838 	EXP 	line3: autoDraw = False
839.1838 	EXP 	line4: autoDraw = False
839.1838 	EXP 	probe: autoDraw = False
839.1838 	EXP 	fixation: autoDraw = True
839.3736 	EXP 	Device response: <KeyPress from None: t=839.1670644580008, value=z, duration=0.19630004200007534>
840.1720 	EXP 	line1: autoDraw = True
840.1720 	EXP 	line2: autoDraw = True
840.1720 	EXP 	line3: autoDraw = True
840.1720 	EXP 	line4: autoDraw = True
840.1776 	EXP 	fixation: autoDraw = False
841.1721 	INFO 	Keyboard events cleared
841.1719 	EXP 	probe: autoDraw = True
841.5793 	EXP 	Device response: <KeyPress from None: t=841.5759951250002, value=v, duration=None>
841.5797 	EXP 	New trial (rep=37, index=156): <Trial 156 (156 in rep 37) data={'pos': np.int64(150), 'corr_resp': 'v', 'thisN': 156, 'thisTrialN': 156, 'thisRepN': 37}>
841.5851 	DATA 	Keypress: v
841.5915 	EXP 	fixation: autoDraw = False
841.5915 	EXP 	line1: autoDraw = False
841.5915 	EXP 	line2: autoDraw = False
841.5915 	EXP 	line3: autoDraw = False
841.5915 	EXP 	line4: autoDraw = False
841.5915 	EXP 	probe: autoDraw = False
841.5915 	EXP 	fixation: autoDraw = True
841.6943 	EXP 	Device response: <KeyPress from None: t=841.5759951250002, value=v, duration=0.11647691600228427>
842.5783 	EXP 	line1: autoDraw = True
842.5783 	EXP 	line2: autoDraw = True
842.5783 	EXP 	line3: autoDraw = True
842.5783 	EXP 	line4: autoDraw = True
842.5885 	EXP 	fixation: autoDraw = False
843.5793 	INFO 	Keyboard events cleared
843.5791 	EXP 	probe: autoDraw = True
843.9961 	EXP 	Device response: <KeyPress from None: t=843.9929965409974, value=v, duration=None>
843.9966 	EXP 	New trial (rep=41, index=157): <Trial 157 (157 in rep 41) data={'pos': np.int64(50), 'corr_resp': 'c', 'thisN': 157, 'thisTrialN': 157, 'thisRepN': 41}>
844.0019 	DATA 	Keypress: v
844.0081 	EXP 	fixation: autoDraw = False
844.0081 	EXP 	line1: autoDraw = False
844.0081 	EXP 	line2: autoDraw = False
844.0081 	EXP 	line3: autoDraw = False
844.0081 	EXP 	line4: autoDraw = False
844.0081 	EXP 	probe: autoDraw = False
844.0081 	EXP 	fixation: autoDraw = True
844.1070 	EXP 	Device response: <KeyPress from None: t=843.9929965409974, value=v, duration=0.11214287500479259>
844.9950 	EXP 	line1: autoDraw = True
844.9950 	EXP 	line2: autoDraw = True
844.9950 	EXP 	line3: autoDraw = True
844.9950 	EXP 	line4: autoDraw = True
845.0051 	EXP 	fixation: autoDraw = False
845.9955 	INFO 	Keyboard events cleared
845.9953 	EXP 	probe: autoDraw = True
846.5228 	EXP 	Device response: <KeyPress from None: t=846.5148398329984, value=c, duration=None>
846.5233 	EXP 	New trial (rep=38, index=158): <Trial 158 (158 in rep 38) data={'pos': np.int64(150), 'corr_resp': 'v', 'thisN': 158, 'thisTrialN': 158, 'thisRepN': 38}>
846.5285 	DATA 	Keypress: c
846.5325 	EXP 	fixation: autoDraw = False
846.5325 	EXP 	line1: autoDraw = False
846.5325 	EXP 	line2: autoDraw = False
846.5325 	EXP 	line3: autoDraw = False
846.5325 	EXP 	line4: autoDraw = False
846.5325 	EXP 	probe: autoDraw = False
846.5325 	EXP 	fixation: autoDraw = True
846.7276 	EXP 	Device response: <KeyPress from None: t=846.5148398329984, value=c, duration=0.20834750000358326>
847.5216 	EXP 	line1: autoDraw = True
847.5216 	EXP 	line2: autoDraw = True
847.5216 	EXP 	line3: autoDraw = True
847.5216 	EXP 	line4: autoDraw = True
847.5267 	EXP 	fixation: autoDraw = False
848.5219 	INFO 	Keyboard events cleared
848.5217 	EXP 	probe: autoDraw = True
849.0064 	EXP 	Device response: <KeyPress from None: t=848.9998068330024, value=v, duration=None>
849.0069 	EXP 	New trial (rep=39, index=159): <Trial 159 (159 in rep 39) data={'pos': np.int64(150), 'corr_resp': 'v', 'thisN': 159, 'thisTrialN': 159, 'thisRepN': 39}>
849.0122 	DATA 	Keypress: v
849.0164 	EXP 	fixation: autoDraw = False
849.0164 	EXP 	line1: autoDraw = False
849.0164 	EXP 	line2: autoDraw = False
849.0164 	EXP 	line3: autoDraw = False
849.0164 	EXP 	line4: autoDraw = False
849.0164 	EXP 	probe: autoDraw = False
849.0164 	EXP 	fixation: autoDraw = True
849.1403 	EXP 	Device response: <KeyPress from None: t=848.9998068330024, value=v, duration=0.13231729199469555>
850.0051 	EXP 	line1: autoDraw = True
850.0051 	EXP 	line2: autoDraw = True
850.0051 	EXP 	line3: autoDraw = True
850.0051 	EXP 	line4: autoDraw = True
850.0110 	EXP 	fixation: autoDraw = False
851.0055 	INFO 	Keyboard events cleared
851.0053 	EXP 	probe: autoDraw = True
851.3608 	EXP 	Device response: <KeyPress from None: t=851.3597861250018, value=v, duration=None>
851.3617 	EXP 	New trial (rep=42, index=160): <Trial 160 (160 in rep 42) data={'pos': np.int64(50), 'corr_resp': 'c', 'thisN': 160, 'thisTrialN': 160, 'thisRepN': 42}>
851.3652 	DATA 	Keypress: v
851.3713 	EXP 	fixation: autoDraw = False
851.3713 	EXP 	line1: autoDraw = False
851.3713 	EXP 	line2: autoDraw = False
851.3713 	EXP 	line3: autoDraw = False
851.3713 	EXP 	line4: autoDraw = False
851.3713 	EXP 	probe: autoDraw = False
851.3713 	EXP 	fixation: autoDraw = True
851.5107 	EXP 	Device response: <KeyPress from None: t=851.3597861250018, value=v, duration=0.1483176249967073>
852.3618 	EXP 	fixation: autoDraw = False
852.3618 	EXP 	line1: autoDraw = True
852.3618 	EXP 	line2: autoDraw = True
852.3618 	EXP 	line3: autoDraw = True
852.3618 	EXP 	line4: autoDraw = True
853.3616 	INFO 	Keyboard events cleared
853.3615 	EXP 	probe: autoDraw = True
853.8107 	EXP 	Device response: <KeyPress from None: t=853.8076983330029, value=c, duration=None>
853.8111 	EXP 	New trial (rep=37, index=161): <Trial 161 (161 in rep 37) data={'pos': np.int64(-50), 'corr_resp': 'x', 'thisN': 161, 'thisTrialN': 161, 'thisRepN': 37}>
853.8157 	DATA 	Keypress: c
853.8207 	EXP 	fixation: autoDraw = False
853.8207 	EXP 	line1: autoDraw = False
853.8207 	EXP 	line2: autoDraw = False
853.8207 	EXP 	line3: autoDraw = False
853.8207 	EXP 	line4: autoDraw = False
853.8207 	EXP 	probe: autoDraw = False
853.8207 	EXP 	fixation: autoDraw = True
853.9395 	EXP 	Device response: <KeyPress from None: t=853.8076983330029, value=c, duration=0.1243565420008963>
854.8110 	EXP 	fixation: autoDraw = False
854.8110 	EXP 	line1: autoDraw = True
854.8110 	EXP 	line2: autoDraw = True
854.8110 	EXP 	line3: autoDraw = True
854.8110 	EXP 	line4: autoDraw = True
855.8052 	INFO 	Keyboard events cleared
855.8051 	EXP 	probe: autoDraw = True
856.1785 	EXP 	Device response: <KeyPress from None: t=856.173573125001, value=x, duration=None>
856.1789 	EXP 	New trial (rep=40, index=162): <Trial 162 (162 in rep 40) data={'pos': np.int64(150), 'corr_resp': 'v', 'thisN': 162, 'thisTrialN': 162, 'thisRepN': 40}>
856.1835 	DATA 	Keypress: x
856.1875 	EXP 	fixation: autoDraw = False
856.1875 	EXP 	line1: autoDraw = False
856.1875 	EXP 	line2: autoDraw = False
856.1875 	EXP 	line3: autoDraw = False
856.1875 	EXP 	line4: autoDraw = False
856.1875 	EXP 	probe: autoDraw = False
856.1875 	EXP 	fixation: autoDraw = True
856.3733 	EXP 	Device response: <KeyPress from None: t=828.7388011250005, value=x, duration=27.623152082996967>
857.1781 	EXP 	fixation: autoDraw = False
857.1781 	EXP 	line1: autoDraw = True
857.1781 	EXP 	line2: autoDraw = True
857.1781 	EXP 	line3: autoDraw = True
857.1781 	EXP 	line4: autoDraw = True
858.1718 	INFO 	Keyboard events cleared
858.1716 	EXP 	probe: autoDraw = True
858.5398 	EXP 	Device response: <KeyPress from None: t=858.5301291249998, value=v, duration=None>
858.5403 	EXP 	New trial (rep=41, index=163): <Trial 163 (163 in rep 41) data={'pos': np.int64(150), 'corr_resp': 'v', 'thisN': 163, 'thisTrialN': 163, 'thisRepN': 41}>
858.5452 	DATA 	Keypress: v
858.5491 	EXP 	fixation: autoDraw = False
858.5491 	EXP 	line1: autoDraw = False
858.5491 	EXP 	line2: autoDraw = False
858.5491 	EXP 	line3: autoDraw = False
858.5491 	EXP 	line4: autoDraw = False
858.5491 	EXP 	probe: autoDraw = False
858.5491 	EXP 	fixation: autoDraw = True
858.6897 	EXP 	Device response: <KeyPress from None: t=858.5301291249998, value=v, duration=0.14767558300081873>
859.5384 	EXP 	line1: autoDraw = True
859.5384 	EXP 	line2: autoDraw = True
859.5384 	EXP 	line3: autoDraw = True
859.5384 	EXP 	line4: autoDraw = True
859.5428 	EXP 	fixation: autoDraw = False
860.5384 	INFO 	Keyboard events cleared
860.5383 	EXP 	probe: autoDraw = True
861.1565 	EXP 	Device response: <KeyPress from None: t=861.1515632500013, value=v, duration=None>
861.1570 	EXP 	New trial (rep=41, index=164): <Trial 164 (164 in rep 41) data={'pos': np.int64(-150), 'corr_resp': 'z', 'thisN': 164, 'thisTrialN': 164, 'thisRepN': 41}>
861.1621 	DATA 	Keypress: v
861.1661 	EXP 	fixation: autoDraw = False
861.1661 	EXP 	line1: autoDraw = False
861.1661 	EXP 	line2: autoDraw = False
861.1661 	EXP 	line3: autoDraw = False
861.1661 	EXP 	line4: autoDraw = False
861.1661 	EXP 	probe: autoDraw = False
861.1661 	EXP 	fixation: autoDraw = True
861.3071 	EXP 	Device response: <KeyPress from None: t=861.1515632500013, value=v, duration=0.15239424999890616>
862.1552 	EXP 	line1: autoDraw = True
862.1552 	EXP 	line2: autoDraw = True
862.1552 	EXP 	line3: autoDraw = True
862.1552 	EXP 	line4: autoDraw = True
862.1617 	EXP 	fixation: autoDraw = False
863.1551 	INFO 	Keyboard events cleared
863.1549 	EXP 	probe: autoDraw = True
863.5729 	EXP 	Device response: <KeyPress from None: t=863.5634720000016, value=z, duration=None>
863.5734 	EXP 	New trial (rep=38, index=165): <Trial 165 (165 in rep 38) data={'pos': np.int64(-50), 'corr_resp': 'x', 'thisN': 165, 'thisTrialN': 165, 'thisRepN': 38}>
863.5792 	DATA 	Keypress: z
863.5835 	EXP 	fixation: autoDraw = False
863.5835 	EXP 	line1: autoDraw = False
863.5835 	EXP 	line2: autoDraw = False
863.5835 	EXP 	line3: autoDraw = False
863.5835 	EXP 	line4: autoDraw = False
863.5835 	EXP 	probe: autoDraw = False
863.5835 	EXP 	fixation: autoDraw = True
863.7400 	EXP 	Device response: <KeyPress from None: t=863.5634720000016, value=z, duration=0.1684032080011093>
864.5717 	EXP 	line1: autoDraw = True
864.5717 	EXP 	line2: autoDraw = True
864.5717 	EXP 	line3: autoDraw = True
864.5717 	EXP 	line4: autoDraw = True
864.5779 	EXP 	fixation: autoDraw = False
865.5716 	INFO 	Keyboard events cleared
865.5715 	EXP 	probe: autoDraw = True
866.4730 	EXP 	Device response: <KeyPress from None: t=866.468426958003, value=x, duration=None>
866.4736 	EXP 	New trial (rep=39, index=166): <Trial 166 (166 in rep 39) data={'pos': np.int64(-50), 'corr_resp': 'x', 'thisN': 166, 'thisTrialN': 166, 'thisRepN': 39}>
866.4791 	DATA 	Keypress: x
866.4832 	EXP 	fixation: autoDraw = False
866.4832 	EXP 	line1: autoDraw = False
866.4832 	EXP 	line2: autoDraw = False
866.4832 	EXP 	line3: autoDraw = False
866.4832 	EXP 	line4: autoDraw = False
866.4832 	EXP 	probe: autoDraw = False
866.4832 	EXP 	fixation: autoDraw = True
866.6234 	EXP 	Device response: <KeyPress from None: t=856.173573125001, value=x, duration=10.447202040995762>
867.4717 	EXP 	line1: autoDraw = True
867.4717 	EXP 	line2: autoDraw = True
867.4717 	EXP 	line3: autoDraw = True
867.4717 	EXP 	line4: autoDraw = True
867.4786 	EXP 	fixation: autoDraw = False
868.4717 	INFO 	Keyboard events cleared
868.4715 	EXP 	probe: autoDraw = True
868.9728 	EXP 	Device response: <KeyPress from None: t=868.9674494580031, value=x, duration=None>
868.9734 	EXP 	New trial (rep=42, index=167): <Trial 167 (167 in rep 42) data={'pos': np.int64(150), 'corr_resp': 'v', 'thisN': 167, 'thisTrialN': 167, 'thisRepN': 42}>
868.9791 	DATA 	Keypress: x
868.9831 	EXP 	fixation: autoDraw = False
868.9831 	EXP 	line1: autoDraw = False
868.9831 	EXP 	line2: autoDraw = False
868.9831 	EXP 	line3: autoDraw = False
868.9831 	EXP 	line4: autoDraw = False
868.9831 	EXP 	probe: autoDraw = False
868.9831 	EXP 	fixation: autoDraw = True
869.1277 	EXP 	Device response: <KeyPress from None: t=866.468426958003, value=x, duration=2.6552507919986965>
869.9716 	EXP 	line1: autoDraw = True
869.9716 	EXP 	line2: autoDraw = True
869.9716 	EXP 	line3: autoDraw = True
869.9716 	EXP 	line4: autoDraw = True
869.9767 	EXP 	fixation: autoDraw = False
870.9717 	INFO 	Keyboard events cleared
870.9715 	EXP 	probe: autoDraw = True
871.3563 	EXP 	Device response: <KeyPress from None: t=871.3542906660005, value=v, duration=None>
871.3569 	EXP 	New trial (rep=43, index=168): <Trial 168 (168 in rep 43) data={'pos': np.int64(50), 'corr_resp': 'c', 'thisN': 168, 'thisTrialN': 168, 'thisRepN': 43}>
871.3626 	DATA 	Keypress: v
871.3668 	EXP 	fixation: autoDraw = False
871.3668 	EXP 	line1: autoDraw = False
871.3668 	EXP 	line2: autoDraw = False
871.3668 	EXP 	line3: autoDraw = False
871.3668 	EXP 	line4: autoDraw = False
871.3668 	EXP 	probe: autoDraw = False
871.3668 	EXP 	fixation: autoDraw = True
871.4731 	EXP 	Device response: <KeyPress from None: t=871.3542906660005, value=v, duration=0.11228187500091735>
872.3550 	EXP 	line1: autoDraw = True
872.3550 	EXP 	line2: autoDraw = True
872.3550 	EXP 	line3: autoDraw = True
872.3550 	EXP 	line4: autoDraw = True
872.3605 	EXP 	fixation: autoDraw = False
873.3550 	INFO 	Keyboard events cleared
873.3548 	EXP 	probe: autoDraw = True
873.8282 	EXP 	Device response: <KeyPress from None: t=873.8252619580016, value=c, duration=None>
873.8286 	EXP 	New trial (rep=43, index=169): <Trial 169 (169 in rep 43) data={'pos': np.int64(150), 'corr_resp': 'v', 'thisN': 169, 'thisTrialN': 169, 'thisRepN': 43}>
873.8337 	DATA 	Keypress: c
873.8379 	EXP 	fixation: autoDraw = False
873.8379 	EXP 	line1: autoDraw = False
873.8379 	EXP 	line2: autoDraw = False
873.8379 	EXP 	line3: autoDraw = False
873.8379 	EXP 	line4: autoDraw = False
873.8379 	EXP 	probe: autoDraw = False
873.8379 	EXP 	fixation: autoDraw = True
873.9733 	EXP 	Device response: <KeyPress from None: t=873.8252619580016, value=c, duration=0.13631175000045914>
874.8275 	EXP 	fixation: autoDraw = False
874.8275 	EXP 	line1: autoDraw = True
874.8275 	EXP 	line2: autoDraw = True
874.8275 	EXP 	line3: autoDraw = True
874.8275 	EXP 	line4: autoDraw = True
875.8280 	INFO 	Keyboard events cleared
875.8278 	EXP 	probe: autoDraw = True
876.2063 	EXP 	Device response: <KeyPress from None: t=876.1941435830013, value=v, duration=None>
876.2069 	EXP 	New trial (rep=42, index=170): <Trial 170 (170 in rep 42) data={'pos': np.int64(-150), 'corr_resp': 'z', 'thisN': 170, 'thisTrialN': 170, 'thisRepN': 42}>
876.2122 	DATA 	Keypress: v
876.2162 	EXP 	fixation: autoDraw = False
876.2162 	EXP 	line1: autoDraw = False
876.2162 	EXP 	line2: autoDraw = False
876.2162 	EXP 	line3: autoDraw = False
876.2162 	EXP 	line4: autoDraw = False
876.2162 	EXP 	probe: autoDraw = False
876.2162 	EXP 	fixation: autoDraw = True
876.3097 	EXP 	Device response: <KeyPress from None: t=876.1941435830013, value=v, duration=0.11224599999695783>
877.2049 	EXP 	line1: autoDraw = True
877.2049 	EXP 	line2: autoDraw = True
877.2049 	EXP 	line3: autoDraw = True
877.2049 	EXP 	line4: autoDraw = True
877.2107 	EXP 	fixation: autoDraw = False
878.2050 	INFO 	Keyboard events cleared
878.2048 	EXP 	probe: autoDraw = True
878.6725 	EXP 	Device response: <KeyPress from None: t=878.6690199579971, value=z, duration=None>
878.6730 	EXP 	New trial (rep=40, index=171): <Trial 171 (171 in rep 40) data={'pos': np.int64(-50), 'corr_resp': 'x', 'thisN': 171, 'thisTrialN': 171, 'thisRepN': 40}>
878.6786 	DATA 	Keypress: z
878.6827 	EXP 	fixation: autoDraw = False
878.6827 	EXP 	line1: autoDraw = False
878.6827 	EXP 	line2: autoDraw = False
878.6827 	EXP 	line3: autoDraw = False
878.6827 	EXP 	line4: autoDraw = False
878.6827 	EXP 	probe: autoDraw = False
878.6827 	EXP 	fixation: autoDraw = True
878.8610 	EXP 	Device response: <KeyPress from None: t=878.6690199579971, value=z, duration=0.18842616700567305>
879.6714 	EXP 	line1: autoDraw = True
879.6714 	EXP 	line2: autoDraw = True
879.6714 	EXP 	line3: autoDraw = True
879.6714 	EXP 	line4: autoDraw = True
879.6769 	EXP 	fixation: autoDraw = False
880.6716 	INFO 	Keyboard events cleared
880.6714 	EXP 	probe: autoDraw = True
881.0892 	EXP 	Device response: <KeyPress from None: t=881.0840926250021, value=x, duration=None>
881.0896 	EXP 	New trial (rep=44, index=172): <Trial 172 (172 in rep 44) data={'pos': np.int64(150), 'corr_resp': 'v', 'thisN': 172, 'thisTrialN': 172, 'thisRepN': 44}>
881.0950 	DATA 	Keypress: x
881.0989 	EXP 	fixation: autoDraw = False
881.0989 	EXP 	line1: autoDraw = False
881.0989 	EXP 	line2: autoDraw = False
881.0989 	EXP 	line3: autoDraw = False
881.0989 	EXP 	line4: autoDraw = False
881.0989 	EXP 	probe: autoDraw = False
881.0989 	EXP 	fixation: autoDraw = True
881.2563 	EXP 	Device response: <KeyPress from None: t=868.9674494580031, value=x, duration=12.27692258299794>
882.0882 	EXP 	line1: autoDraw = True
882.0882 	EXP 	line2: autoDraw = True
882.0882 	EXP 	line3: autoDraw = True
882.0882 	EXP 	line4: autoDraw = True
882.0940 	EXP 	fixation: autoDraw = False
883.0882 	INFO 	Keyboard events cleared
883.0881 	EXP 	probe: autoDraw = True
883.4780 	EXP 	Device response: <KeyPress from None: t=883.4720213330002, value=v, duration=None>
883.4784 	EXP 	New trial (rep=44, index=173): <Trial 173 (173 in rep 44) data={'pos': np.int64(50), 'corr_resp': 'c', 'thisN': 173, 'thisTrialN': 173, 'thisRepN': 44}>
883.4834 	DATA 	Keypress: v
883.4876 	EXP 	fixation: autoDraw = False
883.4876 	EXP 	line1: autoDraw = False
883.4876 	EXP 	line2: autoDraw = False
883.4876 	EXP 	line3: autoDraw = False
883.4876 	EXP 	line4: autoDraw = False
883.4876 	EXP 	probe: autoDraw = False
883.4876 	EXP 	fixation: autoDraw = True
883.5945 	EXP 	Device response: <KeyPress from None: t=883.4720213330002, value=v, duration=0.12034533300175099>
884.4793 	EXP 	fixation: autoDraw = False
884.4793 	EXP 	line1: autoDraw = True
884.4793 	EXP 	line2: autoDraw = True
884.4793 	EXP 	line3: autoDraw = True
884.4793 	EXP 	line4: autoDraw = True
885.4776 	INFO 	Keyboard events cleared
885.4774 	EXP 	probe: autoDraw = True
885.8894 	EXP 	Device response: <KeyPress from None: t=885.882944541001, value=c, duration=None>
885.8899 	EXP 	New trial (rep=45, index=174): <Trial 174 (174 in rep 45) data={'pos': np.int64(150), 'corr_resp': 'v', 'thisN': 174, 'thisTrialN': 174, 'thisRepN': 45}>
885.8951 	DATA 	Keypress: c
885.8992 	EXP 	fixation: autoDraw = False
885.8992 	EXP 	line1: autoDraw = False
885.8992 	EXP 	line2: autoDraw = False
885.8992 	EXP 	line3: autoDraw = False
885.8992 	EXP 	line4: autoDraw = False
885.8992 	EXP 	probe: autoDraw = False
885.8992 	EXP 	fixation: autoDraw = True
886.0272 	EXP 	Device response: <KeyPress from None: t=885.882944541001, value=c, duration=0.14035379199776798>
886.8881 	EXP 	line1: autoDraw = True
886.8881 	EXP 	line2: autoDraw = True
886.8881 	EXP 	line3: autoDraw = True
886.8881 	EXP 	line4: autoDraw = True
886.8945 	EXP 	fixation: autoDraw = False
887.8881 	INFO 	Keyboard events cleared
887.8879 	EXP 	probe: autoDraw = True
888.3728 	EXP 	Device response: <KeyPress from None: t=888.3689490830002, value=v, duration=None>
888.3734 	EXP 	New trial (rep=41, index=175): <Trial 175 (175 in rep 41) data={'pos': np.int64(-50), 'corr_resp': 'x', 'thisN': 175, 'thisTrialN': 175, 'thisRepN': 41}>
888.3792 	DATA 	Keypress: v
888.3834 	EXP 	fixation: autoDraw = False
888.3834 	EXP 	line1: autoDraw = False
888.3834 	EXP 	line2: autoDraw = False
888.3834 	EXP 	line3: autoDraw = False
888.3834 	EXP 	line4: autoDraw = False
888.3834 	EXP 	probe: autoDraw = False
888.3834 	EXP 	fixation: autoDraw = True
888.5102 	EXP 	Device response: <KeyPress from None: t=888.3689490830002, value=v, duration=0.14023654199991142>
889.3716 	EXP 	line1: autoDraw = True
889.3716 	EXP 	line2: autoDraw = True
889.3716 	EXP 	line3: autoDraw = True
889.3716 	EXP 	line4: autoDraw = True
889.3783 	EXP 	fixation: autoDraw = False
890.3714 	INFO 	Keyboard events cleared
890.3712 	EXP 	probe: autoDraw = True
890.7280 	EXP 	Device response: <KeyPress from None: t=890.721705625001, value=x, duration=None>
890.7284 	EXP 	New trial (rep=45, index=176): <Trial 176 (176 in rep 45) data={'pos': np.int64(50), 'corr_resp': 'c', 'thisN': 176, 'thisTrialN': 176, 'thisRepN': 45}>
890.7336 	DATA 	Keypress: x
890.7380 	EXP 	fixation: autoDraw = False
890.7380 	EXP 	line1: autoDraw = False
890.7380 	EXP 	line2: autoDraw = False
890.7380 	EXP 	line3: autoDraw = False
890.7380 	EXP 	line4: autoDraw = False
890.7380 	EXP 	probe: autoDraw = False
890.7380 	EXP 	fixation: autoDraw = True
890.9067 	EXP 	Device response: <KeyPress from None: t=881.0840926250021, value=x, duration=9.818065166000451>
891.7285 	EXP 	fixation: autoDraw = False
891.7285 	EXP 	line1: autoDraw = True
891.7285 	EXP 	line2: autoDraw = True
891.7285 	EXP 	line3: autoDraw = True
891.7285 	EXP 	line4: autoDraw = True
892.7279 	INFO 	Keyboard events cleared
892.7277 	EXP 	probe: autoDraw = True
893.0893 	EXP 	Device response: <KeyPress from None: t=893.0857601660027, value=v, duration=None>
893.0899 	EXP 	New trial (rep=43, index=177): <Trial 177 (177 in rep 43) data={'pos': np.int64(-150), 'corr_resp': 'z', 'thisN': 177, 'thisTrialN': 177, 'thisRepN': 43}>
893.0959 	DATA 	Keypress: v
893.1002 	EXP 	fixation: autoDraw = False
893.1002 	EXP 	line1: autoDraw = False
893.1002 	EXP 	line2: autoDraw = False
893.1002 	EXP 	line3: autoDraw = False
893.1002 	EXP 	line4: autoDraw = False
893.1002 	EXP 	probe: autoDraw = False
893.1002 	EXP 	fixation: autoDraw = True
893.2232 	EXP 	Device response: <KeyPress from None: t=893.0857601660027, value=v, duration=0.12431204199674539>
894.0881 	EXP 	line1: autoDraw = True
894.0881 	EXP 	line2: autoDraw = True
894.0881 	EXP 	line3: autoDraw = True
894.0881 	EXP 	line4: autoDraw = True
894.0946 	EXP 	fixation: autoDraw = False
895.0882 	INFO 	Keyboard events cleared
895.0880 	EXP 	probe: autoDraw = True
895.5618 	EXP 	Device response: <KeyPress from None: t=895.5566222080015, value=z, duration=None>
895.5622 	EXP 	New trial (rep=46, index=178): <Trial 178 (178 in rep 46) data={'pos': np.int64(50), 'corr_resp': 'c', 'thisN': 178, 'thisTrialN': 178, 'thisRepN': 46}>
895.5676 	DATA 	Keypress: z
895.5881 	EXP 	fixation: autoDraw = False
895.5881 	EXP 	line1: autoDraw = False
895.5881 	EXP 	line2: autoDraw = False
895.5881 	EXP 	line3: autoDraw = False
895.5881 	EXP 	line4: autoDraw = False
895.5881 	EXP 	probe: autoDraw = False
895.5881 	EXP 	fixation: autoDraw = True
895.7394 	EXP 	Device response: <KeyPress from None: t=895.5566222080015, value=z, duration=0.17266679200110957>
896.5624 	EXP 	line1: autoDraw = True
896.5624 	EXP 	line2: autoDraw = True
896.5624 	EXP 	line3: autoDraw = True
896.5624 	EXP 	line4: autoDraw = True
896.5757 	EXP 	fixation: autoDraw = False
897.5618 	INFO 	Keyboard events cleared
897.5616 	EXP 	probe: autoDraw = True
897.9395 	EXP 	Device response: <KeyPress from None: t=897.9286663750026, value=c, duration=None>
897.9400 	EXP 	New trial (rep=46, index=179): <Trial 179 (179 in rep 46) data={'pos': np.int64(150), 'corr_resp': 'v', 'thisN': 179, 'thisTrialN': 179, 'thisRepN': 46}>
897.9461 	DATA 	Keypress: c
897.9503 	EXP 	fixation: autoDraw = False
897.9503 	EXP 	line1: autoDraw = False
897.9503 	EXP 	line2: autoDraw = False
897.9503 	EXP 	line3: autoDraw = False
897.9503 	EXP 	line4: autoDraw = False
897.9503 	EXP 	probe: autoDraw = False
897.9503 	EXP 	fixation: autoDraw = True
898.0898 	EXP 	Device response: <KeyPress from None: t=897.9286663750026, value=c, duration=0.15625666599953547>
898.9380 	EXP 	line1: autoDraw = True
898.9380 	EXP 	line2: autoDraw = True
898.9380 	EXP 	line3: autoDraw = True
898.9380 	EXP 	line4: autoDraw = True
898.9449 	EXP 	fixation: autoDraw = False
899.9380 	INFO 	Keyboard events cleared
899.9379 	EXP 	probe: autoDraw = True
900.2732 	EXP 	Device response: <KeyPress from None: t=900.2626149580028, value=v, duration=None>
900.2739 	EXP 	New trial (rep=42, index=180): <Trial 180 (180 in rep 42) data={'pos': np.int64(-50), 'corr_resp': 'x', 'thisN': 180, 'thisTrialN': 180, 'thisRepN': 42}>
900.2798 	DATA 	Keypress: v
900.2842 	EXP 	fixation: autoDraw = False
900.2842 	EXP 	line1: autoDraw = False
900.2842 	EXP 	line2: autoDraw = False
900.2842 	EXP 	line3: autoDraw = False
900.2842 	EXP 	line4: autoDraw = False
900.2842 	EXP 	probe: autoDraw = False
900.2842 	EXP 	fixation: autoDraw = True
900.3893 	EXP 	Device response: <KeyPress from None: t=900.2626149580028, value=v, duration=0.12037824999424629>
901.2714 	EXP 	line1: autoDraw = True
901.2714 	EXP 	line2: autoDraw = True
901.2714 	EXP 	line3: autoDraw = True
901.2714 	EXP 	line4: autoDraw = True
901.2763 	EXP 	fixation: autoDraw = False
902.2715 	INFO 	Keyboard events cleared
902.2713 	EXP 	probe: autoDraw = True
902.7111 	EXP 	Device response: <KeyPress from None: t=902.7064902080019, value=x, duration=None>
902.7115 	EXP 	New trial (rep=47, index=181): <Trial 181 (181 in rep 47) data={'pos': np.int64(150), 'corr_resp': 'v', 'thisN': 181, 'thisTrialN': 181, 'thisRepN': 47}>
902.7168 	DATA 	Keypress: x
902.7211 	EXP 	fixation: autoDraw = False
902.7211 	EXP 	line1: autoDraw = False
902.7211 	EXP 	line2: autoDraw = False
902.7211 	EXP 	line3: autoDraw = False
902.7211 	EXP 	line4: autoDraw = False
902.7211 	EXP 	probe: autoDraw = False
902.7211 	EXP 	fixation: autoDraw = True
902.8606 	EXP 	Device response: <KeyPress from None: t=890.721705625001, value=x, duration=12.13715320800111>
903.7104 	EXP 	fixation: autoDraw = False
903.7104 	EXP 	line1: autoDraw = True
903.7104 	EXP 	line2: autoDraw = True
903.7104 	EXP 	line3: autoDraw = True
903.7104 	EXP 	line4: autoDraw = True
904.7112 	INFO 	Keyboard events cleared
904.7110 	EXP 	probe: autoDraw = True
905.1112 	EXP 	Device response: <KeyPress from None: t=905.1095412909999, value=v, duration=None>
905.1116 	EXP 	New trial (rep=44, index=182): <Trial 182 (182 in rep 44) data={'pos': np.int64(-150), 'corr_resp': 'z', 'thisN': 182, 'thisTrialN': 182, 'thisRepN': 44}>
905.1169 	DATA 	Keypress: v
905.1213 	EXP 	fixation: autoDraw = False
905.1213 	EXP 	line1: autoDraw = False
905.1213 	EXP 	line2: autoDraw = False
905.1213 	EXP 	line3: autoDraw = False
905.1213 	EXP 	line4: autoDraw = False
905.1213 	EXP 	probe: autoDraw = False
905.1213 	EXP 	fixation: autoDraw = True
905.2103 	EXP 	Device response: <KeyPress from None: t=905.1095412909999, value=v, duration=0.0961844170014956>
906.1104 	EXP 	fixation: autoDraw = False
906.1104 	EXP 	line1: autoDraw = True
906.1104 	EXP 	line2: autoDraw = True
906.1104 	EXP 	line3: autoDraw = True
906.1104 	EXP 	line4: autoDraw = True
907.1117 	INFO 	Keyboard events cleared
907.1115 	EXP 	probe: autoDraw = True
907.5946 	EXP 	Device response: <KeyPress from None: t=907.5914863750004, value=z, duration=None>
907.5951 	EXP 	New trial (rep=48, index=183): <Trial 183 (183 in rep 48) data={'pos': np.int64(150), 'corr_resp': 'v', 'thisN': 183, 'thisTrialN': 183, 'thisRepN': 48}>
907.6004 	DATA 	Keypress: z
907.6047 	EXP 	fixation: autoDraw = False
907.6047 	EXP 	line1: autoDraw = False
907.6047 	EXP 	line2: autoDraw = False
907.6047 	EXP 	line3: autoDraw = False
907.6047 	EXP 	line4: autoDraw = False
907.6047 	EXP 	probe: autoDraw = False
907.6047 	EXP 	fixation: autoDraw = True
907.7731 	EXP 	Device response: <KeyPress from None: t=907.5914863750004, value=z, duration=0.17231120799988275>
908.5947 	EXP 	fixation: autoDraw = False
908.5947 	EXP 	line1: autoDraw = True
908.5947 	EXP 	line2: autoDraw = True
908.5947 	EXP 	line3: autoDraw = True
908.5947 	EXP 	line4: autoDraw = True
909.5940 	INFO 	Keyboard events cleared
909.5939 	EXP 	probe: autoDraw = True
910.2894 	EXP 	Device response: <KeyPress from None: t=910.2804319580027, value=v, duration=None>
910.2900 	EXP 	New trial (rep=45, index=184): <Trial 184 (184 in rep 45) data={'pos': np.int64(-150), 'corr_resp': 'z', 'thisN': 184, 'thisTrialN': 184, 'thisRepN': 45}>
910.2955 	DATA 	Keypress: v
910.2995 	EXP 	fixation: autoDraw = False
910.2995 	EXP 	line1: autoDraw = False
910.2995 	EXP 	line2: autoDraw = False
910.2995 	EXP 	line3: autoDraw = False
910.2995 	EXP 	line4: autoDraw = False
910.2995 	EXP 	probe: autoDraw = False
910.2995 	EXP 	fixation: autoDraw = True
910.4396 	EXP 	Device response: <KeyPress from None: t=910.2804319580027, value=v, duration=0.14822304200060898>
911.2879 	EXP 	line1: autoDraw = True
911.2879 	EXP 	line2: autoDraw = True
911.2879 	EXP 	line3: autoDraw = True
911.2879 	EXP 	line4: autoDraw = True
911.2937 	EXP 	fixation: autoDraw = False
912.2880 	INFO 	Keyboard events cleared
912.2878 	EXP 	probe: autoDraw = True
912.8114 	EXP 	Device response: <KeyPress from None: t=912.8062847499968, value=z, duration=None>
912.8118 	EXP 	New trial (rep=43, index=185): <Trial 185 (185 in rep 43) data={'pos': np.int64(-50), 'corr_resp': 'x', 'thisN': 185, 'thisTrialN': 185, 'thisRepN': 43}>
912.8170 	DATA 	Keypress: z
912.8212 	EXP 	fixation: autoDraw = False
912.8212 	EXP 	line1: autoDraw = False
912.8212 	EXP 	line2: autoDraw = False
912.8212 	EXP 	line3: autoDraw = False
912.8212 	EXP 	line4: autoDraw = False
912.8212 	EXP 	probe: autoDraw = False
912.8212 	EXP 	fixation: autoDraw = True
912.9269 	EXP 	Device response: <KeyPress from None: t=912.8062847499968, value=z, duration=0.1163485000070068>
913.8117 	EXP 	fixation: autoDraw = False
913.8117 	EXP 	line1: autoDraw = True
913.8117 	EXP 	line2: autoDraw = True
913.8117 	EXP 	line3: autoDraw = True
913.8117 	EXP 	line4: autoDraw = True
914.8112 	INFO 	Keyboard events cleared
914.8110 	EXP 	probe: autoDraw = True
915.4062 	EXP 	Device response: <KeyPress from None: t=915.3993465000021, value=x, duration=None>
915.4068 	EXP 	New trial (rep=44, index=186): <Trial 186 (186 in rep 44) data={'pos': np.int64(-50), 'corr_resp': 'x', 'thisN': 186, 'thisTrialN': 186, 'thisRepN': 44}>
915.4127 	DATA 	Keypress: x
915.4168 	EXP 	fixation: autoDraw = False
915.4168 	EXP 	line1: autoDraw = False
915.4168 	EXP 	line2: autoDraw = False
915.4168 	EXP 	line3: autoDraw = False
915.4168 	EXP 	line4: autoDraw = False
915.4168 	EXP 	probe: autoDraw = False
915.4168 	EXP 	fixation: autoDraw = True
915.5391 	EXP 	Device response: <KeyPress from None: t=902.7064902080019, value=x, duration=12.825123541995708>
916.4045 	EXP 	line1: autoDraw = True
916.4045 	EXP 	line2: autoDraw = True
916.4045 	EXP 	line3: autoDraw = True
916.4045 	EXP 	line4: autoDraw = True
916.4100 	EXP 	fixation: autoDraw = False
917.4048 	INFO 	Keyboard events cleared
917.4046 	EXP 	probe: autoDraw = True
917.7944 	EXP 	Device response: <KeyPress from None: t=917.7901090829982, value=x, duration=None>
917.7948 	EXP 	New trial (rep=46, index=187): <Trial 187 (187 in rep 46) data={'pos': np.int64(-150), 'corr_resp': 'z', 'thisN': 187, 'thisTrialN': 187, 'thisRepN': 46}>
917.8001 	DATA 	Keypress: x
917.8044 	EXP 	fixation: autoDraw = False
917.8044 	EXP 	line1: autoDraw = False
917.8044 	EXP 	line2: autoDraw = False
917.8044 	EXP 	line3: autoDraw = False
917.8044 	EXP 	line4: autoDraw = False
917.8044 	EXP 	probe: autoDraw = False
917.8044 	EXP 	fixation: autoDraw = True
917.9263 	EXP 	Device response: <KeyPress from None: t=915.3993465000021, value=x, duration=2.5231694159956533>
918.7949 	EXP 	fixation: autoDraw = False
918.7949 	EXP 	line1: autoDraw = True
918.7949 	EXP 	line2: autoDraw = True
918.7949 	EXP 	line3: autoDraw = True
918.7949 	EXP 	line4: autoDraw = True
919.7881 	INFO 	Keyboard events cleared
919.7878 	EXP 	probe: autoDraw = True
920.1560 	EXP 	Device response: <KeyPress from None: t=920.1520465409994, value=z, duration=None>
920.1566 	EXP 	New trial (rep=49, index=188): <Trial 188 (188 in rep 49) data={'pos': np.int64(150), 'corr_resp': 'v', 'thisN': 188, 'thisTrialN': 188, 'thisRepN': 49}>
920.1626 	DATA 	Keypress: z
920.1667 	EXP 	fixation: autoDraw = False
920.1667 	EXP 	line1: autoDraw = False
920.1667 	EXP 	line2: autoDraw = False
920.1667 	EXP 	line3: autoDraw = False
920.1667 	EXP 	line4: autoDraw = False
920.1667 	EXP 	probe: autoDraw = False
920.1667 	EXP 	fixation: autoDraw = True
920.3272 	EXP 	Device response: <KeyPress from None: t=920.1520465409994, value=z, duration=0.17247883399977582>
921.1545 	EXP 	line1: autoDraw = True
921.1545 	EXP 	line2: autoDraw = True
921.1545 	EXP 	line3: autoDraw = True
921.1545 	EXP 	line4: autoDraw = True
921.1597 	EXP 	fixation: autoDraw = False
922.1548 	INFO 	Keyboard events cleared
922.1546 	EXP 	probe: autoDraw = True
922.5777 	EXP 	Device response: <KeyPress from None: t=922.5740012910028, value=v, duration=None>
922.5781 	EXP 	New trial (rep=47, index=189): <Trial 189 (189 in rep 47) data={'pos': np.int64(50), 'corr_resp': 'c', 'thisN': 189, 'thisTrialN': 189, 'thisRepN': 47}>
922.5834 	DATA 	Keypress: v
922.5878 	EXP 	fixation: autoDraw = False
922.5878 	EXP 	line1: autoDraw = False
922.5878 	EXP 	line2: autoDraw = False
922.5878 	EXP 	line3: autoDraw = False
922.5878 	EXP 	line4: autoDraw = False
922.5878 	EXP 	probe: autoDraw = False
922.5878 	EXP 	fixation: autoDraw = True
922.7231 	EXP 	Device response: <KeyPress from None: t=922.5740012910028, value=v, duration=0.144480916998873>
923.5772 	EXP 	fixation: autoDraw = False
923.5772 	EXP 	line1: autoDraw = True
923.5772 	EXP 	line2: autoDraw = True
923.5772 	EXP 	line3: autoDraw = True
923.5772 	EXP 	line4: autoDraw = True
924.5777 	INFO 	Keyboard events cleared
924.5775 	EXP 	probe: autoDraw = True
925.1225 	EXP 	Device response: <KeyPress from None: t=925.1200829160007, value=c, duration=None>
925.1230 	EXP 	New trial (rep=45, index=190): <Trial 190 (190 in rep 45) data={'pos': np.int64(-50), 'corr_resp': 'x', 'thisN': 190, 'thisTrialN': 190, 'thisRepN': 45}>
925.1289 	DATA 	Keypress: c
925.1330 	EXP 	fixation: autoDraw = False
925.1330 	EXP 	line1: autoDraw = False
925.1330 	EXP 	line2: autoDraw = False
925.1330 	EXP 	line3: autoDraw = False
925.1330 	EXP 	line4: autoDraw = False
925.1330 	EXP 	probe: autoDraw = False
925.1330 	EXP 	fixation: autoDraw = True
925.2397 	EXP 	Device response: <KeyPress from None: t=925.1200829160007, value=c, duration=0.11230629200144904>
926.1211 	EXP 	line1: autoDraw = True
926.1211 	EXP 	line2: autoDraw = True
926.1211 	EXP 	line3: autoDraw = True
926.1211 	EXP 	line4: autoDraw = True
926.1269 	EXP 	fixation: autoDraw = False
927.1211 	INFO 	Keyboard events cleared
927.1210 	EXP 	probe: autoDraw = True
927.7558 	EXP 	Device response: <KeyPress from None: t=927.7462284580033, value=x, duration=None>
927.7564 	EXP 	New trial (rep=46, index=191): <Trial 191 (191 in rep 46) data={'pos': np.int64(-50), 'corr_resp': 'x', 'thisN': 191, 'thisTrialN': 191, 'thisRepN': 46}>
927.7624 	DATA 	Keypress: x
927.7666 	EXP 	fixation: autoDraw = False
927.7666 	EXP 	line1: autoDraw = False
927.7666 	EXP 	line2: autoDraw = False
927.7666 	EXP 	line3: autoDraw = False
927.7666 	EXP 	line4: autoDraw = False
927.7666 	EXP 	probe: autoDraw = False
927.7666 	EXP 	fixation: autoDraw = True
927.8925 	EXP 	Device response: <KeyPress from None: t=917.7901090829982, value=x, duration=10.100209417003498>
928.7546 	EXP 	line1: autoDraw = True
928.7546 	EXP 	line2: autoDraw = True
928.7546 	EXP 	line3: autoDraw = True
928.7546 	EXP 	line4: autoDraw = True
928.7607 	EXP 	fixation: autoDraw = False
929.7547 	INFO 	Keyboard events cleared
929.7545 	EXP 	probe: autoDraw = True
930.1558 	EXP 	Device response: <KeyPress from None: t=930.1479919999983, value=x, duration=None>
930.1564 	EXP 	New trial (rep=47, index=192): <Trial 192 (192 in rep 47) data={'pos': np.int64(-50), 'corr_resp': 'x', 'thisN': 192, 'thisTrialN': 192, 'thisRepN': 47}>
930.1621 	DATA 	Keypress: x
930.1669 	EXP 	fixation: autoDraw = False
930.1669 	EXP 	line1: autoDraw = False
930.1669 	EXP 	line2: autoDraw = False
930.1669 	EXP 	line3: autoDraw = False
930.1669 	EXP 	line4: autoDraw = False
930.1669 	EXP 	probe: autoDraw = False
930.1669 	EXP 	fixation: autoDraw = True
930.3064 	EXP 	Device response: <KeyPress from None: t=927.7462284580033, value=x, duration=2.557965582993347>
931.1544 	EXP 	line1: autoDraw = True
931.1544 	EXP 	line2: autoDraw = True
931.1544 	EXP 	line3: autoDraw = True
931.1544 	EXP 	line4: autoDraw = True
931.1596 	EXP 	fixation: autoDraw = False
932.1545 	INFO 	Keyboard events cleared
932.1543 	EXP 	probe: autoDraw = True
932.5109 	EXP 	Device response: <KeyPress from None: t=932.5091606659989, value=x, duration=None>
932.5113 	EXP 	New trial (rep=48, index=193): <Trial 193 (193 in rep 48) data={'pos': np.int64(50), 'corr_resp': 'c', 'thisN': 193, 'thisTrialN': 193, 'thisRepN': 48}>
932.5165 	DATA 	Keypress: x
932.5208 	EXP 	fixation: autoDraw = False
932.5208 	EXP 	line1: autoDraw = False
932.5208 	EXP 	line2: autoDraw = False
932.5208 	EXP 	line3: autoDraw = False
932.5208 	EXP 	line4: autoDraw = False
932.5208 	EXP 	probe: autoDraw = False
932.5208 	EXP 	fixation: autoDraw = True
932.7054 	EXP 	Device response: <KeyPress from None: t=930.1479919999983, value=x, duration=2.5532095410017064>
933.5113 	EXP 	fixation: autoDraw = False
933.5113 	EXP 	line1: autoDraw = True
933.5113 	EXP 	line2: autoDraw = True
933.5113 	EXP 	line3: autoDraw = True
933.5113 	EXP 	line4: autoDraw = True
934.5045 	INFO 	Keyboard events cleared
934.5043 	EXP 	probe: autoDraw = True
935.2558 	EXP 	Device response: <KeyPress from None: t=935.2447925829983, value=c, duration=None>
935.2564 	EXP 	New trial (rep=47, index=194): <Trial 194 (194 in rep 47) data={'pos': np.int64(-150), 'corr_resp': 'z', 'thisN': 194, 'thisTrialN': 194, 'thisRepN': 47}>
935.2628 	DATA 	Keypress: c
935.2668 	EXP 	fixation: autoDraw = False
935.2668 	EXP 	line1: autoDraw = False
935.2668 	EXP 	line2: autoDraw = False
935.2668 	EXP 	line3: autoDraw = False
935.2668 	EXP 	line4: autoDraw = False
935.2668 	EXP 	probe: autoDraw = False
935.2668 	EXP 	fixation: autoDraw = True
935.4430 	EXP 	Device response: <KeyPress from None: t=935.2447925829983, value=c, duration=0.19635691700386815>
936.2544 	EXP 	line1: autoDraw = True
936.2544 	EXP 	line2: autoDraw = True
936.2544 	EXP 	line3: autoDraw = True
936.2544 	EXP 	line4: autoDraw = True
936.2599 	EXP 	fixation: autoDraw = False
937.2544 	INFO 	Keyboard events cleared
937.2543 	EXP 	probe: autoDraw = True
937.8116 	EXP 	Device response: <KeyPress from None: t=937.8097719159996, value=z, duration=None>
937.8121 	EXP 	New trial (rep=48, index=195): <Trial 195 (195 in rep 48) data={'pos': np.int64(-150), 'corr_resp': 'z', 'thisN': 195, 'thisTrialN': 195, 'thisRepN': 48}>
937.8174 	DATA 	Keypress: z
937.8379 	EXP 	fixation: autoDraw = False
937.8379 	EXP 	line1: autoDraw = False
937.8379 	EXP 	line2: autoDraw = False
937.8379 	EXP 	line3: autoDraw = False
937.8379 	EXP 	line4: autoDraw = False
937.8379 	EXP 	probe: autoDraw = False
937.8379 	EXP 	fixation: autoDraw = True
937.9728 	EXP 	Device response: <KeyPress from None: t=937.8097719159996, value=z, duration=0.1603302090006764>
938.8104 	EXP 	line1: autoDraw = True
938.8104 	EXP 	line2: autoDraw = True
938.8104 	EXP 	line3: autoDraw = True
938.8104 	EXP 	line4: autoDraw = True
938.8273 	EXP 	fixation: autoDraw = False
939.8096 	INFO 	Keyboard events cleared
939.8094 	EXP 	probe: autoDraw = True
943.4390 	EXP 	Device response: <KeyPress from None: t=943.4366127079993, value=z, duration=None>
943.4396 	EXP 	New trial (rep=48, index=196): <Trial 196 (196 in rep 48) data={'pos': np.int64(-50), 'corr_resp': 'x', 'thisN': 196, 'thisTrialN': 196, 'thisRepN': 48}>
943.4452 	DATA 	Keypress: z
943.4493 	EXP 	fixation: autoDraw = False
943.4493 	EXP 	line1: autoDraw = False
943.4493 	EXP 	line2: autoDraw = False
943.4493 	EXP 	line3: autoDraw = False
943.4493 	EXP 	line4: autoDraw = False
943.4493 	EXP 	probe: autoDraw = False
943.4493 	EXP 	fixation: autoDraw = True
943.5889 	EXP 	Device response: <KeyPress from None: t=943.4366127079993, value=z, duration=0.1444310000006226>
944.4375 	EXP 	line1: autoDraw = True
944.4375 	EXP 	line2: autoDraw = True
944.4375 	EXP 	line3: autoDraw = True
944.4375 	EXP 	line4: autoDraw = True
944.4422 	EXP 	fixation: autoDraw = False
945.4375 	INFO 	Keyboard events cleared
945.4374 	EXP 	probe: autoDraw = True
945.9277 	EXP 	Device response: <KeyPress from None: t=945.9255036660034, value=x, duration=None>
945.9281 	EXP 	New trial (rep=49, index=197): <Trial 197 (197 in rep 49) data={'pos': np.int64(50), 'corr_resp': 'c', 'thisN': 197, 'thisTrialN': 197, 'thisRepN': 49}>
945.9331 	DATA 	Keypress: x
945.9373 	EXP 	fixation: autoDraw = False
945.9373 	EXP 	line1: autoDraw = False
945.9373 	EXP 	line2: autoDraw = False
945.9373 	EXP 	line3: autoDraw = False
945.9373 	EXP 	line4: autoDraw = False
945.9373 	EXP 	probe: autoDraw = False
945.9373 	EXP 	fixation: autoDraw = True
946.0555 	EXP 	Device response: <KeyPress from None: t=932.5091606659989, value=x, duration=13.53664291700261>
946.9264 	EXP 	fixation: autoDraw = False
946.9264 	EXP 	line1: autoDraw = True
946.9264 	EXP 	line2: autoDraw = True
946.9264 	EXP 	line3: autoDraw = True
946.9264 	EXP 	line4: autoDraw = True
947.9273 	INFO 	Keyboard events cleared
947.9272 	EXP 	probe: autoDraw = True
948.3889 	EXP 	Device response: <KeyPress from None: t=948.3785447909977, value=c, duration=None>
948.3895 	EXP 	New trial (rep=49, index=198): <Trial 198 (198 in rep 49) data={'pos': np.int64(-150), 'corr_resp': 'z', 'thisN': 198, 'thisTrialN': 198, 'thisRepN': 49}>
948.3951 	DATA 	Keypress: c
948.3993 	EXP 	fixation: autoDraw = False
948.3993 	EXP 	line1: autoDraw = False
948.3993 	EXP 	line2: autoDraw = False
948.3993 	EXP 	line3: autoDraw = False
948.3993 	EXP 	line4: autoDraw = False
948.3993 	EXP 	probe: autoDraw = False
948.3993 	EXP 	fixation: autoDraw = True
948.5057 	EXP 	Device response: <KeyPress from None: t=948.3785447909977, value=c, duration=0.12434658400161425>
949.3875 	EXP 	line1: autoDraw = True
949.3875 	EXP 	line2: autoDraw = True
949.3875 	EXP 	line3: autoDraw = True
949.3875 	EXP 	line4: autoDraw = True
949.3922 	EXP 	fixation: autoDraw = False
950.3878 	INFO 	Keyboard events cleared
950.3875 	EXP 	probe: autoDraw = True
950.7724 	EXP 	Device response: <KeyPress from None: t=950.7644093749986, value=z, duration=None>
950.7730 	EXP 	New trial (rep=49, index=199): <Trial 199 (199 in rep 49) data={'pos': np.int64(-50), 'corr_resp': 'x', 'thisN': 199, 'thisTrialN': 199, 'thisRepN': 49}>
950.7785 	DATA 	Keypress: z
950.7825 	EXP 	fixation: autoDraw = False
950.7825 	EXP 	line1: autoDraw = False
950.7825 	EXP 	line2: autoDraw = False
950.7825 	EXP 	line3: autoDraw = False
950.7825 	EXP 	line4: autoDraw = False
950.7825 	EXP 	probe: autoDraw = False
950.7825 	EXP 	fixation: autoDraw = True
950.9060 	EXP 	Device response: <KeyPress from None: t=950.7644093749986, value=z, duration=0.1363188750037807>
951.7710 	EXP 	line1: autoDraw = True
951.7710 	EXP 	line2: autoDraw = True
951.7710 	EXP 	line3: autoDraw = True
951.7710 	EXP 	line4: autoDraw = True
951.7777 	EXP 	fixation: autoDraw = False
952.7710 	INFO 	Keyboard events cleared
952.7708 	EXP 	probe: autoDraw = True
953.1388 	EXP 	Device response: <KeyPress from None: t=953.1374118750027, value=x, duration=None>
953.1437 	EXP 	fixation: autoDraw = False
953.1437 	EXP 	line1: autoDraw = False
953.1437 	EXP 	line2: autoDraw = False
953.1437 	EXP 	line3: autoDraw = False
953.1437 	EXP 	line4: autoDraw = False
953.1437 	EXP 	probe: autoDraw = False
953.1438 	EXP 	Motor Sequential Learning: status = STOPPED
953.2471 	INFO 	saved data to '/Users/vineesmacbook/Desktop/PsychoPy/Motor Sequential Learning/data/01_Motor Sequential Learning_2025-10-01_13h58.21.630.csv'
953.2514 	INFO 	saved data to /Users/vineesmacbook/Desktop/PsychoPy/Motor Sequential Learning/data/01_Motor Sequential Learning_2025-10-01_13h58.21.630.psydat
953.2527 	DATA 	Keypress: x
953.3967 	WARNING 	Stopping key buffers but this could be dangerous ifother keyboards rely on the same.
953.3967 	WARNING 	Stopping key buffers but this could be dangerous ifother keyboards rely on the same.
