pos,corr_resp,thisN,thisTrialN,thisRepN,key_resp.keys,key_resp.corr,key_resp.rt,key_resp.duration,trials.thisRepN,trials.thisTrialN,trials.thisN,trials.thisIndex,trials_2.thisRepN,trials_2.thisTrialN,trials_2.thisN,trials_2.thisIndex,thisRow.t,notes,trial.started,fixation.started,line1.started,line2.started,line3.started,line4.started,fixation.stopped,probe.started,key_resp.started,trial.stopped,trials.key_resp.keys,trials.key_resp.corr,trials.key_resp.rt,trials.key_resp.duration,trials_2.key_resp.keys,trials_2.key_resp.corr,trials_2.key_resp.rt,trials_2.key_resp.duration,participant,session,date,expName,expVersion,psychopyVersion,frameRate,expStart,
-50,x,0,0,0,x,1,4.027233875000093,None,0,0,0,0,,,,,0.024559625002439134,,0.015464667005289812,0.024559625002439134,1.0032988329985528,1.0032988329985528,1.0032988329985528,1.0032988329985528,1.019712500004971,1.99442283299868,1.99442283299868,6.214447541999107,x,1,4.027233875000093,None,,,,,02,001,2025-10-02_10h23.27.958,Motor Sequential Learning,,2025.1.1,None,2025-10-02 10h23.36.415650 +0530,
150,v,1,1,0,v,1,0.5327592920002644,None,0,1,1,1,,,,,6.222274083003867,,6.214700666998397,6.222274083003867,7.208076333001372,7.208076333001372,7.208076333001372,7.208076333001372,7.219648582999071,8.211011708001024,8.211011708001024,8.754630875002476,v,1,0.5327592920002644,None,,,,,02,001,2025-10-02_10h23.27.958,Motor Sequential Learning,,2025.1.1,None,2025-10-02 10h23.36.415650 +0530,
50,c,2,2,0,c,1,0.5599063339977874,None,0,2,2,2,,,,,8.763924457998655,,8.755432500001916,8.763924457998655,9.753028375002032,9.753028375002032,9.753028375002032,9.753028375002032,9.757354250003118,10.752977083000587,10.752977083000587,11.321214499999769,c,1,0.5599063339977874,None,,,,,02,001,2025-10-02_10h23.27.958,Motor Sequential Learning,,2025.1.1,None,2025-10-02 10h23.36.415650 +0530,
-150,z,3,3,0,z,1,0.7779642500026966,None,0,3,3,3,,,,,11.330588832999638,,11.322010000003502,11.330588832999638,12.319626666998374,12.319626666998374,12.319626666998374,12.319626666998374,12.324359833000926,13.319733249998535,13.319733249998535,14.104547499999171,z,1,0.7779642500026966,None,,,,,02,001,2025-10-02_10h23.27.958,Motor Sequential Learning,,2025.1.1,None,2025-10-02 10h23.36.415650 +0530,
-50,x,4,0,1,x,1,0.3895691670040833,None,1,0,4,0,,,,,14.114452499998151,,14.105133666998881,14.114452499998151,15.102900292004051,15.102900292004051,15.102900292004051,15.102900292004051,15.107831083005294,16.10301299999992,16.10301299999992,16.50432254200132,x,1,0.3895691670040833,None,,,,,02,001,2025-10-02_10h23.27.958,Motor Sequential Learning,,2025.1.1,None,2025-10-02 10h23.36.415650 +0530,
150,v,5,1,1,v,1,0.40245087500079535,None,1,1,5,1,,,,,16.51452387500467,,16.505069541999546,16.51452387500467,17.502899167004216,17.502899167004216,17.502899167004216,17.502899167004216,17.507669124999666,18.503065125005378,18.503065125005378,18.908823999998276,v,1,0.40245087500079535,None,,,,,02,001,2025-10-02_10h23.27.958,Motor Sequential Learning,,2025.1.1,None,2025-10-02 10h23.36.415650 +0530,
50,c,6,2,1,c,1,0.40357662499445723,None,1,2,6,2,,,,,18.918924167002842,,18.909335458003625,18.918924167002842,19.90299941700505,19.90299941700505,19.90299941700505,19.90299941700505,19.90798504200211,20.90290804200049,20.90290804200049,21.308656624998548,c,1,0.40357662499445723,None,,,,,02,001,2025-10-02_10h23.27.958,Motor Sequential Learning,,2025.1.1,None,2025-10-02 10h23.36.415650 +0530,
-150,z,7,3,1,z,1,0.4036287920025643,None,1,3,7,3,,,,,21.318968332998338,,21.309308292002243,21.318968332998338,22.30295954200119,22.30295954200119,22.30295954200119,22.30295954200119,22.30805204200442,23.30282850000367,23.30282850000367,23.708459458001016,z,1,0.4036287920025643,None,,,,,02,001,2025-10-02_10h23.27.958,Motor Sequential Learning,,2025.1.1,None,2025-10-02 10h23.36.415650 +0530,
-50,x,8,0,2,x,1,0.37212183399969945,None,2,0,8,0,,,,,23.718716957999277,,23.708946582999488,23.718716957999277,24.70764033299929,24.70764033299929,24.70764033299929,24.70764033299929,24.70764033299929,25.70930387500266,25.70930387500266,26.087790707999375,x,1,0.37212183399969945,None,,,,,02,001,2025-10-02_10h23.27.958,Motor Sequential Learning,,2025.1.1,None,2025-10-02 10h23.36.415650 +0530,
150,v,9,1,2,v,1,0.4303414169989992,None,2,1,9,1,,,,,26.097788541999762,,26.088711249998596,26.097788541999762,27.086174167001445,27.086174167001445,27.086174167001445,27.086174167001445,27.091121792000195,28.086079625005368,28.086079625005368,28.520561042001646,v,1,0.4303414169989992,None,,,,,02,001,2025-10-02_10h23.27.958,Motor Sequential Learning,,2025.1.1,None,2025-10-02 10h23.36.415650 +0530,
50,c,10,2,2,c,1,0.3827420000015991,None,2,2,10,2,,,,,28.52518254199822,,28.521227583005384,28.52518254199822,29.51946937500179,29.51946937500179,29.51946937500179,29.51946937500179,29.52438925000024,30.519536749998224,30.519536749998224,30.904438042001857,c,1,0.3827420000015991,None,,,,,02,001,2025-10-02_10h23.27.958,Motor Sequential Learning,,2025.1.1,None,2025-10-02 10h23.36.415650 +0530,
-150,z,11,3,2,z,1,0.3543417920009233,None,2,3,11,3,,,,,30.90991012500308,,30.905375082998944,30.90991012500308,31.90289466700051,31.90289466700051,31.90289466700051,31.90289466700051,31.908285124998656,32.902832457999466,32.902832457999466,33.25836508299835,z,1,0.3543417920009233,None,,,,,02,001,2025-10-02_10h23.27.958,Motor Sequential Learning,,2025.1.1,None,2025-10-02 10h23.36.415650 +0530,
-50,x,12,0,3,x,1,0.3595667499976116,None,3,0,12,0,,,,,33.26850620799814,,33.25883179200173,33.26850620799814,34.2579162080001,34.2579162080001,34.2579162080001,34.2579162080001,34.2579162080001,35.25269087500055,35.25269087500055,35.62085875000048,x,1,0.3595667499976116,None,,,,,02,001,2025-10-02_10h23.27.958,Motor Sequential Learning,,2025.1.1,None,2025-10-02 10h23.36.415650 +0530,
150,v,13,1,3,v,1,0.27770370800135424,None,3,1,13,1,,,,,35.630963667004835,,35.621837874998164,35.630963667004835,36.61941262500477,36.61941262500477,36.61941262500477,36.61941262500477,36.624272667002515,37.61946512500435,37.61946512500435,37.90473708300124,v,1,0.27770370800135424,None,,,,,02,001,2025-10-02_10h23.27.958,Motor Sequential Learning,,2025.1.1,None,2025-10-02 10h23.36.415650 +0530,
50,c,14,2,3,c,1,0.34539941700495547,None,3,2,14,2,,,,,37.91516670800047,,37.90554487500049,37.91516670800047,38.90277041700028,38.90277041700028,38.90277041700028,38.90277041700028,38.9078435420015,39.90268350000406,39.90268350000406,40.254014292004285,c,1,0.34539941700495547,None,,,,,02,001,2025-10-02_10h23.27.958,Motor Sequential Learning,,2025.1.1,None,2025-10-02 10h23.36.415650 +0530,
-150,z,15,3,3,z,1,0.6152903750044061,None,3,3,15,3,,,,,40.26399866700376,,40.25470862500515,40.26399866700376,41.25269012500212,41.25269012500212,41.25269012500212,41.25269012500212,41.25751941699855,42.25278495800012,42.25278495800012,42.87107237500459,z,1,0.6152903750044061,None,,,,,02,001,2025-10-02_10h23.27.958,Motor Sequential Learning,,2025.1.1,None,2025-10-02 10h23.36.415650 +0530,
-50,x,16,0,4,x,1,0.438493917004962,None,4,0,16,0,,,,,42.87638383300509,,42.87175075000414,42.87638383300509,43.86931883299985,43.86931883299985,43.86931883299985,43.86931883299985,43.87389191699913,44.8694167920039,44.8694167920039,45.32101341700036,x,1,0.438493917004962,None,,,,,02,001,2025-10-02_10h23.27.958,Motor Sequential Learning,,2025.1.1,None,2025-10-02 10h23.36.415650 +0530,
150,v,17,1,4,v,1,0.5273830420046579,None,4,1,17,1,,,,,45.33167016700463,,45.321909667,45.33167016700463,46.31937633299822,46.31937633299822,46.31937633299822,46.31937633299822,46.3242112500011,47.31952333300433,47.31952333300433,47.85478004199831,v,1,0.5273830420046579,None,,,,,02,001,2025-10-02_10h23.27.958,Motor Sequential Learning,,2025.1.1,None,2025-10-02 10h23.36.415650 +0530,
50,c,18,2,4,c,1,0.4884300420017098,None,4,2,18,2,,,,,47.864211708001676,,47.855751916999,47.864211708001676,48.8527816249989,48.8527816249989,48.8527816249989,48.8527816249989,48.85801650000212,49.852456749998964,49.852456749998964,50.34286358299869,c,1,0.4884300420017098,None,,,,,02,001,2025-10-02_10h23.27.958,Motor Sequential Learning,,2025.1.1,None,2025-10-02 10h23.36.415650 +0530,
-150,z,19,3,4,z,1,0.5282622499944409,None,4,3,19,3,,,,,50.37024283299979,,50.343335083001875,50.37024283299979,51.34139012500236,51.34139012500236,51.34139012500236,51.34139012500236,51.35685341700446,52.3425142499982,52.3425142499982,52.875193332998606,z,1,0.5282622499944409,None,,,,,02,001,2025-10-02_10h23.27.958,Motor Sequential Learning,,2025.1.1,None,2025-10-02 10h23.36.415650 +0530,
-50,x,20,0,5,x,1,0.4296447079977952,None,5,0,20,0,,,,,52.88545916700241,,52.875702750003256,52.88545916700241,53.87422629199864,53.87422629199864,53.87422629199864,53.87422629199864,53.87422629199864,54.875023749998945,54.875023749998945,55.309124500003236,x,1,0.4296447079977952,None,,,,,02,001,2025-10-02_10h23.27.958,Motor Sequential Learning,,2025.1.1,None,2025-10-02 10h23.36.415650 +0530,
150,v,21,1,5,v,1,0.4432472080006846,None,5,1,21,1,,,,,55.31895108300523,,55.3096002079983,55.31895108300523,56.307642542000394,56.307642542000394,56.307642542000394,56.307642542000394,56.307642542000394,57.30847024999821,57.30847024999821,57.754612917000486,v,1,0.4432472080006846,None,,,,,02,001,2025-10-02_10h23.27.958,Motor Sequential Learning,,2025.1.1,None,2025-10-02 10h23.36.415650 +0530,
50,c,22,2,5,v,0,0.395875583999441,None,5,2,22,2,,,,,57.759930874999554,,57.75576079200255,57.759930874999554,58.752563667003415,58.752563667003415,58.752563667003415,58.752563667003415,58.75705116699828,59.75268150000193,59.75268150000193,60.15379766700062,v,0,0.395875583999441,None,,,,,02,001,2025-10-02_10h23.27.958,Motor Sequential Learning,,2025.1.1,None,2025-10-02 10h23.36.415650 +0530,
-150,z,23,3,5,z,1,0.5901695829961682,None,5,3,23,3,,,,,60.163780041999416,,60.154674958001124,60.163780041999416,61.152615541999694,61.152615541999694,61.152615541999694,61.152615541999694,61.157486750002136,62.15248541699839,62.15248541699839,62.75413475000096,z,1,0.5901695829961682,None,,,,,02,001,2025-10-02_10h23.27.958,Motor Sequential Learning,,2025.1.1,None,2025-10-02 10h23.36.415650 +0530,
-50,x,24,0,6,x,1,0.3959466660016915,None,6,0,24,0,,,,,62.763999292001245,,62.75480229200184,62.763999292001245,63.752444875004585,63.752444875004585,63.752444875004585,63.752444875004585,63.756680333004624,64.75255008300155,64.75255008300155,65.1541285830026,x,1,0.3959466660016915,None,,,,,02,001,2025-10-02_10h23.27.958,Motor Sequential Learning,,2025.1.1,None,2025-10-02 10h23.36.415650 +0530,
150,v,25,1,6,v,1,0.48891200000070967,None,6,1,25,1,,,,,65.16425191699818,,65.15496458300186,65.16425191699818,66.15250037499936,66.15250037499936,66.15250037499936,66.15250037499936,66.15741720799997,67.15270179200161,67.15270179200161,67.65401550000388,v,1,0.48891200000070967,None,,,,,02,001,2025-10-02_10h23.27.958,Motor Sequential Learning,,2025.1.1,None,2025-10-02 10h23.36.415650 +0530,
50,c,26,2,6,c,1,0.4678977500007022,None,6,2,26,2,,,,,67.66441595800279,,67.65468170800159,67.66441595800279,68.65259120800329,68.65259120800329,68.65259120800329,68.65259120800329,68.65762783300306,69.65251966700453,69.65251966700453,70.12549325000145,c,1,0.4678977500007022,None,,,,,02,001,2025-10-02_10h23.27.958,Motor Sequential Learning,,2025.1.1,None,2025-10-02 10h23.36.415650 +0530,
-150,z,27,3,6,z,1,0.5433430409975699,None,6,3,27,3,,,,,70.13519291700504,,70.12600895800279,70.13519291700504,71.1239978750018,71.1239978750018,71.1239978750018,71.1239978750018,71.1239978750018,72.12496875000215,72.12496875000215,72.67044325000461,z,1,0.5433430409975699,None,,,,,02,001,2025-10-02_10h23.27.958,Motor Sequential Learning,,2025.1.1,None,2025-10-02 10h23.36.415650 +0530,
-50,x,28,0,7,x,1,0.36716862499451963,None,7,0,28,0,,,,,72.67611787500209,,72.67132241700165,72.67611787500209,73.6691232919984,73.6691232919984,73.6691232919984,73.6691232919984,73.6741952500015,74.66915641700325,74.66915641700325,75.04280133300199,x,1,0.36716862499451963,None,,,,,02,001,2025-10-02_10h23.27.958,Motor Sequential Learning,,2025.1.1,None,2025-10-02 10h23.36.415650 +0530,
150,v,29,1,7,v,1,0.45081962500262307,None,7,1,29,1,,,,,75.07002254200052,,75.04330866700184,75.07002254200052,76.04086495799856,76.04086495799856,76.04086495799856,76.04086495799856,76.0575211250034,77.0434115829994,77.0434115829994,77.50461595800152,v,1,0.45081962500262307,None,,,,,02,001,2025-10-02_10h23.27.958,Motor Sequential Learning,,2025.1.1,None,2025-10-02 10h23.36.415650 +0530,
50,c,30,2,7,c,1,0.4358514580017072,None,7,2,30,2,,,,,77.51509204199829,,77.50547550000192,77.51509204199829,78.50235029200121,78.50235029200121,78.50235029200121,78.50235029200121,78.5064687080012,79.50226525000471,79.50226525000471,79.94222858300054,c,1,0.4358514580017072,None,,,,,02,001,2025-10-02_10h23.27.958,Motor Sequential Learning,,2025.1.1,None,2025-10-02 10h23.36.415650 +0530,
-150,z,31,3,7,z,1,0.4768214580035419,None,7,3,31,3,,,,,79.95228533299814,,79.94272750000528,79.95228533299814,80.94138187500357,80.94138187500357,80.94138187500357,80.94138187500357,80.94138187500357,81.9415677500001,81.9415677500001,82.42059958300524,z,1,0.4768214580035419,None,,,,,02,001,2025-10-02_10h23.27.958,Motor Sequential Learning,,2025.1.1,None,2025-10-02 10h23.36.415650 +0530,
-50,x,32,0,8,x,1,0.595203249999031,None,8,0,32,0,,,,,82.42622620800103,,82.4214824580049,82.42622620800103,83.4189322500024,83.4189322500024,83.4189322500024,83.4189322500024,83.4231846670009,84.41901637500268,84.41901637500268,85.02044745800231,x,1,0.595203249999031,None,,,,,02,001,2025-10-02_10h23.27.958,Motor Sequential Learning,,2025.1.1,None,2025-10-02 10h23.36.415650 +0530,
150,v,33,1,8,v,1,0.3759434160019737,None,8,1,33,1,,,,,85.03077887499967,,85.02112216700334,85.03077887499967,86.01899283300008,86.01899283300008,86.01899283300008,86.01899283300008,86.02335254200443,87.01905800000532,87.01905800000532,87.40384070800064,v,1,0.3759434160019737,None,,,,,02,001,2025-10-02_10h23.27.958,Motor Sequential Learning,,2025.1.1,None,2025-10-02 10h23.36.415650 +0530,
50,c,34,2,8,c,1,0.39252879199921153,None,8,2,34,2,,,,,87.41397683299874,,87.40478233300382,87.41397683299874,88.40236225000262,88.40236225000262,88.40236225000262,88.40236225000262,88.40692175000004,89.40245716700156,89.40245716700156,89.80399879199831,c,1,0.39252879199921153,None,,,,,02,001,2025-10-02_10h23.27.958,Motor Sequential Learning,,2025.1.1,None,2025-10-02 10h23.36.415650 +0530,
-150,z,35,3,8,z,1,0.39963370799523545,None,8,3,35,3,,,,,89.81445058299869,,89.80488045800303,89.81445058299869,90.8024011669986,90.8024011669986,90.8024011669986,90.8024011669986,90.80730250000488,91.80227949999971,91.80227949999971,92.20424029200512,z,1,0.39963370799523545,None,,,,,02,001,2025-10-02_10h23.27.958,Motor Sequential Learning,,2025.1.1,None,2025-10-02 10h23.36.415650 +0530,
-50,x,36,0,9,x,1,0.47358229200472124,None,9,0,36,0,,,,,92.20931162500347,,92.20513862500229,92.20931162500347,93.20243320800364,93.20243320800364,93.20243320800364,93.20243320800364,93.20719325000391,94.20229566700436,94.20229566700436,94.68715075000364,x,1,0.47358229200472124,None,,,,,02,001,2025-10-02_10h23.27.958,Motor Sequential Learning,,2025.1.1,None,2025-10-02 10h23.36.415650 +0530,
150,v,37,1,9,v,1,0.40111391699610977,None,9,1,37,1,,,,,94.69730649999838,,94.68801225000061,94.69730649999838,95.68551279199892,95.68551279199892,95.68551279199892,95.68551279199892,95.68968200000381,96.68565433299955,96.68565433299955,97.09122683299938,v,1,0.40111391699610977,None,,,,,02,001,2025-10-02_10h23.27.958,Motor Sequential Learning,,2025.1.1,None,2025-10-02 10h23.36.415650 +0530,
50,c,38,2,9,c,1,0.6142886250017909,None,9,2,38,2,,,,,97.10140354200121,,97.0917174999995,97.10140354200121,98.09054420800385,98.09054420800385,98.09054420800385,98.09054420800385,98.09054420800385,99.08547116700356,99.08547116700356,99.70385870800237,c,1,0.6142886250017909,None,,,,,02,001,2025-10-02_10h23.27.958,Motor Sequential Learning,,2025.1.1,None,2025-10-02 10h23.36.415650 +0530,
-150,z,39,3,9,z,1,0.26357783400453627,None,9,3,39,3,,,,,99.70928837500105,,99.70480274999863,99.70928837500105,100.70218775000103,100.70218775000103,100.70218775000103,100.70218775000103,100.70634804200381,101.702079667004,101.702079667004,101.97055979200377,z,1,0.26357783400453627,None,,,,,02,001,2025-10-02_10h23.27.958,Motor Sequential Learning,,2025.1.1,None,2025-10-02 10h23.36.415650 +0530,
-50,x,40,0,10,x,1,0.5758325839997269,None,10,0,40,0,,,,,101.9759117920039,,101.97145841699967,101.9759117920039,102.9689187920012,102.9689187920012,102.9689187920012,102.9689187920012,102.973425958,103.96885816700524,103.96885816700524,104.55368616700434,x,1,0.5758325839997269,None,,,,,02,001,2025-10-02_10h23.27.958,Motor Sequential Learning,,2025.1.1,None,2025-10-02 10h23.36.415650 +0530,
150,v,41,1,10,v,1,0.3044616670013056,None,10,1,41,1,,,,,104.5639379580025,,104.55452404200332,104.5639379580025,105.55213887499849,105.55213887499849,105.55213887499849,105.55213887499849,105.55761870800052,106.55220845800068,106.55220845800068,106.8589446670012,v,1,0.3044616670013056,None,,,,,02,001,2025-10-02_10h23.27.958,Motor Sequential Learning,,2025.1.1,None,2025-10-02 10h23.36.415650 +0530,
50,c,42,2,10,c,1,0.30992883299768437,None,10,2,42,2,,,,,106.86868025000149,,106.85945220800204,106.86868025000149,107.85721712500526,107.85721712500526,107.85721712500526,107.85721712500526,107.85721712500526,108.8575565420033,108.8575565420033,109.17037183300272,c,1,0.30992883299768437,None,,,,,02,001,2025-10-02_10h23.27.958,Motor Sequential Learning,,2025.1.1,None,2025-10-02 10h23.36.415650 +0530,
-150,z,43,3,10,z,1,0.5267035840006429,None,10,3,43,3,,,,,109.17581379200419,,109.17120504200284,109.17581379200419,110.16882220800471,110.16882220800471,110.16882220800471,110.16882220800471,110.17323220799881,111.16885441700288,111.16885441700288,111.70382487500319,z,1,0.5267035840006429,None,,,,,02,001,2025-10-02_10h23.27.958,Motor Sequential Learning,,2025.1.1,None,2025-10-02 10h23.36.415650 +0530,
-50,x,44,0,11,x,1,0.29441683400364127,None,11,0,44,0,,,,,111.71416329200292,,111.7047114579982,111.71416329200292,112.70209666700248,112.70209666700248,112.70209666700248,112.70209666700248,112.70634404200246,113.70206362500176,113.70206362500176,114.00365883300401,x,1,0.29441683400364127,None,,,,,02,001,2025-10-02_10h23.27.958,Motor Sequential Learning,,2025.1.1,None,2025-10-02 10h23.36.415650 +0530,
150,v,45,1,11,v,1,0.26031249999505235,None,11,1,45,1,,,,,114.01386654200178,,114.00451299999986,114.01386654200178,115.00204483300331,115.00204483300331,115.00204483300331,115.00204483300331,115.00685774999874,116.00211662500078,116.00211662500078,116.27042116699886,v,1,0.26031249999505235,None,,,,,02,001,2025-10-02_10h23.27.958,Motor Sequential Learning,,2025.1.1,None,2025-10-02 10h23.36.415650 +0530,
50,c,46,2,11,c,1,0.26959129099850543,None,11,2,46,2,,,,,116.28060116700362,,116.27126158300234,116.28060116700362,117.2687033750044,117.2687033750044,117.2687033750044,117.2687033750044,117.27354091699817,118.26860420800222,118.26860420800222,118.54183975000342,c,1,0.26959129099850543,None,,,,,02,001,2025-10-02_10h23.27.958,Motor Sequential Learning,,2025.1.1,None,2025-10-02 10h23.36.415650 +0530,
-150,z,47,3,11,z,1,0.34706783299770905,None,11,3,47,3,,,,,118.55158662499889,,118.54233466699952,118.55158662499889,119.5401720000009,119.5401720000009,119.5401720000009,119.5401720000009,119.5401720000009,120.54110612500517,120.54110612500517,120.89202837500488,z,1,0.34706783299770905,None,,,,,02,001,2025-10-02_10h23.27.958,Motor Sequential Learning,,2025.1.1,None,2025-10-02 10h23.36.415650 +0530,
-50,x,48,0,12,x,1,0.27234375000261934,None,12,0,48,0,,,,,120.90539470800286,,120.89251133300422,120.90539470800286,121.89045279200218,121.89045279200218,121.89045279200218,121.89045279200218,121.90203712500079,122.89191025000036,122.89191025000036,123.17051608300244,x,1,0.27234375000261934,None,,,,,02,001,2025-10-02_10h23.27.958,Motor Sequential Learning,,2025.1.1,None,2025-10-02 10h23.36.415650 +0530,
150,v,49,1,12,v,1,0.2746367920044577,None,12,1,49,1,,,,,123.18091062500025,,123.17147712500446,123.18091062500025,124.16867095800262,124.16867095800262,124.16867095800262,124.16867095800262,124.17352350000147,125.16854008300288,125.16854008300288,125.45367737500055,v,1,0.2746367920044577,None,,,,,02,001,2025-10-02_10h23.27.958,Motor Sequential Learning,,2025.1.1,None,2025-10-02 10h23.36.415650 +0530,
50,c,50,2,12,c,1,0.3370225830003619,None,12,2,50,2,,,,,125.46466645799956,,125.45456729199941,125.46466645799956,126.45191750000231,126.45191750000231,126.45191750000231,126.45191750000231,126.45620016699831,127.45187641699886,127.45187641699886,127.79120087499905,c,1,0.3370225830003619,None,,,,,02,001,2025-10-02_10h23.27.958,Motor Sequential Learning,,2025.1.1,None,2025-10-02 10h23.36.415650 +0530,
-150,z,51,3,12,z,1,0.3150371669980814,None,12,3,51,3,,,,,127.80107754200435,,127.79168912499881,127.80107754200435,128.79005000000325,128.79005000000325,128.79005000000325,128.79005000000325,128.79005000000325,129.79101437500503,129.79101437500503,130.1083542080014,z,1,0.3150371669980814,None,,,,,02,001,2025-10-02_10h23.27.958,Motor Sequential Learning,,2025.1.1,None,2025-10-02 10h23.36.415650 +0530,
-50,x,52,0,13,x,1,0.2986501660052454,None,13,0,52,0,,,,,130.11784512500162,,130.1088341670038,130.11784512500162,131.1067870830011,131.1067870830011,131.1067870830011,131.1067870830011,131.1067870830011,132.10829058300442,132.10829058300442,132.40830654199817,x,1,0.2986501660052454,None,,,,,02,001,2025-10-02_10h23.27.958,Motor Sequential Learning,,2025.1.1,None,2025-10-02 10h23.36.415650 +0530,
150,v,53,1,13,v,1,0.3078741249992163,None,13,1,53,1,,,,,132.41797041700192,,132.40883654200297,132.41797041700192,133.40725233300327,133.40725233300327,133.40725233300327,133.40725233300327,133.40725233300327,134.4081146669996,134.4081146669996,134.71983387500222,v,1,0.3078741249992163,None,,,,,02,001,2025-10-02_10h23.27.958,Motor Sequential Learning,,2025.1.1,None,2025-10-02 10h23.36.415650 +0530,
50,c,54,2,13,c,1,0.27744049999455456,None,13,2,54,2,,,,,134.72506137500022,,134.7205097920014,134.72506137500022,135.71852358300384,135.71852358300384,135.71852358300384,135.71852358300384,135.72362375000375,136.71858345800138,136.71858345800138,137.00341166699945,c,1,0.27744049999455456,None,,,,,02,001,2025-10-02_10h23.27.958,Motor Sequential Learning,,2025.1.1,None,2025-10-02 10h23.36.415650 +0530,
-150,z,55,3,13,z,1,0.29104820800421294,None,13,3,55,3,,,,,137.01331804200163,,137.00428125000326,137.01331804200163,138.00179025000398,138.00179025000398,138.00179025000398,138.00179025000398,138.00681187499868,139.0018394170038,139.0018394170038,139.3036057920035,z,1,0.29104820800421294,None,,,,,02,001,2025-10-02_10h23.27.958,Motor Sequential Learning,,2025.1.1,None,2025-10-02 10h23.36.415650 +0530,
-50,x,56,0,14,x,1,0.2899998749999213,None,14,0,56,0,,,,,139.31440779200057,,139.30446745800145,139.31440779200057,140.30188425000233,140.30188425000233,140.30188425000233,140.30188425000233,140.3070272920013,141.30179766700167,141.30179766700167,141.60347791700042,x,1,0.2899998749999213,None,,,,,02,001,2025-10-02_10h23.27.958,Motor Sequential Learning,,2025.1.1,None,2025-10-02 10h23.36.415650 +0530,
150,v,57,1,14,v,1,0.4661470420032856,None,14,1,57,1,,,,,141.6140834580001,,141.60414350000065,141.6140834580001,142.60204633299873,142.60204633299873,142.60204633299873,142.60204633299873,142.60769475000416,143.60245520800527,143.60245520800527,144.07002333299897,v,1,0.4661470420032856,None,,,,,02,001,2025-10-02_10h23.27.958,Motor Sequential Learning,,2025.1.1,None,2025-10-02 10h23.36.415650 +0530,
50,c,58,2,14,c,1,0.320055083000625,None,14,2,58,2,,,,,144.08008916700055,,144.0707705829991,144.08008916700055,145.06852104200516,145.06852104200516,145.06852104200516,145.06852104200516,145.07360595800128,146.0685809580027,146.0685809580027,146.39200166700175,c,1,0.320055083000625,None,,,,,02,001,2025-10-02_10h23.27.958,Motor Sequential Learning,,2025.1.1,None,2025-10-02 10h23.36.415650 +0530,
-150,z,59,3,14,z,1,0.5395740410021972,None,14,3,59,3,,,,,146.4057316670005,,146.39251045800484,146.4057316670005,147.3907041670027,147.3907041670027,147.3907041670027,147.3907041670027,147.4018538329983,148.3900152080023,148.3900152080023,148.93648974999815,z,1,0.5395740410021972,None,,,,,02,001,2025-10-02_10h23.27.958,Motor Sequential Learning,,2025.1.1,None,2025-10-02 10h23.36.415650 +0530,
-50,x,60,0,15,x,1,0.38146525000047404,None,15,0,60,0,,,,,148.9467818330013,,148.9372179580023,148.9467818330013,149.93521404200146,149.93521404200146,149.93521404200146,149.93521404200146,149.93968895800208,150.935125875003,150.935125875003,151.31961687500007,x,1,0.38146525000047404,None,,,,,02,001,2025-10-02_10h23.27.958,Motor Sequential Learning,,2025.1.1,None,2025-10-02 10h23.36.415650 +0530,
150,v,61,1,15,v,1,0.35923175000061747,None,15,1,61,1,,,,,151.32474866700068,,151.3202745000017,151.32474866700068,152.3183985420037,152.3183985420037,152.3183985420037,152.3183985420037,152.32342862500082,153.31836625000142,153.31836625000142,153.68637000000308,v,1,0.35923175000061747,None,,,,,02,001,2025-10-02_10h23.27.958,Motor Sequential Learning,,2025.1.1,None,2025-10-02 10h23.36.415650 +0530,
50,c,62,2,15,c,1,0.29760629199881805,None,15,2,62,2,,,,,153.69637637500273,,153.6870287080019,153.69637637500273,154.68501295800525,154.68501295800525,154.68501295800525,154.68501295800525,154.68974083300418,155.68489737500204,155.68489737500204,155.9875522500006,c,1,0.29760629199881805,None,,,,,02,001,2025-10-02_10h23.27.958,Motor Sequential Learning,,2025.1.1,None,2025-10-02 10h23.36.415650 +0530,
-150,z,63,3,15,z,1,0.31028504200367024,None,15,3,63,3,,,,,155.9980685000046,,155.9882942080003,155.9980685000046,156.98563283299882,156.98563283299882,156.98563283299882,156.98563283299882,156.98982033300126,157.98503695800173,157.98503695800173,158.303033917,z,1,0.31028504200367024,None,,,,,02,001,2025-10-02_10h23.27.958,Motor Sequential Learning,,2025.1.1,None,2025-10-02 10h23.36.415650 +0530,
-50,x,64,0,16,x,1,0.34865612499561394,None,16,0,64,0,,,,,158.3130841250022,,158.30377166700055,158.3130841250022,159.30164837500342,159.30164837500342,159.30164837500342,159.30164837500342,159.30671512499976,160.30173670800286,160.30173670800286,160.6532135419984,x,1,0.34865612499561394,None,,,,,02,001,2025-10-02_10h23.27.958,Motor Sequential Learning,,2025.1.1,None,2025-10-02 10h23.36.415650 +0530,
150,v,65,1,16,v,1,0.294664749999356,None,16,1,65,1,,,,,160.65865750000376,,160.65408191700408,160.65865750000376,161.6516174999997,161.6516174999997,161.6516174999997,161.6516174999997,161.65640041699953,162.65167600000132,162.65167600000132,162.95336487500026,v,1,0.294664749999356,None,,,,,02,001,2025-10-02_10h23.27.958,Motor Sequential Learning,,2025.1.1,None,2025-10-02 10h23.36.415650 +0530,
50,c,66,2,16,c,1,0.2796993750016554,None,16,2,66,2,,,,,162.96352699999989,,162.95428383300168,162.96352699999989,163.95174020800187,163.95174020800187,163.95174020800187,163.95174020800187,163.95650795799884,164.9516212919989,164.9516212919989,165.2367314170042,c,1,0.2796993750016554,None,,,,,02,001,2025-10-02_10h23.27.958,Motor Sequential Learning,,2025.1.1,None,2025-10-02 10h23.36.415650 +0530,
-150,z,67,3,16,z,1,0.34383374999742955,None,16,3,67,3,,,,,165.24233162499877,,165.23761833300523,165.24233162499877,166.23496245800197,166.23496245800197,166.23496245800197,166.23496245800197,166.24025183299818,167.2349986670015,167.2349986670015,167.5863969580023,z,1,0.34383374999742955,None,,,,,02,001,2025-10-02_10h23.27.958,Motor Sequential Learning,,2025.1.1,None,2025-10-02 10h23.36.415650 +0530,
-50,x,68,0,17,x,1,0.46829904100013664,None,17,0,68,0,,,,,167.5963552079993,,167.58728912500374,167.5963552079993,168.58479033299955,168.58479033299955,168.58479033299955,168.58479033299955,168.58892104199913,169.58485541700065,169.58485541700065,170.05854450000334,x,1,0.46829904100013664,None,,,,,02,001,2025-10-02_10h23.27.958,Motor Sequential Learning,,2025.1.1,None,2025-10-02 10h23.36.415650 +0530,
150,v,69,1,17,v,1,0.2657147080026334,None,17,1,69,1,,,,,170.06821091700112,,170.05906491700443,170.06821091700112,171.05658425000001,171.05658425000001,171.05658425000001,171.05658425000001,171.05658425000001,172.05744679200143,172.05744679200143,172.3243920419991,v,1,0.2657147080026334,None,,,,,02,001,2025-10-02_10h23.27.958,Motor Sequential Learning,,2025.1.1,None,2025-10-02 10h23.36.415650 +0530,
50,c,70,2,17,c,1,0.37348300000303425,None,17,2,70,2,,,,,172.3344092920015,,172.32489629200427,172.3344092920015,173.32328383300046,173.32328383300046,173.32328383300046,173.32328383300046,173.32328383300046,174.3236901670025,174.3236901670025,174.70299270800024,c,1,0.37348300000303425,None,,,,,02,001,2025-10-02_10h23.27.958,Motor Sequential Learning,,2025.1.1,None,2025-10-02 10h23.36.415650 +0530,
-150,z,71,3,17,z,1,0.3096184579990222,None,17,3,71,3,,,,,174.71295329200075,,174.703892000005,174.71295329200075,175.70158191700466,175.70158191700466,175.70158191700466,175.70158191700466,175.70658004200232,176.70147591700515,176.70147591700515,177.0195155420006,z,1,0.3096184579990222,None,,,,,02,001,2025-10-02_10h23.27.958,Motor Sequential Learning,,2025.1.1,None,2025-10-02 10h23.36.415650 +0530,
-50,x,72,0,18,x,1,0.3367613340014941,None,18,0,72,0,,,,,177.02945916700264,,177.02022195800237,177.02945916700264,178.01813466699969,178.01813466699969,178.01813466699969,178.01813466699969,178.02293729200028,179.01817433300312,179.01817433300312,179.3581574580021,x,1,0.3367613340014941,None,,,,,02,001,2025-10-02_10h23.27.958,Motor Sequential Learning,,2025.1.1,None,2025-10-02 10h23.36.415650 +0530,
150,v,73,1,18,v,1,0.2908110830030637,None,18,1,73,1,,,,,179.3681147919997,,179.3586778750032,179.3681147919997,180.35657675000402,180.35657675000402,180.35657675000402,180.35657675000402,180.35657675000402,181.35714704199927,181.35714704199927,181.65291312499903,v,1,0.2908110830030637,None,,,,,02,001,2025-10-02_10h23.27.958,Motor Sequential Learning,,2025.1.1,None,2025-10-02 10h23.36.415650 +0530,
50,c,74,2,18,c,1,0.30428974999813363,None,18,2,74,2,,,,,181.65798108300078,,181.6537591669985,181.65798108300078,182.65137629200035,182.65137629200035,182.65137629200035,182.65137629200035,182.65575812500174,183.6514869579987,183.6514869579987,183.95793979200243,c,1,0.30428974999813363,None,,,,,02,001,2025-10-02_10h23.27.958,Motor Sequential Learning,,2025.1.1,None,2025-10-02 10h23.36.415650 +0530,
-150,z,75,3,18,z,1,0.3069071670033736,None,18,3,75,3,,,,,183.9679057079993,,183.9584478750039,183.9679057079993,184.95644220800023,184.95644220800023,184.95644220800023,184.95644220800023,184.95644220800023,185.957949292002,185.957949292002,186.26962054199976,z,1,0.3069071670033736,None,,,,,02,001,2025-10-02_10h23.27.958,Motor Sequential Learning,,2025.1.1,None,2025-10-02 10h23.36.415650 +0530,
-50,x,76,0,19,x,1,0.26174737499968614,None,19,0,76,0,,,,,186.27466025000467,,186.27050416700513,186.27466025000467,187.26805270800105,187.26805270800105,187.26805270800105,187.26805270800105,187.2728989169991,188.26808933300345,188.26808933300345,188.53635137500532,x,1,0.26174737499968614,None,,,,,02,001,2025-10-02_10h23.27.958,Motor Sequential Learning,,2025.1.1,None,2025-10-02 10h23.36.415650 +0530,
150,v,77,1,19,v,1,0.26106479100417346,None,19,1,77,1,,,,,188.54664670800412,,188.53722370800097,188.54664670800412,189.53466537500208,189.53466537500208,189.53466537500208,189.53466537500208,189.5390320420047,190.53476566699828,190.53476566699828,190.80275337499916,v,1,0.26106479100417346,None,,,,,02,001,2025-10-02_10h23.27.958,Motor Sequential Learning,,2025.1.1,None,2025-10-02 10h23.36.415650 +0530,
50,c,78,2,19,c,1,0.2824165839992929,None,19,2,78,2,,,,,190.81248174999928,,190.80342391700106,190.81248174999928,191.80136745799973,191.80136745799973,191.80136745799973,191.80136745799973,191.80632829200476,192.8012575419998,192.8012575419998,193.0860673749994,c,1,0.2824165839992929,None,,,,,02,001,2025-10-02_10h23.27.958,Motor Sequential Learning,,2025.1.1,None,2025-10-02 10h23.36.415650 +0530,
-150,z,79,3,19,z,1,0.3800766249987646,None,19,3,79,3,,,,,193.09145112500119,,193.0869632920003,193.09145112500119,194.0846629170046,194.0846629170046,194.0846629170046,194.0846629170046,194.08935533300246,195.08455020800466,195.08455020800466,195.4694239169985,z,1,0.3800766249987646,None,,,,,02,001,2025-10-02_10h23.27.958,Motor Sequential Learning,,2025.1.1,None,2025-10-02 10h23.36.415650 +0530,
-50,x,80,0,20,x,1,0.29363420799927553,None,20,0,80,0,,,,,195.47485020800377,,195.47035049999977,195.47485020800377,196.46806733300036,196.46806733300036,196.46806733300036,196.46806733300036,196.47244754200074,197.46799204200215,197.46799204200215,197.76850370800094,x,1,0.29363420799927553,None,,,,,02,001,2025-10-02_10h23.27.958,Motor Sequential Learning,,2025.1.1,None,2025-10-02 10h23.36.415650 +0530,
150,v,81,1,20,v,1,0.30867183299415046,None,20,1,81,1,,,,,197.77148137499898,,197.76878629199928,197.77148137499898,198.7569960000037,198.7569960000037,198.7569960000037,198.7569960000037,198.76795620800112,199.75683570800174,199.75683570800174,200.0695194170039,v,1,0.30867183299415046,None,,,,,02,001,2025-10-02_10h23.27.958,Motor Sequential Learning,,2025.1.1,None,2025-10-02 10h23.36.415650 +0530,
50,c,82,2,20,c,1,0.23357083299924852,None,20,2,82,2,,,,,200.07515795800282,,200.07045050000306,200.07515795800282,201.06786295799975,201.06786295799975,201.06786295799975,201.06786295799975,201.07220620800217,202.06793216700316,202.06793216700316,202.30322720800177,c,1,0.23357083299924852,None,,,,,02,001,2025-10-02_10h23.27.958,Motor Sequential Learning,,2025.1.1,None,2025-10-02 10h23.36.415650 +0530,
-150,z,83,3,20,z,1,0.2538926659981371,None,20,3,83,3,,,,,202.30825724999886,,202.3040808750011,202.30825724999886,203.30133358300372,203.30133358300372,203.30133358300372,203.30133358300372,203.3064518750034,204.3014533750029,204.3014533750029,204.55762525000318,z,1,0.2538926659981371,None,,,,,02,001,2025-10-02_10h23.27.958,Motor Sequential Learning,,2025.1.1,None,2025-10-02 10h23.36.415650 +0530,
-50,x,84,0,21,x,1,0.2565977920021396,None,21,0,84,0,,,,,204.56704191699828,,204.55809625000256,204.56704191699828,205.55592041699856,205.55592041699856,205.55592041699856,205.55592041699856,205.55592041699856,206.55682537500252,206.55682537500252,206.81951154200215,x,1,0.2565977920021396,None,,,,,02,001,2025-10-02_10h23.27.958,Motor Sequential Learning,,2025.1.1,None,2025-10-02 10h23.36.415650 +0530,
150,v,85,1,21,v,1,0.36124774999916553,None,21,1,85,1,,,,,206.82847387500078,,206.8203074999983,206.82847387500078,207.81787204200373,207.81787204200373,207.81787204200373,207.81787204200373,207.82282800000394,208.81796162499813,208.81796162499813,209.18586108300224,v,1,0.36124774999916553,None,,,,,02,001,2025-10-02_10h23.27.958,Motor Sequential Learning,,2025.1.1,None,2025-10-02 10h23.36.415650 +0530,
50,c,86,2,21,c,1,0.32459004200063646,None,21,2,86,2,,,,,209.19471829200484,,209.18664949999948,209.19471829200484,210.1844353330016,210.1844353330016,210.1844353330016,210.1844353330016,210.1886907080043,211.18454304199986,211.18454304199986,211.51947058299993,c,1,0.32459004200063646,None,,,,,02,001,2025-10-02_10h23.27.958,Motor Sequential Learning,,2025.1.1,None,2025-10-02 10h23.36.415650 +0530,
-150,z,87,3,21,z,1,0.3392315840028459,None,21,3,87,3,,,,,211.52867416699883,,211.52038454200374,211.52867416699883,212.5175940830013,212.5175940830013,212.5175940830013,212.5175940830013,212.5223848329988,213.5179136670049,213.5179136670049,213.86905891700007,z,1,0.3392315840028459,None,,,,,02,001,2025-10-02_10h23.27.958,Motor Sequential Learning,,2025.1.1,None,2025-10-02 10h23.36.415650 +0530,
-50,x,88,0,22,x,1,0.2872667090050527,None,22,0,88,0,,,,,213.87797908300126,,213.86987000000227,213.87797908300126,214.8677552500012,214.8677552500012,214.8677552500012,214.8677552500012,214.87233325000125,215.86785345800308,215.86785345800308,216.15755108300073,x,1,0.2872667090050527,None,,,,,02,001,2025-10-02_10h23.27.958,Motor Sequential Learning,,2025.1.1,None,2025-10-02 10h23.36.415650 +0530,
150,v,89,1,22,v,1,0.31122887499805074,None,22,1,89,1,,,,,216.16687050000473,,216.15800695800135,216.16687050000473,217.15674916699936,217.15674916699936,217.15674916699936,217.15674916699936,217.15674916699936,218.1567642500013,218.1567642500013,218.47426083300525,v,1,0.31122887499805074,None,,,,,02,001,2025-10-02_10h23.27.958,Motor Sequential Learning,,2025.1.1,None,2025-10-02 10h23.36.415650 +0530,
50,c,90,2,22,c,1,0.249374250000983,None,22,2,90,2,,,,,218.48342504200264,,218.47473141700175,218.48342504200264,219.47271600000386,219.47271600000386,219.47271600000386,219.47271600000386,219.47271600000386,220.4676885420049,220.4676885420049,220.71924066700012,c,1,0.249374250000983,None,,,,,02,001,2025-10-02_10h23.27.958,Motor Sequential Learning,,2025.1.1,None,2025-10-02 10h23.36.415650 +0530,
-150,z,91,3,22,z,1,0.3123208329998306,None,22,3,91,3,,,,,220.72430445800273,,220.7200840000005,220.72430445800273,221.71770174999983,221.71770174999983,221.71770174999983,221.71770174999983,221.72255275000498,222.71770975000254,222.71770975000254,223.03600779200497,z,1,0.3123208329998306,None,,,,,02,001,2025-10-02_10h23.27.958,Motor Sequential Learning,,2025.1.1,None,2025-10-02 10h23.36.415650 +0530,
-50,x,92,0,23,x,1,0.2628011249980773,None,23,0,92,0,,,,,223.04529025000375,,223.03687495800114,223.04529025000375,224.0343488330036,224.0343488330036,224.0343488330036,224.0343488330036,224.03852579199884,225.0342650829989,225.0342650829989,225.30266304199904,x,1,0.2628011249980773,None,,,,,02,001,2025-10-02_10h23.27.958,Motor Sequential Learning,,2025.1.1,None,2025-10-02 10h23.36.415650 +0530,
150,v,93,1,23,v,1,0.281945208000252,None,23,1,93,1,,,,,225.3119855420009,,225.3035297919996,225.3119855420009,226.30107300000236,226.30107300000236,226.30107300000236,226.30107300000236,226.30590770800336,227.30096695799875,227.30096695799875,227.5860907919996,v,1,0.281945208000252,None,,,,,02,001,2025-10-02_10h23.27.958,Motor Sequential Learning,,2025.1.1,None,2025-10-02 10h23.36.415650 +0530,
50,c,94,2,23,c,1,0.28052208299777703,None,23,2,94,2,,,,,227.59163329200237,,227.58696133299964,227.59163329200237,228.5843369580034,228.5843369580034,228.5843369580034,228.5843369580034,228.58934320800472,229.58425179200276,229.58425179200276,229.86927329200262,c,1,0.28052208299777703,None,,,,,02,001,2025-10-02_10h23.27.958,Motor Sequential Learning,,2025.1.1,None,2025-10-02 10h23.36.415650 +0530,
-150,z,95,3,23,z,1,0.29899041700264206,None,23,3,95,3,,,,,229.87467791700328,,229.87011879200145,229.87467791700328,230.867645833001,230.867645833001,230.867645833001,230.867645833001,230.8726749999987,231.8677418330044,231.8677418330044,232.1692750420043,z,1,0.29899041700264206,None,,,,,02,001,2025-10-02_10h23.27.958,Motor Sequential Learning,,2025.1.1,None,2025-10-02 10h23.36.415650 +0530,
-50,x,96,0,24,x,1,0.3788292919998639,None,24,0,96,0,,,,,232.17461129200092,,232.1701215830035,232.17461129200092,233.16761925000174,233.16761925000174,233.16761925000174,233.16761925000174,233.17214937500103,234.16792433299997,234.16792433299997,234.5526854580021,x,1,0.3788292919998639,None,,,,,02,001,2025-10-02_10h23.27.958,Motor Sequential Learning,,2025.1.1,None,2025-10-02 10h23.36.415650 +0530,
150,v,97,1,24,v,1,0.3287980839959346,None,24,1,97,1,,,,,234.56321233299968,,234.55364337500214,234.56321233299968,235.5509750420024,235.5509750420024,235.5509750420024,235.5509750420024,235.55591062500025,236.55088333300228,236.55088333300228,236.88567916700413,v,1,0.3287980839959346,None,,,,,02,001,2025-10-02_10h23.27.958,Motor Sequential Learning,,2025.1.1,None,2025-10-02 10h23.36.415650 +0530,
50,c,98,2,24,c,1,0.3504228329984471,None,24,2,98,2,,,,,236.89637116700032,,236.8864929170013,236.89637116700032,237.88431724999828,237.88431724999828,237.88431724999828,237.88431724999828,237.8892523329996,238.88418104200537,238.88418104200537,239.24100154200278,c,1,0.3504228329984471,None,,,,,02,001,2025-10-02_10h23.27.958,Motor Sequential Learning,,2025.1.1,None,2025-10-02 10h23.36.415650 +0530,
-150,z,99,3,24,z,1,0.47705545899952995,None,24,3,99,3,,,,,239.25107033300446,,239.24146937500336,239.25107033300446,240.23917950000032,240.23917950000032,240.23917950000032,240.23917950000032,240.23917950000032,241.24043508300383,241.24043508300383,241.7187786249997,z,1,0.47705545899952995,None,,,,,02,001,2025-10-02_10h23.27.958,Motor Sequential Learning,,2025.1.1,None,2025-10-02 10h23.36.415650 +0530,
-50,x,100,0,25,x,1,0.407777749998786,None,25,0,100,0,,,,,241.723425958,,241.71938995800156,241.723425958,242.7175941250025,242.7175941250025,242.7175941250025,242.7175941250025,242.7224667920018,243.71769683300226,243.71769683300226,244.13609316699876,x,1,0.407777749998786,None,,,,,02,001,2025-10-02_10h23.27.958,Motor Sequential Learning,,2025.1.1,None,2025-10-02 10h23.36.415650 +0530,
150,v,101,1,25,v,1,0.34226270799990743,None,25,1,101,1,,,,,244.14632737500506,,244.13694750000286,244.14632737500506,245.13421983300213,245.13421983300213,245.13421983300213,245.13421983300213,245.13894945799984,246.1341715419985,246.1341715419985,246.48583245799819,v,1,0.34226270799990743,None,,,,,02,001,2025-10-02_10h23.27.958,Motor Sequential Learning,,2025.1.1,None,2025-10-02 10h23.36.415650 +0530,
50,c,102,2,25,c,1,0.49286491699604085,None,25,2,102,2,,,,,246.4962244999988,,246.48675679200096,246.4962244999988,247.4842142080015,247.4842142080015,247.4842142080015,247.4842142080015,247.48899945800076,248.4844555419986,248.4844555419986,248.98600974999863,c,1,0.49286491699604085,None,,,,,02,001,2025-10-02_10h23.27.958,Motor Sequential Learning,,2025.1.1,None,2025-10-02 10h23.36.415650 +0530,
-150,z,103,3,25,z,1,0.38999787499778904,None,25,3,103,3,,,,,248.9959413329998,,248.98683091700514,248.9959413329998,249.98414195800433,249.98414195800433,249.98414195800433,249.98414195800433,249.98906012500083,250.98432120800135,250.98432120800135,251.3855505829997,z,1,0.38999787499778904,None,,,,,02,001,2025-10-02_10h23.27.958,Motor Sequential Learning,,2025.1.1,None,2025-10-02 10h23.36.415650 +0530,
-50,x,104,0,26,x,1,0.2941136669978732,None,26,0,104,0,,,,,251.3973357499999,,251.386272542004,251.3973357499999,252.38417625000147,252.38417625000147,252.38417625000147,252.38417625000147,252.38895749999938,253.38405033299932,253.38405033299932,253.68565387499984,x,1,0.2941136669978732,None,,,,,02,001,2025-10-02_10h23.27.958,Motor Sequential Learning,,2025.1.1,None,2025-10-02 10h23.36.415650 +0530,
150,v,105,1,26,v,1,0.9348716250024154,None,26,1,105,1,,,,,253.69520487500267,,253.68635058300424,253.69520487500267,254.6840796250035,254.6840796250035,254.6840796250035,254.6840796250035,254.68895420800254,255.68421620799927,255.68421620799927,256.623703792,v,1,0.9348716250024154,None,,,,,02,001,2025-10-02_10h23.27.958,Motor Sequential Learning,,2025.1.1,None,2025-10-02 10h23.36.415650 +0530,
50,c,106,2,26,c,1,0.7046226669990574,None,26,2,106,2,,,,,256.63363508300245,,256.6241930000033,256.63363508300245,257.6225759170047,257.6225759170047,257.6225759170047,257.6225759170047,257.6225759170047,258.624411417004,258.624411417004,259.33561666699825,c,1,0.7046226669990574,None,,,,,02,001,2025-10-02_10h23.27.958,Motor Sequential Learning,,2025.1.1,None,2025-10-02 10h23.36.415650 +0530,
-150,z,107,3,26,z,1,0.441026291999151,None,26,3,107,3,,,,,259.34477141700336,,259.3363359580035,259.34477141700336,260.33408345800126,260.33408345800126,260.33408345800126,260.33408345800126,260.33896641700267,261.33409416700306,261.33409416700306,261.78590854199865,z,1,0.441026291999151,None,,,,,02,001,2025-10-02_10h23.27.958,Motor Sequential Learning,,2025.1.1,None,2025-10-02 10h23.36.415650 +0530,
-50,x,108,0,27,x,1,0.4580436250034836,None,27,0,108,0,,,,,261.7964190420025,,261.7866988750029,261.7964190420025,262.7841274579987,262.7841274579987,262.7841274579987,262.7841274579987,262.78835795800114,263.78402208300395,263.78402208300395,264.252215833003,x,1,0.4580436250034836,None,,,,,02,001,2025-10-02_10h23.27.958,Motor Sequential Learning,,2025.1.1,None,2025-10-02 10h23.36.415650 +0530,
150,v,109,1,27,v,1,0.24729074999777367,None,27,1,109,1,,,,,264.2624307080041,,264.25287079199916,264.2624307080041,265.25060333299916,265.25060333299916,265.25060333299916,265.25060333299916,265.2554345000026,266.250695833005,266.250695833005,266.50224249999883,v,1,0.24729074999777367,None,,,,,02,001,2025-10-02_10h23.27.958,Motor Sequential Learning,,2025.1.1,None,2025-10-02 10h23.36.415650 +0530,
50,c,110,2,27,c,1,0.27525175000482704,None,27,2,110,2,,,,,266.50748100000055,,266.50304275000235,266.50748100000055,267.5007115420012,267.5007115420012,267.5007115420012,267.5007115420012,267.505491625001,268.50077800000145,268.50077800000145,268.78564624999854,c,1,0.27525175000482704,None,,,,,02,001,2025-10-02_10h23.27.958,Motor Sequential Learning,,2025.1.1,None,2025-10-02 10h23.36.415650 +0530,
-150,z,111,3,27,z,1,0.33005750000302214,None,27,3,111,3,,,,,268.7961910830054,,268.7865497919993,268.7961910830054,269.7840236250049,269.7840236250049,269.7840236250049,269.7840236250049,269.7888746669996,270.7838820420002,270.7838820420002,271.119505708004,z,1,0.33005750000302214,None,,,,,02,001,2025-10-02_10h23.27.958,Motor Sequential Learning,,2025.1.1,None,2025-10-02 10h23.36.415650 +0530,
-50,x,112,0,28,x,1,0.3763269589981064,None,28,0,112,0,,,,,271.12504829200043,,271.1205221249984,271.12504829200043,272.1173927080017,272.1173927080017,272.1173927080017,272.1173927080017,272.1229397920033,273.1174154580003,273.1174154580003,273.5017492920015,x,1,0.3763269589981064,None,,,,,02,001,2025-10-02_10h23.27.958,Motor Sequential Learning,,2025.1.1,None,2025-10-02 10h23.36.415650 +0530,
150,v,113,1,28,v,1,0.3772670839971397,None,28,1,113,1,,,,,273.5118807500039,,273.5026420420036,273.5118807500039,274.5007065000027,274.5007065000027,274.5007065000027,274.5007065000027,274.50571208300244,275.50059895800223,275.50059895800223,275.8855497080003,v,1,0.3772670839971397,None,,,,,02,001,2025-10-02_10h23.27.958,Motor Sequential Learning,,2025.1.1,None,2025-10-02 10h23.36.415650 +0530,
50,c,114,2,28,c,1,0.5368116249956074,None,28,2,114,2,,,,,275.8959751670045,,275.8864772500019,275.8959751670045,276.8839317079983,276.8839317079983,276.8839317079983,276.8839317079983,276.888830625001,277.8839037920043,277.8839037920043,278.4229249580021,c,1,0.5368116249956074,None,,,,,02,001,2025-10-02_10h23.27.958,Motor Sequential Learning,,2025.1.1,None,2025-10-02 10h23.36.415650 +0530,
-150,z,115,3,28,z,1,0.45454162499663653,None,28,3,115,3,,,,,278.43309395800316,,278.4234239580037,278.43309395800316,279.4224290830025,279.4224290830025,279.4224290830025,279.4224290830025,279.4224290830025,280.4232417500025,280.4232417500025,280.8850863750049,z,1,0.45454162499663653,None,,,,,02,001,2025-10-02_10h23.27.958,Motor Sequential Learning,,2025.1.1,None,2025-10-02 10h23.36.415650 +0530,
-50,x,116,0,29,x,1,0.5873808329997701,None,29,0,116,0,,,,,280.89488283300307,,280.8857478330028,280.89488283300307,281.88397654200526,281.88397654200526,281.88397654200526,281.88397654200526,281.88890904200525,282.87429520799924,282.87429520799924,283.46881287499855,x,1,0.5873808329997701,None,,,,,02,001,2025-10-02_10h23.27.958,Motor Sequential Learning,,2025.1.1,None,2025-10-02 10h23.36.415650 +0530,
150,v,117,1,29,v,1,0.4132282920036232,None,29,1,117,1,,,,,283.47971537500416,,283.4697515420048,283.47971537500416,284.4672258749997,284.4672258749997,284.4672258749997,284.4672258749997,284.4721299170051,285.4673479999983,285.4673479999983,285.8854837500039,v,1,0.4132282920036232,None,,,,,02,001,2025-10-02_10h23.27.958,Motor Sequential Learning,,2025.1.1,None,2025-10-02 10h23.36.415650 +0530,
50,c,118,2,29,c,1,0.30957383300119545,None,29,2,118,2,,,,,285.89033808300155,,285.8863338750016,285.89033808300155,286.883831500003,286.883831500003,286.883831500003,286.883831500003,286.8880124999996,287.8839504999996,287.8839504999996,288.20168741700036,c,1,0.30957383300119545,None,,,,,02,001,2025-10-02_10h23.27.958,Motor Sequential Learning,,2025.1.1,None,2025-10-02 10h23.36.415650 +0530,
-150,z,119,3,29,z,1,0.5069135419980739,None,29,3,119,3,,,,,288.21193654200033,,288.20242712500476,288.21193654200033,289.2006030420016,289.2006030420016,289.2006030420016,289.2006030420016,289.20573645800323,290.2004649580049,290.2004649580049,290.7188498750038,z,1,0.5069135419980739,None,,,,,02,001,2025-10-02_10h23.27.958,Motor Sequential Learning,,2025.1.1,None,2025-10-02 10h23.36.415650 +0530,
-50,x,120,0,30,x,1,0.3481056670061662,None,30,0,120,0,,,,,290.7291525420005,,290.7197151250002,290.7291525420005,291.7171132920048,291.7171132920048,291.7171132920048,291.7171132920048,291.72128670800157,292.7172470420046,292.7172470420046,293.06881620800414,x,1,0.3481056670061662,None,,,,,02,001,2025-10-02_10h23.27.958,Motor Sequential Learning,,2025.1.1,None,2025-10-02 10h23.36.415650 +0530,
150,v,121,1,30,v,1,0.38994074999936856,None,30,1,121,1,,,,,293.0741778330048,,293.0696917919995,293.0741778330048,294.06724337500054,294.06724337500054,294.06724337500054,294.06724337500054,294.07214179199946,295.06727250000404,295.06727250000404,295.46957716700126,v,1,0.38994074999936856,None,,,,,02,001,2025-10-02_10h23.27.958,Motor Sequential Learning,,2025.1.1,None,2025-10-02 10h23.36.415650 +0530,
50,c,122,2,30,c,1,0.48908262500481214,None,30,2,122,2,,,,,295.4794135830016,,295.470465917002,295.4794135830016,296.46711866700207,296.46711866700207,296.46711866700207,296.46711866700207,296.47210133299814,297.4670472920043,297.4670472920043,297.96896262500377,c,1,0.48908262500481214,None,,,,,02,001,2025-10-02_10h23.27.958,Motor Sequential Learning,,2025.1.1,None,2025-10-02 10h23.36.415650 +0530,
-150,z,123,3,30,z,1,0.5890599580015987,None,30,3,123,3,,,,,297.9793651670043,,297.9697799580026,297.9793651670043,298.9670648750034,298.9670648750034,298.9670648750034,298.9670648750034,298.9715715830025,299.9671302920033,299.9671302920033,300.568486791999,z,1,0.5890599580015987,None,,,,,02,001,2025-10-02_10h23.27.958,Motor Sequential Learning,,2025.1.1,None,2025-10-02 10h23.36.415650 +0530,
-50,x,124,0,31,x,1,0.25322516699816333,None,31,0,124,0,,,,,300.57824495800014,,300.5691881669991,300.57824495800014,301.5670858750018,301.5670858750018,301.5670858750018,301.5670858750018,301.57178858300176,302.56699500000104,302.56699500000104,302.82370487500157,x,1,0.25322516699816333,None,,,,,02,001,2025-10-02_10h23.27.958,Motor Sequential Learning,,2025.1.1,None,2025-10-02 10h23.36.415650 +0530,
150,v,125,1,31,v,1,0.2811643339955481,None,31,1,125,1,,,,,302.83363766700495,,302.8241940000007,302.83363766700495,303.82194545800303,303.82194545800303,303.82194545800303,303.82194545800303,303.82194545800303,304.8239516670001,304.8239516670001,305.10664954200183,v,1,0.2811643339955481,None,,,,,02,001,2025-10-02_10h23.27.958,Motor Sequential Learning,,2025.1.1,None,2025-10-02 10h23.36.415650 +0530,
50,c,126,2,31,c,1,0.24665650000679307,None,31,2,126,2,,,,,305.1164169170006,,305.1071334580047,305.1164169170006,306.10518850000517,306.10518850000517,306.10518850000517,306.10518850000517,306.10518850000517,307.10033150000527,307.10033150000527,307.3519232500039,c,1,0.24665650000679307,None,,,,,02,001,2025-10-02_10h23.27.958,Motor Sequential Learning,,2025.1.1,None,2025-10-02 10h23.36.415650 +0530,
-150,z,127,3,31,z,1,0.26392679099808447,None,31,3,127,3,,,,,307.35732691700105,,307.35273995800526,307.35732691700105,308.3503300420052,308.3503300420052,308.3503300420052,308.3503300420052,308.3549909580033,309.35019904200453,309.35019904200453,309.61866020800517,z,1,0.26392679099808447,None,,,,,02,001,2025-10-02_10h23.27.958,Motor Sequential Learning,,2025.1.1,None,2025-10-02 10h23.36.415650 +0530,
-50,x,128,0,32,x,1,0.2830958330014255,None,32,0,128,0,,,,,309.6240142079987,,309.61946466700465,309.6240142079987,310.61698658300156,310.61698658300156,310.61698658300156,310.61698658300156,310.62159491700004,311.61687783300295,311.61687783300295,311.90210579200357,x,1,0.2830958330014255,None,,,,,02,001,2025-10-02_10h23.27.958,Motor Sequential Learning,,2025.1.1,None,2025-10-02 10h23.36.415650 +0530,
150,v,129,1,32,v,1,0.3514284169941675,None,32,1,129,1,,,,,311.9075607920022,,311.90299529200274,311.9075607920022,312.9003687920049,312.9003687920049,312.9003687920049,312.9003687920049,312.9053981670004,313.9004551670005,313.9004551670005,314.25645879199874,v,1,0.3514284169941675,None,,,,,02,001,2025-10-02_10h23.27.958,Motor Sequential Learning,,2025.1.1,None,2025-10-02 10h23.36.415650 +0530,
50,c,130,2,32,c,1,0.4472438329976285,None,32,2,130,2,,,,,314.2664178749983,,314.2569542920028,314.2664178749983,315.2546720419996,315.2546720419996,315.2546720419996,315.2546720419996,315.2546720419996,316.2556430420009,316.2556430420009,316.70753470800264,c,1,0.4472438329976285,None,,,,,02,001,2025-10-02_10h23.27.958,Motor Sequential Learning,,2025.1.1,None,2025-10-02 10h23.36.415650 +0530,
-150,z,131,3,32,z,1,0.4224401250030496,None,32,3,131,3,,,,,316.73388266700204,,316.70802054199885,316.73388266700204,317.70562141700066,317.70562141700066,317.70562141700066,317.70562141700066,317.72192420800275,318.7063561670002,318.7063561670002,319.135293583,z,1,0.4224401250030496,None,,,,,02,001,2025-10-02_10h23.27.958,Motor Sequential Learning,,2025.1.1,None,2025-10-02 10h23.36.415650 +0530,
-50,x,132,0,33,x,1,0.5141784169973107,None,33,0,132,0,,,,,319.1454051670007,,319.136094417001,319.1454051670007,320.1335967080013,320.1335967080013,320.1335967080013,320.1335967080013,320.13866558299924,321.13349500000186,321.13349500000186,321.65202541700273,x,1,0.5141784169973107,None,,,,,02,001,2025-10-02_10h23.27.958,Motor Sequential Learning,,2025.1.1,None,2025-10-02 10h23.36.415650 +0530,
150,v,133,1,33,v,1,0.6444034159940202,None,33,1,133,1,,,,,321.6576176669987,,321.6530811670018,321.6576176669987,322.65013824999915,322.65013824999915,322.65013824999915,322.65013824999915,322.6545043750011,323.65020400000503,323.65020400000503,324.30199670800357,v,1,0.6444034159940202,None,,,,,02,001,2025-10-02_10h23.27.958,Motor Sequential Learning,,2025.1.1,None,2025-10-02 10h23.36.415650 +0530,
50,c,134,2,33,c,1,0.38112112499948125,None,33,2,134,2,,,,,324.3124871250038,,324.302931875005,324.3124871250038,325.3002464579986,325.3002464579986,325.3002464579986,325.3002464579986,325.30515279200335,326.3003688329991,326.3003688329991,326.6851708750037,c,1,0.38112112499948125,None,,,,,02,001,2025-10-02_10h23.27.958,Motor Sequential Learning,,2025.1.1,None,2025-10-02 10h23.36.415650 +0530,
-150,z,135,3,33,z,1,0.5960552079995978,None,33,3,135,3,,,,,326.6906950420016,,326.686100333005,326.6906950420016,327.68345195800066,327.68345195800066,327.68345195800066,327.68345195800066,327.6883741249985,328.68354816699866,328.68354816699866,329.28528829200513,z,1,0.5960552079995978,None,,,,,02,001,2025-10-02_10h23.27.958,Motor Sequential Learning,,2025.1.1,None,2025-10-02 10h23.36.415650 +0530,
-50,x,136,0,34,x,1,0.48098229199968046,None,34,0,136,0,,,,,329.29575925000245,,329.2861095420012,329.29575925000245,330.28349079200416,330.28349079200416,330.28349079200416,330.28349079200416,330.28857679200155,331.28355283300334,331.28355283300334,331.7683936250032,x,1,0.48098229199968046,None,,,,,02,001,2025-10-02_10h23.27.958,Motor Sequential Learning,,2025.1.1,None,2025-10-02 10h23.36.415650 +0530,
150,v,137,1,34,v,1,0.5525767080034711,None,34,1,137,1,,,,,331.7738705830052,,331.7693647920023,331.7738705830052,332.76677425000526,332.76677425000526,332.76677425000526,332.76677425000526,332.77113291700516,333.7667283330011,333.7667283330011,334.3231668330045,v,1,0.5525767080034711,None,,,,,02,001,2025-10-02_10h23.27.958,Motor Sequential Learning,,2025.1.1,None,2025-10-02 10h23.36.415650 +0530,
50,c,138,2,34,c,1,0.5127363329957006,None,34,2,138,2,,,,,334.3329651669992,,334.3236319580028,334.3329651669992,335.3211672920006,335.3211672920006,335.3211672920006,335.3211672920006,335.3211672920006,336.32262079200154,336.32262079200154,336.8389898329988,c,1,0.5127363329957006,None,,,,,02,001,2025-10-02_10h23.27.958,Motor Sequential Learning,,2025.1.1,None,2025-10-02 10h23.36.415650 +0530,
-150,z,139,3,34,z,1,0.3696049169957405,None,34,3,139,3,,,,,336.8493163750027,,336.8394614580029,336.8493163750027,337.83840837499883,337.83840837499883,337.83840837499883,337.83840837499883,337.83840837499883,338.8337224170027,338.8337224170027,339.2076176250048,z,1,0.3696049169957405,None,,,,,02,001,2025-10-02_10h23.27.958,Motor Sequential Learning,,2025.1.1,None,2025-10-02 10h23.36.415650 +0530,
-50,x,140,0,35,x,1,0.9577670419967035,None,35,0,140,0,,,,,339.22069533300237,,339.20809558300243,339.22069533300237,340.2053295000005,340.2053295000005,340.2053295000005,340.2053295000005,340.2167525420009,341.20651829200506,341.20651829200506,342.16850629200053,x,1,0.9577670419967035,None,,,,,02,001,2025-10-02_10h23.27.958,Motor Sequential Learning,,2025.1.1,None,2025-10-02 10h23.36.415650 +0530,
150,v,141,1,35,v,1,0.33954562500002794,None,35,1,141,1,,,,,342.17379074999917,,342.16931858300086,342.17379074999917,343.1666440420013,343.1666440420013,343.1666440420013,343.1666440420013,343.17173454200383,344.1666247920002,344.1666247920002,344.5184060829997,v,1,0.33954562500002794,None,,,,,02,001,2025-10-02_10h23.27.958,Motor Sequential Learning,,2025.1.1,None,2025-10-02 10h23.36.415650 +0530,
50,c,142,2,35,c,1,0.37760870900092414,None,35,2,142,2,,,,,344.5283197919998,,344.5191855830053,344.5283197919998,345.51673595800094,345.51673595800094,345.51673595800094,345.51673595800094,345.5214611670017,346.5166591669986,346.5166591669986,346.901861792001,c,1,0.37760870900092414,None,,,,,02,001,2025-10-02_10h23.27.958,Motor Sequential Learning,,2025.1.1,None,2025-10-02 10h23.36.415650 +0530,
-150,z,143,3,35,z,1,0.30504816599568585,None,35,3,143,3,,,,,346.911981958001,,346.9028473750004,346.911981958001,347.90001204200234,347.90001204200234,347.90001204200234,347.90001204200234,347.90529637500003,348.9001052500025,348.9001052500025,349.2166601670033,z,1,0.30504816599568585,None,,,,,02,001,2025-10-02_10h23.27.958,Motor Sequential Learning,,2025.1.1,None,2025-10-02 10h23.36.415650 +0530,
-50,x,144,0,36,x,1,0.4054028329992434,None,36,0,144,0,,,,,349.2203332499994,,349.2171180420046,349.2203332499994,350.20542712500173,350.20542712500173,350.20542712500173,350.20542712500173,350.21662825000385,351.20567241700337,351.20567241700337,351.61816612500115,x,1,0.4054028329992434,None,,,,,02,001,2025-10-02_10h23.27.958,Motor Sequential Learning,,2025.1.1,None,2025-10-02 10h23.36.415650 +0530,
150,v,145,1,36,v,1,0.34117904199956683,None,36,1,145,1,,,,,351.6282858330014,,351.61909845800255,351.6282858330014,352.61665720800374,352.61665720800374,352.61665720800374,352.61665720800374,352.6216378750032,353.6168105830002,353.6168105830002,353.96830295800464,v,1,0.34117904199956683,None,,,,,02,001,2025-10-02_10h23.27.958,Motor Sequential Learning,,2025.1.1,None,2025-10-02 10h23.36.415650 +0530,
50,c,146,2,36,c,1,0.3444810419969144,None,36,2,146,2,,,,,353.9784715420028,,353.9691707500024,353.9784715420028,354.9666767919989,354.9666767919989,354.9666767919989,354.9666767919989,354.97119525000016,355.9665637500002,355.9665637500002,356.31833612500486,c,1,0.3444810419969144,None,,,,,02,001,2025-10-02_10h23.27.958,Motor Sequential Learning,,2025.1.1,None,2025-10-02 10h23.36.415650 +0530,
-150,z,147,3,36,z,1,0.3703336659964407,None,36,3,147,3,,,,,356.3284463750024,,356.3192340829992,356.3284463750024,357.31663062499865,357.31663062499865,357.31663062499865,357.31663062499865,357.3214101670019,358.31649987499986,358.31649987499986,358.68900270800077,z,1,0.3703336659964407,None,,,,,02,001,2025-10-02_10h23.27.958,Motor Sequential Learning,,2025.1.1,None,2025-10-02 10h23.36.415650 +0530,
-50,x,148,0,37,x,1,0.42569954200007487,None,37,0,148,0,,,,,358.6990514170029,,358.689475625004,358.6990514170029,359.6884094170018,359.6884094170018,359.6884094170018,359.6884094170018,359.6884094170018,360.6830777080031,360.6830777080031,361.1188376670034,x,1,0.42569954200007487,None,,,,,02,001,2025-10-02_10h23.27.958,Motor Sequential Learning,,2025.1.1,None,2025-10-02 10h23.36.415650 +0530,
150,v,149,1,37,v,1,0.5400281670008553,None,37,1,149,1,,,,,361.1289422080008,,361.1196428750045,361.1289422080008,362.11652145800326,362.11652145800326,362.11652145800326,362.11652145800326,362.12158312500105,363.1166198330029,363.1166198330029,363.66802804200415,v,1,0.5400281670008553,None,,,,,02,001,2025-10-02_10h23.27.958,Motor Sequential Learning,,2025.1.1,None,2025-10-02 10h23.36.415650 +0530,
50,c,150,2,37,c,1,0.5601767500047572,None,37,2,150,2,,,,,363.67871983299847,,363.668793583005,363.67871983299847,364.6664497919992,364.6664497919992,364.6664497919992,364.6664497919992,364.6712968749998,365.6665298750013,365.6665298750013,366.2349064170048,c,1,0.5601767500047572,None,,,,,02,001,2025-10-02_10h23.27.958,Motor Sequential Learning,,2025.1.1,None,2025-10-02 10h23.36.415650 +0530,
-150,z,151,3,37,z,1,0.4844625420009834,None,37,3,151,3,,,,,366.2453072080025,,366.2357531669986,366.2453072080025,367.23360658300226,367.23360658300226,367.23360658300226,367.23360658300226,367.2392933750016,368.23320329200214,368.23320329200214,368.72224266700505,z,1,0.4844625420009834,None,,,,,02,001,2025-10-02_10h23.27.958,Motor Sequential Learning,,2025.1.1,None,2025-10-02 10h23.36.415650 +0530,
-50,x,152,0,38,x,1,0.31018062499788357,None,38,0,152,0,,,,,368.7323162920002,,368.7227272080054,368.7323162920002,369.7213984580012,369.7213984580012,369.7213984580012,369.7213984580012,369.7213984580012,370.7224390420015,370.7224390420015,371.0344433749997,x,1,0.31018062499788357,None,,,,,02,001,2025-10-02_10h23.27.958,Motor Sequential Learning,,2025.1.1,None,2025-10-02 10h23.36.415650 +0530,
150,v,153,1,38,v,1,0.31634304199542385,None,38,1,153,1,,,,,371.0389101250039,,371.0349997500016,371.0389101250039,372.0331102499986,372.0331102499986,372.0331102499986,372.0331102499986,372.03807387500274,373.0331847499983,373.0331847499983,373.3512510830042,v,1,0.31634304199542385,None,,,,,02,001,2025-10-02_10h23.27.958,Motor Sequential Learning,,2025.1.1,None,2025-10-02 10h23.36.415650 +0530,
50,c,154,2,38,c,1,0.32483462499658344,None,38,2,154,2,,,,,373.3568545419985,,373.3520642500007,373.3568545419985,374.34962858300423,374.34962858300423,374.34962858300423,374.34962858300423,374.35397475000354,375.34968825000396,375.34968825000396,375.68459670800075,c,1,0.32483462499658344,None,,,,,02,001,2025-10-02_10h23.27.958,Motor Sequential Learning,,2025.1.1,None,2025-10-02 10h23.36.415650 +0530,
-150,z,155,3,38,z,1,0.6373784169991268,None,38,3,155,3,,,,,375.69477475000167,,375.68536095799936,375.69477475000167,376.6829616670002,376.6829616670002,376.6829616670002,376.6829616670002,376.68773441699886,377.68308666699886,377.68308666699886,378.322185625002,z,1,0.6373784169991268,None,,,,,02,001,2025-10-02_10h23.27.958,Motor Sequential Learning,,2025.1.1,None,2025-10-02 10h23.36.415650 +0530,
-50,x,156,0,39,x,1,0.46612437500152737,None,39,0,156,0,,,,,378.33214220800437,,378.32270224999957,378.33214220800437,379.321321250005,379.321321250005,379.321321250005,379.321321250005,379.321321250005,380.3221749580043,380.3221749580043,380.80116875000385,x,1,0.46612437500152737,None,,,,,02,001,2025-10-02_10h23.27.958,Motor Sequential Learning,,2025.1.1,None,2025-10-02 10h23.36.415650 +0530,
150,v,157,1,39,v,1,0.453573167003924,None,39,1,157,1,,,,,380.8109080420036,,380.8018236670032,380.8109080420036,381.7995528329993,381.7995528329993,381.7995528329993,381.7995528329993,381.8044100420011,382.79968499999814,382.79968499999814,383.25504454199836,v,1,0.453573167003924,None,,,,,02,001,2025-10-02_10h23.27.958,Motor Sequential Learning,,2025.1.1,None,2025-10-02 10h23.36.415650 +0530,
50,c,158,2,39,c,1,0.295599332996062,None,39,2,158,2,,,,,383.2653084580015,,383.255533167001,383.2653084580015,384.249623417003,384.249623417003,384.249623417003,384.249623417003,384.2540938329985,385.24953745800303,385.24953745800303,385.5512500000041,c,1,0.295599332996062,None,,,,,02,001,2025-10-02_10h23.27.958,Motor Sequential Learning,,2025.1.1,None,2025-10-02 10h23.36.415650 +0530,
-150,z,159,3,39,z,1,0.9236038750022999,None,39,3,159,3,,,,,385.5611048330029,,385.55206962500233,385.5611048330029,386.54983316700236,386.54983316700236,386.54983316700236,386.54983316700236,386.55504420799844,387.54967025000224,387.54967025000224,388.4846058750045,z,1,0.9236038750022999,None,,,,,02,001,2025-10-02_10h23.27.958,Motor Sequential Learning,,2025.1.1,None,2025-10-02 10h23.36.415650 +0530,
-50,x,160,0,40,x,1,0.4202612499939278,None,40,0,160,0,,,,,388.4947895420046,,388.48545662499964,388.4947895420046,389.4829739170018,389.4829739170018,389.4829739170018,389.4829739170018,389.48784395799885,390.48285875000147,390.48285875000147,390.9063730830021,x,1,0.4202612499939278,None,,,,,02,001,2025-10-02_10h23.27.958,Motor Sequential Learning,,2025.1.1,None,2025-10-02 10h23.36.415650 +0530,
150,v,161,1,40,v,1,0.4039819579993491,None,40,1,161,1,,,,,390.9160399169996,,390.90685358300107,390.9160399169996,391.9047911250018,391.9047911250018,391.9047911250018,391.9047911250018,391.9047911250018,392.9061267500001,392.9061267500001,393.31787045799865,v,1,0.4039819579993491,None,,,,,02,001,2025-10-02_10h23.27.958,Motor Sequential Learning,,2025.1.1,None,2025-10-02 10h23.36.415650 +0530,
50,c,162,2,40,c,1,1.7316514580015792,None,40,2,162,2,,,,,393.3278379170006,,393.3185602500016,393.3278379170006,394.3162340420022,394.3162340420022,394.3162340420022,394.3162340420022,394.3211436670026,395.31632674999855,395.31632674999855,397.05094629200175,c,1,1.7316514580015792,None,,,,,02,001,2025-10-02_10h23.27.958,Motor Sequential Learning,,2025.1.1,None,2025-10-02 10h23.36.415650 +0530,
-150,z,163,3,40,z,1,0.47444708299735794,None,40,3,163,3,,,,,397.0561700830003,,397.051875707999,397.0561700830003,398.04952691699873,398.04952691699873,398.04952691699873,398.04952691699873,398.0544197920026,399.0494251249984,399.0494251249984,399.53435683299904,z,1,0.47444708299735794,None,,,,,02,001,2025-10-02_10h23.27.958,Motor Sequential Learning,,2025.1.1,None,2025-10-02 10h23.36.415650 +0530,
-50,x,164,0,41,x,1,0.48613749999640277,None,41,0,164,0,,,,,399.5439650000044,,399.5350639169992,399.5439650000044,400.53282458300237,400.53282458300237,400.53282458300237,400.53282458300237,400.5378113330007,401.53272995800216,401.53272995800216,402.0223250420022,x,1,0.48613749999640277,None,,,,,02,001,2025-10-02_10h23.27.958,Motor Sequential Learning,,2025.1.1,None,2025-10-02 10h23.36.415650 +0530,
150,v,165,1,41,v,1,0.5944307500030845,None,41,1,165,1,,,,,402.0321061249997,,402.0228031670049,402.0321061249997,403.02131187500345,403.02131187500345,403.02131187500345,403.02131187500345,403.02131187500345,404.02143770800467,404.02143770800467,404.6175589170016,v,1,0.5944307500030845,None,,,,,02,001,2025-10-02_10h23.27.958,Motor Sequential Learning,,2025.1.1,None,2025-10-02 10h23.36.415650 +0530,
50,c,166,2,41,c,1,0.5204244580017985,None,41,2,166,2,,,,,404.62317691700446,,404.61848408300284,404.62317691700446,405.61619208299817,405.61619208299817,405.61619208299817,405.61619208299817,405.62095041700377,406.6162906669997,406.6162906669997,407.1392185420045,c,1,0.5204244580017985,None,,,,,02,001,2025-10-02_10h23.27.958,Motor Sequential Learning,,2025.1.1,None,2025-10-02 10h23.36.415650 +0530,
-150,z,167,3,41,z,1,0.4111505409964593,None,41,3,167,3,,,,,407.14889912500075,,407.139681749999,407.14889912500075,408.13752954200027,408.13752954200027,408.13752954200027,408.13752954200027,408.13752954200027,409.138458333,409.138458333,409.5561058329986,z,1,0.4111505409964593,None,,,,,02,001,2025-10-02_10h23.27.958,Motor Sequential Learning,,2025.1.1,None,2025-10-02 10h23.36.415650 +0530,
-50,x,168,0,42,x,1,2.27537287499581,None,42,0,168,0,,,,,409.5657932079994,,409.55658366699936,409.5657932079994,410.5547926670042,410.5547926670042,410.5547926670042,410.5547926670042,410.5547926670042,411.55524691699975,411.55524691699975,413.8340065420052,x,1,2.27537287499581,None,,,,,02,001,2025-10-02_10h23.27.958,Motor Sequential Learning,,2025.1.1,None,2025-10-02 10h23.36.415650 +0530,
150,v,169,1,42,v,1,0.30810974999621976,None,42,1,169,1,,,,,413.8394530830046,,413.8348553329997,413.8394530830046,414.8327422500006,414.8327422500006,414.8327422500006,414.8327422500006,414.83715920800023,415.8325196250007,415.8325196250007,416.15110037499835,v,1,0.30810974999621976,None,,,,,02,001,2025-10-02_10h23.27.958,Motor Sequential Learning,,2025.1.1,None,2025-10-02 10h23.36.415650 +0530,
50,c,170,2,42,c,1,0.5762905410010717,None,42,2,170,2,,,,,416.16120583299926,,416.1519904579982,416.16120583299926,417.1494169170037,417.1494169170037,417.1494169170037,417.1494169170037,417.1542170829998,418.14931354200235,418.14931354200235,418.7339193750013,c,1,0.5762905410010717,None,,,,,02,001,2025-10-02_10h23.27.958,Motor Sequential Learning,,2025.1.1,None,2025-10-02 10h23.36.415650 +0530,
-150,z,171,3,42,z,1,0.3097997500008205,None,42,3,171,3,,,,,418.7434632920049,,418.73462266700517,418.7434632920049,419.73261216700485,419.73261216700485,419.73261216700485,419.73261216700485,419.7374392920028,420.7327473750047,420.7327473750047,421.0510476249983,z,1,0.3097997500008205,None,,,,,02,001,2025-10-02_10h23.27.958,Motor Sequential Learning,,2025.1.1,None,2025-10-02 10h23.36.415650 +0530,
-50,x,172,0,43,x,1,0.3273008749965811,None,43,0,172,0,,,,,421.0611620830023,,421.05187020800076,421.0611620830023,422.0493656250037,422.0493656250037,422.0493656250037,422.0493656250037,422.05428320800274,423.04923341700487,423.04923341700487,423.38386212500336,x,1,0.3273008749965811,None,,,,,02,001,2025-10-02_10h23.27.958,Motor Sequential Learning,,2025.1.1,None,2025-10-02 10h23.36.415650 +0530,
150,v,173,1,43,v,1,0.22279762499965727,None,43,1,173,1,,,,,423.39335312500043,,423.38457745800406,423.39335312500043,424.3826908750052,424.3826908750052,424.3826908750052,424.3826908750052,424.38765687499836,425.3825712500038,425.3825712500038,425.61734704200353,v,1,0.22279762499965727,None,,,,,02,001,2025-10-02_10h23.27.958,Motor Sequential Learning,,2025.1.1,None,2025-10-02 10h23.36.415650 +0530,
50,c,174,2,43,c,1,0.05752654100069776,None,43,2,174,2,,,,,425.62686204200145,,425.61802079200424,425.62686204200145,426.6159226669988,426.6159226669988,426.6159226669988,426.6159226669988,426.6208755830012,427.61582795800496,427.61582795800496,427.6841874169986,c,1,0.05752654100069776,None,,,,,02,001,2025-10-02_10h23.27.958,Motor Sequential Learning,,2025.1.1,None,2025-10-02 10h23.36.415650 +0530,
-150,z,175,3,43,z,1,0.377886333000788,None,43,3,175,3,,,,,427.6941266249996,,427.6850615830044,427.6941266249996,428.68259783300164,428.68259783300164,428.68259783300164,428.68259783300164,428.6872934580024,429.6824746249986,429.6824746249986,430.06690920799883,z,1,0.377886333000788,None,,,,,02,001,2025-10-02_10h23.27.958,Motor Sequential Learning,,2025.1.1,None,2025-10-02 10h23.36.415650 +0530,
-50,x,176,0,44,x,1,0.3804835839982843,None,44,0,176,0,,,,,430.07690616699983,,430.06757983300486,430.07690616699983,431.06582291700033,431.06582291700033,431.06582291700033,431.06582291700033,431.0700170420023,432.0658579170049,432.0658579170049,432.4506366249989,x,1,0.3804835839982843,None,,,,,02,001,2025-10-02_10h23.27.958,Motor Sequential Learning,,2025.1.1,None,2025-10-02 10h23.36.415650 +0530,
150,v,177,1,44,v,1,0.5897542500024429,None,44,1,177,1,,,,,432.4562299579993,,432.4515853330013,432.4562299579993,433.4492255830046,433.4492255830046,433.4492255830046,433.4492255830046,433.4541501249987,434.4492969999992,434.4492969999992,435.0508239580013,v,1,0.5897542500024429,None,,,,,02,001,2025-10-02_10h23.27.958,Motor Sequential Learning,,2025.1.1,None,2025-10-02 10h23.36.415650 +0530,
50,c,178,2,44,c,1,0.5029847080004402,None,44,2,178,2,,,,,435.06084408300376,,435.05171779200464,435.06084408300376,436.04930199999944,436.04930199999944,436.04930199999944,436.04930199999944,436.05386225000257,437.0491402500047,437.0491402500047,437.55615737500193,c,1,0.5029847080004402,None,,,,,02,001,2025-10-02_10h23.27.958,Motor Sequential Learning,,2025.1.1,None,2025-10-02 10h23.36.415650 +0530,
-150,z,179,3,44,z,1,0.260359249994508,None,44,3,179,3,,,,,437.5658421670014,,437.5566370000015,437.5658421670014,438.55416270800197,438.55416270800197,438.55416270800197,438.55416270800197,438.55416270800197,439.55494508300035,439.55494508300035,439.81718108300265,z,1,0.260359249994508,None,,,,,02,001,2025-10-02_10h23.27.958,Motor Sequential Learning,,2025.1.1,None,2025-10-02 10h23.36.415650 +0530,
-50,x,180,0,45,x,1,0.2563026250063558,None,45,0,180,0,,,,,439.8222101249994,,439.81798170800175,439.8222101249994,440.8158378750013,440.8158378750013,440.8158378750013,440.8158378750013,440.82102708300226,441.8157177920002,441.8157177920002,442.08375412500027,x,1,0.2563026250063558,None,,,,,02,001,2025-10-02_10h23.27.958,Motor Sequential Learning,,2025.1.1,None,2025-10-02 10h23.36.415650 +0530,
150,v,181,1,45,v,1,0.9544566250042408,None,45,1,181,1,,,,,442.0938837499998,,442.08449508299964,442.0938837499998,443.08212150000327,443.08212150000327,443.08212150000327,443.08212150000327,443.08710129200335,444.08250087500346,444.08250087500346,445.04020691700134,v,1,0.9544566250042408,None,,,,,02,001,2025-10-02_10h23.27.958,Motor Sequential Learning,,2025.1.1,None,2025-10-02 10h23.36.415650 +0530,
50,c,182,2,45,c,1,0.3557548329990823,None,45,2,182,2,,,,,445.0536303330009,,445.0406961250046,445.0536303330009,446.0372517920041,446.0372517920041,446.0372517920041,446.0372517920041,446.04898566700285,447.03706854199845,447.03706854199845,447.40101216699986,c,1,0.3557548329990823,None,,,,,02,001,2025-10-02_10h23.27.958,Motor Sequential Learning,,2025.1.1,None,2025-10-02 10h23.36.415650 +0530,
-150,z,183,3,45,z,1,0.40476920799846994,None,45,3,183,3,,,,,447.4111849580004,,447.40194587500446,447.4111849580004,448.39912275000097,448.39912275000097,448.39912275000097,448.39912275000097,448.40378641700227,449.3990438750043,449.3990438750043,449.8053566250019,z,1,0.40476920799846994,None,,,,,02,001,2025-10-02_10h23.27.958,Motor Sequential Learning,,2025.1.1,None,2025-10-02 10h23.36.415650 +0530,
-50,x,184,0,46,x,1,0.42467183300323086,None,46,0,184,0,,,,,449.8151025420011,,449.80584241700126,449.8151025420011,450.8038616250051,450.8038616250051,450.8038616250051,450.8038616250051,450.8038616250051,451.7990767080046,451.7990767080046,452.23405849999835,x,1,0.42467183300323086,None,,,,,02,001,2025-10-02_10h23.27.958,Motor Sequential Learning,,2025.1.1,None,2025-10-02 10h23.36.415650 +0530,
150,v,185,1,46,v,1,0.3462904170010006,None,46,1,185,1,,,,,452.2442287080048,,452.23495579200244,452.2442287080048,453.2325080830051,453.2325080830051,453.2325080830051,453.2325080830051,453.2377158750023,454.2324166670005,454.2324166670005,454.58393150000484,v,1,0.3462904170010006,None,,,,,02,001,2025-10-02_10h23.27.958,Motor Sequential Learning,,2025.1.1,None,2025-10-02 10h23.36.415650 +0530,
50,c,186,2,46,c,1,0.6143883339973399,None,46,2,186,2,,,,,454.5892221250033,,454.58477516700077,454.5892221250033,455.5824058330036,455.5824058330036,455.5824058330036,455.5824058330036,455.587337500001,456.5822787500001,456.5822787500001,457.200319208001,c,1,0.6143883339973399,None,,,,,02,001,2025-10-02_10h23.27.958,Motor Sequential Learning,,2025.1.1,None,2025-10-02 10h23.36.415650 +0530,
-150,z,187,3,46,z,1,0.46289879200048745,None,46,3,187,3,,,,,457.20546583300165,,457.20121291700343,457.20546583300165,458.1990460829984,458.1990460829984,458.1990460829984,458.1990460829984,458.20387345799827,459.1906684580026,459.1906684580026,459.65528504200483,z,1,0.46289879200048745,None,,,,,02,001,2025-10-02_10h23.27.958,Motor Sequential Learning,,2025.1.1,None,2025-10-02 10h23.36.415650 +0530,
-50,x,188,0,47,x,1,0.36904874999891035,None,47,0,188,0,,,,,459.6650594579987,,459.65576766699814,459.6650594579987,460.65401429199846,460.65401429199846,460.65401429199846,460.65401429199846,460.65401429199846,461.6545122079988,461.6545122079988,462.03390816700266,x,1,0.36904874999891035,None,,,,,02,001,2025-10-02_10h23.27.958,Motor Sequential Learning,,2025.1.1,None,2025-10-02 10h23.36.415650 +0530,
150,v,189,1,47,v,1,0.44834754199837334,None,47,1,189,1,,,,,462.0441387079991,,462.0347760420045,462.0441387079991,463.0323022500015,463.0323022500015,463.0323022500015,463.0323022500015,463.0370864170036,464.0321884580044,464.0321884580044,464.4839003750021,v,1,0.44834754199837334,None,,,,,02,001,2025-10-02_10h23.27.958,Motor Sequential Learning,,2025.1.1,None,2025-10-02 10h23.36.415650 +0530,
50,c,190,2,47,c,1,0.3860268329954124,None,47,2,190,2,,,,,464.48948350000137,,464.48483575000137,464.48948350000137,465.4821994580052,465.4821994580052,465.4821994580052,465.4821994580052,465.48626141700515,466.48229237500345,466.48229237500345,466.8723531249998,c,1,0.3860268329954124,None,,,,,02,001,2025-10-02_10h23.27.958,Motor Sequential Learning,,2025.1.1,None,2025-10-02 10h23.36.415650 +0530,
-150,z,191,3,47,z,1,0.5439030840061605,None,47,3,191,3,,,,,466.8822744170029,,466.8728226669991,466.8822744170029,467.8705137080033,467.8705137080033,467.8705137080033,467.8705137080033,467.8705137080033,468.8714975000039,468.8714975000039,469.41665733300033,z,1,0.5439030840061605,None,,,,,02,001,2025-10-02_10h23.27.958,Motor Sequential Learning,,2025.1.1,None,2025-10-02 10h23.36.415650 +0530,
-50,x,192,0,48,x,1,0.4290015000005951,None,48,0,192,0,,,,,469.42111300000397,,469.41726058300264,469.42111300000397,470.4155641250036,470.4155641250036,470.4155641250036,470.4155641250036,470.41987062500266,471.41545870800473,471.41545870800473,471.8504872920021,x,1,0.4290015000005951,None,,,,,02,001,2025-10-02_10h23.27.958,Motor Sequential Learning,,2025.1.1,None,2025-10-02 10h23.36.415650 +0530,
150,v,193,1,48,v,1,0.38519716700102435,None,48,1,193,1,,,,,471.86086629200145,,471.8514024169999,471.86086629200145,472.8488679580041,472.8488679580041,472.8488679580041,472.8488679580041,472.85403800000495,473.8489657500031,473.8489657500031,474.2396898330044,v,1,0.38519716700102435,None,,,,,02,001,2025-10-02_10h23.27.958,Motor Sequential Learning,,2025.1.1,None,2025-10-02 10h23.36.415650 +0530,
50,c,194,2,48,c,1,0.5827299579977989,None,48,2,194,2,,,,,474.26588379200257,,474.24014779199933,474.26588379200257,475.2374529580047,475.2374529580047,475.2374529580047,475.2374529580047,475.2530037920005,476.2384973330045,476.2384973330045,476.833726249999,c,1,0.5827299579977989,None,,,,,02,001,2025-10-02_10h23.27.958,Motor Sequential Learning,,2025.1.1,None,2025-10-02 10h23.36.415650 +0530,
-150,z,195,3,48,z,1,0.3359169169998495,None,48,3,195,3,,,,,476.8437141250033,,476.8345844170035,476.8437141250033,477.832084917005,477.832084917005,477.832084917005,477.832084917005,477.83663745800004,478.83216741700016,478.83216741700016,479.17198387499957,z,1,0.3359169169998495,None,,,,,02,001,2025-10-02_10h23.27.958,Motor Sequential Learning,,2025.1.1,None,2025-10-02 10h23.36.415650 +0530,
-50,x,196,0,49,x,1,0.4070072499962407,None,49,0,196,0,,,,,479.1816301250001,,479.17246691699984,479.1816301250001,480.1702889580047,480.1702889580047,480.1702889580047,480.1702889580047,480.1702889580047,481.17111933300475,481.17111933300475,481.58365033299924,x,1,0.4070072499962407,None,,,,,02,001,2025-10-02_10h23.27.958,Motor Sequential Learning,,2025.1.1,None,2025-10-02 10h23.36.415650 +0530,
150,v,197,1,49,v,1,0.3628725000016857,None,49,1,197,1,,,,,481.58864950000134,,481.58449170800304,481.58864950000134,482.58209575000365,482.58209575000365,482.58209575000365,482.58209575000365,482.5864579170011,483.58214620799845,483.58214620799845,483.95031216699863,v,1,0.3628725000016857,None,,,,,02,001,2025-10-02_10h23.27.958,Motor Sequential Learning,,2025.1.1,None,2025-10-02 10h23.36.415650 +0530,
50,c,198,2,49,c,1,0.42218020900327247,None,49,2,198,2,,,,,483.9604947080006,,483.9511830830015,483.9604947080006,484.9484799999991,484.9484799999991,484.9484799999991,484.9484799999991,484.95340445799957,485.94881308299955,485.94881308299955,486.3837841670029,c,1,0.42218020900327247,None,,,,,02,001,2025-10-02_10h23.27.958,Motor Sequential Learning,,2025.1.1,None,2025-10-02 10h23.36.415650 +0530,
-150,z,199,3,49,z,1,0.4219699590030359,None,49,3,199,3,,,,,486.393278208001,,486.38445366700034,486.393278208001,487.38213508300396,487.38213508300396,487.38213508300396,487.38213508300396,487.3864749580025,488.38199970799906,488.38199970799906,488.81692741699953,z,1,0.4219699590030359,None,,,,,02,001,2025-10-02_10h23.27.958,Motor Sequential Learning,,2025.1.1,None,2025-10-02 10h23.36.415650 +0530,
-50,x,0,0,0,x,1,0.37770350000209874,None,,,,,0,0,0,0,488.83814008300396,,488.83114108299924,488.83814008300396,489.81536779199814,489.81536779199814,489.81536779199814,489.81536779199814,489.8367358750038,490.81526045800274,490.81526045800274,491.20003262499813,,,,,x,1,0.37770350000209874,None,02,001,2025-10-02_10h23.27.958,Motor Sequential Learning,,2025.1.1,None,2025-10-02 10h23.36.415650 +0530,
50,c,1,1,0,c,1,1.2870145830020192,None,,,,,0,1,1,2,491.2085785829986,,491.2006800829986,491.2085785829986,492.19860204200086,492.19860204200086,492.19860204200086,492.19860204200086,492.2033893750049,493.1987032920006,493.1987032920006,494.48838937500113,,,,,c,1,1.2870145830020192,None,02,001,2025-10-02_10h23.27.958,Motor Sequential Learning,,2025.1.1,None,2025-10-02 10h23.36.415650 +0530,
-50,x,2,2,1,x,1,0.7873881249979604,None,,,,,1,2,2,0,494.49779837499955,,494.4888869999995,494.49779837499955,495.4872675000006,495.4872675000006,495.4872675000006,495.4872675000006,495.4872675000006,496.4883034170052,496.4883034170052,497.2831788330004,,,,,x,1,0.7873881249979604,None,02,001,2025-10-02_10h23.27.958,Motor Sequential Learning,,2025.1.1,None,2025-10-02 10h23.36.415650 +0530,
50,c,3,3,1,c,1,0.5648107090019039,None,,,,,1,3,3,2,497.29159795799933,,497.2838167920054,497.29159795799933,498.2820237499982,498.2820237499982,498.2820237499982,498.2820237499982,498.2866126670051,499.2819252920017,499.2819252920017,499.8498891670024,,,,,c,1,0.5648107090019039,None,02,001,2025-10-02_10h23.27.958,Motor Sequential Learning,,2025.1.1,None,2025-10-02 10h23.36.415650 +0530,
-50,x,4,4,2,x,1,0.34206874999654246,None,,,,,2,4,4,0,499.8591140830031,,499.85046220799995,499.8591140830031,500.8486372500047,500.8486372500047,500.8486372500047,500.8486372500047,500.8534840420034,501.8485517500012,501.8485517500012,502.2002318750019,,,,,x,1,0.34206874999654246,None,02,001,2025-10-02_10h23.27.958,Motor Sequential Learning,,2025.1.1,None,2025-10-02 10h23.36.415650 +0530,
-50,x,5,5,3,x,1,0.5600279589998536,None,,,,,3,5,5,0,502.20950008300133,,502.2010047500007,502.20950008300133,503.1986040000047,503.1986040000047,503.1986040000047,503.1986040000047,503.20330933300284,504.1985030420037,504.1985030420037,504.76735395799915,,,,,x,1,0.5600279589998536,None,02,001,2025-10-02_10h23.27.958,Motor Sequential Learning,,2025.1.1,None,2025-10-02 10h23.36.415650 +0530,
-50,x,6,6,4,x,1,0.388134374996298,None,,,,,4,6,6,0,504.77682029200514,,504.76806383299845,504.77682029200514,505.76523437500146,505.76523437500146,505.76523437500146,505.76523437500146,505.77006608300144,506.7653695830013,506.7653695830013,507.166797124999,,,,,x,1,0.388134374996298,None,02,001,2025-10-02_10h23.27.958,Motor Sequential Learning,,2025.1.1,None,2025-10-02 10h23.36.415650 +0530,
-150,z,7,7,0,z,1,0.6103422910018708,None,,,,,0,7,7,3,507.1758970830051,,507.1674276670019,507.1758970830051,508.16532883300533,508.16532883300533,508.16532883300533,508.16532883300533,508.1700999169989,509.1651761250032,509.1651761250032,509.78364929200325,,,,,z,1,0.6103422910018708,None,02,001,2025-10-02_10h23.27.958,Motor Sequential Learning,,2025.1.1,None,2025-10-02 10h23.36.415650 +0530,
-150,z,8,8,1,z,1,0.5265887909990852,None,,,,,1,8,8,3,509.7942506670006,,509.78438024999923,509.7942506670006,510.7818819169988,510.7818819169988,510.7818819169988,510.7818819169988,510.7872001249998,511.7817819999982,511.7817819999982,512.316748792,,,,,z,1,0.5265887909990852,None,02,001,2025-10-02_10h23.27.958,Motor Sequential Learning,,2025.1.1,None,2025-10-02 10h23.36.415650 +0530,
-50,x,9,9,5,x,1,0.5849277910019737,None,,,,,5,9,9,0,512.3259728330013,,512.3174510000026,512.3259728330013,513.3150882500049,513.3150882500049,513.3150882500049,513.3150882500049,513.3197868749994,514.3153982920048,514.3153982920048,514.9050303750046,,,,,x,1,0.5849277910019737,None,02,001,2025-10-02_10h23.27.958,Motor Sequential Learning,,2025.1.1,None,2025-10-02 10h23.36.415650 +0530,
50,c,10,10,2,c,1,0.6324040830004378,None,,,,,2,10,10,2,514.9142412500005,,514.9055558330001,514.9142412500005,515.903927833002,515.903927833002,515.903927833002,515.903927833002,515.903927833002,516.9057568749995,516.9057568749995,517.5500040000043,,,,,c,1,0.6324040830004378,None,02,001,2025-10-02_10h23.27.958,Motor Sequential Learning,,2025.1.1,None,2025-10-02 10h23.36.415650 +0530,
50,c,11,11,3,x,0,0.45775150000554277,None,,,,,3,11,11,2,517.5595013330021,,517.5508157920049,517.5595013330021,518.5483837499996,518.5483837499996,518.5483837499996,518.5483837499996,518.5531002499993,519.5484760830004,519.5484760830004,520.0167406250039,,,,,x,0,0.45775150000554277,None,02,001,2025-10-02_10h23.27.958,Motor Sequential Learning,,2025.1.1,None,2025-10-02 10h23.36.415650 +0530,
-50,x,12,12,6,x,1,0.5645282909972593,None,,,,,6,12,12,0,520.0259938750023,,520.0175242500045,520.0259938750023,521.0152916250008,521.0152916250008,521.0152916250008,521.0152916250008,521.0202207080001,522.0149662080003,522.0149662080003,522.5834509580018,,,,,x,1,0.5645282909972593,None,02,001,2025-10-02_10h23.27.958,Motor Sequential Learning,,2025.1.1,None,2025-10-02 10h23.36.415650 +0530,
-50,x,13,13,7,x,1,0.5111364170006709,None,,,,,7,13,13,0,522.5889650829995,,522.5842543750041,522.5889650829995,523.5817118749983,523.5817118749983,523.5817118749983,523.5817118749983,523.5870894170002,524.5819223750004,524.5819223750004,525.0999307919992,,,,,x,1,0.5111364170006709,None,02,001,2025-10-02_10h23.27.958,Motor Sequential Learning,,2025.1.1,None,2025-10-02 10h23.36.415650 +0530,
-50,x,14,14,8,x,1,0.4716403329948662,None,,,,,8,14,14,0,525.1090912500003,,525.100442875002,525.1090912500003,526.0986022920042,526.0986022920042,526.0986022920042,526.0986022920042,526.1051353750008,527.0983277920022,527.0983277920022,527.5833646669998,,,,,x,1,0.4716403329948662,None,02,001,2025-10-02_10h23.27.958,Motor Sequential Learning,,2025.1.1,None,2025-10-02 10h23.36.415650 +0530,
50,c,15,15,4,c,1,0.48935974999767495,None,,,,,4,15,15,2,527.5928200830022,,527.5841730000029,527.5928200830022,528.5817314580054,528.5817314580054,528.5817314580054,528.5817314580054,528.586527958003,529.5816435419983,529.5816435419983,530.0831937920011,,,,,c,1,0.48935974999767495,None,02,001,2025-10-02_10h23.27.958,Motor Sequential Learning,,2025.1.1,None,2025-10-02 10h23.36.415650 +0530,
-150,z,16,16,2,z,1,0.662320165996789,None,,,,,2,16,16,3,530.0923187080043,,530.0839141670003,530.0923187080043,531.0816836250015,531.0816836250015,531.0816836250015,531.0816836250015,531.0864940829997,532.0816294169999,532.0816294169999,532.7506134580035,,,,,z,1,0.662320165996789,None,02,001,2025-10-02_10h23.27.958,Motor Sequential Learning,,2025.1.1,None,2025-10-02 10h23.36.415650 +0530,
-50,x,17,17,9,x,1,0.6256382499996107,None,,,,,9,17,17,0,532.7599840420007,,532.751275583003,532.7599840420007,533.7481927920016,533.7481927920016,533.7481927920016,533.7481927920016,533.7529058750006,534.7482718329993,534.7482718329993,535.3833026670036,,,,,x,1,0.6256382499996107,None,02,001,2025-10-02_10h23.27.958,Motor Sequential Learning,,2025.1.1,None,2025-10-02 10h23.36.415650 +0530,
-150,z,18,18,3,z,1,0.5824714579939609,None,,,,,3,18,18,3,535.3923479170044,,535.3840469999996,535.3923479170044,536.3818110830034,536.3818110830034,536.3818110830034,536.3818110830034,536.3872071250007,537.3815362079986,537.3815362079986,537.9672247080016,,,,,z,1,0.5824714579939609,None,02,001,2025-10-02_10h23.27.958,Motor Sequential Learning,,2025.1.1,None,2025-10-02 10h23.36.415650 +0530,
150,v,19,19,0,v,1,6.683549207999022,None,,,,,0,19,19,1,537.9728530420034,,537.9682764169993,537.9728530420034,538.9648728329994,538.9648728329994,538.9648728329994,538.9648728329994,538.9697561249995,539.9649599170007,539.9649599170007,546.6549563330045,,,,,v,1,6.683549207999022,None,02,001,2025-10-02_10h23.27.958,Motor Sequential Learning,,2025.1.1,None,2025-10-02 10h23.36.415650 +0530,
-150,z,20,20,4,z,1,0.5269171670006472,None,,,,,4,20,20,3,546.6641498329991,,546.6554328330021,546.6641498329991,547.6538576250023,547.6538576250023,547.6538576250023,547.6538576250023,547.6538576250023,548.6535822080041,548.6535822080041,549.1827821670013,,,,,z,1,0.5269171670006472,None,02,001,2025-10-02_10h23.27.958,Motor Sequential Learning,,2025.1.1,None,2025-10-02 10h23.36.415650 +0530,
-150,z,21,21,5,z,1,0.49674616700212937,None,,,,,5,21,21,3,549.1883302080023,,549.1833945420003,549.1883302080023,550.1813472920039,550.1813472920039,550.1813472920039,550.1813472920039,550.1861510419985,551.181677917004,551.181677917004,551.6827613749992,,,,,z,1,0.49674616700212937,None,02,001,2025-10-02_10h23.27.958,Motor Sequential Learning,,2025.1.1,None,2025-10-02 10h23.36.415650 +0530,
150,v,22,22,1,v,1,0.8360780000002705,None,,,,,1,22,22,1,551.6921549170002,,551.6834515830051,551.6921549170002,552.6814739580004,552.6814739580004,552.6814739580004,552.6814739580004,552.6863648330036,553.6813679170009,553.6813679170009,554.5212017080048,,,,,v,1,0.8360780000002705,None,02,001,2025-10-02_10h23.27.958,Motor Sequential Learning,,2025.1.1,None,2025-10-02 10h23.36.415650 +0530,
-50,x,23,23,10,x,1,0.5834401669999352,None,,,,,10,23,23,0,554.5305298329986,,554.5217049580024,554.5305298329986,555.5197870420016,555.5197870420016,555.5197870420016,555.5197870420016,555.5197870420016,556.522985458003,556.522985458003,557.1166085000004,,,,,x,1,0.5834401669999352,None,02,001,2025-10-02_10h23.27.958,Motor Sequential Learning,,2025.1.1,None,2025-10-02 10h23.36.415650 +0530,
-50,x,24,24,11,x,1,0.7145652079998399,None,,,,,11,24,24,0,557.1261890419992,,557.1173205829982,557.1261890419992,558.1148052080025,558.1148052080025,558.1148052080025,558.1148052080025,558.1197222080009,559.1146981249985,559.1146981249985,559.8330513330002,,,,,x,1,0.7145652079998399,None,02,001,2025-10-02_10h23.27.958,Motor Sequential Learning,,2025.1.1,None,2025-10-02 10h23.36.415650 +0530,
-150,z,25,25,6,z,1,0.6049778749948018,None,,,,,6,25,25,3,559.838414333004,,559.8338422919987,559.838414333004,560.8316037500044,560.8316037500044,560.8316037500044,560.8316037500044,560.8363106670004,561.8312857080018,561.8312857080018,562.4386992080035,,,,,z,1,0.6049778749948018,None,02,001,2025-10-02_10h23.27.958,Motor Sequential Learning,,2025.1.1,None,2025-10-02 10h23.36.415650 +0530,
150,v,26,26,2,v,1,0.5420315419978579,None,,,,,2,26,26,1,562.4478532920039,,562.4391858750023,562.4478532920039,563.4363068329985,563.4363068329985,563.4363068329985,563.4363068329985,563.4363068329985,564.4371567080016,564.4371567080016,564.9830097080048,,,,,v,1,0.5420315419978579,None,02,001,2025-10-02_10h23.27.958,Motor Sequential Learning,,2025.1.1,None,2025-10-02 10h23.36.415650 +0530,
-150,z,27,27,7,z,1,0.6677346659998875,None,,,,,7,27,27,3,564.9923272919987,,564.9837689170017,564.9923272919987,565.9814589169982,565.9814589169982,565.9814589169982,565.9814589169982,565.9872877919988,566.9812883330014,566.9812883330014,567.6538827080003,,,,,z,1,0.6677346659998875,None,02,001,2025-10-02_10h23.27.958,Motor Sequential Learning,,2025.1.1,None,2025-10-02 10h23.36.415650 +0530,
150,v,28,28,3,v,1,0.5657984579956974,None,,,,,3,28,28,1,567.6636659170035,,567.6544358750034,567.6636659170035,568.6479254170044,568.6479254170044,568.6479254170044,568.6479254170044,568.6519462080032,569.654300000002,569.654300000002,570.2213026669997,,,,,v,1,0.5657984579956974,None,02,001,2025-10-02_10h23.27.958,Motor Sequential Learning,,2025.1.1,None,2025-10-02 10h23.36.415650 +0530,
-150,z,29,29,8,z,1,0.7370455420023063,None,,,,,8,29,29,3,570.2304857920026,,570.2217762920045,570.2304857920026,571.2198491669988,571.2198491669988,571.2198491669988,571.2198491669988,571.2198491669988,572.2209023750038,572.2209023750038,572.9659158330032,,,,,z,1,0.7370455420023063,None,02,001,2025-10-02_10h23.27.958,Motor Sequential Learning,,2025.1.1,None,2025-10-02 10h23.36.415650 +0530,
50,c,30,30,5,c,1,1.1693541249987902,None,,,,,5,30,30,2,572.9756506250051,,572.9666901250021,572.9756506250051,573.9645422920003,573.9645422920003,573.9645422920003,573.9645422920003,573.9693090830042,574.9646207500045,574.9646207500045,576.1377537920052,,,,,c,1,1.1693541249987902,None,02,001,2025-10-02_10h23.27.958,Motor Sequential Learning,,2025.1.1,None,2025-10-02 10h23.36.415650 +0530,
150,v,31,31,4,v,1,0.6426493750041118,None,,,,,4,31,31,1,576.1470304169998,,576.1382327500032,576.1470304169998,577.1368358750042,577.1368358750042,577.1368358750042,577.1368358750042,577.1368358750042,578.131300042005,578.131300042005,578.7827206670045,,,,,v,1,0.6426493750041118,None,02,001,2025-10-02_10h23.27.958,Motor Sequential Learning,,2025.1.1,None,2025-10-02 10h23.36.415650 +0530,
150,v,32,32,5,v,1,0.510682291998819,None,,,,,5,32,32,1,578.7917557500041,,578.783396167004,578.7917557500041,579.7813082920038,579.7813082920038,579.7813082920038,579.7813082920038,579.7859925830053,580.7811602080037,580.7811602080037,581.299200333,,,,,v,1,0.510682291998819,None,02,001,2025-10-02_10h23.27.958,Motor Sequential Learning,,2025.1.1,None,2025-10-02 10h23.36.415650 +0530,
50,c,33,33,6,c,1,0.5480847920043743,None,,,,,6,33,33,2,581.308478125,,581.299805542003,581.308478125,582.2978128329996,582.2978128329996,582.2978128329996,582.2978128329996,582.3021988750043,583.2977307500041,583.2977307500041,583.8492848329988,,,,,c,1,0.5480847920043743,None,02,001,2025-10-02_10h23.27.958,Motor Sequential Learning,,2025.1.1,None,2025-10-02 10h23.36.415650 +0530,
150,v,34,34,6,v,1,0.5215973330050474,None,,,,,6,34,34,1,583.858354750002,,583.8498747500053,583.858354750002,584.8478211670008,584.8478211670008,584.8478211670008,584.8478211670008,584.8527162500031,585.8480142500048,585.8480142500048,586.3716405419982,,,,,v,1,0.5215973330050474,None,02,001,2025-10-02_10h23.27.958,Motor Sequential Learning,,2025.1.1,None,2025-10-02 10h23.36.415650 +0530,
50,c,35,35,7,c,1,0.6939367919985671,None,,,,,7,35,35,2,586.3805415829993,,586.3721442500027,586.3805415829993,587.369173500003,587.369173500003,587.369173500003,587.369173500003,587.369173500003,588.3707445420005,588.3707445420005,589.0709643750015,,,,,c,1,0.6939367919985671,None,02,001,2025-10-02_10h23.27.958,Motor Sequential Learning,,2025.1.1,None,2025-10-02 10h23.36.415650 +0530,
150,v,36,36,7,v,1,0.6697305839988985,None,,,,,7,36,36,1,589.0802552500027,,589.0714572080033,589.0802552500027,590.0701870830017,590.0701870830017,590.0701870830017,590.0701870830017,590.0701870830017,591.0708893750052,591.0708893750052,591.7496320830032,,,,,v,1,0.6697305839988985,None,02,001,2025-10-02_10h23.27.958,Motor Sequential Learning,,2025.1.1,None,2025-10-02 10h23.36.415650 +0530,
150,v,37,37,8,v,1,0.6337597500023548,None,,,,,8,37,37,1,591.7587920830047,,591.7503606250029,591.7587920830047,592.7476694170036,592.7476694170036,592.7476694170036,592.7476694170036,592.7523295830033,593.7477462919996,593.7477462919996,594.3876937500027,,,,,v,1,0.6337597500023548,None,02,001,2025-10-02_10h23.27.958,Motor Sequential Learning,,2025.1.1,None,2025-10-02 10h23.36.415650 +0530,
150,v,38,38,9,v,1,1.3776152079954045,None,,,,,9,38,38,1,594.3969287920045,,594.3881712920047,594.3969287920045,595.3858651250048,595.3858651250048,595.3858651250048,595.3858651250048,595.3858651250048,596.3878105830008,596.3878105830008,597.7709683749999,,,,,v,1,1.3776152079954045,None,02,001,2025-10-02_10h23.27.958,Motor Sequential Learning,,2025.1.1,None,2025-10-02 10h23.36.415650 +0530,
-150,z,39,39,9,z,1,0.7416394590036361,None,,,,,9,39,39,3,597.7800996670048,,597.7714467080004,597.7800996670048,598.7693514170023,598.7693514170023,598.7693514170023,598.7693514170023,598.7693514170023,599.7688797919982,599.7688797919982,600.516552000001,,,,,z,1,0.7416394590036361,None,02,001,2025-10-02_10h23.27.958,Motor Sequential Learning,,2025.1.1,None,2025-10-02 10h23.36.415650 +0530,
-50,x,40,40,12,x,1,0.6549039579986129,None,,,,,12,40,40,0,600.5219562499988,,600.5174630830006,600.5219562499988,601.5142285830007,601.5142285830007,601.5142285830007,601.5142285830007,601.5185520000014,602.5143449579991,602.5143449579991,603.170985583005,,,,,x,1,0.6549039579986129,None,02,001,2025-10-02_10h23.27.958,Motor Sequential Learning,,2025.1.1,None,2025-10-02 10h23.36.415650 +0530,
-150,z,41,41,10,z,1,0.622588165999332,None,,,,,10,41,41,3,603.1800100000037,,603.1714728750012,603.1800100000037,604.1706588750021,604.1706588750021,604.1706588750021,604.1706588750021,604.1706588750021,605.1697404580045,605.1697404580045,605.7989490000036,,,,,z,1,0.622588165999332,None,02,001,2025-10-02_10h23.27.958,Motor Sequential Learning,,2025.1.1,None,2025-10-02 10h23.36.415650 +0530,
50,c,42,42,8,c,1,0.8568061249970924,None,,,,,8,42,42,2,605.808522416999,,605.7996822920031,605.808522416999,606.7976380830005,606.7976380830005,606.7976380830005,606.7976380830005,606.8030003329986,607.797502458001,607.797502458001,608.6660466250032,,,,,c,1,0.8568061249970924,None,02,001,2025-10-02_10h23.27.958,Motor Sequential Learning,,2025.1.1,None,2025-10-02 10h23.36.415650 +0530,
-50,x,43,43,13,x,1,0.5579744999995455,None,,,,,13,43,43,0,608.6752977080032,,608.6668682080053,608.6752977080032,609.6643980420049,609.6643980420049,609.6643980420049,609.6643980420049,609.6699586250033,610.6642364580039,610.6642364580039,611.2327457499996,,,,,x,1,0.5579744999995455,None,02,001,2025-10-02_10h23.27.958,Motor Sequential Learning,,2025.1.1,None,2025-10-02 10h23.36.415650 +0530,
150,v,44,44,10,v,1,0.5802788329965551,None,,,,,10,44,44,1,611.2429686670002,,611.2334180000034,611.2429686670002,612.2309316669998,612.2309316669998,612.2309316669998,612.2309316669998,612.2350759580004,613.230857583003,613.230857583003,613.8155273750017,,,,,v,1,0.5802788329965551,None,02,001,2025-10-02_10h23.27.958,Motor Sequential Learning,,2025.1.1,None,2025-10-02 10h23.36.415650 +0530,
-50,x,45,45,14,x,1,0.5907437080022646,None,,,,,14,45,45,0,613.8241457080003,,613.8161274170052,613.8241457080003,614.8143751669995,614.8143751669995,614.8143751669995,614.8143751669995,614.8199214170018,615.8143363749987,615.8143363749987,616.4158222080005,,,,,x,1,0.5907437080022646,None,02,001,2025-10-02_10h23.27.958,Motor Sequential Learning,,2025.1.1,None,2025-10-02 10h23.36.415650 +0530,
-50,x,46,46,15,x,1,0.48590408400195884,None,,,,,15,46,46,0,616.4251320420008,,616.4166482920045,616.4251320420008,617.4141981249995,617.4141981249995,617.4141981249995,617.4141981249995,617.4190260830001,618.4141145829999,618.4141145829999,618.9043919169999,,,,,x,1,0.48590408400195884,None,02,001,2025-10-02_10h23.27.958,Motor Sequential Learning,,2025.1.1,None,2025-10-02 10h23.36.415650 +0530,
-150,z,47,47,11,z,1,0.7897379580026609,None,,,,,11,47,47,3,618.9134810000032,,618.9048917920009,618.9134810000032,619.9030042500017,619.9030042500017,619.9030042500017,619.9030042500017,619.9030042500017,620.9042177500014,620.9042177500014,621.6992576670018,,,,,z,1,0.7897379580026609,None,02,001,2025-10-02_10h23.27.958,Motor Sequential Learning,,2025.1.1,None,2025-10-02 10h23.36.415650 +0530,
-150,z,48,48,12,z,1,0.6323099579967675,None,,,,,12,48,48,3,621.7043837919991,,621.6999880420044,621.7043837919991,622.697382833001,622.697382833001,622.697382833001,622.697382833001,622.7020879999982,623.6974917500047,623.6974917500047,624.3330300419984,,,,,z,1,0.6323099579967675,None,02,001,2025-10-02_10h23.27.958,Motor Sequential Learning,,2025.1.1,None,2025-10-02 10h23.36.415650 +0530,
150,v,49,49,11,v,1,0.6440774579969002,None,,,,,11,49,49,1,624.3422236670012,,624.3338597500042,624.3422236670012,625.3306547500033,625.3306547500033,625.3306547500033,625.3306547500033,625.3352821670051,626.3307831249986,626.3307831249986,626.9824503330019,,,,,v,1,0.6440774579969002,None,02,001,2025-10-02_10h23.27.958,Motor Sequential Learning,,2025.1.1,None,2025-10-02 10h23.36.415650 +0530,
-150,z,50,50,13,z,1,0.5788102910009911,None,,,,,13,50,50,3,626.9916354169982,,626.9832165420012,626.9916354169982,627.9807724170023,627.9807724170023,627.9807724170023,627.9807724170023,627.9856502080002,628.9808582920014,628.9808582920014,629.5655442080024,,,,,z,1,0.5788102910009911,None,02,001,2025-10-02_10h23.27.958,Motor Sequential Learning,,2025.1.1,None,2025-10-02 10h23.36.415650 +0530,
150,v,51,51,12,v,1,0.7706173749975278,None,,,,,12,51,51,1,629.5748422500037,,629.5663934170007,629.5748422500037,630.5642058750018,630.5642058750018,630.5642058750018,630.5642058750018,630.5693899170001,631.5640645000021,631.5640645000021,632.3366857500005,,,,,v,1,0.7706173749975278,None,02,001,2025-10-02_10h23.27.958,Motor Sequential Learning,,2025.1.1,None,2025-10-02 10h23.36.415650 +0530,
150,v,52,52,13,v,1,0.7365762499975972,None,,,,,13,52,52,1,632.3464905000001,,632.3372077500026,632.3464905000001,633.338632250001,633.338632250001,633.338632250001,633.338632250001,633.338632250001,634.3309699169986,634.3309699169986,635.0700283750048,,,,,v,1,0.7365762499975972,None,02,001,2025-10-02_10h23.27.958,Motor Sequential Learning,,2025.1.1,None,2025-10-02 10h23.36.415650 +0530,
150,v,53,53,14,v,1,0.6462674579961458,None,,,,,14,53,53,1,635.0796648750038,,635.0705127500041,635.0796648750038,636.0687448750032,636.0687448750032,636.0687448750032,636.0687448750032,636.0687448750032,637.0702966669996,637.0702966669996,637.7199916669997,,,,,v,1,0.6462674579961458,None,02,001,2025-10-02_10h23.27.958,Motor Sequential Learning,,2025.1.1,None,2025-10-02 10h23.36.415650 +0530,
-150,z,54,54,14,z,1,0.6306730419964879,None,,,,,14,54,54,3,637.7296912079983,,637.7204904579994,637.7296912079983,638.7195207920013,638.7195207920013,638.7195207920013,638.7195207920013,638.7195207920013,639.7139485830048,639.7139485830048,640.349017958004,,,,,z,1,0.6306730419964879,None,02,001,2025-10-02_10h23.27.958,Motor Sequential Learning,,2025.1.1,None,2025-10-02 10h23.36.415650 +0530,
150,v,55,55,15,v,1,0.5201012500037905,None,,,,,15,55,55,1,640.3589353749994,,640.3498138330033,640.3589353749994,641.3473467500007,641.3473467500007,641.3473467500007,641.3473467500007,641.3522367500045,642.3472526250043,642.3472526250043,642.8694705000016,,,,,v,1,0.5201012500037905,None,02,001,2025-10-02_10h23.27.958,Motor Sequential Learning,,2025.1.1,None,2025-10-02 10h23.36.415650 +0530,
150,v,56,56,16,v,1,0.7184275839972543,None,,,,,16,56,56,1,642.8795903330029,,642.8699472080043,642.8795903330029,643.868993832999,643.868993832999,643.868993832999,643.868993832999,643.868993832999,644.8639780000012,644.8639780000012,645.5875340830025,,,,,v,1,0.7184275839972543,None,02,001,2025-10-02_10h23.27.958,Motor Sequential Learning,,2025.1.1,None,2025-10-02 10h23.36.415650 +0530,
50,c,57,57,9,c,1,0.8485551250050776,None,,,,,9,57,57,2,645.596704292002,,645.588010833002,645.596704292002,646.5855280420001,646.5855280420001,646.5855280420001,646.5855280420001,646.5855280420001,647.5867811249991,647.5867811249991,648.4489013330021,,,,,c,1,0.8485551250050776,None,02,001,2025-10-02_10h23.27.958,Motor Sequential Learning,,2025.1.1,None,2025-10-02 10h23.36.415650 +0530,
-150,z,58,58,15,z,1,0.56184624999878,None,,,,,15,58,58,3,648.4585428330029,,648.4497418750034,648.4585428330029,649.4472194170012,649.4472194170012,649.4472194170012,649.4472194170012,649.4519934999989,650.4473886670021,650.4473886670021,651.0155489579993,,,,,z,1,0.56184624999878,None,02,001,2025-10-02_10h23.27.958,Motor Sequential Learning,,2025.1.1,None,2025-10-02 10h23.36.415650 +0530,
150,v,59,59,17,v,1,0.7473541669969563,None,,,,,17,59,59,1,651.0247170830044,,651.016359250003,651.0247170830044,652.0139851670028,652.0139851670028,652.0139851670028,652.0139851670028,652.0187044170016,653.0139086249983,653.0139086249983,653.7654827080041,,,,,v,1,0.7473541669969563,None,02,001,2025-10-02_10h23.27.958,Motor Sequential Learning,,2025.1.1,None,2025-10-02 10h23.36.415650 +0530,
50,c,60,60,10,c,1,0.7141885829987586,None,,,,,10,60,60,2,653.7708370420005,,653.7662202499996,653.7708370420005,654.7638387500047,654.7638387500047,654.7638387500047,654.7638387500047,654.7685134580024,655.7639062080052,655.7639062080052,656.4820416670045,,,,,c,1,0.7141885829987586,None,02,001,2025-10-02_10h23.27.958,Motor Sequential Learning,,2025.1.1,None,2025-10-02 10h23.36.415650 +0530,
150,v,61,61,18,v,1,0.4806022499979008,None,,,,,18,61,61,1,656.4908436250043,,656.4826087500041,656.4908436250043,657.4805955830016,657.4805955830016,657.4805955830016,657.4805955830016,657.4854011670031,658.4804746670052,658.4804746670052,658.9653900420017,,,,,v,1,0.4806022499979008,None,02,001,2025-10-02_10h23.27.958,Motor Sequential Learning,,2025.1.1,None,2025-10-02 10h23.36.415650 +0530,
-50,x,62,62,16,x,1,0.642147541999293,None,,,,,16,62,62,0,658.9707284579999,,658.9662410000019,658.9707284579999,659.9639369170036,659.9639369170036,659.9639369170036,659.9639369170036,659.9691701250049,660.9638070830042,660.9638070830042,661.6158774580035,,,,,x,1,0.642147541999293,None,02,001,2025-10-02_10h23.27.958,Motor Sequential Learning,,2025.1.1,None,2025-10-02 10h23.36.415650 +0530,
-50,x,63,63,17,x,1,0.5662545840023085,None,,,,,17,63,63,0,661.6255840830054,,661.6169972920034,661.6255840830054,662.6137981670036,662.6137981670036,662.6137981670036,662.6137981670036,662.6186027080039,663.6136822500048,663.6136822500048,664.1820096250012,,,,,x,1,0.5662545840023085,None,02,001,2025-10-02_10h23.27.958,Motor Sequential Learning,,2025.1.1,None,2025-10-02 10h23.36.415650 +0530,
-150,z,64,64,16,z,1,0.6083252910029842,None,,,,,16,64,64,3,664.1874300420022,,664.1827882080033,664.1874300420022,665.180417167001,665.180417167001,665.180417167001,665.180417167001,665.1851339999994,666.1804769580049,666.1804769580049,666.7988407500015,,,,,z,1,0.6083252910029842,None,02,001,2025-10-02_10h23.27.958,Motor Sequential Learning,,2025.1.1,None,2025-10-02 10h23.36.415650 +0530,
-50,x,65,65,18,x,1,0.5976985829984187,None,,,,,18,65,65,0,666.8077287920023,,666.799523958005,666.8077287920023,667.797081292003,667.797081292003,667.797081292003,667.797081292003,667.8016196250028,668.7971481249988,668.7971481249988,669.3985117500051,,,,,x,1,0.5976985829984187,None,02,001,2025-10-02_10h23.27.958,Motor Sequential Learning,,2025.1.1,None,2025-10-02 10h23.36.415650 +0530,
-50,x,66,66,19,x,1,0.43260600000212435,None,,,,,19,66,66,0,669.4037080420021,,669.3991941249988,669.4037080420021,670.3973357080031,670.3973357080031,670.3973357080031,670.3973357080031,670.4028785830014,671.3971966669997,671.3971966669997,671.8323342500007,,,,,x,1,0.43260600000212435,None,02,001,2025-10-02_10h23.27.958,Motor Sequential Learning,,2025.1.1,None,2025-10-02 10h23.36.415650 +0530,
50,c,67,67,11,c,1,0.3713689579963102,None,,,,,11,67,67,2,671.8374475419987,,671.8330732500035,671.8374475419987,672.8303810830039,672.8303810830039,672.8303810830039,672.8303810830039,672.8352899169986,673.8302672920036,673.8302672920036,674.2030935000003,,,,,c,1,0.3713689579963102,None,02,001,2025-10-02_10h23.27.958,Motor Sequential Learning,,2025.1.1,None,2025-10-02 10h23.36.415650 +0530,
-50,x,68,68,20,x,1,0.4111524579930119,None,,,,,20,68,68,0,674.2129122500046,,674.2035678329994,674.2129122500046,675.2040192920031,675.2040192920031,675.2040192920031,675.2040192920031,675.2040192920031,676.2035282500001,676.2035282500001,676.6212751670028,,,,,x,1,0.4111524579930119,None,02,001,2025-10-02_10h23.27.958,Motor Sequential Learning,,2025.1.1,None,2025-10-02 10h23.36.415650 +0530,
50,c,69,69,12,c,1,0.4431468330003554,None,,,,,12,69,69,2,676.6339941250044,,676.6218404169995,676.6339941250044,677.6202919580028,677.6202919580028,677.6202919580028,677.6202919580028,677.6302089169985,678.6195104170038,678.6195104170038,679.0650115419994,,,,,c,1,0.4431468330003554,None,02,001,2025-10-02_10h23.27.958,Motor Sequential Learning,,2025.1.1,None,2025-10-02 10h23.36.415650 +0530,
-50,x,70,70,21,x,1,0.4900500829971861,None,,,,,21,70,70,0,679.0705157500051,,679.0658864580037,679.0705157500051,680.0636886670036,680.0636886670036,680.0636886670036,680.0636886670036,680.0685680419992,681.063547333004,681.063547333004,681.5655454580046,,,,,x,1,0.4900500829971861,None,02,001,2025-10-02_10h23.27.958,Motor Sequential Learning,,2025.1.1,None,2025-10-02 10h23.36.415650 +0530,
150,v,71,71,19,v,1,0.6397981249974691,None,,,,,19,71,71,1,681.5754274580031,,681.5663193750006,681.5754274580031,682.5635954169993,682.5635954169993,682.5635954169993,682.5635954169993,682.5684509170023,683.5637231250003,683.5637231250003,684.2157540420012,,,,,v,1,0.6397981249974691,None,02,001,2025-10-02_10h23.27.958,Motor Sequential Learning,,2025.1.1,None,2025-10-02 10h23.36.415650 +0530,
150,v,72,72,20,v,1,0.6597235000008368,None,,,,,20,72,72,1,684.2259936670016,,684.2167961669984,684.2259936670016,685.2134650830048,685.2134650830048,685.2134650830048,685.2134650830048,685.2181435419989,686.2136709580009,686.2136709580009,686.881648417002,,,,,v,1,0.6597235000008368,None,02,001,2025-10-02_10h23.27.958,Motor Sequential Learning,,2025.1.1,None,2025-10-02 10h23.36.415650 +0530,
150,v,73,73,21,v,1,0.5051376670016907,None,,,,,21,73,73,1,686.8919840000017,,686.8824689579997,686.8919840000017,687.8802406250034,687.8802406250034,687.8802406250034,687.8802406250034,687.8850633330003,688.8802818330005,688.8802818330005,689.3985255830048,,,,,v,1,0.5051376670016907,None,02,001,2025-10-02_10h23.27.958,Motor Sequential Learning,,2025.1.1,None,2025-10-02 10h23.36.415650 +0530,
50,c,74,74,13,c,1,0.8155000830010977,None,,,,,13,74,74,2,689.4085507499985,,689.3993314170002,689.4085507499985,690.3969796250021,690.3969796250021,690.3969796250021,690.3969796250021,690.4018944580021,691.3968341670043,691.3968341670043,692.214787375,,,,,c,1,0.8155000830010977,None,02,001,2025-10-02_10h23.27.958,Motor Sequential Learning,,2025.1.1,None,2025-10-02 10h23.36.415650 +0530,
150,v,75,75,22,v,1,0.5855900829992606,None,,,,,22,75,75,1,692.2198022500015,,692.2154462920007,692.2198022500015,693.213654625004,693.213654625004,693.213654625004,693.213654625004,693.2178475000037,694.2135423750005,694.2135423750005,694.8032570420037,,,,,v,1,0.5855900829992606,None,02,001,2025-10-02_10h23.27.958,Motor Sequential Learning,,2025.1.1,None,2025-10-02 10h23.36.415650 +0530,
50,c,76,76,14,c,1,0.5342323340009898,None,,,,,14,76,76,2,694.8128433329985,,694.8037425420043,694.8128433329985,695.8020400000023,695.8020400000023,695.8020400000023,695.8020400000023,695.8020400000023,696.8028452500002,696.8028452500002,697.3485259580048,,,,,c,1,0.5342323340009898,None,02,001,2025-10-02_10h23.27.958,Motor Sequential Learning,,2025.1.1,None,2025-10-02 10h23.36.415650 +0530,
50,c,77,77,15,c,1,0.8304706249982701,None,,,,,15,77,77,2,697.3586920419984,,697.349421333005,697.3586920419984,698.3468841670037,698.3468841670037,698.3468841670037,698.3468841670037,698.3519856670027,699.3467270000037,699.3467270000037,700.1818410420019,,,,,c,1,0.8304706249982701,None,02,001,2025-10-02_10h23.27.958,Motor Sequential Learning,,2025.1.1,None,2025-10-02 10h23.36.415650 +0530,
-150,z,78,78,17,z,1,0.8706890000030398,None,,,,,17,78,78,3,700.1871735419991,,700.1826900829983,700.1871735419991,701.1801164580029,701.1801164580029,701.1801164580029,701.1801164580029,701.1848892920025,702.1802903330026,702.1802903330026,703.0523701249986,,,,,z,1,0.8706890000030398,None,02,001,2025-10-02_10h23.27.958,Motor Sequential Learning,,2025.1.1,None,2025-10-02 10h23.36.415650 +0530,
150,v,79,79,23,v,1,0.5021614159995806,None,,,,,23,79,79,1,703.0625087080043,,703.0528535830017,703.0625087080043,704.0520135420011,704.0520135420011,704.0520135420011,704.0520135420011,704.0520135420011,705.0467924580007,705.0467924580007,705.5527472500034,,,,,v,1,0.5021614159995806,None,02,001,2025-10-02_10h23.27.958,Motor Sequential Learning,,2025.1.1,None,2025-10-02 10h23.36.415650 +0530,
-50,x,80,80,22,x,1,0.9332298750014161,None,,,,,22,80,80,0,705.5625668330031,,705.5532405420017,705.5625668330031,706.5516788750028,706.5516788750028,706.5516788750028,706.5516788750028,706.5516788750028,707.5466970830021,707.5466970830021,708.4815281670017,,,,,x,1,0.9332298750014161,None,02,001,2025-10-02_10h23.27.958,Motor Sequential Learning,,2025.1.1,None,2025-10-02 10h23.36.415650 +0530,
-150,z,81,81,18,z,1,0.6517657919976045,None,,,,,18,81,81,3,708.4913408749999,,708.4822693329988,708.4913408749999,709.4801932920018,709.4801932920018,709.4801932920018,709.4801932920018,709.4849422920015,710.4800978330022,710.4800978330022,711.1362442919999,,,,,z,1,0.6517657919976045,None,02,001,2025-10-02_10h23.27.958,Motor Sequential Learning,,2025.1.1,None,2025-10-02 10h23.36.415650 +0530,
150,v,82,82,24,v,1,0.6126219579964527,None,,,,,24,82,82,1,711.1458202920039,,711.1367336250041,711.1458202920039,712.1352601670005,712.1352601670005,712.1352601670005,712.1352601670005,712.1352601670005,713.1360865419992,713.1360865419992,713.7529963330016,,,,,v,1,0.6126219579964527,None,02,001,2025-10-02_10h23.27.958,Motor Sequential Learning,,2025.1.1,None,2025-10-02 10h23.36.415650 +0530,
150,v,83,83,25,v,1,0.9052228329965146,None,,,,,25,83,83,1,713.7625641250052,,713.7534930000038,713.7625641250052,714.7514496250005,714.7514496250005,714.7514496250005,714.7514496250005,714.7514496250005,715.752515375003,715.752515375003,716.6649894170041,,,,,v,1,0.9052228329965146,None,02,001,2025-10-02_10h23.27.958,Motor Sequential Learning,,2025.1.1,None,2025-10-02 10h23.36.415650 +0530,
50,c,84,84,16,c,1,0.6371991249980056,None,,,,,16,84,84,2,716.6743972080003,,716.6656121670021,716.6743972080003,717.6633330000041,717.6633330000041,717.6633330000041,717.6633330000041,717.6682709169982,718.6634791250035,718.6634791250035,719.3032620830054,,,,,c,1,0.6371991249980056,None,02,001,2025-10-02_10h23.27.958,Motor Sequential Learning,,2025.1.1,None,2025-10-02 10h23.36.415650 +0530,
150,v,85,85,26,v,1,0.6081475829996634,None,,,,,26,85,85,1,719.3305793330001,,719.3037585420025,719.3305793330001,720.3019348750022,720.3019348750022,720.3019348750022,720.3019348750022,720.3177738750019,721.3024626250044,721.3024626250044,721.9148818750036,,,,,v,1,0.6081475829996634,None,02,001,2025-10-02_10h23.27.958,Motor Sequential Learning,,2025.1.1,None,2025-10-02 10h23.36.415650 +0530,
50,c,86,86,17,c,1,0.9984320829971693,None,,,,,17,86,86,2,721.920369958003,,721.9156398330015,721.920369958003,722.913309333002,722.913309333002,722.913309333002,722.913309333002,722.9178940830025,723.9131885000024,723.9131885000024,724.914492625001,,,,,c,1,0.9984320829971693,None,02,001,2025-10-02_10h23.27.958,Motor Sequential Learning,,2025.1.1,None,2025-10-02 10h23.36.415650 +0530,
-150,z,87,87,19,z,1,0.6204740000030142,None,,,,,19,87,87,3,724.9200058749993,,724.9153728329984,724.9200058749993,725.9131776670038,725.9131776670038,725.9131776670038,725.9131776670038,725.9179948750025,726.9039882920042,726.9039882920042,727.5317491250025,,,,,z,1,0.6204740000030142,None,02,001,2025-10-02_10h23.27.958,Motor Sequential Learning,,2025.1.1,None,2025-10-02 10h23.36.415650 +0530,
-50,x,88,88,23,x,1,0.656484332997934,None,,,,,23,88,88,0,727.5432792920037,,727.5327410000027,727.5432792920037,728.529832375003,728.529832375003,728.529832375003,728.529832375003,728.5345680829996,729.5299352500006,729.5299352500006,730.1979745830031,,,,,x,1,0.656484332997934,None,02,001,2025-10-02_10h23.27.958,Motor Sequential Learning,,2025.1.1,None,2025-10-02 10h23.36.415650 +0530,
50,c,89,89,18,c,1,0.7687148749973858,None,,,,,18,89,89,2,730.2079186670016,,730.198649375001,730.2079186670016,731.1879488330014,731.1879488330014,731.1879488330014,731.1879488330014,731.2009376249989,732.1965204580047,732.1965204580047,732.9688607080025,,,,,c,1,0.7687148749973858,None,02,001,2025-10-02_10h23.27.958,Motor Sequential Learning,,2025.1.1,None,2025-10-02 10h23.36.415650 +0530,
50,c,90,90,19,c,1,0.47098970799561357,None,,,,,19,90,90,2,732.9791477079998,,732.9693133330002,732.9791477079998,733.9676027079986,733.9676027079986,733.9676027079986,733.9676027079986,733.9676027079986,734.9632973330008,734.9632973330008,735.4366958750034,,,,,c,1,0.47098970799561357,None,02,001,2025-10-02_10h23.27.958,Motor Sequential Learning,,2025.1.1,None,2025-10-02 10h23.36.415650 +0530,
50,c,91,91,20,c,1,0.6381325830006972,None,,,,,20,91,91,2,735.4461739170001,,735.4371914170042,735.4461739170001,736.4347530829982,736.4347530829982,736.4347530829982,736.4347530829982,736.4347530829982,737.4351365830007,737.4351365830007,738.0810740419984,,,,,c,1,0.6381325830006972,None,02,001,2025-10-02_10h23.27.958,Motor Sequential Learning,,2025.1.1,None,2025-10-02 10h23.36.415650 +0530,
-150,z,92,92,20,z,1,0.4190002910036128,None,,,,,20,92,92,3,738.0907012500029,,738.0816794999992,738.0907012500029,739.0788312500008,739.0788312500008,739.0788312500008,739.0788312500008,739.0829855830016,740.0796217919997,740.0796217919997,740.513547292001,,,,,z,1,0.4190002910036128,None,02,001,2025-10-02_10h23.27.958,Motor Sequential Learning,,2025.1.1,None,2025-10-02 10h23.36.415650 +0530,
-150,z,93,93,21,z,1,0.7127257920001284,None,,,,,21,93,93,3,740.5187094580033,,740.5139536670031,740.5187094580033,741.5032180000053,741.5032180000053,741.5032180000053,741.5032180000053,741.5134077920011,742.5022569580033,742.5022569580033,743.2188532500004,,,,,z,1,0.7127257920001284,None,02,001,2025-10-02_10h23.27.958,Motor Sequential Learning,,2025.1.1,None,2025-10-02 10h23.36.415650 +0530,
-50,x,94,94,24,x,1,0.8310032500012312,None,,,,,24,94,94,0,743.2291122919996,,743.2193362500038,743.2291122919996,744.2164540000012,744.2164540000012,744.2164540000012,744.2164540000012,744.2164540000012,745.2133279580012,745.2133279580012,746.047888000001,,,,,x,1,0.8310032500012312,None,02,001,2025-10-02_10h23.27.958,Motor Sequential Learning,,2025.1.1,None,2025-10-02 10h23.36.415650 +0530,
150,v,95,95,27,v,1,0.5725080000047456,None,,,,,27,95,95,1,746.0531267920014,,746.0484927500002,746.0531267920014,747.0465580419987,747.0465580419987,747.0465580419987,747.0465580419987,747.0518142500005,748.0463709169999,748.0463709169999,748.6312904170045,,,,,v,1,0.5725080000047456,None,02,001,2025-10-02_10h23.27.958,Motor Sequential Learning,,2025.1.1,None,2025-10-02 10h23.36.415650 +0530,
150,v,96,96,28,v,1,0.73218249999627,None,,,,,28,96,96,1,748.6414787079993,,748.6321147499984,748.6414787079993,749.6296669170042,749.6296669170042,749.6296669170042,749.6296669170042,749.6338797499993,750.6298119999992,750.6298119999992,751.3642445830046,,,,,v,1,0.73218249999627,None,02,001,2025-10-02_10h23.27.958,Motor Sequential Learning,,2025.1.1,None,2025-10-02 10h23.36.415650 +0530,
-50,x,97,97,25,x,1,0.5658899580012076,None,,,,,25,97,97,0,751.3689005420019,,751.3649680829985,751.3689005420019,752.3630540000013,752.3630540000013,752.3630540000013,752.3630540000013,752.3675175419994,753.3629491250031,753.3629491250031,753.9313655420046,,,,,x,1,0.5658899580012076,None,02,001,2025-10-02_10h23.27.958,Motor Sequential Learning,,2025.1.1,None,2025-10-02 10h23.36.415650 +0530,
50,c,98,98,21,c,1,0.5331622910016449,None,,,,,21,98,98,2,753.9367076670023,,753.9322468329992,753.9367076670023,754.9297563330038,754.9297563330038,754.9297563330038,754.9297563330038,754.934528208003,755.9296465000007,755.9296465000007,756.4645284580038,,,,,c,1,0.5331622910016449,None,02,001,2025-10-02_10h23.27.958,Motor Sequential Learning,,2025.1.1,None,2025-10-02 10h23.36.415650 +0530,
-150,z,99,99,22,z,1,0.7907754170009866,None,,,,,22,99,99,3,756.4695132499983,,756.465392750004,756.4695132499983,757.4630510420029,757.4630510420029,757.4630510420029,757.4630510420029,757.4679307500046,758.4629866670002,758.4629866670002,759.2645363330012,,,,,z,1,0.7907754170009866,None,02,001,2025-10-02_10h23.27.958,Motor Sequential Learning,,2025.1.1,None,2025-10-02 10h23.36.415650 +0530,
-50,x,100,100,26,x,1,0.5467262500023935,None,,,,,26,100,100,0,759.2745024169999,,759.2653834580051,759.2745024169999,760.2628722500012,760.2628722500012,760.2628722500012,760.2628722500012,760.2669558330017,761.2630275830015,761.2630275830015,761.8145141249988,,,,,x,1,0.5467262500023935,None,02,001,2025-10-02_10h23.27.958,Motor Sequential Learning,,2025.1.1,None,2025-10-02 10h23.36.415650 +0530,
50,c,101,101,22,c,1,0.8526699590001954,None,,,,,22,101,101,2,761.8201687920009,,761.815488375003,761.8201687920009,762.8129440830016,762.8129440830016,762.8129440830016,762.8129440830016,762.8176985829996,763.8129792920008,763.8129792920008,764.6692785830019,,,,,c,1,0.8526699590001954,None,02,001,2025-10-02_10h23.27.958,Motor Sequential Learning,,2025.1.1,None,2025-10-02 10h23.36.415650 +0530,
-50,x,102,102,27,x,1,0.6951137500000186,None,,,,,27,102,102,0,764.679199582999,,764.6697768750018,764.679199582999,765.6682022500027,765.6682022500027,765.6682022500027,765.6682022500027,765.6682022500027,766.6684888750024,766.6684888750024,767.3692732499985,,,,,x,1,0.6951137500000186,None,02,001,2025-10-02_10h23.27.958,Motor Sequential Learning,,2025.1.1,None,2025-10-02 10h23.36.415650 +0530,
50,c,103,103,23,c,1,0.9559046659996966,None,,,,,23,103,103,2,767.3790006249983,,767.3697533330051,767.3790006249983,768.3681185000023,768.3681185000023,768.3681185000023,768.3681185000023,768.3681185000023,769.3689365829996,769.3689365829996,770.3313043330054,,,,,c,1,0.9559046659996966,None,02,001,2025-10-02_10h23.27.958,Motor Sequential Learning,,2025.1.1,None,2025-10-02 10h23.36.415650 +0530,
-150,z,104,104,23,z,1,0.682964166997408,None,,,,,23,104,104,3,770.3411838329994,,770.3321204579988,770.3411838329994,771.3295808330004,771.3295808330004,771.3295808330004,771.3295808330004,771.333913292001,772.3294946250026,772.3294946250026,773.0142258749984,,,,,z,1,0.682964166997408,None,02,001,2025-10-02_10h23.27.958,Motor Sequential Learning,,2025.1.1,None,2025-10-02 10h23.36.415650 +0530,
150,v,105,105,29,v,1,0.6155167920005624,None,,,,,29,105,105,1,773.0193541670014,,773.0151392080006,773.0193541670014,774.0129870419987,774.0129870419987,774.0129870419987,774.0129870419987,774.0178551249992,775.0128130420053,775.0128130420053,775.6313133330041,,,,,v,1,0.6155167920005624,None,02,001,2025-10-02_10h23.27.958,Motor Sequential Learning,,2025.1.1,None,2025-10-02 10h23.36.415650 +0530,
-50,x,106,106,28,x,1,0.5877120830045897,None,,,,,28,106,106,0,775.6366558330046,,775.6321701250054,775.6366558330046,776.6295897080054,776.6295897080054,776.6295897080054,776.6295897080054,776.6339863750036,777.629489292005,777.629489292005,778.2194508750035,,,,,x,1,0.5877120830045897,None,02,001,2025-10-02_10h23.27.958,Motor Sequential Learning,,2025.1.1,None,2025-10-02 10h23.36.415650 +0530,
150,v,107,107,30,v,1,0.5328749999971478,None,,,,,30,107,107,1,778.2292295000007,,778.2199327499984,778.2292295000007,779.2179742080043,779.2179742080043,779.2179742080043,779.2179742080043,779.2179742080043,780.2174270000032,780.2174270000032,780.7517924999993,,,,,v,1,0.5328749999971478,None,02,001,2025-10-02_10h23.27.958,Motor Sequential Learning,,2025.1.1,None,2025-10-02 10h23.36.415650 +0530,
-150,z,108,108,24,z,1,0.5448141250017215,None,,,,,24,108,108,3,780.7618520000033,,780.7522792500022,780.7618520000033,781.7461552079985,781.7461552079985,781.7461552079985,781.7461552079985,781.750980542005,782.7514112499994,782.7514112499994,783.3024288330053,,,,,z,1,0.5448141250017215,None,02,001,2025-10-02_10h23.27.958,Motor Sequential Learning,,2025.1.1,None,2025-10-02 10h23.36.415650 +0530,
-150,z,109,109,25,z,1,0.5863092910003616,None,,,,,25,109,109,3,783.3121648330052,,783.3029151250012,783.3121648330052,784.3007335830043,784.3007335830043,784.3007335830043,784.3007335830043,784.3007335830043,785.3017437500021,785.3017437500021,785.8979840829998,,,,,z,1,0.5863092910003616,None,02,001,2025-10-02_10h23.27.958,Motor Sequential Learning,,2025.1.1,None,2025-10-02 10h23.36.415650 +0530,
-50,x,110,110,29,x,1,0.5160804580009426,None,,,,,29,110,110,0,785.9082559169983,,785.8989091250041,785.9082559169983,786.8960994170047,786.8960994170047,786.8960994170047,786.8960994170047,786.9015534999999,787.8960179580026,787.8960179580026,788.4138796250045,,,,,x,1,0.5160804580009426,None,02,001,2025-10-02_10h23.27.958,Motor Sequential Learning,,2025.1.1,None,2025-10-02 10h23.36.415650 +0530,
-50,x,111,111,30,x,1,0.9227760409994517,None,,,,,30,111,111,0,788.4191172080027,,788.4146111250011,788.4191172080027,789.412742833003,789.412742833003,789.412742833003,789.412742833003,789.4169760000004,790.4126875000002,790.4126875000002,791.3472919580017,,,,,x,1,0.9227760409994517,None,02,001,2025-10-02_10h23.27.958,Motor Sequential Learning,,2025.1.1,None,2025-10-02 10h23.36.415650 +0530,
50,c,112,112,24,c,1,1.0268534999995609,None,,,,,24,112,112,2,791.3573040420015,,791.3479566250026,791.3573040420015,792.3460217500033,792.3460217500033,792.3460217500033,792.3460217500033,792.3511183330047,793.3460287499984,793.3460287499984,794.3807062080014,,,,,c,1,1.0268534999995609,None,02,001,2025-10-02_10h23.27.958,Motor Sequential Learning,,2025.1.1,None,2025-10-02 10h23.36.415650 +0530,
-50,x,113,113,31,x,1,0.46351495899580186,None,,,,,31,113,113,0,794.3901585830026,,794.3813540830015,794.3901585830026,795.3792702499995,795.3792702499995,795.3792702499995,795.3792702499995,795.384254208002,796.3794312500031,796.3794312500031,796.8471455830004,,,,,x,1,0.46351495899580186,None,02,001,2025-10-02_10h23.27.958,Motor Sequential Learning,,2025.1.1,None,2025-10-02 10h23.36.415650 +0530,
-50,x,114,114,32,x,1,0.4156903750044876,None,,,,,32,114,114,0,796.8522222920001,,796.8479593750017,796.8522222920001,797.8461959999986,797.8461959999986,797.8461959999986,797.8461959999986,797.8519315000012,798.8460664580052,798.8460664580052,799.2637707500035,,,,,x,1,0.4156903750044876,None,02,001,2025-10-02_10h23.27.958,Motor Sequential Learning,,2025.1.1,None,2025-10-02 10h23.36.415650 +0530,
50,c,115,115,25,c,1,0.4421600830028183,None,,,,,25,115,115,2,799.2739585829986,,799.2644975000003,799.2739585829986,800.2511902500046,800.2511902500046,800.2511902500046,800.2511902500046,800.2673623750015,801.2625300420041,801.2625300420041,801.7138523329995,,,,,c,1,0.4421600830028183,None,02,001,2025-10-02_10h23.27.958,Motor Sequential Learning,,2025.1.1,None,2025-10-02 10h23.36.415650 +0530,
50,c,116,116,26,c,1,0.5171830830004183,None,,,,,26,116,116,2,801.7231429579988,,801.7145252920018,801.7231429579988,802.7124812500042,802.7124812500042,802.7124812500042,802.7124812500042,802.7166773749996,803.7125566250033,803.7125566250033,804.2355232500049,,,,,c,1,0.5171830830004183,None,02,001,2025-10-02_10h23.27.958,Motor Sequential Learning,,2025.1.1,None,2025-10-02 10h23.36.415650 +0530,
-150,z,117,117,26,z,1,0.6338606669960427,None,,,,,26,117,117,3,804.245373333004,,804.2360269170022,804.245373333004,805.2346742080044,805.2346742080044,805.2346742080044,805.2346742080044,805.2346742080044,806.2347010000012,806.2347010000012,806.8811075830017,,,,,z,1,0.6338606669960427,None,02,001,2025-10-02_10h23.27.958,Motor Sequential Learning,,2025.1.1,None,2025-10-02 10h23.36.415650 +0530,
50,c,118,118,27,c,1,0.7182406669962802,None,,,,,27,118,118,2,806.8909385000006,,806.8820240420027,806.8909385000006,807.8793342920035,807.8793342920035,807.8793342920035,807.8793342920035,807.8838758749989,808.8793548329995,808.8793548329995,809.6026004170053,,,,,c,1,0.7182406669962802,None,02,001,2025-10-02_10h23.27.958,Motor Sequential Learning,,2025.1.1,None,2025-10-02 10h23.36.415650 +0530,
150,v,119,119,31,v,1,0.5688302499984275,None,,,,,31,119,119,1,809.6118665419999,,809.6030122919983,809.6118665419999,810.6009452080034,810.6009452080034,810.6009452080034,810.6009452080034,810.6009452080034,811.6016384169998,811.6016384169998,812.1804317499991,,,,,v,1,0.5688302499984275,None,02,001,2025-10-02_10h23.27.958,Motor Sequential Learning,,2025.1.1,None,2025-10-02 10h23.36.415650 +0530,
150,v,120,120,32,v,1,1.9362483750010142,None,,,,,32,120,120,1,812.1888652499983,,812.1811700830003,812.1888652499983,813.1791291250047,813.1791291250047,813.1791291250047,813.1791291250047,813.1837928750028,814.179238417004,814.179238417004,816.1191528330019,,,,,v,1,1.9362483750010142,None,02,001,2025-10-02_10h23.27.958,Motor Sequential Learning,,2025.1.1,None,2025-10-02 10h23.36.415650 +0530,
-50,x,121,121,33,x,1,0.5929930830025114,None,,,,,33,121,121,0,816.1282286249989,,816.1196750829986,816.1282286249989,817.1171464580038,817.1171464580038,817.1171464580038,817.1171464580038,817.1171464580038,818.1183506250018,818.1183506250018,818.7145998330016,,,,,x,1,0.5929930830025114,None,02,001,2025-10-02_10h23.27.958,Motor Sequential Learning,,2025.1.1,None,2025-10-02 10h23.36.415650 +0530,
50,c,122,122,28,c,1,0.6674361249970389,None,,,,,28,122,122,2,818.7199854999999,,818.7156074170052,818.7199854999999,819.712436875001,819.712436875001,819.712436875001,819.712436875001,819.7165830830054,820.7123849999989,820.7123849999989,821.3851939170054,,,,,c,1,0.6674361249970389,None,02,001,2025-10-02_10h23.27.958,Motor Sequential Learning,,2025.1.1,None,2025-10-02 10h23.36.415650 +0530,
-50,x,123,123,34,x,1,0.446371124999132,None,,,,,34,123,123,0,821.3947620830004,,821.3856758750044,821.3947620830004,822.3846250830029,822.3846250830029,822.3846250830029,822.3846250830029,822.3846250830029,823.384905167004,823.384905167004,823.8352287919988,,,,,x,1,0.446371124999132,None,02,001,2025-10-02_10h23.27.958,Motor Sequential Learning,,2025.1.1,None,2025-10-02 10h23.36.415650 +0530,
50,c,124,124,29,c,1,0.5810997090011369,None,,,,,29,124,124,2,823.8447406250052,,823.8357220830003,823.8447406250052,824.8339865000016,824.8339865000016,824.8339865000016,824.8339865000016,824.8339865000016,825.8360832920007,825.8360832920007,826.4305115829993,,,,,c,1,0.5810997090011369,None,02,001,2025-10-02_10h23.27.958,Motor Sequential Learning,,2025.1.1,None,2025-10-02 10h23.36.415650 +0530,
-50,x,125,125,35,x,1,0.576086832996225,None,,,,,35,125,125,0,826.439365582999,,826.4314099170006,826.439365582999,827.4289100829992,827.4289100829992,827.4289100829992,827.4289100829992,827.4331625420018,828.4289747080038,828.4289747080038,829.0139707499984,,,,,x,1,0.576086832996225,None,02,001,2025-10-02_10h23.27.958,Motor Sequential Learning,,2025.1.1,None,2025-10-02 10h23.36.415650 +0530,
50,c,126,126,30,c,1,0.6987210829975083,None,,,,,30,126,126,2,829.022755500002,,829.014854083005,829.022755500002,830.0122933329985,830.0122933329985,830.0122933329985,830.0122933329985,830.0170210830038,831.0124050829982,831.0124050829982,831.713581750002,,,,,c,1,0.6987210829975083,None,02,001,2025-10-02_10h23.27.958,Motor Sequential Learning,,2025.1.1,None,2025-10-02 10h23.36.415650 +0530,
150,v,127,127,33,v,1,0.5686566250005853,None,,,,,33,127,127,1,831.7186140420017,,831.7143634169988,831.7186140420017,832.7122501670019,832.7122501670019,832.7122501670019,832.7122501670019,832.7164316670023,833.7124069170022,833.7124069170022,834.2856271670025,,,,,v,1,0.5686566250005853,None,02,001,2025-10-02_10h23.27.958,Motor Sequential Learning,,2025.1.1,None,2025-10-02 10h23.36.415650 +0530,
50,c,128,128,31,c,1,0.6094760830019368,None,,,,,31,128,128,2,834.2947113750051,,834.2861073750028,834.2947113750051,835.2840632920052,835.2840632920052,835.2840632920052,835.2840632920052,835.2840632920052,836.2848051250039,836.2848051250039,836.8970627500021,,,,,c,1,0.6094760830019368,None,02,001,2025-10-02_10h23.27.958,Motor Sequential Learning,,2025.1.1,None,2025-10-02 10h23.36.415650 +0530,
50,c,129,129,32,c,1,0.6722290420002537,None,,,,,32,129,129,2,836.9021100829996,,836.8977222079993,836.9021100829996,837.8956484580049,837.8956484580049,837.8956484580049,837.8956484580049,837.9010280000002,838.895657042005,838.895657042005,839.580246000005,,,,,c,1,0.6722290420002537,None,02,001,2025-10-02_10h23.27.958,Motor Sequential Learning,,2025.1.1,None,2025-10-02 10h23.36.415650 +0530,
-150,z,130,130,27,x,0,0.5639681250031572,None,,,,,27,130,130,3,839.5890888330032,,839.5809453750044,839.5890888330032,840.5790826250013,840.5790826250013,840.5790826250013,840.5790826250013,840.5836825830047,841.5789195000034,841.5789195000034,842.1471731249985,,,,,x,0,0.5639681250031572,None,02,001,2025-10-02_10h23.27.958,Motor Sequential Learning,,2025.1.1,None,2025-10-02 10h23.36.415650 +0530,
50,c,131,131,33,c,1,0.47527529099897947,None,,,,,33,131,131,2,842.1527304999981,,842.1480622500021,842.1527304999981,843.145484749999,843.145484749999,843.145484749999,843.145484749999,843.1505565420011,844.1455550829996,844.1455550829996,844.6301641250029,,,,,c,1,0.47527529099897947,None,02,001,2025-10-02_10h23.27.958,Motor Sequential Learning,,2025.1.1,None,2025-10-02 10h23.36.415650 +0530,
-150,z,132,132,28,z,1,0.4948294170026202,None,,,,,28,132,132,3,844.639017458001,,844.630896583003,844.639017458001,845.6289977080014,845.6289977080014,845.6289977080014,845.6289977080014,845.6340505000044,846.6288505000048,846.6288505000048,847.1301129999993,,,,,z,1,0.4948294170026202,None,02,001,2025-10-02_10h23.27.958,Motor Sequential Learning,,2025.1.1,None,2025-10-02 10h23.36.415650 +0530,
-150,z,133,133,29,z,1,0.43702462499641115,None,,,,,29,133,133,3,847.1389526670027,,847.1309133750037,847.1389526670027,848.128717874999,848.128717874999,848.128717874999,848.128717874999,848.1329870000045,849.1288505420016,849.1288505420016,849.5685399580034,,,,,z,1,0.43702462499641115,None,02,001,2025-10-02_10h23.27.958,Motor Sequential Learning,,2025.1.1,None,2025-10-02 10h23.36.415650 +0530,
150,v,134,134,34,v,1,0.5075611249994836,None,,,,,34,134,134,1,849.5779265829988,,849.5690384580012,849.5779265829988,850.5673518750045,850.5673518750045,850.5673518750045,850.5673518750045,850.5673518750045,851.5621030420007,851.5621030420007,852.0801157079986,,,,,v,1,0.5075611249994836,None,02,001,2025-10-02_10h23.27.958,Motor Sequential Learning,,2025.1.1,None,2025-10-02 10h23.36.415650 +0530,
-50,x,135,135,36,x,1,0.7426451249993988,None,,,,,36,135,135,0,852.0889179170044,,852.0809181670047,852.0889179170044,853.0787274579998,853.0787274579998,853.0787274579998,853.0787274579998,853.0835099579999,854.0788402500039,854.0788402500039,854.830328875003,,,,,x,1,0.7426451249993988,None,02,001,2025-10-02_10h23.27.958,Motor Sequential Learning,,2025.1.1,None,2025-10-02 10h23.36.415650 +0530,
150,v,136,136,35,v,1,0.3636231670025154,None,,,,,35,136,136,1,854.8394247079996,,854.8311656250007,854.8394247079996,855.828789750005,855.828789750005,855.828789750005,855.828789750005,855.8341853750026,856.8288624170018,856.8288624170018,857.1966732920046,,,,,v,1,0.3636231670025154,None,02,001,2025-10-02_10h23.27.958,Motor Sequential Learning,,2025.1.1,None,2025-10-02 10h23.36.415650 +0530,
-150,z,137,137,30,z,1,0.5210574169977917,None,,,,,30,137,137,3,857.202122792005,,857.1973977080052,857.202122792005,858.1953297500004,858.1953297500004,858.1953297500004,858.1953297500004,858.1997913330051,859.1953986670051,859.1953986670051,859.7304332080021,,,,,z,1,0.5210574169977917,None,02,001,2025-10-02_10h23.27.958,Motor Sequential Learning,,2025.1.1,None,2025-10-02 10h23.36.415650 +0530,
-50,x,138,138,37,x,1,0.5056140419983421,None,,,,,37,138,138,0,859.7375944170053,,859.7312526669994,859.7375944170053,860.7286813329993,860.7286813329993,860.7286813329993,860.7286813329993,860.7327179170024,861.7287795000011,861.7287795000011,862.2470898329993,,,,,x,1,0.5056140419983421,None,02,001,2025-10-02_10h23.27.958,Motor Sequential Learning,,2025.1.1,None,2025-10-02 10h23.36.415650 +0530,
-150,z,139,139,31,z,1,0.7487072910007555,None,,,,,31,139,139,3,862.2572518750021,,862.2479622079991,862.2572518750021,863.2456994169988,863.2456994169988,863.2456994169988,863.2456994169988,863.2504315000042,864.2455597080043,864.2455597080043,864.9973790420045,,,,,z,1,0.7487072910007555,None,02,001,2025-10-02_10h23.27.958,Motor Sequential Learning,,2025.1.1,None,2025-10-02 10h23.36.415650 +0530,
50,c,140,140,34,c,1,0.5029067919967929,None,,,,,34,140,140,2,865.0029795830051,,864.9983102920014,865.0029795830051,865.9952370000028,865.9952370000028,865.9952370000028,865.9952370000028,866.0005119170019,866.9953149580033,866.9953149580033,867.5014497080047,,,,,c,1,0.5029067919967929,None,02,001,2025-10-02_10h23.27.958,Motor Sequential Learning,,2025.1.1,None,2025-10-02 10h23.36.415650 +0530,
-150,z,141,141,32,z,1,0.5061128750021453,None,,,,,32,141,141,3,867.5111712920043,,867.5019550830038,867.5111712920043,868.5003545420041,868.5003545420041,868.5003545420041,868.5003545420041,868.5003545420041,869.5011189170036,869.5011189170036,870.0134529580027,,,,,z,1,0.5061128750021453,None,02,001,2025-10-02_10h23.27.958,Motor Sequential Learning,,2025.1.1,None,2025-10-02 10h23.36.415650 +0530,
-50,x,142,142,38,x,1,0.5614563330018427,None,,,,,38,142,142,0,870.0232487079993,,870.0142357920049,870.0232487079993,871.0119466250035,871.0119466250035,871.0119466250035,871.0119466250035,871.0168384580029,872.0118131670024,872.0118131670024,872.5802493750016,,,,,x,1,0.5614563330018427,None,02,001,2025-10-02_10h23.27.958,Motor Sequential Learning,,2025.1.1,None,2025-10-02 10h23.36.415650 +0530,
150,v,143,143,36,v,1,0.4914832499998738,None,,,,,36,143,143,1,872.5898867080032,,872.5810937920032,872.5898867080032,873.5785293330046,873.5785293330046,873.5785293330046,873.5785293330046,873.5834628750017,874.578639667001,874.578639667001,875.0799345830019,,,,,v,1,0.4914832499998738,None,02,001,2025-10-02_10h23.27.958,Motor Sequential Learning,,2025.1.1,None,2025-10-02 10h23.36.415650 +0530,
150,v,144,144,37,v,1,0.48351670899864985,None,,,,,37,144,144,1,875.0897929999992,,875.0807718330034,875.0897929999992,876.0786515830041,876.0786515830041,876.0786515830041,876.0786515830041,876.0835738329988,877.078536042005,877.078536042005,877.5679807080014,,,,,v,1,0.48351670899864985,None,02,001,2025-10-02_10h23.27.958,Motor Sequential Learning,,2025.1.1,None,2025-10-02 10h23.36.415650 +0530,
50,c,145,145,35,c,1,0.7711332089966163,None,,,,,35,145,145,2,877.5777099580009,,877.5684614170023,877.5777099580009,878.567337708002,878.567337708002,878.567337708002,878.567337708002,878.567337708002,879.5618632500045,879.5618632500045,880.3465146669987,,,,,c,1,0.7711332089966163,None,02,001,2025-10-02_10h23.27.958,Motor Sequential Learning,,2025.1.1,None,2025-10-02 10h23.36.415650 +0530,
50,c,146,146,36,x,0,1.0135779159973026,None,,,,,36,146,146,2,880.3563412080039,,880.347153667004,880.3563412080039,881.3452214999998,881.3452214999998,881.3452214999998,881.3452214999998,881.3499288329986,882.3453382920052,882.3453382920052,883.3635936249993,,,,,x,0,1.0135779159973026,None,02,001,2025-10-02_10h23.27.958,Motor Sequential Learning,,2025.1.1,None,2025-10-02 10h23.36.415650 +0530,
-50,x,147,147,39,x,1,0.6169943749991944,None,,,,,39,147,147,0,883.3692090420009,,883.3645487500035,883.3692090420009,884.3618675420003,884.3618675420003,884.3618675420003,884.3618675420003,884.366242832999,885.3617850420051,885.3617850420051,885.9845387500027,,,,,x,1,0.6169943749991944,None,02,001,2025-10-02_10h23.27.958,Motor Sequential Learning,,2025.1.1,None,2025-10-02 10h23.36.415650 +0530,
150,v,148,148,38,v,1,0.6036606670022593,None,,,,,38,148,148,1,885.9945670000016,,885.9850183750023,885.9945670000016,886.9836403750014,886.9836403750014,886.9836403750014,886.9836403750014,886.9836403750014,887.9840743329987,887.9840743329987,888.5970322920039,,,,,v,1,0.6036606670022593,None,02,001,2025-10-02_10h23.27.958,Motor Sequential Learning,,2025.1.1,None,2025-10-02 10h23.36.415650 +0530,
-150,z,149,149,33,z,1,0.5393749169961666,None,,,,,33,149,149,3,888.606508542005,,888.5976588749982,888.606508542005,889.5952290830028,889.5952290830028,889.5952290830028,889.5952290830028,889.5997645419993,890.5954147919983,890.5954147919983,891.146945542001,,,,,z,1,0.5393749169961666,None,02,001,2025-10-02_10h23.27.958,Motor Sequential Learning,,2025.1.1,None,2025-10-02 10h23.36.415650 +0530,
-150,z,150,150,34,z,1,0.6965211249989807,None,,,,,34,150,150,3,891.1573396250024,,891.1477487500015,891.1573396250024,892.1452236670011,892.1452236670011,892.1452236670011,892.1452236670011,892.1501962500042,893.145098042005,893.145098042005,893.8467371250008,,,,,z,1,0.6965211249989807,None,02,001,2025-10-02_10h23.27.958,Motor Sequential Learning,,2025.1.1,None,2025-10-02 10h23.36.415650 +0530,
-150,z,151,151,35,z,1,0.4545760830005747,None,,,,,35,151,151,3,893.8520243750027,,893.8476960830012,893.8520243750027,894.8451903750029,894.8451903750029,894.8451903750029,894.8451903750029,894.8494008749985,895.8450730830009,895.8450730830009,896.3134947080034,,,,,z,1,0.4545760830005747,None,02,001,2025-10-02_10h23.27.958,Motor Sequential Learning,,2025.1.1,None,2025-10-02 10h23.36.415650 +0530,
50,c,152,152,37,c,1,1.7308282089943532,None,,,,,37,152,152,2,896.3245947920004,,896.314322708,896.3245947920004,897.3116670000018,897.3116670000018,897.3116670000018,897.3116670000018,897.3164573750037,898.3117077499992,898.3117077499992,900.0465554580005,,,,,c,1,1.7308282089943532,None,02,001,2025-10-02_10h23.27.958,Motor Sequential Learning,,2025.1.1,None,2025-10-02 10h23.36.415650 +0530,
50,c,153,153,38,c,1,0.5475159170018742,None,,,,,38,153,153,2,900.0517232920029,,900.0472176250041,900.0517232920029,901.045111667001,901.045111667001,901.045111667001,901.045111667001,901.0501025000049,902.0450066670019,902.0450066670019,902.5973347920008,,,,,c,1,0.5475159170018742,None,02,001,2025-10-02_10h23.27.958,Motor Sequential Learning,,2025.1.1,None,2025-10-02 10h23.36.415650 +0530,
50,c,154,154,39,c,1,0.6353092919962364,None,,,,,39,154,154,2,902.6028844579996,,902.5983392920025,902.6028844579996,903.5951147919986,903.5951147919986,903.5951147919986,903.5951147919986,903.5993685830035,904.5949824999989,904.5949824999989,905.2345661670042,,,,,c,1,0.6353092919962364,None,02,001,2025-10-02_10h23.27.958,Motor Sequential Learning,,2025.1.1,None,2025-10-02 10h23.36.415650 +0530,
-50,x,155,155,40,x,1,0.8821128330018837,None,,,,,40,155,155,0,905.2444102920053,,905.2350637920026,905.2444102920053,906.2330382920045,906.2330382920045,906.2330382920045,906.2330382920045,906.2330382920045,907.2341836670021,907.2341836670021,908.1181215420002,,,,,x,1,0.8821128330018837,None,02,001,2025-10-02_10h23.27.958,Motor Sequential Learning,,2025.1.1,None,2025-10-02 10h23.36.415650 +0530,
150,v,156,156,39,v,1,0.6021165419952013,None,,,,,39,156,156,1,908.1452937499998,,908.1186115829987,908.1452937499998,909.1170888330016,909.1170888330016,909.1170888330016,909.1170888330016,909.1333557500038,910.1181767919988,910.1181767919988,910.7296209999986,,,,,v,1,0.6021165419952013,None,02,001,2025-10-02_10h23.27.958,Motor Sequential Learning,,2025.1.1,None,2025-10-02 10h23.36.415650 +0530,
-150,z,157,157,36,z,1,0.6388232499957667,None,,,,,36,157,157,3,910.7395408330049,,910.7302858330004,910.7395408330049,911.7284362920036,911.7284362920036,911.7284362920036,911.7284362920036,911.7332427920046,912.7282955000046,912.7282955000046,913.3800191670016,,,,,z,1,0.6388232499957667,None,02,001,2025-10-02_10h23.27.958,Motor Sequential Learning,,2025.1.1,None,2025-10-02 10h23.36.415650 +0530,
50,c,158,158,40,c,1,0.6719651659950614,None,,,,,40,158,158,2,913.3905506250012,,913.3808962080002,913.3905506250012,914.3782997919989,914.3782997919989,914.3782997919989,914.3782997919989,914.3832424170032,915.3781902920018,915.3781902920018,916.0614089580049,,,,,c,1,0.6719651659950614,None,02,001,2025-10-02_10h23.27.958,Motor Sequential Learning,,2025.1.1,None,2025-10-02 10h23.36.415650 +0530,
-150,z,159,159,37,z,1,0.5985630830036826,None,,,,,37,159,159,3,916.0654844579985,,916.0619230830052,916.0654844579985,917.0505228330003,917.0505228330003,917.0505228330003,917.0505228330003,917.0616169999994,918.0504690419984,918.0504690419984,918.6513153749984,,,,,z,1,0.5985630830036826,None,02,001,2025-10-02_10h23.27.958,Motor Sequential Learning,,2025.1.1,None,2025-10-02 10h23.36.415650 +0530,
-50,x,160,160,41,v,0,1.6581127079989528,None,,,,,41,160,160,0,918.6612839580048,,918.651838333004,918.6612839580048,919.6497975419989,919.6497975419989,919.6497975419989,919.6497975419989,919.6497975419989,920.6449687080021,920.6449687080021,922.3131673750031,,,,,v,0,1.6581127079989528,None,02,001,2025-10-02_10h23.27.958,Motor Sequential Learning,,2025.1.1,None,2025-10-02 10h23.36.415650 +0530,
50,c,161,161,41,c,1,1.0914524999971036,None,,,,,41,161,161,2,922.3237107079985,,922.3140934170005,922.3237107079985,923.3114547500008,923.3114547500008,923.3114547500008,923.3114547500008,923.3157037499986,924.3115502080036,924.3115502080036,925.4129933330041,,,,,c,1,1.0914524999971036,None,02,001,2025-10-02_10h23.27.958,Motor Sequential Learning,,2025.1.1,None,2025-10-02 10h23.36.415650 +0530,
-150,z,162,162,38,z,1,0.638332292000996,None,,,,,38,162,162,3,925.4234780000043,,925.4137661249988,925.4234780000043,926.4114767080027,926.4114767080027,926.4114767080027,926.4114767080027,926.4163618750026,927.4115575830001,927.4115575830001,928.0521855420011,,,,,z,1,0.638332292000996,None,02,001,2025-10-02_10h23.27.958,Motor Sequential Learning,,2025.1.1,None,2025-10-02 10h23.36.415650 +0530,
-150,z,163,163,39,z,1,0.5102168329976848,None,,,,,39,163,163,3,928.0784894579992,,928.052673582999,928.0784894579992,929.0502875829989,929.0502875829989,929.0502875829989,929.0502875829989,929.0666609580003,930.0506134169991,930.0506134169991,930.5630996250038,,,,,z,1,0.5102168329976848,None,02,001,2025-10-02_10h23.27.958,Motor Sequential Learning,,2025.1.1,None,2025-10-02 10h23.36.415650 +0530,
-50,x,164,164,42,x,1,0.6115463750029448,None,,,,,42,164,164,0,930.5685546250024,,930.563990667004,930.5685546250024,931.561726083004,931.561726083004,931.561726083004,931.561726083004,931.5675940830042,932.5613552080031,932.5613552080031,933.1797963749996,,,,,x,1,0.6115463750029448,None,02,001,2025-10-02_10h23.27.958,Motor Sequential Learning,,2025.1.1,None,2025-10-02 10h23.36.415650 +0530,
-150,z,165,165,40,z,1,0.640566874993965,None,,,,,40,165,165,3,933.1897146250049,,933.1806723750051,933.1897146250049,934.1781219170007,934.1781219170007,934.1781219170007,934.1781219170007,934.1830084169997,935.1780425420002,935.1780425420002,935.8296386670045,,,,,z,1,0.640566874993965,None,02,001,2025-10-02_10h23.27.958,Motor Sequential Learning,,2025.1.1,None,2025-10-02 10h23.36.415650 +0530,
-50,x,166,166,43,x,1,0.8104345410029055,None,,,,,43,166,166,0,935.8398681250037,,935.8304352500054,935.8398681250037,936.8280397920025,936.8280397920025,936.8280397920025,936.8280397920025,936.8322041249994,937.8281629999983,937.8281629999983,938.6460860420048,,,,,x,1,0.8104345410029055,None,02,001,2025-10-02_10h23.27.958,Motor Sequential Learning,,2025.1.1,None,2025-10-02 10h23.36.415650 +0530,
50,c,167,167,42,c,1,0.6477955829977873,None,,,,,42,167,167,2,938.6553970829991,,938.6467600420001,938.6553970829991,939.6447034170051,939.6447034170051,939.6447034170051,939.6447034170051,939.6489207080012,940.644799792004,940.644799792004,941.2963847080027,,,,,c,1,0.6477955829977873,None,02,001,2025-10-02_10h23.27.958,Motor Sequential Learning,,2025.1.1,None,2025-10-02 10h23.36.415650 +0530,
-50,x,168,168,44,x,1,0.6808408750002855,None,,,,,44,168,168,0,941.3013748750018,,941.2972091670017,941.3013748750018,942.2946215420016,942.2946215420016,942.2946215420016,942.2946215420016,942.2995132080032,943.294676000005,943.294676000005,943.9793084170014,,,,,x,1,0.6808408750002855,None,02,001,2025-10-02_10h23.27.958,Motor Sequential Learning,,2025.1.1,None,2025-10-02 10h23.36.415650 +0530,
-150,z,169,169,41,z,1,0.9794271670034504,None,,,,,41,169,169,3,943.9845037080013,,943.9800826249993,943.9845037080013,944.977932875001,944.977932875001,944.977932875001,944.977932875001,944.9822185420053,945.9780382079989,945.9780382079989,946.9631491250038,,,,,z,1,0.9794271670034504,None,02,001,2025-10-02_10h23.27.958,Motor Sequential Learning,,2025.1.1,None,2025-10-02 10h23.36.415650 +0530,
-50,x,170,170,45,x,1,0.6400938329970813,None,,,,,45,170,170,0,946.9734412920006,,946.964038625003,946.9734412920006,947.9614006250049,947.9614006250049,947.9614006250049,947.9614006250049,947.966393708004,948.9612889170021,948.9612889170021,949.6129721250036,,,,,x,1,0.6400938329970813,None,02,001,2025-10-02_10h23.27.958,Motor Sequential Learning,,2025.1.1,None,2025-10-02 10h23.36.415650 +0530,
150,v,171,171,40,v,1,0.5481781659982516,None,,,,,40,171,171,1,949.622885292003,,949.6136338330034,949.622885292003,950.6116576670029,950.6116576670029,950.6116576670029,950.6116576670029,950.6170728750003,951.6111851669993,951.6111851669993,952.1624967919997,,,,,v,1,0.5481781659982516,None,02,001,2025-10-02_10h23.27.958,Motor Sequential Learning,,2025.1.1,None,2025-10-02 10h23.36.415650 +0530,
50,c,172,172,43,c,1,0.4810831670038169,None,,,,,43,172,172,2,952.167642458,,952.1632118330017,952.167642458,953.1613595000017,953.1613595000017,953.1613595000017,953.1613595000017,953.1662565000006,954.1611669170015,954.1611669170015,954.6457652079989,,,,,c,1,0.4810831670038169,None,02,001,2025-10-02_10h23.27.958,Motor Sequential Learning,,2025.1.1,None,2025-10-02 10h23.36.415650 +0530,
-50,x,173,173,46,x,1,0.46187812500284053,None,,,,,46,173,173,0,954.6513624580039,,954.646822667004,954.6513624580039,955.6445990830034,955.6445990830034,955.6445990830034,955.6445990830034,955.6493674580051,956.6444520830046,956.6444520830046,957.1127498330025,,,,,x,1,0.46187812500284053,None,02,001,2025-10-02_10h23.27.958,Motor Sequential Learning,,2025.1.1,None,2025-10-02 10h23.36.415650 +0530,
150,v,174,174,41,v,1,0.3800171250040876,None,,,,,41,174,174,1,957.1230652080048,,957.1136763750037,957.1230652080048,958.1115776250008,958.1115776250008,958.1115776250008,958.1115776250008,958.1172622919985,959.1111629170045,959.1111629170045,959.4960872500014,,,,,v,1,0.3800171250040876,None,02,001,2025-10-02_10h23.27.958,Motor Sequential Learning,,2025.1.1,None,2025-10-02 10h23.36.415650 +0530,
-50,x,175,175,47,x,1,0.5506083329964895,None,,,,,47,175,175,0,959.5009780420005,,959.4969132500046,959.5009780420005,960.4946971250029,960.4946971250029,960.4946971250029,960.4946971250029,960.499565625003,961.4945595419995,961.4945595419995,962.0511172080005,,,,,x,1,0.5506083329964895,None,02,001,2025-10-02_10h23.27.958,Motor Sequential Learning,,2025.1.1,None,2025-10-02 10h23.36.415650 +0530,
150,v,176,176,42,v,1,0.4632320000018808,None,,,,,42,176,176,1,962.0608884169997,,962.0515978330004,962.0608884169997,963.0494579170045,963.0494579170045,963.0494579170045,963.0494579170045,963.0494579170045,964.0498492500046,964.0498492500046,964.5176475830012,,,,,v,1,0.4632320000018808,None,02,001,2025-10-02_10h23.27.958,Motor Sequential Learning,,2025.1.1,None,2025-10-02 10h23.36.415650 +0530,
50,c,177,177,44,c,1,0.6405618749995483,None,,,,,44,177,177,2,964.5274199580017,,964.5181516250013,964.5274199580017,965.5164606250037,965.5164606250037,965.5164606250037,965.5164606250037,965.5164606250037,966.516632208004,966.516632208004,967.1617193330021,,,,,c,1,0.6405618749995483,None,02,001,2025-10-02_10h23.27.958,Motor Sequential Learning,,2025.1.1,None,2025-10-02 10h23.36.415650 +0530,
150,v,178,178,43,v,1,0.4649694580002688,None,,,,,43,178,178,1,967.165953708005,,967.1620982079985,967.165953708005,968.1497217920041,968.1497217920041,968.1497217920041,968.1497217920041,968.1613017920026,969.1499425830043,969.1499425830043,969.6176516250052,,,,,v,1,0.4649694580002688,None,02,001,2025-10-02_10h23.27.958,Motor Sequential Learning,,2025.1.1,None,2025-10-02 10h23.36.415650 +0530,
50,c,179,179,45,c,1,0.6208903339938843,None,,,,,45,179,179,2,969.6268699580032,,969.618145667002,969.6268699580032,970.6159041249994,970.6159041249994,970.6159041249994,970.6159041249994,970.6159041249994,971.6169974580043,971.6169974580043,972.246047749999,,,,,c,1,0.6208903339938843,None,02,001,2025-10-02_10h23.27.958,Motor Sequential Learning,,2025.1.1,None,2025-10-02 10h23.36.415650 +0530,
150,v,180,180,44,v,1,0.381352207994496,None,,,,,44,180,180,1,972.2560267500012,,972.2467504579981,972.2560267500012,973.2445067500012,973.2445067500012,973.2445067500012,973.2445067500012,973.2488857920034,974.2445250000019,974.2445250000019,974.6289928750048,,,,,v,1,0.381352207994496,None,02,001,2025-10-02_10h23.27.958,Motor Sequential Learning,,2025.1.1,None,2025-10-02 10h23.36.415650 +0530,
-150,z,181,181,42,z,1,0.5620675839963951,None,,,,,42,181,181,3,974.6349136670033,,974.6298674999998,974.6349136670033,975.6283007079983,975.6283007079983,975.6283007079983,975.6283007079983,975.633294750005,976.6276992499988,976.6276992499988,977.1959142920023,,,,,z,1,0.5620675839963951,None,02,001,2025-10-02_10h23.27.958,Motor Sequential Learning,,2025.1.1,None,2025-10-02 10h23.36.415650 +0530,
-150,z,182,182,43,z,1,0.5893178339974838,None,,,,,43,182,182,3,977.2067106250033,,977.1968212080028,977.2067106250033,978.1944372080034,978.1944372080034,978.1944372080034,978.1944372080034,978.1993643329988,979.1943263330031,979.1943263330031,979.796170792004,,,,,z,1,0.5893178339974838,None,02,001,2025-10-02_10h23.27.958,Motor Sequential Learning,,2025.1.1,None,2025-10-02 10h23.36.415650 +0530,
150,v,183,183,45,v,1,0.4064897499993094,None,,,,,45,183,183,1,979.8069910830018,,979.7971198330051,979.8069910830018,980.7944704170004,980.7944704170004,980.7944704170004,980.7944704170004,980.8000289999982,981.7941749579986,981.7941749579986,982.2125520000045,,,,,v,1,0.4064897499993094,None,02,001,2025-10-02_10h23.27.958,Motor Sequential Learning,,2025.1.1,None,2025-10-02 10h23.36.415650 +0530,
50,c,184,184,46,c,1,0.3845689579975442,None,,,,,46,184,184,2,982.223627708001,,982.2134767919997,982.223627708001,983.2111919169984,983.2111919169984,983.2111919169984,983.2111919169984,983.217003333004,984.2110257919994,984.2110257919994,984.6013174580003,,,,,c,1,0.3845689579975442,None,02,001,2025-10-02_10h23.27.958,Motor Sequential Learning,,2025.1.1,None,2025-10-02 10h23.36.415650 +0530,
50,c,185,185,47,c,1,0.6464528330034227,None,,,,,47,185,185,2,984.6278520420019,,984.601823500001,984.6278520420019,985.599435791999,985.599435791999,985.599435791999,985.599435791999,985.6162838750024,986.601030167003,986.601030167003,987.2507218750034,,,,,c,1,0.6464528330034227,None,02,001,2025-10-02_10h23.27.958,Motor Sequential Learning,,2025.1.1,None,2025-10-02 10h23.36.415650 +0530,
-50,x,186,186,48,x,1,0.6151951669962727,None,,,,,48,186,186,0,987.2606622919993,,987.2512663330053,987.2606622919993,988.2498258330015,988.2498258330015,988.2498258330015,988.2498258330015,988.2498258330015,989.2503199999992,989.2503199999992,989.8671375830017,,,,,x,1,0.6151951669962727,None,02,001,2025-10-02_10h23.27.958,Motor Sequential Learning,,2025.1.1,None,2025-10-02 10h23.36.415650 +0530,
-150,z,187,187,44,z,1,0.9088593749984284,None,,,,,44,187,187,3,989.894495792003,,989.8676674579983,989.894495792003,990.866025125004,990.866025125004,990.866025125004,990.866025125004,990.8828091670002,991.8665711670037,991.8665711670037,992.779129417002,,,,,z,1,0.9088593749984284,None,02,001,2025-10-02_10h23.27.958,Motor Sequential Learning,,2025.1.1,None,2025-10-02 10h23.36.415650 +0530,
150,v,188,188,46,v,1,0.5388439579983242,None,,,,,46,188,188,1,992.7844782920001,,992.7800517920041,992.7844782920001,993.7774884169994,993.7774884169994,993.7774884169994,993.7774884169994,993.7823544170024,994.777514333,994.777514333,995.328828208003,,,,,v,1,0.5388439579983242,None,02,001,2025-10-02_10h23.27.958,Motor Sequential Learning,,2025.1.1,None,2025-10-02 10h23.36.415650 +0530,
-150,z,189,189,45,z,1,0.8016179999976885,None,,,,,45,189,189,3,995.3385531250024,,995.3295312080008,995.3385531250024,996.3274343330049,996.3274343330049,996.3274343330049,996.3274343330049,996.3314954169982,997.3275324580027,997.3275324580027,998.1336612500018,,,,,z,1,0.8016179999976885,None,02,001,2025-10-02_10h23.27.958,Motor Sequential Learning,,2025.1.1,None,2025-10-02 10h23.36.415650 +0530,
-50,x,190,190,49,x,1,0.6590257499992731,None,,,,,49,190,190,0,998.1434627499984,,998.1341542919981,998.1434627499984,999.1326377500009,999.1326377500009,999.1326377500009,999.1326377500009,999.1326377500009,1000.1332131250019,1000.1332131250019,1000.7956696670008,,,,,x,1,0.6590257499992731,None,02,001,2025-10-02_10h23.27.958,Motor Sequential Learning,,2025.1.1,None,2025-10-02 10h23.36.415650 +0530,
50,c,191,191,48,c,1,0.48399554200295825,None,,,,,48,191,191,2,1000.8010131250048,,1000.7965690830024,1000.8010131250048,1001.7942081670044,1001.7942081670044,1001.7942081670044,1001.7942081670044,1001.7992143750016,1002.7941000420033,1002.7941000420033,1003.2836593750035,,,,,c,1,0.48399554200295825,None,02,001,2025-10-02_10h23.27.958,Motor Sequential Learning,,2025.1.1,None,2025-10-02 10h23.36.415650 +0530,
150,v,192,192,47,v,1,0.4331005420026486,None,,,,,47,192,192,1,1003.293496833001,,1003.2841708749984,1003.293496833001,1004.2834013750035,1004.2834013750035,1004.2834013750035,1004.2834013750035,1004.2834013750035,1005.2829679999995,1005.2829679999995,1005.7290601670029,,,,,v,1,0.4331005420026486,None,02,001,2025-10-02_10h23.27.958,Motor Sequential Learning,,2025.1.1,None,2025-10-02 10h23.36.415650 +0530,
-150,z,193,193,46,z,1,0.6664935829976457,None,,,,,46,193,193,3,1005.7397415829982,,1005.7297765830008,1005.7397415829982,1006.7274450830009,1006.7274450830009,1006.7274450830009,1006.7274450830009,1006.7324924999994,1007.7275462920006,1007.7275462920006,1008.3957052080004,,,,,z,1,0.6664935829976457,None,02,001,2025-10-02_10h23.27.958,Motor Sequential Learning,,2025.1.1,None,2025-10-02 10h23.36.415650 +0530,
-150,z,194,194,47,z,1,0.603718749996915,None,,,,,47,194,194,3,1008.4014650419995,,1008.3965787080015,1008.4014650419995,1009.3941471670041,1009.3941471670041,1009.3941471670041,1009.3941471670041,1009.399032166999,1010.3942078330001,1010.3942078330001,1010.999915542001,,,,,z,1,0.603718749996915,None,02,001,2025-10-02_10h23.27.958,Motor Sequential Learning,,2025.1.1,None,2025-10-02 10h23.36.415650 +0530,
150,v,195,195,48,v,1,0.8606862079977873,None,,,,,48,195,195,1,1011.0099671670032,,1011.0004270420031,1011.0099671670032,1011.9940687080016,1011.9940687080016,1011.9940687080016,1011.9940687080016,1011.9991438330035,1013.0002502499992,1013.0002502499992,1013.866551375002,,,,,v,1,0.8606862079977873,None,02,001,2025-10-02_10h23.27.958,Motor Sequential Learning,,2025.1.1,None,2025-10-02 10h23.36.415650 +0530,
50,c,196,196,49,c,1,0.5343968329980271,None,,,,,49,196,196,2,1013.876603208002,,1013.8670607079985,1013.876603208002,1014.8657243749985,1014.8657243749985,1014.8657243749985,1014.8657243749985,1014.8657243749985,1015.8604846250018,1015.8604846250018,1016.3999330000006,,,,,c,1,0.5343968329980271,None,02,001,2025-10-02_10h23.27.958,Motor Sequential Learning,,2025.1.1,None,2025-10-02 10h23.36.415650 +0530,
-150,z,197,197,48,z,1,0.5170513330012909,None,,,,,48,197,197,3,1016.4105905830002,,1016.4002386249995,1016.4105905830002,1017.3989860000001,1017.3989860000001,1017.3989860000001,1017.3989860000001,1017.3989860000001,1018.3997547500039,1018.3997547500039,1018.9290336250051,,,,,z,1,0.5170513330012909,None,02,001,2025-10-02_10h23.27.958,Motor Sequential Learning,,2025.1.1,None,2025-10-02 10h23.36.415650 +0530,
-150,z,198,198,49,z,1,0.6501425829992513,None,,,,,49,198,198,3,1018.9394890830008,,1018.9299117080009,1018.9394890830008,1019.9272584999999,1019.9272584999999,1019.9272584999999,1019.9272584999999,1019.932050125004,1020.9276259170001,1020.9276259170001,1021.5838869170038,,,,,z,1,0.6501425829992513,None,02,001,2025-10-02_10h23.27.958,Motor Sequential Learning,,2025.1.1,None,2025-10-02 10h23.36.415650 +0530,
150,v,199,199,49,v,1,0.48154883399547543,None,,,,,49,199,199,1,1021.6108533330043,,1021.5843677500015,1021.6108533330043,1022.5825220830011,1022.5825220830011,1022.5825220830011,1022.5825220830011,1022.5988270000016,1023.5831372079992,1023.5831372079992,1024.0662606670012,,,,,v,1,0.48154883399547543,None,02,001,2025-10-02_10h23.27.958,Motor Sequential Learning,,2025.1.1,None,2025-10-02 10h23.36.415650 +0530,
