28.3904 	INFO 	Loaded monitor calibration from ['2025_08_12 08:00']
28.5782 	INFO 	Using renderer 'Apple M2' for graphics
28.5782 	INFO 	OpenGL version supported by driver is 2..
28.6005 	EXP 	Created window1 = Window(allowGUI=True, allowStencil=False, autoLog=True, backendConf=UNKNOWN, backgroundFit=<method-wrapper '__getattribute__' of attributeSetter object at 0x14c0568f0>, backgroundImage=<method-wrapper '__getattribute__' of attributeSetter object at 0x14c056950>, bitsMode=UNKNOWN, blendMode='avg', bpc=(8, 8, 8), color=array([0, 0, 0]), colorSpace='rgb', depthBits=8, fullscr=False, gamma=None, gammaErrorPolicy='raise', infoMsg=UNKNOWN, lms=UNKNOWN, monitor=<psychopy.monitors.calibTools.Monitor object at 0x14bed2230>, multiSample=False, name='window1', numSamples=2, pos=[np.float64(135.0), np.float64(78.0)], screen=0, size=array([2400, 1600]), stencilBits=0, stereo=False, title='PsychoPy', units='height', useFBO=True, useRetina=True, viewOri=0.0, viewPos=None, viewScale=None, waitBlanking=True, winType='pyglet')
28.6006 	EXP 	window1: backgroundImage = ''
28.6006 	EXP 	window1: backgroundFit = 'none'
29.1328 	EXP 	window1: Attempting to measure frame rate of screen (0) ...
29.1329 	EXP 	window1: recordFrameIntervals = False
29.3026 	EXP 	window1: recordFrameIntervals = True
30.1527 	WARNING 	Couldn't measure a consistent frame rate!
  - Is your graphics card set to sync to vertical blank?
  - Are you running other processes on your computer?

31.2841 	INFO 	keyboard.Keyboard is using ptb backend.
31.6091 	INFO 	keyboard.Keyboard is using ptb backend.
31.6092 	EXP 	Motor Sequential Learning: status = STARTED
31.6178 	EXP 	Created fixation = ShapeStim(__class__=<class 'psychopy.visual.shape.ShapeStim'>, anchor=('center', 'center'), autoDraw=False, autoLog=True, closeShape=True, color=method-wrapper(...), colorSpace='rgb', contrast=None, depth=0.0, draggable=False, fillColor=array([0., 0., 0.]), fillColorSpace='rgb', fillRGB=array([0., 0., 0.]), interpolate=True, lineColor=array([1., 1., 1.]), lineColorSpace='rgb', lineRGB=array([1, 1, 1]), lineWidth=1.0, name='fixation', opacity=1, ori=0.0, pos=array([0., 0.]), size=array([10., 10.]), units='pix', vertices=ndarray(...), win=Window(...), windingRule=None)
31.6192 	EXP 	Created line1 = Rect(__class__=<class 'psychopy.visual.rect.Rect'>, anchor=('center', 'center'), autoDraw=False, autoLog=True, closeShape=True, color=method-wrapper(...), colorSpace='rgb', contrast=None, depth=-1.0, draggable=False, fillColor=array([1, 1, 1]), fillColorSpace='rgb', fillRGB=array([1, 1, 1]), interpolate=True, lineColor=array([1., 1., 1.]), lineColorSpace='rgb', lineRGB=array([1, 1, 1]), lineWidth=1.0, name='line1', opacity=1, ori=90.0, pos=array([-150.,    0.]), size=array([100.,  10.]), units='pix', vertices=ndarray(...), win=Window(...))
31.6204 	EXP 	Created line2 = Rect(__class__=<class 'psychopy.visual.rect.Rect'>, anchor=('center', 'center'), autoDraw=False, autoLog=True, closeShape=True, color=method-wrapper(...), colorSpace='rgb', contrast=None, depth=-2.0, draggable=False, fillColor=array([1, 1, 1]), fillColorSpace='rgb', fillRGB=array([1, 1, 1]), interpolate=True, lineColor=array([1., 1., 1.]), lineColorSpace='rgb', lineRGB=array([1, 1, 1]), lineWidth=1.0, name='line2', opacity=1, ori=90.0, pos=array([-50.,   0.]), size=array([100.,  10.]), units='pix', vertices=ndarray(...), win=Window(...))
31.6215 	EXP 	Created line3 = Rect(__class__=<class 'psychopy.visual.rect.Rect'>, anchor=('center', 'center'), autoDraw=False, autoLog=True, closeShape=True, color=method-wrapper(...), colorSpace='rgb', contrast=None, depth=-3.0, draggable=False, fillColor=array([1, 1, 1]), fillColorSpace='rgb', fillRGB=array([1, 1, 1]), interpolate=True, lineColor=array([1., 1., 1.]), lineColorSpace='rgb', lineRGB=array([1, 1, 1]), lineWidth=1.0, name='line3', opacity=1, ori=90.0, pos=array([50.,  0.]), size=array([100.,  10.]), units='pix', vertices=ndarray(...), win=Window(...))
31.6225 	EXP 	Created line4 = Rect(__class__=<class 'psychopy.visual.rect.Rect'>, anchor=('center', 'center'), autoDraw=False, autoLog=True, closeShape=True, color=method-wrapper(...), colorSpace='rgb', contrast=None, depth=-4.0, draggable=False, fillColor=array([1, 1, 1]), fillColorSpace='rgb', fillRGB=array([1, 1, 1]), interpolate=True, lineColor=array([1., 1., 1.]), lineColorSpace='rgb', lineRGB=array([1, 1, 1]), lineWidth=1.0, name='line4', opacity=1, ori=90.0, pos=array([150.,   0.]), size=array([100.,  10.]), units='pix', vertices=ndarray(...), win=Window(...))
31.6252 	EXP 	Created probe = ShapeStim(__class__=<class 'psychopy.visual.shape.ShapeStim'>, anchor=('center', 'center'), autoDraw=False, autoLog=True, closeShape=True, color=method-wrapper(...), colorSpace='rgb', contrast=None, depth=-5.0, draggable=False, fillColor=array([1, 1, 1]), fillColorSpace='rgb', fillRGB=array([1, 1, 1]), interpolate=True, lineColor=array([1., 1., 1.]), lineColorSpace='rgb', lineRGB=array([1, 1, 1]), lineWidth=1.0, name='probe', opacity=1, ori=0.0, pos=array([0., 0.]), size=array([10., 10.]), units='pix', vertices=ndarray(...), win=Window(...), windingRule=None)
31.6271 	EXP 	Created fixation = ShapeStim(__class__=<class 'psychopy.visual.shape.ShapeStim'>, anchor=('center', 'center'), autoDraw=False, autoLog=True, closeShape=True, color=method-wrapper(...), colorSpace='rgb', contrast=None, depth=0.0, draggable=False, fillColor=array([0., 0., 0.]), fillColorSpace='rgb', fillRGB=array([0., 0., 0.]), interpolate=True, lineColor=array([1., 1., 1.]), lineColorSpace='rgb', lineRGB=array([1, 1, 1]), lineWidth=1.0, name='fixation', opacity=1, ori=0.0, pos=array([0., 0.]), size=array([10., 10.]), units='pix', vertices=ndarray(...), win=Window(...), windingRule=None)
31.6283 	EXP 	Created line1 = Rect(__class__=<class 'psychopy.visual.rect.Rect'>, anchor=('center', 'center'), autoDraw=False, autoLog=True, closeShape=True, color=method-wrapper(...), colorSpace='rgb', contrast=None, depth=-1.0, draggable=False, fillColor=array([1, 1, 1]), fillColorSpace='rgb', fillRGB=array([1, 1, 1]), interpolate=True, lineColor=array([1., 1., 1.]), lineColorSpace='rgb', lineRGB=array([1, 1, 1]), lineWidth=1.0, name='line1', opacity=1, ori=90.0, pos=array([-150.,    0.]), size=array([100.,  10.]), units='pix', vertices=ndarray(...), win=Window(...))
31.6294 	EXP 	Created line2 = Rect(__class__=<class 'psychopy.visual.rect.Rect'>, anchor=('center', 'center'), autoDraw=False, autoLog=True, closeShape=True, color=method-wrapper(...), colorSpace='rgb', contrast=None, depth=-2.0, draggable=False, fillColor=array([1, 1, 1]), fillColorSpace='rgb', fillRGB=array([1, 1, 1]), interpolate=True, lineColor=array([1., 1., 1.]), lineColorSpace='rgb', lineRGB=array([1, 1, 1]), lineWidth=1.0, name='line2', opacity=1, ori=90.0, pos=array([-50.,   0.]), size=array([100.,  10.]), units='pix', vertices=ndarray(...), win=Window(...))
31.6304 	EXP 	Created line3 = Rect(__class__=<class 'psychopy.visual.rect.Rect'>, anchor=('center', 'center'), autoDraw=False, autoLog=True, closeShape=True, color=method-wrapper(...), colorSpace='rgb', contrast=None, depth=-3.0, draggable=False, fillColor=array([1, 1, 1]), fillColorSpace='rgb', fillRGB=array([1, 1, 1]), interpolate=True, lineColor=array([1., 1., 1.]), lineColorSpace='rgb', lineRGB=array([1, 1, 1]), lineWidth=1.0, name='line3', opacity=1, ori=90.0, pos=array([50.,  0.]), size=array([100.,  10.]), units='pix', vertices=ndarray(...), win=Window(...))
31.6315 	EXP 	Created line4 = Rect(__class__=<class 'psychopy.visual.rect.Rect'>, anchor=('center', 'center'), autoDraw=False, autoLog=True, closeShape=True, color=method-wrapper(...), colorSpace='rgb', contrast=None, depth=-4.0, draggable=False, fillColor=array([1, 1, 1]), fillColorSpace='rgb', fillRGB=array([1, 1, 1]), interpolate=True, lineColor=array([1., 1., 1.]), lineColorSpace='rgb', lineRGB=array([1, 1, 1]), lineWidth=1.0, name='line4', opacity=1, ori=90.0, pos=array([150.,   0.]), size=array([100.,  10.]), units='pix', vertices=ndarray(...), win=Window(...))
31.6329 	EXP 	Created probe = ShapeStim(__class__=<class 'psychopy.visual.shape.ShapeStim'>, anchor=('center', 'center'), autoDraw=False, autoLog=True, closeShape=True, color=method-wrapper(...), colorSpace='rgb', contrast=None, depth=-5.0, draggable=False, fillColor=array([1, 1, 1]), fillColorSpace='rgb', fillRGB=array([1, 1, 1]), interpolate=True, lineColor=array([1., 1., 1.]), lineColorSpace='rgb', lineRGB=array([1, 1, 1]), lineWidth=1.0, name='probe', opacity=1, ori=0.0, pos=array([0., 0.]), size=array([10., 10.]), units='pix', vertices=ndarray(...), win=Window(...), windingRule=None)
0.0131 	EXP 	Imported /Users/vineesmacbook/Downloads/sequence_cond - Sheet1.csv as conditions, 4 conditions, 2 params
0.0147 	EXP 	New trial (rep=0, index=0): <Trial 0 (0 in rep 0) data={'pos': np.int64(-50), 'corr_resp': 'x', 'thisN': 0, 'thisTrialN': 0, 'thisRepN': 0}>
0.0246 	EXP 	fixation: autoDraw = True
1.0033 	EXP 	line1: autoDraw = True
1.0033 	EXP 	line2: autoDraw = True
1.0033 	EXP 	line3: autoDraw = True
1.0033 	EXP 	line4: autoDraw = True
1.0197 	EXP 	fixation: autoDraw = False
1.9946 	INFO 	Keyboard events cleared
1.9944 	EXP 	probe: autoDraw = True
6.2142 	EXP 	Device response: <KeyPress from None: t=6.0217186250010855, value=x, duration=None>
6.2144 	EXP 	Device response: <KeyPress from None: t=6.0217186250010855, value=x, duration=0.11145841699908487>
6.2145 	EXP 	New trial (rep=0, index=1): <Trial 1 (1 in rep 0) data={'pos': np.int64(150), 'corr_resp': 'v', 'thisN': 1, 'thisTrialN': 1, 'thisRepN': 0}>
6.2188 	DATA 	Keypress: x
6.2223 	WARNING 	t of last frame was 197.33ms (=1/5)
6.2223 	EXP 	fixation: autoDraw = False
6.2223 	EXP 	line1: autoDraw = False
6.2223 	EXP 	line2: autoDraw = False
6.2223 	EXP 	line3: autoDraw = False
6.2223 	EXP 	line4: autoDraw = False
6.2223 	EXP 	probe: autoDraw = False
6.2223 	EXP 	fixation: autoDraw = True
7.2081 	EXP 	line1: autoDraw = True
7.2081 	EXP 	line2: autoDraw = True
7.2081 	EXP 	line3: autoDraw = True
7.2081 	EXP 	line4: autoDraw = True
7.2196 	EXP 	fixation: autoDraw = False
8.2112 	INFO 	Keyboard events cleared
8.2110 	EXP 	probe: autoDraw = True
8.7543 	EXP 	Device response: <KeyPress from None: t=8.743835917004617, value=v, duration=None>
8.7549 	EXP 	New trial (rep=0, index=2): <Trial 2 (2 in rep 0) data={'pos': np.int64(50), 'corr_resp': 'c', 'thisN': 2, 'thisTrialN': 2, 'thisRepN': 0}>
8.7601 	DATA 	Keypress: v
8.7639 	EXP 	fixation: autoDraw = False
8.7639 	EXP 	line1: autoDraw = False
8.7639 	EXP 	line2: autoDraw = False
8.7639 	EXP 	line3: autoDraw = False
8.7639 	EXP 	line4: autoDraw = False
8.7639 	EXP 	probe: autoDraw = False
8.7639 	EXP 	fixation: autoDraw = True
8.8708 	EXP 	Device response: <KeyPress from None: t=8.743835917004617, value=v, duration=0.1203057499951683>
9.7530 	EXP 	line1: autoDraw = True
9.7530 	EXP 	line2: autoDraw = True
9.7530 	EXP 	line3: autoDraw = True
9.7530 	EXP 	line4: autoDraw = True
9.7574 	EXP 	fixation: autoDraw = False
10.7531 	INFO 	Keyboard events cleared
10.7530 	EXP 	probe: autoDraw = True
11.3209 	EXP 	Device response: <KeyPress from None: t=11.312951792002423, value=c, duration=None>
11.3215 	EXP 	New trial (rep=0, index=3): <Trial 3 (3 in rep 0) data={'pos': np.int64(-150), 'corr_resp': 'z', 'thisN': 3, 'thisTrialN': 3, 'thisRepN': 0}>
11.3267 	DATA 	Keypress: c
11.3306 	EXP 	fixation: autoDraw = False
11.3306 	EXP 	line1: autoDraw = False
11.3306 	EXP 	line2: autoDraw = False
11.3306 	EXP 	line3: autoDraw = False
11.3306 	EXP 	line4: autoDraw = False
11.3306 	EXP 	probe: autoDraw = False
11.3306 	EXP 	fixation: autoDraw = True
11.4209 	EXP 	Device response: <KeyPress from None: t=11.312951792002423, value=c, duration=0.1046286249984405>
12.3196 	EXP 	line1: autoDraw = True
12.3196 	EXP 	line2: autoDraw = True
12.3196 	EXP 	line3: autoDraw = True
12.3196 	EXP 	line4: autoDraw = True
12.3244 	EXP 	fixation: autoDraw = False
13.3199 	INFO 	Keyboard events cleared
13.3197 	EXP 	probe: autoDraw = True
14.1043 	EXP 	Device response: <KeyPress from None: t=14.097756750001281, value=z, duration=None>
14.1048 	EXP 	New trial (rep=1, index=0): <Trial 4 (0 in rep 1) data={'pos': np.int64(-50), 'corr_resp': 'x', 'thisN': 4, 'thisTrialN': 0, 'thisRepN': 1}>
14.1102 	DATA 	Keypress: z
14.1145 	EXP 	fixation: autoDraw = False
14.1145 	EXP 	line1: autoDraw = False
14.1145 	EXP 	line2: autoDraw = False
14.1145 	EXP 	line3: autoDraw = False
14.1145 	EXP 	line4: autoDraw = False
14.1145 	EXP 	probe: autoDraw = False
14.1145 	EXP 	fixation: autoDraw = True
14.2082 	EXP 	Device response: <KeyPress from None: t=14.097756750001281, value=z, duration=0.1083154169973568>
15.1029 	EXP 	line1: autoDraw = True
15.1029 	EXP 	line2: autoDraw = True
15.1029 	EXP 	line3: autoDraw = True
15.1029 	EXP 	line4: autoDraw = True
15.1078 	EXP 	fixation: autoDraw = False
16.1032 	INFO 	Keyboard events cleared
16.1030 	EXP 	probe: autoDraw = True
16.5040 	EXP 	Device response: <KeyPress from None: t=16.492655917005322, value=x, duration=None>
16.5047 	EXP 	New trial (rep=1, index=1): <Trial 5 (1 in rep 1) data={'pos': np.int64(150), 'corr_resp': 'v', 'thisN': 5, 'thisTrialN': 1, 'thisRepN': 1}>
16.5102 	DATA 	Keypress: x
16.5145 	EXP 	fixation: autoDraw = False
16.5145 	EXP 	line1: autoDraw = False
16.5145 	EXP 	line2: autoDraw = False
16.5145 	EXP 	line3: autoDraw = False
16.5145 	EXP 	line4: autoDraw = False
16.5145 	EXP 	probe: autoDraw = False
16.5145 	EXP 	fixation: autoDraw = True
16.6046 	EXP 	Device response: <KeyPress from None: t=16.492655917005322, value=x, duration=0.1087005409935955>
17.5029 	EXP 	line1: autoDraw = True
17.5029 	EXP 	line2: autoDraw = True
17.5029 	EXP 	line3: autoDraw = True
17.5029 	EXP 	line4: autoDraw = True
17.5077 	EXP 	fixation: autoDraw = False
18.5033 	INFO 	Keyboard events cleared
18.5031 	EXP 	probe: autoDraw = True
18.9086 	EXP 	Device response: <KeyPress from None: t=18.905600292004237, value=v, duration=None>
18.9090 	EXP 	New trial (rep=1, index=2): <Trial 6 (2 in rep 1) data={'pos': np.int64(50), 'corr_resp': 'c', 'thisN': 6, 'thisTrialN': 2, 'thisRepN': 1}>
18.9147 	DATA 	Keypress: v
18.9189 	EXP 	fixation: autoDraw = False
18.9189 	EXP 	line1: autoDraw = False
18.9189 	EXP 	line2: autoDraw = False
18.9189 	EXP 	line3: autoDraw = False
18.9189 	EXP 	line4: autoDraw = False
18.9189 	EXP 	probe: autoDraw = False
18.9189 	EXP 	fixation: autoDraw = True
19.0206 	EXP 	Device response: <KeyPress from None: t=18.905600292004237, value=v, duration=0.10422941599972546>
19.9030 	EXP 	line1: autoDraw = True
19.9030 	EXP 	line2: autoDraw = True
19.9030 	EXP 	line3: autoDraw = True
19.9030 	EXP 	line4: autoDraw = True
19.9080 	EXP 	fixation: autoDraw = False
20.9031 	INFO 	Keyboard events cleared
20.9029 	EXP 	probe: autoDraw = True
21.3084 	EXP 	Device response: <KeyPress from None: t=21.30655583299813, value=c, duration=None>
21.3089 	EXP 	New trial (rep=1, index=3): <Trial 7 (3 in rep 1) data={'pos': np.int64(-150), 'corr_resp': 'z', 'thisN': 7, 'thisTrialN': 3, 'thisRepN': 1}>
21.3148 	DATA 	Keypress: c
21.3190 	EXP 	fixation: autoDraw = False
21.3190 	EXP 	line1: autoDraw = False
21.3190 	EXP 	line2: autoDraw = False
21.3190 	EXP 	line3: autoDraw = False
21.3190 	EXP 	line4: autoDraw = False
21.3190 	EXP 	probe: autoDraw = False
21.3190 	EXP 	fixation: autoDraw = True
21.4208 	EXP 	Device response: <KeyPress from None: t=21.30655583299813, value=c, duration=0.11231791700265603>
22.3030 	EXP 	line1: autoDraw = True
22.3030 	EXP 	line2: autoDraw = True
22.3030 	EXP 	line3: autoDraw = True
22.3030 	EXP 	line4: autoDraw = True
22.3081 	EXP 	fixation: autoDraw = False
23.3030 	INFO 	Keyboard events cleared
23.3028 	EXP 	probe: autoDraw = True
23.7082 	EXP 	Device response: <KeyPress from None: t=23.706516417005332, value=z, duration=None>
23.7087 	EXP 	New trial (rep=2, index=0): <Trial 8 (0 in rep 2) data={'pos': np.int64(-50), 'corr_resp': 'x', 'thisN': 8, 'thisTrialN': 0, 'thisRepN': 2}>
23.7139 	DATA 	Keypress: z
23.7187 	EXP 	fixation: autoDraw = False
23.7187 	EXP 	line1: autoDraw = False
23.7187 	EXP 	line2: autoDraw = False
23.7187 	EXP 	line3: autoDraw = False
23.7187 	EXP 	line4: autoDraw = False
23.7187 	EXP 	probe: autoDraw = False
23.7187 	EXP 	fixation: autoDraw = True
23.8708 	EXP 	Device response: <KeyPress from None: t=23.706516417005332, value=z, duration=0.15223016599338735>
24.7076 	EXP 	fixation: autoDraw = False
24.7076 	EXP 	line1: autoDraw = True
24.7076 	EXP 	line2: autoDraw = True
24.7076 	EXP 	line3: autoDraw = True
24.7076 	EXP 	line4: autoDraw = True
25.7095 	INFO 	Keyboard events cleared
25.7093 	EXP 	probe: autoDraw = True
26.0875 	EXP 	Device response: <KeyPress from None: t=26.081500416999916, value=x, duration=None>
26.0881 	EXP 	New trial (rep=2, index=1): <Trial 9 (1 in rep 2) data={'pos': np.int64(150), 'corr_resp': 'v', 'thisN': 9, 'thisTrialN': 1, 'thisRepN': 2}>
26.0937 	DATA 	Keypress: x
26.0978 	EXP 	fixation: autoDraw = False
26.0978 	EXP 	line1: autoDraw = False
26.0978 	EXP 	line2: autoDraw = False
26.0978 	EXP 	line3: autoDraw = False
26.0978 	EXP 	line4: autoDraw = False
26.0978 	EXP 	probe: autoDraw = False
26.0978 	EXP 	fixation: autoDraw = True
26.2083 	EXP 	Device response: <KeyPress from None: t=26.081500416999916, value=x, duration=0.12426683300145669>
27.0862 	EXP 	line1: autoDraw = True
27.0862 	EXP 	line2: autoDraw = True
27.0862 	EXP 	line3: autoDraw = True
27.0862 	EXP 	line4: autoDraw = True
27.0911 	EXP 	fixation: autoDraw = False
28.0862 	INFO 	Keyboard events cleared
28.0861 	EXP 	probe: autoDraw = True
28.5203 	EXP 	Device response: <KeyPress from None: t=28.51648487499915, value=v, duration=None>
28.5208 	EXP 	New trial (rep=2, index=2): <Trial 10 (2 in rep 2) data={'pos': np.int64(50), 'corr_resp': 'c', 'thisN': 10, 'thisTrialN': 2, 'thisRepN': 2}>
28.5252 	EXP 	fixation: autoDraw = False
28.5252 	EXP 	line1: autoDraw = False
28.5252 	EXP 	line2: autoDraw = False
28.5252 	EXP 	line3: autoDraw = False
28.5252 	EXP 	line4: autoDraw = False
28.5252 	EXP 	probe: autoDraw = False
28.5252 	EXP 	fixation: autoDraw = True
28.5289 	DATA 	Keypress: v
28.6374 	EXP 	Device response: <KeyPress from None: t=28.51648487499915, value=v, duration=0.1082315829989966>
29.5195 	EXP 	line1: autoDraw = True
29.5195 	EXP 	line2: autoDraw = True
29.5195 	EXP 	line3: autoDraw = True
29.5195 	EXP 	line4: autoDraw = True
29.5244 	EXP 	fixation: autoDraw = False
30.5197 	INFO 	Keyboard events cleared
30.5195 	EXP 	probe: autoDraw = True
30.9041 	EXP 	Device response: <KeyPress from None: t=30.902347875002306, value=c, duration=None>
30.9048 	EXP 	New trial (rep=2, index=3): <Trial 11 (3 in rep 2) data={'pos': np.int64(-150), 'corr_resp': 'z', 'thisN': 11, 'thisTrialN': 3, 'thisRepN': 2}>
30.9099 	EXP 	fixation: autoDraw = False
30.9099 	EXP 	line1: autoDraw = False
30.9099 	EXP 	line2: autoDraw = False
30.9099 	EXP 	line3: autoDraw = False
30.9099 	EXP 	line4: autoDraw = False
30.9099 	EXP 	probe: autoDraw = False
30.9099 	EXP 	fixation: autoDraw = True
30.9138 	DATA 	Keypress: c
31.0373 	EXP 	Device response: <KeyPress from None: t=30.902347875002306, value=c, duration=0.1284479999958421>
31.9029 	EXP 	line1: autoDraw = True
31.9029 	EXP 	line2: autoDraw = True
31.9029 	EXP 	line3: autoDraw = True
31.9029 	EXP 	line4: autoDraw = True
31.9083 	EXP 	fixation: autoDraw = False
32.9030 	INFO 	Keyboard events cleared
32.9028 	EXP 	probe: autoDraw = True
33.2581 	EXP 	Device response: <KeyPress from None: t=33.257249875001435, value=z, duration=None>
33.2586 	EXP 	New trial (rep=3, index=0): <Trial 12 (0 in rep 3) data={'pos': np.int64(-50), 'corr_resp': 'x', 'thisN': 12, 'thisTrialN': 0, 'thisRepN': 3}>
33.2638 	DATA 	Keypress: z
33.2685 	EXP 	fixation: autoDraw = False
33.2685 	EXP 	line1: autoDraw = False
33.2685 	EXP 	line2: autoDraw = False
33.2685 	EXP 	line3: autoDraw = False
33.2685 	EXP 	line4: autoDraw = False
33.2685 	EXP 	probe: autoDraw = False
33.2685 	EXP 	fixation: autoDraw = True
33.4041 	EXP 	Device response: <KeyPress from None: t=33.257249875001435, value=z, duration=0.14435470799799077>
34.2579 	EXP 	fixation: autoDraw = False
34.2579 	EXP 	line1: autoDraw = True
34.2579 	EXP 	line2: autoDraw = True
34.2579 	EXP 	line3: autoDraw = True
34.2579 	EXP 	line4: autoDraw = True
35.2528 	INFO 	Keyboard events cleared
35.2527 	EXP 	probe: autoDraw = True
35.6205 	EXP 	Device response: <KeyPress from None: t=35.61231525000039, value=x, duration=None>
35.6213 	EXP 	New trial (rep=3, index=1): <Trial 13 (1 in rep 3) data={'pos': np.int64(150), 'corr_resp': 'v', 'thisN': 13, 'thisTrialN': 1, 'thisRepN': 3}>
35.6269 	DATA 	Keypress: x
35.6310 	EXP 	fixation: autoDraw = False
35.6310 	EXP 	line1: autoDraw = False
35.6310 	EXP 	line2: autoDraw = False
35.6310 	EXP 	line3: autoDraw = False
35.6310 	EXP 	line4: autoDraw = False
35.6310 	EXP 	probe: autoDraw = False
35.6310 	EXP 	fixation: autoDraw = True
35.7206 	EXP 	Device response: <KeyPress from None: t=35.61231525000039, value=x, duration=0.1002627499983646>
36.6194 	EXP 	line1: autoDraw = True
36.6194 	EXP 	line2: autoDraw = True
36.6194 	EXP 	line3: autoDraw = True
36.6194 	EXP 	line4: autoDraw = True
36.6243 	EXP 	fixation: autoDraw = False
37.6196 	INFO 	Keyboard events cleared
37.6195 	EXP 	probe: autoDraw = True
37.9044 	EXP 	Device response: <KeyPress from None: t=37.897229750000406, value=v, duration=None>
37.9050 	EXP 	New trial (rep=3, index=2): <Trial 14 (2 in rep 3) data={'pos': np.int64(50), 'corr_resp': 'c', 'thisN': 14, 'thisTrialN': 2, 'thisRepN': 3}>
37.9108 	DATA 	Keypress: v
37.9152 	EXP 	fixation: autoDraw = False
37.9152 	EXP 	line1: autoDraw = False
37.9152 	EXP 	line2: autoDraw = False
37.9152 	EXP 	line3: autoDraw = False
37.9152 	EXP 	line4: autoDraw = False
37.9152 	EXP 	probe: autoDraw = False
37.9152 	EXP 	fixation: autoDraw = True
38.0041 	EXP 	Device response: <KeyPress from None: t=37.897229750000406, value=v, duration=0.09629770799801918>
38.9028 	EXP 	line1: autoDraw = True
38.9028 	EXP 	line2: autoDraw = True
38.9028 	EXP 	line3: autoDraw = True
38.9028 	EXP 	line4: autoDraw = True
38.9078 	EXP 	fixation: autoDraw = False
39.9028 	INFO 	Keyboard events cleared
39.9027 	EXP 	probe: autoDraw = True
40.2537 	EXP 	Device response: <KeyPress from None: t=40.248131625005044, value=c, duration=None>
40.2542 	EXP 	New trial (rep=3, index=3): <Trial 15 (3 in rep 3) data={'pos': np.int64(-150), 'corr_resp': 'z', 'thisN': 15, 'thisTrialN': 3, 'thisRepN': 3}>
40.2597 	DATA 	Keypress: c
40.2640 	EXP 	fixation: autoDraw = False
40.2640 	EXP 	line1: autoDraw = False
40.2640 	EXP 	line2: autoDraw = False
40.2640 	EXP 	line3: autoDraw = False
40.2640 	EXP 	line4: autoDraw = False
40.2640 	EXP 	probe: autoDraw = False
40.2640 	EXP 	fixation: autoDraw = True
40.3541 	EXP 	Device response: <KeyPress from None: t=40.248131625005044, value=c, duration=0.10433833299612161>
41.2527 	EXP 	line1: autoDraw = True
41.2527 	EXP 	line2: autoDraw = True
41.2527 	EXP 	line3: autoDraw = True
41.2527 	EXP 	line4: autoDraw = True
41.2575 	EXP 	fixation: autoDraw = False
42.2530 	INFO 	Keyboard events cleared
42.2528 	EXP 	probe: autoDraw = True
42.8708 	EXP 	Device response: <KeyPress from None: t=42.86814779200358, value=z, duration=None>
42.8713 	EXP 	New trial (rep=4, index=0): <Trial 16 (0 in rep 4) data={'pos': np.int64(-50), 'corr_resp': 'x', 'thisN': 16, 'thisTrialN': 0, 'thisRepN': 4}>
42.8764 	EXP 	fixation: autoDraw = False
42.8764 	EXP 	line1: autoDraw = False
42.8764 	EXP 	line2: autoDraw = False
42.8764 	EXP 	line3: autoDraw = False
42.8764 	EXP 	line4: autoDraw = False
42.8764 	EXP 	probe: autoDraw = False
42.8764 	EXP 	fixation: autoDraw = True
42.8800 	DATA 	Keypress: z
43.0037 	EXP 	Device response: <KeyPress from None: t=42.86814779200358, value=z, duration=0.12837225000112085>
43.8693 	EXP 	line1: autoDraw = True
43.8693 	EXP 	line2: autoDraw = True
43.8693 	EXP 	line3: autoDraw = True
43.8693 	EXP 	line4: autoDraw = True
43.8739 	EXP 	fixation: autoDraw = False
44.8696 	INFO 	Keyboard events cleared
44.8694 	EXP 	probe: autoDraw = True
45.3207 	EXP 	Device response: <KeyPress from None: t=45.307978542005, value=x, duration=None>
45.3214 	EXP 	New trial (rep=4, index=1): <Trial 17 (1 in rep 4) data={'pos': np.int64(150), 'corr_resp': 'v', 'thisN': 17, 'thisTrialN': 1, 'thisRepN': 4}>
45.3274 	DATA 	Keypress: x
45.3317 	EXP 	fixation: autoDraw = False
45.3317 	EXP 	line1: autoDraw = False
45.3317 	EXP 	line2: autoDraw = False
45.3317 	EXP 	line3: autoDraw = False
45.3317 	EXP 	line4: autoDraw = False
45.3317 	EXP 	probe: autoDraw = False
45.3317 	EXP 	fixation: autoDraw = True
45.4538 	EXP 	Device response: <KeyPress from None: t=45.307978542005, value=x, duration=0.1444392909979797>
46.3194 	EXP 	line1: autoDraw = True
46.3194 	EXP 	line2: autoDraw = True
46.3194 	EXP 	line3: autoDraw = True
46.3194 	EXP 	line4: autoDraw = True
46.3242 	EXP 	fixation: autoDraw = False
47.3197 	INFO 	Keyboard events cleared
47.3195 	EXP 	probe: autoDraw = True
47.8544 	EXP 	Device response: <KeyPress from None: t=47.846979667003325, value=v, duration=None>
47.8551 	EXP 	New trial (rep=4, index=2): <Trial 18 (2 in rep 4) data={'pos': np.int64(50), 'corr_resp': 'c', 'thisN': 18, 'thisTrialN': 2, 'thisRepN': 4}>
47.8603 	DATA 	Keypress: v
47.8642 	EXP 	fixation: autoDraw = False
47.8642 	EXP 	line1: autoDraw = False
47.8642 	EXP 	line2: autoDraw = False
47.8642 	EXP 	line3: autoDraw = False
47.8642 	EXP 	line4: autoDraw = False
47.8642 	EXP 	probe: autoDraw = False
47.8642 	EXP 	fixation: autoDraw = True
47.9533 	EXP 	Device response: <KeyPress from None: t=47.846979667003325, value=v, duration=0.09619512499921257>
48.8528 	EXP 	line1: autoDraw = True
48.8528 	EXP 	line2: autoDraw = True
48.8528 	EXP 	line3: autoDraw = True
48.8528 	EXP 	line4: autoDraw = True
48.8580 	EXP 	fixation: autoDraw = False
49.8526 	INFO 	Keyboard events cleared
49.8525 	EXP 	probe: autoDraw = True
50.3426 	EXP 	Device response: <KeyPress from None: t=50.340944875002606, value=c, duration=None>
50.3431 	EXP 	New trial (rep=4, index=3): <Trial 19 (3 in rep 4) data={'pos': np.int64(-150), 'corr_resp': 'z', 'thisN': 19, 'thisTrialN': 3, 'thisRepN': 4}>
50.3485 	DATA 	Keypress: c
50.3702 	WARNING 	t of last frame was 28.62ms (=1/34)
50.3702 	EXP 	fixation: autoDraw = False
50.3702 	EXP 	line1: autoDraw = False
50.3702 	EXP 	line2: autoDraw = False
50.3702 	EXP 	line3: autoDraw = False
50.3702 	EXP 	line4: autoDraw = False
50.3702 	EXP 	probe: autoDraw = False
50.3702 	EXP 	fixation: autoDraw = True
50.4749 	EXP 	Device response: <KeyPress from None: t=50.340944875002606, value=c, duration=0.13231749999977183>
51.3414 	EXP 	line1: autoDraw = True
51.3414 	EXP 	line2: autoDraw = True
51.3414 	EXP 	line3: autoDraw = True
51.3414 	EXP 	line4: autoDraw = True
51.3569 	EXP 	fixation: autoDraw = False
52.3427 	INFO 	Keyboard events cleared
52.3425 	EXP 	probe: autoDraw = True
52.8750 	EXP 	Device response: <KeyPress from None: t=52.87085420799849, value=z, duration=None>
52.8754 	EXP 	New trial (rep=5, index=0): <Trial 20 (0 in rep 5) data={'pos': np.int64(-50), 'corr_resp': 'x', 'thisN': 20, 'thisTrialN': 0, 'thisRepN': 5}>
52.8810 	DATA 	Keypress: z
52.8855 	EXP 	fixation: autoDraw = False
52.8855 	EXP 	line1: autoDraw = False
52.8855 	EXP 	line2: autoDraw = False
52.8855 	EXP 	line3: autoDraw = False
52.8855 	EXP 	line4: autoDraw = False
52.8855 	EXP 	probe: autoDraw = False
52.8855 	EXP 	fixation: autoDraw = True
53.0538 	EXP 	Device response: <KeyPress from None: t=52.87085420799849, value=z, duration=0.18039470900112065>
53.8742 	EXP 	fixation: autoDraw = False
53.8742 	EXP 	line1: autoDraw = True
53.8742 	EXP 	line2: autoDraw = True
53.8742 	EXP 	line3: autoDraw = True
53.8742 	EXP 	line4: autoDraw = True
54.8752 	INFO 	Keyboard events cleared
54.8750 	EXP 	probe: autoDraw = True
55.3089 	EXP 	Device response: <KeyPress from None: t=55.30474512500223, value=x, duration=None>
55.3093 	EXP 	New trial (rep=5, index=1): <Trial 21 (1 in rep 5) data={'pos': np.int64(150), 'corr_resp': 'v', 'thisN': 21, 'thisTrialN': 1, 'thisRepN': 5}>
55.3148 	DATA 	Keypress: x
55.3190 	EXP 	fixation: autoDraw = False
55.3190 	EXP 	line1: autoDraw = False
55.3190 	EXP 	line2: autoDraw = False
55.3190 	EXP 	line3: autoDraw = False
55.3190 	EXP 	line4: autoDraw = False
55.3190 	EXP 	probe: autoDraw = False
55.3190 	EXP 	fixation: autoDraw = True
55.4374 	EXP 	Device response: <KeyPress from None: t=55.30474512500223, value=x, duration=0.1286309999995865>
56.3076 	EXP 	fixation: autoDraw = False
56.3076 	EXP 	line1: autoDraw = True
56.3076 	EXP 	line2: autoDraw = True
56.3076 	EXP 	line3: autoDraw = True
56.3076 	EXP 	line4: autoDraw = True
57.3087 	INFO 	Keyboard events cleared
57.3085 	EXP 	probe: autoDraw = True
57.7542 	EXP 	Device response: <KeyPress from None: t=57.75180175000423, value=v, duration=None>
57.7551 	EXP 	New trial (rep=5, index=2): <Trial 22 (2 in rep 5) data={'pos': np.int64(50), 'corr_resp': 'c', 'thisN': 22, 'thisTrialN': 2, 'thisRepN': 5}>
57.7599 	EXP 	fixation: autoDraw = False
57.7599 	EXP 	line1: autoDraw = False
57.7599 	EXP 	line2: autoDraw = False
57.7599 	EXP 	line3: autoDraw = False
57.7599 	EXP 	line4: autoDraw = False
57.7599 	EXP 	probe: autoDraw = False
57.7599 	EXP 	fixation: autoDraw = True
57.7639 	DATA 	Keypress: v
57.8871 	EXP 	Device response: <KeyPress from None: t=57.75180175000423, value=v, duration=0.1322604999950272>
58.7526 	EXP 	line1: autoDraw = True
58.7526 	EXP 	line2: autoDraw = True
58.7526 	EXP 	line3: autoDraw = True
58.7526 	EXP 	line4: autoDraw = True
58.7571 	EXP 	fixation: autoDraw = False
59.7529 	INFO 	Keyboard events cleared
59.7527 	EXP 	probe: autoDraw = True
60.1535 	EXP 	Device response: <KeyPress from None: t=60.14864929200121, value=v, duration=None>
60.1541 	EXP 	New trial (rep=5, index=3): <Trial 23 (3 in rep 5) data={'pos': np.int64(-150), 'corr_resp': 'z', 'thisN': 23, 'thisTrialN': 3, 'thisRepN': 5}>
60.1596 	DATA 	Keypress: v
60.1638 	EXP 	fixation: autoDraw = False
60.1638 	EXP 	line1: autoDraw = False
60.1638 	EXP 	line2: autoDraw = False
60.1638 	EXP 	line3: autoDraw = False
60.1638 	EXP 	line4: autoDraw = False
60.1638 	EXP 	probe: autoDraw = False
60.1638 	EXP 	fixation: autoDraw = True
60.2704 	EXP 	Device response: <KeyPress from None: t=60.14864929200121, value=v, duration=0.11239012500300305>
61.1526 	EXP 	line1: autoDraw = True
61.1526 	EXP 	line2: autoDraw = True
61.1526 	EXP 	line3: autoDraw = True
61.1526 	EXP 	line4: autoDraw = True
61.1575 	EXP 	fixation: autoDraw = False
62.1526 	INFO 	Keyboard events cleared
62.1525 	EXP 	probe: autoDraw = True
62.7539 	EXP 	Device response: <KeyPress from None: t=62.74271433299873, value=z, duration=None>
62.7544 	EXP 	New trial (rep=6, index=0): <Trial 24 (0 in rep 6) data={'pos': np.int64(-50), 'corr_resp': 'x', 'thisN': 24, 'thisTrialN': 0, 'thisRepN': 6}>
62.7598 	DATA 	Keypress: z
62.7640 	EXP 	fixation: autoDraw = False
62.7640 	EXP 	line1: autoDraw = False
62.7640 	EXP 	line2: autoDraw = False
62.7640 	EXP 	line3: autoDraw = False
62.7640 	EXP 	line4: autoDraw = False
62.7640 	EXP 	probe: autoDraw = False
62.7640 	EXP 	fixation: autoDraw = True
62.8870 	EXP 	Device response: <KeyPress from None: t=62.74271433299873, value=z, duration=0.13223204200039618>
63.7524 	EXP 	line1: autoDraw = True
63.7524 	EXP 	line2: autoDraw = True
63.7524 	EXP 	line3: autoDraw = True
63.7524 	EXP 	line4: autoDraw = True
63.7567 	EXP 	fixation: autoDraw = False
64.7527 	INFO 	Keyboard events cleared
64.7526 	EXP 	probe: autoDraw = True
65.1538 	EXP 	Device response: <KeyPress from None: t=65.14856058300211, value=x, duration=None>
65.1545 	EXP 	New trial (rep=6, index=1): <Trial 25 (1 in rep 6) data={'pos': np.int64(150), 'corr_resp': 'v', 'thisN': 25, 'thisTrialN': 1, 'thisRepN': 6}>
65.1600 	DATA 	Keypress: x
65.1643 	EXP 	fixation: autoDraw = False
65.1643 	EXP 	line1: autoDraw = False
65.1643 	EXP 	line2: autoDraw = False
65.1643 	EXP 	line3: autoDraw = False
65.1643 	EXP 	line4: autoDraw = False
65.1643 	EXP 	probe: autoDraw = False
65.1643 	EXP 	fixation: autoDraw = True
65.2703 	EXP 	Device response: <KeyPress from None: t=65.14856058300211, value=x, duration=0.12022595899907174>
66.1525 	EXP 	line1: autoDraw = True
66.1525 	EXP 	line2: autoDraw = True
66.1525 	EXP 	line3: autoDraw = True
66.1525 	EXP 	line4: autoDraw = True
66.1574 	EXP 	fixation: autoDraw = False
67.1529 	INFO 	Keyboard events cleared
67.1527 	EXP 	probe: autoDraw = True
67.6537 	EXP 	Device response: <KeyPress from None: t=67.64170433300023, value=v, duration=None>
67.6543 	EXP 	New trial (rep=6, index=2): <Trial 26 (2 in rep 6) data={'pos': np.int64(50), 'corr_resp': 'c', 'thisN': 26, 'thisTrialN': 2, 'thisRepN': 6}>
67.6602 	DATA 	Keypress: v
67.6644 	EXP 	fixation: autoDraw = False
67.6644 	EXP 	line1: autoDraw = False
67.6644 	EXP 	line2: autoDraw = False
67.6644 	EXP 	line3: autoDraw = False
67.6644 	EXP 	line4: autoDraw = False
67.6644 	EXP 	probe: autoDraw = False
67.6644 	EXP 	fixation: autoDraw = True
67.7868 	EXP 	Device response: <KeyPress from None: t=67.64170433300023, value=v, duration=0.13621816700469935>
68.6526 	EXP 	line1: autoDraw = True
68.6526 	EXP 	line2: autoDraw = True
68.6526 	EXP 	line3: autoDraw = True
68.6526 	EXP 	line4: autoDraw = True
68.6576 	EXP 	fixation: autoDraw = False
69.6527 	INFO 	Keyboard events cleared
69.6525 	EXP 	probe: autoDraw = True
70.1253 	EXP 	Device response: <KeyPress from None: t=70.12048595800297, value=c, duration=None>
70.1257 	EXP 	New trial (rep=6, index=3): <Trial 27 (3 in rep 6) data={'pos': np.int64(-150), 'corr_resp': 'z', 'thisN': 27, 'thisTrialN': 3, 'thisRepN': 6}>
70.1308 	DATA 	Keypress: c
70.1352 	EXP 	fixation: autoDraw = False
70.1352 	EXP 	line1: autoDraw = False
70.1352 	EXP 	line2: autoDraw = False
70.1352 	EXP 	line3: autoDraw = False
70.1352 	EXP 	line4: autoDraw = False
70.1352 	EXP 	probe: autoDraw = False
70.1352 	EXP 	fixation: autoDraw = True
70.2414 	EXP 	Device response: <KeyPress from None: t=70.12048595800297, value=c, duration=0.11634941699594492>
71.1240 	EXP 	fixation: autoDraw = False
71.1240 	EXP 	line1: autoDraw = True
71.1240 	EXP 	line2: autoDraw = True
71.1240 	EXP 	line3: autoDraw = True
71.1240 	EXP 	line4: autoDraw = True
72.1252 	INFO 	Keyboard events cleared
72.1250 	EXP 	probe: autoDraw = True
72.6702 	EXP 	Device response: <KeyPress from None: t=72.66839433299901, value=z, duration=None>
72.6708 	EXP 	New trial (rep=7, index=0): <Trial 28 (0 in rep 7) data={'pos': np.int64(-50), 'corr_resp': 'x', 'thisN': 28, 'thisTrialN': 0, 'thisRepN': 7}>
72.6761 	EXP 	fixation: autoDraw = False
72.6761 	EXP 	line1: autoDraw = False
72.6761 	EXP 	line2: autoDraw = False
72.6761 	EXP 	line3: autoDraw = False
72.6761 	EXP 	line4: autoDraw = False
72.6761 	EXP 	probe: autoDraw = False
72.6761 	EXP 	fixation: autoDraw = True
72.6802 	DATA 	Keypress: z
72.8037 	EXP 	Device response: <KeyPress from None: t=72.66839433299901, value=z, duration=0.12844241700076964>
73.6691 	EXP 	line1: autoDraw = True
73.6691 	EXP 	line2: autoDraw = True
73.6691 	EXP 	line3: autoDraw = True
73.6691 	EXP 	line4: autoDraw = True
73.6742 	EXP 	fixation: autoDraw = False
74.6693 	INFO 	Keyboard events cleared
74.6692 	EXP 	probe: autoDraw = True
75.0426 	EXP 	Device response: <KeyPress from None: t=75.03639216699958, value=x, duration=None>
75.0430 	EXP 	New trial (rep=7, index=1): <Trial 29 (1 in rep 7) data={'pos': np.int64(150), 'corr_resp': 'v', 'thisN': 29, 'thisTrialN': 1, 'thisRepN': 7}>
75.0486 	DATA 	Keypress: x
75.0700 	WARNING 	t of last frame was 28.46ms (=1/35)
75.0700 	EXP 	fixation: autoDraw = False
75.0700 	EXP 	line1: autoDraw = False
75.0700 	EXP 	line2: autoDraw = False
75.0700 	EXP 	line3: autoDraw = False
75.0700 	EXP 	line4: autoDraw = False
75.0700 	EXP 	probe: autoDraw = False
75.0700 	EXP 	fixation: autoDraw = True
75.1706 	EXP 	Device response: <KeyPress from None: t=75.03639216699958, value=x, duration=0.12432458300463622>
76.0409 	EXP 	line1: autoDraw = True
76.0409 	EXP 	line2: autoDraw = True
76.0409 	EXP 	line3: autoDraw = True
76.0409 	EXP 	line4: autoDraw = True
76.0575 	EXP 	fixation: autoDraw = False
77.0436 	INFO 	Keyboard events cleared
77.0434 	EXP 	probe: autoDraw = True
77.5041 	EXP 	Device response: <KeyPress from None: t=77.49431516700133, value=v, duration=None>
77.5050 	EXP 	New trial (rep=7, index=2): <Trial 30 (2 in rep 7) data={'pos': np.int64(50), 'corr_resp': 'c', 'thisN': 30, 'thisTrialN': 2, 'thisRepN': 7}>
77.5109 	DATA 	Keypress: v
77.5151 	EXP 	fixation: autoDraw = False
77.5151 	EXP 	line1: autoDraw = False
77.5151 	EXP 	line2: autoDraw = False
77.5151 	EXP 	line3: autoDraw = False
77.5151 	EXP 	line4: autoDraw = False
77.5151 	EXP 	probe: autoDraw = False
77.5151 	EXP 	fixation: autoDraw = True
77.6081 	EXP 	Device response: <KeyPress from None: t=77.49431516700133, value=v, duration=0.10830470800283365>
78.5024 	EXP 	line1: autoDraw = True
78.5024 	EXP 	line2: autoDraw = True
78.5024 	EXP 	line3: autoDraw = True
78.5024 	EXP 	line4: autoDraw = True
78.5065 	EXP 	fixation: autoDraw = False
79.5024 	INFO 	Keyboard events cleared
79.5023 	EXP 	probe: autoDraw = True
79.9420 	EXP 	Device response: <KeyPress from None: t=79.93817750000017, value=c, duration=None>
79.9424 	EXP 	New trial (rep=7, index=3): <Trial 31 (3 in rep 7) data={'pos': np.int64(-150), 'corr_resp': 'z', 'thisN': 31, 'thisTrialN': 3, 'thisRepN': 7}>
79.9479 	DATA 	Keypress: c
79.9523 	EXP 	fixation: autoDraw = False
79.9523 	EXP 	line1: autoDraw = False
79.9523 	EXP 	line2: autoDraw = False
79.9523 	EXP 	line3: autoDraw = False
79.9523 	EXP 	line4: autoDraw = False
79.9523 	EXP 	probe: autoDraw = False
79.9523 	EXP 	fixation: autoDraw = True
80.0871 	EXP 	Device response: <KeyPress from None: t=79.93817750000017, value=c, duration=0.13625466699886601>
80.9414 	EXP 	fixation: autoDraw = False
80.9414 	EXP 	line1: autoDraw = True
80.9414 	EXP 	line2: autoDraw = True
80.9414 	EXP 	line3: autoDraw = True
80.9414 	EXP 	line4: autoDraw = True
81.9418 	INFO 	Keyboard events cleared
81.9416 	EXP 	probe: autoDraw = True
82.4203 	EXP 	Device response: <KeyPress from None: t=82.4184714580042, value=z, duration=None>
82.4209 	EXP 	New trial (rep=8, index=0): <Trial 32 (0 in rep 8) data={'pos': np.int64(-50), 'corr_resp': 'x', 'thisN': 32, 'thisTrialN': 0, 'thisRepN': 8}>
82.4262 	EXP 	fixation: autoDraw = False
82.4262 	EXP 	line1: autoDraw = False
82.4262 	EXP 	line2: autoDraw = False
82.4262 	EXP 	line3: autoDraw = False
82.4262 	EXP 	line4: autoDraw = False
82.4262 	EXP 	probe: autoDraw = False
82.4262 	EXP 	fixation: autoDraw = True
82.4301 	DATA 	Keypress: z
82.5705 	EXP 	Device response: <KeyPress from None: t=82.4184714580042, value=z, duration=0.13996791699901223>
83.4189 	EXP 	line1: autoDraw = True
83.4189 	EXP 	line2: autoDraw = True
83.4189 	EXP 	line3: autoDraw = True
83.4189 	EXP 	line4: autoDraw = True
83.4232 	EXP 	fixation: autoDraw = False
84.4192 	INFO 	Keyboard events cleared
84.4190 	EXP 	probe: autoDraw = True
85.0201 	EXP 	Device response: <KeyPress from None: t=85.01429429199925, value=x, duration=None>
85.0207 	EXP 	New trial (rep=8, index=1): <Trial 33 (1 in rep 8) data={'pos': np.int64(150), 'corr_resp': 'v', 'thisN': 33, 'thisTrialN': 1, 'thisRepN': 8}>
85.0263 	DATA 	Keypress: x
85.0308 	EXP 	fixation: autoDraw = False
85.0308 	EXP 	line1: autoDraw = False
85.0308 	EXP 	line2: autoDraw = False
85.0308 	EXP 	line3: autoDraw = False
85.0308 	EXP 	line4: autoDraw = False
85.0308 	EXP 	probe: autoDraw = False
85.0308 	EXP 	fixation: autoDraw = True
85.1703 	EXP 	Device response: <KeyPress from None: t=85.01429429199925, value=x, duration=0.1482724160014186>
86.0190 	EXP 	line1: autoDraw = True
86.0190 	EXP 	line2: autoDraw = True
86.0190 	EXP 	line3: autoDraw = True
86.0190 	EXP 	line4: autoDraw = True
86.0234 	EXP 	fixation: autoDraw = False
87.0192 	INFO 	Keyboard events cleared
87.0191 	EXP 	probe: autoDraw = True
87.4035 	EXP 	Device response: <KeyPress from None: t=87.39506620800239, value=v, duration=None>
87.4043 	EXP 	New trial (rep=8, index=2): <Trial 34 (2 in rep 8) data={'pos': np.int64(50), 'corr_resp': 'c', 'thisN': 34, 'thisTrialN': 2, 'thisRepN': 8}>
87.4098 	DATA 	Keypress: v
87.4140 	EXP 	fixation: autoDraw = False
87.4140 	EXP 	line1: autoDraw = False
87.4140 	EXP 	line2: autoDraw = False
87.4140 	EXP 	line3: autoDraw = False
87.4140 	EXP 	line4: autoDraw = False
87.4140 	EXP 	probe: autoDraw = False
87.4140 	EXP 	fixation: autoDraw = True
87.4700 	EXP 	Device response: <KeyPress from None: t=87.39506620800239, value=v, duration=0.07228308400226524>
87.5082 	EXP 	Device response: <KeyPress from None: t=87.50606566700299, value=v, duration=None>
87.5129 	DATA 	Keypress: v
87.5570 	EXP 	Device response: <KeyPress from None: t=87.50606566700299, value=v, duration=0.04826725000020815>
88.4024 	EXP 	line1: autoDraw = True
88.4024 	EXP 	line2: autoDraw = True
88.4024 	EXP 	line3: autoDraw = True
88.4024 	EXP 	line4: autoDraw = True
88.4069 	EXP 	fixation: autoDraw = False
89.4026 	INFO 	Keyboard events cleared
89.4025 	EXP 	probe: autoDraw = True
89.8037 	EXP 	Device response: <KeyPress from None: t=89.79506141700404, value=c, duration=None>
89.8043 	EXP 	New trial (rep=8, index=3): <Trial 35 (3 in rep 8) data={'pos': np.int64(-150), 'corr_resp': 'z', 'thisN': 35, 'thisTrialN': 3, 'thisRepN': 8}>
89.8103 	DATA 	Keypress: c
89.8145 	EXP 	fixation: autoDraw = False
89.8145 	EXP 	line1: autoDraw = False
89.8145 	EXP 	line2: autoDraw = False
89.8145 	EXP 	line3: autoDraw = False
89.8145 	EXP 	line4: autoDraw = False
89.8145 	EXP 	probe: autoDraw = False
89.8145 	EXP 	fixation: autoDraw = True
89.9038 	EXP 	Device response: <KeyPress from None: t=89.79506141700404, value=c, duration=0.10422245799418306>
90.8024 	EXP 	line1: autoDraw = True
90.8024 	EXP 	line2: autoDraw = True
90.8024 	EXP 	line3: autoDraw = True
90.8024 	EXP 	line4: autoDraw = True
90.8073 	EXP 	fixation: autoDraw = False
91.8025 	INFO 	Keyboard events cleared
91.8023 	EXP 	probe: autoDraw = True
92.2037 	EXP 	Device response: <KeyPress from None: t=92.20198487499874, value=z, duration=None>
92.2046 	EXP 	New trial (rep=9, index=0): <Trial 36 (0 in rep 9) data={'pos': np.int64(-50), 'corr_resp': 'x', 'thisN': 36, 'thisTrialN': 0, 'thisRepN': 9}>
92.2093 	EXP 	fixation: autoDraw = False
92.2093 	EXP 	line1: autoDraw = False
92.2093 	EXP 	line2: autoDraw = False
92.2093 	EXP 	line3: autoDraw = False
92.2093 	EXP 	line4: autoDraw = False
92.2093 	EXP 	probe: autoDraw = False
92.2093 	EXP 	fixation: autoDraw = True
92.2133 	DATA 	Keypress: z
92.3533 	EXP 	Device response: <KeyPress from None: t=92.20198487499874, value=z, duration=0.14020075000007637>
93.2024 	EXP 	line1: autoDraw = True
93.2024 	EXP 	line2: autoDraw = True
93.2024 	EXP 	line3: autoDraw = True
93.2024 	EXP 	line4: autoDraw = True
93.2072 	EXP 	fixation: autoDraw = False
94.2025 	INFO 	Keyboard events cleared
94.2023 	EXP 	probe: autoDraw = True
94.6869 	EXP 	Device response: <KeyPress from None: t=94.67594150000514, value=x, duration=None>
94.6875 	EXP 	New trial (rep=9, index=1): <Trial 37 (1 in rep 9) data={'pos': np.int64(150), 'corr_resp': 'v', 'thisN': 37, 'thisTrialN': 1, 'thisRepN': 9}>
94.6931 	DATA 	Keypress: x
94.6973 	EXP 	fixation: autoDraw = False
94.6973 	EXP 	line1: autoDraw = False
94.6973 	EXP 	line2: autoDraw = False
94.6973 	EXP 	line3: autoDraw = False
94.6973 	EXP 	line4: autoDraw = False
94.6973 	EXP 	probe: autoDraw = False
94.6973 	EXP 	fixation: autoDraw = True
94.8034 	EXP 	Device response: <KeyPress from None: t=94.67594150000514, value=x, duration=0.12041537499317201>
95.6855 	EXP 	line1: autoDraw = True
95.6855 	EXP 	line2: autoDraw = True
95.6855 	EXP 	line3: autoDraw = True
95.6855 	EXP 	line4: autoDraw = True
95.6897 	EXP 	fixation: autoDraw = False
96.6858 	INFO 	Keyboard events cleared
96.6857 	EXP 	probe: autoDraw = True
97.0910 	EXP 	Device response: <KeyPress from None: t=97.08684062500106, value=v, duration=None>
97.0914 	EXP 	New trial (rep=9, index=2): <Trial 38 (2 in rep 9) data={'pos': np.int64(50), 'corr_resp': 'c', 'thisN': 38, 'thisTrialN': 2, 'thisRepN': 9}>
97.0968 	DATA 	Keypress: v
97.1014 	EXP 	fixation: autoDraw = False
97.1014 	EXP 	line1: autoDraw = False
97.1014 	EXP 	line2: autoDraw = False
97.1014 	EXP 	line3: autoDraw = False
97.1014 	EXP 	line4: autoDraw = False
97.1014 	EXP 	probe: autoDraw = False
97.1014 	EXP 	fixation: autoDraw = True
97.2075 	EXP 	Device response: <KeyPress from None: t=97.08684062500106, value=v, duration=0.11631387499801349>
98.0905 	EXP 	fixation: autoDraw = False
98.0905 	EXP 	line1: autoDraw = True
98.0905 	EXP 	line2: autoDraw = True
98.0905 	EXP 	line3: autoDraw = True
98.0905 	EXP 	line4: autoDraw = True
99.0856 	INFO 	Keyboard events cleared
99.0855 	EXP 	probe: autoDraw = True
99.7036 	EXP 	Device response: <KeyPress from None: t=99.69982058300229, value=c, duration=None>
99.7042 	EXP 	New trial (rep=9, index=3): <Trial 39 (3 in rep 9) data={'pos': np.int64(-150), 'corr_resp': 'z', 'thisN': 39, 'thisTrialN': 3, 'thisRepN': 9}>
99.7093 	EXP 	fixation: autoDraw = False
99.7093 	EXP 	line1: autoDraw = False
99.7093 	EXP 	line2: autoDraw = False
99.7093 	EXP 	line3: autoDraw = False
99.7093 	EXP 	line4: autoDraw = False
99.7093 	EXP 	probe: autoDraw = False
99.7093 	EXP 	fixation: autoDraw = True
99.7132 	DATA 	Keypress: c
99.8078 	EXP 	Device response: <KeyPress from None: t=99.69982058300229, value=c, duration=0.10431454199715517>
100.7022 	EXP 	line1: autoDraw = True
100.7022 	EXP 	line2: autoDraw = True
100.7022 	EXP 	line3: autoDraw = True
100.7022 	EXP 	line4: autoDraw = True
100.7063 	EXP 	fixation: autoDraw = False
101.7023 	INFO 	Keyboard events cleared
101.7021 	EXP 	probe: autoDraw = True
101.9703 	EXP 	Device response: <KeyPress from None: t=101.96573341700423, value=z, duration=None>
101.9709 	EXP 	New trial (rep=10, index=0): <Trial 40 (0 in rep 10) data={'pos': np.int64(-50), 'corr_resp': 'x', 'thisN': 40, 'thisTrialN': 0, 'thisRepN': 10}>
101.9759 	EXP 	fixation: autoDraw = False
101.9759 	EXP 	line1: autoDraw = False
101.9759 	EXP 	line2: autoDraw = False
101.9759 	EXP 	line3: autoDraw = False
101.9759 	EXP 	line4: autoDraw = False
101.9759 	EXP 	probe: autoDraw = False
101.9759 	EXP 	fixation: autoDraw = True
101.9799 	DATA 	Keypress: z
102.0909 	EXP 	Device response: <KeyPress from None: t=101.96573341700423, value=z, duration=0.12033133299701149>
102.9689 	EXP 	line1: autoDraw = True
102.9689 	EXP 	line2: autoDraw = True
102.9689 	EXP 	line3: autoDraw = True
102.9689 	EXP 	line4: autoDraw = True
102.9734 	EXP 	fixation: autoDraw = False
103.9691 	INFO 	Keyboard events cleared
103.9689 	EXP 	probe: autoDraw = True
104.5534 	EXP 	Device response: <KeyPress from None: t=104.54478029200254, value=x, duration=None>
104.5540 	EXP 	New trial (rep=10, index=1): <Trial 41 (1 in rep 10) data={'pos': np.int64(150), 'corr_resp': 'v', 'thisN': 41, 'thisTrialN': 1, 'thisRepN': 10}>
104.5598 	DATA 	Keypress: x
104.5639 	EXP 	fixation: autoDraw = False
104.5639 	EXP 	line1: autoDraw = False
104.5639 	EXP 	line2: autoDraw = False
104.5639 	EXP 	line3: autoDraw = False
104.5639 	EXP 	line4: autoDraw = False
104.5639 	EXP 	probe: autoDraw = False
104.5639 	EXP 	fixation: autoDraw = True
104.6369 	EXP 	Device response: <KeyPress from None: t=104.54478029200254, value=x, duration=0.08827520799968624>
105.5521 	EXP 	line1: autoDraw = True
105.5521 	EXP 	line2: autoDraw = True
105.5521 	EXP 	line3: autoDraw = True
105.5521 	EXP 	line4: autoDraw = True
105.5576 	EXP 	fixation: autoDraw = False
106.5524 	INFO 	Keyboard events cleared
106.5522 	EXP 	probe: autoDraw = True
106.8587 	EXP 	Device response: <KeyPress from None: t=106.85674266700516, value=v, duration=None>
106.8591 	EXP 	New trial (rep=10, index=2): <Trial 42 (2 in rep 10) data={'pos': np.int64(50), 'corr_resp': 'c', 'thisN': 42, 'thisTrialN': 2, 'thisRepN': 10}>
106.8644 	DATA 	Keypress: v
106.8687 	EXP 	fixation: autoDraw = False
106.8687 	EXP 	line1: autoDraw = False
106.8687 	EXP 	line2: autoDraw = False
106.8687 	EXP 	line3: autoDraw = False
106.8687 	EXP 	line4: autoDraw = False
106.8687 	EXP 	probe: autoDraw = False
106.8687 	EXP 	fixation: autoDraw = True
106.9700 	EXP 	Device response: <KeyPress from None: t=106.85674266700516, value=v, duration=0.11208479099877877>
107.8572 	EXP 	fixation: autoDraw = False
107.8572 	EXP 	line1: autoDraw = True
107.8572 	EXP 	line2: autoDraw = True
107.8572 	EXP 	line3: autoDraw = True
107.8572 	EXP 	line4: autoDraw = True
108.8577 	INFO 	Keyboard events cleared
108.8576 	EXP 	probe: autoDraw = True
109.1701 	EXP 	Device response: <KeyPress from None: t=109.16755762499815, value=c, duration=None>
109.1707 	EXP 	New trial (rep=10, index=3): <Trial 43 (3 in rep 10) data={'pos': np.int64(-150), 'corr_resp': 'z', 'thisN': 43, 'thisTrialN': 3, 'thisRepN': 10}>
109.1758 	EXP 	fixation: autoDraw = False
109.1758 	EXP 	line1: autoDraw = False
109.1758 	EXP 	line2: autoDraw = False
109.1758 	EXP 	line3: autoDraw = False
109.1758 	EXP 	line4: autoDraw = False
109.1758 	EXP 	probe: autoDraw = False
109.1758 	EXP 	fixation: autoDraw = True
109.1796 	DATA 	Keypress: c
109.3247 	EXP 	Device response: <KeyPress from None: t=109.16755762499815, value=c, duration=0.15229016700322973>
110.1688 	EXP 	line1: autoDraw = True
110.1688 	EXP 	line2: autoDraw = True
110.1688 	EXP 	line3: autoDraw = True
110.1688 	EXP 	line4: autoDraw = True
110.1732 	EXP 	fixation: autoDraw = False
111.1690 	INFO 	Keyboard events cleared
111.1689 	EXP 	probe: autoDraw = True
111.7035 	EXP 	Device response: <KeyPress from None: t=111.69562554200093, value=z, duration=None>
111.7042 	EXP 	New trial (rep=11, index=0): <Trial 44 (0 in rep 11) data={'pos': np.int64(-50), 'corr_resp': 'x', 'thisN': 44, 'thisTrialN': 0, 'thisRepN': 11}>
111.7100 	DATA 	Keypress: z
111.7142 	EXP 	fixation: autoDraw = False
111.7142 	EXP 	line1: autoDraw = False
111.7142 	EXP 	line2: autoDraw = False
111.7142 	EXP 	line3: autoDraw = False
111.7142 	EXP 	line4: autoDraw = False
111.7142 	EXP 	probe: autoDraw = False
111.7142 	EXP 	fixation: autoDraw = True
111.8374 	EXP 	Device response: <KeyPress from None: t=111.69562554200093, value=z, duration=0.13222679099999368>
112.7021 	EXP 	line1: autoDraw = True
112.7021 	EXP 	line2: autoDraw = True
112.7021 	EXP 	line3: autoDraw = True
112.7021 	EXP 	line4: autoDraw = True
112.7063 	EXP 	fixation: autoDraw = False
113.7022 	INFO 	Keyboard events cleared
113.7021 	EXP 	probe: autoDraw = True
114.0034 	EXP 	Device response: <KeyPress from None: t=113.99655129200255, value=x, duration=None>
114.0040 	EXP 	New trial (rep=11, index=1): <Trial 45 (1 in rep 11) data={'pos': np.int64(150), 'corr_resp': 'v', 'thisN': 45, 'thisTrialN': 1, 'thisRepN': 11}>
114.0096 	DATA 	Keypress: x
114.0139 	EXP 	fixation: autoDraw = False
114.0139 	EXP 	line1: autoDraw = False
114.0139 	EXP 	line2: autoDraw = False
114.0139 	EXP 	line3: autoDraw = False
114.0139 	EXP 	line4: autoDraw = False
114.0139 	EXP 	probe: autoDraw = False
114.0139 	EXP 	fixation: autoDraw = True
114.1241 	EXP 	Device response: <KeyPress from None: t=113.99655129200255, value=x, duration=0.12425475000054576>
115.0020 	EXP 	line1: autoDraw = True
115.0020 	EXP 	line2: autoDraw = True
115.0020 	EXP 	line3: autoDraw = True
115.0020 	EXP 	line4: autoDraw = True
115.0069 	EXP 	fixation: autoDraw = False
116.0023 	INFO 	Keyboard events cleared
116.0021 	EXP 	probe: autoDraw = True
116.2701 	EXP 	Device response: <KeyPress from None: t=116.26248745799967, value=v, duration=None>
116.2707 	EXP 	New trial (rep=11, index=2): <Trial 46 (2 in rep 11) data={'pos': np.int64(50), 'corr_resp': 'c', 'thisN': 46, 'thisTrialN': 2, 'thisRepN': 11}>
116.2764 	DATA 	Keypress: v
116.2806 	EXP 	fixation: autoDraw = False
116.2806 	EXP 	line1: autoDraw = False
116.2806 	EXP 	line2: autoDraw = False
116.2806 	EXP 	line3: autoDraw = False
116.2806 	EXP 	line4: autoDraw = False
116.2806 	EXP 	probe: autoDraw = False
116.2806 	EXP 	fixation: autoDraw = True
116.4032 	EXP 	Device response: <KeyPress from None: t=116.26248745799967, value=v, duration=0.13232416700338945>
117.2687 	EXP 	line1: autoDraw = True
117.2687 	EXP 	line2: autoDraw = True
117.2687 	EXP 	line3: autoDraw = True
117.2687 	EXP 	line4: autoDraw = True
117.2735 	EXP 	fixation: autoDraw = False
118.2687 	INFO 	Keyboard events cleared
118.2686 	EXP 	probe: autoDraw = True
118.5416 	EXP 	Device response: <KeyPress from None: t=118.5382550830036, value=c, duration=None>
118.5420 	EXP 	New trial (rep=11, index=3): <Trial 47 (3 in rep 11) data={'pos': np.int64(-150), 'corr_resp': 'z', 'thisN': 47, 'thisTrialN': 3, 'thisRepN': 11}>
118.5475 	DATA 	Keypress: c
118.5516 	EXP 	fixation: autoDraw = False
118.5516 	EXP 	line1: autoDraw = False
118.5516 	EXP 	line2: autoDraw = False
118.5516 	EXP 	line3: autoDraw = False
118.5516 	EXP 	line4: autoDraw = False
118.5516 	EXP 	probe: autoDraw = False
118.5516 	EXP 	fixation: autoDraw = True
118.6366 	EXP 	Device response: <KeyPress from None: t=118.5382550830036, value=c, duration=0.09245741699851351>
119.5402 	EXP 	fixation: autoDraw = False
119.5402 	EXP 	line1: autoDraw = True
119.5402 	EXP 	line2: autoDraw = True
119.5402 	EXP 	line3: autoDraw = True
119.5402 	EXP 	line4: autoDraw = True
120.5413 	INFO 	Keyboard events cleared
120.5411 	EXP 	probe: autoDraw = True
120.8918 	EXP 	Device response: <KeyPress from None: t=120.88824733300135, value=z, duration=None>
120.8922 	EXP 	New trial (rep=12, index=0): <Trial 48 (0 in rep 12) data={'pos': np.int64(-50), 'corr_resp': 'x', 'thisN': 48, 'thisTrialN': 0, 'thisRepN': 12}>
120.8987 	DATA 	Keypress: z
120.9054 	EXP 	fixation: autoDraw = False
120.9054 	EXP 	line1: autoDraw = False
120.9054 	EXP 	line2: autoDraw = False
120.9054 	EXP 	line3: autoDraw = False
120.9054 	EXP 	line4: autoDraw = False
120.9054 	EXP 	probe: autoDraw = False
120.9054 	EXP 	fixation: autoDraw = True
121.0865 	EXP 	Device response: <KeyPress from None: t=120.88824733300135, value=z, duration=0.18839191699953517>
121.8905 	EXP 	line1: autoDraw = True
121.8905 	EXP 	line2: autoDraw = True
121.8905 	EXP 	line3: autoDraw = True
121.8905 	EXP 	line4: autoDraw = True
121.9020 	EXP 	fixation: autoDraw = False
122.8921 	INFO 	Keyboard events cleared
122.8919 	EXP 	probe: autoDraw = True
123.1702 	EXP 	Device response: <KeyPress from None: t=123.1643158750012, value=x, duration=None>
123.1709 	EXP 	New trial (rep=12, index=1): <Trial 49 (1 in rep 12) data={'pos': np.int64(150), 'corr_resp': 'v', 'thisN': 49, 'thisTrialN': 1, 'thisRepN': 12}>
123.1768 	DATA 	Keypress: x
123.1809 	EXP 	fixation: autoDraw = False
123.1809 	EXP 	line1: autoDraw = False
123.1809 	EXP 	line2: autoDraw = False
123.1809 	EXP 	line3: autoDraw = False
123.1809 	EXP 	line4: autoDraw = False
123.1809 	EXP 	probe: autoDraw = False
123.1809 	EXP 	fixation: autoDraw = True
123.2742 	EXP 	Device response: <KeyPress from None: t=123.1643158750012, value=x, duration=0.10831299999699695>
124.1687 	EXP 	line1: autoDraw = True
124.1687 	EXP 	line2: autoDraw = True
124.1687 	EXP 	line3: autoDraw = True
124.1687 	EXP 	line4: autoDraw = True
124.1735 	EXP 	fixation: autoDraw = False
125.1687 	INFO 	Keyboard events cleared
125.1685 	EXP 	probe: autoDraw = True
125.4533 	EXP 	Device response: <KeyPress from None: t=125.44323387500481, value=v, duration=None>
125.4540 	EXP 	New trial (rep=12, index=2): <Trial 50 (2 in rep 12) data={'pos': np.int64(50), 'corr_resp': 'c', 'thisN': 50, 'thisTrialN': 2, 'thisRepN': 12}>
125.4606 	DATA 	Keypress: v
125.4647 	EXP 	fixation: autoDraw = False
125.4647 	EXP 	line1: autoDraw = False
125.4647 	EXP 	line2: autoDraw = False
125.4647 	EXP 	line3: autoDraw = False
125.4647 	EXP 	line4: autoDraw = False
125.4647 	EXP 	probe: autoDraw = False
125.4647 	EXP 	fixation: autoDraw = True
125.5531 	EXP 	Device response: <KeyPress from None: t=125.44323387500481, value=v, duration=0.1003418749969569>
126.4519 	EXP 	line1: autoDraw = True
126.4519 	EXP 	line2: autoDraw = True
126.4519 	EXP 	line3: autoDraw = True
126.4519 	EXP 	line4: autoDraw = True
126.4562 	EXP 	fixation: autoDraw = False
127.4520 	INFO 	Keyboard events cleared
127.4519 	EXP 	probe: autoDraw = True
127.7910 	EXP 	Device response: <KeyPress from None: t=127.78896937500394, value=c, duration=None>
127.7914 	EXP 	New trial (rep=12, index=3): <Trial 51 (3 in rep 12) data={'pos': np.int64(-150), 'corr_resp': 'z', 'thisN': 51, 'thisTrialN': 3, 'thisRepN': 12}>
127.7967 	DATA 	Keypress: c
127.8011 	EXP 	fixation: autoDraw = False
127.8011 	EXP 	line1: autoDraw = False
127.8011 	EXP 	line2: autoDraw = False
127.8011 	EXP 	line3: autoDraw = False
127.8011 	EXP 	line4: autoDraw = False
127.8011 	EXP 	probe: autoDraw = False
127.8011 	EXP 	fixation: autoDraw = True
127.9529 	EXP 	Device response: <KeyPress from None: t=127.78896937500394, value=c, duration=0.15547462499671383>
128.7901 	EXP 	fixation: autoDraw = False
128.7901 	EXP 	line1: autoDraw = True
128.7901 	EXP 	line2: autoDraw = True
128.7901 	EXP 	line3: autoDraw = True
128.7901 	EXP 	line4: autoDraw = True
129.7912 	INFO 	Keyboard events cleared
129.7910 	EXP 	probe: autoDraw = True
130.1081 	EXP 	Device response: <KeyPress from None: t=130.10611787500238, value=z, duration=None>
130.1085 	EXP 	New trial (rep=13, index=0): <Trial 52 (0 in rep 13) data={'pos': np.int64(-50), 'corr_resp': 'x', 'thisN': 52, 'thisTrialN': 0, 'thisRepN': 13}>
130.1137 	DATA 	Keypress: z
130.1178 	EXP 	fixation: autoDraw = False
130.1178 	EXP 	line1: autoDraw = False
130.1178 	EXP 	line2: autoDraw = False
130.1178 	EXP 	line3: autoDraw = False
130.1178 	EXP 	line4: autoDraw = False
130.1178 	EXP 	probe: autoDraw = False
130.1178 	EXP 	fixation: autoDraw = True
130.3241 	EXP 	Device response: <KeyPress from None: t=130.10611787500238, value=z, duration=0.216340749997471>
131.1068 	EXP 	fixation: autoDraw = False
131.1068 	EXP 	line1: autoDraw = True
131.1068 	EXP 	line2: autoDraw = True
131.1068 	EXP 	line3: autoDraw = True
131.1068 	EXP 	line4: autoDraw = True
132.1085 	INFO 	Keyboard events cleared
132.1083 	EXP 	probe: autoDraw = True
132.4081 	EXP 	Device response: <KeyPress from None: t=132.40701558300498, value=x, duration=None>
132.4085 	EXP 	New trial (rep=13, index=1): <Trial 53 (1 in rep 13) data={'pos': np.int64(150), 'corr_resp': 'v', 'thisN': 53, 'thisTrialN': 1, 'thisRepN': 13}>
132.4138 	DATA 	Keypress: x
132.4180 	EXP 	fixation: autoDraw = False
132.4180 	EXP 	line1: autoDraw = False
132.4180 	EXP 	line2: autoDraw = False
132.4180 	EXP 	line3: autoDraw = False
132.4180 	EXP 	line4: autoDraw = False
132.4180 	EXP 	probe: autoDraw = False
132.4180 	EXP 	fixation: autoDraw = True
132.5031 	EXP 	Device response: <KeyPress from None: t=132.40701558300498, value=x, duration=0.0844509999951697>
133.4073 	EXP 	fixation: autoDraw = False
133.4073 	EXP 	line1: autoDraw = True
133.4073 	EXP 	line2: autoDraw = True
133.4073 	EXP 	line3: autoDraw = True
133.4073 	EXP 	line4: autoDraw = True
134.4083 	INFO 	Keyboard events cleared
134.4081 	EXP 	probe: autoDraw = True
134.7196 	EXP 	Device response: <KeyPress from None: t=134.71607095799845, value=v, duration=None>
134.7201 	EXP 	New trial (rep=13, index=2): <Trial 54 (2 in rep 13) data={'pos': np.int64(50), 'corr_resp': 'c', 'thisN': 54, 'thisTrialN': 2, 'thisRepN': 13}>
134.7251 	EXP 	fixation: autoDraw = False
134.7251 	EXP 	line1: autoDraw = False
134.7251 	EXP 	line2: autoDraw = False
134.7251 	EXP 	line3: autoDraw = False
134.7251 	EXP 	line4: autoDraw = False
134.7251 	EXP 	probe: autoDraw = False
134.7251 	EXP 	fixation: autoDraw = True
134.7290 	DATA 	Keypress: v
134.8031 	EXP 	Device response: <KeyPress from None: t=134.71607095799845, value=v, duration=0.08427141700667562>
135.7185 	EXP 	line1: autoDraw = True
135.7185 	EXP 	line2: autoDraw = True
135.7185 	EXP 	line3: autoDraw = True
135.7185 	EXP 	line4: autoDraw = True
135.7236 	EXP 	fixation: autoDraw = False
136.7188 	INFO 	Keyboard events cleared
136.7186 	EXP 	probe: autoDraw = True
137.0031 	EXP 	Device response: <KeyPress from None: t=136.99611804199958, value=c, duration=None>
137.0038 	EXP 	New trial (rep=13, index=3): <Trial 55 (3 in rep 13) data={'pos': np.int64(-150), 'corr_resp': 'z', 'thisN': 55, 'thisTrialN': 3, 'thisRepN': 13}>
137.0092 	DATA 	Keypress: c
137.0133 	EXP 	fixation: autoDraw = False
137.0133 	EXP 	line1: autoDraw = False
137.0133 	EXP 	line2: autoDraw = False
137.0133 	EXP 	line3: autoDraw = False
137.0133 	EXP 	line4: autoDraw = False
137.0133 	EXP 	probe: autoDraw = False
137.0133 	EXP 	fixation: autoDraw = True
137.0695 	EXP 	Device response: <KeyPress from None: t=136.99611804199958, value=c, duration=0.07207404100336134>
138.0018 	EXP 	line1: autoDraw = True
138.0018 	EXP 	line2: autoDraw = True
138.0018 	EXP 	line3: autoDraw = True
138.0018 	EXP 	line4: autoDraw = True
138.0068 	EXP 	fixation: autoDraw = False
139.0020 	INFO 	Keyboard events cleared
139.0018 	EXP 	probe: autoDraw = True
139.3032 	EXP 	Device response: <KeyPress from None: t=139.29295045800245, value=z, duration=None>
139.3040 	EXP 	New trial (rep=14, index=0): <Trial 56 (0 in rep 14) data={'pos': np.int64(-50), 'corr_resp': 'x', 'thisN': 56, 'thisTrialN': 0, 'thisRepN': 14}>
139.3102 	DATA 	Keypress: z
139.3144 	EXP 	fixation: autoDraw = False
139.3144 	EXP 	line1: autoDraw = False
139.3144 	EXP 	line2: autoDraw = False
139.3144 	EXP 	line3: autoDraw = False
139.3144 	EXP 	line4: autoDraw = False
139.3144 	EXP 	probe: autoDraw = False
139.3144 	EXP 	fixation: autoDraw = True
139.4245 	EXP 	Device response: <KeyPress from None: t=139.29295045800245, value=z, duration=0.12827745899994625>
140.3019 	EXP 	line1: autoDraw = True
140.3019 	EXP 	line2: autoDraw = True
140.3019 	EXP 	line3: autoDraw = True
140.3019 	EXP 	line4: autoDraw = True
140.3070 	EXP 	fixation: autoDraw = False
141.3019 	INFO 	Keyboard events cleared
141.3018 	EXP 	probe: autoDraw = True
141.6032 	EXP 	Device response: <KeyPress from None: t=141.5918587499982, value=x, duration=None>
141.6037 	EXP 	New trial (rep=14, index=1): <Trial 57 (1 in rep 14) data={'pos': np.int64(150), 'corr_resp': 'v', 'thisN': 57, 'thisTrialN': 1, 'thisRepN': 14}>
141.6096 	DATA 	Keypress: x
141.6141 	EXP 	fixation: autoDraw = False
141.6141 	EXP 	line1: autoDraw = False
141.6141 	EXP 	line2: autoDraw = False
141.6141 	EXP 	line3: autoDraw = False
141.6141 	EXP 	line4: autoDraw = False
141.6141 	EXP 	probe: autoDraw = False
141.6141 	EXP 	fixation: autoDraw = True
141.6702 	EXP 	Device response: <KeyPress from None: t=141.5918587499982, value=x, duration=0.07628020800621016>
142.6020 	EXP 	line1: autoDraw = True
142.6020 	EXP 	line2: autoDraw = True
142.6020 	EXP 	line3: autoDraw = True
142.6020 	EXP 	line4: autoDraw = True
142.6077 	EXP 	fixation: autoDraw = False
143.6027 	INFO 	Keyboard events cleared
143.6025 	EXP 	probe: autoDraw = True
144.0698 	EXP 	Device response: <KeyPress from None: t=144.06868387500435, value=v, duration=None>
144.0703 	EXP 	New trial (rep=14, index=2): <Trial 58 (2 in rep 14) data={'pos': np.int64(50), 'corr_resp': 'c', 'thisN': 58, 'thisTrialN': 2, 'thisRepN': 14}>
144.0758 	DATA 	Keypress: v
144.0801 	EXP 	fixation: autoDraw = False
144.0801 	EXP 	line1: autoDraw = False
144.0801 	EXP 	line2: autoDraw = False
144.0801 	EXP 	line3: autoDraw = False
144.0801 	EXP 	line4: autoDraw = False
144.0801 	EXP 	probe: autoDraw = False
144.0801 	EXP 	fixation: autoDraw = True
144.2197 	EXP 	Device response: <KeyPress from None: t=144.06868387500435, value=v, duration=0.14849179199518403>
145.0685 	EXP 	line1: autoDraw = True
145.0685 	EXP 	line2: autoDraw = True
145.0685 	EXP 	line3: autoDraw = True
145.0685 	EXP 	line4: autoDraw = True
145.0736 	EXP 	fixation: autoDraw = False
146.0688 	INFO 	Keyboard events cleared
146.0686 	EXP 	probe: autoDraw = True
146.3918 	EXP 	Device response: <KeyPress from None: t=146.38870608300203, value=c, duration=None>
146.3922 	EXP 	New trial (rep=14, index=3): <Trial 59 (3 in rep 14) data={'pos': np.int64(-150), 'corr_resp': 'z', 'thisN': 59, 'thisTrialN': 3, 'thisRepN': 14}>
146.3982 	DATA 	Keypress: c
146.4057 	EXP 	fixation: autoDraw = False
146.4057 	EXP 	line1: autoDraw = False
146.4057 	EXP 	line2: autoDraw = False
146.4057 	EXP 	line3: autoDraw = False
146.4057 	EXP 	line4: autoDraw = False
146.4057 	EXP 	probe: autoDraw = False
146.4057 	EXP 	fixation: autoDraw = True
146.4733 	EXP 	Device response: <KeyPress from None: t=146.38870608300203, value=c, duration=0.08025566700234776>
147.3907 	EXP 	line1: autoDraw = True
147.3907 	EXP 	line2: autoDraw = True
147.3907 	EXP 	line3: autoDraw = True
147.3907 	EXP 	line4: autoDraw = True
147.4019 	EXP 	fixation: autoDraw = False
148.3902 	INFO 	Keyboard events cleared
148.3900 	EXP 	probe: autoDraw = True
148.9362 	EXP 	Device response: <KeyPress from None: t=148.92967958300142, value=z, duration=None>
148.9368 	EXP 	New trial (rep=15, index=0): <Trial 60 (0 in rep 15) data={'pos': np.int64(-50), 'corr_resp': 'x', 'thisN': 60, 'thisTrialN': 0, 'thisRepN': 15}>
148.9425 	DATA 	Keypress: z
148.9468 	EXP 	fixation: autoDraw = False
148.9468 	EXP 	line1: autoDraw = False
148.9468 	EXP 	line2: autoDraw = False
148.9468 	EXP 	line3: autoDraw = False
148.9468 	EXP 	line4: autoDraw = False
148.9468 	EXP 	probe: autoDraw = False
148.9468 	EXP 	fixation: autoDraw = True
149.1532 	EXP 	Device response: <KeyPress from None: t=148.92967958300142, value=z, duration=0.21639808399777394>
149.9352 	EXP 	line1: autoDraw = True
149.9352 	EXP 	line2: autoDraw = True
149.9352 	EXP 	line3: autoDraw = True
149.9352 	EXP 	line4: autoDraw = True
149.9397 	EXP 	fixation: autoDraw = False
150.9353 	INFO 	Keyboard events cleared
150.9351 	EXP 	probe: autoDraw = True
151.3194 	EXP 	Device response: <KeyPress from None: t=151.31665312500263, value=x, duration=None>
151.3198 	EXP 	New trial (rep=15, index=1): <Trial 61 (1 in rep 15) data={'pos': np.int64(150), 'corr_resp': 'v', 'thisN': 61, 'thisTrialN': 1, 'thisRepN': 15}>
151.3247 	EXP 	fixation: autoDraw = False
151.3247 	EXP 	line1: autoDraw = False
151.3247 	EXP 	line2: autoDraw = False
151.3247 	EXP 	line3: autoDraw = False
151.3247 	EXP 	line4: autoDraw = False
151.3247 	EXP 	probe: autoDraw = False
151.3247 	EXP 	fixation: autoDraw = True
151.3287 	DATA 	Keypress: x
151.4697 	EXP 	Device response: <KeyPress from None: t=151.31665312500263, value=x, duration=0.1403100829993491>
152.3184 	EXP 	line1: autoDraw = True
152.3184 	EXP 	line2: autoDraw = True
152.3184 	EXP 	line3: autoDraw = True
152.3184 	EXP 	line4: autoDraw = True
152.3234 	EXP 	fixation: autoDraw = False
153.3185 	INFO 	Keyboard events cleared
153.3184 	EXP 	probe: autoDraw = True
153.6861 	EXP 	Device response: <KeyPress from None: t=153.67766333300096, value=v, duration=None>
153.6866 	EXP 	New trial (rep=15, index=2): <Trial 62 (2 in rep 15) data={'pos': np.int64(50), 'corr_resp': 'c', 'thisN': 62, 'thisTrialN': 2, 'thisRepN': 15}>
153.6922 	DATA 	Keypress: v
153.6964 	EXP 	fixation: autoDraw = False
153.6964 	EXP 	line1: autoDraw = False
153.6964 	EXP 	line2: autoDraw = False
153.6964 	EXP 	line3: autoDraw = False
153.6964 	EXP 	line4: autoDraw = False
153.6964 	EXP 	probe: autoDraw = False
153.6964 	EXP 	fixation: autoDraw = True
153.7698 	EXP 	Device response: <KeyPress from None: t=153.67766333300096, value=v, duration=0.08827800000290154>
154.6850 	EXP 	line1: autoDraw = True
154.6850 	EXP 	line2: autoDraw = True
154.6850 	EXP 	line3: autoDraw = True
154.6850 	EXP 	line4: autoDraw = True
154.6897 	EXP 	fixation: autoDraw = False
155.6850 	INFO 	Keyboard events cleared
155.6849 	EXP 	probe: autoDraw = True
155.9871 	EXP 	Device response: <KeyPress from None: t=155.982562666999, value=c, duration=None>
155.9879 	EXP 	New trial (rep=15, index=3): <Trial 63 (3 in rep 15) data={'pos': np.int64(-150), 'corr_resp': 'z', 'thisN': 63, 'thisTrialN': 3, 'thisRepN': 15}>
155.9938 	DATA 	Keypress: c
155.9981 	EXP 	fixation: autoDraw = False
155.9981 	EXP 	line1: autoDraw = False
155.9981 	EXP 	line2: autoDraw = False
155.9981 	EXP 	line3: autoDraw = False
155.9981 	EXP 	line4: autoDraw = False
155.9981 	EXP 	probe: autoDraw = False
155.9981 	EXP 	fixation: autoDraw = True
156.0188 	WARNING 	t of last frame was 20.77ms (=1/48)
156.0740 	EXP 	Device response: <KeyPress from None: t=155.982562666999, value=c, duration=0.08825337500456953>
156.9856 	EXP 	line1: autoDraw = True
156.9856 	EXP 	line2: autoDraw = True
156.9856 	EXP 	line3: autoDraw = True
156.9856 	EXP 	line4: autoDraw = True
156.9898 	EXP 	fixation: autoDraw = False
157.9852 	INFO 	Keyboard events cleared
157.9850 	EXP 	probe: autoDraw = True
158.3027 	EXP 	Device response: <KeyPress from None: t=158.2953936250051, value=z, duration=None>
158.3033 	EXP 	New trial (rep=16, index=0): <Trial 64 (0 in rep 16) data={'pos': np.int64(-50), 'corr_resp': 'x', 'thisN': 64, 'thisTrialN': 0, 'thisRepN': 16}>
158.3089 	DATA 	Keypress: z
158.3131 	EXP 	fixation: autoDraw = False
158.3131 	EXP 	line1: autoDraw = False
158.3131 	EXP 	line2: autoDraw = False
158.3131 	EXP 	line3: autoDraw = False
158.3131 	EXP 	line4: autoDraw = False
158.3131 	EXP 	probe: autoDraw = False
158.3131 	EXP 	fixation: autoDraw = True
158.4235 	EXP 	Device response: <KeyPress from None: t=158.2953936250051, value=z, duration=0.12442416699923342>
159.3016 	EXP 	line1: autoDraw = True
159.3016 	EXP 	line2: autoDraw = True
159.3016 	EXP 	line3: autoDraw = True
159.3016 	EXP 	line4: autoDraw = True
159.3067 	EXP 	fixation: autoDraw = False
160.3019 	INFO 	Keyboard events cleared
160.3017 	EXP 	probe: autoDraw = True
160.6529 	EXP 	Device response: <KeyPress from None: t=160.6504563749986, value=x, duration=None>
160.6535 	EXP 	New trial (rep=16, index=1): <Trial 65 (1 in rep 16) data={'pos': np.int64(150), 'corr_resp': 'v', 'thisN': 65, 'thisTrialN': 1, 'thisRepN': 16}>
160.6587 	EXP 	fixation: autoDraw = False
160.6587 	EXP 	line1: autoDraw = False
160.6587 	EXP 	line2: autoDraw = False
160.6587 	EXP 	line3: autoDraw = False
160.6587 	EXP 	line4: autoDraw = False
160.6587 	EXP 	probe: autoDraw = False
160.6587 	EXP 	fixation: autoDraw = True
160.6626 	DATA 	Keypress: x
160.7696 	EXP 	Device response: <KeyPress from None: t=160.6504563749986, value=x, duration=0.10818458300491329>
161.6516 	EXP 	line1: autoDraw = True
161.6516 	EXP 	line2: autoDraw = True
161.6516 	EXP 	line3: autoDraw = True
161.6516 	EXP 	line4: autoDraw = True
161.6564 	EXP 	fixation: autoDraw = False
162.6518 	INFO 	Keyboard events cleared
162.6517 	EXP 	probe: autoDraw = True
162.9531 	EXP 	Device response: <KeyPress from None: t=162.9464042920008, value=v, duration=None>
162.9537 	EXP 	New trial (rep=16, index=2): <Trial 66 (2 in rep 16) data={'pos': np.int64(50), 'corr_resp': 'c', 'thisN': 66, 'thisTrialN': 2, 'thisRepN': 16}>
162.9593 	DATA 	Keypress: v
162.9635 	EXP 	fixation: autoDraw = False
162.9635 	EXP 	line1: autoDraw = False
162.9635 	EXP 	line2: autoDraw = False
162.9635 	EXP 	line3: autoDraw = False
162.9635 	EXP 	line4: autoDraw = False
162.9635 	EXP 	probe: autoDraw = False
162.9635 	EXP 	fixation: autoDraw = True
163.0696 	EXP 	Device response: <KeyPress from None: t=162.9464042920008, value=v, duration=0.11629841600370128>
163.9517 	EXP 	line1: autoDraw = True
163.9517 	EXP 	line2: autoDraw = True
163.9517 	EXP 	line3: autoDraw = True
163.9517 	EXP 	line4: autoDraw = True
163.9565 	EXP 	fixation: autoDraw = False
164.9518 	INFO 	Keyboard events cleared
164.9516 	EXP 	probe: autoDraw = True
165.2363 	EXP 	Device response: <KeyPress from None: t=165.23137891700026, value=c, duration=None>
165.2370 	EXP 	New trial (rep=16, index=3): <Trial 67 (3 in rep 16) data={'pos': np.int64(-150), 'corr_resp': 'z', 'thisN': 67, 'thisTrialN': 3, 'thisRepN': 16}>
165.2423 	EXP 	fixation: autoDraw = False
165.2423 	EXP 	line1: autoDraw = False
165.2423 	EXP 	line2: autoDraw = False
165.2423 	EXP 	line3: autoDraw = False
165.2423 	EXP 	line4: autoDraw = False
165.2423 	EXP 	probe: autoDraw = False
165.2423 	EXP 	fixation: autoDraw = True
165.2465 	DATA 	Keypress: c
165.3571 	EXP 	Device response: <KeyPress from None: t=165.23137891700026, value=c, duration=0.12432391600304982>
166.2350 	EXP 	line1: autoDraw = True
166.2350 	EXP 	line2: autoDraw = True
166.2350 	EXP 	line3: autoDraw = True
166.2350 	EXP 	line4: autoDraw = True
166.2403 	EXP 	fixation: autoDraw = False
167.2352 	INFO 	Keyboard events cleared
167.2350 	EXP 	probe: autoDraw = True
167.5861 	EXP 	Device response: <KeyPress from None: t=167.57892500000162, value=z, duration=None>
167.5867 	EXP 	New trial (rep=17, index=0): <Trial 68 (0 in rep 17) data={'pos': np.int64(-50), 'corr_resp': 'x', 'thisN': 68, 'thisTrialN': 0, 'thisRepN': 17}>
167.5922 	DATA 	Keypress: z
167.5964 	EXP 	fixation: autoDraw = False
167.5964 	EXP 	line1: autoDraw = False
167.5964 	EXP 	line2: autoDraw = False
167.5964 	EXP 	line3: autoDraw = False
167.5964 	EXP 	line4: autoDraw = False
167.5964 	EXP 	probe: autoDraw = False
167.5964 	EXP 	fixation: autoDraw = True
167.7361 	EXP 	Device response: <KeyPress from None: t=167.57892500000162, value=z, duration=0.15174562500033062>
168.5848 	EXP 	line1: autoDraw = True
168.5848 	EXP 	line2: autoDraw = True
168.5848 	EXP 	line3: autoDraw = True
168.5848 	EXP 	line4: autoDraw = True
168.5889 	EXP 	fixation: autoDraw = False
169.5850 	INFO 	Keyboard events cleared
169.5849 	EXP 	probe: autoDraw = True
170.0583 	EXP 	Device response: <KeyPress from None: t=170.0532102080033, value=x, duration=None>
170.0587 	EXP 	New trial (rep=17, index=1): <Trial 69 (1 in rep 17) data={'pos': np.int64(150), 'corr_resp': 'v', 'thisN': 69, 'thisTrialN': 1, 'thisRepN': 17}>
170.0640 	DATA 	Keypress: x
170.0682 	EXP 	fixation: autoDraw = False
170.0682 	EXP 	line1: autoDraw = False
170.0682 	EXP 	line2: autoDraw = False
170.0682 	EXP 	line3: autoDraw = False
170.0682 	EXP 	line4: autoDraw = False
170.0682 	EXP 	probe: autoDraw = False
170.0682 	EXP 	fixation: autoDraw = True
170.1696 	EXP 	Device response: <KeyPress from None: t=170.0532102080033, value=x, duration=0.11245620899717323>
171.0566 	EXP 	fixation: autoDraw = False
171.0566 	EXP 	line1: autoDraw = True
171.0566 	EXP 	line2: autoDraw = True
171.0566 	EXP 	line3: autoDraw = True
171.0566 	EXP 	line4: autoDraw = True
172.0576 	INFO 	Keyboard events cleared
172.0574 	EXP 	probe: autoDraw = True
172.3242 	EXP 	Device response: <KeyPress from None: t=172.32322758300143, value=v, duration=None>
172.3246 	EXP 	New trial (rep=17, index=2): <Trial 70 (2 in rep 17) data={'pos': np.int64(50), 'corr_resp': 'c', 'thisN': 70, 'thisTrialN': 2, 'thisRepN': 17}>
172.3298 	DATA 	Keypress: v
172.3344 	EXP 	fixation: autoDraw = False
172.3344 	EXP 	line1: autoDraw = False
172.3344 	EXP 	line2: autoDraw = False
172.3344 	EXP 	line3: autoDraw = False
172.3344 	EXP 	line4: autoDraw = False
172.3344 	EXP 	probe: autoDraw = False
172.3344 	EXP 	fixation: autoDraw = True
172.4528 	EXP 	Device response: <KeyPress from None: t=172.32322758300143, value=v, duration=0.12824108399945544>
173.3233 	EXP 	fixation: autoDraw = False
173.3233 	EXP 	line1: autoDraw = True
173.3233 	EXP 	line2: autoDraw = True
173.3233 	EXP 	line3: autoDraw = True
173.3233 	EXP 	line4: autoDraw = True
174.3239 	INFO 	Keyboard events cleared
174.3237 	EXP 	probe: autoDraw = True
174.7027 	EXP 	Device response: <KeyPress from None: t=174.6972427080036, value=c, duration=None>
174.7034 	EXP 	New trial (rep=17, index=3): <Trial 71 (3 in rep 17) data={'pos': np.int64(-150), 'corr_resp': 'z', 'thisN': 71, 'thisTrialN': 3, 'thisRepN': 17}>
174.7089 	DATA 	Keypress: c
174.7130 	EXP 	fixation: autoDraw = False
174.7130 	EXP 	line1: autoDraw = False
174.7130 	EXP 	line2: autoDraw = False
174.7130 	EXP 	line3: autoDraw = False
174.7130 	EXP 	line4: autoDraw = False
174.7130 	EXP 	probe: autoDraw = False
174.7130 	EXP 	fixation: autoDraw = True
174.7865 	EXP 	Device response: <KeyPress from None: t=174.6972427080036, value=c, duration=0.07614116699551232>
175.7016 	EXP 	line1: autoDraw = True
175.7016 	EXP 	line2: autoDraw = True
175.7016 	EXP 	line3: autoDraw = True
175.7016 	EXP 	line4: autoDraw = True
175.7066 	EXP 	fixation: autoDraw = False
176.7016 	INFO 	Keyboard events cleared
176.7015 	EXP 	probe: autoDraw = True
177.0193 	EXP 	Device response: <KeyPress from None: t=177.0111583329999, value=z, duration=None>
177.0198 	EXP 	New trial (rep=18, index=0): <Trial 72 (0 in rep 18) data={'pos': np.int64(-50), 'corr_resp': 'x', 'thisN': 72, 'thisTrialN': 0, 'thisRepN': 18}>
177.0252 	DATA 	Keypress: z
177.0295 	EXP 	fixation: autoDraw = False
177.0295 	EXP 	line1: autoDraw = False
177.0295 	EXP 	line2: autoDraw = False
177.0295 	EXP 	line3: autoDraw = False
177.0295 	EXP 	line4: autoDraw = False
177.0295 	EXP 	probe: autoDraw = False
177.0295 	EXP 	fixation: autoDraw = True
177.1736 	EXP 	Device response: <KeyPress from None: t=177.0111583329999, value=z, duration=0.16021804200136103>
178.0181 	EXP 	line1: autoDraw = True
178.0181 	EXP 	line2: autoDraw = True
178.0181 	EXP 	line3: autoDraw = True
178.0181 	EXP 	line4: autoDraw = True
178.0229 	EXP 	fixation: autoDraw = False
179.0183 	INFO 	Keyboard events cleared
179.0182 	EXP 	probe: autoDraw = True
179.3579 	EXP 	Device response: <KeyPress from None: t=179.355003167002, value=x, duration=None>
179.3584 	EXP 	New trial (rep=18, index=1): <Trial 73 (1 in rep 18) data={'pos': np.int64(150), 'corr_resp': 'v', 'thisN': 73, 'thisTrialN': 1, 'thisRepN': 18}>
179.3639 	DATA 	Keypress: x
179.3681 	EXP 	fixation: autoDraw = False
179.3681 	EXP 	line1: autoDraw = False
179.3681 	EXP 	line2: autoDraw = False
179.3681 	EXP 	line3: autoDraw = False
179.3681 	EXP 	line4: autoDraw = False
179.3681 	EXP 	probe: autoDraw = False
179.3681 	EXP 	fixation: autoDraw = True
179.4529 	EXP 	Device response: <KeyPress from None: t=179.355003167002, value=x, duration=0.08420208300231025>
180.3566 	EXP 	fixation: autoDraw = False
180.3566 	EXP 	line1: autoDraw = True
180.3566 	EXP 	line2: autoDraw = True
180.3566 	EXP 	line3: autoDraw = True
180.3566 	EXP 	line4: autoDraw = True
181.3573 	INFO 	Keyboard events cleared
181.3571 	EXP 	probe: autoDraw = True
181.6526 	EXP 	Device response: <KeyPress from None: t=181.64802712500386, value=v, duration=None>
181.6532 	EXP 	New trial (rep=18, index=2): <Trial 74 (2 in rep 18) data={'pos': np.int64(50), 'corr_resp': 'c', 'thisN': 74, 'thisTrialN': 2, 'thisRepN': 18}>
181.6580 	EXP 	fixation: autoDraw = False
181.6580 	EXP 	line1: autoDraw = False
181.6580 	EXP 	line2: autoDraw = False
181.6580 	EXP 	line3: autoDraw = False
181.6580 	EXP 	line4: autoDraw = False
181.6580 	EXP 	probe: autoDraw = False
181.6580 	EXP 	fixation: autoDraw = True
181.6620 	DATA 	Keypress: v
181.7733 	EXP 	Device response: <KeyPress from None: t=181.64802712500386, value=v, duration=0.1242623329962953>
182.6514 	EXP 	line1: autoDraw = True
182.6514 	EXP 	line2: autoDraw = True
182.6514 	EXP 	line3: autoDraw = True
182.6514 	EXP 	line4: autoDraw = True
182.6558 	EXP 	fixation: autoDraw = False
183.6516 	INFO 	Keyboard events cleared
183.6515 	EXP 	probe: autoDraw = True
183.9577 	EXP 	Device response: <KeyPress from None: t=183.9558412080005, value=c, duration=None>
183.9581 	EXP 	New trial (rep=18, index=3): <Trial 75 (3 in rep 18) data={'pos': np.int64(-150), 'corr_resp': 'z', 'thisN': 75, 'thisTrialN': 3, 'thisRepN': 18}>
183.9636 	DATA 	Keypress: c
183.9679 	EXP 	fixation: autoDraw = False
183.9679 	EXP 	line1: autoDraw = False
183.9679 	EXP 	line2: autoDraw = False
183.9679 	EXP 	line3: autoDraw = False
183.9679 	EXP 	line4: autoDraw = False
183.9679 	EXP 	probe: autoDraw = False
183.9679 	EXP 	fixation: autoDraw = True
184.0526 	EXP 	Device response: <KeyPress from None: t=183.9558412080005, value=c, duration=0.0844176669997978>
184.9564 	EXP 	fixation: autoDraw = False
184.9564 	EXP 	line1: autoDraw = True
184.9564 	EXP 	line2: autoDraw = True
184.9564 	EXP 	line3: autoDraw = True
184.9564 	EXP 	line4: autoDraw = True
185.9581 	INFO 	Keyboard events cleared
185.9579 	EXP 	probe: autoDraw = True
186.2693 	EXP 	Device response: <KeyPress from None: t=186.264923792005, value=z, duration=None>
186.2700 	EXP 	New trial (rep=19, index=0): <Trial 76 (0 in rep 19) data={'pos': np.int64(-50), 'corr_resp': 'x', 'thisN': 76, 'thisTrialN': 0, 'thisRepN': 19}>
186.2747 	EXP 	fixation: autoDraw = False
186.2747 	EXP 	line1: autoDraw = False
186.2747 	EXP 	line2: autoDraw = False
186.2747 	EXP 	line3: autoDraw = False
186.2747 	EXP 	line4: autoDraw = False
186.2747 	EXP 	probe: autoDraw = False
186.2747 	EXP 	fixation: autoDraw = True
186.2787 	DATA 	Keypress: z
186.4024 	EXP 	Device response: <KeyPress from None: t=186.264923792005, value=z, duration=0.13624662499933038>
187.2681 	EXP 	line1: autoDraw = True
187.2681 	EXP 	line2: autoDraw = True
187.2681 	EXP 	line3: autoDraw = True
187.2681 	EXP 	line4: autoDraw = True
187.2729 	EXP 	fixation: autoDraw = False
188.2682 	INFO 	Keyboard events cleared
188.2681 	EXP 	probe: autoDraw = True
188.5360 	EXP 	Device response: <KeyPress from None: t=188.52989958300168, value=x, duration=None>
188.5367 	EXP 	New trial (rep=19, index=1): <Trial 77 (1 in rep 19) data={'pos': np.int64(150), 'corr_resp': 'v', 'thisN': 77, 'thisTrialN': 1, 'thisRepN': 19}>
188.5426 	DATA 	Keypress: x
188.5466 	EXP 	fixation: autoDraw = False
188.5466 	EXP 	line1: autoDraw = False
188.5466 	EXP 	line2: autoDraw = False
188.5466 	EXP 	line3: autoDraw = False
188.5466 	EXP 	line4: autoDraw = False
188.5466 	EXP 	probe: autoDraw = False
188.5466 	EXP 	fixation: autoDraw = True
188.6525 	EXP 	Device response: <KeyPress from None: t=188.52989958300168, value=x, duration=0.11632025000290014>
189.5347 	EXP 	line1: autoDraw = True
189.5347 	EXP 	line2: autoDraw = True
189.5347 	EXP 	line3: autoDraw = True
189.5347 	EXP 	line4: autoDraw = True
189.5390 	EXP 	fixation: autoDraw = False
190.5349 	INFO 	Keyboard events cleared
190.5348 	EXP 	probe: autoDraw = True
190.8025 	EXP 	Device response: <KeyPress from None: t=190.79590345800534, value=v, duration=None>
190.8030 	EXP 	New trial (rep=19, index=2): <Trial 78 (2 in rep 19) data={'pos': np.int64(50), 'corr_resp': 'c', 'thisN': 78, 'thisTrialN': 2, 'thisRepN': 19}>
190.8083 	DATA 	Keypress: v
190.8125 	EXP 	fixation: autoDraw = False
190.8125 	EXP 	line1: autoDraw = False
190.8125 	EXP 	line2: autoDraw = False
190.8125 	EXP 	line3: autoDraw = False
190.8125 	EXP 	line4: autoDraw = False
190.8125 	EXP 	probe: autoDraw = False
190.8125 	EXP 	fixation: autoDraw = True
190.8694 	EXP 	Device response: <KeyPress from None: t=190.79590345800534, value=v, duration=0.0720900839951355>
191.8014 	EXP 	line1: autoDraw = True
191.8014 	EXP 	line2: autoDraw = True
191.8014 	EXP 	line3: autoDraw = True
191.8014 	EXP 	line4: autoDraw = True
191.8063 	EXP 	fixation: autoDraw = False
192.8014 	INFO 	Keyboard events cleared
192.8013 	EXP 	probe: autoDraw = True
193.0858 	EXP 	Device response: <KeyPress from None: t=193.08373904199834, value=c, duration=None>
193.0864 	EXP 	New trial (rep=19, index=3): <Trial 79 (3 in rep 19) data={'pos': np.int64(-150), 'corr_resp': 'z', 'thisN': 79, 'thisTrialN': 3, 'thisRepN': 19}>
193.0915 	EXP 	fixation: autoDraw = False
193.0915 	EXP 	line1: autoDraw = False
193.0915 	EXP 	line2: autoDraw = False
193.0915 	EXP 	line3: autoDraw = False
193.0915 	EXP 	line4: autoDraw = False
193.0915 	EXP 	probe: autoDraw = False
193.0915 	EXP 	fixation: autoDraw = True
193.0955 	DATA 	Keypress: c
193.1693 	EXP 	Device response: <KeyPress from None: t=193.08373904199834, value=c, duration=0.08026454100036062>
194.0847 	EXP 	line1: autoDraw = True
194.0847 	EXP 	line2: autoDraw = True
194.0847 	EXP 	line3: autoDraw = True
194.0847 	EXP 	line4: autoDraw = True
194.0894 	EXP 	fixation: autoDraw = False
195.0847 	INFO 	Keyboard events cleared
195.0846 	EXP 	probe: autoDraw = True
195.4691 	EXP 	Device response: <KeyPress from None: t=195.46468437500153, value=z, duration=None>
195.4698 	EXP 	New trial (rep=20, index=0): <Trial 80 (0 in rep 20) data={'pos': np.int64(-50), 'corr_resp': 'x', 'thisN': 80, 'thisTrialN': 0, 'thisRepN': 20}>
195.4749 	EXP 	fixation: autoDraw = False
195.4749 	EXP 	line1: autoDraw = False
195.4749 	EXP 	line2: autoDraw = False
195.4749 	EXP 	line3: autoDraw = False
195.4749 	EXP 	line4: autoDraw = False
195.4749 	EXP 	probe: autoDraw = False
195.4749 	EXP 	fixation: autoDraw = True
195.4789 	DATA 	Keypress: z
195.6027 	EXP 	Device response: <KeyPress from None: t=195.46468437500153, value=z, duration=0.12827924999874085>
196.4681 	EXP 	line1: autoDraw = True
196.4681 	EXP 	line2: autoDraw = True
196.4681 	EXP 	line3: autoDraw = True
196.4681 	EXP 	line4: autoDraw = True
196.4724 	EXP 	fixation: autoDraw = False
196.7744 	EXP 	Device response: <KeyPress from None: t=196.76960441700066, value=x, duration=None>
196.7801 	DATA 	Keypress: x
196.8862 	EXP 	Device response: <KeyPress from None: t=196.76960441700066, value=x, duration=0.10836008300248068>
197.4682 	INFO 	Keyboard events cleared
197.4680 	EXP 	probe: autoDraw = True
197.7106 	WARNING 	Multiple dropped frames have occurred - I'll stop bothering you about them!
197.7684 	EXP 	Device response: <KeyPress from None: t=197.76170950000233, value=x, duration=None>
197.7686 	EXP 	New trial (rep=20, index=1): <Trial 81 (1 in rep 20) data={'pos': np.int64(150), 'corr_resp': 'v', 'thisN': 81, 'thisTrialN': 1, 'thisRepN': 20}>
197.7715 	EXP 	fixation: autoDraw = False
197.7715 	EXP 	line1: autoDraw = False
197.7715 	EXP 	line2: autoDraw = False
197.7715 	EXP 	line3: autoDraw = False
197.7715 	EXP 	line4: autoDraw = False
197.7715 	EXP 	probe: autoDraw = False
197.7715 	EXP 	fixation: autoDraw = True
197.7730 	DATA 	Keypress: x
197.8516 	EXP 	Device response: <KeyPress from None: t=197.76170950000233, value=x, duration=0.08823912499792641>
198.7570 	EXP 	line1: autoDraw = True
198.7570 	EXP 	line2: autoDraw = True
198.7570 	EXP 	line3: autoDraw = True
198.7570 	EXP 	line4: autoDraw = True
198.7680 	EXP 	fixation: autoDraw = False
199.7570 	INFO 	Keyboard events cleared
199.7568 	EXP 	probe: autoDraw = True
200.0692 	EXP 	Device response: <KeyPress from None: t=200.06557862499903, value=v, duration=None>
200.0699 	EXP 	New trial (rep=20, index=2): <Trial 82 (2 in rep 20) data={'pos': np.int64(50), 'corr_resp': 'c', 'thisN': 82, 'thisTrialN': 2, 'thisRepN': 20}>
200.0752 	EXP 	fixation: autoDraw = False
200.0752 	EXP 	line1: autoDraw = False
200.0752 	EXP 	line2: autoDraw = False
200.0752 	EXP 	line3: autoDraw = False
200.0752 	EXP 	line4: autoDraw = False
200.0752 	EXP 	probe: autoDraw = False
200.0752 	EXP 	fixation: autoDraw = True
200.0788 	DATA 	Keypress: v
200.1572 	EXP 	Device response: <KeyPress from None: t=200.06557862499903, value=v, duration=0.08829045799939195>
201.0679 	EXP 	line1: autoDraw = True
201.0679 	EXP 	line2: autoDraw = True
201.0679 	EXP 	line3: autoDraw = True
201.0679 	EXP 	line4: autoDraw = True
201.0722 	EXP 	fixation: autoDraw = False
202.0681 	INFO 	Keyboard events cleared
202.0679 	EXP 	probe: autoDraw = True
202.3029 	EXP 	Device response: <KeyPress from None: t=202.30155558299884, value=c, duration=None>
202.3036 	EXP 	New trial (rep=20, index=3): <Trial 83 (3 in rep 20) data={'pos': np.int64(-150), 'corr_resp': 'z', 'thisN': 83, 'thisTrialN': 3, 'thisRepN': 20}>
202.3083 	EXP 	fixation: autoDraw = False
202.3083 	EXP 	line1: autoDraw = False
202.3083 	EXP 	line2: autoDraw = False
202.3083 	EXP 	line3: autoDraw = False
202.3083 	EXP 	line4: autoDraw = False
202.3083 	EXP 	probe: autoDraw = False
202.3083 	EXP 	fixation: autoDraw = True
202.3117 	DATA 	Keypress: c
202.3690 	EXP 	Device response: <KeyPress from None: t=202.30155558299884, value=c, duration=0.060178209001605865>
203.3013 	EXP 	line1: autoDraw = True
203.3013 	EXP 	line2: autoDraw = True
203.3013 	EXP 	line3: autoDraw = True
203.3013 	EXP 	line4: autoDraw = True
203.3065 	EXP 	fixation: autoDraw = False
204.3017 	INFO 	Keyboard events cleared
204.3015 	EXP 	probe: autoDraw = True
204.5574 	EXP 	Device response: <KeyPress from None: t=204.55543258300168, value=z, duration=None>
204.5578 	EXP 	New trial (rep=21, index=0): <Trial 84 (0 in rep 21) data={'pos': np.int64(-50), 'corr_resp': 'x', 'thisN': 84, 'thisTrialN': 0, 'thisRepN': 21}>
204.5621 	DATA 	Keypress: z
204.5670 	EXP 	fixation: autoDraw = False
204.5670 	EXP 	line1: autoDraw = False
204.5670 	EXP 	line2: autoDraw = False
204.5670 	EXP 	line3: autoDraw = False
204.5670 	EXP 	line4: autoDraw = False
204.5670 	EXP 	probe: autoDraw = False
204.5670 	EXP 	fixation: autoDraw = True
204.6357 	EXP 	Device response: <KeyPress from None: t=204.55543258300168, value=z, duration=0.0764616250016843>
205.5559 	EXP 	fixation: autoDraw = False
205.5559 	EXP 	line1: autoDraw = True
205.5559 	EXP 	line2: autoDraw = True
205.5559 	EXP 	line3: autoDraw = True
205.5559 	EXP 	line4: autoDraw = True
206.5570 	INFO 	Keyboard events cleared
206.5568 	EXP 	probe: autoDraw = True
206.8192 	EXP 	Device response: <KeyPress from None: t=206.81349350000528, value=x, duration=None>
206.8198 	EXP 	New trial (rep=21, index=1): <Trial 85 (1 in rep 21) data={'pos': np.int64(150), 'corr_resp': 'v', 'thisN': 85, 'thisTrialN': 1, 'thisRepN': 21}>
206.8246 	DATA 	Keypress: x
206.8285 	EXP 	fixation: autoDraw = False
206.8285 	EXP 	line1: autoDraw = False
206.8285 	EXP 	line2: autoDraw = False
206.8285 	EXP 	line3: autoDraw = False
206.8285 	EXP 	line4: autoDraw = False
206.8285 	EXP 	probe: autoDraw = False
206.8285 	EXP 	fixation: autoDraw = True
206.8904 	EXP 	Device response: <KeyPress from None: t=206.81349350000528, value=x, duration=0.07226441699458519>
207.8179 	EXP 	line1: autoDraw = True
207.8179 	EXP 	line2: autoDraw = True
207.8179 	EXP 	line3: autoDraw = True
207.8179 	EXP 	line4: autoDraw = True
207.8228 	EXP 	fixation: autoDraw = False
208.8182 	INFO 	Keyboard events cleared
208.8180 	EXP 	probe: autoDraw = True
209.1855 	EXP 	Device response: <KeyPress from None: t=209.17930383299972, value=v, duration=None>
209.1862 	EXP 	New trial (rep=21, index=2): <Trial 86 (2 in rep 21) data={'pos': np.int64(50), 'corr_resp': 'c', 'thisN': 86, 'thisTrialN': 2, 'thisRepN': 21}>
209.1908 	DATA 	Keypress: v
209.1947 	EXP 	fixation: autoDraw = False
209.1947 	EXP 	line1: autoDraw = False
209.1947 	EXP 	line2: autoDraw = False
209.1947 	EXP 	line3: autoDraw = False
209.1947 	EXP 	line4: autoDraw = False
209.1947 	EXP 	probe: autoDraw = False
209.1947 	EXP 	fixation: autoDraw = True
209.2858 	EXP 	Device response: <KeyPress from None: t=209.17930383299972, value=v, duration=0.10442654199869139>
210.1844 	EXP 	line1: autoDraw = True
210.1844 	EXP 	line2: autoDraw = True
210.1844 	EXP 	line3: autoDraw = True
210.1844 	EXP 	line4: autoDraw = True
210.1887 	EXP 	fixation: autoDraw = False
211.1847 	INFO 	Keyboard events cleared
211.1845 	EXP 	probe: autoDraw = True
211.5192 	EXP 	Device response: <KeyPress from None: t=211.50919966700167, value=c, duration=None>
211.5198 	EXP 	New trial (rep=21, index=3): <Trial 87 (3 in rep 21) data={'pos': np.int64(-150), 'corr_resp': 'z', 'thisN': 87, 'thisTrialN': 3, 'thisRepN': 21}>
211.5248 	DATA 	Keypress: c
211.5287 	EXP 	fixation: autoDraw = False
211.5287 	EXP 	line1: autoDraw = False
211.5287 	EXP 	line2: autoDraw = False
211.5287 	EXP 	line3: autoDraw = False
211.5287 	EXP 	line4: autoDraw = False
211.5287 	EXP 	probe: autoDraw = False
211.5287 	EXP 	fixation: autoDraw = True
211.6023 	EXP 	Device response: <KeyPress from None: t=211.50919966700167, value=c, duration=0.08451141599653056>
212.5176 	EXP 	line1: autoDraw = True
212.5176 	EXP 	line2: autoDraw = True
212.5176 	EXP 	line3: autoDraw = True
212.5176 	EXP 	line4: autoDraw = True
212.5224 	EXP 	fixation: autoDraw = False
213.5181 	INFO 	Keyboard events cleared
213.5179 	EXP 	probe: autoDraw = True
213.8688 	EXP 	Device response: <KeyPress from None: t=213.8572285420014, value=z, duration=None>
213.8693 	EXP 	New trial (rep=22, index=0): <Trial 88 (0 in rep 22) data={'pos': np.int64(-50), 'corr_resp': 'x', 'thisN': 88, 'thisTrialN': 0, 'thisRepN': 22}>
213.8741 	DATA 	Keypress: z
213.8780 	EXP 	fixation: autoDraw = False
213.8780 	EXP 	line1: autoDraw = False
213.8780 	EXP 	line2: autoDraw = False
213.8780 	EXP 	line3: autoDraw = False
213.8780 	EXP 	line4: autoDraw = False
213.8780 	EXP 	probe: autoDraw = False
213.8780 	EXP 	fixation: autoDraw = True
213.9523 	EXP 	Device response: <KeyPress from None: t=213.8572285420014, value=z, duration=0.08830487500381423>
214.8678 	EXP 	line1: autoDraw = True
214.8678 	EXP 	line2: autoDraw = True
214.8678 	EXP 	line3: autoDraw = True
214.8678 	EXP 	line4: autoDraw = True
214.8723 	EXP 	fixation: autoDraw = False
215.8680 	INFO 	Keyboard events cleared
215.8679 	EXP 	probe: autoDraw = True
216.1573 	EXP 	Device response: <KeyPress from None: t=216.15517904200533, value=x, duration=None>
216.1577 	EXP 	New trial (rep=22, index=1): <Trial 89 (1 in rep 22) data={'pos': np.int64(150), 'corr_resp': 'v', 'thisN': 89, 'thisTrialN': 1, 'thisRepN': 22}>
216.1620 	DATA 	Keypress: x
216.1669 	EXP 	fixation: autoDraw = False
216.1669 	EXP 	line1: autoDraw = False
216.1669 	EXP 	line2: autoDraw = False
216.1669 	EXP 	line3: autoDraw = False
216.1669 	EXP 	line4: autoDraw = False
216.1669 	EXP 	probe: autoDraw = False
216.1669 	EXP 	fixation: autoDraw = True
216.2857 	EXP 	Device response: <KeyPress from None: t=216.15517904200533, value=x, duration=0.12833583299652673>
217.1567 	EXP 	fixation: autoDraw = False
217.1567 	EXP 	line1: autoDraw = True
217.1567 	EXP 	line2: autoDraw = True
217.1567 	EXP 	line3: autoDraw = True
217.1567 	EXP 	line4: autoDraw = True
218.1569 	INFO 	Keyboard events cleared
218.1568 	EXP 	probe: autoDraw = True
218.4740 	EXP 	Device response: <KeyPress from None: t=218.4680605829999, value=v, duration=None>
218.4745 	EXP 	New trial (rep=22, index=2): <Trial 90 (2 in rep 22) data={'pos': np.int64(50), 'corr_resp': 'c', 'thisN': 90, 'thisTrialN': 2, 'thisRepN': 22}>
218.4788 	DATA 	Keypress: v
218.4834 	EXP 	fixation: autoDraw = False
218.4834 	EXP 	line1: autoDraw = False
218.4834 	EXP 	line2: autoDraw = False
218.4834 	EXP 	line3: autoDraw = False
218.4834 	EXP 	line4: autoDraw = False
218.4834 	EXP 	probe: autoDraw = False
218.4834 	EXP 	fixation: autoDraw = True
218.5690 	EXP 	Device response: <KeyPress from None: t=218.4680605829999, value=v, duration=0.08877787500387058>
219.4727 	EXP 	fixation: autoDraw = False
219.4727 	EXP 	line1: autoDraw = True
219.4727 	EXP 	line2: autoDraw = True
219.4727 	EXP 	line3: autoDraw = True
219.4727 	EXP 	line4: autoDraw = True
220.4679 	INFO 	Keyboard events cleared
220.4677 	EXP 	probe: autoDraw = True
220.7190 	EXP 	Device response: <KeyPress from None: t=220.71712995800044, value=c, duration=None>
220.7196 	EXP 	New trial (rep=22, index=3): <Trial 91 (3 in rep 22) data={'pos': np.int64(-150), 'corr_resp': 'z', 'thisN': 91, 'thisTrialN': 3, 'thisRepN': 22}>
220.7243 	EXP 	fixation: autoDraw = False
220.7243 	EXP 	line1: autoDraw = False
220.7243 	EXP 	line2: autoDraw = False
220.7243 	EXP 	line3: autoDraw = False
220.7243 	EXP 	line4: autoDraw = False
220.7243 	EXP 	probe: autoDraw = False
220.7243 	EXP 	fixation: autoDraw = True
220.7278 	DATA 	Keypress: c
220.8068 	EXP 	Device response: <KeyPress from None: t=220.71712995800044, value=c, duration=0.08425758399971528>
221.7177 	EXP 	line1: autoDraw = True
221.7177 	EXP 	line2: autoDraw = True
221.7177 	EXP 	line3: autoDraw = True
221.7177 	EXP 	line4: autoDraw = True
221.7226 	EXP 	fixation: autoDraw = False
222.7178 	INFO 	Keyboard events cleared
222.7177 	EXP 	probe: autoDraw = True
223.0357 	EXP 	Device response: <KeyPress from None: t=223.03008520800358, value=z, duration=None>
223.0363 	EXP 	New trial (rep=23, index=0): <Trial 92 (0 in rep 23) data={'pos': np.int64(-50), 'corr_resp': 'x', 'thisN': 92, 'thisTrialN': 0, 'thisRepN': 23}>
223.0414 	DATA 	Keypress: z
223.0453 	EXP 	fixation: autoDraw = False
223.0453 	EXP 	line1: autoDraw = False
223.0453 	EXP 	line2: autoDraw = False
223.0453 	EXP 	line3: autoDraw = False
223.0453 	EXP 	line4: autoDraw = False
223.0453 	EXP 	probe: autoDraw = False
223.0453 	EXP 	fixation: autoDraw = True
223.1694 	EXP 	Device response: <KeyPress from None: t=223.03008520800358, value=z, duration=0.13634483399800956>
224.0343 	EXP 	line1: autoDraw = True
224.0343 	EXP 	line2: autoDraw = True
224.0343 	EXP 	line3: autoDraw = True
224.0343 	EXP 	line4: autoDraw = True
224.0385 	EXP 	fixation: autoDraw = False
225.0344 	INFO 	Keyboard events cleared
225.0343 	EXP 	probe: autoDraw = True
225.3024 	EXP 	Device response: <KeyPress from None: t=225.29712116700102, value=x, duration=None>
225.3031 	EXP 	New trial (rep=23, index=1): <Trial 93 (1 in rep 23) data={'pos': np.int64(150), 'corr_resp': 'v', 'thisN': 93, 'thisTrialN': 1, 'thisRepN': 23}>
225.3081 	DATA 	Keypress: x
225.3120 	EXP 	fixation: autoDraw = False
225.3120 	EXP 	line1: autoDraw = False
225.3120 	EXP 	line2: autoDraw = False
225.3120 	EXP 	line3: autoDraw = False
225.3120 	EXP 	line4: autoDraw = False
225.3120 	EXP 	probe: autoDraw = False
225.3120 	EXP 	fixation: autoDraw = True
225.4355 	EXP 	Device response: <KeyPress from None: t=225.29712116700102, value=x, duration=0.13620020799862687>
226.3011 	EXP 	line1: autoDraw = True
226.3011 	EXP 	line2: autoDraw = True
226.3011 	EXP 	line3: autoDraw = True
226.3011 	EXP 	line4: autoDraw = True
226.3059 	EXP 	fixation: autoDraw = False
227.3011 	INFO 	Keyboard events cleared
227.3010 	EXP 	probe: autoDraw = True
227.5857 	EXP 	Device response: <KeyPress from None: t=227.58298120800464, value=v, duration=None>
227.5864 	EXP 	New trial (rep=23, index=2): <Trial 94 (2 in rep 23) data={'pos': np.int64(50), 'corr_resp': 'c', 'thisN': 94, 'thisTrialN': 2, 'thisRepN': 23}>
227.5916 	EXP 	fixation: autoDraw = False
227.5916 	EXP 	line1: autoDraw = False
227.5916 	EXP 	line2: autoDraw = False
227.5916 	EXP 	line3: autoDraw = False
227.5916 	EXP 	line4: autoDraw = False
227.5916 	EXP 	probe: autoDraw = False
227.5916 	EXP 	fixation: autoDraw = True
227.5953 	DATA 	Keypress: v
227.7356 	EXP 	Device response: <KeyPress from None: t=227.58298120800464, value=v, duration=0.14025691699498566>
228.5843 	EXP 	line1: autoDraw = True
228.5843 	EXP 	line2: autoDraw = True
228.5843 	EXP 	line3: autoDraw = True
228.5843 	EXP 	line4: autoDraw = True
228.5893 	EXP 	fixation: autoDraw = False
229.5844 	INFO 	Keyboard events cleared
229.5843 	EXP 	probe: autoDraw = True
229.8690 	EXP 	Device response: <KeyPress from None: t=229.86483787500038, value=c, duration=None>
229.8696 	EXP 	New trial (rep=23, index=3): <Trial 95 (3 in rep 23) data={'pos': np.int64(-150), 'corr_resp': 'z', 'thisN': 95, 'thisTrialN': 3, 'thisRepN': 23}>
229.8747 	EXP 	fixation: autoDraw = False
229.8747 	EXP 	line1: autoDraw = False
229.8747 	EXP 	line2: autoDraw = False
229.8747 	EXP 	line3: autoDraw = False
229.8747 	EXP 	line4: autoDraw = False
229.8747 	EXP 	probe: autoDraw = False
229.8747 	EXP 	fixation: autoDraw = True
229.8784 	DATA 	Keypress: c
229.9691 	EXP 	Device response: <KeyPress from None: t=229.86483787500038, value=c, duration=0.09226024999952642>
230.8676 	EXP 	line1: autoDraw = True
230.8676 	EXP 	line2: autoDraw = True
230.8676 	EXP 	line3: autoDraw = True
230.8676 	EXP 	line4: autoDraw = True
230.8727 	EXP 	fixation: autoDraw = False
231.8679 	INFO 	Keyboard events cleared
231.8677 	EXP 	probe: autoDraw = True
232.1690 	EXP 	Device response: <KeyPress from None: t=232.16680812500272, value=z, duration=None>
232.1696 	EXP 	New trial (rep=24, index=0): <Trial 96 (0 in rep 24) data={'pos': np.int64(-50), 'corr_resp': 'x', 'thisN': 96, 'thisTrialN': 0, 'thisRepN': 24}>
232.1746 	EXP 	fixation: autoDraw = False
232.1746 	EXP 	line1: autoDraw = False
232.1746 	EXP 	line2: autoDraw = False
232.1746 	EXP 	line3: autoDraw = False
232.1746 	EXP 	line4: autoDraw = False
232.1746 	EXP 	probe: autoDraw = False
232.1746 	EXP 	fixation: autoDraw = True
232.1781 	DATA 	Keypress: z
232.3356 	EXP 	Device response: <KeyPress from None: t=232.16680812500272, value=z, duration=0.15630870799941476>
233.1676 	EXP 	line1: autoDraw = True
233.1676 	EXP 	line2: autoDraw = True
233.1676 	EXP 	line3: autoDraw = True
233.1676 	EXP 	line4: autoDraw = True
233.1721 	EXP 	fixation: autoDraw = False
234.1681 	INFO 	Keyboard events cleared
234.1679 	EXP 	probe: autoDraw = True
234.5523 	EXP 	Device response: <KeyPress from None: t=234.54680762500357, value=x, duration=None>
234.5530 	EXP 	New trial (rep=24, index=1): <Trial 97 (1 in rep 24) data={'pos': np.int64(150), 'corr_resp': 'v', 'thisN': 97, 'thisTrialN': 1, 'thisRepN': 24}>
234.5590 	DATA 	Keypress: x
234.5632 	EXP 	fixation: autoDraw = False
234.5632 	EXP 	line1: autoDraw = False
234.5632 	EXP 	line2: autoDraw = False
234.5632 	EXP 	line3: autoDraw = False
234.5632 	EXP 	line4: autoDraw = False
234.5632 	EXP 	probe: autoDraw = False
234.5632 	EXP 	fixation: autoDraw = True
234.6188 	EXP 	Device response: <KeyPress from None: t=234.54680762500357, value=x, duration=0.06831158299610252>
235.5510 	EXP 	line1: autoDraw = True
235.5510 	EXP 	line2: autoDraw = True
235.5510 	EXP 	line3: autoDraw = True
235.5510 	EXP 	line4: autoDraw = True
235.5559 	EXP 	fixation: autoDraw = False
236.5511 	INFO 	Keyboard events cleared
236.5509 	EXP 	probe: autoDraw = True
236.8853 	EXP 	Device response: <KeyPress from None: t=236.87974679200124, value=v, duration=None>
236.8860 	EXP 	New trial (rep=24, index=2): <Trial 98 (2 in rep 24) data={'pos': np.int64(50), 'corr_resp': 'c', 'thisN': 98, 'thisTrialN': 2, 'thisRepN': 24}>
236.8920 	DATA 	Keypress: v
236.8964 	EXP 	fixation: autoDraw = False
236.8964 	EXP 	line1: autoDraw = False
236.8964 	EXP 	line2: autoDraw = False
236.8964 	EXP 	line3: autoDraw = False
236.8964 	EXP 	line4: autoDraw = False
236.8964 	EXP 	probe: autoDraw = False
236.8964 	EXP 	fixation: autoDraw = True
236.9855 	EXP 	Device response: <KeyPress from None: t=236.87974679200124, value=v, duration=0.09224833299958846>
237.8843 	EXP 	line1: autoDraw = True
237.8843 	EXP 	line2: autoDraw = True
237.8843 	EXP 	line3: autoDraw = True
237.8843 	EXP 	line4: autoDraw = True
237.8893 	EXP 	fixation: autoDraw = False
238.8843 	INFO 	Keyboard events cleared
238.8842 	EXP 	probe: autoDraw = True
239.2408 	EXP 	Device response: <KeyPress from None: t=239.2346640830001, value=c, duration=None>
239.2412 	EXP 	New trial (rep=24, index=3): <Trial 99 (3 in rep 24) data={'pos': np.int64(-150), 'corr_resp': 'z', 'thisN': 99, 'thisTrialN': 3, 'thisRepN': 24}>
239.2467 	DATA 	Keypress: c
239.2511 	EXP 	fixation: autoDraw = False
239.2511 	EXP 	line1: autoDraw = False
239.2511 	EXP 	line2: autoDraw = False
239.2511 	EXP 	line3: autoDraw = False
239.2511 	EXP 	line4: autoDraw = False
239.2511 	EXP 	probe: autoDraw = False
239.2511 	EXP 	fixation: autoDraw = True
239.4019 	EXP 	Device response: <KeyPress from None: t=239.2346640830001, value=c, duration=0.16041683399816975>
240.2392 	EXP 	fixation: autoDraw = False
240.2392 	EXP 	line1: autoDraw = True
240.2392 	EXP 	line2: autoDraw = True
240.2392 	EXP 	line3: autoDraw = True
240.2392 	EXP 	line4: autoDraw = True
241.2406 	INFO 	Keyboard events cleared
241.2404 	EXP 	probe: autoDraw = True
241.7186 	EXP 	Device response: <KeyPress from None: t=241.71756741699937, value=z, duration=None>
241.7190 	EXP 	New trial (rep=25, index=0): <Trial 100 (0 in rep 25) data={'pos': np.int64(-50), 'corr_resp': 'x', 'thisN': 100, 'thisTrialN': 0, 'thisRepN': 25}>
241.7234 	EXP 	fixation: autoDraw = False
241.7234 	EXP 	line1: autoDraw = False
241.7234 	EXP 	line2: autoDraw = False
241.7234 	EXP 	line3: autoDraw = False
241.7234 	EXP 	line4: autoDraw = False
241.7234 	EXP 	probe: autoDraw = False
241.7234 	EXP 	fixation: autoDraw = True
241.7274 	DATA 	Keypress: z
241.8359 	EXP 	Device response: <KeyPress from None: t=241.71756741699937, value=z, duration=0.10839029100316111>
242.7176 	EXP 	line1: autoDraw = True
242.7176 	EXP 	line2: autoDraw = True
242.7176 	EXP 	line3: autoDraw = True
242.7176 	EXP 	line4: autoDraw = True
242.7225 	EXP 	fixation: autoDraw = False
243.7179 	INFO 	Keyboard events cleared
243.7177 	EXP 	probe: autoDraw = True
244.1356 	EXP 	Device response: <KeyPress from None: t=244.12554800000362, value=x, duration=None>
244.1365 	EXP 	New trial (rep=25, index=1): <Trial 101 (1 in rep 25) data={'pos': np.int64(150), 'corr_resp': 'v', 'thisN': 101, 'thisTrialN': 1, 'thisRepN': 25}>
244.1422 	DATA 	Keypress: x
244.1463 	EXP 	fixation: autoDraw = False
244.1463 	EXP 	line1: autoDraw = False
244.1463 	EXP 	line2: autoDraw = False
244.1463 	EXP 	line3: autoDraw = False
244.1463 	EXP 	line4: autoDraw = False
244.1463 	EXP 	probe: autoDraw = False
244.1463 	EXP 	fixation: autoDraw = True
244.2689 	EXP 	Device response: <KeyPress from None: t=244.12554800000362, value=x, duration=0.13232162499480182>
245.1342 	EXP 	line1: autoDraw = True
245.1342 	EXP 	line2: autoDraw = True
245.1342 	EXP 	line3: autoDraw = True
245.1342 	EXP 	line4: autoDraw = True
245.1389 	EXP 	fixation: autoDraw = False
245.8356 	EXP 	Device response: <KeyPress from None: t=245.82651391700347, value=v, duration=None>
245.8417 	DATA 	Keypress: v
245.9020 	EXP 	Device response: <KeyPress from None: t=245.82651391700347, value=v, duration=0.0684958749989164>
246.1343 	INFO 	Keyboard events cleared
246.1342 	EXP 	probe: autoDraw = True
246.4855 	EXP 	Device response: <KeyPress from None: t=246.4765086250045, value=v, duration=None>
246.4861 	EXP 	New trial (rep=25, index=2): <Trial 102 (2 in rep 25) data={'pos': np.int64(50), 'corr_resp': 'c', 'thisN': 102, 'thisTrialN': 2, 'thisRepN': 25}>
246.4920 	DATA 	Keypress: v
246.4962 	EXP 	fixation: autoDraw = False
246.4962 	EXP 	line1: autoDraw = False
246.4962 	EXP 	line2: autoDraw = False
246.4962 	EXP 	line3: autoDraw = False
246.4962 	EXP 	line4: autoDraw = False
246.4962 	EXP 	probe: autoDraw = False
246.4962 	EXP 	fixation: autoDraw = True
246.5519 	EXP 	Device response: <KeyPress from None: t=246.4765086250045, value=v, duration=0.06420170799538027>
247.4842 	EXP 	line1: autoDraw = True
247.4842 	EXP 	line2: autoDraw = True
247.4842 	EXP 	line3: autoDraw = True
247.4842 	EXP 	line4: autoDraw = True
247.4890 	EXP 	fixation: autoDraw = False
248.4847 	INFO 	Keyboard events cleared
248.4845 	EXP 	probe: autoDraw = True
248.9857 	EXP 	Device response: <KeyPress from None: t=248.9774186249997, value=c, duration=None>
248.9864 	EXP 	New trial (rep=25, index=3): <Trial 103 (3 in rep 25) data={'pos': np.int64(-150), 'corr_resp': 'z', 'thisN': 103, 'thisTrialN': 3, 'thisRepN': 25}>
248.9919 	DATA 	Keypress: c
248.9959 	EXP 	fixation: autoDraw = False
248.9959 	EXP 	line1: autoDraw = False
248.9959 	EXP 	line2: autoDraw = False
248.9959 	EXP 	line3: autoDraw = False
248.9959 	EXP 	line4: autoDraw = False
248.9959 	EXP 	probe: autoDraw = False
248.9959 	EXP 	fixation: autoDraw = True
249.0856 	EXP 	Device response: <KeyPress from None: t=248.9774186249997, value=c, duration=0.10428566700284136>
249.9841 	EXP 	line1: autoDraw = True
249.9841 	EXP 	line2: autoDraw = True
249.9841 	EXP 	line3: autoDraw = True
249.9841 	EXP 	line4: autoDraw = True
249.9891 	EXP 	fixation: autoDraw = False
250.9845 	INFO 	Keyboard events cleared
250.9843 	EXP 	probe: autoDraw = True
251.3852 	EXP 	Device response: <KeyPress from None: t=251.3744081670011, value=z, duration=None>
251.3858 	EXP 	New trial (rep=26, index=0): <Trial 104 (0 in rep 26) data={'pos': np.int64(-50), 'corr_resp': 'x', 'thisN': 104, 'thisTrialN': 0, 'thisRepN': 26}>
251.3931 	DATA 	Keypress: z
251.3973 	EXP 	fixation: autoDraw = False
251.3973 	EXP 	line1: autoDraw = False
251.3973 	EXP 	line2: autoDraw = False
251.3973 	EXP 	line3: autoDraw = False
251.3973 	EXP 	line4: autoDraw = False
251.3973 	EXP 	probe: autoDraw = False
251.3973 	EXP 	fixation: autoDraw = True
251.5354 	EXP 	Device response: <KeyPress from None: t=251.3744081670011, value=z, duration=0.15618658300081734>
252.3842 	EXP 	line1: autoDraw = True
252.3842 	EXP 	line2: autoDraw = True
252.3842 	EXP 	line3: autoDraw = True
252.3842 	EXP 	line4: autoDraw = True
252.3890 	EXP 	fixation: autoDraw = False
253.3842 	INFO 	Keyboard events cleared
253.3841 	EXP 	probe: autoDraw = True
253.6854 	EXP 	Device response: <KeyPress from None: t=253.67823304200283, value=x, duration=None>
253.6859 	EXP 	New trial (rep=26, index=1): <Trial 105 (1 in rep 26) data={'pos': np.int64(150), 'corr_resp': 'v', 'thisN': 105, 'thisTrialN': 1, 'thisRepN': 26}>
253.6911 	DATA 	Keypress: x
253.6952 	EXP 	fixation: autoDraw = False
253.6952 	EXP 	line1: autoDraw = False
253.6952 	EXP 	line2: autoDraw = False
253.6952 	EXP 	line3: autoDraw = False
253.6952 	EXP 	line4: autoDraw = False
253.6952 	EXP 	probe: autoDraw = False
253.6952 	EXP 	fixation: autoDraw = True
253.8021 	EXP 	Device response: <KeyPress from None: t=253.67823304200283, value=x, duration=0.112402499995369>
254.6841 	EXP 	line1: autoDraw = True
254.6841 	EXP 	line2: autoDraw = True
254.6841 	EXP 	line3: autoDraw = True
254.6841 	EXP 	line4: autoDraw = True
254.6890 	EXP 	fixation: autoDraw = False
255.6844 	INFO 	Keyboard events cleared
255.6842 	EXP 	probe: autoDraw = True
256.6235 	EXP 	Device response: <KeyPress from None: t=256.6191577080026, value=v, duration=None>
256.6239 	EXP 	New trial (rep=26, index=2): <Trial 106 (2 in rep 26) data={'pos': np.int64(50), 'corr_resp': 'c', 'thisN': 106, 'thisTrialN': 2, 'thisRepN': 26}>
256.6293 	DATA 	Keypress: v
256.6336 	EXP 	fixation: autoDraw = False
256.6336 	EXP 	line1: autoDraw = False
256.6336 	EXP 	line2: autoDraw = False
256.6336 	EXP 	line3: autoDraw = False
256.6336 	EXP 	line4: autoDraw = False
256.6336 	EXP 	probe: autoDraw = False
256.6336 	EXP 	fixation: autoDraw = True
256.7353 	EXP 	Device response: <KeyPress from None: t=256.6191577080026, value=v, duration=0.10839979199954541>
257.6226 	EXP 	fixation: autoDraw = False
257.6226 	EXP 	line1: autoDraw = True
257.6226 	EXP 	line2: autoDraw = True
257.6226 	EXP 	line3: autoDraw = True
257.6226 	EXP 	line4: autoDraw = True
258.6246 	INFO 	Keyboard events cleared
258.6244 	EXP 	probe: autoDraw = True
259.3354 	EXP 	Device response: <KeyPress from None: t=259.3291223749984, value=c, duration=None>
259.3359 	EXP 	New trial (rep=26, index=3): <Trial 107 (3 in rep 26) data={'pos': np.int64(-150), 'corr_resp': 'z', 'thisN': 107, 'thisTrialN': 3, 'thisRepN': 26}>
259.3407 	DATA 	Keypress: c
259.3448 	EXP 	fixation: autoDraw = False
259.3448 	EXP 	line1: autoDraw = False
259.3448 	EXP 	line2: autoDraw = False
259.3448 	EXP 	line3: autoDraw = False
259.3448 	EXP 	line4: autoDraw = False
259.3448 	EXP 	probe: autoDraw = False
259.3448 	EXP 	fixation: autoDraw = True
259.4355 	EXP 	Device response: <KeyPress from None: t=259.3291223749984, value=c, duration=0.09643733300617896>
260.3341 	EXP 	line1: autoDraw = True
260.3341 	EXP 	line2: autoDraw = True
260.3341 	EXP 	line3: autoDraw = True
260.3341 	EXP 	line4: autoDraw = True
260.3390 	EXP 	fixation: autoDraw = False
261.3342 	INFO 	Keyboard events cleared
261.3341 	EXP 	probe: autoDraw = True
261.7855 	EXP 	Device response: <KeyPress from None: t=261.77518124999915, value=z, duration=None>
261.7862 	EXP 	New trial (rep=27, index=0): <Trial 108 (0 in rep 27) data={'pos': np.int64(-50), 'corr_resp': 'x', 'thisN': 108, 'thisTrialN': 0, 'thisRepN': 27}>
261.7922 	DATA 	Keypress: z
261.7964 	EXP 	fixation: autoDraw = False
261.7964 	EXP 	line1: autoDraw = False
261.7964 	EXP 	line2: autoDraw = False
261.7964 	EXP 	line3: autoDraw = False
261.7964 	EXP 	line4: autoDraw = False
261.7964 	EXP 	probe: autoDraw = False
261.7964 	EXP 	fixation: autoDraw = True
261.8853 	EXP 	Device response: <KeyPress from None: t=261.77518124999915, value=z, duration=0.10439350000524428>
262.7841 	EXP 	line1: autoDraw = True
262.7841 	EXP 	line2: autoDraw = True
262.7841 	EXP 	line3: autoDraw = True
262.7841 	EXP 	line4: autoDraw = True
262.7884 	EXP 	fixation: autoDraw = False
263.7842 	INFO 	Keyboard events cleared
263.7840 	EXP 	probe: autoDraw = True
264.2519 	EXP 	Device response: <KeyPress from None: t=264.24214241700247, value=x, duration=None>
264.2525 	EXP 	New trial (rep=27, index=1): <Trial 109 (1 in rep 27) data={'pos': np.int64(150), 'corr_resp': 'v', 'thisN': 109, 'thisTrialN': 1, 'thisRepN': 27}>
264.2582 	DATA 	Keypress: x
264.2624 	EXP 	fixation: autoDraw = False
264.2624 	EXP 	line1: autoDraw = False
264.2624 	EXP 	line2: autoDraw = False
264.2624 	EXP 	line3: autoDraw = False
264.2624 	EXP 	line4: autoDraw = False
264.2624 	EXP 	probe: autoDraw = False
264.2624 	EXP 	fixation: autoDraw = True
264.3518 	EXP 	Device response: <KeyPress from None: t=264.24214241700247, value=x, duration=0.10438075000274694>
265.2506 	EXP 	line1: autoDraw = True
265.2506 	EXP 	line2: autoDraw = True
265.2506 	EXP 	line3: autoDraw = True
265.2506 	EXP 	line4: autoDraw = True
265.2554 	EXP 	fixation: autoDraw = False
266.2509 	INFO 	Keyboard events cleared
266.2507 	EXP 	probe: autoDraw = True
266.5019 	EXP 	Device response: <KeyPress from None: t=266.49805516700144, value=v, duration=None>
266.5026 	EXP 	New trial (rep=27, index=2): <Trial 110 (2 in rep 27) data={'pos': np.int64(50), 'corr_resp': 'c', 'thisN': 110, 'thisTrialN': 2, 'thisRepN': 27}>
266.5075 	EXP 	fixation: autoDraw = False
266.5075 	EXP 	line1: autoDraw = False
266.5075 	EXP 	line2: autoDraw = False
266.5075 	EXP 	line3: autoDraw = False
266.5075 	EXP 	line4: autoDraw = False
266.5075 	EXP 	probe: autoDraw = False
266.5075 	EXP 	fixation: autoDraw = True
266.5115 	DATA 	Keypress: v
266.6024 	EXP 	Device response: <KeyPress from None: t=266.49805516700144, value=v, duration=0.09636475000297651>
267.5007 	EXP 	line1: autoDraw = True
267.5007 	EXP 	line2: autoDraw = True
267.5007 	EXP 	line3: autoDraw = True
267.5007 	EXP 	line4: autoDraw = True
267.5055 	EXP 	fixation: autoDraw = False
268.5010 	INFO 	Keyboard events cleared
268.5008 	EXP 	probe: autoDraw = True
268.7853 	EXP 	Device response: <KeyPress from None: t=268.77609970800404, value=c, duration=None>
268.7860 	EXP 	New trial (rep=27, index=3): <Trial 111 (3 in rep 27) data={'pos': np.int64(-150), 'corr_resp': 'z', 'thisN': 111, 'thisTrialN': 3, 'thisRepN': 27}>
268.7918 	DATA 	Keypress: c
268.7962 	EXP 	fixation: autoDraw = False
268.7962 	EXP 	line1: autoDraw = False
268.7962 	EXP 	line2: autoDraw = False
268.7962 	EXP 	line3: autoDraw = False
268.7962 	EXP 	line4: autoDraw = False
268.7962 	EXP 	probe: autoDraw = False
268.7962 	EXP 	fixation: autoDraw = True
268.8896 	EXP 	Device response: <KeyPress from None: t=268.77609970800404, value=c, duration=0.11247699999512406>
269.7840 	EXP 	line1: autoDraw = True
269.7840 	EXP 	line2: autoDraw = True
269.7840 	EXP 	line3: autoDraw = True
269.7840 	EXP 	line4: autoDraw = True
269.7889 	EXP 	fixation: autoDraw = False
270.7840 	INFO 	Keyboard events cleared
270.7839 	EXP 	probe: autoDraw = True
271.1190 	EXP 	Device response: <KeyPress from None: t=271.113999125002, value=z, duration=None>
271.1200 	EXP 	New trial (rep=28, index=0): <Trial 112 (0 in rep 28) data={'pos': np.int64(-50), 'corr_resp': 'x', 'thisN': 112, 'thisTrialN': 0, 'thisRepN': 28}>
271.1250 	EXP 	fixation: autoDraw = False
271.1250 	EXP 	line1: autoDraw = False
271.1250 	EXP 	line2: autoDraw = False
271.1250 	EXP 	line3: autoDraw = False
271.1250 	EXP 	line4: autoDraw = False
271.1250 	EXP 	probe: autoDraw = False
271.1250 	EXP 	fixation: autoDraw = True
271.1292 	DATA 	Keypress: z
271.2355 	EXP 	Device response: <KeyPress from None: t=271.113999125002, value=z, duration=0.10828924999805167>
272.1174 	EXP 	line1: autoDraw = True
272.1174 	EXP 	line2: autoDraw = True
272.1174 	EXP 	line3: autoDraw = True
272.1174 	EXP 	line4: autoDraw = True
272.1229 	EXP 	fixation: autoDraw = False
273.1176 	INFO 	Keyboard events cleared
273.1174 	EXP 	probe: autoDraw = True
273.5015 	EXP 	Device response: <KeyPress from None: t=273.4938087920018, value=x, duration=None>
273.5021 	EXP 	New trial (rep=28, index=1): <Trial 113 (1 in rep 28) data={'pos': np.int64(150), 'corr_resp': 'v', 'thisN': 113, 'thisTrialN': 1, 'thisRepN': 28}>
273.5077 	DATA 	Keypress: x
273.5119 	EXP 	fixation: autoDraw = False
273.5119 	EXP 	line1: autoDraw = False
273.5119 	EXP 	line2: autoDraw = False
273.5119 	EXP 	line3: autoDraw = False
273.5119 	EXP 	line4: autoDraw = False
273.5119 	EXP 	probe: autoDraw = False
273.5119 	EXP 	fixation: autoDraw = True
273.6186 	EXP 	Device response: <KeyPress from None: t=273.4938087920018, value=x, duration=0.11647662500035949>
274.5007 	EXP 	line1: autoDraw = True
274.5007 	EXP 	line2: autoDraw = True
274.5007 	EXP 	line3: autoDraw = True
274.5007 	EXP 	line4: autoDraw = True
274.5057 	EXP 	fixation: autoDraw = False
275.5007 	INFO 	Keyboard events cleared
275.5006 	EXP 	probe: autoDraw = True
275.8853 	EXP 	Device response: <KeyPress from None: t=275.87792354200064, value=v, duration=None>
275.8859 	EXP 	New trial (rep=28, index=2): <Trial 114 (2 in rep 28) data={'pos': np.int64(50), 'corr_resp': 'c', 'thisN': 114, 'thisTrialN': 2, 'thisRepN': 28}>
275.8918 	DATA 	Keypress: v
275.8960 	EXP 	fixation: autoDraw = False
275.8960 	EXP 	line1: autoDraw = False
275.8960 	EXP 	line2: autoDraw = False
275.8960 	EXP 	line3: autoDraw = False
275.8960 	EXP 	line4: autoDraw = False
275.8960 	EXP 	probe: autoDraw = False
275.8960 	EXP 	fixation: autoDraw = True
276.0184 	EXP 	Device response: <KeyPress from None: t=275.87792354200064, value=v, duration=0.13232691599841928>
276.8839 	EXP 	line1: autoDraw = True
276.8839 	EXP 	line2: autoDraw = True
276.8839 	EXP 	line3: autoDraw = True
276.8839 	EXP 	line4: autoDraw = True
276.8888 	EXP 	fixation: autoDraw = False
277.8841 	INFO 	Keyboard events cleared
277.8839 	EXP 	probe: autoDraw = True
278.4227 	EXP 	Device response: <KeyPress from None: t=278.42078762500023, value=c, duration=None>
278.4231 	EXP 	New trial (rep=28, index=3): <Trial 115 (3 in rep 28) data={'pos': np.int64(-150), 'corr_resp': 'z', 'thisN': 115, 'thisTrialN': 3, 'thisRepN': 28}>
278.4285 	DATA 	Keypress: c
278.4331 	EXP 	fixation: autoDraw = False
278.4331 	EXP 	line1: autoDraw = False
278.4331 	EXP 	line2: autoDraw = False
278.4331 	EXP 	line3: autoDraw = False
278.4331 	EXP 	line4: autoDraw = False
278.4331 	EXP 	probe: autoDraw = False
278.4331 	EXP 	fixation: autoDraw = True
278.5350 	EXP 	Device response: <KeyPress from None: t=278.42078762500023, value=c, duration=0.11233391700079665>
279.4224 	EXP 	fixation: autoDraw = False
279.4224 	EXP 	line1: autoDraw = True
279.4224 	EXP 	line2: autoDraw = True
279.4224 	EXP 	line3: autoDraw = True
279.4224 	EXP 	line4: autoDraw = True
280.4234 	INFO 	Keyboard events cleared
280.4232 	EXP 	probe: autoDraw = True
280.8849 	EXP 	Device response: <KeyPress from None: t=280.8778572919982, value=z, duration=None>
280.8853 	EXP 	New trial (rep=29, index=0): <Trial 116 (0 in rep 29) data={'pos': np.int64(-50), 'corr_resp': 'x', 'thisN': 116, 'thisTrialN': 0, 'thisRepN': 29}>
280.8907 	DATA 	Keypress: z
280.8949 	EXP 	fixation: autoDraw = False
280.8949 	EXP 	line1: autoDraw = False
280.8949 	EXP 	line2: autoDraw = False
280.8949 	EXP 	line3: autoDraw = False
280.8949 	EXP 	line4: autoDraw = False
280.8949 	EXP 	probe: autoDraw = False
280.8949 	EXP 	fixation: autoDraw = True
281.0066 	EXP 	Device response: <KeyPress from None: t=280.8778572919982, value=z, duration=0.12416308300453238>
281.8840 	EXP 	line1: autoDraw = True
281.8840 	EXP 	line2: autoDraw = True
281.8840 	EXP 	line3: autoDraw = True
281.8840 	EXP 	line4: autoDraw = True
281.8889 	EXP 	fixation: autoDraw = False
282.8745 	INFO 	Keyboard events cleared
282.8743 	EXP 	probe: autoDraw = True
283.4685 	EXP 	Device response: <KeyPress from None: t=283.4617478750006, value=x, duration=None>
283.4692 	EXP 	New trial (rep=29, index=1): <Trial 117 (1 in rep 29) data={'pos': np.int64(150), 'corr_resp': 'v', 'thisN': 117, 'thisTrialN': 1, 'thisRepN': 29}>
283.4748 	DATA 	Keypress: x
283.4797 	EXP 	fixation: autoDraw = False
283.4797 	EXP 	line1: autoDraw = False
283.4797 	EXP 	line2: autoDraw = False
283.4797 	EXP 	line3: autoDraw = False
283.4797 	EXP 	line4: autoDraw = False
283.4797 	EXP 	probe: autoDraw = False
283.4797 	EXP 	fixation: autoDraw = True
283.6019 	EXP 	Device response: <KeyPress from None: t=283.4617478750006, value=x, duration=0.12842900000396185>
284.4672 	EXP 	line1: autoDraw = True
284.4672 	EXP 	line2: autoDraw = True
284.4672 	EXP 	line3: autoDraw = True
284.4672 	EXP 	line4: autoDraw = True
284.4721 	EXP 	fixation: autoDraw = False
285.4675 	INFO 	Keyboard events cleared
285.4673 	EXP 	probe: autoDraw = True
285.8852 	EXP 	Device response: <KeyPress from None: t=285.88063725000393, value=v, duration=None>
285.8858 	EXP 	New trial (rep=29, index=2): <Trial 118 (2 in rep 29) data={'pos': np.int64(50), 'corr_resp': 'c', 'thisN': 118, 'thisTrialN': 2, 'thisRepN': 29}>
285.8903 	EXP 	fixation: autoDraw = False
285.8903 	EXP 	line1: autoDraw = False
285.8903 	EXP 	line2: autoDraw = False
285.8903 	EXP 	line3: autoDraw = False
285.8903 	EXP 	line4: autoDraw = False
285.8903 	EXP 	probe: autoDraw = False
285.8903 	EXP 	fixation: autoDraw = True
285.8943 	DATA 	Keypress: v
286.0017 	EXP 	Device response: <KeyPress from None: t=285.88063725000393, value=v, duration=0.11626091699872632>
286.8838 	EXP 	line1: autoDraw = True
286.8838 	EXP 	line2: autoDraw = True
286.8838 	EXP 	line3: autoDraw = True
286.8838 	EXP 	line4: autoDraw = True
286.8880 	EXP 	fixation: autoDraw = False
287.8842 	INFO 	Keyboard events cleared
287.8840 	EXP 	probe: autoDraw = True
288.2014 	EXP 	Device response: <KeyPress from None: t=288.19361037500494, value=c, duration=None>
288.2019 	EXP 	New trial (rep=29, index=3): <Trial 119 (3 in rep 29) data={'pos': np.int64(-150), 'corr_resp': 'z', 'thisN': 119, 'thisTrialN': 3, 'thisRepN': 29}>
288.2077 	DATA 	Keypress: c
288.2119 	EXP 	fixation: autoDraw = False
288.2119 	EXP 	line1: autoDraw = False
288.2119 	EXP 	line2: autoDraw = False
288.2119 	EXP 	line3: autoDraw = False
288.2119 	EXP 	line4: autoDraw = False
288.2119 	EXP 	probe: autoDraw = False
288.2119 	EXP 	fixation: autoDraw = True
288.2850 	EXP 	Device response: <KeyPress from None: t=288.19361037500494, value=c, duration=0.08018658299988601>
289.2006 	EXP 	line1: autoDraw = True
289.2006 	EXP 	line2: autoDraw = True
289.2006 	EXP 	line3: autoDraw = True
289.2006 	EXP 	line4: autoDraw = True
289.2057 	EXP 	fixation: autoDraw = False
290.2006 	INFO 	Keyboard events cleared
290.2005 	EXP 	probe: autoDraw = True
290.7185 	EXP 	Device response: <KeyPress from None: t=290.70743437499914, value=z, duration=None>
290.7192 	EXP 	New trial (rep=30, index=0): <Trial 120 (0 in rep 30) data={'pos': np.int64(-50), 'corr_resp': 'x', 'thisN': 120, 'thisTrialN': 0, 'thisRepN': 30}>
290.7249 	DATA 	Keypress: z
290.7292 	EXP 	fixation: autoDraw = False
290.7292 	EXP 	line1: autoDraw = False
290.7292 	EXP 	line2: autoDraw = False
290.7292 	EXP 	line3: autoDraw = False
290.7292 	EXP 	line4: autoDraw = False
290.7292 	EXP 	probe: autoDraw = False
290.7292 	EXP 	fixation: autoDraw = True
290.8517 	EXP 	Device response: <KeyPress from None: t=290.70743437499914, value=z, duration=0.1364869169992744>
291.7171 	EXP 	line1: autoDraw = True
291.7171 	EXP 	line2: autoDraw = True
291.7171 	EXP 	line3: autoDraw = True
291.7171 	EXP 	line4: autoDraw = True
291.7213 	EXP 	fixation: autoDraw = False
292.7174 	INFO 	Keyboard events cleared
292.7172 	EXP 	probe: autoDraw = True
293.0685 	EXP 	Device response: <KeyPress from None: t=293.0654141250052, value=x, duration=None>
293.0692 	EXP 	New trial (rep=30, index=1): <Trial 121 (1 in rep 30) data={'pos': np.int64(150), 'corr_resp': 'v', 'thisN': 121, 'thisTrialN': 1, 'thisRepN': 30}>
293.0742 	EXP 	fixation: autoDraw = False
293.0742 	EXP 	line1: autoDraw = False
293.0742 	EXP 	line2: autoDraw = False
293.0742 	EXP 	line3: autoDraw = False
293.0742 	EXP 	line4: autoDraw = False
293.0742 	EXP 	probe: autoDraw = False
293.0742 	EXP 	fixation: autoDraw = True
293.0781 	DATA 	Keypress: x
293.1850 	EXP 	Device response: <KeyPress from None: t=293.0654141250052, value=x, duration=0.11237324999819975>
294.0672 	EXP 	line1: autoDraw = True
294.0672 	EXP 	line2: autoDraw = True
294.0672 	EXP 	line3: autoDraw = True
294.0672 	EXP 	line4: autoDraw = True
294.0721 	EXP 	fixation: autoDraw = False
295.0675 	INFO 	Keyboard events cleared
295.0673 	EXP 	probe: autoDraw = True
295.4690 	EXP 	Device response: <KeyPress from None: t=295.4572942500017, value=v, duration=None>
295.4700 	EXP 	New trial (rep=30, index=2): <Trial 122 (2 in rep 30) data={'pos': np.int64(50), 'corr_resp': 'c', 'thisN': 122, 'thisTrialN': 2, 'thisRepN': 30}>
295.4754 	DATA 	Keypress: v
295.4794 	EXP 	fixation: autoDraw = False
295.4794 	EXP 	line1: autoDraw = False
295.4794 	EXP 	line2: autoDraw = False
295.4794 	EXP 	line3: autoDraw = False
295.4794 	EXP 	line4: autoDraw = False
295.4794 	EXP 	probe: autoDraw = False
295.4794 	EXP 	fixation: autoDraw = True
295.5737 	EXP 	Device response: <KeyPress from None: t=295.4572942500017, value=v, duration=0.11261141699651489>
296.4671 	EXP 	line1: autoDraw = True
296.4671 	EXP 	line2: autoDraw = True
296.4671 	EXP 	line3: autoDraw = True
296.4671 	EXP 	line4: autoDraw = True
296.4721 	EXP 	fixation: autoDraw = False
297.4673 	INFO 	Keyboard events cleared
297.4670 	EXP 	probe: autoDraw = True
297.9684 	EXP 	Device response: <KeyPress from None: t=297.95623170800536, value=c, duration=None>
297.9693 	EXP 	New trial (rep=30, index=3): <Trial 123 (3 in rep 30) data={'pos': np.int64(-150), 'corr_resp': 'z', 'thisN': 123, 'thisTrialN': 3, 'thisRepN': 30}>
297.9751 	DATA 	Keypress: c
297.9794 	EXP 	fixation: autoDraw = False
297.9794 	EXP 	line1: autoDraw = False
297.9794 	EXP 	line2: autoDraw = False
297.9794 	EXP 	line3: autoDraw = False
297.9794 	EXP 	line4: autoDraw = False
297.9794 	EXP 	probe: autoDraw = False
297.9794 	EXP 	fixation: autoDraw = True
298.0516 	EXP 	Device response: <KeyPress from None: t=297.95623170800536, value=c, duration=0.08489224999357248>
298.9671 	EXP 	line1: autoDraw = True
298.9671 	EXP 	line2: autoDraw = True
298.9671 	EXP 	line3: autoDraw = True
298.9671 	EXP 	line4: autoDraw = True
298.9716 	EXP 	fixation: autoDraw = False
299.9673 	INFO 	Keyboard events cleared
299.9671 	EXP 	probe: autoDraw = True
300.5682 	EXP 	Device response: <KeyPress from None: t=300.55625158300245, value=z, duration=None>
300.5687 	EXP 	New trial (rep=31, index=0): <Trial 124 (0 in rep 31) data={'pos': np.int64(-50), 'corr_resp': 'x', 'thisN': 124, 'thisTrialN': 0, 'thisRepN': 31}>
300.5742 	DATA 	Keypress: z
300.5782 	EXP 	fixation: autoDraw = False
300.5782 	EXP 	line1: autoDraw = False
300.5782 	EXP 	line2: autoDraw = False
300.5782 	EXP 	line3: autoDraw = False
300.5782 	EXP 	line4: autoDraw = False
300.5782 	EXP 	probe: autoDraw = False
300.5782 	EXP 	fixation: autoDraw = True
300.6517 	EXP 	Device response: <KeyPress from None: t=300.55625158300245, value=z, duration=0.09229349999804981>
301.5671 	EXP 	line1: autoDraw = True
301.5671 	EXP 	line2: autoDraw = True
301.5671 	EXP 	line3: autoDraw = True
301.5671 	EXP 	line4: autoDraw = True
301.5718 	EXP 	fixation: autoDraw = False
302.5671 	INFO 	Keyboard events cleared
302.5670 	EXP 	probe: autoDraw = True
302.8235 	EXP 	Device response: <KeyPress from None: t=302.8202752500001, value=x, duration=None>
302.8239 	EXP 	New trial (rep=31, index=1): <Trial 125 (1 in rep 31) data={'pos': np.int64(150), 'corr_resp': 'v', 'thisN': 125, 'thisTrialN': 1, 'thisRepN': 31}>
302.8294 	DATA 	Keypress: x
302.8336 	EXP 	fixation: autoDraw = False
302.8336 	EXP 	line1: autoDraw = False
302.8336 	EXP 	line2: autoDraw = False
302.8336 	EXP 	line3: autoDraw = False
302.8336 	EXP 	line4: autoDraw = False
302.8336 	EXP 	probe: autoDraw = False
302.8336 	EXP 	fixation: autoDraw = True
302.9185 	EXP 	Device response: <KeyPress from None: t=302.8202752500001, value=x, duration=0.09228170799906366>
303.8219 	EXP 	fixation: autoDraw = False
303.8219 	EXP 	line1: autoDraw = True
303.8219 	EXP 	line2: autoDraw = True
303.8219 	EXP 	line3: autoDraw = True
303.8219 	EXP 	line4: autoDraw = True
304.8241 	INFO 	Keyboard events cleared
304.8240 	EXP 	probe: autoDraw = True
305.1064 	EXP 	Device response: <KeyPress from None: t=305.1051832919984, value=v, duration=None>
305.1068 	EXP 	New trial (rep=31, index=2): <Trial 126 (2 in rep 31) data={'pos': np.int64(50), 'corr_resp': 'c', 'thisN': 126, 'thisTrialN': 2, 'thisRepN': 31}>
305.1121 	DATA 	Keypress: v
305.1164 	EXP 	fixation: autoDraw = False
305.1164 	EXP 	line1: autoDraw = False
305.1164 	EXP 	line2: autoDraw = False
305.1164 	EXP 	line3: autoDraw = False
305.1164 	EXP 	line4: autoDraw = False
305.1164 	EXP 	probe: autoDraw = False
305.1164 	EXP 	fixation: autoDraw = True
305.2182 	EXP 	Device response: <KeyPress from None: t=305.1051832919984, value=v, duration=0.10440766600368079>
306.1052 	EXP 	fixation: autoDraw = False
306.1052 	EXP 	line1: autoDraw = True
306.1052 	EXP 	line2: autoDraw = True
306.1052 	EXP 	line3: autoDraw = True
306.1052 	EXP 	line4: autoDraw = True
307.1005 	INFO 	Keyboard events cleared
307.1003 	EXP 	probe: autoDraw = True
307.3516 	EXP 	Device response: <KeyPress from None: t=307.34704208300536, value=c, duration=None>
307.3523 	EXP 	New trial (rep=31, index=3): <Trial 127 (3 in rep 31) data={'pos': np.int64(-150), 'corr_resp': 'z', 'thisN': 127, 'thisTrialN': 3, 'thisRepN': 31}>
307.3573 	EXP 	fixation: autoDraw = False
307.3573 	EXP 	line1: autoDraw = False
307.3573 	EXP 	line2: autoDraw = False
307.3573 	EXP 	line3: autoDraw = False
307.3573 	EXP 	line4: autoDraw = False
307.3573 	EXP 	probe: autoDraw = False
307.3573 	EXP 	fixation: autoDraw = True
307.3620 	DATA 	Keypress: c
307.4517 	EXP 	Device response: <KeyPress from None: t=307.34704208300536, value=c, duration=0.09230020899849478>
308.3503 	EXP 	line1: autoDraw = True
308.3503 	EXP 	line2: autoDraw = True
308.3503 	EXP 	line3: autoDraw = True
308.3503 	EXP 	line4: autoDraw = True
308.3550 	EXP 	fixation: autoDraw = False
309.3503 	INFO 	Keyboard events cleared
309.3502 	EXP 	probe: autoDraw = True
309.6183 	EXP 	Device response: <KeyPress from None: t=309.6141839580014, value=z, duration=None>
309.6190 	EXP 	New trial (rep=32, index=0): <Trial 128 (0 in rep 32) data={'pos': np.int64(-50), 'corr_resp': 'x', 'thisN': 128, 'thisTrialN': 0, 'thisRepN': 32}>
309.6240 	EXP 	fixation: autoDraw = False
309.6240 	EXP 	line1: autoDraw = False
309.6240 	EXP 	line2: autoDraw = False
309.6240 	EXP 	line3: autoDraw = False
309.6240 	EXP 	line4: autoDraw = False
309.6240 	EXP 	probe: autoDraw = False
309.6240 	EXP 	fixation: autoDraw = True
309.6283 	DATA 	Keypress: z
309.7681 	EXP 	Device response: <KeyPress from None: t=309.6141839580014, value=z, duration=0.14834770900051808>
310.6170 	EXP 	line1: autoDraw = True
310.6170 	EXP 	line2: autoDraw = True
310.6170 	EXP 	line3: autoDraw = True
310.6170 	EXP 	line4: autoDraw = True
310.6216 	EXP 	fixation: autoDraw = False
311.6170 	INFO 	Keyboard events cleared
311.6169 	EXP 	probe: autoDraw = True
311.9017 	EXP 	Device response: <KeyPress from None: t=311.9000295000005, value=x, duration=None>
311.9025 	EXP 	New trial (rep=32, index=1): <Trial 129 (1 in rep 32) data={'pos': np.int64(150), 'corr_resp': 'v', 'thisN': 129, 'thisTrialN': 1, 'thisRepN': 32}>
311.9076 	EXP 	fixation: autoDraw = False
311.9076 	EXP 	line1: autoDraw = False
311.9076 	EXP 	line2: autoDraw = False
311.9076 	EXP 	line3: autoDraw = False
311.9076 	EXP 	line4: autoDraw = False
311.9076 	EXP 	probe: autoDraw = False
311.9076 	EXP 	fixation: autoDraw = True
311.9116 	DATA 	Keypress: x
312.0014 	EXP 	Device response: <KeyPress from None: t=311.9000295000005, value=x, duration=0.10030691700376337>
312.9004 	EXP 	line1: autoDraw = True
312.9004 	EXP 	line2: autoDraw = True
312.9004 	EXP 	line3: autoDraw = True
312.9004 	EXP 	line4: autoDraw = True
312.9054 	EXP 	fixation: autoDraw = False
313.9006 	INFO 	Keyboard events cleared
313.9005 	EXP 	probe: autoDraw = True
314.2562 	EXP 	Device response: <KeyPress from None: t=314.25196162499924, value=v, duration=None>
314.2567 	EXP 	New trial (rep=32, index=2): <Trial 130 (2 in rep 32) data={'pos': np.int64(50), 'corr_resp': 'c', 'thisN': 130, 'thisTrialN': 2, 'thisRepN': 32}>
314.2622 	DATA 	Keypress: v
314.2664 	EXP 	fixation: autoDraw = False
314.2664 	EXP 	line1: autoDraw = False
314.2664 	EXP 	line2: autoDraw = False
314.2664 	EXP 	line3: autoDraw = False
314.2664 	EXP 	line4: autoDraw = False
314.2664 	EXP 	probe: autoDraw = False
314.2664 	EXP 	fixation: autoDraw = True
314.3679 	EXP 	Device response: <KeyPress from None: t=314.25196162499924, value=v, duration=0.10835025000415044>
315.2547 	EXP 	fixation: autoDraw = False
315.2547 	EXP 	line1: autoDraw = True
315.2547 	EXP 	line2: autoDraw = True
315.2547 	EXP 	line3: autoDraw = True
315.2547 	EXP 	line4: autoDraw = True
316.2558 	INFO 	Keyboard events cleared
316.2556 	EXP 	probe: autoDraw = True
316.7073 	EXP 	Device response: <KeyPress from None: t=316.702960583003, value=c, duration=None>
316.7077 	EXP 	New trial (rep=32, index=3): <Trial 131 (3 in rep 32) data={'pos': np.int64(-150), 'corr_resp': 'z', 'thisN': 131, 'thisTrialN': 3, 'thisRepN': 32}>
316.7131 	DATA 	Keypress: c
316.7339 	EXP 	fixation: autoDraw = False
316.7339 	EXP 	line1: autoDraw = False
316.7339 	EXP 	line2: autoDraw = False
316.7339 	EXP 	line3: autoDraw = False
316.7339 	EXP 	line4: autoDraw = False
316.7339 	EXP 	probe: autoDraw = False
316.7339 	EXP 	fixation: autoDraw = True
316.8185 	EXP 	Device response: <KeyPress from None: t=316.702960583003, value=c, duration=0.1041702919974341>
317.7056 	EXP 	line1: autoDraw = True
317.7056 	EXP 	line2: autoDraw = True
317.7056 	EXP 	line3: autoDraw = True
317.7056 	EXP 	line4: autoDraw = True
317.7219 	EXP 	fixation: autoDraw = False
318.7065 	INFO 	Keyboard events cleared
318.7064 	EXP 	probe: autoDraw = True
319.1350 	EXP 	Device response: <KeyPress from None: t=319.1288691670052, value=z, duration=None>
319.1356 	EXP 	New trial (rep=33, index=0): <Trial 132 (0 in rep 33) data={'pos': np.int64(-50), 'corr_resp': 'x', 'thisN': 132, 'thisTrialN': 0, 'thisRepN': 33}>
319.1412 	DATA 	Keypress: z
319.1454 	EXP 	fixation: autoDraw = False
319.1454 	EXP 	line1: autoDraw = False
319.1454 	EXP 	line2: autoDraw = False
319.1454 	EXP 	line3: autoDraw = False
319.1454 	EXP 	line4: autoDraw = False
319.1454 	EXP 	probe: autoDraw = False
319.1454 	EXP 	fixation: autoDraw = True
319.3184 	EXP 	Device response: <KeyPress from None: t=319.1288691670052, value=z, duration=0.18827891599357827>
320.1336 	EXP 	line1: autoDraw = True
320.1336 	EXP 	line2: autoDraw = True
320.1336 	EXP 	line3: autoDraw = True
320.1336 	EXP 	line4: autoDraw = True
320.1387 	EXP 	fixation: autoDraw = False
321.1337 	INFO 	Keyboard events cleared
321.1335 	EXP 	probe: autoDraw = True
321.6517 	EXP 	Device response: <KeyPress from None: t=321.64774141700036, value=x, duration=None>
321.6524 	EXP 	New trial (rep=33, index=1): <Trial 133 (1 in rep 33) data={'pos': np.int64(150), 'corr_resp': 'v', 'thisN': 133, 'thisTrialN': 1, 'thisRepN': 33}>
321.6576 	EXP 	fixation: autoDraw = False
321.6576 	EXP 	line1: autoDraw = False
321.6576 	EXP 	line2: autoDraw = False
321.6576 	EXP 	line3: autoDraw = False
321.6576 	EXP 	line4: autoDraw = False
321.6576 	EXP 	probe: autoDraw = False
321.6576 	EXP 	fixation: autoDraw = True
321.6616 	DATA 	Keypress: x
321.7848 	EXP 	Device response: <KeyPress from None: t=321.64774141700036, value=x, duration=0.12433175000478514>
322.6501 	EXP 	line1: autoDraw = True
322.6501 	EXP 	line2: autoDraw = True
322.6501 	EXP 	line3: autoDraw = True
322.6501 	EXP 	line4: autoDraw = True
322.6545 	EXP 	fixation: autoDraw = False
323.6503 	INFO 	Keyboard events cleared
323.6502 	EXP 	probe: autoDraw = True
324.3016 	EXP 	Device response: <KeyPress from None: t=324.29466608299845, value=v, duration=None>
324.3024 	EXP 	New trial (rep=33, index=2): <Trial 134 (2 in rep 33) data={'pos': np.int64(50), 'corr_resp': 'c', 'thisN': 134, 'thisTrialN': 2, 'thisRepN': 33}>
324.3082 	DATA 	Keypress: v
324.3125 	EXP 	fixation: autoDraw = False
324.3125 	EXP 	line1: autoDraw = False
324.3125 	EXP 	line2: autoDraw = False
324.3125 	EXP 	line3: autoDraw = False
324.3125 	EXP 	line4: autoDraw = False
324.3125 	EXP 	probe: autoDraw = False
324.3125 	EXP 	fixation: autoDraw = True
324.3849 	EXP 	Device response: <KeyPress from None: t=324.29466608299845, value=v, duration=0.07633300000452437>
325.3002 	EXP 	line1: autoDraw = True
325.3002 	EXP 	line2: autoDraw = True
325.3002 	EXP 	line3: autoDraw = True
325.3002 	EXP 	line4: autoDraw = True
325.3052 	EXP 	fixation: autoDraw = False
326.3006 	INFO 	Keyboard events cleared
326.3004 	EXP 	probe: autoDraw = True
326.6848 	EXP 	Device response: <KeyPress from None: t=326.6815782920021, value=c, duration=None>
326.6855 	EXP 	New trial (rep=33, index=3): <Trial 135 (3 in rep 33) data={'pos': np.int64(-150), 'corr_resp': 'z', 'thisN': 135, 'thisTrialN': 3, 'thisRepN': 33}>
326.6907 	EXP 	fixation: autoDraw = False
326.6907 	EXP 	line1: autoDraw = False
326.6907 	EXP 	line2: autoDraw = False
326.6907 	EXP 	line3: autoDraw = False
326.6907 	EXP 	line4: autoDraw = False
326.6907 	EXP 	probe: autoDraw = False
326.6907 	EXP 	fixation: autoDraw = True
326.6945 	DATA 	Keypress: c
326.7844 	EXP 	Device response: <KeyPress from None: t=326.6815782920021, value=c, duration=0.09699666599772172>
327.6835 	EXP 	line1: autoDraw = True
327.6835 	EXP 	line2: autoDraw = True
327.6835 	EXP 	line3: autoDraw = True
327.6835 	EXP 	line4: autoDraw = True
327.6884 	EXP 	fixation: autoDraw = False
328.6837 	INFO 	Keyboard events cleared
328.6835 	EXP 	probe: autoDraw = True
329.2849 	EXP 	Device response: <KeyPress from None: t=329.27966883299814, value=z, duration=None>
329.2856 	EXP 	New trial (rep=34, index=0): <Trial 136 (0 in rep 34) data={'pos': np.int64(-50), 'corr_resp': 'x', 'thisN': 136, 'thisTrialN': 0, 'thisRepN': 34}>
329.2917 	DATA 	Keypress: z
329.2958 	EXP 	fixation: autoDraw = False
329.2958 	EXP 	line1: autoDraw = False
329.2958 	EXP 	line2: autoDraw = False
329.2958 	EXP 	line3: autoDraw = False
329.2958 	EXP 	line4: autoDraw = False
329.2958 	EXP 	probe: autoDraw = False
329.2958 	EXP 	fixation: autoDraw = True
329.4722 	EXP 	Device response: <KeyPress from None: t=329.27966883299814, value=z, duration=0.18829733400343684>
330.2835 	EXP 	line1: autoDraw = True
330.2835 	EXP 	line2: autoDraw = True
330.2835 	EXP 	line3: autoDraw = True
330.2835 	EXP 	line4: autoDraw = True
330.2886 	EXP 	fixation: autoDraw = False
331.2837 	INFO 	Keyboard events cleared
331.2836 	EXP 	probe: autoDraw = True
331.7681 	EXP 	Device response: <KeyPress from None: t=331.76460529200267, value=x, duration=None>
331.7688 	EXP 	New trial (rep=34, index=1): <Trial 137 (1 in rep 34) data={'pos': np.int64(150), 'corr_resp': 'v', 'thisN': 137, 'thisTrialN': 1, 'thisRepN': 34}>
331.7739 	EXP 	fixation: autoDraw = False
331.7739 	EXP 	line1: autoDraw = False
331.7739 	EXP 	line2: autoDraw = False
331.7739 	EXP 	line3: autoDraw = False
331.7739 	EXP 	line4: autoDraw = False
331.7739 	EXP 	probe: autoDraw = False
331.7739 	EXP 	fixation: autoDraw = True
331.7777 	DATA 	Keypress: x
331.8681 	EXP 	Device response: <KeyPress from None: t=331.76460529200267, value=x, duration=0.10031387500202982>
332.7668 	EXP 	line1: autoDraw = True
332.7668 	EXP 	line2: autoDraw = True
332.7668 	EXP 	line3: autoDraw = True
332.7668 	EXP 	line4: autoDraw = True
332.7711 	EXP 	fixation: autoDraw = False
333.7669 	INFO 	Keyboard events cleared
333.7667 	EXP 	probe: autoDraw = True
334.3230 	EXP 	Device response: <KeyPress from None: t=334.31938870800514, value=v, duration=None>
334.3234 	EXP 	New trial (rep=34, index=2): <Trial 138 (2 in rep 34) data={'pos': np.int64(50), 'corr_resp': 'c', 'thisN': 138, 'thisTrialN': 2, 'thisRepN': 34}>
334.3288 	DATA 	Keypress: v
334.3330 	EXP 	fixation: autoDraw = False
334.3330 	EXP 	line1: autoDraw = False
334.3330 	EXP 	line2: autoDraw = False
334.3330 	EXP 	line3: autoDraw = False
334.3330 	EXP 	line4: autoDraw = False
334.3330 	EXP 	probe: autoDraw = False
334.3330 	EXP 	fixation: autoDraw = True
334.4350 	EXP 	Device response: <KeyPress from None: t=334.31938870800514, value=v, duration=0.1125307089969283>
335.3212 	EXP 	fixation: autoDraw = False
335.3212 	EXP 	line1: autoDraw = True
335.3212 	EXP 	line2: autoDraw = True
335.3212 	EXP 	line3: autoDraw = True
335.3212 	EXP 	line4: autoDraw = True
336.3228 	INFO 	Keyboard events cleared
336.3226 	EXP 	probe: autoDraw = True
336.8388 	EXP 	Device response: <KeyPress from None: t=336.8354279999985, value=c, duration=None>
336.8392 	EXP 	New trial (rep=34, index=3): <Trial 139 (3 in rep 34) data={'pos': np.int64(-150), 'corr_resp': 'z', 'thisN': 139, 'thisTrialN': 3, 'thisRepN': 34}>
336.8447 	DATA 	Keypress: c
336.8493 	EXP 	fixation: autoDraw = False
336.8493 	EXP 	line1: autoDraw = False
336.8493 	EXP 	line2: autoDraw = False
336.8493 	EXP 	line3: autoDraw = False
336.8493 	EXP 	line4: autoDraw = False
336.8493 	EXP 	probe: autoDraw = False
336.8493 	EXP 	fixation: autoDraw = True
336.9390 	EXP 	Device response: <KeyPress from None: t=336.8354279999985, value=c, duration=0.10030433300562436>
337.8384 	EXP 	fixation: autoDraw = False
337.8384 	EXP 	line1: autoDraw = True
337.8384 	EXP 	line2: autoDraw = True
337.8384 	EXP 	line3: autoDraw = True
337.8384 	EXP 	line4: autoDraw = True
338.8339 	INFO 	Keyboard events cleared
338.8337 	EXP 	probe: autoDraw = True
339.2074 	EXP 	Device response: <KeyPress from None: t=339.2034172499989, value=z, duration=None>
339.2078 	EXP 	New trial (rep=35, index=0): <Trial 140 (0 in rep 35) data={'pos': np.int64(-50), 'corr_resp': 'x', 'thisN': 140, 'thisTrialN': 0, 'thisRepN': 35}>
339.2133 	DATA 	Keypress: z
339.2207 	EXP 	fixation: autoDraw = False
339.2207 	EXP 	line1: autoDraw = False
339.2207 	EXP 	line2: autoDraw = False
339.2207 	EXP 	line3: autoDraw = False
339.2207 	EXP 	line4: autoDraw = False
339.2207 	EXP 	probe: autoDraw = False
339.2207 	EXP 	fixation: autoDraw = True
339.3680 	EXP 	Device response: <KeyPress from None: t=339.2034172499989, value=z, duration=0.16032095800619572>
340.2053 	EXP 	line1: autoDraw = True
340.2053 	EXP 	line2: autoDraw = True
340.2053 	EXP 	line3: autoDraw = True
340.2053 	EXP 	line4: autoDraw = True
340.2168 	EXP 	fixation: autoDraw = False
341.2067 	INFO 	Keyboard events cleared
341.2065 	EXP 	probe: autoDraw = True
342.1681 	EXP 	Device response: <KeyPress from None: t=342.1643561669989, value=x, duration=None>
342.1689 	EXP 	New trial (rep=35, index=1): <Trial 141 (1 in rep 35) data={'pos': np.int64(150), 'corr_resp': 'v', 'thisN': 141, 'thisTrialN': 1, 'thisRepN': 35}>
342.1738 	EXP 	fixation: autoDraw = False
342.1738 	EXP 	line1: autoDraw = False
342.1738 	EXP 	line2: autoDraw = False
342.1738 	EXP 	line3: autoDraw = False
342.1738 	EXP 	line4: autoDraw = False
342.1738 	EXP 	probe: autoDraw = False
342.1738 	EXP 	fixation: autoDraw = True
342.1778 	DATA 	Keypress: x
342.3058 	EXP 	Device response: <KeyPress from None: t=342.1643561669989, value=x, duration=0.13631133300077636>
343.1666 	EXP 	line1: autoDraw = True
343.1666 	EXP 	line2: autoDraw = True
343.1666 	EXP 	line3: autoDraw = True
343.1666 	EXP 	line4: autoDraw = True
343.1717 	EXP 	fixation: autoDraw = False
344.1668 	INFO 	Keyboard events cleared
344.1666 	EXP 	probe: autoDraw = True
344.5181 	EXP 	Device response: <KeyPress from None: t=344.506231667001, value=v, duration=None>
344.5187 	EXP 	New trial (rep=35, index=2): <Trial 142 (2 in rep 35) data={'pos': np.int64(50), 'corr_resp': 'c', 'thisN': 142, 'thisTrialN': 2, 'thisRepN': 35}>
344.5243 	DATA 	Keypress: v
344.5283 	EXP 	fixation: autoDraw = False
344.5283 	EXP 	line1: autoDraw = False
344.5283 	EXP 	line2: autoDraw = False
344.5283 	EXP 	line3: autoDraw = False
344.5283 	EXP 	line4: autoDraw = False
344.5283 	EXP 	probe: autoDraw = False
344.5283 	EXP 	fixation: autoDraw = True
344.6180 	EXP 	Device response: <KeyPress from None: t=344.506231667001, value=v, duration=0.10824779100221349>
345.5167 	EXP 	line1: autoDraw = True
345.5167 	EXP 	line2: autoDraw = True
345.5167 	EXP 	line3: autoDraw = True
345.5167 	EXP 	line4: autoDraw = True
345.5215 	EXP 	fixation: autoDraw = False
346.5169 	INFO 	Keyboard events cleared
346.5167 	EXP 	probe: autoDraw = True
346.9014 	EXP 	Device response: <KeyPress from None: t=346.8943545420043, value=c, duration=None>
346.9023 	EXP 	New trial (rep=35, index=3): <Trial 143 (3 in rep 35) data={'pos': np.int64(-150), 'corr_resp': 'z', 'thisN': 143, 'thisTrialN': 3, 'thisRepN': 35}>
346.9080 	DATA 	Keypress: c
346.9120 	EXP 	fixation: autoDraw = False
346.9120 	EXP 	line1: autoDraw = False
346.9120 	EXP 	line2: autoDraw = False
346.9120 	EXP 	line3: autoDraw = False
346.9120 	EXP 	line4: autoDraw = False
346.9120 	EXP 	probe: autoDraw = False
346.9120 	EXP 	fixation: autoDraw = True
346.9881 	EXP 	Device response: <KeyPress from None: t=346.8943545420043, value=c, duration=0.092187374997593>
347.9000 	EXP 	line1: autoDraw = True
347.9000 	EXP 	line2: autoDraw = True
347.9000 	EXP 	line3: autoDraw = True
347.9000 	EXP 	line4: autoDraw = True
347.9053 	EXP 	fixation: autoDraw = False
348.9003 	INFO 	Keyboard events cleared
348.9001 	EXP 	probe: autoDraw = True
349.2063 	EXP 	Device response: <KeyPress from None: t=349.2052218329991, value=z, duration=None>
349.2119 	DATA 	Keypress: z
349.2168 	EXP 	New trial (rep=36, index=0): <Trial 144 (0 in rep 36) data={'pos': np.int64(-50), 'corr_resp': 'x', 'thisN': 144, 'thisTrialN': 0, 'thisRepN': 36}>
349.2203 	EXP 	fixation: autoDraw = False
349.2203 	EXP 	line1: autoDraw = False
349.2203 	EXP 	line2: autoDraw = False
349.2203 	EXP 	line3: autoDraw = False
349.2203 	EXP 	line4: autoDraw = False
349.2203 	EXP 	probe: autoDraw = False
349.2203 	EXP 	fixation: autoDraw = True
349.3679 	EXP 	Device response: <KeyPress from None: t=349.2052218329991, value=z, duration=0.15225362500495976>
350.2054 	EXP 	line1: autoDraw = True
350.2054 	EXP 	line2: autoDraw = True
350.2054 	EXP 	line3: autoDraw = True
350.2054 	EXP 	line4: autoDraw = True
350.2166 	EXP 	fixation: autoDraw = False
351.2058 	INFO 	Keyboard events cleared
351.2057 	EXP 	probe: autoDraw = True
351.6178 	EXP 	Device response: <KeyPress from None: t=351.6111543330044, value=x, duration=None>
351.6185 	EXP 	New trial (rep=36, index=1): <Trial 145 (1 in rep 36) data={'pos': np.int64(150), 'corr_resp': 'v', 'thisN': 145, 'thisTrialN': 1, 'thisRepN': 36}>
351.6242 	DATA 	Keypress: x
351.6283 	EXP 	fixation: autoDraw = False
351.6283 	EXP 	line1: autoDraw = False
351.6283 	EXP 	line2: autoDraw = False
351.6283 	EXP 	line3: autoDraw = False
351.6283 	EXP 	line4: autoDraw = False
351.6283 	EXP 	probe: autoDraw = False
351.6283 	EXP 	fixation: autoDraw = True
351.7179 	EXP 	Device response: <KeyPress from None: t=351.6111543330044, value=x, duration=0.10031054199498612>
352.6167 	EXP 	line1: autoDraw = True
352.6167 	EXP 	line2: autoDraw = True
352.6167 	EXP 	line3: autoDraw = True
352.6167 	EXP 	line4: autoDraw = True
352.6216 	EXP 	fixation: autoDraw = False
353.6170 	INFO 	Keyboard events cleared
353.6168 	EXP 	probe: autoDraw = True
353.9680 	EXP 	Device response: <KeyPress from None: t=353.95806741699926, value=v, duration=None>
353.9686 	EXP 	New trial (rep=36, index=2): <Trial 146 (2 in rep 36) data={'pos': np.int64(50), 'corr_resp': 'c', 'thisN': 146, 'thisTrialN': 2, 'thisRepN': 36}>
353.9742 	DATA 	Keypress: v
353.9785 	EXP 	fixation: autoDraw = False
353.9785 	EXP 	line1: autoDraw = False
353.9785 	EXP 	line2: autoDraw = False
353.9785 	EXP 	line3: autoDraw = False
353.9785 	EXP 	line4: autoDraw = False
353.9785 	EXP 	probe: autoDraw = False
353.9785 	EXP 	fixation: autoDraw = True
354.0681 	EXP 	Device response: <KeyPress from None: t=353.95806741699926, value=v, duration=0.09631812500447268>
354.9667 	EXP 	line1: autoDraw = True
354.9667 	EXP 	line2: autoDraw = True
354.9667 	EXP 	line3: autoDraw = True
354.9667 	EXP 	line4: autoDraw = True
354.9712 	EXP 	fixation: autoDraw = False
355.9667 	INFO 	Keyboard events cleared
355.9666 	EXP 	probe: autoDraw = True
356.3179 	EXP 	Device response: <KeyPress from None: t=356.31111291699926, value=c, duration=None>
356.3187 	EXP 	New trial (rep=36, index=3): <Trial 147 (3 in rep 36) data={'pos': np.int64(-150), 'corr_resp': 'z', 'thisN': 147, 'thisTrialN': 3, 'thisRepN': 36}>
356.3243 	DATA 	Keypress: c
356.3284 	EXP 	fixation: autoDraw = False
356.3284 	EXP 	line1: autoDraw = False
356.3284 	EXP 	line2: autoDraw = False
356.3284 	EXP 	line3: autoDraw = False
356.3284 	EXP 	line4: autoDraw = False
356.3284 	EXP 	probe: autoDraw = False
356.3284 	EXP 	fixation: autoDraw = True
356.4178 	EXP 	Device response: <KeyPress from None: t=356.31111291699926, value=c, duration=0.09615554100309964>
357.3166 	EXP 	line1: autoDraw = True
357.3166 	EXP 	line2: autoDraw = True
357.3166 	EXP 	line3: autoDraw = True
357.3166 	EXP 	line4: autoDraw = True
357.3214 	EXP 	fixation: autoDraw = False
358.3166 	INFO 	Keyboard events cleared
358.3165 	EXP 	probe: autoDraw = True
358.6888 	EXP 	Device response: <KeyPress from None: t=358.6868897079985, value=z, duration=None>
358.6892 	EXP 	New trial (rep=37, index=0): <Trial 148 (0 in rep 37) data={'pos': np.int64(-50), 'corr_resp': 'x', 'thisN': 148, 'thisTrialN': 0, 'thisRepN': 37}>
358.6946 	DATA 	Keypress: z
358.6991 	EXP 	fixation: autoDraw = False
358.6991 	EXP 	line1: autoDraw = False
358.6991 	EXP 	line2: autoDraw = False
358.6991 	EXP 	line3: autoDraw = False
358.6991 	EXP 	line4: autoDraw = False
358.6991 	EXP 	probe: autoDraw = False
358.6991 	EXP 	fixation: autoDraw = True
358.8555 	EXP 	Device response: <KeyPress from None: t=358.6868897079985, value=z, duration=0.16427991700038547>
359.6884 	EXP 	fixation: autoDraw = False
359.6884 	EXP 	line1: autoDraw = True
359.6884 	EXP 	line2: autoDraw = True
359.6884 	EXP 	line3: autoDraw = True
359.6884 	EXP 	line4: autoDraw = True
360.6832 	INFO 	Keyboard events cleared
360.6831 	EXP 	probe: autoDraw = True
361.1184 	EXP 	Device response: <KeyPress from None: t=361.1088357500048, value=x, duration=None>
361.1192 	EXP 	New trial (rep=37, index=1): <Trial 149 (1 in rep 37) data={'pos': np.int64(150), 'corr_resp': 'v', 'thisN': 149, 'thisTrialN': 1, 'thisRepN': 37}>
361.1248 	DATA 	Keypress: x
361.1289 	EXP 	fixation: autoDraw = False
361.1289 	EXP 	line1: autoDraw = False
361.1289 	EXP 	line2: autoDraw = False
361.1289 	EXP 	line3: autoDraw = False
361.1289 	EXP 	line4: autoDraw = False
361.1289 	EXP 	probe: autoDraw = False
361.1289 	EXP 	fixation: autoDraw = True
361.2011 	EXP 	Device response: <KeyPress from None: t=361.1088357500048, value=x, duration=0.08843779199378332>
362.1165 	EXP 	line1: autoDraw = True
362.1165 	EXP 	line2: autoDraw = True
362.1165 	EXP 	line3: autoDraw = True
362.1165 	EXP 	line4: autoDraw = True
362.1216 	EXP 	fixation: autoDraw = False
363.1168 	INFO 	Keyboard events cleared
363.1166 	EXP 	probe: autoDraw = True
363.6677 	EXP 	Device response: <KeyPress from None: t=363.6567249170039, value=v, duration=None>
363.6683 	EXP 	New trial (rep=37, index=2): <Trial 150 (2 in rep 37) data={'pos': np.int64(50), 'corr_resp': 'c', 'thisN': 150, 'thisTrialN': 2, 'thisRepN': 37}>
363.6745 	DATA 	Keypress: v
363.6787 	EXP 	fixation: autoDraw = False
363.6787 	EXP 	line1: autoDraw = False
363.6787 	EXP 	line2: autoDraw = False
363.6787 	EXP 	line3: autoDraw = False
363.6787 	EXP 	line4: autoDraw = False
363.6787 	EXP 	probe: autoDraw = False
363.6787 	EXP 	fixation: autoDraw = True
363.7554 	EXP 	Device response: <KeyPress from None: t=363.6567249170039, value=v, duration=0.09642787499615224>
364.6664 	EXP 	line1: autoDraw = True
364.6664 	EXP 	line2: autoDraw = True
364.6664 	EXP 	line3: autoDraw = True
364.6664 	EXP 	line4: autoDraw = True
364.6713 	EXP 	fixation: autoDraw = False
365.6667 	INFO 	Keyboard events cleared
365.6665 	EXP 	probe: autoDraw = True
366.2345 	EXP 	Device response: <KeyPress from None: t=366.22677437500533, value=c, duration=None>
366.2353 	EXP 	New trial (rep=37, index=3): <Trial 151 (3 in rep 37) data={'pos': np.int64(-150), 'corr_resp': 'z', 'thisN': 151, 'thisTrialN': 3, 'thisRepN': 37}>
366.2411 	DATA 	Keypress: c
366.2453 	EXP 	fixation: autoDraw = False
366.2453 	EXP 	line1: autoDraw = False
366.2453 	EXP 	line2: autoDraw = False
366.2453 	EXP 	line3: autoDraw = False
366.2453 	EXP 	line4: autoDraw = False
366.2453 	EXP 	probe: autoDraw = False
366.2453 	EXP 	fixation: autoDraw = True
366.3177 	EXP 	Device response: <KeyPress from None: t=366.22677437500533, value=c, duration=0.08835404199635377>
367.2336 	EXP 	line1: autoDraw = True
367.2336 	EXP 	line2: autoDraw = True
367.2336 	EXP 	line3: autoDraw = True
367.2336 	EXP 	line4: autoDraw = True
367.2393 	EXP 	fixation: autoDraw = False
368.2334 	INFO 	Keyboard events cleared
368.2332 	EXP 	probe: autoDraw = True
368.7220 	EXP 	Device response: <KeyPress from None: t=368.71774279200326, value=z, duration=None>
368.7224 	EXP 	New trial (rep=38, index=0): <Trial 152 (0 in rep 38) data={'pos': np.int64(-50), 'corr_resp': 'x', 'thisN': 152, 'thisTrialN': 0, 'thisRepN': 38}>
368.7279 	DATA 	Keypress: z
368.7323 	EXP 	fixation: autoDraw = False
368.7323 	EXP 	line1: autoDraw = False
368.7323 	EXP 	line2: autoDraw = False
368.7323 	EXP 	line3: autoDraw = False
368.7323 	EXP 	line4: autoDraw = False
368.7323 	EXP 	probe: autoDraw = False
368.7323 	EXP 	fixation: autoDraw = True
368.8049 	EXP 	Device response: <KeyPress from None: t=368.71774279200326, value=z, duration=0.08430795800086344>
369.7214 	EXP 	fixation: autoDraw = False
369.7214 	EXP 	line1: autoDraw = True
369.7214 	EXP 	line2: autoDraw = True
369.7214 	EXP 	line3: autoDraw = True
369.7214 	EXP 	line4: autoDraw = True
370.7226 	INFO 	Keyboard events cleared
370.7224 	EXP 	probe: autoDraw = True
371.0343 	EXP 	Device response: <KeyPress from None: t=371.0326950419985, value=x, duration=None>
371.0346 	EXP 	New trial (rep=38, index=1): <Trial 153 (1 in rep 38) data={'pos': np.int64(150), 'corr_resp': 'v', 'thisN': 153, 'thisTrialN': 1, 'thisRepN': 38}>
371.0389 	EXP 	fixation: autoDraw = False
371.0389 	EXP 	line1: autoDraw = False
371.0389 	EXP 	line2: autoDraw = False
371.0389 	EXP 	line3: autoDraw = False
371.0389 	EXP 	line4: autoDraw = False
371.0389 	EXP 	probe: autoDraw = False
371.0389 	EXP 	fixation: autoDraw = True
371.0424 	DATA 	Keypress: x
371.1563 	EXP 	Device response: <KeyPress from None: t=371.0326950419985, value=x, duration=0.12075316600385122>
372.0331 	EXP 	line1: autoDraw = True
372.0331 	EXP 	line2: autoDraw = True
372.0331 	EXP 	line3: autoDraw = True
372.0331 	EXP 	line4: autoDraw = True
372.0381 	EXP 	fixation: autoDraw = False
373.0333 	INFO 	Keyboard events cleared
373.0332 	EXP 	probe: autoDraw = True
373.3510 	EXP 	Device response: <KeyPress from None: t=373.3495889170008, value=v, duration=None>
373.3516 	EXP 	New trial (rep=38, index=2): <Trial 154 (2 in rep 38) data={'pos': np.int64(50), 'corr_resp': 'c', 'thisN': 154, 'thisTrialN': 2, 'thisRepN': 38}>
373.3569 	EXP 	fixation: autoDraw = False
373.3569 	EXP 	line1: autoDraw = False
373.3569 	EXP 	line2: autoDraw = False
373.3569 	EXP 	line3: autoDraw = False
373.3569 	EXP 	line4: autoDraw = False
373.3569 	EXP 	probe: autoDraw = False
373.3569 	EXP 	fixation: autoDraw = True
373.3610 	DATA 	Keypress: v
373.4389 	EXP 	Device response: <KeyPress from None: t=373.3495889170008, value=v, duration=0.0843544160015881>
374.3496 	EXP 	line1: autoDraw = True
374.3496 	EXP 	line2: autoDraw = True
374.3496 	EXP 	line3: autoDraw = True
374.3496 	EXP 	line4: autoDraw = True
374.3540 	EXP 	fixation: autoDraw = False
375.3498 	INFO 	Keyboard events cleared
375.3497 	EXP 	probe: autoDraw = True
375.6843 	EXP 	Device response: <KeyPress from None: t=375.6745824169993, value=c, duration=None>
375.6849 	EXP 	New trial (rep=38, index=3): <Trial 155 (3 in rep 38) data={'pos': np.int64(-150), 'corr_resp': 'z', 'thisN': 155, 'thisTrialN': 3, 'thisRepN': 38}>
375.6905 	DATA 	Keypress: c
375.6948 	EXP 	fixation: autoDraw = False
375.6948 	EXP 	line1: autoDraw = False
375.6948 	EXP 	line2: autoDraw = False
375.6948 	EXP 	line3: autoDraw = False
375.6948 	EXP 	line4: autoDraw = False
375.6948 	EXP 	probe: autoDraw = False
375.6948 	EXP 	fixation: autoDraw = True
375.7676 	EXP 	Device response: <KeyPress from None: t=375.6745824169993, value=c, duration=0.08823970800585812>
376.6830 	EXP 	line1: autoDraw = True
376.6830 	EXP 	line2: autoDraw = True
376.6830 	EXP 	line3: autoDraw = True
376.6830 	EXP 	line4: autoDraw = True
376.6877 	EXP 	fixation: autoDraw = False
377.6832 	INFO 	Keyboard events cleared
377.6831 	EXP 	probe: autoDraw = True
378.3220 	EXP 	Device response: <KeyPress from None: t=378.32052249999833, value=z, duration=None>
378.3224 	EXP 	New trial (rep=39, index=0): <Trial 156 (0 in rep 39) data={'pos': np.int64(-50), 'corr_resp': 'x', 'thisN': 156, 'thisTrialN': 0, 'thisRepN': 39}>
378.3277 	DATA 	Keypress: z
378.3321 	EXP 	fixation: autoDraw = False
378.3321 	EXP 	line1: autoDraw = False
378.3321 	EXP 	line2: autoDraw = False
378.3321 	EXP 	line3: autoDraw = False
378.3321 	EXP 	line4: autoDraw = False
378.3321 	EXP 	probe: autoDraw = False
378.3321 	EXP 	fixation: autoDraw = True
378.4381 	EXP 	Device response: <KeyPress from None: t=378.32052249999833, value=z, duration=0.11635533300432144>
379.3213 	EXP 	fixation: autoDraw = False
379.3213 	EXP 	line1: autoDraw = True
379.3213 	EXP 	line2: autoDraw = True
379.3213 	EXP 	line3: autoDraw = True
379.3213 	EXP 	line4: autoDraw = True
380.3223 	INFO 	Keyboard events cleared
380.3222 	EXP 	probe: autoDraw = True
380.8009 	EXP 	Device response: <KeyPress from None: t=380.78837345800275, value=x, duration=None>
380.8014 	EXP 	New trial (rep=39, index=1): <Trial 157 (1 in rep 39) data={'pos': np.int64(150), 'corr_resp': 'v', 'thisN': 157, 'thisTrialN': 1, 'thisRepN': 39}>
380.8066 	DATA 	Keypress: x
380.8109 	EXP 	fixation: autoDraw = False
380.8109 	EXP 	line1: autoDraw = False
380.8109 	EXP 	line2: autoDraw = False
380.8109 	EXP 	line3: autoDraw = False
380.8109 	EXP 	line4: autoDraw = False
380.8109 	EXP 	probe: autoDraw = False
380.8109 	EXP 	fixation: autoDraw = True
380.9176 	EXP 	Device response: <KeyPress from None: t=380.78837345800275, value=x, duration=0.12447537499974715>
381.7996 	EXP 	line1: autoDraw = True
381.7996 	EXP 	line2: autoDraw = True
381.7996 	EXP 	line3: autoDraw = True
381.7996 	EXP 	line4: autoDraw = True
381.8044 	EXP 	fixation: autoDraw = False
382.7999 	INFO 	Keyboard events cleared
382.7997 	EXP 	probe: autoDraw = True
383.2548 	EXP 	Device response: <KeyPress from None: t=383.2533408750023, value=v, duration=None>
383.2552 	EXP 	New trial (rep=39, index=2): <Trial 158 (2 in rep 39) data={'pos': np.int64(50), 'corr_resp': 'c', 'thisN': 158, 'thisTrialN': 2, 'thisRepN': 39}>
383.2606 	DATA 	Keypress: v
383.2653 	EXP 	fixation: autoDraw = False
383.2653 	EXP 	line1: autoDraw = False
383.2653 	EXP 	line2: autoDraw = False
383.2653 	EXP 	line3: autoDraw = False
383.2653 	EXP 	line4: autoDraw = False
383.2653 	EXP 	probe: autoDraw = False
383.2653 	EXP 	fixation: autoDraw = True
383.3675 	EXP 	Device response: <KeyPress from None: t=383.2533408750023, value=v, duration=0.11241041700122878>
384.2496 	EXP 	line1: autoDraw = True
384.2496 	EXP 	line2: autoDraw = True
384.2496 	EXP 	line3: autoDraw = True
384.2496 	EXP 	line4: autoDraw = True
384.2541 	EXP 	fixation: autoDraw = False
385.2497 	INFO 	Keyboard events cleared
385.2495 	EXP 	probe: autoDraw = True
385.5509 	EXP 	Device response: <KeyPress from None: t=385.5451964579988, value=c, duration=None>
385.5516 	EXP 	New trial (rep=39, index=3): <Trial 159 (3 in rep 39) data={'pos': np.int64(-150), 'corr_resp': 'z', 'thisN': 159, 'thisTrialN': 3, 'thisRepN': 39}>
385.5570 	DATA 	Keypress: c
385.5611 	EXP 	fixation: autoDraw = False
385.5611 	EXP 	line1: autoDraw = False
385.5611 	EXP 	line2: autoDraw = False
385.5611 	EXP 	line3: autoDraw = False
385.5611 	EXP 	line4: autoDraw = False
385.5611 	EXP 	probe: autoDraw = False
385.5611 	EXP 	fixation: autoDraw = True
385.6339 	EXP 	Device response: <KeyPress from None: t=385.5451964579988, value=c, duration=0.08752054200158454>
386.5498 	EXP 	line1: autoDraw = True
386.5498 	EXP 	line2: autoDraw = True
386.5498 	EXP 	line3: autoDraw = True
386.5498 	EXP 	line4: autoDraw = True
386.5550 	EXP 	fixation: autoDraw = False
387.5498 	INFO 	Keyboard events cleared
387.5497 	EXP 	probe: autoDraw = True
388.4843 	EXP 	Device response: <KeyPress from None: t=388.4733431670029, value=z, duration=None>
388.4849 	EXP 	New trial (rep=40, index=0): <Trial 160 (0 in rep 40) data={'pos': np.int64(-50), 'corr_resp': 'x', 'thisN': 160, 'thisTrialN': 0, 'thisRepN': 40}>
388.4906 	DATA 	Keypress: z
388.4948 	EXP 	fixation: autoDraw = False
388.4948 	EXP 	line1: autoDraw = False
388.4948 	EXP 	line2: autoDraw = False
388.4948 	EXP 	line3: autoDraw = False
388.4948 	EXP 	line4: autoDraw = False
388.4948 	EXP 	probe: autoDraw = False
388.4948 	EXP 	fixation: autoDraw = True
388.6340 	EXP 	Device response: <KeyPress from None: t=388.4733431670029, value=z, duration=0.15627970799687319>
389.4830 	EXP 	line1: autoDraw = True
389.4830 	EXP 	line2: autoDraw = True
389.4830 	EXP 	line3: autoDraw = True
389.4830 	EXP 	line4: autoDraw = True
389.4878 	EXP 	fixation: autoDraw = False
390.4830 	INFO 	Keyboard events cleared
390.4829 	EXP 	probe: autoDraw = True
390.9061 	EXP 	Device response: <KeyPress from None: t=390.90319112499856, value=x, duration=None>
390.9066 	EXP 	New trial (rep=40, index=1): <Trial 161 (1 in rep 40) data={'pos': np.int64(150), 'corr_resp': 'v', 'thisN': 161, 'thisTrialN': 1, 'thisRepN': 40}>
390.9119 	DATA 	Keypress: x
390.9160 	EXP 	fixation: autoDraw = False
390.9160 	EXP 	line1: autoDraw = False
390.9160 	EXP 	line2: autoDraw = False
390.9160 	EXP 	line3: autoDraw = False
390.9160 	EXP 	line4: autoDraw = False
390.9160 	EXP 	probe: autoDraw = False
390.9160 	EXP 	fixation: autoDraw = True
391.0506 	EXP 	Device response: <KeyPress from None: t=390.90319112499856, value=x, duration=0.14428883300570305>
391.9048 	EXP 	fixation: autoDraw = False
391.9048 	EXP 	line1: autoDraw = True
391.9048 	EXP 	line2: autoDraw = True
391.9048 	EXP 	line3: autoDraw = True
391.9048 	EXP 	line4: autoDraw = True
392.9063 	INFO 	Keyboard events cleared
392.9061 	EXP 	probe: autoDraw = True
393.3176 	EXP 	Device response: <KeyPress from None: t=393.3101811250017, value=v, duration=None>
393.3181 	EXP 	New trial (rep=40, index=2): <Trial 162 (2 in rep 40) data={'pos': np.int64(50), 'corr_resp': 'c', 'thisN': 162, 'thisTrialN': 2, 'thisRepN': 40}>
393.3239 	DATA 	Keypress: v
393.3278 	EXP 	fixation: autoDraw = False
393.3278 	EXP 	line1: autoDraw = False
393.3278 	EXP 	line2: autoDraw = False
393.3278 	EXP 	line3: autoDraw = False
393.3278 	EXP 	line4: autoDraw = False
393.3278 	EXP 	probe: autoDraw = False
393.3278 	EXP 	fixation: autoDraw = True
393.4387 	EXP 	Device response: <KeyPress from None: t=393.3101811250017, value=v, duration=0.12433975000021746>
394.3162 	EXP 	line1: autoDraw = True
394.3162 	EXP 	line2: autoDraw = True
394.3162 	EXP 	line3: autoDraw = True
394.3162 	EXP 	line4: autoDraw = True
394.3211 	EXP 	fixation: autoDraw = False
395.3165 	INFO 	Keyboard events cleared
395.3163 	EXP 	probe: autoDraw = True
397.0507 	EXP 	Device response: <KeyPress from None: t=397.0480613750042, value=c, duration=None>
397.0514 	EXP 	New trial (rep=40, index=3): <Trial 163 (3 in rep 40) data={'pos': np.int64(-150), 'corr_resp': 'z', 'thisN': 163, 'thisTrialN': 3, 'thisRepN': 40}>
397.0562 	EXP 	fixation: autoDraw = False
397.0562 	EXP 	line1: autoDraw = False
397.0562 	EXP 	line2: autoDraw = False
397.0562 	EXP 	line3: autoDraw = False
397.0562 	EXP 	line4: autoDraw = False
397.0562 	EXP 	probe: autoDraw = False
397.0562 	EXP 	fixation: autoDraw = True
397.0600 	DATA 	Keypress: c
397.1383 	EXP 	Device response: <KeyPress from None: t=397.0480613750042, value=c, duration=0.08834004199889023>
398.0495 	EXP 	line1: autoDraw = True
398.0495 	EXP 	line2: autoDraw = True
398.0495 	EXP 	line3: autoDraw = True
398.0495 	EXP 	line4: autoDraw = True
398.0544 	EXP 	fixation: autoDraw = False
399.0496 	INFO 	Keyboard events cleared
399.0494 	EXP 	probe: autoDraw = True
399.5340 	EXP 	Device response: <KeyPress from None: t=399.52393683300033, value=z, duration=None>
399.5346 	EXP 	New trial (rep=41, index=0): <Trial 164 (0 in rep 41) data={'pos': np.int64(-50), 'corr_resp': 'x', 'thisN': 164, 'thisTrialN': 0, 'thisRepN': 41}>
399.5399 	DATA 	Keypress: z
399.5440 	EXP 	fixation: autoDraw = False
399.5440 	EXP 	line1: autoDraw = False
399.5440 	EXP 	line2: autoDraw = False
399.5440 	EXP 	line3: autoDraw = False
399.5440 	EXP 	line4: autoDraw = False
399.5440 	EXP 	probe: autoDraw = False
399.5440 	EXP 	fixation: autoDraw = True
399.6507 	EXP 	Device response: <KeyPress from None: t=399.52393683300033, value=z, duration=0.12439020899910247>
400.5328 	EXP 	line1: autoDraw = True
400.5328 	EXP 	line2: autoDraw = True
400.5328 	EXP 	line3: autoDraw = True
400.5328 	EXP 	line4: autoDraw = True
400.5378 	EXP 	fixation: autoDraw = False
401.5329 	INFO 	Keyboard events cleared
401.5327 	EXP 	probe: autoDraw = True
402.0221 	EXP 	Device response: <KeyPress from None: t=402.0189220829998, value=x, duration=None>
402.0225 	EXP 	New trial (rep=41, index=1): <Trial 165 (1 in rep 41) data={'pos': np.int64(150), 'corr_resp': 'v', 'thisN': 165, 'thisTrialN': 1, 'thisRepN': 41}>
402.0279 	DATA 	Keypress: x
402.0321 	EXP 	fixation: autoDraw = False
402.0321 	EXP 	line1: autoDraw = False
402.0321 	EXP 	line2: autoDraw = False
402.0321 	EXP 	line3: autoDraw = False
402.0321 	EXP 	line4: autoDraw = False
402.0321 	EXP 	probe: autoDraw = False
402.0321 	EXP 	fixation: autoDraw = True
402.1721 	EXP 	Device response: <KeyPress from None: t=402.0189220829998, value=x, duration=0.14826470900152344>
403.0213 	EXP 	fixation: autoDraw = False
403.0213 	EXP 	line1: autoDraw = True
403.0213 	EXP 	line2: autoDraw = True
403.0213 	EXP 	line3: autoDraw = True
403.0213 	EXP 	line4: autoDraw = True
404.0216 	INFO 	Keyboard events cleared
404.0214 	EXP 	probe: autoDraw = True
404.6173 	EXP 	Device response: <KeyPress from None: t=404.61594275000243, value=v, duration=None>
404.6179 	EXP 	New trial (rep=41, index=2): <Trial 166 (2 in rep 41) data={'pos': np.int64(50), 'corr_resp': 'c', 'thisN': 166, 'thisTrialN': 2, 'thisRepN': 41}>
404.6232 	EXP 	fixation: autoDraw = False
404.6232 	EXP 	line1: autoDraw = False
404.6232 	EXP 	line2: autoDraw = False
404.6232 	EXP 	line3: autoDraw = False
404.6232 	EXP 	line4: autoDraw = False
404.6232 	EXP 	probe: autoDraw = False
404.6232 	EXP 	fixation: autoDraw = True
404.6271 	DATA 	Keypress: v
404.7382 	EXP 	Device response: <KeyPress from None: t=404.61594275000243, value=v, duration=0.12031908299832139>
405.6162 	EXP 	line1: autoDraw = True
405.6162 	EXP 	line2: autoDraw = True
405.6162 	EXP 	line3: autoDraw = True
405.6162 	EXP 	line4: autoDraw = True
405.6210 	EXP 	fixation: autoDraw = False
406.6165 	INFO 	Keyboard events cleared
406.6163 	EXP 	probe: autoDraw = True
407.1390 	EXP 	Device response: <KeyPress from None: t=407.1367902080019, value=c, duration=None>
407.1394 	EXP 	New trial (rep=41, index=3): <Trial 167 (3 in rep 41) data={'pos': np.int64(-150), 'corr_resp': 'z', 'thisN': 167, 'thisTrialN': 3, 'thisRepN': 41}>
407.1446 	DATA 	Keypress: c
407.1489 	EXP 	fixation: autoDraw = False
407.1489 	EXP 	line1: autoDraw = False
407.1489 	EXP 	line2: autoDraw = False
407.1489 	EXP 	line3: autoDraw = False
407.1489 	EXP 	line4: autoDraw = False
407.1489 	EXP 	probe: autoDraw = False
407.1489 	EXP 	fixation: autoDraw = True
407.2338 	EXP 	Device response: <KeyPress from None: t=407.1367902080019, value=c, duration=0.08833966700331075>
408.1375 	EXP 	fixation: autoDraw = False
408.1375 	EXP 	line1: autoDraw = True
408.1375 	EXP 	line2: autoDraw = True
408.1375 	EXP 	line3: autoDraw = True
408.1375 	EXP 	line4: autoDraw = True
409.1386 	INFO 	Keyboard events cleared
409.1385 	EXP 	probe: autoDraw = True
409.5559 	EXP 	Device response: <KeyPress from None: t=409.54967983299866, value=z, duration=None>
409.5563 	EXP 	New trial (rep=42, index=0): <Trial 168 (0 in rep 42) data={'pos': np.int64(-50), 'corr_resp': 'x', 'thisN': 168, 'thisTrialN': 0, 'thisRepN': 42}>
409.5615 	DATA 	Keypress: z
409.5658 	EXP 	fixation: autoDraw = False
409.5658 	EXP 	line1: autoDraw = False
409.5658 	EXP 	line2: autoDraw = False
409.5658 	EXP 	line3: autoDraw = False
409.5658 	EXP 	line4: autoDraw = False
409.5658 	EXP 	probe: autoDraw = False
409.5658 	EXP 	fixation: autoDraw = True
409.7839 	EXP 	Device response: <KeyPress from None: t=409.54967983299866, value=z, duration=0.23246620900317794>
410.5548 	EXP 	fixation: autoDraw = False
410.5548 	EXP 	line1: autoDraw = True
410.5548 	EXP 	line2: autoDraw = True
410.5548 	EXP 	line3: autoDraw = True
410.5548 	EXP 	line4: autoDraw = True
411.5554 	INFO 	Keyboard events cleared
411.5552 	EXP 	probe: autoDraw = True
413.8338 	EXP 	Device response: <KeyPress from None: t=413.83069550000073, value=x, duration=None>
413.8343 	EXP 	New trial (rep=42, index=1): <Trial 169 (1 in rep 42) data={'pos': np.int64(150), 'corr_resp': 'v', 'thisN': 169, 'thisTrialN': 1, 'thisRepN': 42}>
413.8395 	EXP 	fixation: autoDraw = False
413.8395 	EXP 	line1: autoDraw = False
413.8395 	EXP 	line2: autoDraw = False
413.8395 	EXP 	line3: autoDraw = False
413.8395 	EXP 	line4: autoDraw = False
413.8395 	EXP 	probe: autoDraw = False
413.8395 	EXP 	fixation: autoDraw = True
413.8433 	DATA 	Keypress: x
413.9339 	EXP 	Device response: <KeyPress from None: t=413.83069550000073, value=x, duration=0.09631787500256905>
414.8327 	EXP 	line1: autoDraw = True
414.8327 	EXP 	line2: autoDraw = True
414.8327 	EXP 	line3: autoDraw = True
414.8327 	EXP 	line4: autoDraw = True
414.8372 	EXP 	fixation: autoDraw = False
415.8327 	INFO 	Keyboard events cleared
415.8325 	EXP 	probe: autoDraw = True
416.1508 	EXP 	Device response: <KeyPress from None: t=416.14068383300037, value=v, duration=None>
416.1514 	EXP 	New trial (rep=42, index=2): <Trial 170 (2 in rep 42) data={'pos': np.int64(50), 'corr_resp': 'c', 'thisN': 170, 'thisTrialN': 2, 'thisRepN': 42}>
416.1571 	DATA 	Keypress: v
416.1612 	EXP 	fixation: autoDraw = False
416.1612 	EXP 	line1: autoDraw = False
416.1612 	EXP 	line2: autoDraw = False
416.1612 	EXP 	line3: autoDraw = False
416.1612 	EXP 	line4: autoDraw = False
416.1612 	EXP 	probe: autoDraw = False
416.1612 	EXP 	fixation: autoDraw = True
416.2340 	EXP 	Device response: <KeyPress from None: t=416.14068383300037, value=v, duration=0.08437941699958174>
417.1494 	EXP 	line1: autoDraw = True
417.1494 	EXP 	line2: autoDraw = True
417.1494 	EXP 	line3: autoDraw = True
417.1494 	EXP 	line4: autoDraw = True
417.1542 	EXP 	fixation: autoDraw = False
418.1495 	INFO 	Keyboard events cleared
418.1493 	EXP 	probe: autoDraw = True
418.7337 	EXP 	Device response: <KeyPress from None: t=418.72566620800353, value=c, duration=None>
418.7342 	EXP 	New trial (rep=42, index=3): <Trial 171 (3 in rep 42) data={'pos': np.int64(-150), 'corr_resp': 'z', 'thisN': 171, 'thisTrialN': 3, 'thisRepN': 42}>
418.7393 	DATA 	Keypress: c
418.7435 	EXP 	fixation: autoDraw = False
418.7435 	EXP 	line1: autoDraw = False
418.7435 	EXP 	line2: autoDraw = False
418.7435 	EXP 	line3: autoDraw = False
418.7435 	EXP 	line4: autoDraw = False
418.7435 	EXP 	probe: autoDraw = False
418.7435 	EXP 	fixation: autoDraw = True
418.8053 	EXP 	Device response: <KeyPress from None: t=418.72566620800353, value=c, duration=0.07624116700026207>
419.7326 	EXP 	line1: autoDraw = True
419.7326 	EXP 	line2: autoDraw = True
419.7326 	EXP 	line3: autoDraw = True
419.7326 	EXP 	line4: autoDraw = True
419.7374 	EXP 	fixation: autoDraw = False
420.7329 	INFO 	Keyboard events cleared
420.7327 	EXP 	probe: autoDraw = True
421.0507 	EXP 	Device response: <KeyPress from None: t=421.0426217080021, value=z, duration=None>
421.0514 	EXP 	New trial (rep=43, index=0): <Trial 172 (0 in rep 43) data={'pos': np.int64(-50), 'corr_resp': 'x', 'thisN': 172, 'thisTrialN': 0, 'thisRepN': 43}>
421.0569 	DATA 	Keypress: z
421.0612 	EXP 	fixation: autoDraw = False
421.0612 	EXP 	line1: autoDraw = False
421.0612 	EXP 	line2: autoDraw = False
421.0612 	EXP 	line3: autoDraw = False
421.0612 	EXP 	line4: autoDraw = False
421.0612 	EXP 	probe: autoDraw = False
421.0612 	EXP 	fixation: autoDraw = True
421.1543 	EXP 	Device response: <KeyPress from None: t=421.0426217080021, value=z, duration=0.10823695900035091>
422.0494 	EXP 	line1: autoDraw = True
422.0494 	EXP 	line2: autoDraw = True
422.0494 	EXP 	line3: autoDraw = True
422.0494 	EXP 	line4: autoDraw = True
422.0543 	EXP 	fixation: autoDraw = False
423.0494 	INFO 	Keyboard events cleared
423.0492 	EXP 	probe: autoDraw = True
423.3836 	EXP 	Device response: <KeyPress from None: t=423.37659641700156, value=x, duration=None>
423.3841 	EXP 	New trial (rep=43, index=1): <Trial 173 (1 in rep 43) data={'pos': np.int64(150), 'corr_resp': 'v', 'thisN': 173, 'thisTrialN': 1, 'thisRepN': 43}>
423.3893 	DATA 	Keypress: x
423.3934 	EXP 	fixation: autoDraw = False
423.3934 	EXP 	line1: autoDraw = False
423.3934 	EXP 	line2: autoDraw = False
423.3934 	EXP 	line3: autoDraw = False
423.3934 	EXP 	line4: autoDraw = False
423.3934 	EXP 	probe: autoDraw = False
423.3934 	EXP 	fixation: autoDraw = True
423.4839 	EXP 	Device response: <KeyPress from None: t=423.37659641700156, value=x, duration=0.10028716600209009>
424.3827 	EXP 	line1: autoDraw = True
424.3827 	EXP 	line2: autoDraw = True
424.3827 	EXP 	line3: autoDraw = True
424.3827 	EXP 	line4: autoDraw = True
424.3877 	EXP 	fixation: autoDraw = False
425.3827 	INFO 	Keyboard events cleared
425.3826 	EXP 	probe: autoDraw = True
425.6171 	EXP 	Device response: <KeyPress from None: t=425.60542695799813, value=v, duration=None>
425.6176 	EXP 	New trial (rep=43, index=2): <Trial 174 (2 in rep 43) data={'pos': np.int64(50), 'corr_resp': 'c', 'thisN': 174, 'thisTrialN': 2, 'thisRepN': 43}>
425.6228 	DATA 	Keypress: v
425.6269 	EXP 	fixation: autoDraw = False
425.6269 	EXP 	line1: autoDraw = False
425.6269 	EXP 	line2: autoDraw = False
425.6269 	EXP 	line3: autoDraw = False
425.6269 	EXP 	line4: autoDraw = False
425.6269 	EXP 	probe: autoDraw = False
425.6269 	EXP 	fixation: autoDraw = True
425.6873 	EXP 	Device response: <KeyPress from None: t=425.60542695799813, value=v, duration=0.0804492500028573>
426.6159 	EXP 	line1: autoDraw = True
426.6159 	EXP 	line2: autoDraw = True
426.6159 	EXP 	line3: autoDraw = True
426.6159 	EXP 	line4: autoDraw = True
426.6209 	EXP 	fixation: autoDraw = False
427.6160 	INFO 	Keyboard events cleared
427.6158 	EXP 	probe: autoDraw = True
427.6839 	EXP 	Device response: <KeyPress from None: t=427.67342833300063, value=c, duration=None>
427.6845 	EXP 	New trial (rep=43, index=3): <Trial 175 (3 in rep 43) data={'pos': np.int64(-150), 'corr_resp': 'z', 'thisN': 175, 'thisTrialN': 3, 'thisRepN': 43}>
427.6900 	DATA 	Keypress: c
427.6941 	EXP 	fixation: autoDraw = False
427.6941 	EXP 	line1: autoDraw = False
427.6941 	EXP 	line2: autoDraw = False
427.6941 	EXP 	line3: autoDraw = False
427.6941 	EXP 	line4: autoDraw = False
427.6941 	EXP 	probe: autoDraw = False
427.6941 	EXP 	fixation: autoDraw = True
427.7504 	EXP 	Device response: <KeyPress from None: t=427.67342833300063, value=c, duration=0.06832270899758441>
428.6826 	EXP 	line1: autoDraw = True
428.6826 	EXP 	line2: autoDraw = True
428.6826 	EXP 	line3: autoDraw = True
428.6826 	EXP 	line4: autoDraw = True
428.6873 	EXP 	fixation: autoDraw = False
429.6826 	INFO 	Keyboard events cleared
429.6825 	EXP 	probe: autoDraw = True
430.0667 	EXP 	Device response: <KeyPress from None: t=430.06042162499944, value=z, duration=None>
430.0672 	EXP 	New trial (rep=44, index=0): <Trial 176 (0 in rep 44) data={'pos': np.int64(-50), 'corr_resp': 'x', 'thisN': 176, 'thisTrialN': 0, 'thisRepN': 44}>
430.0727 	DATA 	Keypress: z
430.0769 	EXP 	fixation: autoDraw = False
430.0769 	EXP 	line1: autoDraw = False
430.0769 	EXP 	line2: autoDraw = False
430.0769 	EXP 	line3: autoDraw = False
430.0769 	EXP 	line4: autoDraw = False
430.0769 	EXP 	probe: autoDraw = False
430.0769 	EXP 	fixation: autoDraw = True
430.1837 	EXP 	Device response: <KeyPress from None: t=430.06042162499944, value=z, duration=0.11220554200554034>
431.0658 	EXP 	line1: autoDraw = True
431.0658 	EXP 	line2: autoDraw = True
431.0658 	EXP 	line3: autoDraw = True
431.0658 	EXP 	line4: autoDraw = True
431.0700 	EXP 	fixation: autoDraw = False
432.0660 	INFO 	Keyboard events cleared
432.0659 	EXP 	probe: autoDraw = True
432.4503 	EXP 	Device response: <KeyPress from None: t=432.44639779200224, value=x, duration=None>
432.4510 	EXP 	New trial (rep=44, index=1): <Trial 177 (1 in rep 44) data={'pos': np.int64(150), 'corr_resp': 'v', 'thisN': 177, 'thisTrialN': 1, 'thisRepN': 44}>
432.4562 	EXP 	fixation: autoDraw = False
432.4562 	EXP 	line1: autoDraw = False
432.4562 	EXP 	line2: autoDraw = False
432.4562 	EXP 	line3: autoDraw = False
432.4562 	EXP 	line4: autoDraw = False
432.4562 	EXP 	probe: autoDraw = False
432.4562 	EXP 	fixation: autoDraw = True
432.4602 	DATA 	Keypress: x
432.5504 	EXP 	Device response: <KeyPress from None: t=432.44639779200224, value=x, duration=0.09631279099994572>
433.4492 	EXP 	line1: autoDraw = True
433.4492 	EXP 	line2: autoDraw = True
433.4492 	EXP 	line3: autoDraw = True
433.4492 	EXP 	line4: autoDraw = True
433.4542 	EXP 	fixation: autoDraw = False
434.4495 	INFO 	Keyboard events cleared
434.4493 	EXP 	probe: autoDraw = True
435.0505 	EXP 	Device response: <KeyPress from None: t=435.03911291700206, value=v, duration=None>
435.0511 	EXP 	New trial (rep=44, index=2): <Trial 178 (2 in rep 44) data={'pos': np.int64(50), 'corr_resp': 'c', 'thisN': 178, 'thisTrialN': 2, 'thisRepN': 44}>
435.0565 	DATA 	Keypress: v
435.0608 	EXP 	fixation: autoDraw = False
435.0608 	EXP 	line1: autoDraw = False
435.0608 	EXP 	line2: autoDraw = False
435.0608 	EXP 	line3: autoDraw = False
435.0608 	EXP 	line4: autoDraw = False
435.0608 	EXP 	probe: autoDraw = False
435.0608 	EXP 	fixation: autoDraw = True
435.1502 	EXP 	Device response: <KeyPress from None: t=435.03911291700206, value=v, duration=0.10456408299796749>
436.0493 	EXP 	line1: autoDraw = True
436.0493 	EXP 	line2: autoDraw = True
436.0493 	EXP 	line3: autoDraw = True
436.0493 	EXP 	line4: autoDraw = True
436.0539 	EXP 	fixation: autoDraw = False
437.0493 	INFO 	Keyboard events cleared
437.0491 	EXP 	probe: autoDraw = True
437.5559 	EXP 	Device response: <KeyPress from None: t=437.55218933300057, value=c, duration=None>
437.5563 	EXP 	New trial (rep=44, index=3): <Trial 179 (3 in rep 44) data={'pos': np.int64(-150), 'corr_resp': 'z', 'thisN': 179, 'thisTrialN': 3, 'thisRepN': 44}>
437.5617 	DATA 	Keypress: c
437.5658 	EXP 	fixation: autoDraw = False
437.5658 	EXP 	line1: autoDraw = False
437.5658 	EXP 	line2: autoDraw = False
437.5658 	EXP 	line3: autoDraw = False
437.5658 	EXP 	line4: autoDraw = False
437.5658 	EXP 	probe: autoDraw = False
437.5658 	EXP 	fixation: autoDraw = True
437.6334 	EXP 	Device response: <KeyPress from None: t=437.55218933300057, value=c, duration=0.08024283400300192>
438.5542 	EXP 	fixation: autoDraw = False
438.5542 	EXP 	line1: autoDraw = True
438.5542 	EXP 	line2: autoDraw = True
438.5542 	EXP 	line3: autoDraw = True
438.5542 	EXP 	line4: autoDraw = True
439.5551 	INFO 	Keyboard events cleared
439.5549 	EXP 	probe: autoDraw = True
439.8168 	EXP 	Device response: <KeyPress from None: t=439.8153775419996, value=z, duration=None>
439.8176 	EXP 	New trial (rep=45, index=0): <Trial 180 (0 in rep 45) data={'pos': np.int64(-50), 'corr_resp': 'x', 'thisN': 180, 'thisTrialN': 0, 'thisRepN': 45}>
439.8222 	EXP 	fixation: autoDraw = False
439.8222 	EXP 	line1: autoDraw = False
439.8222 	EXP 	line2: autoDraw = False
439.8222 	EXP 	line3: autoDraw = False
439.8222 	EXP 	line4: autoDraw = False
439.8222 	EXP 	probe: autoDraw = False
439.8222 	EXP 	fixation: autoDraw = True
439.8262 	DATA 	Keypress: z
439.9505 	EXP 	Device response: <KeyPress from None: t=439.8153775419996, value=z, duration=0.12396266600262607>
440.8158 	EXP 	line1: autoDraw = True
440.8158 	EXP 	line2: autoDraw = True
440.8158 	EXP 	line3: autoDraw = True
440.8158 	EXP 	line4: autoDraw = True
440.8210 	EXP 	fixation: autoDraw = False
441.8159 	INFO 	Keyboard events cleared
441.8157 	EXP 	probe: autoDraw = True
442.0835 	EXP 	Device response: <KeyPress from None: t=442.0720804580051, value=x, duration=None>
442.0841 	EXP 	New trial (rep=45, index=1): <Trial 181 (1 in rep 45) data={'pos': np.int64(150), 'corr_resp': 'v', 'thisN': 181, 'thisTrialN': 1, 'thisRepN': 45}>
442.0896 	DATA 	Keypress: x
442.0939 	EXP 	fixation: autoDraw = False
442.0939 	EXP 	line1: autoDraw = False
442.0939 	EXP 	line2: autoDraw = False
442.0939 	EXP 	line3: autoDraw = False
442.0939 	EXP 	line4: autoDraw = False
442.0939 	EXP 	probe: autoDraw = False
442.0939 	EXP 	fixation: autoDraw = True
442.1836 	EXP 	Device response: <KeyPress from None: t=442.0720804580051, value=x, duration=0.10830716700002085>
443.0821 	EXP 	line1: autoDraw = True
443.0821 	EXP 	line2: autoDraw = True
443.0821 	EXP 	line3: autoDraw = True
443.0821 	EXP 	line4: autoDraw = True
443.0871 	EXP 	fixation: autoDraw = False
444.0827 	INFO 	Keyboard events cleared
444.0825 	EXP 	probe: autoDraw = True
445.0400 	EXP 	Device response: <KeyPress from None: t=445.0370350830053, value=v, duration=None>
445.0404 	EXP 	New trial (rep=45, index=2): <Trial 182 (2 in rep 45) data={'pos': np.int64(50), 'corr_resp': 'c', 'thisN': 182, 'thisTrialN': 2, 'thisRepN': 45}>
445.0460 	DATA 	Keypress: v
445.0536 	EXP 	fixation: autoDraw = False
445.0536 	EXP 	line1: autoDraw = False
445.0536 	EXP 	line2: autoDraw = False
445.0536 	EXP 	line3: autoDraw = False
445.0536 	EXP 	line4: autoDraw = False
445.0536 	EXP 	probe: autoDraw = False
445.0536 	EXP 	fixation: autoDraw = True
445.1501 	EXP 	Device response: <KeyPress from None: t=445.0370350830053, value=v, duration=0.10836341699905461>
446.0373 	EXP 	line1: autoDraw = True
446.0373 	EXP 	line2: autoDraw = True
446.0373 	EXP 	line3: autoDraw = True
446.0373 	EXP 	line4: autoDraw = True
446.0490 	EXP 	fixation: autoDraw = False
447.0372 	INFO 	Keyboard events cleared
447.0371 	EXP 	probe: autoDraw = True
447.4005 	EXP 	Device response: <KeyPress from None: t=447.3928878750012, value=c, duration=None>
447.4015 	EXP 	New trial (rep=45, index=3): <Trial 183 (3 in rep 45) data={'pos': np.int64(-150), 'corr_resp': 'z', 'thisN': 183, 'thisTrialN': 3, 'thisRepN': 45}>
447.4070 	DATA 	Keypress: c
447.4112 	EXP 	fixation: autoDraw = False
447.4112 	EXP 	line1: autoDraw = False
447.4112 	EXP 	line2: autoDraw = False
447.4112 	EXP 	line3: autoDraw = False
447.4112 	EXP 	line4: autoDraw = False
447.4112 	EXP 	probe: autoDraw = False
447.4112 	EXP 	fixation: autoDraw = True
447.4838 	EXP 	Device response: <KeyPress from None: t=447.3928878750012, value=c, duration=0.07936633300414542>
448.3991 	EXP 	line1: autoDraw = True
448.3991 	EXP 	line2: autoDraw = True
448.3991 	EXP 	line3: autoDraw = True
448.3991 	EXP 	line4: autoDraw = True
448.4038 	EXP 	fixation: autoDraw = False
449.3992 	INFO 	Keyboard events cleared
449.3990 	EXP 	probe: autoDraw = True
449.8051 	EXP 	Device response: <KeyPress from None: t=449.8038791250001, value=z, duration=None>
449.8055 	EXP 	New trial (rep=46, index=0): <Trial 184 (0 in rep 46) data={'pos': np.int64(-50), 'corr_resp': 'x', 'thisN': 184, 'thisTrialN': 0, 'thisRepN': 46}>
449.8109 	DATA 	Keypress: z
449.8151 	EXP 	fixation: autoDraw = False
449.8151 	EXP 	line1: autoDraw = False
449.8151 	EXP 	line2: autoDraw = False
449.8151 	EXP 	line3: autoDraw = False
449.8151 	EXP 	line4: autoDraw = False
449.8151 	EXP 	probe: autoDraw = False
449.8151 	EXP 	fixation: autoDraw = True
449.9215 	EXP 	Device response: <KeyPress from None: t=449.8038791250001, value=z, duration=0.11623133299872279>
450.8039 	EXP 	fixation: autoDraw = False
450.8039 	EXP 	line1: autoDraw = True
450.8039 	EXP 	line2: autoDraw = True
450.8039 	EXP 	line3: autoDraw = True
450.8039 	EXP 	line4: autoDraw = True
451.7992 	INFO 	Keyboard events cleared
451.7991 	EXP 	probe: autoDraw = True
452.2336 	EXP 	Device response: <KeyPress from None: t=452.2238035000046, value=x, duration=None>
452.2344 	EXP 	New trial (rep=46, index=1): <Trial 185 (1 in rep 46) data={'pos': np.int64(150), 'corr_resp': 'v', 'thisN': 185, 'thisTrialN': 1, 'thisRepN': 46}>
452.2400 	DATA 	Keypress: x
452.2442 	EXP 	fixation: autoDraw = False
452.2442 	EXP 	line1: autoDraw = False
452.2442 	EXP 	line2: autoDraw = False
452.2442 	EXP 	line3: autoDraw = False
452.2442 	EXP 	line4: autoDraw = False
452.2442 	EXP 	probe: autoDraw = False
452.2442 	EXP 	fixation: autoDraw = True
452.4169 	EXP 	Device response: <KeyPress from None: t=452.2238035000046, value=x, duration=0.18030862500017975>
453.2325 	EXP 	line1: autoDraw = True
453.2325 	EXP 	line2: autoDraw = True
453.2325 	EXP 	line3: autoDraw = True
453.2325 	EXP 	line4: autoDraw = True
453.2377 	EXP 	fixation: autoDraw = False
454.2326 	INFO 	Keyboard events cleared
454.2324 	EXP 	probe: autoDraw = True
454.5836 	EXP 	Device response: <KeyPress from None: t=454.5788023749992, value=v, duration=None>
454.5843 	EXP 	New trial (rep=46, index=2): <Trial 186 (2 in rep 46) data={'pos': np.int64(50), 'corr_resp': 'c', 'thisN': 186, 'thisTrialN': 2, 'thisRepN': 46}>
454.5892 	EXP 	fixation: autoDraw = False
454.5892 	EXP 	line1: autoDraw = False
454.5892 	EXP 	line2: autoDraw = False
454.5892 	EXP 	line3: autoDraw = False
454.5892 	EXP 	line4: autoDraw = False
454.5892 	EXP 	probe: autoDraw = False
454.5892 	EXP 	fixation: autoDraw = True
454.5938 	DATA 	Keypress: v
454.7041 	EXP 	Device response: <KeyPress from None: t=454.5788023749992, value=v, duration=0.12428358300530817>
455.5824 	EXP 	line1: autoDraw = True
455.5824 	EXP 	line2: autoDraw = True
455.5824 	EXP 	line3: autoDraw = True
455.5824 	EXP 	line4: autoDraw = True
455.5873 	EXP 	fixation: autoDraw = False
456.5824 	INFO 	Keyboard events cleared
456.5823 	EXP 	probe: autoDraw = True
457.2000 	EXP 	Device response: <KeyPress from None: t=457.19672691699816, value=c, duration=None>
457.2007 	EXP 	New trial (rep=46, index=3): <Trial 187 (3 in rep 46) data={'pos': np.int64(-150), 'corr_resp': 'z', 'thisN': 187, 'thisTrialN': 3, 'thisRepN': 46}>
457.2055 	EXP 	fixation: autoDraw = False
457.2055 	EXP 	line1: autoDraw = False
457.2055 	EXP 	line2: autoDraw = False
457.2055 	EXP 	line3: autoDraw = False
457.2055 	EXP 	line4: autoDraw = False
457.2055 	EXP 	probe: autoDraw = False
457.2055 	EXP 	fixation: autoDraw = True
457.2093 	DATA 	Keypress: c
457.3002 	EXP 	Device response: <KeyPress from None: t=457.19672691699816, value=c, duration=0.09641637500317302>
458.1990 	EXP 	line1: autoDraw = True
458.1990 	EXP 	line2: autoDraw = True
458.1990 	EXP 	line3: autoDraw = True
458.1990 	EXP 	line4: autoDraw = True
458.2039 	EXP 	fixation: autoDraw = False
459.1908 	INFO 	Keyboard events cleared
459.1907 	EXP 	probe: autoDraw = True
459.6551 	EXP 	Device response: <KeyPress from None: t=459.6536452920045, value=z, duration=None>
459.6555 	EXP 	New trial (rep=47, index=0): <Trial 188 (0 in rep 47) data={'pos': np.int64(-50), 'corr_resp': 'x', 'thisN': 188, 'thisTrialN': 0, 'thisRepN': 47}>
459.6607 	DATA 	Keypress: z
459.6651 	EXP 	fixation: autoDraw = False
459.6651 	EXP 	line1: autoDraw = False
459.6651 	EXP 	line2: autoDraw = False
459.6651 	EXP 	line3: autoDraw = False
459.6651 	EXP 	line4: autoDraw = False
459.6651 	EXP 	probe: autoDraw = False
459.6651 	EXP 	fixation: autoDraw = True
459.8502 	EXP 	Device response: <KeyPress from None: t=459.6536452920045, value=z, duration=0.188439790996199>
460.6540 	EXP 	fixation: autoDraw = False
460.6540 	EXP 	line1: autoDraw = True
460.6540 	EXP 	line2: autoDraw = True
460.6540 	EXP 	line3: autoDraw = True
460.6540 	EXP 	line4: autoDraw = True
461.6547 	INFO 	Keyboard events cleared
461.6545 	EXP 	probe: autoDraw = True
462.0336 	EXP 	Device response: <KeyPress from None: t=462.02363841699844, value=x, duration=None>
462.0343 	EXP 	New trial (rep=47, index=1): <Trial 189 (1 in rep 47) data={'pos': np.int64(150), 'corr_resp': 'v', 'thisN': 189, 'thisTrialN': 1, 'thisRepN': 47}>
462.0400 	DATA 	Keypress: x
462.0441 	EXP 	fixation: autoDraw = False
462.0441 	EXP 	line1: autoDraw = False
462.0441 	EXP 	line2: autoDraw = False
462.0441 	EXP 	line3: autoDraw = False
462.0441 	EXP 	line4: autoDraw = False
462.0441 	EXP 	probe: autoDraw = False
462.0441 	EXP 	fixation: autoDraw = True
462.1335 	EXP 	Device response: <KeyPress from None: t=462.02363841699844, value=x, duration=0.10441145799995866>
463.0323 	EXP 	line1: autoDraw = True
463.0323 	EXP 	line2: autoDraw = True
463.0323 	EXP 	line3: autoDraw = True
463.0323 	EXP 	line4: autoDraw = True
463.0371 	EXP 	fixation: autoDraw = False
464.0323 	INFO 	Keyboard events cleared
464.0322 	EXP 	probe: autoDraw = True
464.4836 	EXP 	Device response: <KeyPress from None: t=464.4805930000002, value=v, duration=None>
464.4843 	EXP 	New trial (rep=47, index=2): <Trial 190 (2 in rep 47) data={'pos': np.int64(50), 'corr_resp': 'c', 'thisN': 190, 'thisTrialN': 2, 'thisRepN': 47}>
464.4895 	EXP 	fixation: autoDraw = False
464.4895 	EXP 	line1: autoDraw = False
464.4895 	EXP 	line2: autoDraw = False
464.4895 	EXP 	line3: autoDraw = False
464.4895 	EXP 	line4: autoDraw = False
464.4895 	EXP 	probe: autoDraw = False
464.4895 	EXP 	fixation: autoDraw = True
464.4933 	DATA 	Keypress: v
464.5500 	EXP 	Device response: <KeyPress from None: t=464.4805930000002, value=v, duration=0.0643394580038148>
465.4822 	EXP 	line1: autoDraw = True
465.4822 	EXP 	line2: autoDraw = True
465.4822 	EXP 	line3: autoDraw = True
465.4822 	EXP 	line4: autoDraw = True
465.4863 	EXP 	fixation: autoDraw = False
466.4825 	INFO 	Keyboard events cleared
466.4823 	EXP 	probe: autoDraw = True
466.8721 	EXP 	Device response: <KeyPress from None: t=466.86838575, value=c, duration=None>
466.8725 	EXP 	New trial (rep=47, index=3): <Trial 191 (3 in rep 47) data={'pos': np.int64(-150), 'corr_resp': 'z', 'thisN': 191, 'thisTrialN': 3, 'thisRepN': 47}>
466.8780 	DATA 	Keypress: c
466.8823 	EXP 	fixation: autoDraw = False
466.8823 	EXP 	line1: autoDraw = False
466.8823 	EXP 	line2: autoDraw = False
466.8823 	EXP 	line3: autoDraw = False
466.8823 	EXP 	line4: autoDraw = False
466.8823 	EXP 	probe: autoDraw = False
466.8823 	EXP 	fixation: autoDraw = True
466.9498 	EXP 	Device response: <KeyPress from None: t=466.86838575, value=c, duration=0.07643562500015832>
467.8705 	EXP 	fixation: autoDraw = False
467.8705 	EXP 	line1: autoDraw = True
467.8705 	EXP 	line2: autoDraw = True
467.8705 	EXP 	line3: autoDraw = True
467.8705 	EXP 	line4: autoDraw = True
468.8717 	INFO 	Keyboard events cleared
468.8715 	EXP 	probe: autoDraw = True
469.4164 	EXP 	Device response: <KeyPress from None: t=469.4154711670053, value=z, duration=None>
469.4169 	EXP 	New trial (rep=48, index=0): <Trial 192 (0 in rep 48) data={'pos': np.int64(-50), 'corr_resp': 'x', 'thisN': 192, 'thisTrialN': 0, 'thisRepN': 48}>
469.4211 	EXP 	fixation: autoDraw = False
469.4211 	EXP 	line1: autoDraw = False
469.4211 	EXP 	line2: autoDraw = False
469.4211 	EXP 	line3: autoDraw = False
469.4211 	EXP 	line4: autoDraw = False
469.4211 	EXP 	probe: autoDraw = False
469.4211 	EXP 	fixation: autoDraw = True
469.4251 	DATA 	Keypress: z
469.6168 	EXP 	Device response: <KeyPress from None: t=469.4154711670053, value=z, duration=0.2001661249960307>
470.4156 	EXP 	line1: autoDraw = True
470.4156 	EXP 	line2: autoDraw = True
470.4156 	EXP 	line3: autoDraw = True
470.4156 	EXP 	line4: autoDraw = True
470.4199 	EXP 	fixation: autoDraw = False
471.4156 	INFO 	Keyboard events cleared
471.4155 	EXP 	probe: autoDraw = True
471.8502 	EXP 	Device response: <KeyPress from None: t=471.8445122080011, value=x, duration=None>
471.8509 	EXP 	New trial (rep=48, index=1): <Trial 193 (1 in rep 48) data={'pos': np.int64(150), 'corr_resp': 'v', 'thisN': 193, 'thisTrialN': 1, 'thisRepN': 48}>
471.8567 	DATA 	Keypress: x
471.8609 	EXP 	fixation: autoDraw = False
471.8609 	EXP 	line1: autoDraw = False
471.8609 	EXP 	line2: autoDraw = False
471.8609 	EXP 	line3: autoDraw = False
471.8609 	EXP 	line4: autoDraw = False
471.8609 	EXP 	probe: autoDraw = False
471.8609 	EXP 	fixation: autoDraw = True
471.9500 	EXP 	Device response: <KeyPress from None: t=471.8445122080011, value=x, duration=0.1002117919997545>
472.8489 	EXP 	line1: autoDraw = True
472.8489 	EXP 	line2: autoDraw = True
472.8489 	EXP 	line3: autoDraw = True
472.8489 	EXP 	line4: autoDraw = True
472.8540 	EXP 	fixation: autoDraw = False
473.8492 	INFO 	Keyboard events cleared
473.8490 	EXP 	probe: autoDraw = True
474.2395 	EXP 	Device response: <KeyPress from None: t=474.234255125004, value=v, duration=None>
474.2399 	EXP 	New trial (rep=48, index=2): <Trial 194 (2 in rep 48) data={'pos': np.int64(50), 'corr_resp': 'c', 'thisN': 194, 'thisTrialN': 2, 'thisRepN': 48}>
474.2451 	DATA 	Keypress: v
474.2659 	EXP 	fixation: autoDraw = False
474.2659 	EXP 	line1: autoDraw = False
474.2659 	EXP 	line2: autoDraw = False
474.2659 	EXP 	line3: autoDraw = False
474.2659 	EXP 	line4: autoDraw = False
474.2659 	EXP 	probe: autoDraw = False
474.2659 	EXP 	fixation: autoDraw = True
474.3333 	EXP 	Device response: <KeyPress from None: t=474.234255125004, value=v, duration=0.09644058299454628>
475.2375 	EXP 	line1: autoDraw = True
475.2375 	EXP 	line2: autoDraw = True
475.2375 	EXP 	line3: autoDraw = True
475.2375 	EXP 	line4: autoDraw = True
475.2530 	EXP 	fixation: autoDraw = False
476.2387 	INFO 	Keyboard events cleared
476.2385 	EXP 	probe: autoDraw = True
476.8334 	EXP 	Device response: <KeyPress from None: t=476.8212993749985, value=c, duration=None>
476.8341 	EXP 	New trial (rep=48, index=3): <Trial 195 (3 in rep 48) data={'pos': np.int64(-150), 'corr_resp': 'z', 'thisN': 195, 'thisTrialN': 3, 'thisRepN': 48}>
476.8396 	DATA 	Keypress: c
476.8437 	EXP 	fixation: autoDraw = False
476.8437 	EXP 	line1: autoDraw = False
476.8437 	EXP 	line2: autoDraw = False
476.8437 	EXP 	line3: autoDraw = False
476.8437 	EXP 	line4: autoDraw = False
476.8437 	EXP 	probe: autoDraw = False
476.8437 	EXP 	fixation: autoDraw = True
476.9334 	EXP 	Device response: <KeyPress from None: t=476.8212993749985, value=c, duration=0.10429854200629052>
477.8321 	EXP 	line1: autoDraw = True
477.8321 	EXP 	line2: autoDraw = True
477.8321 	EXP 	line3: autoDraw = True
477.8321 	EXP 	line4: autoDraw = True
477.8366 	EXP 	fixation: autoDraw = False
478.8323 	INFO 	Keyboard events cleared
478.8322 	EXP 	probe: autoDraw = True
479.1718 	EXP 	Device response: <KeyPress from None: t=479.16815087500436, value=z, duration=None>
479.1722 	EXP 	New trial (rep=49, index=0): <Trial 196 (0 in rep 49) data={'pos': np.int64(-50), 'corr_resp': 'x', 'thisN': 196, 'thisTrialN': 0, 'thisRepN': 49}>
479.1775 	DATA 	Keypress: z
479.1816 	EXP 	fixation: autoDraw = False
479.1816 	EXP 	line1: autoDraw = False
479.1816 	EXP 	line2: autoDraw = False
479.1816 	EXP 	line3: autoDraw = False
479.1816 	EXP 	line4: autoDraw = False
479.1816 	EXP 	probe: autoDraw = False
479.1816 	EXP 	fixation: autoDraw = True
479.3539 	EXP 	Device response: <KeyPress from None: t=479.16815087500436, value=z, duration=0.18437820799590554>
480.1703 	EXP 	fixation: autoDraw = False
480.1703 	EXP 	line1: autoDraw = True
480.1703 	EXP 	line2: autoDraw = True
480.1703 	EXP 	line3: autoDraw = True
480.1703 	EXP 	line4: autoDraw = True
481.1713 	INFO 	Keyboard events cleared
481.1711 	EXP 	probe: autoDraw = True
481.5834 	EXP 	Device response: <KeyPress from None: t=481.5781937499996, value=x, duration=None>
481.5840 	EXP 	New trial (rep=49, index=1): <Trial 197 (1 in rep 49) data={'pos': np.int64(150), 'corr_resp': 'v', 'thisN': 197, 'thisTrialN': 1, 'thisRepN': 49}>
481.5886 	EXP 	fixation: autoDraw = False
481.5886 	EXP 	line1: autoDraw = False
481.5886 	EXP 	line2: autoDraw = False
481.5886 	EXP 	line3: autoDraw = False
481.5886 	EXP 	line4: autoDraw = False
481.5886 	EXP 	probe: autoDraw = False
481.5886 	EXP 	fixation: autoDraw = True
481.5928 	DATA 	Keypress: x
481.6876 	EXP 	Device response: <KeyPress from None: t=481.5781937499996, value=x, duration=0.1083194579987321>
482.5821 	EXP 	line1: autoDraw = True
482.5821 	EXP 	line2: autoDraw = True
482.5821 	EXP 	line3: autoDraw = True
482.5821 	EXP 	line4: autoDraw = True
482.5865 	EXP 	fixation: autoDraw = False
483.5823 	INFO 	Keyboard events cleared
483.5821 	EXP 	probe: autoDraw = True
483.9500 	EXP 	Device response: <KeyPress from None: t=483.94507541700295, value=v, duration=None>
483.9506 	EXP 	New trial (rep=49, index=2): <Trial 198 (2 in rep 49) data={'pos': np.int64(50), 'corr_resp': 'c', 'thisN': 198, 'thisTrialN': 2, 'thisRepN': 49}>
483.9564 	DATA 	Keypress: v
483.9605 	EXP 	fixation: autoDraw = False
483.9605 	EXP 	line1: autoDraw = False
483.9605 	EXP 	line2: autoDraw = False
483.9605 	EXP 	line3: autoDraw = False
483.9605 	EXP 	line4: autoDraw = False
483.9605 	EXP 	probe: autoDraw = False
483.9605 	EXP 	fixation: autoDraw = True
484.0833 	EXP 	Device response: <KeyPress from None: t=483.94507541700295, value=v, duration=0.1284026659996016>
484.9485 	EXP 	line1: autoDraw = True
484.9485 	EXP 	line2: autoDraw = True
484.9485 	EXP 	line3: autoDraw = True
484.9485 	EXP 	line4: autoDraw = True
484.9534 	EXP 	fixation: autoDraw = False
485.9490 	INFO 	Keyboard events cleared
485.9488 	EXP 	probe: autoDraw = True
486.3835 	EXP 	Device response: <KeyPress from None: t=486.3710537920051, value=c, duration=None>
486.3840 	EXP 	New trial (rep=49, index=3): <Trial 199 (3 in rep 49) data={'pos': np.int64(-150), 'corr_resp': 'z', 'thisN': 199, 'thisTrialN': 3, 'thisRepN': 49}>
486.3891 	DATA 	Keypress: c
486.3933 	EXP 	fixation: autoDraw = False
486.3933 	EXP 	line1: autoDraw = False
486.3933 	EXP 	line2: autoDraw = False
486.3933 	EXP 	line3: autoDraw = False
486.3933 	EXP 	line4: autoDraw = False
486.3933 	EXP 	probe: autoDraw = False
486.3933 	EXP 	fixation: autoDraw = True
486.4663 	EXP 	Device response: <KeyPress from None: t=486.3710537920051, value=c, duration=0.09232291599619202>
487.3821 	EXP 	line1: autoDraw = True
487.3821 	EXP 	line2: autoDraw = True
487.3821 	EXP 	line3: autoDraw = True
487.3821 	EXP 	line4: autoDraw = True
487.3865 	EXP 	fixation: autoDraw = False
488.3821 	INFO 	Keyboard events cleared
488.3820 	EXP 	probe: autoDraw = True
488.8166 	EXP 	Device response: <KeyPress from None: t=488.8040301670044, value=z, duration=None>
488.8268 	EXP 	Imported /Users/vineesmacbook/Downloads/sequence_cond - Sheet1.csv as conditions, 4 conditions, 2 params
488.8308 	EXP 	New trial (rep=0, index=0): <Trial 0 (0 in rep 0) data={'pos': np.int64(-50), 'corr_resp': 'x', 'thisN': 0, 'thisTrialN': 0, 'thisRepN': 0}>
488.8343 	DATA 	Keypress: z
488.8381 	EXP 	fixation: autoDraw = False
488.8381 	EXP 	line1: autoDraw = False
488.8381 	EXP 	line2: autoDraw = False
488.8381 	EXP 	line3: autoDraw = False
488.8381 	EXP 	line4: autoDraw = False
488.8381 	EXP 	probe: autoDraw = False
488.8381 	EXP 	fixation: autoDraw = True
488.9501 	EXP 	Device response: <KeyPress from None: t=488.8040301670044, value=z, duration=0.132166249997681>
489.8154 	EXP 	line1: autoDraw = True
489.8154 	EXP 	line2: autoDraw = True
489.8154 	EXP 	line3: autoDraw = True
489.8154 	EXP 	line4: autoDraw = True
489.8367 	EXP 	fixation: autoDraw = False
490.8154 	INFO 	Keyboard events cleared
490.8153 	EXP 	probe: autoDraw = True
491.1997 	EXP 	Device response: <KeyPress from None: t=491.1930180420022, value=x, duration=None>
491.2003 	EXP 	New trial (rep=0, index=1): <Trial 1 (1 in rep 0) data={'pos': np.int64(50), 'corr_resp': 'c', 'thisN': 1, 'thisTrialN': 1, 'thisRepN': 0}>
491.2046 	DATA 	Keypress: x
491.2086 	EXP 	fixation: autoDraw = False
491.2086 	EXP 	line1: autoDraw = False
491.2086 	EXP 	line2: autoDraw = False
491.2086 	EXP 	line3: autoDraw = False
491.2086 	EXP 	line4: autoDraw = False
491.2086 	EXP 	probe: autoDraw = False
491.2086 	EXP 	fixation: autoDraw = True
491.3166 	EXP 	Device response: <KeyPress from None: t=491.1930180420022, value=x, duration=0.11226733300281921>
492.1986 	EXP 	line1: autoDraw = True
492.1986 	EXP 	line2: autoDraw = True
492.1986 	EXP 	line3: autoDraw = True
492.1986 	EXP 	line4: autoDraw = True
492.2034 	EXP 	fixation: autoDraw = False
493.1989 	INFO 	Keyboard events cleared
493.1987 	EXP 	probe: autoDraw = True
494.4882 	EXP 	Device response: <KeyPress from None: t=494.4857870000051, value=c, duration=None>
494.4886 	EXP 	New trial (rep=1, index=2): <Trial 2 (2 in rep 1) data={'pos': np.int64(-50), 'corr_resp': 'x', 'thisN': 2, 'thisTrialN': 2, 'thisRepN': 1}>
494.4929 	DATA 	Keypress: c
494.4978 	EXP 	fixation: autoDraw = False
494.4978 	EXP 	line1: autoDraw = False
494.4978 	EXP 	line2: autoDraw = False
494.4978 	EXP 	line3: autoDraw = False
494.4978 	EXP 	line4: autoDraw = False
494.4978 	EXP 	probe: autoDraw = False
494.4978 	EXP 	fixation: autoDraw = True
494.6000 	EXP 	Device response: <KeyPress from None: t=494.4857870000051, value=c, duration=0.10046195799804991>
495.4873 	EXP 	fixation: autoDraw = False
495.4873 	EXP 	line1: autoDraw = True
495.4873 	EXP 	line2: autoDraw = True
495.4873 	EXP 	line3: autoDraw = True
495.4873 	EXP 	line4: autoDraw = True
496.4885 	INFO 	Keyboard events cleared
496.4883 	EXP 	probe: autoDraw = True
497.2829 	EXP 	Device response: <KeyPress from None: t=497.2757566250002, value=x, duration=None>
497.2834 	EXP 	New trial (rep=1, index=3): <Trial 3 (3 in rep 1) data={'pos': np.int64(50), 'corr_resp': 'c', 'thisN': 3, 'thisTrialN': 3, 'thisRepN': 1}>
497.2878 	DATA 	Keypress: x
497.2916 	EXP 	fixation: autoDraw = False
497.2916 	EXP 	line1: autoDraw = False
497.2916 	EXP 	line2: autoDraw = False
497.2916 	EXP 	line3: autoDraw = False
497.2916 	EXP 	line4: autoDraw = False
497.2916 	EXP 	probe: autoDraw = False
497.2916 	EXP 	fixation: autoDraw = True
497.3830 	EXP 	Device response: <KeyPress from None: t=497.2757566250002, value=x, duration=0.10045266700035427>
498.2820 	EXP 	line1: autoDraw = True
498.2820 	EXP 	line2: autoDraw = True
498.2820 	EXP 	line3: autoDraw = True
498.2820 	EXP 	line4: autoDraw = True
498.2866 	EXP 	fixation: autoDraw = False
499.2821 	INFO 	Keyboard events cleared
499.2819 	EXP 	probe: autoDraw = True
499.8496 	EXP 	Device response: <KeyPress from None: t=499.8467910420004, value=c, duration=None>
499.8501 	EXP 	New trial (rep=2, index=4): <Trial 4 (4 in rep 2) data={'pos': np.int64(-50), 'corr_resp': 'x', 'thisN': 4, 'thisTrialN': 4, 'thisRepN': 2}>
499.8551 	DATA 	Keypress: c
499.8591 	EXP 	fixation: autoDraw = False
499.8591 	EXP 	line1: autoDraw = False
499.8591 	EXP 	line2: autoDraw = False
499.8591 	EXP 	line3: autoDraw = False
499.8591 	EXP 	line4: autoDraw = False
499.8591 	EXP 	probe: autoDraw = False
499.8591 	EXP 	fixation: autoDraw = True
499.9499 	EXP 	Device response: <KeyPress from None: t=499.8467910420004, value=c, duration=0.09218483300355729>
500.8486 	EXP 	line1: autoDraw = True
500.8486 	EXP 	line2: autoDraw = True
500.8486 	EXP 	line3: autoDraw = True
500.8486 	EXP 	line4: autoDraw = True
500.8535 	EXP 	fixation: autoDraw = False
501.8487 	INFO 	Keyboard events cleared
501.8486 	EXP 	probe: autoDraw = True
502.1999 	EXP 	Device response: <KeyPress from None: t=502.19067558299867, value=x, duration=None>
502.2005 	EXP 	New trial (rep=3, index=5): <Trial 5 (5 in rep 3) data={'pos': np.int64(-50), 'corr_resp': 'x', 'thisN': 5, 'thisTrialN': 5, 'thisRepN': 3}>
502.2055 	DATA 	Keypress: x
502.2095 	EXP 	fixation: autoDraw = False
502.2095 	EXP 	line1: autoDraw = False
502.2095 	EXP 	line2: autoDraw = False
502.2095 	EXP 	line3: autoDraw = False
502.2095 	EXP 	line4: autoDraw = False
502.2095 	EXP 	probe: autoDraw = False
502.2095 	EXP 	fixation: autoDraw = True
502.3170 	EXP 	Device response: <KeyPress from None: t=502.19067558299867, value=x, duration=0.12440112500189571>
503.1986 	EXP 	line1: autoDraw = True
503.1986 	EXP 	line2: autoDraw = True
503.1986 	EXP 	line3: autoDraw = True
503.1986 	EXP 	line4: autoDraw = True
503.2033 	EXP 	fixation: autoDraw = False
504.1986 	INFO 	Keyboard events cleared
504.1985 	EXP 	probe: autoDraw = True
504.7669 	EXP 	Device response: <KeyPress from None: t=504.7585944169987, value=x, duration=None>
504.7676 	EXP 	New trial (rep=4, index=6): <Trial 6 (6 in rep 4) data={'pos': np.int64(-50), 'corr_resp': 'x', 'thisN': 6, 'thisTrialN': 6, 'thisRepN': 4}>
504.7729 	DATA 	Keypress: x
504.7768 	EXP 	fixation: autoDraw = False
504.7768 	EXP 	line1: autoDraw = False
504.7768 	EXP 	line2: autoDraw = False
504.7768 	EXP 	line3: autoDraw = False
504.7768 	EXP 	line4: autoDraw = False
504.7768 	EXP 	probe: autoDraw = False
504.7768 	EXP 	fixation: autoDraw = True
504.8830 	EXP 	Device response: <KeyPress from None: t=504.7585944169987, value=x, duration=0.11647912500484381>
505.7652 	EXP 	line1: autoDraw = True
505.7652 	EXP 	line2: autoDraw = True
505.7652 	EXP 	line3: autoDraw = True
505.7652 	EXP 	line4: autoDraw = True
505.7701 	EXP 	fixation: autoDraw = False
506.7656 	INFO 	Keyboard events cleared
506.7654 	EXP 	probe: autoDraw = True
507.1665 	EXP 	Device response: <KeyPress from None: t=507.1535922080002, value=x, duration=None>
507.1670 	EXP 	New trial (rep=0, index=7): <Trial 7 (7 in rep 0) data={'pos': np.int64(-150), 'corr_resp': 'z', 'thisN': 7, 'thisTrialN': 7, 'thisRepN': 0}>
507.1718 	DATA 	Keypress: x
507.1759 	EXP 	fixation: autoDraw = False
507.1759 	EXP 	line1: autoDraw = False
507.1759 	EXP 	line2: autoDraw = False
507.1759 	EXP 	line3: autoDraw = False
507.1759 	EXP 	line4: autoDraw = False
507.1759 	EXP 	probe: autoDraw = False
507.1759 	EXP 	fixation: autoDraw = True
507.2668 	EXP 	Device response: <KeyPress from None: t=507.1535922080002, value=x, duration=0.10834945899841841>
508.1653 	EXP 	line1: autoDraw = True
508.1653 	EXP 	line2: autoDraw = True
508.1653 	EXP 	line3: autoDraw = True
508.1653 	EXP 	line4: autoDraw = True
508.1701 	EXP 	fixation: autoDraw = False
509.1654 	INFO 	Keyboard events cleared
509.1652 	EXP 	probe: autoDraw = True
509.7833 	EXP 	Device response: <KeyPress from None: t=509.7755962080046, value=z, duration=None>
509.7840 	EXP 	New trial (rep=1, index=8): <Trial 8 (8 in rep 1) data={'pos': np.int64(-150), 'corr_resp': 'z', 'thisN': 8, 'thisTrialN': 8, 'thisRepN': 1}>
509.7889 	DATA 	Keypress: z
509.7943 	EXP 	fixation: autoDraw = False
509.7943 	EXP 	line1: autoDraw = False
509.7943 	EXP 	line2: autoDraw = False
509.7943 	EXP 	line3: autoDraw = False
509.7943 	EXP 	line4: autoDraw = False
509.7943 	EXP 	probe: autoDraw = False
509.7943 	EXP 	fixation: autoDraw = True
509.9333 	EXP 	Device response: <KeyPress from None: t=509.7755962080046, value=z, duration=0.14415487500082236>
510.7819 	EXP 	line1: autoDraw = True
510.7819 	EXP 	line2: autoDraw = True
510.7819 	EXP 	line3: autoDraw = True
510.7819 	EXP 	line4: autoDraw = True
510.7872 	EXP 	fixation: autoDraw = False
511.7819 	INFO 	Keyboard events cleared
511.7818 	EXP 	probe: autoDraw = True
512.3164 	EXP 	Device response: <KeyPress from None: t=512.3084298329995, value=z, duration=None>
512.3171 	EXP 	New trial (rep=5, index=9): <Trial 9 (9 in rep 5) data={'pos': np.int64(-50), 'corr_resp': 'x', 'thisN': 9, 'thisTrialN': 9, 'thisRepN': 5}>
512.3220 	DATA 	Keypress: z
512.3260 	EXP 	fixation: autoDraw = False
512.3260 	EXP 	line1: autoDraw = False
512.3260 	EXP 	line2: autoDraw = False
512.3260 	EXP 	line3: autoDraw = False
512.3260 	EXP 	line4: autoDraw = False
512.3260 	EXP 	probe: autoDraw = False
512.3260 	EXP 	fixation: autoDraw = True
512.4664 	EXP 	Device response: <KeyPress from None: t=512.3084298329995, value=z, duration=0.15243604200077243>
513.3151 	EXP 	line1: autoDraw = True
513.3151 	EXP 	line2: autoDraw = True
513.3151 	EXP 	line3: autoDraw = True
513.3151 	EXP 	line4: autoDraw = True
513.3198 	EXP 	fixation: autoDraw = False
514.3156 	INFO 	Keyboard events cleared
514.3154 	EXP 	probe: autoDraw = True
514.9048 	EXP 	Device response: <KeyPress from None: t=514.9004122080005, value=x, duration=None>
514.9052 	EXP 	New trial (rep=2, index=10): <Trial 10 (10 in rep 2) data={'pos': np.int64(50), 'corr_resp': 'c', 'thisN': 10, 'thisTrialN': 10, 'thisRepN': 2}>
514.9100 	DATA 	Keypress: x
514.9142 	EXP 	fixation: autoDraw = False
514.9142 	EXP 	line1: autoDraw = False
514.9142 	EXP 	line2: autoDraw = False
514.9142 	EXP 	line3: autoDraw = False
514.9142 	EXP 	line4: autoDraw = False
514.9142 	EXP 	probe: autoDraw = False
514.9142 	EXP 	fixation: autoDraw = True
514.9702 	EXP 	Device response: <KeyPress from None: t=514.9004122080005, value=x, duration=0.06825445900176419>
515.9039 	EXP 	fixation: autoDraw = False
515.9039 	EXP 	line1: autoDraw = True
515.9039 	EXP 	line2: autoDraw = True
515.9039 	EXP 	line3: autoDraw = True
515.9039 	EXP 	line4: autoDraw = True
516.9059 	INFO 	Keyboard events cleared
516.9058 	EXP 	probe: autoDraw = True
517.5497 	EXP 	Device response: <KeyPress from None: t=517.5382297500037, value=c, duration=None>
517.5503 	EXP 	New trial (rep=3, index=11): <Trial 11 (11 in rep 3) data={'pos': np.int64(50), 'corr_resp': 'c', 'thisN': 11, 'thisTrialN': 11, 'thisRepN': 3}>
517.5555 	DATA 	Keypress: c
517.5595 	EXP 	fixation: autoDraw = False
517.5595 	EXP 	line1: autoDraw = False
517.5595 	EXP 	line2: autoDraw = False
517.5595 	EXP 	line3: autoDraw = False
517.5595 	EXP 	line4: autoDraw = False
517.5595 	EXP 	probe: autoDraw = False
517.5595 	EXP 	fixation: autoDraw = True
517.6494 	EXP 	Device response: <KeyPress from None: t=517.5382297500037, value=c, duration=0.10037008299696026>
518.5484 	EXP 	line1: autoDraw = True
518.5484 	EXP 	line2: autoDraw = True
518.5484 	EXP 	line3: autoDraw = True
518.5484 	EXP 	line4: autoDraw = True
518.5531 	EXP 	fixation: autoDraw = False
519.5486 	INFO 	Keyboard events cleared
519.5485 	EXP 	probe: autoDraw = True
520.0164 	EXP 	Device response: <KeyPress from None: t=520.0062895420051, value=x, duration=None>
520.0171 	EXP 	New trial (rep=6, index=12): <Trial 12 (12 in rep 6) data={'pos': np.int64(-50), 'corr_resp': 'x', 'thisN': 12, 'thisTrialN': 12, 'thisRepN': 6}>
520.0221 	DATA 	Keypress: x
520.0260 	EXP 	fixation: autoDraw = False
520.0260 	EXP 	line1: autoDraw = False
520.0260 	EXP 	line2: autoDraw = False
520.0260 	EXP 	line3: autoDraw = False
520.0260 	EXP 	line4: autoDraw = False
520.0260 	EXP 	probe: autoDraw = False
520.0260 	EXP 	fixation: autoDraw = True
520.1163 	EXP 	Device response: <KeyPress from None: t=520.0062895420051, value=x, duration=0.10034599999926286>
521.0153 	EXP 	line1: autoDraw = True
521.0153 	EXP 	line2: autoDraw = True
521.0153 	EXP 	line3: autoDraw = True
521.0153 	EXP 	line4: autoDraw = True
521.0202 	EXP 	fixation: autoDraw = False
522.0151 	INFO 	Keyboard events cleared
522.0150 	EXP 	probe: autoDraw = True
522.5831 	EXP 	Device response: <KeyPress from None: t=522.5795540830004, value=x, duration=None>
522.5838 	EXP 	New trial (rep=7, index=13): <Trial 13 (13 in rep 7) data={'pos': np.int64(-50), 'corr_resp': 'x', 'thisN': 13, 'thisTrialN': 13, 'thisRepN': 7}>
522.5890 	EXP 	fixation: autoDraw = False
522.5890 	EXP 	line1: autoDraw = False
522.5890 	EXP 	line2: autoDraw = False
522.5890 	EXP 	line3: autoDraw = False
522.5890 	EXP 	line4: autoDraw = False
522.5890 	EXP 	probe: autoDraw = False
522.5890 	EXP 	fixation: autoDraw = True
522.5924 	DATA 	Keypress: x
522.6829 	EXP 	Device response: <KeyPress from None: t=522.5795540830004, value=x, duration=0.09630004200153053>
523.5817 	EXP 	line1: autoDraw = True
523.5817 	EXP 	line2: autoDraw = True
523.5817 	EXP 	line3: autoDraw = True
523.5817 	EXP 	line4: autoDraw = True
523.5871 	EXP 	fixation: autoDraw = False
524.5821 	INFO 	Keyboard events cleared
524.5819 	EXP 	probe: autoDraw = True
525.0997 	EXP 	Device response: <KeyPress from None: t=525.0931367500016, value=x, duration=None>
525.1001 	EXP 	New trial (rep=8, index=14): <Trial 14 (14 in rep 8) data={'pos': np.int64(-50), 'corr_resp': 'x', 'thisN': 14, 'thisTrialN': 14, 'thisRepN': 8}>
525.1051 	DATA 	Keypress: x
525.1091 	EXP 	fixation: autoDraw = False
525.1091 	EXP 	line1: autoDraw = False
525.1091 	EXP 	line2: autoDraw = False
525.1091 	EXP 	line3: autoDraw = False
525.1091 	EXP 	line4: autoDraw = False
525.1091 	EXP 	probe: autoDraw = False
525.1091 	EXP 	fixation: autoDraw = True
525.2331 	EXP 	Device response: <KeyPress from None: t=525.0931367500016, value=x, duration=0.12837879200378666>
526.0986 	EXP 	line1: autoDraw = True
526.0986 	EXP 	line2: autoDraw = True
526.0986 	EXP 	line3: autoDraw = True
526.0986 	EXP 	line4: autoDraw = True
526.1051 	EXP 	fixation: autoDraw = False
527.0985 	INFO 	Keyboard events cleared
527.0983 	EXP 	probe: autoDraw = True
527.5830 	EXP 	Device response: <KeyPress from None: t=527.5700294999988, value=x, duration=None>
527.5837 	EXP 	New trial (rep=4, index=15): <Trial 15 (15 in rep 4) data={'pos': np.int64(50), 'corr_resp': 'c', 'thisN': 15, 'thisTrialN': 15, 'thisRepN': 4}>
527.5889 	DATA 	Keypress: x
527.5928 	EXP 	fixation: autoDraw = False
527.5928 	EXP 	line1: autoDraw = False
527.5928 	EXP 	line2: autoDraw = False
527.5928 	EXP 	line3: autoDraw = False
527.5928 	EXP 	line4: autoDraw = False
527.5928 	EXP 	probe: autoDraw = False
527.5928 	EXP 	fixation: autoDraw = True
527.6663 	EXP 	Device response: <KeyPress from None: t=527.5700294999988, value=x, duration=0.088372458005324>
528.5817 	EXP 	line1: autoDraw = True
528.5817 	EXP 	line2: autoDraw = True
528.5817 	EXP 	line3: autoDraw = True
528.5817 	EXP 	line4: autoDraw = True
528.5865 	EXP 	fixation: autoDraw = False
529.5818 	INFO 	Keyboard events cleared
529.5816 	EXP 	probe: autoDraw = True
530.0829 	EXP 	Device response: <KeyPress from None: t=530.0710713750013, value=c, duration=None>
530.0835 	EXP 	New trial (rep=2, index=16): <Trial 16 (16 in rep 2) data={'pos': np.int64(-150), 'corr_resp': 'z', 'thisN': 16, 'thisTrialN': 16, 'thisRepN': 2}>
530.0882 	DATA 	Keypress: c
530.0923 	EXP 	fixation: autoDraw = False
530.0923 	EXP 	line1: autoDraw = False
530.0923 	EXP 	line2: autoDraw = False
530.0923 	EXP 	line3: autoDraw = False
530.0923 	EXP 	line4: autoDraw = False
530.0923 	EXP 	probe: autoDraw = False
530.0923 	EXP 	fixation: autoDraw = True
530.1663 	EXP 	Device response: <KeyPress from None: t=530.0710713750013, value=c, duration=0.08431079200090608>
531.0817 	EXP 	line1: autoDraw = True
531.0817 	EXP 	line2: autoDraw = True
531.0817 	EXP 	line3: autoDraw = True
531.0817 	EXP 	line4: autoDraw = True
531.0865 	EXP 	fixation: autoDraw = False
532.0818 	INFO 	Keyboard events cleared
532.0816 	EXP 	probe: autoDraw = True
532.7502 	EXP 	Device response: <KeyPress from None: t=532.7440113330013, value=z, duration=None>
532.7509 	EXP 	New trial (rep=9, index=17): <Trial 17 (17 in rep 9) data={'pos': np.int64(-50), 'corr_resp': 'x', 'thisN': 17, 'thisTrialN': 17, 'thisRepN': 9}>
532.7560 	DATA 	Keypress: z
532.7600 	EXP 	fixation: autoDraw = False
532.7600 	EXP 	line1: autoDraw = False
532.7600 	EXP 	line2: autoDraw = False
532.7600 	EXP 	line3: autoDraw = False
532.7600 	EXP 	line4: autoDraw = False
532.7600 	EXP 	probe: autoDraw = False
532.7600 	EXP 	fixation: autoDraw = True
532.9161 	EXP 	Device response: <KeyPress from None: t=532.7440113330013, value=z, duration=0.16837329199915985>
533.7482 	EXP 	line1: autoDraw = True
533.7482 	EXP 	line2: autoDraw = True
533.7482 	EXP 	line3: autoDraw = True
533.7482 	EXP 	line4: autoDraw = True
533.7529 	EXP 	fixation: autoDraw = False
534.7484 	INFO 	Keyboard events cleared
534.7483 	EXP 	probe: autoDraw = True
535.3830 	EXP 	Device response: <KeyPress from None: t=535.3739676670011, value=x, duration=None>
535.3836 	EXP 	New trial (rep=3, index=18): <Trial 18 (18 in rep 3) data={'pos': np.int64(-150), 'corr_resp': 'z', 'thisN': 18, 'thisTrialN': 18, 'thisRepN': 3}>
535.3884 	DATA 	Keypress: x
535.3923 	EXP 	fixation: autoDraw = False
535.3923 	EXP 	line1: autoDraw = False
535.3923 	EXP 	line2: autoDraw = False
535.3923 	EXP 	line3: autoDraw = False
535.3923 	EXP 	line4: autoDraw = False
535.3923 	EXP 	probe: autoDraw = False
535.3923 	EXP 	fixation: autoDraw = True
535.4667 	EXP 	Device response: <KeyPress from None: t=535.3739676670011, value=x, duration=0.08832979100407101>
536.3818 	EXP 	line1: autoDraw = True
536.3818 	EXP 	line2: autoDraw = True
536.3818 	EXP 	line3: autoDraw = True
536.3818 	EXP 	line4: autoDraw = True
536.3872 	EXP 	fixation: autoDraw = False
537.3817 	INFO 	Keyboard events cleared
537.3815 	EXP 	probe: autoDraw = True
537.9668 	EXP 	Device response: <KeyPress from None: t=537.9640777079985, value=z, duration=None>
537.9677 	EXP 	New trial (rep=0, index=19): <Trial 19 (19 in rep 0) data={'pos': np.int64(150), 'corr_resp': 'v', 'thisN': 19, 'thisTrialN': 19, 'thisRepN': 0}>
537.9729 	EXP 	fixation: autoDraw = False
537.9729 	EXP 	line1: autoDraw = False
537.9729 	EXP 	line2: autoDraw = False
537.9729 	EXP 	line3: autoDraw = False
537.9729 	EXP 	line4: autoDraw = False
537.9729 	EXP 	probe: autoDraw = False
537.9729 	EXP 	fixation: autoDraw = True
537.9766 	DATA 	Keypress: z
538.1160 	EXP 	Device response: <KeyPress from None: t=537.9640777079985, value=z, duration=0.14414337500056718>
538.9649 	EXP 	line1: autoDraw = True
538.9649 	EXP 	line2: autoDraw = True
538.9649 	EXP 	line3: autoDraw = True
538.9649 	EXP 	line4: autoDraw = True
538.9698 	EXP 	fixation: autoDraw = False
539.9651 	INFO 	Keyboard events cleared
539.9650 	EXP 	probe: autoDraw = True
546.6547 	EXP 	Device response: <KeyPress from None: t=546.6485748749983, value=v, duration=None>
546.6552 	EXP 	New trial (rep=4, index=20): <Trial 20 (20 in rep 4) data={'pos': np.int64(-150), 'corr_resp': 'z', 'thisN': 20, 'thisTrialN': 20, 'thisRepN': 4}>
546.6598 	DATA 	Keypress: v
546.6641 	EXP 	fixation: autoDraw = False
546.6641 	EXP 	line1: autoDraw = False
546.6641 	EXP 	line2: autoDraw = False
546.6641 	EXP 	line3: autoDraw = False
546.6641 	EXP 	line4: autoDraw = False
546.6641 	EXP 	probe: autoDraw = False
546.6641 	EXP 	fixation: autoDraw = True
546.7829 	EXP 	Device response: <KeyPress from None: t=546.6485748749983, value=v, duration=0.12445600000501145>
547.6539 	EXP 	fixation: autoDraw = False
547.6539 	EXP 	line1: autoDraw = True
547.6539 	EXP 	line2: autoDraw = True
547.6539 	EXP 	line3: autoDraw = True
547.6539 	EXP 	line4: autoDraw = True
548.6537 	INFO 	Keyboard events cleared
548.6536 	EXP 	probe: autoDraw = True
549.1825 	EXP 	Device response: <KeyPress from None: t=549.1805741249991, value=z, duration=None>
549.1830 	EXP 	New trial (rep=5, index=21): <Trial 21 (21 in rep 5) data={'pos': np.int64(-150), 'corr_resp': 'z', 'thisN': 21, 'thisTrialN': 21, 'thisRepN': 5}>
549.1883 	EXP 	fixation: autoDraw = False
549.1883 	EXP 	line1: autoDraw = False
549.1883 	EXP 	line2: autoDraw = False
549.1883 	EXP 	line3: autoDraw = False
549.1883 	EXP 	line4: autoDraw = False
549.1883 	EXP 	probe: autoDraw = False
549.1883 	EXP 	fixation: autoDraw = True
549.1921 	DATA 	Keypress: z
549.3162 	EXP 	Device response: <KeyPress from None: t=549.1805741249991, value=z, duration=0.1283349170043948>
550.1813 	EXP 	line1: autoDraw = True
550.1813 	EXP 	line2: autoDraw = True
550.1813 	EXP 	line3: autoDraw = True
550.1813 	EXP 	line4: autoDraw = True
550.1862 	EXP 	fixation: autoDraw = False
551.1819 	INFO 	Keyboard events cleared
551.1817 	EXP 	probe: autoDraw = True
551.6825 	EXP 	Device response: <KeyPress from None: t=551.6784980420052, value=z, duration=None>
551.6830 	EXP 	New trial (rep=1, index=22): <Trial 22 (22 in rep 1) data={'pos': np.int64(150), 'corr_resp': 'v', 'thisN': 22, 'thisTrialN': 22, 'thisRepN': 1}>
551.6881 	DATA 	Keypress: z
551.6922 	EXP 	fixation: autoDraw = False
551.6922 	EXP 	line1: autoDraw = False
551.6922 	EXP 	line2: autoDraw = False
551.6922 	EXP 	line3: autoDraw = False
551.6922 	EXP 	line4: autoDraw = False
551.6922 	EXP 	probe: autoDraw = False
551.6922 	EXP 	fixation: autoDraw = True
551.8331 	EXP 	Device response: <KeyPress from None: t=551.6784980420052, value=z, duration=0.1483737079979619>
552.6815 	EXP 	line1: autoDraw = True
552.6815 	EXP 	line2: autoDraw = True
552.6815 	EXP 	line3: autoDraw = True
552.6815 	EXP 	line4: autoDraw = True
552.6864 	EXP 	fixation: autoDraw = False
553.6815 	INFO 	Keyboard events cleared
553.6814 	EXP 	probe: autoDraw = True
554.5210 	EXP 	Device response: <KeyPress from None: t=554.5175011669999, value=v, duration=None>
554.5214 	EXP 	New trial (rep=10, index=23): <Trial 23 (23 in rep 10) data={'pos': np.int64(-50), 'corr_resp': 'x', 'thisN': 23, 'thisTrialN': 23, 'thisRepN': 10}>
554.5262 	DATA 	Keypress: v
554.5305 	EXP 	fixation: autoDraw = False
554.5305 	EXP 	line1: autoDraw = False
554.5305 	EXP 	line2: autoDraw = False
554.5305 	EXP 	line3: autoDraw = False
554.5305 	EXP 	line4: autoDraw = False
554.5305 	EXP 	probe: autoDraw = False
554.5305 	EXP 	fixation: autoDraw = True
554.6329 	EXP 	Device response: <KeyPress from None: t=554.5175011669999, value=v, duration=0.1123186250042636>
555.5198 	EXP 	fixation: autoDraw = False
555.5198 	EXP 	line1: autoDraw = True
555.5198 	EXP 	line2: autoDraw = True
555.5198 	EXP 	line3: autoDraw = True
555.5198 	EXP 	line4: autoDraw = True
556.5232 	INFO 	Keyboard events cleared
556.5230 	EXP 	probe: autoDraw = True
557.1162 	EXP 	Device response: <KeyPress from None: t=557.1065016249995, value=x, duration=None>
557.1169 	EXP 	New trial (rep=11, index=24): <Trial 24 (24 in rep 11) data={'pos': np.int64(-50), 'corr_resp': 'x', 'thisN': 24, 'thisTrialN': 24, 'thisRepN': 11}>
557.1221 	DATA 	Keypress: x
557.1262 	EXP 	fixation: autoDraw = False
557.1262 	EXP 	line1: autoDraw = False
557.1262 	EXP 	line2: autoDraw = False
557.1262 	EXP 	line3: autoDraw = False
557.1262 	EXP 	line4: autoDraw = False
557.1262 	EXP 	probe: autoDraw = False
557.1262 	EXP 	fixation: autoDraw = True
557.2161 	EXP 	Device response: <KeyPress from None: t=557.1065016249995, value=x, duration=0.1083165000018198>
558.1148 	EXP 	line1: autoDraw = True
558.1148 	EXP 	line2: autoDraw = True
558.1148 	EXP 	line3: autoDraw = True
558.1148 	EXP 	line4: autoDraw = True
558.1197 	EXP 	fixation: autoDraw = False
559.1148 	INFO 	Keyboard events cleared
559.1147 	EXP 	probe: autoDraw = True
559.8327 	EXP 	Device response: <KeyPress from None: t=559.8293196250015, value=x, duration=None>
559.8334 	EXP 	New trial (rep=6, index=25): <Trial 25 (25 in rep 6) data={'pos': np.int64(-150), 'corr_resp': 'z', 'thisN': 25, 'thisTrialN': 25, 'thisRepN': 6}>
559.8384 	EXP 	fixation: autoDraw = False
559.8384 	EXP 	line1: autoDraw = False
559.8384 	EXP 	line2: autoDraw = False
559.8384 	EXP 	line3: autoDraw = False
559.8384 	EXP 	line4: autoDraw = False
559.8384 	EXP 	probe: autoDraw = False
559.8384 	EXP 	fixation: autoDraw = True
559.8420 	DATA 	Keypress: x
559.9496 	EXP 	Device response: <KeyPress from None: t=559.8293196250015, value=x, duration=0.11638562499865657>
560.8316 	EXP 	line1: autoDraw = True
560.8316 	EXP 	line2: autoDraw = True
560.8316 	EXP 	line3: autoDraw = True
560.8316 	EXP 	line4: autoDraw = True
560.8363 	EXP 	fixation: autoDraw = False
561.8314 	INFO 	Keyboard events cleared
561.8313 	EXP 	probe: autoDraw = True
562.4385 	EXP 	Device response: <KeyPress from None: t=562.4363208750001, value=z, duration=None>
562.4389 	EXP 	New trial (rep=2, index=26): <Trial 26 (26 in rep 2) data={'pos': np.int64(150), 'corr_resp': 'v', 'thisN': 26, 'thisTrialN': 26, 'thisRepN': 2}>
562.4436 	DATA 	Keypress: z
562.4479 	EXP 	fixation: autoDraw = False
562.4479 	EXP 	line1: autoDraw = False
562.4479 	EXP 	line2: autoDraw = False
562.4479 	EXP 	line3: autoDraw = False
562.4479 	EXP 	line4: autoDraw = False
562.4479 	EXP 	probe: autoDraw = False
562.4479 	EXP 	fixation: autoDraw = True
562.5657 	EXP 	Device response: <KeyPress from None: t=562.4363208750001, value=z, duration=0.12036533300124574>
563.4363 	EXP 	fixation: autoDraw = False
563.4363 	EXP 	line1: autoDraw = True
563.4363 	EXP 	line2: autoDraw = True
563.4363 	EXP 	line3: autoDraw = True
563.4363 	EXP 	line4: autoDraw = True
564.4373 	INFO 	Keyboard events cleared
564.4372 	EXP 	probe: autoDraw = True
564.9826 	EXP 	Device response: <KeyPress from None: t=564.9792617499988, value=v, duration=None>
564.9833 	EXP 	New trial (rep=7, index=27): <Trial 27 (27 in rep 7) data={'pos': np.int64(-150), 'corr_resp': 'z', 'thisN': 27, 'thisTrialN': 27, 'thisRepN': 7}>
564.9883 	DATA 	Keypress: v
564.9923 	EXP 	fixation: autoDraw = False
564.9923 	EXP 	line1: autoDraw = False
564.9923 	EXP 	line2: autoDraw = False
564.9923 	EXP 	line3: autoDraw = False
564.9923 	EXP 	line4: autoDraw = False
564.9923 	EXP 	probe: autoDraw = False
564.9923 	EXP 	fixation: autoDraw = True
565.1161 	EXP 	Device response: <KeyPress from None: t=564.9792617499988, value=v, duration=0.12439491700206418>
565.9815 	EXP 	line1: autoDraw = True
565.9815 	EXP 	line2: autoDraw = True
565.9815 	EXP 	line3: autoDraw = True
565.9815 	EXP 	line4: autoDraw = True
565.9873 	EXP 	fixation: autoDraw = False
566.9815 	INFO 	Keyboard events cleared
566.9813 	EXP 	probe: autoDraw = True
567.6537 	EXP 	Device response: <KeyPress from None: t=567.6490935830006, value=z, duration=None>
567.6541 	EXP 	New trial (rep=3, index=28): <Trial 28 (28 in rep 3) data={'pos': np.int64(150), 'corr_resp': 'v', 'thisN': 28, 'thisTrialN': 28, 'thisRepN': 3}>
567.6589 	DATA 	Keypress: z
567.6637 	EXP 	fixation: autoDraw = False
567.6637 	EXP 	line1: autoDraw = False
567.6637 	EXP 	line2: autoDraw = False
567.6637 	EXP 	line3: autoDraw = False
567.6637 	EXP 	line4: autoDraw = False
567.6637 	EXP 	probe: autoDraw = False
567.6637 	EXP 	fixation: autoDraw = True
567.8158 	EXP 	Device response: <KeyPress from None: t=567.6490935830006, value=z, duration=0.16052879200287862>
568.6479 	EXP 	line1: autoDraw = True
568.6479 	EXP 	line2: autoDraw = True
568.6479 	EXP 	line3: autoDraw = True
568.6479 	EXP 	line4: autoDraw = True
568.6519 	EXP 	fixation: autoDraw = False
569.6545 	INFO 	Keyboard events cleared
569.6543 	EXP 	probe: autoDraw = True
570.2211 	EXP 	Device response: <KeyPress from None: t=570.2201726249987, value=v, duration=None>
570.2215 	EXP 	New trial (rep=8, index=29): <Trial 29 (29 in rep 8) data={'pos': np.int64(-150), 'corr_resp': 'z', 'thisN': 29, 'thisTrialN': 29, 'thisRepN': 8}>
570.2261 	DATA 	Keypress: v
570.2305 	EXP 	fixation: autoDraw = False
570.2305 	EXP 	line1: autoDraw = False
570.2305 	EXP 	line2: autoDraw = False
570.2305 	EXP 	line3: autoDraw = False
570.2305 	EXP 	line4: autoDraw = False
570.2305 	EXP 	probe: autoDraw = False
570.2305 	EXP 	fixation: autoDraw = True
570.3162 	EXP 	Device response: <KeyPress from None: t=570.2201726249987, value=v, duration=0.09234358300454915>
571.2198 	EXP 	fixation: autoDraw = False
571.2198 	EXP 	line1: autoDraw = True
571.2198 	EXP 	line2: autoDraw = True
571.2198 	EXP 	line3: autoDraw = True
571.2198 	EXP 	line4: autoDraw = True
572.2211 	INFO 	Keyboard events cleared
572.2209 	EXP 	probe: autoDraw = True
572.9656 	EXP 	Device response: <KeyPress from None: t=572.9580275000044, value=z, duration=None>
572.9662 	EXP 	New trial (rep=5, index=30): <Trial 30 (30 in rep 5) data={'pos': np.int64(50), 'corr_resp': 'c', 'thisN': 30, 'thisTrialN': 30, 'thisRepN': 5}>
572.9716 	DATA 	Keypress: z
572.9757 	EXP 	fixation: autoDraw = False
572.9757 	EXP 	line1: autoDraw = False
572.9757 	EXP 	line2: autoDraw = False
572.9757 	EXP 	line3: autoDraw = False
572.9757 	EXP 	line4: autoDraw = False
572.9757 	EXP 	probe: autoDraw = False
572.9757 	EXP 	fixation: autoDraw = True
573.0995 	EXP 	Device response: <KeyPress from None: t=572.9580275000044, value=z, duration=0.13245679199462757>
573.9645 	EXP 	line1: autoDraw = True
573.9645 	EXP 	line2: autoDraw = True
573.9645 	EXP 	line3: autoDraw = True
573.9645 	EXP 	line4: autoDraw = True
573.9693 	EXP 	fixation: autoDraw = False
574.9648 	INFO 	Keyboard events cleared
574.9646 	EXP 	probe: autoDraw = True
576.1375 	EXP 	Device response: <KeyPress from None: t=576.134038958, value=c, duration=None>
576.1380 	EXP 	New trial (rep=4, index=31): <Trial 31 (31 in rep 4) data={'pos': np.int64(150), 'corr_resp': 'v', 'thisN': 31, 'thisTrialN': 31, 'thisRepN': 4}>
576.1427 	DATA 	Keypress: c
576.1470 	EXP 	fixation: autoDraw = False
576.1470 	EXP 	line1: autoDraw = False
576.1470 	EXP 	line2: autoDraw = False
576.1470 	EXP 	line3: autoDraw = False
576.1470 	EXP 	line4: autoDraw = False
576.1470 	EXP 	probe: autoDraw = False
576.1470 	EXP 	fixation: autoDraw = True
576.2324 	EXP 	Device response: <KeyPress from None: t=576.134038958, value=c, duration=0.09225379200506723>
577.1368 	EXP 	fixation: autoDraw = False
577.1368 	EXP 	line1: autoDraw = True
577.1368 	EXP 	line2: autoDraw = True
577.1368 	EXP 	line3: autoDraw = True
577.1368 	EXP 	line4: autoDraw = True
578.1314 	INFO 	Keyboard events cleared
578.1313 	EXP 	probe: autoDraw = True
578.7824 	EXP 	Device response: <KeyPress from None: t=578.7740053330053, value=v, duration=None>
578.7831 	EXP 	New trial (rep=5, index=32): <Trial 32 (32 in rep 5) data={'pos': np.int64(150), 'corr_resp': 'v', 'thisN': 32, 'thisTrialN': 32, 'thisRepN': 5}>
578.7878 	DATA 	Keypress: v
578.7918 	EXP 	fixation: autoDraw = False
578.7918 	EXP 	line1: autoDraw = False
578.7918 	EXP 	line2: autoDraw = False
578.7918 	EXP 	line3: autoDraw = False
578.7918 	EXP 	line4: autoDraw = False
578.7918 	EXP 	probe: autoDraw = False
578.7918 	EXP 	fixation: autoDraw = True
578.8824 	EXP 	Device response: <KeyPress from None: t=578.7740053330053, value=v, duration=0.10034149999410147>
579.7813 	EXP 	line1: autoDraw = True
579.7813 	EXP 	line2: autoDraw = True
579.7813 	EXP 	line3: autoDraw = True
579.7813 	EXP 	line4: autoDraw = True
579.7860 	EXP 	fixation: autoDraw = False
580.7813 	INFO 	Keyboard events cleared
580.7812 	EXP 	probe: autoDraw = True
581.2990 	EXP 	Device response: <KeyPress from None: t=581.2918981670009, value=v, duration=None>
581.2994 	EXP 	New trial (rep=6, index=33): <Trial 33 (33 in rep 6) data={'pos': np.int64(50), 'corr_resp': 'c', 'thisN': 33, 'thisTrialN': 33, 'thisRepN': 6}>
581.3045 	DATA 	Keypress: v
581.3085 	EXP 	fixation: autoDraw = False
581.3085 	EXP 	line1: autoDraw = False
581.3085 	EXP 	line2: autoDraw = False
581.3085 	EXP 	line3: autoDraw = False
581.3085 	EXP 	line4: autoDraw = False
581.3085 	EXP 	probe: autoDraw = False
581.3085 	EXP 	fixation: autoDraw = True
581.4200 	EXP 	Device response: <KeyPress from None: t=581.2918981670009, value=v, duration=0.12433291599882068>
582.2978 	EXP 	line1: autoDraw = True
582.2978 	EXP 	line2: autoDraw = True
582.2978 	EXP 	line3: autoDraw = True
582.2978 	EXP 	line4: autoDraw = True
582.3022 	EXP 	fixation: autoDraw = False
583.2979 	INFO 	Keyboard events cleared
583.2977 	EXP 	probe: autoDraw = True
583.8490 	EXP 	Device response: <KeyPress from None: t=583.845873875005, value=c, duration=None>
583.8495 	EXP 	New trial (rep=6, index=34): <Trial 34 (34 in rep 6) data={'pos': np.int64(150), 'corr_resp': 'v', 'thisN': 34, 'thisTrialN': 34, 'thisRepN': 6}>
583.8542 	DATA 	Keypress: c
583.8584 	EXP 	fixation: autoDraw = False
583.8584 	EXP 	line1: autoDraw = False
583.8584 	EXP 	line2: autoDraw = False
583.8584 	EXP 	line3: autoDraw = False
583.8584 	EXP 	line4: autoDraw = False
583.8584 	EXP 	probe: autoDraw = False
583.8584 	EXP 	fixation: autoDraw = True
583.9494 	EXP 	Device response: <KeyPress from None: t=583.845873875005, value=c, duration=0.1005338329996448>
584.8478 	EXP 	line1: autoDraw = True
584.8478 	EXP 	line2: autoDraw = True
584.8478 	EXP 	line3: autoDraw = True
584.8478 	EXP 	line4: autoDraw = True
584.8527 	EXP 	fixation: autoDraw = False
585.8483 	INFO 	Keyboard events cleared
585.8480 	EXP 	probe: autoDraw = True
586.3714 	EXP 	Device response: <KeyPress from None: t=586.3697700000048, value=v, duration=None>
586.3718 	EXP 	New trial (rep=7, index=35): <Trial 35 (35 in rep 7) data={'pos': np.int64(50), 'corr_resp': 'c', 'thisN': 35, 'thisTrialN': 35, 'thisRepN': 7}>
586.3764 	DATA 	Keypress: v
586.3805 	EXP 	fixation: autoDraw = False
586.3805 	EXP 	line1: autoDraw = False
586.3805 	EXP 	line2: autoDraw = False
586.3805 	EXP 	line3: autoDraw = False
586.3805 	EXP 	line4: autoDraw = False
586.3805 	EXP 	probe: autoDraw = False
586.3805 	EXP 	fixation: autoDraw = True
586.4696 	EXP 	Device response: <KeyPress from None: t=586.3697700000048, value=v, duration=0.09637141699931817>
587.3692 	EXP 	fixation: autoDraw = False
587.3692 	EXP 	line1: autoDraw = True
587.3692 	EXP 	line2: autoDraw = True
587.3692 	EXP 	line3: autoDraw = True
587.3692 	EXP 	line4: autoDraw = True
588.3709 	INFO 	Keyboard events cleared
588.3707 	EXP 	probe: autoDraw = True
589.0708 	EXP 	Device response: <KeyPress from None: t=589.064754125, value=c, duration=None>
589.0712 	EXP 	New trial (rep=7, index=36): <Trial 36 (36 in rep 7) data={'pos': np.int64(150), 'corr_resp': 'v', 'thisN': 36, 'thisTrialN': 36, 'thisRepN': 7}>
589.0757 	DATA 	Keypress: c
589.0803 	EXP 	fixation: autoDraw = False
589.0803 	EXP 	line1: autoDraw = False
589.0803 	EXP 	line2: autoDraw = False
589.0803 	EXP 	line3: autoDraw = False
589.0803 	EXP 	line4: autoDraw = False
589.0803 	EXP 	probe: autoDraw = False
589.0803 	EXP 	fixation: autoDraw = True
589.1490 	EXP 	Device response: <KeyPress from None: t=589.064754125, value=c, duration=0.07636870800342876>
590.0702 	EXP 	fixation: autoDraw = False
590.0702 	EXP 	line1: autoDraw = True
590.0702 	EXP 	line2: autoDraw = True
590.0702 	EXP 	line3: autoDraw = True
590.0702 	EXP 	line4: autoDraw = True
591.0710 	INFO 	Keyboard events cleared
591.0709 	EXP 	probe: autoDraw = True
591.7492 	EXP 	Device response: <KeyPress from None: t=591.740689667, value=v, duration=None>
591.7500 	EXP 	New trial (rep=8, index=37): <Trial 37 (37 in rep 8) data={'pos': np.int64(150), 'corr_resp': 'v', 'thisN': 37, 'thisTrialN': 37, 'thisRepN': 8}>
591.7549 	DATA 	Keypress: v
591.7588 	EXP 	fixation: autoDraw = False
591.7588 	EXP 	line1: autoDraw = False
591.7588 	EXP 	line2: autoDraw = False
591.7588 	EXP 	line3: autoDraw = False
591.7588 	EXP 	line4: autoDraw = False
591.7588 	EXP 	probe: autoDraw = False
591.7588 	EXP 	fixation: autoDraw = True
591.8529 	EXP 	Device response: <KeyPress from None: t=591.740689667, value=v, duration=0.10819154100317974>
592.7477 	EXP 	line1: autoDraw = True
592.7477 	EXP 	line2: autoDraw = True
592.7477 	EXP 	line3: autoDraw = True
592.7477 	EXP 	line4: autoDraw = True
592.7523 	EXP 	fixation: autoDraw = False
593.7479 	INFO 	Keyboard events cleared
593.7477 	EXP 	probe: autoDraw = True
594.3875 	EXP 	Device response: <KeyPress from None: t=594.3815830000021, value=v, duration=None>
594.3879 	EXP 	New trial (rep=9, index=38): <Trial 38 (38 in rep 9) data={'pos': np.int64(150), 'corr_resp': 'v', 'thisN': 38, 'thisTrialN': 38, 'thisRepN': 9}>
594.3925 	DATA 	Keypress: v
594.3969 	EXP 	fixation: autoDraw = False
594.3969 	EXP 	line1: autoDraw = False
594.3969 	EXP 	line2: autoDraw = False
594.3969 	EXP 	line3: autoDraw = False
594.3969 	EXP 	line4: autoDraw = False
594.3969 	EXP 	probe: autoDraw = False
594.3969 	EXP 	fixation: autoDraw = True
594.4698 	EXP 	Device response: <KeyPress from None: t=594.3815830000021, value=v, duration=0.08439162500144448>
595.3859 	EXP 	fixation: autoDraw = False
595.3859 	EXP 	line1: autoDraw = True
595.3859 	EXP 	line2: autoDraw = True
595.3859 	EXP 	line3: autoDraw = True
595.3859 	EXP 	line4: autoDraw = True
596.3880 	INFO 	Keyboard events cleared
596.3878 	EXP 	probe: autoDraw = True
597.7708 	EXP 	Device response: <KeyPress from None: t=597.7655058329983, value=v, duration=None>
597.7712 	EXP 	New trial (rep=9, index=39): <Trial 39 (39 in rep 9) data={'pos': np.int64(-150), 'corr_resp': 'z', 'thisN': 39, 'thisTrialN': 39, 'thisRepN': 9}>
597.7758 	DATA 	Keypress: v
597.7801 	EXP 	fixation: autoDraw = False
597.7801 	EXP 	line1: autoDraw = False
597.7801 	EXP 	line2: autoDraw = False
597.7801 	EXP 	line3: autoDraw = False
597.7801 	EXP 	line4: autoDraw = False
597.7801 	EXP 	probe: autoDraw = False
597.7801 	EXP 	fixation: autoDraw = True
597.8361 	EXP 	Device response: <KeyPress from None: t=597.7655058329983, value=v, duration=0.06837062500562752>
598.7694 	EXP 	fixation: autoDraw = False
598.7694 	EXP 	line1: autoDraw = True
598.7694 	EXP 	line2: autoDraw = True
598.7694 	EXP 	line3: autoDraw = True
598.7694 	EXP 	line4: autoDraw = True
599.7690 	INFO 	Keyboard events cleared
599.7689 	EXP 	probe: autoDraw = True
600.5161 	EXP 	Device response: <KeyPress from None: t=600.5105890420018, value=z, duration=None>
600.5169 	EXP 	New trial (rep=12, index=40): <Trial 40 (40 in rep 12) data={'pos': np.int64(-50), 'corr_resp': 'x', 'thisN': 40, 'thisTrialN': 40, 'thisRepN': 12}>
600.5220 	EXP 	fixation: autoDraw = False
600.5220 	EXP 	line1: autoDraw = False
600.5220 	EXP 	line2: autoDraw = False
600.5220 	EXP 	line3: autoDraw = False
600.5220 	EXP 	line4: autoDraw = False
600.5220 	EXP 	probe: autoDraw = False
600.5220 	EXP 	fixation: autoDraw = True
600.5255 	DATA 	Keypress: z
600.6492 	EXP 	Device response: <KeyPress from None: t=600.5105890420018, value=z, duration=0.13228579099813942>
601.5142 	EXP 	line1: autoDraw = True
601.5142 	EXP 	line2: autoDraw = True
601.5142 	EXP 	line3: autoDraw = True
601.5142 	EXP 	line4: autoDraw = True
601.5186 	EXP 	fixation: autoDraw = False
602.5145 	INFO 	Keyboard events cleared
602.5143 	EXP 	probe: autoDraw = True
603.1708 	EXP 	Device response: <KeyPress from None: t=603.1693121249991, value=x, duration=None>
603.1712 	EXP 	New trial (rep=10, index=41): <Trial 41 (41 in rep 10) data={'pos': np.int64(-150), 'corr_resp': 'z', 'thisN': 41, 'thisTrialN': 41, 'thisRepN': 10}>
603.1757 	DATA 	Keypress: x
603.1800 	EXP 	fixation: autoDraw = False
603.1800 	EXP 	line1: autoDraw = False
603.1800 	EXP 	line2: autoDraw = False
603.1800 	EXP 	line3: autoDraw = False
603.1800 	EXP 	line4: autoDraw = False
603.1800 	EXP 	probe: autoDraw = False
603.1800 	EXP 	fixation: autoDraw = True
603.2706 	EXP 	Device response: <KeyPress from None: t=603.1693121249991, value=x, duration=0.09643766700173728>
604.1707 	EXP 	fixation: autoDraw = False
604.1707 	EXP 	line1: autoDraw = True
604.1707 	EXP 	line2: autoDraw = True
604.1707 	EXP 	line3: autoDraw = True
604.1707 	EXP 	line4: autoDraw = True
605.1699 	INFO 	Keyboard events cleared
605.1697 	EXP 	probe: autoDraw = True
605.7987 	EXP 	Device response: <KeyPress from None: t=605.7924003330045, value=z, duration=None>
605.7992 	EXP 	New trial (rep=8, index=42): <Trial 42 (42 in rep 8) data={'pos': np.int64(50), 'corr_resp': 'c', 'thisN': 42, 'thisTrialN': 42, 'thisRepN': 8}>
605.8046 	DATA 	Keypress: z
605.8085 	EXP 	fixation: autoDraw = False
605.8085 	EXP 	line1: autoDraw = False
605.8085 	EXP 	line2: autoDraw = False
605.8085 	EXP 	line3: autoDraw = False
605.8085 	EXP 	line4: autoDraw = False
605.8085 	EXP 	probe: autoDraw = False
605.8085 	EXP 	fixation: autoDraw = True
605.9653 	EXP 	Device response: <KeyPress from None: t=605.7924003330045, value=z, duration=0.1601517499948386>
606.7976 	EXP 	line1: autoDraw = True
606.7976 	EXP 	line2: autoDraw = True
606.7976 	EXP 	line3: autoDraw = True
606.7976 	EXP 	line4: autoDraw = True
606.8030 	EXP 	fixation: autoDraw = False
607.7976 	INFO 	Keyboard events cleared
607.7975 	EXP 	probe: autoDraw = True
608.6657 	EXP 	Device response: <KeyPress from None: t=608.6543642079996, value=c, duration=None>
608.6663 	EXP 	New trial (rep=13, index=43): <Trial 43 (43 in rep 13) data={'pos': np.int64(-50), 'corr_resp': 'x', 'thisN': 43, 'thisTrialN': 43, 'thisRepN': 13}>
608.6712 	DATA 	Keypress: c
608.6753 	EXP 	fixation: autoDraw = False
608.6753 	EXP 	line1: autoDraw = False
608.6753 	EXP 	line2: autoDraw = False
608.6753 	EXP 	line3: autoDraw = False
608.6753 	EXP 	line4: autoDraw = False
608.6753 	EXP 	probe: autoDraw = False
608.6753 	EXP 	fixation: autoDraw = True
608.7693 	EXP 	Device response: <KeyPress from None: t=608.6543642079996, value=c, duration=0.11217254200164462>
609.6644 	EXP 	line1: autoDraw = True
609.6644 	EXP 	line2: autoDraw = True
609.6644 	EXP 	line3: autoDraw = True
609.6644 	EXP 	line4: autoDraw = True
609.6700 	EXP 	fixation: autoDraw = False
610.6644 	INFO 	Keyboard events cleared
610.6642 	EXP 	probe: autoDraw = True
611.2324 	EXP 	Device response: <KeyPress from None: t=611.2222655420046, value=x, duration=None>
611.2330 	EXP 	New trial (rep=10, index=44): <Trial 44 (44 in rep 10) data={'pos': np.int64(150), 'corr_resp': 'v', 'thisN': 44, 'thisTrialN': 44, 'thisRepN': 10}>
611.2388 	DATA 	Keypress: x
611.2430 	EXP 	fixation: autoDraw = False
611.2430 	EXP 	line1: autoDraw = False
611.2430 	EXP 	line2: autoDraw = False
611.2430 	EXP 	line3: autoDraw = False
611.2430 	EXP 	line4: autoDraw = False
611.2430 	EXP 	probe: autoDraw = False
611.2430 	EXP 	fixation: autoDraw = True
611.3195 	EXP 	Device response: <KeyPress from None: t=611.2222655420046, value=x, duration=0.09618416599550983>
612.2309 	EXP 	line1: autoDraw = True
612.2309 	EXP 	line2: autoDraw = True
612.2309 	EXP 	line3: autoDraw = True
612.2309 	EXP 	line4: autoDraw = True
612.2351 	EXP 	fixation: autoDraw = False
613.2310 	INFO 	Keyboard events cleared
613.2309 	EXP 	probe: autoDraw = True
613.8153 	EXP 	Device response: <KeyPress from None: t=613.8112010830009, value=v, duration=None>
613.8158 	EXP 	New trial (rep=14, index=45): <Trial 45 (45 in rep 14) data={'pos': np.int64(-50), 'corr_resp': 'x', 'thisN': 45, 'thisTrialN': 45, 'thisRepN': 14}>
613.8202 	DATA 	Keypress: v
613.8241 	EXP 	fixation: autoDraw = False
613.8241 	EXP 	line1: autoDraw = False
613.8241 	EXP 	line2: autoDraw = False
613.8241 	EXP 	line3: autoDraw = False
613.8241 	EXP 	line4: autoDraw = False
613.8241 	EXP 	probe: autoDraw = False
613.8241 	EXP 	fixation: autoDraw = True
613.8820 	EXP 	Device response: <KeyPress from None: t=613.8112010830009, value=v, duration=0.06429737500002375>
614.8144 	EXP 	line1: autoDraw = True
614.8144 	EXP 	line2: autoDraw = True
614.8144 	EXP 	line3: autoDraw = True
614.8144 	EXP 	line4: autoDraw = True
614.8199 	EXP 	fixation: autoDraw = False
615.8145 	INFO 	Keyboard events cleared
615.8143 	EXP 	probe: autoDraw = True
616.4155 	EXP 	Device response: <KeyPress from None: t=616.405143875003, value=x, duration=None>
616.4161 	EXP 	New trial (rep=15, index=46): <Trial 46 (46 in rep 15) data={'pos': np.int64(-50), 'corr_resp': 'x', 'thisN': 46, 'thisTrialN': 46, 'thisRepN': 15}>
616.4211 	DATA 	Keypress: x
616.4251 	EXP 	fixation: autoDraw = False
616.4251 	EXP 	line1: autoDraw = False
616.4251 	EXP 	line2: autoDraw = False
616.4251 	EXP 	line3: autoDraw = False
616.4251 	EXP 	line4: autoDraw = False
616.4251 	EXP 	probe: autoDraw = False
616.4251 	EXP 	fixation: autoDraw = True
616.5202 	EXP 	Device response: <KeyPress from None: t=616.405143875003, value=x, duration=0.11227495799539611>
617.4142 	EXP 	line1: autoDraw = True
617.4142 	EXP 	line2: autoDraw = True
617.4142 	EXP 	line3: autoDraw = True
617.4142 	EXP 	line4: autoDraw = True
617.4190 	EXP 	fixation: autoDraw = False
618.4143 	INFO 	Keyboard events cleared
618.4141 	EXP 	probe: autoDraw = True
618.9042 	EXP 	Device response: <KeyPress from None: t=618.9000712920024, value=x, duration=None>
618.9046 	EXP 	New trial (rep=11, index=47): <Trial 47 (47 in rep 11) data={'pos': np.int64(-150), 'corr_resp': 'z', 'thisN': 47, 'thisTrialN': 47, 'thisRepN': 11}>
618.9094 	DATA 	Keypress: x
618.9135 	EXP 	fixation: autoDraw = False
618.9135 	EXP 	line1: autoDraw = False
618.9135 	EXP 	line2: autoDraw = False
618.9135 	EXP 	line3: autoDraw = False
618.9135 	EXP 	line4: autoDraw = False
618.9135 	EXP 	probe: autoDraw = False
618.9135 	EXP 	fixation: autoDraw = True
619.0488 	EXP 	Device response: <KeyPress from None: t=618.9000712920024, value=x, duration=0.13624912499653874>
619.9030 	EXP 	fixation: autoDraw = False
619.9030 	EXP 	line1: autoDraw = True
619.9030 	EXP 	line2: autoDraw = True
619.9030 	EXP 	line3: autoDraw = True
619.9030 	EXP 	line4: autoDraw = True
620.9044 	INFO 	Keyboard events cleared
620.9042 	EXP 	probe: autoDraw = True
621.6989 	EXP 	Device response: <KeyPress from None: t=621.6940305000026, value=z, duration=None>
621.6996 	EXP 	New trial (rep=12, index=48): <Trial 48 (48 in rep 12) data={'pos': np.int64(-150), 'corr_resp': 'z', 'thisN': 48, 'thisTrialN': 48, 'thisRepN': 12}>
621.7044 	EXP 	fixation: autoDraw = False
621.7044 	EXP 	line1: autoDraw = False
621.7044 	EXP 	line2: autoDraw = False
621.7044 	EXP 	line3: autoDraw = False
621.7044 	EXP 	line4: autoDraw = False
621.7044 	EXP 	probe: autoDraw = False
621.7044 	EXP 	fixation: autoDraw = True
621.7078 	DATA 	Keypress: z
621.8321 	EXP 	Device response: <KeyPress from None: t=621.6940305000026, value=z, duration=0.13624779199744808>
622.6974 	EXP 	line1: autoDraw = True
622.6974 	EXP 	line2: autoDraw = True
622.6974 	EXP 	line3: autoDraw = True
622.6974 	EXP 	line4: autoDraw = True
622.7021 	EXP 	fixation: autoDraw = False
623.6977 	INFO 	Keyboard events cleared
623.6975 	EXP 	probe: autoDraw = True
624.3326 	EXP 	Device response: <KeyPress from None: t=624.3298750829999, value=z, duration=None>
624.3334 	EXP 	New trial (rep=11, index=49): <Trial 49 (49 in rep 11) data={'pos': np.int64(150), 'corr_resp': 'v', 'thisN': 49, 'thisTrialN': 49, 'thisRepN': 11}>
624.3383 	DATA 	Keypress: z
624.3422 	EXP 	fixation: autoDraw = False
624.3422 	EXP 	line1: autoDraw = False
624.3422 	EXP 	line2: autoDraw = False
624.3422 	EXP 	line3: autoDraw = False
624.3422 	EXP 	line4: autoDraw = False
624.3422 	EXP 	probe: autoDraw = False
624.3422 	EXP 	fixation: autoDraw = True
624.4821 	EXP 	Device response: <KeyPress from None: t=624.3298750829999, value=z, duration=0.1404230420012027>
625.3307 	EXP 	line1: autoDraw = True
625.3307 	EXP 	line2: autoDraw = True
625.3307 	EXP 	line3: autoDraw = True
625.3307 	EXP 	line4: autoDraw = True
625.3353 	EXP 	fixation: autoDraw = False
626.3309 	INFO 	Keyboard events cleared
626.3308 	EXP 	probe: autoDraw = True
626.9821 	EXP 	Device response: <KeyPress from None: t=626.9749279579992, value=v, duration=None>
626.9828 	EXP 	New trial (rep=13, index=50): <Trial 50 (50 in rep 13) data={'pos': np.int64(-150), 'corr_resp': 'z', 'thisN': 50, 'thisTrialN': 50, 'thisRepN': 13}>
626.9875 	DATA 	Keypress: v
626.9916 	EXP 	fixation: autoDraw = False
626.9916 	EXP 	line1: autoDraw = False
626.9916 	EXP 	line2: autoDraw = False
626.9916 	EXP 	line3: autoDraw = False
626.9916 	EXP 	line4: autoDraw = False
626.9916 	EXP 	probe: autoDraw = False
626.9916 	EXP 	fixation: autoDraw = True
627.0655 	EXP 	Device response: <KeyPress from None: t=626.9749279579992, value=v, duration=0.08421000000089407>
627.9808 	EXP 	line1: autoDraw = True
627.9808 	EXP 	line2: autoDraw = True
627.9808 	EXP 	line3: autoDraw = True
627.9808 	EXP 	line4: autoDraw = True
627.9857 	EXP 	fixation: autoDraw = False
628.9810 	INFO 	Keyboard events cleared
628.9809 	EXP 	probe: autoDraw = True
629.5652 	EXP 	Device response: <KeyPress from None: t=629.5597392080017, value=z, duration=None>
629.5659 	EXP 	New trial (rep=12, index=51): <Trial 51 (51 in rep 12) data={'pos': np.int64(150), 'corr_resp': 'v', 'thisN': 51, 'thisTrialN': 51, 'thisRepN': 12}>
629.5708 	DATA 	Keypress: z
629.5748 	EXP 	fixation: autoDraw = False
629.5748 	EXP 	line1: autoDraw = False
629.5748 	EXP 	line2: autoDraw = False
629.5748 	EXP 	line3: autoDraw = False
629.5748 	EXP 	line4: autoDraw = False
629.5748 	EXP 	probe: autoDraw = False
629.5748 	EXP 	fixation: autoDraw = True
629.7328 	EXP 	Device response: <KeyPress from None: t=629.5597392080017, value=z, duration=0.16729250000207685>
630.5642 	EXP 	line1: autoDraw = True
630.5642 	EXP 	line2: autoDraw = True
630.5642 	EXP 	line3: autoDraw = True
630.5642 	EXP 	line4: autoDraw = True
630.5694 	EXP 	fixation: autoDraw = False
631.5642 	INFO 	Keyboard events cleared
631.5641 	EXP 	probe: autoDraw = True
632.3365 	EXP 	Device response: <KeyPress from None: t=632.3347412500007, value=v, duration=None>
632.3369 	EXP 	New trial (rep=13, index=52): <Trial 52 (52 in rep 13) data={'pos': np.int64(150), 'corr_resp': 'v', 'thisN': 52, 'thisTrialN': 52, 'thisRepN': 13}>
632.3415 	DATA 	Keypress: v
632.3465 	EXP 	fixation: autoDraw = False
632.3465 	EXP 	line1: autoDraw = False
632.3465 	EXP 	line2: autoDraw = False
632.3465 	EXP 	line3: autoDraw = False
632.3465 	EXP 	line4: autoDraw = False
632.3465 	EXP 	probe: autoDraw = False
632.3465 	EXP 	fixation: autoDraw = True
632.4324 	EXP 	Device response: <KeyPress from None: t=632.3347412500007, value=v, duration=0.09229320799931884>
633.3386 	EXP 	fixation: autoDraw = False
633.3386 	EXP 	line1: autoDraw = True
633.3386 	EXP 	line2: autoDraw = True
633.3386 	EXP 	line3: autoDraw = True
633.3386 	EXP 	line4: autoDraw = True
634.3311 	INFO 	Keyboard events cleared
634.3310 	EXP 	probe: autoDraw = True
635.0698 	EXP 	Device response: <KeyPress from None: t=635.0676097079995, value=v, duration=None>
635.0702 	EXP 	New trial (rep=14, index=53): <Trial 53 (53 in rep 14) data={'pos': np.int64(150), 'corr_resp': 'v', 'thisN': 53, 'thisTrialN': 53, 'thisRepN': 14}>
635.0749 	DATA 	Keypress: v
635.0797 	EXP 	fixation: autoDraw = False
635.0797 	EXP 	line1: autoDraw = False
635.0797 	EXP 	line2: autoDraw = False
635.0797 	EXP 	line3: autoDraw = False
635.0797 	EXP 	line4: autoDraw = False
635.0797 	EXP 	probe: autoDraw = False
635.0797 	EXP 	fixation: autoDraw = True
635.1657 	EXP 	Device response: <KeyPress from None: t=635.0676097079995, value=v, duration=0.08436941700347234>
636.0687 	EXP 	fixation: autoDraw = False
636.0687 	EXP 	line1: autoDraw = True
636.0687 	EXP 	line2: autoDraw = True
636.0687 	EXP 	line3: autoDraw = True
636.0687 	EXP 	line4: autoDraw = True
637.0705 	INFO 	Keyboard events cleared
637.0703 	EXP 	probe: autoDraw = True
637.7198 	EXP 	Device response: <KeyPress from None: t=637.7166338329989, value=v, duration=None>
637.7202 	EXP 	New trial (rep=14, index=54): <Trial 54 (54 in rep 14) data={'pos': np.int64(-150), 'corr_resp': 'z', 'thisN': 54, 'thisTrialN': 54, 'thisRepN': 14}>
637.7248 	DATA 	Keypress: v
637.7297 	EXP 	fixation: autoDraw = False
637.7297 	EXP 	line1: autoDraw = False
637.7297 	EXP 	line2: autoDraw = False
637.7297 	EXP 	line3: autoDraw = False
637.7297 	EXP 	line4: autoDraw = False
637.7297 	EXP 	probe: autoDraw = False
637.7297 	EXP 	fixation: autoDraw = True
637.7987 	EXP 	Device response: <KeyPress from None: t=637.7166338329989, value=v, duration=0.08033816700481111>
638.7195 	EXP 	fixation: autoDraw = False
638.7195 	EXP 	line1: autoDraw = True
638.7195 	EXP 	line2: autoDraw = True
638.7195 	EXP 	line3: autoDraw = True
638.7195 	EXP 	line4: autoDraw = True
639.7141 	INFO 	Keyboard events cleared
639.7139 	EXP 	probe: autoDraw = True
640.3487 	EXP 	Device response: <KeyPress from None: t=640.3446748749993, value=z, duration=None>
640.3494 	EXP 	New trial (rep=15, index=55): <Trial 55 (55 in rep 15) data={'pos': np.int64(150), 'corr_resp': 'v', 'thisN': 55, 'thisTrialN': 55, 'thisRepN': 15}>
640.3549 	DATA 	Keypress: z
640.3589 	EXP 	fixation: autoDraw = False
640.3589 	EXP 	line1: autoDraw = False
640.3589 	EXP 	line2: autoDraw = False
640.3589 	EXP 	line3: autoDraw = False
640.3589 	EXP 	line4: autoDraw = False
640.3589 	EXP 	probe: autoDraw = False
640.3589 	EXP 	fixation: autoDraw = True
640.4986 	EXP 	Device response: <KeyPress from None: t=640.3446748749993, value=z, duration=0.1401900420023594>
641.3473 	EXP 	line1: autoDraw = True
641.3473 	EXP 	line2: autoDraw = True
641.3473 	EXP 	line3: autoDraw = True
641.3473 	EXP 	line4: autoDraw = True
641.3522 	EXP 	fixation: autoDraw = False
642.3474 	INFO 	Keyboard events cleared
642.3473 	EXP 	probe: autoDraw = True
642.8693 	EXP 	Device response: <KeyPress from None: t=642.8674218330052, value=v, duration=None>
642.8697 	EXP 	New trial (rep=16, index=56): <Trial 56 (56 in rep 16) data={'pos': np.int64(150), 'corr_resp': 'v', 'thisN': 56, 'thisTrialN': 56, 'thisRepN': 16}>
642.8742 	DATA 	Keypress: v
642.8796 	EXP 	fixation: autoDraw = False
642.8796 	EXP 	line1: autoDraw = False
642.8796 	EXP 	line2: autoDraw = False
642.8796 	EXP 	line3: autoDraw = False
642.8796 	EXP 	line4: autoDraw = False
642.8796 	EXP 	probe: autoDraw = False
642.8796 	EXP 	fixation: autoDraw = True
642.9653 	EXP 	Device response: <KeyPress from None: t=642.8674218330052, value=v, duration=0.0883695419979631>
643.8690 	EXP 	fixation: autoDraw = False
643.8690 	EXP 	line1: autoDraw = True
643.8690 	EXP 	line2: autoDraw = True
643.8690 	EXP 	line3: autoDraw = True
643.8690 	EXP 	line4: autoDraw = True
644.8641 	INFO 	Keyboard events cleared
644.8640 	EXP 	probe: autoDraw = True
645.5873 	EXP 	Device response: <KeyPress from None: t=645.5824645419998, value=v, duration=None>
645.5877 	EXP 	New trial (rep=9, index=57): <Trial 57 (57 in rep 9) data={'pos': np.int64(50), 'corr_resp': 'c', 'thisN': 57, 'thisTrialN': 57, 'thisRepN': 9}>
645.5924 	DATA 	Keypress: v
645.5967 	EXP 	fixation: autoDraw = False
645.5967 	EXP 	line1: autoDraw = False
645.5967 	EXP 	line2: autoDraw = False
645.5967 	EXP 	line3: autoDraw = False
645.5967 	EXP 	line4: autoDraw = False
645.5967 	EXP 	probe: autoDraw = False
645.5967 	EXP 	fixation: autoDraw = True
645.6822 	EXP 	Device response: <KeyPress from None: t=645.5824645419998, value=v, duration=0.09239233300468186>
646.5855 	EXP 	fixation: autoDraw = False
646.5855 	EXP 	line1: autoDraw = True
646.5855 	EXP 	line2: autoDraw = True
646.5855 	EXP 	line3: autoDraw = True
646.5855 	EXP 	line4: autoDraw = True
647.5869 	INFO 	Keyboard events cleared
647.5868 	EXP 	probe: autoDraw = True
648.4486 	EXP 	Device response: <KeyPress from None: t=648.4354031250041, value=c, duration=None>
648.4493 	EXP 	New trial (rep=15, index=58): <Trial 58 (58 in rep 15) data={'pos': np.int64(-150), 'corr_resp': 'z', 'thisN': 58, 'thisTrialN': 58, 'thisRepN': 15}>
648.4545 	DATA 	Keypress: c
648.4585 	EXP 	fixation: autoDraw = False
648.4585 	EXP 	line1: autoDraw = False
648.4585 	EXP 	line2: autoDraw = False
648.4585 	EXP 	line3: autoDraw = False
648.4585 	EXP 	line4: autoDraw = False
648.4585 	EXP 	probe: autoDraw = False
648.4585 	EXP 	fixation: autoDraw = True
648.5650 	EXP 	Device response: <KeyPress from None: t=648.4354031250041, value=c, duration=0.12824720799835632>
649.4472 	EXP 	line1: autoDraw = True
649.4472 	EXP 	line2: autoDraw = True
649.4472 	EXP 	line3: autoDraw = True
649.4472 	EXP 	line4: autoDraw = True
649.4520 	EXP 	fixation: autoDraw = False
650.4476 	INFO 	Keyboard events cleared
650.4474 	EXP 	probe: autoDraw = True
651.0151 	EXP 	Device response: <KeyPress from None: t=651.009301625003, value=z, duration=None>
651.0159 	EXP 	New trial (rep=17, index=59): <Trial 59 (59 in rep 17) data={'pos': np.int64(150), 'corr_resp': 'v', 'thisN': 59, 'thisTrialN': 59, 'thisRepN': 17}>
651.0209 	DATA 	Keypress: z
651.0247 	EXP 	fixation: autoDraw = False
651.0247 	EXP 	line1: autoDraw = False
651.0247 	EXP 	line2: autoDraw = False
651.0247 	EXP 	line3: autoDraw = False
651.0247 	EXP 	line4: autoDraw = False
651.0247 	EXP 	probe: autoDraw = False
651.0247 	EXP 	fixation: autoDraw = True
651.1521 	EXP 	Device response: <KeyPress from None: t=651.009301625003, value=z, duration=0.14033429200208047>
652.0140 	EXP 	line1: autoDraw = True
652.0140 	EXP 	line2: autoDraw = True
652.0140 	EXP 	line3: autoDraw = True
652.0140 	EXP 	line4: autoDraw = True
652.0187 	EXP 	fixation: autoDraw = False
653.0141 	INFO 	Keyboard events cleared
653.0139 	EXP 	probe: autoDraw = True
653.7652 	EXP 	Device response: <KeyPress from None: t=653.7613305420018, value=v, duration=None>
653.7658 	EXP 	New trial (rep=10, index=60): <Trial 60 (60 in rep 10) data={'pos': np.int64(50), 'corr_resp': 'c', 'thisN': 60, 'thisTrialN': 60, 'thisRepN': 10}>
653.7708 	EXP 	fixation: autoDraw = False
653.7708 	EXP 	line1: autoDraw = False
653.7708 	EXP 	line2: autoDraw = False
653.7708 	EXP 	line3: autoDraw = False
653.7708 	EXP 	line4: autoDraw = False
653.7708 	EXP 	probe: autoDraw = False
653.7708 	EXP 	fixation: autoDraw = True
653.7744 	DATA 	Keypress: v
653.8651 	EXP 	Device response: <KeyPress from None: t=653.7613305420018, value=v, duration=0.10024266599793918>
654.7638 	EXP 	line1: autoDraw = True
654.7638 	EXP 	line2: autoDraw = True
654.7638 	EXP 	line3: autoDraw = True
654.7638 	EXP 	line4: autoDraw = True
654.7685 	EXP 	fixation: autoDraw = False
655.7641 	INFO 	Keyboard events cleared
655.7639 	EXP 	probe: autoDraw = True
656.4818 	EXP 	Device response: <KeyPress from None: t=656.4781590830025, value=c, duration=None>
656.4823 	EXP 	New trial (rep=18, index=61): <Trial 61 (61 in rep 18) data={'pos': np.int64(150), 'corr_resp': 'v', 'thisN': 61, 'thisTrialN': 61, 'thisRepN': 18}>
656.4869 	DATA 	Keypress: c
656.4908 	EXP 	fixation: autoDraw = False
656.4908 	EXP 	line1: autoDraw = False
656.4908 	EXP 	line2: autoDraw = False
656.4908 	EXP 	line3: autoDraw = False
656.4908 	EXP 	line4: autoDraw = False
656.4908 	EXP 	probe: autoDraw = False
656.4908 	EXP 	fixation: autoDraw = True
656.5654 	EXP 	Device response: <KeyPress from None: t=656.4781590830025, value=c, duration=0.07644262500252808>
657.4806 	EXP 	line1: autoDraw = True
657.4806 	EXP 	line2: autoDraw = True
657.4806 	EXP 	line3: autoDraw = True
657.4806 	EXP 	line4: autoDraw = True
657.4854 	EXP 	fixation: autoDraw = False
658.4806 	INFO 	Keyboard events cleared
658.4805 	EXP 	probe: autoDraw = True
658.9650 	EXP 	Device response: <KeyPress from None: t=658.9611333330031, value=v, duration=None>
658.9658 	EXP 	New trial (rep=16, index=62): <Trial 62 (62 in rep 16) data={'pos': np.int64(-50), 'corr_resp': 'x', 'thisN': 62, 'thisTrialN': 62, 'thisRepN': 16}>
658.9707 	EXP 	fixation: autoDraw = False
658.9707 	EXP 	line1: autoDraw = False
658.9707 	EXP 	line2: autoDraw = False
658.9707 	EXP 	line3: autoDraw = False
658.9707 	EXP 	line4: autoDraw = False
658.9707 	EXP 	probe: autoDraw = False
658.9707 	EXP 	fixation: autoDraw = True
658.9744 	DATA 	Keypress: v
659.0701 	EXP 	Device response: <KeyPress from None: t=658.9611333330031, value=v, duration=0.10437337499752175>
659.9639 	EXP 	line1: autoDraw = True
659.9639 	EXP 	line2: autoDraw = True
659.9639 	EXP 	line3: autoDraw = True
659.9639 	EXP 	line4: autoDraw = True
659.9692 	EXP 	fixation: autoDraw = False
660.9640 	INFO 	Keyboard events cleared
660.9638 	EXP 	probe: autoDraw = True
661.6154 	EXP 	Device response: <KeyPress from None: t=661.6060189170021, value=x, duration=None>
661.6164 	EXP 	New trial (rep=17, index=63): <Trial 63 (63 in rep 17) data={'pos': np.int64(-50), 'corr_resp': 'x', 'thisN': 63, 'thisTrialN': 63, 'thisRepN': 17}>
661.6217 	DATA 	Keypress: x
661.6256 	EXP 	fixation: autoDraw = False
661.6256 	EXP 	line1: autoDraw = False
661.6256 	EXP 	line2: autoDraw = False
661.6256 	EXP 	line3: autoDraw = False
661.6256 	EXP 	line4: autoDraw = False
661.6256 	EXP 	probe: autoDraw = False
661.6256 	EXP 	fixation: autoDraw = True
661.7317 	EXP 	Device response: <KeyPress from None: t=661.6060189170021, value=x, duration=0.12437766599759925>
662.6138 	EXP 	line1: autoDraw = True
662.6138 	EXP 	line2: autoDraw = True
662.6138 	EXP 	line3: autoDraw = True
662.6138 	EXP 	line4: autoDraw = True
662.6186 	EXP 	fixation: autoDraw = False
663.6138 	INFO 	Keyboard events cleared
663.6137 	EXP 	probe: autoDraw = True
664.1817 	EXP 	Device response: <KeyPress from None: t=664.1799915420052, value=x, duration=None>
664.1823 	EXP 	New trial (rep=16, index=64): <Trial 64 (64 in rep 16) data={'pos': np.int64(-150), 'corr_resp': 'z', 'thisN': 64, 'thisTrialN': 64, 'thisRepN': 16}>
664.1874 	EXP 	fixation: autoDraw = False
664.1874 	EXP 	line1: autoDraw = False
664.1874 	EXP 	line2: autoDraw = False
664.1874 	EXP 	line3: autoDraw = False
664.1874 	EXP 	line4: autoDraw = False
664.1874 	EXP 	probe: autoDraw = False
664.1874 	EXP 	fixation: autoDraw = True
664.1911 	DATA 	Keypress: x
664.3315 	EXP 	Device response: <KeyPress from None: t=664.1799915420052, value=x, duration=0.14445708299899707>
665.1804 	EXP 	line1: autoDraw = True
665.1804 	EXP 	line2: autoDraw = True
665.1804 	EXP 	line3: autoDraw = True
665.1804 	EXP 	line4: autoDraw = True
665.1851 	EXP 	fixation: autoDraw = False
666.1806 	INFO 	Keyboard events cleared
666.1805 	EXP 	probe: autoDraw = True
666.7985 	EXP 	Device response: <KeyPress from None: t=666.788858083004, value=z, duration=None>
666.7992 	EXP 	New trial (rep=18, index=65): <Trial 65 (65 in rep 18) data={'pos': np.int64(-50), 'corr_resp': 'x', 'thisN': 65, 'thisTrialN': 65, 'thisRepN': 18}>
666.8040 	DATA 	Keypress: z
666.8077 	EXP 	fixation: autoDraw = False
666.8077 	EXP 	line1: autoDraw = False
666.8077 	EXP 	line2: autoDraw = False
666.8077 	EXP 	line3: autoDraw = False
666.8077 	EXP 	line4: autoDraw = False
666.8077 	EXP 	probe: autoDraw = False
666.8077 	EXP 	fixation: autoDraw = True
666.9526 	EXP 	Device response: <KeyPress from None: t=666.788858083004, value=z, duration=0.16032341699610697>
667.7971 	EXP 	line1: autoDraw = True
667.7971 	EXP 	line2: autoDraw = True
667.7971 	EXP 	line3: autoDraw = True
667.7971 	EXP 	line4: autoDraw = True
667.8016 	EXP 	fixation: autoDraw = False
668.7973 	INFO 	Keyboard events cleared
668.7971 	EXP 	probe: autoDraw = True
669.3982 	EXP 	Device response: <KeyPress from None: t=669.3949002500012, value=x, duration=None>
669.3989 	EXP 	New trial (rep=19, index=66): <Trial 66 (66 in rep 19) data={'pos': np.int64(-50), 'corr_resp': 'x', 'thisN': 66, 'thisTrialN': 66, 'thisRepN': 19}>
669.4037 	EXP 	fixation: autoDraw = False
669.4037 	EXP 	line1: autoDraw = False
669.4037 	EXP 	line2: autoDraw = False
669.4037 	EXP 	line3: autoDraw = False
669.4037 	EXP 	line4: autoDraw = False
669.4037 	EXP 	probe: autoDraw = False
669.4037 	EXP 	fixation: autoDraw = True
669.4073 	DATA 	Keypress: x
669.4987 	EXP 	Device response: <KeyPress from None: t=669.3949002500012, value=x, duration=0.10032179200061364>
670.3973 	EXP 	line1: autoDraw = True
670.3973 	EXP 	line2: autoDraw = True
670.3973 	EXP 	line3: autoDraw = True
670.3973 	EXP 	line4: autoDraw = True
670.4029 	EXP 	fixation: autoDraw = False
671.3974 	INFO 	Keyboard events cleared
671.3972 	EXP 	probe: autoDraw = True
671.8318 	EXP 	Device response: <KeyPress from None: t=671.8298701250023, value=x, duration=None>
671.8327 	EXP 	New trial (rep=11, index=67): <Trial 67 (67 in rep 11) data={'pos': np.int64(50), 'corr_resp': 'c', 'thisN': 67, 'thisTrialN': 67, 'thisRepN': 11}>
671.8374 	EXP 	fixation: autoDraw = False
671.8374 	EXP 	line1: autoDraw = False
671.8374 	EXP 	line2: autoDraw = False
671.8374 	EXP 	line3: autoDraw = False
671.8374 	EXP 	line4: autoDraw = False
671.8374 	EXP 	probe: autoDraw = False
671.8374 	EXP 	fixation: autoDraw = True
671.8413 	DATA 	Keypress: x
671.9194 	EXP 	Device response: <KeyPress from None: t=671.8298701250023, value=x, duration=0.08432883299974492>
672.8304 	EXP 	line1: autoDraw = True
672.8304 	EXP 	line2: autoDraw = True
672.8304 	EXP 	line3: autoDraw = True
672.8304 	EXP 	line4: autoDraw = True
672.8353 	EXP 	fixation: autoDraw = False
673.8304 	INFO 	Keyboard events cleared
673.8303 	EXP 	probe: autoDraw = True
674.2029 	EXP 	Device response: <KeyPress from None: t=674.2016940829999, value=c, duration=None>
674.2033 	EXP 	New trial (rep=20, index=68): <Trial 68 (68 in rep 20) data={'pos': np.int64(-50), 'corr_resp': 'x', 'thisN': 68, 'thisTrialN': 68, 'thisRepN': 20}>
674.2085 	DATA 	Keypress: c
674.2129 	EXP 	fixation: autoDraw = False
674.2129 	EXP 	line1: autoDraw = False
674.2129 	EXP 	line2: autoDraw = False
674.2129 	EXP 	line3: autoDraw = False
674.2129 	EXP 	line4: autoDraw = False
674.2129 	EXP 	probe: autoDraw = False
674.2129 	EXP 	fixation: autoDraw = True
674.3151 	EXP 	Device response: <KeyPress from None: t=674.2016940829999, value=c, duration=0.1045425000047544>
675.2040 	EXP 	fixation: autoDraw = False
675.2040 	EXP 	line1: autoDraw = True
675.2040 	EXP 	line2: autoDraw = True
675.2040 	EXP 	line3: autoDraw = True
675.2040 	EXP 	line4: autoDraw = True
676.2037 	INFO 	Keyboard events cleared
676.2035 	EXP 	probe: autoDraw = True
676.6210 	EXP 	Device response: <KeyPress from None: t=676.6147578329983, value=x, duration=None>
676.6215 	EXP 	New trial (rep=12, index=69): <Trial 69 (69 in rep 12) data={'pos': np.int64(50), 'corr_resp': 'c', 'thisN': 69, 'thisTrialN': 69, 'thisRepN': 12}>
676.6269 	DATA 	Keypress: x
676.6340 	EXP 	fixation: autoDraw = False
676.6340 	EXP 	line1: autoDraw = False
676.6340 	EXP 	line2: autoDraw = False
676.6340 	EXP 	line3: autoDraw = False
676.6340 	EXP 	line4: autoDraw = False
676.6340 	EXP 	probe: autoDraw = False
676.6340 	EXP 	fixation: autoDraw = True
676.7483 	EXP 	Device response: <KeyPress from None: t=676.6147578329983, value=x, duration=0.12420954200206324>
677.6203 	EXP 	line1: autoDraw = True
677.6203 	EXP 	line2: autoDraw = True
677.6203 	EXP 	line3: autoDraw = True
677.6203 	EXP 	line4: autoDraw = True
677.6302 	EXP 	fixation: autoDraw = False
678.6197 	INFO 	Keyboard events cleared
678.6195 	EXP 	probe: autoDraw = True
679.0647 	EXP 	Device response: <KeyPress from None: t=679.0627255830041, value=c, duration=None>
679.0653 	EXP 	New trial (rep=21, index=70): <Trial 70 (70 in rep 21) data={'pos': np.int64(-50), 'corr_resp': 'x', 'thisN': 70, 'thisTrialN': 70, 'thisRepN': 21}>
679.0705 	EXP 	fixation: autoDraw = False
679.0705 	EXP 	line1: autoDraw = False
679.0705 	EXP 	line2: autoDraw = False
679.0705 	EXP 	line3: autoDraw = False
679.0705 	EXP 	line4: autoDraw = False
679.0705 	EXP 	probe: autoDraw = False
679.0705 	EXP 	fixation: autoDraw = True
679.0744 	DATA 	Keypress: c
679.1696 	EXP 	Device response: <KeyPress from None: t=679.0627255830041, value=c, duration=0.10413941699516727>
680.0637 	EXP 	line1: autoDraw = True
680.0637 	EXP 	line2: autoDraw = True
680.0637 	EXP 	line3: autoDraw = True
680.0637 	EXP 	line4: autoDraw = True
680.0686 	EXP 	fixation: autoDraw = False
681.0637 	INFO 	Keyboard events cleared
681.0635 	EXP 	probe: autoDraw = True
681.5652 	EXP 	Device response: <KeyPress from None: t=681.5536544999995, value=x, duration=None>
681.5659 	EXP 	New trial (rep=19, index=71): <Trial 71 (71 in rep 19) data={'pos': np.int64(150), 'corr_resp': 'v', 'thisN': 71, 'thisTrialN': 71, 'thisRepN': 19}>
681.5713 	DATA 	Keypress: x
681.5754 	EXP 	fixation: autoDraw = False
681.5754 	EXP 	line1: autoDraw = False
681.5754 	EXP 	line2: autoDraw = False
681.5754 	EXP 	line3: autoDraw = False
681.5754 	EXP 	line4: autoDraw = False
681.5754 	EXP 	probe: autoDraw = False
681.5754 	EXP 	fixation: autoDraw = True
681.7023 	EXP 	Device response: <KeyPress from None: t=681.5536544999995, value=x, duration=0.1442871670005843>
682.5636 	EXP 	line1: autoDraw = True
682.5636 	EXP 	line2: autoDraw = True
682.5636 	EXP 	line3: autoDraw = True
682.5636 	EXP 	line4: autoDraw = True
682.5685 	EXP 	fixation: autoDraw = False
683.5639 	INFO 	Keyboard events cleared
683.5637 	EXP 	probe: autoDraw = True
684.2153 	EXP 	Device response: <KeyPress from None: t=684.2036072920018, value=v, duration=None>
684.2162 	EXP 	New trial (rep=20, index=72): <Trial 72 (72 in rep 20) data={'pos': np.int64(150), 'corr_resp': 'v', 'thisN': 72, 'thisTrialN': 72, 'thisRepN': 20}>
684.2218 	DATA 	Keypress: v
684.2260 	EXP 	fixation: autoDraw = False
684.2260 	EXP 	line1: autoDraw = False
684.2260 	EXP 	line2: autoDraw = False
684.2260 	EXP 	line3: autoDraw = False
684.2260 	EXP 	line4: autoDraw = False
684.2260 	EXP 	probe: autoDraw = False
684.2260 	EXP 	fixation: autoDraw = True
684.3022 	EXP 	Device response: <KeyPress from None: t=684.2036072920018, value=v, duration=0.09630541600199649>
685.2135 	EXP 	line1: autoDraw = True
685.2135 	EXP 	line2: autoDraw = True
685.2135 	EXP 	line3: autoDraw = True
685.2135 	EXP 	line4: autoDraw = True
685.2181 	EXP 	fixation: autoDraw = False
686.2138 	INFO 	Keyboard events cleared
686.2137 	EXP 	probe: autoDraw = True
686.8813 	EXP 	Device response: <KeyPress from None: t=686.8734654580039, value=v, duration=None>
686.8820 	EXP 	New trial (rep=21, index=73): <Trial 73 (73 in rep 21) data={'pos': np.int64(150), 'corr_resp': 'v', 'thisN': 73, 'thisTrialN': 73, 'thisRepN': 21}>
686.8879 	DATA 	Keypress: v
686.8920 	EXP 	fixation: autoDraw = False
686.8920 	EXP 	line1: autoDraw = False
686.8920 	EXP 	line2: autoDraw = False
686.8920 	EXP 	line3: autoDraw = False
686.8920 	EXP 	line4: autoDraw = False
686.8920 	EXP 	probe: autoDraw = False
686.8920 	EXP 	fixation: autoDraw = True
686.9982 	EXP 	Device response: <KeyPress from None: t=686.8734654580039, value=v, duration=0.1123797089967411>
687.8802 	EXP 	line1: autoDraw = True
687.8802 	EXP 	line2: autoDraw = True
687.8802 	EXP 	line3: autoDraw = True
687.8802 	EXP 	line4: autoDraw = True
687.8851 	EXP 	fixation: autoDraw = False
688.8804 	INFO 	Keyboard events cleared
688.8803 	EXP 	probe: autoDraw = True
689.3982 	EXP 	Device response: <KeyPress from None: t=689.3854847500043, value=v, duration=None>
689.3988 	EXP 	New trial (rep=13, index=74): <Trial 74 (74 in rep 13) data={'pos': np.int64(50), 'corr_resp': 'c', 'thisN': 74, 'thisTrialN': 74, 'thisRepN': 13}>
689.4044 	DATA 	Keypress: v
689.4086 	EXP 	fixation: autoDraw = False
689.4086 	EXP 	line1: autoDraw = False
689.4086 	EXP 	line2: autoDraw = False
689.4086 	EXP 	line3: autoDraw = False
689.4086 	EXP 	line4: autoDraw = False
689.4086 	EXP 	probe: autoDraw = False
689.4086 	EXP 	fixation: autoDraw = True
689.4855 	EXP 	Device response: <KeyPress from None: t=689.3854847500043, value=v, duration=0.09627012499549892>
690.3970 	EXP 	line1: autoDraw = True
690.3970 	EXP 	line2: autoDraw = True
690.3970 	EXP 	line3: autoDraw = True
690.3970 	EXP 	line4: autoDraw = True
690.4019 	EXP 	fixation: autoDraw = False
691.3970 	INFO 	Keyboard events cleared
691.3968 	EXP 	probe: autoDraw = True
692.2145 	EXP 	Device response: <KeyPress from None: t=692.2123908330032, value=c, duration=None>
692.2151 	EXP 	New trial (rep=22, index=75): <Trial 75 (75 in rep 22) data={'pos': np.int64(150), 'corr_resp': 'v', 'thisN': 75, 'thisTrialN': 75, 'thisRepN': 22}>
692.2198 	EXP 	fixation: autoDraw = False
692.2198 	EXP 	line1: autoDraw = False
692.2198 	EXP 	line2: autoDraw = False
692.2198 	EXP 	line3: autoDraw = False
692.2198 	EXP 	line4: autoDraw = False
692.2198 	EXP 	probe: autoDraw = False
692.2198 	EXP 	fixation: autoDraw = True
692.2235 	DATA 	Keypress: c
692.3312 	EXP 	Device response: <KeyPress from None: t=692.2123908330032, value=c, duration=0.10828533399762819>
693.2137 	EXP 	line1: autoDraw = True
693.2137 	EXP 	line2: autoDraw = True
693.2137 	EXP 	line3: autoDraw = True
693.2137 	EXP 	line4: autoDraw = True
693.2178 	EXP 	fixation: autoDraw = False
694.2137 	INFO 	Keyboard events cleared
694.2135 	EXP 	probe: autoDraw = True
694.8030 	EXP 	Device response: <KeyPress from None: t=694.7991960830041, value=v, duration=None>
694.8035 	EXP 	New trial (rep=14, index=76): <Trial 76 (76 in rep 14) data={'pos': np.int64(50), 'corr_resp': 'c', 'thisN': 76, 'thisTrialN': 76, 'thisRepN': 14}>
694.8087 	DATA 	Keypress: v
694.8128 	EXP 	fixation: autoDraw = False
694.8128 	EXP 	line1: autoDraw = False
694.8128 	EXP 	line2: autoDraw = False
694.8128 	EXP 	line3: autoDraw = False
694.8128 	EXP 	line4: autoDraw = False
694.8128 	EXP 	probe: autoDraw = False
694.8128 	EXP 	fixation: autoDraw = True
694.9315 	EXP 	Device response: <KeyPress from None: t=694.7991960830041, value=v, duration=0.12036233399703633>
695.8020 	EXP 	fixation: autoDraw = False
695.8020 	EXP 	line1: autoDraw = True
695.8020 	EXP 	line2: autoDraw = True
695.8020 	EXP 	line3: autoDraw = True
695.8020 	EXP 	line4: autoDraw = True
696.8030 	INFO 	Keyboard events cleared
696.8028 	EXP 	probe: autoDraw = True
697.3482 	EXP 	Device response: <KeyPress from None: t=697.3371477920009, value=c, duration=None>
697.3489 	EXP 	New trial (rep=15, index=77): <Trial 77 (77 in rep 15) data={'pos': np.int64(50), 'corr_resp': 'c', 'thisN': 77, 'thisTrialN': 77, 'thisRepN': 15}>
697.3545 	DATA 	Keypress: c
697.3587 	EXP 	fixation: autoDraw = False
697.3587 	EXP 	line1: autoDraw = False
697.3587 	EXP 	line2: autoDraw = False
697.3587 	EXP 	line3: autoDraw = False
697.3587 	EXP 	line4: autoDraw = False
697.3587 	EXP 	probe: autoDraw = False
697.3587 	EXP 	fixation: autoDraw = True
697.4647 	EXP 	Device response: <KeyPress from None: t=697.3371477920009, value=c, duration=0.1204795829980867>
698.3469 	EXP 	line1: autoDraw = True
698.3469 	EXP 	line2: autoDraw = True
698.3469 	EXP 	line3: autoDraw = True
698.3469 	EXP 	line4: autoDraw = True
698.3520 	EXP 	fixation: autoDraw = False
699.3469 	INFO 	Keyboard events cleared
699.3467 	EXP 	probe: autoDraw = True
700.1815 	EXP 	Device response: <KeyPress from None: t=700.1772487080016, value=c, duration=None>
700.1822 	EXP 	New trial (rep=17, index=78): <Trial 78 (78 in rep 17) data={'pos': np.int64(-150), 'corr_resp': 'z', 'thisN': 78, 'thisTrialN': 78, 'thisRepN': 17}>
700.1872 	EXP 	fixation: autoDraw = False
700.1872 	EXP 	line1: autoDraw = False
700.1872 	EXP 	line2: autoDraw = False
700.1872 	EXP 	line3: autoDraw = False
700.1872 	EXP 	line4: autoDraw = False
700.1872 	EXP 	probe: autoDraw = False
700.1872 	EXP 	fixation: autoDraw = True
700.1913 	DATA 	Keypress: c
700.2479 	EXP 	Device response: <KeyPress from None: t=700.1772487080016, value=c, duration=0.06827404200157616>
701.1801 	EXP 	line1: autoDraw = True
701.1801 	EXP 	line2: autoDraw = True
701.1801 	EXP 	line3: autoDraw = True
701.1801 	EXP 	line4: autoDraw = True
701.1849 	EXP 	fixation: autoDraw = False
702.1805 	INFO 	Keyboard events cleared
702.1803 	EXP 	probe: autoDraw = True
703.0521 	EXP 	Device response: <KeyPress from None: t=703.0510623750015, value=z, duration=None>
703.0526 	EXP 	New trial (rep=23, index=79): <Trial 79 (79 in rep 23) data={'pos': np.int64(150), 'corr_resp': 'v', 'thisN': 79, 'thisTrialN': 79, 'thisRepN': 23}>
703.0577 	DATA 	Keypress: z
703.0625 	EXP 	fixation: autoDraw = False
703.0625 	EXP 	line1: autoDraw = False
703.0625 	EXP 	line2: autoDraw = False
703.0625 	EXP 	line3: autoDraw = False
703.0625 	EXP 	line4: autoDraw = False
703.0625 	EXP 	probe: autoDraw = False
703.0625 	EXP 	fixation: autoDraw = True
703.1978 	EXP 	Device response: <KeyPress from None: t=703.0510623750015, value=z, duration=0.1362732080015121>
704.0520 	EXP 	fixation: autoDraw = False
704.0520 	EXP 	line1: autoDraw = True
704.0520 	EXP 	line2: autoDraw = True
704.0520 	EXP 	line3: autoDraw = True
704.0520 	EXP 	line4: autoDraw = True
705.0470 	INFO 	Keyboard events cleared
705.0468 	EXP 	probe: autoDraw = True
705.5525 	EXP 	Device response: <KeyPress from None: t=705.549018083002, value=v, duration=None>
705.5529 	EXP 	New trial (rep=22, index=80): <Trial 80 (80 in rep 22) data={'pos': np.int64(-50), 'corr_resp': 'x', 'thisN': 80, 'thisTrialN': 80, 'thisRepN': 22}>
705.5582 	DATA 	Keypress: v
705.5626 	EXP 	fixation: autoDraw = False
705.5626 	EXP 	line1: autoDraw = False
705.5626 	EXP 	line2: autoDraw = False
705.5626 	EXP 	line3: autoDraw = False
705.5626 	EXP 	line4: autoDraw = False
705.5626 	EXP 	probe: autoDraw = False
705.5626 	EXP 	fixation: autoDraw = True
705.6646 	EXP 	Device response: <KeyPress from None: t=705.549018083002, value=v, duration=0.11237529200298013>
706.5517 	EXP 	fixation: autoDraw = False
706.5517 	EXP 	line1: autoDraw = True
706.5517 	EXP 	line2: autoDraw = True
706.5517 	EXP 	line3: autoDraw = True
706.5517 	EXP 	line4: autoDraw = True
707.5468 	INFO 	Keyboard events cleared
707.5467 	EXP 	probe: autoDraw = True
708.4811 	EXP 	Device response: <KeyPress from None: t=708.4799810830009, value=x, duration=None>
708.4818 	EXP 	New trial (rep=18, index=81): <Trial 81 (81 in rep 18) data={'pos': np.int64(-150), 'corr_resp': 'z', 'thisN': 81, 'thisTrialN': 81, 'thisRepN': 18}>
708.4872 	DATA 	Keypress: x
708.4913 	EXP 	fixation: autoDraw = False
708.4913 	EXP 	line1: autoDraw = False
708.4913 	EXP 	line2: autoDraw = False
708.4913 	EXP 	line3: autoDraw = False
708.4913 	EXP 	line4: autoDraw = False
708.4913 	EXP 	probe: autoDraw = False
708.4913 	EXP 	fixation: autoDraw = True
708.5814 	EXP 	Device response: <KeyPress from None: t=708.4799810830009, value=x, duration=0.08820158400340006>
709.4802 	EXP 	line1: autoDraw = True
709.4802 	EXP 	line2: autoDraw = True
709.4802 	EXP 	line3: autoDraw = True
709.4802 	EXP 	line4: autoDraw = True
709.4849 	EXP 	fixation: autoDraw = False
710.4803 	INFO 	Keyboard events cleared
710.4801 	EXP 	probe: autoDraw = True
711.1360 	EXP 	Device response: <KeyPress from None: t=711.1319274170019, value=z, duration=None>
711.1364 	EXP 	New trial (rep=24, index=82): <Trial 82 (82 in rep 24) data={'pos': np.int64(150), 'corr_resp': 'v', 'thisN': 82, 'thisTrialN': 82, 'thisRepN': 24}>
711.1416 	DATA 	Keypress: z
711.1458 	EXP 	fixation: autoDraw = False
711.1458 	EXP 	line1: autoDraw = False
711.1458 	EXP 	line2: autoDraw = False
711.1458 	EXP 	line3: autoDraw = False
711.1458 	EXP 	line4: autoDraw = False
711.1458 	EXP 	probe: autoDraw = False
711.1458 	EXP 	fixation: autoDraw = True
711.3150 	EXP 	Device response: <KeyPress from None: t=711.1319274170019, value=z, duration=0.18033270799787715>
712.1353 	EXP 	fixation: autoDraw = False
712.1353 	EXP 	line1: autoDraw = True
712.1353 	EXP 	line2: autoDraw = True
712.1353 	EXP 	line3: autoDraw = True
712.1353 	EXP 	line4: autoDraw = True
713.1363 	INFO 	Keyboard events cleared
713.1361 	EXP 	probe: autoDraw = True
713.7528 	EXP 	Device response: <KeyPress from None: t=713.7487767499988, value=v, duration=None>
713.7532 	EXP 	New trial (rep=25, index=83): <Trial 83 (83 in rep 25) data={'pos': np.int64(150), 'corr_resp': 'v', 'thisN': 83, 'thisTrialN': 83, 'thisRepN': 25}>
713.7583 	DATA 	Keypress: v
713.7626 	EXP 	fixation: autoDraw = False
713.7626 	EXP 	line1: autoDraw = False
713.7626 	EXP 	line2: autoDraw = False
713.7626 	EXP 	line3: autoDraw = False
713.7626 	EXP 	line4: autoDraw = False
713.7626 	EXP 	probe: autoDraw = False
713.7626 	EXP 	fixation: autoDraw = True
713.8810 	EXP 	Device response: <KeyPress from None: t=713.7487767499988, value=v, duration=0.12474383300286718>
714.7514 	EXP 	fixation: autoDraw = False
714.7514 	EXP 	line1: autoDraw = True
714.7514 	EXP 	line2: autoDraw = True
714.7514 	EXP 	line3: autoDraw = True
714.7514 	EXP 	line4: autoDraw = True
715.7527 	INFO 	Keyboard events cleared
715.7525 	EXP 	probe: autoDraw = True
716.6648 	EXP 	Device response: <KeyPress from None: t=716.6578050829994, value=v, duration=None>
716.6652 	EXP 	New trial (rep=16, index=84): <Trial 84 (84 in rep 16) data={'pos': np.int64(50), 'corr_resp': 'c', 'thisN': 84, 'thisTrialN': 84, 'thisRepN': 16}>
716.6703 	DATA 	Keypress: v
716.6744 	EXP 	fixation: autoDraw = False
716.6744 	EXP 	line1: autoDraw = False
716.6744 	EXP 	line2: autoDraw = False
716.6744 	EXP 	line3: autoDraw = False
716.6744 	EXP 	line4: autoDraw = False
716.6744 	EXP 	probe: autoDraw = False
716.6744 	EXP 	fixation: autoDraw = True
716.7646 	EXP 	Device response: <KeyPress from None: t=716.6578050829994, value=v, duration=0.10431333399901632>
717.6633 	EXP 	line1: autoDraw = True
717.6633 	EXP 	line2: autoDraw = True
717.6633 	EXP 	line3: autoDraw = True
717.6633 	EXP 	line4: autoDraw = True
717.6683 	EXP 	fixation: autoDraw = False
718.6637 	INFO 	Keyboard events cleared
718.6635 	EXP 	probe: autoDraw = True
719.3030 	EXP 	Device response: <KeyPress from None: t=719.3007522920016, value=c, duration=None>
719.3035 	EXP 	New trial (rep=26, index=85): <Trial 85 (85 in rep 26) data={'pos': np.int64(150), 'corr_resp': 'v', 'thisN': 85, 'thisTrialN': 85, 'thisRepN': 26}>
719.3093 	DATA 	Keypress: c
719.3306 	EXP 	fixation: autoDraw = False
719.3306 	EXP 	line1: autoDraw = False
719.3306 	EXP 	line2: autoDraw = False
719.3306 	EXP 	line3: autoDraw = False
719.3306 	EXP 	line4: autoDraw = False
719.3306 	EXP 	probe: autoDraw = False
719.3306 	EXP 	fixation: autoDraw = True
719.4018 	EXP 	Device response: <KeyPress from None: t=719.3007522920016, value=c, duration=0.10024549999798182>
720.3019 	EXP 	line1: autoDraw = True
720.3019 	EXP 	line2: autoDraw = True
720.3019 	EXP 	line3: autoDraw = True
720.3019 	EXP 	line4: autoDraw = True
720.3178 	EXP 	fixation: autoDraw = False
721.3027 	INFO 	Keyboard events cleared
721.3025 	EXP 	probe: autoDraw = True
721.9146 	EXP 	Device response: <KeyPress from None: t=721.9107152080032, value=v, duration=None>
721.9151 	EXP 	New trial (rep=17, index=86): <Trial 86 (86 in rep 17) data={'pos': np.int64(50), 'corr_resp': 'c', 'thisN': 86, 'thisTrialN': 86, 'thisRepN': 17}>
721.9204 	EXP 	fixation: autoDraw = False
721.9204 	EXP 	line1: autoDraw = False
721.9204 	EXP 	line2: autoDraw = False
721.9204 	EXP 	line3: autoDraw = False
721.9204 	EXP 	line4: autoDraw = False
721.9204 	EXP 	probe: autoDraw = False
721.9204 	EXP 	fixation: autoDraw = True
721.9246 	DATA 	Keypress: v
721.9812 	EXP 	Device response: <KeyPress from None: t=721.9107152080032, value=v, duration=0.06820679199881852>
722.9133 	EXP 	line1: autoDraw = True
722.9133 	EXP 	line2: autoDraw = True
722.9133 	EXP 	line3: autoDraw = True
722.9133 	EXP 	line4: autoDraw = True
722.9179 	EXP 	fixation: autoDraw = False
723.9133 	INFO 	Keyboard events cleared
723.9132 	EXP 	probe: autoDraw = True
724.9143 	EXP 	Device response: <KeyPress from None: t=724.9116724580017, value=c, duration=None>
724.9148 	EXP 	New trial (rep=19, index=87): <Trial 87 (87 in rep 19) data={'pos': np.int64(-150), 'corr_resp': 'z', 'thisN': 87, 'thisTrialN': 87, 'thisRepN': 19}>
724.9200 	EXP 	fixation: autoDraw = False
724.9200 	EXP 	line1: autoDraw = False
724.9200 	EXP 	line2: autoDraw = False
724.9200 	EXP 	line3: autoDraw = False
724.9200 	EXP 	line4: autoDraw = False
724.9200 	EXP 	probe: autoDraw = False
724.9200 	EXP 	fixation: autoDraw = True
724.9236 	DATA 	Keypress: c
725.0017 	EXP 	Device response: <KeyPress from None: t=724.9116724580017, value=c, duration=0.08827787500194972>
725.9132 	EXP 	line1: autoDraw = True
725.9132 	EXP 	line2: autoDraw = True
725.9132 	EXP 	line3: autoDraw = True
725.9132 	EXP 	line4: autoDraw = True
725.9180 	EXP 	fixation: autoDraw = False
726.9042 	INFO 	Keyboard events cleared
726.9040 	EXP 	probe: autoDraw = True
727.5314 	EXP 	Device response: <KeyPress from None: t=727.5245676250051, value=z, duration=None>
727.5322 	EXP 	New trial (rep=23, index=88): <Trial 88 (88 in rep 23) data={'pos': np.int64(-50), 'corr_resp': 'x', 'thisN': 88, 'thisTrialN': 88, 'thisRepN': 23}>
727.5389 	DATA 	Keypress: z
727.5433 	EXP 	fixation: autoDraw = False
727.5433 	EXP 	line1: autoDraw = False
727.5433 	EXP 	line2: autoDraw = False
727.5433 	EXP 	line3: autoDraw = False
727.5433 	EXP 	line4: autoDraw = False
727.5433 	EXP 	probe: autoDraw = False
727.5433 	EXP 	fixation: autoDraw = True
727.6812 	EXP 	Device response: <KeyPress from None: t=727.5245676250051, value=z, duration=0.1442040419933619>
728.5298 	EXP 	line1: autoDraw = True
728.5298 	EXP 	line2: autoDraw = True
728.5298 	EXP 	line3: autoDraw = True
728.5298 	EXP 	line4: autoDraw = True
728.5346 	EXP 	fixation: autoDraw = False
729.5301 	INFO 	Keyboard events cleared
729.5299 	EXP 	probe: autoDraw = True
730.1977 	EXP 	Device response: <KeyPress from None: t=730.1864716249984, value=x, duration=None>
730.1982 	EXP 	New trial (rep=18, index=89): <Trial 89 (89 in rep 18) data={'pos': np.int64(50), 'corr_resp': 'c', 'thisN': 89, 'thisTrialN': 89, 'thisRepN': 18}>
730.2037 	DATA 	Keypress: x
730.2079 	EXP 	fixation: autoDraw = False
730.2079 	EXP 	line1: autoDraw = False
730.2079 	EXP 	line2: autoDraw = False
730.2079 	EXP 	line3: autoDraw = False
730.2079 	EXP 	line4: autoDraw = False
730.2079 	EXP 	probe: autoDraw = False
730.2079 	EXP 	fixation: autoDraw = True
730.2857 	EXP 	Device response: <KeyPress from None: t=730.1864716249984, value=x, duration=0.09635454200179083>
731.1879 	EXP 	line1: autoDraw = True
731.1879 	EXP 	line2: autoDraw = True
731.1879 	EXP 	line3: autoDraw = True
731.1879 	EXP 	line4: autoDraw = True
731.2009 	EXP 	fixation: autoDraw = False
732.1967 	INFO 	Keyboard events cleared
732.1965 	EXP 	probe: autoDraw = True
732.9686 	EXP 	Device response: <KeyPress from None: t=732.965297625, value=c, duration=None>
732.9690 	EXP 	New trial (rep=19, index=90): <Trial 90 (90 in rep 19) data={'pos': np.int64(50), 'corr_resp': 'c', 'thisN': 90, 'thisTrialN': 90, 'thisRepN': 19}>
732.9742 	DATA 	Keypress: c
732.9791 	EXP 	fixation: autoDraw = False
732.9791 	EXP 	line1: autoDraw = False
732.9791 	EXP 	line2: autoDraw = False
732.9791 	EXP 	line3: autoDraw = False
732.9791 	EXP 	line4: autoDraw = False
732.9791 	EXP 	probe: autoDraw = False
732.9791 	EXP 	fixation: autoDraw = True
733.1478 	EXP 	Device response: <KeyPress from None: t=732.965297625, value=c, duration=0.17252970800473122>
733.9676 	EXP 	fixation: autoDraw = False
733.9676 	EXP 	line1: autoDraw = True
733.9676 	EXP 	line2: autoDraw = True
733.9676 	EXP 	line3: autoDraw = True
733.9676 	EXP 	line4: autoDraw = True
734.9635 	INFO 	Keyboard events cleared
734.9633 	EXP 	probe: autoDraw = True
735.4365 	EXP 	Device response: <KeyPress from None: t=735.4343666249988, value=c, duration=None>
735.4369 	EXP 	New trial (rep=20, index=91): <Trial 91 (91 in rep 20) data={'pos': np.int64(50), 'corr_resp': 'c', 'thisN': 91, 'thisTrialN': 91, 'thisRepN': 20}>
735.4419 	DATA 	Keypress: c
735.4462 	EXP 	fixation: autoDraw = False
735.4462 	EXP 	line1: autoDraw = False
735.4462 	EXP 	line2: autoDraw = False
735.4462 	EXP 	line3: autoDraw = False
735.4462 	EXP 	line4: autoDraw = False
735.4462 	EXP 	probe: autoDraw = False
735.4462 	EXP 	fixation: autoDraw = True
735.5310 	EXP 	Device response: <KeyPress from None: t=735.4343666249988, value=c, duration=0.09234241700323764>
736.4348 	EXP 	fixation: autoDraw = False
736.4348 	EXP 	line1: autoDraw = True
736.4348 	EXP 	line2: autoDraw = True
736.4348 	EXP 	line3: autoDraw = True
736.4348 	EXP 	line4: autoDraw = True
737.4353 	INFO 	Keyboard events cleared
737.4351 	EXP 	probe: autoDraw = True
738.0808 	EXP 	Device response: <KeyPress from None: t=738.0733495000022, value=c, duration=None>
738.0813 	EXP 	New trial (rep=20, index=92): <Trial 92 (92 in rep 20) data={'pos': np.int64(-150), 'corr_resp': 'z', 'thisN': 92, 'thisTrialN': 92, 'thisRepN': 20}>
738.0863 	DATA 	Keypress: c
738.0907 	EXP 	fixation: autoDraw = False
738.0907 	EXP 	line1: autoDraw = False
738.0907 	EXP 	line2: autoDraw = False
738.0907 	EXP 	line3: autoDraw = False
738.0907 	EXP 	line4: autoDraw = False
738.0907 	EXP 	probe: autoDraw = False
738.0907 	EXP 	fixation: autoDraw = True
738.1642 	EXP 	Device response: <KeyPress from None: t=738.0733495000022, value=c, duration=0.08834191699861549>
739.0788 	EXP 	line1: autoDraw = True
739.0788 	EXP 	line2: autoDraw = True
739.0788 	EXP 	line3: autoDraw = True
739.0788 	EXP 	line4: autoDraw = True
739.0830 	EXP 	fixation: autoDraw = False
740.0798 	INFO 	Keyboard events cleared
740.0796 	EXP 	probe: autoDraw = True
740.5134 	EXP 	Device response: <KeyPress from None: t=740.4987007080053, value=z, duration=None>
740.5137 	EXP 	New trial (rep=21, index=93): <Trial 93 (93 in rep 21) data={'pos': np.int64(-150), 'corr_resp': 'z', 'thisN': 93, 'thisTrialN': 93, 'thisRepN': 21}>
740.5162 	DATA 	Keypress: z
740.5187 	EXP 	fixation: autoDraw = False
740.5187 	EXP 	line1: autoDraw = False
740.5187 	EXP 	line2: autoDraw = False
740.5187 	EXP 	line3: autoDraw = False
740.5187 	EXP 	line4: autoDraw = False
740.5187 	EXP 	probe: autoDraw = False
740.5187 	EXP 	fixation: autoDraw = True
740.6965 	EXP 	Device response: <KeyPress from None: t=740.4987007080053, value=z, duration=0.19585049999295734>
741.5032 	EXP 	line1: autoDraw = True
741.5032 	EXP 	line2: autoDraw = True
741.5032 	EXP 	line3: autoDraw = True
741.5032 	EXP 	line4: autoDraw = True
741.5134 	EXP 	fixation: autoDraw = False
742.5024 	INFO 	Keyboard events cleared
742.5023 	EXP 	probe: autoDraw = True
743.2186 	EXP 	Device response: <KeyPress from None: t=743.2150612500045, value=z, duration=None>
743.2190 	EXP 	New trial (rep=24, index=94): <Trial 94 (94 in rep 24) data={'pos': np.int64(-50), 'corr_resp': 'x', 'thisN': 94, 'thisTrialN': 94, 'thisRepN': 24}>
743.2244 	DATA 	Keypress: z
743.2291 	EXP 	fixation: autoDraw = False
743.2291 	EXP 	line1: autoDraw = False
743.2291 	EXP 	line2: autoDraw = False
743.2291 	EXP 	line3: autoDraw = False
743.2291 	EXP 	line4: autoDraw = False
743.2291 	EXP 	probe: autoDraw = False
743.2291 	EXP 	fixation: autoDraw = True
743.3645 	EXP 	Device response: <KeyPress from None: t=743.2150612500045, value=z, duration=0.14446958299959078>
744.2165 	EXP 	fixation: autoDraw = False
744.2165 	EXP 	line1: autoDraw = True
744.2165 	EXP 	line2: autoDraw = True
744.2165 	EXP 	line3: autoDraw = True
744.2165 	EXP 	line4: autoDraw = True
745.2135 	INFO 	Keyboard events cleared
745.2133 	EXP 	probe: autoDraw = True
746.0477 	EXP 	Device response: <KeyPress from None: t=746.0444017920017, value=x, duration=None>
746.0481 	EXP 	New trial (rep=27, index=95): <Trial 95 (95 in rep 27) data={'pos': np.int64(150), 'corr_resp': 'v', 'thisN': 95, 'thisTrialN': 95, 'thisRepN': 27}>
746.0531 	EXP 	fixation: autoDraw = False
746.0531 	EXP 	line1: autoDraw = False
746.0531 	EXP 	line2: autoDraw = False
746.0531 	EXP 	line3: autoDraw = False
746.0531 	EXP 	line4: autoDraw = False
746.0531 	EXP 	probe: autoDraw = False
746.0531 	EXP 	fixation: autoDraw = True
746.0574 	DATA 	Keypress: x
746.1975 	EXP 	Device response: <KeyPress from None: t=746.0444017920017, value=x, duration=0.14002516600157833>
747.0466 	EXP 	line1: autoDraw = True
747.0466 	EXP 	line2: autoDraw = True
747.0466 	EXP 	line3: autoDraw = True
747.0466 	EXP 	line4: autoDraw = True
747.0518 	EXP 	fixation: autoDraw = False
748.0465 	INFO 	Keyboard events cleared
748.0464 	EXP 	probe: autoDraw = True
748.6310 	EXP 	Device response: <KeyPress from None: t=748.6189515830047, value=v, duration=None>
748.6316 	EXP 	New trial (rep=28, index=96): <Trial 96 (96 in rep 28) data={'pos': np.int64(150), 'corr_resp': 'v', 'thisN': 96, 'thisTrialN': 96, 'thisRepN': 28}>
748.6373 	DATA 	Keypress: v
748.6415 	EXP 	fixation: autoDraw = False
748.6415 	EXP 	line1: autoDraw = False
748.6415 	EXP 	line2: autoDraw = False
748.6415 	EXP 	line3: autoDraw = False
748.6415 	EXP 	line4: autoDraw = False
748.6415 	EXP 	probe: autoDraw = False
748.6415 	EXP 	fixation: autoDraw = True
748.7316 	EXP 	Device response: <KeyPress from None: t=748.6189515830047, value=v, duration=0.10845154200069373>
749.6297 	EXP 	line1: autoDraw = True
749.6297 	EXP 	line2: autoDraw = True
749.6297 	EXP 	line3: autoDraw = True
749.6297 	EXP 	line4: autoDraw = True
749.6339 	EXP 	fixation: autoDraw = False
750.6300 	INFO 	Keyboard events cleared
750.6298 	EXP 	probe: autoDraw = True
751.3640 	EXP 	Device response: <KeyPress from None: t=751.3620805829996, value=v, duration=None>
751.3645 	EXP 	New trial (rep=25, index=97): <Trial 97 (97 in rep 25) data={'pos': np.int64(-50), 'corr_resp': 'x', 'thisN': 97, 'thisTrialN': 97, 'thisRepN': 25}>
751.3689 	EXP 	fixation: autoDraw = False
751.3689 	EXP 	line1: autoDraw = False
751.3689 	EXP 	line2: autoDraw = False
751.3689 	EXP 	line3: autoDraw = False
751.3689 	EXP 	line4: autoDraw = False
751.3689 	EXP 	probe: autoDraw = False
751.3689 	EXP 	fixation: autoDraw = True
751.3729 	DATA 	Keypress: v
751.4809 	EXP 	Device response: <KeyPress from None: t=751.3620805829996, value=v, duration=0.11239012500300305>
752.3631 	EXP 	line1: autoDraw = True
752.3631 	EXP 	line2: autoDraw = True
752.3631 	EXP 	line3: autoDraw = True
752.3631 	EXP 	line4: autoDraw = True
752.3675 	EXP 	fixation: autoDraw = False
753.3631 	INFO 	Keyboard events cleared
753.3629 	EXP 	probe: autoDraw = True
753.9311 	EXP 	Device response: <KeyPress from None: t=753.928897333004, value=x, duration=None>
753.9317 	EXP 	New trial (rep=21, index=98): <Trial 98 (98 in rep 21) data={'pos': np.int64(50), 'corr_resp': 'c', 'thisN': 98, 'thisTrialN': 98, 'thisRepN': 21}>
753.9367 	EXP 	fixation: autoDraw = False
753.9367 	EXP 	line1: autoDraw = False
753.9367 	EXP 	line2: autoDraw = False
753.9367 	EXP 	line3: autoDraw = False
753.9367 	EXP 	line4: autoDraw = False
753.9367 	EXP 	probe: autoDraw = False
753.9367 	EXP 	fixation: autoDraw = True
753.9410 	DATA 	Keypress: x
754.0809 	EXP 	Device response: <KeyPress from None: t=753.928897333004, value=x, duration=0.14029595899773994>
754.9298 	EXP 	line1: autoDraw = True
754.9298 	EXP 	line2: autoDraw = True
754.9298 	EXP 	line3: autoDraw = True
754.9298 	EXP 	line4: autoDraw = True
754.9345 	EXP 	fixation: autoDraw = False
755.9298 	INFO 	Keyboard events cleared
755.9296 	EXP 	probe: autoDraw = True
756.4642 	EXP 	Device response: <KeyPress from None: t=756.4628727080053, value=c, duration=None>
756.4649 	EXP 	New trial (rep=22, index=99): <Trial 99 (99 in rep 22) data={'pos': np.int64(-150), 'corr_resp': 'z', 'thisN': 99, 'thisTrialN': 99, 'thisRepN': 22}>
756.4695 	EXP 	fixation: autoDraw = False
756.4695 	EXP 	line1: autoDraw = False
756.4695 	EXP 	line2: autoDraw = False
756.4695 	EXP 	line3: autoDraw = False
756.4695 	EXP 	line4: autoDraw = False
756.4695 	EXP 	probe: autoDraw = False
756.4695 	EXP 	fixation: autoDraw = True
756.4734 	DATA 	Keypress: c
756.5643 	EXP 	Device response: <KeyPress from None: t=756.4628727080053, value=c, duration=0.09633958399354015>
757.4631 	EXP 	line1: autoDraw = True
757.4631 	EXP 	line2: autoDraw = True
757.4631 	EXP 	line3: autoDraw = True
757.4631 	EXP 	line4: autoDraw = True
757.4679 	EXP 	fixation: autoDraw = False
758.4632 	INFO 	Keyboard events cleared
758.4630 	EXP 	probe: autoDraw = True
759.2642 	EXP 	Device response: <KeyPress from None: t=759.253842625003, value=z, duration=None>
759.2649 	EXP 	New trial (rep=26, index=100): <Trial 100 (100 in rep 26) data={'pos': np.int64(-50), 'corr_resp': 'x', 'thisN': 100, 'thisTrialN': 100, 'thisRepN': 26}>
759.2704 	DATA 	Keypress: z
759.2745 	EXP 	fixation: autoDraw = False
759.2745 	EXP 	line1: autoDraw = False
759.2745 	EXP 	line2: autoDraw = False
759.2745 	EXP 	line3: autoDraw = False
759.2745 	EXP 	line4: autoDraw = False
759.2745 	EXP 	probe: autoDraw = False
759.2745 	EXP 	fixation: autoDraw = True
759.3852 	EXP 	Device response: <KeyPress from None: t=759.253842625003, value=z, duration=0.12832750000234228>
760.2629 	EXP 	line1: autoDraw = True
760.2629 	EXP 	line2: autoDraw = True
760.2629 	EXP 	line3: autoDraw = True
760.2629 	EXP 	line4: autoDraw = True
760.2670 	EXP 	fixation: autoDraw = False
761.2632 	INFO 	Keyboard events cleared
761.2630 	EXP 	probe: autoDraw = True
761.8142 	EXP 	Device response: <KeyPress from None: t=761.8098252920026, value=x, duration=None>
761.8149 	EXP 	New trial (rep=22, index=101): <Trial 101 (101 in rep 22) data={'pos': np.int64(50), 'corr_resp': 'c', 'thisN': 101, 'thisTrialN': 101, 'thisRepN': 22}>
761.8202 	EXP 	fixation: autoDraw = False
761.8202 	EXP 	line1: autoDraw = False
761.8202 	EXP 	line2: autoDraw = False
761.8202 	EXP 	line3: autoDraw = False
761.8202 	EXP 	line4: autoDraw = False
761.8202 	EXP 	probe: autoDraw = False
761.8202 	EXP 	fixation: autoDraw = True
761.8239 	DATA 	Keypress: x
761.9140 	EXP 	Device response: <KeyPress from None: t=761.8098252920026, value=x, duration=0.10043808299815282>
762.8129 	EXP 	line1: autoDraw = True
762.8129 	EXP 	line2: autoDraw = True
762.8129 	EXP 	line3: autoDraw = True
762.8129 	EXP 	line4: autoDraw = True
762.8177 	EXP 	fixation: autoDraw = False
763.8131 	INFO 	Keyboard events cleared
763.8130 	EXP 	probe: autoDraw = True
764.6691 	EXP 	Device response: <KeyPress from None: t=764.6657167919984, value=c, duration=None>
764.6695 	EXP 	New trial (rep=27, index=102): <Trial 102 (102 in rep 27) data={'pos': np.int64(-50), 'corr_resp': 'x', 'thisN': 102, 'thisTrialN': 102, 'thisRepN': 27}>
764.6748 	DATA 	Keypress: c
764.6792 	EXP 	fixation: autoDraw = False
764.6792 	EXP 	line1: autoDraw = False
764.6792 	EXP 	line2: autoDraw = False
764.6792 	EXP 	line3: autoDraw = False
764.6792 	EXP 	line4: autoDraw = False
764.6792 	EXP 	probe: autoDraw = False
764.6792 	EXP 	fixation: autoDraw = True
764.7638 	EXP 	Device response: <KeyPress from None: t=764.6657167919984, value=c, duration=0.09634020800149301>
765.6682 	EXP 	fixation: autoDraw = False
765.6682 	EXP 	line1: autoDraw = True
765.6682 	EXP 	line2: autoDraw = True
765.6682 	EXP 	line3: autoDraw = True
765.6682 	EXP 	line4: autoDraw = True
766.6687 	INFO 	Keyboard events cleared
766.6685 	EXP 	probe: autoDraw = True
767.3691 	EXP 	Device response: <KeyPress from None: t=767.3636779580047, value=x, duration=None>
767.3695 	EXP 	New trial (rep=23, index=103): <Trial 103 (103 in rep 23) data={'pos': np.int64(50), 'corr_resp': 'c', 'thisN': 103, 'thisTrialN': 103, 'thisRepN': 23}>
767.3748 	DATA 	Keypress: x
767.3790 	EXP 	fixation: autoDraw = False
767.3790 	EXP 	line1: autoDraw = False
767.3790 	EXP 	line2: autoDraw = False
767.3790 	EXP 	line3: autoDraw = False
767.3790 	EXP 	line4: autoDraw = False
767.3790 	EXP 	probe: autoDraw = False
767.3790 	EXP 	fixation: autoDraw = True
767.4808 	EXP 	Device response: <KeyPress from None: t=767.3636779580047, value=x, duration=0.10846516699530184>
768.3681 	EXP 	fixation: autoDraw = False
768.3681 	EXP 	line1: autoDraw = True
768.3681 	EXP 	line2: autoDraw = True
768.3681 	EXP 	line3: autoDraw = True
768.3681 	EXP 	line4: autoDraw = True
769.3691 	INFO 	Keyboard events cleared
769.3689 	EXP 	probe: autoDraw = True
770.3309 	EXP 	Device response: <KeyPress from None: t=770.3249234579998, value=c, duration=None>
770.3317 	EXP 	New trial (rep=23, index=104): <Trial 104 (104 in rep 23) data={'pos': np.int64(-150), 'corr_resp': 'z', 'thisN': 104, 'thisTrialN': 104, 'thisRepN': 23}>
770.3370 	DATA 	Keypress: c
770.3412 	EXP 	fixation: autoDraw = False
770.3412 	EXP 	line1: autoDraw = False
770.3412 	EXP 	line2: autoDraw = False
770.3412 	EXP 	line3: autoDraw = False
770.3412 	EXP 	line4: autoDraw = False
770.3412 	EXP 	probe: autoDraw = False
770.3412 	EXP 	fixation: autoDraw = True
770.4142 	EXP 	Device response: <KeyPress from None: t=770.3249234579998, value=c, duration=0.07994629200402414>
771.3296 	EXP 	line1: autoDraw = True
771.3296 	EXP 	line2: autoDraw = True
771.3296 	EXP 	line3: autoDraw = True
771.3296 	EXP 	line4: autoDraw = True
771.3339 	EXP 	fixation: autoDraw = False
772.3297 	INFO 	Keyboard events cleared
772.3295 	EXP 	probe: autoDraw = True
773.0140 	EXP 	Device response: <KeyPress from None: t=773.012532875, value=z, duration=None>
773.0146 	EXP 	New trial (rep=29, index=105): <Trial 105 (105 in rep 29) data={'pos': np.int64(150), 'corr_resp': 'v', 'thisN': 105, 'thisTrialN': 105, 'thisRepN': 29}>
773.0194 	EXP 	fixation: autoDraw = False
773.0194 	EXP 	line1: autoDraw = False
773.0194 	EXP 	line2: autoDraw = False
773.0194 	EXP 	line3: autoDraw = False
773.0194 	EXP 	line4: autoDraw = False
773.0194 	EXP 	probe: autoDraw = False
773.0194 	EXP 	fixation: autoDraw = True
773.0234 	DATA 	Keypress: z
773.1307 	EXP 	Device response: <KeyPress from None: t=773.012532875, value=z, duration=0.1083885000043665>
774.0130 	EXP 	line1: autoDraw = True
774.0130 	EXP 	line2: autoDraw = True
774.0130 	EXP 	line3: autoDraw = True
774.0130 	EXP 	line4: autoDraw = True
774.0179 	EXP 	fixation: autoDraw = False
775.0130 	INFO 	Keyboard events cleared
775.0128 	EXP 	probe: autoDraw = True
775.6309 	EXP 	Device response: <KeyPress from None: t=775.6283913750012, value=v, duration=None>
775.6317 	EXP 	New trial (rep=28, index=106): <Trial 106 (106 in rep 28) data={'pos': np.int64(-50), 'corr_resp': 'x', 'thisN': 106, 'thisTrialN': 106, 'thisRepN': 28}>
775.6367 	EXP 	fixation: autoDraw = False
775.6367 	EXP 	line1: autoDraw = False
775.6367 	EXP 	line2: autoDraw = False
775.6367 	EXP 	line3: autoDraw = False
775.6367 	EXP 	line4: autoDraw = False
775.6367 	EXP 	probe: autoDraw = False
775.6367 	EXP 	fixation: autoDraw = True
775.6405 	DATA 	Keypress: v
775.7688 	EXP 	Device response: <KeyPress from None: t=775.6283913750012, value=v, duration=0.13628937499743188>
775.8476 	EXP 	Device response: <KeyPress from None: t=775.8364574580046, value=v, duration=None>
775.8528 	DATA 	Keypress: v
775.9639 	EXP 	Device response: <KeyPress from None: t=775.8364574580046, value=v, duration=0.12075745900074253>
776.6296 	EXP 	line1: autoDraw = True
776.6296 	EXP 	line2: autoDraw = True
776.6296 	EXP 	line3: autoDraw = True
776.6296 	EXP 	line4: autoDraw = True
776.6340 	EXP 	fixation: autoDraw = False
777.6297 	INFO 	Keyboard events cleared
777.6295 	EXP 	probe: autoDraw = True
778.2192 	EXP 	Device response: <KeyPress from None: t=778.2172666250044, value=x, duration=None>
778.2196 	EXP 	New trial (rep=30, index=107): <Trial 107 (107 in rep 30) data={'pos': np.int64(150), 'corr_resp': 'v', 'thisN': 107, 'thisTrialN': 107, 'thisRepN': 30}>
778.2250 	DATA 	Keypress: x
778.2292 	EXP 	fixation: autoDraw = False
778.2292 	EXP 	line1: autoDraw = False
778.2292 	EXP 	line2: autoDraw = False
778.2292 	EXP 	line3: autoDraw = False
778.2292 	EXP 	line4: autoDraw = False
778.2292 	EXP 	probe: autoDraw = False
778.2292 	EXP 	fixation: autoDraw = True
778.3305 	EXP 	Device response: <KeyPress from None: t=778.2172666250044, value=x, duration=0.10343341699626762>
779.2180 	EXP 	fixation: autoDraw = False
779.2180 	EXP 	line1: autoDraw = True
779.2180 	EXP 	line2: autoDraw = True
779.2180 	EXP 	line3: autoDraw = True
779.2180 	EXP 	line4: autoDraw = True
780.2176 	INFO 	Keyboard events cleared
780.2174 	EXP 	probe: autoDraw = True
780.7516 	EXP 	Device response: <KeyPress from None: t=780.7503742080007, value=v, duration=None>
780.7520 	EXP 	New trial (rep=24, index=108): <Trial 108 (108 in rep 24) data={'pos': np.int64(-150), 'corr_resp': 'z', 'thisN': 108, 'thisTrialN': 108, 'thisRepN': 24}>
780.7572 	DATA 	Keypress: v
780.7619 	EXP 	fixation: autoDraw = False
780.7619 	EXP 	line1: autoDraw = False
780.7619 	EXP 	line2: autoDraw = False
780.7619 	EXP 	line3: autoDraw = False
780.7619 	EXP 	line4: autoDraw = False
780.7619 	EXP 	probe: autoDraw = False
780.7619 	EXP 	fixation: autoDraw = True
780.8684 	EXP 	Device response: <KeyPress from None: t=780.7503742080007, value=v, duration=0.11635175000265008>
781.7462 	EXP 	line1: autoDraw = True
781.7462 	EXP 	line2: autoDraw = True
781.7462 	EXP 	line3: autoDraw = True
781.7462 	EXP 	line4: autoDraw = True
781.7510 	EXP 	fixation: autoDraw = False
782.7516 	INFO 	Keyboard events cleared
782.7514 	EXP 	probe: autoDraw = True
783.3022 	EXP 	Device response: <KeyPress from None: t=783.2963030000028, value=z, duration=None>
783.3026 	EXP 	New trial (rep=25, index=109): <Trial 109 (109 in rep 25) data={'pos': np.int64(-150), 'corr_resp': 'z', 'thisN': 109, 'thisTrialN': 109, 'thisRepN': 25}>
783.3079 	DATA 	Keypress: z
783.3122 	EXP 	fixation: autoDraw = False
783.3122 	EXP 	line1: autoDraw = False
783.3122 	EXP 	line2: autoDraw = False
783.3122 	EXP 	line3: autoDraw = False
783.3122 	EXP 	line4: autoDraw = False
783.3122 	EXP 	probe: autoDraw = False
783.3122 	EXP 	fixation: autoDraw = True
783.4474 	EXP 	Device response: <KeyPress from None: t=783.2963030000028, value=z, duration=0.14436033299716655>
784.3007 	EXP 	fixation: autoDraw = False
784.3007 	EXP 	line1: autoDraw = True
784.3007 	EXP 	line2: autoDraw = True
784.3007 	EXP 	line3: autoDraw = True
784.3007 	EXP 	line4: autoDraw = True
785.3019 	INFO 	Keyboard events cleared
785.3017 	EXP 	probe: autoDraw = True
785.8975 	EXP 	Device response: <KeyPress from None: t=785.8881244580043, value=z, duration=None>
785.8983 	EXP 	New trial (rep=29, index=110): <Trial 110 (110 in rep 29) data={'pos': np.int64(-50), 'corr_resp': 'x', 'thisN': 110, 'thisTrialN': 110, 'thisRepN': 29}>
785.9040 	DATA 	Keypress: z
785.9083 	EXP 	fixation: autoDraw = False
785.9083 	EXP 	line1: autoDraw = False
785.9083 	EXP 	line2: autoDraw = False
785.9083 	EXP 	line3: autoDraw = False
785.9083 	EXP 	line4: autoDraw = False
785.9083 	EXP 	probe: autoDraw = False
785.9083 	EXP 	fixation: autoDraw = True
786.0516 	EXP 	Device response: <KeyPress from None: t=785.8881244580043, value=z, duration=0.16031016699707834>
786.8961 	EXP 	line1: autoDraw = True
786.8961 	EXP 	line2: autoDraw = True
786.8961 	EXP 	line3: autoDraw = True
786.8961 	EXP 	line4: autoDraw = True
786.9016 	EXP 	fixation: autoDraw = False
787.8962 	INFO 	Keyboard events cleared
787.8960 	EXP 	probe: autoDraw = True
788.4137 	EXP 	Device response: <KeyPress from None: t=788.4121649580047, value=x, duration=None>
788.4142 	EXP 	New trial (rep=30, index=111): <Trial 111 (111 in rep 30) data={'pos': np.int64(-50), 'corr_resp': 'x', 'thisN': 111, 'thisTrialN': 111, 'thisRepN': 30}>
788.4191 	EXP 	fixation: autoDraw = False
788.4191 	EXP 	line1: autoDraw = False
788.4191 	EXP 	line2: autoDraw = False
788.4191 	EXP 	line3: autoDraw = False
788.4191 	EXP 	line4: autoDraw = False
788.4191 	EXP 	probe: autoDraw = False
788.4191 	EXP 	fixation: autoDraw = True
788.4231 	DATA 	Keypress: x
788.5139 	EXP 	Device response: <KeyPress from None: t=788.4121649580047, value=x, duration=0.09231583399377996>
789.4127 	EXP 	line1: autoDraw = True
789.4127 	EXP 	line2: autoDraw = True
789.4127 	EXP 	line3: autoDraw = True
789.4127 	EXP 	line4: autoDraw = True
789.4170 	EXP 	fixation: autoDraw = False
790.4129 	INFO 	Keyboard events cleared
790.4127 	EXP 	probe: autoDraw = True
791.3471 	EXP 	Device response: <KeyPress from None: t=791.3355353330044, value=x, duration=None>
791.3475 	EXP 	New trial (rep=24, index=112): <Trial 112 (112 in rep 24) data={'pos': np.int64(50), 'corr_resp': 'c', 'thisN': 112, 'thisTrialN': 112, 'thisRepN': 24}>
791.3531 	DATA 	Keypress: x
791.3573 	EXP 	fixation: autoDraw = False
791.3573 	EXP 	line1: autoDraw = False
791.3573 	EXP 	line2: autoDraw = False
791.3573 	EXP 	line3: autoDraw = False
791.3573 	EXP 	line4: autoDraw = False
791.3573 	EXP 	probe: autoDraw = False
791.3573 	EXP 	fixation: autoDraw = True
791.4516 	EXP 	Device response: <KeyPress from None: t=791.3355353330044, value=x, duration=0.11173245899408357>
792.3460 	EXP 	line1: autoDraw = True
792.3460 	EXP 	line2: autoDraw = True
792.3460 	EXP 	line3: autoDraw = True
792.3460 	EXP 	line4: autoDraw = True
792.3511 	EXP 	fixation: autoDraw = False
793.3462 	INFO 	Keyboard events cleared
793.3460 	EXP 	probe: autoDraw = True
794.3804 	EXP 	Device response: <KeyPress from None: t=794.3729513750004, value=c, duration=None>
794.3810 	EXP 	New trial (rep=31, index=113): <Trial 113 (113 in rep 31) data={'pos': np.int64(-50), 'corr_resp': 'x', 'thisN': 113, 'thisTrialN': 113, 'thisRepN': 31}>
794.3860 	DATA 	Keypress: c
794.3902 	EXP 	fixation: autoDraw = False
794.3902 	EXP 	line1: autoDraw = False
794.3902 	EXP 	line2: autoDraw = False
794.3902 	EXP 	line3: autoDraw = False
794.3902 	EXP 	line4: autoDraw = False
794.3902 	EXP 	probe: autoDraw = False
794.3902 	EXP 	fixation: autoDraw = True
794.4640 	EXP 	Device response: <KeyPress from None: t=794.3729513750004, value=c, duration=0.08840195800439687>
795.3793 	EXP 	line1: autoDraw = True
795.3793 	EXP 	line2: autoDraw = True
795.3793 	EXP 	line3: autoDraw = True
795.3793 	EXP 	line4: autoDraw = True
795.3843 	EXP 	fixation: autoDraw = False
796.3796 	INFO 	Keyboard events cleared
796.3794 	EXP 	probe: autoDraw = True
796.8469 	EXP 	Device response: <KeyPress from None: t=796.8430145419989, value=x, duration=None>
796.8474 	EXP 	New trial (rep=32, index=114): <Trial 114 (114 in rep 32) data={'pos': np.int64(-50), 'corr_resp': 'x', 'thisN': 114, 'thisTrialN': 114, 'thisRepN': 32}>
796.8522 	EXP 	fixation: autoDraw = False
796.8522 	EXP 	line1: autoDraw = False
796.8522 	EXP 	line2: autoDraw = False
796.8522 	EXP 	line3: autoDraw = False
796.8522 	EXP 	line4: autoDraw = False
796.8522 	EXP 	probe: autoDraw = False
796.8522 	EXP 	fixation: autoDraw = True
796.8563 	DATA 	Keypress: x
796.9472 	EXP 	Device response: <KeyPress from None: t=796.8430145419989, value=x, duration=0.10015229100099532>
797.8462 	EXP 	line1: autoDraw = True
797.8462 	EXP 	line2: autoDraw = True
797.8462 	EXP 	line3: autoDraw = True
797.8462 	EXP 	line4: autoDraw = True
797.8519 	EXP 	fixation: autoDraw = False
798.8462 	INFO 	Keyboard events cleared
798.8461 	EXP 	probe: autoDraw = True
799.2635 	EXP 	Device response: <KeyPress from None: t=799.2618230420048, value=x, duration=None>
799.2640 	EXP 	New trial (rep=25, index=115): <Trial 115 (115 in rep 25) data={'pos': np.int64(50), 'corr_resp': 'c', 'thisN': 115, 'thisTrialN': 115, 'thisRepN': 25}>
799.2699 	DATA 	Keypress: x
799.2740 	EXP 	fixation: autoDraw = False
799.2740 	EXP 	line1: autoDraw = False
799.2740 	EXP 	line2: autoDraw = False
799.2740 	EXP 	line3: autoDraw = False
799.2740 	EXP 	line4: autoDraw = False
799.2740 	EXP 	probe: autoDraw = False
799.2740 	EXP 	fixation: autoDraw = True
799.3803 	EXP 	Device response: <KeyPress from None: t=799.2618230420048, value=x, duration=0.10837358299613697>
800.2512 	EXP 	line1: autoDraw = True
800.2512 	EXP 	line2: autoDraw = True
800.2512 	EXP 	line3: autoDraw = True
800.2512 	EXP 	line4: autoDraw = True
800.2674 	EXP 	fixation: autoDraw = False
801.2627 	INFO 	Keyboard events cleared
801.2625 	EXP 	probe: autoDraw = True
801.7136 	EXP 	Device response: <KeyPress from None: t=801.7047605000043, value=c, duration=None>
801.7141 	EXP 	New trial (rep=26, index=116): <Trial 116 (116 in rep 26) data={'pos': np.int64(50), 'corr_resp': 'c', 'thisN': 116, 'thisTrialN': 116, 'thisRepN': 26}>
801.7191 	DATA 	Keypress: c
801.7231 	EXP 	fixation: autoDraw = False
801.7231 	EXP 	line1: autoDraw = False
801.7231 	EXP 	line2: autoDraw = False
801.7231 	EXP 	line3: autoDraw = False
801.7231 	EXP 	line4: autoDraw = False
801.7231 	EXP 	probe: autoDraw = False
801.7231 	EXP 	fixation: autoDraw = True
801.8138 	EXP 	Device response: <KeyPress from None: t=801.7047605000043, value=c, duration=0.09630433299753349>
802.7125 	EXP 	line1: autoDraw = True
802.7125 	EXP 	line2: autoDraw = True
802.7125 	EXP 	line3: autoDraw = True
802.7125 	EXP 	line4: autoDraw = True
802.7167 	EXP 	fixation: autoDraw = False
803.7127 	INFO 	Keyboard events cleared
803.7126 	EXP 	probe: autoDraw = True
804.2353 	EXP 	Device response: <KeyPress from None: t=804.2297922080033, value=c, duration=None>
804.2357 	EXP 	New trial (rep=26, index=117): <Trial 117 (117 in rep 26) data={'pos': np.int64(-150), 'corr_resp': 'z', 'thisN': 117, 'thisTrialN': 117, 'thisRepN': 26}>
804.2409 	DATA 	Keypress: c
804.2454 	EXP 	fixation: autoDraw = False
804.2454 	EXP 	line1: autoDraw = False
804.2454 	EXP 	line2: autoDraw = False
804.2454 	EXP 	line3: autoDraw = False
804.2454 	EXP 	line4: autoDraw = False
804.2454 	EXP 	probe: autoDraw = False
804.2454 	EXP 	fixation: autoDraw = True
804.3306 	EXP 	Device response: <KeyPress from None: t=804.2297922080033, value=c, duration=0.09237612500146497>
805.2347 	EXP 	fixation: autoDraw = False
805.2347 	EXP 	line1: autoDraw = True
805.2347 	EXP 	line2: autoDraw = True
805.2347 	EXP 	line3: autoDraw = True
805.2347 	EXP 	line4: autoDraw = True
806.2349 	INFO 	Keyboard events cleared
806.2347 	EXP 	probe: autoDraw = True
806.8808 	EXP 	Device response: <KeyPress from None: t=806.8686301249982, value=z, duration=None>
806.8815 	EXP 	New trial (rep=27, index=118): <Trial 118 (118 in rep 27) data={'pos': np.int64(50), 'corr_resp': 'c', 'thisN': 118, 'thisTrialN': 118, 'thisRepN': 27}>
806.8869 	DATA 	Keypress: z
806.8909 	EXP 	fixation: autoDraw = False
806.8909 	EXP 	line1: autoDraw = False
806.8909 	EXP 	line2: autoDraw = False
806.8909 	EXP 	line3: autoDraw = False
806.8909 	EXP 	line4: autoDraw = False
806.8909 	EXP 	probe: autoDraw = False
806.8909 	EXP 	fixation: autoDraw = True
807.0304 	EXP 	Device response: <KeyPress from None: t=806.8686301249982, value=z, duration=0.15656575000321027>
807.8793 	EXP 	line1: autoDraw = True
807.8793 	EXP 	line2: autoDraw = True
807.8793 	EXP 	line3: autoDraw = True
807.8793 	EXP 	line4: autoDraw = True
807.8839 	EXP 	fixation: autoDraw = False
808.8795 	INFO 	Keyboard events cleared
808.8794 	EXP 	probe: autoDraw = True
809.6024 	EXP 	Device response: <KeyPress from None: t=809.5976742499988, value=c, duration=None>
809.6028 	EXP 	New trial (rep=31, index=119): <Trial 119 (119 in rep 31) data={'pos': np.int64(150), 'corr_resp': 'v', 'thisN': 119, 'thisTrialN': 119, 'thisRepN': 31}>
809.6059 	DATA 	Keypress: c
809.6119 	EXP 	fixation: autoDraw = False
809.6119 	EXP 	line1: autoDraw = False
809.6119 	EXP 	line2: autoDraw = False
809.6119 	EXP 	line3: autoDraw = False
809.6119 	EXP 	line4: autoDraw = False
809.6119 	EXP 	probe: autoDraw = False
809.6119 	EXP 	fixation: autoDraw = True
809.6968 	EXP 	Device response: <KeyPress from None: t=809.5976742499988, value=c, duration=0.09227762500086101>
810.6009 	EXP 	fixation: autoDraw = False
810.6009 	EXP 	line1: autoDraw = True
810.6009 	EXP 	line2: autoDraw = True
810.6009 	EXP 	line3: autoDraw = True
810.6009 	EXP 	line4: autoDraw = True
811.6018 	INFO 	Keyboard events cleared
811.6016 	EXP 	probe: autoDraw = True
812.1802 	EXP 	Device response: <KeyPress from None: t=812.170535917001, value=v, duration=None>
812.1807 	EXP 	New trial (rep=32, index=120): <Trial 120 (120 in rep 32) data={'pos': np.int64(150), 'corr_resp': 'v', 'thisN': 120, 'thisTrialN': 120, 'thisRepN': 32}>
812.1851 	DATA 	Keypress: v
812.1889 	EXP 	fixation: autoDraw = False
812.1889 	EXP 	line1: autoDraw = False
812.1889 	EXP 	line2: autoDraw = False
812.1889 	EXP 	line3: autoDraw = False
812.1889 	EXP 	line4: autoDraw = False
812.1889 	EXP 	probe: autoDraw = False
812.1889 	EXP 	fixation: autoDraw = True
812.2804 	EXP 	Device response: <KeyPress from None: t=812.170535917001, value=v, duration=0.10444825000013225>
813.1791 	EXP 	line1: autoDraw = True
813.1791 	EXP 	line2: autoDraw = True
813.1791 	EXP 	line3: autoDraw = True
813.1791 	EXP 	line4: autoDraw = True
813.1838 	EXP 	fixation: autoDraw = False
814.1794 	INFO 	Keyboard events cleared
814.1792 	EXP 	probe: autoDraw = True
816.1189 	EXP 	Device response: <KeyPress from None: t=816.1155521250039, value=v, duration=None>
816.1194 	EXP 	New trial (rep=33, index=121): <Trial 121 (121 in rep 33) data={'pos': np.int64(-50), 'corr_resp': 'x', 'thisN': 121, 'thisTrialN': 121, 'thisRepN': 33}>
816.1237 	DATA 	Keypress: v
816.1282 	EXP 	fixation: autoDraw = False
816.1282 	EXP 	line1: autoDraw = False
816.1282 	EXP 	line2: autoDraw = False
816.1282 	EXP 	line3: autoDraw = False
816.1282 	EXP 	line4: autoDraw = False
816.1282 	EXP 	probe: autoDraw = False
816.1282 	EXP 	fixation: autoDraw = True
816.2304 	EXP 	Device response: <KeyPress from None: t=816.1155521250039, value=v, duration=0.10845924999739509>
817.1171 	EXP 	fixation: autoDraw = False
817.1171 	EXP 	line1: autoDraw = True
817.1171 	EXP 	line2: autoDraw = True
817.1171 	EXP 	line3: autoDraw = True
817.1171 	EXP 	line4: autoDraw = True
818.1185 	INFO 	Keyboard events cleared
818.1184 	EXP 	probe: autoDraw = True
818.7143 	EXP 	Device response: <KeyPress from None: t=818.7114121250052, value=x, duration=None>
818.7151 	EXP 	New trial (rep=28, index=122): <Trial 122 (122 in rep 28) data={'pos': np.int64(50), 'corr_resp': 'c', 'thisN': 122, 'thisTrialN': 122, 'thisRepN': 28}>
818.7200 	EXP 	fixation: autoDraw = False
818.7200 	EXP 	line1: autoDraw = False
818.7200 	EXP 	line2: autoDraw = False
818.7200 	EXP 	line3: autoDraw = False
818.7200 	EXP 	line4: autoDraw = False
818.7200 	EXP 	probe: autoDraw = False
818.7200 	EXP 	fixation: autoDraw = True
818.7234 	DATA 	Keypress: x
818.8474 	EXP 	Device response: <KeyPress from None: t=818.7114121250052, value=x, duration=0.13233924999804003>
819.7124 	EXP 	line1: autoDraw = True
819.7124 	EXP 	line2: autoDraw = True
819.7124 	EXP 	line3: autoDraw = True
819.7124 	EXP 	line4: autoDraw = True
819.7166 	EXP 	fixation: autoDraw = False
820.7125 	INFO 	Keyboard events cleared
820.7124 	EXP 	probe: autoDraw = True
821.3850 	EXP 	Device response: <KeyPress from None: t=821.3798785830004, value=c, duration=None>
821.3854 	EXP 	New trial (rep=34, index=123): <Trial 123 (123 in rep 34) data={'pos': np.int64(-50), 'corr_resp': 'x', 'thisN': 123, 'thisTrialN': 123, 'thisRepN': 34}>
821.3895 	DATA 	Keypress: c
821.3948 	EXP 	fixation: autoDraw = False
821.3948 	EXP 	line1: autoDraw = False
821.3948 	EXP 	line2: autoDraw = False
821.3948 	EXP 	line3: autoDraw = False
821.3948 	EXP 	line4: autoDraw = False
821.3948 	EXP 	probe: autoDraw = False
821.3948 	EXP 	fixation: autoDraw = True
821.4636 	EXP 	Device response: <KeyPress from None: t=821.3798785830004, value=c, duration=0.0798321250040317>
822.3846 	EXP 	fixation: autoDraw = False
822.3846 	EXP 	line1: autoDraw = True
822.3846 	EXP 	line2: autoDraw = True
822.3846 	EXP 	line3: autoDraw = True
822.3846 	EXP 	line4: autoDraw = True
823.3851 	INFO 	Keyboard events cleared
823.3849 	EXP 	probe: autoDraw = True
823.8350 	EXP 	Device response: <KeyPress from None: t=823.8313544170014, value=x, duration=None>
823.8354 	EXP 	New trial (rep=29, index=124): <Trial 124 (124 in rep 29) data={'pos': np.int64(50), 'corr_resp': 'c', 'thisN': 124, 'thisTrialN': 124, 'thisRepN': 29}>
823.8396 	DATA 	Keypress: x
823.8447 	EXP 	fixation: autoDraw = False
823.8447 	EXP 	line1: autoDraw = False
823.8447 	EXP 	line2: autoDraw = False
823.8447 	EXP 	line3: autoDraw = False
823.8447 	EXP 	line4: autoDraw = False
823.8447 	EXP 	probe: autoDraw = False
823.8447 	EXP 	fixation: autoDraw = True
823.9634 	EXP 	Device response: <KeyPress from None: t=823.8313544170014, value=x, duration=0.12822883300395915>
824.8340 	EXP 	fixation: autoDraw = False
824.8340 	EXP 	line1: autoDraw = True
824.8340 	EXP 	line2: autoDraw = True
824.8340 	EXP 	line3: autoDraw = True
824.8340 	EXP 	line4: autoDraw = True
825.8362 	INFO 	Keyboard events cleared
825.8361 	EXP 	probe: autoDraw = True
826.4302 	EXP 	Device response: <KeyPress from None: t=826.4172531670047, value=c, duration=None>
826.4308 	EXP 	New trial (rep=35, index=125): <Trial 125 (125 in rep 35) data={'pos': np.int64(-50), 'corr_resp': 'x', 'thisN': 125, 'thisTrialN': 125, 'thisRepN': 35}>
826.4355 	DATA 	Keypress: c
826.4394 	EXP 	fixation: autoDraw = False
826.4394 	EXP 	line1: autoDraw = False
826.4394 	EXP 	line2: autoDraw = False
826.4394 	EXP 	line3: autoDraw = False
826.4394 	EXP 	line4: autoDraw = False
826.4394 	EXP 	probe: autoDraw = False
826.4394 	EXP 	fixation: autoDraw = True
826.5135 	EXP 	Device response: <KeyPress from None: t=826.4172531670047, value=c, duration=0.08840262499870732>
827.4289 	EXP 	line1: autoDraw = True
827.4289 	EXP 	line2: autoDraw = True
827.4289 	EXP 	line3: autoDraw = True
827.4289 	EXP 	line4: autoDraw = True
827.4332 	EXP 	fixation: autoDraw = False
828.4291 	INFO 	Keyboard events cleared
828.4290 	EXP 	probe: autoDraw = True
829.0137 	EXP 	Device response: <KeyPress from None: t=829.0051325829991, value=x, duration=None>
829.0143 	EXP 	New trial (rep=30, index=126): <Trial 126 (126 in rep 30) data={'pos': np.int64(50), 'corr_resp': 'c', 'thisN': 126, 'thisTrialN': 126, 'thisRepN': 30}>
829.0189 	DATA 	Keypress: x
829.0228 	EXP 	fixation: autoDraw = False
829.0228 	EXP 	line1: autoDraw = False
829.0228 	EXP 	line2: autoDraw = False
829.0228 	EXP 	line3: autoDraw = False
829.0228 	EXP 	line4: autoDraw = False
829.0228 	EXP 	probe: autoDraw = False
829.0228 	EXP 	fixation: autoDraw = True
829.1675 	EXP 	Device response: <KeyPress from None: t=829.0051325829991, value=x, duration=0.16046687500056578>
830.0123 	EXP 	line1: autoDraw = True
830.0123 	EXP 	line2: autoDraw = True
830.0123 	EXP 	line3: autoDraw = True
830.0123 	EXP 	line4: autoDraw = True
830.0170 	EXP 	fixation: autoDraw = False
831.0125 	INFO 	Keyboard events cleared
831.0124 	EXP 	probe: autoDraw = True
831.7134 	EXP 	Device response: <KeyPress from None: t=831.7111844579995, value=c, duration=None>
831.7139 	EXP 	New trial (rep=33, index=127): <Trial 127 (127 in rep 33) data={'pos': np.int64(150), 'corr_resp': 'v', 'thisN': 127, 'thisTrialN': 127, 'thisRepN': 33}>
831.7186 	EXP 	fixation: autoDraw = False
831.7186 	EXP 	line1: autoDraw = False
831.7186 	EXP 	line2: autoDraw = False
831.7186 	EXP 	line3: autoDraw = False
831.7186 	EXP 	line4: autoDraw = False
831.7186 	EXP 	probe: autoDraw = False
831.7186 	EXP 	fixation: autoDraw = True
831.7221 	DATA 	Keypress: c
831.7968 	EXP 	Device response: <KeyPress from None: t=831.7111844579995, value=c, duration=0.08431633400323335>
832.7123 	EXP 	line1: autoDraw = True
832.7123 	EXP 	line2: autoDraw = True
832.7123 	EXP 	line3: autoDraw = True
832.7123 	EXP 	line4: autoDraw = True
832.7164 	EXP 	fixation: autoDraw = False
833.7126 	INFO 	Keyboard events cleared
833.7124 	EXP 	probe: autoDraw = True
834.2854 	EXP 	Device response: <KeyPress from None: t=834.2811248330036, value=v, duration=None>
834.2858 	EXP 	New trial (rep=31, index=128): <Trial 128 (128 in rep 31) data={'pos': np.int64(50), 'corr_resp': 'c', 'thisN': 128, 'thisTrialN': 128, 'thisRepN': 31}>
834.2900 	DATA 	Keypress: v
834.2947 	EXP 	fixation: autoDraw = False
834.2947 	EXP 	line1: autoDraw = False
834.2947 	EXP 	line2: autoDraw = False
834.2947 	EXP 	line3: autoDraw = False
834.2947 	EXP 	line4: autoDraw = False
834.2947 	EXP 	probe: autoDraw = False
834.2947 	EXP 	fixation: autoDraw = True
834.3968 	EXP 	Device response: <KeyPress from None: t=834.2811248330036, value=v, duration=0.10424295900156721>
835.2841 	EXP 	fixation: autoDraw = False
835.2841 	EXP 	line1: autoDraw = True
835.2841 	EXP 	line2: autoDraw = True
835.2841 	EXP 	line3: autoDraw = True
835.2841 	EXP 	line4: autoDraw = True
836.2850 	INFO 	Keyboard events cleared
836.2848 	EXP 	probe: autoDraw = True
836.8967 	EXP 	Device response: <KeyPress from None: t=836.8943545000002, value=c, duration=None>
836.8973 	EXP 	New trial (rep=32, index=129): <Trial 129 (129 in rep 32) data={'pos': np.int64(50), 'corr_resp': 'c', 'thisN': 129, 'thisTrialN': 129, 'thisRepN': 32}>
836.9021 	EXP 	fixation: autoDraw = False
836.9021 	EXP 	line1: autoDraw = False
836.9021 	EXP 	line2: autoDraw = False
836.9021 	EXP 	line3: autoDraw = False
836.9021 	EXP 	line4: autoDraw = False
836.9021 	EXP 	probe: autoDraw = False
836.9021 	EXP 	fixation: autoDraw = True
836.9057 	DATA 	Keypress: c
836.9847 	EXP 	Device response: <KeyPress from None: t=836.8943545000002, value=c, duration=0.08798000000388129>
837.8956 	EXP 	line1: autoDraw = True
837.8956 	EXP 	line2: autoDraw = True
837.8956 	EXP 	line3: autoDraw = True
837.8956 	EXP 	line4: autoDraw = True
837.9010 	EXP 	fixation: autoDraw = False
838.8958 	INFO 	Keyboard events cleared
838.8957 	EXP 	probe: autoDraw = True
839.5800 	EXP 	Device response: <KeyPress from None: t=839.5679520000049, value=c, duration=None>
839.5805 	EXP 	New trial (rep=27, index=130): <Trial 130 (130 in rep 27) data={'pos': np.int64(-150), 'corr_resp': 'z', 'thisN': 130, 'thisTrialN': 130, 'thisRepN': 27}>
839.5851 	DATA 	Keypress: c
839.5891 	EXP 	fixation: autoDraw = False
839.5891 	EXP 	line1: autoDraw = False
839.5891 	EXP 	line2: autoDraw = False
839.5891 	EXP 	line3: autoDraw = False
839.5891 	EXP 	line4: autoDraw = False
839.5891 	EXP 	probe: autoDraw = False
839.5891 	EXP 	fixation: autoDraw = True
839.7136 	EXP 	Device response: <KeyPress from None: t=839.5679520000049, value=c, duration=0.14437899999757065>
840.5791 	EXP 	line1: autoDraw = True
840.5791 	EXP 	line2: autoDraw = True
840.5791 	EXP 	line3: autoDraw = True
840.5791 	EXP 	line4: autoDraw = True
840.5837 	EXP 	fixation: autoDraw = False
841.5791 	INFO 	Keyboard events cleared
841.5789 	EXP 	probe: autoDraw = True
842.1468 	EXP 	Device response: <KeyPress from None: t=842.1429449580028, value=x, duration=None>
842.1476 	EXP 	New trial (rep=33, index=131): <Trial 131 (131 in rep 33) data={'pos': np.int64(50), 'corr_resp': 'c', 'thisN': 131, 'thisTrialN': 131, 'thisRepN': 33}>
842.1527 	EXP 	fixation: autoDraw = False
842.1527 	EXP 	line1: autoDraw = False
842.1527 	EXP 	line2: autoDraw = False
842.1527 	EXP 	line3: autoDraw = False
842.1527 	EXP 	line4: autoDraw = False
842.1527 	EXP 	probe: autoDraw = False
842.1527 	EXP 	fixation: autoDraw = True
842.1563 	DATA 	Keypress: x
842.1838 	EXP 	Device response: <KeyPress from None: t=842.1429449580028, value=x, duration=0.03638558399688918>
842.2133 	EXP 	Device response: <KeyPress from None: t=842.2008920000007, value=z, duration=None>
842.2169 	DATA 	Keypress: z
842.4303 	EXP 	Device response: <KeyPress from None: t=842.2008920000007, value=z, duration=0.21637508300045738>
843.1455 	EXP 	line1: autoDraw = True
843.1455 	EXP 	line2: autoDraw = True
843.1455 	EXP 	line3: autoDraw = True
843.1455 	EXP 	line4: autoDraw = True
843.1506 	EXP 	fixation: autoDraw = False
844.1457 	INFO 	Keyboard events cleared
844.1456 	EXP 	probe: autoDraw = True
844.6299 	EXP 	Device response: <KeyPress from None: t=844.6209008330043, value=c, duration=None>
844.6304 	EXP 	New trial (rep=28, index=132): <Trial 132 (132 in rep 28) data={'pos': np.int64(-150), 'corr_resp': 'z', 'thisN': 132, 'thisTrialN': 132, 'thisRepN': 28}>
844.6350 	DATA 	Keypress: c
844.6390 	EXP 	fixation: autoDraw = False
844.6390 	EXP 	line1: autoDraw = False
844.6390 	EXP 	line2: autoDraw = False
844.6390 	EXP 	line3: autoDraw = False
844.6390 	EXP 	line4: autoDraw = False
844.6390 	EXP 	probe: autoDraw = False
844.6390 	EXP 	fixation: autoDraw = True
844.7634 	EXP 	Device response: <KeyPress from None: t=844.6209008330043, value=c, duration=0.1322802499998943>
845.6290 	EXP 	line1: autoDraw = True
845.6290 	EXP 	line2: autoDraw = True
845.6290 	EXP 	line3: autoDraw = True
845.6290 	EXP 	line4: autoDraw = True
845.6341 	EXP 	fixation: autoDraw = False
846.6290 	INFO 	Keyboard events cleared
846.6289 	EXP 	probe: autoDraw = True
847.1298 	EXP 	Device response: <KeyPress from None: t=847.1237412920018, value=z, duration=None>
847.1304 	EXP 	New trial (rep=29, index=133): <Trial 133 (133 in rep 29) data={'pos': np.int64(-150), 'corr_resp': 'z', 'thisN': 133, 'thisTrialN': 133, 'thisRepN': 29}>
847.1351 	DATA 	Keypress: z
847.1390 	EXP 	fixation: autoDraw = False
847.1390 	EXP 	line1: autoDraw = False
847.1390 	EXP 	line2: autoDraw = False
847.1390 	EXP 	line3: autoDraw = False
847.1390 	EXP 	line4: autoDraw = False
847.1390 	EXP 	probe: autoDraw = False
847.1390 	EXP 	fixation: autoDraw = True
847.2968 	EXP 	Device response: <KeyPress from None: t=847.1237412920018, value=z, duration=0.16032158299640287>
848.1287 	EXP 	line1: autoDraw = True
848.1287 	EXP 	line2: autoDraw = True
848.1287 	EXP 	line3: autoDraw = True
848.1287 	EXP 	line4: autoDraw = True
848.1330 	EXP 	fixation: autoDraw = False
849.1290 	INFO 	Keyboard events cleared
849.1289 	EXP 	probe: autoDraw = True
849.5683 	EXP 	Device response: <KeyPress from None: t=849.5659387080013, value=z, duration=None>
849.5687 	EXP 	New trial (rep=34, index=134): <Trial 134 (134 in rep 34) data={'pos': np.int64(150), 'corr_resp': 'v', 'thisN': 134, 'thisTrialN': 134, 'thisRepN': 34}>
849.5732 	DATA 	Keypress: z
849.5779 	EXP 	fixation: autoDraw = False
849.5779 	EXP 	line1: autoDraw = False
849.5779 	EXP 	line2: autoDraw = False
849.5779 	EXP 	line3: autoDraw = False
849.5779 	EXP 	line4: autoDraw = False
849.5779 	EXP 	probe: autoDraw = False
849.5779 	EXP 	fixation: autoDraw = True
849.7340 	EXP 	Device response: <KeyPress from None: t=849.5659387080013, value=z, duration=0.16410650000034366>
850.5674 	EXP 	fixation: autoDraw = False
850.5674 	EXP 	line1: autoDraw = True
850.5674 	EXP 	line2: autoDraw = True
850.5674 	EXP 	line3: autoDraw = True
850.5674 	EXP 	line4: autoDraw = True
851.5623 	INFO 	Keyboard events cleared
851.5621 	EXP 	probe: autoDraw = True
852.0798 	EXP 	Device response: <KeyPress from None: t=852.0697486249992, value=v, duration=None>
852.0804 	EXP 	New trial (rep=36, index=135): <Trial 135 (135 in rep 36) data={'pos': np.int64(-50), 'corr_resp': 'x', 'thisN': 135, 'thisTrialN': 135, 'thisRepN': 36}>
852.0851 	DATA 	Keypress: v
852.0889 	EXP 	fixation: autoDraw = False
852.0889 	EXP 	line1: autoDraw = False
852.0889 	EXP 	line2: autoDraw = False
852.0889 	EXP 	line3: autoDraw = False
852.0889 	EXP 	line4: autoDraw = False
852.0889 	EXP 	probe: autoDraw = False
852.0889 	EXP 	fixation: autoDraw = True
852.1635 	EXP 	Device response: <KeyPress from None: t=852.0697486249992, value=v, duration=0.09231745800207136>
853.0787 	EXP 	line1: autoDraw = True
853.0787 	EXP 	line2: autoDraw = True
853.0787 	EXP 	line3: autoDraw = True
853.0787 	EXP 	line4: autoDraw = True
853.0835 	EXP 	fixation: autoDraw = False
854.0790 	INFO 	Keyboard events cleared
854.0788 	EXP 	probe: autoDraw = True
854.8300 	EXP 	Device response: <KeyPress from None: t=854.8215659999987, value=x, duration=None>
854.8307 	EXP 	New trial (rep=35, index=136): <Trial 136 (136 in rep 35) data={'pos': np.int64(150), 'corr_resp': 'v', 'thisN': 136, 'thisTrialN': 136, 'thisRepN': 35}>
854.8354 	DATA 	Keypress: x
854.8394 	EXP 	fixation: autoDraw = False
854.8394 	EXP 	line1: autoDraw = False
854.8394 	EXP 	line2: autoDraw = False
854.8394 	EXP 	line3: autoDraw = False
854.8394 	EXP 	line4: autoDraw = False
854.8394 	EXP 	probe: autoDraw = False
854.8394 	EXP 	fixation: autoDraw = True
854.9297 	EXP 	Device response: <KeyPress from None: t=854.8215659999987, value=x, duration=0.09644129200023599>
855.8288 	EXP 	line1: autoDraw = True
855.8288 	EXP 	line2: autoDraw = True
855.8288 	EXP 	line3: autoDraw = True
855.8288 	EXP 	line4: autoDraw = True
855.8342 	EXP 	fixation: autoDraw = False
856.8290 	INFO 	Keyboard events cleared
856.8289 	EXP 	probe: autoDraw = True
857.1964 	EXP 	Device response: <KeyPress from None: t=857.1925535000046, value=v, duration=None>
857.1969 	EXP 	New trial (rep=30, index=137): <Trial 137 (137 in rep 30) data={'pos': np.int64(-150), 'corr_resp': 'z', 'thisN': 137, 'thisTrialN': 137, 'thisRepN': 30}>
857.2021 	EXP 	fixation: autoDraw = False
857.2021 	EXP 	line1: autoDraw = False
857.2021 	EXP 	line2: autoDraw = False
857.2021 	EXP 	line3: autoDraw = False
857.2021 	EXP 	line4: autoDraw = False
857.2021 	EXP 	probe: autoDraw = False
857.2021 	EXP 	fixation: autoDraw = True
857.2057 	DATA 	Keypress: v
857.2964 	EXP 	Device response: <KeyPress from None: t=857.1925535000046, value=v, duration=0.10033191699767485>
858.1953 	EXP 	line1: autoDraw = True
858.1953 	EXP 	line2: autoDraw = True
858.1953 	EXP 	line3: autoDraw = True
858.1953 	EXP 	line4: autoDraw = True
858.1998 	EXP 	fixation: autoDraw = False
859.1955 	INFO 	Keyboard events cleared
859.1954 	EXP 	probe: autoDraw = True
859.7299 	EXP 	Device response: <KeyPress from None: t=859.7165139999997, value=z, duration=None>
859.7309 	EXP 	New trial (rep=37, index=138): <Trial 138 (138 in rep 37) data={'pos': np.int64(-50), 'corr_resp': 'x', 'thisN': 138, 'thisTrialN': 138, 'thisRepN': 37}>
859.7346 	DATA 	Keypress: z
859.7376 	EXP 	fixation: autoDraw = False
859.7376 	EXP 	line1: autoDraw = False
859.7376 	EXP 	line2: autoDraw = False
859.7376 	EXP 	line3: autoDraw = False
859.7376 	EXP 	line4: autoDraw = False
859.7376 	EXP 	probe: autoDraw = False
859.7376 	EXP 	fixation: autoDraw = True
859.9344 	EXP 	Device response: <KeyPress from None: t=859.7165139999997, value=z, duration=0.21623854200151982>
860.7287 	EXP 	line1: autoDraw = True
860.7287 	EXP 	line2: autoDraw = True
860.7287 	EXP 	line3: autoDraw = True
860.7287 	EXP 	line4: autoDraw = True
860.7327 	EXP 	fixation: autoDraw = False
861.7289 	INFO 	Keyboard events cleared
861.7288 	EXP 	probe: autoDraw = True
862.2468 	EXP 	Device response: <KeyPress from None: t=862.2344546669992, value=x, duration=None>
862.2474 	EXP 	New trial (rep=31, index=139): <Trial 139 (139 in rep 31) data={'pos': np.int64(-150), 'corr_resp': 'z', 'thisN': 139, 'thisTrialN': 139, 'thisRepN': 31}>
862.2531 	DATA 	Keypress: x
862.2573 	EXP 	fixation: autoDraw = False
862.2573 	EXP 	line1: autoDraw = False
862.2573 	EXP 	line2: autoDraw = False
862.2573 	EXP 	line3: autoDraw = False
862.2573 	EXP 	line4: autoDraw = False
862.2573 	EXP 	probe: autoDraw = False
862.2573 	EXP 	fixation: autoDraw = True
862.3519 	EXP 	Device response: <KeyPress from None: t=862.2344546669992, value=x, duration=0.11225970800296636>
863.2457 	EXP 	line1: autoDraw = True
863.2457 	EXP 	line2: autoDraw = True
863.2457 	EXP 	line3: autoDraw = True
863.2457 	EXP 	line4: autoDraw = True
863.2504 	EXP 	fixation: autoDraw = False
864.2457 	INFO 	Keyboard events cleared
864.2456 	EXP 	probe: autoDraw = True
864.9970 	EXP 	Device response: <KeyPress from None: t=864.9943385830047, value=z, duration=None>
864.9977 	EXP 	New trial (rep=34, index=140): <Trial 140 (140 in rep 34) data={'pos': np.int64(50), 'corr_resp': 'c', 'thisN': 140, 'thisTrialN': 140, 'thisRepN': 34}>
865.0030 	EXP 	fixation: autoDraw = False
865.0030 	EXP 	line1: autoDraw = False
865.0030 	EXP 	line2: autoDraw = False
865.0030 	EXP 	line3: autoDraw = False
865.0030 	EXP 	line4: autoDraw = False
865.0030 	EXP 	probe: autoDraw = False
865.0030 	EXP 	fixation: autoDraw = True
865.0071 	DATA 	Keypress: z
865.1466 	EXP 	Device response: <KeyPress from None: t=864.9943385830047, value=z, duration=0.1404281249997439>
865.9952 	EXP 	line1: autoDraw = True
865.9952 	EXP 	line2: autoDraw = True
865.9952 	EXP 	line3: autoDraw = True
865.9952 	EXP 	line4: autoDraw = True
866.0005 	EXP 	fixation: autoDraw = False
866.9955 	INFO 	Keyboard events cleared
866.9953 	EXP 	probe: autoDraw = True
867.5012 	EXP 	Device response: <KeyPress from None: t=867.4982778749982, value=c, duration=None>
867.5017 	EXP 	New trial (rep=32, index=141): <Trial 141 (141 in rep 32) data={'pos': np.int64(-150), 'corr_resp': 'z', 'thisN': 141, 'thisTrialN': 141, 'thisRepN': 32}>
867.5068 	DATA 	Keypress: c
867.5112 	EXP 	fixation: autoDraw = False
867.5112 	EXP 	line1: autoDraw = False
867.5112 	EXP 	line2: autoDraw = False
867.5112 	EXP 	line3: autoDraw = False
867.5112 	EXP 	line4: autoDraw = False
867.5112 	EXP 	probe: autoDraw = False
867.5112 	EXP 	fixation: autoDraw = True
867.6134 	EXP 	Device response: <KeyPress from None: t=867.4982778749982, value=c, duration=0.108424667007057>
868.5004 	EXP 	fixation: autoDraw = False
868.5004 	EXP 	line1: autoDraw = True
868.5004 	EXP 	line2: autoDraw = True
868.5004 	EXP 	line3: autoDraw = True
868.5004 	EXP 	line4: autoDraw = True
869.5013 	INFO 	Keyboard events cleared
869.5011 	EXP 	probe: autoDraw = True
870.0131 	EXP 	Device response: <KeyPress from None: t=870.0073078330024, value=z, duration=None>
870.0138 	EXP 	New trial (rep=38, index=142): <Trial 142 (142 in rep 38) data={'pos': np.int64(-50), 'corr_resp': 'x', 'thisN': 142, 'thisTrialN': 142, 'thisRepN': 38}>
870.0191 	DATA 	Keypress: z
870.0232 	EXP 	fixation: autoDraw = False
870.0232 	EXP 	line1: autoDraw = False
870.0232 	EXP 	line2: autoDraw = False
870.0232 	EXP 	line3: autoDraw = False
870.0232 	EXP 	line4: autoDraw = False
870.0232 	EXP 	probe: autoDraw = False
870.0232 	EXP 	fixation: autoDraw = True
870.1800 	EXP 	Device response: <KeyPress from None: t=870.0073078330024, value=z, duration=0.16837145899626194>
871.0119 	EXP 	line1: autoDraw = True
871.0119 	EXP 	line2: autoDraw = True
871.0119 	EXP 	line3: autoDraw = True
871.0119 	EXP 	line4: autoDraw = True
871.0168 	EXP 	fixation: autoDraw = False
872.0120 	INFO 	Keyboard events cleared
872.0118 	EXP 	probe: autoDraw = True
872.5799 	EXP 	Device response: <KeyPress from None: t=872.5733282500005, value=x, duration=None>
872.5806 	EXP 	New trial (rep=36, index=143): <Trial 143 (143 in rep 36) data={'pos': np.int64(150), 'corr_resp': 'v', 'thisN': 143, 'thisTrialN': 143, 'thisRepN': 36}>
872.5857 	DATA 	Keypress: x
872.5899 	EXP 	fixation: autoDraw = False
872.5899 	EXP 	line1: autoDraw = False
872.5899 	EXP 	line2: autoDraw = False
872.5899 	EXP 	line3: autoDraw = False
872.5899 	EXP 	line4: autoDraw = False
872.5899 	EXP 	probe: autoDraw = False
872.5899 	EXP 	fixation: autoDraw = True
872.6839 	EXP 	Device response: <KeyPress from None: t=872.5733282500005, value=x, duration=0.10821587499958696>
873.5785 	EXP 	line1: autoDraw = True
873.5785 	EXP 	line2: autoDraw = True
873.5785 	EXP 	line3: autoDraw = True
873.5785 	EXP 	line4: autoDraw = True
873.5835 	EXP 	fixation: autoDraw = False
874.5788 	INFO 	Keyboard events cleared
874.5786 	EXP 	probe: autoDraw = True
875.0796 	EXP 	Device response: <KeyPress from None: t=875.0701797080037, value=v, duration=None>
875.0803 	EXP 	New trial (rep=37, index=144): <Trial 144 (144 in rep 37) data={'pos': np.int64(150), 'corr_resp': 'v', 'thisN': 144, 'thisTrialN': 144, 'thisRepN': 37}>
875.0858 	DATA 	Keypress: v
875.0898 	EXP 	fixation: autoDraw = False
875.0898 	EXP 	line1: autoDraw = False
875.0898 	EXP 	line2: autoDraw = False
875.0898 	EXP 	line3: autoDraw = False
875.0898 	EXP 	line4: autoDraw = False
875.0898 	EXP 	probe: autoDraw = False
875.0898 	EXP 	fixation: autoDraw = True
875.1632 	EXP 	Device response: <KeyPress from None: t=875.0701797080037, value=v, duration=0.08441645900165895>
876.0787 	EXP 	line1: autoDraw = True
876.0787 	EXP 	line2: autoDraw = True
876.0787 	EXP 	line3: autoDraw = True
876.0787 	EXP 	line4: autoDraw = True
876.0836 	EXP 	fixation: autoDraw = False
877.0787 	INFO 	Keyboard events cleared
877.0785 	EXP 	probe: autoDraw = True
877.5678 	EXP 	Device response: <KeyPress from None: t=877.5621171669991, value=v, duration=None>
877.5682 	EXP 	New trial (rep=35, index=145): <Trial 145 (145 in rep 35) data={'pos': np.int64(50), 'corr_resp': 'c', 'thisN': 145, 'thisTrialN': 145, 'thisRepN': 35}>
877.5733 	DATA 	Keypress: v
877.5777 	EXP 	fixation: autoDraw = False
877.5777 	EXP 	line1: autoDraw = False
877.5777 	EXP 	line2: autoDraw = False
877.5777 	EXP 	line3: autoDraw = False
877.5777 	EXP 	line4: autoDraw = False
877.5777 	EXP 	probe: autoDraw = False
877.5777 	EXP 	fixation: autoDraw = True
877.6798 	EXP 	Device response: <KeyPress from None: t=877.5621171669991, value=v, duration=0.10832720799953677>
878.5673 	EXP 	fixation: autoDraw = False
878.5673 	EXP 	line1: autoDraw = True
878.5673 	EXP 	line2: autoDraw = True
878.5673 	EXP 	line3: autoDraw = True
878.5673 	EXP 	line4: autoDraw = True
879.5620 	INFO 	Keyboard events cleared
879.5619 	EXP 	probe: autoDraw = True
880.3463 	EXP 	Device response: <KeyPress from None: t=880.3330635419989, value=c, duration=None>
880.3468 	EXP 	New trial (rep=36, index=146): <Trial 146 (146 in rep 36) data={'pos': np.int64(50), 'corr_resp': 'c', 'thisN': 146, 'thisTrialN': 146, 'thisRepN': 36}>
880.3521 	DATA 	Keypress: c
880.3563 	EXP 	fixation: autoDraw = False
880.3563 	EXP 	line1: autoDraw = False
880.3563 	EXP 	line2: autoDraw = False
880.3563 	EXP 	line3: autoDraw = False
880.3563 	EXP 	line4: autoDraw = False
880.3563 	EXP 	probe: autoDraw = False
880.3563 	EXP 	fixation: autoDraw = True
880.4630 	EXP 	Device response: <KeyPress from None: t=880.3330635419989, value=c, duration=0.12035950000426965>
881.3452 	EXP 	line1: autoDraw = True
881.3452 	EXP 	line2: autoDraw = True
881.3452 	EXP 	line3: autoDraw = True
881.3452 	EXP 	line4: autoDraw = True
881.3499 	EXP 	fixation: autoDraw = False
882.3455 	INFO 	Keyboard events cleared
882.3453 	EXP 	probe: autoDraw = True
883.3633 	EXP 	Device response: <KeyPress from None: t=883.3589835829989, value=x, duration=None>
883.3640 	EXP 	New trial (rep=39, index=147): <Trial 147 (147 in rep 39) data={'pos': np.int64(-50), 'corr_resp': 'x', 'thisN': 147, 'thisTrialN': 147, 'thisRepN': 39}>
883.3692 	EXP 	fixation: autoDraw = False
883.3692 	EXP 	line1: autoDraw = False
883.3692 	EXP 	line2: autoDraw = False
883.3692 	EXP 	line3: autoDraw = False
883.3692 	EXP 	line4: autoDraw = False
883.3692 	EXP 	probe: autoDraw = False
883.3692 	EXP 	fixation: autoDraw = True
883.3731 	DATA 	Keypress: x
883.5464 	EXP 	Device response: <KeyPress from None: t=883.3589835829989, value=x, duration=0.17626079200272216>
884.3619 	EXP 	line1: autoDraw = True
884.3619 	EXP 	line2: autoDraw = True
884.3619 	EXP 	line3: autoDraw = True
884.3619 	EXP 	line4: autoDraw = True
884.3662 	EXP 	fixation: autoDraw = False
885.3620 	INFO 	Keyboard events cleared
885.3618 	EXP 	probe: autoDraw = True
885.9843 	EXP 	Device response: <KeyPress from None: t=885.9788391670008, value=x, duration=None>
885.9847 	EXP 	New trial (rep=38, index=148): <Trial 148 (148 in rep 38) data={'pos': np.int64(150), 'corr_resp': 'v', 'thisN': 148, 'thisTrialN': 148, 'thisRepN': 38}>
885.9900 	DATA 	Keypress: x
885.9946 	EXP 	fixation: autoDraw = False
885.9946 	EXP 	line1: autoDraw = False
885.9946 	EXP 	line2: autoDraw = False
885.9946 	EXP 	line3: autoDraw = False
885.9946 	EXP 	line4: autoDraw = False
885.9946 	EXP 	probe: autoDraw = False
885.9946 	EXP 	fixation: autoDraw = True
886.0966 	EXP 	Device response: <KeyPress from None: t=885.9788391670008, value=x, duration=0.11250004100293154>
886.9836 	EXP 	fixation: autoDraw = False
886.9836 	EXP 	line1: autoDraw = True
886.9836 	EXP 	line2: autoDraw = True
886.9836 	EXP 	line3: autoDraw = True
886.9836 	EXP 	line4: autoDraw = True
887.9842 	INFO 	Keyboard events cleared
887.9841 	EXP 	probe: autoDraw = True
888.5968 	EXP 	Device response: <KeyPress from None: t=888.5878076670051, value=v, duration=None>
888.5973 	EXP 	New trial (rep=33, index=149): <Trial 149 (149 in rep 33) data={'pos': np.int64(-150), 'corr_resp': 'z', 'thisN': 149, 'thisTrialN': 149, 'thisRepN': 33}>
888.6023 	DATA 	Keypress: v
888.6065 	EXP 	fixation: autoDraw = False
888.6065 	EXP 	line1: autoDraw = False
888.6065 	EXP 	line2: autoDraw = False
888.6065 	EXP 	line3: autoDraw = False
888.6065 	EXP 	line4: autoDraw = False
888.6065 	EXP 	probe: autoDraw = False
888.6065 	EXP 	fixation: autoDraw = True
888.6961 	EXP 	Device response: <KeyPress from None: t=888.5878076670051, value=v, duration=0.10432583299552789>
889.5952 	EXP 	line1: autoDraw = True
889.5952 	EXP 	line2: autoDraw = True
889.5952 	EXP 	line3: autoDraw = True
889.5952 	EXP 	line4: autoDraw = True
889.5998 	EXP 	fixation: autoDraw = False
890.5956 	INFO 	Keyboard events cleared
890.5954 	EXP 	probe: autoDraw = True
891.1466 	EXP 	Device response: <KeyPress from None: t=891.1348545000001, value=z, duration=None>
891.1473 	EXP 	New trial (rep=34, index=150): <Trial 150 (150 in rep 34) data={'pos': np.int64(-150), 'corr_resp': 'z', 'thisN': 150, 'thisTrialN': 150, 'thisRepN': 34}>
891.1531 	DATA 	Keypress: z
891.1573 	EXP 	fixation: autoDraw = False
891.1573 	EXP 	line1: autoDraw = False
891.1573 	EXP 	line2: autoDraw = False
891.1573 	EXP 	line3: autoDraw = False
891.1573 	EXP 	line4: autoDraw = False
891.1573 	EXP 	probe: autoDraw = False
891.1573 	EXP 	fixation: autoDraw = True
891.2797 	EXP 	Device response: <KeyPress from None: t=891.1348545000001, value=z, duration=0.1363656670000637>
892.1452 	EXP 	line1: autoDraw = True
892.1452 	EXP 	line2: autoDraw = True
892.1452 	EXP 	line3: autoDraw = True
892.1452 	EXP 	line4: autoDraw = True
892.1502 	EXP 	fixation: autoDraw = False
893.1453 	INFO 	Keyboard events cleared
893.1451 	EXP 	probe: autoDraw = True
893.8464 	EXP 	Device response: <KeyPress from None: t=893.8416877080017, value=z, duration=None>
893.8471 	EXP 	New trial (rep=35, index=151): <Trial 151 (151 in rep 35) data={'pos': np.int64(-150), 'corr_resp': 'z', 'thisN': 151, 'thisTrialN': 151, 'thisRepN': 35}>
893.8520 	EXP 	fixation: autoDraw = False
893.8520 	EXP 	line1: autoDraw = False
893.8520 	EXP 	line2: autoDraw = False
893.8520 	EXP 	line3: autoDraw = False
893.8520 	EXP 	line4: autoDraw = False
893.8520 	EXP 	probe: autoDraw = False
893.8520 	EXP 	fixation: autoDraw = True
893.8561 	DATA 	Keypress: z
894.0128 	EXP 	Device response: <KeyPress from None: t=893.8416877080017, value=z, duration=0.16445391700108303>
894.8452 	EXP 	line1: autoDraw = True
894.8452 	EXP 	line2: autoDraw = True
894.8452 	EXP 	line3: autoDraw = True
894.8452 	EXP 	line4: autoDraw = True
894.8494 	EXP 	fixation: autoDraw = False
895.8452 	INFO 	Keyboard events cleared
895.8451 	EXP 	probe: autoDraw = True
896.3131 	EXP 	Device response: <KeyPress from None: t=896.2997164580011, value=z, duration=None>
896.3138 	EXP 	New trial (rep=37, index=152): <Trial 152 (152 in rep 37) data={'pos': np.int64(50), 'corr_resp': 'c', 'thisN': 152, 'thisTrialN': 152, 'thisRepN': 37}>
896.3195 	DATA 	Keypress: z
896.3246 	EXP 	fixation: autoDraw = False
896.3246 	EXP 	line1: autoDraw = False
896.3246 	EXP 	line2: autoDraw = False
896.3246 	EXP 	line3: autoDraw = False
896.3246 	EXP 	line4: autoDraw = False
896.3246 	EXP 	probe: autoDraw = False
896.3246 	EXP 	fixation: autoDraw = True
896.4463 	EXP 	Device response: <KeyPress from None: t=896.2997164580011, value=z, duration=0.13633929200295825>
897.3117 	EXP 	line1: autoDraw = True
897.3117 	EXP 	line2: autoDraw = True
897.3117 	EXP 	line3: autoDraw = True
897.3117 	EXP 	line4: autoDraw = True
897.3165 	EXP 	fixation: autoDraw = False
898.3118 	INFO 	Keyboard events cleared
898.3117 	EXP 	probe: autoDraw = True
900.0462 	EXP 	Device response: <KeyPress from None: t=900.0425915419983, value=c, duration=None>
900.0469 	EXP 	New trial (rep=38, index=153): <Trial 153 (153 in rep 38) data={'pos': np.int64(50), 'corr_resp': 'c', 'thisN': 153, 'thisTrialN': 153, 'thisRepN': 38}>
900.0517 	EXP 	fixation: autoDraw = False
900.0517 	EXP 	line1: autoDraw = False
900.0517 	EXP 	line2: autoDraw = False
900.0517 	EXP 	line3: autoDraw = False
900.0517 	EXP 	line4: autoDraw = False
900.0517 	EXP 	probe: autoDraw = False
900.0517 	EXP 	fixation: autoDraw = True
900.0557 	DATA 	Keypress: c
900.1962 	EXP 	Device response: <KeyPress from None: t=900.0425915419983, value=c, duration=0.1522683750008582>
901.0451 	EXP 	line1: autoDraw = True
901.0451 	EXP 	line2: autoDraw = True
901.0451 	EXP 	line3: autoDraw = True
901.0451 	EXP 	line4: autoDraw = True
901.0501 	EXP 	fixation: autoDraw = False
902.0451 	INFO 	Keyboard events cleared
902.0450 	EXP 	probe: autoDraw = True
902.5968 	EXP 	Device response: <KeyPress from None: t=902.5925727920039, value=c, duration=None>
902.5979 	EXP 	New trial (rep=39, index=154): <Trial 154 (154 in rep 39) data={'pos': np.int64(50), 'corr_resp': 'c', 'thisN': 154, 'thisTrialN': 154, 'thisRepN': 39}>
902.6029 	EXP 	fixation: autoDraw = False
902.6029 	EXP 	line1: autoDraw = False
902.6029 	EXP 	line2: autoDraw = False
902.6029 	EXP 	line3: autoDraw = False
902.6029 	EXP 	line4: autoDraw = False
902.6029 	EXP 	probe: autoDraw = False
902.6029 	EXP 	fixation: autoDraw = True
902.6071 	DATA 	Keypress: c
902.7006 	EXP 	Device response: <KeyPress from None: t=902.5925727920039, value=c, duration=0.1043229579954641>
903.5951 	EXP 	line1: autoDraw = True
903.5951 	EXP 	line2: autoDraw = True
903.5951 	EXP 	line3: autoDraw = True
903.5951 	EXP 	line4: autoDraw = True
903.5994 	EXP 	fixation: autoDraw = False
904.5951 	INFO 	Keyboard events cleared
904.5950 	EXP 	probe: autoDraw = True
905.2343 	EXP 	Device response: <KeyPress from None: t=905.2303555420003, value=c, duration=None>
905.2348 	EXP 	New trial (rep=40, index=155): <Trial 155 (155 in rep 40) data={'pos': np.int64(-50), 'corr_resp': 'x', 'thisN': 155, 'thisTrialN': 155, 'thisRepN': 40}>
905.2402 	DATA 	Keypress: c
905.2444 	EXP 	fixation: autoDraw = False
905.2444 	EXP 	line1: autoDraw = False
905.2444 	EXP 	line2: autoDraw = False
905.2444 	EXP 	line3: autoDraw = False
905.2444 	EXP 	line4: autoDraw = False
905.2444 	EXP 	probe: autoDraw = False
905.2444 	EXP 	fixation: autoDraw = True
905.3802 	EXP 	Device response: <KeyPress from None: t=905.2303555420003, value=c, duration=0.13638762500340817>
906.2330 	EXP 	fixation: autoDraw = False
906.2330 	EXP 	line1: autoDraw = True
906.2330 	EXP 	line2: autoDraw = True
906.2330 	EXP 	line3: autoDraw = True
906.2330 	EXP 	line4: autoDraw = True
907.2344 	INFO 	Keyboard events cleared
907.2342 	EXP 	probe: autoDraw = True
908.1179 	EXP 	Device response: <KeyPress from None: t=908.1163772080035, value=x, duration=None>
908.1183 	EXP 	New trial (rep=39, index=156): <Trial 156 (156 in rep 39) data={'pos': np.int64(150), 'corr_resp': 'v', 'thisN': 156, 'thisTrialN': 156, 'thisRepN': 39}>
908.1246 	DATA 	Keypress: x
908.1453 	EXP 	fixation: autoDraw = False
908.1453 	EXP 	line1: autoDraw = False
908.1453 	EXP 	line2: autoDraw = False
908.1453 	EXP 	line3: autoDraw = False
908.1453 	EXP 	line4: autoDraw = False
908.1453 	EXP 	probe: autoDraw = False
908.1453 	EXP 	fixation: autoDraw = True
908.2296 	EXP 	Device response: <KeyPress from None: t=908.1163772080035, value=x, duration=0.1044009589968482>
909.1171 	EXP 	line1: autoDraw = True
909.1171 	EXP 	line2: autoDraw = True
909.1171 	EXP 	line3: autoDraw = True
909.1171 	EXP 	line4: autoDraw = True
909.1334 	EXP 	fixation: autoDraw = False
910.1183 	INFO 	Keyboard events cleared
910.1182 	EXP 	probe: autoDraw = True
910.7293 	EXP 	Device response: <KeyPress from None: t=910.7203701670005, value=v, duration=None>
910.7299 	EXP 	New trial (rep=36, index=157): <Trial 157 (157 in rep 36) data={'pos': np.int64(-150), 'corr_resp': 'z', 'thisN': 157, 'thisTrialN': 157, 'thisRepN': 36}>
910.7353 	DATA 	Keypress: v
910.7395 	EXP 	fixation: autoDraw = False
910.7395 	EXP 	line1: autoDraw = False
910.7395 	EXP 	line2: autoDraw = False
910.7395 	EXP 	line3: autoDraw = False
910.7395 	EXP 	line4: autoDraw = False
910.7395 	EXP 	probe: autoDraw = False
910.7395 	EXP 	fixation: autoDraw = True
910.8335 	EXP 	Device response: <KeyPress from None: t=910.7203701670005, value=v, duration=0.11231979099829914>
911.7284 	EXP 	line1: autoDraw = True
911.7284 	EXP 	line2: autoDraw = True
911.7284 	EXP 	line3: autoDraw = True
911.7284 	EXP 	line4: autoDraw = True
911.7332 	EXP 	fixation: autoDraw = False
912.7285 	INFO 	Keyboard events cleared
912.7283 	EXP 	probe: autoDraw = True
913.3797 	EXP 	Device response: <KeyPress from None: t=913.3671944579983, value=z, duration=None>
913.3804 	EXP 	New trial (rep=40, index=158): <Trial 158 (158 in rep 40) data={'pos': np.int64(50), 'corr_resp': 'c', 'thisN': 158, 'thisTrialN': 158, 'thisRepN': 40}>
913.3863 	DATA 	Keypress: z
913.3906 	EXP 	fixation: autoDraw = False
913.3906 	EXP 	line1: autoDraw = False
913.3906 	EXP 	line2: autoDraw = False
913.3906 	EXP 	line3: autoDraw = False
913.3906 	EXP 	line4: autoDraw = False
913.3906 	EXP 	probe: autoDraw = False
913.3906 	EXP 	fixation: autoDraw = True
913.4840 	EXP 	Device response: <KeyPress from None: t=913.3671944579983, value=z, duration=0.11241787500330247>
914.3783 	EXP 	line1: autoDraw = True
914.3783 	EXP 	line2: autoDraw = True
914.3783 	EXP 	line3: autoDraw = True
914.3783 	EXP 	line4: autoDraw = True
914.3832 	EXP 	fixation: autoDraw = False
915.3783 	INFO 	Keyboard events cleared
915.3782 	EXP 	probe: autoDraw = True
916.0510 	EXP 	Device response: <KeyPress from None: t=916.0502139579985, value=c, duration=None>
916.0565 	DATA 	Keypress: c
916.0616 	EXP 	New trial (rep=37, index=159): <Trial 159 (159 in rep 37) data={'pos': np.int64(-150), 'corr_resp': 'z', 'thisN': 159, 'thisTrialN': 159, 'thisRepN': 37}>
916.0655 	EXP 	fixation: autoDraw = False
916.0655 	EXP 	line1: autoDraw = False
916.0655 	EXP 	line2: autoDraw = False
916.0655 	EXP 	line3: autoDraw = False
916.0655 	EXP 	line4: autoDraw = False
916.0655 	EXP 	probe: autoDraw = False
916.0655 	EXP 	fixation: autoDraw = True
916.1463 	EXP 	Device response: <KeyPress from None: t=916.0502139579985, value=c, duration=0.08433645900367992>
917.0505 	EXP 	line1: autoDraw = True
917.0505 	EXP 	line2: autoDraw = True
917.0505 	EXP 	line3: autoDraw = True
917.0505 	EXP 	line4: autoDraw = True
917.0616 	EXP 	fixation: autoDraw = False
918.0506 	INFO 	Keyboard events cleared
918.0505 	EXP 	probe: autoDraw = True
918.6511 	EXP 	Device response: <KeyPress from None: t=918.6491017080043, value=z, duration=None>
918.6515 	EXP 	New trial (rep=41, index=160): <Trial 160 (160 in rep 41) data={'pos': np.int64(-50), 'corr_resp': 'x', 'thisN': 160, 'thisTrialN': 160, 'thisRepN': 41}>
918.6569 	DATA 	Keypress: z
918.6613 	EXP 	fixation: autoDraw = False
918.6613 	EXP 	line1: autoDraw = False
918.6613 	EXP 	line2: autoDraw = False
918.6613 	EXP 	line3: autoDraw = False
918.6613 	EXP 	line4: autoDraw = False
918.6613 	EXP 	probe: autoDraw = False
918.6613 	EXP 	fixation: autoDraw = True
918.7967 	EXP 	Device response: <KeyPress from None: t=918.6491017080043, value=z, duration=0.13646479199815076>
919.6498 	EXP 	fixation: autoDraw = False
919.6498 	EXP 	line1: autoDraw = True
919.6498 	EXP 	line2: autoDraw = True
919.6498 	EXP 	line3: autoDraw = True
919.6498 	EXP 	line4: autoDraw = True
920.6451 	INFO 	Keyboard events cleared
920.6450 	EXP 	probe: autoDraw = True
922.3128 	EXP 	Device response: <KeyPress from None: t=922.3031457500038, value=v, duration=None>
922.3136 	EXP 	New trial (rep=41, index=161): <Trial 161 (161 in rep 41) data={'pos': np.int64(50), 'corr_resp': 'c', 'thisN': 161, 'thisTrialN': 161, 'thisRepN': 41}>
922.3195 	DATA 	Keypress: v
922.3237 	EXP 	fixation: autoDraw = False
922.3237 	EXP 	line1: autoDraw = False
922.3237 	EXP 	line2: autoDraw = False
922.3237 	EXP 	line3: autoDraw = False
922.3237 	EXP 	line4: autoDraw = False
922.3237 	EXP 	probe: autoDraw = False
922.3237 	EXP 	fixation: autoDraw = True
922.9795 	EXP 	Device response: <KeyPress from None: t=922.3031457500038, value=v, duration=0.6641546249957173>
923.3115 	EXP 	line1: autoDraw = True
923.3115 	EXP 	line2: autoDraw = True
923.3115 	EXP 	line3: autoDraw = True
923.3115 	EXP 	line4: autoDraw = True
923.3157 	EXP 	fixation: autoDraw = False
924.3117 	INFO 	Keyboard events cleared
924.3116 	EXP 	probe: autoDraw = True
925.4127 	EXP 	Device response: <KeyPress from None: t=925.4030664169986, value=c, duration=None>
925.4133 	EXP 	New trial (rep=38, index=162): <Trial 162 (162 in rep 38) data={'pos': np.int64(-150), 'corr_resp': 'z', 'thisN': 162, 'thisTrialN': 162, 'thisRepN': 38}>
925.4192 	DATA 	Keypress: c
925.4235 	EXP 	fixation: autoDraw = False
925.4235 	EXP 	line1: autoDraw = False
925.4235 	EXP 	line2: autoDraw = False
925.4235 	EXP 	line3: autoDraw = False
925.4235 	EXP 	line4: autoDraw = False
925.4235 	EXP 	probe: autoDraw = False
925.4235 	EXP 	fixation: autoDraw = True
925.4961 	EXP 	Device response: <KeyPress from None: t=925.4030664169986, value=c, duration=0.08828837500186637>
926.4115 	EXP 	line1: autoDraw = True
926.4115 	EXP 	line2: autoDraw = True
926.4115 	EXP 	line3: autoDraw = True
926.4115 	EXP 	line4: autoDraw = True
926.4164 	EXP 	fixation: autoDraw = False
927.4117 	INFO 	Keyboard events cleared
927.4116 	EXP 	probe: autoDraw = True
928.0520 	EXP 	Device response: <KeyPress from None: t=928.0499617919995, value=z, duration=None>
928.0524 	EXP 	New trial (rep=39, index=163): <Trial 163 (163 in rep 39) data={'pos': np.int64(-150), 'corr_resp': 'z', 'thisN': 163, 'thisTrialN': 163, 'thisRepN': 39}>
928.0578 	DATA 	Keypress: z
928.0785 	EXP 	fixation: autoDraw = False
928.0785 	EXP 	line1: autoDraw = False
928.0785 	EXP 	line2: autoDraw = False
928.0785 	EXP 	line3: autoDraw = False
928.0785 	EXP 	line4: autoDraw = False
928.0785 	EXP 	probe: autoDraw = False
928.0785 	EXP 	fixation: autoDraw = True
928.1792 	EXP 	Device response: <KeyPress from None: t=928.0499617919995, value=z, duration=0.12434891600423725>
929.0503 	EXP 	line1: autoDraw = True
929.0503 	EXP 	line2: autoDraw = True
929.0503 	EXP 	line3: autoDraw = True
929.0503 	EXP 	line4: autoDraw = True
929.0667 	EXP 	fixation: autoDraw = False
930.0508 	INFO 	Keyboard events cleared
930.0506 	EXP 	probe: autoDraw = True
930.5628 	EXP 	Device response: <KeyPress from None: t=930.5609245829983, value=z, duration=None>
930.5634 	EXP 	New trial (rep=42, index=164): <Trial 164 (164 in rep 42) data={'pos': np.int64(-50), 'corr_resp': 'x', 'thisN': 164, 'thisTrialN': 164, 'thisRepN': 42}>
930.5686 	EXP 	fixation: autoDraw = False
930.5686 	EXP 	line1: autoDraw = False
930.5686 	EXP 	line2: autoDraw = False
930.5686 	EXP 	line3: autoDraw = False
930.5686 	EXP 	line4: autoDraw = False
930.5686 	EXP 	probe: autoDraw = False
930.5686 	EXP 	fixation: autoDraw = True
930.5725 	DATA 	Keypress: z
930.7169 	EXP 	Device response: <KeyPress from None: t=930.5609245829983, value=z, duration=0.15225254200049676>
931.5617 	EXP 	line1: autoDraw = True
931.5617 	EXP 	line2: autoDraw = True
931.5617 	EXP 	line3: autoDraw = True
931.5617 	EXP 	line4: autoDraw = True
931.5676 	EXP 	fixation: autoDraw = False
932.5615 	INFO 	Keyboard events cleared
932.5614 	EXP 	probe: autoDraw = True
933.1795 	EXP 	Device response: <KeyPress from None: t=933.1729588330054, value=x, duration=None>
933.1802 	EXP 	New trial (rep=40, index=165): <Trial 165 (165 in rep 40) data={'pos': np.int64(-150), 'corr_resp': 'z', 'thisN': 165, 'thisTrialN': 165, 'thisRepN': 40}>
933.1855 	DATA 	Keypress: x
933.1897 	EXP 	fixation: autoDraw = False
933.1897 	EXP 	line1: autoDraw = False
933.1897 	EXP 	line2: autoDraw = False
933.1897 	EXP 	line3: autoDraw = False
933.1897 	EXP 	line4: autoDraw = False
933.1897 	EXP 	probe: autoDraw = False
933.1897 	EXP 	fixation: autoDraw = True
933.2969 	EXP 	Device response: <KeyPress from None: t=933.1729588330054, value=x, duration=0.11615216699283337>
934.1781 	EXP 	line1: autoDraw = True
934.1781 	EXP 	line2: autoDraw = True
934.1781 	EXP 	line3: autoDraw = True
934.1781 	EXP 	line4: autoDraw = True
934.1830 	EXP 	fixation: autoDraw = False
935.1782 	INFO 	Keyboard events cleared
935.1780 	EXP 	probe: autoDraw = True
935.8293 	EXP 	Device response: <KeyPress from None: t=935.8186764999991, value=z, duration=None>
935.8300 	EXP 	New trial (rep=43, index=166): <Trial 166 (166 in rep 43) data={'pos': np.int64(-50), 'corr_resp': 'x', 'thisN': 166, 'thisTrialN': 166, 'thisRepN': 43}>
935.8357 	DATA 	Keypress: z
935.8399 	EXP 	fixation: autoDraw = False
935.8399 	EXP 	line1: autoDraw = False
935.8399 	EXP 	line2: autoDraw = False
935.8399 	EXP 	line3: autoDraw = False
935.8399 	EXP 	line4: autoDraw = False
935.8399 	EXP 	probe: autoDraw = False
935.8399 	EXP 	fixation: autoDraw = True
935.9836 	EXP 	Device response: <KeyPress from None: t=935.8186764999991, value=z, duration=0.16029949999938253>
936.8280 	EXP 	line1: autoDraw = True
936.8280 	EXP 	line2: autoDraw = True
936.8280 	EXP 	line3: autoDraw = True
936.8280 	EXP 	line4: autoDraw = True
936.8322 	EXP 	fixation: autoDraw = False
937.8283 	INFO 	Keyboard events cleared
937.8282 	EXP 	probe: autoDraw = True
938.6458 	EXP 	Device response: <KeyPress from None: t=938.6386574580029, value=x, duration=None>
938.6463 	EXP 	New trial (rep=42, index=167): <Trial 167 (167 in rep 42) data={'pos': np.int64(50), 'corr_resp': 'c', 'thisN': 167, 'thisTrialN': 167, 'thisRepN': 42}>
938.6514 	DATA 	Keypress: x
938.6554 	EXP 	fixation: autoDraw = False
938.6554 	EXP 	line1: autoDraw = False
938.6554 	EXP 	line2: autoDraw = False
938.6554 	EXP 	line3: autoDraw = False
938.6554 	EXP 	line4: autoDraw = False
938.6554 	EXP 	probe: autoDraw = False
938.6554 	EXP 	fixation: autoDraw = True
938.7460 	EXP 	Device response: <KeyPress from None: t=938.6386574580029, value=x, duration=0.10038124999846332>
939.6447 	EXP 	line1: autoDraw = True
939.6447 	EXP 	line2: autoDraw = True
939.6447 	EXP 	line3: autoDraw = True
939.6447 	EXP 	line4: autoDraw = True
939.6489 	EXP 	fixation: autoDraw = False
940.6450 	INFO 	Keyboard events cleared
940.6448 	EXP 	probe: autoDraw = True
941.2960 	EXP 	Device response: <KeyPress from None: t=941.2926772499995, value=c, duration=None>
941.2967 	EXP 	New trial (rep=44, index=168): <Trial 168 (168 in rep 44) data={'pos': np.int64(-50), 'corr_resp': 'x', 'thisN': 168, 'thisTrialN': 168, 'thisRepN': 44}>
941.3014 	EXP 	fixation: autoDraw = False
941.3014 	EXP 	line1: autoDraw = False
941.3014 	EXP 	line2: autoDraw = False
941.3014 	EXP 	line3: autoDraw = False
941.3014 	EXP 	line4: autoDraw = False
941.3014 	EXP 	probe: autoDraw = False
941.3014 	EXP 	fixation: autoDraw = True
941.3053 	DATA 	Keypress: c
941.3792 	EXP 	Device response: <KeyPress from None: t=941.2926772499995, value=c, duration=0.08036070800153539>
942.2946 	EXP 	line1: autoDraw = True
942.2946 	EXP 	line2: autoDraw = True
942.2946 	EXP 	line3: autoDraw = True
942.2946 	EXP 	line4: autoDraw = True
942.2995 	EXP 	fixation: autoDraw = False
943.2948 	INFO 	Keyboard events cleared
943.2947 	EXP 	probe: autoDraw = True
943.9791 	EXP 	Device response: <KeyPress from None: t=943.9755733330021, value=x, duration=None>
943.9797 	EXP 	New trial (rep=41, index=169): <Trial 169 (169 in rep 41) data={'pos': np.int64(-150), 'corr_resp': 'z', 'thisN': 169, 'thisTrialN': 169, 'thisRepN': 41}>
943.9845 	EXP 	fixation: autoDraw = False
943.9845 	EXP 	line1: autoDraw = False
943.9845 	EXP 	line2: autoDraw = False
943.9845 	EXP 	line3: autoDraw = False
943.9845 	EXP 	line4: autoDraw = False
943.9845 	EXP 	probe: autoDraw = False
943.9845 	EXP 	fixation: autoDraw = True
943.9884 	DATA 	Keypress: x
944.0627 	EXP 	Device response: <KeyPress from None: t=943.9755733330021, value=x, duration=0.07635270900209434>
944.9779 	EXP 	line1: autoDraw = True
944.9779 	EXP 	line2: autoDraw = True
944.9779 	EXP 	line3: autoDraw = True
944.9779 	EXP 	line4: autoDraw = True
944.9822 	EXP 	fixation: autoDraw = False
945.9782 	INFO 	Keyboard events cleared
945.9780 	EXP 	probe: autoDraw = True
946.9627 	EXP 	Device response: <KeyPress from None: t=946.9575201250045, value=z, duration=None>
946.9635 	EXP 	New trial (rep=45, index=170): <Trial 170 (170 in rep 45) data={'pos': np.int64(-50), 'corr_resp': 'x', 'thisN': 170, 'thisTrialN': 170, 'thisRepN': 45}>
946.9692 	DATA 	Keypress: z
946.9734 	EXP 	fixation: autoDraw = False
946.9734 	EXP 	line1: autoDraw = False
946.9734 	EXP 	line2: autoDraw = False
946.9734 	EXP 	line3: autoDraw = False
946.9734 	EXP 	line4: autoDraw = False
946.9734 	EXP 	probe: autoDraw = False
946.9734 	EXP 	fixation: autoDraw = True
947.1122 	EXP 	Device response: <KeyPress from None: t=946.9575201250045, value=z, duration=0.1443614579984569>
947.9614 	EXP 	line1: autoDraw = True
947.9614 	EXP 	line2: autoDraw = True
947.9614 	EXP 	line3: autoDraw = True
947.9614 	EXP 	line4: autoDraw = True
947.9664 	EXP 	fixation: autoDraw = False
948.9615 	INFO 	Keyboard events cleared
948.9613 	EXP 	probe: autoDraw = True
949.6126 	EXP 	Device response: <KeyPress from None: t=949.6014538329982, value=x, duration=None>
949.6132 	EXP 	New trial (rep=40, index=171): <Trial 171 (171 in rep 40) data={'pos': np.int64(150), 'corr_resp': 'v', 'thisN': 171, 'thisTrialN': 171, 'thisRepN': 40}>
949.6188 	DATA 	Keypress: x
949.6229 	EXP 	fixation: autoDraw = False
949.6229 	EXP 	line1: autoDraw = False
949.6229 	EXP 	line2: autoDraw = False
949.6229 	EXP 	line3: autoDraw = False
949.6229 	EXP 	line4: autoDraw = False
949.6229 	EXP 	probe: autoDraw = False
949.6229 	EXP 	fixation: autoDraw = True
949.6959 	EXP 	Device response: <KeyPress from None: t=949.6014538329982, value=x, duration=0.0843022920016665>
950.6117 	EXP 	line1: autoDraw = True
950.6117 	EXP 	line2: autoDraw = True
950.6117 	EXP 	line3: autoDraw = True
950.6117 	EXP 	line4: autoDraw = True
950.6171 	EXP 	fixation: autoDraw = False
951.6113 	INFO 	Keyboard events cleared
951.6112 	EXP 	probe: autoDraw = True
952.1622 	EXP 	Device response: <KeyPress from None: t=952.1594152079997, value=v, duration=None>
952.1628 	EXP 	New trial (rep=43, index=172): <Trial 172 (172 in rep 43) data={'pos': np.int64(50), 'corr_resp': 'c', 'thisN': 172, 'thisTrialN': 172, 'thisRepN': 43}>
952.1676 	EXP 	fixation: autoDraw = False
952.1676 	EXP 	line1: autoDraw = False
952.1676 	EXP 	line2: autoDraw = False
952.1676 	EXP 	line3: autoDraw = False
952.1676 	EXP 	line4: autoDraw = False
952.1676 	EXP 	probe: autoDraw = False
952.1676 	EXP 	fixation: autoDraw = True
952.1717 	DATA 	Keypress: v
952.2832 	EXP 	Device response: <KeyPress from None: t=952.1594152079997, value=v, duration=0.12034741700335871>
953.1614 	EXP 	line1: autoDraw = True
953.1614 	EXP 	line2: autoDraw = True
953.1614 	EXP 	line3: autoDraw = True
953.1614 	EXP 	line4: autoDraw = True
953.1663 	EXP 	fixation: autoDraw = False
954.1613 	INFO 	Keyboard events cleared
954.1612 	EXP 	probe: autoDraw = True
954.6455 	EXP 	Device response: <KeyPress from None: t=954.6423046670025, value=c, duration=None>
954.6462 	EXP 	New trial (rep=46, index=173): <Trial 173 (173 in rep 46) data={'pos': np.int64(-50), 'corr_resp': 'x', 'thisN': 173, 'thisTrialN': 173, 'thisRepN': 46}>
954.6514 	EXP 	fixation: autoDraw = False
954.6514 	EXP 	line1: autoDraw = False
954.6514 	EXP 	line2: autoDraw = False
954.6514 	EXP 	line3: autoDraw = False
954.6514 	EXP 	line4: autoDraw = False
954.6514 	EXP 	probe: autoDraw = False
954.6514 	EXP 	fixation: autoDraw = True
954.6554 	DATA 	Keypress: c
954.7456 	EXP 	Device response: <KeyPress from None: t=954.6423046670025, value=c, duration=0.09232920799695421>
955.6446 	EXP 	line1: autoDraw = True
955.6446 	EXP 	line2: autoDraw = True
955.6446 	EXP 	line3: autoDraw = True
955.6446 	EXP 	line4: autoDraw = True
955.6494 	EXP 	fixation: autoDraw = False
956.6446 	INFO 	Keyboard events cleared
956.6445 	EXP 	probe: autoDraw = True
957.1124 	EXP 	Device response: <KeyPress from None: t=957.1063876670014, value=x, duration=None>
957.1131 	EXP 	New trial (rep=41, index=174): <Trial 174 (174 in rep 41) data={'pos': np.int64(150), 'corr_resp': 'v', 'thisN': 174, 'thisTrialN': 174, 'thisRepN': 41}>
957.1190 	DATA 	Keypress: x
957.1231 	EXP 	fixation: autoDraw = False
957.1231 	EXP 	line1: autoDraw = False
957.1231 	EXP 	line2: autoDraw = False
957.1231 	EXP 	line3: autoDraw = False
957.1231 	EXP 	line4: autoDraw = False
957.1231 	EXP 	probe: autoDraw = False
957.1231 	EXP 	fixation: autoDraw = True
957.2792 	EXP 	Device response: <KeyPress from None: t=957.1063876670014, value=x, duration=0.16017899999860674>
958.1116 	EXP 	line1: autoDraw = True
958.1116 	EXP 	line2: autoDraw = True
958.1116 	EXP 	line3: autoDraw = True
958.1116 	EXP 	line4: autoDraw = True
958.1173 	EXP 	fixation: autoDraw = False
959.1113 	INFO 	Keyboard events cleared
959.1112 	EXP 	probe: autoDraw = True
959.4958 	EXP 	Device response: <KeyPress from None: t=959.491240000003, value=v, duration=None>
959.4964 	EXP 	New trial (rep=47, index=175): <Trial 175 (175 in rep 47) data={'pos': np.int64(-50), 'corr_resp': 'x', 'thisN': 175, 'thisTrialN': 175, 'thisRepN': 47}>
959.5010 	EXP 	fixation: autoDraw = False
959.5010 	EXP 	line1: autoDraw = False
959.5010 	EXP 	line2: autoDraw = False
959.5010 	EXP 	line3: autoDraw = False
959.5010 	EXP 	line4: autoDraw = False
959.5010 	EXP 	probe: autoDraw = False
959.5010 	EXP 	fixation: autoDraw = True
959.5048 	DATA 	Keypress: v
959.5957 	EXP 	Device response: <KeyPress from None: t=959.491240000003, value=v, duration=0.10036737500195159>
960.4947 	EXP 	line1: autoDraw = True
960.4947 	EXP 	line2: autoDraw = True
960.4947 	EXP 	line3: autoDraw = True
960.4947 	EXP 	line4: autoDraw = True
960.4996 	EXP 	fixation: autoDraw = False
961.4947 	INFO 	Keyboard events cleared
961.4946 	EXP 	probe: autoDraw = True
962.0509 	EXP 	Device response: <KeyPress from None: t=962.0452290829999, value=x, duration=None>
962.0513 	EXP 	New trial (rep=42, index=176): <Trial 176 (176 in rep 42) data={'pos': np.int64(150), 'corr_resp': 'v', 'thisN': 176, 'thisTrialN': 176, 'thisRepN': 42}>
962.0566 	DATA 	Keypress: x
962.0609 	EXP 	fixation: autoDraw = False
962.0609 	EXP 	line1: autoDraw = False
962.0609 	EXP 	line2: autoDraw = False
962.0609 	EXP 	line3: autoDraw = False
962.0609 	EXP 	line4: autoDraw = False
962.0609 	EXP 	probe: autoDraw = False
962.0609 	EXP 	fixation: autoDraw = True
962.1497 	EXP 	Device response: <KeyPress from None: t=962.0452290829999, value=x, duration=0.10027295900363242>
963.0495 	EXP 	fixation: autoDraw = False
963.0495 	EXP 	line1: autoDraw = True
963.0495 	EXP 	line2: autoDraw = True
963.0495 	EXP 	line3: autoDraw = True
963.0495 	EXP 	line4: autoDraw = True
964.0500 	INFO 	Keyboard events cleared
964.0498 	EXP 	probe: autoDraw = True
964.5174 	EXP 	Device response: <KeyPress from None: t=964.5131493330045, value=v, duration=None>
964.5179 	EXP 	New trial (rep=44, index=177): <Trial 177 (177 in rep 44) data={'pos': np.int64(50), 'corr_resp': 'c', 'thisN': 177, 'thisTrialN': 177, 'thisRepN': 44}>
964.5231 	DATA 	Keypress: v
964.5274 	EXP 	fixation: autoDraw = False
964.5274 	EXP 	line1: autoDraw = False
964.5274 	EXP 	line2: autoDraw = False
964.5274 	EXP 	line3: autoDraw = False
964.5274 	EXP 	line4: autoDraw = False
964.5274 	EXP 	probe: autoDraw = False
964.5274 	EXP 	fixation: autoDraw = True
964.6124 	EXP 	Device response: <KeyPress from None: t=964.5131493330045, value=v, duration=0.0963033749940223>
965.5165 	EXP 	fixation: autoDraw = False
965.5165 	EXP 	line1: autoDraw = True
965.5165 	EXP 	line2: autoDraw = True
965.5165 	EXP 	line3: autoDraw = True
965.5165 	EXP 	line4: autoDraw = True
966.5168 	INFO 	Keyboard events cleared
966.5166 	EXP 	probe: autoDraw = True
967.1616 	EXP 	Device response: <KeyPress from None: t=967.1572813750026, value=c, duration=None>
967.1619 	EXP 	New trial (rep=43, index=178): <Trial 178 (178 in rep 43) data={'pos': np.int64(150), 'corr_resp': 'v', 'thisN': 178, 'thisTrialN': 178, 'thisRepN': 43}>
967.1660 	EXP 	fixation: autoDraw = False
967.1660 	EXP 	line1: autoDraw = False
967.1660 	EXP 	line2: autoDraw = False
967.1660 	EXP 	line3: autoDraw = False
967.1660 	EXP 	line4: autoDraw = False
967.1660 	EXP 	probe: autoDraw = False
967.1660 	EXP 	fixation: autoDraw = True
967.1684 	DATA 	Keypress: c
967.3123 	EXP 	Device response: <KeyPress from None: t=967.1572813750026, value=c, duration=0.14817891699931351>
968.1497 	EXP 	line1: autoDraw = True
968.1497 	EXP 	line2: autoDraw = True
968.1497 	EXP 	line3: autoDraw = True
968.1497 	EXP 	line4: autoDraw = True
968.1613 	EXP 	fixation: autoDraw = False
969.1501 	INFO 	Keyboard events cleared
969.1499 	EXP 	probe: autoDraw = True
969.6174 	EXP 	Device response: <KeyPress from None: t=969.6149943749988, value=v, duration=None>
969.6178 	EXP 	New trial (rep=45, index=179): <Trial 179 (179 in rep 45) data={'pos': np.int64(50), 'corr_resp': 'c', 'thisN': 179, 'thisTrialN': 179, 'thisRepN': 45}>
969.6228 	DATA 	Keypress: v
969.6269 	EXP 	fixation: autoDraw = False
969.6269 	EXP 	line1: autoDraw = False
969.6269 	EXP 	line2: autoDraw = False
969.6269 	EXP 	line3: autoDraw = False
969.6269 	EXP 	line4: autoDraw = False
969.6269 	EXP 	probe: autoDraw = False
969.6269 	EXP 	fixation: autoDraw = True
969.6950 	EXP 	Device response: <KeyPress from None: t=969.6149943749988, value=v, duration=0.0763632080052048>
970.6159 	EXP 	fixation: autoDraw = False
970.6159 	EXP 	line1: autoDraw = True
970.6159 	EXP 	line2: autoDraw = True
970.6159 	EXP 	line3: autoDraw = True
970.6159 	EXP 	line4: autoDraw = True
971.6171 	INFO 	Keyboard events cleared
971.6170 	EXP 	probe: autoDraw = True
972.2458 	EXP 	Device response: <KeyPress from None: t=972.2379499169983, value=c, duration=None>
972.2463 	EXP 	New trial (rep=44, index=180): <Trial 180 (180 in rep 44) data={'pos': np.int64(150), 'corr_resp': 'v', 'thisN': 180, 'thisTrialN': 180, 'thisRepN': 44}>
972.2518 	DATA 	Keypress: c
972.2560 	EXP 	fixation: autoDraw = False
972.2560 	EXP 	line1: autoDraw = False
972.2560 	EXP 	line2: autoDraw = False
972.2560 	EXP 	line3: autoDraw = False
972.2560 	EXP 	line4: autoDraw = False
972.2560 	EXP 	probe: autoDraw = False
972.2560 	EXP 	fixation: autoDraw = True
972.3327 	EXP 	Device response: <KeyPress from None: t=972.2379499169983, value=c, duration=0.09223633300280198>
973.2445 	EXP 	line1: autoDraw = True
973.2445 	EXP 	line2: autoDraw = True
973.2445 	EXP 	line3: autoDraw = True
973.2445 	EXP 	line4: autoDraw = True
973.2489 	EXP 	fixation: autoDraw = False
974.2447 	INFO 	Keyboard events cleared
974.2445 	EXP 	probe: autoDraw = True
974.6288 	EXP 	Device response: <KeyPress from None: t=974.6259414579981, value=v, duration=None>
974.6293 	EXP 	New trial (rep=42, index=181): <Trial 181 (181 in rep 42) data={'pos': np.int64(-150), 'corr_resp': 'z', 'thisN': 181, 'thisTrialN': 181, 'thisRepN': 42}>
974.6349 	EXP 	fixation: autoDraw = False
974.6349 	EXP 	line1: autoDraw = False
974.6349 	EXP 	line2: autoDraw = False
974.6349 	EXP 	line3: autoDraw = False
974.6349 	EXP 	line4: autoDraw = False
974.6349 	EXP 	probe: autoDraw = False
974.6349 	EXP 	fixation: autoDraw = True
974.6388 	DATA 	Keypress: v
974.7457 	EXP 	Device response: <KeyPress from None: t=974.6259414579981, value=v, duration=0.11227266700007021>
975.6283 	EXP 	line1: autoDraw = True
975.6283 	EXP 	line2: autoDraw = True
975.6283 	EXP 	line3: autoDraw = True
975.6283 	EXP 	line4: autoDraw = True
975.6333 	EXP 	fixation: autoDraw = False
976.6278 	INFO 	Keyboard events cleared
976.6277 	EXP 	probe: autoDraw = True
977.1956 	EXP 	Device response: <KeyPress from None: t=977.1898271669997, value=z, duration=None>
977.1963 	EXP 	New trial (rep=43, index=182): <Trial 182 (182 in rep 43) data={'pos': np.int64(-150), 'corr_resp': 'z', 'thisN': 182, 'thisTrialN': 182, 'thisRepN': 43}>
977.2023 	DATA 	Keypress: z
977.2067 	EXP 	fixation: autoDraw = False
977.2067 	EXP 	line1: autoDraw = False
977.2067 	EXP 	line2: autoDraw = False
977.2067 	EXP 	line3: autoDraw = False
977.2067 	EXP 	line4: autoDraw = False
977.2067 	EXP 	probe: autoDraw = False
977.2067 	EXP 	fixation: autoDraw = True
977.3458 	EXP 	Device response: <KeyPress from None: t=977.1898271669997, value=z, duration=0.14435975000378676>
978.1944 	EXP 	line1: autoDraw = True
978.1944 	EXP 	line2: autoDraw = True
978.1944 	EXP 	line3: autoDraw = True
978.1944 	EXP 	line4: autoDraw = True
978.1994 	EXP 	fixation: autoDraw = False
979.1945 	INFO 	Keyboard events cleared
979.1943 	EXP 	probe: autoDraw = True
979.7958 	EXP 	Device response: <KeyPress from None: t=979.7837035420016, value=z, duration=None>
979.7966 	EXP 	New trial (rep=45, index=183): <Trial 183 (183 in rep 45) data={'pos': np.int64(150), 'corr_resp': 'v', 'thisN': 183, 'thisTrialN': 183, 'thisRepN': 45}>
979.8028 	DATA 	Keypress: z
979.8070 	EXP 	fixation: autoDraw = False
979.8070 	EXP 	line1: autoDraw = False
979.8070 	EXP 	line2: autoDraw = False
979.8070 	EXP 	line3: autoDraw = False
979.8070 	EXP 	line4: autoDraw = False
979.8070 	EXP 	probe: autoDraw = False
979.8070 	EXP 	fixation: autoDraw = True
979.9291 	EXP 	Device response: <KeyPress from None: t=979.7837035420016, value=z, duration=0.14034629100206075>
980.7945 	EXP 	line1: autoDraw = True
980.7945 	EXP 	line2: autoDraw = True
980.7945 	EXP 	line3: autoDraw = True
980.7945 	EXP 	line4: autoDraw = True
980.8000 	EXP 	fixation: autoDraw = False
981.7942 	INFO 	Keyboard events cleared
981.7942 	EXP 	probe: autoDraw = True
982.2123 	EXP 	Device response: <KeyPress from None: t=982.2006888750038, value=v, duration=None>
982.2129 	EXP 	New trial (rep=46, index=184): <Trial 184 (184 in rep 46) data={'pos': np.int64(50), 'corr_resp': 'c', 'thisN': 184, 'thisTrialN': 184, 'thisRepN': 46}>
982.2195 	DATA 	Keypress: v
982.2236 	EXP 	fixation: autoDraw = False
982.2236 	EXP 	line1: autoDraw = False
982.2236 	EXP 	line2: autoDraw = False
982.2236 	EXP 	line3: autoDraw = False
982.2236 	EXP 	line4: autoDraw = False
982.2236 	EXP 	probe: autoDraw = False
982.2236 	EXP 	fixation: autoDraw = True
982.2953 	EXP 	Device response: <KeyPress from None: t=982.2006888750038, value=v, duration=0.08834566699806601>
983.2112 	EXP 	line1: autoDraw = True
983.2112 	EXP 	line2: autoDraw = True
983.2112 	EXP 	line3: autoDraw = True
983.2112 	EXP 	line4: autoDraw = True
983.2170 	EXP 	fixation: autoDraw = False
984.2112 	INFO 	Keyboard events cleared
984.2110 	EXP 	probe: autoDraw = True
984.6011 	EXP 	Device response: <KeyPress from None: t=984.5956609999994, value=c, duration=None>
984.6015 	EXP 	New trial (rep=47, index=185): <Trial 185 (185 in rep 47) data={'pos': np.int64(50), 'corr_resp': 'c', 'thisN': 185, 'thisTrialN': 185, 'thisRepN': 47}>
984.6069 	DATA 	Keypress: c
984.6279 	EXP 	fixation: autoDraw = False
984.6279 	EXP 	line1: autoDraw = False
984.6279 	EXP 	line2: autoDraw = False
984.6279 	EXP 	line3: autoDraw = False
984.6279 	EXP 	line4: autoDraw = False
984.6279 	EXP 	probe: autoDraw = False
984.6279 	EXP 	fixation: autoDraw = True
984.6790 	EXP 	Device response: <KeyPress from None: t=984.5956609999994, value=c, duration=0.07642783300252631>
985.5994 	EXP 	line1: autoDraw = True
985.5994 	EXP 	line2: autoDraw = True
985.5994 	EXP 	line3: autoDraw = True
985.5994 	EXP 	line4: autoDraw = True
985.6163 	EXP 	fixation: autoDraw = False
986.6012 	INFO 	Keyboard events cleared
986.6010 	EXP 	probe: autoDraw = True
987.2505 	EXP 	Device response: <KeyPress from None: t=987.2475535830017, value=c, duration=None>
987.2510 	EXP 	New trial (rep=48, index=186): <Trial 186 (186 in rep 48) data={'pos': np.int64(-50), 'corr_resp': 'x', 'thisN': 186, 'thisTrialN': 186, 'thisRepN': 48}>
987.2564 	DATA 	Keypress: c
987.2607 	EXP 	fixation: autoDraw = False
987.2607 	EXP 	line1: autoDraw = False
987.2607 	EXP 	line2: autoDraw = False
987.2607 	EXP 	line3: autoDraw = False
987.2607 	EXP 	line4: autoDraw = False
987.2607 	EXP 	probe: autoDraw = False
987.2607 	EXP 	fixation: autoDraw = True
987.3457 	EXP 	Device response: <KeyPress from None: t=987.2475535830017, value=c, duration=0.09248895900236676>
988.2498 	EXP 	fixation: autoDraw = False
988.2498 	EXP 	line1: autoDraw = True
988.2498 	EXP 	line2: autoDraw = True
988.2498 	EXP 	line3: autoDraw = True
988.2498 	EXP 	line4: autoDraw = True
989.2505 	INFO 	Keyboard events cleared
989.2503 	EXP 	probe: autoDraw = True
989.8669 	EXP 	Device response: <KeyPress from None: t=989.8655841250002, value=x, duration=None>
989.8673 	EXP 	New trial (rep=44, index=187): <Trial 187 (187 in rep 44) data={'pos': np.int64(-150), 'corr_resp': 'z', 'thisN': 187, 'thisTrialN': 187, 'thisRepN': 44}>
989.8735 	DATA 	Keypress: x
989.8945 	EXP 	fixation: autoDraw = False
989.8945 	EXP 	line1: autoDraw = False
989.8945 	EXP 	line2: autoDraw = False
989.8945 	EXP 	line3: autoDraw = False
989.8945 	EXP 	line4: autoDraw = False
989.8945 	EXP 	probe: autoDraw = False
989.8945 	EXP 	fixation: autoDraw = True
989.9675 	EXP 	Device response: <KeyPress from None: t=989.8655841250002, value=x, duration=0.09628079200047068>
990.8660 	EXP 	line1: autoDraw = True
990.8660 	EXP 	line2: autoDraw = True
990.8660 	EXP 	line3: autoDraw = True
990.8660 	EXP 	line4: autoDraw = True
990.8828 	EXP 	fixation: autoDraw = False
991.8667 	INFO 	Keyboard events cleared
991.8666 	EXP 	probe: autoDraw = True
992.7788 	EXP 	Device response: <KeyPress from None: t=992.7754985420033, value=z, duration=None>
992.7795 	EXP 	New trial (rep=46, index=188): <Trial 188 (188 in rep 46) data={'pos': np.int64(150), 'corr_resp': 'v', 'thisN': 188, 'thisTrialN': 188, 'thisRepN': 46}>
992.7845 	EXP 	fixation: autoDraw = False
992.7845 	EXP 	line1: autoDraw = False
992.7845 	EXP 	line2: autoDraw = False
992.7845 	EXP 	line3: autoDraw = False
992.7845 	EXP 	line4: autoDraw = False
992.7845 	EXP 	probe: autoDraw = False
992.7845 	EXP 	fixation: autoDraw = True
992.7884 	DATA 	Keypress: z
992.9289 	EXP 	Device response: <KeyPress from None: t=992.7754985420033, value=z, duration=0.14427224999963073>
993.7775 	EXP 	line1: autoDraw = True
993.7775 	EXP 	line2: autoDraw = True
993.7775 	EXP 	line3: autoDraw = True
993.7775 	EXP 	line4: autoDraw = True
993.7824 	EXP 	fixation: autoDraw = False
994.7777 	INFO 	Keyboard events cleared
994.7775 	EXP 	probe: autoDraw = True
995.3286 	EXP 	Device response: <KeyPress from None: t=995.3164165830021, value=v, duration=None>
995.3291 	EXP 	New trial (rep=45, index=189): <Trial 189 (189 in rep 45) data={'pos': np.int64(-150), 'corr_resp': 'z', 'thisN': 189, 'thisTrialN': 189, 'thisRepN': 45}>
995.3343 	DATA 	Keypress: v
995.3386 	EXP 	fixation: autoDraw = False
995.3386 	EXP 	line1: autoDraw = False
995.3386 	EXP 	line2: autoDraw = False
995.3386 	EXP 	line3: autoDraw = False
995.3386 	EXP 	line4: autoDraw = False
995.3386 	EXP 	probe: autoDraw = False
995.3386 	EXP 	fixation: autoDraw = True
995.4288 	EXP 	Device response: <KeyPress from None: t=995.3164165830021, value=v, duration=0.10441879199788673>
996.3274 	EXP 	line1: autoDraw = True
996.3274 	EXP 	line2: autoDraw = True
996.3274 	EXP 	line3: autoDraw = True
996.3274 	EXP 	line4: autoDraw = True
996.3315 	EXP 	fixation: autoDraw = False
997.3277 	INFO 	Keyboard events cleared
997.3275 	EXP 	probe: autoDraw = True
998.1335 	EXP 	Device response: <KeyPress from None: t=998.1292180000019, value=z, duration=None>
998.1339 	EXP 	New trial (rep=49, index=190): <Trial 190 (190 in rep 49) data={'pos': np.int64(-50), 'corr_resp': 'x', 'thisN': 190, 'thisTrialN': 190, 'thisRepN': 49}>
998.1392 	DATA 	Keypress: z
998.1435 	EXP 	fixation: autoDraw = False
998.1435 	EXP 	line1: autoDraw = False
998.1435 	EXP 	line2: autoDraw = False
998.1435 	EXP 	line3: autoDraw = False
998.1435 	EXP 	line4: autoDraw = False
998.1435 	EXP 	probe: autoDraw = False
998.1435 	EXP 	fixation: autoDraw = True
998.2827 	EXP 	Device response: <KeyPress from None: t=998.1292180000019, value=z, duration=0.15248270799929742>
999.1326 	EXP 	fixation: autoDraw = False
999.1326 	EXP 	line1: autoDraw = True
999.1326 	EXP 	line2: autoDraw = True
999.1326 	EXP 	line3: autoDraw = True
999.1326 	EXP 	line4: autoDraw = True
1000.1334 	INFO 	Keyboard events cleared
1000.1332 	EXP 	probe: autoDraw = True
1000.7954 	EXP 	Device response: <KeyPress from None: t=1000.792307458003, value=x, duration=None>
1000.7960 	EXP 	New trial (rep=48, index=191): <Trial 191 (191 in rep 48) data={'pos': np.int64(50), 'corr_resp': 'c', 'thisN': 191, 'thisTrialN': 191, 'thisRepN': 48}>
1000.8010 	EXP 	fixation: autoDraw = False
1000.8010 	EXP 	line1: autoDraw = False
1000.8010 	EXP 	line2: autoDraw = False
1000.8010 	EXP 	line3: autoDraw = False
1000.8010 	EXP 	line4: autoDraw = False
1000.8010 	EXP 	probe: autoDraw = False
1000.8010 	EXP 	fixation: autoDraw = True
1000.8051 	DATA 	Keypress: x
1000.8950 	EXP 	Device response: <KeyPress from None: t=1000.792307458003, value=x, duration=0.10033987499627983>
1001.7942 	EXP 	line1: autoDraw = True
1001.7942 	EXP 	line2: autoDraw = True
1001.7942 	EXP 	line3: autoDraw = True
1001.7942 	EXP 	line4: autoDraw = True
1001.7992 	EXP 	fixation: autoDraw = False
1002.7942 	INFO 	Keyboard events cleared
1002.7941 	EXP 	probe: autoDraw = True
1003.2834 	EXP 	Device response: <KeyPress from None: t=1003.2781498750046, value=c, duration=None>
1003.2839 	EXP 	New trial (rep=47, index=192): <Trial 192 (192 in rep 47) data={'pos': np.int64(150), 'corr_resp': 'v', 'thisN': 192, 'thisTrialN': 192, 'thisRepN': 47}>
1003.2892 	DATA 	Keypress: c
1003.2935 	EXP 	fixation: autoDraw = False
1003.2935 	EXP 	line1: autoDraw = False
1003.2935 	EXP 	line2: autoDraw = False
1003.2935 	EXP 	line3: autoDraw = False
1003.2935 	EXP 	line4: autoDraw = False
1003.2935 	EXP 	probe: autoDraw = False
1003.2935 	EXP 	fixation: autoDraw = True
1003.3619 	EXP 	Device response: <KeyPress from None: t=1003.2781498750046, value=c, duration=0.08035274999565445>
1004.2834 	EXP 	fixation: autoDraw = False
1004.2834 	EXP 	line1: autoDraw = True
1004.2834 	EXP 	line2: autoDraw = True
1004.2834 	EXP 	line3: autoDraw = True
1004.2834 	EXP 	line4: autoDraw = True
1005.2832 	INFO 	Keyboard events cleared
1005.2830 	EXP 	probe: autoDraw = True
1005.7288 	EXP 	Device response: <KeyPress from None: t=1005.7161539170047, value=v, duration=None>
1005.7294 	EXP 	New trial (rep=46, index=193): <Trial 193 (193 in rep 46) data={'pos': np.int64(-150), 'corr_resp': 'z', 'thisN': 193, 'thisTrialN': 193, 'thisRepN': 46}>
1005.7356 	DATA 	Keypress: v
1005.7397 	EXP 	fixation: autoDraw = False
1005.7397 	EXP 	line1: autoDraw = False
1005.7397 	EXP 	line2: autoDraw = False
1005.7397 	EXP 	line3: autoDraw = False
1005.7397 	EXP 	line4: autoDraw = False
1005.7397 	EXP 	probe: autoDraw = False
1005.7397 	EXP 	fixation: autoDraw = True
1005.8285 	EXP 	Device response: <KeyPress from None: t=1005.7161539170047, value=v, duration=0.1003681250003865>
1006.7274 	EXP 	line1: autoDraw = True
1006.7274 	EXP 	line2: autoDraw = True
1006.7274 	EXP 	line3: autoDraw = True
1006.7274 	EXP 	line4: autoDraw = True
1006.7325 	EXP 	fixation: autoDraw = False
1007.7277 	INFO 	Keyboard events cleared
1007.7275 	EXP 	probe: autoDraw = True
1008.3954 	EXP 	Device response: <KeyPress from None: t=1008.3941122079996, value=z, duration=None>
1008.3960 	EXP 	New trial (rep=47, index=194): <Trial 194 (194 in rep 47) data={'pos': np.int64(-150), 'corr_resp': 'z', 'thisN': 194, 'thisTrialN': 194, 'thisRepN': 47}>
1008.4015 	EXP 	fixation: autoDraw = False
1008.4015 	EXP 	line1: autoDraw = False
1008.4015 	EXP 	line2: autoDraw = False
1008.4015 	EXP 	line3: autoDraw = False
1008.4015 	EXP 	line4: autoDraw = False
1008.4015 	EXP 	probe: autoDraw = False
1008.4015 	EXP 	fixation: autoDraw = True
1008.4057 	DATA 	Keypress: z
1008.5454 	EXP 	Device response: <KeyPress from None: t=1008.3941122079996, value=z, duration=0.14430041699961293>
1009.3941 	EXP 	line1: autoDraw = True
1009.3941 	EXP 	line2: autoDraw = True
1009.3941 	EXP 	line3: autoDraw = True
1009.3941 	EXP 	line4: autoDraw = True
1009.3990 	EXP 	fixation: autoDraw = False
1010.3944 	INFO 	Keyboard events cleared
1010.3942 	EXP 	probe: autoDraw = True
1010.9997 	EXP 	Device response: <KeyPress from None: t=1010.9980002500015, value=z, duration=None>
1011.0001 	EXP 	New trial (rep=48, index=195): <Trial 195 (195 in rep 48) data={'pos': np.int64(150), 'corr_resp': 'v', 'thisN': 195, 'thisTrialN': 195, 'thisRepN': 48}>
1011.0056 	DATA 	Keypress: z
1011.0100 	EXP 	fixation: autoDraw = False
1011.0100 	EXP 	line1: autoDraw = False
1011.0100 	EXP 	line2: autoDraw = False
1011.0100 	EXP 	line3: autoDraw = False
1011.0100 	EXP 	line4: autoDraw = False
1011.0100 	EXP 	probe: autoDraw = False
1011.0100 	EXP 	fixation: autoDraw = True
1011.1287 	EXP 	Device response: <KeyPress from None: t=1010.9980002500015, value=z, duration=0.124436208003317>
1011.9941 	EXP 	line1: autoDraw = True
1011.9941 	EXP 	line2: autoDraw = True
1011.9941 	EXP 	line3: autoDraw = True
1011.9941 	EXP 	line4: autoDraw = True
1011.9991 	EXP 	fixation: autoDraw = False
1013.0004 	INFO 	Keyboard events cleared
1013.0003 	EXP 	probe: autoDraw = True
1013.8663 	EXP 	Device response: <KeyPress from None: t=1013.8610111250018, value=v, duration=None>
1013.8668 	EXP 	New trial (rep=49, index=196): <Trial 196 (196 in rep 49) data={'pos': np.int64(50), 'corr_resp': 'c', 'thisN': 196, 'thisTrialN': 196, 'thisRepN': 49}>
1013.8721 	DATA 	Keypress: v
1013.8766 	EXP 	fixation: autoDraw = False
1013.8766 	EXP 	line1: autoDraw = False
1013.8766 	EXP 	line2: autoDraw = False
1013.8766 	EXP 	line3: autoDraw = False
1013.8766 	EXP 	line4: autoDraw = False
1013.8766 	EXP 	probe: autoDraw = False
1013.8766 	EXP 	fixation: autoDraw = True
1013.9455 	EXP 	Device response: <KeyPress from None: t=1013.8610111250018, value=v, duration=0.07623941700148862>
1014.8657 	EXP 	fixation: autoDraw = False
1014.8657 	EXP 	line1: autoDraw = True
1014.8657 	EXP 	line2: autoDraw = True
1014.8657 	EXP 	line3: autoDraw = True
1014.8657 	EXP 	line4: autoDraw = True
1015.8606 	INFO 	Keyboard events cleared
1015.8605 	EXP 	probe: autoDraw = True
1016.3998 	EXP 	Device response: <KeyPress from None: t=1016.3949359580001, value=c, duration=None>
1016.4001 	EXP 	New trial (rep=48, index=197): <Trial 197 (197 in rep 48) data={'pos': np.int64(-150), 'corr_resp': 'z', 'thisN': 197, 'thisTrialN': 197, 'thisRepN': 48}>
1016.4025 	DATA 	Keypress: c
1016.4106 	EXP 	fixation: autoDraw = False
1016.4106 	EXP 	line1: autoDraw = False
1016.4106 	EXP 	line2: autoDraw = False
1016.4106 	EXP 	line3: autoDraw = False
1016.4106 	EXP 	line4: autoDraw = False
1016.4106 	EXP 	probe: autoDraw = False
1016.4106 	EXP 	fixation: autoDraw = True
1016.4779 	EXP 	Device response: <KeyPress from None: t=1016.3949359580001, value=c, duration=0.08027299999957904>
1017.3990 	EXP 	fixation: autoDraw = False
1017.3990 	EXP 	line1: autoDraw = True
1017.3990 	EXP 	line2: autoDraw = True
1017.3990 	EXP 	line3: autoDraw = True
1017.3990 	EXP 	line4: autoDraw = True
1018.3999 	INFO 	Keyboard events cleared
1018.3998 	EXP 	probe: autoDraw = True
1018.9287 	EXP 	Device response: <KeyPress from None: t=1018.9168738330045, value=z, duration=None>
1018.9294 	EXP 	New trial (rep=49, index=198): <Trial 198 (198 in rep 49) data={'pos': np.int64(-150), 'corr_resp': 'z', 'thisN': 198, 'thisTrialN': 198, 'thisRepN': 49}>
1018.9353 	DATA 	Keypress: z
1018.9395 	EXP 	fixation: autoDraw = False
1018.9395 	EXP 	line1: autoDraw = False
1018.9395 	EXP 	line2: autoDraw = False
1018.9395 	EXP 	line3: autoDraw = False
1018.9395 	EXP 	line4: autoDraw = False
1018.9395 	EXP 	probe: autoDraw = False
1018.9395 	EXP 	fixation: autoDraw = True
1019.0451 	EXP 	Device response: <KeyPress from None: t=1018.9168738330045, value=z, duration=0.1206048749954789>
1019.9273 	EXP 	line1: autoDraw = True
1019.9273 	EXP 	line2: autoDraw = True
1019.9273 	EXP 	line3: autoDraw = True
1019.9273 	EXP 	line4: autoDraw = True
1019.9321 	EXP 	fixation: autoDraw = False
1020.9278 	INFO 	Keyboard events cleared
1020.9276 	EXP 	probe: autoDraw = True
1021.5837 	EXP 	Device response: <KeyPress from None: t=1021.5778343749989, value=z, duration=None>
1021.5841 	EXP 	New trial (rep=49, index=199): <Trial 199 (199 in rep 49) data={'pos': np.int64(150), 'corr_resp': 'v', 'thisN': 199, 'thisTrialN': 199, 'thisRepN': 49}>
1021.5903 	DATA 	Keypress: z
1021.6109 	EXP 	fixation: autoDraw = False
1021.6109 	EXP 	line1: autoDraw = False
1021.6109 	EXP 	line2: autoDraw = False
1021.6109 	EXP 	line3: autoDraw = False
1021.6109 	EXP 	line4: autoDraw = False
1021.6109 	EXP 	probe: autoDraw = False
1021.6109 	EXP 	fixation: autoDraw = True
1021.7286 	EXP 	Device response: <KeyPress from None: t=1021.5778343749989, value=z, duration=0.14023987499967916>
1022.5825 	EXP 	line1: autoDraw = True
1022.5825 	EXP 	line2: autoDraw = True
1022.5825 	EXP 	line3: autoDraw = True
1022.5825 	EXP 	line4: autoDraw = True
1022.5988 	EXP 	fixation: autoDraw = False
1023.5833 	INFO 	Keyboard events cleared
1023.5831 	EXP 	probe: autoDraw = True
1024.0660 	EXP 	Device response: <KeyPress from None: t=1024.0647611669992, value=v, duration=None>
1024.0774 	EXP 	fixation: autoDraw = False
1024.0774 	EXP 	line1: autoDraw = False
1024.0774 	EXP 	line2: autoDraw = False
1024.0774 	EXP 	line3: autoDraw = False
1024.0774 	EXP 	line4: autoDraw = False
1024.0774 	EXP 	probe: autoDraw = False
1024.0776 	EXP 	Motor Sequential Learning: status = STOPPED
1024.1809 	INFO 	saved data to '/Users/vineesmacbook/Desktop/PsychoPy/Motor Sequential Learning/data/02_Motor Sequential Learning_2025-10-02_10h23.27.958.csv'
1024.1854 	INFO 	saved data to /Users/vineesmacbook/Desktop/PsychoPy/Motor Sequential Learning/data/02_Motor Sequential Learning_2025-10-02_10h23.27.958.psydat
1024.1870 	DATA 	Keypress: v
1024.3409 	WARNING 	Stopping key buffers but this could be dangerous ifother keyboards rely on the same.
1024.3410 	WARNING 	Stopping key buffers but this could be dangerous ifother keyboards rely on the same.
