pos,corr_resp,thisN,thisTrialN,thisRepN,key_resp.keys,key_resp.corr,key_resp.rt,key_resp.duration,trials.thisRepN,trials.thisTrialN,trials.thisN,trials.thisIndex,trials_2.thisRepN,trials_2.thisTrialN,trials_2.thisN,trials_2.thisIndex,thisRow.t,notes,trial.started,fixation.started,line1.started,line2.started,line3.started,line4.started,fixation.stopped,probe.started,key_resp.started,trial.stopped,trials.key_resp.keys,trials.key_resp.corr,trials.key_resp.rt,trials.key_resp.duration,trials_2.key_resp.keys,trials_2.key_resp.corr,trials_2.key_resp.rt,trials_2.key_resp.duration,participant,session,date,expName,expVersion,psychopyVersion,frameRate,expStart,
-50,x,0,0,0,x,1,0.5655426250013988,None,0,0,0,0,,,,,0.04357462500047404,,0.025388249996467493,0.04357462500047404,1.0104288750007981,1.0104288750007981,1.0104288750007981,1.0104288750007981,1.0423890419915551,1.9973509580013342,1.9973509580013342,2.8840333330008434,x,1,0.5655426250013988,None,,,,,952509,03,2025-10-02_17h52.05.425,Motor Sequential Learning,,2025.1.1,None,2025-10-02 17h52.13.045488 +0530,
150,v,1,1,0,v,1,0.5262825419922592,None,0,1,1,1,,,,,2.8975534170022,,2.8843279580032686,2.8975534170022,3.878334042005008,3.878334042005008,3.878334042005008,3.878334042005008,3.8936279579938855,4.878574000002118,4.878574000002118,5.4069926669908455,v,1,0.5262825419922592,None,,,,,952509,03,2025-10-02_17h52.05.425,Motor Sequential Learning,,2025.1.1,None,2025-10-02 17h52.13.045488 +0530,
50,c,2,2,0,c,1,0.46028054199996404,None,0,2,2,2,,,,,5.412659624998923,,5.407760832997155,5.412659624998923,6.405640957993455,6.405640957993455,6.405640957993455,6.405640957993455,6.411562583001796,7.4055213749961695,7.4055213749961695,7.873660083001596,c,1,0.46028054199996404,None,,,,,952509,03,2025-10-02_17h52.05.425,Motor Sequential Learning,,2025.1.1,None,2025-10-02 17h52.13.045488 +0530,
-150,z,3,3,0,z,1,0.6138553749915445,None,0,3,3,3,,,,,7.882556791999377,,7.874221332996967,7.882556791999377,8.872098291991279,8.872098291991279,8.872098291991279,8.872098291991279,8.877233582999907,9.871994332992472,9.871994332992472,10.490381791998516,z,1,0.6138553749915445,None,,,,,952509,03,2025-10-02_17h52.05.425,Motor Sequential Learning,,2025.1.1,None,2025-10-02 17h52.13.045488 +0530,
-50,x,4,0,1,x,1,0.42988612499902956,None,1,0,4,0,,,,,10.495791583001846,,10.491074624995235,10.495791583001846,11.488788375005242,11.488788375005242,11.488788375005242,11.488788375005242,11.49428466700192,12.4888223750022,12.4888223750022,12.923603749994072,x,1,0.42988612499902956,None,,,,,952509,03,2025-10-02_17h52.05.425,Motor Sequential Learning,,2025.1.1,None,2025-10-02 17h52.13.045488 +0530,
150,v,5,1,1,v,1,0.2655721659975825,None,1,1,5,1,,,,,12.929050207996625,,12.924286583001958,12.929050207996625,13.92223991699575,13.92223991699575,13.92223991699575,13.92223991699575,13.926861582993297,14.92212895800185,14.92212895800185,15.19025362499815,v,1,0.2655721659975825,None,,,,,952509,03,2025-10-02_17h52.05.425,Motor Sequential Learning,,2025.1.1,None,2025-10-02 17h52.13.045488 +0530,
50,c,6,2,1,c,1,0.5527325000002747,None,1,2,6,2,,,,,15.195516749998205,,15.191030292000505,15.195516749998205,16.18893712499994,16.18893712499994,16.18893712499994,16.18893712499994,16.19356245799281,17.188784750003833,17.188784750003833,17.74524274999567,c,1,0.5527325000002747,None,,,,,952509,03,2025-10-02_17h52.05.425,Motor Sequential Learning,,2025.1.1,None,2025-10-02 17h52.13.045488 +0530,
-150,z,7,3,1,z,1,0.4764925420022337,None,1,3,7,3,,,,,17.754922583000734,,17.7457232500019,17.754922583000734,18.744027791995904,18.744027791995904,18.744027791995904,18.744027791995904,18.744027791995904,19.74438841699157,19.74438841699157,20.223345374994096,z,1,0.4764925420022337,None,,,,,952509,03,2025-10-02_17h52.05.425,Motor Sequential Learning,,2025.1.1,None,2025-10-02 17h52.13.045488 +0530,
-50,x,8,0,2,x,1,0.30733787499775644,None,2,0,8,0,,,,,20.227973832996213,,20.223952291999012,20.227973832996213,21.22229449999577,21.22229449999577,21.22229449999577,21.22229449999577,21.22229449999577,22.22207362500194,22.22207362500194,22.540377124998486,x,1,0.30733787499775644,None,,,,,952509,03,2025-10-02_17h52.05.425,Motor Sequential Learning,,2025.1.1,None,2025-10-02 17h52.13.045488 +0530,
150,v,9,1,2,v,1,0.2575832089933101,None,2,1,9,1,,,,,22.5496341669932,,22.541049958002986,22.5496341669932,23.538735082998755,23.538735082998755,23.538735082998755,23.538735082998755,23.544920457992703,24.538827291995403,24.538827291995403,24.80671262499527,v,1,0.2575832089933101,None,,,,,952509,03,2025-10-02_17h52.05.425,Motor Sequential Learning,,2025.1.1,None,2025-10-02 17h52.13.045488 +0530,
50,c,10,2,2,c,1,0.39082437500474043,None,2,2,10,2,,,,,24.815851958002895,,24.807335332996445,24.815851958002895,25.805447874998208,25.805447874998208,25.805447874998208,25.805447874998208,25.810324999998556,26.805435292000766,26.805435292000766,27.206633958005114,c,1,0.39082437500474043,None,,,,,952509,03,2025-10-02_17h52.05.425,Motor Sequential Learning,,2025.1.1,None,2025-10-02 17h52.13.045488 +0530,
-150,z,11,3,2,z,1,0.563935833008145,None,2,3,11,3,,,,,27.215220208003302,,27.207262374999118,27.215220208003302,28.20552708300238,28.20552708300238,28.20552708300238,28.20552708300238,28.210604416992282,29.205374666998978,29.205374666998978,29.773200166993774,z,1,0.563935833008145,None,,,,,952509,03,2025-10-02_17h52.05.425,Motor Sequential Learning,,2025.1.1,None,2025-10-02 17h52.13.045488 +0530,
-50,x,12,0,3,x,1,0.28816170801292174,None,3,0,12,0,,,,,29.77842524999869,,29.7738246670051,29.77842524999869,30.772042249998776,30.772042249998776,30.772042249998776,30.772042249998776,30.77690845799225,31.77194612499443,31.77194612499443,32.06159033300355,x,1,0.28816170801292174,None,,,,,952509,03,2025-10-02_17h52.05.425,Motor Sequential Learning,,2025.1.1,None,2025-10-02 17h52.13.045488 +0530,
150,v,13,1,3,v,1,0.2988809159869561,None,3,1,13,1,,,,,32.07100424999953,,32.062057292001555,32.07100424999953,33.06077083299169,33.06077083299169,33.06077083299169,33.06077083299169,33.06077083299169,34.06149350000487,34.06149350000487,34.36147683300078,v,1,0.2988809159869561,None,,,,,952509,03,2025-10-02_17h52.05.425,Motor Sequential Learning,,2025.1.1,None,2025-10-02 17h52.13.045488 +0530,
50,c,14,2,3,c,1,0.7194671670004027,None,3,2,14,2,,,,,34.37104591699608,,34.36195537500316,34.37104591699608,35.36218333299621,35.36218333299621,35.36218333299621,35.36218333299621,35.36218333299621,36.36161754200293,36.36161754200293,37.09003645800112,c,1,0.7194671670004027,None,,,,,952509,03,2025-10-02_17h52.05.425,Motor Sequential Learning,,2025.1.1,None,2025-10-02 17h52.13.045488 +0530,
-150,z,15,3,3,z,1,0.26239758300653193,None,3,3,15,3,,,,,37.09931733299163,,37.090851332992315,37.09931733299163,38.08871729200473,38.08871729200473,38.08871729200473,38.08871729200473,38.093876208004076,39.08878654199361,39.08878654199361,39.35672075000184,z,1,0.26239758300653193,None,,,,,952509,03,2025-10-02_17h52.05.425,Motor Sequential Learning,,2025.1.1,None,2025-10-02 17h52.13.045488 +0530,
-50,x,16,0,4,x,1,0.2808638749993406,None,4,0,16,0,,,,,39.36619591699855,,39.357421958004124,39.36619591699855,40.35530570799892,40.35530570799892,40.35530570799892,40.35530570799892,40.3601881670038,41.355213957998785,41.355213957998785,41.64034275000449,x,1,0.2808638749993406,None,,,,,952509,03,2025-10-02_17h52.05.425,Motor Sequential Learning,,2025.1.1,None,2025-10-02 17h52.13.045488 +0530,
150,v,17,1,4,v,1,0.2984654169995338,None,4,1,17,1,,,,,41.65073420800036,,41.641172374991584,41.65073420800036,42.63887187499495,42.63887187499495,42.63887187499495,42.63887187499495,42.64420287500252,43.63850962500146,43.63850962500146,43.939429749996634,v,1,0.2984654169995338,None,,,,,952509,03,2025-10-02_17h52.05.425,Motor Sequential Learning,,2025.1.1,None,2025-10-02 17h52.13.045488 +0530,
50,c,18,2,4,c,1,0.30961108300834894,None,4,2,18,2,,,,,43.94368041699636,,43.939803957997356,43.94368041699636,44.92671570800303,44.92671570800303,44.92671570800303,44.92671570800303,44.93848091700056,45.93840887499391,45.93840887499391,46.25601962499786,c,1,0.30961108300834894,None,,,,,952509,03,2025-10-02_17h52.05.425,Motor Sequential Learning,,2025.1.1,None,2025-10-02 17h52.13.045488 +0530,
-150,z,19,3,4,z,1,0.23769637499935925,None,4,3,19,3,,,,,46.26229499999317,,46.25642579200212,46.26229499999317,47.243191332992865,47.243191332992865,47.243191332992865,47.243191332992865,47.25960658300028,48.244204582995735,48.244204582995735,48.48975395799789,z,1,0.23769637499935925,None,,,,,952509,03,2025-10-02_17h52.05.425,Motor Sequential Learning,,2025.1.1,None,2025-10-02 17h52.13.045488 +0530,
-50,x,20,0,5,x,1,0.5063738330063643,None,5,0,20,0,,,,,48.49872916699678,,48.49031333299354,48.49872916699678,49.48852341699239,49.48852341699239,49.48852341699239,49.48852341699239,49.493079624997335,50.48841808299767,50.48841808299767,51.006287500000326,x,1,0.5063738330063643,None,,,,,952509,03,2025-10-02_17h52.05.425,Motor Sequential Learning,,2025.1.1,None,2025-10-02 17h52.13.045488 +0530,
150,v,21,1,5,v,1,0.5517463339929236,None,5,1,21,1,,,,,51.014555166999344,,51.00677433300007,51.014555166999344,52.00523191699176,52.00523191699176,52.00523191699176,52.00523191699176,52.01115833299991,53.00514708299306,53.00514708299306,53.56100558300386,v,1,0.5517463339929236,None,,,,,952509,03,2025-10-02_17h52.05.425,Motor Sequential Learning,,2025.1.1,None,2025-10-02 17h52.13.045488 +0530,
50,c,22,2,5,c,1,0.48261345899663866,None,5,2,22,2,,,,,53.571800958001404,,53.561394207994454,53.571800958001404,54.55985766700178,54.55985766700178,54.55985766700178,54.55985766700178,54.55985766700178,55.559978167002555,55.559978167002555,56.04454737500055,c,1,0.48261345899663866,None,,,,,952509,03,2025-10-02_17h52.05.425,Motor Sequential Learning,,2025.1.1,None,2025-10-02 17h52.13.045488 +0530,
-150,z,23,3,5,z,1,0.4864757500035921,None,5,3,23,3,,,,,56.05509679199895,,56.04495212499751,56.05509679199895,57.04372620799404,57.04372620799404,57.04372620799404,57.04372620799404,57.04372620799404,58.04404404199158,58.04404404199158,58.53936979199352,z,1,0.4864757500035921,None,,,,,952509,03,2025-10-02_17h52.05.425,Motor Sequential Learning,,2025.1.1,None,2025-10-02 17h52.13.045488 +0530,
-50,x,24,0,6,x,1,0.615258999998332,None,6,0,24,0,,,,,58.54600200000277,,58.53984479200153,58.54600200000277,59.527282791998005,59.527282791998005,59.527282791998005,59.527282791998005,59.54347033299564,60.538327667003614,60.538327667003614,61.15654587499739,x,1,0.615258999998332,None,,,,,952509,03,2025-10-02_17h52.05.425,Motor Sequential Learning,,2025.1.1,None,2025-10-02 17h52.13.045488 +0530,
150,v,25,1,6,v,1,0.32648404099745676,None,6,1,25,1,,,,,61.16117545799352,,61.15709033299936,61.16117545799352,62.155155166998156,62.155155166998156,62.155155166998156,62.155155166998156,62.15968079199956,63.15504349999537,63.15504349999537,63.48952558300516,v,1,0.32648404099745676,None,,,,,952509,03,2025-10-02_17h52.05.425,Motor Sequential Learning,,2025.1.1,None,2025-10-02 17h52.13.045488 +0530,
50,c,26,2,6,c,1,0.609811834001448,None,6,2,26,2,,,,,63.4991757079988,,63.49012124999717,63.4991757079988,64.4882687079953,64.4882687079953,64.4882687079953,64.4882687079953,64.49304733300232,65.48855470800481,65.48855470800481,66.10617145799915,c,1,0.609811834001448,None,,,,,952509,03,2025-10-02_17h52.05.425,Motor Sequential Learning,,2025.1.1,None,2025-10-02 17h52.13.045488 +0530,
-150,z,27,3,6,z,1,0.4933655839995481,None,6,3,27,3,,,,,66.1155865000037,,66.10671700000239,66.1155865000037,67.10493050000514,67.10493050000514,67.10493050000514,67.10493050000514,67.1096636250004,68.10500999999931,68.10500999999931,68.60621533299854,z,1,0.4933655839995481,None,,,,,952509,03,2025-10-02_17h52.05.425,Motor Sequential Learning,,2025.1.1,None,2025-10-02 17h52.13.045488 +0530,
-50,x,28,0,7,x,1,0.25321370900201146,None,7,0,28,0,,,,,68.61575524999353,,68.60678308299975,68.61575524999353,69.60506116699253,69.60506116699253,69.60506116699253,69.60506116699253,69.61002370799542,70.60498112499772,70.60498112499772,70.86188391699397,x,1,0.25321370900201146,None,,,,,952509,03,2025-10-02_17h52.05.425,Motor Sequential Learning,,2025.1.1,None,2025-10-02 17h52.13.045488 +0530,
150,v,29,1,7,v,1,0.42234525000094436,None,7,1,29,1,,,,,70.87134499999229,,70.86240283299412,70.87134499999229,71.86040199999115,71.86040199999115,71.86040199999115,71.86040199999115,71.86040199999115,72.86101595799846,72.86101595799846,73.28993654200167,v,1,0.42234525000094436,None,,,,,952509,03,2025-10-02_17h52.05.425,Motor Sequential Learning,,2025.1.1,None,2025-10-02 17h52.13.045488 +0530,
50,c,30,2,7,z,0,0.3660842919925926,None,7,2,30,2,,,,,73.29520245800086,,73.29062862499268,73.29520245800086,74.28839504199277,74.28839504199277,74.28839504199277,74.28839504199277,74.2934484580037,75.28815212499467,75.28815212499467,75.65596054200432,z,0,0.3660842919925926,None,,,,,952509,03,2025-10-02_17h52.05.425,Motor Sequential Learning,,2025.1.1,None,2025-10-02 17h52.13.045488 +0530,
-150,z,31,3,7,z,1,0.5803420000011101,None,7,3,31,3,,,,,75.6602283329994,,75.65638941699581,75.6602283329994,76.65494358299475,76.65494358299475,76.65494358299475,76.65494358299475,76.65494358299475,77.65484254200419,77.65484254200419,78.23946362499555,z,1,0.5803420000011101,None,,,,,952509,03,2025-10-02_17h52.05.425,Motor Sequential Learning,,2025.1.1,None,2025-10-02 17h52.13.045488 +0530,
-50,x,32,0,8,x,1,0.26396708299580496,None,8,0,32,0,,,,,78.24353279199568,,78.24008879199391,78.24353279199568,79.23822383300285,79.23822383300285,79.23822383300285,79.23822383300285,79.23822383300285,80.23815733299125,80.23815733299125,80.50616154199815,x,1,0.26396708299580496,None,,,,,952509,03,2025-10-02_17h52.05.425,Motor Sequential Learning,,2025.1.1,None,2025-10-02 17h52.13.045488 +0530,
150,v,33,1,8,v,1,0.25618662500346545,None,8,1,33,1,,,,,80.51045954199799,,80.50664870800392,80.51045954199799,81.50488387499354,81.50488387499354,81.50488387499354,81.50488387499354,81.50488387499354,82.50478854199173,82.50478854199173,82.7727164579992,v,1,0.25618662500346545,None,,,,,952509,03,2025-10-02_17h52.05.425,Motor Sequential Learning,,2025.1.1,None,2025-10-02 17h52.13.045488 +0530,
50,c,34,2,8,c,1,0.8246091659966623,None,8,2,34,2,,,,,82.78081904200371,,82.7732018329989,82.78081904200371,83.7715419169981,83.7715419169981,83.7715419169981,83.7715419169981,83.77672720799455,84.77144483299344,84.77144483299344,85.60557295799663,c,1,0.8246091659966623,None,,,,,952509,03,2025-10-02_17h52.05.425,Motor Sequential Learning,,2025.1.1,None,2025-10-02 17h52.13.045488 +0530,
-150,z,35,3,8,z,1,0.25941995899484027,None,8,3,35,3,,,,,85.61189966699749,,85.60594112500257,85.61189966699749,86.5937652499997,86.5937652499997,86.5937652499997,86.5937652499997,86.61064524999529,87.59270583299804,87.59270583299804,87.85551662500075,z,1,0.25941995899484027,None,,,,,952509,03,2025-10-02_17h52.05.425,Motor Sequential Learning,,2025.1.1,None,2025-10-02 17h52.13.045488 +0530,
-50,x,36,0,9,x,1,0.27069550000305753,None,9,0,36,0,,,,,87.85976479199599,,87.85585116699804,87.85976479199599,88.84343708299275,88.84343708299275,88.84343708299275,88.84343708299275,88.85501033300534,89.84327337499417,89.84327337499417,90.12264045799384,x,1,0.27069550000305753,None,,,,,952509,03,2025-10-02_17h52.05.425,Motor Sequential Learning,,2025.1.1,None,2025-10-02 17h52.13.045488 +0530,
150,v,37,1,9,v,1,0.02026937500340864,None,9,1,37,1,,,,,90.13098274999356,,90.12317666699528,90.13098274999356,91.12133820800227,91.12133820800227,91.12133820800227,91.12133820800227,91.12505008299195,92.12152616700041,92.12152616700041,92.14464899999439,v,1,0.02026937500340864,None,,,,,952509,03,2025-10-02_17h52.05.425,Motor Sequential Learning,,2025.1.1,None,2025-10-02 17h52.13.045488 +0530,
50,c,38,2,9,c,1,0.4291031249886146,None,9,2,38,2,,,,,92.1538153750007,,92.1451333330042,92.1538153750007,93.14340979199915,93.14340979199915,93.14340979199915,93.14340979199915,93.14340979199915,94.14367700000003,94.14367700000003,94.57757666699763,c,1,0.4291031249886146,None,,,,,952509,03,2025-10-02_17h52.05.425,Motor Sequential Learning,,2025.1.1,None,2025-10-02 17h52.13.045488 +0530,
-150,z,39,3,9,z,1,0.49835791600344237,None,9,3,39,3,,,,,94.5870733329939,,94.57809579199238,94.5870733329939,95.57646324999223,95.57646324999223,95.57646324999223,95.57646324999223,95.57646324999223,96.57634758300264,96.57634758300264,97.07750899999519,z,1,0.49835791600344237,None,,,,,952509,03,2025-10-02_17h52.05.425,Motor Sequential Learning,,2025.1.1,None,2025-10-02 17h52.13.045488 +0530,
-50,x,40,0,10,x,1,0.27193245899979956,None,10,0,40,0,,,,,97.08730491700408,,97.07799770799465,97.08730491700408,98.0763510419929,98.0763510419929,98.0763510419929,98.0763510419929,98.0763510419929,99.07660733300145,99.07660733300145,99.35593375000462,x,1,0.27193245899979956,None,,,,,952509,03,2025-10-02_17h52.05.425,Motor Sequential Learning,,2025.1.1,None,2025-10-02 17h52.13.045488 +0530,
150,v,41,1,10,v,1,0.21804904099553823,None,10,1,41,1,,,,,99.36487554199994,,99.35657062499376,99.36487554199994,100.35454516699247,100.35454516699247,100.35454516699247,100.35454516699247,100.35916158299369,101.35458124999423,101.35458124999423,101.57749583300028,v,1,0.21804904099553823,None,,,,,952509,03,2025-10-02_17h52.05.425,Motor Sequential Learning,,2025.1.1,None,2025-10-02 17h52.13.045488 +0530,
50,c,42,2,10,c,1,0.1842319999996107,None,10,2,42,2,,,,,101.58706412499305,,101.57797583300271,101.58706412499305,102.577048207997,102.577048207997,102.577048207997,102.577048207997,102.577048207997,103.57732495799428,103.57732495799428,103.77281820800272,c,1,0.1842319999996107,None,,,,,952509,03,2025-10-02_17h52.05.425,Motor Sequential Learning,,2025.1.1,None,2025-10-02 17h52.13.045488 +0530,
-150,z,43,3,10,z,1,0.31328466700506397,None,10,3,43,3,,,,,103.78217925000354,,103.77353937500448,103.78217925000354,104.77131266699871,104.77131266699871,104.77131266699871,104.77131266699871,104.7772066250036,105.7711732500029,105.7711732500029,106.08912304199475,z,1,0.31328466700506397,None,,,,,952509,03,2025-10-02_17h52.05.425,Motor Sequential Learning,,2025.1.1,None,2025-10-02 17h52.13.045488 +0530,
-50,x,44,0,11,x,1,0.23154470800363924,None,11,0,44,0,,,,,106.09376366699871,,106.08964033299708,106.09376366699871,107.08804837499338,107.08804837499338,107.08804837499338,107.08804837499338,107.08804837499338,108.08798629199737,108.08798629199737,108.32233083300525,x,1,0.23154470800363924,None,,,,,952509,03,2025-10-02_17h52.05.425,Motor Sequential Learning,,2025.1.1,None,2025-10-02 17h52.13.045488 +0530,
150,v,45,1,11,v,1,0.21432579099200666,None,11,1,45,1,,,,,108.32702662500378,,108.32285625000077,108.32702662500378,109.32122712499404,109.32122712499404,109.32122712499404,109.32122712499404,109.32598420800059,110.3211372079968,110.3211372079968,110.53938004199881,v,1,0.21432579099200666,None,,,,,952509,03,2025-10-02_17h52.05.425,Motor Sequential Learning,,2025.1.1,None,2025-10-02 17h52.13.045488 +0530,
50,c,46,2,11,c,1,0.22940570900391322,None,11,2,46,2,,,,,110.5440807499981,,110.5400425830012,110.5440807499981,111.53789716699976,111.53789716699976,111.53789716699976,111.53789716699976,111.54327670799103,112.53796649999276,112.53796649999276,112.77237320800486,c,1,0.22940570900391322,None,,,,,952509,03,2025-10-02_17h52.05.425,Motor Sequential Learning,,2025.1.1,None,2025-10-02 17h52.13.045488 +0530,
-150,z,47,3,11,z,1,0.061195125002996065,None,11,3,47,3,,,,,112.7764984999958,,112.77283820799494,112.7764984999958,113.7711309580045,113.7711309580045,113.7711309580045,113.7711309580045,113.7711309580045,114.77122341700306,114.77122341700306,114.83867841699976,z,1,0.061195125002996065,None,,,,,952509,03,2025-10-02_17h52.05.425,Motor Sequential Learning,,2025.1.1,None,2025-10-02 17h52.13.045488 +0530,
-50,x,48,0,12,x,1,0.1533459159982158,None,12,0,48,0,,,,,114.84299658300006,,114.839018957995,114.84299658300006,115.82648329199583,115.82648329199583,115.82648329199583,115.82648329199583,115.83776704200136,116.82587470799626,116.82587470799626,116.98880949999148,x,1,0.1533459159982158,None,,,,,952509,03,2025-10-02_17h52.05.425,Motor Sequential Learning,,2025.1.1,None,2025-10-02 17h52.13.045488 +0530,
150,v,49,1,12,v,1,0.048390541996923275,None,12,1,49,1,,,,,116.99568187499244,,116.98921499999415,116.99568187499244,117.98793724999996,117.98793724999996,117.98793724999996,117.98793724999996,117.99390070799564,118.9878347920021,118.9878347920021,119.03925824999169,v,1,0.048390541996923275,None,,,,,952509,03,2025-10-02_17h52.05.425,Motor Sequential Learning,,2025.1.1,None,2025-10-02 17h52.13.045488 +0530,
50,c,50,2,12,c,1,0.2512887080083601,None,12,2,50,2,,,,,119.04348354200192,,119.03971379199356,119.04348354200192,120.03781087500101,120.03781087500101,120.03781087500101,120.03781087500101,120.04193987499457,121.03783162499894,121.03783162499894,121.29234699999506,c,1,0.2512887080083601,None,,,,,952509,03,2025-10-02_17h52.05.425,Motor Sequential Learning,,2025.1.1,None,2025-10-02 17h52.13.045488 +0530,
-150,z,51,3,12,z,1,0.06323045799217653,None,12,3,51,3,,,,,121.30438379199768,,121.29270700000052,121.30438379199768,122.28784316699603,122.28784316699603,122.28784316699603,122.28784316699603,122.29297224999755,123.28794033300073,123.28794033300073,123.3554410420038,z,1,0.06323045799217653,None,,,,,952509,03,2025-10-02_17h52.05.425,Motor Sequential Learning,,2025.1.1,None,2025-10-02 17h52.13.045488 +0530,
-50,x,52,0,13,x,1,0.16962458300986327,None,13,0,52,0,,,,,123.35929891699925,,123.35592466700473,123.35929891699925,124.34238383299089,124.34238383299089,124.34238383299089,124.34238383299089,124.3545029169909,125.3543717499997,125.3543717499997,125.5258682499989,x,1,0.16962458300986327,None,,,,,952509,03,2025-10-02_17h52.05.425,Motor Sequential Learning,,2025.1.1,None,2025-10-02 17h52.13.045488 +0530,
150,v,53,1,13,v,1,0.2546624999959022,None,13,1,53,1,,,,,125.53780516699771,,125.52618608299235,125.53780516699771,126.52105691700126,126.52105691700126,126.52105691700126,126.52105691700126,126.52574579199427,127.52136116700422,127.52136116700422,127.78863666699908,v,1,0.2546624999959022,None,,,,,952509,03,2025-10-02_17h52.05.425,Motor Sequential Learning,,2025.1.1,None,2025-10-02 17h52.13.045488 +0530,
50,c,54,2,13,c,1,0.005133541999384761,None,13,2,54,2,,,,,127.79451104199688,,127.78905416699126,127.79451104199688,128.7749679999979,128.7749679999979,128.7749679999979,128.7749679999979,128.7920844170003,129.78785237499687,129.78785237499687,129.79421795799863,c,1,0.005133541999384761,None,,,,,952509,03,2025-10-02_17h52.05.425,Motor Sequential Learning,,2025.1.1,None,2025-10-02 17h52.13.045488 +0530,
-150,z,55,3,13,z,1,0.35780412500025705,None,13,3,55,3,,,,,129.80465120800363,,129.7946141249995,129.80465120800363,130.7930219580012,130.7930219580012,130.7930219580012,130.7930219580012,130.7930219580012,131.79303499999514,131.79303499999514,132.15540908300318,z,1,0.35780412500025705,None,,,,,952509,03,2025-10-02_17h52.05.425,Motor Sequential Learning,,2025.1.1,None,2025-10-02 17h52.13.045488 +0530,
-50,x,56,0,14,x,1,0.2244243750028545,None,14,0,56,0,,,,,132.15949616700527,,132.15581512499193,132.15949616700527,133.1543958330003,133.1543958330003,133.1543958330003,133.1543958330003,133.1543958330003,134.14334404199326,134.14334404199326,134.37198366699158,x,1,0.2244243750028545,None,,,,,952509,03,2025-10-02_17h52.05.425,Motor Sequential Learning,,2025.1.1,None,2025-10-02 17h52.13.045488 +0530,
150,v,57,1,14,v,1,0.10945029099821113,None,14,1,57,1,,,,,134.3762478330027,,134.37241887499113,134.3762478330027,135.37093733299116,135.37093733299116,135.37093733299116,135.37093733299116,135.37093733299116,136.35928591700213,136.35928591700213,136.47199900000123,v,1,0.10945029099821113,None,,,,,952509,03,2025-10-02_17h52.05.425,Motor Sequential Learning,,2025.1.1,None,2025-10-02 17h52.13.045488 +0530,
50,c,58,2,14,c,1,0.2085018749930896,None,14,2,58,2,,,,,136.47695999999996,,136.47248933299852,136.47695999999996,137.45865291700466,137.45865291700466,137.45865291700466,137.45865291700466,137.4758007920027,138.47093799999857,138.47093799999857,138.68879183300305,c,1,0.2085018749930896,None,,,,,952509,03,2025-10-02_17h52.05.425,Motor Sequential Learning,,2025.1.1,None,2025-10-02 17h52.13.045488 +0530,
-150,z,59,3,14,z,1,0.22528120799688622,None,14,3,59,3,,,,,138.6962925419939,,138.68927179199818,138.6962925419939,139.68764004200057,139.68764004200057,139.68764004200057,139.68764004200057,139.69270408300508,140.68754699999408,140.68754699999408,140.92202454200014,z,1,0.22528120799688622,None,,,,,952509,03,2025-10-02_17h52.05.425,Motor Sequential Learning,,2025.1.1,None,2025-10-02 17h52.13.045488 +0530,
-50,x,60,0,15,x,1,0.19472704200597946,None,15,0,60,0,,,,,140.92829170799814,,140.92245895799715,140.92829170799814,141.9208830419957,141.9208830419957,141.9208830419957,141.9208830419957,141.9260104999994,142.92096841699095,142.92096841699095,143.12212758300302,x,1,0.19472704200597946,None,,,,,952509,03,2025-10-02_17h52.05.425,Motor Sequential Learning,,2025.1.1,None,2025-10-02 17h52.13.045488 +0530,
150,v,61,1,15,v,1,0.05193274999328423,None,15,1,61,1,,,,,143.12531629200384,,143.12248704199737,143.12531629200384,144.1209021669929,144.1209021669929,144.1209021669929,144.1209021669929,144.1209021669929,145.120783958002,145.120783958002,145.17639591699117,v,1,0.05193274999328423,None,,,,,952509,03,2025-10-02_17h52.05.425,Motor Sequential Learning,,2025.1.1,None,2025-10-02 17h52.13.045488 +0530,
50,c,62,2,15,c,1,0.030696334011736326,None,15,2,62,2,,,,,145.18765679199714,,145.17671529199288,145.18765679199714,146.17105579200143,146.17105579200143,146.17105579200143,146.17105579200143,146.1768411249941,147.17106037499616,147.17106037499616,147.2055425419967,c,1,0.030696334011736326,None,,,,,952509,03,2025-10-02_17h52.05.425,Motor Sequential Learning,,2025.1.1,None,2025-10-02 17h52.13.045488 +0530,
-150,z,63,3,15,z,1,0.22216716699767858,None,15,3,63,3,,,,,147.21030758299457,,147.2060925419937,147.21030758299457,148.20420141700015,148.20420141700015,148.20420141700015,148.20420141700015,148.2094429169956,149.20431312499568,149.20431312499568,149.43689929199172,z,1,0.22216716699767858,None,,,,,952509,03,2025-10-02_17h52.05.425,Motor Sequential Learning,,2025.1.1,None,2025-10-02 17h52.13.045488 +0530,
-50,x,64,0,16,x,1,0.28159858399885707,None,16,0,64,0,,,,,149.44136675000482,,149.4373605419969,149.44136675000482,150.42640250000113,150.42640250000113,150.42640250000113,150.42640250000113,150.4375502920011,151.42584650000208,151.42584650000208,151.7108105829975,x,1,0.28159858399885707,None,,,,,952509,03,2025-10-02_17h52.05.425,Motor Sequential Learning,,2025.1.1,None,2025-10-02 17h52.13.045488 +0530,
150,v,65,1,16,v,1,0.31436633301200345,None,16,1,65,1,,,,,151.72000554199622,,151.7113091249921,151.72000554199622,152.70881258300506,152.70881258300506,152.70881258300506,152.70881258300506,152.70881258300506,153.70892299999832,153.70892299999832,154.0269322499953,v,1,0.31436633301200345,None,,,,,952509,03,2025-10-02_17h52.05.425,Motor Sequential Learning,,2025.1.1,None,2025-10-02 17h52.13.045488 +0530,
50,c,66,2,16,c,1,0.23060537500714418,None,16,2,66,2,,,,,154.0365227500006,,154.02745816699462,154.0365227500006,155.02607241699297,155.02607241699297,155.02607241699297,155.02607241699297,155.02607241699297,156.0208813749923,156.0208813749923,156.25530783299473,c,1,0.23060537500714418,None,,,,,952509,03,2025-10-02_17h52.05.425,Motor Sequential Learning,,2025.1.1,None,2025-10-02 17h52.13.045488 +0530,
-150,z,67,3,16,z,1,0.06713150000723545,None,16,3,67,3,,,,,156.25979100000404,,156.25582579200272,156.25979100000404,157.25426120799966,157.25426120799966,157.25426120799966,157.25426120799966,157.25426120799966,158.25413454200316,158.25413454200316,158.32685083299293,z,1,0.06713150000723545,None,,,,,952509,03,2025-10-02_17h52.05.425,Motor Sequential Learning,,2025.1.1,None,2025-10-02 17h52.13.045488 +0530,
-50,x,68,0,17,x,1,0.3296393339987844,None,17,0,68,0,,,,,158.33649087499361,,158.32733016699785,158.33649087499361,159.32608625000285,159.32608625000285,159.32608625000285,159.32608625000285,159.32608625000285,160.32559125000262,160.32559125000262,160.65974012500374,x,1,0.3296393339987844,None,,,,,952509,03,2025-10-02_17h52.05.425,Motor Sequential Learning,,2025.1.1,None,2025-10-02 17h52.13.045488 +0530,
150,v,69,1,17,v,1,0.2281731670082081,None,17,1,69,1,,,,,160.67078495799797,,160.66013591700175,160.67078495799797,161.65941079199547,161.65941079199547,161.65941079199547,161.65941079199547,161.65941079199547,162.65896629200142,162.65896629200142,162.88875595800346,v,1,0.2281731670082081,None,,,,,952509,03,2025-10-02_17h52.05.425,Motor Sequential Learning,,2025.1.1,None,2025-10-02 17h52.13.045488 +0530,
50,c,70,2,17,c,1,0.24060487499809824,None,17,2,70,2,,,,,162.8940350000048,,162.889419041996,162.8940350000048,163.8875553329999,163.8875553329999,163.8875553329999,163.8875553329999,163.89277558299364,164.88747074999264,164.88747074999264,165.13864262499555,c,1,0.24060487499809824,None,,,,,952509,03,2025-10-02_17h52.05.425,Motor Sequential Learning,,2025.1.1,None,2025-10-02 17h52.13.045488 +0530,
-150,z,71,3,17,z,1,0.19852450001053512,None,17,3,71,3,,,,,165.14711195799464,,165.1391558329924,165.14711195799464,166.13741579199268,166.13741579199268,166.13741579199268,166.13741579199268,166.14337479199457,167.13748129199666,167.13748129199666,167.3386087079998,z,1,0.19852450001053512,None,,,,,952509,03,2025-10-02_17h52.05.425,Motor Sequential Learning,,2025.1.1,None,2025-10-02 17h52.13.045488 +0530,
-50,x,72,0,18,x,1,0.3695396669936599,None,18,0,72,0,,,,,167.34304725000402,,167.33912312499888,167.34304725000402,168.33736687499913,168.33736687499913,168.33736687499913,168.33736687499913,168.33736687499913,169.33741029199155,169.33741029199155,169.71023749999586,x,1,0.3695396669936599,None,,,,,952509,03,2025-10-02_17h52.05.425,Motor Sequential Learning,,2025.1.1,None,2025-10-02 17h52.13.045488 +0530,
150,v,73,1,18,c,0,0.2512963750050403,None,18,1,73,1,,,,,169.71970750000037,,169.7107544169994,169.71970750000037,170.70394495800429,170.70394495800429,170.70394495800429,170.70394495800429,170.70872558299743,171.70979312500276,171.70979312500276,171.9726808330015,c,0,0.2512963750050403,None,,,,,952509,03,2025-10-02_17h52.05.425,Motor Sequential Learning,,2025.1.1,None,2025-10-02 17h52.13.045488 +0530,
50,c,74,2,18,c,1,0.27625308399728965,None,18,2,74,2,,,,,171.98194800000056,,171.9734480420011,171.98194800000056,172.97062941700278,172.97062941700278,172.97062941700278,172.97062941700278,172.97603495800286,173.97070258299937,173.97070258299937,174.25516483299725,c,1,0.27625308399728965,None,,,,,952509,03,2025-10-02_17h52.05.425,Motor Sequential Learning,,2025.1.1,None,2025-10-02 17h52.13.045488 +0530,
-150,z,75,3,18,z,1,0.41391537500021514,None,18,3,75,3,,,,,174.2636634579976,,174.2556899170013,174.2636634579976,175.25389166700188,175.25389166700188,175.25389166700188,175.25389166700188,175.25871354200353,176.25396229200123,176.25396229200123,176.67228645799332,z,1,0.41391537500021514,None,,,,,952509,03,2025-10-02_17h52.05.425,Motor Sequential Learning,,2025.1.1,None,2025-10-02 17h52.13.045488 +0530,
-50,x,76,0,19,x,1,0.4732090839970624,None,19,0,76,0,,,,,176.6771877919964,,176.67294070799835,176.6771877919964,177.6705505830032,177.6705505830032,177.6705505830032,177.6705505830032,177.6757571670023,178.67062920800527,178.67062920800527,179.1554347499914,x,1,0.4732090839970624,None,,,,,952509,03,2025-10-02_17h52.05.425,Motor Sequential Learning,,2025.1.1,None,2025-10-02 17h52.13.045488 +0530,
150,v,77,1,19,v,1,0.2547261670115404,None,19,1,77,1,,,,,179.16432137499214,,179.15598475000297,179.16432137499214,180.15385824999248,180.15385824999248,180.15385824999248,180.15385824999248,180.1588717919949,181.15396754199173,181.15396754199173,181.41065599999274,v,1,0.2547261670115404,None,,,,,952509,03,2025-10-02_17h52.05.425,Motor Sequential Learning,,2025.1.1,None,2025-10-02 17h52.13.045488 +0530,
50,c,78,2,19,c,1,0.24382470799901057,None,19,2,78,2,,,,,181.4197073749965,,181.41112537500157,181.4197073749965,182.40772691699385,182.40772691699385,182.40772691699385,182.40772691699385,182.40772691699385,183.40788850000536,183.40788850000536,183.65503691699996,c,1,0.24382470799901057,None,,,,,952509,03,2025-10-02_17h52.05.425,Motor Sequential Learning,,2025.1.1,None,2025-10-02 17h52.13.045488 +0530,
-150,z,79,3,19,z,1,0.2518371249898337,None,19,3,79,3,,,,,183.65926404199854,,183.65551858299295,183.65926404199854,184.65397766699607,184.65397766699607,184.65397766699607,184.65397766699607,184.6585204169969,185.6538928749942,185.6538928749942,185.90949799999362,z,1,0.2518371249898337,None,,,,,952509,03,2025-10-02_17h52.05.425,Motor Sequential Learning,,2025.1.1,None,2025-10-02 17h52.13.045488 +0530,
-50,x,80,0,20,v,0,0.05370733300514985,None,20,0,80,0,,,,,185.92058441699191,,185.90989758299838,185.92058441699191,186.90384108299622,186.90384108299622,186.90384108299622,186.90384108299622,186.908638916997,187.90391387499403,187.90391387499403,187.95976349999546,v,0,0.05370733300514985,None,,,,,952509,03,2025-10-02_17h52.05.425,Motor Sequential Learning,,2025.1.1,None,2025-10-02 17h52.13.045488 +0530,
150,v,81,1,20,v,1,0.27965766700799577,None,20,1,81,1,,,,,187.96957658299652,,187.96023450000212,187.96957658299652,188.95387320799637,188.95387320799637,188.95387320799637,188.95387320799637,188.95866420799575,189.95985566699528,189.95985566699528,190.24380295799347,v,1,0.27965766700799577,None,,,,,952509,03,2025-10-02_17h52.05.425,Motor Sequential Learning,,2025.1.1,None,2025-10-02 17h52.13.045488 +0530,
50,c,82,2,20,c,1,0.3359212500072317,None,20,2,82,2,,,,,190.25319991700235,,190.24426849999873,190.25319991700235,191.2433769999916,191.2433769999916,191.2433769999916,191.2433769999916,191.2433769999916,192.24262575000466,192.24262575000466,192.58834800000477,c,1,0.3359212500072317,None,,,,,952509,03,2025-10-02_17h52.05.425,Motor Sequential Learning,,2025.1.1,None,2025-10-02 17h52.13.045488 +0530,
-150,z,83,3,20,z,1,0.3411523329996271,None,20,3,83,3,,,,,192.5973628329957,,192.58888720799587,192.5973628329957,193.58712095799274,193.58712095799274,193.58712095799274,193.58712095799274,193.59197529200173,194.58722183300415,194.58722183300415,194.93834091699682,z,1,0.3411523329996271,None,,,,,952509,03,2025-10-02_17h52.05.425,Motor Sequential Learning,,2025.1.1,None,2025-10-02 17h52.13.045488 +0530,
-50,x,84,0,21,x,1,0.32233049999922514,None,21,0,84,0,,,,,194.9471871249989,,194.93884658299794,194.9471871249989,195.93708745799086,195.93708745799086,195.93708745799086,195.93708745799086,195.94190079199325,196.93695491699327,196.93695491699327,197.2716806249955,x,1,0.32233049999922514,None,,,,,952509,03,2025-10-02_17h52.05.425,Motor Sequential Learning,,2025.1.1,None,2025-10-02 17h52.13.045488 +0530,
150,v,85,1,21,v,1,0.46901245799381286,None,21,1,85,1,,,,,197.2813407920039,,197.27229058300145,197.2813407920039,198.2704567500041,198.2704567500041,198.2704567500041,198.2704567500041,198.27503404200252,199.2703507499973,199.2703507499973,199.74380766699323,v,1,0.46901245799381286,None,,,,,952509,03,2025-10-02_17h52.05.425,Motor Sequential Learning,,2025.1.1,None,2025-10-02 17h52.13.045488 +0530,
50,c,86,2,21,c,1,0.30254341701220255,None,21,2,86,2,,,,,199.752951167,,199.7442807500047,199.752951167,200.74328258300375,200.74328258300375,200.74328258300375,200.74328258300375,200.74328258300375,201.7427164999972,201.7427164999972,202.05512699999963,c,1,0.30254341701220255,None,,,,,952509,03,2025-10-02_17h52.05.425,Motor Sequential Learning,,2025.1.1,None,2025-10-02 17h52.13.045488 +0530,
-150,z,87,3,21,z,1,0.23495554200781044,None,21,3,87,3,,,,,202.0638792499958,,202.05572049999319,202.0638792499958,203.05393837500014,203.05393837500014,203.05393837500014,203.05393837500014,203.0584706249938,204.05380116699962,204.05380116699962,204.2931193330005,z,1,0.23495554200781044,None,,,,,952509,03,2025-10-02_17h52.05.425,Motor Sequential Learning,,2025.1.1,None,2025-10-02 17h52.13.045488 +0530,
-50,x,88,0,22,x,1,0.14123008400201797,None,22,0,88,0,,,,,204.3026177080028,,204.29355445799592,204.3026177080028,205.29252120800084,205.29252120800084,205.29252120800084,205.29252120800084,205.29252120800084,206.28701512499538,206.28701512499538,206.4383622919995,x,1,0.14123008400201797,None,,,,,952509,03,2025-10-02_17h52.05.425,Motor Sequential Learning,,2025.1.1,None,2025-10-02 17h52.13.045488 +0530,
150,v,89,1,22,v,1,0.2629490840045037,None,22,1,89,1,,,,,206.44710849999683,,206.43902404200344,206.44710849999683,207.43704925000202,207.43704925000202,207.43704925000202,207.43704925000202,207.4422443749936,208.43700704199728,208.43700704199728,208.70482820799225,v,1,0.2629490840045037,None,,,,,952509,03,2025-10-02_17h52.05.425,Motor Sequential Learning,,2025.1.1,None,2025-10-02 17h52.13.045488 +0530,
50,c,90,2,22,c,1,0.3073864589969162,None,22,2,90,2,,,,,208.70927591700456,,208.7053442500037,208.70927591700456,209.70372991700424,209.70372991700424,209.70372991700424,209.70372991700424,209.70372991700424,210.70364570799575,210.70364570799575,211.0217745419941,c,1,0.3073864589969162,None,,,,,952509,03,2025-10-02_17h52.05.425,Motor Sequential Learning,,2025.1.1,None,2025-10-02 17h52.13.045488 +0530,
-150,z,91,3,22,z,1,0.3325961670052493,None,22,3,91,3,,,,,211.03074208299222,,211.02246254199417,211.03074208299222,212.02025241700176,212.02025241700176,212.02025241700176,212.02025241700176,212.0250107079919,213.02034545800416,213.02034545800416,213.3547533749952,z,1,0.3325961670052493,None,,,,,952509,03,2025-10-02_17h52.05.425,Motor Sequential Learning,,2025.1.1,None,2025-10-02 17h52.13.045488 +0530,
-50,x,92,0,23,x,1,0.26195879199076444,None,23,0,92,0,,,,,213.35883837500296,,213.35524954200082,213.35883837500296,214.35364591699908,214.35364591699908,214.35364591699908,214.35364591699908,214.35364591699908,215.3537150829943,215.3537150829943,215.6215547079919,x,1,0.26195879199076444,None,,,,,952509,03,2025-10-02_17h52.05.425,Motor Sequential Learning,,2025.1.1,None,2025-10-02 17h52.13.045488 +0530,
150,v,93,1,23,v,1,0.22058520899736322,None,23,1,93,1,,,,,215.62637079200067,,215.62207529200532,215.62637079200067,216.6202980419912,216.6202980419912,216.6202980419912,216.6202980419912,216.6202980419912,217.62038891699922,217.62038891699922,217.84190441700048,v,1,0.22058520899736322,None,,,,,952509,03,2025-10-02_17h52.05.425,Motor Sequential Learning,,2025.1.1,None,2025-10-02 17h52.13.045488 +0530,
50,c,94,2,23,c,1,0.2789087920100428,None,23,2,94,2,,,,,217.85373362500104,,217.84223708299396,217.85373362500104,218.8369220829918,218.8369220829918,218.8369220829918,218.8369220829918,218.84203529199294,219.83700958300324,219.83700958300324,220.1214917920006,c,1,0.2789087920100428,None,,,,,952509,03,2025-10-02_17h52.05.425,Motor Sequential Learning,,2025.1.1,None,2025-10-02 17h52.13.045488 +0530,
-150,z,95,3,23,z,1,0.31573558400850743,None,23,3,95,3,,,,,220.1260421670013,,220.1220224169956,220.1260421670013,221.120217417003,221.120217417003,221.120217417003,221.120217417003,221.120217417003,222.1201682499959,222.1201682499959,222.4375437080016,z,1,0.31573558400850743,None,,,,,952509,03,2025-10-02_17h52.05.425,Motor Sequential Learning,,2025.1.1,None,2025-10-02 17h52.13.045488 +0530,
-50,x,96,0,24,x,1,0.12471916599315591,None,24,0,96,0,,,,,222.44103104199166,,222.43783912499202,222.44103104199166,223.42568445799407,223.42568445799407,223.42568445799407,223.42568445799407,223.436918374995,224.42510858300375,224.42510858300375,224.55495537500246,x,1,0.12471916599315591,None,,,,,952509,03,2025-10-02_17h52.05.425,Motor Sequential Learning,,2025.1.1,None,2025-10-02 17h52.13.045488 +0530,
150,v,97,1,24,v,1,0.2500489999947604,None,24,1,97,1,,,,,224.55941624999105,,224.55541858299694,224.55941624999105,225.5537562919926,225.5537562919926,225.5537562919926,225.5537562919926,225.55846816700068,226.5536235000036,226.5536235000036,226.8085475419939,v,1,0.2500489999947604,None,,,,,952509,03,2025-10-02_17h52.05.425,Motor Sequential Learning,,2025.1.1,None,2025-10-02 17h52.13.045488 +0530,
50,c,98,2,24,c,1,0.2680677089956589,None,24,2,98,2,,,,,226.82031420800195,,226.80888250000135,226.82031420800195,227.8035157080012,227.8035157080012,227.8035157080012,227.8035157080012,227.80804704199545,228.80359720799606,228.80359720799606,229.07563870800368,c,1,0.2680677089956589,None,,,,,952509,03,2025-10-02_17h52.05.425,Motor Sequential Learning,,2025.1.1,None,2025-10-02 17h52.13.045488 +0530,
-150,z,99,3,24,z,1,0.2163542909984244,None,24,3,99,3,,,,,229.08679549999943,,229.07599204199505,229.08679549999943,230.07020120800007,230.07020120800007,230.07020120800007,230.07020120800007,230.0756364169938,231.07025641699147,231.07025641699147,231.2882441249967,z,1,0.2163542909984244,None,,,,,952509,03,2025-10-02_17h52.05.425,Motor Sequential Learning,,2025.1.1,None,2025-10-02 17h52.13.045488 +0530,
-50,x,100,0,25,x,1,0.3316645000013523,None,25,0,100,0,,,,,231.29309529199963,,231.28886495799816,231.29309529199963,232.28686845800257,232.28686845800257,232.28686845800257,232.28686845800257,232.2921007499972,233.28694283300138,233.28694283300138,233.62152587500168,x,1,0.3316645000013523,None,,,,,952509,03,2025-10-02_17h52.05.425,Motor Sequential Learning,,2025.1.1,None,2025-10-02 17h52.13.045488 +0530,
150,v,101,1,25,v,1,0.19233812499442138,None,25,1,101,1,,,,,233.6274598750024,,233.622042374991,233.6274598750024,234.6201628330018,234.6201628330018,234.6201628330018,234.6201628330018,234.62514854199253,235.62025166700187,235.62025166700187,235.82131899999513,v,1,0.19233812499442138,None,,,,,952509,03,2025-10-02_17h52.05.425,Motor Sequential Learning,,2025.1.1,None,2025-10-02 17h52.13.045488 +0530,
50,c,102,2,25,c,1,0.23663937499804888,None,25,2,102,2,,,,,235.83042850000493,,235.82184520800365,235.83042850000493,236.82023612500052,236.82023612500052,236.82023612500052,236.82023612500052,236.82533266699465,237.820140041993,237.820140041993,238.0597328330041,c,1,0.23663937499804888,None,,,,,952509,03,2025-10-02_17h52.05.425,Motor Sequential Learning,,2025.1.1,None,2025-10-02 17h52.13.045488 +0530,
-150,z,103,3,25,z,1,0.2420211249991553,None,25,3,103,3,,,,,238.06916445799288,,238.060236624995,238.06916445799288,239.05818904199987,239.05818904199987,239.05818904199987,239.05818904199987,239.05818904199987,240.05934145799256,240.05934145799256,240.30457908299286,z,1,0.2420211249991553,None,,,,,952509,03,2025-10-02_17h52.05.425,Motor Sequential Learning,,2025.1.1,None,2025-10-02 17h52.13.045488 +0530,
-50,x,104,0,26,x,1,0.03301304200431332,None,26,0,104,0,,,,,240.30921233299887,,240.305092124996,240.30921233299887,241.30348983299336,241.30348983299336,241.30348983299336,241.30348983299336,241.30869308300316,242.30336299999908,242.30336299999908,242.33800350000092,x,1,0.03301304200431332,None,,,,,952509,03,2025-10-02_17h52.05.425,Motor Sequential Learning,,2025.1.1,None,2025-10-02 17h52.13.045488 +0530,
150,v,105,1,26,v,1,0.1534048749890644,None,26,1,105,1,,,,,242.3427335000015,,242.33853545799502,242.3427335000015,243.33671616700303,243.33671616700303,243.33671616700303,243.33671616700303,243.33671616700303,244.33680099999765,244.33680099999765,244.49376654200023,v,1,0.1534048749890644,None,,,,,952509,03,2025-10-02_17h52.05.425,Motor Sequential Learning,,2025.1.1,None,2025-10-02 17h52.13.045488 +0530,
50,c,106,2,26,c,1,0.19888087500294205,None,26,2,106,2,,,,,244.50266579199524,,244.494249957992,244.50266579199524,245.4920171249978,245.4920171249978,245.4920171249978,245.4920171249978,245.4920171249978,246.4923776249925,246.4923776249925,246.69336995799677,c,1,0.19888087500294205,None,,,,,952509,03,2025-10-02_17h52.05.425,Motor Sequential Learning,,2025.1.1,None,2025-10-02 17h52.13.045488 +0530,
-150,z,107,3,26,z,1,0.0208637500036275,None,26,3,107,3,,,,,246.70249083299132,,246.69383987499168,246.70249083299132,247.69195016699086,247.69195016699086,247.69195016699086,247.69195016699086,247.69195016699086,248.69228987500537,248.69228987500537,248.72137620799185,z,1,0.0208637500036275,None,,,,,952509,03,2025-10-02_17h52.05.425,Motor Sequential Learning,,2025.1.1,None,2025-10-02 17h52.13.045488 +0530,
-50,x,108,0,27,x,1,0.4298872920044232,None,27,0,108,0,,,,,248.73032058299577,,248.7218961250037,248.73032058299577,249.7203058330051,249.7203058330051,249.7203058330051,249.7203058330051,249.72499912499916,250.71918566699605,250.71918566699605,251.15436545800185,x,1,0.4298872920044232,None,,,,,952509,03,2025-10-02_17h52.05.425,Motor Sequential Learning,,2025.1.1,None,2025-10-02 17h52.13.045488 +0530,
150,v,109,1,27,v,1,0.2348263330059126,None,27,1,109,1,,,,,251.15865220800333,,251.15486454199709,251.15865220800333,252.15334258299845,252.15334258299845,252.15334258299845,252.15334258299845,252.15334258299845,253.1532401250006,253.1532401250006,253.3930723329977,v,1,0.2348263330059126,None,,,,,952509,03,2025-10-02_17h52.05.425,Motor Sequential Learning,,2025.1.1,None,2025-10-02 17h52.13.045488 +0530,
50,c,110,2,27,c,1,0.26072299999941606,None,27,2,110,2,,,,,253.40242320799734,,253.39356712499284,253.40242320799734,254.3919749170018,254.3919749170018,254.3919749170018,254.3919749170018,254.3919749170018,255.39221866699518,255.39221866699518,255.65585158299655,c,1,0.26072299999941606,None,,,,,952509,03,2025-10-02_17h52.05.425,Motor Sequential Learning,,2025.1.1,None,2025-10-02 17h52.13.045488 +0530,
-150,z,111,3,27,z,1,0.23261099999945145,None,27,3,111,3,,,,,255.6616360420012,,255.65703412500443,255.6616360420012,256.6532519579923,256.6532519579923,256.6532519579923,256.6532519579923,256.6580595830019,257.6533776669967,257.6533776669967,257.88732208299916,z,1,0.23261099999945145,None,,,,,952509,03,2025-10-02_17h52.05.425,Motor Sequential Learning,,2025.1.1,None,2025-10-02 17h52.13.045488 +0530,
-50,x,112,0,28,x,1,0.2506806669989601,None,28,0,112,0,,,,,257.8911687499931,,257.887654457998,257.8911687499931,258.8748510000005,258.8748510000005,258.8748510000005,258.8748510000005,258.8865510829928,259.8752424999984,259.8752424999984,260.13805574999424,x,1,0.2506806669989601,None,,,,,952509,03,2025-10-02_17h52.05.425,Motor Sequential Learning,,2025.1.1,None,2025-10-02 17h52.13.045488 +0530,
150,v,113,1,28,v,1,0.22829204199661035,None,28,1,113,1,,,,,260.14654520800104,,260.13854529199307,260.14654520800104,261.13661225000396,261.13661225000396,261.13661225000396,261.13661225000396,261.1419217079965,262.1367021670012,262.1367021670012,262.37104308299604,v,1,0.22829204199661035,None,,,,,952509,03,2025-10-02_17h52.05.425,Motor Sequential Learning,,2025.1.1,None,2025-10-02 17h52.13.045488 +0530,
50,c,114,2,28,c,1,0.13198362500406802,None,28,2,114,2,,,,,262.3755654580018,,262.3715915829962,262.3755654580018,263.3698025000049,263.3698025000049,263.3698025000049,263.3698025000049,263.3746078749973,264.3698704169947,264.3698704169947,264.5043781669956,c,1,0.13198362500406802,None,,,,,952509,03,2025-10-02_17h52.05.425,Motor Sequential Learning,,2025.1.1,None,2025-10-02 17h52.13.045488 +0530,
-150,z,115,3,28,z,1,0.011353624999173917,None,28,3,115,3,,,,,264.50909629199305,,264.50488937499176,264.50909629199305,265.50334408300114,265.50334408300114,265.50334408300114,265.50334408300114,265.50334408300114,266.5034659170051,266.5034659170051,266.52125045799767,z,1,0.011353624999173917,None,,,,,952509,03,2025-10-02_17h52.05.425,Motor Sequential Learning,,2025.1.1,None,2025-10-02 17h52.13.045488 +0530,
-50,x,116,0,29,x,1,0.25973958399845287,None,29,0,116,0,,,,,266.5259826249967,,266.52178583299974,266.5259826249967,267.52015295799356,267.52015295799356,267.52015295799356,267.52015295799356,267.524487667004,268.5198193749966,268.5198193749966,268.7874832919915,x,1,0.25973958399845287,None,,,,,952509,03,2025-10-02_17h52.05.425,Motor Sequential Learning,,2025.1.1,None,2025-10-02 17h52.13.045488 +0530,
150,v,117,1,29,v,1,0.14694087499810848,None,29,1,117,1,,,,,268.7939212920028,,268.78790937499434,268.7939212920028,269.7864606249932,269.7864606249932,269.7864606249932,269.7864606249932,269.79215941700386,270.77502954199736,270.77502954199736,270.925850582993,v,1,0.14694087499810848,None,,,,,952509,03,2025-10-02_17h52.05.425,Motor Sequential Learning,,2025.1.1,None,2025-10-02 17h52.13.045488 +0530,
50,c,118,2,29,c,1,0.2404640000022482,None,29,2,118,2,,,,,270.93646812500083,,270.92624783299107,270.93646812500083,271.9243143749918,271.9243143749918,271.9243143749918,271.9243143749918,271.9243143749918,272.9253208750015,272.9253208750015,273.1710124999954,c,1,0.2404640000022482,None,,,,,952509,03,2025-10-02_17h52.05.425,Motor Sequential Learning,,2025.1.1,None,2025-10-02 17h52.13.045488 +0530,
-150,z,119,3,29,z,1,0.2436752920038998,None,29,3,119,3,,,,,273.17564529199444,,273.17150370799936,273.17564529199444,274.1584682499961,274.1584682499961,274.1584682499961,274.1584682499961,274.1698570000008,275.1699477920047,275.1699477920047,275.42111149999255,z,1,0.2436752920038998,None,,,,,952509,03,2025-10-02_17h52.05.425,Motor Sequential Learning,,2025.1.1,None,2025-10-02 17h52.13.045488 +0530,
-50,x,120,0,30,x,1,0.23745025000243913,None,30,0,120,0,,,,,275.43010158299876,,275.42177154199453,275.43010158299876,276.4198532500013,276.4198532500013,276.4198532500013,276.4198532500013,276.4244730420032,277.41972587499185,277.41972587499185,277.65917916699254,x,1,0.23745025000243913,None,,,,,952509,03,2025-10-02_17h52.05.425,Motor Sequential Learning,,2025.1.1,None,2025-10-02 17h52.13.045488 +0530,
150,v,121,1,30,v,1,0.2853418330050772,None,30,1,121,1,,,,,277.66876966699783,,277.65970479199314,277.66876966699783,278.65305708299275,278.65305708299275,278.65305708299275,278.65305708299275,278.6580549999926,279.6531924580049,279.6531924580049,279.9430345419969,v,1,0.2853418330050772,None,,,,,952509,03,2025-10-02_17h52.05.425,Motor Sequential Learning,,2025.1.1,None,2025-10-02 17h52.13.045488 +0530,
50,c,122,2,30,c,1,0.2915013750025537,None,30,2,122,2,,,,,279.95209683300345,,279.9435093749926,279.95209683300345,280.94119641699945,280.94119641699945,280.94119641699945,280.94119641699945,280.94119641699945,281.9420187079959,281.9420187079959,282.2376239580044,c,1,0.2915013750025537,None,,,,,952509,03,2025-10-02_17h52.05.425,Motor Sequential Learning,,2025.1.1,None,2025-10-02 17h52.13.045488 +0530,
-150,z,123,3,30,z,1,0.20615374999761116,None,30,3,123,3,,,,,282.24219966700184,,282.2381104170054,282.24219966700184,283.23636549999355,283.23636549999355,283.23636549999355,283.23636549999355,283.24128266700427,284.23646445799386,284.23646445799386,284.45463970799756,z,1,0.20615374999761116,None,,,,,952509,03,2025-10-02_17h52.05.425,Motor Sequential Learning,,2025.1.1,None,2025-10-02 17h52.13.045488 +0530,
-50,x,124,0,31,x,1,0.20254866700270213,None,31,0,124,0,,,,,284.4638212080026,,284.45538862499234,284.4638212080026,285.4531031249935,285.4531031249935,285.4531031249935,285.4531031249935,285.4579616669944,286.4529990419978,286.4529990419978,286.659645791995,x,1,0.20254866700270213,None,,,,,952509,03,2025-10-02_17h52.05.425,Motor Sequential Learning,,2025.1.1,None,2025-10-02 17h52.13.045488 +0530,
150,v,125,1,31,v,1,0.25711795799725223,None,31,1,125,1,,,,,286.66876783299085,,286.66013162500167,286.66876783299085,287.65820554200036,287.65820554200036,287.65820554200036,287.65820554200036,287.65820554200036,288.6581607919943,288.6581607919943,288.92095508299826,v,1,0.25711795799725223,None,,,,,952509,03,2025-10-02_17h52.05.425,Motor Sequential Learning,,2025.1.1,None,2025-10-02 17h52.13.045488 +0530,
50,c,126,2,31,c,1,0.11252066699671559,None,31,2,126,2,,,,,288.92578066699207,,288.92148320800334,288.92578066699207,289.9196232499962,289.9196232499962,289.9196232499962,289.9196232499962,289.92500529199606,290.91967454200494,290.91967454200494,291.0375429169944,c,1,0.11252066699671559,None,,,,,952509,03,2025-10-02_17h52.05.425,Motor Sequential Learning,,2025.1.1,None,2025-10-02 17h52.13.045488 +0530,
-150,z,127,3,31,z,1,0.2328586250077933,None,31,3,127,3,,,,,291.04241500000353,,291.0380805829918,291.04241500000353,292.03634837499703,292.03634837499703,292.03634837499703,292.03634837499703,292.0413590829994,293.03623129200423,293.03623129200423,293.27105395800027,z,1,0.2328586250077933,None,,,,,952509,03,2025-10-02_17h52.05.425,Motor Sequential Learning,,2025.1.1,None,2025-10-02 17h52.13.045488 +0530,
-50,x,128,0,32,x,1,0.26159562500834,None,32,0,128,0,,,,,293.2759681669995,,293.27169683299144,293.2759681669995,294.2695650829992,294.2695650829992,294.2695650829992,294.2695650829992,294.2743734169926,295.26963933299703,295.26963933299703,295.53789487500035,x,1,0.26159562500834,None,,,,,952509,03,2025-10-02_17h52.05.425,Motor Sequential Learning,,2025.1.1,None,2025-10-02 17h52.13.045488 +0530,
150,v,129,1,32,v,1,0.22201116700307466,None,32,1,129,1,,,,,295.54690766699787,,295.5386058330041,295.54690766699787,296.53627333299664,296.53627333299664,296.53627333299664,296.53627333299664,296.54168854199816,297.53611737499887,297.53611737499887,297.7592545829975,v,1,0.22201116700307466,None,,,,,952509,03,2025-10-02_17h52.05.425,Motor Sequential Learning,,2025.1.1,None,2025-10-02 17h52.13.045488 +0530,
50,c,130,2,32,c,1,0.24828933300159406,None,32,2,130,2,,,,,297.76862766699924,,297.7597563750023,297.76862766699924,298.75288466700295,298.75288466700295,298.75288466700295,298.75288466700295,298.75767750000523,299.7578131670016,299.7578131670016,300.0097577080014,c,1,0.24828933300159406,None,,,,,952509,03,2025-10-02_17h52.05.425,Motor Sequential Learning,,2025.1.1,None,2025-10-02 17h52.13.045488 +0530,
-150,z,131,3,32,z,1,0.2435979579895502,None,32,3,131,3,,,,,300.0189143750031,,300.01025112500065,300.0189143750031,301.00820941699203,301.00820941699203,301.00820941699203,301.00820941699203,301.00820941699203,302.00846166699193,302.00846166699193,302.2540766250022,z,1,0.2435979579895502,None,,,,,952509,03,2025-10-02_17h52.05.425,Motor Sequential Learning,,2025.1.1,None,2025-10-02 17h52.13.045488 +0530,
-50,x,132,0,33,x,1,0.2781457500095712,None,33,0,132,0,,,,,302.2587892080046,,302.2546242919925,302.2587892080046,303.2529737500008,303.2529737500008,303.2529737500008,303.2529737500008,303.2529737500008,304.2528692079941,304.2528692079941,304.53730850000284,x,1,0.2781457500095712,None,,,,,952509,03,2025-10-02_17h52.05.425,Motor Sequential Learning,,2025.1.1,None,2025-10-02 17h52.13.045488 +0530,
150,v,133,1,33,v,1,0.2470761250006035,None,33,1,133,1,,,,,304.54177291700034,,304.5378139579989,304.54177291700034,305.53626475000056,305.53626475000056,305.53626475000056,305.53626475000056,305.53626475000056,306.53581112499523,306.53581112499523,306.78693904199463,v,1,0.2470761250006035,None,,,,,952509,03,2025-10-02_17h52.05.425,Motor Sequential Learning,,2025.1.1,None,2025-10-02 17h52.13.045488 +0530,
50,c,134,2,33,c,1,0.2818085000035353,None,33,2,134,2,,,,,306.7910372920014,,306.787258707991,306.7910372920014,307.77427683299175,307.77427683299175,307.77427683299175,307.77427683299175,307.7861919999996,308.77398825000273,308.77398825000273,309.05824445799226,c,1,0.2818085000035353,None,,,,,952509,03,2025-10-02_17h52.05.425,Motor Sequential Learning,,2025.1.1,None,2025-10-02 17h52.13.045488 +0530,
-150,z,135,3,33,z,1,0.2352028750028694,None,33,3,135,3,,,,,309.06955016699794,,309.05853991699405,309.06955016699794,310.05753841699334,310.05753841699334,310.05753841699334,310.05753841699334,310.05753841699334,311.0575961669965,311.0575961669965,311.3028192079946,z,1,0.2352028750028694,None,,,,,952509,03,2025-10-02_17h52.05.425,Motor Sequential Learning,,2025.1.1,None,2025-10-02 17h52.13.045488 +0530,
-50,x,136,0,34,x,1,0.21200216699799057,None,34,0,136,0,,,,,311.309090041992,,311.3032320420025,311.309090041992,312.2901292919996,312.2901292919996,312.2901292919996,312.2901292919996,312.30758591699123,313.2897366669931,313.2897366669931,313.50402150000446,x,1,0.21200216699799057,None,,,,,952509,03,2025-10-02_17h52.05.425,Motor Sequential Learning,,2025.1.1,None,2025-10-02 17h52.13.045488 +0530,
150,v,137,1,34,v,1,0.24739895800303202,None,34,1,137,1,,,,,313.50867558299797,,313.5045174169936,313.50867558299797,314.50267425000493,314.50267425000493,314.50267425000493,314.50267425000493,314.5071965829993,315.50276137499895,315.50276137499895,315.7532914170006,v,1,0.24739895800303202,None,,,,,952509,03,2025-10-02_17h52.05.425,Motor Sequential Learning,,2025.1.1,None,2025-10-02 17h52.13.045488 +0530,
50,c,138,2,34,c,1,0.25266695900063496,None,34,2,138,2,,,,,315.7574911249976,,315.75362341699656,315.7574911249976,316.7408976250008,316.7408976250008,316.7408976250008,316.7408976250008,316.75278858299134,317.74105399999826,317.74105399999826,318.0034370420035,c,1,0.25266695900063496,None,,,,,952509,03,2025-10-02_17h52.05.425,Motor Sequential Learning,,2025.1.1,None,2025-10-02 17h52.13.045488 +0530,
-150,z,139,3,34,z,1,0.21365533300559036,None,34,3,139,3,,,,,318.0098580420017,,318.0038266250049,318.0098580420017,318.9903096249909,318.9903096249909,318.9903096249909,318.9903096249909,319.0065319999994,319.9909597079968,319.9909597079968,320.20902949999436,z,1,0.21365533300559036,None,,,,,952509,03,2025-10-02_17h52.05.425,Motor Sequential Learning,,2025.1.1,None,2025-10-02 17h52.13.045488 +0530,
-50,x,140,0,35,x,1,0.08065529199666344,None,35,0,140,0,,,,,320.2192981669941,,320.2093425829953,320.2192981669941,321.2075412080012,321.2075412080012,321.2075412080012,321.2075412080012,321.2075412080012,322.20777808300045,322.20777808300045,322.2902278749971,x,1,0.08065529199666344,None,,,,,952509,03,2025-10-02_17h52.05.425,Motor Sequential Learning,,2025.1.1,None,2025-10-02 17h52.13.045488 +0530,
150,v,141,1,35,v,1,0.13337941699137446,None,35,1,141,1,,,,,322.30258233299537,,322.2905391249951,322.30258233299537,323.28606108299573,323.28606108299573,323.28606108299573,323.28606108299573,323.2909037079953,324.2860205420002,324.2860205420002,324.42401616700226,v,1,0.13337941699137446,None,,,,,952509,03,2025-10-02_17h52.05.425,Motor Sequential Learning,,2025.1.1,None,2025-10-02 17h52.13.045488 +0530,
50,c,142,2,35,c,1,0.21305054100230336,None,35,2,142,2,,,,,324.43591516699234,,324.4243159579928,324.43591516699234,325.41936745800194,325.41936745800194,325.41936745800194,325.41936745800194,325.4241999579972,326.41930737499206,326.41930737499206,326.63651916700474,c,1,0.21305054100230336,None,,,,,952509,03,2025-10-02_17h52.05.425,Motor Sequential Learning,,2025.1.1,None,2025-10-02 17h52.13.045488 +0530,
-150,z,143,3,35,z,1,0.18800437499885447,None,35,3,143,3,,,,,326.64001004199963,,326.63682170800166,326.64001004199963,327.62399133299186,327.62399133299186,327.62399133299186,327.62399133299186,327.6360054999968,328.62447599999723,328.62447599999723,328.81991508300416,z,1,0.18800437499885447,None,,,,,952509,03,2025-10-02_17h52.05.425,Motor Sequential Learning,,2025.1.1,None,2025-10-02 17h52.13.045488 +0530,
-50,x,144,0,36,x,1,0.13391104199399706,None,36,0,144,0,,,,,328.8248621669918,,328.8202228750015,328.8248621669918,329.80711541700293,329.80711541700293,329.80711541700293,329.80711541700293,329.82426620800106,330.8072140000004,330.8072140000004,330.95392687499407,x,1,0.13391104199399706,None,,,,,952509,03,2025-10-02_17h52.05.425,Motor Sequential Learning,,2025.1.1,None,2025-10-02 17h52.13.045488 +0530,
150,v,145,1,36,v,1,0.1407466660020873,None,36,1,145,1,,,,,330.9611686249991,,330.95438062500034,330.9611686249991,331.9527107920003,331.9527107920003,331.9527107920003,331.9527107920003,331.9574030829972,332.9526182080008,332.9526182080008,333.10360308300005,v,1,0.1407466660020873,None,,,,,952509,03,2025-10-02_17h52.05.425,Motor Sequential Learning,,2025.1.1,None,2025-10-02 17h52.13.045488 +0530,
50,c,146,2,36,c,1,0.05708912500995211,None,36,2,146,2,,,,,333.11044095800025,,333.1040621249995,333.11044095800025,334.1025275419961,334.1025275419961,334.1025275419961,334.1025275419961,334.10709441699146,335.0905145830038,335.0905145830038,335.15318062499864,c,1,0.05708912500995211,None,,,,,952509,03,2025-10-02_17h52.05.425,Motor Sequential Learning,,2025.1.1,None,2025-10-02 17h52.13.045488 +0530,
-150,z,147,3,36,z,1,0.11921512499975506,None,36,3,147,3,,,,,335.1571644170035,,335.1535710419994,335.1571644170035,336.14185216699843,336.14185216699843,336.14185216699843,336.14185216699843,336.1525255000015,337.1418572919938,337.1418572919938,337.2704291669943,z,1,0.11921512499975506,None,,,,,952509,03,2025-10-02_17h52.05.425,Motor Sequential Learning,,2025.1.1,None,2025-10-02 17h52.13.045488 +0530,
-50,x,148,0,37,x,1,0.20503070899576414,None,37,0,148,0,,,,,337.277638457992,,337.2710059999954,337.277638457992,338.26922812499106,338.26922812499106,338.26922812499106,338.26922812499106,338.2731458329945,339.2691269170027,339.2691269170027,339.4751825419953,x,1,0.20503070899576414,None,,,,,952509,03,2025-10-02_17h52.05.425,Motor Sequential Learning,,2025.1.1,None,2025-10-02 17h52.13.045488 +0530,
150,v,149,1,37,v,1,0.241016583997407,None,37,1,149,1,,,,,339.48596704199736,,339.47559095799807,339.48596704199736,340.4735999580007,340.4735999580007,340.4735999580007,340.4735999580007,340.4735999580007,341.4741037499916,341.4741037499916,341.719815791992,v,1,0.241016583997407,None,,,,,952509,03,2025-10-02_17h52.05.425,Motor Sequential Learning,,2025.1.1,None,2025-10-02 17h52.13.045488 +0530,
50,c,150,2,37,c,1,0.2902387919893954,None,37,2,150,2,,,,,341.7237172919995,,341.72013112499553,341.7237172919995,342.70653208300064,342.70653208300064,342.70653208300064,342.70653208300064,342.7190864580043,343.70705616699706,343.70705616699706,344.00357958300447,c,1,0.2902387919893954,None,,,,,952509,03,2025-10-02_17h52.05.425,Motor Sequential Learning,,2025.1.1,None,2025-10-02 17h52.13.045488 +0530,
-150,z,151,3,37,z,1,0.21066625000094064,None,37,3,151,3,,,,,344.0114426249929,,344.0040636670019,344.0114426249929,345.0023955420038,345.0023955420038,345.0023955420038,345.0023955420038,345.0064343330014,346.0024828750029,346.0024828750029,346.2196894170047,z,1,0.21066625000094064,None,,,,,952509,03,2025-10-02_17h52.05.425,Motor Sequential Learning,,2025.1.1,None,2025-10-02 17h52.13.045488 +0530,
-50,x,152,0,38,x,1,0.025908374998834915,None,38,0,152,0,,,,,346.22312995800166,,346.21999383300135,346.22312995800166,347.2063452919974,347.2063452919974,347.2063452919974,347.2063452919974,347.21901237500424,348.2070577919949,348.2070577919949,348.23645762499655,x,1,0.025908374998834915,None,,,,,952509,03,2025-10-02_17h52.05.425,Motor Sequential Learning,,2025.1.1,None,2025-10-02 17h52.13.045488 +0530,
150,v,153,1,38,v,1,0.23143212500144728,None,38,1,153,1,,,,,348.2401142919989,,348.23678658300196,348.2401142919989,349.2238331249973,349.2238331249973,349.2238331249973,349.2238331249973,349.23577274999116,350.22344133300066,350.22344133300066,350.4580006670003,v,1,0.23143212500144728,None,,,,,952509,03,2025-10-02_17h52.05.425,Motor Sequential Learning,,2025.1.1,None,2025-10-02 17h52.13.045488 +0530,
50,c,154,2,38,c,1,0.14626620800117962,None,38,2,154,2,,,,,350.4688014169951,,350.45828737500415,350.4688014169951,351.4565337499953,351.4565337499953,351.4565337499953,351.4565337499953,351.4565337499953,352.456666625003,352.456666625003,352.60840524999367,c,1,0.14626620800117962,None,,,,,952509,03,2025-10-02_17h52.05.425,Motor Sequential Learning,,2025.1.1,None,2025-10-02 17h52.13.045488 +0530,
-150,z,155,3,38,z,1,0.24177624999720138,None,38,3,155,3,,,,,352.6191156249988,,352.60884716699366,352.6191156249988,353.60675958299544,353.60675958299544,353.60675958299544,353.60675958299544,353.60675958299544,354.6070479579939,354.6070479579939,354.85358279199863,z,1,0.24177624999720138,None,,,,,952509,03,2025-10-02_17h52.05.425,Motor Sequential Learning,,2025.1.1,None,2025-10-02 17h52.13.045488 +0530,
-50,x,156,0,39,x,1,0.20403416600311175,None,39,0,156,0,,,,,354.85717245799606,,354.8539668750018,354.85717245799606,355.85246129200095,355.85246129200095,355.85246129200095,355.85246129200095,355.85246129200095,356.852633167,356.852633167,357.05811412500043,x,1,0.20403416600311175,None,,,,,952509,03,2025-10-02_17h52.05.425,Motor Sequential Learning,,2025.1.1,None,2025-10-02 17h52.13.045488 +0530,
150,v,157,1,39,v,1,0.25587591700605117,None,39,1,157,1,,,,,357.0689722919924,,357.0584235830029,357.0689722919924,358.05675624999276,358.05675624999276,358.05675624999276,358.05675624999276,358.05675624999276,359.0567698329978,359.0567698329978,359.3198311669985,v,1,0.25587591700605117,None,,,,,952509,03,2025-10-02_17h52.05.425,Motor Sequential Learning,,2025.1.1,None,2025-10-02 17h52.13.045488 +0530,
50,c,158,2,39,c,1,0.24633491699933074,None,39,2,158,2,,,,,359.3252302500041,,359.320139250005,359.3252302500041,360.3070588749979,360.3070588749979,360.3070588749979,360.3070588749979,360.3239224580029,361.3069579169969,361.3069579169969,361.5579522920016,c,1,0.24633491699933074,None,,,,,952509,03,2025-10-02_17h52.05.425,Motor Sequential Learning,,2025.1.1,None,2025-10-02 17h52.13.045488 +0530,
-150,z,159,3,39,z,1,0.18910212499031331,None,39,3,159,3,,,,,361.5689362080011,,361.5583537499915,361.5689362080011,362.55243424999935,362.55243424999935,362.55243424999935,362.55243424999935,362.5579909999942,363.55656799999997,363.55656799999997,363.753366207995,z,1,0.18910212499031331,None,,,,,952509,03,2025-10-02_17h52.05.425,Motor Sequential Learning,,2025.1.1,None,2025-10-02 17h52.13.045488 +0530,
-50,x,160,0,40,x,1,0.242508249997627,None,40,0,160,0,,,,,363.7585468329926,,363.7536623749911,363.7585468329926,364.752379957994,364.752379957994,364.752379957994,364.752379957994,364.75679724999645,365.75232141699234,365.75232141699234,366.0034164999961,x,1,0.242508249997627,None,,,,,952509,03,2025-10-02_17h52.05.425,Motor Sequential Learning,,2025.1.1,None,2025-10-02 17h52.13.045488 +0530,
150,v,161,1,40,v,1,0.07524616699083708,None,40,1,161,1,,,,,366.0110386669985,,366.0038983330014,366.0110386669985,366.9899041250028,366.9899041250028,366.9899041250028,366.9899041250028,367.00715745799243,368.0022965419921,368.0022965419921,368.0862088330032,v,1,0.07524616699083708,None,,,,,952509,03,2025-10-02_17h52.05.425,Motor Sequential Learning,,2025.1.1,None,2025-10-02 17h52.13.045488 +0530,
50,c,162,2,40,c,1,0.2821980419976171,None,40,2,162,2,,,,,368.091393041992,,368.0865085419937,368.091393041992,369.07363612500194,369.07363612500194,369.07363612500194,369.07363612500194,369.0904829999927,370.07316070799425,370.07316070799425,370.35681924999517,c,1,0.2821980419976171,None,,,,,952509,03,2025-10-02_17h52.05.425,Motor Sequential Learning,,2025.1.1,None,2025-10-02 17h52.13.045488 +0530,
-150,z,163,3,40,z,1,0.24306091699691024,None,40,3,163,3,,,,,370.36894062500505,,370.35714929200185,370.36894062500505,371.3521593750047,371.3521593750047,371.3521593750047,371.3521593750047,371.35719587499625,372.35228750000533,372.35228750000533,372.6029090420052,z,1,0.24306091699691024,None,,,,,952509,03,2025-10-02_17h52.05.425,Motor Sequential Learning,,2025.1.1,None,2025-10-02 17h52.13.045488 +0530,
-50,x,164,0,41,x,1,0.28287545799685176,None,41,0,164,0,,,,,372.60843774999375,,372.6032817919913,372.60843774999375,373.59156404199894,373.59156404199894,373.59156404199894,373.59156404199894,373.602214582992,374.5904242079996,374.5904242079996,374.8862352080032,x,1,0.28287545799685176,None,,,,,952509,03,2025-10-02_17h52.05.425,Motor Sequential Learning,,2025.1.1,None,2025-10-02 17h52.13.045488 +0530,
150,v,165,1,41,v,1,0.22177208299399354,None,41,1,165,1,,,,,374.89251000000513,,374.88658216700424,374.89251000000513,375.87324241700117,375.87324241700117,375.87324241700117,375.87324241700117,375.8898976670025,376.8854048749927,376.8854048749927,377.1195661669917,v,1,0.22177208299399354,None,,,,,952509,03,2025-10-02_17h52.05.425,Motor Sequential Learning,,2025.1.1,None,2025-10-02 17h52.13.045488 +0530,
50,c,166,2,41,c,1,0.2635278750094585,None,41,2,166,2,,,,,377.12480791700364,,377.1198779999977,377.12480791700364,378.10640479199355,378.10640479199355,378.10640479199355,378.10640479199355,378.12281879199145,379.10766420800064,379.10766420800064,379.37488566699903,c,1,0.2635278750094585,None,,,,,952509,03,2025-10-02_17h52.05.425,Motor Sequential Learning,,2025.1.1,None,2025-10-02 17h52.13.045488 +0530,
-150,z,167,3,41,z,1,0.21392650000052527,None,41,3,167,3,,,,,379.3852744169999,,379.3753699170047,379.3852744169999,380.37419649999356,380.37419649999356,380.37419649999356,380.37419649999356,380.37419649999356,381.3751852080022,381.3751852080022,381.59188991699193,z,1,0.21392650000052527,None,,,,,952509,03,2025-10-02_17h52.05.425,Motor Sequential Learning,,2025.1.1,None,2025-10-02 17h52.13.045488 +0530,
-50,x,168,0,42,v,0,0.24354620900703594,None,42,0,168,0,,,,,381.60114958300255,,381.5923784170009,381.60114958300255,382.59095045800495,382.59095045800495,382.59095045800495,382.59095045800495,382.59095045800495,383.591520499991,383.591520499991,383.8366546250036,v,0,0.24354620900703594,None,,,,,952509,03,2025-10-02_17h52.05.425,Motor Sequential Learning,,2025.1.1,None,2025-10-02 17h52.13.045488 +0530,
150,v,169,1,42,v,1,0.304283082994516,None,42,1,169,1,,,,,383.84165141699486,,383.8372337079927,383.84165141699486,384.8355426670023,384.8355426670023,384.8355426670023,384.8355426670023,384.8355426670023,385.8247670419951,385.8247670419951,386.13699479200295,v,1,0.304283082994516,None,,,,,952509,03,2025-10-02_17h52.05.425,Motor Sequential Learning,,2025.1.1,None,2025-10-02 17h52.13.045488 +0530,
50,c,170,2,42,c,1,0.29825229199195746,None,42,2,170,2,,,,,386.1469897920033,,386.13764666700445,386.1469897920033,387.13548104200163,387.13548104200163,387.13548104200163,387.13548104200163,387.14027162500133,388.13567274999514,388.13567274999514,388.4378733749909,c,1,0.29825229199195746,None,,,,,952509,03,2025-10-02_17h52.05.425,Motor Sequential Learning,,2025.1.1,None,2025-10-02 17h52.13.045488 +0530,
-150,z,171,3,42,z,1,0.3343626249989029,None,42,3,171,3,,,,,388.44759875000454,,388.43834891699953,388.44759875000454,389.43536274999497,389.43536274999497,389.43536274999497,389.43536274999497,389.4402737079945,390.43544366699643,390.43544366699643,390.7749807920045,z,1,0.3343626249989029,None,,,,,952509,03,2025-10-02_17h52.05.425,Motor Sequential Learning,,2025.1.1,None,2025-10-02 17h52.13.045488 +0530,
-50,x,172,0,43,x,1,0.2498944160033716,None,43,0,172,0,,,,,390.78454241699365,,390.77547370799584,390.78454241699365,391.76868704200024,391.76868704200024,391.76868704200024,391.76868704200024,391.77369991700107,392.76882516700425,392.76882516700425,393.02018166700145,x,1,0.2498944160033716,None,,,,,952509,03,2025-10-02_17h52.05.425,Motor Sequential Learning,,2025.1.1,None,2025-10-02 17h52.13.045488 +0530,
150,v,173,1,43,v,1,0.19602954199945088,None,43,1,173,1,,,,,393.0260707499983,,393.0209197499935,393.0260707499983,394.0187649580039,394.0187649580039,394.0187649580039,394.0187649580039,394.0241466669977,395.01887312499457,395.01887312499457,395.2197950419941,v,1,0.19602954199945088,None,,,,,952509,03,2025-10-02_17h52.05.425,Motor Sequential Learning,,2025.1.1,None,2025-10-02 17h52.13.045488 +0530,
50,c,174,2,43,c,1,0.2261361660057446,None,43,2,174,2,,,,,395.2281210420042,,395.2203242079995,395.2281210420042,396.2187505829934,396.2187505829934,396.2187505829934,396.2187505829934,396.22308466699906,397.2186260000017,397.2186260000017,397.4532733329979,c,1,0.2261361660057446,None,,,,,952509,03,2025-10-02_17h52.05.425,Motor Sequential Learning,,2025.1.1,None,2025-10-02 17h52.13.045488 +0530,
-150,z,175,3,43,z,1,0.0695929579960648,None,43,3,175,3,,,,,397.46221470799355,,397.45383066700015,397.46221470799355,398.4522294999915,398.4522294999915,398.4522294999915,398.4522294999915,398.45787312499306,399.45207470799505,399.45207470799505,399.52555837499676,z,1,0.0695929579960648,None,,,,,952509,03,2025-10-02_17h52.05.425,Motor Sequential Learning,,2025.1.1,None,2025-10-02 17h52.13.045488 +0530,
-50,x,176,0,44,x,1,0.2433589170104824,None,44,0,176,0,,,,,399.53448787500383,,399.5260631249985,399.53448787500383,400.5244667079969,400.5244667079969,400.5244667079969,400.5244667079969,400.5244667079969,401.52935537499434,401.52935537499434,401.7862577499909,x,1,0.2433589170104824,None,,,,,952509,03,2025-10-02_17h52.05.425,Motor Sequential Learning,,2025.1.1,None,2025-10-02 17h52.13.045488 +0530,
150,v,177,1,44,v,1,0.025378584003192373,None,44,1,177,1,,,,,401.7926523329952,,401.7866378750041,401.7926523329952,402.7738002919941,402.7738002919941,402.7738002919941,402.7738002919941,402.790969958005,403.78523233300075,403.78523233300075,403.81992158299545,v,1,0.025378584003192373,None,,,,,952509,03,2025-10-02_17h52.05.425,Motor Sequential Learning,,2025.1.1,None,2025-10-02 17h52.13.045488 +0530,
50,c,178,2,44,c,1,0.12387245900754351,None,44,2,178,2,,,,,403.8296804999991,,403.82057875000464,403.8296804999991,404.81881487500505,404.81881487500505,404.81881487500505,404.81881487500505,404.8237306249939,405.8186907079944,405.8186907079944,405.95323158300016,c,1,0.12387245900754351,None,,,,,952509,03,2025-10-02_17h52.05.425,Motor Sequential Learning,,2025.1.1,None,2025-10-02 17h52.13.045488 +0530,
-150,z,179,3,44,z,1,0.2295769580086926,None,44,3,179,3,,,,,405.9629908749921,,405.95378087500285,405.9629908749921,406.9521801249939,406.9521801249939,406.9521801249939,406.9521801249939,406.95682041699183,407.9519718329975,407.9519718329975,408.18703220799216,z,1,0.2295769580086926,None,,,,,952509,03,2025-10-02_17h52.05.425,Motor Sequential Learning,,2025.1.1,None,2025-10-02 17h52.13.045488 +0530,
-50,x,180,0,45,x,1,0.3552003750082804,None,45,0,180,0,,,,,408.1968860000052,,408.18779970800097,408.1968860000052,409.18531449999136,409.18531449999136,409.18531449999136,409.18531449999136,409.1903250000032,410.18524441699265,410.18524441699265,410.54166437499225,x,1,0.3552003750082804,None,,,,,952509,03,2025-10-02_17h52.05.425,Motor Sequential Learning,,2025.1.1,None,2025-10-02 17h52.13.045488 +0530,
150,v,181,1,45,v,1,0.1745640830049524,None,45,1,181,1,,,,,410.5513856250036,,410.5421410830022,410.5513856250036,411.5406362920039,411.5406362920039,411.5406362920039,411.5406362920039,411.5406362920039,412.54187679199094,412.54187679199094,412.720403542,v,1,0.1745640830049524,None,,,,,952509,03,2025-10-02_17h52.05.425,Motor Sequential Learning,,2025.1.1,None,2025-10-02 17h52.13.045488 +0530,
50,c,182,2,45,c,1,0.20863575000839774,None,45,2,182,2,,,,,412.72573641699273,,412.72110654199787,412.72573641699273,413.71895774999575,413.71895774999575,413.71895774999575,413.71895774999575,413.7242829169991,414.71880225000496,414.71880225000496,414.936784791993,c,1,0.20863575000839774,None,,,,,952509,03,2025-10-02_17h52.05.425,Motor Sequential Learning,,2025.1.1,None,2025-10-02 17h52.13.045488 +0530,
-150,z,183,3,45,z,1,0.2411465409968514,None,45,3,183,3,,,,,414.94598387500446,,414.93735199999355,414.94598387500446,415.9352927919972,415.9352927919972,415.9352927919972,415.9352927919972,415.94061550000333,416.9351820830052,416.9351820830052,417.1867748329969,z,1,0.2411465409968514,None,,,,,952509,03,2025-10-02_17h52.05.425,Motor Sequential Learning,,2025.1.1,None,2025-10-02 17h52.13.045488 +0530,
-50,x,184,0,46,x,1,0.2781847920123255,None,46,0,184,0,,,,,417.1967619579955,,417.1876098329958,417.1967619579955,418.1852168750047,418.1852168750047,418.1852168750047,418.1852168750047,418.1900328329939,419.1850392079941,419.1850392079941,419.4701983749983,x,1,0.2781847920123255,None,,,,,952509,03,2025-10-02_17h52.05.425,Motor Sequential Learning,,2025.1.1,None,2025-10-02 17h52.13.045488 +0530,
150,v,185,1,46,v,1,0.23555058299098164,None,46,1,185,1,,,,,419.47980950000056,,419.47088220799924,419.47980950000056,420.4684508749924,420.4684508749924,420.4684508749924,420.4684508749924,420.4732849580032,421.46860458300216,421.46860458300216,421.70835583300504,v,1,0.23555058299098164,None,,,,,952509,03,2025-10-02_17h52.05.425,Motor Sequential Learning,,2025.1.1,None,2025-10-02 17h52.13.045488 +0530,
50,c,186,2,46,c,1,0.2742047920037294,None,46,2,186,2,,,,,421.71795574999123,,421.7088403329981,421.71795574999123,422.7066294999968,422.7066294999968,422.7066294999968,422.7066294999968,422.7066294999968,423.7089723329991,423.7089723329991,423.98638416700123,c,1,0.2742047920037294,None,,,,,952509,03,2025-10-02_17h52.05.425,Motor Sequential Learning,,2025.1.1,None,2025-10-02 17h52.13.045488 +0530,
-150,z,187,3,46,z,1,0.1879327920032665,None,46,3,187,3,,,,,423.99676058300247,,423.9870474999916,423.99676058300247,424.9849843330012,424.9849843330012,424.9849843330012,424.9849843330012,424.99006662500324,425.98511412499647,425.98511412499647,426.1747983749956,z,1,0.1879327920032665,None,,,,,952509,03,2025-10-02_17h52.05.425,Motor Sequential Learning,,2025.1.1,None,2025-10-02 17h52.13.045488 +0530,
-50,x,188,0,47,x,1,0.29375250000157394,None,47,0,188,0,,,,,426.18437041700236,,426.17529166699387,426.18437041700236,427.17394179200346,427.17394179200346,427.17394179200346,427.17394179200346,427.17394179200346,428.1742671249958,428.1742671249958,428.46969216699654,x,1,0.29375250000157394,None,,,,,952509,03,2025-10-02_17h52.05.425,Motor Sequential Learning,,2025.1.1,None,2025-10-02 17h52.13.045488 +0530,
150,v,189,1,47,v,1,0.25660795900330413,None,47,1,189,1,,,,,428.4791437499953,,428.4702409169986,428.4791437499953,429.4684859580011,429.4684859580011,429.4684859580011,429.4684859580011,429.474582750001,430.46840212499956,430.46840212499956,430.7365564579959,v,1,0.25660795900330413,None,,,,,952509,03,2025-10-02_17h52.05.425,Motor Sequential Learning,,2025.1.1,None,2025-10-02 17h52.13.045488 +0530,
50,c,190,2,47,c,1,0.24991549999685958,None,47,2,190,2,,,,,430.7463368329918,,430.7372826249921,430.7463368329918,431.7349663329951,431.7349663329951,431.7349663329951,431.7349663329951,431.73981029199786,432.7350268750015,432.7350268750015,432.98658620800416,c,1,0.24991549999685958,None,,,,,952509,03,2025-10-02_17h52.05.425,Motor Sequential Learning,,2025.1.1,None,2025-10-02 17h52.13.045488 +0530,
-150,z,191,3,47,z,1,0.22204570900066756,None,47,3,191,3,,,,,432.9959138749982,,432.9871592080017,432.9959138749982,433.98502649999864,433.98502649999864,433.98502649999864,433.98502649999864,433.9895356670022,434.9848804170033,434.9848804170033,435.2082193749957,z,1,0.22204570900066756,None,,,,,952509,03,2025-10-02_17h52.05.425,Motor Sequential Learning,,2025.1.1,None,2025-10-02 17h52.13.045488 +0530,
-50,x,192,0,48,x,1,0.25641600000381004,None,48,0,192,0,,,,,435.2176302500011,,435.2086922919989,435.2176302500011,436.206980707997,436.206980707997,436.206980707997,436.206980707997,436.206980707997,437.2074617920007,437.2074617920007,437.46999425000104,x,1,0.25641600000381004,None,,,,,952509,03,2025-10-02_17h52.05.425,Motor Sequential Learning,,2025.1.1,None,2025-10-02 17h52.13.045488 +0530,
150,v,193,1,48,v,1,0.5453349580056965,None,48,1,193,1,,,,,437.48010400000203,,437.47070024999266,437.48010400000203,438.46838358299283,438.46838358299283,438.46838358299283,438.46838358299283,438.4742463750008,439.4684281670052,439.4684281670052,440.02045733299747,v,1,0.5453349580056965,None,,,,,952509,03,2025-10-02_17h52.05.425,Motor Sequential Learning,,2025.1.1,None,2025-10-02 17h52.13.045488 +0530,
50,c,194,2,48,c,1,0.282533624995267,None,48,2,194,2,,,,,440.0298915000021,,440.0210274580022,440.0298915000021,441.0185188750038,441.0185188750038,441.0185188750038,441.0185188750038,441.0248071249953,442.018201999992,442.018201999992,442.3038072499912,c,1,0.282533624995267,None,,,,,952509,03,2025-10-02_17h52.05.425,Motor Sequential Learning,,2025.1.1,None,2025-10-02 17h52.13.045488 +0530,
-150,z,195,3,48,z,1,0.2305921670049429,None,48,3,195,3,,,,,442.3088671669975,,442.3045002919971,442.3088671669975,443.30166791699594,443.30166791699594,443.30166791699594,443.30166791699594,443.3080862920033,444.30169199999364,444.30169199999364,444.53656112500175,z,1,0.2305921670049429,None,,,,,952509,03,2025-10-02_17h52.05.425,Motor Sequential Learning,,2025.1.1,None,2025-10-02 17h52.13.045488 +0530,
-50,x,196,0,49,x,1,0.1495931249955902,None,49,0,196,0,,,,,444.54231424999307,,444.53753474999394,444.54231424999307,445.53487608299474,445.53487608299474,445.53487608299474,445.53487608299474,445.53938950000156,446.5349770419998,446.5349770419998,446.68636262499786,x,1,0.1495931249955902,None,,,,,952509,03,2025-10-02_17h52.05.425,Motor Sequential Learning,,2025.1.1,None,2025-10-02 17h52.13.045488 +0530,
150,v,197,1,49,v,1,0.2066963749966817,None,49,1,197,1,,,,,446.69633845800126,,446.6870572500047,446.69633845800126,447.6850074999966,447.6850074999966,447.6850074999966,447.6850074999966,447.689493124999,448.68488099999377,448.68488099999377,448.9032762499992,v,1,0.2066963749966817,None,,,,,952509,03,2025-10-02_17h52.05.425,Motor Sequential Learning,,2025.1.1,None,2025-10-02 17h52.13.045488 +0530,
50,c,198,2,49,c,1,0.29797354199399706,None,49,2,198,2,,,,,448.9131999999954,,448.904194207993,448.9131999999954,449.9016841669945,449.9016841669945,449.9016841669945,449.9016841669945,449.906542333003,450.90153316699434,450.90153316699434,451.2030382919911,c,1,0.29797354199399706,None,,,,,952509,03,2025-10-02_17h52.05.425,Motor Sequential Learning,,2025.1.1,None,2025-10-02 17h52.13.045488 +0530,
-150,z,199,3,49,z,1,0.22480399999767542,None,49,3,199,3,,,,,451.20862099999795,,451.20381829199323,451.20862099999795,452.2018119580025,452.2018119580025,452.2018119580025,452.2018119580025,452.2066349169909,453.2016672079917,453.2016672079917,453.4366565419914,z,1,0.22480399999767542,None,,,,,952509,03,2025-10-02_17h52.05.425,Motor Sequential Learning,,2025.1.1,None,2025-10-02 17h52.13.045488 +0530,
150,v,0,0,0,x,0,0.31269624999549706,None,,,,,0,0,0,1,453.4602300419938,,453.45379908299947,453.4602300419938,454.4349659169966,454.4349659169966,454.4349659169966,454.4349659169966,454.45618837499933,455.43482912499167,455.43482912499167,455.753836332995,,,,,x,0,0.31269624999549706,None,952509,03,2025-10-02_17h52.05.425,Motor Sequential Learning,,2025.1.1,None,2025-10-02 17h52.13.045488 +0530,
-150,z,1,1,0,z,1,0.3428610409901012,None,,,,,0,1,1,3,455.76260516699404,,455.7545387919963,455.76260516699404,456.75152624999464,456.75152624999464,456.75152624999464,456.75152624999464,456.7565110419964,457.7514606670011,457.7514606670011,458.1030411249958,,,,,z,1,0.3428610409901012,None,952509,03,2025-10-02_17h52.05.425,Motor Sequential Learning,,2025.1.1,None,2025-10-02 17h52.13.045488 +0530,
-50,x,2,2,0,x,1,0.6227041670063045,None,,,,,0,2,2,0,458.11190662499575,,458.10384462500224,458.11190662499575,459.10151049999695,459.10151049999695,459.10151049999695,459.10151049999695,459.10553212500236,460.10158141699503,460.10158141699503,460.73602208300144,,,,,x,1,0.6227041670063045,None,952509,03,2025-10-02_17h52.05.425,Motor Sequential Learning,,2025.1.1,None,2025-10-02 17h52.13.045488 +0530,
-50,x,3,3,1,x,1,0.7785062909970293,None,,,,,1,3,3,0,460.74473799999396,,460.73658229199646,460.74473799999396,461.7349502080033,461.7349502080033,461.7349502080033,461.7349502080033,461.73972795800364,462.734818041994,462.734818041994,463.51935795799363,,,,,x,1,0.7785062909970293,None,952509,03,2025-10-02_17h52.05.425,Motor Sequential Learning,,2025.1.1,None,2025-10-02 17h52.13.045488 +0530,
-50,x,4,4,2,x,1,0.5581344160018489,None,,,,,2,4,4,0,463.527767749998,,463.5199418330012,463.527767749998,464.51818437500333,464.51818437500333,464.51818437500333,464.51818437500333,464.52316374999646,465.5180792500032,465.5180792500032,466.0863459169923,,,,,x,1,0.5581344160018489,None,952509,03,2025-10-02_17h52.05.425,Motor Sequential Learning,,2025.1.1,None,2025-10-02 17h52.13.045488 +0530,
-50,x,5,5,3,x,1,0.8885114159929799,None,,,,,3,5,5,0,466.0952746249968,,466.08717720799905,466.0952746249968,467.0848232499993,467.0848232499993,467.0848232499993,467.0848232499993,467.09066204199917,468.08466391700495,468.08466391700495,468.9743444170017,,,,,x,1,0.8885114159929799,None,952509,03,2025-10-02_17h52.05.425,Motor Sequential Learning,,2025.1.1,None,2025-10-02 17h52.13.045488 +0530,
-50,x,6,6,4,x,1,0.25201633300457615,None,,,,,4,6,6,0,468.9836610420025,,468.9748140419979,468.9836610420025,469.9757685420045,469.9757685420045,469.9757685420045,469.9757685420045,469.9757685420045,470.9730074169929,470.9730074169929,471.236203708002,,,,,x,1,0.25201633300457615,None,952509,03,2025-10-02_17h52.05.425,Motor Sequential Learning,,2025.1.1,None,2025-10-02 17h52.13.045488 +0530,
50,c,7,7,0,c,1,0.586109124997165,None,,,,,0,7,7,2,471.2455149169982,,471.2367591249931,471.2455149169982,472.23483958300494,472.23483958300494,472.23483958300494,472.23483958300494,472.2395094169915,473.23474200000055,473.23474200000055,473.8242102499935,,,,,c,1,0.586109124997165,None,952509,03,2025-10-02_17h52.05.425,Motor Sequential Learning,,2025.1.1,None,2025-10-02 17h52.13.045488 +0530,
-150,z,8,8,1,z,1,0.4359852920024423,None,,,,,1,8,8,3,473.83370674999605,,473.82469608300016,473.83370674999605,474.82395091699436,474.82395091699436,474.82395091699436,474.82395091699436,474.82395091699436,475.81793937500333,475.81793937500333,476.25865299999714,,,,,z,1,0.4359852920024423,None,952509,03,2025-10-02_17h52.05.425,Motor Sequential Learning,,2025.1.1,None,2025-10-02 17h52.13.045488 +0530,
-150,z,9,9,2,z,1,0.4976285829907283,None,,,,,2,9,9,3,476.26770308299456,,476.2591473749926,476.26770308299456,477.2564047499909,477.2564047499909,477.2564047499909,477.2564047499909,477.2564047499909,478.2592294999922,478.2592294999922,478.7696590419946,,,,,z,1,0.4976285829907283,None,952509,03,2025-10-02_17h52.05.425,Motor Sequential Learning,,2025.1.1,None,2025-10-02 17h52.13.045488 +0530,
150,v,10,10,1,v,1,0.6259179170010611,None,,,,,1,10,10,1,478.7794190830027,,478.770479874991,478.7794190830027,479.7680345830013,479.7680345830013,479.7680345830013,479.7680345830013,479.772198791994,480.7679670420039,480.7679670420039,481.4029475419957,,,,,v,1,0.6259179170010611,None,952509,03,2025-10-02_17h52.05.425,Motor Sequential Learning,,2025.1.1,None,2025-10-02 17h52.13.045488 +0530,
50,c,11,11,1,c,1,0.5636411669984227,None,,,,,1,11,11,2,481.41245750000235,,481.40366458299104,481.41245750000235,482.40135804199963,482.40135804199963,482.40135804199963,482.40135804199963,482.4065333750041,483.4012292080006,483.4012292080006,483.97001616700436,,,,,c,1,0.5636411669984227,None,952509,03,2025-10-02_17h52.05.425,Motor Sequential Learning,,2025.1.1,None,2025-10-02 17h52.13.045488 +0530,
-150,z,12,12,3,z,1,0.9686610000062501,None,,,,,3,12,12,3,483.9795084170037,,483.97083399999246,483.9795084170037,484.96788395800104,484.96788395800104,484.96788395800104,484.96788395800104,484.9728306670004,485.9680269169912,485.9680269169912,486.940620207999,,,,,z,1,0.9686610000062501,None,952509,03,2025-10-02_17h52.05.425,Motor Sequential Learning,,2025.1.1,None,2025-10-02 17h52.13.045488 +0530,
50,c,13,13,2,c,1,0.336234999995213,None,,,,,2,13,13,2,486.95026941699325,,486.9411094169918,486.95026941699325,487.9406045420037,487.9406045420037,487.9406045420037,487.9406045420037,487.9406045420037,488.94136899999285,488.94136899999285,489.28625616700447,,,,,c,1,0.336234999995213,None,952509,03,2025-10-02_17h52.05.425,Motor Sequential Learning,,2025.1.1,None,2025-10-02 17h52.13.045488 +0530,
150,v,14,14,2,v,1,0.616999207995832,None,,,,,2,14,14,1,489.2958879170037,,489.28700329200365,489.2958879170037,490.28450995800085,490.28450995800085,490.28450995800085,490.28450995800085,490.2887471669965,491.2844534169999,491.2844534169999,491.9030688329949,,,,,v,1,0.616999207995832,None,952509,03,2025-10-02_17h52.05.425,Motor Sequential Learning,,2025.1.1,None,2025-10-02 17h52.13.045488 +0530,
-150,z,15,15,4,z,1,0.45432545900985133,None,,,,,4,15,15,3,491.9084892499959,,491.9038876249979,491.9084892499959,492.9012542499986,492.9012542499986,492.9012542499986,492.9012542499986,492.90552866700455,493.90115700000024,493.90115700000024,494.35721366699727,,,,,z,1,0.45432545900985133,None,952509,03,2025-10-02_17h52.05.425,Motor Sequential Learning,,2025.1.1,None,2025-10-02 17h52.13.045488 +0530,
-150,z,16,16,5,z,1,0.4207004159979988,None,,,,,5,16,16,3,494.36681866699655,,494.3577071250038,494.36681866699655,495.3575504170003,495.3575504170003,495.3575504170003,495.3575504170003,495.3575504170003,496.35808399999223,496.35808399999223,496.7859406249918,,,,,z,1,0.4207004159979988,None,952509,03,2025-10-02_17h52.05.425,Motor Sequential Learning,,2025.1.1,None,2025-10-02 17h52.13.045488 +0530,
150,v,17,17,3,v,1,0.4447474579937989,None,,,,,3,17,17,1,496.7951715419913,,496.78678195799876,496.7951715419913,497.7846835829987,497.7846835829987,497.7846835829987,497.7846835829987,497.7901084579935,498.7845703329949,498.7845703329949,499.23602749999554,,,,,v,1,0.4447474579937989,None,952509,03,2025-10-02_17h52.05.425,Motor Sequential Learning,,2025.1.1,None,2025-10-02 17h52.13.045488 +0530,
150,v,18,18,4,v,1,0.4370007920078933,None,,,,,4,18,18,1,499.24532891699346,,499.23692987499817,499.24532891699346,500.234481958003,500.234481958003,500.234481958003,500.234481958003,500.23900124999636,501.23428704199614,501.23428704199614,501.673584499993,,,,,v,1,0.4370007920078933,None,952509,03,2025-10-02_17h52.05.425,Motor Sequential Learning,,2025.1.1,None,2025-10-02 17h52.13.045488 +0530,
-150,z,19,19,6,z,1,0.4214935000054538,None,,,,,6,19,19,3,501.68342487499467,,501.6740705830016,501.68342487499467,502.674811082994,502.674811082994,502.674811082994,502.674811082994,502.674811082994,503.6677774169948,503.6677774169948,504.09045254200464,,,,,z,1,0.4214935000054538,None,952509,03,2025-10-02_17h52.05.425,Motor Sequential Learning,,2025.1.1,None,2025-10-02 17h52.13.045488 +0530,
-150,z,20,20,7,z,1,0.41564387499238364,None,,,,,7,20,20,3,504.100187582997,,504.0909358749923,504.100187582997,505.0896767499944,505.0896767499944,505.0896767499944,505.0896767499944,505.0896767499944,506.08447983299266,506.08447983299266,506.502708,,,,,z,1,0.41564387499238364,None,952509,03,2025-10-02_17h52.05.425,Motor Sequential Learning,,2025.1.1,None,2025-10-02 17h52.13.045488 +0530,
-50,x,21,21,5,x,1,0.37235895900812466,None,,,,,5,21,21,0,506.51250533299753,,506.503403374998,506.51250533299753,507.50095008299104,507.50095008299104,507.50095008299104,507.50095008299104,507.5056270829955,508.501098541994,508.501098541994,508.8860077080026,,,,,x,1,0.37235895900812466,None,952509,03,2025-10-02_17h52.05.425,Motor Sequential Learning,,2025.1.1,None,2025-10-02 17h52.13.045488 +0530,
150,v,22,22,5,v,1,0.39069529199332464,None,,,,,5,22,22,1,508.89570720799384,,508.886699374998,508.89570720799384,509.88437958300347,509.88437958300347,509.88437958300347,509.88437958300347,509.88957929199387,510.8844517079997,510.8844517079997,511.28627108299406,,,,,v,1,0.39069529199332464,None,952509,03,2025-10-02_17h52.05.425,Motor Sequential Learning,,2025.1.1,None,2025-10-02 17h52.13.045488 +0530,
-150,z,23,23,8,z,1,0.7147768330032704,None,,,,,8,23,23,3,511.2964168329927,,511.2871609169961,511.2964168329927,512.2843737920048,512.2843737920048,512.2843737920048,512.2843737920048,512.2890561669919,513.2842557499971,513.2842557499971,514.0030676669994,,,,,z,1,0.7147768330032704,None,952509,03,2025-10-02_17h52.05.425,Motor Sequential Learning,,2025.1.1,None,2025-10-02 17h52.13.045488 +0530,
-150,z,24,24,9,z,1,0.3809228750033071,None,,,,,9,24,24,3,514.0125245419913,,514.0035891250009,514.0125245419913,515.0009142079944,515.0009142079944,515.0009142079944,515.0009142079944,515.0056066669931,516.0010167919972,516.0010167919972,516.3860372920026,,,,,z,1,0.3809228750033071,None,952509,03,2025-10-02_17h52.05.425,Motor Sequential Learning,,2025.1.1,None,2025-10-02 17h52.13.045488 +0530,
-150,z,25,25,10,z,1,0.40368058400053997,None,,,,,10,25,25,3,516.3959784579929,,516.3868142499996,516.3959784579929,517.3843449580017,517.3843449580017,517.3843449580017,517.3843449580017,517.3891907920042,518.3842625830002,518.3842625830002,518.7904684169916,,,,,z,1,0.40368058400053997,None,952509,03,2025-10-02_17h52.05.425,Motor Sequential Learning,,2025.1.1,None,2025-10-02 17h52.13.045488 +0530,
-50,x,26,26,6,x,1,0.33587320799415465,None,,,,,6,26,26,0,518.800174582997,,518.7909645829932,518.800174582997,519.7904154169955,519.7904154169955,519.7904154169955,519.7904154169955,519.7904154169955,520.7890394169954,520.7890394169954,521.1356430000014,,,,,x,1,0.33587320799415465,None,952509,03,2025-10-02_17h52.05.425,Motor Sequential Learning,,2025.1.1,None,2025-10-02 17h52.13.045488 +0530,
50,c,27,27,3,c,1,0.31364029199176,None,,,,,3,27,27,2,521.1448058329988,,521.1362511670013,521.1448058329988,522.1344794579927,522.1344794579927,522.1344794579927,522.1344794579927,522.1393579169962,523.1343414169969,523.1343414169969,523.4524780829961,,,,,c,1,0.31364029199176,None,952509,03,2025-10-02_17h52.05.425,Motor Sequential Learning,,2025.1.1,None,2025-10-02 17h52.13.045488 +0530,
-50,x,28,28,7,c,0,0.3877572089986643,None,,,,,7,28,28,0,523.4621894169977,,523.4531630419951,523.4621894169977,524.4508785829967,524.4508785829967,524.4508785829967,524.4508785829967,524.4555005000002,525.4510429579968,525.4510429579968,525.8400331669982,,,,,c,0,0.3877572089986643,None,952509,03,2025-10-02_17h52.05.425,Motor Sequential Learning,,2025.1.1,None,2025-10-02 17h52.13.045488 +0530,
50,c,29,29,4,c,1,0.4271030840027379,None,,,,,4,29,29,2,525.8499274999922,,525.8404978750041,525.8499274999922,526.8391136669961,526.8391136669961,526.8391136669961,526.8391136669961,526.8391136669961,527.8406154169934,527.8406154169934,528.2745552080014,,,,,c,1,0.4271030840027379,None,952509,03,2025-10-02_17h52.05.425,Motor Sequential Learning,,2025.1.1,None,2025-10-02 17h52.13.045488 +0530,
-150,z,30,30,11,z,1,0.3499617499910528,None,,,,,11,30,30,3,528.2837016249978,,528.2750544580049,528.2837016249978,529.2730912080006,529.2730912080006,529.2730912080006,529.2730912080006,529.2730912080006,530.2736820830032,530.2736820830032,530.6358559579967,,,,,z,1,0.3499617499910528,None,952509,03,2025-10-02_17h52.05.425,Motor Sequential Learning,,2025.1.1,None,2025-10-02 17h52.13.045488 +0530,
150,v,31,31,6,v,1,0.32144479200360365,None,,,,,6,31,31,1,530.6457106250018,,530.6365991249913,530.6457106250018,531.6341534169915,531.6341534169915,531.6341534169915,531.6341534169915,531.6403987919912,532.6342345000012,532.6342345000012,532.9575612500048,,,,,v,1,0.32144479200360365,None,952509,03,2025-10-02_17h52.05.425,Motor Sequential Learning,,2025.1.1,None,2025-10-02 17h52.13.045488 +0530,
-50,x,32,32,8,x,1,0.32157104200450704,None,,,,,8,32,32,0,532.9668662920012,,532.9580483329919,532.9668662920012,533.9559807920014,533.9559807920014,533.9559807920014,533.9559807920014,533.9559807920014,534.9570172079984,534.9570172079984,535.2853864170029,,,,,x,1,0.32157104200450704,None,952509,03,2025-10-02_17h52.05.425,Motor Sequential Learning,,2025.1.1,None,2025-10-02 17h52.13.045488 +0530,
150,v,33,33,7,v,1,0.28142795799067244,None,,,,,7,33,33,1,535.2934819999937,,535.2858517919958,535.2934819999937,536.2842126670002,536.2842126670002,536.2842126670002,536.2842126670002,536.2897655419947,537.284096125004,537.284096125004,537.5688516249938,,,,,v,1,0.28142795799067244,None,952509,03,2025-10-02_17h52.05.425,Motor Sequential Learning,,2025.1.1,None,2025-10-02 17h52.13.045488 +0530,
-50,x,34,34,9,z,0,0.1792003750015283,None,,,,,9,34,34,0,537.5740909579908,,537.5694678750006,537.5740909579908,538.567522917001,538.567522917001,538.567522917001,538.567522917001,538.5731947919994,539.5673746669927,539.5673746669927,539.7523693749972,,,,,z,0,0.1792003750015283,None,952509,03,2025-10-02_17h52.05.425,Motor Sequential Learning,,2025.1.1,None,2025-10-02 17h52.13.045488 +0530,
150,v,35,35,8,v,1,0.42660183300904464,None,,,,,8,35,35,1,539.7615701250033,,539.7532455829933,539.7615701250033,540.7509697499918,540.7509697499918,540.7509697499918,540.7509697499918,540.7551220829919,541.7508503749996,541.7508503749996,542.185511417003,,,,,v,1,0.42660183300904464,None,952509,03,2025-10-02_17h52.05.425,Motor Sequential Learning,,2025.1.1,None,2025-10-02 17h52.13.045488 +0530,
-50,x,36,36,10,x,1,0.5343154160073027,None,,,,,10,36,36,0,542.1943239169923,,542.1860638329963,542.1943239169923,543.1839534579922,543.1839534579922,543.1839534579922,543.1839534579922,543.1884682499949,544.1840187920025,544.1840187920025,544.7239528329956,,,,,x,1,0.5343154160073027,None,952509,03,2025-10-02_17h52.05.425,Motor Sequential Learning,,2025.1.1,None,2025-10-02 17h52.13.045488 +0530,
-50,x,37,37,11,x,1,0.4912086250114953,None,,,,,11,37,37,0,544.733109791996,,544.7244321670005,544.733109791996,545.7246870419913,545.7246870419913,545.7246870419913,545.7246870419913,545.7246870419913,546.723175082996,546.723175082996,547.2191657499934,,,,,x,1,0.4912086250114953,None,952509,03,2025-10-02_17h52.05.425,Motor Sequential Learning,,2025.1.1,None,2025-10-02 17h52.13.045488 +0530,
50,c,38,38,5,c,1,0.4161590419971617,None,,,,,5,38,38,2,547.2297437499947,,547.2198498749931,547.2297437499947,548.2172219579952,548.2172219579952,548.2172219579952,548.2172219579952,548.2228023329953,549.2173413749988,549.2173413749988,549.6352678749972,,,,,c,1,0.4161590419971617,None,952509,03,2025-10-02_17h52.05.425,Motor Sequential Learning,,2025.1.1,None,2025-10-02 17h52.13.045488 +0530,
150,v,39,39,9,v,1,1.0721960829978343,None,,,,,9,39,39,1,549.6441106669954,,549.6357857080002,549.6441106669954,550.634064124999,550.634064124999,550.634064124999,550.634064124999,550.6397325830039,551.6339427499915,551.6339427499915,552.7080381669948,,,,,v,1,1.0721960829978343,None,952509,03,2025-10-02_17h52.05.425,Motor Sequential Learning,,2025.1.1,None,2025-10-02 17h52.13.045488 +0530,
150,v,40,40,10,v,1,0.35393483299412765,None,,,,,10,40,40,1,552.7171050000034,,552.7085415829933,552.7171050000034,553.7075554170005,553.7075554170005,553.7075554170005,553.7075554170005,553.7075554170005,554.7061198750016,554.7061198750016,555.0685991670034,,,,,v,1,0.35393483299412765,None,952509,03,2025-10-02_17h52.05.425,Motor Sequential Learning,,2025.1.1,None,2025-10-02 17h52.13.045488 +0530,
-150,z,41,41,12,z,1,0.45235591699020006,None,,,,,12,41,41,3,555.0774666249927,,555.0690935829916,555.0774666249927,556.0674199999921,556.0674199999921,556.0674199999921,556.0674199999921,556.0720480419986,557.0676012920012,557.0676012920012,557.5240239580016,,,,,z,1,0.45235591699020006,None,952509,03,2025-10-02_17h52.05.425,Motor Sequential Learning,,2025.1.1,None,2025-10-02 17h52.13.045488 +0530,
150,v,42,42,11,v,1,0.39612299999862444,None,,,,,11,42,42,1,557.5332851249987,,557.5245454169926,557.5332851249987,558.5225198330008,558.5225198330008,558.5225198330008,558.5225198330008,558.5225198330008,559.5248204169911,559.5248204169911,559.9240428749908,,,,,v,1,0.39612299999862444,None,952509,03,2025-10-02_17h52.05.425,Motor Sequential Learning,,2025.1.1,None,2025-10-02 17h52.13.045488 +0530,
-50,x,43,43,12,x,1,0.6564379999908851,None,,,,,12,43,43,0,559.9333592920011,,559.9245378329942,559.9333592920011,560.9217628329934,560.9217628329934,560.9217628329934,560.9217628329934,560.9217628329934,561.9234544999927,561.9234544999927,562.5854952079972,,,,,x,1,0.6564379999908851,None,952509,03,2025-10-02_17h52.05.425,Motor Sequential Learning,,2025.1.1,None,2025-10-02 17h52.13.045488 +0530,
50,c,44,44,6,c,1,0.5160655829968164,None,,,,,6,44,44,2,562.5951834169973,,562.5862107499997,562.5951834169973,563.5838294580026,563.5838294580026,563.5838294580026,563.5838294580026,563.5886898750032,564.5839203329961,564.5839203329961,565.1022204579931,,,,,c,1,0.5160655829968164,None,952509,03,2025-10-02_17h52.05.425,Motor Sequential Learning,,2025.1.1,None,2025-10-02 17h52.13.045488 +0530,
50,c,45,45,7,c,1,0.8812832500116201,None,,,,,7,45,45,2,565.1074266249925,,565.1030352499947,565.1074266249925,566.1007280000049,566.1007280000049,566.1007280000049,566.1007280000049,566.106217958004,567.100533417004,567.100533417004,567.9852449579921,,,,,c,1,0.8812832500116201,None,952509,03,2025-10-02_17h52.05.425,Motor Sequential Learning,,2025.1.1,None,2025-10-02 17h52.13.045488 +0530,
150,v,46,46,12,v,1,0.4258322079986101,None,,,,,12,46,46,1,567.9905576669989,,567.9859650419967,567.9905576669989,568.983750542,568.983750542,568.983750542,568.983750542,568.9892680829944,569.983811625003,569.983811625003,570.4188827920007,,,,,v,1,0.4258322079986101,None,952509,03,2025-10-02_17h52.05.425,Motor Sequential Learning,,2025.1.1,None,2025-10-02 17h52.13.045488 +0530,
50,c,47,47,8,c,1,0.4005899589974433,None,,,,,8,47,47,2,570.4290121249942,,570.4195651670016,570.4290121249942,571.4171857500041,571.4171857500041,571.4171857500041,571.4171857500041,571.4219322499994,572.4171463749954,572.4171463749954,572.8244504169998,,,,,c,1,0.4005899589974433,None,952509,03,2025-10-02_17h52.05.425,Motor Sequential Learning,,2025.1.1,None,2025-10-02 17h52.13.045488 +0530,
150,v,48,48,13,v,1,0.37103775001014583,None,,,,,13,48,48,1,572.8337258329993,,572.824751082997,572.8337258329993,573.8222105000023,573.8222105000023,573.8222105000023,573.8222105000023,573.8222105000023,574.821797083001,574.821797083001,575.2011321250029,,,,,v,1,0.37103775001014583,None,952509,03,2025-10-02_17h52.05.425,Motor Sequential Learning,,2025.1.1,None,2025-10-02 17h52.13.045488 +0530,
150,v,49,49,14,v,1,0.5861327500024345,None,,,,,14,49,49,1,575.2068772920029,,575.2014674579987,575.2068772920029,576.1882825420034,576.1882825420034,576.1882825420034,576.1882825420034,576.204183416994,577.1884129169921,577.1884129169921,577.7848702079937,,,,,v,1,0.5861327500024345,None,952509,03,2025-10-02_17h52.05.425,Motor Sequential Learning,,2025.1.1,None,2025-10-02 17h52.13.045488 +0530,
-150,z,50,50,13,z,1,0.4336964170070132,None,,,,,13,50,50,3,577.7923479579913,,577.7852895419928,577.7923479579913,578.7839782079973,578.7839782079973,578.7839782079973,578.7839782079973,578.7895739170053,579.7838174579956,579.7838174579956,580.221921874996,,,,,z,1,0.4336964170070132,None,952509,03,2025-10-02_17h52.05.425,Motor Sequential Learning,,2025.1.1,None,2025-10-02 17h52.13.045488 +0530,
50,c,51,51,9,c,1,0.3527688330068486,None,,,,,9,51,51,2,580.2336235830007,,580.2222620829998,580.2336235830007,581.2170772919926,581.2170772919926,581.2170772919926,581.2170772919926,581.221985917,582.2167869169934,582.2167869169934,582.5721678749978,,,,,c,1,0.3527688330068486,None,952509,03,2025-10-02_17h52.05.425,Motor Sequential Learning,,2025.1.1,None,2025-10-02 17h52.13.045488 +0530,
150,v,52,52,15,v,1,0.40943899999547284,None,,,,,15,52,52,1,582.5835849580035,,582.5724916670006,582.5835849580035,583.5670494579972,583.5670494579972,583.5670494579972,583.5670494579972,583.5721073329914,584.5669575420034,584.5669575420034,584.9849274580047,,,,,v,1,0.40943899999547284,None,952509,03,2025-10-02_17h52.05.425,Motor Sequential Learning,,2025.1.1,None,2025-10-02 17h52.13.045488 +0530,
50,c,53,53,10,c,1,0.43668549999711104,None,,,,,10,53,53,2,584.9930050830008,,584.9854891669966,584.9930050830008,585.9836935420026,585.9836935420026,585.9836935420026,585.9836935420026,585.9883358329971,586.9836298330047,586.9836298330047,587.4228166249959,,,,,c,1,0.43668549999711104,None,952509,03,2025-10-02_17h52.05.425,Motor Sequential Learning,,2025.1.1,None,2025-10-02 17h52.13.045488 +0530,
-50,x,54,54,13,x,1,0.47368049999931827,None,,,,,13,54,54,0,587.4326096250006,,587.4232994579943,587.4326096250006,588.4223039170029,588.4223039170029,588.4223039170029,588.4223039170029,588.4223039170029,589.4226555829955,589.4226555829955,589.9016014999943,,,,,x,1,0.47368049999931827,None,952509,03,2025-10-02_17h52.05.425,Motor Sequential Learning,,2025.1.1,None,2025-10-02 17h52.13.045488 +0530,
-50,x,55,55,14,x,1,0.35600212500139605,None,,,,,14,55,55,0,589.9062185829971,,589.902111916992,589.9062185829971,590.9003458329971,590.9003458329971,590.9003458329971,590.9003458329971,590.9055837499909,591.900213957997,591.900213957997,592.2680759579962,,,,,x,1,0.35600212500139605,None,952509,03,2025-10-02_17h52.05.425,Motor Sequential Learning,,2025.1.1,None,2025-10-02 17h52.13.045488 +0530,
50,c,56,56,11,c,1,0.3701992089918349,None,,,,,11,56,56,2,592.2770712920028,,592.2685936249909,592.2770712920028,593.266887042002,593.266887042002,593.266887042002,593.266887042002,593.271663749998,594.2669204580016,594.2669204580016,594.6396274580038,,,,,c,1,0.3701992089918349,None,952509,03,2025-10-02_17h52.05.425,Motor Sequential Learning,,2025.1.1,None,2025-10-02 17h52.13.045488 +0530,
150,v,57,57,16,v,1,0.3546160000114469,None,,,,,16,57,57,1,594.649161082998,,594.6401079579955,594.649161082998,595.6385006670025,595.6385006670025,595.6385006670025,595.6385006670025,595.6385006670025,596.6385168749985,596.6385168749985,597.0014522919955,,,,,v,1,0.3546160000114469,None,952509,03,2025-10-02_17h52.05.425,Motor Sequential Learning,,2025.1.1,None,2025-10-02 17h52.13.045488 +0530,
-50,x,58,58,15,x,1,0.5770204590080539,None,,,,,15,58,58,0,597.010483207996,,597.0020005419938,597.010483207996,598.0002246670047,598.0002246670047,598.0002246670047,598.0002246670047,598.0054309580009,599.0001203749998,599.0001203749998,599.5849049999961,,,,,x,1,0.5770204590080539,None,952509,03,2025-10-02_17h52.05.425,Motor Sequential Learning,,2025.1.1,None,2025-10-02 17h52.13.045488 +0530,
-50,x,59,59,16,x,1,0.406371749995742,None,,,,,16,59,59,0,599.593406208005,,599.5854905419983,599.593406208005,600.5834483749932,600.5834483749932,600.5834483749932,600.5834483749932,600.5881567079923,601.5835222919995,601.5835222919995,602.001531832997,,,,,x,1,0.406371749995742,None,952509,03,2025-10-02_17h52.05.425,Motor Sequential Learning,,2025.1.1,None,2025-10-02 17h52.13.045488 +0530,
50,c,60,60,12,c,1,0.31779412500327453,None,,,,,12,60,60,2,602.010517082992,,602.0020897079958,602.010517082992,603.0000992080022,603.0000992080022,603.0000992080022,603.0000992080022,603.0054505000007,604.0002019579988,604.0002019579988,604.3227384170023,,,,,c,1,0.31779412500327453,None,952509,03,2025-10-02_17h52.05.425,Motor Sequential Learning,,2025.1.1,None,2025-10-02 17h52.13.045488 +0530,
50,c,61,61,13,c,1,0.322119542004657,None,,,,,13,61,61,2,604.332475874995,,604.3232197079924,604.332475874995,605.3224995829951,605.3224995829951,605.3224995829951,605.3224995829951,605.3224995829951,606.3167014579958,606.3167014579958,606.6401781250024,,,,,c,1,0.322119542004657,None,952509,03,2025-10-02_17h52.05.425,Motor Sequential Learning,,2025.1.1,None,2025-10-02 17h52.13.045488 +0530,
-50,x,62,62,17,x,1,0.9569550409942167,None,,,,,17,62,62,0,606.6492862500018,,606.6407027079986,606.6492862500018,607.6383970000024,607.6383970000024,607.6383970000024,607.6383970000024,607.6383970000024,608.6389600830007,608.6389600830007,609.6012819169991,,,,,x,1,0.9569550409942167,None,952509,03,2025-10-02_17h52.05.425,Motor Sequential Learning,,2025.1.1,None,2025-10-02 17h52.13.045488 +0530,
50,c,63,63,14,c,1,0.5206940840143943,None,,,,,14,63,63,2,609.6062422079995,,609.6018194579956,609.6062422079995,610.5999999999913,610.5999999999913,610.5999999999913,610.5999999999913,610.6058358330047,611.6000847499963,611.6000847499963,612.1228923329909,,,,,c,1,0.5206940840143943,None,952509,03,2025-10-02_17h52.05.425,Motor Sequential Learning,,2025.1.1,None,2025-10-02 17h52.13.045488 +0530,
50,c,64,64,15,c,1,0.41248554100457113,None,,,,,15,64,64,2,612.1324189169973,,612.1233752080007,612.1324189169973,613.1167612499994,613.1167612499994,613.1167612499994,613.1167612499994,613.1218539999973,614.121249667005,614.121249667005,614.5392672080052,,,,,c,1,0.41248554100457113,None,952509,03,2025-10-02_17h52.05.425,Motor Sequential Learning,,2025.1.1,None,2025-10-02 17h52.13.045488 +0530,
-150,z,65,65,14,z,1,0.6835420829884242,None,,,,,14,65,65,3,614.5490682919917,,614.5397515420045,614.5490682919917,615.5333967079932,615.5333967079932,615.5333967079932,615.5333967079932,615.5384080829972,616.5380808750051,616.5380808750051,617.234562083002,,,,,z,1,0.6835420829884242,None,952509,03,2025-10-02_17h52.05.425,Motor Sequential Learning,,2025.1.1,None,2025-10-02 17h52.13.045488 +0530,
-150,z,66,66,15,z,1,0.46936512499814853,None,,,,,15,66,66,3,617.2435395420034,,617.2351024999953,617.2435395420034,618.2333158330002,618.2333158330002,618.2333158330002,618.2333158330002,618.2383586249925,619.2332188750006,619.2332188750006,619.706125208002,,,,,z,1,0.46936512499814853,None,952509,03,2025-10-02_17h52.05.425,Motor Sequential Learning,,2025.1.1,None,2025-10-02 17h52.13.045488 +0530,
-150,z,67,67,16,z,1,0.9161032920092111,None,,,,,16,67,67,3,619.7157069999957,,619.7066259999992,619.7157069999957,620.7055792500032,620.7055792500032,620.7055792500032,620.7055792500032,620.7055792500032,621.7043829579925,621.7043829579925,622.6229187499994,,,,,z,1,0.9161032920092111,None,952509,03,2025-10-02_17h52.05.425,Motor Sequential Learning,,2025.1.1,None,2025-10-02 17h52.13.045488 +0530,
-50,x,68,68,18,x,1,0.49905479200242553,None,,,,,18,68,68,0,622.6323425419978,,622.6234042080032,622.6323425419978,623.622556250004,623.622556250004,623.622556250004,623.622556250004,623.622556250004,624.621386208004,624.621386208004,625.1226263749995,,,,,x,1,0.49905479200242553,None,952509,03,2025-10-02_17h52.05.425,Motor Sequential Learning,,2025.1.1,None,2025-10-02 17h52.13.045488 +0530,
150,v,69,69,17,v,1,0.3639890830090735,None,,,,,17,69,69,1,625.133374291996,,625.1230810419947,625.133374291996,626.116552624997,626.116552624997,626.116552624997,626.116552624997,626.1215376250038,627.1213990830001,627.1213990830001,627.4891763329942,,,,,v,1,0.3639890830090735,None,952509,03,2025-10-02_17h52.05.425,Motor Sequential Learning,,2025.1.1,None,2025-10-02 17h52.13.045488 +0530,
-50,x,70,70,19,x,1,0.5664236249867827,None,,,,,19,70,70,0,627.4993015420041,,627.4896557079919,627.4993015420041,628.4887261249969,628.4887261249969,628.4887261249969,628.4887261249969,628.4887261249969,629.4888070419984,629.4888070419984,630.0676257919986,,,,,x,1,0.5664236249867827,None,952509,03,2025-10-02_17h52.05.425,Motor Sequential Learning,,2025.1.1,None,2025-10-02 17h52.13.045488 +0530,
-50,x,71,71,20,x,1,0.9477264159941114,None,,,,,20,71,71,0,630.0748958750046,,630.0680958330049,630.0748958750046,631.0665453330002,631.0665453330002,631.0665453330002,631.0665453330002,631.0713738329941,632.0664391669998,632.0664391669998,633.0176519169909,,,,,x,1,0.9477264159941114,None,952509,03,2025-10-02_17h52.05.425,Motor Sequential Learning,,2025.1.1,None,2025-10-02 17h52.13.045488 +0530,
-150,z,72,72,17,z,1,0.5526298330078134,None,,,,,17,72,72,3,633.0221838750003,,633.0181691670005,633.0221838750003,634.0165516249981,634.0165516249981,634.0165516249981,634.0165516249981,634.0165516249981,635.0164711669931,635.0164711669931,635.5728364999959,,,,,z,1,0.5526298330078134,None,952509,03,2025-10-02_17h52.05.425,Motor Sequential Learning,,2025.1.1,None,2025-10-02 17h52.13.045488 +0530,
-50,x,73,73,21,x,1,0.4874894160020631,None,,,,,21,73,73,0,635.5821723330009,,635.5733437080053,635.5821723330009,636.5665503329947,636.5665503329947,636.5665503329947,636.5665503329947,636.5716942500003,637.5715407919924,637.5715407919924,638.0680440830038,,,,,x,1,0.4874894160020631,None,952509,03,2025-10-02_17h52.05.425,Motor Sequential Learning,,2025.1.1,None,2025-10-02 17h52.13.045488 +0530,
-50,x,74,74,22,x,1,0.39854766700591426,None,,,,,22,74,74,0,638.076932875003,,638.0687551250012,638.076932875003,639.0664929170016,639.0664929170016,639.0664929170016,639.0664929170016,639.0712657080003,640.0665851249942,640.0665851249942,640.467605124999,,,,,x,1,0.39854766700591426,None,952509,03,2025-10-02_17h52.05.425,Motor Sequential Learning,,2025.1.1,None,2025-10-02 17h52.13.045488 +0530,
50,c,75,75,16,c,1,0.3166538329969626,None,,,,,16,75,75,2,640.4722367499926,,640.4681337499933,640.4722367499926,641.4665108329937,641.4665108329937,641.4665108329937,641.4665108329937,641.4665108329937,642.4664119170047,642.4664119170047,642.7843994580035,,,,,c,1,0.3166538329969626,None,952509,03,2025-10-02_17h52.05.425,Motor Sequential Learning,,2025.1.1,None,2025-10-02 17h52.13.045488 +0530,
-50,x,76,76,23,x,1,0.3746312500006752,None,,,,,23,76,76,0,642.7890909580019,,642.7849244579993,642.7890909580019,643.7831045829953,643.7831045829953,643.7831045829953,643.7831045829953,643.7885989579954,644.7832632079953,644.7832632079953,645.1677488330024,,,,,x,1,0.3746312500006752,None,952509,03,2025-10-02_17h52.05.425,Motor Sequential Learning,,2025.1.1,None,2025-10-02 17h52.13.045488 +0530,
150,v,77,77,18,v,1,0.326382500003092,None,,,,,18,77,77,1,645.1764548749925,,645.1683091250015,645.1764548749925,646.1665598330001,646.1665598330001,646.1665598330001,646.1665598330001,646.1719427079952,647.1666227919923,647.1666227919923,647.5013423749915,,,,,v,1,0.326382500003092,None,952509,03,2025-10-02_17h52.05.425,Motor Sequential Learning,,2025.1.1,None,2025-10-02 17h52.13.045488 +0530,
-50,x,78,78,24,x,1,0.46517325000604615,None,,,,,24,78,78,0,647.5102709170023,,647.502032999997,647.5102709170023,648.4997966249939,648.4997966249939,648.4997966249939,648.4997966249939,648.5045852500043,649.4999031250045,649.4999031250045,649.9679052499996,,,,,x,1,0.46517325000604615,None,952509,03,2025-10-02_17h52.05.425,Motor Sequential Learning,,2025.1.1,None,2025-10-02 17h52.13.045488 +0530,
50,c,79,79,17,c,1,0.3064298749959562,None,,,,,17,79,79,2,649.9728124579997,,649.9685793329991,649.9728124579997,650.9663026670023,650.9663026670023,650.9663026670023,650.9663026670023,650.9710747920035,651.9663952499977,651.9663952499977,652.2842541249993,,,,,c,1,0.3064298749959562,None,952509,03,2025-10-02_17h52.05.425,Motor Sequential Learning,,2025.1.1,None,2025-10-02 17h52.13.045488 +0530,
-150,z,80,80,18,z,1,0.34364566700241994,None,,,,,18,80,80,3,652.2930151250039,,652.2847535829933,652.2930151250039,653.2830192919937,653.2830192919937,653.2830192919937,653.2830192919937,653.2877921670006,654.2831091249973,654.2831091249973,654.6342213750031,,,,,z,1,0.34364566700241994,None,952509,03,2025-10-02_17h52.05.425,Motor Sequential Learning,,2025.1.1,None,2025-10-02 17h52.13.045488 +0530,
150,v,81,81,19,v,1,0.40157866598747205,None,,,,,19,81,81,1,654.642762250005,,654.6347526669997,654.642762250005,655.6329946250044,655.6329946250044,655.6329946250044,655.6329946250044,655.6377592079953,656.6330789170024,656.6330789170024,657.0391252080008,,,,,v,1,0.40157866598747205,None,952509,03,2025-10-02_17h52.05.425,Motor Sequential Learning,,2025.1.1,None,2025-10-02 17h52.13.045488 +0530,
-50,x,82,82,25,x,1,0.37300287499965634,None,,,,,25,82,82,0,657.0487869999924,,657.0396159999946,657.0487869999924,658.0378556249925,658.0378556249925,658.0378556249925,658.0378556249925,658.0378556249925,659.037693249993,659.037693249993,659.4177754169941,,,,,x,1,0.37300287499965634,None,952509,03,2025-10-02_17h52.05.425,Motor Sequential Learning,,2025.1.1,None,2025-10-02 17h52.13.045488 +0530,
-150,z,83,83,19,z,1,0.38131574999715667,None,,,,,19,83,83,3,659.4264400829998,,659.4183158749947,659.4264400829998,660.4162264170009,660.4162264170009,660.4162264170009,660.4162264170009,660.4209374170023,661.4163200000039,661.4163200000039,661.8009951669956,,,,,z,1,0.38131574999715667,None,952509,03,2025-10-02_17h52.05.425,Motor Sequential Learning,,2025.1.1,None,2025-10-02 17h52.13.045488 +0530,
50,c,84,84,18,v,0,0.3509404169890331,None,,,,,18,84,84,2,661.8059055000049,,661.8015049999958,661.8059055000049,662.7996277499915,662.7996277499915,662.7996277499915,662.7996277499915,662.8046512080036,663.7995483330014,663.7995483330014,664.155903042003,,,,,v,0,0.3509404169890331,None,952509,03,2025-10-02_17h52.05.425,Motor Sequential Learning,,2025.1.1,None,2025-10-02 17h52.13.045488 +0530,
150,v,85,85,20,v,1,0.6297455000021728,None,,,,,20,85,85,1,664.1652367079951,,664.1563943329966,664.1652367079951,665.1496148330043,665.1496148330043,665.1496148330043,665.1496148330043,665.1551955000032,666.1496834999998,666.1496834999998,666.7841780000017,,,,,v,1,0.6297455000021728,None,952509,03,2025-10-02_17h52.05.425,Motor Sequential Learning,,2025.1.1,None,2025-10-02 17h52.13.045488 +0530,
150,v,86,86,21,v,1,0.882386958997813,None,,,,,21,86,86,1,666.788861042005,,666.7846854999952,666.788861042005,667.782946708001,667.782946708001,667.782946708001,667.782946708001,667.7887362079928,668.783054457992,668.783054457992,669.6675143750035,,,,,v,1,0.882386958997813,None,952509,03,2025-10-02_17h52.05.425,Motor Sequential Learning,,2025.1.1,None,2025-10-02 17h52.13.045488 +0530,
-150,z,87,87,20,z,1,0.7762044169940054,None,,,,,20,87,87,3,669.6719543749932,,669.6680049999995,669.6719543749932,670.6662583330035,670.6662583330035,670.6662583330035,670.6662583330035,670.6710290420015,671.6661251250043,671.6661251250043,672.4506887079915,,,,,z,1,0.7762044169940054,None,952509,03,2025-10-02_17h52.05.425,Motor Sequential Learning,,2025.1.1,None,2025-10-02 17h52.13.045488 +0530,
-50,x,88,88,26,x,1,1.2628757499915082,None,,,,,26,88,88,0,672.4592697079934,,672.4511950000015,672.4592697079934,673.4494771669997,673.4494771669997,673.4494771669997,673.4494771669997,673.4542364579975,674.4495494169969,674.4495494169969,675.7174630829977,,,,,x,1,1.2628757499915082,None,952509,03,2025-10-02_17h52.05.425,Motor Sequential Learning,,2025.1.1,None,2025-10-02 17h52.13.045488 +0530,
150,v,89,89,22,v,1,0.6908850000036182,None,,,,,22,89,89,1,675.726482166996,,675.7179647500016,675.726482166996,676.7162512499926,676.7162512499926,676.7162512499926,676.7162512499926,676.721060625001,677.7163637079939,677.7163637079939,678.4174162919953,,,,,v,1,0.6908850000036182,None,952509,03,2025-10-02_17h52.05.425,Motor Sequential Learning,,2025.1.1,None,2025-10-02 17h52.13.045488 +0530,
50,c,90,90,19,c,1,0.3798392500029877,None,,,,,19,90,90,2,678.4266470830044,,678.4179988329997,678.4266470830044,679.4161870829994,679.4161870829994,679.4161870829994,679.4161870829994,679.4215819999954,680.4163765419944,680.4163765419944,680.800516791991,,,,,c,1,0.3798392500029877,None,952509,03,2025-10-02_17h52.05.425,Motor Sequential Learning,,2025.1.1,None,2025-10-02 17h52.13.045488 +0530,
150,v,91,91,23,v,1,0.41960754100000486,None,,,,,23,91,91,1,680.8047732080013,,680.8009997920017,680.8047732080013,681.7996028749913,681.7996028749913,681.7996028749913,681.7996028749913,681.7996028749913,682.7885125829926,682.7885125829926,683.217268124994,,,,,v,1,0.41960754100000486,None,952509,03,2025-10-02_17h52.05.425,Motor Sequential Learning,,2025.1.1,None,2025-10-02 17h52.13.045488 +0530,
50,c,92,92,20,c,1,0.6359572090004804,None,,,,,20,92,92,2,683.2253371249972,,683.2177454579942,683.2253371249972,684.2160711670003,684.2160711670003,684.2160711670003,684.2160711670003,684.2214462499978,685.2161096249911,685.2161096249911,685.8558459579945,,,,,c,1,0.6359572090004804,None,952509,03,2025-10-02_17h52.05.425,Motor Sequential Learning,,2025.1.1,None,2025-10-02 17h52.13.045488 +0530,
-150,z,93,93,21,z,1,0.6684650829993188,None,,,,,21,93,93,3,685.866068791991,,685.856285582995,685.866068791991,686.8557452499954,686.8557452499954,686.8557452499954,686.8557452499954,686.8557452499954,687.8548372079968,687.8548372079968,688.5338122499961,,,,,z,1,0.6684650829993188,None,952509,03,2025-10-02_17h52.05.425,Motor Sequential Learning,,2025.1.1,None,2025-10-02 17h52.13.045488 +0530,
150,v,94,94,24,v,1,0.3531875000044238,None,,,,,24,94,94,1,688.5412695419946,,688.534272082994,688.5412695419946,689.5328432499955,689.5328432499955,689.5328432499955,689.5328432499955,689.538298332991,690.532727458005,690.532727458005,690.8888213750033,,,,,v,1,0.3531875000044238,None,952509,03,2025-10-02_17h52.05.425,Motor Sequential Learning,,2025.1.1,None,2025-10-02 17h52.13.045488 +0530,
50,c,95,95,21,c,1,0.38962445899960585,None,,,,,21,95,95,2,690.8996285419998,,690.8892453330045,690.8996285419998,691.8878954579995,691.8878954579995,691.8878954579995,691.8878954579995,691.8878954579995,692.8883711249946,692.8883711249946,693.2839204170014,,,,,c,1,0.38962445899960585,None,952509,03,2025-10-02_17h52.05.425,Motor Sequential Learning,,2025.1.1,None,2025-10-02 17h52.13.045488 +0530,
50,c,96,96,22,c,1,0.3720811249950202,None,,,,,22,96,96,2,693.2886782499991,,693.2844123749965,693.2886782499991,694.2826228329941,694.2826228329941,694.2826228329941,694.2826228329941,694.2873444169963,695.2827313750022,695.2827313750022,695.6672517499974,,,,,c,1,0.3720811249950202,None,952509,03,2025-10-02_17h52.05.425,Motor Sequential Learning,,2025.1.1,None,2025-10-02 17h52.13.045488 +0530,
50,c,97,97,23,c,1,0.34075649999431334,None,,,,,23,97,97,2,695.6757876250049,,695.667792082997,695.6757876250049,696.6660699170025,696.6660699170025,696.6660699170025,696.6660699170025,696.6713697919913,697.6659339170001,697.6659339170001,698.0172539579944,,,,,c,1,0.34075649999431334,None,952509,03,2025-10-02_17h52.05.425,Motor Sequential Learning,,2025.1.1,None,2025-10-02 17h52.13.045488 +0530,
-150,z,98,98,22,z,1,0.4731109170097625,None,,,,,22,98,98,3,698.0257506670023,,698.0178095830051,698.0257506670023,699.0160836669966,699.0160836669966,699.0160836669966,699.0160836669966,699.0208946670027,700.0158858749928,700.0158858749928,700.5005631669919,,,,,z,1,0.4731109170097625,None,952509,03,2025-10-02_17h52.05.425,Motor Sequential Learning,,2025.1.1,None,2025-10-02 17h52.13.045488 +0530,
-150,z,99,99,23,z,1,0.5273465409991331,None,,,,,23,99,99,3,700.5088714169979,,700.501113833001,700.5088714169979,701.4993034170038,701.4993034170038,701.4993034170038,701.4993034170038,701.5044260830036,702.4991984579974,702.4991984579974,703.0337555419974,,,,,z,1,0.5273465409991331,None,952509,03,2025-10-02_17h52.05.425,Motor Sequential Learning,,2025.1.1,None,2025-10-02 17h52.13.045488 +0530,
50,c,100,100,24,c,1,0.6749640420021024,None,,,,,24,100,100,2,703.042480499993,,703.0342928750033,703.042480499993,704.0326913750032,704.0326913750032,704.0326913750032,704.0326913750032,704.0368662919936,705.0325727500021,705.0325727500021,705.7170414580032,,,,,c,1,0.6749640420021024,None,952509,03,2025-10-02_17h52.05.425,Motor Sequential Learning,,2025.1.1,None,2025-10-02 17h52.13.045488 +0530,
50,c,101,101,25,c,1,0.5066334580042167,None,,,,,25,101,101,2,705.7239491249929,,705.7176286670001,705.7239491249929,706.7159148329956,706.7159148329956,706.7159148329956,706.7159148329956,706.7214592079981,707.7159981669975,707.7159981669975,708.2338210829912,,,,,c,1,0.5066334580042167,None,952509,03,2025-10-02_17h52.05.425,Motor Sequential Learning,,2025.1.1,None,2025-10-02 17h52.13.045488 +0530,
-50,x,102,102,27,x,1,0.4800129159993958,None,,,,,27,102,102,0,708.2428837920015,,708.2343832920014,708.2428837920015,709.2325609999971,709.2325609999971,709.2325609999971,709.2325609999971,709.237606374998,710.2324829999998,710.2324829999998,710.7170342079917,,,,,x,1,0.4800129159993958,None,952509,03,2025-10-02_17h52.05.425,Motor Sequential Learning,,2025.1.1,None,2025-10-02 17h52.13.045488 +0530,
-150,z,103,103,24,z,1,0.6895571250061039,None,,,,,24,103,103,3,710.7220007080032,,710.7175970419921,710.7220007080032,711.7159714580048,711.7159714580048,711.7159714580048,711.7159714580048,711.7207915000035,712.7158392499987,712.7158392499987,713.4171370419936,,,,,z,1,0.6895571250061039,None,952509,03,2025-10-02_17h52.05.425,Motor Sequential Learning,,2025.1.1,None,2025-10-02 17h52.13.045488 +0530,
150,v,104,104,25,v,1,0.4734815410047304,None,,,,,25,104,104,1,713.4262777499971,,713.4176942079939,713.4262777499971,714.4048124169931,714.4048124169931,714.4048124169931,714.4048124169931,714.4205605000025,715.4157507920027,715.4157507920027,715.9004681249935,,,,,v,1,0.4734815410047304,None,952509,03,2025-10-02_17h52.05.425,Motor Sequential Learning,,2025.1.1,None,2025-10-02 17h52.13.045488 +0530,
-150,z,105,105,25,z,1,3.2388758339948254,None,,,,,25,105,105,3,715.9093804580043,,715.9010037080006,715.9093804580043,716.8992537080048,716.8992537080048,716.8992537080048,716.8992537080048,716.9049914170027,717.899105916993,717.899105916993,721.150325458002,,,,,z,1,3.2388758339948254,None,952509,03,2025-10-02_17h52.05.425,Motor Sequential Learning,,2025.1.1,None,2025-10-02 17h52.13.045488 +0530,
150,v,106,106,26,v,1,0.6634575409989338,None,,,,,26,106,106,1,721.1585853750003,,721.1508313749946,721.1585853750003,722.149120874994,722.149120874994,722.149120874994,722.149120874994,722.1542813749984,723.1491947079921,723.1491947079921,723.8169976249919,,,,,v,1,0.6634575409989338,None,952509,03,2025-10-02_17h52.05.425,Motor Sequential Learning,,2025.1.1,None,2025-10-02 17h52.13.045488 +0530,
50,c,107,107,26,c,1,0.49564137500419747,None,,,,,26,107,107,2,723.8216539999994,,723.8175576249923,723.8216539999994,724.8158638750028,724.8158638750028,724.8158638750028,724.8158638750028,724.8158638750028,725.8159682499972,725.8159682499972,726.3173854579945,,,,,c,1,0.49564137500419747,None,952509,03,2025-10-02_17h52.05.425,Motor Sequential Learning,,2025.1.1,None,2025-10-02 17h52.13.045488 +0530,
50,c,108,108,27,v,0,0.3928050419926876,None,,,,,27,108,108,2,726.3264487919951,,726.3181408329983,726.3264487919951,727.3157119579992,727.3157119579992,727.3157119579992,727.3157119579992,727.3202449579985,728.3156215000054,728.3156215000054,728.7169334999926,,,,,v,0,0.3928050419926876,None,952509,03,2025-10-02_17h52.05.425,Motor Sequential Learning,,2025.1.1,None,2025-10-02 17h52.13.045488 +0530,
-150,z,109,109,26,z,1,0.39962979199481197,None,,,,,26,109,109,3,728.7252749170002,,728.7175142499909,728.7252749170002,729.7158137079969,729.7158137079969,729.7158137079969,729.7158137079969,729.7207408329996,730.7157003329921,730.7157003329921,731.1167737920041,,,,,z,1,0.39962979199481197,None,952509,03,2025-10-02_17h52.05.425,Motor Sequential Learning,,2025.1.1,None,2025-10-02 17h52.13.045488 +0530,
50,c,110,110,28,c,1,0.600383208002313,None,,,,,28,110,110,2,731.1213192499999,,731.1173123329936,731.1213192499999,732.1157781249931,732.1157781249931,732.1157781249931,732.1157781249931,732.1157781249931,733.1159776249988,733.1159776249988,733.7218389170012,,,,,c,1,0.600383208002313,None,952509,03,2025-10-02_17h52.05.425,Motor Sequential Learning,,2025.1.1,None,2025-10-02 17h52.13.045488 +0530,
-150,z,111,111,27,z,1,0.41093891600030474,None,,,,,27,111,111,3,733.7313997919991,,733.7223656249989,733.7313997919991,734.7211354579922,734.7211354579922,734.7211354579922,734.7211354579922,734.7211354579922,735.7213267920015,735.7213267920015,736.1336997079925,,,,,z,1,0.41093891600030474,None,952509,03,2025-10-02_17h52.05.425,Motor Sequential Learning,,2025.1.1,None,2025-10-02 17h52.13.045488 +0530,
-150,z,112,112,28,z,1,0.5377377080003498,None,,,,,28,112,112,3,736.1385281669936,,736.1342514169955,736.1385281669936,737.1323232080031,737.1323232080031,737.1323232080031,737.1323232080031,737.137727207999,738.1324507079989,738.1324507079989,738.6715011250053,,,,,z,1,0.5377377080003498,None,952509,03,2025-10-02_17h52.05.425,Motor Sequential Learning,,2025.1.1,None,2025-10-02 17h52.13.045488 +0530,
150,v,113,113,27,v,1,0.45286662499711383,None,,,,,27,113,113,1,738.681407541997,,738.6719969169935,738.681407541997,739.6710657920048,739.6710657920048,739.6710657920048,739.6710657920048,739.6710657920048,740.6703426669992,740.6703426669992,741.1337294580007,,,,,v,1,0.45286662499711383,None,952509,03,2025-10-02_17h52.05.425,Motor Sequential Learning,,2025.1.1,None,2025-10-02 17h52.13.045488 +0530,
-50,x,114,114,28,x,1,0.36295279100886546,None,,,,,28,114,114,0,741.1427271669963,,741.1342557500029,741.1427271669963,742.1323528749926,742.1323528749926,742.1323528749926,742.1323528749926,742.1374507080036,743.1322627920017,743.1322627920017,743.5000123749924,,,,,x,1,0.36295279100886546,None,952509,03,2025-10-02_17h52.05.425,Motor Sequential Learning,,2025.1.1,None,2025-10-02 17h52.13.045488 +0530,
150,v,115,115,28,v,1,0.3442067500000121,None,,,,,28,115,115,1,743.5044150419999,,743.5005344999954,743.5044150419999,744.4989271249942,744.4989271249942,744.4989271249942,744.4989271249942,744.4989271249942,745.4988492499979,745.4988492499979,745.8501627499936,,,,,v,1,0.3442067500000121,None,952509,03,2025-10-02_17h52.05.425,Motor Sequential Learning,,2025.1.1,None,2025-10-02 17h52.13.045488 +0530,
-50,x,116,116,29,x,1,0.5031864999909885,None,,,,,29,116,116,0,745.8547218750027,,745.8506887080002,745.8547218750027,746.8489173330017,746.8489173330017,746.8489173330017,746.8489173330017,746.8542666669964,747.8488607920008,747.8488607920008,748.3537291669927,,,,,x,1,0.5031864999909885,None,952509,03,2025-10-02_17h52.05.425,Motor Sequential Learning,,2025.1.1,None,2025-10-02 17h52.13.045488 +0530,
-150,z,117,117,29,z,1,0.4131624159927014,None,,,,,29,117,117,3,748.3655374170048,,748.354073208,748.3655374170048,749.3488330419932,749.3488330419932,749.3488330419932,749.3488330419932,749.353840249998,750.3488922919933,750.3488922919933,750.7667273749976,,,,,z,1,0.4131624159927014,None,952509,03,2025-10-02_17h52.05.425,Motor Sequential Learning,,2025.1.1,None,2025-10-02 17h52.13.045488 +0530,
150,v,118,118,29,v,1,0.504273957994883,None,,,,,29,118,118,1,750.7711940419977,,750.767207375,750.7711940419977,751.7654430419934,751.7654430419934,751.7654430419934,751.7654430419934,751.7654430419934,752.7655019579979,752.7655019579979,753.2710714169953,,,,,v,1,0.504273957994883,None,952509,03,2025-10-02_17h52.05.425,Motor Sequential Learning,,2025.1.1,None,2025-10-02 17h52.13.045488 +0530,
-50,x,119,119,30,x,1,0.6823626669938676,None,,,,,30,119,119,0,753.2821063330048,,753.2714172499982,753.2821063330048,754.265386041996,754.265386041996,754.265386041996,754.265386041996,754.2701044169953,755.2654540420044,755.2654540420044,755.9499447080016,,,,,x,1,0.6823626669938676,None,952509,03,2025-10-02_17h52.05.425,Motor Sequential Learning,,2025.1.1,None,2025-10-02 17h52.13.045488 +0530,
-50,x,120,120,31,x,1,0.5199056669953279,None,,,,,31,120,120,0,755.954026833002,,755.9504074169963,755.954026833002,756.9489289170015,756.9489289170015,756.9489289170015,756.9489289170015,756.9489289170015,757.948819666999,757.948819666999,758.4706769579934,,,,,x,1,0.5199056669953279,None,952509,03,2025-10-02_17h52.05.425,Motor Sequential Learning,,2025.1.1,None,2025-10-02 17h52.13.045488 +0530,
-50,x,121,121,32,x,1,0.43319024999800604,None,,,,,32,121,121,0,758.4822212919971,,758.4711269580002,758.4822212919971,759.4702635419962,759.4702635419962,759.4702635419962,759.4702635419962,759.4702635419962,760.4695107500011,760.4695107500011,760.9055547079915,,,,,x,1,0.43319024999800604,None,952509,03,2025-10-02_17h52.05.425,Motor Sequential Learning,,2025.1.1,None,2025-10-02 17h52.13.045488 +0530,
-150,z,122,122,30,z,1,0.5887729999958538,None,,,,,30,122,122,3,760.9327095420012,,760.9060585419938,760.9327095420012,761.9041557500022,761.9041557500022,761.9041557500022,761.9041557500022,761.9201176249917,762.9049724579963,762.9049724579963,763.5003190419957,,,,,z,1,0.5887729999958538,None,952509,03,2025-10-02_17h52.05.425,Motor Sequential Learning,,2025.1.1,None,2025-10-02 17h52.13.045488 +0530,
50,c,123,123,29,c,1,0.7120360830012942,None,,,,,29,123,123,2,763.5103699579922,,763.5008476670046,763.5103699579922,764.4987638329912,764.4987638329912,764.4987638329912,764.4987638329912,764.5047755830019,765.4986522499967,765.4986522499967,766.2165330419957,,,,,c,1,0.7120360830012942,None,952509,03,2025-10-02_17h52.05.425,Motor Sequential Learning,,2025.1.1,None,2025-10-02 17h52.13.045488 +0530,
150,v,124,124,30,v,1,0.49010758400254417,None,,,,,30,124,124,1,766.2264831670036,,766.2171315419982,766.2264831670036,767.215552958005,767.215552958005,767.215552958005,767.215552958005,767.2206508329982,768.2154298329988,768.2154298329988,768.7173377919971,,,,,v,1,0.49010758400254417,None,952509,03,2025-10-02_17h52.05.425,Motor Sequential Learning,,2025.1.1,None,2025-10-02 17h52.13.045488 +0530,
150,v,125,125,31,v,1,0.430123916012235,None,,,,,31,125,125,1,768.7282052499941,,768.718073416996,768.7282052499941,769.7155350419926,769.7155350419926,769.7155350419926,769.7155350419926,769.7217684999923,770.7154271670006,770.7154271670006,771.1501758329978,,,,,v,1,0.430123916012235,None,952509,03,2025-10-02_17h52.05.425,Motor Sequential Learning,,2025.1.1,None,2025-10-02 17h52.13.045488 +0530,
50,c,126,126,30,c,1,0.45536866699694656,None,,,,,30,126,126,2,771.1612199999945,,771.1510018749977,771.1612199999945,772.1487013750011,772.1487013750011,772.1487013750011,772.1487013750011,772.1536318330036,773.1486269579909,773.1486269579909,773.6052432919969,,,,,c,1,0.45536866699694656,None,952509,03,2025-10-02_17h52.05.425,Motor Sequential Learning,,2025.1.1,None,2025-10-02 17h52.13.045488 +0530,
-150,z,127,127,31,z,1,0.6569450000097277,None,,,,,31,127,127,3,773.6152770420013,,773.6057325000002,773.6152770420013,774.6043229579955,774.6043229579955,774.6043229579955,774.6043229579955,774.6043229579955,775.6055028749979,775.6055028749979,776.2670502499968,,,,,z,1,0.6569450000097277,None,952509,03,2025-10-02_17h52.05.425,Motor Sequential Learning,,2025.1.1,None,2025-10-02 17h52.13.045488 +0530,
50,c,128,128,31,c,1,0.5560644579963991,None,,,,,31,128,128,2,776.2725836669997,,776.2677960830042,776.2725836669997,777.2653028329951,777.2653028329951,777.2653028329951,777.2653028329951,777.2695079169935,778.2652057499945,778.2652057499945,778.8338286249927,,,,,c,1,0.5560644579963991,None,952509,03,2025-10-02_17h52.05.425,Motor Sequential Learning,,2025.1.1,None,2025-10-02 17h52.13.045488 +0530,
50,c,129,129,32,c,1,0.5213223339960678,None,,,,,32,129,129,2,778.844197917002,,778.8346125419921,778.844197917002,779.8319106669951,779.8319106669951,779.8319106669951,779.8319106669951,779.8366250830004,780.8319950000005,780.8319950000005,781.3549483329989,,,,,c,1,0.5213223339960678,None,952509,03,2025-10-02_17h52.05.425,Motor Sequential Learning,,2025.1.1,None,2025-10-02 17h52.13.045488 +0530,
-150,z,130,130,32,z,1,0.8389457500015851,None,,,,,32,130,130,3,781.3643366250035,,781.3554737079976,781.3643366250035,782.3538518749992,782.3538518749992,782.3538518749992,782.3538518749992,782.3538518749992,783.3532462919975,783.3532462919975,784.1995836669957,,,,,z,1,0.8389457500015851,None,952509,03,2025-10-02_17h52.05.425,Motor Sequential Learning,,2025.1.1,None,2025-10-02 17h52.13.045488 +0530,
150,v,131,131,32,v,1,0.3505072090047179,None,,,,,32,131,131,1,784.2047226249997,,784.1998743330041,784.2047226249997,785.1862882080022,785.1862882080022,785.1862882080022,785.1862882080022,785.2030904999992,786.1984870419983,786.1984870419983,786.5546289579943,,,,,v,1,0.3505072090047179,None,952509,03,2025-10-02_17h52.05.425,Motor Sequential Learning,,2025.1.1,None,2025-10-02 17h52.13.045488 +0530,
-50,x,132,132,33,x,1,0.8372692910052137,None,,,,,33,132,132,0,786.5645914999914,,786.5550579999981,786.5645914999914,787.554666666998,787.554666666998,787.554666666998,787.554666666998,787.554666666998,788.5548583749915,788.5548583749915,789.3998813749931,,,,,x,1,0.8372692910052137,None,952509,03,2025-10-02_17h52.05.425,Motor Sequential Learning,,2025.1.1,None,2025-10-02 17h52.13.045488 +0530,
-50,x,133,133,34,x,1,0.48140654200688004,None,,,,,34,133,133,0,789.4100155420019,,789.400404,789.4100155420019,790.3984927499987,790.3984927499987,790.3984927499987,790.3984927499987,790.4030243750021,791.3985674580035,791.3985674580035,791.883218707997,,,,,x,1,0.48140654200688004,None,952509,03,2025-10-02_17h52.05.425,Motor Sequential Learning,,2025.1.1,None,2025-10-02 17h52.13.045488 +0530,
150,v,134,134,33,v,1,0.44816537499718834,None,,,,,33,134,134,1,791.8881136249984,,791.8838167499925,791.8881136249984,792.881779916992,792.881779916992,792.881779916992,792.881779916992,792.8865369580017,793.8818309579947,793.8818309579947,794.333330458001,,,,,v,1,0.44816537499718834,None,952509,03,2025-10-02_17h52.05.425,Motor Sequential Learning,,2025.1.1,None,2025-10-02 17h52.13.045488 +0530,
-150,z,135,135,33,z,1,0.4940031669975724,None,,,,,33,135,135,3,794.3384448750003,,794.3339708330022,794.3384448750003,795.3318560000043,795.3318560000043,795.3318560000043,795.3318560000043,795.3372150420037,796.3319757919962,796.3319757919962,796.8332245420024,,,,,z,1,0.4940031669975724,None,952509,03,2025-10-02_17h52.05.425,Motor Sequential Learning,,2025.1.1,None,2025-10-02 17h52.13.045488 +0530,
150,v,136,136,34,c,0,0.37393375000101514,None,,,,,34,136,136,1,796.8434801669937,,796.8338559169933,796.8434801669937,797.8317573329987,797.8317573329987,797.8317573329987,797.8317573329987,797.837109250002,798.831896542004,798.831896542004,799.2182228329912,,,,,c,0,0.37393375000101514,None,952509,03,2025-10-02_17h52.05.425,Motor Sequential Learning,,2025.1.1,None,2025-10-02 17h52.13.045488 +0530,
-150,z,137,137,34,z,1,0.41855066698917653,None,,,,,34,137,137,3,799.228859875002,,799.219174124999,799.228859875002,800.2152648329939,800.2152648329939,800.2152648329939,800.2152648329939,800.2205949999916,801.2151301669946,801.2151301669946,801.6388389170024,,,,,z,1,0.41855066698917653,None,952509,03,2025-10-02_17h52.05.425,Motor Sequential Learning,,2025.1.1,None,2025-10-02 17h52.13.045488 +0530,
50,c,138,138,33,c,1,0.49922854101168923,None,,,,,33,138,138,2,801.665413374998,,801.6393282920035,801.665413374998,802.6375515830005,802.6375515830005,802.6375515830005,802.6375515830005,802.6540536249959,803.6384548329952,803.6384548329952,804.149939416995,,,,,c,1,0.49922854101168923,None,952509,03,2025-10-02_17h52.05.425,Motor Sequential Learning,,2025.1.1,None,2025-10-02 17h52.13.045488 +0530,
-50,x,139,139,35,x,1,0.6681781670049531,None,,,,,35,139,139,0,804.1599915830011,,804.150802499993,804.1599915830011,805.1483827500051,805.1483827500051,805.1483827500051,805.1483827500051,805.153083666999,806.1484843329963,806.1484843329963,806.8206369580003,,,,,x,1,0.6681781670049531,None,952509,03,2025-10-02_17h52.05.425,Motor Sequential Learning,,2025.1.1,None,2025-10-02 17h52.13.045488 +0530,
-50,x,140,140,36,x,1,0.5098741670080926,None,,,,,36,140,140,0,806.8311478749965,,806.8211438330036,806.8311478749965,807.8204850000038,807.8204850000038,807.8204850000038,807.8204850000038,807.8204850000038,808.8207509170024,808.8207509170024,809.333235500002,,,,,x,1,0.5098741670080926,None,952509,03,2025-10-02_17h52.05.425,Motor Sequential Learning,,2025.1.1,None,2025-10-02 17h52.13.045488 +0530,
-150,z,141,141,35,z,1,0.40700095900683664,None,,,,,35,141,141,3,809.338910874998,,809.3342599169991,809.338910874998,810.3316179999965,810.3316179999965,810.3316179999965,810.3316179999965,810.3355909999955,811.3315543749923,811.3315543749923,811.7499295419984,,,,,z,1,0.40700095900683664,None,952509,03,2025-10-02_17h52.05.425,Motor Sequential Learning,,2025.1.1,None,2025-10-02 17h52.13.045488 +0530,
-50,x,142,142,37,x,1,0.4858671669935575,None,,,,,37,142,142,0,811.760155416996,,811.7507671670028,811.760155416996,812.7483215829998,812.7483215829998,812.7483215829998,812.7483215829998,812.753343000004,813.7485630419978,813.7485630419978,814.2381910419936,,,,,x,1,0.4858671669935575,None,952509,03,2025-10-02_17h52.05.425,Motor Sequential Learning,,2025.1.1,None,2025-10-02 17h52.13.045488 +0530,
-150,z,143,143,36,z,1,0.39221212500706315,None,,,,,36,143,143,3,814.2482000419986,,814.2386829169991,814.2482000419986,815.2364125829918,815.2364125829918,815.2364125829918,815.2364125829918,815.2364125829918,816.2382154170045,816.2382154170045,816.6331251670053,,,,,z,1,0.39221212500706315,None,952509,03,2025-10-02_17h52.05.425,Motor Sequential Learning,,2025.1.1,None,2025-10-02 17h52.13.045488 +0530,
150,v,144,144,35,v,1,0.4466368749999674,None,,,,,35,144,144,1,816.6388992919965,,816.6341949999915,816.6388992919965,817.6316838329949,817.6316838329949,817.6316838329949,817.6316838329949,817.6379262919945,818.6317524579936,818.6317524579936,819.0829059169919,,,,,v,1,0.4466368749999674,None,952509,03,2025-10-02_17h52.05.425,Motor Sequential Learning,,2025.1.1,None,2025-10-02 17h52.13.045488 +0530,
-50,x,145,145,38,x,1,0.5907422500022221,None,,,,,38,145,145,0,819.0879057080019,,819.0834968330018,819.0879057080019,820.0815184999956,820.0815184999956,820.0815184999956,820.0815184999956,820.0866212499968,821.0815857080015,821.0815857080015,821.6832277920039,,,,,x,1,0.5907422500022221,None,952509,03,2025-10-02_17h52.05.425,Motor Sequential Learning,,2025.1.1,None,2025-10-02 17h52.13.045488 +0530,
-150,z,146,146,37,z,1,0.606498624998494,None,,,,,37,146,146,3,821.6933835419914,,821.6838763330015,821.6933835419914,822.6817748329922,822.6817748329922,822.6817748329922,822.6817748329922,822.6867850830022,823.6816752919985,823.6816752919985,824.2999046250043,,,,,z,1,0.606498624998494,None,952509,03,2025-10-02_17h52.05.425,Motor Sequential Learning,,2025.1.1,None,2025-10-02 17h52.13.045488 +0530,
-150,z,147,147,38,z,1,0.38085295900236815,None,,,,,38,147,147,3,824.3100316670025,,824.3005478330015,824.3100316670025,825.2982539999939,825.2982539999939,825.2982539999939,825.2982539999939,825.3048948749929,826.2983292499994,826.2983292499994,826.6831292080024,,,,,z,1,0.38085295900236815,None,952509,03,2025-10-02_17h52.05.425,Motor Sequential Learning,,2025.1.1,None,2025-10-02 17h52.13.045488 +0530,
50,c,148,148,34,c,1,0.5142640829872107,None,,,,,34,148,148,2,826.6880172919919,,826.6837544580048,826.6880172919919,827.6816265829984,827.6816265829984,827.6816265829984,827.6816265829984,827.6864742079924,828.680898999999,828.680898999999,829.1995259169926,,,,,c,1,0.5142640829872107,None,952509,03,2025-10-02_17h52.05.425,Motor Sequential Learning,,2025.1.1,None,2025-10-02 17h52.13.045488 +0530,
-50,x,149,149,39,x,1,0.4897018339979695,None,,,,,39,149,149,0,829.204952125001,,829.2002768329985,829.204952125001,830.1984152079967,830.1984152079967,830.1984152079967,830.1984152079967,830.2033204170002,831.1982515830023,831.1982515830023,831.6997960830049,,,,,x,1,0.4897018339979695,None,952509,03,2025-10-02_17h52.05.425,Motor Sequential Learning,,2025.1.1,None,2025-10-02 17h52.13.045488 +0530,
-50,x,150,150,40,x,1,0.4067914579936769,None,,,,,40,150,150,0,831.7101525420003,,831.7004459169984,831.7101525420003,832.698120083005,832.698120083005,832.698120083005,832.698120083005,832.7028835829988,833.6981825830007,833.6981825830007,834.1165839169989,,,,,x,1,0.4067914579936769,None,952509,03,2025-10-02_17h52.05.425,Motor Sequential Learning,,2025.1.1,None,2025-10-02 17h52.13.045488 +0530,
50,c,151,151,35,c,1,0.5210232920071576,None,,,,,35,151,151,2,834.127215207991,,834.1173996669968,834.127215207991,835.1147536249919,835.1147536249919,835.1147536249919,835.1147536249919,835.1195999170013,836.114878458,836.114878458,836.6499808329972,,,,,c,1,0.5210232920071576,None,952509,03,2025-10-02_17h52.05.425,Motor Sequential Learning,,2025.1.1,None,2025-10-02 17h52.13.045488 +0530,
50,c,152,152,36,c,1,0.47472129100060556,None,,,,,36,152,152,2,836.6605895829998,,836.6508661249973,836.6605895829998,837.6481728749932,837.6481728749932,837.6481728749932,837.6481728749932,837.6543817079946,838.6481990419998,838.6481990419998,839.1330273749918,,,,,c,1,0.47472129100060556,None,952509,03,2025-10-02_17h52.05.425,Motor Sequential Learning,,2025.1.1,None,2025-10-02 17h52.13.045488 +0530,
-150,z,153,153,39,z,1,0.728262332995655,None,,,,,39,153,153,3,839.1436050000048,,839.133946832997,839.1436050000048,840.1315663330024,840.1315663330024,840.1315663330024,840.1315663330024,840.1363352079934,841.1315310829959,841.1315310829959,841.8659837080049,,,,,z,1,0.728262332995655,None,952509,03,2025-10-02_17h52.05.425,Motor Sequential Learning,,2025.1.1,None,2025-10-02 17h52.13.045488 +0530,
-150,z,154,154,40,z,1,0.48795566699118353,None,,,,,40,154,154,3,841.8754804999917,,841.8666540419945,841.8754804999917,842.8650914579921,842.8650914579921,842.8650914579921,842.8650914579921,842.8697565420007,843.8648343749956,843.8648343749956,844.3541002919956,,,,,z,1,0.48795566699118353,None,952509,03,2025-10-02_17h52.05.425,Motor Sequential Learning,,2025.1.1,None,2025-10-02 17h52.13.045488 +0530,
-50,x,155,155,41,x,1,0.5238675419968786,None,,,,,41,155,155,0,844.3640690829925,,844.3545792499935,844.3640690829925,845.353441625004,845.353441625004,845.353441625004,845.353441625004,845.353441625004,846.3538982500031,846.3538982500031,846.8830842079915,,,,,x,1,0.5238675419968786,None,952509,03,2025-10-02_17h52.05.425,Motor Sequential Learning,,2025.1.1,None,2025-10-02 17h52.13.045488 +0530,
150,v,156,156,36,v,1,0.3900242499948945,None,,,,,36,156,156,1,846.8887841249962,,846.8839447079954,846.8887841249962,847.8815581669915,847.8815581669915,847.8815581669915,847.8815581669915,847.8866571249964,848.8815740830032,848.8815740830032,849.2832114170014,,,,,v,1,0.3900242499948945,None,952509,03,2025-10-02_17h52.05.425,Motor Sequential Learning,,2025.1.1,None,2025-10-02 17h52.13.045488 +0530,
-50,x,157,157,42,x,1,0.48315537499729544,None,,,,,42,157,157,0,849.2937271669944,,849.2838484579988,849.2937271669944,850.2813135000033,850.2813135000033,850.2813135000033,850.2813135000033,850.2852807500021,851.2813797919953,851.2813797919953,851.7668201670022,,,,,x,1,0.48315537499729544,None,952509,03,2025-10-02_17h52.05.425,Motor Sequential Learning,,2025.1.1,None,2025-10-02 17h52.13.045488 +0530,
50,c,158,158,37,c,1,0.43101025000214577,None,,,,,37,158,158,2,851.7720956669946,,851.7675125419919,851.7720956669946,852.7648588750017,852.7648588750017,852.7648588750017,852.7648588750017,852.7697905829991,853.7645225000015,853.7645225000015,854.1998297919927,,,,,c,1,0.43101025000214577,None,952509,03,2025-10-02_17h52.05.425,Motor Sequential Learning,,2025.1.1,None,2025-10-02 17h52.13.045488 +0530,
150,v,159,159,37,v,1,0.513562833002652,None,,,,,37,159,159,1,854.2053534169972,,854.2006578750006,854.2053534169972,855.1980920829956,855.1980920829956,855.1980920829956,855.1980920829956,855.2029904579977,856.1979398749972,856.1979398749972,856.7165734169976,,,,,v,1,0.513562833002652,None,952509,03,2025-10-02_17h52.05.425,Motor Sequential Learning,,2025.1.1,None,2025-10-02 17h52.13.045488 +0530,
-50,x,160,160,43,c,0,0.37390641699312255,None,,,,,43,160,160,0,856.7221449579956,,856.7172424169985,856.7221449579956,857.714763750002,857.714763750002,857.714763750002,857.714763750002,857.7206372079963,858.714560458,858.714560458,859.099695500001,,,,,c,0,0.37390641699312255,None,952509,03,2025-10-02_17h52.05.425,Motor Sequential Learning,,2025.1.1,None,2025-10-02 17h52.13.045488 +0530,
50,c,161,161,38,c,1,0.41931741700682323,None,,,,,38,161,161,2,859.1100622499944,,859.1005192080047,859.1100622499944,860.0981155829941,860.0981155829941,860.0981155829941,860.0981155829941,860.1038469579944,861.0980006669997,861.0980006669997,861.5203667500027,,,,,c,1,0.41931741700682323,None,952509,03,2025-10-02_17h52.05.425,Motor Sequential Learning,,2025.1.1,None,2025-10-02 17h52.13.045488 +0530,
50,c,162,162,39,c,1,0.830795957997907,None,,,,,39,162,162,2,861.530437458001,,861.5208554169949,861.530437458001,862.5196490419912,862.5196490419912,862.5196490419912,862.5196490419912,862.5196490419912,863.514568832994,863.514568832994,864.3494412500004,,,,,c,1,0.830795957997907,None,952509,03,2025-10-02_17h52.05.425,Motor Sequential Learning,,2025.1.1,None,2025-10-02 17h52.13.045488 +0530,
50,c,163,163,40,c,1,0.9022759999934351,None,,,,,40,163,163,2,864.3547741670045,,864.3501379170048,864.3547741670045,865.3479771669954,865.3479771669954,865.3479771669954,865.3479771669954,865.3525645000045,866.3478712079959,866.3478712079959,867.254257291992,,,,,c,1,0.9022759999934351,None,952509,03,2025-10-02_17h52.05.425,Motor Sequential Learning,,2025.1.1,None,2025-10-02 17h52.13.045488 +0530,
150,v,164,164,38,v,1,4.735846666997531,None,,,,,38,164,164,1,867.2639655829989,,867.2547500829969,867.2639655829989,868.2523145000014,868.2523145000014,868.2523145000014,868.2523145000014,868.2523145000014,869.248233958002,869.248233958002,873.9885844579985,,,,,v,1,4.735846666997531,None,952509,03,2025-10-02_17h52.05.425,Motor Sequential Learning,,2025.1.1,None,2025-10-02 17h52.13.045488 +0530,
-50,x,165,165,44,x,1,0.5031492919952143,None,,,,,44,165,165,0,874.0009129579994,,873.9891157499951,874.0009129579994,874.9855859169911,874.9855859169911,874.9855859169911,874.9855859169911,874.997432499993,875.9867900829995,875.9867900829995,876.4990366669954,,,,,x,1,0.5031492919952143,None,952509,03,2025-10-02_17h52.05.425,Motor Sequential Learning,,2025.1.1,None,2025-10-02 17h52.13.045488 +0530,
150,v,166,166,39,v,1,0.42522674999781884,None,,,,,39,166,166,1,876.5091871250042,,876.4995675419923,876.5091871250042,877.4976430829993,877.4976430829993,877.4976430829993,877.4976430829993,877.5019621669926,878.4977455420012,878.4977455420012,878.9329937080038,,,,,v,1,0.42522674999781884,None,952509,03,2025-10-02_17h52.05.425,Motor Sequential Learning,,2025.1.1,None,2025-10-02 17h52.13.045488 +0530,
50,c,167,167,41,c,1,0.33177345800504554,None,,,,,41,167,167,2,878.9433621249918,,878.9337427919963,878.9433621249918,879.9313397079968,879.9313397079968,879.9313397079968,879.9313397079968,879.9367878749908,880.9301717079943,880.9301717079943,881.2655111249915,,,,,c,1,0.33177345800504554,None,952509,03,2025-10-02_17h52.05.425,Motor Sequential Learning,,2025.1.1,None,2025-10-02 17h52.13.045488 +0530,
150,v,168,168,40,v,1,0.40354674999252893,None,,,,,40,168,168,1,881.270481332991,,881.2660369170044,881.270481332991,882.2644899580046,882.2644899580046,882.2644899580046,882.2644899580046,882.2691302079911,883.2643294580048,883.2643294580048,883.6701828329969,,,,,v,1,0.40354674999252893,None,952509,03,2025-10-02_17h52.05.425,Motor Sequential Learning,,2025.1.1,None,2025-10-02 17h52.13.045488 +0530,
50,c,169,169,42,c,1,0.652336875005858,None,,,,,42,169,169,2,883.6801280829968,,883.6706313750037,883.6801280829968,884.6684181250021,884.6684181250021,884.6684181250021,884.6684181250021,884.6684181250021,885.6643277080002,885.6643277080002,886.3203720829915,,,,,c,1,0.652336875005858,None,952509,03,2025-10-02_17h52.05.425,Motor Sequential Learning,,2025.1.1,None,2025-10-02 17h52.13.045488 +0530,
50,c,170,170,43,c,1,0.3736842919897754,None,,,,,43,170,170,2,886.3305941669969,,886.3208712920023,886.3305941669969,887.3197387919936,887.3197387919936,887.3197387919936,887.3197387919936,887.3197387919936,888.3192132080003,888.3192132080003,888.6988526249916,,,,,c,1,0.3736842919897754,None,952509,03,2025-10-02_17h52.05.425,Motor Sequential Learning,,2025.1.1,None,2025-10-02 17h52.13.045488 +0530,
50,c,171,171,44,c,1,0.5140270830015652,None,,,,,44,171,171,2,888.7086727499991,,888.6995076669991,888.7086727499991,889.6975890829926,889.6975890829926,889.6975890829926,889.6975890829926,889.7025725419953,890.6976862919983,890.6976862919983,891.2157894580014,,,,,c,1,0.5140270830015652,None,952509,03,2025-10-02_17h52.05.425,Motor Sequential Learning,,2025.1.1,None,2025-10-02 17h52.13.045488 +0530,
150,v,172,172,41,v,1,0.337284458000795,None,,,,,41,172,172,1,891.2211132919911,,891.2164560829988,891.2211132919911,892.2144636669982,892.2144636669982,892.2144636669982,892.2144636669982,892.2200166669936,893.2143323749915,893.2143323749915,893.5541100419941,,,,,v,1,0.337284458000795,None,952509,03,2025-10-02_17h52.05.425,Motor Sequential Learning,,2025.1.1,None,2025-10-02 17h52.13.045488 +0530,
150,v,173,173,42,v,1,0.46683204200235195,None,,,,,42,173,173,1,893.5815107499948,,893.5546496250026,893.5815107499948,894.5529638750013,894.5529638750013,894.5529638750013,894.5529638750013,894.5693947919935,895.5536287080031,895.5536287080031,896.0325541249913,,,,,v,1,0.46683204200235195,None,952509,03,2025-10-02_17h52.05.425,Motor Sequential Learning,,2025.1.1,None,2025-10-02 17h52.13.045488 +0530,
-50,x,174,174,45,x,1,0.4606952500034822,None,,,,,45,174,174,0,896.042774542002,,896.0334220829973,896.042774542002,897.0310443329945,897.0310443329945,897.0310443329945,897.0310443329945,897.0365501670021,898.0308826669934,898.0308826669934,898.4991669169976,,,,,x,1,0.4606952500034822,None,952509,03,2025-10-02_17h52.05.425,Motor Sequential Learning,,2025.1.1,None,2025-10-02 17h52.13.045488 +0530,
-150,z,175,175,41,z,1,0.5235313339944696,None,,,,,41,175,175,3,898.5086379999993,,898.4996874579956,898.5086379999993,899.4976681249973,899.4976681249973,899.4976681249973,899.4976681249973,899.5023882079986,900.4968335000012,900.4968335000012,901.0323646250035,,,,,z,1,0.5235313339944696,None,952509,03,2025-10-02_17h52.05.425,Motor Sequential Learning,,2025.1.1,None,2025-10-02 17h52.13.045488 +0530,
50,c,176,176,45,c,1,0.35536962500191294,None,,,,,45,176,176,2,901.0413410000037,,901.0329218330007,901.0413410000037,902.0308768329996,902.0308768329996,902.0308768329996,902.0308768329996,902.0358212499996,903.0309605829971,903.0309605829971,903.3986659170041,,,,,c,1,0.35536962500191294,None,952509,03,2025-10-02_17h52.05.425,Motor Sequential Learning,,2025.1.1,None,2025-10-02 17h52.13.045488 +0530,
50,c,177,177,46,c,1,0.42175033400417306,None,,,,,46,177,177,2,903.4071054999949,,903.3992427079938,903.4071054999949,904.3974276670051,904.3974276670051,904.3974276670051,904.3974276670051,904.4018912079919,905.3975165000011,905.3975165000011,905.8317159580038,,,,,c,1,0.42175033400417306,None,952509,03,2025-10-02_17h52.05.425,Motor Sequential Learning,,2025.1.1,None,2025-10-02 17h52.13.045488 +0530,
150,v,178,178,43,v,1,0.5017501249967609,None,,,,,43,178,178,1,905.8382070829975,,905.8321636250039,905.8382070829975,906.8194526669977,906.8194526669977,906.8194526669977,906.8194526669977,906.8356206669996,907.819596500005,907.819596500005,908.3324445000035,,,,,v,1,0.5017501249967609,None,952509,03,2025-10-02_17h52.05.425,Motor Sequential Learning,,2025.1.1,None,2025-10-02 17h52.13.045488 +0530,
-150,z,179,179,42,z,1,0.3785732079995796,None,,,,,42,179,179,3,908.3415165000042,,908.3331452499988,908.3415165000042,909.3308062919969,909.3308062919969,909.3308062919969,909.3308062919969,909.3356577499944,910.3307119999954,910.3307119999954,910.7159005419962,,,,,z,1,0.3785732079995796,None,952509,03,2025-10-02_17h52.05.425,Motor Sequential Learning,,2025.1.1,None,2025-10-02 17h52.13.045488 +0530,
-150,z,180,180,43,z,1,0.43101666700385977,None,,,,,43,180,180,3,910.7246926249936,,910.7165979580022,910.7246926249936,911.7143382079958,911.7143382079958,911.7143382079958,911.7143382079958,911.7196567079955,912.7141754579934,912.7141754579934,913.1488658329909,,,,,z,1,0.43101666700385977,None,952509,03,2025-10-02_17h52.05.425,Motor Sequential Learning,,2025.1.1,None,2025-10-02 17h52.13.045488 +0530,
-150,z,181,181,44,z,1,0.389719166996656,None,,,,,44,181,181,3,913.1541009999928,,913.1496535000042,913.1541009999928,914.1474663749977,914.1474663749977,914.1474663749977,914.1474663749977,914.1523339580017,915.1473705829994,915.1473705829994,915.5489525000012,,,,,z,1,0.389719166996656,None,952509,03,2025-10-02_17h52.05.425,Motor Sequential Learning,,2025.1.1,None,2025-10-02 17h52.13.045488 +0530,
-150,z,182,182,45,z,1,0.444706041002064,None,,,,,45,182,182,3,915.5580428329995,,915.5496750829916,915.5580428329995,916.5474947079929,916.5474947079929,916.5474947079929,916.5474947079929,916.5531894169981,917.5474232499982,917.5474232499982,917.9978989170049,,,,,z,1,0.444706041002064,None,952509,03,2025-10-02_17h52.05.425,Motor Sequential Learning,,2025.1.1,None,2025-10-02 17h52.13.045488 +0530,
-50,x,183,183,46,x,1,0.5046835420071147,None,,,,,46,183,183,0,918.0017870830052,,917.9981388330052,918.0017870830052,918.985469124993,918.985469124993,918.985469124993,918.985469124993,918.9974057920044,919.9862357079983,919.9862357079983,920.4986148329917,,,,,x,1,0.5046835420071147,None,952509,03,2025-10-02_17h52.05.425,Motor Sequential Learning,,2025.1.1,None,2025-10-02 17h52.13.045488 +0530,
-150,z,184,184,46,z,1,0.4125504580006236,None,,,,,46,184,184,3,920.507320167002,,920.4991534169967,920.507320167002,921.4973222919944,921.4973222919944,921.4973222919944,921.4973222919944,921.5023242500029,922.497387957992,922.497387957992,922.9158116670005,,,,,z,1,0.4125504580006236,None,952509,03,2025-10-02_17h52.05.425,Motor Sequential Learning,,2025.1.1,None,2025-10-02 17h52.13.045488 +0530,
150,v,185,185,44,v,1,0.2948411660036072,None,,,,,44,185,185,1,922.9250530419959,,922.9166137919965,922.9250530419959,923.9139574169967,923.9139574169967,923.9139574169967,923.9139574169967,923.9188469999935,924.914030999993,924.914030999993,925.2153220000037,,,,,v,1,0.2948411660036072,None,952509,03,2025-10-02_17h52.05.425,Motor Sequential Learning,,2025.1.1,None,2025-10-02 17h52.13.045488 +0530,
-150,z,186,186,47,z,1,1.069811249995837,None,,,,,47,186,186,3,925.2252122499922,,925.2161228750047,925.2252122499922,926.2141222920036,926.2141222920036,926.2141222920036,926.2141222920036,926.2192133329954,927.2140059579979,927.2140059579979,928.2869177079992,,,,,z,1,1.069811249995837,None,952509,03,2025-10-02_17h52.05.425,Motor Sequential Learning,,2025.1.1,None,2025-10-02 17h52.13.045488 +0530,
-50,x,187,187,47,x,1,0.7534664580016397,None,,,,,47,187,187,0,928.2963567499974,,928.2874083329953,928.2963567499974,929.2855077499989,929.2855077499989,929.2855077499989,929.2855077499989,929.2855077499989,930.287210333001,930.287210333001,931.0491958329949,,,,,x,1,0.7534664580016397,None,952509,03,2025-10-02_17h52.05.425,Motor Sequential Learning,,2025.1.1,None,2025-10-02 17h52.13.045488 +0530,
150,v,188,188,45,v,1,0.4073459589999402,None,,,,,45,188,188,1,931.0584012920008,,931.0499151249969,931.0584012920008,932.0475654170004,932.0475654170004,932.0475654170004,932.0475654170004,932.0541604169994,933.0474106670008,933.0474106670008,933.4652700830047,,,,,v,1,0.4073459589999402,None,952509,03,2025-10-02_17h52.05.425,Motor Sequential Learning,,2025.1.1,None,2025-10-02 17h52.13.045488 +0530,
150,v,189,189,46,v,1,0.5476757920114323,None,,,,,46,189,189,1,933.4745684170048,,933.465855375005,933.4745684170048,934.4639250000037,934.4639250000037,934.4639250000037,934.4639250000037,934.4692219580029,935.463976375002,935.463976375002,936.015499000001,,,,,v,1,0.5476757920114323,None,952509,03,2025-10-02_17h52.05.425,Motor Sequential Learning,,2025.1.1,None,2025-10-02 17h52.13.045488 +0530,
150,v,190,190,47,v,1,0.39286495799024124,None,,,,,47,190,190,1,936.0208868750051,,936.016289332998,936.0208868750051,937.0138738749956,937.0138738749956,937.0138738749956,937.0138738749956,937.0187220829976,938.0137632919941,938.0137632919941,938.4155750420032,,,,,v,1,0.39286495799024124,None,952509,03,2025-10-02_17h52.05.425,Motor Sequential Learning,,2025.1.1,None,2025-10-02 17h52.13.045488 +0530,
50,c,191,191,47,c,1,0.8706555829994613,None,,,,,47,191,191,2,938.4250169169973,,938.4163339999941,938.4250169169973,939.4141434579942,939.4141434579942,939.4141434579942,939.4141434579942,939.4191367919993,940.4139377079991,940.4139377079991,941.2870407919982,,,,,c,1,0.8706555829994613,None,952509,03,2025-10-02_17h52.05.425,Motor Sequential Learning,,2025.1.1,None,2025-10-02 17h52.13.045488 +0530,
150,v,192,192,48,v,1,0.46731883300526533,None,,,,,48,192,192,1,941.2962949170033,,941.2875385420048,941.2962949170033,942.2866819170013,942.2866819170013,942.2866819170013,942.2866819170013,942.2866819170013,943.2861960419978,943.2861960419978,943.7652738329925,,,,,v,1,0.46731883300526533,None,952509,03,2025-10-02_17h52.05.425,Motor Sequential Learning,,2025.1.1,None,2025-10-02 17h52.13.045488 +0530,
-150,z,193,193,48,z,1,1.0674582500068936,None,,,,,48,193,193,3,943.7739634169993,,943.7658380829962,943.7739634169993,944.7637170419912,944.7637170419912,944.7637170419912,944.7637170419912,944.7683808330039,945.7638292920019,945.7638292920019,946.8365314580005,,,,,z,1,1.0674582500068936,None,952509,03,2025-10-02_17h52.05.425,Motor Sequential Learning,,2025.1.1,None,2025-10-02 17h52.13.045488 +0530,
50,c,194,194,48,c,1,0.8568766250100452,None,,,,,48,194,194,2,946.8462163749937,,946.8370305830031,946.8462163749937,947.8358245830022,947.8358245830022,947.8358245830022,947.8358245830022,947.8358245830022,948.8365152079932,948.8365152079932,949.6986850419926,,,,,c,1,0.8568766250100452,None,952509,03,2025-10-02_17h52.05.425,Motor Sequential Learning,,2025.1.1,None,2025-10-02 17h52.13.045488 +0530,
-50,x,195,195,48,x,1,0.4241822920012055,None,,,,,48,195,195,0,949.7088040829985,,949.6992366250051,949.7088040829985,950.6972772500012,950.6972772500012,950.6972772500012,950.6972772500012,950.7023482499935,951.6971447499964,951.6971447499964,952.1318717499962,,,,,x,1,0.4241822920012055,None,952509,03,2025-10-02_17h52.05.425,Motor Sequential Learning,,2025.1.1,None,2025-10-02 17h52.13.045488 +0530,
50,c,196,196,49,c,1,0.8093833339953562,None,,,,,49,196,196,2,952.1418526670022,,952.1325183750014,952.1418526670022,953.1306419169996,953.1306419169996,953.1306419169996,953.1306419169996,953.1354122079938,954.130715249994,954.130715249994,954.9488641249918,,,,,c,1,0.8093833339953562,None,952509,03,2025-10-02_17h52.05.425,Motor Sequential Learning,,2025.1.1,None,2025-10-02 17h52.13.045488 +0530,
150,v,197,197,49,v,1,0.43215062499803025,None,,,,,49,197,197,1,954.9589794170024,,954.9496066249994,954.9589794170024,955.9474279999995,955.9474279999995,955.9474279999995,955.9474279999995,955.952528416994,956.947023582994,956.947023582994,957.3820876249956,,,,,v,1,0.43215062499803025,None,952509,03,2025-10-02_17h52.05.425,Motor Sequential Learning,,2025.1.1,None,2025-10-02 17h52.13.045488 +0530,
-150,z,198,198,49,z,1,0.45157095800095703,None,,,,,49,198,198,3,957.3874709999945,,957.382765250004,957.3874709999945,958.3804357500048,958.3804357500048,958.3804357500048,958.3804357500048,958.385013207997,959.3805224579992,959.3805224579992,959.8372613329993,,,,,z,1,0.45157095800095703,None,952509,03,2025-10-02_17h52.05.425,Motor Sequential Learning,,2025.1.1,None,2025-10-02 17h52.13.045488 +0530,
-50,x,199,199,49,x,1,0.8074758750008186,None,,,,,49,199,199,0,959.846754875005,,959.8377745420003,959.846754875005,960.8349643749971,960.8349643749971,960.8349643749971,960.8349643749971,960.8349643749971,961.8366741670034,961.8366741670034,962.6486683749972,,,,,x,1,0.8074758750008186,None,952509,03,2025-10-02_17h52.05.425,Motor Sequential Learning,,2025.1.1,None,2025-10-02 17h52.13.045488 +0530,
