28.5750 	INFO 	Loaded monitor calibration from ['2025_08_12 08:00']
28.8341 	INFO 	Using renderer 'Apple M2' for graphics
28.8341 	INFO 	OpenGL version supported by driver is 2..
28.8831 	EXP 	Created window1 = Window(allowGUI=True, allowStencil=False, autoLog=True, backendConf=UNKNOWN, backgroundFit=<method-wrapper '__getattribute__' of attributeSetter object at 0x14e865720>, backgroundImage=<method-wrapper '__getattribute__' of attributeSetter object at 0x14e8656c0>, bitsMode=UNKNOWN, blendMode='avg', bpc=(8, 8, 8), color=array([0, 0, 0]), colorSpace='rgb', depthBits=8, fullscr=False, gamma=None, gammaErrorPolicy='raise', infoMsg=UNKNOWN, lms=UNKNOWN, monitor=<psychopy.monitors.calibTools.Monitor object at 0x14e942230>, multiSample=False, name='window1', numSamples=2, pos=[np.float64(135.0), np.float64(78.0)], screen=0, size=array([2400, 1600]), stencilBits=0, stereo=False, title='PsychoPy', units='height', useFBO=True, useRetina=True, viewOri=0.0, viewPos=None, viewScale=None, waitBlanking=True, winType='pyglet')
28.8832 	EXP 	window1: backgroundImage = ''
28.8832 	EXP 	window1: backgroundFit = 'none'
29.4236 	EXP 	window1: Attempting to measure frame rate of screen (0) ...
29.4236 	EXP 	window1: recordFrameIntervals = False
29.6094 	EXP 	window1: recordFrameIntervals = True
30.4426 	WARNING 	Couldn't measure a consistent frame rate!
  - Is your graphics card set to sync to vertical blank?
  - Are you running other processes on your computer?

31.6225 	INFO 	keyboard.Keyboard is using ptb backend.
31.9590 	INFO 	keyboard.Keyboard is using ptb backend.
31.9591 	EXP 	Motor Sequential Learning: status = STARTED
31.9701 	EXP 	Created fixation = ShapeStim(__class__=<class 'psychopy.visual.shape.ShapeStim'>, anchor=('center', 'center'), autoDraw=False, autoLog=True, closeShape=True, color=method-wrapper(...), colorSpace='rgb', contrast=None, depth=0.0, draggable=False, fillColor=array([0., 0., 0.]), fillColorSpace='rgb', fillRGB=array([0., 0., 0.]), interpolate=True, lineColor=array([1., 1., 1.]), lineColorSpace='rgb', lineRGB=array([1, 1, 1]), lineWidth=1.0, name='fixation', opacity=1, ori=0.0, pos=array([0., 0.]), size=array([10., 10.]), units='pix', vertices=ndarray(...), win=Window(...), windingRule=None)
31.9721 	EXP 	Created line1 = Rect(__class__=<class 'psychopy.visual.rect.Rect'>, anchor=('center', 'center'), autoDraw=False, autoLog=True, closeShape=True, color=method-wrapper(...), colorSpace='rgb', contrast=None, depth=-1.0, draggable=False, fillColor=array([1, 1, 1]), fillColorSpace='rgb', fillRGB=array([1, 1, 1]), interpolate=True, lineColor=array([1., 1., 1.]), lineColorSpace='rgb', lineRGB=array([1, 1, 1]), lineWidth=1.0, name='line1', opacity=1, ori=90.0, pos=array([-150.,    0.]), size=array([100.,  10.]), units='pix', vertices=ndarray(...), win=Window(...))
31.9732 	EXP 	Created line2 = Rect(__class__=<class 'psychopy.visual.rect.Rect'>, anchor=('center', 'center'), autoDraw=False, autoLog=True, closeShape=True, color=method-wrapper(...), colorSpace='rgb', contrast=None, depth=-2.0, draggable=False, fillColor=array([1, 1, 1]), fillColorSpace='rgb', fillRGB=array([1, 1, 1]), interpolate=True, lineColor=array([1., 1., 1.]), lineColorSpace='rgb', lineRGB=array([1, 1, 1]), lineWidth=1.0, name='line2', opacity=1, ori=90.0, pos=array([-50.,   0.]), size=array([100.,  10.]), units='pix', vertices=ndarray(...), win=Window(...))
31.9743 	EXP 	Created line3 = Rect(__class__=<class 'psychopy.visual.rect.Rect'>, anchor=('center', 'center'), autoDraw=False, autoLog=True, closeShape=True, color=method-wrapper(...), colorSpace='rgb', contrast=None, depth=-3.0, draggable=False, fillColor=array([1, 1, 1]), fillColorSpace='rgb', fillRGB=array([1, 1, 1]), interpolate=True, lineColor=array([1., 1., 1.]), lineColorSpace='rgb', lineRGB=array([1, 1, 1]), lineWidth=1.0, name='line3', opacity=1, ori=90.0, pos=array([50.,  0.]), size=array([100.,  10.]), units='pix', vertices=ndarray(...), win=Window(...))
31.9754 	EXP 	Created line4 = Rect(__class__=<class 'psychopy.visual.rect.Rect'>, anchor=('center', 'center'), autoDraw=False, autoLog=True, closeShape=True, color=method-wrapper(...), colorSpace='rgb', contrast=None, depth=-4.0, draggable=False, fillColor=array([1, 1, 1]), fillColorSpace='rgb', fillRGB=array([1, 1, 1]), interpolate=True, lineColor=array([1., 1., 1.]), lineColorSpace='rgb', lineRGB=array([1, 1, 1]), lineWidth=1.0, name='line4', opacity=1, ori=90.0, pos=array([150.,   0.]), size=array([100.,  10.]), units='pix', vertices=ndarray(...), win=Window(...))
31.9796 	EXP 	Created probe = ShapeStim(__class__=<class 'psychopy.visual.shape.ShapeStim'>, anchor=('center', 'center'), autoDraw=False, autoLog=True, closeShape=True, color=method-wrapper(...), colorSpace='rgb', contrast=None, depth=-5.0, draggable=False, fillColor=array([1, 1, 1]), fillColorSpace='rgb', fillRGB=array([1, 1, 1]), interpolate=True, lineColor=array([1., 1., 1.]), lineColorSpace='rgb', lineRGB=array([1, 1, 1]), lineWidth=1.0, name='probe', opacity=1, ori=0.0, pos=array([0., 0.]), size=array([10., 10.]), units='pix', vertices=ndarray(...), win=Window(...), windingRule=None)
31.9814 	EXP 	Created fixation = ShapeStim(__class__=<class 'psychopy.visual.shape.ShapeStim'>, anchor=('center', 'center'), autoDraw=False, autoLog=True, closeShape=True, color=method-wrapper(...), colorSpace='rgb', contrast=None, depth=0.0, draggable=False, fillColor=array([0., 0., 0.]), fillColorSpace='rgb', fillRGB=array([0., 0., 0.]), interpolate=True, lineColor=array([1., 1., 1.]), lineColorSpace='rgb', lineRGB=array([1, 1, 1]), lineWidth=1.0, name='fixation', opacity=1, ori=0.0, pos=array([0., 0.]), size=array([10., 10.]), units='pix', vertices=ndarray(...), win=Window(...), windingRule=None)
31.9825 	EXP 	Created line1 = Rect(__class__=<class 'psychopy.visual.rect.Rect'>, anchor=('center', 'center'), autoDraw=False, autoLog=True, closeShape=True, color=method-wrapper(...), colorSpace='rgb', contrast=None, depth=-1.0, draggable=False, fillColor=array([1, 1, 1]), fillColorSpace='rgb', fillRGB=array([1, 1, 1]), interpolate=True, lineColor=array([1., 1., 1.]), lineColorSpace='rgb', lineRGB=array([1, 1, 1]), lineWidth=1.0, name='line1', opacity=1, ori=90.0, pos=array([-150.,    0.]), size=array([100.,  10.]), units='pix', vertices=ndarray(...), win=Window(...))
31.9835 	EXP 	Created line2 = Rect(__class__=<class 'psychopy.visual.rect.Rect'>, anchor=('center', 'center'), autoDraw=False, autoLog=True, closeShape=True, color=method-wrapper(...), colorSpace='rgb', contrast=None, depth=-2.0, draggable=False, fillColor=array([1, 1, 1]), fillColorSpace='rgb', fillRGB=array([1, 1, 1]), interpolate=True, lineColor=array([1., 1., 1.]), lineColorSpace='rgb', lineRGB=array([1, 1, 1]), lineWidth=1.0, name='line2', opacity=1, ori=90.0, pos=array([-50.,   0.]), size=array([100.,  10.]), units='pix', vertices=ndarray(...), win=Window(...))
31.9846 	EXP 	Created line3 = Rect(__class__=<class 'psychopy.visual.rect.Rect'>, anchor=('center', 'center'), autoDraw=False, autoLog=True, closeShape=True, color=method-wrapper(...), colorSpace='rgb', contrast=None, depth=-3.0, draggable=False, fillColor=array([1, 1, 1]), fillColorSpace='rgb', fillRGB=array([1, 1, 1]), interpolate=True, lineColor=array([1., 1., 1.]), lineColorSpace='rgb', lineRGB=array([1, 1, 1]), lineWidth=1.0, name='line3', opacity=1, ori=90.0, pos=array([50.,  0.]), size=array([100.,  10.]), units='pix', vertices=ndarray(...), win=Window(...))
31.9856 	EXP 	Created line4 = Rect(__class__=<class 'psychopy.visual.rect.Rect'>, anchor=('center', 'center'), autoDraw=False, autoLog=True, closeShape=True, color=method-wrapper(...), colorSpace='rgb', contrast=None, depth=-4.0, draggable=False, fillColor=array([1, 1, 1]), fillColorSpace='rgb', fillRGB=array([1, 1, 1]), interpolate=True, lineColor=array([1., 1., 1.]), lineColorSpace='rgb', lineRGB=array([1, 1, 1]), lineWidth=1.0, name='line4', opacity=1, ori=90.0, pos=array([150.,   0.]), size=array([100.,  10.]), units='pix', vertices=ndarray(...), win=Window(...))
31.9869 	EXP 	Created probe = ShapeStim(__class__=<class 'psychopy.visual.shape.ShapeStim'>, anchor=('center', 'center'), autoDraw=False, autoLog=True, closeShape=True, color=method-wrapper(...), colorSpace='rgb', contrast=None, depth=-5.0, draggable=False, fillColor=array([1, 1, 1]), fillColorSpace='rgb', fillRGB=array([1, 1, 1]), interpolate=True, lineColor=array([1., 1., 1.]), lineColorSpace='rgb', lineRGB=array([1, 1, 1]), lineWidth=1.0, name='probe', opacity=1, ori=0.0, pos=array([0., 0.]), size=array([10., 10.]), units='pix', vertices=ndarray(...), win=Window(...), windingRule=None)
0.0231 	EXP 	Imported /Users/vineesmacbook/Downloads/sequence_cond - Sheet1.csv as conditions, 4 conditions, 2 params
0.0252 	EXP 	New trial (rep=0, index=0): <Trial 0 (0 in rep 0) data={'pos': np.int64(-50), 'corr_resp': 'x', 'thisN': 0, 'thisTrialN': 0, 'thisRepN': 0}>
0.0436 	WARNING 	t of last frame was 32.62ms (=1/30)
0.0436 	EXP 	fixation: autoDraw = True
0.1358 	WARNING 	t of last frame was 27.04ms (=1/36)
0.1559 	WARNING 	t of last frame was 20.04ms (=1/49)
1.0104 	WARNING 	t of last frame was 21.24ms (=1/47)
1.0104 	EXP 	line1: autoDraw = True
1.0104 	EXP 	line2: autoDraw = True
1.0104 	EXP 	line3: autoDraw = True
1.0104 	EXP 	line4: autoDraw = True
1.0424 	EXP 	fixation: autoDraw = False
1.9975 	INFO 	Keyboard events cleared
1.9974 	EXP 	probe: autoDraw = True
2.8838 	EXP 	Device response: <KeyPress from None: t=2.5629687500040745, value=x, duration=None>
2.8840 	EXP 	Device response: <KeyPress from None: t=2.5629687500040745, value=x, duration=0.11219454198726453>
2.8841 	EXP 	New trial (rep=0, index=1): <Trial 1 (1 in rep 0) data={'pos': np.int64(150), 'corr_resp': 'v', 'thisN': 1, 'thisTrialN': 1, 'thisRepN': 0}>
2.8922 	DATA 	Keypress: x
2.8976 	WARNING 	Multiple dropped frames have occurred - I'll stop bothering you about them!
2.8976 	EXP 	fixation: autoDraw = False
2.8976 	EXP 	line1: autoDraw = False
2.8976 	EXP 	line2: autoDraw = False
2.8976 	EXP 	line3: autoDraw = False
2.8976 	EXP 	line4: autoDraw = False
2.8976 	EXP 	probe: autoDraw = False
2.8976 	EXP 	fixation: autoDraw = True
3.8783 	EXP 	line1: autoDraw = True
3.8783 	EXP 	line2: autoDraw = True
3.8783 	EXP 	line3: autoDraw = True
3.8783 	EXP 	line4: autoDraw = True
3.8936 	EXP 	fixation: autoDraw = False
4.8787 	INFO 	Keyboard events cleared
4.8786 	EXP 	probe: autoDraw = True
5.4067 	EXP 	Device response: <KeyPress from None: t=5.4049291249975795, value=v, duration=None>
5.4073 	EXP 	New trial (rep=0, index=2): <Trial 2 (2 in rep 0) data={'pos': np.int64(50), 'corr_resp': 'c', 'thisN': 2, 'thisTrialN': 2, 'thisRepN': 0}>
5.4127 	EXP 	fixation: autoDraw = False
5.4127 	EXP 	line1: autoDraw = False
5.4127 	EXP 	line2: autoDraw = False
5.4127 	EXP 	line3: autoDraw = False
5.4127 	EXP 	line4: autoDraw = False
5.4127 	EXP 	probe: autoDraw = False
5.4127 	EXP 	fixation: autoDraw = True
5.4165 	DATA 	Keypress: v
5.4902 	EXP 	Device response: <KeyPress from None: t=5.4049291249975795, value=v, duration=0.07636483300302643>
6.4056 	EXP 	line1: autoDraw = True
6.4056 	EXP 	line2: autoDraw = True
6.4056 	EXP 	line3: autoDraw = True
6.4056 	EXP 	line4: autoDraw = True
6.4116 	EXP 	fixation: autoDraw = False
7.4057 	INFO 	Keyboard events cleared
7.4055 	EXP 	probe: autoDraw = True
7.8734 	EXP 	Device response: <KeyPress from None: t=7.8658727500005625, value=c, duration=None>
7.8739 	EXP 	New trial (rep=0, index=3): <Trial 3 (3 in rep 0) data={'pos': np.int64(-150), 'corr_resp': 'z', 'thisN': 3, 'thisTrialN': 3, 'thisRepN': 0}>
7.8787 	DATA 	Keypress: c
7.8826 	EXP 	fixation: autoDraw = False
7.8826 	EXP 	line1: autoDraw = False
7.8826 	EXP 	line2: autoDraw = False
7.8826 	EXP 	line3: autoDraw = False
7.8826 	EXP 	line4: autoDraw = False
7.8826 	EXP 	probe: autoDraw = False
7.8826 	EXP 	fixation: autoDraw = True
7.9735 	EXP 	Device response: <KeyPress from None: t=7.8658727500005625, value=c, duration=0.0962717079964932>
8.8721 	EXP 	line1: autoDraw = True
8.8721 	EXP 	line2: autoDraw = True
8.8721 	EXP 	line3: autoDraw = True
8.8721 	EXP 	line4: autoDraw = True
8.8772 	EXP 	fixation: autoDraw = False
9.8721 	INFO 	Keyboard events cleared
9.8720 	EXP 	probe: autoDraw = True
10.4900 	EXP 	Device response: <KeyPress from None: t=10.485905291992822, value=z, duration=None>
10.4907 	EXP 	New trial (rep=1, index=0): <Trial 4 (0 in rep 1) data={'pos': np.int64(-50), 'corr_resp': 'x', 'thisN': 4, 'thisTrialN': 0, 'thisRepN': 1}>
10.4958 	EXP 	fixation: autoDraw = False
10.4958 	EXP 	line1: autoDraw = False
10.4958 	EXP 	line2: autoDraw = False
10.4958 	EXP 	line3: autoDraw = False
10.4958 	EXP 	line4: autoDraw = False
10.4958 	EXP 	probe: autoDraw = False
10.4958 	EXP 	fixation: autoDraw = True
10.4993 	DATA 	Keypress: z
10.6779 	EXP 	Device response: <KeyPress from None: t=10.485905291992822, value=z, duration=0.18822679101140238>
11.4888 	EXP 	line1: autoDraw = True
11.4888 	EXP 	line2: autoDraw = True
11.4888 	EXP 	line3: autoDraw = True
11.4888 	EXP 	line4: autoDraw = True
11.4943 	EXP 	fixation: autoDraw = False
12.4890 	INFO 	Keyboard events cleared
12.4888 	EXP 	probe: autoDraw = True
12.9233 	EXP 	Device response: <KeyPress from None: t=12.91875991699635, value=x, duration=None>
12.9239 	EXP 	New trial (rep=1, index=1): <Trial 5 (1 in rep 1) data={'pos': np.int64(150), 'corr_resp': 'v', 'thisN': 5, 'thisTrialN': 1, 'thisRepN': 1}>
12.9291 	EXP 	fixation: autoDraw = False
12.9291 	EXP 	line1: autoDraw = False
12.9291 	EXP 	line2: autoDraw = False
12.9291 	EXP 	line3: autoDraw = False
12.9291 	EXP 	line4: autoDraw = False
12.9291 	EXP 	probe: autoDraw = False
12.9291 	EXP 	fixation: autoDraw = True
12.9326 	DATA 	Keypress: x
13.0071 	EXP 	Device response: <KeyPress from None: t=12.91875991699635, value=x, duration=0.08420437500171829>
13.9222 	EXP 	line1: autoDraw = True
13.9222 	EXP 	line2: autoDraw = True
13.9222 	EXP 	line3: autoDraw = True
13.9222 	EXP 	line4: autoDraw = True
13.9269 	EXP 	fixation: autoDraw = False
14.9223 	INFO 	Keyboard events cleared
14.9221 	EXP 	probe: autoDraw = True
15.1900 	EXP 	Device response: <KeyPress from None: t=15.187764082991634, value=v, duration=None>
15.1906 	EXP 	New trial (rep=1, index=2): <Trial 6 (2 in rep 1) data={'pos': np.int64(50), 'corr_resp': 'c', 'thisN': 6, 'thisTrialN': 2, 'thisRepN': 1}>
15.1955 	EXP 	fixation: autoDraw = False
15.1955 	EXP 	line1: autoDraw = False
15.1955 	EXP 	line2: autoDraw = False
15.1955 	EXP 	line3: autoDraw = False
15.1955 	EXP 	line4: autoDraw = False
15.1955 	EXP 	probe: autoDraw = False
15.1955 	EXP 	fixation: autoDraw = True
15.1990 	DATA 	Keypress: v
15.2941 	EXP 	Device response: <KeyPress from None: t=15.187764082991634, value=v, duration=0.10422079201089218>
16.1889 	EXP 	line1: autoDraw = True
16.1889 	EXP 	line2: autoDraw = True
16.1889 	EXP 	line3: autoDraw = True
16.1889 	EXP 	line4: autoDraw = True
16.1936 	EXP 	fixation: autoDraw = False
17.1889 	INFO 	Keyboard events cleared
17.1888 	EXP 	probe: autoDraw = True
17.7450 	EXP 	Device response: <KeyPress from None: t=17.7415833749983, value=c, duration=None>
17.7455 	EXP 	New trial (rep=1, index=3): <Trial 7 (3 in rep 1) data={'pos': np.int64(-150), 'corr_resp': 'z', 'thisN': 7, 'thisTrialN': 3, 'thisRepN': 1}>
17.7510 	DATA 	Keypress: c
17.7549 	EXP 	fixation: autoDraw = False
17.7549 	EXP 	line1: autoDraw = False
17.7549 	EXP 	line2: autoDraw = False
17.7549 	EXP 	line3: autoDraw = False
17.7549 	EXP 	line4: autoDraw = False
17.7549 	EXP 	probe: autoDraw = False
17.7549 	EXP 	fixation: autoDraw = True
17.8769 	EXP 	Device response: <KeyPress from None: t=17.7415833749983, value=c, duration=0.1323845419974532>
18.7440 	EXP 	fixation: autoDraw = False
18.7440 	EXP 	line1: autoDraw = True
18.7440 	EXP 	line2: autoDraw = True
18.7440 	EXP 	line3: autoDraw = True
18.7440 	EXP 	line4: autoDraw = True
19.7446 	INFO 	Keyboard events cleared
19.7444 	EXP 	probe: autoDraw = True
20.2231 	EXP 	Device response: <KeyPress from None: t=20.220948874994065, value=z, duration=None>
20.2236 	EXP 	New trial (rep=2, index=0): <Trial 8 (0 in rep 2) data={'pos': np.int64(-50), 'corr_resp': 'x', 'thisN': 8, 'thisTrialN': 0, 'thisRepN': 2}>
20.2280 	EXP 	fixation: autoDraw = False
20.2280 	EXP 	line1: autoDraw = False
20.2280 	EXP 	line2: autoDraw = False
20.2280 	EXP 	line3: autoDraw = False
20.2280 	EXP 	line4: autoDraw = False
20.2280 	EXP 	probe: autoDraw = False
20.2280 	EXP 	fixation: autoDraw = True
20.2314 	DATA 	Keypress: z
20.4239 	EXP 	Device response: <KeyPress from None: t=20.220948874994065, value=z, duration=0.19184916700760368>
21.2223 	EXP 	fixation: autoDraw = False
21.2223 	EXP 	line1: autoDraw = True
21.2223 	EXP 	line2: autoDraw = True
21.2223 	EXP 	line3: autoDraw = True
21.2223 	EXP 	line4: autoDraw = True
22.2222 	INFO 	Keyboard events cleared
22.2221 	EXP 	probe: autoDraw = True
22.5400 	EXP 	Device response: <KeyPress from None: t=22.529464999999618, value=x, duration=None>
22.5407 	EXP 	New trial (rep=2, index=1): <Trial 9 (1 in rep 2) data={'pos': np.int64(150), 'corr_resp': 'v', 'thisN': 9, 'thisTrialN': 1, 'thisRepN': 2}>
22.5457 	DATA 	Keypress: x
22.5496 	EXP 	fixation: autoDraw = False
22.5496 	EXP 	line1: autoDraw = False
22.5496 	EXP 	line2: autoDraw = False
22.5496 	EXP 	line3: autoDraw = False
22.5496 	EXP 	line4: autoDraw = False
22.5496 	EXP 	probe: autoDraw = False
22.5496 	EXP 	fixation: autoDraw = True
22.6771 	EXP 	Device response: <KeyPress from None: t=22.529464999999618, value=x, duration=0.14492916699964553>
23.5387 	EXP 	line1: autoDraw = True
23.5387 	EXP 	line2: autoDraw = True
23.5387 	EXP 	line3: autoDraw = True
23.5387 	EXP 	line4: autoDraw = True
23.5449 	EXP 	fixation: autoDraw = False
24.5390 	INFO 	Keyboard events cleared
24.5388 	EXP 	probe: autoDraw = True
24.8065 	EXP 	Device response: <KeyPress from None: t=24.79647941699659, value=v, duration=None>
24.8070 	EXP 	New trial (rep=2, index=2): <Trial 10 (2 in rep 2) data={'pos': np.int64(50), 'corr_resp': 'c', 'thisN': 10, 'thisTrialN': 2, 'thisRepN': 2}>
24.8118 	DATA 	Keypress: v
24.8159 	EXP 	fixation: autoDraw = False
24.8159 	EXP 	line1: autoDraw = False
24.8159 	EXP 	line2: autoDraw = False
24.8159 	EXP 	line3: autoDraw = False
24.8159 	EXP 	line4: autoDraw = False
24.8159 	EXP 	probe: autoDraw = False
24.8159 	EXP 	fixation: autoDraw = True
24.9066 	EXP 	Device response: <KeyPress from None: t=24.79647941699659, value=v, duration=0.10033116600243375>
25.8054 	EXP 	line1: autoDraw = True
25.8054 	EXP 	line2: autoDraw = True
25.8054 	EXP 	line3: autoDraw = True
25.8054 	EXP 	line4: autoDraw = True
25.8103 	EXP 	fixation: autoDraw = False
26.8056 	INFO 	Keyboard events cleared
26.8054 	EXP 	probe: autoDraw = True
27.2064 	EXP 	Device response: <KeyPress from None: t=27.1963428750023, value=c, duration=None>
27.2068 	EXP 	New trial (rep=2, index=3): <Trial 11 (3 in rep 2) data={'pos': np.int64(-150), 'corr_resp': 'z', 'thisN': 11, 'thisTrialN': 3, 'thisRepN': 2}>
27.2114 	DATA 	Keypress: c
27.2152 	EXP 	fixation: autoDraw = False
27.2152 	EXP 	line1: autoDraw = False
27.2152 	EXP 	line2: autoDraw = False
27.2152 	EXP 	line3: autoDraw = False
27.2152 	EXP 	line4: autoDraw = False
27.2152 	EXP 	probe: autoDraw = False
27.2152 	EXP 	fixation: autoDraw = True
27.3073 	EXP 	Device response: <KeyPress from None: t=27.1963428750023, value=c, duration=0.10047579200181644>
28.2055 	EXP 	line1: autoDraw = True
28.2055 	EXP 	line2: autoDraw = True
28.2055 	EXP 	line3: autoDraw = True
28.2055 	EXP 	line4: autoDraw = True
28.2106 	EXP 	fixation: autoDraw = False
29.2056 	INFO 	Keyboard events cleared
29.2054 	EXP 	probe: autoDraw = True
29.7729 	EXP 	Device response: <KeyPress from None: t=29.76940283300064, value=z, duration=None>
29.7735 	EXP 	New trial (rep=3, index=0): <Trial 12 (0 in rep 3) data={'pos': np.int64(-50), 'corr_resp': 'x', 'thisN': 12, 'thisTrialN': 0, 'thisRepN': 3}>
29.7784 	EXP 	fixation: autoDraw = False
29.7784 	EXP 	line1: autoDraw = False
29.7784 	EXP 	line2: autoDraw = False
29.7784 	EXP 	line3: autoDraw = False
29.7784 	EXP 	line4: autoDraw = False
29.7784 	EXP 	probe: autoDraw = False
29.7784 	EXP 	fixation: autoDraw = True
29.7820 	DATA 	Keypress: z
29.9234 	EXP 	Device response: <KeyPress from None: t=29.76940283300064, value=z, duration=0.14010941699962132>
30.7720 	EXP 	line1: autoDraw = True
30.7720 	EXP 	line2: autoDraw = True
30.7720 	EXP 	line3: autoDraw = True
30.7720 	EXP 	line4: autoDraw = True
30.7769 	EXP 	fixation: autoDraw = False
31.7721 	INFO 	Keyboard events cleared
31.7719 	EXP 	probe: autoDraw = True
32.0614 	EXP 	Device response: <KeyPress from None: t=32.060176333005074, value=x, duration=None>
32.0618 	EXP 	New trial (rep=3, index=1): <Trial 13 (1 in rep 3) data={'pos': np.int64(150), 'corr_resp': 'v', 'thisN': 13, 'thisTrialN': 1, 'thisRepN': 3}>
32.0660 	DATA 	Keypress: x
32.0710 	EXP 	fixation: autoDraw = False
32.0710 	EXP 	line1: autoDraw = False
32.0710 	EXP 	line2: autoDraw = False
32.0710 	EXP 	line3: autoDraw = False
32.0710 	EXP 	line4: autoDraw = False
32.0710 	EXP 	probe: autoDraw = False
32.0710 	EXP 	fixation: autoDraw = True
32.2111 	EXP 	Device response: <KeyPress from None: t=32.060176333005074, value=x, duration=0.14838116698956583>
33.0608 	EXP 	fixation: autoDraw = False
33.0608 	EXP 	line1: autoDraw = True
33.0608 	EXP 	line2: autoDraw = True
33.0608 	EXP 	line3: autoDraw = True
33.0608 	EXP 	line4: autoDraw = True
34.0617 	INFO 	Keyboard events cleared
34.0615 	EXP 	probe: autoDraw = True
34.3613 	EXP 	Device response: <KeyPress from None: t=34.36044370799209, value=v, duration=None>
34.3617 	EXP 	New trial (rep=3, index=2): <Trial 14 (2 in rep 3) data={'pos': np.int64(50), 'corr_resp': 'c', 'thisN': 14, 'thisTrialN': 2, 'thisRepN': 3}>
34.3662 	DATA 	Keypress: v
34.3710 	EXP 	fixation: autoDraw = False
34.3710 	EXP 	line1: autoDraw = False
34.3710 	EXP 	line2: autoDraw = False
34.3710 	EXP 	line3: autoDraw = False
34.3710 	EXP 	line4: autoDraw = False
34.3710 	EXP 	probe: autoDraw = False
34.3710 	EXP 	fixation: autoDraw = True
34.4566 	EXP 	Device response: <KeyPress from None: t=34.36044370799209, value=v, duration=0.09219650000159163>
35.3622 	EXP 	fixation: autoDraw = False
35.3622 	EXP 	line1: autoDraw = True
35.3622 	EXP 	line2: autoDraw = True
35.3622 	EXP 	line3: autoDraw = True
35.3622 	EXP 	line4: autoDraw = True
36.3618 	INFO 	Keyboard events cleared
36.3616 	EXP 	probe: autoDraw = True
37.0898 	EXP 	Device response: <KeyPress from None: t=37.081158667002455, value=c, duration=None>
37.0904 	EXP 	New trial (rep=3, index=3): <Trial 15 (3 in rep 3) data={'pos': np.int64(-150), 'corr_resp': 'z', 'thisN': 15, 'thisTrialN': 3, 'thisRepN': 3}>
37.0953 	DATA 	Keypress: c
37.0993 	EXP 	fixation: autoDraw = False
37.0993 	EXP 	line1: autoDraw = False
37.0993 	EXP 	line2: autoDraw = False
37.0993 	EXP 	line3: autoDraw = False
37.0993 	EXP 	line4: autoDraw = False
37.0993 	EXP 	probe: autoDraw = False
37.0993 	EXP 	fixation: autoDraw = True
37.1734 	EXP 	Device response: <KeyPress from None: t=37.081158667002455, value=c, duration=0.08439383299264591>
38.0887 	EXP 	line1: autoDraw = True
38.0887 	EXP 	line2: autoDraw = True
38.0887 	EXP 	line3: autoDraw = True
38.0887 	EXP 	line4: autoDraw = True
38.0939 	EXP 	fixation: autoDraw = False
39.0890 	INFO 	Keyboard events cleared
39.0888 	EXP 	probe: autoDraw = True
39.3564 	EXP 	Device response: <KeyPress from None: t=39.35125233299914, value=z, duration=None>
39.3570 	EXP 	New trial (rep=4, index=0): <Trial 16 (0 in rep 4) data={'pos': np.int64(-50), 'corr_resp': 'x', 'thisN': 16, 'thisTrialN': 0, 'thisRepN': 4}>
39.3622 	DATA 	Keypress: z
39.3662 	EXP 	fixation: autoDraw = False
39.3662 	EXP 	line1: autoDraw = False
39.3662 	EXP 	line2: autoDraw = False
39.3662 	EXP 	line3: autoDraw = False
39.3662 	EXP 	line4: autoDraw = False
39.3662 	EXP 	probe: autoDraw = False
39.3662 	EXP 	fixation: autoDraw = True
39.4565 	EXP 	Device response: <KeyPress from None: t=39.35125233299914, value=z, duration=0.09212991700042039>
40.3553 	EXP 	line1: autoDraw = True
40.3553 	EXP 	line2: autoDraw = True
40.3553 	EXP 	line3: autoDraw = True
40.3553 	EXP 	line4: autoDraw = True
40.3602 	EXP 	fixation: autoDraw = False
41.3554 	INFO 	Keyboard events cleared
41.3552 	EXP 	probe: autoDraw = True
41.6400 	EXP 	Device response: <KeyPress from None: t=41.636150332997204, value=x, duration=None>
41.6407 	EXP 	New trial (rep=4, index=1): <Trial 17 (1 in rep 4) data={'pos': np.int64(150), 'corr_resp': 'v', 'thisN': 17, 'thisTrialN': 1, 'thisRepN': 4}>
41.6467 	DATA 	Keypress: x
41.6507 	EXP 	fixation: autoDraw = False
41.6507 	EXP 	line1: autoDraw = False
41.6507 	EXP 	line2: autoDraw = False
41.6507 	EXP 	line3: autoDraw = False
41.6507 	EXP 	line4: autoDraw = False
41.6507 	EXP 	probe: autoDraw = False
41.6507 	EXP 	fixation: autoDraw = True
41.7606 	EXP 	Device response: <KeyPress from None: t=41.636150332997204, value=x, duration=0.12022174999583513>
42.6389 	EXP 	line1: autoDraw = True
42.6389 	EXP 	line2: autoDraw = True
42.6389 	EXP 	line3: autoDraw = True
42.6389 	EXP 	line4: autoDraw = True
42.6442 	EXP 	fixation: autoDraw = False
43.6386 	INFO 	Keyboard events cleared
43.6385 	EXP 	probe: autoDraw = True
43.9393 	EXP 	Device response: <KeyPress from None: t=43.93700049999461, value=v, duration=None>
43.9396 	EXP 	New trial (rep=4, index=2): <Trial 18 (2 in rep 4) data={'pos': np.int64(50), 'corr_resp': 'c', 'thisN': 18, 'thisTrialN': 2, 'thisRepN': 4}>
43.9437 	EXP 	fixation: autoDraw = False
43.9437 	EXP 	line1: autoDraw = False
43.9437 	EXP 	line2: autoDraw = False
43.9437 	EXP 	line3: autoDraw = False
43.9437 	EXP 	line4: autoDraw = False
43.9437 	EXP 	probe: autoDraw = False
43.9437 	EXP 	fixation: autoDraw = True
43.9575 	DATA 	Keypress: v
44.0433 	EXP 	Device response: <KeyPress from None: t=43.93700049999461, value=v, duration=0.10419050000200514>
44.9267 	EXP 	line1: autoDraw = True
44.9267 	EXP 	line2: autoDraw = True
44.9267 	EXP 	line3: autoDraw = True
44.9267 	EXP 	line4: autoDraw = True
44.9385 	EXP 	fixation: autoDraw = False
45.9385 	INFO 	Keyboard events cleared
45.9384 	EXP 	probe: autoDraw = True
46.2559 	EXP 	Device response: <KeyPress from None: t=46.24804308300372, value=c, duration=None>
46.2562 	EXP 	New trial (rep=4, index=3): <Trial 19 (3 in rep 4) data={'pos': np.int64(-150), 'corr_resp': 'z', 'thisN': 19, 'thisTrialN': 3, 'thisRepN': 4}>
46.2589 	DATA 	Keypress: c
46.2623 	EXP 	fixation: autoDraw = False
46.2623 	EXP 	line1: autoDraw = False
46.2623 	EXP 	line2: autoDraw = False
46.2623 	EXP 	line3: autoDraw = False
46.2623 	EXP 	line4: autoDraw = False
46.2623 	EXP 	probe: autoDraw = False
46.2623 	EXP 	fixation: autoDraw = True
46.3770 	EXP 	Device response: <KeyPress from None: t=46.24804308300372, value=c, duration=0.12413504198775627>
47.2432 	EXP 	line1: autoDraw = True
47.2432 	EXP 	line2: autoDraw = True
47.2432 	EXP 	line3: autoDraw = True
47.2432 	EXP 	line4: autoDraw = True
47.2596 	EXP 	fixation: autoDraw = False
48.2443 	INFO 	Keyboard events cleared
48.2442 	EXP 	probe: autoDraw = True
48.4895 	EXP 	Device response: <KeyPress from None: t=48.481924249994336, value=z, duration=None>
48.4900 	EXP 	New trial (rep=5, index=0): <Trial 20 (0 in rep 5) data={'pos': np.int64(-50), 'corr_resp': 'x', 'thisN': 20, 'thisTrialN': 0, 'thisRepN': 5}>
48.4947 	DATA 	Keypress: z
48.4987 	EXP 	fixation: autoDraw = False
48.4987 	EXP 	line1: autoDraw = False
48.4987 	EXP 	line2: autoDraw = False
48.4987 	EXP 	line3: autoDraw = False
48.4987 	EXP 	line4: autoDraw = False
48.4987 	EXP 	probe: autoDraw = False
48.4987 	EXP 	fixation: autoDraw = True
48.6726 	EXP 	Device response: <KeyPress from None: t=48.481924249994336, value=z, duration=0.18428720800147858>
49.4885 	EXP 	line1: autoDraw = True
49.4885 	EXP 	line2: autoDraw = True
49.4885 	EXP 	line3: autoDraw = True
49.4885 	EXP 	line4: autoDraw = True
49.4931 	EXP 	fixation: autoDraw = False
50.4885 	INFO 	Keyboard events cleared
50.4884 	EXP 	probe: autoDraw = True
51.0061 	EXP 	Device response: <KeyPress from None: t=50.99484762499924, value=x, duration=None>
51.0065 	EXP 	New trial (rep=5, index=1): <Trial 21 (1 in rep 5) data={'pos': np.int64(150), 'corr_resp': 'v', 'thisN': 21, 'thisTrialN': 1, 'thisRepN': 5}>
51.0109 	DATA 	Keypress: x
51.0146 	EXP 	fixation: autoDraw = False
51.0146 	EXP 	line1: autoDraw = False
51.0146 	EXP 	line2: autoDraw = False
51.0146 	EXP 	line3: autoDraw = False
51.0146 	EXP 	line4: autoDraw = False
51.0146 	EXP 	probe: autoDraw = False
51.0146 	EXP 	fixation: autoDraw = True
51.1228 	EXP 	Device response: <KeyPress from None: t=50.99484762499924, value=x, duration=0.12428000000363681>
52.0052 	EXP 	line1: autoDraw = True
52.0052 	EXP 	line2: autoDraw = True
52.0052 	EXP 	line3: autoDraw = True
52.0052 	EXP 	line4: autoDraw = True
52.0112 	EXP 	fixation: autoDraw = False
53.0053 	INFO 	Keyboard events cleared
53.0051 	EXP 	probe: autoDraw = True
53.5608 	EXP 	Device response: <KeyPress from None: t=53.55695166699297, value=v, duration=None>
53.5612 	EXP 	New trial (rep=5, index=2): <Trial 22 (2 in rep 5) data={'pos': np.int64(50), 'corr_resp': 'c', 'thisN': 22, 'thisTrialN': 2, 'thisRepN': 5}>
53.5642 	DATA 	Keypress: v
53.5718 	EXP 	fixation: autoDraw = False
53.5718 	EXP 	line1: autoDraw = False
53.5718 	EXP 	line2: autoDraw = False
53.5718 	EXP 	line3: autoDraw = False
53.5718 	EXP 	line4: autoDraw = False
53.5718 	EXP 	probe: autoDraw = False
53.5718 	EXP 	fixation: autoDraw = True
53.6890 	EXP 	Device response: <KeyPress from None: t=53.55695166699297, value=v, duration=0.12804233300266787>
54.5599 	EXP 	fixation: autoDraw = False
54.5599 	EXP 	line1: autoDraw = True
54.5599 	EXP 	line2: autoDraw = True
54.5599 	EXP 	line3: autoDraw = True
54.5599 	EXP 	line4: autoDraw = True
55.5601 	INFO 	Keyboard events cleared
55.5600 	EXP 	probe: autoDraw = True
56.0444 	EXP 	Device response: <KeyPress from None: t=56.042655166995246, value=c, duration=None>
56.0447 	EXP 	New trial (rep=5, index=3): <Trial 23 (3 in rep 5) data={'pos': np.int64(-150), 'corr_resp': 'z', 'thisN': 23, 'thisTrialN': 3, 'thisRepN': 5}>
56.0480 	DATA 	Keypress: c
56.0551 	EXP 	fixation: autoDraw = False
56.0551 	EXP 	line1: autoDraw = False
56.0551 	EXP 	line2: autoDraw = False
56.0551 	EXP 	line3: autoDraw = False
56.0551 	EXP 	line4: autoDraw = False
56.0551 	EXP 	probe: autoDraw = False
56.0551 	EXP 	fixation: autoDraw = True
56.1389 	EXP 	Device response: <KeyPress from None: t=56.042655166995246, value=c, duration=0.08832258300390095>
57.0437 	EXP 	fixation: autoDraw = False
57.0437 	EXP 	line1: autoDraw = True
57.0437 	EXP 	line2: autoDraw = True
57.0437 	EXP 	line3: autoDraw = True
57.0437 	EXP 	line4: autoDraw = True
58.0442 	INFO 	Keyboard events cleared
58.0440 	EXP 	probe: autoDraw = True
58.5392 	EXP 	Device response: <KeyPress from None: t=58.53058812499512, value=z, duration=None>
58.5396 	EXP 	New trial (rep=6, index=0): <Trial 24 (0 in rep 6) data={'pos': np.int64(-50), 'corr_resp': 'x', 'thisN': 24, 'thisTrialN': 0, 'thisRepN': 6}>
58.5426 	DATA 	Keypress: z
58.5460 	EXP 	fixation: autoDraw = False
58.5460 	EXP 	line1: autoDraw = False
58.5460 	EXP 	line2: autoDraw = False
58.5460 	EXP 	line3: autoDraw = False
58.5460 	EXP 	line4: autoDraw = False
58.5460 	EXP 	probe: autoDraw = False
58.5460 	EXP 	fixation: autoDraw = True
58.6929 	EXP 	Device response: <KeyPress from None: t=58.53058812499512, value=z, duration=0.16039099999761675>
59.5273 	EXP 	line1: autoDraw = True
59.5273 	EXP 	line2: autoDraw = True
59.5273 	EXP 	line3: autoDraw = True
59.5273 	EXP 	line4: autoDraw = True
59.5435 	EXP 	fixation: autoDraw = False
60.5385 	INFO 	Keyboard events cleared
60.5383 	EXP 	probe: autoDraw = True
61.1563 	EXP 	Device response: <KeyPress from None: t=61.153642874996876, value=x, duration=None>
61.1567 	EXP 	New trial (rep=6, index=1): <Trial 25 (1 in rep 6) data={'pos': np.int64(150), 'corr_resp': 'v', 'thisN': 25, 'thisTrialN': 1, 'thisRepN': 6}>
61.1612 	EXP 	fixation: autoDraw = False
61.1612 	EXP 	line1: autoDraw = False
61.1612 	EXP 	line2: autoDraw = False
61.1612 	EXP 	line3: autoDraw = False
61.1612 	EXP 	line4: autoDraw = False
61.1612 	EXP 	probe: autoDraw = False
61.1612 	EXP 	fixation: autoDraw = True
61.1644 	DATA 	Keypress: x
61.3272 	EXP 	Device response: <KeyPress from None: t=61.153642874996876, value=x, duration=0.17227112500404473>
62.1552 	EXP 	line1: autoDraw = True
62.1552 	EXP 	line2: autoDraw = True
62.1552 	EXP 	line3: autoDraw = True
62.1552 	EXP 	line4: autoDraw = True
62.1597 	EXP 	fixation: autoDraw = False
63.1551 	INFO 	Keyboard events cleared
63.1550 	EXP 	probe: autoDraw = True
63.4893 	EXP 	Device response: <KeyPress from None: t=63.481551207994926, value=v, duration=None>
63.4897 	EXP 	New trial (rep=6, index=2): <Trial 26 (2 in rep 6) data={'pos': np.int64(50), 'corr_resp': 'c', 'thisN': 26, 'thisTrialN': 2, 'thisRepN': 6}>
63.4952 	DATA 	Keypress: v
63.4992 	EXP 	fixation: autoDraw = False
63.4992 	EXP 	line1: autoDraw = False
63.4992 	EXP 	line2: autoDraw = False
63.4992 	EXP 	line3: autoDraw = False
63.4992 	EXP 	line4: autoDraw = False
63.4992 	EXP 	probe: autoDraw = False
63.4992 	EXP 	fixation: autoDraw = True
63.6394 	EXP 	Device response: <KeyPress from None: t=63.481551207994926, value=v, duration=0.15620458399644122>
64.4883 	EXP 	line1: autoDraw = True
64.4883 	EXP 	line2: autoDraw = True
64.4883 	EXP 	line3: autoDraw = True
64.4883 	EXP 	line4: autoDraw = True
64.4930 	EXP 	fixation: autoDraw = False
65.4887 	INFO 	Keyboard events cleared
65.4886 	EXP 	probe: autoDraw = True
66.1060 	EXP 	Device response: <KeyPress from None: t=66.09843216699664, value=c, duration=None>
66.1064 	EXP 	New trial (rep=6, index=3): <Trial 27 (3 in rep 6) data={'pos': np.int64(-150), 'corr_resp': 'z', 'thisN': 27, 'thisTrialN': 3, 'thisRepN': 6}>
66.1116 	DATA 	Keypress: c
66.1156 	EXP 	fixation: autoDraw = False
66.1156 	EXP 	line1: autoDraw = False
66.1156 	EXP 	line2: autoDraw = False
66.1156 	EXP 	line3: autoDraw = False
66.1156 	EXP 	line4: autoDraw = False
66.1156 	EXP 	probe: autoDraw = False
66.1156 	EXP 	fixation: autoDraw = True
66.2275 	EXP 	Device response: <KeyPress from None: t=66.09843216699664, value=c, duration=0.12434204100281931>
67.1049 	EXP 	line1: autoDraw = True
67.1049 	EXP 	line2: autoDraw = True
67.1049 	EXP 	line3: autoDraw = True
67.1049 	EXP 	line4: autoDraw = True
67.1097 	EXP 	fixation: autoDraw = False
68.1052 	INFO 	Keyboard events cleared
68.1050 	EXP 	probe: autoDraw = True
68.6060 	EXP 	Device response: <KeyPress from None: t=68.59843966699555, value=z, duration=None>
68.6064 	EXP 	New trial (rep=7, index=0): <Trial 28 (0 in rep 7) data={'pos': np.int64(-50), 'corr_resp': 'x', 'thisN': 28, 'thisTrialN': 0, 'thisRepN': 7}>
68.6116 	DATA 	Keypress: z
68.6158 	EXP 	fixation: autoDraw = False
68.6158 	EXP 	line1: autoDraw = False
68.6158 	EXP 	line2: autoDraw = False
68.6158 	EXP 	line3: autoDraw = False
68.6158 	EXP 	line4: autoDraw = False
68.6158 	EXP 	probe: autoDraw = False
68.6158 	EXP 	fixation: autoDraw = True
68.7604 	EXP 	Device response: <KeyPress from None: t=68.59843966699555, value=z, duration=0.16026412500650622>
69.6051 	EXP 	line1: autoDraw = True
69.6051 	EXP 	line2: autoDraw = True
69.6051 	EXP 	line3: autoDraw = True
69.6051 	EXP 	line4: autoDraw = True
69.6100 	EXP 	fixation: autoDraw = False
70.6051 	INFO 	Keyboard events cleared
70.6050 	EXP 	probe: autoDraw = True
70.8617 	EXP 	Device response: <KeyPress from None: t=70.85826166700281, value=x, duration=None>
70.8621 	EXP 	New trial (rep=7, index=1): <Trial 29 (1 in rep 7) data={'pos': np.int64(150), 'corr_resp': 'v', 'thisN': 29, 'thisTrialN': 1, 'thisRepN': 7}>
70.8671 	DATA 	Keypress: x
70.8713 	EXP 	fixation: autoDraw = False
70.8713 	EXP 	line1: autoDraw = False
70.8713 	EXP 	line2: autoDraw = False
70.8713 	EXP 	line3: autoDraw = False
70.8713 	EXP 	line4: autoDraw = False
70.8713 	EXP 	probe: autoDraw = False
70.8713 	EXP 	fixation: autoDraw = True
70.9936 	EXP 	Device response: <KeyPress from None: t=70.85826166700281, value=x, duration=0.13242608300060965>
71.8604 	EXP 	fixation: autoDraw = False
71.8604 	EXP 	line1: autoDraw = True
71.8604 	EXP 	line2: autoDraw = True
71.8604 	EXP 	line3: autoDraw = True
71.8604 	EXP 	line4: autoDraw = True
72.8612 	INFO 	Keyboard events cleared
72.8610 	EXP 	probe: autoDraw = True
73.2897 	EXP 	Device response: <KeyPress from None: t=73.28343858299195, value=v, duration=None>
73.2902 	EXP 	New trial (rep=7, index=2): <Trial 30 (2 in rep 7) data={'pos': np.int64(50), 'corr_resp': 'c', 'thisN': 30, 'thisTrialN': 2, 'thisRepN': 7}>
73.2952 	EXP 	fixation: autoDraw = False
73.2952 	EXP 	line1: autoDraw = False
73.2952 	EXP 	line2: autoDraw = False
73.2952 	EXP 	line3: autoDraw = False
73.2952 	EXP 	line4: autoDraw = False
73.2952 	EXP 	probe: autoDraw = False
73.2952 	EXP 	fixation: autoDraw = True
73.2990 	DATA 	Keypress: v
73.5062 	EXP 	Device response: <KeyPress from None: t=73.28343858299195, value=v, duration=0.21619291701063048>
74.2884 	EXP 	line1: autoDraw = True
74.2884 	EXP 	line2: autoDraw = True
74.2884 	EXP 	line3: autoDraw = True
74.2884 	EXP 	line4: autoDraw = True
74.2934 	EXP 	fixation: autoDraw = False
75.2882 	INFO 	Keyboard events cleared
75.2882 	EXP 	probe: autoDraw = True
75.6558 	EXP 	Device response: <KeyPress from None: t=75.65426054199634, value=z, duration=None>
75.6561 	EXP 	New trial (rep=7, index=3): <Trial 31 (3 in rep 7) data={'pos': np.int64(-150), 'corr_resp': 'z', 'thisN': 31, 'thisTrialN': 3, 'thisRepN': 7}>
75.6602 	EXP 	fixation: autoDraw = False
75.6602 	EXP 	line1: autoDraw = False
75.6602 	EXP 	line2: autoDraw = False
75.6602 	EXP 	line3: autoDraw = False
75.6602 	EXP 	line4: autoDraw = False
75.6602 	EXP 	probe: autoDraw = False
75.6602 	EXP 	fixation: autoDraw = True
75.6633 	DATA 	Keypress: z
75.7553 	EXP 	Device response: <KeyPress from None: t=75.65426054199634, value=z, duration=0.09225499999593012>
75.7888 	EXP 	Device response: <KeyPress from None: t=75.78429899999173, value=c, duration=None>
75.7951 	DATA 	Keypress: c
75.8720 	EXP 	Device response: <KeyPress from None: t=75.78429899999173, value=c, duration=0.08032000000821427>
76.6549 	EXP 	fixation: autoDraw = False
76.6549 	EXP 	line1: autoDraw = True
76.6549 	EXP 	line2: autoDraw = True
76.6549 	EXP 	line3: autoDraw = True
76.6549 	EXP 	line4: autoDraw = True
77.6550 	INFO 	Keyboard events cleared
77.6548 	EXP 	probe: autoDraw = True
78.2392 	EXP 	Device response: <KeyPress from None: t=78.23523545799253, value=z, duration=None>
78.2397 	EXP 	New trial (rep=8, index=0): <Trial 32 (0 in rep 8) data={'pos': np.int64(-50), 'corr_resp': 'x', 'thisN': 32, 'thisTrialN': 0, 'thisRepN': 8}>
78.2435 	EXP 	fixation: autoDraw = False
78.2435 	EXP 	line1: autoDraw = False
78.2435 	EXP 	line2: autoDraw = False
78.2435 	EXP 	line3: autoDraw = False
78.2435 	EXP 	line4: autoDraw = False
78.2435 	EXP 	probe: autoDraw = False
78.2435 	EXP 	fixation: autoDraw = True
78.2455 	DATA 	Keypress: z
78.4556 	EXP 	Device response: <KeyPress from None: t=78.23523545799253, value=z, duration=0.20829175000835676>
79.2382 	EXP 	fixation: autoDraw = False
79.2382 	EXP 	line1: autoDraw = True
79.2382 	EXP 	line2: autoDraw = True
79.2382 	EXP 	line3: autoDraw = True
79.2382 	EXP 	line4: autoDraw = True
80.2383 	INFO 	Keyboard events cleared
80.2382 	EXP 	probe: autoDraw = True
80.5059 	EXP 	Device response: <KeyPress from None: t=80.50217999999586, value=x, duration=None>
80.5064 	EXP 	New trial (rep=8, index=1): <Trial 33 (1 in rep 8) data={'pos': np.int64(150), 'corr_resp': 'v', 'thisN': 33, 'thisTrialN': 1, 'thisRepN': 8}>
80.5105 	EXP 	fixation: autoDraw = False
80.5105 	EXP 	line1: autoDraw = False
80.5105 	EXP 	line2: autoDraw = False
80.5105 	EXP 	line3: autoDraw = False
80.5105 	EXP 	line4: autoDraw = False
80.5105 	EXP 	probe: autoDraw = False
80.5105 	EXP 	fixation: autoDraw = True
80.5137 	DATA 	Keypress: x
80.6388 	EXP 	Device response: <KeyPress from None: t=80.50217999999586, value=x, duration=0.12817987499875017>
81.5049 	EXP 	fixation: autoDraw = False
81.5049 	EXP 	line1: autoDraw = True
81.5049 	EXP 	line2: autoDraw = True
81.5049 	EXP 	line3: autoDraw = True
81.5049 	EXP 	line4: autoDraw = True
82.5049 	INFO 	Keyboard events cleared
82.5048 	EXP 	probe: autoDraw = True
82.7725 	EXP 	Device response: <KeyPress from None: t=82.76102649999666, value=v, duration=None>
82.7729 	EXP 	New trial (rep=8, index=2): <Trial 34 (2 in rep 8) data={'pos': np.int64(50), 'corr_resp': 'c', 'thisN': 34, 'thisTrialN': 2, 'thisRepN': 8}>
82.7772 	DATA 	Keypress: v
82.7808 	EXP 	fixation: autoDraw = False
82.7808 	EXP 	line1: autoDraw = False
82.7808 	EXP 	line2: autoDraw = False
82.7808 	EXP 	line3: autoDraw = False
82.7808 	EXP 	line4: autoDraw = False
82.7808 	EXP 	probe: autoDraw = False
82.7808 	EXP 	fixation: autoDraw = True
82.8721 	EXP 	Device response: <KeyPress from None: t=82.76102649999666, value=v, duration=0.100376917005633>
83.7715 	EXP 	line1: autoDraw = True
83.7715 	EXP 	line2: autoDraw = True
83.7715 	EXP 	line3: autoDraw = True
83.7715 	EXP 	line4: autoDraw = True
83.7767 	EXP 	fixation: autoDraw = False
84.7716 	INFO 	Keyboard events cleared
84.7714 	EXP 	probe: autoDraw = True
85.6054 	EXP 	Device response: <KeyPress from None: t=85.59610708299442, value=c, duration=None>
85.6057 	EXP 	New trial (rep=8, index=3): <Trial 35 (3 in rep 8) data={'pos': np.int64(-150), 'corr_resp': 'z', 'thisN': 35, 'thisTrialN': 3, 'thisRepN': 8}>
85.6085 	DATA 	Keypress: c
85.6119 	EXP 	fixation: autoDraw = False
85.6119 	EXP 	line1: autoDraw = False
85.6119 	EXP 	line2: autoDraw = False
85.6119 	EXP 	line3: autoDraw = False
85.6119 	EXP 	line4: autoDraw = False
85.6119 	EXP 	probe: autoDraw = False
85.6119 	EXP 	fixation: autoDraw = True
85.6886 	EXP 	Device response: <KeyPress from None: t=85.59610708299442, value=c, duration=0.08836216700728983>
86.5938 	EXP 	line1: autoDraw = True
86.5938 	EXP 	line2: autoDraw = True
86.5938 	EXP 	line3: autoDraw = True
86.5938 	EXP 	line4: autoDraw = True
86.6106 	EXP 	fixation: autoDraw = False
87.5928 	INFO 	Keyboard events cleared
87.5927 	EXP 	probe: autoDraw = True
87.8554 	EXP 	Device response: <KeyPress from None: t=87.85216604199377, value=z, duration=None>
87.8557 	EXP 	New trial (rep=9, index=0): <Trial 36 (0 in rep 9) data={'pos': np.int64(-50), 'corr_resp': 'x', 'thisN': 36, 'thisTrialN': 0, 'thisRepN': 9}>
87.8598 	EXP 	fixation: autoDraw = False
87.8598 	EXP 	line1: autoDraw = False
87.8598 	EXP 	line2: autoDraw = False
87.8598 	EXP 	line3: autoDraw = False
87.8598 	EXP 	line4: autoDraw = False
87.8598 	EXP 	probe: autoDraw = False
87.8598 	EXP 	fixation: autoDraw = True
87.8619 	DATA 	Keypress: z
88.0052 	EXP 	Device response: <KeyPress from None: t=87.85216604199377, value=z, duration=0.14813016600965057>
88.8434 	EXP 	line1: autoDraw = True
88.8434 	EXP 	line2: autoDraw = True
88.8434 	EXP 	line3: autoDraw = True
88.8434 	EXP 	line4: autoDraw = True
88.8550 	EXP 	fixation: autoDraw = False
89.8435 	INFO 	Keyboard events cleared
89.8433 	EXP 	probe: autoDraw = True
90.1224 	EXP 	Device response: <KeyPress from None: t=90.1140468329977, value=x, duration=None>
90.1229 	EXP 	New trial (rep=9, index=1): <Trial 37 (1 in rep 9) data={'pos': np.int64(150), 'corr_resp': 'v', 'thisN': 37, 'thisTrialN': 1, 'thisRepN': 9}>
90.1272 	DATA 	Keypress: x
90.1310 	EXP 	fixation: autoDraw = False
90.1310 	EXP 	line1: autoDraw = False
90.1310 	EXP 	line2: autoDraw = False
90.1310 	EXP 	line3: autoDraw = False
90.1310 	EXP 	line4: autoDraw = False
90.1310 	EXP 	probe: autoDraw = False
90.1310 	EXP 	fixation: autoDraw = True
90.2558 	EXP 	Device response: <KeyPress from None: t=90.1140468329977, value=x, duration=0.1401737919950392>
91.1213 	EXP 	line1: autoDraw = True
91.1213 	EXP 	line2: autoDraw = True
91.1213 	EXP 	line3: autoDraw = True
91.1213 	EXP 	line4: autoDraw = True
91.1251 	EXP 	fixation: autoDraw = False
92.1217 	INFO 	Keyboard events cleared
92.1215 	EXP 	probe: autoDraw = True
92.1444 	EXP 	Device response: <KeyPress from None: t=92.14186883300135, value=v, duration=None>
92.1448 	EXP 	New trial (rep=9, index=2): <Trial 38 (2 in rep 9) data={'pos': np.int64(50), 'corr_resp': 'c', 'thisN': 38, 'thisTrialN': 2, 'thisRepN': 9}>
92.1496 	DATA 	Keypress: v
92.1538 	EXP 	fixation: autoDraw = False
92.1538 	EXP 	line1: autoDraw = False
92.1538 	EXP 	line2: autoDraw = False
92.1538 	EXP 	line3: autoDraw = False
92.1538 	EXP 	line4: autoDraw = False
92.1538 	EXP 	probe: autoDraw = False
92.1538 	EXP 	fixation: autoDraw = True
92.2390 	EXP 	Device response: <KeyPress from None: t=92.14186883300135, value=v, duration=0.09621687499748077>
93.1434 	EXP 	fixation: autoDraw = False
93.1434 	EXP 	line1: autoDraw = True
93.1434 	EXP 	line2: autoDraw = True
93.1434 	EXP 	line3: autoDraw = True
93.1434 	EXP 	line4: autoDraw = True
94.1440 	INFO 	Keyboard events cleared
94.1437 	EXP 	probe: autoDraw = True
94.1595 	DATA 	Keypress: z
94.5774 	EXP 	Device response: <KeyPress from None: t=94.57285354199121, value=c, duration=None>
94.5778 	EXP 	New trial (rep=9, index=3): <Trial 39 (3 in rep 9) data={'pos': np.int64(-150), 'corr_resp': 'z', 'thisN': 39, 'thisTrialN': 3, 'thisRepN': 9}>
94.5826 	DATA 	Keypress: c
94.5871 	EXP 	fixation: autoDraw = False
94.5871 	EXP 	line1: autoDraw = False
94.5871 	EXP 	line2: autoDraw = False
94.5871 	EXP 	line3: autoDraw = False
94.5871 	EXP 	line4: autoDraw = False
94.5871 	EXP 	probe: autoDraw = False
94.5871 	EXP 	fixation: autoDraw = True
94.7225 	EXP 	Device response: <KeyPress from None: t=94.57285354199121, value=c, duration=0.14024129101017024>
95.5765 	EXP 	fixation: autoDraw = False
95.5765 	EXP 	line1: autoDraw = True
95.5765 	EXP 	line2: autoDraw = True
95.5765 	EXP 	line3: autoDraw = True
95.5765 	EXP 	line4: autoDraw = True
96.5765 	INFO 	Keyboard events cleared
96.5763 	EXP 	probe: autoDraw = True
97.0773 	EXP 	Device response: <KeyPress from None: t=97.07478020800045, value=z, duration=None>
97.0777 	EXP 	New trial (rep=10, index=0): <Trial 40 (0 in rep 10) data={'pos': np.int64(-50), 'corr_resp': 'x', 'thisN': 40, 'thisTrialN': 0, 'thisRepN': 10}>
97.0830 	DATA 	Keypress: z
97.0873 	EXP 	fixation: autoDraw = False
97.0873 	EXP 	line1: autoDraw = False
97.0873 	EXP 	line2: autoDraw = False
97.0873 	EXP 	line3: autoDraw = False
97.0873 	EXP 	line4: autoDraw = False
97.0873 	EXP 	probe: autoDraw = False
97.0873 	EXP 	fixation: autoDraw = True
97.2442 	EXP 	Device response: <KeyPress from None: t=97.07478020800045, value=z, duration=0.1683641669951612>
98.0764 	EXP 	fixation: autoDraw = False
98.0764 	EXP 	line1: autoDraw = True
98.0764 	EXP 	line2: autoDraw = True
98.0764 	EXP 	line3: autoDraw = True
98.0764 	EXP 	line4: autoDraw = True
99.0768 	INFO 	Keyboard events cleared
99.0766 	EXP 	probe: autoDraw = True
99.3557 	EXP 	Device response: <KeyPress from None: t=99.348621541998, value=x, duration=None>
99.3561 	EXP 	New trial (rep=10, index=1): <Trial 41 (1 in rep 10) data={'pos': np.int64(150), 'corr_resp': 'v', 'thisN': 41, 'thisTrialN': 1, 'thisRepN': 10}>
99.3609 	DATA 	Keypress: x
99.3649 	EXP 	fixation: autoDraw = False
99.3649 	EXP 	line1: autoDraw = False
99.3649 	EXP 	line2: autoDraw = False
99.3649 	EXP 	line3: autoDraw = False
99.3649 	EXP 	line4: autoDraw = False
99.3649 	EXP 	probe: autoDraw = False
99.3649 	EXP 	fixation: autoDraw = True
99.4931 	EXP 	Device response: <KeyPress from None: t=99.348621541998, value=x, duration=0.1402847080025822>
100.3545 	EXP 	line1: autoDraw = True
100.3545 	EXP 	line2: autoDraw = True
100.3545 	EXP 	line3: autoDraw = True
100.3545 	EXP 	line4: autoDraw = True
100.3592 	EXP 	fixation: autoDraw = False
101.3547 	INFO 	Keyboard events cleared
101.3546 	EXP 	probe: autoDraw = True
101.5773 	EXP 	Device response: <KeyPress from None: t=101.57268895799643, value=v, duration=None>
101.5777 	EXP 	New trial (rep=10, index=2): <Trial 42 (2 in rep 10) data={'pos': np.int64(50), 'corr_resp': 'c', 'thisN': 42, 'thisTrialN': 2, 'thisRepN': 10}>
101.5825 	DATA 	Keypress: v
101.5871 	EXP 	fixation: autoDraw = False
101.5871 	EXP 	line1: autoDraw = False
101.5871 	EXP 	line2: autoDraw = False
101.5871 	EXP 	line3: autoDraw = False
101.5871 	EXP 	line4: autoDraw = False
101.5871 	EXP 	probe: autoDraw = False
101.5871 	EXP 	fixation: autoDraw = True
101.7389 	EXP 	Device response: <KeyPress from None: t=101.57268895799643, value=v, duration=0.1603108340059407>
102.5770 	EXP 	fixation: autoDraw = False
102.5770 	EXP 	line1: autoDraw = True
102.5770 	EXP 	line2: autoDraw = True
102.5770 	EXP 	line3: autoDraw = True
102.5770 	EXP 	line4: autoDraw = True
103.5775 	INFO 	Keyboard events cleared
103.5773 	EXP 	probe: autoDraw = True
103.7725 	EXP 	Device response: <KeyPress from None: t=103.76162874999864, value=c, duration=None>
103.7731 	EXP 	New trial (rep=10, index=3): <Trial 43 (3 in rep 10) data={'pos': np.int64(-150), 'corr_resp': 'z', 'thisN': 43, 'thisTrialN': 3, 'thisRepN': 10}>
103.7782 	DATA 	Keypress: c
103.7822 	EXP 	fixation: autoDraw = False
103.7822 	EXP 	line1: autoDraw = False
103.7822 	EXP 	line2: autoDraw = False
103.7822 	EXP 	line3: autoDraw = False
103.7822 	EXP 	line4: autoDraw = False
103.7822 	EXP 	probe: autoDraw = False
103.7822 	EXP 	fixation: autoDraw = True
103.9390 	EXP 	Device response: <KeyPress from None: t=103.76162874999864, value=c, duration=0.17631262500071898>
104.7713 	EXP 	line1: autoDraw = True
104.7713 	EXP 	line2: autoDraw = True
104.7713 	EXP 	line3: autoDraw = True
104.7713 	EXP 	line4: autoDraw = True
104.7772 	EXP 	fixation: autoDraw = False
105.6435 	EXP 	Device response: <KeyPress from None: t=105.64249116700375, value=z, duration=None>
105.6484 	DATA 	Keypress: z
105.7713 	INFO 	Keyboard events cleared
105.7712 	EXP 	probe: autoDraw = True
105.8390 	EXP 	Device response: <KeyPress from None: t=105.64249116700375, value=z, duration=0.1884222079970641>
106.0889 	EXP 	Device response: <KeyPress from None: t=106.08450850000372, value=z, duration=None>
106.0893 	EXP 	New trial (rep=11, index=0): <Trial 44 (0 in rep 11) data={'pos': np.int64(-50), 'corr_resp': 'x', 'thisN': 44, 'thisTrialN': 0, 'thisRepN': 11}>
106.0938 	EXP 	fixation: autoDraw = False
106.0938 	EXP 	line1: autoDraw = False
106.0938 	EXP 	line2: autoDraw = False
106.0938 	EXP 	line3: autoDraw = False
106.0938 	EXP 	line4: autoDraw = False
106.0938 	EXP 	probe: autoDraw = False
106.0938 	EXP 	fixation: autoDraw = True
106.0976 	DATA 	Keypress: z
106.2554 	EXP 	Device response: <KeyPress from None: t=106.08450850000372, value=z, duration=0.16842645799624734>
107.0880 	EXP 	fixation: autoDraw = False
107.0880 	EXP 	line1: autoDraw = True
107.0880 	EXP 	line2: autoDraw = True
107.0880 	EXP 	line3: autoDraw = True
107.0880 	EXP 	line4: autoDraw = True
108.0881 	INFO 	Keyboard events cleared
108.0880 	EXP 	probe: autoDraw = True
108.3221 	EXP 	Device response: <KeyPress from None: t=108.31959283299511, value=x, duration=None>
108.3225 	EXP 	New trial (rep=11, index=1): <Trial 45 (1 in rep 11) data={'pos': np.int64(150), 'corr_resp': 'v', 'thisN': 45, 'thisTrialN': 1, 'thisRepN': 11}>
108.3270 	EXP 	fixation: autoDraw = False
108.3270 	EXP 	line1: autoDraw = False
108.3270 	EXP 	line2: autoDraw = False
108.3270 	EXP 	line3: autoDraw = False
108.3270 	EXP 	line4: autoDraw = False
108.3270 	EXP 	probe: autoDraw = False
108.3270 	EXP 	fixation: autoDraw = True
108.3308 	DATA 	Keypress: x
108.4891 	EXP 	Device response: <KeyPress from None: t=108.31959283299511, value=x, duration=0.16017941699828953>
109.3212 	EXP 	line1: autoDraw = True
109.3212 	EXP 	line2: autoDraw = True
109.3212 	EXP 	line3: autoDraw = True
109.3212 	EXP 	line4: autoDraw = True
109.3260 	EXP 	fixation: autoDraw = False
110.3213 	INFO 	Keyboard events cleared
110.3211 	EXP 	probe: autoDraw = True
110.5392 	EXP 	Device response: <KeyPress from None: t=110.53551770799095, value=v, duration=None>
110.5396 	EXP 	New trial (rep=11, index=2): <Trial 46 (2 in rep 11) data={'pos': np.int64(50), 'corr_resp': 'c', 'thisN': 46, 'thisTrialN': 2, 'thisRepN': 11}>
110.5441 	EXP 	fixation: autoDraw = False
110.5441 	EXP 	line1: autoDraw = False
110.5441 	EXP 	line2: autoDraw = False
110.5441 	EXP 	line3: autoDraw = False
110.5441 	EXP 	line4: autoDraw = False
110.5441 	EXP 	probe: autoDraw = False
110.5441 	EXP 	fixation: autoDraw = True
110.5478 	DATA 	Keypress: v
110.6266 	EXP 	Device response: <KeyPress from None: t=110.53551770799095, value=v, duration=0.08829683400108479>
111.5379 	EXP 	line1: autoDraw = True
111.5379 	EXP 	line2: autoDraw = True
111.5379 	EXP 	line3: autoDraw = True
111.5379 	EXP 	line4: autoDraw = True
111.5433 	EXP 	fixation: autoDraw = False
112.5381 	INFO 	Keyboard events cleared
112.5380 	EXP 	probe: autoDraw = True
112.7722 	EXP 	Device response: <KeyPress from None: t=112.76743391700438, value=c, duration=None>
112.7726 	EXP 	New trial (rep=11, index=3): <Trial 47 (3 in rep 11) data={'pos': np.int64(-150), 'corr_resp': 'z', 'thisN': 47, 'thisTrialN': 3, 'thisRepN': 11}>
112.7765 	EXP 	fixation: autoDraw = False
112.7765 	EXP 	line1: autoDraw = False
112.7765 	EXP 	line2: autoDraw = False
112.7765 	EXP 	line3: autoDraw = False
112.7765 	EXP 	line4: autoDraw = False
112.7765 	EXP 	probe: autoDraw = False
112.7765 	EXP 	fixation: autoDraw = True
112.7798 	DATA 	Keypress: c
112.8545 	EXP 	Device response: <KeyPress from None: t=112.76743391700438, value=c, duration=0.08429479099868331>
113.7711 	EXP 	fixation: autoDraw = False
113.7711 	EXP 	line1: autoDraw = True
113.7711 	EXP 	line2: autoDraw = True
113.7711 	EXP 	line3: autoDraw = True
113.7711 	EXP 	line4: autoDraw = True
114.7713 	INFO 	Keyboard events cleared
114.7712 	EXP 	probe: autoDraw = True
114.8385 	EXP 	Device response: <KeyPress from None: t=114.8324445420003, value=z, duration=None>
114.8388 	EXP 	New trial (rep=12, index=0): <Trial 48 (0 in rep 12) data={'pos': np.int64(-50), 'corr_resp': 'x', 'thisN': 48, 'thisTrialN': 0, 'thisRepN': 12}>
114.8430 	EXP 	fixation: autoDraw = False
114.8430 	EXP 	line1: autoDraw = False
114.8430 	EXP 	line2: autoDraw = False
114.8430 	EXP 	line3: autoDraw = False
114.8430 	EXP 	line4: autoDraw = False
114.8430 	EXP 	probe: autoDraw = False
114.8430 	EXP 	fixation: autoDraw = True
114.8454 	DATA 	Keypress: z
114.9723 	EXP 	Device response: <KeyPress from None: t=114.8324445420003, value=z, duration=0.13240304100327194>
115.8265 	EXP 	line1: autoDraw = True
115.8265 	EXP 	line2: autoDraw = True
115.8265 	EXP 	line3: autoDraw = True
115.8265 	EXP 	line4: autoDraw = True
115.8378 	EXP 	fixation: autoDraw = False
116.8260 	INFO 	Keyboard events cleared
116.8259 	EXP 	probe: autoDraw = True
116.9886 	EXP 	Device response: <KeyPress from None: t=116.97925970799406, value=x, duration=None>
116.9890 	EXP 	New trial (rep=12, index=1): <Trial 49 (1 in rep 12) data={'pos': np.int64(150), 'corr_resp': 'v', 'thisN': 49, 'thisTrialN': 1, 'thisRepN': 12}>
116.9923 	DATA 	Keypress: x
116.9957 	EXP 	fixation: autoDraw = False
116.9957 	EXP 	line1: autoDraw = False
116.9957 	EXP 	line2: autoDraw = False
116.9957 	EXP 	line3: autoDraw = False
116.9957 	EXP 	line4: autoDraw = False
116.9957 	EXP 	probe: autoDraw = False
116.9957 	EXP 	fixation: autoDraw = True
117.0888 	EXP 	Device response: <KeyPress from None: t=116.97925970799406, value=x, duration=0.10835687500366475>
117.9879 	EXP 	line1: autoDraw = True
117.9879 	EXP 	line2: autoDraw = True
117.9879 	EXP 	line3: autoDraw = True
117.9879 	EXP 	line4: autoDraw = True
117.9939 	EXP 	fixation: autoDraw = False
118.9880 	INFO 	Keyboard events cleared
118.9878 	EXP 	probe: autoDraw = True
119.0391 	EXP 	Device response: <KeyPress from None: t=119.03628229199967, value=v, duration=None>
119.0394 	EXP 	New trial (rep=12, index=2): <Trial 50 (2 in rep 12) data={'pos': np.int64(50), 'corr_resp': 'c', 'thisN': 50, 'thisTrialN': 2, 'thisRepN': 12}>
119.0435 	EXP 	fixation: autoDraw = False
119.0435 	EXP 	line1: autoDraw = False
119.0435 	EXP 	line2: autoDraw = False
119.0435 	EXP 	line3: autoDraw = False
119.0435 	EXP 	line4: autoDraw = False
119.0435 	EXP 	probe: autoDraw = False
119.0435 	EXP 	fixation: autoDraw = True
119.0468 	DATA 	Keypress: v
119.1553 	EXP 	Device response: <KeyPress from None: t=119.03628229199967, value=v, duration=0.11635395800112747>
120.0378 	EXP 	line1: autoDraw = True
120.0378 	EXP 	line2: autoDraw = True
120.0378 	EXP 	line3: autoDraw = True
120.0378 	EXP 	line4: autoDraw = True
120.0419 	EXP 	fixation: autoDraw = False
120.8776 	EXP 	Device response: <KeyPress from None: t=120.87223104199802, value=c, duration=None>
120.8820 	DATA 	Keypress: c
121.0220 	EXP 	Device response: <KeyPress from None: t=120.87223104199802, value=c, duration=0.14428691599459853>
121.0380 	INFO 	Keyboard events cleared
121.0378 	EXP 	probe: autoDraw = True
121.2922 	EXP 	Device response: <KeyPress from None: t=121.28917308300151, value=c, duration=None>
121.2925 	EXP 	New trial (rep=12, index=3): <Trial 51 (3 in rep 12) data={'pos': np.int64(-150), 'corr_resp': 'z', 'thisN': 51, 'thisTrialN': 3, 'thisRepN': 12}>
121.2949 	DATA 	Keypress: c
121.3044 	EXP 	fixation: autoDraw = False
121.3044 	EXP 	line1: autoDraw = False
121.3044 	EXP 	line2: autoDraw = False
121.3044 	EXP 	line3: autoDraw = False
121.3044 	EXP 	line4: autoDraw = False
121.3044 	EXP 	probe: autoDraw = False
121.3044 	EXP 	fixation: autoDraw = True
121.4219 	EXP 	Device response: <KeyPress from None: t=121.28917308300151, value=c, duration=0.12842945900047198>
122.2878 	EXP 	line1: autoDraw = True
122.2878 	EXP 	line2: autoDraw = True
122.2878 	EXP 	line3: autoDraw = True
122.2878 	EXP 	line4: autoDraw = True
122.2930 	EXP 	fixation: autoDraw = False
123.2881 	INFO 	Keyboard events cleared
123.2879 	EXP 	probe: autoDraw = True
123.3552 	EXP 	Device response: <KeyPress from None: t=123.3512181249971, value=z, duration=None>
123.3556 	EXP 	New trial (rep=13, index=0): <Trial 52 (0 in rep 13) data={'pos': np.int64(-50), 'corr_resp': 'x', 'thisN': 52, 'thisTrialN': 0, 'thisRepN': 13}>
123.3593 	EXP 	fixation: autoDraw = False
123.3593 	EXP 	line1: autoDraw = False
123.3593 	EXP 	line2: autoDraw = False
123.3593 	EXP 	line3: autoDraw = False
123.3593 	EXP 	line4: autoDraw = False
123.3593 	EXP 	probe: autoDraw = False
123.3593 	EXP 	fixation: autoDraw = True
123.3619 	DATA 	Keypress: z
123.4417 	EXP 	Device response: <KeyPress from None: t=123.3512181249971, value=z, duration=0.08821841700410005>
124.3424 	EXP 	line1: autoDraw = True
124.3424 	EXP 	line2: autoDraw = True
124.3424 	EXP 	line3: autoDraw = True
124.3424 	EXP 	line4: autoDraw = True
124.3545 	EXP 	fixation: autoDraw = False
125.3545 	INFO 	Keyboard events cleared
125.3544 	EXP 	probe: autoDraw = True
125.5258 	EXP 	Device response: <KeyPress from None: t=125.5240507080016, value=x, duration=None>
125.5260 	EXP 	New trial (rep=13, index=1): <Trial 53 (1 in rep 13) data={'pos': np.int64(150), 'corr_resp': 'v', 'thisN': 53, 'thisTrialN': 1, 'thisRepN': 13}>
125.5283 	DATA 	Keypress: x
125.5378 	EXP 	fixation: autoDraw = False
125.5378 	EXP 	line1: autoDraw = False
125.5378 	EXP 	line2: autoDraw = False
125.5378 	EXP 	line3: autoDraw = False
125.5378 	EXP 	line4: autoDraw = False
125.5378 	EXP 	probe: autoDraw = False
125.5378 	EXP 	fixation: autoDraw = True
125.6593 	EXP 	Device response: <KeyPress from None: t=125.5240507080016, value=x, duration=0.13226162499631755>
126.5211 	EXP 	line1: autoDraw = True
126.5211 	EXP 	line2: autoDraw = True
126.5211 	EXP 	line3: autoDraw = True
126.5211 	EXP 	line4: autoDraw = True
126.5257 	EXP 	fixation: autoDraw = False
127.5215 	INFO 	Keyboard events cleared
127.5214 	EXP 	probe: autoDraw = True
127.7885 	EXP 	Device response: <KeyPress from None: t=127.7760877499968, value=v, duration=None>
127.7888 	EXP 	New trial (rep=13, index=2): <Trial 54 (2 in rep 13) data={'pos': np.int64(50), 'corr_resp': 'c', 'thisN': 54, 'thisTrialN': 2, 'thisRepN': 13}>
127.7917 	DATA 	Keypress: v
127.7945 	EXP 	fixation: autoDraw = False
127.7945 	EXP 	line1: autoDraw = False
127.7945 	EXP 	line2: autoDraw = False
127.7945 	EXP 	line3: autoDraw = False
127.7945 	EXP 	line4: autoDraw = False
127.7945 	EXP 	probe: autoDraw = False
127.7945 	EXP 	fixation: autoDraw = True
127.8388 	EXP 	Device response: <KeyPress from None: t=127.7760877499968, value=v, duration=0.06021024999790825>
128.7750 	EXP 	line1: autoDraw = True
128.7750 	EXP 	line2: autoDraw = True
128.7750 	EXP 	line3: autoDraw = True
128.7750 	EXP 	line4: autoDraw = True
128.7921 	EXP 	fixation: autoDraw = False
129.7880 	INFO 	Keyboard events cleared
129.7879 	EXP 	probe: autoDraw = True
129.7941 	EXP 	Device response: <KeyPress from None: t=129.79304979200242, value=c, duration=None>
129.7944 	EXP 	New trial (rep=13, index=3): <Trial 55 (3 in rep 13) data={'pos': np.int64(-150), 'corr_resp': 'z', 'thisN': 55, 'thisTrialN': 3, 'thisRepN': 13}>
129.8047 	EXP 	fixation: autoDraw = False
129.8047 	EXP 	line1: autoDraw = False
129.8047 	EXP 	line2: autoDraw = False
129.8047 	EXP 	line3: autoDraw = False
129.8047 	EXP 	line4: autoDraw = False
129.8047 	EXP 	probe: autoDraw = False
129.8047 	EXP 	fixation: autoDraw = True
129.8078 	DATA 	Keypress: c
129.9381 	EXP 	Device response: <KeyPress from None: t=129.79304979200242, value=c, duration=0.13626362499780953>
130.7930 	EXP 	fixation: autoDraw = False
130.7930 	EXP 	line1: autoDraw = True
130.7930 	EXP 	line2: autoDraw = True
130.7930 	EXP 	line3: autoDraw = True
130.7930 	EXP 	line4: autoDraw = True
131.7389 	EXP 	Device response: <KeyPress from None: t=131.7310171249992, value=z, duration=None>
131.7428 	DATA 	Keypress: z
131.7931 	INFO 	Keyboard events cleared
131.7930 	EXP 	probe: autoDraw = True
131.9092 	EXP 	Device response: <KeyPress from None: t=131.7310171249992, value=z, duration=0.17626958299661055>
132.1552 	EXP 	Device response: <KeyPress from None: t=132.15088070799538, value=z, duration=None>
132.1556 	EXP 	New trial (rep=14, index=0): <Trial 56 (0 in rep 14) data={'pos': np.int64(-50), 'corr_resp': 'x', 'thisN': 56, 'thisTrialN': 0, 'thisRepN': 14}>
132.1595 	EXP 	fixation: autoDraw = False
132.1595 	EXP 	line1: autoDraw = False
132.1595 	EXP 	line2: autoDraw = False
132.1595 	EXP 	line3: autoDraw = False
132.1595 	EXP 	line4: autoDraw = False
132.1595 	EXP 	probe: autoDraw = False
132.1595 	EXP 	fixation: autoDraw = True
132.1615 	DATA 	Keypress: z
132.3718 	EXP 	Device response: <KeyPress from None: t=132.15088070799538, value=z, duration=0.21288787500816397>
133.1544 	EXP 	fixation: autoDraw = False
133.1544 	EXP 	line1: autoDraw = True
133.1544 	EXP 	line2: autoDraw = True
133.1544 	EXP 	line3: autoDraw = True
133.1544 	EXP 	line4: autoDraw = True
134.1434 	INFO 	Keyboard events cleared
134.1433 	EXP 	probe: autoDraw = True
134.3718 	EXP 	Device response: <KeyPress from None: t=134.36783554199792, value=x, duration=None>
134.3722 	EXP 	New trial (rep=14, index=1): <Trial 57 (1 in rep 14) data={'pos': np.int64(150), 'corr_resp': 'v', 'thisN': 57, 'thisTrialN': 1, 'thisRepN': 14}>
134.3762 	EXP 	fixation: autoDraw = False
134.3762 	EXP 	line1: autoDraw = False
134.3762 	EXP 	line2: autoDraw = False
134.3762 	EXP 	line3: autoDraw = False
134.3762 	EXP 	line4: autoDraw = False
134.3762 	EXP 	probe: autoDraw = False
134.3762 	EXP 	fixation: autoDraw = True
134.3786 	DATA 	Keypress: x
134.4718 	EXP 	Device response: <KeyPress from None: t=134.36783554199792, value=x, duration=0.10052300000097603>
134.5926 	EXP 	Device response: <KeyPress from None: t=134.58784487500088, value=x, duration=None>
134.5943 	DATA 	Keypress: x
134.6418 	EXP 	Device response: <KeyPress from None: t=134.58784487500088, value=x, duration=0.05228695800178684>
135.3709 	EXP 	fixation: autoDraw = False
135.3709 	EXP 	line1: autoDraw = True
135.3709 	EXP 	line2: autoDraw = True
135.3709 	EXP 	line3: autoDraw = True
135.3709 	EXP 	line4: autoDraw = True
136.3594 	INFO 	Keyboard events cleared
136.3593 	EXP 	probe: autoDraw = True
136.4718 	EXP 	Device response: <KeyPress from None: t=136.46880083299766, value=v, duration=None>
136.4722 	EXP 	New trial (rep=14, index=2): <Trial 58 (2 in rep 14) data={'pos': np.int64(50), 'corr_resp': 'c', 'thisN': 58, 'thisTrialN': 2, 'thisRepN': 14}>
136.4770 	EXP 	fixation: autoDraw = False
136.4770 	EXP 	line1: autoDraw = False
136.4770 	EXP 	line2: autoDraw = False
136.4770 	EXP 	line3: autoDraw = False
136.4770 	EXP 	line4: autoDraw = False
136.4770 	EXP 	probe: autoDraw = False
136.4770 	EXP 	fixation: autoDraw = True
136.4797 	DATA 	Keypress: v
136.5556 	EXP 	Device response: <KeyPress from None: t=136.46880083299766, value=v, duration=0.08032150000508409>
137.4587 	EXP 	line1: autoDraw = True
137.4587 	EXP 	line2: autoDraw = True
137.4587 	EXP 	line3: autoDraw = True
137.4587 	EXP 	line4: autoDraw = True
137.4758 	EXP 	fixation: autoDraw = False
138.4710 	INFO 	Keyboard events cleared
138.4709 	EXP 	probe: autoDraw = True
138.6886 	EXP 	Device response: <KeyPress from None: t=138.67948449999676, value=c, duration=None>
138.6890 	EXP 	New trial (rep=14, index=3): <Trial 59 (3 in rep 14) data={'pos': np.int64(-150), 'corr_resp': 'z', 'thisN': 59, 'thisTrialN': 3, 'thisRepN': 14}>
138.6928 	DATA 	Keypress: c
138.6963 	EXP 	fixation: autoDraw = False
138.6963 	EXP 	line1: autoDraw = False
138.6963 	EXP 	line2: autoDraw = False
138.6963 	EXP 	line3: autoDraw = False
138.6963 	EXP 	line4: autoDraw = False
138.6963 	EXP 	probe: autoDraw = False
138.6963 	EXP 	fixation: autoDraw = True
138.7718 	EXP 	Device response: <KeyPress from None: t=138.67948449999676, value=c, duration=0.08376495800621342>
139.6876 	EXP 	line1: autoDraw = True
139.6876 	EXP 	line2: autoDraw = True
139.6876 	EXP 	line3: autoDraw = True
139.6876 	EXP 	line4: autoDraw = True
139.6927 	EXP 	fixation: autoDraw = False
140.6876 	INFO 	Keyboard events cleared
140.6875 	EXP 	probe: autoDraw = True
140.9219 	EXP 	Device response: <KeyPress from None: t=140.91285033299937, value=z, duration=None>
140.9222 	EXP 	New trial (rep=15, index=0): <Trial 60 (0 in rep 15) data={'pos': np.int64(-50), 'corr_resp': 'x', 'thisN': 60, 'thisTrialN': 0, 'thisRepN': 15}>
140.9249 	DATA 	Keypress: z
140.9283 	EXP 	fixation: autoDraw = False
140.9283 	EXP 	line1: autoDraw = False
140.9283 	EXP 	line2: autoDraw = False
140.9283 	EXP 	line3: autoDraw = False
140.9283 	EXP 	line4: autoDraw = False
140.9283 	EXP 	probe: autoDraw = False
140.9283 	EXP 	fixation: autoDraw = True
141.0887 	EXP 	Device response: <KeyPress from None: t=140.91285033299937, value=z, duration=0.16815920900262427>
141.9209 	EXP 	line1: autoDraw = True
141.9209 	EXP 	line2: autoDraw = True
141.9209 	EXP 	line3: autoDraw = True
141.9209 	EXP 	line4: autoDraw = True
141.9260 	EXP 	fixation: autoDraw = False
142.9211 	INFO 	Keyboard events cleared
142.9210 	EXP 	probe: autoDraw = True
143.1220 	EXP 	Device response: <KeyPress from None: t=143.11575054199784, value=x, duration=None>
143.1223 	EXP 	New trial (rep=15, index=1): <Trial 61 (1 in rep 15) data={'pos': np.int64(150), 'corr_resp': 'v', 'thisN': 61, 'thisTrialN': 1, 'thisRepN': 15}>
143.1253 	EXP 	fixation: autoDraw = False
143.1253 	EXP 	line1: autoDraw = False
143.1253 	EXP 	line2: autoDraw = False
143.1253 	EXP 	line3: autoDraw = False
143.1253 	EXP 	line4: autoDraw = False
143.1253 	EXP 	probe: autoDraw = False
143.1253 	EXP 	fixation: autoDraw = True
143.1275 	DATA 	Keypress: x
143.2214 	EXP 	Device response: <KeyPress from None: t=143.11575054199784, value=x, duration=0.09635399999388028>
144.1209 	EXP 	fixation: autoDraw = False
144.1209 	EXP 	line1: autoDraw = True
144.1209 	EXP 	line2: autoDraw = True
144.1209 	EXP 	line3: autoDraw = True
144.1209 	EXP 	line4: autoDraw = True
145.1208 	INFO 	Keyboard events cleared
145.1208 	EXP 	probe: autoDraw = True
145.1763 	EXP 	Device response: <KeyPress from None: t=145.17273974999262, value=v, duration=None>
145.1765 	EXP 	New trial (rep=15, index=2): <Trial 62 (2 in rep 15) data={'pos': np.int64(50), 'corr_resp': 'c', 'thisN': 62, 'thisTrialN': 2, 'thisRepN': 15}>
145.1789 	DATA 	Keypress: v
145.1877 	EXP 	fixation: autoDraw = False
145.1877 	EXP 	line1: autoDraw = False
145.1877 	EXP 	line2: autoDraw = False
145.1877 	EXP 	line3: autoDraw = False
145.1877 	EXP 	line4: autoDraw = False
145.1877 	EXP 	probe: autoDraw = False
145.1877 	EXP 	fixation: autoDraw = True
145.2880 	EXP 	Device response: <KeyPress from None: t=145.17273974999262, value=v, duration=0.10417695800424553>
146.1711 	EXP 	line1: autoDraw = True
146.1711 	EXP 	line2: autoDraw = True
146.1711 	EXP 	line3: autoDraw = True
146.1711 	EXP 	line4: autoDraw = True
146.1768 	EXP 	fixation: autoDraw = False
147.1712 	INFO 	Keyboard events cleared
147.1711 	EXP 	probe: autoDraw = True
147.2053 	EXP 	Device response: <KeyPress from None: t=147.2018149170035, value=c, duration=None>
147.2058 	EXP 	New trial (rep=15, index=3): <Trial 63 (3 in rep 15) data={'pos': np.int64(-150), 'corr_resp': 'z', 'thisN': 63, 'thisTrialN': 3, 'thisRepN': 15}>
147.2103 	EXP 	fixation: autoDraw = False
147.2103 	EXP 	line1: autoDraw = False
147.2103 	EXP 	line2: autoDraw = False
147.2103 	EXP 	line3: autoDraw = False
147.2103 	EXP 	line4: autoDraw = False
147.2103 	EXP 	probe: autoDraw = False
147.2103 	EXP 	fixation: autoDraw = True
147.2135 	DATA 	Keypress: c
147.3264 	EXP 	Device response: <KeyPress from None: t=147.2018149170035, value=c, duration=0.12000395799987018>
148.2042 	EXP 	line1: autoDraw = True
148.2042 	EXP 	line2: autoDraw = True
148.2042 	EXP 	line3: autoDraw = True
148.2042 	EXP 	line4: autoDraw = True
148.2094 	EXP 	fixation: autoDraw = False
149.2045 	INFO 	Keyboard events cleared
149.2043 	EXP 	probe: autoDraw = True
149.4274 	EXP 	Device response: <KeyPress from None: t=149.42653737499495, value=z, duration=None>
149.4320 	DATA 	Keypress: z
149.4371 	EXP 	New trial (rep=16, index=0): <Trial 64 (0 in rep 16) data={'pos': np.int64(-50), 'corr_resp': 'x', 'thisN': 64, 'thisTrialN': 0, 'thisRepN': 16}>
149.4414 	EXP 	fixation: autoDraw = False
149.4414 	EXP 	line1: autoDraw = False
149.4414 	EXP 	line2: autoDraw = False
149.4414 	EXP 	line3: autoDraw = False
149.4414 	EXP 	line4: autoDraw = False
149.4414 	EXP 	probe: autoDraw = False
149.4414 	EXP 	fixation: autoDraw = True
149.5384 	EXP 	Device response: <KeyPress from None: t=149.42653737499495, value=z, duration=0.10924733300635125>
150.4264 	EXP 	line1: autoDraw = True
150.4264 	EXP 	line2: autoDraw = True
150.4264 	EXP 	line3: autoDraw = True
150.4264 	EXP 	line4: autoDraw = True
150.4376 	EXP 	fixation: autoDraw = False
151.3552 	EXP 	Device response: <KeyPress from None: t=151.3465403750015, value=x, duration=None>
151.3600 	DATA 	Keypress: x
151.4260 	INFO 	Keyboard events cleared
151.4258 	EXP 	probe: autoDraw = True
151.4775 	EXP 	Device response: <KeyPress from None: t=151.3465403750015, value=x, duration=0.12828837499546353>
151.7106 	EXP 	Device response: <KeyPress from None: t=151.70751854199625, value=x, duration=None>
151.7110 	EXP 	New trial (rep=16, index=1): <Trial 65 (1 in rep 16) data={'pos': np.int64(150), 'corr_resp': 'v', 'thisN': 65, 'thisTrialN': 1, 'thisRepN': 16}>
151.7156 	DATA 	Keypress: x
151.7200 	EXP 	fixation: autoDraw = False
151.7200 	EXP 	line1: autoDraw = False
151.7200 	EXP 	line2: autoDraw = False
151.7200 	EXP 	line3: autoDraw = False
151.7200 	EXP 	line4: autoDraw = False
151.7200 	EXP 	probe: autoDraw = False
151.7200 	EXP 	fixation: autoDraw = True
151.8218 	EXP 	Device response: <KeyPress from None: t=151.70751854199625, value=x, duration=0.11226695800723974>
152.7088 	EXP 	fixation: autoDraw = False
152.7088 	EXP 	line1: autoDraw = True
152.7088 	EXP 	line2: autoDraw = True
152.7088 	EXP 	line3: autoDraw = True
152.7088 	EXP 	line4: autoDraw = True
153.6767 	EXP 	Device response: <KeyPress from None: t=153.6724929579941, value=v, duration=None>
153.6814 	DATA 	Keypress: v
153.7091 	INFO 	Keyboard events cleared
153.7089 	EXP 	probe: autoDraw = True
153.7222 	EXP 	Device response: <KeyPress from None: t=153.6724929579941, value=v, duration=0.044335334008792415>
154.0267 	EXP 	Device response: <KeyPress from None: t=154.02335575000325, value=v, duration=None>
154.0271 	EXP 	New trial (rep=16, index=2): <Trial 66 (2 in rep 16) data={'pos': np.int64(50), 'corr_resp': 'c', 'thisN': 66, 'thisTrialN': 2, 'thisRepN': 16}>
154.0315 	DATA 	Keypress: v
154.0365 	EXP 	fixation: autoDraw = False
154.0365 	EXP 	line1: autoDraw = False
154.0365 	EXP 	line2: autoDraw = False
154.0365 	EXP 	line3: autoDraw = False
154.0365 	EXP 	line4: autoDraw = False
154.0365 	EXP 	probe: autoDraw = False
154.0365 	EXP 	fixation: autoDraw = True
154.1580 	EXP 	Device response: <KeyPress from None: t=154.02335575000325, value=v, duration=0.1324601249943953>
155.0261 	EXP 	fixation: autoDraw = False
155.0261 	EXP 	line1: autoDraw = True
155.0261 	EXP 	line2: autoDraw = True
155.0261 	EXP 	line3: autoDraw = True
155.0261 	EXP 	line4: autoDraw = True
156.0210 	INFO 	Keyboard events cleared
156.0209 	EXP 	probe: autoDraw = True
156.2551 	EXP 	Device response: <KeyPress from None: t=156.25154116700287, value=c, duration=None>
156.2555 	EXP 	New trial (rep=16, index=3): <Trial 67 (3 in rep 16) data={'pos': np.int64(-150), 'corr_resp': 'z', 'thisN': 67, 'thisTrialN': 3, 'thisRepN': 16}>
156.2598 	EXP 	fixation: autoDraw = False
156.2598 	EXP 	line1: autoDraw = False
156.2598 	EXP 	line2: autoDraw = False
156.2598 	EXP 	line3: autoDraw = False
156.2598 	EXP 	line4: autoDraw = False
156.2598 	EXP 	probe: autoDraw = False
156.2598 	EXP 	fixation: autoDraw = True
156.2634 	DATA 	Keypress: c
156.3720 	EXP 	Device response: <KeyPress from None: t=156.25154116700287, value=c, duration=0.11616533299093135>
157.2543 	EXP 	fixation: autoDraw = False
157.2543 	EXP 	line1: autoDraw = True
157.2543 	EXP 	line2: autoDraw = True
157.2543 	EXP 	line3: autoDraw = True
157.2543 	EXP 	line4: autoDraw = True
158.2543 	INFO 	Keyboard events cleared
158.2541 	EXP 	probe: autoDraw = True
158.3266 	EXP 	Device response: <KeyPress from None: t=158.32133416700526, value=z, duration=None>
158.3270 	EXP 	New trial (rep=17, index=0): <Trial 68 (0 in rep 17) data={'pos': np.int64(-50), 'corr_resp': 'x', 'thisN': 68, 'thisTrialN': 0, 'thisRepN': 17}>
158.3314 	DATA 	Keypress: z
158.3365 	EXP 	fixation: autoDraw = False
158.3365 	EXP 	line1: autoDraw = False
158.3365 	EXP 	line2: autoDraw = False
158.3365 	EXP 	line3: autoDraw = False
158.3365 	EXP 	line4: autoDraw = False
158.3365 	EXP 	probe: autoDraw = False
158.3365 	EXP 	fixation: autoDraw = True
158.4384 	EXP 	Device response: <KeyPress from None: t=158.32133416700526, value=z, duration=0.1124054999963846>
159.3261 	EXP 	fixation: autoDraw = False
159.3261 	EXP 	line1: autoDraw = True
159.3261 	EXP 	line2: autoDraw = True
159.3261 	EXP 	line3: autoDraw = True
159.3261 	EXP 	line4: autoDraw = True
160.2889 	EXP 	Device response: <KeyPress from None: t=160.28346320800483, value=x, duration=None>
160.2933 	DATA 	Keypress: x
160.3258 	INFO 	Keyboard events cleared
160.3256 	EXP 	probe: autoDraw = True
160.4216 	EXP 	Device response: <KeyPress from None: t=160.28346320800483, value=x, duration=0.1322974999930011>
160.6596 	EXP 	Device response: <KeyPress from None: t=160.6553037919948, value=x, duration=None>
160.6599 	EXP 	New trial (rep=17, index=1): <Trial 69 (1 in rep 17) data={'pos': np.int64(150), 'corr_resp': 'v', 'thisN': 69, 'thisTrialN': 1, 'thisRepN': 17}>
160.6630 	DATA 	Keypress: x
160.6708 	EXP 	fixation: autoDraw = False
160.6708 	EXP 	line1: autoDraw = False
160.6708 	EXP 	line2: autoDraw = False
160.6708 	EXP 	line3: autoDraw = False
160.6708 	EXP 	line4: autoDraw = False
160.6708 	EXP 	probe: autoDraw = False
160.6708 	EXP 	fixation: autoDraw = True
160.7923 	EXP 	Device response: <KeyPress from None: t=160.6553037919948, value=x, duration=0.1363352080079494>
161.6594 	EXP 	fixation: autoDraw = False
161.6594 	EXP 	line1: autoDraw = True
161.6594 	EXP 	line2: autoDraw = True
161.6594 	EXP 	line3: autoDraw = True
161.6594 	EXP 	line4: autoDraw = True
162.6591 	INFO 	Keyboard events cleared
162.6590 	EXP 	probe: autoDraw = True
162.8885 	EXP 	Device response: <KeyPress from None: t=162.8871975420043, value=v, duration=None>
162.8890 	EXP 	New trial (rep=17, index=2): <Trial 70 (2 in rep 17) data={'pos': np.int64(50), 'corr_resp': 'c', 'thisN': 70, 'thisTrialN': 2, 'thisRepN': 17}>
162.8940 	EXP 	fixation: autoDraw = False
162.8940 	EXP 	line1: autoDraw = False
162.8940 	EXP 	line2: autoDraw = False
162.8940 	EXP 	line3: autoDraw = False
162.8940 	EXP 	line4: autoDraw = False
162.8940 	EXP 	probe: autoDraw = False
162.8940 	EXP 	fixation: autoDraw = True
162.8976 	DATA 	Keypress: v
163.0053 	EXP 	Device response: <KeyPress from None: t=162.8871975420043, value=v, duration=0.1085419579903828>
163.8876 	EXP 	line1: autoDraw = True
163.8876 	EXP 	line2: autoDraw = True
163.8876 	EXP 	line3: autoDraw = True
163.8876 	EXP 	line4: autoDraw = True
163.8928 	EXP 	fixation: autoDraw = False
164.8876 	INFO 	Keyboard events cleared
164.8875 	EXP 	probe: autoDraw = True
165.1384 	EXP 	Device response: <KeyPress from None: t=165.12813762499718, value=c, duration=None>
165.1388 	EXP 	New trial (rep=17, index=3): <Trial 71 (3 in rep 17) data={'pos': np.int64(-150), 'corr_resp': 'z', 'thisN': 71, 'thisTrialN': 3, 'thisRepN': 17}>
165.1432 	DATA 	Keypress: c
165.1471 	EXP 	fixation: autoDraw = False
165.1471 	EXP 	line1: autoDraw = False
165.1471 	EXP 	line2: autoDraw = False
165.1471 	EXP 	line3: autoDraw = False
165.1471 	EXP 	line4: autoDraw = False
165.1471 	EXP 	probe: autoDraw = False
165.1471 	EXP 	fixation: autoDraw = True
165.2217 	EXP 	Device response: <KeyPress from None: t=165.12813762499718, value=c, duration=0.08437408300233074>
166.1374 	EXP 	line1: autoDraw = True
166.1374 	EXP 	line2: autoDraw = True
166.1374 	EXP 	line3: autoDraw = True
166.1374 	EXP 	line4: autoDraw = True
166.1434 	EXP 	fixation: autoDraw = False
167.1376 	INFO 	Keyboard events cleared
167.1375 	EXP 	probe: autoDraw = True
167.3384 	EXP 	Device response: <KeyPress from None: t=167.3360773750028, value=z, duration=None>
167.3388 	EXP 	New trial (rep=18, index=0): <Trial 72 (0 in rep 18) data={'pos': np.int64(-50), 'corr_resp': 'x', 'thisN': 72, 'thisTrialN': 0, 'thisRepN': 18}>
167.3430 	EXP 	fixation: autoDraw = False
167.3430 	EXP 	line1: autoDraw = False
167.3430 	EXP 	line2: autoDraw = False
167.3430 	EXP 	line3: autoDraw = False
167.3430 	EXP 	line4: autoDraw = False
167.3430 	EXP 	probe: autoDraw = False
167.3430 	EXP 	fixation: autoDraw = True
167.3465 	DATA 	Keypress: z
167.4722 	EXP 	Device response: <KeyPress from None: t=167.3360773750028, value=z, duration=0.1284673749905778>
168.3374 	EXP 	fixation: autoDraw = False
168.3374 	EXP 	line1: autoDraw = True
168.3374 	EXP 	line2: autoDraw = True
168.3374 	EXP 	line3: autoDraw = True
168.3374 	EXP 	line4: autoDraw = True
169.3376 	INFO 	Keyboard events cleared
169.3374 	EXP 	probe: autoDraw = True
169.7100 	EXP 	Device response: <KeyPress from None: t=169.7070137499977, value=x, duration=None>
169.7104 	EXP 	New trial (rep=18, index=1): <Trial 73 (1 in rep 18) data={'pos': np.int64(150), 'corr_resp': 'v', 'thisN': 73, 'thisTrialN': 1, 'thisRepN': 18}>
169.7149 	DATA 	Keypress: x
169.7197 	EXP 	fixation: autoDraw = False
169.7197 	EXP 	line1: autoDraw = False
169.7197 	EXP 	line2: autoDraw = False
169.7197 	EXP 	line3: autoDraw = False
169.7197 	EXP 	line4: autoDraw = False
169.7197 	EXP 	probe: autoDraw = False
169.7197 	EXP 	fixation: autoDraw = True
169.8550 	EXP 	Device response: <KeyPress from None: t=169.7070137499977, value=x, duration=0.1404202499979874>
170.7039 	EXP 	line1: autoDraw = True
170.7039 	EXP 	line2: autoDraw = True
170.7039 	EXP 	line3: autoDraw = True
170.7039 	EXP 	line4: autoDraw = True
170.7087 	EXP 	fixation: autoDraw = False
171.7100 	INFO 	Keyboard events cleared
171.7098 	EXP 	probe: autoDraw = True
171.9724 	EXP 	Device response: <KeyPress from None: t=171.9611697079963, value=c, duration=None>
171.9730 	EXP 	New trial (rep=18, index=2): <Trial 74 (2 in rep 18) data={'pos': np.int64(50), 'corr_resp': 'c', 'thisN': 74, 'thisTrialN': 2, 'thisRepN': 18}>
171.9779 	DATA 	Keypress: c
171.9819 	EXP 	fixation: autoDraw = False
171.9819 	EXP 	line1: autoDraw = False
171.9819 	EXP 	line2: autoDraw = False
171.9819 	EXP 	line3: autoDraw = False
171.9819 	EXP 	line4: autoDraw = False
171.9819 	EXP 	probe: autoDraw = False
171.9819 	EXP 	fixation: autoDraw = True
172.0715 	EXP 	Device response: <KeyPress from None: t=171.9611697079963, value=c, duration=0.10806366700853687>
172.9706 	EXP 	line1: autoDraw = True
172.9706 	EXP 	line2: autoDraw = True
172.9706 	EXP 	line3: autoDraw = True
172.9706 	EXP 	line4: autoDraw = True
172.9760 	EXP 	fixation: autoDraw = False
173.9708 	INFO 	Keyboard events cleared
173.9707 	EXP 	probe: autoDraw = True
174.2549 	EXP 	Device response: <KeyPress from None: t=174.24701454199385, value=c, duration=None>
174.2554 	EXP 	New trial (rep=18, index=3): <Trial 75 (3 in rep 18) data={'pos': np.int64(-150), 'corr_resp': 'z', 'thisN': 75, 'thisTrialN': 3, 'thisRepN': 18}>
174.2599 	DATA 	Keypress: c
174.2637 	EXP 	fixation: autoDraw = False
174.2637 	EXP 	line1: autoDraw = False
174.2637 	EXP 	line2: autoDraw = False
174.2637 	EXP 	line3: autoDraw = False
174.2637 	EXP 	line4: autoDraw = False
174.2637 	EXP 	probe: autoDraw = False
174.2637 	EXP 	fixation: autoDraw = True
174.3215 	EXP 	Device response: <KeyPress from None: t=174.24701454199385, value=c, duration=0.06430966600601096>
175.2539 	EXP 	line1: autoDraw = True
175.2539 	EXP 	line2: autoDraw = True
175.2539 	EXP 	line3: autoDraw = True
175.2539 	EXP 	line4: autoDraw = True
175.2587 	EXP 	fixation: autoDraw = False
176.2541 	INFO 	Keyboard events cleared
176.2540 	EXP 	probe: autoDraw = True
176.6720 	EXP 	Device response: <KeyPress from None: t=176.66793112500454, value=z, duration=None>
176.6725 	EXP 	New trial (rep=19, index=0): <Trial 76 (0 in rep 19) data={'pos': np.int64(-50), 'corr_resp': 'x', 'thisN': 76, 'thisTrialN': 0, 'thisRepN': 19}>
176.6772 	EXP 	fixation: autoDraw = False
176.6772 	EXP 	line1: autoDraw = False
176.6772 	EXP 	line2: autoDraw = False
176.6772 	EXP 	line3: autoDraw = False
176.6772 	EXP 	line4: autoDraw = False
176.6772 	EXP 	probe: autoDraw = False
176.6772 	EXP 	fixation: autoDraw = True
176.6808 	DATA 	Keypress: z
176.9214 	EXP 	Device response: <KeyPress from None: t=176.66793112500454, value=z, duration=0.2522075829911046>
177.6706 	EXP 	line1: autoDraw = True
177.6706 	EXP 	line2: autoDraw = True
177.6706 	EXP 	line3: autoDraw = True
177.6706 	EXP 	line4: autoDraw = True
177.6758 	EXP 	fixation: autoDraw = False
178.6708 	INFO 	Keyboard events cleared
178.6706 	EXP 	probe: autoDraw = True
179.1552 	EXP 	Device response: <KeyPress from None: t=179.14389816699259, value=x, duration=None>
179.1557 	EXP 	New trial (rep=19, index=1): <Trial 77 (1 in rep 19) data={'pos': np.int64(150), 'corr_resp': 'v', 'thisN': 77, 'thisTrialN': 1, 'thisRepN': 19}>
179.1603 	DATA 	Keypress: x
179.1643 	EXP 	fixation: autoDraw = False
179.1643 	EXP 	line1: autoDraw = False
179.1643 	EXP 	line2: autoDraw = False
179.1643 	EXP 	line3: autoDraw = False
179.1643 	EXP 	line4: autoDraw = False
179.1643 	EXP 	probe: autoDraw = False
179.1643 	EXP 	fixation: autoDraw = True
179.2548 	EXP 	Device response: <KeyPress from None: t=179.14389816699259, value=x, duration=0.10823641601018608>
180.1539 	EXP 	line1: autoDraw = True
180.1539 	EXP 	line2: autoDraw = True
180.1539 	EXP 	line3: autoDraw = True
180.1539 	EXP 	line4: autoDraw = True
180.1589 	EXP 	fixation: autoDraw = False
181.1541 	INFO 	Keyboard events cleared
181.1540 	EXP 	probe: autoDraw = True
181.4104 	EXP 	Device response: <KeyPress from None: t=181.40875575000246, value=v, duration=None>
181.4108 	EXP 	New trial (rep=19, index=2): <Trial 78 (2 in rep 19) data={'pos': np.int64(50), 'corr_resp': 'c', 'thisN': 78, 'thisTrialN': 2, 'thisRepN': 19}>
181.4153 	DATA 	Keypress: v
181.4197 	EXP 	fixation: autoDraw = False
181.4197 	EXP 	line1: autoDraw = False
181.4197 	EXP 	line2: autoDraw = False
181.4197 	EXP 	line3: autoDraw = False
181.4197 	EXP 	line4: autoDraw = False
181.4197 	EXP 	probe: autoDraw = False
181.4197 	EXP 	fixation: autoDraw = True
181.5257 	EXP 	Device response: <KeyPress from None: t=181.40875575000246, value=v, duration=0.11241741699632257>
182.4077 	EXP 	fixation: autoDraw = False
182.4077 	EXP 	line1: autoDraw = True
182.4077 	EXP 	line2: autoDraw = True
182.4077 	EXP 	line3: autoDraw = True
182.4077 	EXP 	line4: autoDraw = True
183.4080 	INFO 	Keyboard events cleared
183.4079 	EXP 	probe: autoDraw = True
183.6548 	EXP 	Device response: <KeyPress from None: t=183.6517384579929, value=c, duration=None>
183.6552 	EXP 	New trial (rep=19, index=3): <Trial 79 (3 in rep 19) data={'pos': np.int64(-150), 'corr_resp': 'z', 'thisN': 79, 'thisTrialN': 3, 'thisRepN': 19}>
183.6593 	EXP 	fixation: autoDraw = False
183.6593 	EXP 	line1: autoDraw = False
183.6593 	EXP 	line2: autoDraw = False
183.6593 	EXP 	line3: autoDraw = False
183.6593 	EXP 	line4: autoDraw = False
183.6593 	EXP 	probe: autoDraw = False
183.6593 	EXP 	fixation: autoDraw = True
183.6624 	DATA 	Keypress: c
183.7380 	EXP 	Device response: <KeyPress from None: t=183.6517384579929, value=c, duration=0.07638237500214018>
184.6540 	EXP 	line1: autoDraw = True
184.6540 	EXP 	line2: autoDraw = True
184.6540 	EXP 	line3: autoDraw = True
184.6540 	EXP 	line4: autoDraw = True
184.6585 	EXP 	fixation: autoDraw = False
185.6540 	INFO 	Keyboard events cleared
185.6539 	EXP 	probe: autoDraw = True
185.9093 	EXP 	Device response: <KeyPress from None: t=185.90575745799288, value=z, duration=None>
185.9097 	EXP 	New trial (rep=20, index=0): <Trial 80 (0 in rep 20) data={'pos': np.int64(-50), 'corr_resp': 'x', 'thisN': 80, 'thisTrialN': 0, 'thisRepN': 20}>
185.9133 	DATA 	Keypress: z
185.9206 	EXP 	fixation: autoDraw = False
185.9206 	EXP 	line1: autoDraw = False
185.9206 	EXP 	line2: autoDraw = False
185.9206 	EXP 	line3: autoDraw = False
185.9206 	EXP 	line4: autoDraw = False
185.9206 	EXP 	probe: autoDraw = False
185.9206 	EXP 	fixation: autoDraw = True
186.0713 	EXP 	Device response: <KeyPress from None: t=185.90575745799288, value=z, duration=0.15634912499808706>
186.9038 	EXP 	line1: autoDraw = True
186.9038 	EXP 	line2: autoDraw = True
186.9038 	EXP 	line3: autoDraw = True
186.9038 	EXP 	line4: autoDraw = True
186.9086 	EXP 	fixation: autoDraw = False
187.9040 	INFO 	Keyboard events cleared
187.9039 	EXP 	probe: autoDraw = True
187.9595 	EXP 	Device response: <KeyPress from None: t=187.95767345800414, value=v, duration=None>
187.9600 	EXP 	New trial (rep=20, index=1): <Trial 81 (1 in rep 20) data={'pos': np.int64(150), 'corr_resp': 'v', 'thisN': 81, 'thisTrialN': 1, 'thisRepN': 20}>
187.9647 	DATA 	Keypress: v
187.9696 	EXP 	fixation: autoDraw = False
187.9696 	EXP 	line1: autoDraw = False
187.9696 	EXP 	line2: autoDraw = False
187.9696 	EXP 	line3: autoDraw = False
187.9696 	EXP 	line4: autoDraw = False
187.9696 	EXP 	probe: autoDraw = False
187.9696 	EXP 	fixation: autoDraw = True
188.1097 	EXP 	Device response: <KeyPress from None: t=187.95767345800414, value=v, duration=0.1483755839872174>
188.9539 	EXP 	line1: autoDraw = True
188.9539 	EXP 	line2: autoDraw = True
188.9539 	EXP 	line3: autoDraw = True
188.9539 	EXP 	line4: autoDraw = True
188.9587 	EXP 	fixation: autoDraw = False
189.9600 	INFO 	Keyboard events cleared
189.9599 	EXP 	probe: autoDraw = True
190.2436 	EXP 	Device response: <KeyPress from None: t=190.2395866250008, value=v, duration=None>
190.2440 	EXP 	New trial (rep=20, index=2): <Trial 82 (2 in rep 20) data={'pos': np.int64(50), 'corr_resp': 'c', 'thisN': 82, 'thisTrialN': 2, 'thisRepN': 20}>
190.2488 	DATA 	Keypress: v
190.2532 	EXP 	fixation: autoDraw = False
190.2532 	EXP 	line1: autoDraw = False
190.2532 	EXP 	line2: autoDraw = False
190.2532 	EXP 	line3: autoDraw = False
190.2532 	EXP 	line4: autoDraw = False
190.2532 	EXP 	probe: autoDraw = False
190.2532 	EXP 	fixation: autoDraw = True
190.3595 	EXP 	Device response: <KeyPress from None: t=190.2395866250008, value=v, duration=0.11633620799693745>
191.2434 	EXP 	fixation: autoDraw = False
191.2434 	EXP 	line1: autoDraw = True
191.2434 	EXP 	line2: autoDraw = True
191.2434 	EXP 	line3: autoDraw = True
191.2434 	EXP 	line4: autoDraw = True
192.2428 	INFO 	Keyboard events cleared
192.2426 	EXP 	probe: autoDraw = True
192.5881 	EXP 	Device response: <KeyPress from None: t=192.57861637500173, value=c, duration=None>
192.5886 	EXP 	New trial (rep=20, index=3): <Trial 83 (3 in rep 20) data={'pos': np.int64(-150), 'corr_resp': 'z', 'thisN': 83, 'thisTrialN': 3, 'thisRepN': 20}>
192.5933 	DATA 	Keypress: c
192.5974 	EXP 	fixation: autoDraw = False
192.5974 	EXP 	line1: autoDraw = False
192.5974 	EXP 	line2: autoDraw = False
192.5974 	EXP 	line3: autoDraw = False
192.5974 	EXP 	line4: autoDraw = False
192.5974 	EXP 	probe: autoDraw = False
192.5974 	EXP 	fixation: autoDraw = True
192.6881 	EXP 	Device response: <KeyPress from None: t=192.57861637500173, value=c, duration=0.10825816699070856>
193.5871 	EXP 	line1: autoDraw = True
193.5871 	EXP 	line2: autoDraw = True
193.5871 	EXP 	line3: autoDraw = True
193.5871 	EXP 	line4: autoDraw = True
193.5920 	EXP 	fixation: autoDraw = False
194.5874 	INFO 	Keyboard events cleared
194.5872 	EXP 	probe: autoDraw = True
194.9381 	EXP 	Device response: <KeyPress from None: t=194.92843312499463, value=z, duration=None>
194.9385 	EXP 	New trial (rep=21, index=0): <Trial 84 (0 in rep 21) data={'pos': np.int64(-50), 'corr_resp': 'x', 'thisN': 84, 'thisTrialN': 0, 'thisRepN': 21}>
194.9433 	DATA 	Keypress: z
194.9472 	EXP 	fixation: autoDraw = False
194.9472 	EXP 	line1: autoDraw = False
194.9472 	EXP 	line2: autoDraw = False
194.9472 	EXP 	line3: autoDraw = False
194.9472 	EXP 	line4: autoDraw = False
194.9472 	EXP 	probe: autoDraw = False
194.9472 	EXP 	fixation: autoDraw = True
195.0938 	EXP 	Device response: <KeyPress from None: t=194.92843312499463, value=z, duration=0.16035012500651646>
195.9371 	EXP 	line1: autoDraw = True
195.9371 	EXP 	line2: autoDraw = True
195.9371 	EXP 	line3: autoDraw = True
195.9371 	EXP 	line4: autoDraw = True
195.9419 	EXP 	fixation: autoDraw = False
196.9371 	INFO 	Keyboard events cleared
196.9370 	EXP 	probe: autoDraw = True
197.2715 	EXP 	Device response: <KeyPress from None: t=197.2593435000017, value=x, duration=None>
197.2719 	EXP 	New trial (rep=21, index=1): <Trial 85 (1 in rep 21) data={'pos': np.int64(150), 'corr_resp': 'v', 'thisN': 85, 'thisTrialN': 1, 'thisRepN': 21}>
197.2774 	DATA 	Keypress: x
197.2813 	EXP 	fixation: autoDraw = False
197.2813 	EXP 	line1: autoDraw = False
197.2813 	EXP 	line2: autoDraw = False
197.2813 	EXP 	line3: autoDraw = False
197.2813 	EXP 	line4: autoDraw = False
197.2813 	EXP 	probe: autoDraw = False
197.2813 	EXP 	fixation: autoDraw = True
197.4214 	EXP 	Device response: <KeyPress from None: t=197.2593435000017, value=x, duration=0.15651387500111014>
198.2705 	EXP 	line1: autoDraw = True
198.2705 	EXP 	line2: autoDraw = True
198.2705 	EXP 	line3: autoDraw = True
198.2705 	EXP 	line4: autoDraw = True
198.2750 	EXP 	fixation: autoDraw = False
199.2705 	INFO 	Keyboard events cleared
199.2704 	EXP 	probe: autoDraw = True
199.7436 	EXP 	Device response: <KeyPress from None: t=199.7394196249952, value=v, duration=None>
199.7440 	EXP 	New trial (rep=21, index=2): <Trial 86 (2 in rep 21) data={'pos': np.int64(50), 'corr_resp': 'c', 'thisN': 86, 'thisTrialN': 2, 'thisRepN': 21}>
199.7488 	DATA 	Keypress: v
199.7530 	EXP 	fixation: autoDraw = False
199.7530 	EXP 	line1: autoDraw = False
199.7530 	EXP 	line2: autoDraw = False
199.7530 	EXP 	line3: autoDraw = False
199.7530 	EXP 	line4: autoDraw = False
199.7530 	EXP 	probe: autoDraw = False
199.7530 	EXP 	fixation: autoDraw = True
199.8547 	EXP 	Device response: <KeyPress from None: t=199.7394196249952, value=v, duration=0.1083989580074558>
200.7433 	EXP 	fixation: autoDraw = False
200.7433 	EXP 	line1: autoDraw = True
200.7433 	EXP 	line2: autoDraw = True
200.7433 	EXP 	line3: autoDraw = True
200.7433 	EXP 	line4: autoDraw = True
201.7429 	INFO 	Keyboard events cleared
201.7427 	EXP 	probe: autoDraw = True
202.0549 	EXP 	Device response: <KeyPress from None: t=202.04531666700495, value=c, duration=None>
202.0553 	EXP 	New trial (rep=21, index=3): <Trial 87 (3 in rep 21) data={'pos': np.int64(-150), 'corr_resp': 'z', 'thisN': 87, 'thisTrialN': 3, 'thisRepN': 21}>
202.0600 	DATA 	Keypress: c
202.0639 	EXP 	fixation: autoDraw = False
202.0639 	EXP 	line1: autoDraw = False
202.0639 	EXP 	line2: autoDraw = False
202.0639 	EXP 	line3: autoDraw = False
202.0639 	EXP 	line4: autoDraw = False
202.0639 	EXP 	probe: autoDraw = False
202.0639 	EXP 	fixation: autoDraw = True
202.1213 	EXP 	Device response: <KeyPress from None: t=202.04531666700495, value=c, duration=0.07241891599551309>
203.0539 	EXP 	line1: autoDraw = True
203.0539 	EXP 	line2: autoDraw = True
203.0539 	EXP 	line3: autoDraw = True
203.0539 	EXP 	line4: autoDraw = True
203.0585 	EXP 	fixation: autoDraw = False
204.0540 	INFO 	Keyboard events cleared
204.0538 	EXP 	probe: autoDraw = True
204.2929 	EXP 	Device response: <KeyPress from None: t=204.28881987500063, value=z, duration=None>
204.2933 	EXP 	New trial (rep=22, index=0): <Trial 88 (0 in rep 22) data={'pos': np.int64(-50), 'corr_resp': 'x', 'thisN': 88, 'thisTrialN': 0, 'thisRepN': 22}>
204.2971 	DATA 	Keypress: z
204.3026 	EXP 	fixation: autoDraw = False
204.3026 	EXP 	line1: autoDraw = False
204.3026 	EXP 	line2: autoDraw = False
204.3026 	EXP 	line3: autoDraw = False
204.3026 	EXP 	line4: autoDraw = False
204.3026 	EXP 	probe: autoDraw = False
204.3026 	EXP 	fixation: autoDraw = True
204.4252 	EXP 	Device response: <KeyPress from None: t=204.28881987500063, value=z, duration=0.13170941699354444>
205.2925 	EXP 	fixation: autoDraw = False
205.2925 	EXP 	line1: autoDraw = True
205.2925 	EXP 	line2: autoDraw = True
205.2925 	EXP 	line3: autoDraw = True
205.2925 	EXP 	line4: autoDraw = True
206.2871 	INFO 	Keyboard events cleared
206.2870 	EXP 	probe: autoDraw = True
206.4381 	EXP 	Device response: <KeyPress from None: t=206.42830116700497, value=x, duration=None>
206.4386 	EXP 	New trial (rep=22, index=1): <Trial 89 (1 in rep 22) data={'pos': np.int64(150), 'corr_resp': 'v', 'thisN': 89, 'thisTrialN': 1, 'thisRepN': 22}>
206.4432 	DATA 	Keypress: x
206.4471 	EXP 	fixation: autoDraw = False
206.4471 	EXP 	line1: autoDraw = False
206.4471 	EXP 	line2: autoDraw = False
206.4471 	EXP 	line3: autoDraw = False
206.4471 	EXP 	line4: autoDraw = False
206.4471 	EXP 	probe: autoDraw = False
206.4471 	EXP 	fixation: autoDraw = True
206.5553 	EXP 	Device response: <KeyPress from None: t=206.42830116700497, value=x, duration=0.12435424998693634>
207.4370 	EXP 	line1: autoDraw = True
207.4370 	EXP 	line2: autoDraw = True
207.4370 	EXP 	line3: autoDraw = True
207.4370 	EXP 	line4: autoDraw = True
207.4422 	EXP 	fixation: autoDraw = False
208.4372 	INFO 	Keyboard events cleared
208.4370 	EXP 	probe: autoDraw = True
208.7046 	EXP 	Device response: <KeyPress from None: t=208.70001854200382, value=v, duration=None>
208.7050 	EXP 	New trial (rep=22, index=2): <Trial 90 (2 in rep 22) data={'pos': np.int64(50), 'corr_resp': 'c', 'thisN': 90, 'thisTrialN': 2, 'thisRepN': 22}>
208.7093 	EXP 	fixation: autoDraw = False
208.7093 	EXP 	line1: autoDraw = False
208.7093 	EXP 	line2: autoDraw = False
208.7093 	EXP 	line3: autoDraw = False
208.7093 	EXP 	line4: autoDraw = False
208.7093 	EXP 	probe: autoDraw = False
208.7093 	EXP 	fixation: autoDraw = True
208.7127 	DATA 	Keypress: v
208.8215 	EXP 	Device response: <KeyPress from None: t=208.70001854200382, value=v, duration=0.11554549999709707>
209.7037 	EXP 	fixation: autoDraw = False
209.7037 	EXP 	line1: autoDraw = True
209.7037 	EXP 	line2: autoDraw = True
209.7037 	EXP 	line3: autoDraw = True
209.7037 	EXP 	line4: autoDraw = True
210.7038 	INFO 	Keyboard events cleared
210.7036 	EXP 	probe: autoDraw = True
211.0215 	EXP 	Device response: <KeyPress from None: t=211.01108491700143, value=c, duration=None>
211.0221 	EXP 	New trial (rep=22, index=3): <Trial 91 (3 in rep 22) data={'pos': np.int64(-150), 'corr_resp': 'z', 'thisN': 91, 'thisTrialN': 3, 'thisRepN': 22}>
211.0269 	DATA 	Keypress: c
211.0307 	EXP 	fixation: autoDraw = False
211.0307 	EXP 	line1: autoDraw = False
211.0307 	EXP 	line2: autoDraw = False
211.0307 	EXP 	line3: autoDraw = False
211.0307 	EXP 	line4: autoDraw = False
211.0307 	EXP 	probe: autoDraw = False
211.0307 	EXP 	fixation: autoDraw = True
211.1212 	EXP 	Device response: <KeyPress from None: t=211.01108491700143, value=c, duration=0.10829854100302327>
212.0203 	EXP 	line1: autoDraw = True
212.0203 	EXP 	line2: autoDraw = True
212.0203 	EXP 	line3: autoDraw = True
212.0203 	EXP 	line4: autoDraw = True
212.0250 	EXP 	fixation: autoDraw = False
212.9887 	EXP 	Device response: <KeyPress from None: t=212.9790070829913, value=z, duration=None>
212.9937 	DATA 	Keypress: z
213.0205 	INFO 	Keyboard events cleared
213.0203 	EXP 	probe: autoDraw = True
213.1212 	EXP 	Device response: <KeyPress from None: t=212.9790070829913, value=z, duration=0.14031062500725966>
213.3545 	EXP 	Device response: <KeyPress from None: t=213.3529936249979, value=z, duration=None>
213.3549 	EXP 	New trial (rep=23, index=0): <Trial 92 (0 in rep 23) data={'pos': np.int64(-50), 'corr_resp': 'x', 'thisN': 92, 'thisTrialN': 0, 'thisRepN': 23}>
213.3588 	EXP 	fixation: autoDraw = False
213.3588 	EXP 	line1: autoDraw = False
213.3588 	EXP 	line2: autoDraw = False
213.3588 	EXP 	line3: autoDraw = False
213.3588 	EXP 	line4: autoDraw = False
213.3588 	EXP 	probe: autoDraw = False
213.3588 	EXP 	fixation: autoDraw = True
213.3613 	DATA 	Keypress: z
213.5092 	EXP 	Device response: <KeyPress from None: t=213.3529936249979, value=z, duration=0.1523378749989206>
214.3536 	EXP 	fixation: autoDraw = False
214.3536 	EXP 	line1: autoDraw = True
214.3536 	EXP 	line2: autoDraw = True
214.3536 	EXP 	line3: autoDraw = True
214.3536 	EXP 	line4: autoDraw = True
215.3539 	INFO 	Keyboard events cleared
215.3537 	EXP 	probe: autoDraw = True
215.6214 	EXP 	Device response: <KeyPress from None: t=215.61573049999424, value=x, duration=None>
215.6218 	EXP 	New trial (rep=23, index=1): <Trial 93 (1 in rep 23) data={'pos': np.int64(150), 'corr_resp': 'v', 'thisN': 93, 'thisTrialN': 1, 'thisRepN': 23}>
215.6264 	EXP 	fixation: autoDraw = False
215.6264 	EXP 	line1: autoDraw = False
215.6264 	EXP 	line2: autoDraw = False
215.6264 	EXP 	line3: autoDraw = False
215.6264 	EXP 	line4: autoDraw = False
215.6264 	EXP 	probe: autoDraw = False
215.6264 	EXP 	fixation: autoDraw = True
215.6296 	DATA 	Keypress: x
215.7261 	EXP 	Device response: <KeyPress from None: t=215.61573049999424, value=x, duration=0.10760412500530947>
216.6203 	EXP 	fixation: autoDraw = False
216.6203 	EXP 	line1: autoDraw = True
216.6203 	EXP 	line2: autoDraw = True
216.6203 	EXP 	line3: autoDraw = True
216.6203 	EXP 	line4: autoDraw = True
217.6205 	INFO 	Keyboard events cleared
217.6204 	EXP 	probe: autoDraw = True
217.8418 	EXP 	Device response: <KeyPress from None: t=217.84103479199985, value=v, duration=None>
217.8420 	EXP 	New trial (rep=23, index=2): <Trial 94 (2 in rep 23) data={'pos': np.int64(50), 'corr_resp': 'c', 'thisN': 94, 'thisTrialN': 2, 'thisRepN': 23}>
217.8537 	EXP 	fixation: autoDraw = False
217.8537 	EXP 	line1: autoDraw = False
217.8537 	EXP 	line2: autoDraw = False
217.8537 	EXP 	line3: autoDraw = False
217.8537 	EXP 	line4: autoDraw = False
217.8537 	EXP 	probe: autoDraw = False
217.8537 	EXP 	fixation: autoDraw = True
217.8559 	DATA 	Keypress: v
217.9879 	EXP 	Device response: <KeyPress from None: t=217.84103479199985, value=v, duration=0.13626016599300783>
218.8369 	EXP 	line1: autoDraw = True
218.8369 	EXP 	line2: autoDraw = True
218.8369 	EXP 	line3: autoDraw = True
218.8369 	EXP 	line4: autoDraw = True
218.8420 	EXP 	fixation: autoDraw = False
219.8372 	INFO 	Keyboard events cleared
219.8370 	EXP 	probe: autoDraw = True
220.1213 	EXP 	Device response: <KeyPress from None: t=220.11598400000366, value=c, duration=None>
220.1217 	EXP 	New trial (rep=23, index=3): <Trial 95 (3 in rep 23) data={'pos': np.int64(-150), 'corr_resp': 'z', 'thisN': 95, 'thisTrialN': 3, 'thisRepN': 23}>
220.1260 	EXP 	fixation: autoDraw = False
220.1260 	EXP 	line1: autoDraw = False
220.1260 	EXP 	line2: autoDraw = False
220.1260 	EXP 	line3: autoDraw = False
220.1260 	EXP 	line4: autoDraw = False
220.1260 	EXP 	probe: autoDraw = False
220.1260 	EXP 	fixation: autoDraw = True
220.1293 	DATA 	Keypress: c
220.2097 	EXP 	Device response: <KeyPress from None: t=220.11598400000366, value=c, duration=0.09280624998791609>
221.1202 	EXP 	fixation: autoDraw = False
221.1202 	EXP 	line1: autoDraw = True
221.1202 	EXP 	line2: autoDraw = True
221.1202 	EXP 	line3: autoDraw = True
221.1202 	EXP 	line4: autoDraw = True
222.0770 	EXP 	Device response: <KeyPress from None: t=222.0729457080015, value=z, duration=None>
222.0817 	DATA 	Keypress: z
222.1202 	INFO 	Keyboard events cleared
222.1202 	EXP 	probe: autoDraw = True
222.1765 	EXP 	Device response: <KeyPress from None: t=222.0729457080015, value=z, duration=0.10015949999797158>
222.4374 	EXP 	Device response: <KeyPress from None: t=222.4359260420024, value=z, duration=None>
222.4377 	EXP 	New trial (rep=24, index=0): <Trial 96 (0 in rep 24) data={'pos': np.int64(-50), 'corr_resp': 'x', 'thisN': 96, 'thisTrialN': 0, 'thisRepN': 24}>
222.4410 	EXP 	fixation: autoDraw = False
222.4410 	EXP 	line1: autoDraw = False
222.4410 	EXP 	line2: autoDraw = False
222.4410 	EXP 	line3: autoDraw = False
222.4410 	EXP 	line4: autoDraw = False
222.4410 	EXP 	probe: autoDraw = False
222.4410 	EXP 	fixation: autoDraw = True
222.4428 	DATA 	Keypress: z
222.5546 	EXP 	Device response: <KeyPress from None: t=222.4359260420024, value=z, duration=0.11628620799456257>
223.4257 	EXP 	line1: autoDraw = True
223.4257 	EXP 	line2: autoDraw = True
223.4257 	EXP 	line3: autoDraw = True
223.4257 	EXP 	line4: autoDraw = True
223.4369 	EXP 	fixation: autoDraw = False
224.4253 	INFO 	Keyboard events cleared
224.4251 	EXP 	probe: autoDraw = True
224.5548 	EXP 	Device response: <KeyPress from None: t=224.54989183299767, value=x, duration=None>
224.5551 	EXP 	New trial (rep=24, index=1): <Trial 97 (1 in rep 24) data={'pos': np.int64(150), 'corr_resp': 'v', 'thisN': 97, 'thisTrialN': 1, 'thisRepN': 24}>
224.5594 	EXP 	fixation: autoDraw = False
224.5594 	EXP 	line1: autoDraw = False
224.5594 	EXP 	line2: autoDraw = False
224.5594 	EXP 	line3: autoDraw = False
224.5594 	EXP 	line4: autoDraw = False
224.5594 	EXP 	probe: autoDraw = False
224.5594 	EXP 	fixation: autoDraw = True
224.5624 	DATA 	Keypress: x
224.6543 	EXP 	Device response: <KeyPress from None: t=224.54989183299767, value=x, duration=0.09626325000135694>
225.5538 	EXP 	line1: autoDraw = True
225.5538 	EXP 	line2: autoDraw = True
225.5538 	EXP 	line3: autoDraw = True
225.5538 	EXP 	line4: autoDraw = True
225.5585 	EXP 	fixation: autoDraw = False
226.4715 	EXP 	Device response: <KeyPress from None: t=226.46971449999546, value=v, duration=None>
226.4804 	DATA 	Keypress: v
226.5538 	INFO 	Keyboard events cleared
226.5536 	EXP 	probe: autoDraw = True
226.6209 	EXP 	Device response: <KeyPress from None: t=226.46971449999546, value=v, duration=0.144435791997239>
226.8084 	EXP 	Device response: <KeyPress from None: t=226.80372949999582, value=v, duration=None>
226.8087 	EXP 	New trial (rep=24, index=2): <Trial 98 (2 in rep 24) data={'pos': np.int64(50), 'corr_resp': 'c', 'thisN': 98, 'thisTrialN': 2, 'thisRepN': 24}>
226.8112 	DATA 	Keypress: v
226.8203 	EXP 	fixation: autoDraw = False
226.8203 	EXP 	line1: autoDraw = False
226.8203 	EXP 	line2: autoDraw = False
226.8203 	EXP 	line3: autoDraw = False
226.8203 	EXP 	line4: autoDraw = False
226.8203 	EXP 	probe: autoDraw = False
226.8203 	EXP 	fixation: autoDraw = True
226.9422 	EXP 	Device response: <KeyPress from None: t=226.80372949999582, value=v, duration=0.13628433299891185>
227.8035 	EXP 	line1: autoDraw = True
227.8035 	EXP 	line2: autoDraw = True
227.8035 	EXP 	line3: autoDraw = True
227.8035 	EXP 	line4: autoDraw = True
227.8080 	EXP 	fixation: autoDraw = False
228.8037 	INFO 	Keyboard events cleared
228.8036 	EXP 	probe: autoDraw = True
229.0755 	EXP 	Device response: <KeyPress from None: t=229.07171891699545, value=c, duration=None>
229.0758 	EXP 	New trial (rep=24, index=3): <Trial 99 (3 in rep 24) data={'pos': np.int64(-150), 'corr_resp': 'z', 'thisN': 99, 'thisTrialN': 3, 'thisRepN': 24}>
229.0782 	DATA 	Keypress: c
229.0868 	EXP 	fixation: autoDraw = False
229.0868 	EXP 	line1: autoDraw = False
229.0868 	EXP 	line2: autoDraw = False
229.0868 	EXP 	line3: autoDraw = False
229.0868 	EXP 	line4: autoDraw = False
229.0868 	EXP 	probe: autoDraw = False
229.0868 	EXP 	fixation: autoDraw = True
229.1584 	EXP 	Device response: <KeyPress from None: t=229.07171891699545, value=c, duration=0.08523462500306778>
230.0702 	EXP 	line1: autoDraw = True
230.0702 	EXP 	line2: autoDraw = True
230.0702 	EXP 	line3: autoDraw = True
230.0702 	EXP 	line4: autoDraw = True
230.0756 	EXP 	fixation: autoDraw = False
231.0704 	INFO 	Keyboard events cleared
231.0703 	EXP 	probe: autoDraw = True
231.2880 	EXP 	Device response: <KeyPress from None: t=231.28666883299593, value=z, duration=None>
231.2885 	EXP 	New trial (rep=25, index=0): <Trial 100 (0 in rep 25) data={'pos': np.int64(-50), 'corr_resp': 'x', 'thisN': 100, 'thisTrialN': 0, 'thisRepN': 25}>
231.2931 	EXP 	fixation: autoDraw = False
231.2931 	EXP 	line1: autoDraw = False
231.2931 	EXP 	line2: autoDraw = False
231.2931 	EXP 	line3: autoDraw = False
231.2931 	EXP 	line4: autoDraw = False
231.2931 	EXP 	probe: autoDraw = False
231.2931 	EXP 	fixation: autoDraw = True
231.2964 	DATA 	Keypress: z
231.4260 	EXP 	Device response: <KeyPress from None: t=231.28666883299593, value=z, duration=0.13629170900094323>
232.2869 	EXP 	line1: autoDraw = True
232.2869 	EXP 	line2: autoDraw = True
232.2869 	EXP 	line3: autoDraw = True
232.2869 	EXP 	line4: autoDraw = True
232.2921 	EXP 	fixation: autoDraw = False
233.2871 	INFO 	Keyboard events cleared
233.2869 	EXP 	probe: autoDraw = True
233.6213 	EXP 	Device response: <KeyPress from None: t=233.61867008300032, value=x, duration=None>
233.6217 	EXP 	New trial (rep=25, index=1): <Trial 101 (1 in rep 25) data={'pos': np.int64(150), 'corr_resp': 'v', 'thisN': 101, 'thisTrialN': 1, 'thisRepN': 25}>
233.6275 	EXP 	fixation: autoDraw = False
233.6275 	EXP 	line1: autoDraw = False
233.6275 	EXP 	line2: autoDraw = False
233.6275 	EXP 	line3: autoDraw = False
233.6275 	EXP 	line4: autoDraw = False
233.6275 	EXP 	probe: autoDraw = False
233.6275 	EXP 	fixation: autoDraw = True
233.6312 	DATA 	Keypress: x
233.7436 	EXP 	Device response: <KeyPress from None: t=233.61867008300032, value=x, duration=0.12018133400124498>
234.6202 	EXP 	line1: autoDraw = True
234.6202 	EXP 	line2: autoDraw = True
234.6202 	EXP 	line3: autoDraw = True
234.6202 	EXP 	line4: autoDraw = True
234.6251 	EXP 	fixation: autoDraw = False
235.6204 	INFO 	Keyboard events cleared
235.6203 	EXP 	probe: autoDraw = True
235.8211 	EXP 	Device response: <KeyPress from None: t=235.81265133299166, value=v, duration=None>
235.8215 	EXP 	New trial (rep=25, index=2): <Trial 102 (2 in rep 25) data={'pos': np.int64(50), 'corr_resp': 'c', 'thisN': 102, 'thisTrialN': 2, 'thisRepN': 25}>
235.8264 	DATA 	Keypress: v
235.8304 	EXP 	fixation: autoDraw = False
235.8304 	EXP 	line1: autoDraw = False
235.8304 	EXP 	line2: autoDraw = False
235.8304 	EXP 	line3: autoDraw = False
235.8304 	EXP 	line4: autoDraw = False
235.8304 	EXP 	probe: autoDraw = False
235.8304 	EXP 	fixation: autoDraw = True
235.9421 	EXP 	Device response: <KeyPress from None: t=235.81265133299166, value=v, duration=0.12821487500332296>
236.8202 	EXP 	line1: autoDraw = True
236.8202 	EXP 	line2: autoDraw = True
236.8202 	EXP 	line3: autoDraw = True
236.8202 	EXP 	line4: autoDraw = True
236.8253 	EXP 	fixation: autoDraw = False
237.8203 	INFO 	Keyboard events cleared
237.8201 	EXP 	probe: autoDraw = True
238.0595 	EXP 	Device response: <KeyPress from None: t=238.0568380420009, value=c, duration=None>
238.0599 	EXP 	New trial (rep=25, index=3): <Trial 103 (3 in rep 25) data={'pos': np.int64(-150), 'corr_resp': 'z', 'thisN': 103, 'thisTrialN': 3, 'thisRepN': 25}>
238.0647 	DATA 	Keypress: c
238.0692 	EXP 	fixation: autoDraw = False
238.0692 	EXP 	line1: autoDraw = False
238.0692 	EXP 	line2: autoDraw = False
238.0692 	EXP 	line3: autoDraw = False
238.0692 	EXP 	line4: autoDraw = False
238.0692 	EXP 	probe: autoDraw = False
238.0692 	EXP 	fixation: autoDraw = True
238.1876 	EXP 	Device response: <KeyPress from None: t=238.0568380420009, value=c, duration=0.12388800000189804>
239.0582 	EXP 	fixation: autoDraw = False
239.0582 	EXP 	line1: autoDraw = True
239.0582 	EXP 	line2: autoDraw = True
239.0582 	EXP 	line3: autoDraw = True
239.0582 	EXP 	line4: autoDraw = True
240.0595 	INFO 	Keyboard events cleared
240.0593 	EXP 	probe: autoDraw = True
240.3044 	EXP 	Device response: <KeyPress from None: t=240.30143416699138, value=z, duration=None>
240.3048 	EXP 	New trial (rep=26, index=0): <Trial 104 (0 in rep 26) data={'pos': np.int64(-50), 'corr_resp': 'x', 'thisN': 104, 'thisTrialN': 0, 'thisRepN': 26}>
240.3092 	EXP 	fixation: autoDraw = False
240.3092 	EXP 	line1: autoDraw = False
240.3092 	EXP 	line2: autoDraw = False
240.3092 	EXP 	line3: autoDraw = False
240.3092 	EXP 	line4: autoDraw = False
240.3092 	EXP 	probe: autoDraw = False
240.3092 	EXP 	fixation: autoDraw = True
240.3129 	DATA 	Keypress: z
240.4378 	EXP 	Device response: <KeyPress from None: t=240.30143416699138, value=z, duration=0.1283066250034608>
241.3035 	EXP 	line1: autoDraw = True
241.3035 	EXP 	line2: autoDraw = True
241.3035 	EXP 	line3: autoDraw = True
241.3035 	EXP 	line4: autoDraw = True
241.3087 	EXP 	fixation: autoDraw = False
242.3035 	INFO 	Keyboard events cleared
242.3034 	EXP 	probe: autoDraw = True
242.3378 	EXP 	Device response: <KeyPress from None: t=242.3364362919965, value=x, duration=None>
242.3382 	EXP 	New trial (rep=26, index=1): <Trial 105 (1 in rep 26) data={'pos': np.int64(150), 'corr_resp': 'v', 'thisN': 105, 'thisTrialN': 1, 'thisRepN': 26}>
242.3427 	EXP 	fixation: autoDraw = False
242.3427 	EXP 	line1: autoDraw = False
242.3427 	EXP 	line2: autoDraw = False
242.3427 	EXP 	line3: autoDraw = False
242.3427 	EXP 	line4: autoDraw = False
242.3427 	EXP 	probe: autoDraw = False
242.3427 	EXP 	fixation: autoDraw = True
242.3471 	DATA 	Keypress: x
242.5266 	EXP 	Device response: <KeyPress from None: t=242.3364362919965, value=x, duration=0.184238791000098>
243.3367 	EXP 	fixation: autoDraw = False
243.3367 	EXP 	line1: autoDraw = True
243.3367 	EXP 	line2: autoDraw = True
243.3367 	EXP 	line3: autoDraw = True
243.3367 	EXP 	line4: autoDraw = True
244.3369 	INFO 	Keyboard events cleared
244.3368 	EXP 	probe: autoDraw = True
244.4935 	EXP 	Device response: <KeyPress from None: t=244.49026374999085, value=v, duration=None>
244.4940 	EXP 	New trial (rep=26, index=2): <Trial 106 (2 in rep 26) data={'pos': np.int64(50), 'corr_resp': 'c', 'thisN': 106, 'thisTrialN': 2, 'thisRepN': 26}>
244.4984 	DATA 	Keypress: v
244.5027 	EXP 	fixation: autoDraw = False
244.5027 	EXP 	line1: autoDraw = False
244.5027 	EXP 	line2: autoDraw = False
244.5027 	EXP 	line3: autoDraw = False
244.5027 	EXP 	line4: autoDraw = False
244.5027 	EXP 	probe: autoDraw = False
244.5027 	EXP 	fixation: autoDraw = True
244.6712 	EXP 	Device response: <KeyPress from None: t=244.49026374999085, value=v, duration=0.17243275001237635>
245.4920 	EXP 	fixation: autoDraw = False
245.4920 	EXP 	line1: autoDraw = True
245.4920 	EXP 	line2: autoDraw = True
245.4920 	EXP 	line3: autoDraw = True
245.4920 	EXP 	line4: autoDraw = True
246.4926 	INFO 	Keyboard events cleared
246.4924 	EXP 	probe: autoDraw = True
246.6932 	EXP 	Device response: <KeyPress from None: t=246.6913414169976, value=c, duration=None>
246.6936 	EXP 	New trial (rep=26, index=3): <Trial 107 (3 in rep 26) data={'pos': np.int64(-150), 'corr_resp': 'z', 'thisN': 107, 'thisTrialN': 3, 'thisRepN': 26}>
246.6980 	DATA 	Keypress: c
246.7025 	EXP 	fixation: autoDraw = False
246.7025 	EXP 	line1: autoDraw = False
246.7025 	EXP 	line2: autoDraw = False
246.7025 	EXP 	line3: autoDraw = False
246.7025 	EXP 	line4: autoDraw = False
246.7025 	EXP 	probe: autoDraw = False
246.7025 	EXP 	fixation: autoDraw = True
246.8043 	EXP 	Device response: <KeyPress from None: t=246.6913414169976, value=c, duration=0.104349415996694>
247.6920 	EXP 	fixation: autoDraw = False
247.6920 	EXP 	line1: autoDraw = True
247.6920 	EXP 	line2: autoDraw = True
247.6920 	EXP 	line3: autoDraw = True
247.6920 	EXP 	line4: autoDraw = True
248.6925 	INFO 	Keyboard events cleared
248.6923 	EXP 	probe: autoDraw = True
248.7212 	EXP 	Device response: <KeyPress from None: t=248.7132249169954, value=z, duration=None>
248.7216 	EXP 	New trial (rep=27, index=0): <Trial 108 (0 in rep 27) data={'pos': np.int64(-50), 'corr_resp': 'x', 'thisN': 108, 'thisTrialN': 0, 'thisRepN': 27}>
248.7263 	DATA 	Keypress: z
248.7303 	EXP 	fixation: autoDraw = False
248.7303 	EXP 	line1: autoDraw = False
248.7303 	EXP 	line2: autoDraw = False
248.7303 	EXP 	line3: autoDraw = False
248.7303 	EXP 	line4: autoDraw = False
248.7303 	EXP 	probe: autoDraw = False
248.7303 	EXP 	fixation: autoDraw = True
248.9374 	EXP 	Device response: <KeyPress from None: t=248.7132249169954, value=z, duration=0.21631041599903256>
249.7203 	EXP 	line1: autoDraw = True
249.7203 	EXP 	line2: autoDraw = True
249.7203 	EXP 	line3: autoDraw = True
249.7203 	EXP 	line4: autoDraw = True
249.7250 	EXP 	fixation: autoDraw = False
250.7045 	EXP 	Device response: <KeyPress from None: t=250.69221716700122, value=x, duration=None>
250.7094 	DATA 	Keypress: x
250.7194 	INFO 	Keyboard events cleared
250.7192 	EXP 	probe: autoDraw = True
250.9543 	EXP 	Device response: <KeyPress from None: t=250.69221716700122, value=x, duration=0.25652841599367093>
251.1542 	EXP 	Device response: <KeyPress from None: t=251.14914325000427, value=x, duration=None>
251.1546 	EXP 	New trial (rep=27, index=1): <Trial 109 (1 in rep 27) data={'pos': np.int64(150), 'corr_resp': 'v', 'thisN': 109, 'thisTrialN': 1, 'thisRepN': 27}>
251.1587 	EXP 	fixation: autoDraw = False
251.1587 	EXP 	line1: autoDraw = False
251.1587 	EXP 	line2: autoDraw = False
251.1587 	EXP 	line3: autoDraw = False
251.1587 	EXP 	line4: autoDraw = False
251.1587 	EXP 	probe: autoDraw = False
251.1587 	EXP 	fixation: autoDraw = True
251.1616 	DATA 	Keypress: x
251.2751 	EXP 	Device response: <KeyPress from None: t=251.14914325000427, value=x, duration=0.12471720798930619>
252.1533 	EXP 	fixation: autoDraw = False
252.1533 	EXP 	line1: autoDraw = True
252.1533 	EXP 	line2: autoDraw = True
252.1533 	EXP 	line3: autoDraw = True
252.1533 	EXP 	line4: autoDraw = True
253.1534 	INFO 	Keyboard events cleared
253.1532 	EXP 	probe: autoDraw = True
253.3929 	EXP 	Device response: <KeyPress from None: t=253.3881207079976, value=v, duration=None>
253.3933 	EXP 	New trial (rep=27, index=2): <Trial 110 (2 in rep 27) data={'pos': np.int64(50), 'corr_resp': 'c', 'thisN': 110, 'thisTrialN': 2, 'thisRepN': 27}>
253.3978 	DATA 	Keypress: v
253.4024 	EXP 	fixation: autoDraw = False
253.4024 	EXP 	line1: autoDraw = False
253.4024 	EXP 	line2: autoDraw = False
253.4024 	EXP 	line3: autoDraw = False
253.4024 	EXP 	line4: autoDraw = False
253.4024 	EXP 	probe: autoDraw = False
253.4024 	EXP 	fixation: autoDraw = True
253.5043 	EXP 	Device response: <KeyPress from None: t=253.3881207079976, value=v, duration=0.1123855000041658>
254.3920 	EXP 	fixation: autoDraw = False
254.3920 	EXP 	line1: autoDraw = True
254.3920 	EXP 	line2: autoDraw = True
254.3920 	EXP 	line3: autoDraw = True
254.3920 	EXP 	line4: autoDraw = True
255.3924 	INFO 	Keyboard events cleared
255.3922 	EXP 	probe: autoDraw = True
255.6554 	EXP 	Device response: <KeyPress from None: t=255.6530138329981, value=c, duration=None>
255.6563 	EXP 	New trial (rep=27, index=3): <Trial 111 (3 in rep 27) data={'pos': np.int64(-150), 'corr_resp': 'z', 'thisN': 111, 'thisTrialN': 3, 'thisRepN': 27}>
255.6616 	EXP 	fixation: autoDraw = False
255.6616 	EXP 	line1: autoDraw = False
255.6616 	EXP 	line2: autoDraw = False
255.6616 	EXP 	line3: autoDraw = False
255.6616 	EXP 	line4: autoDraw = False
255.6616 	EXP 	probe: autoDraw = False
255.6616 	EXP 	fixation: autoDraw = True
255.6656 	DATA 	Keypress: c
255.7422 	EXP 	Device response: <KeyPress from None: t=255.6530138329981, value=c, duration=0.0843794170068577>
256.6533 	EXP 	line1: autoDraw = True
256.6533 	EXP 	line2: autoDraw = True
256.6533 	EXP 	line3: autoDraw = True
256.6533 	EXP 	line4: autoDraw = True
256.6581 	EXP 	fixation: autoDraw = False
257.6535 	INFO 	Keyboard events cleared
257.6534 	EXP 	probe: autoDraw = True
257.8872 	EXP 	Device response: <KeyPress from None: t=257.88605083299626, value=z, duration=None>
257.8875 	EXP 	New trial (rep=28, index=0): <Trial 112 (0 in rep 28) data={'pos': np.int64(-50), 'corr_resp': 'x', 'thisN': 112, 'thisTrialN': 0, 'thisRepN': 28}>
257.8912 	EXP 	fixation: autoDraw = False
257.8912 	EXP 	line1: autoDraw = False
257.8912 	EXP 	line2: autoDraw = False
257.8912 	EXP 	line3: autoDraw = False
257.8912 	EXP 	line4: autoDraw = False
257.8912 	EXP 	probe: autoDraw = False
257.8912 	EXP 	fixation: autoDraw = True
257.8931 	DATA 	Keypress: z
258.0374 	EXP 	Device response: <KeyPress from None: t=257.88605083299626, value=z, duration=0.14023699999961536>
258.8749 	EXP 	line1: autoDraw = True
258.8749 	EXP 	line2: autoDraw = True
258.8749 	EXP 	line3: autoDraw = True
258.8749 	EXP 	line4: autoDraw = True
258.8866 	EXP 	fixation: autoDraw = False
259.8754 	INFO 	Keyboard events cleared
259.8752 	EXP 	probe: autoDraw = True
260.1379 	EXP 	Device response: <KeyPress from None: t=260.12599454200245, value=x, duration=None>
260.1383 	EXP 	New trial (rep=28, index=1): <Trial 113 (1 in rep 28) data={'pos': np.int64(150), 'corr_resp': 'v', 'thisN': 113, 'thisTrialN': 1, 'thisRepN': 28}>
260.1426 	DATA 	Keypress: x
260.1465 	EXP 	fixation: autoDraw = False
260.1465 	EXP 	line1: autoDraw = False
260.1465 	EXP 	line2: autoDraw = False
260.1465 	EXP 	line3: autoDraw = False
260.1465 	EXP 	line4: autoDraw = False
260.1465 	EXP 	probe: autoDraw = False
260.1465 	EXP 	fixation: autoDraw = True
260.3091 	EXP 	Device response: <KeyPress from None: t=260.12599454200245, value=x, duration=0.18033529099193402>
261.1366 	EXP 	line1: autoDraw = True
261.1366 	EXP 	line2: autoDraw = True
261.1366 	EXP 	line3: autoDraw = True
261.1366 	EXP 	line4: autoDraw = True
261.1419 	EXP 	fixation: autoDraw = False
262.1369 	INFO 	Keyboard events cleared
262.1367 	EXP 	probe: autoDraw = True
262.3708 	EXP 	Device response: <KeyPress from None: t=262.3650657919934, value=v, duration=None>
262.3713 	EXP 	New trial (rep=28, index=2): <Trial 114 (2 in rep 28) data={'pos': np.int64(50), 'corr_resp': 'c', 'thisN': 114, 'thisTrialN': 2, 'thisRepN': 28}>
262.3756 	EXP 	fixation: autoDraw = False
262.3756 	EXP 	line1: autoDraw = False
262.3756 	EXP 	line2: autoDraw = False
262.3756 	EXP 	line3: autoDraw = False
262.3756 	EXP 	line4: autoDraw = False
262.3756 	EXP 	probe: autoDraw = False
262.3756 	EXP 	fixation: autoDraw = True
262.3788 	DATA 	Keypress: v
262.4708 	EXP 	Device response: <KeyPress from None: t=262.3650657919934, value=v, duration=0.09629724999831524>
263.3698 	EXP 	line1: autoDraw = True
263.3698 	EXP 	line2: autoDraw = True
263.3698 	EXP 	line3: autoDraw = True
263.3698 	EXP 	line4: autoDraw = True
263.3746 	EXP 	fixation: autoDraw = False
264.3700 	INFO 	Keyboard events cleared
264.3699 	EXP 	probe: autoDraw = True
264.5042 	EXP 	Device response: <KeyPress from None: t=264.5019136250048, value=c, duration=None>
264.5046 	EXP 	New trial (rep=28, index=3): <Trial 115 (3 in rep 28) data={'pos': np.int64(-150), 'corr_resp': 'z', 'thisN': 115, 'thisTrialN': 3, 'thisRepN': 28}>
264.5091 	EXP 	fixation: autoDraw = False
264.5091 	EXP 	line1: autoDraw = False
264.5091 	EXP 	line2: autoDraw = False
264.5091 	EXP 	line3: autoDraw = False
264.5091 	EXP 	line4: autoDraw = False
264.5091 	EXP 	probe: autoDraw = False
264.5091 	EXP 	fixation: autoDraw = True
264.5126 	DATA 	Keypress: c
264.6876 	EXP 	Device response: <KeyPress from None: t=264.5019136250048, value=c, duration=0.18031529198924545>
265.5033 	EXP 	fixation: autoDraw = False
265.5033 	EXP 	line1: autoDraw = True
265.5033 	EXP 	line2: autoDraw = True
265.5033 	EXP 	line3: autoDraw = True
265.5033 	EXP 	line4: autoDraw = True
266.5036 	INFO 	Keyboard events cleared
266.5035 	EXP 	probe: autoDraw = True
266.5210 	EXP 	Device response: <KeyPress from None: t=266.5148804999917, value=z, duration=None>
266.5214 	EXP 	New trial (rep=29, index=0): <Trial 116 (0 in rep 29) data={'pos': np.int64(-50), 'corr_resp': 'x', 'thisN': 116, 'thisTrialN': 0, 'thisRepN': 29}>
266.5260 	EXP 	fixation: autoDraw = False
266.5260 	EXP 	line1: autoDraw = False
266.5260 	EXP 	line2: autoDraw = False
266.5260 	EXP 	line3: autoDraw = False
266.5260 	EXP 	line4: autoDraw = False
266.5260 	EXP 	probe: autoDraw = False
266.5260 	EXP 	fixation: autoDraw = True
266.5300 	DATA 	Keypress: z
266.7041 	EXP 	Device response: <KeyPress from None: t=266.5148804999917, value=z, duration=0.18811604200163856>
267.5202 	EXP 	line1: autoDraw = True
267.5202 	EXP 	line2: autoDraw = True
267.5202 	EXP 	line3: autoDraw = True
267.5202 	EXP 	line4: autoDraw = True
267.5245 	EXP 	fixation: autoDraw = False
268.3708 	EXP 	Device response: <KeyPress from None: t=268.35970195800473, value=x, duration=None>
268.3755 	DATA 	Keypress: x
268.5199 	INFO 	Keyboard events cleared
268.5198 	EXP 	probe: autoDraw = True
268.5375 	EXP 	Device response: <KeyPress from None: t=268.35970195800473, value=x, duration=0.16529508399253245>
268.7873 	EXP 	Device response: <KeyPress from None: t=268.7795886669919, value=x, duration=None>
268.7877 	EXP 	New trial (rep=29, index=1): <Trial 117 (1 in rep 29) data={'pos': np.int64(150), 'corr_resp': 'v', 'thisN': 117, 'thisTrialN': 1, 'thisRepN': 29}>
268.7907 	DATA 	Keypress: x
268.7939 	EXP 	fixation: autoDraw = False
268.7939 	EXP 	line1: autoDraw = False
268.7939 	EXP 	line2: autoDraw = False
268.7939 	EXP 	line3: autoDraw = False
268.7939 	EXP 	line4: autoDraw = False
268.7939 	EXP 	probe: autoDraw = False
268.7939 	EXP 	fixation: autoDraw = True
268.9205 	EXP 	Device response: <KeyPress from None: t=268.7795886669919, value=x, duration=0.13554812500660773>
269.7865 	EXP 	line1: autoDraw = True
269.7865 	EXP 	line2: autoDraw = True
269.7865 	EXP 	line3: autoDraw = True
269.7865 	EXP 	line4: autoDraw = True
269.7922 	EXP 	fixation: autoDraw = False
270.7752 	INFO 	Keyboard events cleared
270.7750 	EXP 	probe: autoDraw = True
270.9257 	EXP 	Device response: <KeyPress from None: t=270.92203775000235, value=v, duration=None>
270.9260 	EXP 	New trial (rep=29, index=2): <Trial 118 (2 in rep 29) data={'pos': np.int64(50), 'corr_resp': 'c', 'thisN': 118, 'thisTrialN': 2, 'thisRepN': 29}>
270.9294 	DATA 	Keypress: v
270.9365 	EXP 	fixation: autoDraw = False
270.9365 	EXP 	line1: autoDraw = False
270.9365 	EXP 	line2: autoDraw = False
270.9365 	EXP 	line3: autoDraw = False
270.9365 	EXP 	line4: autoDraw = False
270.9365 	EXP 	probe: autoDraw = False
270.9365 	EXP 	fixation: autoDraw = True
271.0874 	EXP 	Device response: <KeyPress from None: t=270.92203775000235, value=v, duration=0.1604015829943819>
271.9243 	EXP 	fixation: autoDraw = False
271.9243 	EXP 	line1: autoDraw = True
271.9243 	EXP 	line2: autoDraw = True
271.9243 	EXP 	line3: autoDraw = True
271.9243 	EXP 	line4: autoDraw = True
272.9255 	INFO 	Keyboard events cleared
272.9253 	EXP 	probe: autoDraw = True
273.1708 	EXP 	Device response: <KeyPress from None: t=273.16586079199624, value=c, duration=None>
273.1712 	EXP 	New trial (rep=29, index=3): <Trial 119 (3 in rep 29) data={'pos': np.int64(-150), 'corr_resp': 'z', 'thisN': 119, 'thisTrialN': 3, 'thisRepN': 29}>
273.1756 	EXP 	fixation: autoDraw = False
273.1756 	EXP 	line1: autoDraw = False
273.1756 	EXP 	line2: autoDraw = False
273.1756 	EXP 	line3: autoDraw = False
273.1756 	EXP 	line4: autoDraw = False
273.1756 	EXP 	probe: autoDraw = False
273.1756 	EXP 	fixation: autoDraw = True
273.1792 	DATA 	Keypress: c
273.3375 	EXP 	Device response: <KeyPress from None: t=273.16586079199624, value=c, duration=0.16022170800715685>
274.1585 	EXP 	line1: autoDraw = True
274.1585 	EXP 	line2: autoDraw = True
274.1585 	EXP 	line3: autoDraw = True
274.1585 	EXP 	line4: autoDraw = True
274.1699 	EXP 	fixation: autoDraw = False
275.1701 	INFO 	Keyboard events cleared
275.1699 	EXP 	probe: autoDraw = True
275.4209 	EXP 	Device response: <KeyPress from None: t=275.41368574999797, value=z, duration=None>
275.4213 	EXP 	New trial (rep=30, index=0): <Trial 120 (0 in rep 30) data={'pos': np.int64(-50), 'corr_resp': 'x', 'thisN': 120, 'thisTrialN': 0, 'thisRepN': 30}>
275.4261 	DATA 	Keypress: z
275.4301 	EXP 	fixation: autoDraw = False
275.4301 	EXP 	line1: autoDraw = False
275.4301 	EXP 	line2: autoDraw = False
275.4301 	EXP 	line3: autoDraw = False
275.4301 	EXP 	line4: autoDraw = False
275.4301 	EXP 	probe: autoDraw = False
275.4301 	EXP 	fixation: autoDraw = True
275.6094 	EXP 	Device response: <KeyPress from None: t=275.41368574999797, value=z, duration=0.19232579199888278>
276.4199 	EXP 	line1: autoDraw = True
276.4199 	EXP 	line2: autoDraw = True
276.4199 	EXP 	line3: autoDraw = True
276.4199 	EXP 	line4: autoDraw = True
276.4245 	EXP 	fixation: autoDraw = False
277.4199 	INFO 	Keyboard events cleared
277.4197 	EXP 	probe: autoDraw = True
277.6590 	EXP 	Device response: <KeyPress from None: t=277.6572321249987, value=x, duration=None>
277.6594 	EXP 	New trial (rep=30, index=1): <Trial 121 (1 in rep 30) data={'pos': np.int64(150), 'corr_resp': 'v', 'thisN': 121, 'thisTrialN': 1, 'thisRepN': 30}>
277.6640 	DATA 	Keypress: x
277.6688 	EXP 	fixation: autoDraw = False
277.6688 	EXP 	line1: autoDraw = False
277.6688 	EXP 	line2: autoDraw = False
277.6688 	EXP 	line3: autoDraw = False
277.6688 	EXP 	line4: autoDraw = False
277.6688 	EXP 	probe: autoDraw = False
277.6688 	EXP 	fixation: autoDraw = True
277.8417 	EXP 	Device response: <KeyPress from None: t=277.6572321249987, value=x, duration=0.17956662499636877>
278.6531 	EXP 	line1: autoDraw = True
278.6531 	EXP 	line2: autoDraw = True
278.6531 	EXP 	line3: autoDraw = True
278.6531 	EXP 	line4: autoDraw = True
278.6581 	EXP 	fixation: autoDraw = False
279.6533 	INFO 	Keyboard events cleared
279.6532 	EXP 	probe: autoDraw = True
279.9428 	EXP 	Device response: <KeyPress from None: t=279.9385913750011, value=v, duration=None>
279.9432 	EXP 	New trial (rep=30, index=2): <Trial 122 (2 in rep 30) data={'pos': np.int64(50), 'corr_resp': 'c', 'thisN': 122, 'thisTrialN': 2, 'thisRepN': 30}>
279.9475 	DATA 	Keypress: v
279.9521 	EXP 	fixation: autoDraw = False
279.9521 	EXP 	line1: autoDraw = False
279.9521 	EXP 	line2: autoDraw = False
279.9521 	EXP 	line3: autoDraw = False
279.9521 	EXP 	line4: autoDraw = False
279.9521 	EXP 	probe: autoDraw = False
279.9521 	EXP 	fixation: autoDraw = True
280.0407 	EXP 	Device response: <KeyPress from None: t=279.9385913750011, value=v, duration=0.10024833299394231>
280.9412 	EXP 	fixation: autoDraw = False
280.9412 	EXP 	line1: autoDraw = True
280.9412 	EXP 	line2: autoDraw = True
280.9412 	EXP 	line3: autoDraw = True
280.9412 	EXP 	line4: autoDraw = True
281.9422 	INFO 	Keyboard events cleared
281.9420 	EXP 	probe: autoDraw = True
282.2374 	EXP 	Device response: <KeyPress from None: t=282.23358816700056, value=c, duration=None>
282.2378 	EXP 	New trial (rep=30, index=3): <Trial 123 (3 in rep 30) data={'pos': np.int64(-150), 'corr_resp': 'z', 'thisN': 123, 'thisTrialN': 3, 'thisRepN': 30}>
282.2422 	EXP 	fixation: autoDraw = False
282.2422 	EXP 	line1: autoDraw = False
282.2422 	EXP 	line2: autoDraw = False
282.2422 	EXP 	line3: autoDraw = False
282.2422 	EXP 	line4: autoDraw = False
282.2422 	EXP 	probe: autoDraw = False
282.2422 	EXP 	fixation: autoDraw = True
282.2455 	DATA 	Keypress: c
282.3585 	EXP 	Device response: <KeyPress from None: t=282.23358816700056, value=c, duration=0.12026304099708796>
283.2364 	EXP 	line1: autoDraw = True
283.2364 	EXP 	line2: autoDraw = True
283.2364 	EXP 	line3: autoDraw = True
283.2364 	EXP 	line4: autoDraw = True
283.2413 	EXP 	fixation: autoDraw = False
284.2366 	INFO 	Keyboard events cleared
284.2365 	EXP 	probe: autoDraw = True
284.4544 	EXP 	Device response: <KeyPress from None: t=284.4426755829918, value=z, duration=None>
284.4549 	EXP 	New trial (rep=31, index=0): <Trial 124 (0 in rep 31) data={'pos': np.int64(-50), 'corr_resp': 'x', 'thisN': 124, 'thisTrialN': 0, 'thisRepN': 31}>
284.4599 	DATA 	Keypress: z
284.4638 	EXP 	fixation: autoDraw = False
284.4638 	EXP 	line1: autoDraw = False
284.4638 	EXP 	line2: autoDraw = False
284.4638 	EXP 	line3: autoDraw = False
284.4638 	EXP 	line4: autoDraw = False
284.4638 	EXP 	probe: autoDraw = False
284.4638 	EXP 	fixation: autoDraw = True
284.6374 	EXP 	Device response: <KeyPress from None: t=284.4426755829918, value=z, duration=0.1841991250112187>
285.4531 	EXP 	line1: autoDraw = True
285.4531 	EXP 	line2: autoDraw = True
285.4531 	EXP 	line3: autoDraw = True
285.4531 	EXP 	line4: autoDraw = True
285.4580 	EXP 	fixation: autoDraw = False
286.2259 	EXP 	Device response: <KeyPress from None: t=286.22238383299555, value=x, duration=None>
286.2307 	DATA 	Keypress: x
286.3755 	EXP 	Device response: <KeyPress from None: t=286.22238383299555, value=x, duration=0.14828475000103936>
286.4531 	INFO 	Keyboard events cleared
286.4530 	EXP 	probe: autoDraw = True
286.6594 	EXP 	Device response: <KeyPress from None: t=286.6556079169968, value=x, duration=None>
286.6599 	EXP 	New trial (rep=31, index=1): <Trial 125 (1 in rep 31) data={'pos': np.int64(150), 'corr_resp': 'v', 'thisN': 125, 'thisTrialN': 1, 'thisRepN': 31}>
286.6644 	DATA 	Keypress: x
286.6688 	EXP 	fixation: autoDraw = False
286.6688 	EXP 	line1: autoDraw = False
286.6688 	EXP 	line2: autoDraw = False
286.6688 	EXP 	line3: autoDraw = False
286.6688 	EXP 	line4: autoDraw = False
286.6688 	EXP 	probe: autoDraw = False
286.6688 	EXP 	fixation: autoDraw = True
286.7873 	EXP 	Device response: <KeyPress from None: t=286.6556079169968, value=x, duration=0.12401491600030567>
287.6582 	EXP 	fixation: autoDraw = False
287.6582 	EXP 	line1: autoDraw = True
287.6582 	EXP 	line2: autoDraw = True
287.6582 	EXP 	line3: autoDraw = True
287.6582 	EXP 	line4: autoDraw = True
288.6583 	INFO 	Keyboard events cleared
288.6582 	EXP 	probe: autoDraw = True
288.9207 	EXP 	Device response: <KeyPress from None: t=288.9153595829994, value=v, duration=None>
288.9212 	EXP 	New trial (rep=31, index=2): <Trial 126 (2 in rep 31) data={'pos': np.int64(50), 'corr_resp': 'c', 'thisN': 126, 'thisTrialN': 2, 'thisRepN': 31}>
288.9258 	EXP 	fixation: autoDraw = False
288.9258 	EXP 	line1: autoDraw = False
288.9258 	EXP 	line2: autoDraw = False
288.9258 	EXP 	line3: autoDraw = False
288.9258 	EXP 	line4: autoDraw = False
288.9258 	EXP 	probe: autoDraw = False
288.9258 	EXP 	fixation: autoDraw = True
288.9292 	DATA 	Keypress: v
289.0542 	EXP 	Device response: <KeyPress from None: t=288.9153595829994, value=v, duration=0.13628750000498258>
289.9196 	EXP 	line1: autoDraw = True
289.9196 	EXP 	line2: autoDraw = True
289.9196 	EXP 	line3: autoDraw = True
289.9196 	EXP 	line4: autoDraw = True
289.9250 	EXP 	fixation: autoDraw = False
290.9198 	INFO 	Keyboard events cleared
290.9197 	EXP 	probe: autoDraw = True
291.0373 	EXP 	Device response: <KeyPress from None: t=291.0322548749973, value=c, duration=None>
291.0378 	EXP 	New trial (rep=31, index=3): <Trial 127 (3 in rep 31) data={'pos': np.int64(-150), 'corr_resp': 'z', 'thisN': 127, 'thisTrialN': 3, 'thisRepN': 31}>
291.0424 	EXP 	fixation: autoDraw = False
291.0424 	EXP 	line1: autoDraw = False
291.0424 	EXP 	line2: autoDraw = False
291.0424 	EXP 	line3: autoDraw = False
291.0424 	EXP 	line4: autoDraw = False
291.0424 	EXP 	probe: autoDraw = False
291.0424 	EXP 	fixation: autoDraw = True
291.0466 	DATA 	Keypress: c
291.1708 	EXP 	Device response: <KeyPress from None: t=291.0322548749973, value=c, duration=0.13629695800773334>
292.0363 	EXP 	line1: autoDraw = True
292.0363 	EXP 	line2: autoDraw = True
292.0363 	EXP 	line3: autoDraw = True
292.0363 	EXP 	line4: autoDraw = True
292.0414 	EXP 	fixation: autoDraw = False
293.0364 	INFO 	Keyboard events cleared
293.0362 	EXP 	probe: autoDraw = True
293.2708 	EXP 	Device response: <KeyPress from None: t=293.2691491250007, value=z, duration=None>
293.2713 	EXP 	New trial (rep=32, index=0): <Trial 128 (0 in rep 32) data={'pos': np.int64(-50), 'corr_resp': 'x', 'thisN': 128, 'thisTrialN': 0, 'thisRepN': 32}>
293.2760 	EXP 	fixation: autoDraw = False
293.2760 	EXP 	line1: autoDraw = False
293.2760 	EXP 	line2: autoDraw = False
293.2760 	EXP 	line3: autoDraw = False
293.2760 	EXP 	line4: autoDraw = False
293.2760 	EXP 	probe: autoDraw = False
293.2760 	EXP 	fixation: autoDraw = True
293.2798 	DATA 	Keypress: z
293.4373 	EXP 	Device response: <KeyPress from None: t=293.2691491250007, value=z, duration=0.15642845799447969>
294.2696 	EXP 	line1: autoDraw = True
294.2696 	EXP 	line2: autoDraw = True
294.2696 	EXP 	line3: autoDraw = True
294.2696 	EXP 	line4: autoDraw = True
294.2744 	EXP 	fixation: autoDraw = False
295.2698 	INFO 	Keyboard events cleared
295.2696 	EXP 	probe: autoDraw = True
295.5377 	EXP 	Device response: <KeyPress from None: t=295.5312934579997, value=x, duration=None>
295.5382 	EXP 	New trial (rep=32, index=1): <Trial 129 (1 in rep 32) data={'pos': np.int64(150), 'corr_resp': 'v', 'thisN': 129, 'thisTrialN': 1, 'thisRepN': 32}>
295.5429 	DATA 	Keypress: x
295.5469 	EXP 	fixation: autoDraw = False
295.5469 	EXP 	line1: autoDraw = False
295.5469 	EXP 	line2: autoDraw = False
295.5469 	EXP 	line3: autoDraw = False
295.5469 	EXP 	line4: autoDraw = False
295.5469 	EXP 	probe: autoDraw = False
295.5469 	EXP 	fixation: autoDraw = True
295.7041 	EXP 	Device response: <KeyPress from None: t=295.5312934579997, value=x, duration=0.16812470900185872>
296.5363 	EXP 	line1: autoDraw = True
296.5363 	EXP 	line2: autoDraw = True
296.5363 	EXP 	line3: autoDraw = True
296.5363 	EXP 	line4: autoDraw = True
296.5417 	EXP 	fixation: autoDraw = False
297.5363 	INFO 	Keyboard events cleared
297.5361 	EXP 	probe: autoDraw = True
297.7590 	EXP 	Device response: <KeyPress from None: t=297.7581841670035, value=v, duration=None>
297.7594 	EXP 	New trial (rep=32, index=2): <Trial 130 (2 in rep 32) data={'pos': np.int64(50), 'corr_resp': 'c', 'thisN': 130, 'thisTrialN': 2, 'thisRepN': 32}>
297.7640 	DATA 	Keypress: v
297.7686 	EXP 	fixation: autoDraw = False
297.7686 	EXP 	line1: autoDraw = False
297.7686 	EXP 	line2: autoDraw = False
297.7686 	EXP 	line3: autoDraw = False
297.7686 	EXP 	line4: autoDraw = False
297.7686 	EXP 	probe: autoDraw = False
297.7686 	EXP 	fixation: autoDraw = True
297.9204 	EXP 	Device response: <KeyPress from None: t=297.7581841670035, value=v, duration=0.15219566599989776>
298.7529 	EXP 	line1: autoDraw = True
298.7529 	EXP 	line2: autoDraw = True
298.7529 	EXP 	line3: autoDraw = True
298.7529 	EXP 	line4: autoDraw = True
298.7577 	EXP 	fixation: autoDraw = False
299.7580 	INFO 	Keyboard events cleared
299.7578 	EXP 	probe: autoDraw = True
300.0095 	EXP 	Device response: <KeyPress from None: t=300.0061682499945, value=c, duration=None>
300.0099 	EXP 	New trial (rep=32, index=3): <Trial 131 (3 in rep 32) data={'pos': np.int64(-150), 'corr_resp': 'z', 'thisN': 131, 'thisTrialN': 3, 'thisRepN': 32}>
300.0146 	DATA 	Keypress: c
300.0189 	EXP 	fixation: autoDraw = False
300.0189 	EXP 	line1: autoDraw = False
300.0189 	EXP 	line2: autoDraw = False
300.0189 	EXP 	line3: autoDraw = False
300.0189 	EXP 	line4: autoDraw = False
300.0189 	EXP 	probe: autoDraw = False
300.0189 	EXP 	fixation: autoDraw = True
300.1411 	EXP 	Device response: <KeyPress from None: t=300.0061682499945, value=c, duration=0.13216241700865794>
301.0082 	EXP 	fixation: autoDraw = False
301.0082 	EXP 	line1: autoDraw = True
301.0082 	EXP 	line2: autoDraw = True
301.0082 	EXP 	line3: autoDraw = True
301.0082 	EXP 	line4: autoDraw = True
302.0086 	INFO 	Keyboard events cleared
302.0085 	EXP 	probe: autoDraw = True
302.2539 	EXP 	Device response: <KeyPress from None: t=302.2521354579949, value=z, duration=None>
302.2543 	EXP 	New trial (rep=33, index=0): <Trial 132 (0 in rep 33) data={'pos': np.int64(-50), 'corr_resp': 'x', 'thisN': 132, 'thisTrialN': 0, 'thisRepN': 33}>
302.2588 	EXP 	fixation: autoDraw = False
302.2588 	EXP 	line1: autoDraw = False
302.2588 	EXP 	line2: autoDraw = False
302.2588 	EXP 	line3: autoDraw = False
302.2588 	EXP 	line4: autoDraw = False
302.2588 	EXP 	probe: autoDraw = False
302.2588 	EXP 	fixation: autoDraw = True
302.2624 	DATA 	Keypress: z
302.4040 	EXP 	Device response: <KeyPress from None: t=302.2521354579949, value=z, duration=0.1444597500085365>
303.2530 	EXP 	fixation: autoDraw = False
303.2530 	EXP 	line1: autoDraw = True
303.2530 	EXP 	line2: autoDraw = True
303.2530 	EXP 	line3: autoDraw = True
303.2530 	EXP 	line4: autoDraw = True
304.2530 	INFO 	Keyboard events cleared
304.2529 	EXP 	probe: autoDraw = True
304.5371 	EXP 	Device response: <KeyPress from None: t=304.531072333004, value=x, duration=None>
304.5375 	EXP 	New trial (rep=33, index=1): <Trial 133 (1 in rep 33) data={'pos': np.int64(150), 'corr_resp': 'v', 'thisN': 133, 'thisTrialN': 1, 'thisRepN': 33}>
304.5418 	EXP 	fixation: autoDraw = False
304.5418 	EXP 	line1: autoDraw = False
304.5418 	EXP 	line2: autoDraw = False
304.5418 	EXP 	line3: autoDraw = False
304.5418 	EXP 	line4: autoDraw = False
304.5418 	EXP 	probe: autoDraw = False
304.5418 	EXP 	fixation: autoDraw = True
304.5454 	DATA 	Keypress: x
304.6921 	EXP 	Device response: <KeyPress from None: t=304.531072333004, value=x, duration=0.16012116699130274>
305.5363 	EXP 	fixation: autoDraw = False
305.5363 	EXP 	line1: autoDraw = True
305.5363 	EXP 	line2: autoDraw = True
305.5363 	EXP 	line3: autoDraw = True
305.5363 	EXP 	line4: autoDraw = True
306.5359 	INFO 	Keyboard events cleared
306.5358 	EXP 	probe: autoDraw = True
306.7868 	EXP 	Device response: <KeyPress from None: t=306.7829364579957, value=v, duration=None>
306.7871 	EXP 	New trial (rep=33, index=2): <Trial 134 (2 in rep 33) data={'pos': np.int64(50), 'corr_resp': 'c', 'thisN': 134, 'thisTrialN': 2, 'thisRepN': 33}>
306.7910 	EXP 	fixation: autoDraw = False
306.7910 	EXP 	line1: autoDraw = False
306.7910 	EXP 	line2: autoDraw = False
306.7910 	EXP 	line3: autoDraw = False
306.7910 	EXP 	line4: autoDraw = False
306.7910 	EXP 	probe: autoDraw = False
306.7910 	EXP 	fixation: autoDraw = True
306.7930 	DATA 	Keypress: v
306.9363 	EXP 	Device response: <KeyPress from None: t=306.7829364579957, value=v, duration=0.1483085840009153>
307.7743 	EXP 	line1: autoDraw = True
307.7743 	EXP 	line2: autoDraw = True
307.7743 	EXP 	line3: autoDraw = True
307.7743 	EXP 	line4: autoDraw = True
307.7862 	EXP 	fixation: autoDraw = False
308.7740 	INFO 	Keyboard events cleared
308.7740 	EXP 	probe: autoDraw = True
309.0581 	EXP 	Device response: <KeyPress from None: t=309.05581983299635, value=c, duration=None>
309.0584 	EXP 	New trial (rep=33, index=3): <Trial 135 (3 in rep 33) data={'pos': np.int64(-150), 'corr_resp': 'z', 'thisN': 135, 'thisTrialN': 3, 'thisRepN': 33}>
309.0608 	DATA 	Keypress: c
309.0696 	EXP 	fixation: autoDraw = False
309.0696 	EXP 	line1: autoDraw = False
309.0696 	EXP 	line2: autoDraw = False
309.0696 	EXP 	line3: autoDraw = False
309.0696 	EXP 	line4: autoDraw = False
309.0696 	EXP 	probe: autoDraw = False
309.0696 	EXP 	fixation: autoDraw = True
309.2084 	EXP 	Device response: <KeyPress from None: t=309.05581983299635, value=c, duration=0.14838612500170711>
310.0575 	EXP 	fixation: autoDraw = False
310.0575 	EXP 	line1: autoDraw = True
310.0575 	EXP 	line2: autoDraw = True
310.0575 	EXP 	line3: autoDraw = True
310.0575 	EXP 	line4: autoDraw = True
311.0577 	INFO 	Keyboard events cleared
311.0576 	EXP 	probe: autoDraw = True
311.3026 	EXP 	Device response: <KeyPress from None: t=311.2928344999964, value=z, duration=None>
311.3030 	EXP 	New trial (rep=34, index=0): <Trial 136 (0 in rep 34) data={'pos': np.int64(-50), 'corr_resp': 'x', 'thisN': 136, 'thisTrialN': 0, 'thisRepN': 34}>
311.3065 	DATA 	Keypress: z
311.3091 	EXP 	fixation: autoDraw = False
311.3091 	EXP 	line1: autoDraw = False
311.3091 	EXP 	line2: autoDraw = False
311.3091 	EXP 	line3: autoDraw = False
311.3091 	EXP 	line4: autoDraw = False
311.3091 	EXP 	probe: autoDraw = False
311.3091 	EXP 	fixation: autoDraw = True
311.4193 	EXP 	Device response: <KeyPress from None: t=311.2928344999964, value=z, duration=0.11620633299753536>
312.2901 	EXP 	line1: autoDraw = True
312.2901 	EXP 	line2: autoDraw = True
312.2901 	EXP 	line3: autoDraw = True
312.2901 	EXP 	line4: autoDraw = True
312.3076 	EXP 	fixation: autoDraw = False
313.2898 	INFO 	Keyboard events cleared
313.2897 	EXP 	probe: autoDraw = True
313.5038 	EXP 	Device response: <KeyPress from None: t=313.5017640419974, value=x, duration=None>
313.5042 	EXP 	New trial (rep=34, index=1): <Trial 137 (1 in rep 34) data={'pos': np.int64(150), 'corr_resp': 'v', 'thisN': 137, 'thisTrialN': 1, 'thisRepN': 34}>
313.5087 	EXP 	fixation: autoDraw = False
313.5087 	EXP 	line1: autoDraw = False
313.5087 	EXP 	line2: autoDraw = False
313.5087 	EXP 	line3: autoDraw = False
313.5087 	EXP 	line4: autoDraw = False
313.5087 	EXP 	probe: autoDraw = False
313.5087 	EXP 	fixation: autoDraw = True
313.5124 	DATA 	Keypress: x
313.6417 	EXP 	Device response: <KeyPress from None: t=313.5017640419974, value=x, duration=0.1362807910045376>
314.5027 	EXP 	line1: autoDraw = True
314.5027 	EXP 	line2: autoDraw = True
314.5027 	EXP 	line3: autoDraw = True
314.5027 	EXP 	line4: autoDraw = True
314.5072 	EXP 	fixation: autoDraw = False
315.4074 	EXP 	Device response: <KeyPress from None: t=315.4047283330001, value=v, duration=None>
315.4100 	DATA 	Keypress: v
315.5028 	INFO 	Keyboard events cleared
315.5028 	EXP 	probe: autoDraw = True
315.5578 	EXP 	Device response: <KeyPress from None: t=315.4047283330001, value=v, duration=0.1483344589942135>
315.7532 	EXP 	Device response: <KeyPress from None: t=315.7501822500053, value=v, duration=None>
315.7534 	EXP 	New trial (rep=34, index=2): <Trial 138 (2 in rep 34) data={'pos': np.int64(50), 'corr_resp': 'c', 'thisN': 138, 'thisTrialN': 2, 'thisRepN': 34}>
315.7575 	EXP 	fixation: autoDraw = False
315.7575 	EXP 	line1: autoDraw = False
315.7575 	EXP 	line2: autoDraw = False
315.7575 	EXP 	line3: autoDraw = False
315.7575 	EXP 	line4: autoDraw = False
315.7575 	EXP 	probe: autoDraw = False
315.7575 	EXP 	fixation: autoDraw = True
315.7593 	DATA 	Keypress: v
315.8864 	EXP 	Device response: <KeyPress from None: t=315.7501822500053, value=v, duration=0.12788587498653214>
316.7409 	EXP 	line1: autoDraw = True
316.7409 	EXP 	line2: autoDraw = True
316.7409 	EXP 	line3: autoDraw = True
316.7409 	EXP 	line4: autoDraw = True
316.7528 	EXP 	fixation: autoDraw = False
317.7412 	INFO 	Keyboard events cleared
317.7411 	EXP 	probe: autoDraw = True
318.0033 	EXP 	Device response: <KeyPress from None: t=317.9937664169993, value=c, duration=None>
318.0036 	EXP 	New trial (rep=34, index=3): <Trial 139 (3 in rep 34) data={'pos': np.int64(-150), 'corr_resp': 'z', 'thisN': 139, 'thisTrialN': 3, 'thisRepN': 34}>
318.0064 	DATA 	Keypress: c
318.0099 	EXP 	fixation: autoDraw = False
318.0099 	EXP 	line1: autoDraw = False
318.0099 	EXP 	line2: autoDraw = False
318.0099 	EXP 	line3: autoDraw = False
318.0099 	EXP 	line4: autoDraw = False
318.0099 	EXP 	probe: autoDraw = False
318.0099 	EXP 	fixation: autoDraw = True
318.1037 	EXP 	Device response: <KeyPress from None: t=317.9937664169993, value=c, duration=0.10426220799854491>
318.9903 	EXP 	line1: autoDraw = True
318.9903 	EXP 	line2: autoDraw = True
318.9903 	EXP 	line3: autoDraw = True
318.9903 	EXP 	line4: autoDraw = True
319.0065 	EXP 	fixation: autoDraw = False
319.9911 	INFO 	Keyboard events cleared
319.9910 	EXP 	probe: autoDraw = True
320.2089 	EXP 	Device response: <KeyPress from None: t=320.20465495799726, value=z, duration=None>
320.2092 	EXP 	New trial (rep=35, index=0): <Trial 140 (0 in rep 35) data={'pos': np.int64(-50), 'corr_resp': 'x', 'thisN': 140, 'thisTrialN': 0, 'thisRepN': 35}>
320.2114 	DATA 	Keypress: z
320.2193 	EXP 	fixation: autoDraw = False
320.2193 	EXP 	line1: autoDraw = False
320.2193 	EXP 	line2: autoDraw = False
320.2193 	EXP 	line3: autoDraw = False
320.2193 	EXP 	line4: autoDraw = False
320.2193 	EXP 	probe: autoDraw = False
320.2193 	EXP 	fixation: autoDraw = True
320.3030 	EXP 	Device response: <KeyPress from None: t=320.20465495799726, value=z, duration=0.09229833399876952>
321.2075 	EXP 	fixation: autoDraw = False
321.2075 	EXP 	line1: autoDraw = True
321.2075 	EXP 	line2: autoDraw = True
321.2075 	EXP 	line3: autoDraw = True
321.2075 	EXP 	line4: autoDraw = True
322.2079 	INFO 	Keyboard events cleared
322.2078 	EXP 	probe: autoDraw = True
322.2901 	EXP 	Device response: <KeyPress from None: t=322.2884702500014, value=x, duration=None>
322.2904 	EXP 	New trial (rep=35, index=1): <Trial 141 (1 in rep 35) data={'pos': np.int64(150), 'corr_resp': 'v', 'thisN': 141, 'thisTrialN': 1, 'thisRepN': 35}>
322.2925 	DATA 	Keypress: x
322.3026 	EXP 	fixation: autoDraw = False
322.3026 	EXP 	line1: autoDraw = False
322.3026 	EXP 	line2: autoDraw = False
322.3026 	EXP 	line3: autoDraw = False
322.3026 	EXP 	line4: autoDraw = False
322.3026 	EXP 	probe: autoDraw = False
322.3026 	EXP 	fixation: autoDraw = True
322.3916 	EXP 	Device response: <KeyPress from None: t=322.2884702500014, value=x, duration=0.10029112499614712>
323.2861 	EXP 	line1: autoDraw = True
323.2861 	EXP 	line2: autoDraw = True
323.2861 	EXP 	line3: autoDraw = True
323.2861 	EXP 	line4: autoDraw = True
323.2909 	EXP 	fixation: autoDraw = False
324.2861 	INFO 	Keyboard events cleared
324.2860 	EXP 	probe: autoDraw = True
324.4239 	EXP 	Device response: <KeyPress from None: t=324.41942837499664, value=v, duration=None>
324.4241 	EXP 	New trial (rep=35, index=2): <Trial 142 (2 in rep 35) data={'pos': np.int64(50), 'corr_resp': 'c', 'thisN': 142, 'thisTrialN': 2, 'thisRepN': 35}>
324.4263 	DATA 	Keypress: v
324.4359 	EXP 	fixation: autoDraw = False
324.4359 	EXP 	line1: autoDraw = False
324.4359 	EXP 	line2: autoDraw = False
324.4359 	EXP 	line3: autoDraw = False
324.4359 	EXP 	line4: autoDraw = False
324.4359 	EXP 	probe: autoDraw = False
324.4359 	EXP 	fixation: autoDraw = True
324.5031 	EXP 	Device response: <KeyPress from None: t=324.41942837499664, value=v, duration=0.0802941669971915>
325.4194 	EXP 	line1: autoDraw = True
325.4194 	EXP 	line2: autoDraw = True
325.4194 	EXP 	line3: autoDraw = True
325.4194 	EXP 	line4: autoDraw = True
325.4242 	EXP 	fixation: autoDraw = False
326.4194 	INFO 	Keyboard events cleared
326.4193 	EXP 	probe: autoDraw = True
326.6364 	EXP 	Device response: <KeyPress from None: t=326.6324149580032, value=c, duration=None>
326.6367 	EXP 	New trial (rep=35, index=3): <Trial 143 (3 in rep 35) data={'pos': np.int64(-150), 'corr_resp': 'z', 'thisN': 143, 'thisTrialN': 3, 'thisRepN': 35}>
326.6400 	EXP 	fixation: autoDraw = False
326.6400 	EXP 	line1: autoDraw = False
326.6400 	EXP 	line2: autoDraw = False
326.6400 	EXP 	line3: autoDraw = False
326.6400 	EXP 	line4: autoDraw = False
326.6400 	EXP 	probe: autoDraw = False
326.6400 	EXP 	fixation: autoDraw = True
326.6419 	DATA 	Keypress: c
326.6864 	EXP 	Device response: <KeyPress from None: t=326.6324149580032, value=c, duration=0.052375833998667076>
327.6240 	EXP 	line1: autoDraw = True
327.6240 	EXP 	line2: autoDraw = True
327.6240 	EXP 	line3: autoDraw = True
327.6240 	EXP 	line4: autoDraw = True
327.6360 	EXP 	fixation: autoDraw = False
328.4584 	EXP 	Device response: <KeyPress from None: t=328.45432491699466, value=z, duration=None>
328.4606 	DATA 	Keypress: z
328.5530 	EXP 	Device response: <KeyPress from None: t=328.45432491699466, value=z, duration=0.09234904100594576>
328.6245 	INFO 	Keyboard events cleared
328.6245 	EXP 	probe: autoDraw = True
328.8198 	EXP 	Device response: <KeyPress from None: t=328.8125022500026, value=z, duration=None>
328.8200 	EXP 	New trial (rep=36, index=0): <Trial 144 (0 in rep 36) data={'pos': np.int64(-50), 'corr_resp': 'x', 'thisN': 144, 'thisTrialN': 0, 'thisRepN': 36}>
328.8221 	DATA 	Keypress: z
328.8249 	EXP 	fixation: autoDraw = False
328.8249 	EXP 	line1: autoDraw = False
328.8249 	EXP 	line2: autoDraw = False
328.8249 	EXP 	line3: autoDraw = False
328.8249 	EXP 	line4: autoDraw = False
328.8249 	EXP 	probe: autoDraw = False
328.8249 	EXP 	fixation: autoDraw = True
328.9535 	EXP 	Device response: <KeyPress from None: t=328.8125022500026, value=z, duration=0.13624233299924526>
329.8071 	EXP 	line1: autoDraw = True
329.8071 	EXP 	line2: autoDraw = True
329.8071 	EXP 	line3: autoDraw = True
329.8071 	EXP 	line4: autoDraw = True
329.8243 	EXP 	fixation: autoDraw = False
330.8074 	INFO 	Keyboard events cleared
330.8072 	EXP 	probe: autoDraw = True
330.9537 	EXP 	Device response: <KeyPress from None: t=330.941189374993, value=x, duration=None>
330.9541 	EXP 	New trial (rep=36, index=1): <Trial 145 (1 in rep 36) data={'pos': np.int64(150), 'corr_resp': 'v', 'thisN': 145, 'thisTrialN': 1, 'thisRepN': 36}>
330.9576 	DATA 	Keypress: x
330.9612 	EXP 	fixation: autoDraw = False
330.9612 	EXP 	line1: autoDraw = False
330.9612 	EXP 	line2: autoDraw = False
330.9612 	EXP 	line3: autoDraw = False
330.9612 	EXP 	line4: autoDraw = False
330.9612 	EXP 	probe: autoDraw = False
330.9612 	EXP 	fixation: autoDraw = True
331.0697 	EXP 	Device response: <KeyPress from None: t=330.941189374993, value=x, duration=0.11947995801165234>
331.9527 	EXP 	line1: autoDraw = True
331.9527 	EXP 	line2: autoDraw = True
331.9527 	EXP 	line3: autoDraw = True
331.9527 	EXP 	line4: autoDraw = True
331.9574 	EXP 	fixation: autoDraw = False
332.9527 	INFO 	Keyboard events cleared
332.9526 	EXP 	probe: autoDraw = True
333.1034 	EXP 	Device response: <KeyPress from None: t=333.09338595799636, value=v, duration=None>
333.1038 	EXP 	New trial (rep=36, index=2): <Trial 146 (2 in rep 36) data={'pos': np.int64(50), 'corr_resp': 'c', 'thisN': 146, 'thisTrialN': 2, 'thisRepN': 36}>
333.1071 	DATA 	Keypress: v
333.1104 	EXP 	fixation: autoDraw = False
333.1104 	EXP 	line1: autoDraw = False
333.1104 	EXP 	line2: autoDraw = False
333.1104 	EXP 	line3: autoDraw = False
333.1104 	EXP 	line4: autoDraw = False
333.1104 	EXP 	probe: autoDraw = False
333.1104 	EXP 	fixation: autoDraw = True
333.2198 	EXP 	Device response: <KeyPress from None: t=333.09338595799636, value=v, duration=0.11612279199471232>
334.1025 	EXP 	line1: autoDraw = True
334.1025 	EXP 	line2: autoDraw = True
334.1025 	EXP 	line3: autoDraw = True
334.1025 	EXP 	line4: autoDraw = True
334.1071 	EXP 	fixation: autoDraw = False
335.0906 	INFO 	Keyboard events cleared
335.0905 	EXP 	probe: autoDraw = True
335.1530 	EXP 	Device response: <KeyPress from None: t=335.14763470800244, value=c, duration=None>
335.1533 	EXP 	New trial (rep=36, index=3): <Trial 147 (3 in rep 36) data={'pos': np.int64(-150), 'corr_resp': 'z', 'thisN': 147, 'thisTrialN': 3, 'thisRepN': 36}>
335.1572 	EXP 	fixation: autoDraw = False
335.1572 	EXP 	line1: autoDraw = False
335.1572 	EXP 	line2: autoDraw = False
335.1572 	EXP 	line3: autoDraw = False
335.1572 	EXP 	line4: autoDraw = False
335.1572 	EXP 	probe: autoDraw = False
335.1572 	EXP 	fixation: autoDraw = True
335.1590 	DATA 	Keypress: c
335.3031 	EXP 	Device response: <KeyPress from None: t=335.14763470800244, value=c, duration=0.14398162499128375>
336.1419 	EXP 	line1: autoDraw = True
336.1419 	EXP 	line2: autoDraw = True
336.1419 	EXP 	line3: autoDraw = True
336.1419 	EXP 	line4: autoDraw = True
336.1525 	EXP 	fixation: autoDraw = False
337.1420 	INFO 	Keyboard events cleared
337.1419 	EXP 	probe: autoDraw = True
337.2702 	EXP 	Device response: <KeyPress from None: t=337.26113412500126, value=z, duration=None>
337.2706 	EXP 	New trial (rep=37, index=0): <Trial 148 (0 in rep 37) data={'pos': np.int64(-50), 'corr_resp': 'x', 'thisN': 148, 'thisTrialN': 0, 'thisRepN': 37}>
337.2742 	DATA 	Keypress: z
337.2776 	EXP 	fixation: autoDraw = False
337.2776 	EXP 	line1: autoDraw = False
337.2776 	EXP 	line2: autoDraw = False
337.2776 	EXP 	line3: autoDraw = False
337.2776 	EXP 	line4: autoDraw = False
337.2776 	EXP 	probe: autoDraw = False
337.2776 	EXP 	fixation: autoDraw = True
337.4368 	EXP 	Device response: <KeyPress from None: t=337.26113412500126, value=z, duration=0.17238358299073298>
338.2692 	EXP 	line1: autoDraw = True
338.2692 	EXP 	line2: autoDraw = True
338.2692 	EXP 	line3: autoDraw = True
338.2692 	EXP 	line4: autoDraw = True
338.2731 	EXP 	fixation: autoDraw = False
338.6911 	EXP 	Device response: <KeyPress from None: t=338.68724687499343, value=x, duration=None>
338.6933 	DATA 	Keypress: x
338.9196 	EXP 	Device response: <KeyPress from None: t=338.68724687499343, value=x, duration=0.22922837499936577>
339.1530 	EXP 	Device response: <KeyPress from None: t=339.14720166700135, value=x, duration=None>
339.1594 	DATA 	Keypress: x
339.2692 	INFO 	Keyboard events cleared
339.2691 	EXP 	probe: autoDraw = True
339.3034 	EXP 	Device response: <KeyPress from None: t=339.14720166700135, value=x, duration=0.1483099159959238>
339.4750 	EXP 	Device response: <KeyPress from None: t=339.47417979199963, value=x, duration=None>
339.4753 	EXP 	New trial (rep=37, index=1): <Trial 149 (1 in rep 37) data={'pos': np.int64(150), 'corr_resp': 'v', 'thisN': 149, 'thisTrialN': 1, 'thisRepN': 37}>
339.4784 	DATA 	Keypress: x
339.4860 	EXP 	fixation: autoDraw = False
339.4860 	EXP 	line1: autoDraw = False
339.4860 	EXP 	line2: autoDraw = False
339.4860 	EXP 	line3: autoDraw = False
339.4860 	EXP 	line4: autoDraw = False
339.4860 	EXP 	probe: autoDraw = False
339.4860 	EXP 	fixation: autoDraw = True
339.6403 	EXP 	Device response: <KeyPress from None: t=339.47417979199963, value=x, duration=0.16427291599393357>
340.4736 	EXP 	fixation: autoDraw = False
340.4736 	EXP 	line1: autoDraw = True
340.4736 	EXP 	line2: autoDraw = True
340.4736 	EXP 	line3: autoDraw = True
340.4736 	EXP 	line4: autoDraw = True
340.7698 	EXP 	Device response: <KeyPress from None: t=340.7662248330016, value=v, duration=None>
340.7756 	DATA 	Keypress: v
340.8696 	EXP 	Device response: <KeyPress from None: t=340.7662248330016, value=v, duration=0.09220870900026057>
341.4742 	INFO 	Keyboard events cleared
341.4741 	EXP 	probe: autoDraw = True
341.7197 	EXP 	Device response: <KeyPress from None: t=341.715154791993, value=v, duration=None>
341.7199 	EXP 	New trial (rep=37, index=2): <Trial 150 (2 in rep 37) data={'pos': np.int64(50), 'corr_resp': 'c', 'thisN': 150, 'thisTrialN': 2, 'thisRepN': 37}>
341.7237 	EXP 	fixation: autoDraw = False
341.7237 	EXP 	line1: autoDraw = False
341.7237 	EXP 	line2: autoDraw = False
341.7237 	EXP 	line3: autoDraw = False
341.7237 	EXP 	line4: autoDraw = False
341.7237 	EXP 	probe: autoDraw = False
341.7237 	EXP 	fixation: autoDraw = True
341.7254 	DATA 	Keypress: v
341.7863 	EXP 	Device response: <KeyPress from None: t=341.715154791993, value=v, duration=0.06026954100525472>
342.7065 	EXP 	line1: autoDraw = True
342.7065 	EXP 	line2: autoDraw = True
342.7065 	EXP 	line3: autoDraw = True
342.7065 	EXP 	line4: autoDraw = True
342.7191 	EXP 	fixation: autoDraw = False
343.7072 	INFO 	Keyboard events cleared
343.7071 	EXP 	probe: autoDraw = True
344.0034 	EXP 	Device response: <KeyPress from None: t=343.99735774999135, value=c, duration=None>
344.0038 	EXP 	New trial (rep=37, index=3): <Trial 151 (3 in rep 37) data={'pos': np.int64(-150), 'corr_resp': 'z', 'thisN': 151, 'thisTrialN': 3, 'thisRepN': 37}>
344.0078 	DATA 	Keypress: c
344.0114 	EXP 	fixation: autoDraw = False
344.0114 	EXP 	line1: autoDraw = False
344.0114 	EXP 	line2: autoDraw = False
344.0114 	EXP 	line3: autoDraw = False
344.0114 	EXP 	line4: autoDraw = False
344.0114 	EXP 	probe: autoDraw = False
344.0114 	EXP 	fixation: autoDraw = True
344.0863 	EXP 	Device response: <KeyPress from None: t=343.99735774999135, value=c, duration=0.08394133301044349>
345.0024 	EXP 	line1: autoDraw = True
345.0024 	EXP 	line2: autoDraw = True
345.0024 	EXP 	line3: autoDraw = True
345.0024 	EXP 	line4: autoDraw = True
345.0064 	EXP 	fixation: autoDraw = False
346.0025 	INFO 	Keyboard events cleared
346.0025 	EXP 	probe: autoDraw = True
346.2196 	EXP 	Device response: <KeyPress from None: t=346.2131696669967, value=z, duration=None>
346.2198 	EXP 	New trial (rep=38, index=0): <Trial 152 (0 in rep 38) data={'pos': np.int64(-50), 'corr_resp': 'x', 'thisN': 152, 'thisTrialN': 0, 'thisRepN': 38}>
346.2231 	EXP 	fixation: autoDraw = False
346.2231 	EXP 	line1: autoDraw = False
346.2231 	EXP 	line2: autoDraw = False
346.2231 	EXP 	line3: autoDraw = False
346.2231 	EXP 	line4: autoDraw = False
346.2231 	EXP 	probe: autoDraw = False
346.2231 	EXP 	fixation: autoDraw = True
346.2246 	DATA 	Keypress: z
346.3529 	EXP 	Device response: <KeyPress from None: t=346.2131696669967, value=z, duration=0.1370325000025332>
347.2063 	EXP 	line1: autoDraw = True
347.2063 	EXP 	line2: autoDraw = True
347.2063 	EXP 	line3: autoDraw = True
347.2063 	EXP 	line4: autoDraw = True
347.2190 	EXP 	fixation: autoDraw = False
348.2071 	INFO 	Keyboard events cleared
348.2071 	EXP 	probe: autoDraw = True
348.2363 	EXP 	Device response: <KeyPress from None: t=348.23298983299173, value=x, duration=None>
348.2366 	EXP 	New trial (rep=38, index=1): <Trial 153 (1 in rep 38) data={'pos': np.int64(150), 'corr_resp': 'v', 'thisN': 153, 'thisTrialN': 1, 'thisRepN': 38}>
348.2401 	EXP 	fixation: autoDraw = False
348.2401 	EXP 	line1: autoDraw = False
348.2401 	EXP 	line2: autoDraw = False
348.2401 	EXP 	line3: autoDraw = False
348.2401 	EXP 	line4: autoDraw = False
348.2401 	EXP 	probe: autoDraw = False
348.2401 	EXP 	fixation: autoDraw = True
348.2422 	DATA 	Keypress: x
348.3579 	EXP 	Device response: <KeyPress from None: t=348.23298983299173, value=x, duration=0.12027608400967438>
349.2238 	EXP 	line1: autoDraw = True
349.2238 	EXP 	line2: autoDraw = True
349.2238 	EXP 	line3: autoDraw = True
349.2238 	EXP 	line4: autoDraw = True
349.2358 	EXP 	fixation: autoDraw = False
350.2235 	INFO 	Keyboard events cleared
350.2234 	EXP 	probe: autoDraw = True
350.4579 	EXP 	Device response: <KeyPress from None: t=350.4549033749936, value=v, duration=None>
350.4581 	EXP 	New trial (rep=38, index=2): <Trial 154 (2 in rep 38) data={'pos': np.int64(50), 'corr_resp': 'c', 'thisN': 154, 'thisTrialN': 2, 'thisRepN': 38}>
350.4603 	DATA 	Keypress: v
350.4688 	EXP 	fixation: autoDraw = False
350.4688 	EXP 	line1: autoDraw = False
350.4688 	EXP 	line2: autoDraw = False
350.4688 	EXP 	line3: autoDraw = False
350.4688 	EXP 	line4: autoDraw = False
350.4688 	EXP 	probe: autoDraw = False
350.4688 	EXP 	fixation: autoDraw = True
350.5395 	EXP 	Device response: <KeyPress from None: t=350.4549033749936, value=v, duration=0.08029020800313447>
351.4565 	EXP 	fixation: autoDraw = False
351.4565 	EXP 	line1: autoDraw = True
351.4565 	EXP 	line2: autoDraw = True
351.4565 	EXP 	line3: autoDraw = True
351.4565 	EXP 	line4: autoDraw = True
352.4568 	INFO 	Keyboard events cleared
352.4567 	EXP 	probe: autoDraw = True
352.6082 	EXP 	Device response: <KeyPress from None: t=352.6029685829999, value=c, duration=None>
352.6086 	EXP 	New trial (rep=38, index=3): <Trial 155 (3 in rep 38) data={'pos': np.int64(-150), 'corr_resp': 'z', 'thisN': 155, 'thisTrialN': 3, 'thisRepN': 38}>
352.6117 	DATA 	Keypress: c
352.6191 	EXP 	fixation: autoDraw = False
352.6191 	EXP 	line1: autoDraw = False
352.6191 	EXP 	line2: autoDraw = False
352.6191 	EXP 	line3: autoDraw = False
352.6191 	EXP 	line4: autoDraw = False
352.6191 	EXP 	probe: autoDraw = False
352.6191 	EXP 	fixation: autoDraw = True
352.7029 	EXP 	Device response: <KeyPress from None: t=352.6029685829999, value=c, duration=0.092191499992623>
353.6068 	EXP 	fixation: autoDraw = False
353.6068 	EXP 	line1: autoDraw = True
353.6068 	EXP 	line2: autoDraw = True
353.6068 	EXP 	line3: autoDraw = True
353.6068 	EXP 	line4: autoDraw = True
354.6072 	INFO 	Keyboard events cleared
354.6070 	EXP 	probe: autoDraw = True
354.8534 	EXP 	Device response: <KeyPress from None: t=354.8489004169969, value=z, duration=None>
354.8537 	EXP 	New trial (rep=39, index=0): <Trial 156 (0 in rep 39) data={'pos': np.int64(-50), 'corr_resp': 'x', 'thisN': 156, 'thisTrialN': 0, 'thisRepN': 39}>
354.8572 	EXP 	fixation: autoDraw = False
354.8572 	EXP 	line1: autoDraw = False
354.8572 	EXP 	line2: autoDraw = False
354.8572 	EXP 	line3: autoDraw = False
354.8572 	EXP 	line4: autoDraw = False
354.8572 	EXP 	probe: autoDraw = False
354.8572 	EXP 	fixation: autoDraw = True
354.8592 	DATA 	Keypress: z
354.9699 	EXP 	Device response: <KeyPress from None: t=354.8489004169969, value=z, duration=0.11228387500159442>
355.8525 	EXP 	fixation: autoDraw = False
355.8525 	EXP 	line1: autoDraw = True
355.8525 	EXP 	line2: autoDraw = True
355.8525 	EXP 	line3: autoDraw = True
355.8525 	EXP 	line4: autoDraw = True
356.8528 	INFO 	Keyboard events cleared
356.8526 	EXP 	probe: autoDraw = True
357.0580 	EXP 	Device response: <KeyPress from None: t=357.05672195799707, value=x, duration=None>
357.0582 	EXP 	New trial (rep=39, index=1): <Trial 157 (1 in rep 39) data={'pos': np.int64(150), 'corr_resp': 'v', 'thisN': 157, 'thisTrialN': 1, 'thisRepN': 39}>
357.0690 	EXP 	fixation: autoDraw = False
357.0690 	EXP 	line1: autoDraw = False
357.0690 	EXP 	line2: autoDraw = False
357.0690 	EXP 	line3: autoDraw = False
357.0690 	EXP 	line4: autoDraw = False
357.0690 	EXP 	probe: autoDraw = False
357.0690 	EXP 	fixation: autoDraw = True
357.0708 	DATA 	Keypress: x
357.1535 	EXP 	Device response: <KeyPress from None: t=357.05672195799707, value=x, duration=0.09224716700555291>
358.0568 	EXP 	fixation: autoDraw = False
358.0568 	EXP 	line1: autoDraw = True
358.0568 	EXP 	line2: autoDraw = True
358.0568 	EXP 	line3: autoDraw = True
358.0568 	EXP 	line4: autoDraw = True
359.0067 	EXP 	Device response: <KeyPress from None: t=359.0046743330022, value=v, duration=None>
359.0089 	DATA 	Keypress: v
359.0568 	INFO 	Keyboard events cleared
359.0568 	EXP 	probe: autoDraw = True
359.1414 	EXP 	Device response: <KeyPress from None: t=359.0046743330022, value=v, duration=0.13233637499797624>
359.3197 	EXP 	Device response: <KeyPress from None: t=359.31267825000396, value=v, duration=None>
359.3200 	EXP 	New trial (rep=39, index=2): <Trial 158 (2 in rep 39) data={'pos': np.int64(50), 'corr_resp': 'c', 'thisN': 158, 'thisTrialN': 2, 'thisRepN': 39}>
359.3220 	DATA 	Keypress: v
359.3252 	EXP 	fixation: autoDraw = False
359.3252 	EXP 	line1: autoDraw = False
359.3252 	EXP 	line2: autoDraw = False
359.3252 	EXP 	line3: autoDraw = False
359.3252 	EXP 	line4: autoDraw = False
359.3252 	EXP 	probe: autoDraw = False
359.3252 	EXP 	fixation: autoDraw = True
359.4860 	EXP 	Device response: <KeyPress from None: t=359.31267825000396, value=v, duration=0.16437499999301508>
360.3071 	EXP 	line1: autoDraw = True
360.3071 	EXP 	line2: autoDraw = True
360.3071 	EXP 	line3: autoDraw = True
360.3071 	EXP 	line4: autoDraw = True
360.3239 	EXP 	fixation: autoDraw = False
361.3071 	INFO 	Keyboard events cleared
361.3070 	EXP 	probe: autoDraw = True
361.5578 	EXP 	Device response: <KeyPress from None: t=361.55334041699825, value=c, duration=None>
361.5581 	EXP 	New trial (rep=39, index=3): <Trial 159 (3 in rep 39) data={'pos': np.int64(-150), 'corr_resp': 'z', 'thisN': 159, 'thisTrialN': 3, 'thisRepN': 39}>
361.5608 	DATA 	Keypress: c
361.5689 	EXP 	fixation: autoDraw = False
361.5689 	EXP 	line1: autoDraw = False
361.5689 	EXP 	line2: autoDraw = False
361.5689 	EXP 	line3: autoDraw = False
361.5689 	EXP 	line4: autoDraw = False
361.5689 	EXP 	probe: autoDraw = False
361.5689 	EXP 	fixation: autoDraw = True
361.6864 	EXP 	Device response: <KeyPress from None: t=361.55334041699825, value=c, duration=0.12365162500645965>
362.5524 	EXP 	line1: autoDraw = True
362.5524 	EXP 	line2: autoDraw = True
362.5524 	EXP 	line3: autoDraw = True
362.5524 	EXP 	line4: autoDraw = True
362.5580 	EXP 	fixation: autoDraw = False
363.5566 	INFO 	Keyboard events cleared
363.5566 	EXP 	probe: autoDraw = True
363.7532 	EXP 	Device response: <KeyPress from None: t=363.7457031249942, value=z, duration=None>
363.7535 	EXP 	New trial (rep=40, index=0): <Trial 160 (0 in rep 40) data={'pos': np.int64(-50), 'corr_resp': 'x', 'thisN': 160, 'thisTrialN': 0, 'thisRepN': 40}>
363.7556 	DATA 	Keypress: z
363.7585 	EXP 	fixation: autoDraw = False
363.7585 	EXP 	line1: autoDraw = False
363.7585 	EXP 	line2: autoDraw = False
363.7585 	EXP 	line3: autoDraw = False
363.7585 	EXP 	line4: autoDraw = False
363.7585 	EXP 	probe: autoDraw = False
363.7585 	EXP 	fixation: autoDraw = True
363.8867 	EXP 	Device response: <KeyPress from None: t=363.7457031249942, value=z, duration=0.1322495830099797>
364.7524 	EXP 	line1: autoDraw = True
364.7524 	EXP 	line2: autoDraw = True
364.7524 	EXP 	line3: autoDraw = True
364.7524 	EXP 	line4: autoDraw = True
364.7568 	EXP 	fixation: autoDraw = False
365.7525 	INFO 	Keyboard events cleared
365.7523 	EXP 	probe: autoDraw = True
366.0032 	EXP 	Device response: <KeyPress from None: t=365.994889374997, value=x, duration=None>
366.0036 	EXP 	New trial (rep=40, index=1): <Trial 161 (1 in rep 40) data={'pos': np.int64(150), 'corr_resp': 'v', 'thisN': 161, 'thisTrialN': 1, 'thisRepN': 40}>
366.0076 	DATA 	Keypress: x
366.0110 	EXP 	fixation: autoDraw = False
366.0110 	EXP 	line1: autoDraw = False
366.0110 	EXP 	line2: autoDraw = False
366.0110 	EXP 	line3: autoDraw = False
366.0110 	EXP 	line4: autoDraw = False
366.0110 	EXP 	probe: autoDraw = False
366.0110 	EXP 	fixation: autoDraw = True
366.1030 	EXP 	Device response: <KeyPress from None: t=365.994889374997, value=x, duration=0.1000257919949945>
366.9899 	EXP 	line1: autoDraw = True
366.9899 	EXP 	line2: autoDraw = True
366.9899 	EXP 	line3: autoDraw = True
366.9899 	EXP 	line4: autoDraw = True
367.0072 	EXP 	fixation: autoDraw = False
368.0023 	INFO 	Keyboard events cleared
368.0023 	EXP 	probe: autoDraw = True
368.0861 	EXP 	Device response: <KeyPress from None: t=368.07756412499293, value=v, duration=None>
368.0863 	EXP 	New trial (rep=40, index=2): <Trial 162 (2 in rep 40) data={'pos': np.int64(50), 'corr_resp': 'c', 'thisN': 162, 'thisTrialN': 2, 'thisRepN': 40}>
368.0886 	DATA 	Keypress: v
368.0914 	EXP 	fixation: autoDraw = False
368.0914 	EXP 	line1: autoDraw = False
368.0914 	EXP 	line2: autoDraw = False
368.0914 	EXP 	line3: autoDraw = False
368.0914 	EXP 	line4: autoDraw = False
368.0914 	EXP 	probe: autoDraw = False
368.0914 	EXP 	fixation: autoDraw = True
368.2404 	EXP 	Device response: <KeyPress from None: t=368.07756412499293, value=v, duration=0.1602329580055084>
369.0736 	EXP 	line1: autoDraw = True
369.0736 	EXP 	line2: autoDraw = True
369.0736 	EXP 	line3: autoDraw = True
369.0736 	EXP 	line4: autoDraw = True
369.0905 	EXP 	fixation: autoDraw = False
370.0733 	INFO 	Keyboard events cleared
370.0732 	EXP 	probe: autoDraw = True
370.3567 	EXP 	Device response: <KeyPress from None: t=370.35539379199327, value=c, duration=None>
370.3570 	EXP 	New trial (rep=40, index=3): <Trial 163 (3 in rep 40) data={'pos': np.int64(-150), 'corr_resp': 'z', 'thisN': 163, 'thisTrialN': 3, 'thisRepN': 40}>
370.3689 	EXP 	fixation: autoDraw = False
370.3689 	EXP 	line1: autoDraw = False
370.3689 	EXP 	line2: autoDraw = False
370.3689 	EXP 	line3: autoDraw = False
370.3689 	EXP 	line4: autoDraw = False
370.3689 	EXP 	probe: autoDraw = False
370.3689 	EXP 	fixation: autoDraw = True
370.3707 	DATA 	Keypress: c
370.5070 	EXP 	Device response: <KeyPress from None: t=370.35539379199327, value=c, duration=0.1487232500076061>
371.3522 	EXP 	line1: autoDraw = True
371.3522 	EXP 	line2: autoDraw = True
371.3522 	EXP 	line3: autoDraw = True
371.3522 	EXP 	line4: autoDraw = True
371.3572 	EXP 	fixation: autoDraw = False
372.3524 	INFO 	Keyboard events cleared
372.3523 	EXP 	probe: autoDraw = True
372.6028 	EXP 	Device response: <KeyPress from None: t=372.59540274999745, value=z, duration=None>
372.6031 	EXP 	New trial (rep=41, index=0): <Trial 164 (0 in rep 41) data={'pos': np.int64(-50), 'corr_resp': 'x', 'thisN': 164, 'thisTrialN': 0, 'thisRepN': 41}>
372.6058 	DATA 	Keypress: z
372.6084 	EXP 	fixation: autoDraw = False
372.6084 	EXP 	line1: autoDraw = False
372.6084 	EXP 	line2: autoDraw = False
372.6084 	EXP 	line3: autoDraw = False
372.6084 	EXP 	line4: autoDraw = False
372.6084 	EXP 	probe: autoDraw = False
372.6084 	EXP 	fixation: autoDraw = True
372.7861 	EXP 	Device response: <KeyPress from None: t=372.59540274999745, value=z, duration=0.18428233299346175>
373.5916 	EXP 	line1: autoDraw = True
373.5916 	EXP 	line2: autoDraw = True
373.5916 	EXP 	line3: autoDraw = True
373.5916 	EXP 	line4: autoDraw = True
373.6022 	EXP 	fixation: autoDraw = False
374.5906 	INFO 	Keyboard events cleared
374.5904 	EXP 	probe: autoDraw = True
374.8861 	EXP 	Device response: <KeyPress from None: t=374.87336858299386, value=x, duration=None>
374.8864 	EXP 	New trial (rep=41, index=1): <Trial 165 (1 in rep 41) data={'pos': np.int64(150), 'corr_resp': 'v', 'thisN': 165, 'thisTrialN': 1, 'thisRepN': 41}>
374.8891 	DATA 	Keypress: x
374.8925 	EXP 	fixation: autoDraw = False
374.8925 	EXP 	line1: autoDraw = False
374.8925 	EXP 	line2: autoDraw = False
374.8925 	EXP 	line3: autoDraw = False
374.8925 	EXP 	line4: autoDraw = False
374.8925 	EXP 	probe: autoDraw = False
374.8925 	EXP 	fixation: autoDraw = True
375.0027 	EXP 	Device response: <KeyPress from None: t=374.87336858299386, value=x, duration=0.12428570901101921>
375.8732 	EXP 	line1: autoDraw = True
375.8732 	EXP 	line2: autoDraw = True
375.8732 	EXP 	line3: autoDraw = True
375.8732 	EXP 	line4: autoDraw = True
375.8899 	EXP 	fixation: autoDraw = False
376.8855 	INFO 	Keyboard events cleared
376.8854 	EXP 	probe: autoDraw = True
377.1194 	EXP 	Device response: <KeyPress from None: t=377.1071989579941, value=v, duration=None>
377.1197 	EXP 	New trial (rep=41, index=2): <Trial 166 (2 in rep 41) data={'pos': np.int64(50), 'corr_resp': 'c', 'thisN': 166, 'thisTrialN': 2, 'thisRepN': 41}>
377.1220 	DATA 	Keypress: v
377.1248 	EXP 	fixation: autoDraw = False
377.1248 	EXP 	line1: autoDraw = False
377.1248 	EXP 	line2: autoDraw = False
377.1248 	EXP 	line3: autoDraw = False
377.1248 	EXP 	line4: autoDraw = False
377.1248 	EXP 	probe: autoDraw = False
377.1248 	EXP 	fixation: autoDraw = True
377.2031 	EXP 	Device response: <KeyPress from None: t=377.1071989579941, value=v, duration=0.09238620899850503>
378.1064 	EXP 	line1: autoDraw = True
378.1064 	EXP 	line2: autoDraw = True
378.1064 	EXP 	line3: autoDraw = True
378.1064 	EXP 	line4: autoDraw = True
378.1228 	EXP 	fixation: autoDraw = False
379.1078 	INFO 	Keyboard events cleared
379.1077 	EXP 	probe: autoDraw = True
379.3747 	EXP 	Device response: <KeyPress from None: t=379.37125220800226, value=c, duration=None>
379.3751 	EXP 	New trial (rep=41, index=3): <Trial 167 (3 in rep 41) data={'pos': np.int64(-150), 'corr_resp': 'z', 'thisN': 167, 'thisTrialN': 3, 'thisRepN': 41}>
379.3810 	DATA 	Keypress: c
379.3853 	EXP 	fixation: autoDraw = False
379.3853 	EXP 	line1: autoDraw = False
379.3853 	EXP 	line2: autoDraw = False
379.3853 	EXP 	line3: autoDraw = False
379.3853 	EXP 	line4: autoDraw = False
379.3853 	EXP 	probe: autoDraw = False
379.3853 	EXP 	fixation: autoDraw = True
379.4866 	EXP 	Device response: <KeyPress from None: t=379.37125220800226, value=c, duration=0.10820054200303275>
380.3742 	EXP 	fixation: autoDraw = False
380.3742 	EXP 	line1: autoDraw = True
380.3742 	EXP 	line2: autoDraw = True
380.3742 	EXP 	line3: autoDraw = True
380.3742 	EXP 	line4: autoDraw = True
380.4597 	DATA 	Mouse: wheel shift=(0,0), pos=(766,628)
380.9420 	DATA 	Mouse: wheel shift=(0,0), pos=(766,628)
381.3754 	INFO 	Keyboard events cleared
381.3752 	EXP 	probe: autoDraw = True
381.5917 	EXP 	Device response: <KeyPress from None: t=381.5891835420043, value=z, duration=None>
381.5921 	EXP 	New trial (rep=42, index=0): <Trial 168 (0 in rep 42) data={'pos': np.int64(-50), 'corr_resp': 'x', 'thisN': 168, 'thisTrialN': 0, 'thisRepN': 42}>
381.5965 	DATA 	Keypress: z
381.6011 	EXP 	fixation: autoDraw = False
381.6011 	EXP 	line1: autoDraw = False
381.6011 	EXP 	line2: autoDraw = False
381.6011 	EXP 	line3: autoDraw = False
381.6011 	EXP 	line4: autoDraw = False
381.6011 	EXP 	probe: autoDraw = False
381.6011 	EXP 	fixation: autoDraw = True
381.7198 	EXP 	Device response: <KeyPress from None: t=381.5891835420043, value=z, duration=0.12492283299798146>
382.5910 	EXP 	fixation: autoDraw = False
382.5910 	EXP 	line1: autoDraw = True
382.5910 	EXP 	line2: autoDraw = True
382.5910 	EXP 	line3: autoDraw = True
382.5910 	EXP 	line4: autoDraw = True
383.5918 	INFO 	Keyboard events cleared
383.5915 	EXP 	probe: autoDraw = True
383.8364 	EXP 	Device response: <KeyPress from None: t=383.8351566670026, value=v, duration=None>
383.8369 	EXP 	New trial (rep=42, index=1): <Trial 169 (1 in rep 42) data={'pos': np.int64(150), 'corr_resp': 'v', 'thisN': 169, 'thisTrialN': 1, 'thisRepN': 42}>
383.8417 	EXP 	fixation: autoDraw = False
383.8417 	EXP 	line1: autoDraw = False
383.8417 	EXP 	line2: autoDraw = False
383.8417 	EXP 	line3: autoDraw = False
383.8417 	EXP 	line4: autoDraw = False
383.8417 	EXP 	probe: autoDraw = False
383.8417 	EXP 	fixation: autoDraw = True
383.8452 	DATA 	Keypress: v
383.9367 	EXP 	Device response: <KeyPress from None: t=383.8351566670026, value=v, duration=0.08830720798869152>
384.8355 	EXP 	fixation: autoDraw = False
384.8355 	EXP 	line1: autoDraw = True
384.8355 	EXP 	line2: autoDraw = True
384.8355 	EXP 	line3: autoDraw = True
384.8355 	EXP 	line4: autoDraw = True
385.8249 	INFO 	Keyboard events cleared
385.8248 	EXP 	probe: autoDraw = True
386.1368 	EXP 	Device response: <KeyPress from None: t=386.12912920799863, value=v, duration=None>
386.1373 	EXP 	New trial (rep=42, index=2): <Trial 170 (2 in rep 42) data={'pos': np.int64(50), 'corr_resp': 'c', 'thisN': 170, 'thisTrialN': 2, 'thisRepN': 42}>
386.1429 	DATA 	Keypress: v
386.1470 	EXP 	fixation: autoDraw = False
386.1470 	EXP 	line1: autoDraw = False
386.1470 	EXP 	line2: autoDraw = False
386.1470 	EXP 	line3: autoDraw = False
386.1470 	EXP 	line4: autoDraw = False
386.1470 	EXP 	probe: autoDraw = False
386.1470 	EXP 	fixation: autoDraw = True
386.2532 	EXP 	Device response: <KeyPress from None: t=386.12912920799863, value=v, duration=0.11633179199998267>
387.1355 	EXP 	line1: autoDraw = True
387.1355 	EXP 	line2: autoDraw = True
387.1355 	EXP 	line3: autoDraw = True
387.1355 	EXP 	line4: autoDraw = True
387.1403 	EXP 	fixation: autoDraw = False
388.1359 	INFO 	Keyboard events cleared
388.1357 	EXP 	probe: autoDraw = True
388.4055 	DATA 	Mouse: wheel shift=(0,0), pos=(766,628)
388.4216 	DATA 	Mouse: wheel shift=(0,0), pos=(766,628)
388.4377 	EXP 	Device response: <KeyPress from None: t=388.43399274999683, value=c, duration=None>
388.4380 	EXP 	New trial (rep=42, index=3): <Trial 171 (3 in rep 42) data={'pos': np.int64(-150), 'corr_resp': 'z', 'thisN': 171, 'thisTrialN': 3, 'thisRepN': 42}>
388.4434 	DATA 	Keypress: c
388.4476 	EXP 	fixation: autoDraw = False
388.4476 	EXP 	line1: autoDraw = False
388.4476 	EXP 	line2: autoDraw = False
388.4476 	EXP 	line3: autoDraw = False
388.4476 	EXP 	line4: autoDraw = False
388.4476 	EXP 	probe: autoDraw = False
388.4476 	EXP 	fixation: autoDraw = True
388.5246 	EXP 	Device response: <KeyPress from None: t=388.43399274999683, value=c, duration=0.08853029200690798>
389.4354 	EXP 	line1: autoDraw = True
389.4354 	EXP 	line2: autoDraw = True
389.4354 	EXP 	line3: autoDraw = True
389.4354 	EXP 	line4: autoDraw = True
389.4403 	EXP 	fixation: autoDraw = False
389.5429 	DATA 	Mouse: wheel shift=(0,0), pos=(766,628)
389.9750 	DATA 	Mouse: wheel shift=(0,0), pos=(766,628)
390.4356 	INFO 	Keyboard events cleared
390.4354 	EXP 	probe: autoDraw = True
390.7748 	EXP 	Device response: <KeyPress from None: t=390.7698594999965, value=z, duration=None>
390.7752 	EXP 	New trial (rep=43, index=0): <Trial 172 (0 in rep 43) data={'pos': np.int64(-50), 'corr_resp': 'x', 'thisN': 172, 'thisTrialN': 0, 'thisRepN': 43}>
390.7800 	DATA 	Keypress: z
390.7845 	EXP 	fixation: autoDraw = False
390.7845 	EXP 	line1: autoDraw = False
390.7845 	EXP 	line2: autoDraw = False
390.7845 	EXP 	line3: autoDraw = False
390.7845 	EXP 	line4: autoDraw = False
390.7845 	EXP 	probe: autoDraw = False
390.7845 	EXP 	fixation: autoDraw = True
390.9569 	EXP 	Device response: <KeyPress from None: t=390.7698594999965, value=z, duration=0.18442674999823794>
391.7687 	EXP 	line1: autoDraw = True
391.7687 	EXP 	line2: autoDraw = True
391.7687 	EXP 	line3: autoDraw = True
391.7687 	EXP 	line4: autoDraw = True
391.7737 	EXP 	fixation: autoDraw = False
392.7690 	INFO 	Keyboard events cleared
392.7688 	EXP 	probe: autoDraw = True
393.0199 	EXP 	Device response: <KeyPress from None: t=393.0187885829946, value=x, duration=None>
393.0204 	EXP 	New trial (rep=43, index=1): <Trial 173 (1 in rep 43) data={'pos': np.int64(150), 'corr_resp': 'v', 'thisN': 173, 'thisTrialN': 1, 'thisRepN': 43}>
393.0261 	EXP 	fixation: autoDraw = False
393.0261 	EXP 	line1: autoDraw = False
393.0261 	EXP 	line2: autoDraw = False
393.0261 	EXP 	line3: autoDraw = False
393.0261 	EXP 	line4: autoDraw = False
393.0261 	EXP 	probe: autoDraw = False
393.0261 	EXP 	fixation: autoDraw = True
393.0302 	DATA 	Keypress: x
393.1198 	EXP 	Device response: <KeyPress from None: t=393.0187885829946, value=x, duration=0.0924432090105256>
394.0188 	EXP 	line1: autoDraw = True
394.0188 	EXP 	line2: autoDraw = True
394.0188 	EXP 	line3: autoDraw = True
394.0188 	EXP 	line4: autoDraw = True
394.0241 	EXP 	fixation: autoDraw = False
394.8865 	EXP 	Device response: <KeyPress from None: t=394.8809258330002, value=v, duration=None>
394.8958 	DATA 	Keypress: v
394.9912 	EXP 	Device response: <KeyPress from None: t=394.8809258330002, value=v, duration=0.10817087499890476>
395.0190 	INFO 	Keyboard events cleared
395.0189 	EXP 	probe: autoDraw = True
395.2196 	EXP 	Device response: <KeyPress from None: t=395.21496104200196, value=v, duration=None>
395.2200 	EXP 	New trial (rep=43, index=2): <Trial 174 (2 in rep 43) data={'pos': np.int64(50), 'corr_resp': 'c', 'thisN': 174, 'thisTrialN': 2, 'thisRepN': 43}>
395.2245 	DATA 	Keypress: v
395.2281 	EXP 	fixation: autoDraw = False
395.2281 	EXP 	line1: autoDraw = False
395.2281 	EXP 	line2: autoDraw = False
395.2281 	EXP 	line3: autoDraw = False
395.2281 	EXP 	line4: autoDraw = False
395.2281 	EXP 	probe: autoDraw = False
395.2281 	EXP 	fixation: autoDraw = True
395.3196 	EXP 	Device response: <KeyPress from None: t=395.21496104200196, value=v, duration=0.10027162499318365>
396.2188 	EXP 	line1: autoDraw = True
396.2188 	EXP 	line2: autoDraw = True
396.2188 	EXP 	line3: autoDraw = True
396.2188 	EXP 	line4: autoDraw = True
396.2231 	EXP 	fixation: autoDraw = False
397.2188 	INFO 	Keyboard events cleared
397.2186 	EXP 	probe: autoDraw = True
397.4531 	EXP 	Device response: <KeyPress from None: t=397.4448150829994, value=c, duration=None>
397.4535 	EXP 	New trial (rep=43, index=3): <Trial 175 (3 in rep 43) data={'pos': np.int64(-150), 'corr_resp': 'z', 'thisN': 175, 'thisTrialN': 3, 'thisRepN': 43}>
397.4583 	DATA 	Keypress: c
397.4622 	EXP 	fixation: autoDraw = False
397.4622 	EXP 	line1: autoDraw = False
397.4622 	EXP 	line2: autoDraw = False
397.4622 	EXP 	line3: autoDraw = False
397.4622 	EXP 	line4: autoDraw = False
397.4622 	EXP 	probe: autoDraw = False
397.4622 	EXP 	fixation: autoDraw = True
397.5361 	EXP 	Device response: <KeyPress from None: t=397.4448150829994, value=c, duration=0.08833475000574253>
398.4522 	EXP 	line1: autoDraw = True
398.4522 	EXP 	line2: autoDraw = True
398.4522 	EXP 	line3: autoDraw = True
398.4522 	EXP 	line4: autoDraw = True
398.4579 	EXP 	fixation: autoDraw = False
399.4522 	INFO 	Keyboard events cleared
399.4521 	EXP 	probe: autoDraw = True
399.5254 	EXP 	Device response: <KeyPress from None: t=399.52173370799574, value=z, duration=None>
399.5257 	EXP 	New trial (rep=44, index=0): <Trial 176 (0 in rep 44) data={'pos': np.int64(-50), 'corr_resp': 'x', 'thisN': 176, 'thisTrialN': 0, 'thisRepN': 44}>
399.5303 	DATA 	Keypress: z
399.5345 	EXP 	fixation: autoDraw = False
399.5345 	EXP 	line1: autoDraw = False
399.5345 	EXP 	line2: autoDraw = False
399.5345 	EXP 	line3: autoDraw = False
399.5345 	EXP 	line4: autoDraw = False
399.5345 	EXP 	probe: autoDraw = False
399.5345 	EXP 	fixation: autoDraw = True
399.7034 	EXP 	Device response: <KeyPress from None: t=399.52173370799574, value=z, duration=0.17639691699878313>
400.5245 	EXP 	fixation: autoDraw = False
400.5245 	EXP 	line1: autoDraw = True
400.5245 	EXP 	line2: autoDraw = True
400.5245 	EXP 	line3: autoDraw = True
400.5245 	EXP 	line4: autoDraw = True
401.5295 	INFO 	Keyboard events cleared
401.5294 	EXP 	probe: autoDraw = True
401.7861 	EXP 	Device response: <KeyPress from None: t=401.77276579200407, value=x, duration=None>
401.7864 	EXP 	New trial (rep=44, index=1): <Trial 177 (1 in rep 44) data={'pos': np.int64(150), 'corr_resp': 'v', 'thisN': 177, 'thisTrialN': 1, 'thisRepN': 44}>
401.7893 	DATA 	Keypress: x
401.7927 	EXP 	fixation: autoDraw = False
401.7927 	EXP 	line1: autoDraw = False
401.7927 	EXP 	line2: autoDraw = False
401.7927 	EXP 	line3: autoDraw = False
401.7927 	EXP 	line4: autoDraw = False
401.7927 	EXP 	probe: autoDraw = False
401.7927 	EXP 	fixation: autoDraw = True
401.8730 	EXP 	Device response: <KeyPress from None: t=401.77276579200407, value=x, duration=0.09616004099370912>
402.7738 	EXP 	line1: autoDraw = True
402.7738 	EXP 	line2: autoDraw = True
402.7738 	EXP 	line3: autoDraw = True
402.7738 	EXP 	line4: autoDraw = True
402.7910 	EXP 	fixation: autoDraw = False
403.7854 	INFO 	Keyboard events cleared
403.7852 	EXP 	probe: autoDraw = True
403.8197 	EXP 	Device response: <KeyPress from None: t=403.81068229199445, value=v, duration=None>
403.8201 	EXP 	New trial (rep=44, index=2): <Trial 178 (2 in rep 44) data={'pos': np.int64(50), 'corr_resp': 'c', 'thisN': 178, 'thisTrialN': 2, 'thisRepN': 44}>
403.8255 	DATA 	Keypress: v
403.8297 	EXP 	fixation: autoDraw = False
403.8297 	EXP 	line1: autoDraw = False
403.8297 	EXP 	line2: autoDraw = False
403.8297 	EXP 	line3: autoDraw = False
403.8297 	EXP 	line4: autoDraw = False
403.8297 	EXP 	probe: autoDraw = False
403.8297 	EXP 	fixation: autoDraw = True
404.0036 	EXP 	Device response: <KeyPress from None: t=403.81068229199445, value=v, duration=0.18829462499707006>
404.8188 	EXP 	line1: autoDraw = True
404.8188 	EXP 	line2: autoDraw = True
404.8188 	EXP 	line3: autoDraw = True
404.8188 	EXP 	line4: autoDraw = True
404.8237 	EXP 	fixation: autoDraw = False
405.8189 	INFO 	Keyboard events cleared
405.8187 	EXP 	probe: autoDraw = True
405.9530 	EXP 	Device response: <KeyPress from None: t=405.94263004200184, value=c, duration=None>
405.9535 	EXP 	New trial (rep=44, index=3): <Trial 179 (3 in rep 44) data={'pos': np.int64(-150), 'corr_resp': 'z', 'thisN': 179, 'thisTrialN': 3, 'thisRepN': 44}>
405.9589 	DATA 	Keypress: c
405.9630 	EXP 	fixation: autoDraw = False
405.9630 	EXP 	line1: autoDraw = False
405.9630 	EXP 	line2: autoDraw = False
405.9630 	EXP 	line3: autoDraw = False
405.9630 	EXP 	line4: autoDraw = False
405.9630 	EXP 	probe: autoDraw = False
405.9630 	EXP 	fixation: autoDraw = True
406.1404 	EXP 	Device response: <KeyPress from None: t=405.94263004200184, value=c, duration=0.19627912499709055>
406.9522 	EXP 	line1: autoDraw = True
406.9522 	EXP 	line2: autoDraw = True
406.9522 	EXP 	line3: autoDraw = True
406.9522 	EXP 	line4: autoDraw = True
406.9568 	EXP 	fixation: autoDraw = False
407.9522 	INFO 	Keyboard events cleared
407.9520 	EXP 	probe: autoDraw = True
408.1866 	EXP 	Device response: <KeyPress from None: t=408.1816292500007, value=z, duration=None>
408.1874 	EXP 	New trial (rep=45, index=0): <Trial 180 (0 in rep 45) data={'pos': np.int64(-50), 'corr_resp': 'x', 'thisN': 180, 'thisTrialN': 0, 'thisRepN': 45}>
408.1929 	DATA 	Keypress: z
408.1969 	EXP 	fixation: autoDraw = False
408.1969 	EXP 	line1: autoDraw = False
408.1969 	EXP 	line2: autoDraw = False
408.1969 	EXP 	line3: autoDraw = False
408.1969 	EXP 	line4: autoDraw = False
408.1969 	EXP 	probe: autoDraw = False
408.1969 	EXP 	fixation: autoDraw = True
408.3198 	EXP 	Device response: <KeyPress from None: t=408.1816292500007, value=z, duration=0.13632837499608286>
409.1853 	EXP 	line1: autoDraw = True
409.1853 	EXP 	line2: autoDraw = True
409.1853 	EXP 	line3: autoDraw = True
409.1853 	EXP 	line4: autoDraw = True
409.1903 	EXP 	fixation: autoDraw = False
410.1854 	INFO 	Keyboard events cleared
410.1852 	EXP 	probe: autoDraw = True
410.5415 	EXP 	Device response: <KeyPress from None: t=410.5405286669993, value=x, duration=None>
410.5419 	EXP 	New trial (rep=45, index=1): <Trial 181 (1 in rep 45) data={'pos': np.int64(150), 'corr_resp': 'v', 'thisN': 181, 'thisTrialN': 1, 'thisRepN': 45}>
410.5468 	DATA 	Keypress: x
410.5514 	EXP 	fixation: autoDraw = False
410.5514 	EXP 	line1: autoDraw = False
410.5514 	EXP 	line2: autoDraw = False
410.5514 	EXP 	line3: autoDraw = False
410.5514 	EXP 	line4: autoDraw = False
410.5514 	EXP 	probe: autoDraw = False
410.5514 	EXP 	fixation: autoDraw = True
410.7577 	EXP 	Device response: <KeyPress from None: t=410.5405286669993, value=x, duration=0.21632341599615756>
411.5406 	EXP 	fixation: autoDraw = False
411.5406 	EXP 	line1: autoDraw = True
411.5406 	EXP 	line2: autoDraw = True
411.5406 	EXP 	line3: autoDraw = True
411.5406 	EXP 	line4: autoDraw = True
412.5420 	INFO 	Keyboard events cleared
412.5419 	EXP 	probe: autoDraw = True
412.7201 	EXP 	Device response: <KeyPress from None: t=412.71651062500314, value=v, duration=None>
412.7207 	EXP 	New trial (rep=45, index=2): <Trial 182 (2 in rep 45) data={'pos': np.int64(50), 'corr_resp': 'c', 'thisN': 182, 'thisTrialN': 2, 'thisRepN': 45}>
412.7257 	EXP 	fixation: autoDraw = False
412.7257 	EXP 	line1: autoDraw = False
412.7257 	EXP 	line2: autoDraw = False
412.7257 	EXP 	line3: autoDraw = False
412.7257 	EXP 	line4: autoDraw = False
412.7257 	EXP 	probe: autoDraw = False
412.7257 	EXP 	fixation: autoDraw = True
412.7297 	DATA 	Keypress: v
412.8697 	EXP 	Device response: <KeyPress from None: t=412.71651062500314, value=v, duration=0.14439058299467433>
413.7190 	EXP 	line1: autoDraw = True
413.7190 	EXP 	line2: autoDraw = True
413.7190 	EXP 	line3: autoDraw = True
413.7190 	EXP 	line4: autoDraw = True
413.7243 	EXP 	fixation: autoDraw = False
414.7190 	INFO 	Keyboard events cleared
414.7188 	EXP 	probe: autoDraw = True
414.9364 	EXP 	Device response: <KeyPress from None: t=414.9275146250002, value=c, duration=None>
414.9370 	EXP 	New trial (rep=45, index=3): <Trial 183 (3 in rep 45) data={'pos': np.int64(-150), 'corr_resp': 'z', 'thisN': 183, 'thisTrialN': 3, 'thisRepN': 45}>
414.9418 	DATA 	Keypress: c
414.9460 	EXP 	fixation: autoDraw = False
414.9460 	EXP 	line1: autoDraw = False
414.9460 	EXP 	line2: autoDraw = False
414.9460 	EXP 	line3: autoDraw = False
414.9460 	EXP 	line4: autoDraw = False
414.9460 	EXP 	probe: autoDraw = False
414.9460 	EXP 	fixation: autoDraw = True
415.1364 	EXP 	Device response: <KeyPress from None: t=414.9275146250002, value=c, duration=0.19627879199106246>
415.9353 	EXP 	line1: autoDraw = True
415.9353 	EXP 	line2: autoDraw = True
415.9353 	EXP 	line3: autoDraw = True
415.9353 	EXP 	line4: autoDraw = True
415.9406 	EXP 	fixation: autoDraw = False
416.9353 	INFO 	Keyboard events cleared
416.9352 	EXP 	probe: autoDraw = True
417.1865 	EXP 	Device response: <KeyPress from None: t=417.17639383299684, value=z, duration=None>
417.1871 	EXP 	New trial (rep=46, index=0): <Trial 184 (0 in rep 46) data={'pos': np.int64(-50), 'corr_resp': 'x', 'thisN': 184, 'thisTrialN': 0, 'thisRepN': 46}>
417.1927 	DATA 	Keypress: z
417.1968 	EXP 	fixation: autoDraw = False
417.1968 	EXP 	line1: autoDraw = False
417.1968 	EXP 	line2: autoDraw = False
417.1968 	EXP 	line3: autoDraw = False
417.1968 	EXP 	line4: autoDraw = False
417.1968 	EXP 	probe: autoDraw = False
417.1968 	EXP 	fixation: autoDraw = True
417.3198 	EXP 	Device response: <KeyPress from None: t=417.17639383299684, value=z, duration=0.1364055419981014>
418.1852 	EXP 	line1: autoDraw = True
418.1852 	EXP 	line2: autoDraw = True
418.1852 	EXP 	line3: autoDraw = True
418.1852 	EXP 	line4: autoDraw = True
418.1900 	EXP 	fixation: autoDraw = False
419.1852 	INFO 	Keyboard events cleared
419.1850 	EXP 	probe: autoDraw = True
419.4698 	EXP 	Device response: <KeyPress from None: t=419.46328354200523, value=x, duration=None>
419.4705 	EXP 	New trial (rep=46, index=1): <Trial 185 (1 in rep 46) data={'pos': np.int64(150), 'corr_resp': 'v', 'thisN': 185, 'thisTrialN': 1, 'thisRepN': 46}>
419.4758 	DATA 	Keypress: x
419.4798 	EXP 	fixation: autoDraw = False
419.4798 	EXP 	line1: autoDraw = False
419.4798 	EXP 	line2: autoDraw = False
419.4798 	EXP 	line3: autoDraw = False
419.4798 	EXP 	line4: autoDraw = False
419.4798 	EXP 	probe: autoDraw = False
419.4798 	EXP 	fixation: autoDraw = True
419.6567 	EXP 	Device response: <KeyPress from None: t=419.46328354200523, value=x, duration=0.192330582998693>
420.4685 	EXP 	line1: autoDraw = True
420.4685 	EXP 	line2: autoDraw = True
420.4685 	EXP 	line3: autoDraw = True
420.4685 	EXP 	line4: autoDraw = True
420.4733 	EXP 	fixation: autoDraw = False
421.4688 	INFO 	Keyboard events cleared
421.4686 	EXP 	probe: autoDraw = True
421.7081 	EXP 	Device response: <KeyPress from None: t=421.70422712499567, value=v, duration=None>
421.7085 	EXP 	New trial (rep=46, index=2): <Trial 186 (2 in rep 46) data={'pos': np.int64(50), 'corr_resp': 'c', 'thisN': 186, 'thisTrialN': 2, 'thisRepN': 46}>
421.7137 	DATA 	Keypress: v
421.7180 	EXP 	fixation: autoDraw = False
421.7180 	EXP 	line1: autoDraw = False
421.7180 	EXP 	line2: autoDraw = False
421.7180 	EXP 	line3: autoDraw = False
421.7180 	EXP 	line4: autoDraw = False
421.7180 	EXP 	probe: autoDraw = False
421.7180 	EXP 	fixation: autoDraw = True
421.8575 	EXP 	Device response: <KeyPress from None: t=421.70422712499567, value=v, duration=0.15230995800811797>
422.7066 	EXP 	fixation: autoDraw = False
422.7066 	EXP 	line1: autoDraw = True
422.7066 	EXP 	line2: autoDraw = True
422.7066 	EXP 	line3: autoDraw = True
422.7066 	EXP 	line4: autoDraw = True
423.7091 	INFO 	Keyboard events cleared
423.7090 	EXP 	probe: autoDraw = True
423.9861 	EXP 	Device response: <KeyPress from None: t=423.9832552919979, value=c, duration=None>
423.9867 	EXP 	New trial (rep=46, index=3): <Trial 187 (3 in rep 46) data={'pos': np.int64(-150), 'corr_resp': 'z', 'thisN': 187, 'thisTrialN': 3, 'thisRepN': 46}>
423.9925 	DATA 	Keypress: c
423.9968 	EXP 	fixation: autoDraw = False
423.9968 	EXP 	line1: autoDraw = False
423.9968 	EXP 	line2: autoDraw = False
423.9968 	EXP 	line3: autoDraw = False
423.9968 	EXP 	line4: autoDraw = False
423.9968 	EXP 	probe: autoDraw = False
423.9968 	EXP 	fixation: autoDraw = True
424.1405 	EXP 	Device response: <KeyPress from None: t=423.9832552919979, value=c, duration=0.1561726660002023>
424.9850 	EXP 	line1: autoDraw = True
424.9850 	EXP 	line2: autoDraw = True
424.9850 	EXP 	line3: autoDraw = True
424.9850 	EXP 	line4: autoDraw = True
424.9901 	EXP 	fixation: autoDraw = False
425.9853 	INFO 	Keyboard events cleared
425.9851 	EXP 	probe: autoDraw = True
426.1746 	EXP 	Device response: <KeyPress from None: t=426.17312266699446, value=z, duration=None>
426.1750 	EXP 	New trial (rep=47, index=0): <Trial 188 (0 in rep 47) data={'pos': np.int64(-50), 'corr_resp': 'x', 'thisN': 188, 'thisTrialN': 0, 'thisRepN': 47}>
426.1800 	DATA 	Keypress: z
426.1844 	EXP 	fixation: autoDraw = False
426.1844 	EXP 	line1: autoDraw = False
426.1844 	EXP 	line2: autoDraw = False
426.1844 	EXP 	line3: autoDraw = False
426.1844 	EXP 	line4: autoDraw = False
426.1844 	EXP 	probe: autoDraw = False
426.1844 	EXP 	fixation: autoDraw = True
426.3566 	EXP 	Device response: <KeyPress from None: t=426.17312266699446, value=z, duration=0.18037679100234527>
427.1739 	EXP 	fixation: autoDraw = False
427.1739 	EXP 	line1: autoDraw = True
427.1739 	EXP 	line2: autoDraw = True
427.1739 	EXP 	line3: autoDraw = True
427.1739 	EXP 	line4: autoDraw = True
428.1744 	INFO 	Keyboard events cleared
428.1743 	EXP 	probe: autoDraw = True
428.4694 	EXP 	Device response: <KeyPress from None: t=428.4680988750042, value=x, duration=None>
428.4699 	EXP 	New trial (rep=47, index=1): <Trial 189 (1 in rep 47) data={'pos': np.int64(150), 'corr_resp': 'v', 'thisN': 189, 'thisTrialN': 1, 'thisRepN': 47}>
428.4750 	DATA 	Keypress: x
428.4791 	EXP 	fixation: autoDraw = False
428.4791 	EXP 	line1: autoDraw = False
428.4791 	EXP 	line2: autoDraw = False
428.4791 	EXP 	line3: autoDraw = False
428.4791 	EXP 	line4: autoDraw = False
428.4791 	EXP 	probe: autoDraw = False
428.4791 	EXP 	fixation: autoDraw = True
428.6243 	EXP 	Device response: <KeyPress from None: t=428.4680988750042, value=x, duration=0.15234483299718704>
429.4685 	EXP 	line1: autoDraw = True
429.4685 	EXP 	line2: autoDraw = True
429.4685 	EXP 	line3: autoDraw = True
429.4685 	EXP 	line4: autoDraw = True
429.4746 	EXP 	fixation: autoDraw = False
430.1409 	EXP 	Device response: <KeyPress from None: t=430.13710900000297, value=v, duration=None>
430.1461 	DATA 	Keypress: v
430.2745 	EXP 	Device response: <KeyPress from None: t=430.13710900000297, value=v, duration=0.13216174999251962>
430.4686 	INFO 	Keyboard events cleared
430.4684 	EXP 	probe: autoDraw = True
430.7363 	EXP 	Device response: <KeyPress from None: t=430.72507191699697, value=v, duration=None>
430.7369 	EXP 	New trial (rep=47, index=2): <Trial 190 (2 in rep 47) data={'pos': np.int64(50), 'corr_resp': 'c', 'thisN': 190, 'thisTrialN': 2, 'thisRepN': 47}>
430.7423 	DATA 	Keypress: v
430.7463 	EXP 	fixation: autoDraw = False
430.7463 	EXP 	line1: autoDraw = False
430.7463 	EXP 	line2: autoDraw = False
430.7463 	EXP 	line3: autoDraw = False
430.7463 	EXP 	line4: autoDraw = False
430.7463 	EXP 	probe: autoDraw = False
430.7463 	EXP 	fixation: autoDraw = True
430.8529 	EXP 	Device response: <KeyPress from None: t=430.72507191699697, value=v, duration=0.12039437500061467>
431.7350 	EXP 	line1: autoDraw = True
431.7350 	EXP 	line2: autoDraw = True
431.7350 	EXP 	line3: autoDraw = True
431.7350 	EXP 	line4: autoDraw = True
431.7398 	EXP 	fixation: autoDraw = False
432.7352 	INFO 	Keyboard events cleared
432.7350 	EXP 	probe: autoDraw = True
432.9862 	EXP 	Device response: <KeyPress from None: t=432.98500200000126, value=c, duration=None>
432.9868 	EXP 	New trial (rep=47, index=3): <Trial 191 (3 in rep 47) data={'pos': np.int64(-150), 'corr_resp': 'z', 'thisN': 191, 'thisTrialN': 3, 'thisRepN': 47}>
432.9919 	DATA 	Keypress: c
432.9959 	EXP 	fixation: autoDraw = False
432.9959 	EXP 	line1: autoDraw = False
432.9959 	EXP 	line2: autoDraw = False
432.9959 	EXP 	line3: autoDraw = False
432.9959 	EXP 	line4: autoDraw = False
432.9959 	EXP 	probe: autoDraw = False
432.9959 	EXP 	fixation: autoDraw = True
433.4734 	EXP 	Device response: <KeyPress from None: t=432.98500200000126, value=c, duration=0.4848838329926366>
433.9850 	EXP 	line1: autoDraw = True
433.9850 	EXP 	line2: autoDraw = True
433.9850 	EXP 	line3: autoDraw = True
433.9850 	EXP 	line4: autoDraw = True
433.9895 	EXP 	fixation: autoDraw = False
434.9850 	INFO 	Keyboard events cleared
434.9849 	EXP 	probe: autoDraw = True
435.2080 	EXP 	Device response: <KeyPress from None: t=435.20698179199826, value=z, duration=None>
435.2084 	EXP 	New trial (rep=48, index=0): <Trial 192 (0 in rep 48) data={'pos': np.int64(-50), 'corr_resp': 'x', 'thisN': 192, 'thisTrialN': 0, 'thisRepN': 48}>
435.2134 	DATA 	Keypress: z
435.2176 	EXP 	fixation: autoDraw = False
435.2176 	EXP 	line1: autoDraw = False
435.2176 	EXP 	line2: autoDraw = False
435.2176 	EXP 	line3: autoDraw = False
435.2176 	EXP 	line4: autoDraw = False
435.2176 	EXP 	probe: autoDraw = False
435.2176 	EXP 	fixation: autoDraw = True
435.4030 	EXP 	Device response: <KeyPress from None: t=435.20698179199826, value=z, duration=0.18830895799328573>
436.2070 	EXP 	fixation: autoDraw = False
436.2070 	EXP 	line1: autoDraw = True
436.2070 	EXP 	line2: autoDraw = True
436.2070 	EXP 	line3: autoDraw = True
436.2070 	EXP 	line4: autoDraw = True
437.2076 	INFO 	Keyboard events cleared
437.2075 	EXP 	probe: autoDraw = True
437.4697 	EXP 	Device response: <KeyPress from None: t=437.46395154199854, value=x, duration=None>
437.4703 	EXP 	New trial (rep=48, index=1): <Trial 193 (1 in rep 48) data={'pos': np.int64(150), 'corr_resp': 'v', 'thisN': 193, 'thisTrialN': 1, 'thisRepN': 48}>
437.4760 	DATA 	Keypress: x
437.4801 	EXP 	fixation: autoDraw = False
437.4801 	EXP 	line1: autoDraw = False
437.4801 	EXP 	line2: autoDraw = False
437.4801 	EXP 	line3: autoDraw = False
437.4801 	EXP 	line4: autoDraw = False
437.4801 	EXP 	probe: autoDraw = False
437.4801 	EXP 	fixation: autoDraw = True
437.5866 	EXP 	Device response: <KeyPress from None: t=437.46395154199854, value=x, duration=0.11526170799334068>
438.4684 	EXP 	line1: autoDraw = True
438.4684 	EXP 	line2: autoDraw = True
438.4684 	EXP 	line3: autoDraw = True
438.4684 	EXP 	line4: autoDraw = True
438.4742 	EXP 	fixation: autoDraw = False
439.4686 	INFO 	Keyboard events cleared
439.4684 	EXP 	probe: autoDraw = True
440.0200 	EXP 	Device response: <KeyPress from None: t=440.0138291250041, value=v, duration=None>
440.0207 	EXP 	New trial (rep=48, index=2): <Trial 194 (2 in rep 48) data={'pos': np.int64(50), 'corr_resp': 'c', 'thisN': 194, 'thisTrialN': 2, 'thisRepN': 48}>
440.0259 	DATA 	Keypress: v
440.0299 	EXP 	fixation: autoDraw = False
440.0299 	EXP 	line1: autoDraw = False
440.0299 	EXP 	line2: autoDraw = False
440.0299 	EXP 	line3: autoDraw = False
440.0299 	EXP 	line4: autoDraw = False
440.0299 	EXP 	probe: autoDraw = False
440.0299 	EXP 	fixation: autoDraw = True
440.1744 	EXP 	Device response: <KeyPress from None: t=440.0138291250041, value=v, duration=0.15622079199238215>
441.0185 	EXP 	line1: autoDraw = True
441.0185 	EXP 	line2: autoDraw = True
441.0185 	EXP 	line3: autoDraw = True
441.0185 	EXP 	line4: autoDraw = True
441.0248 	EXP 	fixation: autoDraw = False
442.0183 	INFO 	Keyboard events cleared
442.0182 	EXP 	probe: autoDraw = True
442.3033 	EXP 	Device response: <KeyPress from None: t=442.3007923749974, value=c, duration=None>
442.3042 	EXP 	New trial (rep=48, index=3): <Trial 195 (3 in rep 48) data={'pos': np.int64(-150), 'corr_resp': 'z', 'thisN': 195, 'thisTrialN': 3, 'thisRepN': 48}>
442.3089 	EXP 	fixation: autoDraw = False
442.3089 	EXP 	line1: autoDraw = False
442.3089 	EXP 	line2: autoDraw = False
442.3089 	EXP 	line3: autoDraw = False
442.3089 	EXP 	line4: autoDraw = False
442.3089 	EXP 	probe: autoDraw = False
442.3089 	EXP 	fixation: autoDraw = True
442.3127 	DATA 	Keypress: c
442.5195 	EXP 	Device response: <KeyPress from None: t=442.3007923749974, value=c, duration=0.21633566700620577>
443.3017 	EXP 	line1: autoDraw = True
443.3017 	EXP 	line2: autoDraw = True
443.3017 	EXP 	line3: autoDraw = True
443.3017 	EXP 	line4: autoDraw = True
443.3081 	EXP 	fixation: autoDraw = False
444.3018 	INFO 	Keyboard events cleared
444.3017 	EXP 	probe: autoDraw = True
444.5362 	EXP 	Device response: <KeyPress from None: t=444.53233687499596, value=z, duration=None>
444.5369 	EXP 	New trial (rep=49, index=0): <Trial 196 (0 in rep 49) data={'pos': np.int64(-50), 'corr_resp': 'x', 'thisN': 196, 'thisTrialN': 0, 'thisRepN': 49}>
444.5423 	EXP 	fixation: autoDraw = False
444.5423 	EXP 	line1: autoDraw = False
444.5423 	EXP 	line2: autoDraw = False
444.5423 	EXP 	line3: autoDraw = False
444.5423 	EXP 	line4: autoDraw = False
444.5423 	EXP 	probe: autoDraw = False
444.5423 	EXP 	fixation: autoDraw = True
444.5461 	DATA 	Keypress: z
444.6529 	EXP 	Device response: <KeyPress from None: t=444.53233687499596, value=z, duration=0.10760079200554173>
445.5349 	EXP 	line1: autoDraw = True
445.5349 	EXP 	line2: autoDraw = True
445.5349 	EXP 	line3: autoDraw = True
445.5349 	EXP 	line4: autoDraw = True
445.5394 	EXP 	fixation: autoDraw = False
446.5352 	INFO 	Keyboard events cleared
446.5350 	EXP 	probe: autoDraw = True
446.6860 	EXP 	Device response: <KeyPress from None: t=446.6846593749942, value=x, duration=None>
446.6867 	EXP 	New trial (rep=49, index=1): <Trial 197 (1 in rep 49) data={'pos': np.int64(150), 'corr_resp': 'v', 'thisN': 197, 'thisTrialN': 1, 'thisRepN': 49}>
446.6922 	DATA 	Keypress: x
446.6963 	EXP 	fixation: autoDraw = False
446.6963 	EXP 	line1: autoDraw = False
446.6963 	EXP 	line2: autoDraw = False
446.6963 	EXP 	line3: autoDraw = False
446.6963 	EXP 	line4: autoDraw = False
446.6963 	EXP 	probe: autoDraw = False
446.6963 	EXP 	fixation: autoDraw = True
446.7863 	EXP 	Device response: <KeyPress from None: t=446.6846593749942, value=x, duration=0.09244912500435021>
447.6850 	EXP 	line1: autoDraw = True
447.6850 	EXP 	line2: autoDraw = True
447.6850 	EXP 	line3: autoDraw = True
447.6850 	EXP 	line4: autoDraw = True
447.6895 	EXP 	fixation: autoDraw = False
448.6850 	INFO 	Keyboard events cleared
448.6849 	EXP 	probe: autoDraw = True
448.9030 	EXP 	Device response: <KeyPress from None: t=448.8916385420016, value=v, duration=None>
448.9035 	EXP 	New trial (rep=49, index=2): <Trial 198 (2 in rep 49) data={'pos': np.int64(50), 'corr_resp': 'c', 'thisN': 198, 'thisTrialN': 2, 'thisRepN': 49}>
448.9091 	DATA 	Keypress: v
448.9132 	EXP 	fixation: autoDraw = False
448.9132 	EXP 	line1: autoDraw = False
448.9132 	EXP 	line2: autoDraw = False
448.9132 	EXP 	line3: autoDraw = False
448.9132 	EXP 	line4: autoDraw = False
448.9132 	EXP 	probe: autoDraw = False
448.9132 	EXP 	fixation: autoDraw = True
449.0907 	EXP 	Device response: <KeyPress from None: t=448.8916385420016, value=v, duration=0.1962950000015553>
449.9017 	EXP 	line1: autoDraw = True
449.9017 	EXP 	line2: autoDraw = True
449.9017 	EXP 	line3: autoDraw = True
449.9017 	EXP 	line4: autoDraw = True
449.9065 	EXP 	fixation: autoDraw = False
450.9018 	INFO 	Keyboard events cleared
450.9015 	EXP 	probe: autoDraw = True
451.2027 	EXP 	Device response: <KeyPress from None: t=451.1995984999958, value=c, duration=None>
451.2033 	EXP 	New trial (rep=49, index=3): <Trial 199 (3 in rep 49) data={'pos': np.int64(-150), 'corr_resp': 'z', 'thisN': 199, 'thisTrialN': 3, 'thisRepN': 49}>
451.2086 	EXP 	fixation: autoDraw = False
451.2086 	EXP 	line1: autoDraw = False
451.2086 	EXP 	line2: autoDraw = False
451.2086 	EXP 	line3: autoDraw = False
451.2086 	EXP 	line4: autoDraw = False
451.2086 	EXP 	probe: autoDraw = False
451.2086 	EXP 	fixation: autoDraw = True
451.2126 	DATA 	Keypress: c
451.3365 	EXP 	Device response: <KeyPress from None: t=451.1995984999958, value=c, duration=0.1283507920015836>
452.2018 	EXP 	line1: autoDraw = True
452.2018 	EXP 	line2: autoDraw = True
452.2018 	EXP 	line3: autoDraw = True
452.2018 	EXP 	line4: autoDraw = True
452.2066 	EXP 	fixation: autoDraw = False
453.2018 	INFO 	Keyboard events cleared
453.2017 	EXP 	probe: autoDraw = True
453.4363 	EXP 	Device response: <KeyPress from None: t=453.42654920800123, value=z, duration=None>
453.4488 	EXP 	Imported /Users/vineesmacbook/Downloads/sequence_cond - Sheet1.csv as conditions, 4 conditions, 2 params
453.4535 	EXP 	New trial (rep=0, index=0): <Trial 0 (0 in rep 0) data={'pos': np.int64(150), 'corr_resp': 'v', 'thisN': 0, 'thisTrialN': 0, 'thisRepN': 0}>
453.4566 	DATA 	Keypress: z
453.4602 	EXP 	fixation: autoDraw = False
453.4602 	EXP 	line1: autoDraw = False
453.4602 	EXP 	line2: autoDraw = False
453.4602 	EXP 	line3: autoDraw = False
453.4602 	EXP 	line4: autoDraw = False
453.4602 	EXP 	probe: autoDraw = False
453.4602 	EXP 	fixation: autoDraw = True
453.5357 	EXP 	Device response: <KeyPress from None: t=453.42654920800123, value=z, duration=0.10442812499240972>
454.4350 	EXP 	line1: autoDraw = True
454.4350 	EXP 	line2: autoDraw = True
454.4350 	EXP 	line3: autoDraw = True
454.4350 	EXP 	line4: autoDraw = True
454.4562 	EXP 	fixation: autoDraw = False
455.4072 	EXP 	Device response: <KeyPress from None: t=455.4054265829909, value=x, duration=None>
455.4114 	DATA 	Keypress: x
455.4350 	INFO 	Keyboard events cleared
455.4348 	EXP 	probe: autoDraw = True
455.5367 	EXP 	Device response: <KeyPress from None: t=455.4054265829909, value=x, duration=0.12037683400558308>
455.7535 	EXP 	Device response: <KeyPress from None: t=455.7475760829984, value=x, duration=None>
455.7541 	EXP 	New trial (rep=0, index=1): <Trial 1 (1 in rep 0) data={'pos': np.int64(-150), 'corr_resp': 'z', 'thisN': 1, 'thisTrialN': 1, 'thisRepN': 0}>
455.7587 	DATA 	Keypress: x
455.7626 	EXP 	fixation: autoDraw = False
455.7626 	EXP 	line1: autoDraw = False
455.7626 	EXP 	line2: autoDraw = False
455.7626 	EXP 	line3: autoDraw = False
455.7626 	EXP 	line4: autoDraw = False
455.7626 	EXP 	probe: autoDraw = False
455.7626 	EXP 	fixation: autoDraw = True
455.8356 	EXP 	Device response: <KeyPress from None: t=455.7475760829984, value=x, duration=0.0843210419989191>
455.9364 	EXP 	Device response: <KeyPress from None: t=455.930565542003, value=v, duration=None>
455.9404 	DATA 	Keypress: v
456.0026 	EXP 	Device response: <KeyPress from None: t=455.930565542003, value=v, duration=0.06431954099389259>
456.7515 	EXP 	line1: autoDraw = True
456.7515 	EXP 	line2: autoDraw = True
456.7515 	EXP 	line3: autoDraw = True
456.7515 	EXP 	line4: autoDraw = True
456.7565 	EXP 	fixation: autoDraw = False
457.7516 	INFO 	Keyboard events cleared
457.7515 	EXP 	probe: autoDraw = True
458.1028 	EXP 	Device response: <KeyPress from None: t=458.09439083299367, value=z, duration=None>
458.1033 	EXP 	New trial (rep=0, index=2): <Trial 2 (2 in rep 0) data={'pos': np.int64(-50), 'corr_resp': 'x', 'thisN': 2, 'thisTrialN': 2, 'thisRepN': 0}>
458.1081 	DATA 	Keypress: z
458.1119 	EXP 	fixation: autoDraw = False
458.1119 	EXP 	line1: autoDraw = False
458.1119 	EXP 	line2: autoDraw = False
458.1119 	EXP 	line3: autoDraw = False
458.1119 	EXP 	line4: autoDraw = False
458.1119 	EXP 	probe: autoDraw = False
458.1119 	EXP 	fixation: autoDraw = True
458.2696 	EXP 	Device response: <KeyPress from None: t=458.09439083299367, value=z, duration=0.16438550000020768>
459.1015 	EXP 	line1: autoDraw = True
459.1015 	EXP 	line2: autoDraw = True
459.1015 	EXP 	line3: autoDraw = True
459.1015 	EXP 	line4: autoDraw = True
459.1055 	EXP 	fixation: autoDraw = False
460.1018 	INFO 	Keyboard events cleared
460.1016 	EXP 	probe: autoDraw = True
460.7358 	EXP 	Device response: <KeyPress from None: t=460.7243502920028, value=x, duration=None>
460.7362 	EXP 	New trial (rep=1, index=3): <Trial 3 (3 in rep 1) data={'pos': np.int64(-50), 'corr_resp': 'x', 'thisN': 3, 'thisTrialN': 3, 'thisRepN': 1}>
460.7407 	DATA 	Keypress: x
460.7447 	EXP 	fixation: autoDraw = False
460.7447 	EXP 	line1: autoDraw = False
460.7447 	EXP 	line2: autoDraw = False
460.7447 	EXP 	line3: autoDraw = False
460.7447 	EXP 	line4: autoDraw = False
460.7447 	EXP 	probe: autoDraw = False
460.7447 	EXP 	fixation: autoDraw = True
460.8361 	EXP 	Device response: <KeyPress from None: t=460.7243502920028, value=x, duration=0.10034891599207185>
461.7350 	EXP 	line1: autoDraw = True
461.7350 	EXP 	line2: autoDraw = True
461.7350 	EXP 	line3: autoDraw = True
461.7350 	EXP 	line4: autoDraw = True
461.7397 	EXP 	fixation: autoDraw = False
462.7350 	INFO 	Keyboard events cleared
462.7348 	EXP 	probe: autoDraw = True
463.5191 	EXP 	Device response: <KeyPress from None: t=463.5133804579964, value=x, duration=None>
463.5196 	EXP 	New trial (rep=2, index=4): <Trial 4 (4 in rep 2) data={'pos': np.int64(-50), 'corr_resp': 'x', 'thisN': 4, 'thisTrialN': 4, 'thisRepN': 2}>
463.5239 	DATA 	Keypress: x
463.5278 	EXP 	fixation: autoDraw = False
463.5278 	EXP 	line1: autoDraw = False
463.5278 	EXP 	line2: autoDraw = False
463.5278 	EXP 	line3: autoDraw = False
463.5278 	EXP 	line4: autoDraw = False
463.5278 	EXP 	probe: autoDraw = False
463.5278 	EXP 	fixation: autoDraw = True
463.6362 	EXP 	Device response: <KeyPress from None: t=463.5133804579964, value=x, duration=0.11220770899672061>
464.5182 	EXP 	line1: autoDraw = True
464.5182 	EXP 	line2: autoDraw = True
464.5182 	EXP 	line3: autoDraw = True
464.5182 	EXP 	line4: autoDraw = True
464.5232 	EXP 	fixation: autoDraw = False
465.5182 	INFO 	Keyboard events cleared
465.5181 	EXP 	probe: autoDraw = True
466.0861 	EXP 	Device response: <KeyPress from None: t=466.0762775829935, value=x, duration=None>
466.0867 	EXP 	New trial (rep=3, index=5): <Trial 5 (5 in rep 3) data={'pos': np.int64(-50), 'corr_resp': 'x', 'thisN': 5, 'thisTrialN': 5, 'thisRepN': 3}>
466.0914 	DATA 	Keypress: x
466.0953 	EXP 	fixation: autoDraw = False
466.0953 	EXP 	line1: autoDraw = False
466.0953 	EXP 	line2: autoDraw = False
466.0953 	EXP 	line3: autoDraw = False
466.0953 	EXP 	line4: autoDraw = False
466.0953 	EXP 	probe: autoDraw = False
466.0953 	EXP 	fixation: autoDraw = True
466.1897 	EXP 	Device response: <KeyPress from None: t=466.0762775829935, value=x, duration=0.11218762501084711>
467.0848 	EXP 	line1: autoDraw = True
467.0848 	EXP 	line2: autoDraw = True
467.0848 	EXP 	line3: autoDraw = True
467.0848 	EXP 	line4: autoDraw = True
467.0907 	EXP 	fixation: autoDraw = False
468.0848 	INFO 	Keyboard events cleared
468.0847 	EXP 	probe: autoDraw = True
468.9741 	EXP 	Device response: <KeyPress from None: t=468.9732432079909, value=x, duration=None>
468.9745 	EXP 	New trial (rep=4, index=6): <Trial 6 (6 in rep 4) data={'pos': np.int64(-50), 'corr_resp': 'x', 'thisN': 6, 'thisTrialN': 6, 'thisRepN': 4}>
468.9790 	DATA 	Keypress: x
468.9837 	EXP 	fixation: autoDraw = False
468.9837 	EXP 	line1: autoDraw = False
468.9837 	EXP 	line2: autoDraw = False
468.9837 	EXP 	line3: autoDraw = False
468.9837 	EXP 	line4: autoDraw = False
468.9837 	EXP 	probe: autoDraw = False
468.9837 	EXP 	fixation: autoDraw = True
469.1226 	EXP 	Device response: <KeyPress from None: t=468.9732432079909, value=x, duration=0.14822270900185686>
469.9758 	EXP 	fixation: autoDraw = False
469.9758 	EXP 	line1: autoDraw = True
469.9758 	EXP 	line2: autoDraw = True
469.9758 	EXP 	line3: autoDraw = True
469.9758 	EXP 	line4: autoDraw = True
470.9732 	INFO 	Keyboard events cleared
470.9730 	EXP 	probe: autoDraw = True
471.2359 	EXP 	Device response: <KeyPress from None: t=471.2250880829961, value=x, duration=None>
471.2364 	EXP 	New trial (rep=0, index=7): <Trial 7 (7 in rep 0) data={'pos': np.int64(50), 'corr_resp': 'c', 'thisN': 7, 'thisTrialN': 7, 'thisRepN': 0}>
471.2416 	DATA 	Keypress: x
471.2455 	EXP 	fixation: autoDraw = False
471.2455 	EXP 	line1: autoDraw = False
471.2455 	EXP 	line2: autoDraw = False
471.2455 	EXP 	line3: autoDraw = False
471.2455 	EXP 	line4: autoDraw = False
471.2455 	EXP 	probe: autoDraw = False
471.2455 	EXP 	fixation: autoDraw = True
471.3361 	EXP 	Device response: <KeyPress from None: t=471.2250880829961, value=x, duration=0.1083919170050649>
472.2348 	EXP 	line1: autoDraw = True
472.2348 	EXP 	line2: autoDraw = True
472.2348 	EXP 	line3: autoDraw = True
472.2348 	EXP 	line4: autoDraw = True
472.2395 	EXP 	fixation: autoDraw = False
473.2349 	INFO 	Keyboard events cleared
473.2347 	EXP 	probe: autoDraw = True
473.8240 	EXP 	Device response: <KeyPress from None: t=473.82092354199267, value=c, duration=None>
473.8244 	EXP 	New trial (rep=1, index=8): <Trial 8 (8 in rep 1) data={'pos': np.int64(-150), 'corr_resp': 'z', 'thisN': 8, 'thisTrialN': 8, 'thisRepN': 1}>
473.8292 	DATA 	Keypress: c
473.8337 	EXP 	fixation: autoDraw = False
473.8337 	EXP 	line1: autoDraw = False
473.8337 	EXP 	line2: autoDraw = False
473.8337 	EXP 	line3: autoDraw = False
473.8337 	EXP 	line4: autoDraw = False
473.8337 	EXP 	probe: autoDraw = False
473.8337 	EXP 	fixation: autoDraw = True
473.9398 	EXP 	Device response: <KeyPress from None: t=473.82092354199267, value=c, duration=0.11643675000232179>
474.8240 	EXP 	fixation: autoDraw = False
474.8240 	EXP 	line1: autoDraw = True
474.8240 	EXP 	line2: autoDraw = True
474.8240 	EXP 	line3: autoDraw = True
474.8240 	EXP 	line4: autoDraw = True
475.8181 	INFO 	Keyboard events cleared
475.8179 	EXP 	probe: autoDraw = True
476.2585 	EXP 	Device response: <KeyPress from None: t=476.2539795000048, value=z, duration=None>
476.2589 	EXP 	New trial (rep=2, index=9): <Trial 9 (9 in rep 2) data={'pos': np.int64(-150), 'corr_resp': 'z', 'thisN': 9, 'thisTrialN': 9, 'thisRepN': 2}>
476.2636 	DATA 	Keypress: z
476.2677 	EXP 	fixation: autoDraw = False
476.2677 	EXP 	line1: autoDraw = False
476.2677 	EXP 	line2: autoDraw = False
476.2677 	EXP 	line3: autoDraw = False
476.2677 	EXP 	line4: autoDraw = False
476.2677 	EXP 	probe: autoDraw = False
476.2677 	EXP 	fixation: autoDraw = True
476.4698 	EXP 	Device response: <KeyPress from None: t=476.2539795000048, value=z, duration=0.2084962499939138>
477.2564 	EXP 	fixation: autoDraw = False
477.2564 	EXP 	line1: autoDraw = True
477.2564 	EXP 	line2: autoDraw = True
477.2564 	EXP 	line3: autoDraw = True
477.2564 	EXP 	line4: autoDraw = True
478.2594 	INFO 	Keyboard events cleared
478.2592 	EXP 	probe: autoDraw = True
478.7693 	EXP 	Device response: <KeyPress from None: t=478.75693008299277, value=z, duration=None>
478.7701 	EXP 	New trial (rep=1, index=10): <Trial 10 (10 in rep 1) data={'pos': np.int64(150), 'corr_resp': 'v', 'thisN': 10, 'thisTrialN': 10, 'thisRepN': 1}>
478.7754 	DATA 	Keypress: z
478.7794 	EXP 	fixation: autoDraw = False
478.7794 	EXP 	line1: autoDraw = False
478.7794 	EXP 	line2: autoDraw = False
478.7794 	EXP 	line3: autoDraw = False
478.7794 	EXP 	line4: autoDraw = False
478.7794 	EXP 	probe: autoDraw = False
478.7794 	EXP 	fixation: autoDraw = True
479.0569 	EXP 	Device response: <KeyPress from None: t=478.75693008299277, value=z, duration=0.29622083400317933>
479.7680 	EXP 	line1: autoDraw = True
479.7680 	EXP 	line2: autoDraw = True
479.7680 	EXP 	line3: autoDraw = True
479.7680 	EXP 	line4: autoDraw = True
479.7722 	EXP 	fixation: autoDraw = False
480.7681 	INFO 	Keyboard events cleared
480.7680 	EXP 	probe: autoDraw = True
481.4026 	EXP 	Device response: <KeyPress from None: t=481.3939542500011, value=v, duration=None>
481.4032 	EXP 	New trial (rep=1, index=11): <Trial 11 (11 in rep 1) data={'pos': np.int64(50), 'corr_resp': 'c', 'thisN': 11, 'thisTrialN': 11, 'thisRepN': 1}>
481.4084 	DATA 	Keypress: v
481.4125 	EXP 	fixation: autoDraw = False
481.4125 	EXP 	line1: autoDraw = False
481.4125 	EXP 	line2: autoDraw = False
481.4125 	EXP 	line3: autoDraw = False
481.4125 	EXP 	line4: autoDraw = False
481.4125 	EXP 	probe: autoDraw = False
481.4125 	EXP 	fixation: autoDraw = True
481.5698 	EXP 	Device response: <KeyPress from None: t=481.3939542500011, value=v, duration=0.16427149999071844>
482.4014 	EXP 	line1: autoDraw = True
482.4014 	EXP 	line2: autoDraw = True
482.4014 	EXP 	line3: autoDraw = True
482.4014 	EXP 	line4: autoDraw = True
482.4065 	EXP 	fixation: autoDraw = False
483.4014 	INFO 	Keyboard events cleared
483.4012 	EXP 	probe: autoDraw = True
483.9696 	EXP 	Device response: <KeyPress from None: t=483.96494141699804, value=c, duration=None>
483.9704 	EXP 	New trial (rep=3, index=12): <Trial 12 (12 in rep 3) data={'pos': np.int64(-150), 'corr_resp': 'z', 'thisN': 12, 'thisTrialN': 12, 'thisRepN': 3}>
483.9756 	DATA 	Keypress: c
483.9795 	EXP 	fixation: autoDraw = False
483.9795 	EXP 	line1: autoDraw = False
483.9795 	EXP 	line2: autoDraw = False
483.9795 	EXP 	line3: autoDraw = False
483.9795 	EXP 	line4: autoDraw = False
483.9795 	EXP 	probe: autoDraw = False
483.9795 	EXP 	fixation: autoDraw = True
484.0896 	EXP 	Device response: <KeyPress from None: t=483.96494141699804, value=c, duration=0.12021395799820311>
484.9679 	EXP 	line1: autoDraw = True
484.9679 	EXP 	line2: autoDraw = True
484.9679 	EXP 	line3: autoDraw = True
484.9679 	EXP 	line4: autoDraw = True
484.9728 	EXP 	fixation: autoDraw = False
485.9682 	INFO 	Keyboard events cleared
485.9680 	EXP 	probe: autoDraw = True
486.9404 	EXP 	Device response: <KeyPress from None: t=486.9367516670027, value=z, duration=None>
486.9408 	EXP 	New trial (rep=2, index=13): <Trial 13 (13 in rep 2) data={'pos': np.int64(50), 'corr_resp': 'c', 'thisN': 13, 'thisTrialN': 13, 'thisRepN': 2}>
486.9454 	DATA 	Keypress: z
486.9503 	EXP 	fixation: autoDraw = False
486.9503 	EXP 	line1: autoDraw = False
486.9503 	EXP 	line2: autoDraw = False
486.9503 	EXP 	line3: autoDraw = False
486.9503 	EXP 	line4: autoDraw = False
486.9503 	EXP 	probe: autoDraw = False
486.9503 	EXP 	fixation: autoDraw = True
487.1188 	EXP 	Device response: <KeyPress from None: t=486.9367516670027, value=z, duration=0.17226399999344721>
487.9406 	EXP 	fixation: autoDraw = False
487.9406 	EXP 	line1: autoDraw = True
487.9406 	EXP 	line2: autoDraw = True
487.9406 	EXP 	line3: autoDraw = True
487.9406 	EXP 	line4: autoDraw = True
488.9415 	INFO 	Keyboard events cleared
488.9414 	EXP 	probe: autoDraw = True
489.2860 	EXP 	Device response: <KeyPress from None: t=489.27766862499993, value=c, duration=None>
489.2865 	EXP 	New trial (rep=2, index=14): <Trial 14 (14 in rep 2) data={'pos': np.int64(150), 'corr_resp': 'v', 'thisN': 14, 'thisTrialN': 14, 'thisRepN': 2}>
489.2919 	DATA 	Keypress: c
489.2959 	EXP 	fixation: autoDraw = False
489.2959 	EXP 	line1: autoDraw = False
489.2959 	EXP 	line2: autoDraw = False
489.2959 	EXP 	line3: autoDraw = False
489.2959 	EXP 	line4: autoDraw = False
489.2959 	EXP 	probe: autoDraw = False
489.2959 	EXP 	fixation: autoDraw = True
489.4198 	EXP 	Device response: <KeyPress from None: t=489.27766862499993, value=c, duration=0.14038691700261552>
490.2845 	EXP 	line1: autoDraw = True
490.2845 	EXP 	line2: autoDraw = True
490.2845 	EXP 	line3: autoDraw = True
490.2845 	EXP 	line4: autoDraw = True
490.2887 	EXP 	fixation: autoDraw = False
491.2846 	INFO 	Keyboard events cleared
491.2845 	EXP 	probe: autoDraw = True
491.9028 	EXP 	Device response: <KeyPress from None: t=491.9015212499944, value=v, duration=None>
491.9034 	EXP 	New trial (rep=4, index=15): <Trial 15 (15 in rep 4) data={'pos': np.int64(-150), 'corr_resp': 'z', 'thisN': 15, 'thisTrialN': 15, 'thisRepN': 4}>
491.9085 	EXP 	fixation: autoDraw = False
491.9085 	EXP 	line1: autoDraw = False
491.9085 	EXP 	line2: autoDraw = False
491.9085 	EXP 	line3: autoDraw = False
491.9085 	EXP 	line4: autoDraw = False
491.9085 	EXP 	probe: autoDraw = False
491.9085 	EXP 	fixation: autoDraw = True
491.9119 	DATA 	Keypress: v
492.0691 	EXP 	Device response: <KeyPress from None: t=491.9015212499944, value=v, duration=0.16443370800698176>
492.9013 	EXP 	line1: autoDraw = True
492.9013 	EXP 	line2: autoDraw = True
492.9013 	EXP 	line3: autoDraw = True
492.9013 	EXP 	line4: autoDraw = True
492.9055 	EXP 	fixation: autoDraw = False
493.9013 	INFO 	Keyboard events cleared
493.9012 	EXP 	probe: autoDraw = True
494.3570 	EXP 	Device response: <KeyPress from None: t=494.3555461670039, value=z, duration=None>
494.3574 	EXP 	New trial (rep=5, index=16): <Trial 16 (16 in rep 5) data={'pos': np.int64(-150), 'corr_resp': 'z', 'thisN': 16, 'thisTrialN': 16, 'thisRepN': 5}>
494.3620 	DATA 	Keypress: z
494.3668 	EXP 	fixation: autoDraw = False
494.3668 	EXP 	line1: autoDraw = False
494.3668 	EXP 	line2: autoDraw = False
494.3668 	EXP 	line3: autoDraw = False
494.3668 	EXP 	line4: autoDraw = False
494.3668 	EXP 	probe: autoDraw = False
494.3668 	EXP 	fixation: autoDraw = True
494.6021 	EXP 	Device response: <KeyPress from None: t=494.3555461670039, value=z, duration=0.24043245799839497>
495.3576 	EXP 	fixation: autoDraw = False
495.3576 	EXP 	line1: autoDraw = True
495.3576 	EXP 	line2: autoDraw = True
495.3576 	EXP 	line3: autoDraw = True
495.3576 	EXP 	line4: autoDraw = True
496.3582 	INFO 	Keyboard events cleared
496.3581 	EXP 	probe: autoDraw = True
496.7857 	EXP 	Device response: <KeyPress from None: t=496.77885295799933, value=z, duration=None>
496.7863 	EXP 	New trial (rep=3, index=17): <Trial 17 (17 in rep 3) data={'pos': np.int64(150), 'corr_resp': 'v', 'thisN': 17, 'thisTrialN': 17, 'thisRepN': 3}>
496.7913 	DATA 	Keypress: z
496.7952 	EXP 	fixation: autoDraw = False
496.7952 	EXP 	line1: autoDraw = False
496.7952 	EXP 	line2: autoDraw = False
496.7952 	EXP 	line3: autoDraw = False
496.7952 	EXP 	line4: autoDraw = False
496.7952 	EXP 	probe: autoDraw = False
496.7952 	EXP 	fixation: autoDraw = True
496.9863 	EXP 	Device response: <KeyPress from None: t=496.77885295799933, value=z, duration=0.204038916999707>
497.7847 	EXP 	line1: autoDraw = True
497.7847 	EXP 	line2: autoDraw = True
497.7847 	EXP 	line3: autoDraw = True
497.7847 	EXP 	line4: autoDraw = True
497.7901 	EXP 	fixation: autoDraw = False
498.7847 	INFO 	Keyboard events cleared
498.7846 	EXP 	probe: autoDraw = True
499.2357 	EXP 	Device response: <KeyPress from None: t=499.2293855829921, value=v, duration=None>
499.2364 	EXP 	New trial (rep=4, index=18): <Trial 18 (18 in rep 4) data={'pos': np.int64(150), 'corr_resp': 'v', 'thisN': 18, 'thisTrialN': 18, 'thisRepN': 4}>
499.2414 	DATA 	Keypress: v
499.2453 	EXP 	fixation: autoDraw = False
499.2453 	EXP 	line1: autoDraw = False
499.2453 	EXP 	line2: autoDraw = False
499.2453 	EXP 	line3: autoDraw = False
499.2453 	EXP 	line4: autoDraw = False
499.2453 	EXP 	probe: autoDraw = False
499.2453 	EXP 	fixation: autoDraw = True
499.3855 	EXP 	Device response: <KeyPress from None: t=499.2293855829921, value=v, duration=0.14853400000720285>
500.2345 	EXP 	line1: autoDraw = True
500.2345 	EXP 	line2: autoDraw = True
500.2345 	EXP 	line3: autoDraw = True
500.2345 	EXP 	line4: autoDraw = True
500.2390 	EXP 	fixation: autoDraw = False
501.2344 	INFO 	Keyboard events cleared
501.2343 	EXP 	probe: autoDraw = True
501.6734 	EXP 	Device response: <KeyPress from None: t=501.67134041700047, value=v, duration=None>
501.6738 	EXP 	New trial (rep=6, index=19): <Trial 19 (19 in rep 6) data={'pos': np.int64(-150), 'corr_resp': 'z', 'thisN': 19, 'thisTrialN': 19, 'thisRepN': 6}>
501.6787 	DATA 	Keypress: v
501.6834 	EXP 	fixation: autoDraw = False
501.6834 	EXP 	line1: autoDraw = False
501.6834 	EXP 	line2: autoDraw = False
501.6834 	EXP 	line3: autoDraw = False
501.6834 	EXP 	line4: autoDraw = False
501.6834 	EXP 	probe: autoDraw = False
501.6834 	EXP 	fixation: autoDraw = True
501.7861 	EXP 	Device response: <KeyPress from None: t=501.67134041700047, value=v, duration=0.10839241600479>
502.6748 	EXP 	fixation: autoDraw = False
502.6748 	EXP 	line1: autoDraw = True
502.6748 	EXP 	line2: autoDraw = True
502.6748 	EXP 	line3: autoDraw = True
502.6748 	EXP 	line4: autoDraw = True
503.6679 	INFO 	Keyboard events cleared
503.6678 	EXP 	probe: autoDraw = True
504.0902 	EXP 	Device response: <KeyPress from None: t=504.0893344579963, value=z, duration=None>
504.0907 	EXP 	New trial (rep=7, index=20): <Trial 20 (20 in rep 7) data={'pos': np.int64(-150), 'corr_resp': 'z', 'thisN': 20, 'thisTrialN': 20, 'thisRepN': 7}>
504.0954 	DATA 	Keypress: z
504.1002 	EXP 	fixation: autoDraw = False
504.1002 	EXP 	line1: autoDraw = False
504.1002 	EXP 	line2: autoDraw = False
504.1002 	EXP 	line3: autoDraw = False
504.1002 	EXP 	line4: autoDraw = False
504.1002 	EXP 	probe: autoDraw = False
504.1002 	EXP 	fixation: autoDraw = True
504.3358 	EXP 	Device response: <KeyPress from None: t=504.0893344579963, value=z, duration=0.2362425000028452>
505.0897 	EXP 	fixation: autoDraw = False
505.0897 	EXP 	line1: autoDraw = True
505.0897 	EXP 	line2: autoDraw = True
505.0897 	EXP 	line3: autoDraw = True
505.0897 	EXP 	line4: autoDraw = True
506.0847 	INFO 	Keyboard events cleared
506.0845 	EXP 	probe: autoDraw = True
506.5023 	EXP 	Device response: <KeyPress from None: t=506.5002188329963, value=z, duration=None>
506.5030 	EXP 	New trial (rep=5, index=21): <Trial 21 (21 in rep 5) data={'pos': np.int64(-50), 'corr_resp': 'x', 'thisN': 21, 'thisTrialN': 21, 'thisRepN': 5}>
506.5085 	DATA 	Keypress: z
506.5125 	EXP 	fixation: autoDraw = False
506.5125 	EXP 	line1: autoDraw = False
506.5125 	EXP 	line2: autoDraw = False
506.5125 	EXP 	line3: autoDraw = False
506.5125 	EXP 	line4: autoDraw = False
506.5125 	EXP 	probe: autoDraw = False
506.5125 	EXP 	fixation: autoDraw = True
506.7193 	EXP 	Device response: <KeyPress from None: t=506.5002188329963, value=z, duration=0.2164030419953633>
507.5010 	EXP 	line1: autoDraw = True
507.5010 	EXP 	line2: autoDraw = True
507.5010 	EXP 	line3: autoDraw = True
507.5010 	EXP 	line4: autoDraw = True
507.5056 	EXP 	fixation: autoDraw = False
508.5013 	INFO 	Keyboard events cleared
508.5011 	EXP 	probe: autoDraw = True
508.8857 	EXP 	Device response: <KeyPress from None: t=508.8735467920051, value=x, duration=None>
508.8863 	EXP 	New trial (rep=5, index=22): <Trial 22 (22 in rep 5) data={'pos': np.int64(150), 'corr_resp': 'v', 'thisN': 22, 'thisTrialN': 22, 'thisRepN': 5}>
508.8917 	DATA 	Keypress: x
508.8957 	EXP 	fixation: autoDraw = False
508.8957 	EXP 	line1: autoDraw = False
508.8957 	EXP 	line2: autoDraw = False
508.8957 	EXP 	line3: autoDraw = False
508.8957 	EXP 	line4: autoDraw = False
508.8957 	EXP 	probe: autoDraw = False
508.8957 	EXP 	fixation: autoDraw = True
509.0530 	EXP 	Device response: <KeyPress from None: t=508.8735467920051, value=x, duration=0.17196362499089446>
509.8844 	EXP 	line1: autoDraw = True
509.8844 	EXP 	line2: autoDraw = True
509.8844 	EXP 	line3: autoDraw = True
509.8844 	EXP 	line4: autoDraw = True
509.8896 	EXP 	fixation: autoDraw = False
510.8846 	INFO 	Keyboard events cleared
510.8845 	EXP 	probe: autoDraw = True
511.2858 	EXP 	Device response: <KeyPress from None: t=511.27521037499537, value=v, duration=None>
511.2866 	EXP 	New trial (rep=8, index=23): <Trial 23 (23 in rep 8) data={'pos': np.int64(-150), 'corr_resp': 'z', 'thisN': 23, 'thisTrialN': 23, 'thisRepN': 8}>
511.2924 	DATA 	Keypress: v
511.2964 	EXP 	fixation: autoDraw = False
511.2964 	EXP 	line1: autoDraw = False
511.2964 	EXP 	line2: autoDraw = False
511.2964 	EXP 	line3: autoDraw = False
511.2964 	EXP 	line4: autoDraw = False
511.2964 	EXP 	probe: autoDraw = False
511.2964 	EXP 	fixation: autoDraw = True
511.5356 	EXP 	Device response: <KeyPress from None: t=511.27521037499537, value=v, duration=0.25238225000794046>
512.2844 	EXP 	line1: autoDraw = True
512.2844 	EXP 	line2: autoDraw = True
512.2844 	EXP 	line3: autoDraw = True
512.2844 	EXP 	line4: autoDraw = True
512.2891 	EXP 	fixation: autoDraw = False
513.2844 	INFO 	Keyboard events cleared
513.2843 	EXP 	probe: autoDraw = True
514.0026 	EXP 	Device response: <KeyPress from None: t=513.9990868750028, value=z, duration=None>
514.0033 	EXP 	New trial (rep=9, index=24): <Trial 24 (24 in rep 9) data={'pos': np.int64(-150), 'corr_resp': 'z', 'thisN': 24, 'thisTrialN': 24, 'thisRepN': 9}>
514.0083 	DATA 	Keypress: z
514.0125 	EXP 	fixation: autoDraw = False
514.0125 	EXP 	line1: autoDraw = False
514.0125 	EXP 	line2: autoDraw = False
514.0125 	EXP 	line3: autoDraw = False
514.0125 	EXP 	line4: autoDraw = False
514.0125 	EXP 	probe: autoDraw = False
514.0125 	EXP 	fixation: autoDraw = True
514.2357 	EXP 	Device response: <KeyPress from None: t=513.9990868750028, value=z, duration=0.22871491700061597>
515.0009 	EXP 	line1: autoDraw = True
515.0009 	EXP 	line2: autoDraw = True
515.0009 	EXP 	line3: autoDraw = True
515.0009 	EXP 	line4: autoDraw = True
515.0056 	EXP 	fixation: autoDraw = False
516.0012 	INFO 	Keyboard events cleared
516.0010 	EXP 	probe: autoDraw = True
516.3857 	EXP 	Device response: <KeyPress from None: t=516.381997000004, value=z, duration=None>
516.3863 	EXP 	New trial (rep=10, index=25): <Trial 25 (25 in rep 10) data={'pos': np.int64(-150), 'corr_resp': 'z', 'thisN': 25, 'thisTrialN': 25, 'thisRepN': 10}>
516.3920 	DATA 	Keypress: z
516.3960 	EXP 	fixation: autoDraw = False
516.3960 	EXP 	line1: autoDraw = False
516.3960 	EXP 	line2: autoDraw = False
516.3960 	EXP 	line3: autoDraw = False
516.3960 	EXP 	line4: autoDraw = False
516.3960 	EXP 	probe: autoDraw = False
516.3960 	EXP 	fixation: autoDraw = True
516.5692 	EXP 	Device response: <KeyPress from None: t=516.381997000004, value=z, duration=0.18438449999666773>
517.3843 	EXP 	line1: autoDraw = True
517.3843 	EXP 	line2: autoDraw = True
517.3843 	EXP 	line3: autoDraw = True
517.3843 	EXP 	line4: autoDraw = True
517.3892 	EXP 	fixation: autoDraw = False
518.3844 	INFO 	Keyboard events cleared
518.3843 	EXP 	probe: autoDraw = True
518.7902 	EXP 	Device response: <KeyPress from None: t=518.7880072919943, value=z, duration=None>
518.7907 	EXP 	New trial (rep=6, index=26): <Trial 26 (26 in rep 6) data={'pos': np.int64(-50), 'corr_resp': 'x', 'thisN': 26, 'thisTrialN': 26, 'thisRepN': 6}>
518.7957 	DATA 	Keypress: z
518.8002 	EXP 	fixation: autoDraw = False
518.8002 	EXP 	line1: autoDraw = False
518.8002 	EXP 	line2: autoDraw = False
518.8002 	EXP 	line3: autoDraw = False
518.8002 	EXP 	line4: autoDraw = False
518.8002 	EXP 	probe: autoDraw = False
518.8002 	EXP 	fixation: autoDraw = True
518.9696 	EXP 	Device response: <KeyPress from None: t=518.7880072919943, value=z, duration=0.16831729099794757>
519.7904 	EXP 	fixation: autoDraw = False
519.7904 	EXP 	line1: autoDraw = True
519.7904 	EXP 	line2: autoDraw = True
519.7904 	EXP 	line3: autoDraw = True
519.7904 	EXP 	line4: autoDraw = True
520.7892 	INFO 	Keyboard events cleared
520.7890 	EXP 	probe: autoDraw = True
521.1354 	EXP 	Device response: <KeyPress from None: t=521.1249879579991, value=x, duration=None>
521.1359 	EXP 	New trial (rep=3, index=27): <Trial 27 (27 in rep 3) data={'pos': np.int64(50), 'corr_resp': 'c', 'thisN': 27, 'thisTrialN': 27, 'thisRepN': 3}>
521.1408 	DATA 	Keypress: x
521.1448 	EXP 	fixation: autoDraw = False
521.1448 	EXP 	line1: autoDraw = False
521.1448 	EXP 	line2: autoDraw = False
521.1448 	EXP 	line3: autoDraw = False
521.1448 	EXP 	line4: autoDraw = False
521.1448 	EXP 	probe: autoDraw = False
521.1448 	EXP 	fixation: autoDraw = True
521.3068 	EXP 	Device response: <KeyPress from None: t=521.1249879579991, value=x, duration=0.1803129589970922>
522.1345 	EXP 	line1: autoDraw = True
522.1345 	EXP 	line2: autoDraw = True
522.1345 	EXP 	line3: autoDraw = True
522.1345 	EXP 	line4: autoDraw = True
522.1394 	EXP 	fixation: autoDraw = False
523.1345 	INFO 	Keyboard events cleared
523.1343 	EXP 	probe: autoDraw = True
523.4522 	EXP 	Device response: <KeyPress from None: t=523.448046791993, value=c, duration=None>
523.4528 	EXP 	New trial (rep=7, index=28): <Trial 28 (28 in rep 7) data={'pos': np.int64(-50), 'corr_resp': 'x', 'thisN': 28, 'thisTrialN': 28, 'thisRepN': 7}>
523.4581 	DATA 	Keypress: c
523.4622 	EXP 	fixation: autoDraw = False
523.4622 	EXP 	line1: autoDraw = False
523.4622 	EXP 	line2: autoDraw = False
523.4622 	EXP 	line3: autoDraw = False
523.4622 	EXP 	line4: autoDraw = False
523.4622 	EXP 	probe: autoDraw = False
523.4622 	EXP 	fixation: autoDraw = True
523.6021 	EXP 	Device response: <KeyPress from None: t=523.448046791993, value=c, duration=0.1520800410071388>
524.4509 	EXP 	line1: autoDraw = True
524.4509 	EXP 	line2: autoDraw = True
524.4509 	EXP 	line3: autoDraw = True
524.4509 	EXP 	line4: autoDraw = True
524.4555 	EXP 	fixation: autoDraw = False
525.4513 	INFO 	Keyboard events cleared
525.4510 	EXP 	probe: autoDraw = True
525.8398 	EXP 	Device response: <KeyPress from None: t=525.838897166992, value=c, duration=None>
525.8402 	EXP 	New trial (rep=4, index=29): <Trial 29 (29 in rep 4) data={'pos': np.int64(50), 'corr_resp': 'c', 'thisN': 29, 'thisTrialN': 29, 'thisRepN': 4}>
525.8449 	DATA 	Keypress: c
525.8499 	EXP 	fixation: autoDraw = False
525.8499 	EXP 	line1: autoDraw = False
525.8499 	EXP 	line2: autoDraw = False
525.8499 	EXP 	line3: autoDraw = False
525.8499 	EXP 	line4: autoDraw = False
525.8499 	EXP 	probe: autoDraw = False
525.8499 	EXP 	fixation: autoDraw = True
525.9527 	EXP 	Device response: <KeyPress from None: t=525.838897166992, value=c, duration=0.10014629100624006>
525.9686 	EXP 	Device response: <KeyPress from None: t=525.9649638749979, value=x, duration=None>
525.9760 	DATA 	Keypress: x
526.0852 	EXP 	Device response: <KeyPress from None: t=525.9649638749979, value=x, duration=0.11230537500523496>
526.8391 	EXP 	fixation: autoDraw = False
526.8391 	EXP 	line1: autoDraw = True
526.8391 	EXP 	line2: autoDraw = True
526.8391 	EXP 	line3: autoDraw = True
526.8391 	EXP 	line4: autoDraw = True
527.8408 	INFO 	Keyboard events cleared
527.8406 	EXP 	probe: autoDraw = True
528.2744 	EXP 	Device response: <KeyPress from None: t=528.2677805419953, value=c, duration=None>
528.2748 	EXP 	New trial (rep=11, index=30): <Trial 30 (30 in rep 11) data={'pos': np.int64(-150), 'corr_resp': 'z', 'thisN': 30, 'thisTrialN': 30, 'thisRepN': 11}>
528.2795 	DATA 	Keypress: c
528.2837 	EXP 	fixation: autoDraw = False
528.2837 	EXP 	line1: autoDraw = False
528.2837 	EXP 	line2: autoDraw = False
528.2837 	EXP 	line3: autoDraw = False
528.2837 	EXP 	line4: autoDraw = False
528.2837 	EXP 	probe: autoDraw = False
528.2837 	EXP 	fixation: autoDraw = True
528.3857 	EXP 	Device response: <KeyPress from None: t=528.2677805419953, value=c, duration=0.11229004099732265>
529.2731 	EXP 	fixation: autoDraw = False
529.2731 	EXP 	line1: autoDraw = True
529.2731 	EXP 	line2: autoDraw = True
529.2731 	EXP 	line3: autoDraw = True
529.2731 	EXP 	line4: autoDraw = True
530.2738 	INFO 	Keyboard events cleared
530.2737 	EXP 	probe: autoDraw = True
530.6354 	EXP 	Device response: <KeyPress from None: t=530.6237089579954, value=z, duration=None>
530.6362 	EXP 	New trial (rep=6, index=31): <Trial 31 (31 in rep 6) data={'pos': np.int64(150), 'corr_resp': 'v', 'thisN': 31, 'thisTrialN': 31, 'thisRepN': 6}>
530.6417 	DATA 	Keypress: z
530.6457 	EXP 	fixation: autoDraw = False
530.6457 	EXP 	line1: autoDraw = False
530.6457 	EXP 	line2: autoDraw = False
530.6457 	EXP 	line3: autoDraw = False
530.6457 	EXP 	line4: autoDraw = False
530.6457 	EXP 	probe: autoDraw = False
530.6457 	EXP 	fixation: autoDraw = True
530.7854 	EXP 	Device response: <KeyPress from None: t=530.6237089579954, value=z, duration=0.15635583399853203>
531.6342 	EXP 	line1: autoDraw = True
531.6342 	EXP 	line2: autoDraw = True
531.6342 	EXP 	line3: autoDraw = True
531.6342 	EXP 	line4: autoDraw = True
531.6404 	EXP 	fixation: autoDraw = False
532.6344 	INFO 	Keyboard events cleared
532.6342 	EXP 	probe: autoDraw = True
532.9574 	EXP 	Device response: <KeyPress from None: t=532.9557456670009, value=v, duration=None>
532.9578 	EXP 	New trial (rep=8, index=32): <Trial 32 (32 in rep 8) data={'pos': np.int64(-50), 'corr_resp': 'x', 'thisN': 32, 'thisTrialN': 32, 'thisRepN': 8}>
532.9626 	DATA 	Keypress: v
532.9669 	EXP 	fixation: autoDraw = False
532.9669 	EXP 	line1: autoDraw = False
532.9669 	EXP 	line2: autoDraw = False
532.9669 	EXP 	line3: autoDraw = False
532.9669 	EXP 	line4: autoDraw = False
532.9669 	EXP 	probe: autoDraw = False
532.9669 	EXP 	fixation: autoDraw = True
533.1187 	EXP 	Device response: <KeyPress from None: t=532.9557456670009, value=v, duration=0.15637083299225196>
533.9560 	EXP 	fixation: autoDraw = False
533.9560 	EXP 	line1: autoDraw = True
533.9560 	EXP 	line2: autoDraw = True
533.9560 	EXP 	line3: autoDraw = True
533.9560 	EXP 	line4: autoDraw = True
534.9572 	INFO 	Keyboard events cleared
534.9570 	EXP 	probe: autoDraw = True
535.2851 	EXP 	Device response: <KeyPress from None: t=535.2786611670017, value=x, duration=None>
535.2856 	EXP 	New trial (rep=7, index=33): <Trial 33 (33 in rep 7) data={'pos': np.int64(150), 'corr_resp': 'v', 'thisN': 33, 'thisTrialN': 33, 'thisRepN': 7}>
535.2899 	DATA 	Keypress: x
535.2935 	EXP 	fixation: autoDraw = False
535.2935 	EXP 	line1: autoDraw = False
535.2935 	EXP 	line2: autoDraw = False
535.2935 	EXP 	line3: autoDraw = False
535.2935 	EXP 	line4: autoDraw = False
535.2935 	EXP 	probe: autoDraw = False
535.2935 	EXP 	fixation: autoDraw = True
535.4026 	EXP 	Device response: <KeyPress from None: t=535.2786611670017, value=x, duration=0.12018191599054262>
536.2842 	EXP 	line1: autoDraw = True
536.2842 	EXP 	line2: autoDraw = True
536.2842 	EXP 	line3: autoDraw = True
536.2842 	EXP 	line4: autoDraw = True
536.2898 	EXP 	fixation: autoDraw = False
537.2842 	INFO 	Keyboard events cleared
537.2841 	EXP 	probe: autoDraw = True
537.5686 	EXP 	Device response: <KeyPress from None: t=537.5655868329923, value=v, duration=None>
537.5691 	EXP 	New trial (rep=9, index=34): <Trial 34 (34 in rep 9) data={'pos': np.int64(-50), 'corr_resp': 'x', 'thisN': 34, 'thisTrialN': 34, 'thisRepN': 9}>
537.5741 	EXP 	fixation: autoDraw = False
537.5741 	EXP 	line1: autoDraw = False
537.5741 	EXP 	line2: autoDraw = False
537.5741 	EXP 	line3: autoDraw = False
537.5741 	EXP 	line4: autoDraw = False
537.5741 	EXP 	probe: autoDraw = False
537.5741 	EXP 	fixation: autoDraw = True
537.5776 	DATA 	Keypress: v
537.7025 	EXP 	Device response: <KeyPress from None: t=537.5655868329923, value=v, duration=0.1241850840015104>
538.5675 	EXP 	line1: autoDraw = True
538.5675 	EXP 	line2: autoDraw = True
538.5675 	EXP 	line3: autoDraw = True
538.5675 	EXP 	line4: autoDraw = True
538.5732 	EXP 	fixation: autoDraw = False
539.5675 	INFO 	Keyboard events cleared
539.5674 	EXP 	probe: autoDraw = True
539.7521 	EXP 	Device response: <KeyPress from None: t=539.7466240829963, value=z, duration=None>
539.7528 	EXP 	New trial (rep=8, index=35): <Trial 35 (35 in rep 8) data={'pos': np.int64(150), 'corr_resp': 'v', 'thisN': 35, 'thisTrialN': 35, 'thisRepN': 8}>
539.7578 	DATA 	Keypress: z
539.7616 	EXP 	fixation: autoDraw = False
539.7616 	EXP 	line1: autoDraw = False
539.7616 	EXP 	line2: autoDraw = False
539.7616 	EXP 	line3: autoDraw = False
539.7616 	EXP 	line4: autoDraw = False
539.7616 	EXP 	probe: autoDraw = False
539.7616 	EXP 	fixation: autoDraw = True
539.8854 	EXP 	Device response: <KeyPress from None: t=539.7466240829963, value=z, duration=0.12815633400168736>
540.7510 	EXP 	line1: autoDraw = True
540.7510 	EXP 	line2: autoDraw = True
540.7510 	EXP 	line3: autoDraw = True
540.7510 	EXP 	line4: autoDraw = True
540.7551 	EXP 	fixation: autoDraw = False
541.7510 	INFO 	Keyboard events cleared
541.7509 	EXP 	probe: autoDraw = True
542.1852 	EXP 	Device response: <KeyPress from None: t=542.177510708003, value=v, duration=None>
542.1858 	EXP 	New trial (rep=10, index=36): <Trial 36 (36 in rep 10) data={'pos': np.int64(-50), 'corr_resp': 'x', 'thisN': 36, 'thisTrialN': 36, 'thisRepN': 10}>
542.1904 	DATA 	Keypress: v
542.1943 	EXP 	fixation: autoDraw = False
542.1943 	EXP 	line1: autoDraw = False
542.1943 	EXP 	line2: autoDraw = False
542.1943 	EXP 	line3: autoDraw = False
542.1943 	EXP 	line4: autoDraw = False
542.1943 	EXP 	probe: autoDraw = False
542.1943 	EXP 	fixation: autoDraw = True
542.2860 	EXP 	Device response: <KeyPress from None: t=542.177510708003, value=v, duration=0.10427270899526775>
543.1840 	EXP 	line1: autoDraw = True
543.1840 	EXP 	line2: autoDraw = True
543.1840 	EXP 	line3: autoDraw = True
543.1840 	EXP 	line4: autoDraw = True
543.1885 	EXP 	fixation: autoDraw = False
544.1842 	INFO 	Keyboard events cleared
544.1840 	EXP 	probe: autoDraw = True
544.7237 	EXP 	Device response: <KeyPress from None: t=544.7183977079985, value=x, duration=None>
544.7242 	EXP 	New trial (rep=11, index=37): <Trial 37 (37 in rep 11) data={'pos': np.int64(-50), 'corr_resp': 'x', 'thisN': 37, 'thisTrialN': 37, 'thisRepN': 11}>
544.7287 	DATA 	Keypress: x
544.7331 	EXP 	fixation: autoDraw = False
544.7331 	EXP 	line1: autoDraw = False
544.7331 	EXP 	line2: autoDraw = False
544.7331 	EXP 	line3: autoDraw = False
544.7331 	EXP 	line4: autoDraw = False
544.7331 	EXP 	probe: autoDraw = False
544.7331 	EXP 	fixation: autoDraw = True
544.8857 	EXP 	Device response: <KeyPress from None: t=544.7183977079985, value=x, duration=0.16435362500487827>
545.7247 	EXP 	fixation: autoDraw = False
545.7247 	EXP 	line1: autoDraw = True
545.7247 	EXP 	line2: autoDraw = True
545.7247 	EXP 	line3: autoDraw = True
545.7247 	EXP 	line4: autoDraw = True
546.7233 	INFO 	Keyboard events cleared
546.7232 	EXP 	probe: autoDraw = True
547.2189 	EXP 	Device response: <KeyPress from None: t=547.2144519580033, value=x, duration=None>
547.2194 	EXP 	New trial (rep=5, index=38): <Trial 38 (38 in rep 5) data={'pos': np.int64(50), 'corr_resp': 'c', 'thisN': 38, 'thisTrialN': 38, 'thisRepN': 5}>
547.2249 	DATA 	Keypress: x
547.2297 	EXP 	fixation: autoDraw = False
547.2297 	EXP 	line1: autoDraw = False
547.2297 	EXP 	line2: autoDraw = False
547.2297 	EXP 	line3: autoDraw = False
547.2297 	EXP 	line4: autoDraw = False
547.2297 	EXP 	probe: autoDraw = False
547.2297 	EXP 	fixation: autoDraw = True
547.3562 	EXP 	Device response: <KeyPress from None: t=547.2144519580033, value=x, duration=0.14021558398962952>
548.2172 	EXP 	line1: autoDraw = True
548.2172 	EXP 	line2: autoDraw = True
548.2172 	EXP 	line3: autoDraw = True
548.2172 	EXP 	line4: autoDraw = True
548.2228 	EXP 	fixation: autoDraw = False
549.2175 	INFO 	Keyboard events cleared
549.2173 	EXP 	probe: autoDraw = True
549.6350 	EXP 	Device response: <KeyPress from None: t=549.6335671249981, value=c, duration=None>
549.6355 	EXP 	New trial (rep=9, index=39): <Trial 39 (39 in rep 9) data={'pos': np.int64(150), 'corr_resp': 'v', 'thisN': 39, 'thisTrialN': 39, 'thisRepN': 9}>
549.6403 	DATA 	Keypress: c
549.6441 	EXP 	fixation: autoDraw = False
549.6441 	EXP 	line1: autoDraw = False
549.6441 	EXP 	line2: autoDraw = False
549.6441 	EXP 	line3: autoDraw = False
549.6441 	EXP 	line4: autoDraw = False
549.6441 	EXP 	probe: autoDraw = False
549.6441 	EXP 	fixation: autoDraw = True
549.8022 	EXP 	Device response: <KeyPress from None: t=549.6335671249981, value=c, duration=0.1641888750018552>
550.6341 	EXP 	line1: autoDraw = True
550.6341 	EXP 	line2: autoDraw = True
550.6341 	EXP 	line3: autoDraw = True
550.6341 	EXP 	line4: autoDraw = True
550.6397 	EXP 	fixation: autoDraw = False
551.6341 	INFO 	Keyboard events cleared
551.6339 	EXP 	probe: autoDraw = True
552.7078 	EXP 	Device response: <KeyPress from None: t=552.706193082995, value=v, duration=None>
552.7082 	EXP 	New trial (rep=10, index=40): <Trial 40 (40 in rep 10) data={'pos': np.int64(150), 'corr_resp': 'v', 'thisN': 40, 'thisTrialN': 40, 'thisRepN': 10}>
552.7131 	DATA 	Keypress: v
552.7171 	EXP 	fixation: autoDraw = False
552.7171 	EXP 	line1: autoDraw = False
552.7171 	EXP 	line2: autoDraw = False
552.7171 	EXP 	line3: autoDraw = False
552.7171 	EXP 	line4: autoDraw = False
552.7171 	EXP 	probe: autoDraw = False
552.7171 	EXP 	fixation: autoDraw = True
552.8561 	EXP 	Device response: <KeyPress from None: t=552.706193082995, value=v, duration=0.14839504200790543>
553.7076 	EXP 	fixation: autoDraw = False
553.7076 	EXP 	line1: autoDraw = True
553.7076 	EXP 	line2: autoDraw = True
553.7076 	EXP 	line3: autoDraw = True
553.7076 	EXP 	line4: autoDraw = True
554.7063 	INFO 	Keyboard events cleared
554.7061 	EXP 	probe: autoDraw = True
555.0683 	EXP 	Device response: <KeyPress from None: t=555.0601213329937, value=v, duration=None>
555.0688 	EXP 	New trial (rep=12, index=41): <Trial 41 (41 in rep 12) data={'pos': np.int64(-150), 'corr_resp': 'z', 'thisN': 41, 'thisTrialN': 41, 'thisRepN': 12}>
555.0735 	DATA 	Keypress: v
555.0775 	EXP 	fixation: autoDraw = False
555.0775 	EXP 	line1: autoDraw = False
555.0775 	EXP 	line2: autoDraw = False
555.0775 	EXP 	line3: autoDraw = False
555.0775 	EXP 	line4: autoDraw = False
555.0775 	EXP 	probe: autoDraw = False
555.0775 	EXP 	fixation: autoDraw = True
555.2185 	EXP 	Device response: <KeyPress from None: t=555.0601213329937, value=v, duration=0.1482981250010198>
556.0674 	EXP 	line1: autoDraw = True
556.0674 	EXP 	line2: autoDraw = True
556.0674 	EXP 	line3: autoDraw = True
556.0674 	EXP 	line4: autoDraw = True
556.0720 	EXP 	fixation: autoDraw = False
557.0678 	INFO 	Keyboard events cleared
557.0676 	EXP 	probe: autoDraw = True
557.5238 	EXP 	Device response: <KeyPress from None: t=557.5200269999914, value=z, duration=None>
557.5242 	EXP 	New trial (rep=11, index=42): <Trial 42 (42 in rep 11) data={'pos': np.int64(150), 'corr_resp': 'v', 'thisN': 42, 'thisTrialN': 42, 'thisRepN': 11}>
557.5290 	DATA 	Keypress: z
557.5333 	EXP 	fixation: autoDraw = False
557.5333 	EXP 	line1: autoDraw = False
557.5333 	EXP 	line2: autoDraw = False
557.5333 	EXP 	line3: autoDraw = False
557.5333 	EXP 	line4: autoDraw = False
557.5333 	EXP 	probe: autoDraw = False
557.5333 	EXP 	fixation: autoDraw = True
557.7060 	EXP 	Device response: <KeyPress from None: t=557.5200269999914, value=z, duration=0.18440212499990594>
558.5225 	EXP 	fixation: autoDraw = False
558.5225 	EXP 	line1: autoDraw = True
558.5225 	EXP 	line2: autoDraw = True
558.5225 	EXP 	line3: autoDraw = True
558.5225 	EXP 	line4: autoDraw = True
559.5250 	INFO 	Keyboard events cleared
559.5248 	EXP 	probe: autoDraw = True
559.9238 	EXP 	Device response: <KeyPress from None: t=559.9210286250018, value=v, duration=None>
559.9242 	EXP 	New trial (rep=12, index=43): <Trial 43 (43 in rep 12) data={'pos': np.int64(-50), 'corr_resp': 'x', 'thisN': 43, 'thisTrialN': 43, 'thisRepN': 12}>
559.9291 	DATA 	Keypress: v
559.9334 	EXP 	fixation: autoDraw = False
559.9334 	EXP 	line1: autoDraw = False
559.9334 	EXP 	line2: autoDraw = False
559.9334 	EXP 	line3: autoDraw = False
559.9334 	EXP 	line4: autoDraw = False
559.9334 	EXP 	probe: autoDraw = False
559.9334 	EXP 	fixation: autoDraw = True
560.0192 	EXP 	Device response: <KeyPress from None: t=559.9210286250018, value=v, duration=0.09624274999077898>
560.9218 	EXP 	fixation: autoDraw = False
560.9218 	EXP 	line1: autoDraw = True
560.9218 	EXP 	line2: autoDraw = True
560.9218 	EXP 	line3: autoDraw = True
560.9218 	EXP 	line4: autoDraw = True
561.9236 	INFO 	Keyboard events cleared
561.9235 	EXP 	probe: autoDraw = True
562.5852 	EXP 	Device response: <KeyPress from None: t=562.5799589999951, value=x, duration=None>
562.5858 	EXP 	New trial (rep=6, index=44): <Trial 44 (44 in rep 6) data={'pos': np.int64(50), 'corr_resp': 'c', 'thisN': 44, 'thisTrialN': 44, 'thisRepN': 6}>
562.5913 	DATA 	Keypress: x
562.5952 	EXP 	fixation: autoDraw = False
562.5952 	EXP 	line1: autoDraw = False
562.5952 	EXP 	line2: autoDraw = False
562.5952 	EXP 	line3: autoDraw = False
562.5952 	EXP 	line4: autoDraw = False
562.5952 	EXP 	probe: autoDraw = False
562.5952 	EXP 	fixation: autoDraw = True
562.7558 	EXP 	Device response: <KeyPress from None: t=562.5799589999951, value=x, duration=0.17230854200897738>
563.5838 	EXP 	line1: autoDraw = True
563.5838 	EXP 	line2: autoDraw = True
563.5838 	EXP 	line3: autoDraw = True
563.5838 	EXP 	line4: autoDraw = True
563.5887 	EXP 	fixation: autoDraw = False
564.5841 	INFO 	Keyboard events cleared
564.5839 	EXP 	probe: autoDraw = True
565.1019 	EXP 	Device response: <KeyPress from None: t=565.1000563749985, value=c, duration=None>
565.1026 	EXP 	New trial (rep=7, index=45): <Trial 45 (45 in rep 7) data={'pos': np.int64(50), 'corr_resp': 'c', 'thisN': 45, 'thisTrialN': 45, 'thisRepN': 7}>
565.1074 	EXP 	fixation: autoDraw = False
565.1074 	EXP 	line1: autoDraw = False
565.1074 	EXP 	line2: autoDraw = False
565.1074 	EXP 	line3: autoDraw = False
565.1074 	EXP 	line4: autoDraw = False
565.1074 	EXP 	probe: autoDraw = False
565.1074 	EXP 	fixation: autoDraw = True
565.1111 	DATA 	Keypress: c
565.2352 	EXP 	Device response: <KeyPress from None: t=565.1000563749985, value=c, duration=0.1241762080026092>
566.1007 	EXP 	line1: autoDraw = True
566.1007 	EXP 	line2: autoDraw = True
566.1007 	EXP 	line3: autoDraw = True
566.1007 	EXP 	line4: autoDraw = True
566.1062 	EXP 	fixation: autoDraw = False
567.1007 	INFO 	Keyboard events cleared
567.1005 	EXP 	probe: autoDraw = True
567.9849 	EXP 	Device response: <KeyPress from None: t=567.9819086670032, value=c, duration=None>
567.9856 	EXP 	New trial (rep=12, index=46): <Trial 46 (46 in rep 12) data={'pos': np.int64(150), 'corr_resp': 'v', 'thisN': 46, 'thisTrialN': 46, 'thisRepN': 12}>
567.9906 	EXP 	fixation: autoDraw = False
567.9906 	EXP 	line1: autoDraw = False
567.9906 	EXP 	line2: autoDraw = False
567.9906 	EXP 	line3: autoDraw = False
567.9906 	EXP 	line4: autoDraw = False
567.9906 	EXP 	probe: autoDraw = False
567.9906 	EXP 	fixation: autoDraw = True
567.9947 	DATA 	Keypress: c
568.1352 	EXP 	Device response: <KeyPress from None: t=567.9819086670032, value=c, duration=0.1443884999898728>
568.9838 	EXP 	line1: autoDraw = True
568.9838 	EXP 	line2: autoDraw = True
568.9838 	EXP 	line3: autoDraw = True
568.9838 	EXP 	line4: autoDraw = True
568.9893 	EXP 	fixation: autoDraw = False
569.9840 	INFO 	Keyboard events cleared
569.9838 	EXP 	probe: autoDraw = True
570.4186 	EXP 	Device response: <KeyPress from None: t=570.4097179579985, value=v, duration=None>
570.4191 	EXP 	New trial (rep=8, index=47): <Trial 47 (47 in rep 8) data={'pos': np.int64(50), 'corr_resp': 'c', 'thisN': 47, 'thisTrialN': 47, 'thisRepN': 8}>
570.4249 	DATA 	Keypress: v
570.4290 	EXP 	fixation: autoDraw = False
570.4290 	EXP 	line1: autoDraw = False
570.4290 	EXP 	line2: autoDraw = False
570.4290 	EXP 	line3: autoDraw = False
570.4290 	EXP 	line4: autoDraw = False
570.4290 	EXP 	probe: autoDraw = False
570.4290 	EXP 	fixation: autoDraw = True
570.5229 	EXP 	Device response: <KeyPress from None: t=570.4097179579985, value=v, duration=0.10842233400035184>
571.4172 	EXP 	line1: autoDraw = True
571.4172 	EXP 	line2: autoDraw = True
571.4172 	EXP 	line3: autoDraw = True
571.4172 	EXP 	line4: autoDraw = True
571.4219 	EXP 	fixation: autoDraw = False
572.4172 	INFO 	Keyboard events cleared
572.4171 	EXP 	probe: autoDraw = True
572.8243 	EXP 	Device response: <KeyPress from None: t=572.8177764169959, value=c, duration=None>
572.8246 	EXP 	New trial (rep=13, index=48): <Trial 48 (48 in rep 13) data={'pos': np.int64(150), 'corr_resp': 'v', 'thisN': 48, 'thisTrialN': 48, 'thisRepN': 13}>
572.8270 	DATA 	Keypress: c
572.8337 	EXP 	fixation: autoDraw = False
572.8337 	EXP 	line1: autoDraw = False
572.8337 	EXP 	line2: autoDraw = False
572.8337 	EXP 	line3: autoDraw = False
572.8337 	EXP 	line4: autoDraw = False
572.8337 	EXP 	probe: autoDraw = False
572.8337 	EXP 	fixation: autoDraw = True
572.9387 	EXP 	Device response: <KeyPress from None: t=572.8177764169959, value=c, duration=0.11627987500105519>
573.8222 	EXP 	fixation: autoDraw = False
573.8222 	EXP 	line1: autoDraw = True
573.8222 	EXP 	line2: autoDraw = True
573.8222 	EXP 	line3: autoDraw = True
573.8222 	EXP 	line4: autoDraw = True
574.8219 	INFO 	Keyboard events cleared
574.8218 	EXP 	probe: autoDraw = True
575.2010 	EXP 	Device response: <KeyPress from None: t=575.1928567080031, value=v, duration=None>
575.2013 	EXP 	New trial (rep=14, index=49): <Trial 49 (49 in rep 14) data={'pos': np.int64(150), 'corr_resp': 'v', 'thisN': 49, 'thisTrialN': 49, 'thisRepN': 14}>
575.2040 	DATA 	Keypress: v
575.2069 	EXP 	fixation: autoDraw = False
575.2069 	EXP 	line1: autoDraw = False
575.2069 	EXP 	line2: autoDraw = False
575.2069 	EXP 	line3: autoDraw = False
575.2069 	EXP 	line4: autoDraw = False
575.2069 	EXP 	probe: autoDraw = False
575.2069 	EXP 	fixation: autoDraw = True
575.3222 	EXP 	Device response: <KeyPress from None: t=575.1928567080031, value=v, duration=0.12807066699315328>
576.1883 	EXP 	line1: autoDraw = True
576.1883 	EXP 	line2: autoDraw = True
576.1883 	EXP 	line3: autoDraw = True
576.1883 	EXP 	line4: autoDraw = True
576.2042 	EXP 	fixation: autoDraw = False
577.1886 	INFO 	Keyboard events cleared
577.1884 	EXP 	probe: autoDraw = True
577.7847 	EXP 	Device response: <KeyPress from None: t=577.7746053750016, value=v, duration=None>
577.7850 	EXP 	New trial (rep=13, index=50): <Trial 50 (50 in rep 13) data={'pos': np.int64(-150), 'corr_resp': 'z', 'thisN': 50, 'thisTrialN': 50, 'thisRepN': 13}>
577.7886 	DATA 	Keypress: v
577.7923 	EXP 	fixation: autoDraw = False
577.7923 	EXP 	line1: autoDraw = False
577.7923 	EXP 	line2: autoDraw = False
577.7923 	EXP 	line3: autoDraw = False
577.7923 	EXP 	line4: autoDraw = False
577.7923 	EXP 	probe: autoDraw = False
577.7923 	EXP 	fixation: autoDraw = True
577.9011 	EXP 	Device response: <KeyPress from None: t=577.7746053750016, value=v, duration=0.124345958000049>
578.7840 	EXP 	line1: autoDraw = True
578.7840 	EXP 	line2: autoDraw = True
578.7840 	EXP 	line3: autoDraw = True
578.7840 	EXP 	line4: autoDraw = True
578.7896 	EXP 	fixation: autoDraw = False
579.7840 	INFO 	Keyboard events cleared
579.7838 	EXP 	probe: autoDraw = True
580.2218 	EXP 	Device response: <KeyPress from None: t=580.2175710419979, value=z, duration=None>
580.2221 	EXP 	New trial (rep=9, index=51): <Trial 51 (51 in rep 9) data={'pos': np.int64(50), 'corr_resp': 'c', 'thisN': 51, 'thisTrialN': 51, 'thisRepN': 9}>
580.2246 	DATA 	Keypress: z
580.2336 	EXP 	fixation: autoDraw = False
580.2336 	EXP 	line1: autoDraw = False
580.2336 	EXP 	line2: autoDraw = False
580.2336 	EXP 	line3: autoDraw = False
580.2336 	EXP 	line4: autoDraw = False
580.2336 	EXP 	probe: autoDraw = False
580.2336 	EXP 	fixation: autoDraw = True
580.4178 	EXP 	Device response: <KeyPress from None: t=580.2175710419979, value=z, duration=0.19224737500189804>
581.2171 	EXP 	line1: autoDraw = True
581.2171 	EXP 	line2: autoDraw = True
581.2171 	EXP 	line3: autoDraw = True
581.2171 	EXP 	line4: autoDraw = True
581.2220 	EXP 	fixation: autoDraw = False
582.2168 	INFO 	Keyboard events cleared
582.2168 	EXP 	probe: autoDraw = True
582.5720 	EXP 	Device response: <KeyPress from None: t=582.5695765830023, value=c, duration=None>
582.5723 	EXP 	New trial (rep=15, index=52): <Trial 52 (52 in rep 15) data={'pos': np.int64(150), 'corr_resp': 'v', 'thisN': 52, 'thisTrialN': 52, 'thisRepN': 15}>
582.5746 	DATA 	Keypress: c
582.5836 	EXP 	fixation: autoDraw = False
582.5836 	EXP 	line1: autoDraw = False
582.5836 	EXP 	line2: autoDraw = False
582.5836 	EXP 	line3: autoDraw = False
582.5836 	EXP 	line4: autoDraw = False
582.5836 	EXP 	probe: autoDraw = False
582.5836 	EXP 	fixation: autoDraw = True
582.6886 	EXP 	Device response: <KeyPress from None: t=582.5695765830023, value=c, duration=0.11624070900143124>
583.5670 	EXP 	line1: autoDraw = True
583.5670 	EXP 	line2: autoDraw = True
583.5670 	EXP 	line3: autoDraw = True
583.5670 	EXP 	line4: autoDraw = True
583.5721 	EXP 	fixation: autoDraw = False
584.5671 	INFO 	Keyboard events cleared
584.5670 	EXP 	probe: autoDraw = True
584.9847 	EXP 	Device response: <KeyPress from None: t=584.9764519169985, value=v, duration=None>
584.9851 	EXP 	New trial (rep=10, index=53): <Trial 53 (53 in rep 10) data={'pos': np.int64(50), 'corr_resp': 'c', 'thisN': 53, 'thisTrialN': 53, 'thisRepN': 10}>
584.9891 	DATA 	Keypress: v
584.9930 	EXP 	fixation: autoDraw = False
584.9930 	EXP 	line1: autoDraw = False
584.9930 	EXP 	line2: autoDraw = False
584.9930 	EXP 	line3: autoDraw = False
584.9930 	EXP 	line4: autoDraw = False
584.9930 	EXP 	probe: autoDraw = False
584.9930 	EXP 	fixation: autoDraw = True
585.1238 	EXP 	Device response: <KeyPress from None: t=584.9764519169985, value=v, duration=0.1443063750048168>
585.9837 	EXP 	line1: autoDraw = True
585.9837 	EXP 	line2: autoDraw = True
585.9837 	EXP 	line3: autoDraw = True
585.9837 	EXP 	line4: autoDraw = True
585.9883 	EXP 	fixation: autoDraw = False
586.9837 	INFO 	Keyboard events cleared
586.9836 	EXP 	probe: autoDraw = True
587.4226 	EXP 	Device response: <KeyPress from None: t=587.4203387919988, value=c, duration=None>
587.4230 	EXP 	New trial (rep=13, index=54): <Trial 54 (54 in rep 13) data={'pos': np.int64(-50), 'corr_resp': 'x', 'thisN': 54, 'thisTrialN': 54, 'thisRepN': 13}>
587.4275 	DATA 	Keypress: c
587.4326 	EXP 	fixation: autoDraw = False
587.4326 	EXP 	line1: autoDraw = False
587.4326 	EXP 	line2: autoDraw = False
587.4326 	EXP 	line3: autoDraw = False
587.4326 	EXP 	line4: autoDraw = False
587.4326 	EXP 	probe: autoDraw = False
587.4326 	EXP 	fixation: autoDraw = True
587.5393 	EXP 	Device response: <KeyPress from None: t=587.4203387919988, value=c, duration=0.11634808300004806>
588.4223 	EXP 	fixation: autoDraw = False
588.4223 	EXP 	line1: autoDraw = True
588.4223 	EXP 	line2: autoDraw = True
588.4223 	EXP 	line3: autoDraw = True
588.4223 	EXP 	line4: autoDraw = True
589.4228 	INFO 	Keyboard events cleared
589.4227 	EXP 	probe: autoDraw = True
589.9014 	EXP 	Device response: <KeyPress from None: t=589.896404166997, value=x, duration=None>
589.9018 	EXP 	New trial (rep=14, index=55): <Trial 55 (55 in rep 14) data={'pos': np.int64(-50), 'corr_resp': 'x', 'thisN': 55, 'thisTrialN': 55, 'thisRepN': 14}>
589.9062 	EXP 	fixation: autoDraw = False
589.9062 	EXP 	line1: autoDraw = False
589.9062 	EXP 	line2: autoDraw = False
589.9062 	EXP 	line3: autoDraw = False
589.9062 	EXP 	line4: autoDraw = False
589.9062 	EXP 	probe: autoDraw = False
589.9062 	EXP 	fixation: autoDraw = True
589.9097 	DATA 	Keypress: x
590.0679 	EXP 	Device response: <KeyPress from None: t=589.896404166997, value=x, duration=0.16027279100671876>
590.9003 	EXP 	line1: autoDraw = True
590.9003 	EXP 	line2: autoDraw = True
590.9003 	EXP 	line3: autoDraw = True
590.9003 	EXP 	line4: autoDraw = True
590.9056 	EXP 	fixation: autoDraw = False
591.9003 	INFO 	Keyboard events cleared
591.9002 	EXP 	probe: autoDraw = True
592.2679 	EXP 	Device response: <KeyPress from None: t=592.2562675829977, value=x, duration=None>
592.2683 	EXP 	New trial (rep=11, index=56): <Trial 56 (56 in rep 11) data={'pos': np.int64(50), 'corr_resp': 'c', 'thisN': 56, 'thisTrialN': 56, 'thisRepN': 11}>
592.2730 	DATA 	Keypress: x
592.2771 	EXP 	fixation: autoDraw = False
592.2771 	EXP 	line1: autoDraw = False
592.2771 	EXP 	line2: autoDraw = False
592.2771 	EXP 	line3: autoDraw = False
592.2771 	EXP 	line4: autoDraw = False
592.2771 	EXP 	probe: autoDraw = False
592.2771 	EXP 	fixation: autoDraw = True
592.3894 	EXP 	Device response: <KeyPress from None: t=592.2562675829977, value=x, duration=0.1322235840052599>
593.2669 	EXP 	line1: autoDraw = True
593.2669 	EXP 	line2: autoDraw = True
593.2669 	EXP 	line3: autoDraw = True
593.2669 	EXP 	line4: autoDraw = True
593.2717 	EXP 	fixation: autoDraw = False
594.2671 	INFO 	Keyboard events cleared
594.2669 	EXP 	probe: autoDraw = True
594.6394 	EXP 	Device response: <KeyPress from None: t=594.6371747919911, value=c, duration=None>
594.6398 	EXP 	New trial (rep=16, index=57): <Trial 57 (57 in rep 16) data={'pos': np.int64(150), 'corr_resp': 'v', 'thisN': 57, 'thisTrialN': 57, 'thisRepN': 16}>
594.6443 	DATA 	Keypress: c
594.6492 	EXP 	fixation: autoDraw = False
594.6492 	EXP 	line1: autoDraw = False
594.6492 	EXP 	line2: autoDraw = False
594.6492 	EXP 	line3: autoDraw = False
594.6492 	EXP 	line4: autoDraw = False
594.6492 	EXP 	probe: autoDraw = False
594.6492 	EXP 	fixation: autoDraw = True
594.7512 	EXP 	Device response: <KeyPress from None: t=594.6371747919911, value=c, duration=0.11239345801004674>
595.6385 	EXP 	fixation: autoDraw = False
595.6385 	EXP 	line1: autoDraw = True
595.6385 	EXP 	line2: autoDraw = True
595.6385 	EXP 	line3: autoDraw = True
595.6385 	EXP 	line4: autoDraw = True
596.6387 	INFO 	Keyboard events cleared
596.6385 	EXP 	probe: autoDraw = True
597.0012 	EXP 	Device response: <KeyPress from None: t=596.9931984580035, value=v, duration=None>
597.0017 	EXP 	New trial (rep=15, index=58): <Trial 58 (58 in rep 15) data={'pos': np.int64(-50), 'corr_resp': 'x', 'thisN': 58, 'thisTrialN': 58, 'thisRepN': 15}>
597.0065 	DATA 	Keypress: v
597.0105 	EXP 	fixation: autoDraw = False
597.0105 	EXP 	line1: autoDraw = False
597.0105 	EXP 	line2: autoDraw = False
597.0105 	EXP 	line3: autoDraw = False
597.0105 	EXP 	line4: autoDraw = False
597.0105 	EXP 	probe: autoDraw = False
597.0105 	EXP 	fixation: autoDraw = True
597.1347 	EXP 	Device response: <KeyPress from None: t=596.9931984580035, value=v, duration=0.13629979199322406>
598.0002 	EXP 	line1: autoDraw = True
598.0002 	EXP 	line2: autoDraw = True
598.0002 	EXP 	line3: autoDraw = True
598.0002 	EXP 	line4: autoDraw = True
598.0054 	EXP 	fixation: autoDraw = False
599.0003 	INFO 	Keyboard events cleared
599.0001 	EXP 	probe: autoDraw = True
599.5847 	EXP 	Device response: <KeyPress from None: t=599.5771946669993, value=x, duration=None>
599.5851 	EXP 	New trial (rep=16, index=59): <Trial 59 (59 in rep 16) data={'pos': np.int64(-50), 'corr_resp': 'x', 'thisN': 59, 'thisTrialN': 59, 'thisRepN': 16}>
599.5895 	DATA 	Keypress: x
599.5934 	EXP 	fixation: autoDraw = False
599.5934 	EXP 	line1: autoDraw = False
599.5934 	EXP 	line2: autoDraw = False
599.5934 	EXP 	line3: autoDraw = False
599.5934 	EXP 	line4: autoDraw = False
599.5934 	EXP 	probe: autoDraw = False
599.5934 	EXP 	fixation: autoDraw = True
599.7344 	EXP 	Device response: <KeyPress from None: t=599.5771946669993, value=x, duration=0.14830308299860917>
600.5834 	EXP 	line1: autoDraw = True
600.5834 	EXP 	line2: autoDraw = True
600.5834 	EXP 	line3: autoDraw = True
600.5834 	EXP 	line4: autoDraw = True
600.5882 	EXP 	fixation: autoDraw = False
601.5837 	INFO 	Keyboard events cleared
601.5835 	EXP 	probe: autoDraw = True
602.0013 	EXP 	Device response: <KeyPress from None: t=601.9899457499996, value=x, duration=None>
602.0017 	EXP 	New trial (rep=12, index=60): <Trial 60 (60 in rep 12) data={'pos': np.int64(50), 'corr_resp': 'c', 'thisN': 60, 'thisTrialN': 60, 'thisRepN': 12}>
602.0065 	DATA 	Keypress: x
602.0105 	EXP 	fixation: autoDraw = False
602.0105 	EXP 	line1: autoDraw = False
602.0105 	EXP 	line2: autoDraw = False
602.0105 	EXP 	line3: autoDraw = False
602.0105 	EXP 	line4: autoDraw = False
602.0105 	EXP 	probe: autoDraw = False
602.0105 	EXP 	fixation: autoDraw = True
602.1398 	EXP 	Device response: <KeyPress from None: t=601.9899457499996, value=x, duration=0.14441495800565463>
603.0001 	EXP 	line1: autoDraw = True
603.0001 	EXP 	line2: autoDraw = True
603.0001 	EXP 	line3: autoDraw = True
603.0001 	EXP 	line4: autoDraw = True
603.0055 	EXP 	fixation: autoDraw = False
604.0003 	INFO 	Keyboard events cleared
604.0002 	EXP 	probe: autoDraw = True
604.3225 	EXP 	Device response: <KeyPress from None: t=604.3180496249988, value=c, duration=None>
604.3229 	EXP 	New trial (rep=13, index=61): <Trial 61 (61 in rep 13) data={'pos': np.int64(50), 'corr_resp': 'c', 'thisN': 61, 'thisTrialN': 61, 'thisRepN': 13}>
604.3274 	DATA 	Keypress: c
604.3325 	EXP 	fixation: autoDraw = False
604.3325 	EXP 	line1: autoDraw = False
604.3325 	EXP 	line2: autoDraw = False
604.3325 	EXP 	line3: autoDraw = False
604.3325 	EXP 	line4: autoDraw = False
604.3325 	EXP 	probe: autoDraw = False
604.3325 	EXP 	fixation: autoDraw = True
604.4345 	EXP 	Device response: <KeyPress from None: t=604.3180496249988, value=c, duration=0.10417687500012107>
605.3225 	EXP 	fixation: autoDraw = False
605.3225 	EXP 	line1: autoDraw = True
605.3225 	EXP 	line2: autoDraw = True
605.3225 	EXP 	line3: autoDraw = True
605.3225 	EXP 	line4: autoDraw = True
606.3168 	INFO 	Keyboard events cleared
606.3167 	EXP 	probe: autoDraw = True
606.6400 	EXP 	Device response: <KeyPress from None: t=606.6388786669995, value=c, duration=None>
606.6404 	EXP 	New trial (rep=17, index=62): <Trial 62 (62 in rep 17) data={'pos': np.int64(-50), 'corr_resp': 'x', 'thisN': 62, 'thisTrialN': 62, 'thisRepN': 17}>
606.6451 	DATA 	Keypress: c
606.6493 	EXP 	fixation: autoDraw = False
606.6493 	EXP 	line1: autoDraw = False
606.6493 	EXP 	line2: autoDraw = False
606.6493 	EXP 	line3: autoDraw = False
606.6493 	EXP 	line4: autoDraw = False
606.6493 	EXP 	probe: autoDraw = False
606.6493 	EXP 	fixation: autoDraw = True
606.7676 	EXP 	Device response: <KeyPress from None: t=606.6388786669995, value=c, duration=0.12038779100112151>
607.6384 	EXP 	fixation: autoDraw = False
607.6384 	EXP 	line1: autoDraw = True
607.6384 	EXP 	line2: autoDraw = True
607.6384 	EXP 	line3: autoDraw = True
607.6384 	EXP 	line4: autoDraw = True
608.6391 	INFO 	Keyboard events cleared
608.6390 	EXP 	probe: autoDraw = True
609.6011 	EXP 	Device response: <KeyPress from None: t=609.5959983329958, value=x, duration=None>
609.6015 	EXP 	New trial (rep=14, index=63): <Trial 63 (63 in rep 14) data={'pos': np.int64(50), 'corr_resp': 'c', 'thisN': 63, 'thisTrialN': 63, 'thisRepN': 14}>
609.6062 	EXP 	fixation: autoDraw = False
609.6062 	EXP 	line1: autoDraw = False
609.6062 	EXP 	line2: autoDraw = False
609.6062 	EXP 	line3: autoDraw = False
609.6062 	EXP 	line4: autoDraw = False
609.6062 	EXP 	probe: autoDraw = False
609.6062 	EXP 	fixation: autoDraw = True
609.6102 	DATA 	Keypress: x
609.7726 	EXP 	Device response: <KeyPress from None: t=609.5959983329958, value=x, duration=0.17223620900767855>
610.6000 	EXP 	line1: autoDraw = True
610.6000 	EXP 	line2: autoDraw = True
610.6000 	EXP 	line3: autoDraw = True
610.6000 	EXP 	line4: autoDraw = True
610.6058 	EXP 	fixation: autoDraw = False
611.6002 	INFO 	Keyboard events cleared
611.6001 	EXP 	probe: autoDraw = True
612.1227 	EXP 	Device response: <KeyPress from None: t=612.1208311670052, value=c, duration=None>
612.1231 	EXP 	New trial (rep=15, index=64): <Trial 64 (64 in rep 15) data={'pos': np.int64(50), 'corr_resp': 'c', 'thisN': 64, 'thisTrialN': 64, 'thisRepN': 15}>
612.1277 	DATA 	Keypress: c
612.1324 	EXP 	fixation: autoDraw = False
612.1324 	EXP 	line1: autoDraw = False
612.1324 	EXP 	line2: autoDraw = False
612.1324 	EXP 	line3: autoDraw = False
612.1324 	EXP 	line4: autoDraw = False
612.1324 	EXP 	probe: autoDraw = False
612.1324 	EXP 	fixation: autoDraw = True
612.2509 	EXP 	Device response: <KeyPress from None: t=612.1208311670052, value=c, duration=0.12034024999593385>
613.1168 	EXP 	line1: autoDraw = True
613.1168 	EXP 	line2: autoDraw = True
613.1168 	EXP 	line3: autoDraw = True
613.1168 	EXP 	line4: autoDraw = True
613.1219 	EXP 	fixation: autoDraw = False
614.1213 	INFO 	Keyboard events cleared
614.1212 	EXP 	probe: autoDraw = True
614.5391 	EXP 	Device response: <KeyPress from None: t=614.5337699579977, value=c, duration=None>
614.5395 	EXP 	New trial (rep=14, index=65): <Trial 65 (65 in rep 14) data={'pos': np.int64(-150), 'corr_resp': 'z', 'thisN': 65, 'thisTrialN': 65, 'thisRepN': 14}>
614.5440 	DATA 	Keypress: c
614.5491 	EXP 	fixation: autoDraw = False
614.5491 	EXP 	line1: autoDraw = False
614.5491 	EXP 	line2: autoDraw = False
614.5491 	EXP 	line3: autoDraw = False
614.5491 	EXP 	line4: autoDraw = False
614.5491 	EXP 	probe: autoDraw = False
614.5491 	EXP 	fixation: autoDraw = True
614.6678 	EXP 	Device response: <KeyPress from None: t=614.5337699579977, value=c, duration=0.12433287499879953>
615.5334 	EXP 	line1: autoDraw = True
615.5334 	EXP 	line2: autoDraw = True
615.5334 	EXP 	line3: autoDraw = True
615.5334 	EXP 	line4: autoDraw = True
615.5384 	EXP 	fixation: autoDraw = False
616.5383 	INFO 	Keyboard events cleared
616.5381 	EXP 	probe: autoDraw = True
617.2344 	EXP 	Device response: <KeyPress from None: t=617.2216974579933, value=z, duration=None>
617.2348 	EXP 	New trial (rep=15, index=66): <Trial 66 (66 in rep 15) data={'pos': np.int64(-150), 'corr_resp': 'z', 'thisN': 66, 'thisTrialN': 66, 'thisRepN': 15}>
617.2395 	DATA 	Keypress: z
617.2435 	EXP 	fixation: autoDraw = False
617.2435 	EXP 	line1: autoDraw = False
617.2435 	EXP 	line2: autoDraw = False
617.2435 	EXP 	line3: autoDraw = False
617.2435 	EXP 	line4: autoDraw = False
617.2435 	EXP 	probe: autoDraw = False
617.2435 	EXP 	fixation: autoDraw = True
617.4178 	EXP 	Device response: <KeyPress from None: t=617.2216974579933, value=z, duration=0.1843722500052536>
618.2333 	EXP 	line1: autoDraw = True
618.2333 	EXP 	line2: autoDraw = True
618.2333 	EXP 	line3: autoDraw = True
618.2333 	EXP 	line4: autoDraw = True
618.2384 	EXP 	fixation: autoDraw = False
619.2334 	INFO 	Keyboard events cleared
619.2332 	EXP 	probe: autoDraw = True
619.7059 	EXP 	Device response: <KeyPress from None: t=619.7026355419948, value=z, duration=None>
619.7063 	EXP 	New trial (rep=16, index=67): <Trial 67 (67 in rep 16) data={'pos': np.int64(-150), 'corr_resp': 'z', 'thisN': 67, 'thisTrialN': 67, 'thisRepN': 16}>
619.7110 	DATA 	Keypress: z
619.7157 	EXP 	fixation: autoDraw = False
619.7157 	EXP 	line1: autoDraw = False
619.7157 	EXP 	line2: autoDraw = False
619.7157 	EXP 	line3: autoDraw = False
619.7157 	EXP 	line4: autoDraw = False
619.7157 	EXP 	probe: autoDraw = False
619.7157 	EXP 	fixation: autoDraw = True
619.9014 	EXP 	Device response: <KeyPress from None: t=619.7026355419948, value=z, duration=0.1883522910065949>
620.7056 	EXP 	fixation: autoDraw = False
620.7056 	EXP 	line1: autoDraw = True
620.7056 	EXP 	line2: autoDraw = True
620.7056 	EXP 	line3: autoDraw = True
620.7056 	EXP 	line4: autoDraw = True
621.7045 	INFO 	Keyboard events cleared
621.7044 	EXP 	probe: autoDraw = True
622.6227 	EXP 	Device response: <KeyPress from None: t=622.6205520420044, value=z, duration=None>
622.6231 	EXP 	New trial (rep=18, index=68): <Trial 68 (68 in rep 18) data={'pos': np.int64(-50), 'corr_resp': 'x', 'thisN': 68, 'thisTrialN': 68, 'thisRepN': 18}>
622.6277 	DATA 	Keypress: z
622.6323 	EXP 	fixation: autoDraw = False
622.6323 	EXP 	line1: autoDraw = False
622.6323 	EXP 	line2: autoDraw = False
622.6323 	EXP 	line3: autoDraw = False
622.6323 	EXP 	line4: autoDraw = False
622.6323 	EXP 	probe: autoDraw = False
622.6323 	EXP 	fixation: autoDraw = True
622.8509 	EXP 	Device response: <KeyPress from None: t=622.6205520420044, value=z, duration=0.22047587498673238>
623.6226 	EXP 	fixation: autoDraw = False
623.6226 	EXP 	line1: autoDraw = True
623.6226 	EXP 	line2: autoDraw = True
623.6226 	EXP 	line3: autoDraw = True
623.6226 	EXP 	line4: autoDraw = True
624.6216 	INFO 	Keyboard events cleared
624.6214 	EXP 	probe: autoDraw = True
625.1224 	EXP 	Device response: <KeyPress from None: t=625.1205157920049, value=x, duration=None>
625.1228 	EXP 	New trial (rep=17, index=69): <Trial 69 (69 in rep 17) data={'pos': np.int64(150), 'corr_resp': 'v', 'thisN': 69, 'thisTrialN': 69, 'thisRepN': 17}>
625.1262 	DATA 	Keypress: x
625.1334 	EXP 	fixation: autoDraw = False
625.1334 	EXP 	line1: autoDraw = False
625.1334 	EXP 	line2: autoDraw = False
625.1334 	EXP 	line3: autoDraw = False
625.1334 	EXP 	line4: autoDraw = False
625.1334 	EXP 	probe: autoDraw = False
625.1334 	EXP 	fixation: autoDraw = True
625.2883 	EXP 	Device response: <KeyPress from None: t=625.1205157920049, value=x, duration=0.16435495798941702>
626.1166 	EXP 	line1: autoDraw = True
626.1166 	EXP 	line2: autoDraw = True
626.1166 	EXP 	line3: autoDraw = True
626.1166 	EXP 	line4: autoDraw = True
626.1215 	EXP 	fixation: autoDraw = False
627.1215 	INFO 	Keyboard events cleared
627.1214 	EXP 	probe: autoDraw = True
627.4890 	EXP 	Device response: <KeyPress from None: t=627.4854491250007, value=v, duration=None>
627.4894 	EXP 	New trial (rep=19, index=70): <Trial 70 (70 in rep 19) data={'pos': np.int64(-50), 'corr_resp': 'x', 'thisN': 70, 'thisTrialN': 70, 'thisRepN': 19}>
627.4933 	DATA 	Keypress: v
627.4993 	EXP 	fixation: autoDraw = False
627.4993 	EXP 	line1: autoDraw = False
627.4993 	EXP 	line2: autoDraw = False
627.4993 	EXP 	line3: autoDraw = False
627.4993 	EXP 	line4: autoDraw = False
627.4993 	EXP 	probe: autoDraw = False
627.4993 	EXP 	fixation: autoDraw = True
627.6676 	EXP 	Device response: <KeyPress from None: t=627.4854491250007, value=v, duration=0.17226054199272767>
628.4887 	EXP 	fixation: autoDraw = False
628.4887 	EXP 	line1: autoDraw = True
628.4887 	EXP 	line2: autoDraw = True
628.4887 	EXP 	line3: autoDraw = True
628.4887 	EXP 	line4: autoDraw = True
629.4890 	INFO 	Keyboard events cleared
629.4888 	EXP 	probe: autoDraw = True
630.0675 	EXP 	Device response: <KeyPress from None: t=630.0552998749918, value=x, duration=None>
630.0678 	EXP 	New trial (rep=20, index=71): <Trial 71 (71 in rep 20) data={'pos': np.int64(-50), 'corr_resp': 'x', 'thisN': 71, 'thisTrialN': 71, 'thisRepN': 20}>
630.0713 	DATA 	Keypress: x
630.0749 	EXP 	fixation: autoDraw = False
630.0749 	EXP 	line1: autoDraw = False
630.0749 	EXP 	line2: autoDraw = False
630.0749 	EXP 	line3: autoDraw = False
630.0749 	EXP 	line4: autoDraw = False
630.0749 	EXP 	probe: autoDraw = False
630.0749 	EXP 	fixation: autoDraw = True
630.2048 	EXP 	Device response: <KeyPress from None: t=630.0552998749918, value=x, duration=0.1484065830009058>
631.0665 	EXP 	line1: autoDraw = True
631.0665 	EXP 	line2: autoDraw = True
631.0665 	EXP 	line3: autoDraw = True
631.0665 	EXP 	line4: autoDraw = True
631.0714 	EXP 	fixation: autoDraw = False
632.0666 	INFO 	Keyboard events cleared
632.0664 	EXP 	probe: autoDraw = True
633.0174 	EXP 	Device response: <KeyPress from None: t=633.0142155829963, value=x, duration=None>
633.0178 	EXP 	New trial (rep=17, index=72): <Trial 72 (72 in rep 17) data={'pos': np.int64(-150), 'corr_resp': 'z', 'thisN': 72, 'thisTrialN': 72, 'thisRepN': 17}>
633.0222 	EXP 	fixation: autoDraw = False
633.0222 	EXP 	line1: autoDraw = False
633.0222 	EXP 	line2: autoDraw = False
633.0222 	EXP 	line3: autoDraw = False
633.0222 	EXP 	line4: autoDraw = False
633.0222 	EXP 	probe: autoDraw = False
633.0222 	EXP 	fixation: autoDraw = True
633.0254 	DATA 	Keypress: x
633.1841 	EXP 	Device response: <KeyPress from None: t=633.0142155829963, value=x, duration=0.16833358400617726>
634.0166 	EXP 	fixation: autoDraw = False
634.0166 	EXP 	line1: autoDraw = True
634.0166 	EXP 	line2: autoDraw = True
634.0166 	EXP 	line3: autoDraw = True
634.0166 	EXP 	line4: autoDraw = True
635.0166 	INFO 	Keyboard events cleared
635.0165 	EXP 	probe: autoDraw = True
635.5726 	EXP 	Device response: <KeyPress from None: t=635.5691559580009, value=z, duration=None>
635.5730 	EXP 	New trial (rep=21, index=73): <Trial 73 (73 in rep 21) data={'pos': np.int64(-50), 'corr_resp': 'x', 'thisN': 73, 'thisTrialN': 73, 'thisRepN': 21}>
635.5773 	DATA 	Keypress: z
635.5822 	EXP 	fixation: autoDraw = False
635.5822 	EXP 	line1: autoDraw = False
635.5822 	EXP 	line2: autoDraw = False
635.5822 	EXP 	line3: autoDraw = False
635.5822 	EXP 	line4: autoDraw = False
635.5822 	EXP 	probe: autoDraw = False
635.5822 	EXP 	fixation: autoDraw = True
635.7384 	EXP 	Device response: <KeyPress from None: t=635.5691559580009, value=z, duration=0.16439545899629593>
636.5666 	EXP 	line1: autoDraw = True
636.5666 	EXP 	line2: autoDraw = True
636.5666 	EXP 	line3: autoDraw = True
636.5666 	EXP 	line4: autoDraw = True
636.5717 	EXP 	fixation: autoDraw = False
637.5717 	INFO 	Keyboard events cleared
637.5715 	EXP 	probe: autoDraw = True
638.0678 	EXP 	Device response: <KeyPress from None: t=638.0590975829982, value=x, duration=None>
638.0683 	EXP 	New trial (rep=22, index=74): <Trial 74 (74 in rep 22) data={'pos': np.int64(-50), 'corr_resp': 'x', 'thisN': 74, 'thisTrialN': 74, 'thisRepN': 22}>
638.0731 	DATA 	Keypress: x
638.0769 	EXP 	fixation: autoDraw = False
638.0769 	EXP 	line1: autoDraw = False
638.0769 	EXP 	line2: autoDraw = False
638.0769 	EXP 	line3: autoDraw = False
638.0769 	EXP 	line4: autoDraw = False
638.0769 	EXP 	probe: autoDraw = False
638.0769 	EXP 	fixation: autoDraw = True
638.1882 	EXP 	Device response: <KeyPress from None: t=638.0590975829982, value=x, duration=0.12838604199350812>
639.0665 	EXP 	line1: autoDraw = True
639.0665 	EXP 	line2: autoDraw = True
639.0665 	EXP 	line3: autoDraw = True
639.0665 	EXP 	line4: autoDraw = True
639.0713 	EXP 	fixation: autoDraw = False
640.0667 	INFO 	Keyboard events cleared
640.0666 	EXP 	probe: autoDraw = True
640.4674 	EXP 	Device response: <KeyPress from None: t=640.4651805419999, value=x, duration=None>
640.4678 	EXP 	New trial (rep=16, index=75): <Trial 75 (75 in rep 16) data={'pos': np.int64(50), 'corr_resp': 'c', 'thisN': 75, 'thisTrialN': 75, 'thisRepN': 16}>
640.4722 	EXP 	fixation: autoDraw = False
640.4722 	EXP 	line1: autoDraw = False
640.4722 	EXP 	line2: autoDraw = False
640.4722 	EXP 	line3: autoDraw = False
640.4722 	EXP 	line4: autoDraw = False
640.4722 	EXP 	probe: autoDraw = False
640.4722 	EXP 	fixation: autoDraw = True
640.4755 	DATA 	Keypress: x
640.6221 	EXP 	Device response: <KeyPress from None: t=640.4651805419999, value=x, duration=0.1522793750045821>
641.4665 	EXP 	fixation: autoDraw = False
641.4665 	EXP 	line1: autoDraw = True
641.4665 	EXP 	line2: autoDraw = True
641.4665 	EXP 	line3: autoDraw = True
641.4665 	EXP 	line4: autoDraw = True
642.4665 	INFO 	Keyboard events cleared
642.4664 	EXP 	probe: autoDraw = True
642.7842 	EXP 	Device response: <KeyPress from None: t=642.7831238749932, value=c, duration=None>
642.7846 	EXP 	New trial (rep=23, index=76): <Trial 76 (76 in rep 23) data={'pos': np.int64(-50), 'corr_resp': 'x', 'thisN': 76, 'thisTrialN': 76, 'thisRepN': 23}>
642.7891 	EXP 	fixation: autoDraw = False
642.7891 	EXP 	line1: autoDraw = False
642.7891 	EXP 	line2: autoDraw = False
642.7891 	EXP 	line3: autoDraw = False
642.7891 	EXP 	line4: autoDraw = False
642.7891 	EXP 	probe: autoDraw = False
642.7891 	EXP 	fixation: autoDraw = True
642.7927 	DATA 	Keypress: c
642.9009 	EXP 	Device response: <KeyPress from None: t=642.7831238749932, value=c, duration=0.10841850000724662>
643.7831 	EXP 	line1: autoDraw = True
643.7831 	EXP 	line2: autoDraw = True
643.7831 	EXP 	line3: autoDraw = True
643.7831 	EXP 	line4: autoDraw = True
643.7886 	EXP 	fixation: autoDraw = False
644.7834 	INFO 	Keyboard events cleared
644.7833 	EXP 	probe: autoDraw = True
645.1675 	EXP 	Device response: <KeyPress from None: t=645.1579520829982, value=x, duration=None>
645.1680 	EXP 	New trial (rep=18, index=77): <Trial 77 (77 in rep 18) data={'pos': np.int64(150), 'corr_resp': 'v', 'thisN': 77, 'thisTrialN': 77, 'thisRepN': 18}>
645.1725 	DATA 	Keypress: x
645.1765 	EXP 	fixation: autoDraw = False
645.1765 	EXP 	line1: autoDraw = False
645.1765 	EXP 	line2: autoDraw = False
645.1765 	EXP 	line3: autoDraw = False
645.1765 	EXP 	line4: autoDraw = False
645.1765 	EXP 	probe: autoDraw = False
645.1765 	EXP 	fixation: autoDraw = True
645.3059 	EXP 	Device response: <KeyPress from None: t=645.1579520829982, value=x, duration=0.14338437499827705>
646.1666 	EXP 	line1: autoDraw = True
646.1666 	EXP 	line2: autoDraw = True
646.1666 	EXP 	line3: autoDraw = True
646.1666 	EXP 	line4: autoDraw = True
646.1719 	EXP 	fixation: autoDraw = False
647.1668 	INFO 	Keyboard events cleared
647.1666 	EXP 	probe: autoDraw = True
647.5011 	EXP 	Device response: <KeyPress from None: t=647.4930624580011, value=v, duration=None>
647.5016 	EXP 	New trial (rep=24, index=78): <Trial 78 (78 in rep 24) data={'pos': np.int64(-50), 'corr_resp': 'x', 'thisN': 78, 'thisTrialN': 78, 'thisRepN': 24}>
647.5064 	DATA 	Keypress: v
647.5103 	EXP 	fixation: autoDraw = False
647.5103 	EXP 	line1: autoDraw = False
647.5103 	EXP 	line2: autoDraw = False
647.5103 	EXP 	line3: autoDraw = False
647.5103 	EXP 	line4: autoDraw = False
647.5103 	EXP 	probe: autoDraw = False
647.5103 	EXP 	fixation: autoDraw = True
647.6505 	EXP 	Device response: <KeyPress from None: t=647.4930624580011, value=v, duration=0.15612745899125002>
648.4998 	EXP 	line1: autoDraw = True
648.4998 	EXP 	line2: autoDraw = True
648.4998 	EXP 	line3: autoDraw = True
648.4998 	EXP 	line4: autoDraw = True
648.5046 	EXP 	fixation: autoDraw = False
649.5001 	INFO 	Keyboard events cleared
649.4999 	EXP 	probe: autoDraw = True
649.9676 	EXP 	Device response: <KeyPress from None: t=649.9651371670043, value=x, duration=None>
649.9682 	EXP 	New trial (rep=17, index=79): <Trial 79 (79 in rep 17) data={'pos': np.int64(50), 'corr_resp': 'c', 'thisN': 79, 'thisTrialN': 79, 'thisRepN': 17}>
649.9728 	EXP 	fixation: autoDraw = False
649.9728 	EXP 	line1: autoDraw = False
649.9728 	EXP 	line2: autoDraw = False
649.9728 	EXP 	line3: autoDraw = False
649.9728 	EXP 	line4: autoDraw = False
649.9728 	EXP 	probe: autoDraw = False
649.9728 	EXP 	fixation: autoDraw = True
649.9764 	DATA 	Keypress: x
650.1174 	EXP 	Device response: <KeyPress from None: t=649.9651371670043, value=x, duration=0.14809145798790269>
650.9663 	EXP 	line1: autoDraw = True
650.9663 	EXP 	line2: autoDraw = True
650.9663 	EXP 	line3: autoDraw = True
650.9663 	EXP 	line4: autoDraw = True
650.9711 	EXP 	fixation: autoDraw = False
651.9665 	INFO 	Keyboard events cleared
651.9664 	EXP 	probe: autoDraw = True
652.2840 	EXP 	Device response: <KeyPress from None: t=652.2728848330007, value=c, duration=None>
652.2844 	EXP 	New trial (rep=18, index=80): <Trial 80 (80 in rep 18) data={'pos': np.int64(-150), 'corr_resp': 'z', 'thisN': 80, 'thisTrialN': 80, 'thisRepN': 18}>
652.2891 	DATA 	Keypress: c
652.2930 	EXP 	fixation: autoDraw = False
652.2930 	EXP 	line1: autoDraw = False
652.2930 	EXP 	line2: autoDraw = False
652.2930 	EXP 	line3: autoDraw = False
652.2930 	EXP 	line4: autoDraw = False
652.2930 	EXP 	probe: autoDraw = False
652.2930 	EXP 	fixation: autoDraw = True
652.4010 	EXP 	Device response: <KeyPress from None: t=652.2728848330007, value=c, duration=0.11622716700367164>
653.2830 	EXP 	line1: autoDraw = True
653.2830 	EXP 	line2: autoDraw = True
653.2830 	EXP 	line3: autoDraw = True
653.2830 	EXP 	line4: autoDraw = True
653.2878 	EXP 	fixation: autoDraw = False
654.2832 	INFO 	Keyboard events cleared
654.2831 	EXP 	probe: autoDraw = True
654.6340 	EXP 	Device response: <KeyPress from None: t=654.6268112919934, value=z, duration=None>
654.6344 	EXP 	New trial (rep=19, index=81): <Trial 81 (81 in rep 19) data={'pos': np.int64(150), 'corr_resp': 'v', 'thisN': 81, 'thisTrialN': 81, 'thisRepN': 19}>
654.6390 	DATA 	Keypress: z
654.6428 	EXP 	fixation: autoDraw = False
654.6428 	EXP 	line1: autoDraw = False
654.6428 	EXP 	line2: autoDraw = False
654.6428 	EXP 	line3: autoDraw = False
654.6428 	EXP 	line4: autoDraw = False
654.6428 	EXP 	probe: autoDraw = False
654.6428 	EXP 	fixation: autoDraw = True
654.7878 	EXP 	Device response: <KeyPress from None: t=654.6268112919934, value=z, duration=0.1603552910091821>
655.6330 	EXP 	line1: autoDraw = True
655.6330 	EXP 	line2: autoDraw = True
655.6330 	EXP 	line3: autoDraw = True
655.6330 	EXP 	line4: autoDraw = True
655.6378 	EXP 	fixation: autoDraw = False
656.6332 	INFO 	Keyboard events cleared
656.6331 	EXP 	probe: autoDraw = True
657.0389 	EXP 	Device response: <KeyPress from None: t=657.0347133329924, value=v, duration=None>
657.0393 	EXP 	New trial (rep=25, index=82): <Trial 82 (82 in rep 25) data={'pos': np.int64(-50), 'corr_resp': 'x', 'thisN': 82, 'thisTrialN': 82, 'thisRepN': 25}>
657.0436 	DATA 	Keypress: v
657.0488 	EXP 	fixation: autoDraw = False
657.0488 	EXP 	line1: autoDraw = False
657.0488 	EXP 	line2: autoDraw = False
657.0488 	EXP 	line3: autoDraw = False
657.0488 	EXP 	line4: autoDraw = False
657.0488 	EXP 	probe: autoDraw = False
657.0488 	EXP 	fixation: autoDraw = True
657.1714 	EXP 	Device response: <KeyPress from None: t=657.0347133329924, value=v, duration=0.13233929200214334>
658.0379 	EXP 	fixation: autoDraw = False
658.0379 	EXP 	line1: autoDraw = True
658.0379 	EXP 	line2: autoDraw = True
658.0379 	EXP 	line3: autoDraw = True
658.0379 	EXP 	line4: autoDraw = True
659.0379 	INFO 	Keyboard events cleared
659.0377 	EXP 	probe: autoDraw = True
659.4176 	EXP 	Device response: <KeyPress from None: t=659.4107642919989, value=x, duration=None>
659.4180 	EXP 	New trial (rep=19, index=83): <Trial 83 (83 in rep 19) data={'pos': np.int64(-150), 'corr_resp': 'z', 'thisN': 83, 'thisTrialN': 83, 'thisRepN': 19}>
659.4225 	DATA 	Keypress: x
659.4264 	EXP 	fixation: autoDraw = False
659.4264 	EXP 	line1: autoDraw = False
659.4264 	EXP 	line2: autoDraw = False
659.4264 	EXP 	line3: autoDraw = False
659.4264 	EXP 	line4: autoDraw = False
659.4264 	EXP 	probe: autoDraw = False
659.4264 	EXP 	fixation: autoDraw = True
659.5675 	EXP 	Device response: <KeyPress from None: t=659.4107642919989, value=x, duration=0.14731737499823794>
660.4162 	EXP 	line1: autoDraw = True
660.4162 	EXP 	line2: autoDraw = True
660.4162 	EXP 	line3: autoDraw = True
660.4162 	EXP 	line4: autoDraw = True
660.4209 	EXP 	fixation: autoDraw = False
661.4165 	INFO 	Keyboard events cleared
661.4163 	EXP 	probe: autoDraw = True
661.8008 	EXP 	Device response: <KeyPress from None: t=661.7976883749943, value=z, duration=None>
661.8012 	EXP 	New trial (rep=18, index=84): <Trial 84 (84 in rep 18) data={'pos': np.int64(50), 'corr_resp': 'c', 'thisN': 84, 'thisTrialN': 84, 'thisRepN': 18}>
661.8059 	EXP 	fixation: autoDraw = False
661.8059 	EXP 	line1: autoDraw = False
661.8059 	EXP 	line2: autoDraw = False
661.8059 	EXP 	line3: autoDraw = False
661.8059 	EXP 	line4: autoDraw = False
661.8059 	EXP 	probe: autoDraw = False
661.8059 	EXP 	fixation: autoDraw = True
661.8095 	DATA 	Keypress: z
661.9838 	EXP 	Device response: <KeyPress from None: t=661.7976883749943, value=z, duration=0.18033604200172704>
662.7996 	EXP 	line1: autoDraw = True
662.7996 	EXP 	line2: autoDraw = True
662.7996 	EXP 	line3: autoDraw = True
662.7996 	EXP 	line4: autoDraw = True
662.8047 	EXP 	fixation: autoDraw = False
663.7997 	INFO 	Keyboard events cleared
663.7995 	EXP 	probe: autoDraw = True
664.1557 	EXP 	Device response: <KeyPress from None: t=664.1505487919931, value=v, duration=None>
664.1561 	EXP 	New trial (rep=20, index=85): <Trial 85 (85 in rep 20) data={'pos': np.int64(150), 'corr_resp': 'v', 'thisN': 85, 'thisTrialN': 85, 'thisRepN': 20}>
664.1604 	DATA 	Keypress: v
664.1652 	EXP 	fixation: autoDraw = False
664.1652 	EXP 	line1: autoDraw = False
664.1652 	EXP 	line2: autoDraw = False
664.1652 	EXP 	line3: autoDraw = False
664.1652 	EXP 	line4: autoDraw = False
664.1652 	EXP 	probe: autoDraw = False
664.1652 	EXP 	fixation: autoDraw = True
664.3005 	EXP 	Device response: <KeyPress from None: t=664.1505487919931, value=v, duration=0.1483858749998035>
665.1496 	EXP 	line1: autoDraw = True
665.1496 	EXP 	line2: autoDraw = True
665.1496 	EXP 	line3: autoDraw = True
665.1496 	EXP 	line4: autoDraw = True
665.1552 	EXP 	fixation: autoDraw = False
666.1498 	INFO 	Keyboard events cleared
666.1497 	EXP 	probe: autoDraw = True
666.7840 	EXP 	Device response: <KeyPress from None: t=666.7794876249973, value=v, duration=None>
666.7844 	EXP 	New trial (rep=21, index=86): <Trial 86 (86 in rep 21) data={'pos': np.int64(150), 'corr_resp': 'v', 'thisN': 86, 'thisTrialN': 86, 'thisRepN': 21}>
666.7889 	EXP 	fixation: autoDraw = False
666.7889 	EXP 	line1: autoDraw = False
666.7889 	EXP 	line2: autoDraw = False
666.7889 	EXP 	line3: autoDraw = False
666.7889 	EXP 	line4: autoDraw = False
666.7889 	EXP 	probe: autoDraw = False
666.7889 	EXP 	fixation: autoDraw = True
666.7926 	DATA 	Keypress: v
666.9676 	EXP 	Device response: <KeyPress from None: t=666.7794876249973, value=v, duration=0.17640262500208337>
667.7829 	EXP 	line1: autoDraw = True
667.7829 	EXP 	line2: autoDraw = True
667.7829 	EXP 	line3: autoDraw = True
667.7829 	EXP 	line4: autoDraw = True
667.7887 	EXP 	fixation: autoDraw = False
668.7832 	INFO 	Keyboard events cleared
668.7831 	EXP 	probe: autoDraw = True
669.6673 	EXP 	Device response: <KeyPress from None: t=669.6655041670019, value=v, duration=None>
669.6677 	EXP 	New trial (rep=20, index=87): <Trial 87 (87 in rep 20) data={'pos': np.int64(-150), 'corr_resp': 'z', 'thisN': 87, 'thisTrialN': 87, 'thisRepN': 20}>
669.6720 	EXP 	fixation: autoDraw = False
669.6720 	EXP 	line1: autoDraw = False
669.6720 	EXP 	line2: autoDraw = False
669.6720 	EXP 	line3: autoDraw = False
669.6720 	EXP 	line4: autoDraw = False
669.6720 	EXP 	probe: autoDraw = False
669.6720 	EXP 	fixation: autoDraw = True
669.6755 	DATA 	Keypress: v
669.8006 	EXP 	Device response: <KeyPress from None: t=669.6655041670019, value=v, duration=0.12419008299184497>
670.6663 	EXP 	line1: autoDraw = True
670.6663 	EXP 	line2: autoDraw = True
670.6663 	EXP 	line3: autoDraw = True
670.6663 	EXP 	line4: autoDraw = True
670.6710 	EXP 	fixation: autoDraw = False
671.6663 	INFO 	Keyboard events cleared
671.6661 	EXP 	probe: autoDraw = True
672.4505 	EXP 	Device response: <KeyPress from None: t=672.4423817499919, value=z, duration=None>
672.4509 	EXP 	New trial (rep=26, index=88): <Trial 88 (88 in rep 26) data={'pos': np.int64(-50), 'corr_resp': 'x', 'thisN': 88, 'thisTrialN': 88, 'thisRepN': 26}>
672.4554 	DATA 	Keypress: z
672.4593 	EXP 	fixation: autoDraw = False
672.4593 	EXP 	line1: autoDraw = False
672.4593 	EXP 	line2: autoDraw = False
672.4593 	EXP 	line3: autoDraw = False
672.4593 	EXP 	line4: autoDraw = False
672.4593 	EXP 	probe: autoDraw = False
672.4593 	EXP 	fixation: autoDraw = True
672.6890 	EXP 	Device response: <KeyPress from None: t=672.4423817499919, value=z, duration=0.24427100000320934>
673.4495 	EXP 	line1: autoDraw = True
673.4495 	EXP 	line2: autoDraw = True
673.4495 	EXP 	line3: autoDraw = True
673.4495 	EXP 	line4: autoDraw = True
673.4542 	EXP 	fixation: autoDraw = False
674.4497 	INFO 	Keyboard events cleared
674.4495 	EXP 	probe: autoDraw = True
675.7173 	EXP 	Device response: <KeyPress from None: t=675.7124762079911, value=x, duration=None>
675.7177 	EXP 	New trial (rep=22, index=89): <Trial 89 (89 in rep 22) data={'pos': np.int64(150), 'corr_resp': 'v', 'thisN': 89, 'thisTrialN': 89, 'thisRepN': 22}>
675.7225 	DATA 	Keypress: x
675.7265 	EXP 	fixation: autoDraw = False
675.7265 	EXP 	line1: autoDraw = False
675.7265 	EXP 	line2: autoDraw = False
675.7265 	EXP 	line3: autoDraw = False
675.7265 	EXP 	line4: autoDraw = False
675.7265 	EXP 	probe: autoDraw = False
675.7265 	EXP 	fixation: autoDraw = True
675.9051 	EXP 	Device response: <KeyPress from None: t=675.7124762079911, value=x, duration=0.18819495900243055>
676.7163 	EXP 	line1: autoDraw = True
676.7163 	EXP 	line2: autoDraw = True
676.7163 	EXP 	line3: autoDraw = True
676.7163 	EXP 	line4: autoDraw = True
676.7211 	EXP 	fixation: autoDraw = False
677.7165 	INFO 	Keyboard events cleared
677.7164 	EXP 	probe: autoDraw = True
678.4172 	EXP 	Device response: <KeyPress from None: t=678.4073089169979, value=v, duration=None>
678.4176 	EXP 	New trial (rep=19, index=90): <Trial 90 (90 in rep 19) data={'pos': np.int64(50), 'corr_resp': 'c', 'thisN': 90, 'thisTrialN': 90, 'thisRepN': 19}>
678.4226 	DATA 	Keypress: v
678.4266 	EXP 	fixation: autoDraw = False
678.4266 	EXP 	line1: autoDraw = False
678.4266 	EXP 	line2: autoDraw = False
678.4266 	EXP 	line3: autoDraw = False
678.4266 	EXP 	line4: autoDraw = False
678.4266 	EXP 	probe: autoDraw = False
678.4266 	EXP 	fixation: autoDraw = True
678.5340 	EXP 	Device response: <KeyPress from None: t=678.4073089169979, value=v, duration=0.12039325000660028>
679.4162 	EXP 	line1: autoDraw = True
679.4162 	EXP 	line2: autoDraw = True
679.4162 	EXP 	line3: autoDraw = True
679.4162 	EXP 	line4: autoDraw = True
679.4216 	EXP 	fixation: autoDraw = False
680.4165 	INFO 	Keyboard events cleared
680.4164 	EXP 	probe: autoDraw = True
680.8003 	EXP 	Device response: <KeyPress from None: t=680.796273208005, value=c, duration=None>
680.8007 	EXP 	New trial (rep=23, index=91): <Trial 91 (91 in rep 23) data={'pos': np.int64(150), 'corr_resp': 'v', 'thisN': 91, 'thisTrialN': 91, 'thisRepN': 23}>
680.8048 	EXP 	fixation: autoDraw = False
680.8048 	EXP 	line1: autoDraw = False
680.8048 	EXP 	line2: autoDraw = False
680.8048 	EXP 	line3: autoDraw = False
680.8048 	EXP 	line4: autoDraw = False
680.8048 	EXP 	probe: autoDraw = False
680.8048 	EXP 	fixation: autoDraw = True
680.8079 	DATA 	Keypress: c
680.9334 	EXP 	Device response: <KeyPress from None: t=680.796273208005, value=c, duration=0.1363076249981532>
681.7996 	EXP 	fixation: autoDraw = False
681.7996 	EXP 	line1: autoDraw = True
681.7996 	EXP 	line2: autoDraw = True
681.7996 	EXP 	line3: autoDraw = True
681.7996 	EXP 	line4: autoDraw = True
682.7887 	INFO 	Keyboard events cleared
682.7885 	EXP 	probe: autoDraw = True
683.2171 	EXP 	Device response: <KeyPress from None: t=683.2082023330004, value=v, duration=None>
683.2175 	EXP 	New trial (rep=20, index=92): <Trial 92 (92 in rep 20) data={'pos': np.int64(50), 'corr_resp': 'c', 'thisN': 92, 'thisTrialN': 92, 'thisRepN': 20}>
683.2216 	DATA 	Keypress: v
683.2253 	EXP 	fixation: autoDraw = False
683.2253 	EXP 	line1: autoDraw = False
683.2253 	EXP 	line2: autoDraw = False
683.2253 	EXP 	line3: autoDraw = False
683.2253 	EXP 	line4: autoDraw = False
683.2253 	EXP 	probe: autoDraw = False
683.2253 	EXP 	fixation: autoDraw = True
683.3171 	EXP 	Device response: <KeyPress from None: t=683.2082023330004, value=v, duration=0.09625566699833144>
684.2161 	EXP 	line1: autoDraw = True
684.2161 	EXP 	line2: autoDraw = True
684.2161 	EXP 	line3: autoDraw = True
684.2161 	EXP 	line4: autoDraw = True
684.2214 	EXP 	fixation: autoDraw = False
685.2162 	INFO 	Keyboard events cleared
685.2161 	EXP 	probe: autoDraw = True
685.8556 	EXP 	Device response: <KeyPress from None: t=685.852118166993, value=c, duration=None>
685.8560 	EXP 	New trial (rep=21, index=93): <Trial 93 (93 in rep 21) data={'pos': np.int64(-150), 'corr_resp': 'z', 'thisN': 93, 'thisTrialN': 93, 'thisRepN': 21}>
685.8594 	DATA 	Keypress: c
685.8661 	EXP 	fixation: autoDraw = False
685.8661 	EXP 	line1: autoDraw = False
685.8661 	EXP 	line2: autoDraw = False
685.8661 	EXP 	line3: autoDraw = False
685.8661 	EXP 	line4: autoDraw = False
685.8661 	EXP 	probe: autoDraw = False
685.8661 	EXP 	fixation: autoDraw = True
685.9881 	EXP 	Device response: <KeyPress from None: t=685.852118166993, value=c, duration=0.13230870800907724>
686.8557 	EXP 	fixation: autoDraw = False
686.8557 	EXP 	line1: autoDraw = True
686.8557 	EXP 	line2: autoDraw = True
686.8557 	EXP 	line3: autoDraw = True
686.8557 	EXP 	line4: autoDraw = True
687.8550 	INFO 	Keyboard events cleared
687.8548 	EXP 	probe: autoDraw = True
688.5336 	EXP 	Device response: <KeyPress from None: t=688.5233736249938, value=z, duration=None>
688.5340 	EXP 	New trial (rep=24, index=94): <Trial 94 (94 in rep 24) data={'pos': np.int64(150), 'corr_resp': 'v', 'thisN': 94, 'thisTrialN': 94, 'thisRepN': 24}>
688.5378 	DATA 	Keypress: z
688.5413 	EXP 	fixation: autoDraw = False
688.5413 	EXP 	line1: autoDraw = False
688.5413 	EXP 	line2: autoDraw = False
688.5413 	EXP 	line3: autoDraw = False
688.5413 	EXP 	line4: autoDraw = False
688.5413 	EXP 	probe: autoDraw = False
688.5413 	EXP 	fixation: autoDraw = True
688.7046 	EXP 	Device response: <KeyPress from None: t=688.5233736249938, value=z, duration=0.17995483300182968>
689.5328 	EXP 	line1: autoDraw = True
689.5328 	EXP 	line2: autoDraw = True
689.5328 	EXP 	line3: autoDraw = True
689.5328 	EXP 	line4: autoDraw = True
689.5383 	EXP 	fixation: autoDraw = False
690.5329 	INFO 	Keyboard events cleared
690.5327 	EXP 	probe: autoDraw = True
690.8886 	EXP 	Device response: <KeyPress from None: t=690.885970000003, value=v, duration=None>
690.8890 	EXP 	New trial (rep=21, index=95): <Trial 95 (95 in rep 21) data={'pos': np.int64(50), 'corr_resp': 'c', 'thisN': 95, 'thisTrialN': 95, 'thisRepN': 21}>
690.8922 	DATA 	Keypress: v
690.8996 	EXP 	fixation: autoDraw = False
690.8996 	EXP 	line1: autoDraw = False
690.8996 	EXP 	line2: autoDraw = False
690.8996 	EXP 	line3: autoDraw = False
690.8996 	EXP 	line4: autoDraw = False
690.8996 	EXP 	probe: autoDraw = False
690.8996 	EXP 	fixation: autoDraw = True
691.0340 	EXP 	Device response: <KeyPress from None: t=690.885970000003, value=v, duration=0.1402987920009764>
691.8879 	EXP 	fixation: autoDraw = False
691.8879 	EXP 	line1: autoDraw = True
691.8879 	EXP 	line2: autoDraw = True
691.8879 	EXP 	line3: autoDraw = True
691.8879 	EXP 	line4: autoDraw = True
692.8885 	INFO 	Keyboard events cleared
692.8884 	EXP 	probe: autoDraw = True
693.2837 	EXP 	Device response: <KeyPress from None: t=693.2780652920046, value=c, duration=None>
693.2841 	EXP 	New trial (rep=22, index=96): <Trial 96 (96 in rep 22) data={'pos': np.int64(50), 'corr_resp': 'c', 'thisN': 96, 'thisTrialN': 96, 'thisRepN': 22}>
693.2887 	EXP 	fixation: autoDraw = False
693.2887 	EXP 	line1: autoDraw = False
693.2887 	EXP 	line2: autoDraw = False
693.2887 	EXP 	line3: autoDraw = False
693.2887 	EXP 	line4: autoDraw = False
693.2887 	EXP 	probe: autoDraw = False
693.2887 	EXP 	fixation: autoDraw = True
693.2919 	DATA 	Keypress: c
693.4215 	EXP 	Device response: <KeyPress from None: t=693.2780652920046, value=c, duration=0.1401602909900248>
694.2826 	EXP 	line1: autoDraw = True
694.2826 	EXP 	line2: autoDraw = True
694.2826 	EXP 	line3: autoDraw = True
694.2826 	EXP 	line4: autoDraw = True
694.2873 	EXP 	fixation: autoDraw = False
695.2829 	INFO 	Keyboard events cleared
695.2827 	EXP 	probe: autoDraw = True
695.6670 	EXP 	Device response: <KeyPress from None: t=695.6548681669956, value=c, duration=None>
695.6675 	EXP 	New trial (rep=23, index=97): <Trial 97 (97 in rep 23) data={'pos': np.int64(50), 'corr_resp': 'c', 'thisN': 97, 'thisTrialN': 97, 'thisRepN': 23}>
695.6720 	DATA 	Keypress: c
695.6758 	EXP 	fixation: autoDraw = False
695.6758 	EXP 	line1: autoDraw = False
695.6758 	EXP 	line2: autoDraw = False
695.6758 	EXP 	line3: autoDraw = False
695.6758 	EXP 	line4: autoDraw = False
695.6758 	EXP 	probe: autoDraw = False
695.6758 	EXP 	fixation: autoDraw = True
695.7554 	EXP 	Device response: <KeyPress from None: t=695.6548681669956, value=c, duration=0.0963430830015568>
696.6661 	EXP 	line1: autoDraw = True
696.6661 	EXP 	line2: autoDraw = True
696.6661 	EXP 	line3: autoDraw = True
696.6661 	EXP 	line4: autoDraw = True
696.6714 	EXP 	fixation: autoDraw = False
697.6661 	INFO 	Keyboard events cleared
697.6659 	EXP 	probe: autoDraw = True
698.0170 	EXP 	Device response: <KeyPress from None: t=698.0067476249969, value=c, duration=None>
698.0175 	EXP 	New trial (rep=22, index=98): <Trial 98 (98 in rep 22) data={'pos': np.int64(-150), 'corr_resp': 'z', 'thisN': 98, 'thisTrialN': 98, 'thisRepN': 22}>
698.0219 	DATA 	Keypress: c
698.0258 	EXP 	fixation: autoDraw = False
698.0258 	EXP 	line1: autoDraw = False
698.0258 	EXP 	line2: autoDraw = False
698.0258 	EXP 	line3: autoDraw = False
698.0258 	EXP 	line4: autoDraw = False
698.0258 	EXP 	probe: autoDraw = False
698.0258 	EXP 	fixation: autoDraw = True
698.1215 	EXP 	Device response: <KeyPress from None: t=698.0067476249969, value=c, duration=0.1122467079985654>
699.0161 	EXP 	line1: autoDraw = True
699.0161 	EXP 	line2: autoDraw = True
699.0161 	EXP 	line3: autoDraw = True
699.0161 	EXP 	line4: autoDraw = True
699.0209 	EXP 	fixation: autoDraw = False
700.0160 	INFO 	Keyboard events cleared
700.0159 	EXP 	probe: autoDraw = True
700.5004 	EXP 	Device response: <KeyPress from None: t=700.4890477500012, value=z, duration=None>
700.5008 	EXP 	New trial (rep=23, index=99): <Trial 99 (99 in rep 23) data={'pos': np.int64(-150), 'corr_resp': 'z', 'thisN': 99, 'thisTrialN': 99, 'thisRepN': 23}>
700.5051 	DATA 	Keypress: z
700.5089 	EXP 	fixation: autoDraw = False
700.5089 	EXP 	line1: autoDraw = False
700.5089 	EXP 	line2: autoDraw = False
700.5089 	EXP 	line3: autoDraw = False
700.5089 	EXP 	line4: autoDraw = False
700.5089 	EXP 	probe: autoDraw = False
700.5089 	EXP 	fixation: autoDraw = True
700.7049 	EXP 	Device response: <KeyPress from None: t=700.4890477500012, value=z, duration=0.21203312498982996>
701.4993 	EXP 	line1: autoDraw = True
701.4993 	EXP 	line2: autoDraw = True
701.4993 	EXP 	line3: autoDraw = True
701.4993 	EXP 	line4: autoDraw = True
701.5044 	EXP 	fixation: autoDraw = False
702.4993 	INFO 	Keyboard events cleared
702.4992 	EXP 	probe: autoDraw = True
703.0335 	EXP 	Device response: <KeyPress from None: t=703.0265997079987, value=z, duration=None>
703.0340 	EXP 	New trial (rep=24, index=100): <Trial 100 (100 in rep 24) data={'pos': np.int64(50), 'corr_resp': 'c', 'thisN': 100, 'thisTrialN': 100, 'thisRepN': 24}>
703.0387 	DATA 	Keypress: z
703.0425 	EXP 	fixation: autoDraw = False
703.0425 	EXP 	line1: autoDraw = False
703.0425 	EXP 	line2: autoDraw = False
703.0425 	EXP 	line3: autoDraw = False
703.0425 	EXP 	line4: autoDraw = False
703.0425 	EXP 	probe: autoDraw = False
703.0425 	EXP 	fixation: autoDraw = True
703.1668 	EXP 	Device response: <KeyPress from None: t=703.0265997079987, value=z, duration=0.13646424999751616>
704.0327 	EXP 	line1: autoDraw = True
704.0327 	EXP 	line2: autoDraw = True
704.0327 	EXP 	line3: autoDraw = True
704.0327 	EXP 	line4: autoDraw = True
704.0369 	EXP 	fixation: autoDraw = False
705.0327 	INFO 	Keyboard events cleared
705.0326 	EXP 	probe: autoDraw = True
705.7168 	EXP 	Device response: <KeyPress from None: t=705.7075906249956, value=c, duration=None>
705.7173 	EXP 	New trial (rep=25, index=101): <Trial 101 (101 in rep 25) data={'pos': np.int64(50), 'corr_resp': 'c', 'thisN': 101, 'thisTrialN': 101, 'thisRepN': 25}>
705.7203 	DATA 	Keypress: c
705.7239 	EXP 	fixation: autoDraw = False
705.7239 	EXP 	line1: autoDraw = False
705.7239 	EXP 	line2: autoDraw = False
705.7239 	EXP 	line3: autoDraw = False
705.7239 	EXP 	line4: autoDraw = False
705.7239 	EXP 	probe: autoDraw = False
705.7239 	EXP 	fixation: autoDraw = True
705.8499 	EXP 	Device response: <KeyPress from None: t=705.7075906249956, value=c, duration=0.1323235419986304>
706.7159 	EXP 	line1: autoDraw = True
706.7159 	EXP 	line2: autoDraw = True
706.7159 	EXP 	line3: autoDraw = True
706.7159 	EXP 	line4: autoDraw = True
706.7215 	EXP 	fixation: autoDraw = False
707.7161 	INFO 	Keyboard events cleared
707.7160 	EXP 	probe: autoDraw = True
708.2336 	EXP 	Device response: <KeyPress from None: t=708.2226939579996, value=c, duration=None>
708.2341 	EXP 	New trial (rep=27, index=102): <Trial 102 (102 in rep 27) data={'pos': np.int64(-50), 'corr_resp': 'x', 'thisN': 102, 'thisTrialN': 102, 'thisRepN': 27}>
708.2388 	DATA 	Keypress: c
708.2429 	EXP 	fixation: autoDraw = False
708.2429 	EXP 	line1: autoDraw = False
708.2429 	EXP 	line2: autoDraw = False
708.2429 	EXP 	line3: autoDraw = False
708.2429 	EXP 	line4: autoDraw = False
708.2429 	EXP 	probe: autoDraw = False
708.2429 	EXP 	fixation: autoDraw = True
708.3501 	EXP 	Device response: <KeyPress from None: t=708.2226939579996, value=c, duration=0.11612474999856204>
709.2326 	EXP 	line1: autoDraw = True
709.2326 	EXP 	line2: autoDraw = True
709.2326 	EXP 	line3: autoDraw = True
709.2326 	EXP 	line4: autoDraw = True
709.2376 	EXP 	fixation: autoDraw = False
710.2326 	INFO 	Keyboard events cleared
710.2325 	EXP 	probe: autoDraw = True
710.7168 	EXP 	Device response: <KeyPress from None: t=710.7125484580029, value=x, duration=None>
710.7172 	EXP 	New trial (rep=24, index=103): <Trial 103 (103 in rep 24) data={'pos': np.int64(-150), 'corr_resp': 'z', 'thisN': 103, 'thisTrialN': 103, 'thisRepN': 24}>
710.7220 	EXP 	fixation: autoDraw = False
710.7220 	EXP 	line1: autoDraw = False
710.7220 	EXP 	line2: autoDraw = False
710.7220 	EXP 	line3: autoDraw = False
710.7220 	EXP 	line4: autoDraw = False
710.7220 	EXP 	probe: autoDraw = False
710.7220 	EXP 	fixation: autoDraw = True
710.7258 	DATA 	Keypress: x
710.8715 	EXP 	Device response: <KeyPress from None: t=710.7125484580029, value=x, duration=0.1561600839922903>
711.7160 	EXP 	line1: autoDraw = True
711.7160 	EXP 	line2: autoDraw = True
711.7160 	EXP 	line3: autoDraw = True
711.7160 	EXP 	line4: autoDraw = True
711.7208 	EXP 	fixation: autoDraw = False
712.7160 	INFO 	Keyboard events cleared
712.7158 	EXP 	probe: autoDraw = True
713.4169 	EXP 	Device response: <KeyPress from None: t=713.4054728750052, value=z, duration=None>
713.4173 	EXP 	New trial (rep=25, index=104): <Trial 104 (104 in rep 25) data={'pos': np.int64(150), 'corr_resp': 'v', 'thisN': 104, 'thisTrialN': 104, 'thisRepN': 25}>
713.4222 	DATA 	Keypress: z
713.4263 	EXP 	fixation: autoDraw = False
713.4263 	EXP 	line1: autoDraw = False
713.4263 	EXP 	line2: autoDraw = False
713.4263 	EXP 	line3: autoDraw = False
713.4263 	EXP 	line4: autoDraw = False
713.4263 	EXP 	probe: autoDraw = False
713.4263 	EXP 	fixation: autoDraw = True
713.5505 	EXP 	Device response: <KeyPress from None: t=713.4054728750052, value=z, duration=0.14019570799428038>
714.4048 	EXP 	line1: autoDraw = True
714.4048 	EXP 	line2: autoDraw = True
714.4048 	EXP 	line3: autoDraw = True
714.4048 	EXP 	line4: autoDraw = True
714.4206 	EXP 	fixation: autoDraw = False
715.4159 	INFO 	Keyboard events cleared
715.4158 	EXP 	probe: autoDraw = True
715.9003 	EXP 	Device response: <KeyPress from None: t=715.889296207999, value=v, duration=None>
715.9007 	EXP 	New trial (rep=25, index=105): <Trial 105 (105 in rep 25) data={'pos': np.int64(-150), 'corr_resp': 'z', 'thisN': 105, 'thisTrialN': 105, 'thisRepN': 25}>
715.9055 	DATA 	Keypress: v
715.9094 	EXP 	fixation: autoDraw = False
715.9094 	EXP 	line1: autoDraw = False
715.9094 	EXP 	line2: autoDraw = False
715.9094 	EXP 	line3: autoDraw = False
715.9094 	EXP 	line4: autoDraw = False
715.9094 	EXP 	probe: autoDraw = False
715.9094 	EXP 	fixation: autoDraw = True
715.9835 	EXP 	Device response: <KeyPress from None: t=715.889296207999, value=v, duration=0.09245154200471006>
716.8993 	EXP 	line1: autoDraw = True
716.8993 	EXP 	line2: autoDraw = True
716.8993 	EXP 	line3: autoDraw = True
716.8993 	EXP 	line4: autoDraw = True
716.9050 	EXP 	fixation: autoDraw = False
717.8992 	INFO 	Keyboard events cleared
717.8991 	EXP 	probe: autoDraw = True
721.1501 	EXP 	Device response: <KeyPress from None: t=721.1380351669941, value=z, duration=None>
721.1505 	EXP 	New trial (rep=26, index=106): <Trial 106 (106 in rep 26) data={'pos': np.int64(150), 'corr_resp': 'v', 'thisN': 106, 'thisTrialN': 106, 'thisRepN': 26}>
721.1550 	DATA 	Keypress: z
721.1586 	EXP 	fixation: autoDraw = False
721.1586 	EXP 	line1: autoDraw = False
721.1586 	EXP 	line2: autoDraw = False
721.1586 	EXP 	line3: autoDraw = False
721.1586 	EXP 	line4: autoDraw = False
721.1586 	EXP 	probe: autoDraw = False
721.1586 	EXP 	fixation: autoDraw = True
721.2832 	EXP 	Device response: <KeyPress from None: t=721.1380351669941, value=z, duration=0.1427964580070693>
722.1491 	EXP 	line1: autoDraw = True
722.1491 	EXP 	line2: autoDraw = True
722.1491 	EXP 	line3: autoDraw = True
722.1491 	EXP 	line4: autoDraw = True
722.1543 	EXP 	fixation: autoDraw = False
723.1493 	INFO 	Keyboard events cleared
723.1492 	EXP 	probe: autoDraw = True
723.8168 	EXP 	Device response: <KeyPress from None: t=723.8127094579977, value=v, duration=None>
723.8172 	EXP 	New trial (rep=26, index=107): <Trial 107 (107 in rep 26) data={'pos': np.int64(50), 'corr_resp': 'c', 'thisN': 107, 'thisTrialN': 107, 'thisRepN': 26}>
723.8217 	EXP 	fixation: autoDraw = False
723.8217 	EXP 	line1: autoDraw = False
723.8217 	EXP 	line2: autoDraw = False
723.8217 	EXP 	line3: autoDraw = False
723.8217 	EXP 	line4: autoDraw = False
723.8217 	EXP 	probe: autoDraw = False
723.8217 	EXP 	fixation: autoDraw = True
723.8250 	DATA 	Keypress: v
723.9166 	EXP 	Device response: <KeyPress from None: t=723.8127094579977, value=v, duration=0.09624916700704489>
724.8159 	EXP 	fixation: autoDraw = False
724.8159 	EXP 	line1: autoDraw = True
724.8159 	EXP 	line2: autoDraw = True
724.8159 	EXP 	line3: autoDraw = True
724.8159 	EXP 	line4: autoDraw = True
725.8161 	INFO 	Keyboard events cleared
725.8160 	EXP 	probe: autoDraw = True
726.3172 	EXP 	Device response: <KeyPress from None: t=726.3116655000049, value=c, duration=None>
726.3176 	EXP 	New trial (rep=27, index=108): <Trial 108 (108 in rep 27) data={'pos': np.int64(50), 'corr_resp': 'c', 'thisN': 108, 'thisTrialN': 108, 'thisRepN': 27}>
726.3228 	DATA 	Keypress: c
726.3264 	EXP 	fixation: autoDraw = False
726.3264 	EXP 	line1: autoDraw = False
726.3264 	EXP 	line2: autoDraw = False
726.3264 	EXP 	line3: autoDraw = False
726.3264 	EXP 	line4: autoDraw = False
726.3264 	EXP 	probe: autoDraw = False
726.3264 	EXP 	fixation: autoDraw = True
726.4496 	EXP 	Device response: <KeyPress from None: t=726.3116655000049, value=c, duration=0.12821274998714216>
727.3157 	EXP 	line1: autoDraw = True
727.3157 	EXP 	line2: autoDraw = True
727.3157 	EXP 	line3: autoDraw = True
727.3157 	EXP 	line4: autoDraw = True
727.3202 	EXP 	fixation: autoDraw = False
728.3158 	INFO 	Keyboard events cleared
728.3156 	EXP 	probe: autoDraw = True
728.7167 	EXP 	Device response: <KeyPress from None: t=728.7084794999973, value=v, duration=None>
728.7172 	EXP 	New trial (rep=26, index=109): <Trial 109 (109 in rep 26) data={'pos': np.int64(-150), 'corr_resp': 'z', 'thisN': 109, 'thisTrialN': 109, 'thisRepN': 26}>
728.7218 	DATA 	Keypress: v
728.7253 	EXP 	fixation: autoDraw = False
728.7253 	EXP 	line1: autoDraw = False
728.7253 	EXP 	line2: autoDraw = False
728.7253 	EXP 	line3: autoDraw = False
728.7253 	EXP 	line4: autoDraw = False
728.7253 	EXP 	probe: autoDraw = False
728.7253 	EXP 	fixation: autoDraw = True
728.7665 	EXP 	Device response: <KeyPress from None: t=728.7084794999973, value=v, duration=0.052407499999389984>
729.7158 	EXP 	line1: autoDraw = True
729.7158 	EXP 	line2: autoDraw = True
729.7158 	EXP 	line3: autoDraw = True
729.7158 	EXP 	line4: autoDraw = True
729.7207 	EXP 	fixation: autoDraw = False
730.7158 	INFO 	Keyboard events cleared
730.7157 	EXP 	probe: autoDraw = True
731.1166 	EXP 	Device response: <KeyPress from None: t=731.1153944999969, value=z, duration=None>
731.1170 	EXP 	New trial (rep=28, index=110): <Trial 110 (110 in rep 28) data={'pos': np.int64(50), 'corr_resp': 'c', 'thisN': 110, 'thisTrialN': 110, 'thisRepN': 28}>
731.1213 	EXP 	fixation: autoDraw = False
731.1213 	EXP 	line1: autoDraw = False
731.1213 	EXP 	line2: autoDraw = False
731.1213 	EXP 	line3: autoDraw = False
731.1213 	EXP 	line4: autoDraw = False
731.1213 	EXP 	probe: autoDraw = False
731.1213 	EXP 	fixation: autoDraw = True
731.1250 	DATA 	Keypress: z
731.2999 	EXP 	Device response: <KeyPress from None: t=731.1153944999969, value=z, duration=0.17242633299611043>
732.1158 	EXP 	fixation: autoDraw = False
732.1158 	EXP 	line1: autoDraw = True
732.1158 	EXP 	line2: autoDraw = True
732.1158 	EXP 	line3: autoDraw = True
732.1158 	EXP 	line4: autoDraw = True
733.1161 	INFO 	Keyboard events cleared
733.1160 	EXP 	probe: autoDraw = True
733.7216 	EXP 	Device response: <KeyPress from None: t=733.7164313329995, value=c, duration=None>
733.7220 	EXP 	New trial (rep=27, index=111): <Trial 111 (111 in rep 27) data={'pos': np.int64(-150), 'corr_resp': 'z', 'thisN': 111, 'thisTrialN': 111, 'thisRepN': 27}>
733.7273 	DATA 	Keypress: c
733.7314 	EXP 	fixation: autoDraw = False
733.7314 	EXP 	line1: autoDraw = False
733.7314 	EXP 	line2: autoDraw = False
733.7314 	EXP 	line3: autoDraw = False
733.7314 	EXP 	line4: autoDraw = False
733.7314 	EXP 	probe: autoDraw = False
733.7314 	EXP 	fixation: autoDraw = True
733.8500 	EXP 	Device response: <KeyPress from None: t=733.7164313329995, value=c, duration=0.12845741699857172>
734.7211 	EXP 	fixation: autoDraw = False
734.7211 	EXP 	line1: autoDraw = True
734.7211 	EXP 	line2: autoDraw = True
734.7211 	EXP 	line3: autoDraw = True
734.7211 	EXP 	line4: autoDraw = True
735.7215 	INFO 	Keyboard events cleared
735.7213 	EXP 	probe: autoDraw = True
736.1335 	EXP 	Device response: <KeyPress from None: t=736.1323414579965, value=z, duration=None>
736.1339 	EXP 	New trial (rep=28, index=112): <Trial 112 (112 in rep 28) data={'pos': np.int64(-150), 'corr_resp': 'z', 'thisN': 112, 'thisTrialN': 112, 'thisRepN': 28}>
736.1385 	EXP 	fixation: autoDraw = False
736.1385 	EXP 	line1: autoDraw = False
736.1385 	EXP 	line2: autoDraw = False
736.1385 	EXP 	line3: autoDraw = False
736.1385 	EXP 	line4: autoDraw = False
736.1385 	EXP 	probe: autoDraw = False
736.1385 	EXP 	fixation: autoDraw = True
736.1424 	DATA 	Keypress: z
736.3166 	EXP 	Device response: <KeyPress from None: t=736.1323414579965, value=z, duration=0.1804170840041479>
737.1323 	EXP 	line1: autoDraw = True
737.1323 	EXP 	line2: autoDraw = True
737.1323 	EXP 	line3: autoDraw = True
737.1323 	EXP 	line4: autoDraw = True
737.1377 	EXP 	fixation: autoDraw = False
738.1326 	INFO 	Keyboard events cleared
738.1325 	EXP 	probe: autoDraw = True
738.6713 	EXP 	Device response: <KeyPress from None: t=738.6702525000001, value=z, duration=None>
738.6717 	EXP 	New trial (rep=27, index=113): <Trial 113 (113 in rep 27) data={'pos': np.int64(150), 'corr_resp': 'v', 'thisN': 113, 'thisTrialN': 113, 'thisRepN': 27}>
738.6769 	DATA 	Keypress: z
738.6814 	EXP 	fixation: autoDraw = False
738.6814 	EXP 	line1: autoDraw = False
738.6814 	EXP 	line2: autoDraw = False
738.6814 	EXP 	line3: autoDraw = False
738.6814 	EXP 	line4: autoDraw = False
738.6814 	EXP 	probe: autoDraw = False
738.6814 	EXP 	fixation: autoDraw = True
738.8381 	EXP 	Device response: <KeyPress from None: t=738.6702525000001, value=z, duration=0.16436541700386442>
739.6711 	EXP 	fixation: autoDraw = False
739.6711 	EXP 	line1: autoDraw = True
739.6711 	EXP 	line2: autoDraw = True
739.6711 	EXP 	line3: autoDraw = True
739.6711 	EXP 	line4: autoDraw = True
740.6705 	INFO 	Keyboard events cleared
740.6703 	EXP 	probe: autoDraw = True
741.1335 	EXP 	Device response: <KeyPress from None: t=741.1232784579915, value=v, duration=None>
741.1339 	EXP 	New trial (rep=28, index=114): <Trial 114 (114 in rep 28) data={'pos': np.int64(-50), 'corr_resp': 'x', 'thisN': 114, 'thisTrialN': 114, 'thisRepN': 28}>
741.1387 	DATA 	Keypress: v
741.1427 	EXP 	fixation: autoDraw = False
741.1427 	EXP 	line1: autoDraw = False
741.1427 	EXP 	line2: autoDraw = False
741.1427 	EXP 	line3: autoDraw = False
741.1427 	EXP 	line4: autoDraw = False
741.1427 	EXP 	probe: autoDraw = False
741.1427 	EXP 	fixation: autoDraw = True
741.2332 	EXP 	Device response: <KeyPress from None: t=741.1232784579915, value=v, duration=0.10827729200536851>
742.1324 	EXP 	line1: autoDraw = True
742.1324 	EXP 	line2: autoDraw = True
742.1324 	EXP 	line3: autoDraw = True
742.1324 	EXP 	line4: autoDraw = True
742.1375 	EXP 	fixation: autoDraw = False
743.1324 	INFO 	Keyboard events cleared
743.1323 	EXP 	probe: autoDraw = True
743.4998 	EXP 	Device response: <KeyPress from None: t=743.4952679580019, value=x, duration=None>
743.5002 	EXP 	New trial (rep=28, index=115): <Trial 115 (115 in rep 28) data={'pos': np.int64(150), 'corr_resp': 'v', 'thisN': 115, 'thisTrialN': 115, 'thisRepN': 28}>
743.5044 	EXP 	fixation: autoDraw = False
743.5044 	EXP 	line1: autoDraw = False
743.5044 	EXP 	line2: autoDraw = False
743.5044 	EXP 	line3: autoDraw = False
743.5044 	EXP 	line4: autoDraw = False
743.5044 	EXP 	probe: autoDraw = False
743.5044 	EXP 	fixation: autoDraw = True
743.5075 	DATA 	Keypress: x
743.7167 	EXP 	Device response: <KeyPress from None: t=743.4952679580019, value=x, duration=0.21223995900072623>
744.4989 	EXP 	fixation: autoDraw = False
744.4989 	EXP 	line1: autoDraw = True
744.4989 	EXP 	line2: autoDraw = True
744.4989 	EXP 	line3: autoDraw = True
744.4989 	EXP 	line4: autoDraw = True
745.4990 	INFO 	Keyboard events cleared
745.4988 	EXP 	probe: autoDraw = True
745.8500 	EXP 	Device response: <KeyPress from None: t=745.8431103329931, value=v, duration=None>
745.8504 	EXP 	New trial (rep=29, index=116): <Trial 116 (116 in rep 29) data={'pos': np.int64(-50), 'corr_resp': 'x', 'thisN': 116, 'thisTrialN': 116, 'thisRepN': 29}>
745.8547 	EXP 	fixation: autoDraw = False
745.8547 	EXP 	line1: autoDraw = False
745.8547 	EXP 	line2: autoDraw = False
745.8547 	EXP 	line3: autoDraw = False
745.8547 	EXP 	line4: autoDraw = False
745.8547 	EXP 	probe: autoDraw = False
745.8547 	EXP 	fixation: autoDraw = True
745.8582 	DATA 	Keypress: v
745.9664 	EXP 	Device response: <KeyPress from None: t=745.8431103329931, value=v, duration=0.11635920900152996>
746.8489 	EXP 	line1: autoDraw = True
746.8489 	EXP 	line2: autoDraw = True
746.8489 	EXP 	line3: autoDraw = True
746.8489 	EXP 	line4: autoDraw = True
746.8543 	EXP 	fixation: autoDraw = False
747.8489 	INFO 	Keyboard events cleared
747.8489 	EXP 	probe: autoDraw = True
748.3536 	EXP 	Device response: <KeyPress from None: t=748.3520631669962, value=x, duration=None>
748.3539 	EXP 	New trial (rep=29, index=117): <Trial 117 (117 in rep 29) data={'pos': np.int64(-150), 'corr_resp': 'z', 'thisN': 117, 'thisTrialN': 117, 'thisRepN': 29}>
748.3567 	DATA 	Keypress: x
748.3655 	EXP 	fixation: autoDraw = False
748.3655 	EXP 	line1: autoDraw = False
748.3655 	EXP 	line2: autoDraw = False
748.3655 	EXP 	line3: autoDraw = False
748.3655 	EXP 	line4: autoDraw = False
748.3655 	EXP 	probe: autoDraw = False
748.3655 	EXP 	fixation: autoDraw = True
748.5163 	EXP 	Device response: <KeyPress from None: t=748.3520631669962, value=x, duration=0.1603675829974236>
749.3488 	EXP 	line1: autoDraw = True
749.3488 	EXP 	line2: autoDraw = True
749.3488 	EXP 	line3: autoDraw = True
749.3488 	EXP 	line4: autoDraw = True
749.3538 	EXP 	fixation: autoDraw = False
750.3490 	INFO 	Keyboard events cleared
750.3489 	EXP 	probe: autoDraw = True
750.7665 	EXP 	Device response: <KeyPress from None: t=750.7621069579909, value=z, duration=None>
750.7669 	EXP 	New trial (rep=29, index=118): <Trial 118 (118 in rep 29) data={'pos': np.int64(150), 'corr_resp': 'v', 'thisN': 118, 'thisTrialN': 118, 'thisRepN': 29}>
750.7712 	EXP 	fixation: autoDraw = False
750.7712 	EXP 	line1: autoDraw = False
750.7712 	EXP 	line2: autoDraw = False
750.7712 	EXP 	line3: autoDraw = False
750.7712 	EXP 	line4: autoDraw = False
750.7712 	EXP 	probe: autoDraw = False
750.7712 	EXP 	fixation: autoDraw = True
750.7741 	DATA 	Keypress: z
750.9497 	EXP 	Device response: <KeyPress from None: t=750.7621069579909, value=z, duration=0.17621137500100303>
751.7654 	EXP 	fixation: autoDraw = False
751.7654 	EXP 	line1: autoDraw = True
751.7654 	EXP 	line2: autoDraw = True
751.7654 	EXP 	line3: autoDraw = True
751.7654 	EXP 	line4: autoDraw = True
752.7656 	INFO 	Keyboard events cleared
752.7655 	EXP 	probe: autoDraw = True
753.2709 	EXP 	Device response: <KeyPress from None: t=753.2698298329924, value=v, duration=None>
753.2712 	EXP 	New trial (rep=30, index=119): <Trial 119 (119 in rep 30) data={'pos': np.int64(-50), 'corr_resp': 'x', 'thisN': 119, 'thisTrialN': 119, 'thisRepN': 30}>
753.2743 	DATA 	Keypress: v
753.2821 	EXP 	fixation: autoDraw = False
753.2821 	EXP 	line1: autoDraw = False
753.2821 	EXP 	line2: autoDraw = False
753.2821 	EXP 	line3: autoDraw = False
753.2821 	EXP 	line4: autoDraw = False
753.2821 	EXP 	probe: autoDraw = False
753.2821 	EXP 	fixation: autoDraw = True
753.3833 	EXP 	Device response: <KeyPress from None: t=753.2698298329924, value=v, duration=0.10847254200780299>
754.2654 	EXP 	line1: autoDraw = True
754.2654 	EXP 	line2: autoDraw = True
754.2654 	EXP 	line3: autoDraw = True
754.2654 	EXP 	line4: autoDraw = True
754.2701 	EXP 	fixation: autoDraw = False
755.2656 	INFO 	Keyboard events cleared
755.2655 	EXP 	probe: autoDraw = True
755.9498 	EXP 	Device response: <KeyPress from None: t=755.9478696669976, value=x, duration=None>
755.9501 	EXP 	New trial (rep=31, index=120): <Trial 120 (120 in rep 31) data={'pos': np.int64(-50), 'corr_resp': 'x', 'thisN': 120, 'thisTrialN': 120, 'thisRepN': 31}>
755.9540 	EXP 	fixation: autoDraw = False
755.9540 	EXP 	line1: autoDraw = False
755.9540 	EXP 	line2: autoDraw = False
755.9540 	EXP 	line3: autoDraw = False
755.9540 	EXP 	line4: autoDraw = False
755.9540 	EXP 	probe: autoDraw = False
755.9540 	EXP 	fixation: autoDraw = True
755.9569 	DATA 	Keypress: x
756.1001 	EXP 	Device response: <KeyPress from None: t=755.9478696669976, value=x, duration=0.1444442079955479>
756.9489 	EXP 	fixation: autoDraw = False
756.9489 	EXP 	line1: autoDraw = True
756.9489 	EXP 	line2: autoDraw = True
756.9489 	EXP 	line3: autoDraw = True
756.9489 	EXP 	line4: autoDraw = True
757.9489 	INFO 	Keyboard events cleared
757.9488 	EXP 	probe: autoDraw = True
758.4705 	EXP 	Device response: <KeyPress from None: t=758.4687489999924, value=x, duration=None>
758.4708 	EXP 	New trial (rep=32, index=121): <Trial 121 (121 in rep 32) data={'pos': np.int64(-50), 'corr_resp': 'x', 'thisN': 121, 'thisTrialN': 121, 'thisRepN': 32}>
758.4747 	DATA 	Keypress: x
758.4822 	EXP 	fixation: autoDraw = False
758.4822 	EXP 	line1: autoDraw = False
758.4822 	EXP 	line2: autoDraw = False
758.4822 	EXP 	line3: autoDraw = False
758.4822 	EXP 	line4: autoDraw = False
758.4822 	EXP 	probe: autoDraw = False
758.4822 	EXP 	fixation: autoDraw = True
758.6539 	EXP 	Device response: <KeyPress from None: t=758.4687489999924, value=x, duration=0.18434766700374894>
759.4703 	EXP 	fixation: autoDraw = False
759.4703 	EXP 	line1: autoDraw = True
759.4703 	EXP 	line2: autoDraw = True
759.4703 	EXP 	line3: autoDraw = True
759.4703 	EXP 	line4: autoDraw = True
760.4697 	INFO 	Keyboard events cleared
760.4695 	EXP 	probe: autoDraw = True
760.9053 	EXP 	Device response: <KeyPress from None: t=760.9027759579913, value=x, duration=None>
760.9058 	EXP 	New trial (rep=30, index=122): <Trial 122 (122 in rep 30) data={'pos': np.int64(-150), 'corr_resp': 'z', 'thisN': 122, 'thisTrialN': 122, 'thisRepN': 30}>
760.9113 	DATA 	Keypress: x
760.9327 	EXP 	fixation: autoDraw = False
760.9327 	EXP 	line1: autoDraw = False
760.9327 	EXP 	line2: autoDraw = False
760.9327 	EXP 	line3: autoDraw = False
760.9327 	EXP 	line4: autoDraw = False
760.9327 	EXP 	probe: autoDraw = False
760.9327 	EXP 	fixation: autoDraw = True
761.0670 	EXP 	Device response: <KeyPress from None: t=760.9027759579913, value=x, duration=0.1523062090127496>
761.9042 	EXP 	line1: autoDraw = True
761.9042 	EXP 	line2: autoDraw = True
761.9042 	EXP 	line3: autoDraw = True
761.9042 	EXP 	line4: autoDraw = True
761.9201 	EXP 	fixation: autoDraw = False
762.9052 	INFO 	Keyboard events cleared
762.9050 	EXP 	probe: autoDraw = True
763.5001 	EXP 	Device response: <KeyPress from None: t=763.4938344169932, value=z, duration=None>
763.5005 	EXP 	New trial (rep=29, index=123): <Trial 123 (123 in rep 29) data={'pos': np.int64(50), 'corr_resp': 'c', 'thisN': 123, 'thisTrialN': 123, 'thisRepN': 29}>
763.5059 	DATA 	Keypress: z
763.5104 	EXP 	fixation: autoDraw = False
763.5104 	EXP 	line1: autoDraw = False
763.5104 	EXP 	line2: autoDraw = False
763.5104 	EXP 	line3: autoDraw = False
763.5104 	EXP 	line4: autoDraw = False
763.5104 	EXP 	probe: autoDraw = False
763.5104 	EXP 	fixation: autoDraw = True
763.6707 	EXP 	Device response: <KeyPress from None: t=763.4938344169932, value=z, duration=0.17608220801048446>
764.4988 	EXP 	line1: autoDraw = True
764.4988 	EXP 	line2: autoDraw = True
764.4988 	EXP 	line3: autoDraw = True
764.4988 	EXP 	line4: autoDraw = True
764.5048 	EXP 	fixation: autoDraw = False
765.4988 	INFO 	Keyboard events cleared
765.4987 	EXP 	probe: autoDraw = True
766.2162 	EXP 	Device response: <KeyPress from None: t=766.2107490829949, value=c, duration=None>
766.2168 	EXP 	New trial (rep=30, index=124): <Trial 124 (124 in rep 30) data={'pos': np.int64(150), 'corr_resp': 'v', 'thisN': 124, 'thisTrialN': 124, 'thisRepN': 30}>
766.2222 	DATA 	Keypress: c
766.2265 	EXP 	fixation: autoDraw = False
766.2265 	EXP 	line1: autoDraw = False
766.2265 	EXP 	line2: autoDraw = False
766.2265 	EXP 	line3: autoDraw = False
766.2265 	EXP 	line4: autoDraw = False
766.2265 	EXP 	probe: autoDraw = False
766.2265 	EXP 	fixation: autoDraw = True
766.4001 	EXP 	Device response: <KeyPress from None: t=766.2107490829949, value=c, duration=0.17621341699850745>
767.2156 	EXP 	line1: autoDraw = True
767.2156 	EXP 	line2: autoDraw = True
767.2156 	EXP 	line3: autoDraw = True
767.2156 	EXP 	line4: autoDraw = True
767.2207 	EXP 	fixation: autoDraw = False
768.2156 	INFO 	Keyboard events cleared
768.2154 	EXP 	probe: autoDraw = True
768.7170 	EXP 	Device response: <KeyPress from None: t=768.7055904169974, value=v, duration=None>
768.7176 	EXP 	New trial (rep=31, index=125): <Trial 125 (125 in rep 31) data={'pos': np.int64(150), 'corr_resp': 'v', 'thisN': 125, 'thisTrialN': 125, 'thisRepN': 31}>
768.7239 	DATA 	Keypress: v
768.7282 	EXP 	fixation: autoDraw = False
768.7282 	EXP 	line1: autoDraw = False
768.7282 	EXP 	line2: autoDraw = False
768.7282 	EXP 	line3: autoDraw = False
768.7282 	EXP 	line4: autoDraw = False
768.7282 	EXP 	probe: autoDraw = False
768.7282 	EXP 	fixation: autoDraw = True
768.8507 	EXP 	Device response: <KeyPress from None: t=768.7055904169974, value=v, duration=0.1404645410075318>
769.7155 	EXP 	line1: autoDraw = True
769.7155 	EXP 	line2: autoDraw = True
769.7155 	EXP 	line3: autoDraw = True
769.7155 	EXP 	line4: autoDraw = True
769.7218 	EXP 	fixation: autoDraw = False
770.7156 	INFO 	Keyboard events cleared
770.7154 	EXP 	probe: autoDraw = True
771.1499 	EXP 	Device response: <KeyPress from None: t=771.1456109580031, value=v, duration=None>
771.1505 	EXP 	New trial (rep=30, index=126): <Trial 126 (126 in rep 30) data={'pos': np.int64(50), 'corr_resp': 'c', 'thisN': 126, 'thisTrialN': 126, 'thisRepN': 30}>
771.1570 	DATA 	Keypress: v
771.1612 	EXP 	fixation: autoDraw = False
771.1612 	EXP 	line1: autoDraw = False
771.1612 	EXP 	line2: autoDraw = False
771.1612 	EXP 	line3: autoDraw = False
771.1612 	EXP 	line4: autoDraw = False
771.1612 	EXP 	probe: autoDraw = False
771.1612 	EXP 	fixation: autoDraw = True
771.2498 	EXP 	Device response: <KeyPress from None: t=771.1456109580031, value=v, duration=0.09635116699791979>
772.1487 	EXP 	line1: autoDraw = True
772.1487 	EXP 	line2: autoDraw = True
772.1487 	EXP 	line3: autoDraw = True
772.1487 	EXP 	line4: autoDraw = True
772.1536 	EXP 	fixation: autoDraw = False
773.1488 	INFO 	Keyboard events cleared
773.1486 	EXP 	probe: autoDraw = True
773.6050 	EXP 	Device response: <KeyPress from None: t=773.6040546669974, value=c, duration=None>
773.6054 	EXP 	New trial (rep=31, index=127): <Trial 127 (127 in rep 31) data={'pos': np.int64(-150), 'corr_resp': 'z', 'thisN': 127, 'thisTrialN': 127, 'thisRepN': 31}>
773.6111 	DATA 	Keypress: c
773.6153 	EXP 	fixation: autoDraw = False
773.6153 	EXP 	line1: autoDraw = False
773.6153 	EXP 	line2: autoDraw = False
773.6153 	EXP 	line3: autoDraw = False
773.6153 	EXP 	line4: autoDraw = False
773.6153 	EXP 	probe: autoDraw = False
773.6153 	EXP 	fixation: autoDraw = True
773.7878 	EXP 	Device response: <KeyPress from None: t=773.6040546669974, value=c, duration=0.17979670800559688>
774.6043 	EXP 	fixation: autoDraw = False
774.6043 	EXP 	line1: autoDraw = True
774.6043 	EXP 	line2: autoDraw = True
774.6043 	EXP 	line3: autoDraw = True
774.6043 	EXP 	line4: autoDraw = True
775.6057 	INFO 	Keyboard events cleared
775.6055 	EXP 	probe: autoDraw = True
776.2667 	EXP 	Device response: <KeyPress from None: t=776.2625354170013, value=z, duration=None>
776.2674 	EXP 	New trial (rep=31, index=128): <Trial 128 (128 in rep 31) data={'pos': np.int64(50), 'corr_resp': 'c', 'thisN': 128, 'thisTrialN': 128, 'thisRepN': 31}>
776.2726 	EXP 	fixation: autoDraw = False
776.2726 	EXP 	line1: autoDraw = False
776.2726 	EXP 	line2: autoDraw = False
776.2726 	EXP 	line3: autoDraw = False
776.2726 	EXP 	line4: autoDraw = False
776.2726 	EXP 	probe: autoDraw = False
776.2726 	EXP 	fixation: autoDraw = True
776.2766 	DATA 	Keypress: z
776.4997 	EXP 	Device response: <KeyPress from None: t=776.2625354170013, value=z, duration=0.2281372500001453>
777.2653 	EXP 	line1: autoDraw = True
777.2653 	EXP 	line2: autoDraw = True
777.2653 	EXP 	line3: autoDraw = True
777.2653 	EXP 	line4: autoDraw = True
777.2695 	EXP 	fixation: autoDraw = False
778.2653 	INFO 	Keyboard events cleared
778.2652 	EXP 	probe: autoDraw = True
778.8335 	EXP 	Device response: <KeyPress from None: t=778.8213261249912, value=c, duration=None>
778.8342 	EXP 	New trial (rep=32, index=129): <Trial 129 (129 in rep 32) data={'pos': np.int64(50), 'corr_resp': 'c', 'thisN': 129, 'thisTrialN': 129, 'thisRepN': 32}>
778.8401 	DATA 	Keypress: c
778.8442 	EXP 	fixation: autoDraw = False
778.8442 	EXP 	line1: autoDraw = False
778.8442 	EXP 	line2: autoDraw = False
778.8442 	EXP 	line3: autoDraw = False
778.8442 	EXP 	line4: autoDraw = False
778.8442 	EXP 	probe: autoDraw = False
778.8442 	EXP 	fixation: autoDraw = True
778.9673 	EXP 	Device response: <KeyPress from None: t=778.8213261249912, value=c, duration=0.13234904200362507>
779.8319 	EXP 	line1: autoDraw = True
779.8319 	EXP 	line2: autoDraw = True
779.8319 	EXP 	line3: autoDraw = True
779.8319 	EXP 	line4: autoDraw = True
779.8366 	EXP 	fixation: autoDraw = False
780.8321 	INFO 	Keyboard events cleared
780.8320 	EXP 	probe: autoDraw = True
781.3547 	EXP 	Device response: <KeyPress from None: t=781.3533816669951, value=c, duration=None>
781.3551 	EXP 	New trial (rep=32, index=130): <Trial 130 (130 in rep 32) data={'pos': np.int64(-150), 'corr_resp': 'z', 'thisN': 130, 'thisTrialN': 130, 'thisRepN': 32}>
781.3598 	DATA 	Keypress: c
781.3643 	EXP 	fixation: autoDraw = False
781.3643 	EXP 	line1: autoDraw = False
781.3643 	EXP 	line2: autoDraw = False
781.3643 	EXP 	line3: autoDraw = False
781.3643 	EXP 	line4: autoDraw = False
781.3643 	EXP 	probe: autoDraw = False
781.3643 	EXP 	fixation: autoDraw = True
781.4832 	EXP 	Device response: <KeyPress from None: t=781.3533816669951, value=c, duration=0.1281633330072509>
782.3539 	EXP 	fixation: autoDraw = False
782.3539 	EXP 	line1: autoDraw = True
782.3539 	EXP 	line2: autoDraw = True
782.3539 	EXP 	line3: autoDraw = True
782.3539 	EXP 	line4: autoDraw = True
783.3533 	INFO 	Keyboard events cleared
783.3532 	EXP 	probe: autoDraw = True
784.1995 	EXP 	Device response: <KeyPress from None: t=784.1922122499964, value=z, duration=None>
784.1997 	EXP 	New trial (rep=32, index=131): <Trial 131 (131 in rep 32) data={'pos': np.int64(150), 'corr_resp': 'v', 'thisN': 131, 'thisTrialN': 131, 'thisRepN': 32}>
784.2019 	DATA 	Keypress: z
784.2047 	EXP 	fixation: autoDraw = False
784.2047 	EXP 	line1: autoDraw = False
784.2047 	EXP 	line2: autoDraw = False
784.2047 	EXP 	line3: autoDraw = False
784.2047 	EXP 	line4: autoDraw = False
784.2047 	EXP 	probe: autoDraw = False
784.2047 	EXP 	fixation: autoDraw = True
784.3823 	EXP 	Device response: <KeyPress from None: t=784.1922122499964, value=z, duration=0.1883460420067422>
785.1863 	EXP 	line1: autoDraw = True
785.1863 	EXP 	line2: autoDraw = True
785.1863 	EXP 	line3: autoDraw = True
785.1863 	EXP 	line4: autoDraw = True
785.2031 	EXP 	fixation: autoDraw = False
786.1986 	INFO 	Keyboard events cleared
786.1985 	EXP 	probe: autoDraw = True
786.5544 	EXP 	Device response: <KeyPress from None: t=786.5490482919995, value=v, duration=None>
786.5548 	EXP 	New trial (rep=33, index=132): <Trial 132 (132 in rep 33) data={'pos': np.int64(-50), 'corr_resp': 'x', 'thisN': 132, 'thisTrialN': 132, 'thisRepN': 33}>
786.5585 	DATA 	Keypress: v
786.5646 	EXP 	fixation: autoDraw = False
786.5646 	EXP 	line1: autoDraw = False
786.5646 	EXP 	line2: autoDraw = False
786.5646 	EXP 	line3: autoDraw = False
786.5646 	EXP 	line4: autoDraw = False
786.5646 	EXP 	probe: autoDraw = False
786.5646 	EXP 	fixation: autoDraw = True
786.7203 	EXP 	Device response: <KeyPress from None: t=786.5490482919995, value=v, duration=0.16845158299838658>
787.5547 	EXP 	fixation: autoDraw = False
787.5547 	EXP 	line1: autoDraw = True
787.5547 	EXP 	line2: autoDraw = True
787.5547 	EXP 	line3: autoDraw = True
787.5547 	EXP 	line4: autoDraw = True
788.5550 	INFO 	Keyboard events cleared
788.5549 	EXP 	probe: autoDraw = True
789.3996 	EXP 	Device response: <KeyPress from None: t=789.392201583003, value=x, duration=None>
789.4001 	EXP 	New trial (rep=34, index=133): <Trial 133 (133 in rep 34) data={'pos': np.int64(-50), 'corr_resp': 'x', 'thisN': 133, 'thisTrialN': 133, 'thisRepN': 34}>
789.4059 	DATA 	Keypress: x
789.4100 	EXP 	fixation: autoDraw = False
789.4100 	EXP 	line1: autoDraw = False
789.4100 	EXP 	line2: autoDraw = False
789.4100 	EXP 	line3: autoDraw = False
789.4100 	EXP 	line4: autoDraw = False
789.4100 	EXP 	probe: autoDraw = False
789.4100 	EXP 	fixation: autoDraw = True
789.4998 	EXP 	Device response: <KeyPress from None: t=789.392201583003, value=x, duration=0.09621158399386331>
790.3985 	EXP 	line1: autoDraw = True
790.3985 	EXP 	line2: autoDraw = True
790.3985 	EXP 	line3: autoDraw = True
790.3985 	EXP 	line4: autoDraw = True
790.4030 	EXP 	fixation: autoDraw = False
791.3987 	INFO 	Keyboard events cleared
791.3986 	EXP 	probe: autoDraw = True
791.8830 	EXP 	Device response: <KeyPress from None: t=791.8800456250028, value=x, duration=None>
791.8835 	EXP 	New trial (rep=33, index=134): <Trial 134 (134 in rep 33) data={'pos': np.int64(150), 'corr_resp': 'v', 'thisN': 134, 'thisTrialN': 134, 'thisRepN': 33}>
791.8881 	EXP 	fixation: autoDraw = False
791.8881 	EXP 	line1: autoDraw = False
791.8881 	EXP 	line2: autoDraw = False
791.8881 	EXP 	line3: autoDraw = False
791.8881 	EXP 	line4: autoDraw = False
791.8881 	EXP 	probe: autoDraw = False
791.8881 	EXP 	fixation: autoDraw = True
791.8922 	DATA 	Keypress: x
792.0505 	EXP 	Device response: <KeyPress from None: t=791.8800456250028, value=x, duration=0.16430112499801908>
792.8818 	EXP 	line1: autoDraw = True
792.8818 	EXP 	line2: autoDraw = True
792.8818 	EXP 	line3: autoDraw = True
792.8818 	EXP 	line4: autoDraw = True
792.8865 	EXP 	fixation: autoDraw = False
793.8820 	INFO 	Keyboard events cleared
793.8818 	EXP 	probe: autoDraw = True
794.3330 	EXP 	Device response: <KeyPress from None: t=794.3300503749924, value=v, duration=None>
794.3336 	EXP 	New trial (rep=33, index=135): <Trial 135 (135 in rep 33) data={'pos': np.int64(-150), 'corr_resp': 'z', 'thisN': 135, 'thisTrialN': 135, 'thisRepN': 33}>
794.3384 	EXP 	fixation: autoDraw = False
794.3384 	EXP 	line1: autoDraw = False
794.3384 	EXP 	line2: autoDraw = False
794.3384 	EXP 	line3: autoDraw = False
794.3384 	EXP 	line4: autoDraw = False
794.3384 	EXP 	probe: autoDraw = False
794.3384 	EXP 	fixation: autoDraw = True
794.3425 	DATA 	Keypress: v
794.4664 	EXP 	Device response: <KeyPress from None: t=794.3300503749924, value=v, duration=0.12839429201267194>
795.3319 	EXP 	line1: autoDraw = True
795.3319 	EXP 	line2: autoDraw = True
795.3319 	EXP 	line3: autoDraw = True
795.3319 	EXP 	line4: autoDraw = True
795.3372 	EXP 	fixation: autoDraw = False
796.3322 	INFO 	Keyboard events cleared
796.3320 	EXP 	probe: autoDraw = True
796.8330 	EXP 	Device response: <KeyPress from None: t=796.8260799169948, value=z, duration=None>
796.8335 	EXP 	New trial (rep=34, index=136): <Trial 136 (136 in rep 34) data={'pos': np.int64(150), 'corr_resp': 'v', 'thisN': 136, 'thisTrialN': 136, 'thisRepN': 34}>
796.8393 	DATA 	Keypress: z
796.8435 	EXP 	fixation: autoDraw = False
796.8435 	EXP 	line1: autoDraw = False
796.8435 	EXP 	line2: autoDraw = False
796.8435 	EXP 	line3: autoDraw = False
796.8435 	EXP 	line4: autoDraw = False
796.8435 	EXP 	probe: autoDraw = False
796.8435 	EXP 	fixation: autoDraw = True
796.9831 	EXP 	Device response: <KeyPress from None: t=796.8260799169948, value=z, duration=0.14827050000894815>
797.8318 	EXP 	line1: autoDraw = True
797.8318 	EXP 	line2: autoDraw = True
797.8318 	EXP 	line3: autoDraw = True
797.8318 	EXP 	line4: autoDraw = True
797.8371 	EXP 	fixation: autoDraw = False
798.8321 	INFO 	Keyboard events cleared
798.8319 	EXP 	probe: autoDraw = True
799.2177 	EXP 	Device response: <KeyPress from None: t=799.205907333002, value=c, duration=None>
799.2187 	EXP 	New trial (rep=34, index=137): <Trial 137 (137 in rep 34) data={'pos': np.int64(-150), 'corr_resp': 'z', 'thisN': 137, 'thisTrialN': 137, 'thisRepN': 34}>
799.2247 	DATA 	Keypress: c
799.2289 	EXP 	fixation: autoDraw = False
799.2289 	EXP 	line1: autoDraw = False
799.2289 	EXP 	line2: autoDraw = False
799.2289 	EXP 	line3: autoDraw = False
799.2289 	EXP 	line4: autoDraw = False
799.2289 	EXP 	probe: autoDraw = False
799.2289 	EXP 	fixation: autoDraw = True
799.3027 	EXP 	Device response: <KeyPress from None: t=799.3018646669952, value=v, duration=None>
799.3161 	EXP 	Device response: <KeyPress from None: t=799.205907333002, value=c, duration=0.10392566699010786>
799.3210 	DATA 	Keypress: v
799.4829 	EXP 	Device response: <KeyPress from None: t=799.3018646669952, value=v, duration=0.17244262500025798>
800.2153 	EXP 	line1: autoDraw = True
800.2153 	EXP 	line2: autoDraw = True
800.2153 	EXP 	line3: autoDraw = True
800.2153 	EXP 	line4: autoDraw = True
800.2206 	EXP 	fixation: autoDraw = False
801.2153 	INFO 	Keyboard events cleared
801.2151 	EXP 	probe: autoDraw = True
801.6386 	EXP 	Device response: <KeyPress from None: t=801.6337406669918, value=z, duration=None>
801.6390 	EXP 	New trial (rep=33, index=138): <Trial 138 (138 in rep 33) data={'pos': np.int64(50), 'corr_resp': 'c', 'thisN': 138, 'thisTrialN': 138, 'thisRepN': 33}>
801.6445 	DATA 	Keypress: z
801.6654 	EXP 	fixation: autoDraw = False
801.6654 	EXP 	line1: autoDraw = False
801.6654 	EXP 	line2: autoDraw = False
801.6654 	EXP 	line3: autoDraw = False
801.6654 	EXP 	line4: autoDraw = False
801.6654 	EXP 	probe: autoDraw = False
801.6654 	EXP 	fixation: autoDraw = True
801.7995 	EXP 	Device response: <KeyPress from None: t=801.6337406669918, value=z, duration=0.15638087500701658>
802.6376 	EXP 	line1: autoDraw = True
802.6376 	EXP 	line2: autoDraw = True
802.6376 	EXP 	line3: autoDraw = True
802.6376 	EXP 	line4: autoDraw = True
802.6541 	EXP 	fixation: autoDraw = False
803.6386 	INFO 	Keyboard events cleared
803.6385 	EXP 	probe: autoDraw = True
804.1497 	EXP 	Device response: <KeyPress from None: t=804.1377662080049, value=c, duration=None>
804.1503 	EXP 	New trial (rep=35, index=139): <Trial 139 (139 in rep 35) data={'pos': np.int64(-50), 'corr_resp': 'x', 'thisN': 139, 'thisTrialN': 139, 'thisRepN': 35}>
804.1560 	DATA 	Keypress: c
804.1600 	EXP 	fixation: autoDraw = False
804.1600 	EXP 	line1: autoDraw = False
804.1600 	EXP 	line2: autoDraw = False
804.1600 	EXP 	line3: autoDraw = False
804.1600 	EXP 	line4: autoDraw = False
804.1600 	EXP 	probe: autoDraw = False
804.1600 	EXP 	fixation: autoDraw = True
804.2329 	EXP 	Device response: <KeyPress from None: t=804.1377662080049, value=c, duration=0.08430720899195876>
805.1484 	EXP 	line1: autoDraw = True
805.1484 	EXP 	line2: autoDraw = True
805.1484 	EXP 	line3: autoDraw = True
805.1484 	EXP 	line4: autoDraw = True
805.1531 	EXP 	fixation: autoDraw = False
806.1487 	INFO 	Keyboard events cleared
806.1485 	EXP 	probe: autoDraw = True
806.8204 	EXP 	Device response: <KeyPress from None: t=806.8167291249993, value=x, duration=None>
806.8208 	EXP 	New trial (rep=36, index=140): <Trial 140 (140 in rep 36) data={'pos': np.int64(-50), 'corr_resp': 'x', 'thisN': 140, 'thisTrialN': 140, 'thisRepN': 36}>
806.8262 	DATA 	Keypress: x
806.8311 	EXP 	fixation: autoDraw = False
806.8311 	EXP 	line1: autoDraw = False
806.8311 	EXP 	line2: autoDraw = False
806.8311 	EXP 	line3: autoDraw = False
806.8311 	EXP 	line4: autoDraw = False
806.8311 	EXP 	probe: autoDraw = False
806.8311 	EXP 	fixation: autoDraw = True
806.9498 	EXP 	Device response: <KeyPress from None: t=806.8167291249993, value=x, duration=0.12440779199823737>
807.8205 	EXP 	fixation: autoDraw = False
807.8205 	EXP 	line1: autoDraw = True
807.8205 	EXP 	line2: autoDraw = True
807.8205 	EXP 	line3: autoDraw = True
807.8205 	EXP 	line4: autoDraw = True
808.8209 	INFO 	Keyboard events cleared
808.8208 	EXP 	probe: autoDraw = True
809.3329 	EXP 	Device response: <KeyPress from None: t=809.3307034169993, value=x, duration=None>
809.3337 	EXP 	New trial (rep=35, index=141): <Trial 141 (141 in rep 35) data={'pos': np.int64(-150), 'corr_resp': 'z', 'thisN': 141, 'thisTrialN': 141, 'thisRepN': 35}>
809.3389 	EXP 	fixation: autoDraw = False
809.3389 	EXP 	line1: autoDraw = False
809.3389 	EXP 	line2: autoDraw = False
809.3389 	EXP 	line3: autoDraw = False
809.3389 	EXP 	line4: autoDraw = False
809.3389 	EXP 	probe: autoDraw = False
809.3389 	EXP 	fixation: autoDraw = True
809.3429 	DATA 	Keypress: x
809.4999 	EXP 	Device response: <KeyPress from None: t=809.3307034169993, value=x, duration=0.1570363329956308>
810.3316 	EXP 	line1: autoDraw = True
810.3316 	EXP 	line2: autoDraw = True
810.3316 	EXP 	line3: autoDraw = True
810.3316 	EXP 	line4: autoDraw = True
810.3356 	EXP 	fixation: autoDraw = False
811.3317 	INFO 	Keyboard events cleared
811.3316 	EXP 	probe: autoDraw = True
811.7496 	EXP 	Device response: <KeyPress from None: t=811.7386235419981, value=z, duration=None>
811.7502 	EXP 	New trial (rep=37, index=142): <Trial 142 (142 in rep 37) data={'pos': np.int64(-50), 'corr_resp': 'x', 'thisN': 142, 'thisTrialN': 142, 'thisRepN': 37}>
811.7560 	DATA 	Keypress: z
811.7602 	EXP 	fixation: autoDraw = False
811.7602 	EXP 	line1: autoDraw = False
811.7602 	EXP 	line2: autoDraw = False
811.7602 	EXP 	line3: autoDraw = False
811.7602 	EXP 	line4: autoDraw = False
811.7602 	EXP 	probe: autoDraw = False
811.7602 	EXP 	fixation: autoDraw = True
811.8829 	EXP 	Device response: <KeyPress from None: t=811.7386235419981, value=z, duration=0.13632274999690708>
812.7483 	EXP 	line1: autoDraw = True
812.7483 	EXP 	line2: autoDraw = True
812.7483 	EXP 	line3: autoDraw = True
812.7483 	EXP 	line4: autoDraw = True
812.7533 	EXP 	fixation: autoDraw = False
813.7488 	INFO 	Keyboard events cleared
813.7486 	EXP 	probe: autoDraw = True
814.2380 	EXP 	Device response: <KeyPress from None: t=814.2345050419972, value=x, duration=None>
814.2384 	EXP 	New trial (rep=36, index=143): <Trial 143 (143 in rep 36) data={'pos': np.int64(-150), 'corr_resp': 'z', 'thisN': 143, 'thisTrialN': 143, 'thisRepN': 36}>
814.2438 	DATA 	Keypress: x
814.2482 	EXP 	fixation: autoDraw = False
814.2482 	EXP 	line1: autoDraw = False
814.2482 	EXP 	line2: autoDraw = False
814.2482 	EXP 	line3: autoDraw = False
814.2482 	EXP 	line4: autoDraw = False
814.2482 	EXP 	probe: autoDraw = False
814.2482 	EXP 	fixation: autoDraw = True
814.4041 	EXP 	Device response: <KeyPress from None: t=814.2345050419972, value=x, duration=0.1645724580012029>
815.2364 	EXP 	fixation: autoDraw = False
815.2364 	EXP 	line1: autoDraw = True
815.2364 	EXP 	line2: autoDraw = True
815.2364 	EXP 	line3: autoDraw = True
815.2364 	EXP 	line4: autoDraw = True
816.2384 	INFO 	Keyboard events cleared
816.2382 	EXP 	probe: autoDraw = True
816.6327 	EXP 	Device response: <KeyPress from None: t=816.6304979580018, value=z, duration=None>
816.6336 	EXP 	New trial (rep=35, index=144): <Trial 144 (144 in rep 35) data={'pos': np.int64(150), 'corr_resp': 'v', 'thisN': 144, 'thisTrialN': 144, 'thisRepN': 35}>
816.6389 	EXP 	fixation: autoDraw = False
816.6389 	EXP 	line1: autoDraw = False
816.6389 	EXP 	line2: autoDraw = False
816.6389 	EXP 	line3: autoDraw = False
816.6389 	EXP 	line4: autoDraw = False
816.6389 	EXP 	probe: autoDraw = False
816.6389 	EXP 	fixation: autoDraw = True
816.6429 	DATA 	Keypress: z
816.7328 	EXP 	Device response: <KeyPress from None: t=816.6304979580018, value=z, duration=0.0964192919927882>
817.6317 	EXP 	line1: autoDraw = True
817.6317 	EXP 	line2: autoDraw = True
817.6317 	EXP 	line3: autoDraw = True
817.6317 	EXP 	line4: autoDraw = True
817.6379 	EXP 	fixation: autoDraw = False
818.6319 	INFO 	Keyboard events cleared
818.6318 	EXP 	probe: autoDraw = True
819.0827 	EXP 	Device response: <KeyPress from None: t=819.0784578750026, value=v, duration=None>
819.0831 	EXP 	New trial (rep=38, index=145): <Trial 145 (145 in rep 38) data={'pos': np.int64(-50), 'corr_resp': 'x', 'thisN': 145, 'thisTrialN': 145, 'thisRepN': 38}>
819.0879 	EXP 	fixation: autoDraw = False
819.0879 	EXP 	line1: autoDraw = False
819.0879 	EXP 	line2: autoDraw = False
819.0879 	EXP 	line3: autoDraw = False
819.0879 	EXP 	line4: autoDraw = False
819.0879 	EXP 	probe: autoDraw = False
819.0879 	EXP 	fixation: autoDraw = True
819.0921 	DATA 	Keypress: v
819.1995 	EXP 	Device response: <KeyPress from None: t=819.0784578750026, value=v, duration=0.11634695799148176>
820.0815 	EXP 	line1: autoDraw = True
820.0815 	EXP 	line2: autoDraw = True
820.0815 	EXP 	line3: autoDraw = True
820.0815 	EXP 	line4: autoDraw = True
820.0866 	EXP 	fixation: autoDraw = False
821.0817 	INFO 	Keyboard events cleared
821.0816 	EXP 	probe: autoDraw = True
821.6829 	EXP 	Device response: <KeyPress from None: t=821.6723797500017, value=x, duration=None>
821.6835 	EXP 	New trial (rep=37, index=146): <Trial 146 (146 in rep 37) data={'pos': np.int64(-150), 'corr_resp': 'z', 'thisN': 146, 'thisTrialN': 146, 'thisRepN': 37}>
821.6892 	DATA 	Keypress: x
821.6934 	EXP 	fixation: autoDraw = False
821.6934 	EXP 	line1: autoDraw = False
821.6934 	EXP 	line2: autoDraw = False
821.6934 	EXP 	line3: autoDraw = False
821.6934 	EXP 	line4: autoDraw = False
821.6934 	EXP 	probe: autoDraw = False
821.6934 	EXP 	fixation: autoDraw = True
821.8326 	EXP 	Device response: <KeyPress from None: t=821.6723797500017, value=x, duration=0.15239516699512023>
822.6818 	EXP 	line1: autoDraw = True
822.6818 	EXP 	line2: autoDraw = True
822.6818 	EXP 	line3: autoDraw = True
822.6818 	EXP 	line4: autoDraw = True
822.6868 	EXP 	fixation: autoDraw = False
823.6819 	INFO 	Keyboard events cleared
823.6817 	EXP 	probe: autoDraw = True
824.2996 	EXP 	Device response: <KeyPress from None: t=824.2882552079973, value=z, duration=None>
824.3002 	EXP 	New trial (rep=38, index=147): <Trial 147 (147 in rep 38) data={'pos': np.int64(-150), 'corr_resp': 'z', 'thisN': 147, 'thisTrialN': 147, 'thisRepN': 38}>
824.3059 	DATA 	Keypress: z
824.3100 	EXP 	fixation: autoDraw = False
824.3100 	EXP 	line1: autoDraw = False
824.3100 	EXP 	line2: autoDraw = False
824.3100 	EXP 	line3: autoDraw = False
824.3100 	EXP 	line4: autoDraw = False
824.3100 	EXP 	probe: autoDraw = False
824.3100 	EXP 	fixation: autoDraw = True
824.4832 	EXP 	Device response: <KeyPress from None: t=824.2882552079973, value=z, duration=0.1884508749935776>
825.2983 	EXP 	line1: autoDraw = True
825.2983 	EXP 	line2: autoDraw = True
825.2983 	EXP 	line3: autoDraw = True
825.2983 	EXP 	line4: autoDraw = True
825.3049 	EXP 	fixation: autoDraw = False
826.2985 	INFO 	Keyboard events cleared
826.2983 	EXP 	probe: autoDraw = True
826.6828 	EXP 	Device response: <KeyPress from None: t=826.6792442919977, value=z, duration=None>
826.6834 	EXP 	New trial (rep=34, index=148): <Trial 148 (148 in rep 34) data={'pos': np.int64(50), 'corr_resp': 'c', 'thisN': 148, 'thisTrialN': 148, 'thisRepN': 34}>
826.6880 	EXP 	fixation: autoDraw = False
826.6880 	EXP 	line1: autoDraw = False
826.6880 	EXP 	line2: autoDraw = False
826.6880 	EXP 	line3: autoDraw = False
826.6880 	EXP 	line4: autoDraw = False
826.6880 	EXP 	probe: autoDraw = False
826.6880 	EXP 	fixation: autoDraw = True
826.6920 	DATA 	Keypress: z
826.8666 	EXP 	Device response: <KeyPress from None: t=826.6792442919977, value=z, duration=0.18438449999666773>
827.6816 	EXP 	line1: autoDraw = True
827.6816 	EXP 	line2: autoDraw = True
827.6816 	EXP 	line3: autoDraw = True
827.6816 	EXP 	line4: autoDraw = True
827.6865 	EXP 	fixation: autoDraw = False
828.6810 	INFO 	Keyboard events cleared
828.6809 	EXP 	probe: autoDraw = True
829.1993 	EXP 	Device response: <KeyPress from None: t=829.1952178749925, value=c, duration=None>
829.1998 	EXP 	New trial (rep=39, index=149): <Trial 149 (149 in rep 39) data={'pos': np.int64(-50), 'corr_resp': 'x', 'thisN': 149, 'thisTrialN': 149, 'thisRepN': 39}>
829.2050 	EXP 	fixation: autoDraw = False
829.2050 	EXP 	line1: autoDraw = False
829.2050 	EXP 	line2: autoDraw = False
829.2050 	EXP 	line3: autoDraw = False
829.2050 	EXP 	line4: autoDraw = False
829.2050 	EXP 	probe: autoDraw = False
829.2050 	EXP 	fixation: autoDraw = True
829.2089 	DATA 	Keypress: c
829.3022 	EXP 	Device response: <KeyPress from None: t=829.1952178749925, value=c, duration=0.10417358300765045>
830.1984 	EXP 	line1: autoDraw = True
830.1984 	EXP 	line2: autoDraw = True
830.1984 	EXP 	line3: autoDraw = True
830.1984 	EXP 	line4: autoDraw = True
830.2033 	EXP 	fixation: autoDraw = False
831.1984 	INFO 	Keyboard events cleared
831.1983 	EXP 	probe: autoDraw = True
831.6995 	EXP 	Device response: <KeyPress from None: t=831.6880210419913, value=x, duration=None>
831.7000 	EXP 	New trial (rep=40, index=150): <Trial 150 (150 in rep 40) data={'pos': np.int64(-50), 'corr_resp': 'x', 'thisN': 150, 'thisTrialN': 150, 'thisRepN': 40}>
831.7060 	DATA 	Keypress: x
831.7102 	EXP 	fixation: autoDraw = False
831.7102 	EXP 	line1: autoDraw = False
831.7102 	EXP 	line2: autoDraw = False
831.7102 	EXP 	line3: autoDraw = False
831.7102 	EXP 	line4: autoDraw = False
831.7102 	EXP 	probe: autoDraw = False
831.7102 	EXP 	fixation: autoDraw = True
831.8331 	EXP 	Device response: <KeyPress from None: t=831.6880210419913, value=x, duration=0.1323827500018524>
832.6981 	EXP 	line1: autoDraw = True
832.6981 	EXP 	line2: autoDraw = True
832.6981 	EXP 	line3: autoDraw = True
832.6981 	EXP 	line4: autoDraw = True
832.7029 	EXP 	fixation: autoDraw = False
833.6984 	INFO 	Keyboard events cleared
833.6982 	EXP 	probe: autoDraw = True
834.1162 	EXP 	Device response: <KeyPress from None: t=834.1050477499957, value=x, duration=None>
834.1169 	EXP 	New trial (rep=35, index=151): <Trial 151 (151 in rep 35) data={'pos': np.int64(50), 'corr_resp': 'c', 'thisN': 151, 'thisTrialN': 151, 'thisRepN': 35}>
834.1231 	DATA 	Keypress: x
834.1272 	EXP 	fixation: autoDraw = False
834.1272 	EXP 	line1: autoDraw = False
834.1272 	EXP 	line2: autoDraw = False
834.1272 	EXP 	line3: autoDraw = False
834.1272 	EXP 	line4: autoDraw = False
834.1272 	EXP 	probe: autoDraw = False
834.1272 	EXP 	fixation: autoDraw = True
834.2828 	EXP 	Device response: <KeyPress from None: t=834.1050477499957, value=x, duration=0.17236245800449979>
835.1148 	EXP 	line1: autoDraw = True
835.1148 	EXP 	line2: autoDraw = True
835.1148 	EXP 	line3: autoDraw = True
835.1148 	EXP 	line4: autoDraw = True
835.1196 	EXP 	fixation: autoDraw = False
836.1151 	INFO 	Keyboard events cleared
836.1149 	EXP 	probe: autoDraw = True
836.6496 	EXP 	Device response: <KeyPress from None: t=836.6359852919995, value=c, duration=None>
836.6503 	EXP 	New trial (rep=36, index=152): <Trial 152 (152 in rep 36) data={'pos': np.int64(50), 'corr_resp': 'c', 'thisN': 152, 'thisTrialN': 152, 'thisRepN': 36}>
836.6565 	DATA 	Keypress: c
836.6606 	EXP 	fixation: autoDraw = False
836.6606 	EXP 	line1: autoDraw = False
836.6606 	EXP 	line2: autoDraw = False
836.6606 	EXP 	line3: autoDraw = False
836.6606 	EXP 	line4: autoDraw = False
836.6606 	EXP 	probe: autoDraw = False
836.6606 	EXP 	fixation: autoDraw = True
836.7658 	EXP 	Device response: <KeyPress from None: t=836.6359852919995, value=c, duration=0.12444912499631755>
837.6482 	EXP 	line1: autoDraw = True
837.6482 	EXP 	line2: autoDraw = True
837.6482 	EXP 	line3: autoDraw = True
837.6482 	EXP 	line4: autoDraw = True
837.6544 	EXP 	fixation: autoDraw = False
838.6484 	INFO 	Keyboard events cleared
838.6482 	EXP 	probe: autoDraw = True
839.1328 	EXP 	Device response: <KeyPress from None: t=839.122990332995, value=c, duration=None>
839.1334 	EXP 	New trial (rep=39, index=153): <Trial 153 (153 in rep 39) data={'pos': np.int64(-150), 'corr_resp': 'z', 'thisN': 153, 'thisTrialN': 153, 'thisRepN': 39}>
839.1393 	DATA 	Keypress: c
839.1436 	EXP 	fixation: autoDraw = False
839.1436 	EXP 	line1: autoDraw = False
839.1436 	EXP 	line2: autoDraw = False
839.1436 	EXP 	line3: autoDraw = False
839.1436 	EXP 	line4: autoDraw = False
839.1436 	EXP 	probe: autoDraw = False
839.1436 	EXP 	fixation: autoDraw = True
839.2328 	EXP 	Device response: <KeyPress from None: t=839.122990332995, value=c, duration=0.100319083998329>
840.1316 	EXP 	line1: autoDraw = True
840.1316 	EXP 	line2: autoDraw = True
840.1316 	EXP 	line3: autoDraw = True
840.1316 	EXP 	line4: autoDraw = True
840.1363 	EXP 	fixation: autoDraw = False
841.1318 	INFO 	Keyboard events cleared
841.1315 	EXP 	probe: autoDraw = True
841.8658 	EXP 	Device response: <KeyPress from None: t=841.8599252499989, value=z, duration=None>
841.8662 	EXP 	New trial (rep=40, index=154): <Trial 154 (154 in rep 40) data={'pos': np.int64(-150), 'corr_resp': 'z', 'thisN': 154, 'thisTrialN': 154, 'thisRepN': 40}>
841.8713 	DATA 	Keypress: z
841.8755 	EXP 	fixation: autoDraw = False
841.8755 	EXP 	line1: autoDraw = False
841.8755 	EXP 	line2: autoDraw = False
841.8755 	EXP 	line3: autoDraw = False
841.8755 	EXP 	line4: autoDraw = False
841.8755 	EXP 	probe: autoDraw = False
841.8755 	EXP 	fixation: autoDraw = True
842.0369 	EXP 	Device response: <KeyPress from None: t=841.8599252499989, value=z, duration=0.17217175000405405>
842.8651 	EXP 	line1: autoDraw = True
842.8651 	EXP 	line2: autoDraw = True
842.8651 	EXP 	line3: autoDraw = True
842.8651 	EXP 	line4: autoDraw = True
842.8698 	EXP 	fixation: autoDraw = False
843.8650 	INFO 	Keyboard events cleared
843.8648 	EXP 	probe: autoDraw = True
844.3539 	EXP 	Device response: <KeyPress from None: t=844.3528479169909, value=z, duration=None>
844.3543 	EXP 	New trial (rep=41, index=155): <Trial 155 (155 in rep 41) data={'pos': np.int64(-50), 'corr_resp': 'x', 'thisN': 155, 'thisTrialN': 155, 'thisRepN': 41}>
844.3597 	DATA 	Keypress: z
844.3641 	EXP 	fixation: autoDraw = False
844.3641 	EXP 	line1: autoDraw = False
844.3641 	EXP 	line2: autoDraw = False
844.3641 	EXP 	line3: autoDraw = False
844.3641 	EXP 	line4: autoDraw = False
844.3641 	EXP 	probe: autoDraw = False
844.3641 	EXP 	fixation: autoDraw = True
844.5367 	EXP 	Device response: <KeyPress from None: t=844.3528479169909, value=z, duration=0.18032870801107492>
845.3534 	EXP 	fixation: autoDraw = False
845.3534 	EXP 	line1: autoDraw = True
845.3534 	EXP 	line2: autoDraw = True
845.3534 	EXP 	line3: autoDraw = True
845.3534 	EXP 	line4: autoDraw = True
846.3541 	INFO 	Keyboard events cleared
846.3539 	EXP 	probe: autoDraw = True
846.8827 	EXP 	Device response: <KeyPress from None: t=846.8778452499973, value=x, duration=None>
846.8835 	EXP 	New trial (rep=36, index=156): <Trial 156 (156 in rep 36) data={'pos': np.int64(150), 'corr_resp': 'v', 'thisN': 156, 'thisTrialN': 156, 'thisRepN': 36}>
846.8888 	EXP 	fixation: autoDraw = False
846.8888 	EXP 	line1: autoDraw = False
846.8888 	EXP 	line2: autoDraw = False
846.8888 	EXP 	line3: autoDraw = False
846.8888 	EXP 	line4: autoDraw = False
846.8888 	EXP 	probe: autoDraw = False
846.8888 	EXP 	fixation: autoDraw = True
846.8930 	DATA 	Keypress: x
847.0496 	EXP 	Device response: <KeyPress from None: t=846.8778452499973, value=x, duration=0.16822241700720042>
847.8816 	EXP 	line1: autoDraw = True
847.8816 	EXP 	line2: autoDraw = True
847.8816 	EXP 	line3: autoDraw = True
847.8816 	EXP 	line4: autoDraw = True
847.8867 	EXP 	fixation: autoDraw = False
848.8817 	INFO 	Keyboard events cleared
848.8816 	EXP 	probe: autoDraw = True
849.2829 	EXP 	Device response: <KeyPress from None: t=849.2716612499935, value=v, duration=None>
849.2835 	EXP 	New trial (rep=42, index=157): <Trial 157 (157 in rep 42) data={'pos': np.int64(-50), 'corr_resp': 'x', 'thisN': 157, 'thisTrialN': 157, 'thisRepN': 42}>
849.2894 	DATA 	Keypress: v
849.2937 	EXP 	fixation: autoDraw = False
849.2937 	EXP 	line1: autoDraw = False
849.2937 	EXP 	line2: autoDraw = False
849.2937 	EXP 	line3: autoDraw = False
849.2937 	EXP 	line4: autoDraw = False
849.2937 	EXP 	probe: autoDraw = False
849.2937 	EXP 	fixation: autoDraw = True
849.4326 	EXP 	Device response: <KeyPress from None: t=849.2716612499935, value=v, duration=0.1565337080101017>
850.2813 	EXP 	line1: autoDraw = True
850.2813 	EXP 	line2: autoDraw = True
850.2813 	EXP 	line3: autoDraw = True
850.2813 	EXP 	line4: autoDraw = True
850.2853 	EXP 	fixation: autoDraw = False
851.2815 	INFO 	Keyboard events cleared
851.2814 	EXP 	probe: autoDraw = True
851.7663 	EXP 	Device response: <KeyPress from None: t=851.7645904169913, value=x, duration=None>
851.7671 	EXP 	New trial (rep=37, index=158): <Trial 158 (158 in rep 37) data={'pos': np.int64(50), 'corr_resp': 'c', 'thisN': 158, 'thisTrialN': 158, 'thisRepN': 37}>
851.7721 	EXP 	fixation: autoDraw = False
851.7721 	EXP 	line1: autoDraw = False
851.7721 	EXP 	line2: autoDraw = False
851.7721 	EXP 	line3: autoDraw = False
851.7721 	EXP 	line4: autoDraw = False
851.7721 	EXP 	probe: autoDraw = False
851.7721 	EXP 	fixation: autoDraw = True
851.7761 	DATA 	Keypress: x
851.9665 	EXP 	Device response: <KeyPress from None: t=851.7645904169913, value=x, duration=0.18835458300600294>
852.7649 	EXP 	line1: autoDraw = True
852.7649 	EXP 	line2: autoDraw = True
852.7649 	EXP 	line3: autoDraw = True
852.7649 	EXP 	line4: autoDraw = True
852.7698 	EXP 	fixation: autoDraw = False
853.7647 	INFO 	Keyboard events cleared
853.7645 	EXP 	probe: autoDraw = True
854.1994 	EXP 	Device response: <KeyPress from None: t=854.1955900419998, value=c, duration=None>
854.2002 	EXP 	New trial (rep=37, index=159): <Trial 159 (159 in rep 37) data={'pos': np.int64(150), 'corr_resp': 'v', 'thisN': 159, 'thisTrialN': 159, 'thisRepN': 37}>
854.2054 	EXP 	fixation: autoDraw = False
854.2054 	EXP 	line1: autoDraw = False
854.2054 	EXP 	line2: autoDraw = False
854.2054 	EXP 	line3: autoDraw = False
854.2054 	EXP 	line4: autoDraw = False
854.2054 	EXP 	probe: autoDraw = False
854.2054 	EXP 	fixation: autoDraw = True
854.2104 	DATA 	Keypress: c
854.3496 	EXP 	Device response: <KeyPress from None: t=854.1955900419998, value=c, duration=0.14457904099253938>
855.1981 	EXP 	line1: autoDraw = True
855.1981 	EXP 	line2: autoDraw = True
855.1981 	EXP 	line3: autoDraw = True
855.1981 	EXP 	line4: autoDraw = True
855.2030 	EXP 	fixation: autoDraw = False
856.1981 	INFO 	Keyboard events cleared
856.1979 	EXP 	probe: autoDraw = True
856.7161 	EXP 	Device response: <KeyPress from None: t=856.7115558749938, value=v, duration=None>
856.7169 	EXP 	New trial (rep=43, index=160): <Trial 160 (160 in rep 43) data={'pos': np.int64(-50), 'corr_resp': 'x', 'thisN': 160, 'thisTrialN': 160, 'thisRepN': 43}>
856.7221 	EXP 	fixation: autoDraw = False
856.7221 	EXP 	line1: autoDraw = False
856.7221 	EXP 	line2: autoDraw = False
856.7221 	EXP 	line3: autoDraw = False
856.7221 	EXP 	line4: autoDraw = False
856.7221 	EXP 	probe: autoDraw = False
856.7221 	EXP 	fixation: autoDraw = True
856.7265 	DATA 	Keypress: v
856.8866 	EXP 	Device response: <KeyPress from None: t=856.7115558749938, value=v, duration=0.17225291700742673>
857.7148 	EXP 	line1: autoDraw = True
857.7148 	EXP 	line2: autoDraw = True
857.7148 	EXP 	line3: autoDraw = True
857.7148 	EXP 	line4: autoDraw = True
857.7206 	EXP 	fixation: autoDraw = False
858.7147 	INFO 	Keyboard events cleared
858.7146 	EXP 	probe: autoDraw = True
859.0994 	EXP 	Device response: <KeyPress from None: t=859.0885436669923, value=c, duration=None>
859.1001 	EXP 	New trial (rep=38, index=161): <Trial 161 (161 in rep 38) data={'pos': np.int64(50), 'corr_resp': 'c', 'thisN': 161, 'thisTrialN': 161, 'thisRepN': 38}>
859.1057 	DATA 	Keypress: c
859.1101 	EXP 	fixation: autoDraw = False
859.1101 	EXP 	line1: autoDraw = False
859.1101 	EXP 	line2: autoDraw = False
859.1101 	EXP 	line3: autoDraw = False
859.1101 	EXP 	line4: autoDraw = False
859.1101 	EXP 	probe: autoDraw = False
859.1101 	EXP 	fixation: autoDraw = True
859.1862 	EXP 	Device response: <KeyPress from None: t=859.0885436669923, value=c, duration=0.09594408300472423>
859.1990 	EXP 	Device response: <KeyPress from None: t=859.1925623330026, value=x, duration=None>
859.2031 	DATA 	Keypress: x
859.2821 	EXP 	Device response: <KeyPress from None: t=859.1925623330026, value=x, duration=0.08827524998923764>
860.0981 	EXP 	line1: autoDraw = True
860.0981 	EXP 	line2: autoDraw = True
860.0981 	EXP 	line3: autoDraw = True
860.0981 	EXP 	line4: autoDraw = True
860.1038 	EXP 	fixation: autoDraw = False
861.0982 	INFO 	Keyboard events cleared
861.0980 	EXP 	probe: autoDraw = True
861.5202 	EXP 	Device response: <KeyPress from None: t=861.5173848749982, value=c, duration=None>
861.5206 	EXP 	New trial (rep=39, index=162): <Trial 162 (162 in rep 39) data={'pos': np.int64(50), 'corr_resp': 'c', 'thisN': 162, 'thisTrialN': 162, 'thisRepN': 39}>
861.5260 	DATA 	Keypress: c
861.5304 	EXP 	fixation: autoDraw = False
861.5304 	EXP 	line1: autoDraw = False
861.5304 	EXP 	line2: autoDraw = False
861.5304 	EXP 	line3: autoDraw = False
861.5304 	EXP 	line4: autoDraw = False
861.5304 	EXP 	probe: autoDraw = False
861.5304 	EXP 	fixation: autoDraw = True
861.6201 	EXP 	Device response: <KeyPress from None: t=861.5173848749982, value=c, duration=0.1003576249931939>
862.5196 	EXP 	fixation: autoDraw = False
862.5196 	EXP 	line1: autoDraw = True
862.5196 	EXP 	line2: autoDraw = True
862.5196 	EXP 	line3: autoDraw = True
862.5196 	EXP 	line4: autoDraw = True
863.5147 	INFO 	Keyboard events cleared
863.5146 	EXP 	probe: autoDraw = True
864.3491 	EXP 	Device response: <KeyPress from None: t=864.3454218749976, value=c, duration=None>
864.3497 	EXP 	New trial (rep=40, index=163): <Trial 163 (163 in rep 40) data={'pos': np.int64(50), 'corr_resp': 'c', 'thisN': 163, 'thisTrialN': 163, 'thisRepN': 40}>
864.3548 	EXP 	fixation: autoDraw = False
864.3548 	EXP 	line1: autoDraw = False
864.3548 	EXP 	line2: autoDraw = False
864.3548 	EXP 	line3: autoDraw = False
864.3548 	EXP 	line4: autoDraw = False
864.3548 	EXP 	probe: autoDraw = False
864.3548 	EXP 	fixation: autoDraw = True
864.3588 	DATA 	Keypress: c
864.4992 	EXP 	Device response: <KeyPress from None: t=864.3454218749976, value=c, duration=0.14025816699722782>
865.3480 	EXP 	line1: autoDraw = True
865.3480 	EXP 	line2: autoDraw = True
865.3480 	EXP 	line3: autoDraw = True
865.3480 	EXP 	line4: autoDraw = True
865.3526 	EXP 	fixation: autoDraw = False
866.3480 	INFO 	Keyboard events cleared
866.3479 	EXP 	probe: autoDraw = True
867.2540 	EXP 	Device response: <KeyPress from None: t=867.2502200829913, value=c, duration=None>
867.2545 	EXP 	New trial (rep=38, index=164): <Trial 164 (164 in rep 38) data={'pos': np.int64(150), 'corr_resp': 'v', 'thisN': 164, 'thisTrialN': 164, 'thisRepN': 38}>
867.2599 	DATA 	Keypress: c
867.2640 	EXP 	fixation: autoDraw = False
867.2640 	EXP 	line1: autoDraw = False
867.2640 	EXP 	line2: autoDraw = False
867.2640 	EXP 	line3: autoDraw = False
867.2640 	EXP 	line4: autoDraw = False
867.2640 	EXP 	probe: autoDraw = False
867.2640 	EXP 	fixation: autoDraw = True
867.3325 	EXP 	Device response: <KeyPress from None: t=867.2502200829913, value=c, duration=0.08042454200040083>
868.2523 	EXP 	fixation: autoDraw = False
868.2523 	EXP 	line1: autoDraw = True
868.2523 	EXP 	line2: autoDraw = True
868.2523 	EXP 	line3: autoDraw = True
868.2523 	EXP 	line4: autoDraw = True
869.2485 	INFO 	Keyboard events cleared
869.2482 	EXP 	probe: autoDraw = True
873.9883 	EXP 	Device response: <KeyPress from None: t=873.9841821250011, value=v, duration=None>
873.9888 	EXP 	New trial (rep=44, index=165): <Trial 165 (165 in rep 44) data={'pos': np.int64(-50), 'corr_resp': 'x', 'thisN': 165, 'thisTrialN': 165, 'thisRepN': 44}>
873.9941 	DATA 	Keypress: v
874.0009 	EXP 	fixation: autoDraw = False
874.0009 	EXP 	line1: autoDraw = False
874.0009 	EXP 	line2: autoDraw = False
874.0009 	EXP 	line3: autoDraw = False
874.0009 	EXP 	line4: autoDraw = False
874.0009 	EXP 	probe: autoDraw = False
874.0009 	EXP 	fixation: autoDraw = True
874.0651 	EXP 	Device response: <KeyPress from None: t=873.9841821250011, value=v, duration=0.06856941699516028>
874.9856 	EXP 	line1: autoDraw = True
874.9856 	EXP 	line2: autoDraw = True
874.9856 	EXP 	line3: autoDraw = True
874.9856 	EXP 	line4: autoDraw = True
874.9974 	EXP 	fixation: autoDraw = False
875.9870 	INFO 	Keyboard events cleared
875.9868 	EXP 	probe: autoDraw = True
876.4988 	EXP 	Device response: <KeyPress from None: t=876.4900045419927, value=x, duration=None>
876.4992 	EXP 	New trial (rep=39, index=166): <Trial 166 (166 in rep 39) data={'pos': np.int64(150), 'corr_resp': 'v', 'thisN': 166, 'thisTrialN': 166, 'thisRepN': 39}>
876.5050 	DATA 	Keypress: x
876.5092 	EXP 	fixation: autoDraw = False
876.5092 	EXP 	line1: autoDraw = False
876.5092 	EXP 	line2: autoDraw = False
876.5092 	EXP 	line3: autoDraw = False
876.5092 	EXP 	line4: autoDraw = False
876.5092 	EXP 	probe: autoDraw = False
876.5092 	EXP 	fixation: autoDraw = True
876.6206 	EXP 	Device response: <KeyPress from None: t=876.4900045419927, value=x, duration=0.1252299580082763>
877.4976 	EXP 	line1: autoDraw = True
877.4976 	EXP 	line2: autoDraw = True
877.4976 	EXP 	line3: autoDraw = True
877.4976 	EXP 	line4: autoDraw = True
877.5020 	EXP 	fixation: autoDraw = False
878.4979 	INFO 	Keyboard events cleared
878.4977 	EXP 	probe: autoDraw = True
878.9327 	EXP 	Device response: <KeyPress from None: t=878.9230410829914, value=v, duration=None>
878.9333 	EXP 	New trial (rep=41, index=167): <Trial 167 (167 in rep 41) data={'pos': np.int64(50), 'corr_resp': 'c', 'thisN': 167, 'thisTrialN': 167, 'thisRepN': 41}>
878.9391 	DATA 	Keypress: v
878.9434 	EXP 	fixation: autoDraw = False
878.9434 	EXP 	line1: autoDraw = False
878.9434 	EXP 	line2: autoDraw = False
878.9434 	EXP 	line3: autoDraw = False
878.9434 	EXP 	line4: autoDraw = False
878.9434 	EXP 	probe: autoDraw = False
878.9434 	EXP 	fixation: autoDraw = True
879.0326 	EXP 	Device response: <KeyPress from None: t=878.9230410829914, value=v, duration=0.09617637500923593>
879.9313 	EXP 	line1: autoDraw = True
879.9313 	EXP 	line2: autoDraw = True
879.9313 	EXP 	line3: autoDraw = True
879.9313 	EXP 	line4: autoDraw = True
879.9368 	EXP 	fixation: autoDraw = False
880.9303 	INFO 	Keyboard events cleared
880.9302 	EXP 	probe: autoDraw = True
881.2653 	EXP 	Device response: <KeyPress from None: t=881.2620151250012, value=c, duration=None>
881.2657 	EXP 	New trial (rep=40, index=168): <Trial 168 (168 in rep 40) data={'pos': np.int64(150), 'corr_resp': 'v', 'thisN': 168, 'thisTrialN': 168, 'thisRepN': 40}>
881.2705 	EXP 	fixation: autoDraw = False
881.2705 	EXP 	line1: autoDraw = False
881.2705 	EXP 	line2: autoDraw = False
881.2705 	EXP 	line3: autoDraw = False
881.2705 	EXP 	line4: autoDraw = False
881.2705 	EXP 	probe: autoDraw = False
881.2705 	EXP 	fixation: autoDraw = True
881.2748 	DATA 	Keypress: c
881.3488 	EXP 	Device response: <KeyPress from None: t=881.2620151250012, value=c, duration=0.08435683300194796>
882.2645 	EXP 	line1: autoDraw = True
882.2645 	EXP 	line2: autoDraw = True
882.2645 	EXP 	line3: autoDraw = True
882.2645 	EXP 	line4: autoDraw = True
882.2691 	EXP 	fixation: autoDraw = False
883.2645 	INFO 	Keyboard events cleared
883.2643 	EXP 	probe: autoDraw = True
883.6700 	EXP 	Device response: <KeyPress from None: t=883.6679313749919, value=v, duration=None>
883.6704 	EXP 	New trial (rep=42, index=169): <Trial 169 (169 in rep 42) data={'pos': np.int64(50), 'corr_resp': 'c', 'thisN': 169, 'thisTrialN': 169, 'thisRepN': 42}>
883.6751 	DATA 	Keypress: v
883.6801 	EXP 	fixation: autoDraw = False
883.6801 	EXP 	line1: autoDraw = False
883.6801 	EXP 	line2: autoDraw = False
883.6801 	EXP 	line3: autoDraw = False
883.6801 	EXP 	line4: autoDraw = False
883.6801 	EXP 	probe: autoDraw = False
883.6801 	EXP 	fixation: autoDraw = True
883.8154 	EXP 	Device response: <KeyPress from None: t=883.6679313749919, value=v, duration=0.13631004201306496>
884.6684 	EXP 	fixation: autoDraw = False
884.6684 	EXP 	line1: autoDraw = True
884.6684 	EXP 	line2: autoDraw = True
884.6684 	EXP 	line3: autoDraw = True
884.6684 	EXP 	line4: autoDraw = True
885.6645 	INFO 	Keyboard events cleared
885.6643 	EXP 	probe: autoDraw = True
886.3202 	EXP 	Device response: <KeyPress from None: t=886.3167177080031, value=c, duration=None>
886.3206 	EXP 	New trial (rep=43, index=170): <Trial 170 (170 in rep 43) data={'pos': np.int64(50), 'corr_resp': 'c', 'thisN': 170, 'thisTrialN': 170, 'thisRepN': 43}>
886.3260 	DATA 	Keypress: c
886.3306 	EXP 	fixation: autoDraw = False
886.3306 	EXP 	line1: autoDraw = False
886.3306 	EXP 	line2: autoDraw = False
886.3306 	EXP 	line3: autoDraw = False
886.3306 	EXP 	line4: autoDraw = False
886.3306 	EXP 	probe: autoDraw = False
886.3306 	EXP 	fixation: autoDraw = True
886.4319 	EXP 	Device response: <KeyPress from None: t=886.3167177080031, value=c, duration=0.11243387499416713>
887.3197 	EXP 	fixation: autoDraw = False
887.3197 	EXP 	line1: autoDraw = True
887.3197 	EXP 	line2: autoDraw = True
887.3197 	EXP 	line3: autoDraw = True
887.3197 	EXP 	line4: autoDraw = True
888.3194 	INFO 	Keyboard events cleared
888.3192 	EXP 	probe: autoDraw = True
888.6986 	EXP 	Device response: <KeyPress from None: t=888.692968791991, value=c, duration=None>
888.6991 	EXP 	New trial (rep=44, index=171): <Trial 171 (171 in rep 44) data={'pos': np.int64(50), 'corr_resp': 'c', 'thisN': 171, 'thisTrialN': 171, 'thisRepN': 44}>
888.7045 	DATA 	Keypress: c
888.7087 	EXP 	fixation: autoDraw = False
888.7087 	EXP 	line1: autoDraw = False
888.7087 	EXP 	line2: autoDraw = False
888.7087 	EXP 	line3: autoDraw = False
888.7087 	EXP 	line4: autoDraw = False
888.7087 	EXP 	probe: autoDraw = False
888.7087 	EXP 	fixation: autoDraw = True
888.8317 	EXP 	Device response: <KeyPress from None: t=888.692968791991, value=c, duration=0.12814912501198705>
889.6976 	EXP 	line1: autoDraw = True
889.6976 	EXP 	line2: autoDraw = True
889.6976 	EXP 	line3: autoDraw = True
889.6976 	EXP 	line4: autoDraw = True
889.7026 	EXP 	fixation: autoDraw = False
890.6979 	INFO 	Keyboard events cleared
890.6977 	EXP 	probe: autoDraw = True
891.2156 	EXP 	Device response: <KeyPress from None: t=891.2117901250022, value=c, duration=None>
891.2160 	EXP 	New trial (rep=41, index=172): <Trial 172 (172 in rep 41) data={'pos': np.int64(150), 'corr_resp': 'v', 'thisN': 172, 'thisTrialN': 172, 'thisRepN': 41}>
891.2211 	EXP 	fixation: autoDraw = False
891.2211 	EXP 	line1: autoDraw = False
891.2211 	EXP 	line2: autoDraw = False
891.2211 	EXP 	line3: autoDraw = False
891.2211 	EXP 	line4: autoDraw = False
891.2211 	EXP 	probe: autoDraw = False
891.2211 	EXP 	fixation: autoDraw = True
891.2252 	DATA 	Keypress: c
891.3490 	EXP 	Device response: <KeyPress from None: t=891.2117901250022, value=c, duration=0.12820483300311025>
892.2145 	EXP 	line1: autoDraw = True
892.2145 	EXP 	line2: autoDraw = True
892.2145 	EXP 	line3: autoDraw = True
892.2145 	EXP 	line4: autoDraw = True
892.2200 	EXP 	fixation: autoDraw = False
893.2145 	INFO 	Keyboard events cleared
893.2143 	EXP 	probe: autoDraw = True
893.5539 	EXP 	Device response: <KeyPress from None: t=893.5516795830044, value=v, duration=None>
893.5543 	EXP 	New trial (rep=42, index=173): <Trial 173 (173 in rep 42) data={'pos': np.int64(150), 'corr_resp': 'v', 'thisN': 173, 'thisTrialN': 173, 'thisRepN': 42}>
893.5604 	DATA 	Keypress: v
893.5815 	EXP 	fixation: autoDraw = False
893.5815 	EXP 	line1: autoDraw = False
893.5815 	EXP 	line2: autoDraw = False
893.5815 	EXP 	line3: autoDraw = False
893.5815 	EXP 	line4: autoDraw = False
893.5815 	EXP 	probe: autoDraw = False
893.5815 	EXP 	fixation: autoDraw = True
893.7210 	EXP 	Device response: <KeyPress from None: t=893.5516795830044, value=v, duration=0.16824233399529476>
894.5530 	EXP 	line1: autoDraw = True
894.5530 	EXP 	line2: autoDraw = True
894.5530 	EXP 	line3: autoDraw = True
894.5530 	EXP 	line4: autoDraw = True
894.5694 	EXP 	fixation: autoDraw = False
895.5538 	INFO 	Keyboard events cleared
895.5536 	EXP 	probe: autoDraw = True
896.0323 	EXP 	Device response: <KeyPress from None: t=896.0205481669982, value=v, duration=None>
896.0328 	EXP 	New trial (rep=45, index=174): <Trial 174 (174 in rep 45) data={'pos': np.int64(-50), 'corr_resp': 'x', 'thisN': 174, 'thisTrialN': 174, 'thisRepN': 45}>
896.0387 	DATA 	Keypress: v
896.0428 	EXP 	fixation: autoDraw = False
896.0428 	EXP 	line1: autoDraw = False
896.0428 	EXP 	line2: autoDraw = False
896.0428 	EXP 	line3: autoDraw = False
896.0428 	EXP 	line4: autoDraw = False
896.0428 	EXP 	probe: autoDraw = False
896.0428 	EXP 	fixation: autoDraw = True
896.1652 	EXP 	Device response: <KeyPress from None: t=896.0205481669982, value=v, duration=0.13652070799435023>
897.0310 	EXP 	line1: autoDraw = True
897.0310 	EXP 	line2: autoDraw = True
897.0310 	EXP 	line3: autoDraw = True
897.0310 	EXP 	line4: autoDraw = True
897.0366 	EXP 	fixation: autoDraw = False
898.0311 	INFO 	Keyboard events cleared
898.0309 	EXP 	probe: autoDraw = True
898.4989 	EXP 	Device response: <KeyPress from None: t=898.4916466669965, value=x, duration=None>
898.4994 	EXP 	New trial (rep=41, index=175): <Trial 175 (175 in rep 41) data={'pos': np.int64(-150), 'corr_resp': 'z', 'thisN': 175, 'thisTrialN': 175, 'thisRepN': 41}>
898.5046 	DATA 	Keypress: x
898.5086 	EXP 	fixation: autoDraw = False
898.5086 	EXP 	line1: autoDraw = False
898.5086 	EXP 	line2: autoDraw = False
898.5086 	EXP 	line3: autoDraw = False
898.5086 	EXP 	line4: autoDraw = False
898.5086 	EXP 	probe: autoDraw = False
898.5086 	EXP 	fixation: autoDraw = True
898.6659 	EXP 	Device response: <KeyPress from None: t=898.4916466669965, value=x, duration=0.16817491600522771>
899.4977 	EXP 	line1: autoDraw = True
899.4977 	EXP 	line2: autoDraw = True
899.4977 	EXP 	line3: autoDraw = True
899.4977 	EXP 	line4: autoDraw = True
899.5024 	EXP 	fixation: autoDraw = False
900.4970 	INFO 	Keyboard events cleared
900.4968 	EXP 	probe: autoDraw = True
901.0322 	EXP 	Device response: <KeyPress from None: t=901.0204142919974, value=z, duration=None>
901.0325 	EXP 	New trial (rep=45, index=176): <Trial 176 (176 in rep 45) data={'pos': np.int64(50), 'corr_resp': 'c', 'thisN': 176, 'thisTrialN': 176, 'thisRepN': 45}>
901.0374 	DATA 	Keypress: z
901.0413 	EXP 	fixation: autoDraw = False
901.0413 	EXP 	line1: autoDraw = False
901.0413 	EXP 	line2: autoDraw = False
901.0413 	EXP 	line3: autoDraw = False
901.0413 	EXP 	line4: autoDraw = False
901.0413 	EXP 	probe: autoDraw = False
901.0413 	EXP 	fixation: autoDraw = True
901.1648 	EXP 	Device response: <KeyPress from None: t=901.0204142919974, value=z, duration=0.14035133300058078>
902.0309 	EXP 	line1: autoDraw = True
902.0309 	EXP 	line2: autoDraw = True
902.0309 	EXP 	line3: autoDraw = True
902.0309 	EXP 	line4: autoDraw = True
902.0358 	EXP 	fixation: autoDraw = False
903.0311 	INFO 	Keyboard events cleared
903.0310 	EXP 	probe: autoDraw = True
903.3984 	EXP 	Device response: <KeyPress from None: t=903.3863877499971, value=c, duration=None>
903.3989 	EXP 	New trial (rep=46, index=177): <Trial 177 (177 in rep 46) data={'pos': np.int64(50), 'corr_resp': 'c', 'thisN': 177, 'thisTrialN': 177, 'thisRepN': 46}>
903.4035 	DATA 	Keypress: c
903.4071 	EXP 	fixation: autoDraw = False
903.4071 	EXP 	line1: autoDraw = False
903.4071 	EXP 	line2: autoDraw = False
903.4071 	EXP 	line3: autoDraw = False
903.4071 	EXP 	line4: autoDraw = False
903.4071 	EXP 	probe: autoDraw = False
903.4071 	EXP 	fixation: autoDraw = True
903.5152 	EXP 	Device response: <KeyPress from None: t=903.3863877499971, value=c, duration=0.12033737500314601>
904.3974 	EXP 	line1: autoDraw = True
904.3974 	EXP 	line2: autoDraw = True
904.3974 	EXP 	line3: autoDraw = True
904.3974 	EXP 	line4: autoDraw = True
904.4019 	EXP 	fixation: autoDraw = False
905.3977 	INFO 	Keyboard events cleared
905.3975 	EXP 	probe: autoDraw = True
905.8315 	EXP 	Device response: <KeyPress from None: t=905.8193266669987, value=c, duration=None>
905.8319 	EXP 	New trial (rep=43, index=178): <Trial 178 (178 in rep 43) data={'pos': np.int64(150), 'corr_resp': 'v', 'thisN': 178, 'thisTrialN': 178, 'thisRepN': 43}>
905.8349 	DATA 	Keypress: c
905.8382 	EXP 	fixation: autoDraw = False
905.8382 	EXP 	line1: autoDraw = False
905.8382 	EXP 	line2: autoDraw = False
905.8382 	EXP 	line3: autoDraw = False
905.8382 	EXP 	line4: autoDraw = False
905.8382 	EXP 	probe: autoDraw = False
905.8382 	EXP 	fixation: autoDraw = True
905.9355 	EXP 	Device response: <KeyPress from None: t=905.8193266669987, value=c, duration=0.1123585000023013>
906.8195 	EXP 	line1: autoDraw = True
906.8195 	EXP 	line2: autoDraw = True
906.8195 	EXP 	line3: autoDraw = True
906.8195 	EXP 	line4: autoDraw = True
906.8356 	EXP 	fixation: autoDraw = False
907.8198 	INFO 	Keyboard events cleared
907.8196 	EXP 	probe: autoDraw = True
908.3321 	EXP 	Device response: <KeyPress from None: t=908.3214139999909, value=v, duration=None>
908.3327 	EXP 	New trial (rep=42, index=179): <Trial 179 (179 in rep 42) data={'pos': np.int64(-150), 'corr_resp': 'z', 'thisN': 179, 'thisTrialN': 179, 'thisRepN': 42}>
908.3377 	DATA 	Keypress: v
908.3415 	EXP 	fixation: autoDraw = False
908.3415 	EXP 	line1: autoDraw = False
908.3415 	EXP 	line2: autoDraw = False
908.3415 	EXP 	line3: autoDraw = False
908.3415 	EXP 	line4: autoDraw = False
908.3415 	EXP 	probe: autoDraw = False
908.3415 	EXP 	fixation: autoDraw = True
908.4820 	EXP 	Device response: <KeyPress from None: t=908.3214139999909, value=v, duration=0.1481406670063734>
909.3308 	EXP 	line1: autoDraw = True
909.3308 	EXP 	line2: autoDraw = True
909.3308 	EXP 	line3: autoDraw = True
909.3308 	EXP 	line4: autoDraw = True
909.3357 	EXP 	fixation: autoDraw = False
910.3309 	INFO 	Keyboard events cleared
910.3307 	EXP 	probe: autoDraw = True
910.7155 	EXP 	Device response: <KeyPress from None: t=910.7093549580022, value=z, duration=None>
910.7162 	EXP 	New trial (rep=43, index=180): <Trial 180 (180 in rep 43) data={'pos': np.int64(-150), 'corr_resp': 'z', 'thisN': 180, 'thisTrialN': 180, 'thisRepN': 43}>
910.7208 	DATA 	Keypress: z
910.7247 	EXP 	fixation: autoDraw = False
910.7247 	EXP 	line1: autoDraw = False
910.7247 	EXP 	line2: autoDraw = False
910.7247 	EXP 	line3: autoDraw = False
910.7247 	EXP 	line4: autoDraw = False
910.7247 	EXP 	probe: autoDraw = False
910.7247 	EXP 	fixation: autoDraw = True
910.8819 	EXP 	Device response: <KeyPress from None: t=910.7093549580022, value=z, duration=0.16014512500260025>
911.7143 	EXP 	line1: autoDraw = True
911.7143 	EXP 	line2: autoDraw = True
911.7143 	EXP 	line3: autoDraw = True
911.7143 	EXP 	line4: autoDraw = True
911.7197 	EXP 	fixation: autoDraw = False
912.7143 	INFO 	Keyboard events cleared
912.7142 	EXP 	probe: autoDraw = True
913.1486 	EXP 	Device response: <KeyPress from None: t=913.1452540419996, value=z, duration=None>
913.1492 	EXP 	New trial (rep=44, index=181): <Trial 181 (181 in rep 44) data={'pos': np.int64(-150), 'corr_resp': 'z', 'thisN': 181, 'thisTrialN': 181, 'thisRepN': 44}>
913.1541 	EXP 	fixation: autoDraw = False
913.1541 	EXP 	line1: autoDraw = False
913.1541 	EXP 	line2: autoDraw = False
913.1541 	EXP 	line3: autoDraw = False
913.1541 	EXP 	line4: autoDraw = False
913.1541 	EXP 	probe: autoDraw = False
913.1541 	EXP 	fixation: autoDraw = True
913.1576 	DATA 	Keypress: z
913.2988 	EXP 	Device response: <KeyPress from None: t=913.1452540419996, value=z, duration=0.15233637500205077>
914.1475 	EXP 	line1: autoDraw = True
914.1475 	EXP 	line2: autoDraw = True
914.1475 	EXP 	line3: autoDraw = True
914.1475 	EXP 	line4: autoDraw = True
914.1523 	EXP 	fixation: autoDraw = False
915.1475 	INFO 	Keyboard events cleared
915.1474 	EXP 	probe: autoDraw = True
915.5486 	EXP 	Device response: <KeyPress from None: t=915.5371510419936, value=z, duration=None>
915.5492 	EXP 	New trial (rep=45, index=182): <Trial 182 (182 in rep 45) data={'pos': np.int64(-150), 'corr_resp': 'z', 'thisN': 182, 'thisTrialN': 182, 'thisRepN': 45}>
915.5541 	DATA 	Keypress: z
915.5580 	EXP 	fixation: autoDraw = False
915.5580 	EXP 	line1: autoDraw = False
915.5580 	EXP 	line2: autoDraw = False
915.5580 	EXP 	line3: autoDraw = False
915.5580 	EXP 	line4: autoDraw = False
915.5580 	EXP 	probe: autoDraw = False
915.5580 	EXP 	fixation: autoDraw = True
915.7024 	EXP 	Device response: <KeyPress from None: t=915.5371510419936, value=z, duration=0.16434670799935702>
916.5475 	EXP 	line1: autoDraw = True
916.5475 	EXP 	line2: autoDraw = True
916.5475 	EXP 	line3: autoDraw = True
916.5475 	EXP 	line4: autoDraw = True
916.5532 	EXP 	fixation: autoDraw = False
917.5475 	INFO 	Keyboard events cleared
917.5474 	EXP 	probe: autoDraw = True
917.9978 	EXP 	Device response: <KeyPress from None: t=917.9921549580031, value=z, duration=None>
917.9980 	EXP 	New trial (rep=46, index=183): <Trial 183 (183 in rep 46) data={'pos': np.int64(-50), 'corr_resp': 'x', 'thisN': 183, 'thisTrialN': 183, 'thisRepN': 46}>
918.0018 	EXP 	fixation: autoDraw = False
918.0018 	EXP 	line1: autoDraw = False
918.0018 	EXP 	line2: autoDraw = False
918.0018 	EXP 	line3: autoDraw = False
918.0018 	EXP 	line4: autoDraw = False
918.0018 	EXP 	probe: autoDraw = False
918.0018 	EXP 	fixation: autoDraw = True
918.0042 	DATA 	Keypress: z
918.1651 	EXP 	Device response: <KeyPress from None: t=917.9921549580031, value=z, duration=0.1683652919891756>
918.9855 	EXP 	line1: autoDraw = True
918.9855 	EXP 	line2: autoDraw = True
918.9855 	EXP 	line3: autoDraw = True
918.9855 	EXP 	line4: autoDraw = True
918.9974 	EXP 	fixation: autoDraw = False
919.9864 	INFO 	Keyboard events cleared
919.9862 	EXP 	probe: autoDraw = True
920.4984 	EXP 	Device response: <KeyPress from None: t=920.4909822920017, value=x, duration=None>
920.4988 	EXP 	New trial (rep=46, index=184): <Trial 184 (184 in rep 46) data={'pos': np.int64(-150), 'corr_resp': 'z', 'thisN': 184, 'thisTrialN': 184, 'thisRepN': 46}>
920.5035 	DATA 	Keypress: x
920.5073 	EXP 	fixation: autoDraw = False
920.5073 	EXP 	line1: autoDraw = False
920.5073 	EXP 	line2: autoDraw = False
920.5073 	EXP 	line3: autoDraw = False
920.5073 	EXP 	line4: autoDraw = False
920.5073 	EXP 	probe: autoDraw = False
920.5073 	EXP 	fixation: autoDraw = True
920.6151 	EXP 	Device response: <KeyPress from None: t=920.4909822920017, value=x, duration=0.11236949999874923>
921.4973 	EXP 	line1: autoDraw = True
921.4973 	EXP 	line2: autoDraw = True
921.4973 	EXP 	line3: autoDraw = True
921.4973 	EXP 	line4: autoDraw = True
921.5023 	EXP 	fixation: autoDraw = False
922.4975 	INFO 	Keyboard events cleared
922.4974 	EXP 	probe: autoDraw = True
922.9154 	EXP 	Device response: <KeyPress from None: t=922.9099969999952, value=z, duration=None>
922.9162 	EXP 	New trial (rep=44, index=185): <Trial 185 (185 in rep 44) data={'pos': np.int64(150), 'corr_resp': 'v', 'thisN': 185, 'thisTrialN': 185, 'thisRepN': 44}>
922.9209 	DATA 	Keypress: z
922.9251 	EXP 	fixation: autoDraw = False
922.9251 	EXP 	line1: autoDraw = False
922.9251 	EXP 	line2: autoDraw = False
922.9251 	EXP 	line3: autoDraw = False
922.9251 	EXP 	line4: autoDraw = False
922.9251 	EXP 	probe: autoDraw = False
922.9251 	EXP 	fixation: autoDraw = True
923.0992 	EXP 	Device response: <KeyPress from None: t=922.9099969999952, value=z, duration=0.18427429199800827>
923.9140 	EXP 	line1: autoDraw = True
923.9140 	EXP 	line2: autoDraw = True
923.9140 	EXP 	line3: autoDraw = True
923.9140 	EXP 	line4: autoDraw = True
923.9188 	EXP 	fixation: autoDraw = False
924.9142 	INFO 	Keyboard events cleared
924.9140 	EXP 	probe: autoDraw = True
925.2150 	EXP 	Device response: <KeyPress from None: t=925.2089317079954, value=v, duration=None>
925.2156 	EXP 	New trial (rep=47, index=186): <Trial 186 (186 in rep 47) data={'pos': np.int64(-150), 'corr_resp': 'z', 'thisN': 186, 'thisTrialN': 186, 'thisRepN': 47}>
925.2213 	DATA 	Keypress: v
925.2252 	EXP 	fixation: autoDraw = False
925.2252 	EXP 	line1: autoDraw = False
925.2252 	EXP 	line2: autoDraw = False
925.2252 	EXP 	line3: autoDraw = False
925.2252 	EXP 	line4: autoDraw = False
925.2252 	EXP 	probe: autoDraw = False
925.2252 	EXP 	fixation: autoDraw = True
925.3657 	EXP 	Device response: <KeyPress from None: t=925.2089317079954, value=v, duration=0.1443296250072308>
926.2141 	EXP 	line1: autoDraw = True
926.2141 	EXP 	line2: autoDraw = True
926.2141 	EXP 	line3: autoDraw = True
926.2141 	EXP 	line4: autoDraw = True
926.2192 	EXP 	fixation: autoDraw = False
927.2142 	INFO 	Keyboard events cleared
927.2140 	EXP 	probe: autoDraw = True
928.2867 	EXP 	Device response: <KeyPress from None: t=928.283911541992, value=z, duration=None>
928.2871 	EXP 	New trial (rep=47, index=187): <Trial 187 (187 in rep 47) data={'pos': np.int64(-50), 'corr_resp': 'x', 'thisN': 187, 'thisTrialN': 187, 'thisRepN': 47}>
928.2915 	DATA 	Keypress: z
928.2964 	EXP 	fixation: autoDraw = False
928.2964 	EXP 	line1: autoDraw = False
928.2964 	EXP 	line2: autoDraw = False
928.2964 	EXP 	line3: autoDraw = False
928.2964 	EXP 	line4: autoDraw = False
928.2964 	EXP 	probe: autoDraw = False
928.2964 	EXP 	fixation: autoDraw = True
928.4653 	EXP 	Device response: <KeyPress from None: t=928.283911541992, value=z, duration=0.17240979100461118>
929.2855 	EXP 	fixation: autoDraw = False
929.2855 	EXP 	line1: autoDraw = True
929.2855 	EXP 	line2: autoDraw = True
929.2855 	EXP 	line3: autoDraw = True
929.2855 	EXP 	line4: autoDraw = True
930.2874 	INFO 	Keyboard events cleared
930.2872 	EXP 	probe: autoDraw = True
931.0487 	EXP 	Device response: <KeyPress from None: t=931.0407493329985, value=x, duration=None>
931.0495 	EXP 	New trial (rep=45, index=188): <Trial 188 (188 in rep 45) data={'pos': np.int64(150), 'corr_resp': 'v', 'thisN': 188, 'thisTrialN': 188, 'thisRepN': 45}>
931.0545 	DATA 	Keypress: x
931.0584 	EXP 	fixation: autoDraw = False
931.0584 	EXP 	line1: autoDraw = False
931.0584 	EXP 	line2: autoDraw = False
931.0584 	EXP 	line3: autoDraw = False
931.0584 	EXP 	line4: autoDraw = False
931.0584 	EXP 	probe: autoDraw = False
931.0584 	EXP 	fixation: autoDraw = True
931.1987 	EXP 	Device response: <KeyPress from None: t=931.0407493329985, value=x, duration=0.14441154200176243>
932.0476 	EXP 	line1: autoDraw = True
932.0476 	EXP 	line2: autoDraw = True
932.0476 	EXP 	line3: autoDraw = True
932.0476 	EXP 	line4: autoDraw = True
932.0542 	EXP 	fixation: autoDraw = False
933.0476 	INFO 	Keyboard events cleared
933.0474 	EXP 	probe: autoDraw = True
933.4650 	EXP 	Device response: <KeyPress from None: t=933.4548221669975, value=v, duration=None>
933.4655 	EXP 	New trial (rep=46, index=189): <Trial 189 (189 in rep 46) data={'pos': np.int64(150), 'corr_resp': 'v', 'thisN': 189, 'thisTrialN': 189, 'thisRepN': 46}>
933.4705 	DATA 	Keypress: v
933.4746 	EXP 	fixation: autoDraw = False
933.4746 	EXP 	line1: autoDraw = False
933.4746 	EXP 	line2: autoDraw = False
933.4746 	EXP 	line3: autoDraw = False
933.4746 	EXP 	line4: autoDraw = False
933.4746 	EXP 	probe: autoDraw = False
933.4746 	EXP 	fixation: autoDraw = True
933.6201 	EXP 	Device response: <KeyPress from None: t=933.4548221669975, value=v, duration=0.16439395799534395>
934.4639 	EXP 	line1: autoDraw = True
934.4639 	EXP 	line2: autoDraw = True
934.4639 	EXP 	line3: autoDraw = True
934.4639 	EXP 	line4: autoDraw = True
934.4692 	EXP 	fixation: autoDraw = False
935.4641 	INFO 	Keyboard events cleared
935.4640 	EXP 	probe: autoDraw = True
936.0152 	EXP 	Device response: <KeyPress from None: t=936.0117064170045, value=v, duration=None>
936.0159 	EXP 	New trial (rep=47, index=190): <Trial 190 (190 in rep 47) data={'pos': np.int64(150), 'corr_resp': 'v', 'thisN': 190, 'thisTrialN': 190, 'thisRepN': 47}>
936.0209 	EXP 	fixation: autoDraw = False
936.0209 	EXP 	line1: autoDraw = False
936.0209 	EXP 	line2: autoDraw = False
936.0209 	EXP 	line3: autoDraw = False
936.0209 	EXP 	line4: autoDraw = False
936.0209 	EXP 	probe: autoDraw = False
936.0209 	EXP 	fixation: autoDraw = True
936.0248 	DATA 	Keypress: v
936.1364 	EXP 	Device response: <KeyPress from None: t=936.0117064170045, value=v, duration=0.12032829099916853>
937.0139 	EXP 	line1: autoDraw = True
937.0139 	EXP 	line2: autoDraw = True
937.0139 	EXP 	line3: autoDraw = True
937.0139 	EXP 	line4: autoDraw = True
937.0187 	EXP 	fixation: autoDraw = False
938.0139 	INFO 	Keyboard events cleared
938.0138 	EXP 	probe: autoDraw = True
938.4152 	EXP 	Device response: <KeyPress from None: t=938.4066979999916, value=v, duration=None>
938.4159 	EXP 	New trial (rep=47, index=191): <Trial 191 (191 in rep 47) data={'pos': np.int64(50), 'corr_resp': 'c', 'thisN': 191, 'thisTrialN': 191, 'thisRepN': 47}>
938.4211 	DATA 	Keypress: v
938.4250 	EXP 	fixation: autoDraw = False
938.4250 	EXP 	line1: autoDraw = False
938.4250 	EXP 	line2: autoDraw = False
938.4250 	EXP 	line3: autoDraw = False
938.4250 	EXP 	line4: autoDraw = False
938.4250 	EXP 	probe: autoDraw = False
938.4250 	EXP 	fixation: autoDraw = True
938.5652 	EXP 	Device response: <KeyPress from None: t=938.4066979999916, value=v, duration=0.15224620800290722>
939.4141 	EXP 	line1: autoDraw = True
939.4141 	EXP 	line2: autoDraw = True
939.4141 	EXP 	line3: autoDraw = True
939.4141 	EXP 	line4: autoDraw = True
939.4191 	EXP 	fixation: autoDraw = False
940.4141 	INFO 	Keyboard events cleared
940.4139 	EXP 	probe: autoDraw = True
941.2868 	EXP 	Device response: <KeyPress from None: t=941.2846628330008, value=c, duration=None>
941.2872 	EXP 	New trial (rep=48, index=192): <Trial 192 (192 in rep 48) data={'pos': np.int64(150), 'corr_resp': 'v', 'thisN': 192, 'thisTrialN': 192, 'thisRepN': 48}>
941.2918 	DATA 	Keypress: c
941.2963 	EXP 	fixation: autoDraw = False
941.2963 	EXP 	line1: autoDraw = False
941.2963 	EXP 	line2: autoDraw = False
941.2963 	EXP 	line3: autoDraw = False
941.2963 	EXP 	line4: autoDraw = False
941.2963 	EXP 	probe: autoDraw = False
941.2963 	EXP 	fixation: autoDraw = True
941.4485 	EXP 	Device response: <KeyPress from None: t=941.2846628330008, value=c, duration=0.152230249994318>
942.2867 	EXP 	fixation: autoDraw = False
942.2867 	EXP 	line1: autoDraw = True
942.2867 	EXP 	line2: autoDraw = True
942.2867 	EXP 	line3: autoDraw = True
942.2867 	EXP 	line4: autoDraw = True
943.2864 	INFO 	Keyboard events cleared
943.2862 	EXP 	probe: autoDraw = True
943.7650 	EXP 	Device response: <KeyPress from None: t=943.7535869580024, value=v, duration=None>
943.7655 	EXP 	New trial (rep=48, index=193): <Trial 193 (193 in rep 48) data={'pos': np.int64(-150), 'corr_resp': 'z', 'thisN': 193, 'thisTrialN': 193, 'thisRepN': 48}>
943.7700 	DATA 	Keypress: v
943.7740 	EXP 	fixation: autoDraw = False
943.7740 	EXP 	line1: autoDraw = False
943.7740 	EXP 	line2: autoDraw = False
943.7740 	EXP 	line3: autoDraw = False
943.7740 	EXP 	line4: autoDraw = False
943.7740 	EXP 	probe: autoDraw = False
943.7740 	EXP 	fixation: autoDraw = True
943.8862 	EXP 	Device response: <KeyPress from None: t=943.7535869580024, value=v, duration=0.1282774999999674>
944.7637 	EXP 	line1: autoDraw = True
944.7637 	EXP 	line2: autoDraw = True
944.7637 	EXP 	line3: autoDraw = True
944.7637 	EXP 	line4: autoDraw = True
944.7684 	EXP 	fixation: autoDraw = False
945.7640 	INFO 	Keyboard events cleared
945.7638 	EXP 	probe: autoDraw = True
946.8363 	EXP 	Device response: <KeyPress from None: t=946.8313444579981, value=z, duration=None>
946.8367 	EXP 	New trial (rep=48, index=194): <Trial 194 (194 in rep 48) data={'pos': np.int64(50), 'corr_resp': 'c', 'thisN': 194, 'thisTrialN': 194, 'thisRepN': 48}>
946.8412 	DATA 	Keypress: z
946.8462 	EXP 	fixation: autoDraw = False
946.8462 	EXP 	line1: autoDraw = False
946.8462 	EXP 	line2: autoDraw = False
946.8462 	EXP 	line3: autoDraw = False
946.8462 	EXP 	line4: autoDraw = False
946.8462 	EXP 	probe: autoDraw = False
946.8462 	EXP 	fixation: autoDraw = True
946.9868 	EXP 	Device response: <KeyPress from None: t=946.8313444579981, value=z, duration=0.15243116700730752>
947.8358 	EXP 	fixation: autoDraw = False
947.8358 	EXP 	line1: autoDraw = True
947.8358 	EXP 	line2: autoDraw = True
947.8358 	EXP 	line3: autoDraw = True
947.8358 	EXP 	line4: autoDraw = True
948.8367 	INFO 	Keyboard events cleared
948.8365 	EXP 	probe: autoDraw = True
949.6984 	EXP 	Device response: <KeyPress from None: t=949.693479833004, value=c, duration=None>
949.6989 	EXP 	New trial (rep=48, index=195): <Trial 195 (195 in rep 48) data={'pos': np.int64(-50), 'corr_resp': 'x', 'thisN': 195, 'thisTrialN': 195, 'thisRepN': 48}>
949.7046 	DATA 	Keypress: c
949.7088 	EXP 	fixation: autoDraw = False
949.7088 	EXP 	line1: autoDraw = False
949.7088 	EXP 	line2: autoDraw = False
949.7088 	EXP 	line3: autoDraw = False
949.7088 	EXP 	line4: autoDraw = False
949.7088 	EXP 	probe: autoDraw = False
949.7088 	EXP 	fixation: autoDraw = True
949.8159 	EXP 	Device response: <KeyPress from None: t=949.693479833004, value=c, duration=0.1202161669934867>
950.6973 	EXP 	line1: autoDraw = True
950.6973 	EXP 	line2: autoDraw = True
950.6973 	EXP 	line3: autoDraw = True
950.6973 	EXP 	line4: autoDraw = True
950.7023 	EXP 	fixation: autoDraw = False
951.6973 	INFO 	Keyboard events cleared
951.6971 	EXP 	probe: autoDraw = True
952.1316 	EXP 	Device response: <KeyPress from None: t=952.1213881669973, value=x, duration=None>
952.1321 	EXP 	New trial (rep=49, index=196): <Trial 196 (196 in rep 49) data={'pos': np.int64(50), 'corr_resp': 'c', 'thisN': 196, 'thisTrialN': 196, 'thisRepN': 49}>
952.1375 	DATA 	Keypress: x
952.1419 	EXP 	fixation: autoDraw = False
952.1419 	EXP 	line1: autoDraw = False
952.1419 	EXP 	line2: autoDraw = False
952.1419 	EXP 	line3: autoDraw = False
952.1419 	EXP 	line4: autoDraw = False
952.1419 	EXP 	probe: autoDraw = False
952.1419 	EXP 	fixation: autoDraw = True
952.3152 	EXP 	Device response: <KeyPress from None: t=952.1213881669973, value=x, duration=0.18437383300624788>
953.1306 	EXP 	line1: autoDraw = True
953.1306 	EXP 	line2: autoDraw = True
953.1306 	EXP 	line3: autoDraw = True
953.1306 	EXP 	line4: autoDraw = True
953.1354 	EXP 	fixation: autoDraw = False
954.1309 	INFO 	Keyboard events cleared
954.1307 	EXP 	probe: autoDraw = True
954.9485 	EXP 	Device response: <KeyPress from None: t=954.9401714169944, value=c, duration=None>
954.9492 	EXP 	New trial (rep=49, index=197): <Trial 197 (197 in rep 49) data={'pos': np.int64(150), 'corr_resp': 'v', 'thisN': 197, 'thisTrialN': 197, 'thisRepN': 49}>
954.9549 	DATA 	Keypress: c
954.9590 	EXP 	fixation: autoDraw = False
954.9590 	EXP 	line1: autoDraw = False
954.9590 	EXP 	line2: autoDraw = False
954.9590 	EXP 	line3: autoDraw = False
954.9590 	EXP 	line4: autoDraw = False
954.9590 	EXP 	probe: autoDraw = False
954.9590 	EXP 	fixation: autoDraw = True
955.0484 	EXP 	Device response: <KeyPress from None: t=954.9401714169944, value=c, duration=0.10038037500635255>
955.9474 	EXP 	line1: autoDraw = True
955.9474 	EXP 	line2: autoDraw = True
955.9474 	EXP 	line3: autoDraw = True
955.9474 	EXP 	line4: autoDraw = True
955.9525 	EXP 	fixation: autoDraw = False
956.9472 	INFO 	Keyboard events cleared
956.9470 	EXP 	probe: autoDraw = True
957.3817 	EXP 	Device response: <KeyPress from None: t=957.379227707992, value=v, duration=None>
957.3824 	EXP 	New trial (rep=49, index=198): <Trial 198 (198 in rep 49) data={'pos': np.int64(-150), 'corr_resp': 'z', 'thisN': 198, 'thisTrialN': 198, 'thisRepN': 49}>
957.3875 	EXP 	fixation: autoDraw = False
957.3875 	EXP 	line1: autoDraw = False
957.3875 	EXP 	line2: autoDraw = False
957.3875 	EXP 	line3: autoDraw = False
957.3875 	EXP 	line4: autoDraw = False
957.3875 	EXP 	probe: autoDraw = False
957.3875 	EXP 	fixation: autoDraw = True
957.3914 	DATA 	Keypress: v
957.5484 	EXP 	Device response: <KeyPress from None: t=957.379227707992, value=v, duration=0.16027495900925715>
958.3804 	EXP 	line1: autoDraw = True
958.3804 	EXP 	line2: autoDraw = True
958.3804 	EXP 	line3: autoDraw = True
958.3804 	EXP 	line4: autoDraw = True
958.3850 	EXP 	fixation: autoDraw = False
959.3807 	INFO 	Keyboard events cleared
959.3805 	EXP 	probe: autoDraw = True
959.8370 	EXP 	Device response: <KeyPress from None: t=959.8321617079928, value=z, duration=None>
959.8375 	EXP 	New trial (rep=49, index=199): <Trial 199 (199 in rep 49) data={'pos': np.int64(-50), 'corr_resp': 'x', 'thisN': 199, 'thisTrialN': 199, 'thisRepN': 49}>
959.8427 	DATA 	Keypress: z
959.8468 	EXP 	fixation: autoDraw = False
959.8468 	EXP 	line1: autoDraw = False
959.8468 	EXP 	line2: autoDraw = False
959.8468 	EXP 	line3: autoDraw = False
959.8468 	EXP 	line4: autoDraw = False
959.8468 	EXP 	probe: autoDraw = False
959.8468 	EXP 	fixation: autoDraw = True
960.0484 	EXP 	Device response: <KeyPress from None: t=959.8321617079928, value=z, duration=0.20425341700320132>
960.8350 	EXP 	fixation: autoDraw = False
960.8350 	EXP 	line1: autoDraw = True
960.8350 	EXP 	line2: autoDraw = True
960.8350 	EXP 	line3: autoDraw = True
960.8350 	EXP 	line4: autoDraw = True
961.8368 	INFO 	Keyboard events cleared
961.8367 	EXP 	probe: autoDraw = True
962.6483 	EXP 	Device response: <KeyPress from None: t=962.6442238750024, value=x, duration=None>
962.6531 	EXP 	fixation: autoDraw = False
962.6531 	EXP 	line1: autoDraw = False
962.6531 	EXP 	line2: autoDraw = False
962.6531 	EXP 	line3: autoDraw = False
962.6531 	EXP 	line4: autoDraw = False
962.6531 	EXP 	probe: autoDraw = False
962.6533 	EXP 	Motor Sequential Learning: status = STOPPED
962.7543 	INFO 	saved data to '/Users/vineesmacbook/Desktop/PsychoPy/Motor Sequential Learning/data/952509_Motor Sequential Learning_2025-10-02_17h52.05.425.csv'
962.7611 	INFO 	saved data to /Users/vineesmacbook/Desktop/PsychoPy/Motor Sequential Learning/data/952509_Motor Sequential Learning_2025-10-02_17h52.05.425.psydat
962.7625 	DATA 	Keypress: x
962.9159 	WARNING 	Stopping key buffers but this could be dangerous ifother keyboards rely on the same.
962.9159 	WARNING 	Stopping key buffers but this could be dangerous ifother keyboards rely on the same.
