pos,corr_resp,thisN,thisTrialN,thisRepN,key_resp.keys,key_resp.corr,key_resp.rt,key_resp.duration,trials.thisRepN,trials.thisTrialN,trials.thisN,trials.thisIndex,trials_2.thisRepN,trials_2.thisTrialN,trials_2.thisN,trials_2.thisIndex,thisRow.t,notes,trial.started,fixation.started,line1.started,line2.started,line3.started,line4.started,fixation.stopped,probe.started,key_resp.started,trial.stopped,trials.key_resp.keys,trials.key_resp.corr,trials.key_resp.rt,trials.key_resp.duration,trials_2.key_resp.keys,trials_2.key_resp.corr,trials_2.key_resp.rt,trials_2.key_resp.duration,participant,session,date,expName,expVersion,psychopyVersion,frameRate,expStart,
-50,x,0,0,0,x,1,1.0648521250113845,None,0,0,0,0,,,,,0.029630374992848374,,0.021576207989710383,0.029630374992848374,1.0035758749872912,1.0035758749872912,1.0035758749872912,1.0035758749872912,1.024739040993154,1.9956388329883339,1.9956388329883339,3.2640698329923907,x,1,1.0648521250113845,None,,,,,04,001,2025-10-03_09h16.01.881,Motor Sequential Learning,,2025.1.1,None,2025-10-03 09h16.22.197735 +0530,
150,v,1,1,0,v,1,0.4560413329891162,None,0,1,1,1,,,,,3.2723601249890635,,3.2643752909934847,3.2723601249890635,4.259358040988445,4.259358040988445,4.259358040988445,4.259358040988445,4.2703449159889715,5.259447082993574,5.259447082993574,5.722105707987794,v,1,0.4560413329891162,None,,,,,04,001,2025-10-03_09h16.01.881,Motor Sequential Learning,,2025.1.1,None,2025-10-03 09h16.22.197735 +0530,
50,c,2,2,0,c,1,0.696946541997022,None,0,2,2,2,,,,,5.731286750000436,,5.722995832999004,5.731286750000436,6.720209582999814,6.720209582999814,6.720209582999814,6.720209582999814,6.724459124990972,7.72035666598822,7.72035666598822,8.421970957992016,c,1,0.696946541997022,None,,,,,04,001,2025-10-03_09h16.01.881,Motor Sequential Learning,,2025.1.1,None,2025-10-03 09h16.22.197735 +0530,
-150,z,3,3,0,z,1,0.4190737919998355,None,0,3,3,3,,,,,8.427221457997803,,8.422810832998948,8.427221457997803,9.42015687499952,9.42015687499952,9.42015687499952,9.42015687499952,9.424310165995848,10.420245540997712,10.420245540997712,10.8432665829896,z,1,0.4190737919998355,None,,,,,04,001,2025-10-03_09h16.01.881,Motor Sequential Learning,,2025.1.1,None,2025-10-03 09h16.22.197735 +0530,
-50,x,4,0,1,x,1,0.5605645420000656,None,1,0,4,0,,,,,10.85304229099711,,10.84379208298924,10.85304229099711,11.841974665992893,11.841974665992893,11.841974665992893,11.841974665992893,11.841974665992893,12.843628707996686,12.843628707996686,13.410328874990228,x,1,0.5605645420000656,None,,,,,04,001,2025-10-03_09h16.01.881,Motor Sequential Learning,,2025.1.1,None,2025-10-03 09h16.22.197735 +0530,
150,v,5,1,1,v,1,0.3139288340025814,None,1,1,5,1,,,,,13.419781749995309,,13.410822124991682,13.419781749995309,14.40877537499182,14.40877537499182,14.40877537499182,14.40877537499182,14.40877537499182,15.409249874996021,15.409249874996021,15.72694770799717,v,1,0.3139288340025814,None,,,,,04,001,2025-10-03_09h16.01.881,Motor Sequential Learning,,2025.1.1,None,2025-10-03 09h16.22.197735 +0530,
50,c,6,2,1,c,1,0.6158670000004349,None,1,2,6,2,,,,,15.73656237499381,,15.727444749994902,15.73656237499381,16.72512824999285,16.72512824999285,16.72512824999285,16.72512824999285,16.72512824999285,17.727195749990642,17.727195749990642,18.354810582997743,c,1,0.6158670000004349,None,,,,,04,001,2025-10-03_09h16.01.881,Motor Sequential Learning,,2025.1.1,None,2025-10-03 09h16.22.197735 +0530,
-150,z,7,3,1,z,1,0.31958441699680407,None,1,3,7,3,,,,,18.363852790993406,,18.35555366599874,18.363852790993406,19.35340058300062,19.35340058300062,19.35340058300062,19.35340058300062,19.35846679098904,20.353513999987626,20.353513999987626,20.676673165988177,z,1,0.31958441699680407,None,,,,,04,001,2025-10-03_09h16.01.881,Motor Sequential Learning,,2025.1.1,None,2025-10-03 09h16.22.197735 +0530,
-50,x,8,0,2,x,1,0.5282242079993011,None,2,0,8,0,,,,,20.686561874987092,,20.677163207990816,20.686561874987092,21.6752662910003,21.6752662910003,21.6752662910003,21.6752662910003,21.6752662910003,22.675784915991244,22.675784915991244,23.210525082991808,x,1,0.5282242079993011,None,,,,,04,001,2025-10-03_09h16.01.881,Motor Sequential Learning,,2025.1.1,None,2025-10-03 09h16.22.197735 +0530,
150,v,9,1,2,v,1,0.30808045899902936,None,2,1,9,1,,,,,23.220381999999518,,23.211021415991127,23.220381999999518,24.208659457988688,24.208659457988688,24.208659457988688,24.208659457988688,24.208659457988688,25.208885332991485,25.208885332991485,25.5218734999944,v,1,0.30808045899902936,None,,,,,04,001,2025-10-03_09h16.01.881,Motor Sequential Learning,,2025.1.1,None,2025-10-03 09h16.22.197735 +0530,
50,c,10,2,2,c,1,0.3607962079986464,None,2,2,10,2,,,,,25.5320578749961,,25.522768332986743,25.5320578749961,26.52005612499488,26.52005612499488,26.52005612499488,26.52005612499488,26.524476874998072,27.520121415989706,27.520121415989706,27.88833895800053,c,1,0.3607962079986464,None,,,,,04,001,2025-10-03_09h16.01.881,Motor Sequential Learning,,2025.1.1,None,2025-10-03 09h16.22.197735 +0530,
-150,z,11,3,2,z,1,0.24321816599695012,None,2,3,11,3,,,,,27.89826337499835,,27.888994332999573,27.89826337499835,28.886790958000347,28.886790958000347,28.886790958000347,28.886790958000347,28.89172287499241,29.88671649999742,29.88671649999742,30.138494540995453,z,1,0.24321816599695012,None,,,,,04,001,2025-10-03_09h16.01.881,Motor Sequential Learning,,2025.1.1,None,2025-10-03 09h16.22.197735 +0530,
-50,x,12,0,3,x,1,0.45400316700397525,None,3,0,12,0,,,,,30.148714665992884,,30.13925612499588,30.148714665992884,31.136707124998793,31.136707124998793,31.136707124998793,31.136707124998793,31.141483999992488,32.13677120799548,32.13677120799548,32.592619666000246,x,1,0.45400316700397525,None,,,,,04,001,2025-10-03_09h16.01.881,Motor Sequential Learning,,2025.1.1,None,2025-10-03 09h16.22.197735 +0530,
150,v,13,1,3,v,1,0.36710891700931825,None,3,1,13,1,,,,,32.602566790999845,,32.593122499994934,32.602566790999845,33.59158570799627,33.59158570799627,33.59158570799627,33.59158570799627,33.59158570799627,34.586613874998875,34.586613874998875,34.96080229099607,v,1,0.36710891700931825,None,,,,,04,001,2025-10-03_09h16.01.881,Motor Sequential Learning,,2025.1.1,None,2025-10-03 09h16.22.197735 +0530,
50,c,14,2,3,c,1,0.46641670900862664,None,3,2,14,2,,,,,34.986907957994845,,34.96129904099507,34.986907957994845,35.95805624999048,35.95805624999048,35.95805624999048,35.95805624999048,35.974629415999516,36.95919170799607,36.95919170799607,37.438297124987,c,1,0.46641670900862664,None,,,,,04,001,2025-10-03_09h16.01.881,Motor Sequential Learning,,2025.1.1,None,2025-10-03 09h16.22.197735 +0530,
-150,z,15,3,3,z,1,0.347138332988834,None,3,3,15,3,,,,,37.4484664999909,,37.43913120799698,37.4484664999909,38.43665962498926,38.43665962498926,38.43665962498926,38.43665962498926,38.441757249995135,39.43655799998669,39.43655799998669,39.78798499998811,z,1,0.347138332988834,None,,,,,04,001,2025-10-03_09h16.01.881,Motor Sequential Learning,,2025.1.1,None,2025-10-03 09h16.22.197735 +0530,
-50,x,16,0,4,x,1,0.5925512920075562,None,4,0,16,0,,,,,39.79342204099521,,39.78875891599455,39.79342204099521,40.78665049999836,40.78665049999836,40.78665049999836,40.78665049999836,40.791529624999384,41.78693991599721,41.78693991599721,42.38835266599199,x,1,0.5925512920075562,None,,,,,04,001,2025-10-03_09h16.01.881,Motor Sequential Learning,,2025.1.1,None,2025-10-03 09h16.22.197735 +0530,
150,v,17,1,4,v,1,0.317892708000727,None,4,1,17,1,,,,,42.39868979099265,,42.38917429099092,42.39868979099265,43.3866854999942,43.3866854999942,43.3866854999942,43.3866854999942,43.3916000409954,44.38653649999469,44.38653649999469,44.70992233300058,v,1,0.317892708000727,None,,,,,04,001,2025-10-03_09h16.01.881,Motor Sequential Learning,,2025.1.1,None,2025-10-03 09h16.22.197735 +0530,
50,c,18,2,4,c,1,0.49159450001025107,None,4,2,18,2,,,,,44.73696066599223,,44.71041870799672,44.73696066599223,45.70898058298917,45.70898058298917,45.70898058298917,45.70898058298917,45.723914040994714,46.70903454099607,46.70903454099607,47.204760165986954,c,1,0.49159450001025107,None,,,,,04,001,2025-10-03_09h16.01.881,Motor Sequential Learning,,2025.1.1,None,2025-10-03 09h16.22.197735 +0530,
-150,z,19,3,4,z,1,0.5692312500032131,None,4,3,19,3,,,,,47.210131040992565,,47.20560629099782,47.210131040992565,48.203312082987395,48.203312082987395,48.203312082987395,48.203312082987395,48.20792041599634,49.203219832998,49.203219832998,49.7754758749943,z,1,0.5692312500032131,None,,,,,04,001,2025-10-03_09h16.01.881,Motor Sequential Learning,,2025.1.1,None,2025-10-03 09h16.22.197735 +0530,
-50,x,20,0,5,x,1,0.49975904199527577,None,5,0,20,0,,,,,49.78570729099738,,49.77595412499795,49.78570729099738,50.77485791599611,50.77485791599611,50.77485791599611,50.77485791599611,50.77485791599611,51.776651415988454,51.776651415988454,52.28805008299241,x,1,0.49975904199527577,None,,,,,04,001,2025-10-03_09h16.01.881,Motor Sequential Learning,,2025.1.1,None,2025-10-03 09h16.22.197735 +0530,
150,v,21,1,5,v,1,0.313726874999702,None,5,1,21,1,,,,,52.298270374987624,,52.28891149999981,52.298270374987624,53.28646570799174,53.28646570799174,53.28646570799174,53.28646570799174,53.29075516598823,54.286566040987964,54.286566040987964,54.60440570799983,v,1,0.313726874999702,None,,,,,04,001,2025-10-03_09h16.01.881,Motor Sequential Learning,,2025.1.1,None,2025-10-03 09h16.22.197735 +0530,
50,c,22,2,5,c,1,0.5343289169977652,None,5,2,22,2,,,,,54.609357458000886,,54.60508408299938,54.609357458000886,55.60318983299658,55.60318983299658,55.60318983299658,55.60318983299658,55.6079574579926,56.603090457996586,56.603090457996586,57.14304333299515,c,1,0.5343289169977652,None,,,,,04,001,2025-10-03_09h16.01.881,Motor Sequential Learning,,2025.1.1,None,2025-10-03 09h16.22.197735 +0530,
-150,z,23,3,5,z,1,0.28956829199159984,None,5,3,23,3,,,,,57.15279791598732,,57.143559124990134,57.15279791598732,58.1423674159887,58.1423674159887,58.1423674159887,58.1423674159887,58.1423674159887,59.14267970799119,59.14267970799119,59.43793012498645,z,1,0.28956829199159984,None,,,,,04,001,2025-10-03_09h16.01.881,Motor Sequential Learning,,2025.1.1,None,2025-10-03 09h16.22.197735 +0530,
-50,x,24,0,6,x,1,0.43882304200087674,None,6,0,24,0,,,,,59.447837790998165,,59.438560124996,59.447837790998165,60.436487540995586,60.436487540995586,60.436487540995586,60.436487540995586,60.44110029099102,61.436358124992694,61.436358124992694,61.88635866600089,x,1,0.43882304200087674,None,,,,,04,001,2025-10-03_09h16.01.881,Motor Sequential Learning,,2025.1.1,None,2025-10-03 09h16.22.197735 +0530,
150,v,25,1,6,v,1,0.6401792090036906,None,6,1,25,1,,,,,61.89029283299169,,61.88688416600053,61.89029283299169,62.87465866599814,62.87465866599814,62.87465866599814,62.87465866599814,62.88637845798803,63.87597837499925,63.87597837499925,64.52103162498679,v,1,0.6401792090036906,None,,,,,04,001,2025-10-03_09h16.01.881,Motor Sequential Learning,,2025.1.1,None,2025-10-03 09h16.22.197735 +0530,
50,c,26,2,6,c,1,0.5702172080054879,None,6,2,26,2,,,,,64.53099249998922,,64.52176158298971,64.53099249998922,65.51981808299024,65.51981808299024,65.51981808299024,65.51981808299024,65.5248108329979,66.5197320409934,66.5197320409934,67.09267008298775,c,1,0.5702172080054879,None,,,,,04,001,2025-10-03_09h16.01.881,Motor Sequential Learning,,2025.1.1,None,2025-10-03 09h16.22.197735 +0530,
-150,z,27,3,6,z,1,0.48968345900357235,None,6,3,27,3,,,,,67.10290487499151,,67.09331412499887,67.10290487499151,68.0913121659978,68.0913121659978,68.0913121659978,68.0913121659978,68.0913121659978,69.0863339159987,69.0863339159987,69.58805879099236,z,1,0.48968345900357235,None,,,,,04,001,2025-10-03_09h16.01.881,Motor Sequential Learning,,2025.1.1,None,2025-10-03 09h16.22.197735 +0530,
-50,x,28,0,7,x,1,0.33546116699289996,None,7,0,28,0,,,,,69.59843466599705,,69.58887804098777,69.59843466599705,70.5863625829952,70.5863625829952,70.5863625829952,70.5863625829952,70.59056849998888,71.58649149999837,71.58649149999837,71.92573412499041,x,1,0.33546116699289996,None,,,,,04,001,2025-10-03_09h16.01.881,Motor Sequential Learning,,2025.1.1,None,2025-10-03 09h16.22.197735 +0530,
150,v,29,1,7,v,1,0.3436138329998357,None,7,1,29,1,,,,,71.93556466599694,,71.92622858299,71.93556466599694,72.9246551249962,72.9246551249962,72.9246551249962,72.9246551249962,72.9246551249962,73.92532049999863,73.92532049999863,74.27109483299137,v,1,0.3436138329998357,None,,,,,04,001,2025-10-03_09h16.01.881,Motor Sequential Learning,,2025.1.1,None,2025-10-03 09h16.22.197735 +0530,
50,c,30,2,7,c,1,0.30230829199717846,None,7,2,30,2,,,,,74.2764991659933,,74.27192912499595,74.2764991659933,75.26968079099606,75.26968079099606,75.26968079099606,75.26968079099606,75.2745799159893,76.26960287499242,76.26960287499242,76.57683112499944,c,1,0.30230829199717846,None,,,,,04,001,2025-10-03_09h16.01.881,Motor Sequential Learning,,2025.1.1,None,2025-10-03 09h16.22.197735 +0530,
-150,z,31,3,7,z,1,0.5492577080003684,None,7,3,31,3,,,,,76.58650987499277,,76.57731212499493,76.58650987499277,77.57467091598664,77.57467091598664,77.57467091598664,77.57467091598664,77.57467091598664,78.57541562498955,78.57541562498955,79.12697545799892,z,1,0.5492577080003684,None,,,,,04,001,2025-10-03_09h16.01.881,Motor Sequential Learning,,2025.1.1,None,2025-10-03 09h16.22.197735 +0530,
-50,x,32,0,8,x,1,0.4676005829969654,None,8,0,32,0,,,,,79.15314262500033,,79.12746008299291,79.15314262500033,80.1245189159963,80.1245189159963,80.1245189159963,80.1245189159963,80.14084283298871,81.12604183299118,81.12604183299118,81.60451483298675,x,1,0.4676005829969654,None,,,,,04,001,2025-10-03_09h16.01.881,Motor Sequential Learning,,2025.1.1,None,2025-10-03 09h16.22.197735 +0530,
150,v,33,1,8,v,1,0.3726806250051595,None,8,1,33,1,,,,,81.6149456659914,,81.60530008299975,81.6149456659914,82.60289916599868,82.60289916599868,82.60289916599868,82.60289916599868,82.60779520799406,83.60299374999886,83.60299374999886,83.9884597909986,v,1,0.3726806250051595,None,,,,,04,001,2025-10-03_09h16.01.881,Motor Sequential Learning,,2025.1.1,None,2025-10-03 09h16.22.197735 +0530,
50,c,34,2,8,c,1,0.34650408299057744,None,8,2,34,2,,,,,83.99904345799587,,83.98946524999337,83.99904345799587,84.9863024160004,84.9863024160004,84.9863024160004,84.9863024160004,84.99124854098773,85.98622599999362,85.98622599999362,86.33811333299673,c,1,0.34650408299057744,None,,,,,04,001,2025-10-03_09h16.01.881,Motor Sequential Learning,,2025.1.1,None,2025-10-03 09h16.22.197735 +0530,
-150,z,35,3,8,z,1,0.3449655000003986,None,8,3,35,3,,,,,86.34365099998831,,86.33922604098916,86.34365099998831,87.33608954100055,87.33608954100055,87.33608954100055,87.33608954100055,87.34091691600042,88.33643187499547,88.33643187499547,88.68785783299245,z,1,0.3449655000003986,None,,,,,04,001,2025-10-03_09h16.01.881,Motor Sequential Learning,,2025.1.1,None,2025-10-03 09h16.22.197735 +0530,
-50,x,36,0,9,x,1,0.4395428330026334,None,9,0,36,0,,,,,88.6979329159949,,88.68871787498938,88.6979329159949,89.68606716599606,89.68606716599606,89.68606716599606,89.68606716599606,89.690839124989,90.68620808298874,90.68620808298874,91.13797866599634,x,1,0.4395428330026334,None,,,,,04,001,2025-10-03_09h16.01.881,Motor Sequential Learning,,2025.1.1,None,2025-10-03 09h16.22.197735 +0530,
150,v,37,1,9,v,1,0.3061717079981463,None,9,1,37,1,,,,,91.1481817909953,,91.13878383299743,91.1481817909953,92.13616316599655,92.13616316599655,92.13616316599655,92.13616316599655,92.14108349999879,93.13626095799555,93.13626095799555,93.45457299999543,v,1,0.3061717079981463,None,,,,,04,001,2025-10-03_09h16.01.881,Motor Sequential Learning,,2025.1.1,None,2025-10-03 09h16.22.197735 +0530,
50,c,38,2,9,c,1,0.43057699999189936,None,9,2,38,2,,,,,93.46490733299288,,93.45528558299702,93.46490733299288,94.45284874999197,94.45284874999197,94.45284874999197,94.45284874999197,94.457238374991,95.45278329099528,95.45278329099528,95.88752116599062,c,1,0.43057699999189936,None,,,,,04,001,2025-10-03_09h16.01.881,Motor Sequential Learning,,2025.1.1,None,2025-10-03 09h16.22.197735 +0530,
-150,z,39,3,9,z,1,0.3359916670015082,None,9,3,39,3,,,,,95.89293616599753,,95.88831133299391,95.89293616599753,96.88611624999612,96.88611624999612,96.88611624999612,96.88611624999612,96.8904099999927,97.88625737499387,97.88625737499387,98.22505870799068,z,1,0.3359916670015082,None,,,,,04,001,2025-10-03_09h16.01.881,Motor Sequential Learning,,2025.1.1,None,2025-10-03 09h16.22.197735 +0530,
-50,x,40,0,10,x,1,0.5661724999954458,None,10,0,40,0,,,,,98.23549954099872,,98.22556762499153,98.23549954099872,99.21946124998794,99.21946124998794,99.21946124998794,99.21946124998794,99.22422387498955,100.2251307080005,100.2251307080005,100.80257262499072,x,1,0.5661724999954458,None,,,,,04,001,2025-10-03_09h16.01.881,Motor Sequential Learning,,2025.1.1,None,2025-10-03 09h16.22.197735 +0530,
150,v,41,1,10,v,1,0.2949880829983158,None,10,1,41,1,,,,,100.80668620798679,,100.80310308298795,100.80668620798679,101.79173983298824,101.79173983298824,101.79173983298824,101.79173983298824,101.80291975,102.79153204099566,102.79153204099566,103.09231533299317,v,1,0.2949880829983158,None,,,,,04,001,2025-10-03_09h16.01.881,Motor Sequential Learning,,2025.1.1,None,2025-10-03 09h16.22.197735 +0530,
50,c,42,2,10,c,1,0.3912313339969842,None,10,2,42,2,,,,,103.10201812499145,,103.09275224999874,103.10201812499145,104.09104674999253,104.09104674999253,104.09104674999253,104.09104674999253,104.09104674999253,105.09288720799668,105.09288720799668,105.48763949998829,c,1,0.3912313339969842,None,,,,,04,001,2025-10-03_09h16.01.881,Motor Sequential Learning,,2025.1.1,None,2025-10-03 09h16.22.197735 +0530,
-150,z,43,3,10,z,1,0.32197079199249856,None,10,3,43,3,,,,,105.49273883299611,,105.48856445799174,105.49273883299611,106.48600866599008,106.48600866599008,106.48600866599008,106.48600866599008,106.490134415988,107.4860924579989,107.4860924579989,107.82119412499014,z,1,0.32197079199249856,None,,,,,04,001,2025-10-03_09h16.01.881,Motor Sequential Learning,,2025.1.1,None,2025-10-03 09h16.22.197735 +0530,
-50,x,44,0,11,x,1,0.312661083007697,None,11,0,44,0,,,,,107.83119845799229,,107.82207258298877,107.83119845799229,108.81936491599481,108.81936491599481,108.81936491599481,108.81936491599481,108.82422379098716,109.81948695798928,109.81948695798928,110.13785358300083,x,1,0.312661083007697,None,,,,,04,001,2025-10-03_09h16.01.881,Motor Sequential Learning,,2025.1.1,None,2025-10-03 09h16.22.197735 +0530,
150,v,45,1,11,v,1,0.31337429099949077,None,11,1,45,1,,,,,110.14838516598684,,110.13880104098644,110.14838516598684,111.13609091599938,111.13609091599938,111.13609091599938,111.13609091599938,111.14116866599943,112.13600383298763,112.13600383298763,112.45418324999628,v,1,0.31337429099949077,None,,,,,04,001,2025-10-03_09h16.01.881,Motor Sequential Learning,,2025.1.1,None,2025-10-03 09h16.22.197735 +0530,
50,c,46,2,11,c,1,0.4882355000008829,None,11,2,46,2,,,,,112.45928899999126,,112.45508329098811,112.45928899999126,113.4526179159875,113.4526179159875,113.4526179159875,113.4526179159875,113.4571021249867,114.45274024999526,114.45274024999526,114.94254083299893,c,1,0.4882355000008829,None,,,,,04,001,2025-10-03_09h16.01.881,Motor Sequential Learning,,2025.1.1,None,2025-10-03 09h16.22.197735 +0530,
-150,z,47,3,11,z,1,0.27169012499507517,None,11,3,47,3,,,,,114.96965849999106,,114.94305195799097,114.96965849999106,115.94117170799291,115.94117170799291,115.94117170799291,115.94117170799291,115.95764812499692,116.94238787499489,116.94238787499489,117.22083191599813,z,1,0.27169012499507517,None,,,,,04,001,2025-10-03_09h16.01.881,Motor Sequential Learning,,2025.1.1,None,2025-10-03 09h16.22.197735 +0530,
-50,x,48,0,12,x,1,0.3985205409990158,None,12,0,48,0,,,,,117.23126008299005,,117.22167283299495,117.23126008299005,118.21924308298912,118.21924308298912,118.21924308298912,118.21924308298912,118.22347633299069,119.21929483299027,119.21929483299027,119.62077612499706,x,1,0.3985205409990158,None,,,,,04,001,2025-10-03_09h16.01.881,Motor Sequential Learning,,2025.1.1,None,2025-10-03 09h16.22.197735 +0530,
150,v,49,1,12,v,1,0.39838199999940116,None,12,1,49,1,,,,,119.62591062499268,,119.62164704099996,119.62591062499268,120.61925333298859,120.61925333298859,120.61925333298859,120.61925333298859,120.62348287498753,121.61938374998863,121.61938374998863,122.02073737498722,v,1,0.39838199999940116,None,,,,,04,001,2025-10-03_09h16.01.881,Motor Sequential Learning,,2025.1.1,None,2025-10-03 09h16.22.197735 +0530,
50,c,50,2,12,c,1,0.3304229170025792,None,12,2,50,2,,,,,122.02627474999463,,122.02160466599162,122.02627474999463,123.01950866599509,123.01950866599509,123.01950866599509,123.01950866599509,123.02448858298885,124.01940387499053,124.01940387499053,124.35399462499481,c,1,0.3304229170025792,None,,,,,04,001,2025-10-03_09h16.01.881,Motor Sequential Learning,,2025.1.1,None,2025-10-03 09h16.22.197735 +0530,
-150,z,51,3,12,z,1,0.49202400000649504,None,12,3,51,3,,,,,124.35944399998698,,124.35488329098735,124.35944399998698,125.35262049999437,125.35262049999437,125.35262049999437,125.35262049999437,125.35672587499721,126.35258349998912,126.35258349998912,126.85412449999421,z,1,0.49202400000649504,None,,,,,04,001,2025-10-03_09h16.01.881,Motor Sequential Learning,,2025.1.1,None,2025-10-03 09h16.22.197735 +0530,
-50,x,52,0,13,x,1,0.48953099999926053,None,13,0,52,0,,,,,126.86462529099663,,126.85510733298725,126.86462529099663,127.8525582079892,127.8525582079892,127.8525582079892,127.8525582079892,127.85687920798955,128.852444499993,128.852444499993,129.35435408299963,x,1,0.48953099999926053,None,,,,,04,001,2025-10-03_09h16.01.881,Motor Sequential Learning,,2025.1.1,None,2025-10-03 09h16.22.197735 +0530,
150,v,53,1,13,v,1,0.456911958011915,None,13,1,53,1,,,,,129.36475862500083,,129.35523354099132,129.36475862500083,130.35249966599804,130.35249966599804,130.35249966599804,130.35249966599804,130.35736120799265,131.35259429099096,131.35259429099096,131.82052570799715,v,1,0.456911958011915,None,,,,,04,001,2025-10-03_09h16.01.881,Motor Sequential Learning,,2025.1.1,None,2025-10-03 09h16.22.197735 +0530,
50,c,54,2,13,c,1,0.4891543329868,None,13,2,54,2,,,,,131.83056308300002,,131.82129329099553,131.83056308300002,132.81919070798904,132.81919070798904,132.81919070798904,132.81919070798904,132.82413887498842,133.8192723329994,133.8192723329994,134.3204020409903,c,1,0.4891543329868,None,,,,,04,001,2025-10-03_09h16.01.881,Motor Sequential Learning,,2025.1.1,None,2025-10-03 09h16.22.197735 +0530,
-150,z,55,3,13,z,1,0.31618687500304077,None,13,3,55,3,,,,,134.33003991599253,,134.321037332993,134.33003991599253,135.31918799999403,135.31918799999403,135.31918799999403,135.31918799999403,135.32430587499402,136.31922649999615,136.31922649999615,136.63694833299087,z,1,0.31618687500304077,None,,,,,04,001,2025-10-03_09h16.01.881,Motor Sequential Learning,,2025.1.1,None,2025-10-03 09h16.22.197735 +0530,
-50,x,56,0,14,x,1,0.4146803340117913,None,14,0,56,0,,,,,136.64184895799553,,136.6377795409935,136.64184895799553,137.63583170798665,137.63583170798665,137.63583170798665,137.63583170798665,137.64067770799738,138.63575504098844,138.63575504098844,139.0536311659962,x,1,0.4146803340117913,None,,,,,04,001,2025-10-03_09h16.01.881,Motor Sequential Learning,,2025.1.1,None,2025-10-03 09h16.22.197735 +0530,
150,v,57,1,14,v,1,0.3280232910037739,None,14,1,57,1,,,,,139.05872070799523,,139.05443329099216,139.05872070799523,140.05246854099096,140.05246854099096,140.05246854099096,140.05246854099096,140.05681820798782,141.05241183299222,141.05241183299222,141.38759916598792,v,1,0.3280232910037739,None,,,,,04,001,2025-10-03_09h16.01.881,Motor Sequential Learning,,2025.1.1,None,2025-10-03 09h16.22.197735 +0530,
50,c,58,2,14,v,0,0.3915260420035338,None,14,2,58,2,,,,,141.39744787498785,,141.38834416600002,141.39744787498785,142.3856244579947,142.3856244579947,142.3856244579947,142.3856244579947,142.38964333299373,143.3857471659867,143.3857471659867,143.7872721659951,v,0,0.3915260420035338,None,,,,,04,001,2025-10-03_09h16.01.881,Motor Sequential Learning,,2025.1.1,None,2025-10-03 09h16.22.197735 +0530,
-150,z,59,3,14,z,1,0.28641991601034533,None,14,3,59,3,,,,,143.80981849999807,,143.78810974999215,143.80981849999807,144.78567349999503,144.78567349999503,144.78567349999503,144.78567349999503,144.8073973749997,145.78581195799052,145.78581195799052,146.07524245799868,z,1,0.28641991601034533,None,,,,,04,001,2025-10-03_09h16.01.881,Motor Sequential Learning,,2025.1.1,None,2025-10-03 09h16.22.197735 +0530,
-50,x,60,0,15,z,0,0.43242670901236124,None,15,0,60,0,,,,,146.08482970799378,,146.07575291598914,146.08482970799378,147.07422174999374,147.07422174999374,147.07422174999374,147.07422174999374,147.07422174999374,148.07470966599067,148.07470966599067,148.520287249994,z,0,0.43242670901236124,None,,,,,04,001,2025-10-03_09h16.01.881,Motor Sequential Learning,,2025.1.1,None,2025-10-03 09h16.22.197735 +0530,
150,v,61,1,15,v,1,0.3028825420042267,None,15,1,61,1,,,,,148.52995849998842,,148.52096383299795,148.52995849998842,149.51904741598992,149.51904741598992,149.51904741598992,149.51904741598992,149.5237833329884,150.51890462498704,150.51890462498704,150.82540274999337,v,1,0.3028825420042267,None,,,,,04,001,2025-10-03_09h16.01.881,Motor Sequential Learning,,2025.1.1,None,2025-10-03 09h16.22.197735 +0530,
50,c,62,2,15,c,1,0.4342833749979036,None,15,2,62,2,,,,,150.83478316599212,,150.82589566599927,150.83478316599212,151.82409274998645,151.82409274998645,151.82409274998645,151.82409274998645,151.82409274998645,152.81884591598646,152.81884591598646,153.2593582499976,c,1,0.4342833749979036,None,,,,,04,001,2025-10-03_09h16.01.881,Motor Sequential Learning,,2025.1.1,None,2025-10-03 09h16.22.197735 +0530,
-150,z,63,3,15,x,0,0.39101687500078697,None,15,3,63,3,,,,,153.2683976249973,,153.2598818330007,153.2683976249973,154.2571535409952,154.2571535409952,154.2571535409952,154.2571535409952,154.2571535409952,155.25821399998676,155.25821399998676,155.6535414999962,x,0,0.39101687500078697,None,,,,,04,001,2025-10-03_09h16.01.881,Motor Sequential Learning,,2025.1.1,None,2025-10-03 09h16.22.197735 +0530,
-50,x,64,0,16,x,1,0.4467838329874212,None,16,0,64,0,,,,,155.65879104098713,,155.65428824999253,155.65879104098713,156.652192249996,156.652192249996,156.652192249996,156.652192249996,156.65643720798835,157.65231262499583,157.65231262499583,158.10388145799516,x,1,0.4467838329874212,None,,,,,04,001,2025-10-03_09h16.01.881,Motor Sequential Learning,,2025.1.1,None,2025-10-03 09h16.22.197735 +0530,
150,v,65,1,16,c,0,0.2656825000012759,None,16,1,65,1,,,,,158.1089800829941,,158.1048004579934,158.1089800829941,159.10232654098945,159.10232654098945,159.10232654098945,159.10232654098945,159.10728158299753,160.10222595799132,160.10222595799132,160.3705302499875,c,0,0.2656825000012759,None,,,,,04,001,2025-10-03_09h16.01.881,Motor Sequential Learning,,2025.1.1,None,2025-10-03 09h16.22.197735 +0530,
50,c,66,2,16,c,1,0.4519240829977207,None,16,2,66,2,,,,,160.37610758299707,,160.371481707989,160.37610758299707,161.3687857909972,161.3687857909972,161.3687857909972,161.3687857909972,161.3737576249987,162.3688917499967,162.3688917499967,162.82567904099415,c,1,0.4519240829977207,None,,,,,04,001,2025-10-03_09h16.01.881,Motor Sequential Learning,,2025.1.1,None,2025-10-03 09h16.22.197735 +0530,
-150,z,67,3,16,z,1,0.41839325000182725,None,16,3,67,3,,,,,162.83472816599533,,162.82617670799664,162.83472816599533,163.82397362499614,163.82397362499614,163.82397362499614,163.82397362499614,163.82397362499614,164.8244534580008,164.8244534580008,165.25373229099205,z,1,0.41839325000182725,None,,,,,04,001,2025-10-03_09h16.01.881,Motor Sequential Learning,,2025.1.1,None,2025-10-03 09h16.22.197735 +0530,
-50,x,68,0,17,x,1,0.5134395839995705,None,17,0,68,0,,,,,165.26300029100094,,165.25466420799785,165.26300029100094,166.25214470799256,166.25214470799256,166.25214470799256,166.25214470799256,166.257097624999,167.25247249999666,167.25247249999666,167.77043741599482,x,1,0.5134395839995705,None,,,,,04,001,2025-10-03_09h16.01.881,Motor Sequential Learning,,2025.1.1,None,2025-10-03 09h16.22.197735 +0530,
150,v,69,1,17,v,1,0.4621052919974318,None,17,1,69,1,,,,,167.7757230829884,,167.77125795799657,167.7757230829884,168.76887208299013,168.76887208299013,168.76887208299013,168.76887208299013,168.7736014159891,169.76874195798882,169.76874195798882,170.2372119579959,v,1,0.4621052919974318,None,,,,,04,001,2025-10-03_09h16.01.881,Motor Sequential Learning,,2025.1.1,None,2025-10-03 09h16.22.197735 +0530,
50,c,70,2,17,c,1,0.35431983300077263,None,17,2,70,2,,,,,170.24648499999603,,170.2381543329975,170.24648499999603,171.2353497909935,171.2353497909935,171.2353497909935,171.2353497909935,171.23963983298745,172.23542312499194,172.23542312499194,172.59096087499347,c,1,0.35431983300077263,None,,,,,04,001,2025-10-03_09h16.01.881,Motor Sequential Learning,,2025.1.1,None,2025-10-03 09h16.22.197735 +0530,
-150,z,71,3,17,z,1,0.44847383300657384,None,17,3,71,3,,,,,172.60157166598947,,172.59146487498947,172.60157166598947,173.5855254999915,173.5855254999915,173.5855254999915,173.5855254999915,173.58973499998683,174.59120512499067,174.59120512499067,175.04080462499405,z,1,0.44847383300657384,None,,,,,04,001,2025-10-03_09h16.01.881,Motor Sequential Learning,,2025.1.1,None,2025-10-03 09h16.22.197735 +0530,
-50,x,72,0,18,x,1,0.431226583008538,None,18,0,72,0,,,,,175.05155762498907,,175.04128879099153,175.05155762498907,176.03543154099316,176.03543154099316,176.03543154099316,176.03543154099316,176.04039124998963,177.0353311660001,177.0353311660001,177.470289416,x,1,0.431226583008538,None,,,,,04,001,2025-10-03_09h16.01.881,Motor Sequential Learning,,2025.1.1,None,2025-10-03 09h16.22.197735 +0530,
150,v,73,1,18,v,1,0.39273829098965507,None,18,1,73,1,,,,,177.47532312499243,,177.47112804099743,177.47532312499243,178.46866945798683,178.46866945798683,178.46866945798683,178.46866945798683,178.47342308299267,179.4687802499975,179.4687802499975,179.87024224999186,v,1,0.39273829098965507,None,,,,,04,001,2025-10-03_09h16.01.881,Motor Sequential Learning,,2025.1.1,None,2025-10-03 09h16.22.197735 +0530,
50,c,74,2,18,c,1,0.4326736249931855,None,18,2,74,2,,,,,179.87937020800018,,179.87111066599027,179.87937020800018,180.86869774998922,180.86869774998922,180.86869774998922,180.86869774998922,180.8736270829977,181.86881937499857,181.86881937499857,182.30327145798947,c,1,0.4326736249931855,None,,,,,04,001,2025-10-03_09h16.01.881,Motor Sequential Learning,,2025.1.1,None,2025-10-03 09h16.22.197735 +0530,
-150,z,75,3,18,z,1,0.7252930409886176,None,18,3,75,3,,,,,182.30852441598836,,182.30389508299413,182.30852441598836,183.29125970799942,183.29125970799942,183.29125970799942,183.29125970799942,183.3019403329963,184.30205162499624,184.30205162499624,185.03684891598823,z,1,0.7252930409886176,None,,,,,04,001,2025-10-03_09h16.01.881,Motor Sequential Learning,,2025.1.1,None,2025-10-03 09h16.22.197735 +0530,
-50,x,76,0,19,x,1,0.9340260000026319,None,19,0,76,0,,,,,185.0459993330005,,185.0375879159983,185.0459993330005,186.03531641598966,186.03531641598966,186.03531641598966,186.03531641598966,186.03936045798764,187.03521120799996,187.03521120799996,187.9728381249879,x,1,0.9340260000026319,None,,,,,04,001,2025-10-03_09h16.01.881,Motor Sequential Learning,,2025.1.1,None,2025-10-03 09h16.22.197735 +0530,
150,v,77,1,19,v,1,0.6085365420003654,None,19,1,77,1,,,,,187.98526183298964,,187.97309349999705,187.98526183298964,188.96874904099968,188.96874904099968,188.96874904099968,188.96874904099968,188.9736567499931,189.96865549999347,189.96865549999347,190.5865438329929,v,1,0.6085365420003654,None,,,,,04,001,2025-10-03_09h16.01.881,Motor Sequential Learning,,2025.1.1,None,2025-10-03 09h16.22.197735 +0530,
50,c,78,2,19,c,1,0.6280161249887897,None,19,2,78,2,,,,,190.59541704099684,,190.58730374999868,190.59541704099684,191.58520966599463,191.58520966599463,191.58520966599463,191.58520966599463,191.5899933329929,192.58529524999904,192.58529524999904,193.21975666598883,c,1,0.6280161249887897,None,,,,,04,001,2025-10-03_09h16.01.881,Motor Sequential Learning,,2025.1.1,None,2025-10-03 09h16.22.197735 +0530,
-150,z,79,3,19,z,1,0.34266470800503157,None,19,3,79,3,,,,,193.2284673749964,,193.22032387499348,193.2284673749964,194.21852354099974,194.21852354099974,194.21852354099974,194.21852354099974,194.22342420798668,195.2185474579892,195.2185474579892,195.56998841599852,z,1,0.34266470800503157,None,,,,,04,001,2025-10-03_09h16.01.881,Motor Sequential Learning,,2025.1.1,None,2025-10-03 09h16.22.197735 +0530,
-50,x,80,0,20,x,1,0.6984640409937128,None,20,0,80,0,,,,,195.578651541,,195.57057625000016,195.578651541,196.5686964159977,196.5686964159977,196.5686964159977,196.5686964159977,196.5736701249989,197.5685936249938,197.5685936249938,198.26976224999817,x,1,0.6984640409937128,None,,,,,04,001,2025-10-03_09h16.01.881,Motor Sequential Learning,,2025.1.1,None,2025-10-03 09h16.22.197735 +0530,
150,v,81,1,20,v,1,0.41276433400344104,None,20,1,81,1,,,,,198.2745756660006,,198.27034504098992,198.2745756660006,199.2685894999886,199.2685894999886,199.2685894999886,199.2685894999886,199.27275158299017,200.26844666599936,200.26844666599936,200.6867782499903,v,1,0.41276433400344104,None,,,,,04,001,2025-10-03_09h16.01.881,Motor Sequential Learning,,2025.1.1,None,2025-10-03 09h16.22.197735 +0530,
50,c,82,2,20,c,1,0.46961812500376254,None,20,2,82,2,,,,,200.69189866598754,,200.68753670799197,200.69189866598754,201.68524766599876,201.68524766599876,201.68524766599876,201.68524766599876,201.6901459159999,202.6853598329908,202.6853598329908,203.1581926249928,c,1,0.46961812500376254,None,,,,,04,001,2025-10-03_09h16.01.881,Motor Sequential Learning,,2025.1.1,None,2025-10-03 09h16.22.197735 +0530,
-150,z,83,3,20,z,1,0.33542299999680836,None,20,3,83,3,,,,,203.16771016598796,,203.1586622909963,203.16771016598796,204.15727841599437,204.15727841599437,204.15727841599437,204.15727841599437,204.15727841599437,205.1518149159965,205.1518149159965,205.49161645799177,z,1,0.33542299999680836,None,,,,,04,001,2025-10-03_09h16.01.881,Motor Sequential Learning,,2025.1.1,None,2025-10-03 09h16.22.197735 +0530,
-50,x,84,0,21,x,1,0.9580855829990469,None,21,0,84,0,,,,,205.5009937499999,,205.4920951249951,205.5009937499999,206.49034862499684,206.49034862499684,206.49034862499684,206.49034862499684,206.49034862499684,207.4908272499888,207.4908272499888,208.45334458298748,x,1,0.9580855829990469,None,,,,,04,001,2025-10-03_09h16.01.881,Motor Sequential Learning,,2025.1.1,None,2025-10-03 09h16.22.197735 +0530,
150,v,85,1,21,v,1,0.5588462079904275,None,21,1,85,1,,,,,208.45854024999426,,208.45423995799501,208.45854024999426,209.4517759159935,209.4517759159935,209.4517759159935,209.4517759159935,209.45686612499412,210.45189766598924,210.45189766598924,211.0198209999944,v,1,0.5588462079904275,None,,,,,04,001,2025-10-03_09h16.01.881,Motor Sequential Learning,,2025.1.1,None,2025-10-03 09h16.22.197735 +0530,
50,c,86,2,21,c,1,0.49132966599427164,None,21,2,86,2,,,,,211.02901095799461,,211.02047687499726,211.02901095799461,212.0183427909942,212.0183427909942,212.0183427909942,212.0183427909942,212.02327254098782,213.01839570800075,213.01839570800075,213.5197916659963,c,1,0.49132966599427164,None,,,,,04,001,2025-10-03_09h16.01.881,Motor Sequential Learning,,2025.1.1,None,2025-10-03 09h16.22.197735 +0530,
-150,z,87,3,21,z,1,0.525413583003683,None,21,3,87,3,,,,,213.5289133329934,,213.52060429099947,213.5289133329934,214.51846291599213,214.51846291599213,214.51846291599213,214.51846291599213,214.52314616600052,215.5183684999938,215.5183684999938,216.052964040995,z,1,0.525413583003683,None,,,,,04,001,2025-10-03_09h16.01.881,Motor Sequential Learning,,2025.1.1,None,2025-10-03 09h16.22.197735 +0530,
-50,x,88,0,22,x,1,0.47252758299873676,None,22,0,88,0,,,,,216.062071458,,216.0538761249918,216.062071458,217.05168474999664,217.05168474999664,217.05168474999664,217.05168474999664,217.0568084159895,218.05169133299205,218.05169133299205,218.53671995799232,x,1,0.47252758299873676,None,,,,,04,001,2025-10-03_09h16.01.881,Motor Sequential Learning,,2025.1.1,None,2025-10-03 09h16.22.197735 +0530,
150,v,89,1,22,v,1,0.4792644580011256,None,22,1,89,1,,,,,218.54649574999348,,218.53763437499583,218.54649574999348,219.53491079100058,219.53491079100058,219.53491079100058,219.53491079100058,219.53906041599112,220.53507874999195,220.53507874999195,221.02007849999063,v,1,0.4792644580011256,None,,,,,04,001,2025-10-03_09h16.01.881,Motor Sequential Learning,,2025.1.1,None,2025-10-03 09h16.22.197735 +0530,
50,c,90,2,22,c,1,0.4739855410007294,None,22,2,90,2,,,,,221.02959833299974,,221.02084745799948,221.02959833299974,222.01832083299814,222.01832083299814,222.01832083299814,222.01832083299814,222.02341883299232,223.01854991599976,223.01854991599976,223.50306666598772,c,1,0.4739855410007294,None,,,,,04,001,2025-10-03_09h16.01.881,Motor Sequential Learning,,2025.1.1,None,2025-10-03 09h16.22.197735 +0530,
-150,z,91,3,22,z,1,0.43569941699388437,None,22,3,91,3,,,,,223.51267012499738,,223.5037467910006,223.51267012499738,224.50161391599977,224.50161391599977,224.50161391599977,224.50161391599977,224.5061582079943,225.5017352499999,225.5017352499999,225.94177820799814,z,1,0.43569941699388437,None,,,,,04,001,2025-10-03_09h16.01.881,Motor Sequential Learning,,2025.1.1,None,2025-10-03 09h16.22.197735 +0530,
-50,x,92,0,23,x,1,0.595828875011648,None,23,0,92,0,,,,,225.95108666599845,,225.94227108299674,225.95108666599845,226.9400765409955,226.9400765409955,226.9400765409955,226.9400765409955,226.9400765409955,227.94051420799224,227.94051420799224,228.54143612500047,x,1,0.595828875011648,None,,,,,04,001,2025-10-03_09h16.01.881,Motor Sequential Learning,,2025.1.1,None,2025-10-03 09h16.22.197735 +0530,
150,v,93,1,23,v,1,0.4746670419990551,None,23,1,93,1,,,,,228.55082062499423,,228.54192274999514,228.55082062499423,229.53971508299583,229.53971508299583,229.53971508299583,229.53971508299583,229.53971508299583,230.54035999999905,230.54035999999905,231.01950762499473,v,1,0.4746670419990551,None,,,,,04,001,2025-10-03_09h16.01.881,Motor Sequential Learning,,2025.1.1,None,2025-10-03 09h16.22.197735 +0530,
50,c,94,2,23,c,1,0.5828972080053063,None,23,2,94,2,,,,,231.02453137499106,,231.02019287498842,231.02453137499106,232.0181489999959,232.0181489999959,232.0181489999959,232.0181489999959,232.02298904099735,233.0183075829991,233.0183075829991,233.60274337499868,c,1,0.5828972080053063,None,,,,,04,001,2025-10-03_09h16.01.881,Motor Sequential Learning,,2025.1.1,None,2025-10-03 09h16.22.197735 +0530,
-150,z,95,3,23,z,1,0.47565266699530184,None,23,3,95,3,,,,,233.60737249998783,,233.60344854099094,233.60737249998783,234.60183929099003,234.60183929099003,234.60183929099003,234.60183929099003,234.6068479159876,235.6015053329902,235.6015053329902,236.0859822909988,z,1,0.47565266699530184,None,,,,,04,001,2025-10-03_09h16.01.881,Motor Sequential Learning,,2025.1.1,None,2025-10-03 09h16.22.197735 +0530,
-50,x,96,0,24,x,1,0.5623503340029856,None,24,0,96,0,,,,,236.09491662499204,,236.0866909579927,236.09491662499204,237.084926874988,237.084926874988,237.084926874988,237.084926874988,237.0897288749984,238.08485429099528,238.08485429099528,238.65329137499793,x,1,0.5623503340029856,None,,,,,04,001,2025-10-03_09h16.01.881,Motor Sequential Learning,,2025.1.1,None,2025-10-03 09h16.22.197735 +0530,
150,v,97,1,24,v,1,0.5157118339993758,None,24,1,97,1,,,,,238.66334745798667,,238.65421116599464,238.66334745798667,239.6515059159865,239.6515059159865,239.6515059159865,239.6515059159865,239.65639279098832,240.65141245799896,240.65141245799896,241.1698164579866,v,1,0.5157118339993758,None,,,,,04,001,2025-10-03_09h16.01.881,Motor Sequential Learning,,2025.1.1,None,2025-10-03 09h16.22.197735 +0530,
50,c,98,2,24,c,1,0.6218037499929778,None,24,2,98,2,,,,,241.1753920409974,,241.170860290993,241.1753920409974,242.1681324999954,242.1681324999954,242.1681324999954,242.1681324999954,242.1732973749895,243.1682422499871,243.1682422499871,243.79126749999705,c,1,0.6218037499929778,None,,,,,04,001,2025-10-03_09h16.01.881,Motor Sequential Learning,,2025.1.1,None,2025-10-03 09h16.22.197735 +0530,
-150,z,99,3,24,z,1,0.4335378749965457,None,24,3,99,3,,,,,243.8006893749989,,243.79174749999947,243.8006893749989,244.78964099999575,244.78964099999575,244.78964099999575,244.78964099999575,244.78964099999575,245.79051829098898,245.79051829098898,246.2363700829883,z,1,0.4335378749965457,None,,,,,04,001,2025-10-03_09h16.01.881,Motor Sequential Learning,,2025.1.1,None,2025-10-03 09h16.22.197735 +0530,
-50,x,100,0,25,x,1,0.4913213330000872,None,25,0,100,0,,,,,246.24593833299878,,246.2372474159929,246.24593833299878,247.23480687499978,247.23480687499978,247.23480687499978,247.23480687499978,247.23915999999736,248.23468620798667,248.23468620798667,248.7363303329912,x,1,0.4913213330000872,None,,,,,04,001,2025-10-03_09h16.01.881,Motor Sequential Learning,,2025.1.1,None,2025-10-03 09h16.22.197735 +0530,
150,v,101,1,25,v,1,0.49968758299655747,None,25,1,101,1,,,,,248.74586387499585,,248.73720070799754,248.74586387499585,249.73475262499414,249.73475262499414,249.73475262499414,249.73475262499414,249.73965649999445,250.73514266598795,250.73514266598795,251.23664574998838,v,1,0.49968758299655747,None,,,,,04,001,2025-10-03_09h16.01.881,Motor Sequential Learning,,2025.1.1,None,2025-10-03 09h16.22.197735 +0530,
50,c,102,2,25,c,1,0.5911195410008077,None,25,2,102,2,,,,,251.24220554099884,,251.23744287498994,251.24220554099884,252.23491408299014,252.23491408299014,252.23491408299014,252.23491408299014,252.23951287499222,253.23480870798812,253.23480870798812,253.83624041599978,c,1,0.5911195410008077,None,,,,,04,001,2025-10-03_09h16.01.881,Motor Sequential Learning,,2025.1.1,None,2025-10-03 09h16.22.197735 +0530,
-150,z,103,3,25,z,1,0.40594558299926575,None,25,3,103,3,,,,,253.8458959999989,,253.83696629099722,253.8458959999989,254.8349568329868,254.8349568329868,254.8349568329868,254.8349568329868,254.8396503749973,255.83386958298797,255.83386958298797,256.2413147079933,z,1,0.40594558299926575,None,,,,,04,001,2025-10-03_09h16.01.881,Motor Sequential Learning,,2025.1.1,None,2025-10-03 09h16.22.197735 +0530,
-50,x,104,0,26,x,1,0.5229997919959715,None,26,0,104,0,,,,,256.2510364159971,,256.2418196249928,256.2510364159971,257.239391790994,257.239391790994,257.239391790994,257.239391790994,257.239391790994,258.24075341598655,258.24075341598655,258.769511874998,x,1,0.5229997919959715,None,,,,,04,001,2025-10-03_09h16.01.881,Motor Sequential Learning,,2025.1.1,None,2025-10-03 09h16.22.197735 +0530,
150,v,105,1,26,v,1,0.39872737499536015,None,26,1,105,1,,,,,258.7786224159936,,258.7701827909914,258.7786224159936,259.76819462499407,259.76819462499407,259.76819462499407,259.76819462499407,259.7729802499962,260.767991582994,260.767991582994,261.1694676659972,v,1,0.39872737499536015,None,,,,,04,001,2025-10-03_09h16.01.881,Motor Sequential Learning,,2025.1.1,None,2025-10-03 09h16.22.197735 +0530,
50,c,106,2,26,c,1,0.5847887499985518,None,26,2,106,2,,,,,261.1743677499908,,261.1702596249961,261.1743677499908,262.1679900829913,262.1679900829913,262.1679900829913,262.1679900829913,262.1732737079874,263.1679074999993,263.1679074999993,263.7584244579921,c,1,0.5847887499985518,None,,,,,04,001,2025-10-03_09h16.01.881,Motor Sequential Learning,,2025.1.1,None,2025-10-03 09h16.22.197735 +0530,
-150,z,107,3,26,z,1,0.359616375004407,None,26,3,107,3,,,,,263.78514745799475,,263.7589369579946,263.78514745799475,264.7564487079944,264.7564487079944,264.7564487079944,264.7564487079944,264.7729742909869,265.75701699999627,265.75701699999627,266.11938949998876,z,1,0.359616375004407,None,,,,,04,001,2025-10-03_09h16.01.881,Motor Sequential Learning,,2025.1.1,None,2025-10-03 09h16.22.197735 +0530,
-50,x,108,0,27,x,1,0.5278102500014938,None,27,0,108,0,,,,,266.12461983299,,266.1202445409872,266.12461983299,267.1178968329914,267.1178968329914,267.1178968329914,267.1178968329914,267.12207341598696,268.1178077079967,268.1178077079967,268.65270520799095,x,1,0.5278102500014938,None,,,,,04,001,2025-10-03_09h16.01.881,Motor Sequential Learning,,2025.1.1,None,2025-10-03 09h16.22.197735 +0530,
150,v,109,1,27,v,1,0.4343533750070492,None,27,1,109,1,,,,,268.66336520799086,,268.65361624999787,268.66336520799086,269.65110624999215,269.65110624999215,269.65110624999215,269.65110624999215,269.65600312499737,270.65117570800066,270.65117570800066,271.0911314999976,v,1,0.4343533750070492,None,,,,,04,001,2025-10-03_09h16.01.881,Motor Sequential Learning,,2025.1.1,None,2025-10-03 09h16.22.197735 +0530,
50,c,110,2,27,c,1,0.47532399999909103,None,27,2,110,2,,,,,271.1012085409893,,271.0916115,271.1012085409893,272.08927858299285,272.08927858299285,272.08927858299285,272.08927858299285,272.08927858299285,273.0900859159883,273.0900859159883,273.5692762079998,c,1,0.47532399999909103,None,,,,,04,001,2025-10-03_09h16.01.881,Motor Sequential Learning,,2025.1.1,None,2025-10-03 09h16.22.197735 +0530,
-150,z,111,3,27,z,1,0.5127202080038842,None,27,3,111,3,,,,,273.5746890409937,,273.57016212499,273.5746890409937,274.5679478749953,274.5679478749953,274.5679478749953,274.5679478749953,274.5730468749971,275.5677460000006,275.5677460000006,276.08597899999586,z,1,0.5127202080038842,None,,,,,04,001,2025-10-03_09h16.01.881,Motor Sequential Learning,,2025.1.1,None,2025-10-03 09h16.22.197735 +0530,
-50,x,112,0,28,x,1,0.37116091600910295,None,28,0,112,0,,,,,276.09689870799775,,276.08695495799475,276.09689870799775,277.0844439999928,277.0844439999928,277.0844439999928,277.0844439999928,277.08953199999814,278.0845530410006,278.0845530410006,278.45752166598686,x,1,0.37116091600910295,None,,,,,04,001,2025-10-03_09h16.01.881,Motor Sequential Learning,,2025.1.1,None,2025-10-03 09h16.22.197735 +0530,
150,v,113,1,28,v,1,0.3133225419878727,None,28,1,113,1,,,,,278.48476787499385,,278.45800570798747,278.48476787499385,279.4564002499974,279.4564002499974,279.4564002499974,279.4564002499974,279.4729583749868,280.45693345798645,280.45693345798645,280.774679582988,v,1,0.3133225419878727,None,,,,,04,001,2025-10-03_09h16.01.881,Motor Sequential Learning,,2025.1.1,None,2025-10-03 09h16.22.197735 +0530,
50,c,114,2,28,c,1,0.3268087500036927,None,28,2,114,2,,,,,280.80148658299004,,280.7752158749936,280.80148658299004,281.7730905829958,281.7730905829958,281.7730905829958,281.7730905829958,281.7895854579983,282.7734209999908,282.7734209999908,283.1028309999965,c,1,0.3268087500036927,None,,,,,04,001,2025-10-03_09h16.01.881,Motor Sequential Learning,,2025.1.1,None,2025-10-03 09h16.22.197735 +0530,
-150,z,115,3,28,z,1,0.3241088749928167,None,28,3,115,3,,,,,283.10834104099195,,283.1037171659991,283.10834104099195,284.10106116598763,284.10106116598763,284.10106116598763,284.10106116598763,284.1054650409933,285.10097795799084,285.10097795799084,285.4359877909883,z,1,0.3241088749928167,None,,,,,04,001,2025-10-03_09h16.01.881,Motor Sequential Learning,,2025.1.1,None,2025-10-03 09h16.22.197735 +0530,
-50,x,116,0,29,x,1,0.47179004100325983,None,29,0,116,0,,,,,285.44603770799586,,285.43663424999977,285.44603770799586,286.43454004099476,286.43454004099476,286.43454004099476,286.43454004099476,286.4396281659865,287.43432799998845,287.43432799998845,287.9073309159867,x,1,0.47179004100325983,None,,,,,04,001,2025-10-03_09h16.01.881,Motor Sequential Learning,,2025.1.1,None,2025-10-03 09h16.22.197735 +0530,
150,v,117,1,29,v,1,0.4783363750029821,None,29,1,117,1,,,,,287.91712066599575,,287.907893999989,287.91712066599575,288.906291583,288.906291583,288.906291583,288.906291583,288.906291583,289.9066095409944,289.9066095409944,290.39148370799376,v,1,0.4783363750029821,None,,,,,04,001,2025-10-03_09h16.01.881,Motor Sequential Learning,,2025.1.1,None,2025-10-03 09h16.22.197735 +0530,
50,c,118,2,29,c,1,0.4709735000069486,None,29,2,118,2,,,,,290.4011153749889,,290.39198179099185,290.4011153749889,291.38944324999466,291.38944324999466,291.38944324999466,291.38944324999466,291.38944324999466,292.38992920798773,292.38992920798773,292.86888574999466,c,1,0.4709735000069486,None,,,,,04,001,2025-10-03_09h16.01.881,Motor Sequential Learning,,2025.1.1,None,2025-10-03 09h16.22.197735 +0530,
-150,z,119,3,29,z,1,0.45719662500778213,None,29,3,119,3,,,,,292.8789180409949,,292.8696337079891,292.8789180409949,293.8675636249973,293.8675636249973,293.8675636249973,293.8675636249973,293.87234091598657,294.86762695798825,294.86762695798825,295.33649949998653,z,1,0.45719662500778213,None,,,,,04,001,2025-10-03_09h16.01.881,Motor Sequential Learning,,2025.1.1,None,2025-10-03 09h16.22.197735 +0530,
-50,x,120,0,30,x,1,0.532644083010382,None,30,0,120,0,,,,,295.34674654099217,,295.33742366598744,295.34674654099217,296.3344727079966,296.3344727079966,296.3344727079966,296.3344727079966,296.33919199999946,297.33437199999753,297.33437199999753,297.8691837909864,x,1,0.532644083010382,None,,,,,04,001,2025-10-03_09h16.01.881,Motor Sequential Learning,,2025.1.1,None,2025-10-03 09h16.22.197735 +0530,
150,v,121,1,30,v,1,0.41009854098956566,None,30,1,121,1,,,,,297.8745067909913,,297.86993995799276,297.8745067909913,298.86759645798884,298.86759645798884,298.86759645798884,298.86759645798884,298.8717887909879,299.8677109579876,299.8677109579876,300.2856458749884,v,1,0.41009854098956566,None,,,,,04,001,2025-10-03_09h16.01.881,Motor Sequential Learning,,2025.1.1,None,2025-10-03 09h16.22.197735 +0530,
50,c,122,2,30,c,1,0.5686389170004986,None,30,2,122,2,,,,,300.29538599999796,,300.2864380409883,300.29538599999796,301.2846002499864,301.2846002499864,301.2846002499864,301.2846002499864,301.2898283329996,302.284140415999,302.284140415999,302.85734620799485,c,1,0.5686389170004986,None,,,,,04,001,2025-10-03_09h16.01.881,Motor Sequential Learning,,2025.1.1,None,2025-10-03 09h16.22.197735 +0530,
-150,z,123,3,30,z,1,0.44128049998835195,None,30,3,123,3,,,,,302.8670498749998,,302.8578252499865,302.8670498749998,303.85602379099873,303.85602379099873,303.85602379099873,303.85602379099873,303.85602379099873,304.85637841599237,304.85637841599237,305.3023027909949,z,1,0.44128049998835195,None,,,,,04,001,2025-10-03_09h16.01.881,Motor Sequential Learning,,2025.1.1,None,2025-10-03 09h16.22.197735 +0530,
-50,x,124,0,31,x,1,0.763764709001407,None,31,0,124,0,,,,,305.3071447080001,,305.30310995799664,305.3071447080001,306.30093895799655,306.30093895799655,306.30093895799655,306.30093895799655,306.30565612499777,307.3008711250004,307.3008711250004,308.06869237498904,x,1,0.763764709001407,None,,,,,04,001,2025-10-03_09h16.01.881,Motor Sequential Learning,,2025.1.1,None,2025-10-03 09h16.22.197735 +0530,
150,v,125,1,31,v,1,0.3891727919981349,None,31,1,125,1,,,,,308.0741504999896,,308.06937345799815,308.0741504999896,309.06755012499343,309.06755012499343,309.06755012499343,309.06755012499343,309.07253516599303,310.0674497500004,310.0674497500004,310.4691791660007,v,1,0.3891727919981349,None,,,,,04,001,2025-10-03_09h16.01.881,Motor Sequential Learning,,2025.1.1,None,2025-10-03 09h16.22.197735 +0530,
50,c,126,2,31,c,1,0.4675759579986334,None,31,2,126,2,,,,,310.47943420799857,,310.47004304098664,310.47943420799857,311.4676097909978,311.4676097909978,311.4676097909978,311.4676097909978,311.4726889159938,312.4674650829984,312.4674650829984,312.94119845799287,c,1,0.4675759579986334,None,,,,,04,001,2025-10-03_09h16.01.881,Motor Sequential Learning,,2025.1.1,None,2025-10-03 09h16.22.197735 +0530,
-150,z,127,3,31,z,1,0.3772659160022158,None,31,3,127,3,,,,,312.9509734999883,,312.94167970799026,312.9509734999883,313.9393336249923,313.9393336249923,313.9393336249923,313.9393336249923,313.9393336249923,314.9410727079958,314.9410727079958,315.32415733298694,z,1,0.3772659160022158,None,,,,,04,001,2025-10-03_09h16.01.881,Motor Sequential Learning,,2025.1.1,None,2025-10-03 09h16.22.197735 +0530,
-50,x,128,0,32,x,1,0.5201984169980278,None,32,0,128,0,,,,,315.3339402079873,,315.324636749996,315.3339402079873,316.32262799999444,316.32262799999444,316.32262799999444,316.32262799999444,316.32262799999444,317.32321370799036,317.32321370799036,317.852460582988,x,1,0.5201984169980278,None,,,,,04,001,2025-10-03_09h16.01.881,Motor Sequential Learning,,2025.1.1,None,2025-10-03 09h16.22.197735 +0530,
150,v,129,1,32,v,1,0.4055695839924738,None,32,1,129,1,,,,,317.8624812499911,,317.8533143329987,317.8624812499911,318.8506680409919,318.8506680409919,318.8506680409919,318.8506680409919,318.85488329098735,319.850784957991,319.850784957991,320.26914349998697,v,1,0.4055695839924738,None,,,,,04,001,2025-10-03_09h16.01.881,Motor Sequential Learning,,2025.1.1,None,2025-10-03 09h16.22.197735 +0530,
50,c,130,2,32,c,1,0.6049859589984408,None,32,2,130,2,,,,,320.27958016599587,,320.2700518329948,320.27958016599587,321.26747087499825,321.26747087499825,321.26747087499825,321.26747087499825,321.2718870409881,322.2673689999938,322.2673689999938,322.8738924999925,c,1,0.6049859589984408,None,,,,,04,001,2025-10-03_09h16.01.881,Motor Sequential Learning,,2025.1.1,None,2025-10-03 09h16.22.197735 +0530,
-150,z,131,3,32,z,1,0.5042757090122905,None,32,3,131,3,,,,,322.8836022079922,,322.87437141599366,322.8836022079922,323.8723226659931,323.8723226659931,323.8723226659931,323.8723226659931,323.8723226659931,324.87393191599404,324.87393191599404,325.3857313749904,z,1,0.5042757090122905,None,,,,,04,001,2025-10-03_09h16.01.881,Motor Sequential Learning,,2025.1.1,None,2025-10-03 09h16.22.197735 +0530,
-50,x,132,0,33,x,1,0.37728716600395273,None,33,0,132,0,,,,,325.395667290999,,325.3866422079882,325.395667290999,326.38404287499725,326.38404287499725,326.38404287499725,326.38404287499725,326.38841649999085,327.38399712499813,327.38399712499813,327.7688261250005,x,1,0.37728716600395273,None,,,,,04,001,2025-10-03_09h16.01.881,Motor Sequential Learning,,2025.1.1,None,2025-10-03 09h16.22.197735 +0530,
150,v,133,1,33,v,1,0.5148209580074763,None,33,1,133,1,,,,,327.778414290995,,327.7695318329934,327.778414290995,328.7673066659918,328.7673066659918,328.7673066659918,328.7673066659918,328.7720923329907,329.76736612498644,329.76736612498644,330.28567399999883,v,1,0.5148209580074763,None,,,,,04,001,2025-10-03_09h16.01.881,Motor Sequential Learning,,2025.1.1,None,2025-10-03 09h16.22.197735 +0530,
50,c,134,2,33,c,1,0.4991940829931991,None,33,2,134,2,,,,,330.2912984579889,,330.28659037499165,330.2912984579889,331.2840679159999,331.2840679159999,331.2840679159999,331.2840679159999,331.28860091599927,332.28394970799854,332.28394970799854,332.7856167079881,c,1,0.4991940829931991,None,,,,,04,001,2025-10-03_09h16.01.881,Motor Sequential Learning,,2025.1.1,None,2025-10-03 09h16.22.197735 +0530,
-150,z,135,3,33,z,1,0.45005354199383873,None,33,3,135,3,,,,,332.7910278749914,,332.7864785409911,332.7910278749914,333.78404633299215,333.78404633299215,333.78404633299215,333.78404633299215,333.78913041600026,334.7838792909897,334.7838792909897,335.2352757079934,z,1,0.45005354199383873,None,,,,,04,001,2025-10-03_09h16.01.881,Motor Sequential Learning,,2025.1.1,None,2025-10-03 09h16.22.197735 +0530,
-50,x,136,0,34,x,1,0.4709658329957165,None,34,0,136,0,,,,,335.24045566598943,,335.2361858749937,335.24045566598943,336.2338549999986,336.2338549999986,336.2338549999986,336.2338549999986,336.2386831249896,337.2339516249922,337.2339516249922,337.70720162498765,x,1,0.4709658329957165,None,,,,,04,001,2025-10-03_09h16.01.881,Motor Sequential Learning,,2025.1.1,None,2025-10-03 09h16.22.197735 +0530,
150,v,137,1,34,v,1,0.4242184169997927,None,34,1,137,1,,,,,337.71697270798904,,337.7077101249888,337.71697270798904,338.7055374999909,338.7055374999909,338.7055374999909,338.7055374999909,338.7055374999909,339.70060695799475,339.70060695799475,340.1353792079899,v,1,0.4242184169997927,None,,,,,04,001,2025-10-03_09h16.01.881,Motor Sequential Learning,,2025.1.1,None,2025-10-03 09h16.22.197735 +0530,
50,c,138,2,34,v,0,0.504958749996149,None,34,2,138,2,,,,,340.1449367909954,,340.1360669579881,340.1449367909954,341.13402358299936,341.13402358299936,341.13402358299936,341.13402358299936,341.139112416,342.13394412498747,342.13394412498747,342.6401428329991,v,0,0.504958749996149,None,,,,,04,001,2025-10-03_09h16.01.881,Motor Sequential Learning,,2025.1.1,None,2025-10-03 09h16.22.197735 +0530,
-150,z,139,3,34,z,1,0.44442775000061374,None,34,3,139,3,,,,,342.64995279099094,,342.6406435409881,342.64995279099094,343.6390775829932,343.6390775829932,343.6390775829932,343.6390775829932,343.6390775829932,344.63940795799135,344.63940795799135,345.08561633298814,z,1,0.44442775000061374,None,,,,,04,001,2025-10-03_09h16.01.881,Motor Sequential Learning,,2025.1.1,None,2025-10-03 09h16.22.197735 +0530,
-50,x,140,0,35,x,1,0.4257453749887645,None,35,0,140,0,,,,,345.0907461249881,,345.0865765829949,345.0907461249881,346.08385179098696,346.08385179098696,346.08385179098696,346.08385179098696,346.08892920799553,347.0839731659944,347.0839731659944,347.51835833299265,x,1,0.4257453749887645,None,,,,,04,001,2025-10-03_09h16.01.881,Motor Sequential Learning,,2025.1.1,None,2025-10-03 09h16.22.197735 +0530,
150,v,141,1,35,v,1,0.4504377090052003,None,35,1,141,1,,,,,347.5279569159902,,347.5190458750003,347.5279569159902,348.51706770798774,348.51706770798774,348.51706770798774,348.51706770798774,348.5213867079874,349.5171767909924,349.5171767909924,349.9740809579962,v,1,0.4504377090052003,None,,,,,04,001,2025-10-03_09h16.01.881,Motor Sequential Learning,,2025.1.1,None,2025-10-03 09h16.22.197735 +0530,
50,c,142,2,35,c,1,0.4017572090087924,None,35,2,142,2,,,,,349.98367549999966,,349.9745689579868,349.98367549999966,350.9727818329993,350.9727818329993,350.9727818329993,350.9727818329993,350.9727818329993,351.97191270798794,351.97191270798794,352.38542845798656,c,1,0.4017572090087924,None,,,,,04,001,2025-10-03_09h16.01.881,Motor Sequential Learning,,2025.1.1,None,2025-10-03 09h16.22.197735 +0530,
-150,z,143,3,35,z,1,0.4387590839905897,None,35,3,143,3,,,,,352.3951675409917,,352.38620479099336,352.3951675409917,353.3841653329873,353.3841653329873,353.3841653329873,353.3841653329873,353.38883795798756,354.3838687499956,354.3838687499956,354.8241583749914,z,1,0.4387590839905897,None,,,,,04,001,2025-10-03_09h16.01.881,Motor Sequential Learning,,2025.1.1,None,2025-10-03 09h16.22.197735 +0530,
-50,x,144,0,36,x,1,0.34762695801327936,None,36,0,144,0,,,,,354.83370899999863,,354.8246678329888,354.83370899999863,355.82212695799535,355.82212695799535,355.82212695799535,355.82212695799535,355.82212695799535,356.82291441599955,356.82291441599955,357.173997165999,x,1,0.34762695801327936,None,,,,,04,001,2025-10-03_09h16.01.881,Motor Sequential Learning,,2025.1.1,None,2025-10-03 09h16.22.197735 +0530,
150,v,145,1,36,v,1,0.48066891699272674,None,36,1,145,1,,,,,357.18368120800005,,357.17449966599816,357.18368120800005,358.1726682909939,358.1726682909939,358.1726682909939,358.1726682909939,358.1726682909939,359.1728234579932,359.1728234579932,359.65707587498764,v,1,0.48066891699272674,None,,,,,04,001,2025-10-03_09h16.01.881,Motor Sequential Learning,,2025.1.1,None,2025-10-03 09h16.22.197735 +0530,
50,c,146,2,36,c,1,0.5582205419923412,None,36,2,146,2,,,,,359.66676537499006,,359.6575606659899,359.66676537499006,360.655251624994,360.655251624994,360.655251624994,360.655251624994,360.655251624994,361.65628395800013,361.65628395800013,362.2187611249974,c,1,0.5582205419923412,None,,,,,04,001,2025-10-03_09h16.01.881,Motor Sequential Learning,,2025.1.1,None,2025-10-03 09h16.22.197735 +0530,
-150,z,147,3,36,z,1,0.44120008300524205,None,36,3,147,3,,,,,362.22417458299606,,362.21960233298887,362.22417458299606,363.2171261659969,363.2171261659969,363.2171261659969,363.2171261659969,363.22226304099604,364.2171057079977,364.2171057079977,364.66856887500035,z,1,0.44120008300524205,None,,,,,04,001,2025-10-03_09h16.01.881,Motor Sequential Learning,,2025.1.1,None,2025-10-03 09h16.22.197735 +0530,
-50,x,148,0,37,x,1,0.7931585000042105,None,37,0,148,0,,,,,364.6790332909877,,364.6694287079881,364.6790332909877,365.666991332997,365.666991332997,365.666991332997,365.666991332997,365.67121433299326,366.66714695798873,366.66714695798873,367.4681954999978,x,1,0.7931585000042105,None,,,,,04,001,2025-10-03_09h16.01.881,Motor Sequential Learning,,2025.1.1,None,2025-10-03 09h16.22.197735 +0530,
150,v,149,1,37,v,1,0.4233182919997489,None,37,1,149,1,,,,,367.47796670800017,,367.46893879098934,367.47796670800017,368.4670714579988,368.4670714579988,368.4670714579988,368.4670714579988,368.4718284579867,369.4669644159876,369.4669644159876,369.9017425829952,v,1,0.4233182919997489,None,,,,,04,001,2025-10-03_09h16.01.881,Motor Sequential Learning,,2025.1.1,None,2025-10-03 09h16.22.197735 +0530,
50,c,150,2,37,c,1,0.4246717079950031,None,37,2,150,2,,,,,369.9121447910002,,369.9025913749938,369.9121447910002,370.90031199999794,370.90031199999794,370.90031199999794,370.90031199999794,370.905208665994,371.9004355829966,371.9004355829966,372.3349650409946,c,1,0.4246717079950031,None,,,,,04,001,2025-10-03_09h16.01.881,Motor Sequential Learning,,2025.1.1,None,2025-10-03 09h16.22.197735 +0530,
-150,z,151,3,37,z,1,0.4285646659991471,None,37,3,151,3,,,,,372.3449174999987,,372.33581612499256,372.3449174999987,373.3336346659926,373.3336346659926,373.3336346659926,373.3336346659926,373.3387708329974,374.3336915830005,374.3336915830005,374.76825204098714,z,1,0.4285646659991471,None,,,,,04,001,2025-10-03_09h16.01.881,Motor Sequential Learning,,2025.1.1,None,2025-10-03 09h16.22.197735 +0530,
-50,x,152,0,38,x,1,0.35220879199914634,None,38,0,152,0,,,,,374.7786977079959,,374.7689880409889,374.7786977079959,375.7670609999914,375.7670609999914,375.7670609999914,375.7670609999914,375.7714791249891,376.76692487498804,376.76692487498804,377.1241207909916,x,1,0.35220879199914634,None,,,,,04,001,2025-10-03_09h16.01.881,Motor Sequential Learning,,2025.1.1,None,2025-10-03 09h16.22.197735 +0530,
150,v,153,1,38,v,1,0.49045383400516585,None,38,1,153,1,,,,,377.1505807499925,,377.1246035410004,377.1505807499925,378.12195995799266,378.12195995799266,378.12195995799266,378.12195995799266,378.138334999996,379.12252591599827,379.12252591599827,379.6183058329916,v,1,0.49045383400516585,None,,,,,04,001,2025-10-03_09h16.01.881,Motor Sequential Learning,,2025.1.1,None,2025-10-03 09h16.22.197735 +0530,
50,c,154,2,38,c,1,0.33722445799503475,None,38,2,154,2,,,,,379.6278554159944,,379.61901333299465,379.6278554159944,380.6169335829909,380.6169335829909,380.6169335829909,380.6169335829909,380.6219330409949,381.61684933298966,381.61684933298966,381.9571649999998,c,1,0.33722445799503475,None,,,,,04,001,2025-10-03_09h16.01.881,Motor Sequential Learning,,2025.1.1,None,2025-10-03 09h16.22.197735 +0530,
-150,z,155,3,38,z,1,0.5290202500036685,None,38,3,155,3,,,,,381.96696133298974,,381.95763816600083,381.96696133298974,382.9554822499922,382.9554822499922,382.9554822499922,382.9554822499922,382.9554822499922,383.9558177500003,383.9558177500003,384.490975290988,z,1,0.5290202500036685,None,,,,,04,001,2025-10-03_09h16.01.881,Motor Sequential Learning,,2025.1.1,None,2025-10-03 09h16.22.197735 +0530,
-50,x,156,0,39,x,1,0.5196006250043865,None,39,0,156,0,,,,,384.5172239579988,,384.49144195798726,384.5172239579988,385.48799287498696,385.48799287498696,385.48799287498696,385.48799287498696,385.5049563749926,386.48931749998883,386.48931749998883,387.0182028749987,x,1,0.5196006250043865,None,,,,,04,001,2025-10-03_09h16.01.881,Motor Sequential Learning,,2025.1.1,None,2025-10-03 09h16.22.197735 +0530,
150,v,157,1,39,v,1,0.4428021250059828,None,39,1,157,1,,,,,387.02775437499804,,387.01887354099017,387.02775437499804,388.01705699999,388.01705699999,388.01705699999,388.01705699999,388.02189458299836,389.0169655409991,389.0169655409991,389.46812387499085,v,1,0.4428021250059828,None,,,,,04,001,2025-10-03_09h16.01.881,Motor Sequential Learning,,2025.1.1,None,2025-10-03 09h16.22.197735 +0530,
50,c,158,2,39,c,1,0.40593920899846125,None,39,2,158,2,,,,,389.47783766599605,,389.46897595799237,389.47783766599605,390.4669087079965,390.4669087079965,390.4669087079965,390.4669087079965,390.47190158299054,391.4668024579878,391.4668024579878,391.8849035829917,c,1,0.40593920899846125,None,,,,,04,001,2025-10-03_09h16.01.881,Motor Sequential Learning,,2025.1.1,None,2025-10-03 09h16.22.197735 +0530,
-150,z,159,3,39,z,1,0.4282997910049744,None,39,3,159,3,,,,,391.89472054099315,,391.88559266598895,391.89472054099315,392.88357041598647,392.88357041598647,392.88357041598647,392.88357041598647,392.88854374999937,393.88345079099236,393.88345079099236,394.31809966599394,z,1,0.4282997910049744,None,,,,,04,001,2025-10-03_09h16.01.881,Motor Sequential Learning,,2025.1.1,None,2025-10-03 09h16.22.197735 +0530,
-50,x,160,0,40,x,1,0.40581387501151767,None,40,0,160,0,,,,,394.32773270799953,,394.31878687499557,394.32773270799953,395.31681637499423,395.31681637499423,395.31681637499423,395.31681637499423,395.32153654099966,396.3166854579904,396.3166854579904,396.73503291599627,x,1,0.40581387501151767,None,,,,,04,001,2025-10-03_09h16.01.881,Motor Sequential Learning,,2025.1.1,None,2025-10-03 09h16.22.197735 +0530,
150,v,161,1,40,v,1,0.4121159590140451,None,40,1,161,1,,,,,396.74546404099965,,396.73589983298734,396.74546404099965,397.73341791599523,397.73341791599523,397.73341791599523,397.73341791599523,397.7376183329907,398.73355991599965,398.73355991599965,399.1517284579895,v,1,0.4121159590140451,None,,,,,04,001,2025-10-03_09h16.01.881,Motor Sequential Learning,,2025.1.1,None,2025-10-03 09h16.22.197735 +0530,
50,c,162,2,40,c,1,0.5973805829999037,None,40,2,162,2,,,,,399.16166837498895,,399.1525443329883,399.16166837498895,400.15009474998806,400.15009474998806,400.15009474998806,400.15009474998806,400.1547410409985,401.1500581250002,401.1500581250002,401.75182833299914,c,1,0.5973805829999037,None,,,,,04,001,2025-10-03_09h16.01.881,Motor Sequential Learning,,2025.1.1,None,2025-10-03 09h16.22.197735 +0530,
-150,z,163,3,40,z,1,0.3533127080008853,None,40,3,163,3,,,,,401.75738941598684,,401.7527753329923,401.75738941598684,402.7501570829918,402.7501570829918,402.7501570829918,402.7501570829918,402.7552250000008,403.750054832999,403.750054832999,404.1064268749906,z,1,0.3533127080008853,None,,,,,04,001,2025-10-03_09h16.01.881,Motor Sequential Learning,,2025.1.1,None,2025-10-03 09h16.22.197735 +0530,
-50,x,164,0,41,x,1,0.3498789159930311,None,41,0,164,0,,,,,404.11628587498853,,404.1069029999926,404.11628587498853,405.1048180409998,405.1048180409998,405.1048180409998,405.1048180409998,405.1048180409998,406.10656716598896,406.10656716598896,406.4682784579927,x,1,0.3498789159930311,None,,,,,04,001,2025-10-03_09h16.01.881,Motor Sequential Learning,,2025.1.1,None,2025-10-03 09h16.22.197735 +0530,
150,v,165,1,41,v,1,0.3255431249999674,None,41,1,165,1,,,,,406.47872504100087,,406.46915633299795,406.47872504100087,407.46666487499897,407.46666487499897,407.46666487499897,407.46666487499897,407.47158429099363,408.4665991249931,408.4665991249931,408.8011778329965,v,1,0.3255431249999674,None,,,,,04,001,2025-10-03_09h16.01.881,Motor Sequential Learning,,2025.1.1,None,2025-10-03 09h16.22.197735 +0530,
50,c,166,2,41,c,1,0.2944512910034973,None,41,2,166,2,,,,,408.8107137909974,,408.80182533299376,408.8107137909974,409.80002962499566,409.80002962499566,409.80002962499566,409.80002962499566,409.8050103329879,410.79993754099996,410.79993754099996,411.1011977499875,c,1,0.2944512910034973,None,,,,,04,001,2025-10-03_09h16.01.881,Motor Sequential Learning,,2025.1.1,None,2025-10-03 09h16.22.197735 +0530,
-150,z,167,3,41,z,1,0.33244708299753256,None,41,3,167,3,,,,,411.1099552079977,,411.1017725409911,411.1099552079977,412.0999648329889,412.0999648329889,412.0999648329889,412.0999648329889,412.1049156659865,413.09981962500024,413.09981962500024,413.43450854098774,z,1,0.33244708299753256,None,,,,,04,001,2025-10-03_09h16.01.881,Motor Sequential Learning,,2025.1.1,None,2025-10-03 09h16.22.197735 +0530,
-50,x,168,0,42,x,1,0.28598879200580996,None,42,0,168,0,,,,,413.4398647499911,,413.43531474999327,413.4398647499911,414.4332736249926,414.4332736249926,414.4332736249926,414.4332736249926,414.4376769160008,415.43323512499046,415.43323512499046,415.7235555410007,x,1,0.28598879200580996,None,,,,,04,001,2025-10-03_09h16.01.881,Motor Sequential Learning,,2025.1.1,None,2025-10-03 09h16.22.197735 +0530,
150,v,169,1,42,v,1,0.3569946249917848,None,42,1,169,1,,,,,415.75033441599226,,415.7241106250003,415.75033441599226,416.72180291599943,416.72180291599943,416.72180291599943,416.72180291599943,416.7376792499999,417.7222142499959,417.7222142499959,418.0848773329926,v,1,0.3569946249917848,None,,,,,04,001,2025-10-03_09h16.01.881,Motor Sequential Learning,,2025.1.1,None,2025-10-03 09h16.22.197735 +0530,
50,c,170,2,42,c,1,0.45129054100834765,None,42,2,170,2,,,,,418.0952117079869,,418.0857731659926,418.0952117079869,419.08318808299373,419.08318808299373,419.08318808299373,419.08318808299373,419.08788566599833,420.0832893749903,420.0832893749903,420.53953133299365,c,1,0.45129054100834765,None,,,,,04,001,2025-10-03_09h16.01.881,Motor Sequential Learning,,2025.1.1,None,2025-10-03 09h16.22.197735 +0530,
-150,z,171,3,42,z,1,0.4249428339971928,None,42,3,171,3,,,,,420.5494401249889,,420.54001241599326,420.5494401249889,421.5387427909882,421.5387427909882,421.5387427909882,421.5387427909882,421.5387427909882,422.5390128750005,422.5390128750005,422.9681821659906,z,1,0.4249428339971928,None,,,,,04,001,2025-10-03_09h16.01.881,Motor Sequential Learning,,2025.1.1,None,2025-10-03 09h16.22.197735 +0530,
-50,x,172,0,43,x,1,0.29834887498873286,None,43,0,172,0,,,,,422.97357204099535,,422.9690490829962,422.97357204099535,423.9665673749987,423.9665673749987,423.9665673749987,423.9665673749987,423.9716747499915,424.96664025000064,424.96664025000064,425.26802195799246,x,1,0.29834887498873286,None,,,,,04,001,2025-10-03_09h16.01.881,Motor Sequential Learning,,2025.1.1,None,2025-10-03 09h16.22.197735 +0530,
150,v,173,1,43,v,1,0.3183554169954732,None,43,1,173,1,,,,,425.2734596659866,,425.2688286659977,425.2734596659866,426.2664166659961,426.2664166659961,426.2664166659961,426.2664166659961,426.2708552499971,427.26653970799816,427.26653970799816,427.590582290999,v,1,0.3183554169954732,None,,,,,04,001,2025-10-03_09h16.01.881,Motor Sequential Learning,,2025.1.1,None,2025-10-03 09h16.22.197735 +0530,
50,c,174,2,43,c,1,0.5532380829972681,None,43,2,174,2,,,,,427.6169145409949,,427.5910540409968,427.6169145409949,428.58855958298955,428.58855958298955,428.58855958298955,428.58855958298955,428.6044928749907,429.5906705829984,429.5906705829984,430.15134691599815,c,1,0.5532380829972681,None,,,,,04,001,2025-10-03_09h16.01.881,Motor Sequential Learning,,2025.1.1,None,2025-10-03 09h16.22.197735 +0530,
-150,z,175,3,43,z,1,0.35999483399791643,None,43,3,175,3,,,,,430.16137520798657,,430.15216329100076,430.16137520798657,431.1497958749969,431.1497958749969,431.1497958749969,431.1497958749969,431.1548288329941,432.1498260410008,432.1498260410008,432.51792508299695,z,1,0.35999483399791643,None,,,,,04,001,2025-10-03_09h16.01.881,Motor Sequential Learning,,2025.1.1,None,2025-10-03 09h16.22.197735 +0530,
-50,x,176,0,44,x,1,0.28537816599418875,None,44,0,176,0,,,,,432.5276642499957,,432.5186754999886,432.5276642499957,433.51634020799247,433.51634020799247,433.51634020799247,433.51634020799247,433.52053145799437,434.51639629098645,434.51639629098645,434.806619415991,x,1,0.28537816599418875,None,,,,,04,001,2025-10-03_09h16.01.881,Motor Sequential Learning,,2025.1.1,None,2025-10-03 09h16.22.197735 +0530,
150,v,177,1,44,v,1,0.46853670799464453,None,44,1,177,1,,,,,434.83327174998703,,434.8070972909918,434.83327174998703,435.8052098749904,435.8052098749904,435.8052098749904,435.8052098749904,435.8220062079927,436.8061558329937,436.8061558329937,437.2842771249998,v,1,0.46853670799464453,None,,,,,04,001,2025-10-03_09h16.01.881,Motor Sequential Learning,,2025.1.1,None,2025-10-03 09h16.22.197735 +0530,
50,c,178,2,44,c,1,0.5926622090046294,None,44,2,178,2,,,,,437.29385583299154,,437.2848737079912,437.29385583299154,438.283170374998,438.283170374998,438.283170374998,438.283170374998,438.2876522079896,439.28309974999866,439.28309974999866,439.8845954579883,c,1,0.5926622090046294,None,,,,,04,001,2025-10-03_09h16.01.881,Motor Sequential Learning,,2025.1.1,None,2025-10-03 09h16.22.197735 +0530,
-150,z,179,3,44,z,1,0.5727114170003915,None,44,3,179,3,,,,,439.8948289580003,,439.88546304099145,439.8948289580003,440.88301545799186,440.88301545799186,440.88301545799186,440.88301545799186,440.88756499999727,441.8828929579904,441.8828929579904,442.468249832993,z,1,0.5727114170003915,None,,,,,04,001,2025-10-03_09h16.01.881,Motor Sequential Learning,,2025.1.1,None,2025-10-03 09h16.22.197735 +0530,
-50,x,180,0,45,x,1,0.31526016601128504,None,45,0,180,0,,,,,442.47801120798977,,442.4687879159901,442.47801120798977,443.46648966599605,443.46648966599605,443.46648966599605,443.46648966599605,443.47125841600064,444.46635120800056,444.46635120800056,444.7843205829995,x,1,0.31526016601128504,None,,,,,04,001,2025-10-03_09h16.01.881,Motor Sequential Learning,,2025.1.1,None,2025-10-03 09h16.22.197735 +0530,
150,v,181,1,45,v,1,0.2997076250030659,None,45,1,181,1,,,,,444.79024279098667,,444.7851959999971,444.79024279098667,445.7829567499866,445.7829567499866,445.7829567499866,445.7829567499866,445.787601249991,446.7828570829879,446.7828570829879,447.0846875409916,v,1,0.2997076250030659,None,,,,,04,001,2025-10-03_09h16.01.881,Motor Sequential Learning,,2025.1.1,None,2025-10-03 09h16.22.197735 +0530,
50,c,182,2,45,c,1,0.4395875000045635,None,45,2,182,2,,,,,447.0899196249957,,447.0854602909967,447.0899196249957,448.0830770409957,448.0830770409957,448.0830770409957,448.0830770409957,448.088415124992,449.08296208299,449.08296208299,449.5348504579888,c,1,0.4395875000045635,None,,,,,04,001,2025-10-03_09h16.01.881,Motor Sequential Learning,,2025.1.1,None,2025-10-03 09h16.22.197735 +0530,
-150,z,183,3,45,z,1,0.43420704099116847,None,45,3,183,3,,,,,449.5452200409927,,449.5356673329952,449.5452200409927,450.53296349999437,450.53296349999437,450.53296349999437,450.53296349999437,450.5373386249994,451.533054790998,451.533054790998,451.9729452499887,z,1,0.43420704099116847,None,,,,,04,001,2025-10-03_09h16.01.881,Motor Sequential Learning,,2025.1.1,None,2025-10-03 09h16.22.197735 +0530,
-50,x,184,0,46,c,0,0.46783249999862164,None,46,0,184,0,,,,,451.98266524999053,,451.97341941599734,451.98266524999053,452.9711563749879,452.9711563749879,452.9711563749879,452.9711563749879,452.9711563749879,453.97243749999325,453.97243749999325,454.45141691599565,c,0,0.46783249999862164,None,,,,,04,001,2025-10-03_09h16.01.881,Motor Sequential Learning,,2025.1.1,None,2025-10-03 09h16.22.197735 +0530,
150,v,185,1,46,v,1,0.5126006659993436,None,46,1,185,1,,,,,454.4620390409982,,454.4522010410001,454.4620390409982,455.4495273749926,455.4495273749926,455.4495273749926,455.4495273749926,455.45385737498873,456.4496981659904,456.4496981659904,456.96753212499607,v,1,0.5126006659993436,None,,,,,04,001,2025-10-03_09h16.01.881,Motor Sequential Learning,,2025.1.1,None,2025-10-03 09h16.22.197735 +0530,
50,c,186,2,46,c,1,0.4810026249906514,None,46,2,186,2,,,,,456.97788954099815,,456.9683064159908,456.97788954099815,457.96628341599717,457.96628341599717,457.96628341599717,457.96628341599717,457.9712544579961,458.96622058299545,458.96622058299545,459.45107354100037,c,1,0.4810026249906514,None,,,,,04,001,2025-10-03_09h16.01.881,Motor Sequential Learning,,2025.1.1,None,2025-10-03 09h16.22.197735 +0530,
-150,z,187,3,46,z,1,0.34871016700344626,None,46,3,187,3,,,,,459.456416874993,,459.4519601249922,459.456416874993,460.44961479099584,460.44961479099584,460.44961479099584,460.44961479099584,460.4543884579907,461.4495012080006,461.4495012080006,461.8009324159939,z,1,0.34871016700344626,None,,,,,04,001,2025-10-03_09h16.01.881,Motor Sequential Learning,,2025.1.1,None,2025-10-03 09h16.22.197735 +0530,
-50,x,188,0,47,x,1,0.3497038750065258,None,47,0,188,0,,,,,461.8066046249878,,461.80185487499693,461.8066046249878,462.79953041599947,462.79953041599947,462.79953041599947,462.79953041599947,462.8042860409914,463.799440332994,463.799440332994,464.1508047499956,x,1,0.3497038750065258,None,,,,,04,001,2025-10-03_09h16.01.881,Motor Sequential Learning,,2025.1.1,None,2025-10-03 09h16.22.197735 +0530,
150,v,189,1,47,v,1,0.4437785000045551,None,47,1,189,1,,,,,464.1608899999992,,464.1515847499977,464.1608899999992,465.1495039159927,465.1495039159927,465.1495039159927,465.1495039159927,465.1544712909963,466.14941699999326,466.14941699999326,466.6009384159988,v,1,0.4437785000045551,None,,,,,04,001,2025-10-03_09h16.01.881,Motor Sequential Learning,,2025.1.1,None,2025-10-03 09h16.22.197735 +0530,
50,c,190,2,47,c,1,0.35986541700549424,None,47,2,190,2,,,,,466.6109226659901,,466.601765082989,466.6109226659901,467.59936512498825,467.59936512498825,467.59936512498825,467.59936512498825,467.60336333299347,468.59924583300017,468.59924583300017,468.9675256659975,c,1,0.35986541700549424,None,,,,,04,001,2025-10-03_09h16.01.881,Motor Sequential Learning,,2025.1.1,None,2025-10-03 09h16.22.197735 +0530,
-150,z,191,3,47,z,1,0.5610594579920871,None,47,3,191,3,,,,,468.9777397909929,,468.96840220798913,468.9777397909929,469.96597195799404,469.96597195799404,469.96597195799404,469.96597195799404,469.97003425,470.9660614159948,470.9660614159948,471.53434774999914,z,1,0.5610594579920871,None,,,,,04,001,2025-10-03_09h16.01.881,Motor Sequential Learning,,2025.1.1,None,2025-10-03 09h16.22.197735 +0530,
-50,x,192,0,48,x,1,0.3842307500017341,None,48,0,192,0,,,,,471.5443811659934,,471.5353258749965,471.5443811659934,472.5328779579868,472.5328779579868,472.5328779579868,472.5328779579868,472.5382499999978,473.53270912499283,473.53270912499283,473.92247074999614,x,1,0.3842307500017341,None,,,,,04,001,2025-10-03_09h16.01.881,Motor Sequential Learning,,2025.1.1,None,2025-10-03 09h16.22.197735 +0530,
150,v,193,1,48,v,1,0.6043426669930341,None,48,1,193,1,,,,,473.9321375829895,,473.9229479999922,473.9321375829895,474.9211584579898,474.9211584579898,474.9211584579898,474.9211584579898,474.9211584579898,475.92263912499766,475.92263912499766,476.5343453329988,v,1,0.6043426669930341,None,,,,,04,001,2025-10-03_09h16.01.881,Motor Sequential Learning,,2025.1.1,None,2025-10-03 09h16.22.197735 +0530,
50,c,194,2,48,c,1,0.43613087499397807,None,48,2,194,2,,,,,476.5444030409999,,476.53517762498814,476.5444030409999,477.5326310829987,477.5326310829987,477.5326310829987,477.5326310829987,477.5374541249912,478.5326976249926,478.5326976249926,478.9723661249882,c,1,0.43613087499397807,None,,,,,04,001,2025-10-03_09h16.01.881,Motor Sequential Learning,,2025.1.1,None,2025-10-03 09h16.22.197735 +0530,
-150,z,195,3,48,z,1,0.6325801250059158,None,48,3,195,3,,,,,478.98228641599417,,478.97288133300026,478.98228641599417,479.965909999999,479.965909999999,479.965909999999,479.965909999999,479.970914540987,480.9721476249979,480.9721476249979,481.6175051249884,z,1,0.6325801250059158,None,,,,,04,001,2025-10-03_09h16.01.881,Motor Sequential Learning,,2025.1.1,None,2025-10-03 09h16.22.197735 +0530,
-50,x,196,0,49,x,1,0.3724584169976879,None,49,0,196,0,,,,,481.6280328749999,,481.61837374999595,481.6280328749999,482.61597887499374,482.61597887499374,482.61597887499374,482.61597887499374,482.6202163329872,483.6161541249894,483.6161541249894,484.00045291599235,x,1,0.3724584169976879,None,,,,,04,001,2025-10-03_09h16.01.881,Motor Sequential Learning,,2025.1.1,None,2025-10-03 09h16.22.197735 +0530,
150,v,197,1,49,v,1,0.36729791600373574,None,49,1,197,1,,,,,484.0104253749887,,484.00119154099957,484.0104253749887,484.9992116659996,484.9992116659996,484.9992116659996,484.9992116659996,485.00432554099825,485.9882743749913,485.9882743749913,486.3672677499999,v,1,0.36729791600373574,None,,,,,04,001,2025-10-03_09h16.01.881,Motor Sequential Learning,,2025.1.1,None,2025-10-03 09h16.22.197735 +0530,
50,c,198,2,49,c,1,0.5917360830062535,None,49,2,198,2,,,,,486.3773598330008,,486.3680254579958,486.3773598330008,487.3657751659921,487.3657751659921,487.3657751659921,487.3657751659921,487.37082262498734,488.3658416249964,488.3658416249964,488.9671008329897,c,1,0.5917360830062535,None,,,,,04,001,2025-10-03_09h16.01.881,Motor Sequential Learning,,2025.1.1,None,2025-10-03 09h16.22.197735 +0530,
-150,z,199,3,49,z,1,0.4038456669950392,None,49,3,199,3,,,,,488.9767142079945,,488.96765304099245,488.9767142079945,489.96579954099434,489.96579954099434,489.96579954099434,489.96579954099434,489.97004649999144,490.96572041598847,490.96572041598847,491.3720542079973,z,1,0.4038456669950392,None,,,,,04,001,2025-10-03_09h16.01.881,Motor Sequential Learning,,2025.1.1,None,2025-10-03 09h16.22.197735 +0530,
-50,x,0,0,0,x,1,0.6192352500074776,None,,,,,0,0,0,0,491.39340954099316,,491.38689524999063,491.39340954099316,492.37107812499744,492.37107812499744,492.37107812499744,492.37107812499744,492.38687008299166,493.3722599999892,493.3722599999892,494.00074999999197,,,,,x,1,0.6192352500074776,None,04,001,2025-10-03_09h16.01.881,Motor Sequential Learning,,2025.1.1,None,2025-10-03 09h16.22.197735 +0530,
50,c,1,1,0,c,1,0.5722207920043729,None,,,,,0,1,1,2,494.00976516598894,,494.0016470829869,494.00976516598894,494.9991416249977,494.9991416249977,494.9991416249977,494.9991416249977,495.00408829099615,495.9992113329936,495.9992113329936,496.5726003749878,,,,,c,1,0.5722207920043729,None,04,001,2025-10-03_09h16.01.881,Motor Sequential Learning,,2025.1.1,None,2025-10-03 09h16.22.197735 +0530,
50,c,2,2,1,x,0,0.5019214999920223,None,,,,,1,2,2,2,496.5816472079896,,496.5730754999968,496.5816472079896,497.5707082079898,497.5707082079898,497.5707082079898,497.5707082079898,497.5707082079898,498.5714530829864,498.5714530829864,499.08419887498894,,,,,x,0,0.5019214999920223,None,04,001,2025-10-03_09h16.01.881,Motor Sequential Learning,,2025.1.1,None,2025-10-03 09h16.22.197735 +0530,
-50,x,3,3,1,x,1,0.5536777500092285,None,,,,,1,3,3,0,499.09337095799856,,499.08502070799295,499.09337095799856,500.0825693749939,500.0825693749939,500.0825693749939,500.0825693749939,500.0874600829993,501.08262237499,501.08262237499,501.63919175000046,,,,,x,1,0.5536777500092285,None,04,001,2025-10-03_09h16.01.881,Motor Sequential Learning,,2025.1.1,None,2025-10-03 09h16.22.197735 +0530,
-150,z,4,4,0,z,1,0.4242886249994626,None,,,,,0,4,4,3,501.6483207499987,,501.63969345799705,501.6483207499987,502.6372638329922,502.6372638329922,502.6372638329922,502.6372638329922,502.6372638329922,503.6380317079893,503.6380317079893,504.066798749991,,,,,z,1,0.4242886249994626,None,04,001,2025-10-03_09h16.01.881,Motor Sequential Learning,,2025.1.1,None,2025-10-03 09h16.22.197735 +0530,
-150,z,5,5,1,z,1,0.5315837090020068,None,,,,,1,5,5,3,504.0715342499898,,504.06741529099236,504.0715342499898,505.06573370799015,505.06573370799015,505.06573370799015,505.06573370799015,505.06999133298814,506.06559312499303,506.06559312499303,506.6004976659897,,,,,z,1,0.5315837090020068,None,04,001,2025-10-03_09h16.01.881,Motor Sequential Learning,,2025.1.1,None,2025-10-03 09h16.22.197735 +0530,
-50,x,6,6,2,x,1,0.7171336669998709,None,,,,,2,6,6,0,506.6058737909916,,506.6013758749905,506.6058737909916,507.5990897909942,507.5990897909942,507.5990897909942,507.5990897909942,507.6040114159987,508.59903258299164,508.59903258299164,509.3236924579978,,,,,x,1,0.7171336669998709,None,04,001,2025-10-03_09h16.01.881,Motor Sequential Learning,,2025.1.1,None,2025-10-03 09h16.22.197735 +0530,
-50,x,7,7,3,x,1,0.6156304159958381,None,,,,,3,7,7,0,509.3323032499902,,509.3241670829884,509.3323032499902,510.3203409159905,510.3203409159905,510.3203409159905,510.3203409159905,510.3203409159905,511.3223317499942,511.3223317499942,511.95058737498766,,,,,x,1,0.6156304159958381,None,04,001,2025-10-03_09h16.01.881,Motor Sequential Learning,,2025.1.1,None,2025-10-03 09h16.22.197735 +0530,
-150,z,8,8,2,z,1,1.0080077910097316,None,,,,,2,8,8,3,511.96051070799876,,511.95137912499194,511.96051070799876,512.9491916659899,512.9491916659899,512.9491916659899,512.9491916659899,512.9540002909926,513.9490240409941,513.9490240409941,514.9670647909952,,,,,z,1,1.0080077910097316,None,04,001,2025-10-03_09h16.01.881,Motor Sequential Learning,,2025.1.1,None,2025-10-03 09h16.22.197735 +0530,
150,v,9,9,0,v,1,0.5021879580017412,None,,,,,0,9,9,1,514.9767892909877,,514.9677714579884,514.9767892909877,515.965642582989,515.965642582989,515.965642582989,515.965642582989,515.9706947079976,516.9657447499922,516.9657447499922,517.4724810409971,,,,,v,1,0.5021879580017412,None,04,001,2025-10-03_09h16.01.881,Motor Sequential Learning,,2025.1.1,None,2025-10-03 09h16.22.197735 +0530,
150,v,10,10,1,v,1,0.39650595899729524,None,,,,,1,10,10,1,517.4823088329867,,517.472998665995,517.4823088329867,518.4709227499989,518.4709227499989,518.4709227499989,518.4709227499989,518.4709227499989,519.4713791659888,519.4713791659888,519.8719716249907,,,,,v,1,0.39650595899729524,None,04,001,2025-10-03_09h16.01.881,Motor Sequential Learning,,2025.1.1,None,2025-10-03 09h16.22.197735 +0530,
-150,z,11,11,3,z,1,0.4103437500016298,None,,,,,3,11,11,3,519.881781249991,,519.8724602500006,519.881781249991,520.87081441599,520.87081441599,520.87081441599,520.87081441599,520.87081441599,521.8715159999992,521.8715159999992,522.2845027909934,,,,,z,1,0.4103437500016298,None,04,001,2025-10-03_09h16.01.881,Motor Sequential Learning,,2025.1.1,None,2025-10-03 09h16.22.197735 +0530,
-50,x,12,12,4,x,1,0.6385688330046833,None,,,,,4,12,12,0,522.2945509579877,,522.2852736659988,522.2945509579877,523.2821871249907,523.2821871249907,523.2821871249907,523.2821871249907,523.2863755829894,524.2823020409996,524.2823020409996,524.9222626659903,,,,,x,1,0.6385688330046833,None,04,001,2025-10-03_09h16.01.881,Motor Sequential Learning,,2025.1.1,None,2025-10-03 09h16.22.197735 +0530,
50,c,13,13,2,c,1,0.6045169580029324,None,,,,,2,13,13,2,524.9317124160007,,524.9227503750008,524.9317124160007,525.9208816659957,525.9208816659957,525.9208816659957,525.9208816659957,525.9208816659957,526.9211707499926,526.9211707499926,527.5335442079959,,,,,c,1,0.6045169580029324,None,04,001,2025-10-03_09h16.01.881,Motor Sequential Learning,,2025.1.1,None,2025-10-03 09h16.22.197735 +0530,
-50,x,14,14,5,x,1,0.5984962499933317,None,,,,,5,14,14,0,527.5430828749959,,527.534204999989,527.5430828749959,528.5323821249913,528.5323821249913,528.5323821249913,528.5323821249913,528.5375283329922,529.5322554999875,529.5322554999875,530.1339609999995,,,,,x,1,0.5984962499933317,None,04,001,2025-10-03_09h16.01.881,Motor Sequential Learning,,2025.1.1,None,2025-10-03 09h16.22.197735 +0530,
-150,z,15,15,4,z,1,0.3822745829966152,None,,,,,4,15,15,3,530.1397039579897,,530.1349745409971,530.1397039579897,531.1322362499923,531.1322362499923,531.1322362499923,531.1322362499923,531.1371841660002,532.1323614579887,532.1323614579887,532.5169756659889,,,,,z,1,0.3822745829966152,None,04,001,2025-10-03_09h16.01.881,Motor Sequential Learning,,2025.1.1,None,2025-10-03 09h16.22.197735 +0530,
150,v,16,16,2,v,1,0.4051166249992093,None,,,,,2,16,16,1,532.5224475829891,,532.5178767499892,532.5224475829891,533.5154159579979,533.5154159579979,533.5154159579979,533.5154159579979,533.5200465829985,534.5154958749918,534.5154958749918,534.9217832079885,,,,,v,1,0.4051166249992093,None,04,001,2025-10-03_09h16.01.881,Motor Sequential Learning,,2025.1.1,None,2025-10-03 09h16.22.197735 +0530,
50,c,17,17,3,c,1,0.40134116700210143,None,,,,,3,17,17,2,534.9314009999944,,534.922275207995,534.9314009999944,535.9204238329985,535.9204238329985,535.9204238329985,535.9204238329985,535.9204238329985,536.9211772909912,536.9211772909912,537.3336447079928,,,,,c,1,0.40134116700210143,None,04,001,2025-10-03_09h16.01.881,Motor Sequential Learning,,2025.1.1,None,2025-10-03 09h16.22.197735 +0530,
-50,x,18,18,6,x,1,0.397343082993757,None,,,,,6,18,18,0,537.3436706659995,,537.334516707997,537.3436706659995,538.3320590410003,538.3320590410003,538.3320590410003,538.3320590410003,538.3363963329903,539.3321699579974,539.3321699579974,539.733722207995,,,,,x,1,0.397343082993757,None,04,001,2025-10-03_09h16.01.881,Motor Sequential Learning,,2025.1.1,None,2025-10-03 09h16.22.197735 +0530,
-150,z,19,19,5,z,1,0.32834108399401885,None,,,,,5,19,19,3,539.7393212499883,,539.7346666249941,539.7393212499883,540.7320994159963,540.7320994159963,540.7320994159963,540.7320994159963,540.736977499997,541.7321964159928,541.7321964159928,542.0670709159895,,,,,z,1,0.32834108399401885,None,04,001,2025-10-03_09h16.01.881,Motor Sequential Learning,,2025.1.1,None,2025-10-03 09h16.22.197735 +0530,
-50,x,20,20,7,x,1,0.6040249999932712,None,,,,,7,20,20,0,542.0768145409966,,542.067925957992,542.0768145409966,543.0654743329942,543.0654743329942,543.0654743329942,543.0654743329942,543.0705192499881,544.0653180829977,544.0653180829977,544.6715869999898,,,,,x,1,0.6040249999932712,None,04,001,2025-10-03_09h16.01.881,Motor Sequential Learning,,2025.1.1,None,2025-10-03 09h16.22.197735 +0530,
150,v,21,21,3,v,1,0.4503126659983536,None,,,,,3,21,21,1,544.6812622079888,,544.672096957991,544.6812622079888,545.6709538329887,545.6709538329887,545.6709538329887,545.6709538329887,545.6709538329887,546.670974624998,546.670974624998,547.1335907909961,,,,,v,1,0.4503126659983536,None,04,001,2025-10-03_09h16.01.881,Motor Sequential Learning,,2025.1.1,None,2025-10-03 09h16.22.197735 +0530,
-150,z,22,22,6,z,1,0.398209916005726,None,,,,,6,22,22,3,547.1433492079959,,547.1344372079911,547.1433492079959,548.1319575409871,548.1319575409871,548.1319575409871,548.1319575409871,548.1361737080006,549.1320954159892,549.1320954159892,549.5337444159959,,,,,z,1,0.398209916005726,None,04,001,2025-10-03_09h16.01.881,Motor Sequential Learning,,2025.1.1,None,2025-10-03 09h16.22.197735 +0530,
150,v,23,23,4,v,1,0.4983171250059968,None,,,,,4,23,23,1,549.5392957079894,,549.5346527499933,549.5392957079894,550.5320217909903,550.5320217909903,550.5320217909903,550.5320217909903,550.5368169579888,551.5319050409889,551.5319050409889,552.033432915996,,,,,v,1,0.4983171250059968,None,04,001,2025-10-03_09h16.01.881,Motor Sequential Learning,,2025.1.1,None,2025-10-03 09h16.22.197735 +0530,
-50,x,24,24,8,x,1,0.7850777080020634,None,,,,,8,24,24,0,552.0387336249987,,552.0341284579918,552.0387336249987,553.0319603749958,553.0319603749958,553.0319603749958,553.0319603749958,553.0369270829979,554.031989457988,554.031989457988,554.8211200410005,,,,,x,1,0.7850777080020634,None,04,001,2025-10-03_09h16.01.881,Motor Sequential Learning,,2025.1.1,None,2025-10-03 09h16.22.197735 +0530,
150,v,25,25,5,v,1,0.5998088339983951,None,,,,,5,25,25,1,554.8310566250002,,554.8216716249881,554.8310566250002,555.8151741659967,555.8151741659967,555.8151741659967,555.8151741659967,555.8194555410009,556.815253290988,556.815253290988,557.4167264999996,,,,,v,1,0.5998088339983951,None,04,001,2025-10-03_09h16.01.881,Motor Sequential Learning,,2025.1.1,None,2025-10-03 09h16.22.197735 +0530,
50,c,26,26,4,c,1,0.5667203329940094,None,,,,,4,26,26,2,557.4217569999892,,557.4176519159955,557.4217569999892,558.41519354099,558.41519354099,558.41519354099,558.41519354099,558.4200021659926,559.4152764579921,559.4152764579921,559.9836479579972,,,,,c,1,0.5667203329940094,None,04,001,2025-10-03_09h16.01.881,Motor Sequential Learning,,2025.1.1,None,2025-10-03 09h16.22.197735 +0530,
-150,z,27,27,7,z,1,0.34803929200279526,None,,,,,7,27,27,3,559.9892905829911,,559.9847894999984,559.9892905829911,560.9820603749977,560.9820603749977,560.9820603749977,560.9820603749977,560.9879475829948,561.9819285829872,561.9819285829872,562.333568749993,,,,,z,1,0.34803929200279526,None,04,001,2025-10-03_09h16.01.881,Motor Sequential Learning,,2025.1.1,None,2025-10-03 09h16.22.197735 +0530,
150,v,28,28,6,v,1,0.3339277079940075,None,,,,,6,28,28,1,562.3390386659885,,562.3344409999991,562.3390386659885,563.3319903329975,563.3319903329975,563.3319903329975,563.3319903329975,563.3369168329955,564.3319244999875,564.3319244999875,564.6711157909886,,,,,v,1,0.3339277079940075,None,04,001,2025-10-03_09h16.01.881,Motor Sequential Learning,,2025.1.1,None,2025-10-03 09h16.22.197735 +0530,
50,c,29,29,5,c,1,0.5001726670016069,None,,,,,5,29,29,2,564.6809300829918,,564.6716263749986,564.6809300829918,565.6702257079887,565.6702257079887,565.6702257079887,565.6702257079887,565.6702257079887,566.670627665997,566.670627665997,567.1833530409931,,,,,c,1,0.5001726670016069,None,04,001,2025-10-03_09h16.01.881,Motor Sequential Learning,,2025.1.1,None,2025-10-03 09h16.22.197735 +0530,
-150,z,30,30,8,z,1,0.3800235420058016,None,,,,,8,30,30,3,567.1928261249996,,567.1840390409925,567.1928261249996,568.1818622909923,568.1818622909923,568.1818622909923,568.1818622909923,568.1863523329957,569.1818045830005,569.1818045830005,569.5666482079978,,,,,z,1,0.3800235420058016,None,04,001,2025-10-03_09h16.01.881,Motor Sequential Learning,,2025.1.1,None,2025-10-03 09h16.22.197735 +0530,
50,c,31,31,6,c,1,0.521371958006057,None,,,,,6,31,31,2,569.5719000409881,,569.5675119579973,569.5719000409881,570.5653497909952,570.5653497909952,570.5653497909952,570.5653497909952,570.5697024580004,571.5654014579923,571.5654014579923,572.0881578749977,,,,,c,1,0.521371958006057,None,04,001,2025-10-03_09h16.01.881,Motor Sequential Learning,,2025.1.1,None,2025-10-03 09h16.22.197735 +0530,
150,v,32,32,7,v,1,0.4971425840049051,None,,,,,7,32,32,1,572.0976984159934,,572.0886544159875,572.0976984159934,573.0874377500004,573.0874377500004,573.0874377500004,573.0874377500004,573.0874377500004,574.0873749159946,574.0873749159946,574.5885491249937,,,,,v,1,0.4971425840049051,None,04,001,2025-10-03_09h16.01.881,Motor Sequential Learning,,2025.1.1,None,2025-10-03 09h16.22.197735 +0530,
50,c,33,33,7,c,1,0.486406750002061,None,,,,,7,33,33,2,574.5982177080004,,574.5891294999892,574.5982177080004,575.5872087499883,575.5872087499883,575.5872087499883,575.5872087499883,575.5872087499883,576.5882250829891,576.5882250829891,577.0830969579984,,,,,c,1,0.486406750002061,None,04,001,2025-10-03_09h16.01.881,Motor Sequential Learning,,2025.1.1,None,2025-10-03 09h16.22.197735 +0530,
-50,x,34,34,9,x,1,0.4908080840104958,None,,,,,9,34,34,0,577.0930846659903,,577.0838487079891,577.0930846659903,578.0817832499888,578.0817832499888,578.0817832499888,578.0817832499888,578.0870922499889,579.0817765829997,579.0817765829997,579.5834759999998,,,,,x,1,0.4908080840104958,None,04,001,2025-10-03_09h16.01.881,Motor Sequential Learning,,2025.1.1,None,2025-10-03 09h16.22.197735 +0530,
150,v,35,35,8,v,1,0.3756573330028914,None,,,,,8,35,35,1,579.5929734159872,,579.5842733749887,579.5929734159872,580.58185129099,580.58185129099,580.58185129099,580.58185129099,580.58671116599,581.5817564999888,581.5817564999888,581.9666083329939,,,,,v,1,0.3756573330028914,None,04,001,2025-10-03_09h16.01.881,Motor Sequential Learning,,2025.1.1,None,2025-10-03 09h16.22.197735 +0530,
-50,x,36,36,10,z,0,0.37654020900663454,None,,,,,10,36,36,0,581.9764198749908,,581.967480583,581.9764198749908,582.965036499998,582.965036499998,582.965036499998,582.965036499998,582.970008749995,583.9649347499944,583.9649347499944,584.3500537910004,,,,,z,0,0.37654020900663454,None,04,001,2025-10-03_09h16.01.881,Motor Sequential Learning,,2025.1.1,None,2025-10-03 09h16.22.197735 +0530,
50,c,37,37,8,c,1,0.5748574169992935,None,,,,,8,37,37,2,584.3598393329885,,584.350915707997,584.3598393329885,585.3482595829992,585.3482595829992,585.3482595829992,585.3482595829992,585.3531312499981,586.3485463329998,586.3485463329998,586.9333393749985,,,,,c,1,0.5748574169992935,None,04,001,2025-10-03_09h16.01.881,Motor Sequential Learning,,2025.1.1,None,2025-10-03 09h16.22.197735 +0530,
50,c,38,38,9,c,1,0.4914912079984788,None,,,,,9,38,38,2,586.9432504159922,,586.9342420409957,586.9432504159922,587.9316437499947,587.9316437499947,587.9316437499947,587.9316437499947,587.9365094159875,588.9318026249966,588.9318026249966,589.4332002499868,,,,,c,1,0.4914912079984788,None,04,001,2025-10-03_09h16.01.881,Motor Sequential Learning,,2025.1.1,None,2025-10-03 09h16.22.197735 +0530,
50,c,39,39,10,c,1,0.48263774999941234,None,,,,,10,39,39,2,589.4431879999902,,589.4340701249894,589.4431879999902,590.4316117499984,590.4316117499984,590.4316117499984,590.4316117499984,590.4361910000007,591.4316588749934,591.4316588749934,591.9162469159928,,,,,c,1,0.48263774999941234,None,04,001,2025-10-03_09h16.01.881,Motor Sequential Learning,,2025.1.1,None,2025-10-03 09h16.22.197735 +0530,
-150,z,40,40,9,z,1,0.5356020420003915,None,,,,,9,40,40,3,591.9260694159893,,591.9170287909947,591.9260694159893,592.9149350829975,592.9149350829975,592.9149350829975,592.9149350829975,592.9197654159943,593.9150106659945,593.9150106659945,594.4538319579879,,,,,z,1,0.5356020420003915,None,04,001,2025-10-03_09h16.01.881,Motor Sequential Learning,,2025.1.1,None,2025-10-03 09h16.22.197735 +0530,
-150,z,41,41,10,x,0,0.5166943749936763,None,,,,,10,41,41,3,594.4639885409997,,594.4543235829915,594.4639885409997,595.4534187079989,595.4534187079989,595.4534187079989,595.4534187079989,595.4534187079989,596.4483560829976,596.4483560829976,596.9715962909977,,,,,x,0,0.5166943749936763,None,04,001,2025-10-03_09h16.01.881,Motor Sequential Learning,,2025.1.1,None,2025-10-03 09h16.22.197735 +0530,
-50,x,42,42,11,x,1,0.6237796670029638,None,,,,,11,42,42,0,596.9810359999974,,596.9721149159886,596.9810359999974,597.969699082998,597.969699082998,597.969699082998,597.969699082998,597.969699082998,598.9714819999936,598.9714819999936,599.5996525829978,,,,,x,1,0.6237796670029638,None,04,001,2025-10-03_09h16.01.881,Motor Sequential Learning,,2025.1.1,None,2025-10-03 09h16.22.197735 +0530,
-50,x,43,43,12,x,1,0.5257458749983925,None,,,,,12,43,43,0,599.6051427079947,,599.6006146250002,599.6051427079947,600.5981020829931,600.5981020829931,600.5981020829931,600.5981020829931,600.6023237079935,601.598311624999,601.598311624999,602.1328216249967,,,,,x,1,0.5257458749983925,None,04,001,2025-10-03_09h16.01.881,Motor Sequential Learning,,2025.1.1,None,2025-10-03 09h16.22.197735 +0530,
150,v,44,44,9,v,1,0.4614579580083955,None,,,,,9,44,44,1,602.142143332996,,602.1335345829866,602.142143332996,603.1316805829993,603.1316805829993,603.1316805829993,603.1316805829993,603.136411665997,604.1315947909898,604.1315947909898,604.599750999987,,,,,v,1,0.4614579580083955,None,04,001,2025-10-03_09h16.01.881,Motor Sequential Learning,,2025.1.1,None,2025-10-03 09h16.22.197735 +0530,
50,c,45,45,11,c,1,0.31530429200211074,None,,,,,11,45,45,2,604.6093158329895,,604.600776457999,604.6093158329895,605.5982748749957,605.5982748749957,605.5982748749957,605.5982748749957,605.6031127499882,606.5982727079972,606.5982727079972,606.9162546659936,,,,,c,1,0.31530429200211074,None,04,001,2025-10-03_09h16.01.881,Motor Sequential Learning,,2025.1.1,None,2025-10-03 09h16.22.197735 +0530,
150,v,46,46,10,v,1,0.6480184589890996,None,,,,,10,46,46,1,606.9212555829872,,606.916945207995,606.9212555829872,607.914885124992,607.914885124992,607.914885124992,607.914885124992,607.9198478749895,608.9147984999872,608.9147984999872,609.5667873749917,,,,,v,1,0.6480184589890996,None,04,001,2025-10-03_09h16.01.881,Motor Sequential Learning,,2025.1.1,None,2025-10-03 09h16.22.197735 +0530,
-50,x,47,47,13,x,1,0.666935832996387,None,,,,,13,47,47,0,609.5724999999948,,609.567977499988,609.5724999999948,610.5647854999988,610.5647854999988,610.5647854999988,610.5647854999988,610.56894225,611.5648902909888,611.5648902909888,612.236972624989,,,,,x,1,0.666935832996387,None,04,001,2025-10-03_09h16.01.881,Motor Sequential Learning,,2025.1.1,None,2025-10-03 09h16.22.197735 +0530,
50,c,48,48,12,c,1,0.5233960000041407,None,,,,,12,48,48,2,612.2472210409906,,612.2374437499966,612.2472210409906,613.2362236249901,613.2362236249901,613.2362236249901,613.2362236249901,613.2362236249901,614.2313936659921,614.2313936659921,614.7663198749942,,,,,c,1,0.5233960000041407,None,04,001,2025-10-03_09h16.01.881,Motor Sequential Learning,,2025.1.1,None,2025-10-03 09h16.22.197735 +0530,
150,v,49,49,11,v,1,0.3389554169989424,None,,,,,11,49,49,1,614.7766950829973,,614.7672827909992,614.7766950829973,615.7647044999903,615.7647044999903,615.7647044999903,615.7647044999903,615.769558,616.7647751249897,616.7647751249897,617.116429665999,,,,,v,1,0.3389554169989424,None,04,001,2025-10-03_09h16.01.881,Motor Sequential Learning,,2025.1.1,None,2025-10-03 09h16.22.197735 +0530,
-150,z,50,50,11,z,1,0.42190983300679363,None,,,,,11,50,50,3,617.1262484999897,,617.1172957909876,617.1262484999897,618.1146641249943,618.1146641249943,618.1146641249943,618.1146641249943,618.1195780409907,619.114722540995,619.114722540995,619.5379472079949,,,,,z,1,0.42190983300679363,None,04,001,2025-10-03_09h16.01.881,Motor Sequential Learning,,2025.1.1,None,2025-10-03 09h16.22.197735 +0530,
50,c,51,51,13,c,1,0.6406287909921957,None,,,,,13,51,51,2,619.54746612499,,619.5384704579919,619.54746612499,620.5362626249989,620.5362626249989,620.5362626249989,620.5362626249989,620.5362626249989,621.5369639579876,621.5369639579876,622.1827156660001,,,,,c,1,0.6406287909921957,None,04,001,2025-10-03_09h16.01.881,Motor Sequential Learning,,2025.1.1,None,2025-10-03 09h16.22.197735 +0530,
150,v,52,52,12,v,1,0.5431752499862341,None,,,,,12,52,52,1,622.1925406659866,,622.1833758749999,622.1925406659866,623.1813474579976,623.1813474579976,623.1813474579976,623.1813474579976,623.1857457909937,624.1812865829997,624.1812865829997,624.7326245409931,,,,,v,1,0.5431752499862341,None,04,001,2025-10-03_09h16.01.881,Motor Sequential Learning,,2025.1.1,None,2025-10-03 09h16.22.197735 +0530,
50,c,53,53,14,c,1,0.575294833004591,None,,,,,14,53,53,2,624.7420588749956,,624.7333251249947,624.7420588749956,625.7313834579982,625.7313834579982,625.7313834579982,625.7313834579982,625.7360473749868,626.7312569999922,626.7312569999922,627.3161536249972,,,,,c,1,0.575294833004591,None,04,001,2025-10-03_09h16.01.881,Motor Sequential Learning,,2025.1.1,None,2025-10-03 09h16.22.197735 +0530,
-150,z,54,54,12,z,1,0.48077683300653007,None,,,,,12,54,54,3,627.3259587079956,,627.317018332993,627.3259587079956,628.3146082079911,628.3146082079911,628.3146082079911,628.3146082079911,628.3195087499917,629.3146910409996,629.3146910409996,629.7990585410007,,,,,z,1,0.48077683300653007,None,04,001,2025-10-03_09h16.01.881,Motor Sequential Learning,,2025.1.1,None,2025-10-03 09h16.22.197735 +0530,
-50,x,55,55,14,x,1,0.46379458300361875,None,,,,,14,55,55,0,629.8041875409981,,629.799809832999,629.8041875409981,630.7979131249886,630.7979131249886,630.7979131249886,630.7979131249886,630.8021783329896,631.7885854999913,631.7885854999913,632.2659238329943,,,,,x,1,0.46379458300361875,None,04,001,2025-10-03_09h16.01.881,Motor Sequential Learning,,2025.1.1,None,2025-10-03 09h16.22.197735 +0530,
-150,z,56,56,13,z,1,0.6086326250078855,None,,,,,13,56,56,3,632.2752817909932,,632.2665959999867,632.2752817909932,633.2646039579995,633.2646039579995,633.2646039579995,633.2646039579995,633.2695842499961,634.2647012499947,634.2647012499947,634.8825967079902,,,,,z,1,0.6086326250078855,None,04,001,2025-10-03_09h16.01.881,Motor Sequential Learning,,2025.1.1,None,2025-10-03 09h16.22.197735 +0530,
-150,z,57,57,14,z,1,0.4980656249972526,None,,,,,14,57,57,3,634.8923803749931,,634.8832866249868,634.8923803749931,635.8812382909964,635.8812382909964,635.8812382909964,635.8812382909964,635.8862085829896,636.8811577079905,636.8811577079905,637.3827992079896,,,,,z,1,0.4980656249972526,None,04,001,2025-10-03_09h16.01.881,Motor Sequential Learning,,2025.1.1,None,2025-10-03 09h16.22.197735 +0530,
150,v,58,58,13,v,1,0.5481862080050632,None,,,,,13,58,58,1,637.3884344159887,,637.383762582991,637.3884344159887,638.3812097499904,638.3812097499904,638.3812097499904,638.3812097499904,638.3861271249916,639.3810637909919,639.3810637909919,639.9331088749896,,,,,v,1,0.5481862080050632,None,04,001,2025-10-03_09h16.01.881,Motor Sequential Learning,,2025.1.1,None,2025-10-03 09h16.22.197735 +0530,
-50,x,59,59,15,x,1,0.5497659160027979,None,,,,,15,59,59,0,639.9383351659926,,639.9340407079872,639.9383351659926,640.9311687499867,640.9311687499867,640.9311687499867,640.9311687499867,640.9361478749925,641.9312859159982,641.9312859159982,642.4827807909896,,,,,x,1,0.5497659160027979,None,04,001,2025-10-03_09h16.01.881,Motor Sequential Learning,,2025.1.1,None,2025-10-03 09h16.22.197735 +0530,
-150,z,60,60,15,z,1,0.4390836670063436,None,,,,,15,60,60,3,642.4882555410004,,642.4836529579916,642.4882555410004,643.4811641659908,643.4811641659908,643.4811641659908,643.4811641659908,643.486080290997,644.4810768749885,644.4810768749885,644.932817665991,,,,,z,1,0.4390836670063436,None,04,001,2025-10-03_09h16.01.881,Motor Sequential Learning,,2025.1.1,None,2025-10-03 09h16.22.197735 +0530,
-150,z,61,61,16,z,1,0.404896624997491,None,,,,,16,61,61,3,644.9437496659957,,644.9337865409907,644.9437496659957,645.9312357499875,645.9312357499875,645.9312357499875,645.9312357499875,645.9354511249985,646.9311803749879,646.9311803749879,647.3374051249993,,,,,z,1,0.404896624997491,None,04,001,2025-10-03_09h16.01.881,Motor Sequential Learning,,2025.1.1,None,2025-10-03 09h16.22.197735 +0530,
-150,z,62,62,17,z,1,0.40933470900927205,None,,,,,17,62,62,3,647.3472812909895,,647.3379019159911,647.3472812909895,648.3362252079969,648.3362252079969,648.3362252079969,648.3362252079969,648.3362252079969,649.3376692499878,649.3376692499878,649.7492431659921,,,,,z,1,0.40933470900927205,None,04,001,2025-10-03_09h16.01.881,Motor Sequential Learning,,2025.1.1,None,2025-10-03 09h16.22.197735 +0530,
-50,x,63,63,16,x,1,0.6111477499944158,None,,,,,16,63,63,0,649.7547030409914,,649.7501932079904,649.7547030409914,650.7477011249866,650.7477011249866,650.7477011249866,650.7477011249866,650.7523746249935,651.7477877079946,651.7477877079946,652.3662253749935,,,,,x,1,0.6111477499944158,None,04,001,2025-10-03_09h16.01.881,Motor Sequential Learning,,2025.1.1,None,2025-10-03 09h16.22.197735 +0530,
-50,x,64,64,17,x,1,1.0956014580006013,None,,,,,17,64,64,0,652.3757372499967,,652.3670382909913,652.3757372499967,653.3643994159938,653.3643994159938,653.3643994159938,653.3643994159938,653.3694165409979,654.3642494999949,654.3642494999949,655.4655937909993,,,,,x,1,1.0956014580006013,None,04,001,2025-10-03_09h16.01.881,Motor Sequential Learning,,2025.1.1,None,2025-10-03 09h16.22.197735 +0530,
-50,x,65,65,18,x,1,0.386362207995262,None,,,,,18,65,65,0,655.4752112909919,,655.4664173329948,655.4752112909919,656.464369207999,656.464369207999,656.464369207999,656.464369207999,656.4692222079902,657.4644457079994,657.4644457079994,657.8539442909969,,,,,x,1,0.386362207995262,None,04,001,2025-10-03_09h16.01.881,Motor Sequential Learning,,2025.1.1,None,2025-10-03 09h16.22.197735 +0530,
50,c,66,66,15,c,1,0.7968541250011185,None,,,,,15,66,66,2,657.8638989159954,,657.8545030829991,657.8638989159954,658.853301457988,658.853301457988,658.853301457988,658.853301457988,658.853301457988,659.8539441249886,659.8539441249886,660.6539576249925,,,,,c,1,0.7968541250011185,None,04,001,2025-10-03_09h16.01.881,Motor Sequential Learning,,2025.1.1,None,2025-10-03 09h16.22.197735 +0530,
150,v,67,67,14,v,1,0.5171597090084106,None,,,,,14,67,67,1,660.6635907499876,,660.6544524999917,660.6635907499876,661.6527933329926,661.6527933329926,661.6527933329926,661.6527933329926,661.6527933329926,662.6535129159893,662.6535129159893,663.1825148329954,,,,,v,1,0.5171597090084106,None,04,001,2025-10-03_09h16.01.881,Motor Sequential Learning,,2025.1.1,None,2025-10-03 09h16.22.197735 +0530,
-150,z,68,68,18,z,1,0.6118678750062827,None,,,,,18,68,68,3,663.1925790829991,,663.183455499995,663.1925790829991,664.1810016659874,664.1810016659874,664.1810016659874,664.1810016659874,664.1857034159912,665.1808891659894,665.1808891659894,665.7990337079973,,,,,z,1,0.6118678750062827,None,04,001,2025-10-03_09h16.01.881,Motor Sequential Learning,,2025.1.1,None,2025-10-03 09h16.22.197735 +0530,
50,c,69,69,16,c,1,0.5408671659970423,None,,,,,16,69,69,2,665.8086935829924,,665.7998174159875,665.8086935829924,666.7976218749973,666.7976218749973,666.7976218749973,666.7976218749973,666.8020394579944,667.7975631249865,667.7975631249865,668.348929499989,,,,,c,1,0.5408671659970423,None,04,001,2025-10-03_09h16.01.881,Motor Sequential Learning,,2025.1.1,None,2025-10-03 09h16.22.197735 +0530,
-50,x,70,70,19,x,1,0.545081709002261,None,,,,,19,70,70,0,668.3585621249949,,668.3496293329954,668.3585621249949,669.3476168749912,669.3476168749912,669.3476168749912,669.3476168749912,669.3525650409865,670.347540540999,670.347540540999,670.8990092079912,,,,,x,1,0.545081709002261,None,04,001,2025-10-03_09h16.01.881,Motor Sequential Learning,,2025.1.1,None,2025-10-03 09h16.22.197735 +0530,
150,v,71,71,15,v,1,0.4307996249990538,None,,,,,15,71,71,1,670.9086607909994,,670.8998097500007,670.9086607909994,671.8975901249942,671.8975901249942,671.8975901249942,671.8975901249942,671.902241541,672.897550499998,672.897550499998,673.3325091250008,,,,,v,1,0.4307996249990538,None,04,001,2025-10-03_09h16.01.881,Motor Sequential Learning,,2025.1.1,None,2025-10-03 09h16.22.197735 +0530,
150,v,72,72,16,v,1,0.5127549580065534,None,,,,,16,72,72,1,673.3379310829914,,673.3334426660003,673.3379310829914,674.3308913329965,674.3308913329965,674.3308913329965,674.3308913329965,674.3357975830004,675.3307813749998,675.3307813749998,675.8490420829912,,,,,v,1,0.5127549580065534,None,04,001,2025-10-03_09h16.01.881,Motor Sequential Learning,,2025.1.1,None,2025-10-03 09h16.22.197735 +0530,
150,v,73,73,17,v,1,0.4967683750001015,None,,,,,17,73,73,1,675.8592377499881,,675.8500254579994,675.8592377499881,676.8476382909867,676.8476382909867,676.8476382909867,676.8476382909867,676.8525209159998,677.8475141659874,677.8475141659874,678.348783124995,,,,,v,1,0.4967683750001015,None,04,001,2025-10-03_09h16.01.881,Motor Sequential Learning,,2025.1.1,None,2025-10-03 09h16.22.197735 +0530,
150,v,74,74,18,v,1,0.4448860840057023,None,,,,,18,74,74,1,678.3538802080002,,678.3494967909937,678.3538802080002,679.3475531250006,679.3475531250006,679.3475531250006,679.3475531250006,679.3526725409902,680.3371540410008,680.3371540410008,680.7875099159864,,,,,v,1,0.4448860840057023,None,04,001,2025-10-03_09h16.01.881,Motor Sequential Learning,,2025.1.1,None,2025-10-03 09h16.22.197735 +0530,
50,c,75,75,17,c,1,0.5315072909870651,None,,,,,17,75,75,2,680.7969572500006,,680.7880038329895,680.7969572500006,681.7861762909888,681.7861762909888,681.7861762909888,681.7861762909888,681.7861762909888,682.7865903329948,682.7865903329948,683.3203882909875,,,,,c,1,0.5315072909870651,None,04,001,2025-10-03_09h16.01.881,Motor Sequential Learning,,2025.1.1,None,2025-10-03 09h16.22.197735 +0530,
150,v,76,76,19,v,1,0.5587408339924878,None,,,,,19,76,76,1,683.330004915988,,683.320875999998,683.330004915988,684.3182665409986,684.3182665409986,684.3182665409986,684.3182665409986,684.3182665409986,685.3203909579897,685.3203909579897,685.882175915991,,,,,v,1,0.5587408339924878,None,04,001,2025-10-03_09h16.01.881,Motor Sequential Learning,,2025.1.1,None,2025-10-03 09h16.22.197735 +0530,
150,v,77,77,20,v,1,0.3391450420022011,None,,,,,20,77,77,1,685.8878636249865,,685.8831387499959,685.8878636249865,686.8808268329885,686.8808268329885,686.8808268329885,686.8808268329885,686.8855849999964,687.8809550829901,687.8809550829901,688.2325531659881,,,,,v,1,0.3391450420022011,None,04,001,2025-10-03_09h16.01.881,Motor Sequential Learning,,2025.1.1,None,2025-10-03 09h16.22.197735 +0530,
-50,x,78,78,20,x,1,0.48317774999304675,None,,,,,20,78,78,0,688.2427883329947,,688.2334199579927,688.2427883329947,689.2307195409958,689.2307195409958,689.2307195409958,689.2307195409958,689.2349574999971,690.230861249991,690.230861249991,690.7196457499958,,,,,x,1,0.48317774999304675,None,04,001,2025-10-03_09h16.01.881,Motor Sequential Learning,,2025.1.1,None,2025-10-03 09h16.22.197735 +0530,
-150,z,79,79,19,z,1,0.6336877080029808,None,,,,,19,79,79,3,690.7297783749964,,690.7201356250007,690.7297783749964,691.7193392909976,691.7193392909976,691.7193392909976,691.7193392909976,691.7193392909976,692.7141618329915,692.7141618329915,693.3545090409898,,,,,z,1,0.6336877080029808,None,04,001,2025-10-03_09h16.01.881,Motor Sequential Learning,,2025.1.1,None,2025-10-03 09h16.22.197735 +0530,
50,c,80,80,18,c,1,0.42566158300905954,None,,,,,18,80,80,2,693.3640096249874,,693.3549848749972,693.3640096249874,694.352265124995,694.352265124995,694.352265124995,694.352265124995,694.352265124995,695.3534058749938,695.3534058749938,695.7819843329926,,,,,c,1,0.42566158300905954,None,04,001,2025-10-03_09h16.01.881,Motor Sequential Learning,,2025.1.1,None,2025-10-03 09h16.22.197735 +0530,
-50,x,81,81,21,x,1,0.5670185409981059,None,,,,,21,81,81,0,695.7871199999936,,695.7828542079951,695.7871199999936,696.7806087499921,696.7806087499921,696.7806087499921,696.7806087499921,696.7854653749964,697.7807282499998,697.7807282499998,698.353709374991,,,,,x,1,0.5670185409981059,None,04,001,2025-10-03_09h16.01.881,Motor Sequential Learning,,2025.1.1,None,2025-10-03 09h16.22.197735 +0530,
50,c,82,82,19,c,1,0.5189592919923598,None,,,,,19,82,82,2,698.3633640829939,,698.354199458001,698.3633640829939,699.3523592909914,699.3523592909914,699.3523592909914,699.3523592909914,699.3523592909914,700.3528720409959,700.3528720409959,700.8821174159966,,,,,c,1,0.5189592919923598,None,04,001,2025-10-03_09h16.01.881,Motor Sequential Learning,,2025.1.1,None,2025-10-03 09h16.22.197735 +0530,
50,c,83,83,20,c,1,0.44614766699669417,None,,,,,20,83,83,2,700.8923864999961,,700.8830775409879,700.8923864999961,701.8806058329938,701.8806058329938,701.8806058329938,701.8806058329938,701.8857750409952,702.8806426249939,702.8806426249939,703.3321992079873,,,,,c,1,0.44614766699669417,None,04,001,2025-10-03_09h16.01.881,Motor Sequential Learning,,2025.1.1,None,2025-10-03 09h16.22.197735 +0530,
-150,z,84,84,20,z,1,0.5522123749979073,None,,,,,20,84,84,3,703.3376854159869,,703.3331384579942,703.3376854159869,704.3306572079891,704.3306572079891,704.3306572079891,704.3306572079891,704.3351330829901,705.330527040991,705.330527040991,705.8877218749985,,,,,z,1,0.5522123749979073,None,04,001,2025-10-03_09h16.01.881,Motor Sequential Learning,,2025.1.1,None,2025-10-03 09h16.22.197735 +0530,
-50,x,85,85,22,x,1,0.6250903750042198,None,,,,,22,85,85,0,705.9141756249883,,705.8882083329954,705.9141756249883,706.8866182079946,706.8866182079946,706.8866182079946,706.8866182079946,706.9021237499983,707.886577207988,707.886577207988,708.5155805409886,,,,,x,1,0.6250903750042198,None,04,001,2025-10-03_09h16.01.881,Motor Sequential Learning,,2025.1.1,None,2025-10-03 09h16.22.197735 +0530,
150,v,86,86,21,v,1,0.5033948750060517,None,,,,,21,86,86,1,708.5211597499874,,708.5165110829985,708.5211597499874,709.5141197499906,709.5141197499906,709.5141197499906,709.5141197499906,709.5185266659973,710.5140324159875,710.5140324159875,711.0204512079945,,,,,v,1,0.5033948750060517,None,04,001,2025-10-03_09h16.01.881,Motor Sequential Learning,,2025.1.1,None,2025-10-03 09h16.22.197735 +0530,
150,v,87,87,22,v,1,0.5299679999880027,None,,,,,22,87,87,1,711.0302473329939,,711.0209437079902,711.0302473329939,712.018720832988,712.018720832988,712.018720832988,712.018720832988,712.018720832988,713.0195503329887,713.0195503329887,713.5527964999928,,,,,v,1,0.5299679999880027,None,04,001,2025-10-03_09h16.01.881,Motor Sequential Learning,,2025.1.1,None,2025-10-03 09h16.22.197735 +0530,
150,v,88,88,23,v,1,0.613395665990538,None,,,,,23,88,88,1,713.5629513329914,,713.5533043329924,713.5629513329914,714.5521086659865,714.5521086659865,714.5521086659865,714.5521086659865,714.5521086659865,715.5471232079872,715.5471232079872,716.1651921659941,,,,,v,1,0.613395665990538,None,04,001,2025-10-03_09h16.01.881,Motor Sequential Learning,,2025.1.1,None,2025-10-03 09h16.22.197735 +0530,
-150,z,89,89,21,z,1,0.5035287920036353,None,,,,,21,89,89,3,716.170474374987,,716.1660293749883,716.170474374987,717.1637417909951,717.1637417909951,717.1637417909951,717.1637417909951,717.1685986659868,718.1638420829986,718.1638420829986,718.6700352079934,,,,,z,1,0.5035287920036353,None,04,001,2025-10-03_09h16.01.881,Motor Sequential Learning,,2025.1.1,None,2025-10-03 09h16.22.197735 +0530,
-150,z,90,90,22,z,1,0.530009042005986,None,,,,,22,90,90,3,718.6797493329941,,718.670532958,718.6797493329941,719.6689819159947,719.6689819159947,719.6689819159947,719.6689819159947,719.6689819159947,720.6693396659975,720.6693396659975,721.2033316659945,,,,,z,1,0.530009042005986,None,04,001,2025-10-03_09h16.01.881,Motor Sequential Learning,,2025.1.1,None,2025-10-03 09h16.22.197735 +0530,
150,v,91,91,24,v,1,0.44385075000172947,None,,,,,24,91,91,1,721.2131877909997,,721.2038346659974,721.2131877909997,722.2021617499995,722.2021617499995,722.2021617499995,722.2021617499995,722.2021617499995,723.2024138329871,723.2024138329871,723.6481379579927,,,,,v,1,0.44385075000172947,None,04,001,2025-10-03_09h16.01.881,Motor Sequential Learning,,2025.1.1,None,2025-10-03 09h16.22.197735 +0530,
-50,x,92,92,23,x,1,0.5641432919946965,None,,,,,23,92,92,0,723.652850457991,,723.648833040992,723.652850457991,724.6470496249967,724.6470496249967,724.6470496249967,724.6470496249967,724.6520424999908,725.6471409579972,725.6471409579972,726.2154382909939,,,,,x,1,0.5641432919946965,None,04,001,2025-10-03_09h16.01.881,Motor Sequential Learning,,2025.1.1,None,2025-10-03 09h16.22.197735 +0530,
50,c,93,93,21,c,1,1.286375167008373,None,,,,,21,93,93,2,726.2211292909924,,726.2163384579908,726.2211292909924,727.2136545409885,727.2136545409885,727.2136545409885,727.2136545409885,727.2180870829907,728.2137310409889,728.2137310409889,729.5032358749886,,,,,c,1,1.286375167008373,None,04,001,2025-10-03_09h16.01.881,Motor Sequential Learning,,2025.1.1,None,2025-10-03 09h16.22.197735 +0530,
50,c,94,94,22,c,1,0.59024999999383,None,,,,,22,94,94,2,729.5130666249897,,729.5037754160003,729.5130666249897,730.501956957989,730.501956957989,730.501956957989,730.501956957989,730.501956957989,731.5030115829868,731.5030115829868,732.0983317909995,,,,,c,1,0.59024999999383,None,04,001,2025-10-03_09h16.01.881,Motor Sequential Learning,,2025.1.1,None,2025-10-03 09h16.22.197735 +0530,
-150,z,95,95,23,z,1,0.4359492079966003,None,,,,,23,95,95,3,732.1080075409991,,732.0990262079868,732.1080075409991,733.0970949159964,733.0970949159964,733.0970949159964,733.0970949159964,733.1014672079909,734.0969869999972,734.0969869999972,734.5364539579896,,,,,z,1,0.4359492079966003,None,04,001,2025-10-03_09h16.01.881,Motor Sequential Learning,,2025.1.1,None,2025-10-03 09h16.22.197735 +0530,
150,v,96,96,25,v,1,0.6720939999941038,None,,,,,25,96,96,1,734.5463101249916,,734.5369611249916,734.5463101249916,735.5351684999914,735.5351684999914,735.5351684999914,735.5351684999914,735.5351684999914,736.5359242909908,736.5359242909908,737.2147721660003,,,,,v,1,0.6720939999941038,None,04,001,2025-10-03_09h16.01.881,Motor Sequential Learning,,2025.1.1,None,2025-10-03 09h16.22.197735 +0530,
-50,x,97,97,24,x,1,0.557457125003566,None,,,,,24,97,97,0,737.2243426249916,,737.2154101249907,737.2243426249916,738.2136251659977,738.2136251659977,738.2136251659977,738.2136251659977,738.2181462499866,739.213554499991,739.213554499991,739.7818220409972,,,,,x,1,0.557457125003566,None,04,001,2025-10-03_09h16.01.881,Motor Sequential Learning,,2025.1.1,None,2025-10-03 09h16.22.197735 +0530,
-50,x,98,98,25,x,1,0.6447537500062026,None,,,,,25,98,98,0,739.7925321660005,,739.7826977499935,739.7925321660005,740.7802696659928,740.7802696659928,740.7802696659928,740.7802696659928,740.784736540998,741.7801720409916,741.7801720409916,742.4320026659989,,,,,x,1,0.6447537500062026,None,04,001,2025-10-03_09h16.01.881,Motor Sequential Learning,,2025.1.1,None,2025-10-03 09h16.22.197735 +0530,
50,c,99,99,23,c,1,0.65654995800287,None,,,,,23,99,99,2,742.4421783750004,,742.4329429579957,742.4421783750004,743.430202915988,743.430202915988,743.430202915988,743.430202915988,743.4351499999902,744.4302832499961,744.4302832499961,745.0984335829999,,,,,c,1,0.65654995800287,None,04,001,2025-10-03_09h16.01.881,Motor Sequential Learning,,2025.1.1,None,2025-10-03 09h16.22.197735 +0530,
150,v,100,100,26,v,1,0.4250104170059785,None,,,,,26,100,100,1,745.1082569999999,,745.0991384160006,745.1082569999999,746.096896374991,746.096896374991,746.096896374991,746.096896374991,746.1000800829934,747.0967940409901,747.0967940409901,747.5317896249908,,,,,v,1,0.4250104170059785,None,04,001,2025-10-03_09h16.01.881,Motor Sequential Learning,,2025.1.1,None,2025-10-03 09h16.22.197735 +0530,
50,c,101,101,24,c,1,0.6493624159920728,None,,,,,24,101,101,2,747.5419591249956,,747.5326384999935,747.5419591249956,748.5301582079992,748.5301582079992,748.5301582079992,748.5301582079992,748.5350578329962,749.530310999995,749.530310999995,750.1813950829965,,,,,c,1,0.6493624159920728,None,04,001,2025-10-03_09h16.01.881,Motor Sequential Learning,,2025.1.1,None,2025-10-03 09h16.22.197735 +0530,
50,c,102,102,25,c,1,0.35445850000542123,None,,,,,25,102,102,2,750.1860210409941,,750.182022582987,750.1860210409941,751.1802617079957,751.1802617079957,751.1802617079957,751.1802617079957,751.1802617079957,752.1801420409902,752.1801420409902,752.5358194579894,,,,,c,1,0.35445850000542123,None,04,001,2025-10-03_09h16.01.881,Motor Sequential Learning,,2025.1.1,None,2025-10-03 09h16.22.197735 +0530,
-150,z,103,103,24,z,1,0.48063520800496917,None,,,,,24,103,103,3,752.5462016659876,,752.5363192079967,752.5462016659876,753.5303000409913,753.5303000409913,753.5303000409913,753.5303000409913,753.534730540996,754.5359280409903,754.5359280409903,755.0199488329963,,,,,z,1,0.48063520800496917,None,04,001,2025-10-03_09h16.01.881,Motor Sequential Learning,,2025.1.1,None,2025-10-03 09h16.22.197735 +0530,
-150,z,104,104,25,z,1,0.4449412089888938,None,,,,,25,104,104,3,755.0471779999934,,755.0204545409943,755.0471779999934,756.0180833329941,756.0180833329941,756.0180833329941,756.0180833329941,756.0346665830002,757.018433374993,757.018433374993,757.4652063329995,,,,,z,1,0.4449412089888938,None,04,001,2025-10-03_09h16.01.881,Motor Sequential Learning,,2025.1.1,None,2025-10-03 09h16.22.197735 +0530,
-150,z,105,105,26,z,1,0.5240123749972554,None,,,,,26,105,105,3,757.4707053329912,,757.4661682500009,757.4707053329912,758.4634055829956,758.4634055829956,758.4634055829956,758.4634055829956,758.4682981249935,759.4634799579944,759.4634799579944,759.9983427499974,,,,,z,1,0.5240123749972554,None,04,001,2025-10-03_09h16.01.881,Motor Sequential Learning,,2025.1.1,None,2025-10-03 09h16.22.197735 +0530,
-150,z,106,106,27,z,1,0.32782833400415257,None,,,,,27,106,106,3,760.009021957987,,759.9993399999948,760.009021957987,760.9967374159896,760.9967374159896,760.9967374159896,760.9967374159896,761.0016881249903,761.9966461250006,761.9966461250006,762.331612665992,,,,,z,1,0.32782833400415257,None,04,001,2025-10-03_09h16.01.881,Motor Sequential Learning,,2025.1.1,None,2025-10-03 09h16.22.197735 +0530,
-50,x,107,107,26,c,0,0.5742912920104573,None,,,,,26,107,107,0,762.3417057499901,,762.3325151659956,762.3417057499901,763.3299337079952,763.3299337079952,763.3299337079952,763.3299337079952,763.3349924159993,764.330008207995,764.330008207995,764.9149394159904,,,,,c,0,0.5742912920104573,None,04,001,2025-10-03_09h16.01.881,Motor Sequential Learning,,2025.1.1,None,2025-10-03 09h16.22.197735 +0530,
-150,z,108,108,28,z,1,0.5566992909880355,None,,,,,28,108,108,3,764.9251678750006,,764.9158037909947,764.9251678750006,765.9133513329871,765.9133513329871,765.9133513329871,765.9133513329871,765.918171790996,766.9134600830002,766.9134600830002,767.4812420829985,,,,,z,1,0.5566992909880355,None,04,001,2025-10-03_09h16.01.881,Motor Sequential Learning,,2025.1.1,None,2025-10-03 09h16.22.197735 +0530,
-50,x,109,109,27,x,1,0.5041402499919059,None,,,,,27,109,109,0,767.4910788749985,,767.481912999996,767.4910788749985,768.4799713749962,768.4799713749962,768.4799713749962,768.4799713749962,768.4848487909912,769.4800604999909,769.4800604999909,769.9863598749944,,,,,x,1,0.5041402499919059,None,04,001,2025-10-03_09h16.01.881,Motor Sequential Learning,,2025.1.1,None,2025-10-03 09h16.22.197735 +0530,
-50,x,110,110,28,x,1,0.5305849589931313,None,,,,,28,110,110,0,769.9962925829896,,769.9868889159989,769.9962925829896,770.984972124992,770.984972124992,770.984972124992,770.984972124992,770.984972124992,771.9865110409883,771.9865110409883,772.5200003329956,,,,,x,1,0.5305849589931313,None,04,001,2025-10-03_09h16.01.881,Motor Sequential Learning,,2025.1.1,None,2025-10-03 09h16.22.197735 +0530,
150,v,111,111,27,c,0,1.2051800829940476,None,,,,,27,111,111,1,772.5299172499945,,772.5204962499993,772.5299172499945,773.5195463329874,773.5195463329874,773.5195463329874,773.5195463329874,773.5195463329874,774.5190353749931,774.5190353749931,775.7317629999889,,,,,c,0,1.2051800829940476,None,04,001,2025-10-03_09h16.01.881,Motor Sequential Learning,,2025.1.1,None,2025-10-03 09h16.22.197735 +0530,
50,c,112,112,26,c,1,0.7431632920051925,None,,,,,26,112,112,2,775.741746707994,,775.7326290409983,775.741746707994,776.7299639159901,776.7299639159901,776.7299639159901,776.7299639159901,776.7346824999986,777.729848374991,777.729848374991,778.4816240829969,,,,,c,1,0.7431632920051925,None,04,001,2025-10-03_09h16.01.881,Motor Sequential Learning,,2025.1.1,None,2025-10-03 09h16.22.197735 +0530,
50,c,113,113,27,c,1,0.7390947920066537,None,,,,,27,113,113,2,778.4924648749875,,778.4825627909886,778.4924648749875,779.4799673329981,779.4799673329981,779.4799673329981,779.4799673329981,779.484860874989,780.4799058329954,780.4799058329954,781.2314896249882,,,,,c,1,0.7390947920066537,None,04,001,2025-10-03_09h16.01.881,Motor Sequential Learning,,2025.1.1,None,2025-10-03 09h16.22.197735 +0530,
150,v,114,114,28,v,1,0.4330985410051653,None,,,,,28,114,114,1,781.2414437080006,,781.232149790987,781.2414437080006,782.2300986659975,782.2300986659975,782.2300986659975,782.2300986659975,782.2344422499882,783.2298611250008,783.2298611250008,783.6648207499966,,,,,v,1,0.4330985410051653,None,04,001,2025-10-03_09h16.01.881,Motor Sequential Learning,,2025.1.1,None,2025-10-03 09h16.22.197735 +0530,
-150,z,115,115,29,z,1,0.8786594999983208,None,,,,,29,115,115,3,783.6698565409897,,783.6656444159889,783.6698565409897,784.6631952499883,784.6631952499883,784.6631952499883,784.6631952499883,784.6673833329987,785.6633360409905,785.6633360409905,786.548171915987,,,,,z,1,0.8786594999983208,None,04,001,2025-10-03_09h16.01.881,Motor Sequential Learning,,2025.1.1,None,2025-10-03 09h16.22.197735 +0530,
50,c,116,116,28,c,1,1.0744067909981823,None,,,,,28,116,116,2,786.5584214159899,,786.5491144159896,786.5584214159899,787.5465909579943,787.5465909579943,787.5465909579943,787.5465909579943,787.5514829579915,788.5464505829877,788.5464505829877,789.6315732910007,,,,,c,1,1.0744067909981823,None,04,001,2025-10-03_09h16.01.881,Motor Sequential Learning,,2025.1.1,None,2025-10-03 09h16.22.197735 +0530,
150,v,117,117,29,v,1,1.1408618749992456,None,,,,,29,117,117,1,789.6417540409893,,789.6324529999983,789.6417540409893,790.6297403749923,790.6297403749923,790.6297403749923,790.6297403749923,790.6343567500007,791.6298222079931,791.6298222079931,792.7811805409874,,,,,v,1,1.1408618749992456,None,04,001,2025-10-03_09h16.01.881,Motor Sequential Learning,,2025.1.1,None,2025-10-03 09h16.22.197735 +0530,
50,c,118,118,29,c,1,0.7747620000009192,None,,,,,29,118,118,2,792.7911419999873,,792.7819406659983,792.7911419999873,793.7798330410005,793.7798330410005,793.7798330410005,793.7798330410005,793.7847723749874,794.7799039159872,794.7799039159872,795.5643158749881,,,,,c,1,0.7747620000009192,None,04,001,2025-10-03_09h16.01.881,Motor Sequential Learning,,2025.1.1,None,2025-10-03 09h16.22.197735 +0530,
-150,z,119,119,30,z,1,0.7121761249873089,None,,,,,30,119,119,3,795.5741368749877,,795.5650097499893,795.5741368749877,796.5632128329889,796.5632128329889,796.5632128329889,796.5632128329889,796.568203457995,797.563171457994,797.563171457994,798.2814674580004,,,,,z,1,0.7121761249873089,None,04,001,2025-10-03_09h16.01.881,Motor Sequential Learning,,2025.1.1,None,2025-10-03 09h16.22.197735 +0530,
-50,x,120,120,29,x,1,0.7609183750028023,None,,,,,29,120,120,0,798.2916476249957,,798.282377874988,798.2916476249957,799.2798113749886,799.2798113749886,799.2798113749886,799.2798113749886,799.2848113749933,800.2797025829932,800.2797025829932,801.047899082987,,,,,x,1,0.7609183750028023,None,04,001,2025-10-03_09h16.01.881,Motor Sequential Learning,,2025.1.1,None,2025-10-03 09h16.22.197735 +0530,
150,v,121,121,30,v,1,0.5331292079936247,None,,,,,30,121,121,1,801.0587665409985,,801.048741999999,801.0587665409985,802.0464314579876,802.0464314579876,802.0464314579876,802.0464314579876,802.051095666,803.0463586249971,803.0463586249971,803.581548999995,,,,,v,1,0.5331292079936247,None,04,001,2025-10-03_09h16.01.881,Motor Sequential Learning,,2025.1.1,None,2025-10-03 09h16.22.197735 +0530,
-50,x,122,122,30,x,1,0.640731791005237,None,,,,,30,122,122,0,803.5873250000004,,803.5826608329953,803.5873250000004,804.5798027499986,804.5798027499986,804.5798027499986,804.5798027499986,804.5846369579958,805.579710207996,805.579710207996,806.2319787909946,,,,,x,1,0.640731791005237,None,04,001,2025-10-03_09h16.01.881,Motor Sequential Learning,,2025.1.1,None,2025-10-03 09h16.22.197735 +0530,
-150,z,123,123,31,z,1,0.4525957500009099,None,,,,,31,123,123,3,806.2426989159867,,806.2329897079908,806.2426989159867,807.2297284579981,807.2297284579981,807.2297284579981,807.2297284579981,807.2344130409911,808.2297958329873,808.2297958329873,808.685718415989,,,,,z,1,0.4525957500009099,None,04,001,2025-10-03_09h16.01.881,Motor Sequential Learning,,2025.1.1,None,2025-10-03 09h16.22.197735 +0530,
50,c,124,124,30,c,1,0.4294975419907132,None,,,,,30,124,124,2,808.7135530829983,,808.6862395409989,808.7135530829983,809.6845502079959,809.6845502079959,809.6845502079959,809.6845502079959,809.7007587909902,810.6858367499954,810.6858367499954,811.1194970409997,,,,,c,1,0.4294975419907132,None,04,001,2025-10-03_09h16.01.881,Motor Sequential Learning,,2025.1.1,None,2025-10-03 09h16.22.197735 +0530,
150,v,125,125,31,v,1,0.5674449579964858,None,,,,,31,125,125,1,811.1295258329919,,811.1200099579873,811.1295258329919,812.1176952909882,812.1176952909882,812.1176952909882,812.1176952909882,812.1176952909882,813.1187314999988,813.1187314999988,813.6980861249904,,,,,v,1,0.5674449579964858,None,04,001,2025-10-03_09h16.01.881,Motor Sequential Learning,,2025.1.1,None,2025-10-03 09h16.22.197735 +0530,
-50,x,126,126,31,x,1,0.5606715839967364,None,,,,,31,126,126,0,813.7089842079877,,813.6990132499923,813.7089842079877,814.6962479999929,814.6962479999929,814.6962479999929,814.6962479999929,814.7005777909944,815.6965012909932,815.6965012909932,816.2642291659868,,,,,x,1,0.5606715839967364,None,04,001,2025-10-03_09h16.01.881,Motor Sequential Learning,,2025.1.1,None,2025-10-03 09h16.22.197735 +0530,
-150,z,127,127,32,z,1,0.41117095899244305,None,,,,,32,127,127,3,816.2742282079998,,816.2650056659913,816.2742282079998,817.2527404579887,817.2527404579887,817.2527404579887,817.2527404579887,817.2678864999907,818.2629627499991,818.2629627499991,818.6809517499933,,,,,z,1,0.41117095899244305,None,04,001,2025-10-03_09h16.01.881,Motor Sequential Learning,,2025.1.1,None,2025-10-03 09h16.22.197735 +0530,
-50,x,128,128,32,x,1,0.5903522919979878,None,,,,,32,128,128,0,818.6913064580003,,818.6816409579915,818.6913064580003,819.6795114579872,819.6795114579872,819.6795114579872,819.6795114579872,819.6843307909876,820.6796265829907,820.6796265829907,821.2808879160002,,,,,x,1,0.5903522919979878,None,04,001,2025-10-03_09h16.01.881,Motor Sequential Learning,,2025.1.1,None,2025-10-03 09h16.22.197735 +0530,
150,v,129,129,32,c,0,0.5416176660073688,None,,,,,32,129,129,1,821.29135020799,,821.2815426659945,821.29135020799,822.279864415992,822.279864415992,822.279864415992,822.279864415992,822.2846179579938,823.2794351249904,823.2794351249904,823.8311563749885,,,,,c,0,0.5416176660073688,None,04,001,2025-10-03_09h16.01.881,Motor Sequential Learning,,2025.1.1,None,2025-10-03 09h16.22.197735 +0530,
-150,z,130,130,33,z,1,0.44544199999654666,None,,,,,33,130,130,3,823.84134554099,,823.8317866659927,823.84134554099,824.8298042079987,824.8298042079987,824.8298042079987,824.8298042079987,824.8343141249934,825.8296082909947,825.8296082909947,826.2807364159962,,,,,z,1,0.44544199999654666,None,04,001,2025-10-03_09h16.01.881,Motor Sequential Learning,,2025.1.1,None,2025-10-03 09h16.22.197735 +0530,
150,v,131,131,33,v,1,0.6265032919909572,None,,,,,33,131,131,1,826.2908367079945,,826.2815576659923,826.2908367079945,827.2795969159924,827.2795969159924,827.2795969159924,827.2795969159924,827.2839165409969,828.2794816249952,828.2794816249952,828.9145344159915,,,,,v,1,0.6265032919909572,None,04,001,2025-10-03_09h16.01.881,Motor Sequential Learning,,2025.1.1,None,2025-10-03 09h16.22.197735 +0530,
150,v,132,132,34,v,1,0.42604808299802244,None,,,,,34,132,132,1,828.9249407499883,,828.9153879579972,828.9249407499883,829.9128639159899,829.9128639159899,829.9128639159899,829.9128639159899,829.9177592909982,830.9128214579978,830.9128214579978,831.3475279159902,,,,,v,1,0.42604808299802244,None,04,001,2025-10-03_09h16.01.881,Motor Sequential Learning,,2025.1.1,None,2025-10-03 09h16.22.197735 +0530,
50,c,133,133,31,c,1,1.260765083003207,None,,,,,31,133,133,2,831.357267415995,,831.3482308749954,831.357267415995,832.3461276659946,832.3461276659946,832.3461276659946,832.3461276659946,832.350848874994,833.3460240829882,833.3460240829882,834.6142972909875,,,,,c,1,1.260765083003207,None,04,001,2025-10-03_09h16.01.881,Motor Sequential Learning,,2025.1.1,None,2025-10-03 09h16.22.197735 +0530,
-50,x,134,134,33,x,1,0.6159844579960918,None,,,,,33,134,134,0,834.6242789159878,,834.6151269580005,834.6242789159878,835.613007041,835.613007041,835.613007041,835.613007041,835.6175193329982,836.6127531659877,836.6127531659877,837.2309681249899,,,,,x,1,0.6159844579960918,None,04,001,2025-10-03_09h16.01.881,Motor Sequential Learning,,2025.1.1,None,2025-10-03 09h16.22.197735 +0530,
50,c,135,135,32,c,1,1.0131871670018882,None,,,,,32,135,135,2,837.236407999997,,837.2318677500007,837.236407999997,838.229345957996,838.229345957996,838.229345957996,838.229345957996,838.2335387909989,839.2295007079956,839.2295007079956,840.247607665995,,,,,c,1,1.0131871670018882,None,04,001,2025-10-03_09h16.01.881,Motor Sequential Learning,,2025.1.1,None,2025-10-03 09h16.22.197735 +0530,
150,v,136,136,35,v,1,0.4695775840082206,None,,,,,35,136,136,1,840.253094249987,,840.2484539159923,840.253094249987,841.2460482909955,841.2460482909955,841.2460482909955,841.2460482909955,841.2508277909947,842.2459922499984,842.2459922499984,842.7192401659995,,,,,v,1,0.4695775840082206,None,04,001,2025-10-03_09h16.01.881,Motor Sequential Learning,,2025.1.1,None,2025-10-03 09h16.22.197735 +0530,
-50,x,137,137,34,x,1,0.4744311249960447,None,,,,,34,137,137,0,842.7291746659903,,842.7197477079899,842.7291746659903,843.7176014159922,843.7176014159922,843.7176014159922,843.7176014159922,843.7176014159922,844.7181568329979,844.7181568329979,845.1975950409978,,,,,x,1,0.4744311249960447,None,04,001,2025-10-03_09h16.01.881,Motor Sequential Learning,,2025.1.1,None,2025-10-03 09h16.22.197735 +0530,
150,v,138,138,36,v,1,0.7325922080053715,None,,,,,36,138,138,1,845.2026547909918,,845.1984417499916,845.2026547909918,846.1960459999973,846.1960459999973,846.1960459999973,846.1960459999973,846.2010472499969,847.1959524999984,847.1959524999984,847.9312284579937,,,,,v,1,0.7325922080053715,None,04,001,2025-10-03_09h16.01.881,Motor Sequential Learning,,2025.1.1,None,2025-10-03 09h16.22.197735 +0530,
150,v,139,139,37,v,1,0.5141210829897318,None,,,,,37,139,139,1,847.9367443329975,,847.932234915992,847.9367443329975,848.9292452909867,848.9292452909867,848.9292452909867,848.9292452909867,848.9340689159872,849.9293315409886,849.9293315409886,850.4473819159903,,,,,v,1,0.5141210829897318,None,04,001,2025-10-03_09h16.01.881,Motor Sequential Learning,,2025.1.1,None,2025-10-03 09h16.22.197735 +0530,
-150,z,140,140,34,z,1,0.6095239999995101,None,,,,,34,140,140,3,850.4571407499898,,850.4480007079983,850.4571407499898,851.4460454999935,851.4460454999935,851.4460454999935,851.4460454999935,851.4509289159905,852.4458942079946,852.4458942079946,853.0638089159911,,,,,z,1,0.6095239999995101,None,04,001,2025-10-03_09h16.01.881,Motor Sequential Learning,,2025.1.1,None,2025-10-03 09h16.22.197735 +0530,
-50,x,141,141,35,x,1,0.5128670840058476,None,,,,,35,141,141,0,853.0738520829909,,853.0646224999946,853.0738520829909,854.0626286249899,854.0626286249899,854.0626286249899,854.0626286249899,854.067400874992,855.0625448329956,855.0625448329956,855.5808168749936,,,,,x,1,0.5128670840058476,None,04,001,2025-10-03_09h16.01.881,Motor Sequential Learning,,2025.1.1,None,2025-10-03 09h16.22.197735 +0530,
150,v,142,142,38,v,1,1.633945624998887,None,,,,,38,142,142,1,855.5909281659988,,855.5817117080005,855.5909281659988,856.5792156659882,856.5792156659882,856.5792156659882,856.5792156659882,856.5834029580001,857.5792825829994,857.5792825829994,859.219400624992,,,,,v,1,1.633945624998887,None,04,001,2025-10-03_09h16.01.881,Motor Sequential Learning,,2025.1.1,None,2025-10-03 09h16.22.197735 +0530,
-50,x,143,143,36,x,1,0.40604462500778027,None,,,,,36,143,143,0,859.2292359579878,,859.2198899159994,859.2292359579878,860.2175335409993,860.2175335409993,860.2175335409993,860.2175335409993,860.2175335409993,861.2181469159987,861.2181469159987,861.6308647499973,,,,,x,1,0.40604462500778027,None,04,001,2025-10-03_09h16.01.881,Motor Sequential Learning,,2025.1.1,None,2025-10-03 09h16.22.197735 +0530,
-50,x,144,144,37,x,1,0.42897583299782127,None,,,,,37,144,144,0,861.6412799579994,,861.6319959159882,861.6412799579994,862.6291986659926,862.6291986659926,862.6291986659926,862.6291986659926,862.634025249994,863.6291218749975,863.6291218749975,864.0640900829894,,,,,x,1,0.42897583299782127,None,04,001,2025-10-03_09h16.01.881,Motor Sequential Learning,,2025.1.1,None,2025-10-03 09h16.22.197735 +0530,
-50,x,145,145,38,x,1,0.6475313340051798,None,,,,,38,145,145,0,864.0742729159974,,864.065120290994,864.0742729159974,865.0624678749882,865.0624678749882,865.0624678749882,865.0624678749882,865.0672504579998,866.06244899999,866.06244899999,866.714303582994,,,,,x,1,0.6475313340051798,None,04,001,2025-10-03_09h16.01.881,Motor Sequential Learning,,2025.1.1,None,2025-10-03 09h16.22.197735 +0530,
150,v,146,146,39,v,1,0.38957095799560193,None,,,,,39,146,146,1,866.719854415991,,866.7153825829882,866.719854415991,867.7125691659894,867.7125691659894,867.7125691659894,867.7125691659894,867.7174599159916,868.7124468330003,868.7124468330003,869.1137824579928,,,,,v,1,0.38957095799560193,None,04,001,2025-10-03_09h16.01.881,Motor Sequential Learning,,2025.1.1,None,2025-10-03 09h16.22.197735 +0530,
50,c,147,147,33,c,1,0.6014186249958584,None,,,,,33,147,147,2,869.1237473749934,,869.1146037500002,869.1237473749934,870.1124099159933,870.1124099159933,870.1124099159933,870.1124099159933,870.1172765829979,871.1125067079993,871.1125067079993,871.7189829159906,,,,,c,1,0.6014186249958584,None,04,001,2025-10-03_09h16.01.881,Motor Sequential Learning,,2025.1.1,None,2025-10-03 09h16.22.197735 +0530,
50,c,148,148,34,c,1,0.4228097080049338,None,,,,,34,148,148,2,871.72887549999,,871.7194742909924,871.72887549999,872.7171107079921,872.7171107079921,872.7171107079921,872.7171107079921,872.7171107079921,873.718164291,873.718164291,874.1473521659937,,,,,c,1,0.4228097080049338,None,04,001,2025-10-03_09h16.01.881,Motor Sequential Learning,,2025.1.1,None,2025-10-03 09h16.22.197735 +0530,
-50,x,149,149,39,x,1,0.3769671659974847,None,,,,,39,149,149,0,874.1573109999881,,874.1482034999935,874.1573109999881,875.1456832909898,875.1456832909898,875.1456832909898,875.1456832909898,875.1500389579887,876.1458472079976,876.1458472079976,876.5305379159981,,,,,x,1,0.3769671659974847,None,04,001,2025-10-03_09h16.01.881,Motor Sequential Learning,,2025.1.1,None,2025-10-03 09h16.22.197735 +0530,
50,c,150,150,35,c,1,0.43060045900347177,None,,,,,35,150,150,2,876.5402862079936,,876.5311742499907,876.5402862079936,877.5291329159954,877.5291329159954,877.5291329159954,877.5291329159954,877.5340635829925,878.5291681659874,878.5291681659874,878.9646824160009,,,,,c,1,0.43060045900347177,None,04,001,2025-10-03_09h16.01.881,Motor Sequential Learning,,2025.1.1,None,2025-10-03 09h16.22.197735 +0530,
-150,z,151,151,35,z,1,0.6051579170016339,None,,,,,35,151,151,3,878.9749157079932,,878.9653627499938,878.9749157079932,879.962124749989,879.962124749989,879.962124749989,879.962124749989,879.9667464999948,880.9624753749958,880.9624753749958,881.569333499996,,,,,z,1,0.6051579170016339,None,04,001,2025-10-03_09h16.01.881,Motor Sequential Learning,,2025.1.1,None,2025-10-03 09h16.22.197735 +0530,
-150,z,152,152,36,z,1,0.5043152500002179,None,,,,,36,152,152,3,881.5790969160007,,881.569851082997,881.5790969160007,882.5675084999966,882.5675084999966,882.5675084999966,882.5675084999966,882.5675084999966,883.5683888749918,883.5683888749918,884.0803228329896,,,,,z,1,0.5043152500002179,None,04,001,2025-10-03_09h16.01.881,Motor Sequential Learning,,2025.1.1,None,2025-10-03 09h16.22.197735 +0530,
-150,z,153,153,37,z,1,0.41259116599394474,None,,,,,37,153,153,3,884.0905559579987,,884.0810516249912,884.0905559579987,885.0789831659931,885.0789831659931,885.0789831659931,885.0789831659931,885.0834399999876,886.0790400409896,886.0790400409896,886.4971571659989,,,,,z,1,0.41259116599394474,None,04,001,2025-10-03_09h16.01.881,Motor Sequential Learning,,2025.1.1,None,2025-10-03 09h16.22.197735 +0530,
-150,z,154,154,38,z,1,0.43272491700190585,None,,,,,38,154,154,3,886.5068263329886,,886.4979184159893,886.5068263329886,887.4956597909913,887.4956597909913,887.4956597909913,887.4956597909913,887.5005464579881,888.495724249995,888.495724249995,888.9301624999935,,,,,z,1,0.43272491700190585,None,04,001,2025-10-03_09h16.01.881,Motor Sequential Learning,,2025.1.1,None,2025-10-03 09h16.22.197735 +0530,
150,v,155,155,40,v,1,0.4376117920037359,None,,,,,40,155,155,1,888.9354095829913,,888.9309131249902,888.9354095829913,889.9291085000004,889.9291085000004,889.9291085000004,889.9291085000004,889.9342289159977,890.92892320799,890.92892320799,891.3684676249977,,,,,v,1,0.4376117920037359,None,04,001,2025-10-03_09h16.01.881,Motor Sequential Learning,,2025.1.1,None,2025-10-03 09h16.22.197735 +0530,
150,v,156,156,41,v,1,0.407077208001283,None,,,,,41,156,156,1,891.378507165995,,891.3689853329997,891.378507165995,892.3674580829975,892.3674580829975,892.3674580829975,892.3674580829975,892.3674580829975,893.3684308749944,893.3684308749944,893.7808768329996,,,,,v,1,0.407077208001283,None,04,001,2025-10-03_09h16.01.881,Motor Sequential Learning,,2025.1.1,None,2025-10-03 09h16.22.197735 +0530,
150,v,157,157,42,v,1,0.4116340000036871,None,,,,,42,157,157,1,893.7864744159888,,893.7817915409978,893.7864744159888,894.7789782909967,894.7789782909967,894.7789782909967,894.7789782909967,894.783795957992,895.7788737079973,895.7788737079973,896.1969154580001,,,,,v,1,0.4116340000036871,None,04,001,2025-10-03_09h16.01.881,Motor Sequential Learning,,2025.1.1,None,2025-10-03 09h16.22.197735 +0530,
-150,z,158,158,39,z,1,0.42462250000971835,None,,,,,39,158,158,3,896.2069415829901,,896.1976484999905,896.2069415829901,897.1955927909876,897.1955927909876,897.1955927909876,897.1955927909876,897.2003420830006,898.1957013749925,898.1957013749925,898.6307045409922,,,,,z,1,0.42462250000971835,None,04,001,2025-10-03_09h16.01.881,Motor Sequential Learning,,2025.1.1,None,2025-10-03 09h16.22.197735 +0530,
150,v,159,159,43,v,1,0.4774025829974562,None,,,,,43,159,159,1,898.6411053749907,,898.6317974999984,898.6411053749907,899.6290818749985,899.6290818749985,899.6290818749985,899.6290818749985,899.6338385409908,900.628990415993,900.628990415993,901.1137801250006,,,,,v,1,0.4774025829974562,None,04,001,2025-10-03_09h16.01.881,Motor Sequential Learning,,2025.1.1,None,2025-10-03 09h16.22.197735 +0530,
-150,z,160,160,40,z,1,0.47009870799956843,None,,,,,40,160,160,3,901.1240116659901,,901.1147219999984,901.1240116659901,902.112140665995,902.112140665995,902.112140665995,902.112140665995,902.1166598329874,903.1121478749992,903.1121478749992,903.5848284159874,,,,,z,1,0.47009870799956843,None,04,001,2025-10-03_09h16.01.881,Motor Sequential Learning,,2025.1.1,None,2025-10-03 09h16.22.197735 +0530,
-50,x,161,161,40,z,0,0.8274273330025608,None,,,,,40,161,161,0,903.5954081249947,,903.5851437909878,903.5954081249947,904.5786749159888,904.5786749159888,904.5786749159888,904.5786749159888,904.5830744579871,905.5787796660006,905.5787796660006,906.4137562079995,,,,,z,0,0.8274273330025608,None,04,001,2025-10-03_09h16.01.881,Motor Sequential Learning,,2025.1.1,None,2025-10-03 09h16.22.197735 +0530,
150,v,162,162,44,v,1,0.3929147080052644,None,,,,,44,162,162,1,906.4241604159906,,906.4143570409942,906.4241604159906,907.4121127909893,907.4121127909893,907.4121127909893,907.4121127909893,907.4172327079868,908.4121055409923,908.4121055409923,908.8136998329865,,,,,v,1,0.3929147080052644,None,04,001,2025-10-03_09h16.01.881,Motor Sequential Learning,,2025.1.1,None,2025-10-03 09h16.22.197735 +0530,
-50,x,163,163,41,x,1,0.4180144999991171,None,,,,,41,163,163,0,908.8239802909957,,908.814602915998,908.8239802909957,909.8119794159866,909.8119794159866,909.8119794159866,909.8119794159866,909.816433999993,910.812097624992,910.812097624992,911.235393415991,,,,,x,1,0.4180144999991171,None,04,001,2025-10-03_09h16.01.881,Motor Sequential Learning,,2025.1.1,None,2025-10-03 09h16.22.197735 +0530,
50,c,164,164,36,c,1,0.37837479199515656,None,,,,,36,164,164,2,911.2450650829996,,911.2359029159998,911.2450650829996,912.2337491249928,912.2337491249928,912.2337491249928,912.2337491249928,912.2337491249928,913.2346474579972,913.2346474579972,913.618939707987,,,,,c,1,0.37837479199515656,None,04,001,2025-10-03_09h16.01.881,Motor Sequential Learning,,2025.1.1,None,2025-10-03 09h16.22.197735 +0530,
50,c,165,165,37,c,1,0.36023399999248795,None,,,,,37,165,165,2,913.6286999579897,,913.6194243749924,913.6286999579897,914.6169791249995,914.6169791249995,914.6169791249995,914.6169791249995,914.6169791249995,915.617716875,915.617716875,915.980511332993,,,,,c,1,0.36023399999248795,None,04,001,2025-10-03_09h16.01.881,Motor Sequential Learning,,2025.1.1,None,2025-10-03 09h16.22.197735 +0530,
50,c,166,166,38,c,1,0.45794841699535027,None,,,,,38,166,166,2,915.9859370829945,,915.9814656249946,915.9859370829945,916.978571374988,916.978571374988,916.978571374988,916.978571374988,916.9830574999942,917.9786720409902,917.9786720409902,918.4471052499866,,,,,c,1,0.45794841699535027,None,04,001,2025-10-03_09h16.01.881,Motor Sequential Learning,,2025.1.1,None,2025-10-03 09h16.22.197735 +0530,
50,c,167,167,39,c,1,0.5814644579950254,None,,,,,39,167,167,2,918.457359832988,,918.4479150409898,918.457359832988,919.4452725829906,919.4452725829906,919.4452725829906,919.4452725829906,919.4497559579904,920.4454133749969,920.4454133749969,921.0301308749913,,,,,c,1,0.5814644579950254,None,04,001,2025-10-03_09h16.01.881,Motor Sequential Learning,,2025.1.1,None,2025-10-03 09h16.22.197735 +0530,
-50,x,168,168,42,x,1,0.3613015000009909,None,,,,,42,168,168,0,921.035397374988,,921.0310198329971,921.035397374988,922.0287230409886,922.0287230409886,922.0287230409886,922.0287230409886,922.0339380829973,923.0286259999993,923.0286259999993,923.3968682079867,,,,,x,1,0.3613015000009909,None,04,001,2025-10-03_09h16.01.881,Motor Sequential Learning,,2025.1.1,None,2025-10-03 09h16.22.197735 +0530,
-150,z,169,169,41,z,1,0.5085444170108531,None,,,,,41,169,169,3,923.4069110829878,,923.3977564159868,923.4069110829878,924.3953107079869,924.3953107079869,924.3953107079869,924.3953107079869,924.4001864159945,925.3952180409979,925.3952180409979,925.9134109999868,,,,,z,1,0.5085444170108531,None,04,001,2025-10-03_09h16.01.881,Motor Sequential Learning,,2025.1.1,None,2025-10-03 09h16.22.197735 +0530,
-150,z,170,170,42,z,1,0.4406751660135342,None,,,,,42,170,170,3,925.9236479999963,,925.9142470410006,925.9236479999963,926.9118507079984,926.9118507079984,926.9118507079984,926.9118507079984,926.9166562499886,927.9120487079927,927.9120487079927,928.3634982910007,,,,,z,1,0.4406751660135342,None,04,001,2025-10-03_09h16.01.881,Motor Sequential Learning,,2025.1.1,None,2025-10-03 09h16.22.197735 +0530,
50,c,171,171,40,c,1,0.3607009589904919,None,,,,,40,171,171,2,928.3739938329963,,928.3644189579936,928.3739938329963,929.3619165829878,929.3619165829878,929.3619165829878,929.3619165829878,929.3669803329976,930.3620317499881,930.3620317499881,930.7301147499966,,,,,c,1,0.3607009589904919,None,04,001,2025-10-03_09h16.01.881,Motor Sequential Learning,,2025.1.1,None,2025-10-03 09h16.22.197735 +0530,
-50,x,172,172,43,x,1,0.32288320900988765,None,,,,,43,172,172,0,930.7405816249957,,930.7311493749876,930.7405816249957,931.7285455829988,931.7285455829988,931.7285455829988,931.7285455829988,931.7335076249874,932.7286747909966,932.7286747909966,933.0634370409971,,,,,x,1,0.32288320900988765,None,04,001,2025-10-03_09h16.01.881,Motor Sequential Learning,,2025.1.1,None,2025-10-03 09h16.22.197735 +0530,
-50,x,173,173,44,x,1,0.38247924999450333,None,,,,,44,173,173,0,933.073890374988,,933.0643851659988,933.073890374988,934.0618611659884,934.0618611659884,934.0618611659884,934.0618611659884,934.0665107499954,935.0619912499969,935.0619912499969,935.4466495829984,,,,,x,1,0.38247924999450333,None,04,001,2025-10-03_09h16.01.881,Motor Sequential Learning,,2025.1.1,None,2025-10-03 09h16.22.197735 +0530,
-150,z,174,174,43,z,1,0.5232079580018762,None,,,,,43,174,174,3,935.4518811659946,,935.4474424999935,935.4518811659946,936.4452801250009,936.4452801250009,936.4452801250009,936.4452801250009,936.4499863749952,937.4451370409952,937.4451370409952,937.9806777499907,,,,,z,1,0.5232079580018762,None,04,001,2025-10-03_09h16.01.881,Motor Sequential Learning,,2025.1.1,None,2025-10-03 09h16.22.197735 +0530,
-150,z,175,175,44,z,1,0.4508439999917755,None,,,,,44,175,175,3,937.9907322079962,,937.9816589999973,937.9907322079962,938.9784798329929,938.9784798329929,938.9784798329929,938.9784798329929,938.9833937499934,939.9785614579887,939.9785614579887,940.4346333329886,,,,,z,1,0.4508439999917755,None,04,001,2025-10-03_09h16.01.881,Motor Sequential Learning,,2025.1.1,None,2025-10-03 09h16.22.197735 +0530,
50,c,176,176,41,c,1,0.4671926250011893,None,,,,,41,176,176,2,940.4445109999942,,940.4351802079909,940.4445109999942,941.4341120829922,941.4341120829922,941.4341120829922,941.4341120829922,941.4341120829922,942.4341827079916,942.4341827079916,942.9134236659884,,,,,c,1,0.4671926250011893,None,04,001,2025-10-03_09h16.01.881,Motor Sequential Learning,,2025.1.1,None,2025-10-03 09h16.22.197735 +0530,
-150,z,177,177,45,z,1,0.49865216700709425,None,,,,,45,177,177,3,942.9236442909896,,942.9143059999915,942.9236442909896,943.911711415989,943.911711415989,943.911711415989,943.911711415989,943.9164607499988,944.911708915999,944.911708915999,945.4133302080008,,,,,z,1,0.49865216700709425,None,04,001,2025-10-03_09h16.01.881,Motor Sequential Learning,,2025.1.1,None,2025-10-03 09h16.22.197735 +0530,
50,c,178,178,42,c,1,0.5925097080034902,None,,,,,42,178,178,2,945.4186295830004,,945.4141803749953,945.4186295830004,946.4117527079943,946.4117527079943,946.4117527079943,946.4117527079943,946.4166799999948,947.4116148329922,947.4116148329922,948.0129962499923,,,,,c,1,0.5925097080034902,None,04,001,2025-10-03_09h16.01.881,Motor Sequential Learning,,2025.1.1,None,2025-10-03 09h16.22.197735 +0530,
-50,x,179,179,45,x,1,0.7674217909952858,None,,,,,45,179,179,0,948.0227578749909,,948.0136840829946,948.0227578749909,949.0117928330001,949.0117928330001,949.0117928330001,949.0117928330001,949.0167267910001,950.0117322909937,950.0117322909937,950.7839834999904,,,,,x,1,0.7674217909952858,None,04,001,2025-10-03_09h16.01.881,Motor Sequential Learning,,2025.1.1,None,2025-10-03 09h16.22.197735 +0530,
50,c,180,180,43,c,1,0.5427734580007382,None,,,,,43,180,180,2,950.793957249989,,950.7844656249945,950.793957249989,951.7835814159916,951.7835814159916,951.7835814159916,951.7835814159916,951.7835814159916,952.7783492499875,952.7783492499875,953.3295545409928,,,,,c,1,0.5427734580007382,None,04,001,2025-10-03_09h16.01.881,Motor Sequential Learning,,2025.1.1,None,2025-10-03 09h16.22.197735 +0530,
50,c,181,181,44,c,1,0.33571154199307784,None,,,,,44,181,181,2,953.3395463329944,,953.3303048329981,953.3395463329944,954.3284510409867,954.3284510409867,954.3284510409867,954.3284510409867,954.333249999996,955.3283605409961,955.3283605409961,955.6679942909977,,,,,c,1,0.33571154199307784,None,04,001,2025-10-03_09h16.01.881,Motor Sequential Learning,,2025.1.1,None,2025-10-03 09h16.22.197735 +0530,
-50,x,182,182,46,c,0,0.6024468749965308,None,,,,,46,182,182,0,955.6782463749987,,955.668625374994,955.6782463749987,956.6669037079992,956.6669037079992,956.6669037079992,956.6669037079992,956.6669037079992,957.6675439999963,957.6675439999963,958.2795584579872,,,,,c,0,0.6024468749965308,None,04,001,2025-10-03_09h16.01.881,Motor Sequential Learning,,2025.1.1,None,2025-10-03 09h16.22.197735 +0530,
50,c,183,183,45,c,1,0.3705229579936713,None,,,,,45,183,183,2,958.28934725,,958.2803395409865,958.28934725,959.2782339159894,959.2782339159894,959.2782339159894,959.2782339159894,959.2823332080006,960.2784033749922,960.2784033749922,960.6522834159987,,,,,c,1,0.3705229579936713,None,04,001,2025-10-03_09h16.01.881,Motor Sequential Learning,,2025.1.1,None,2025-10-03 09h16.22.197735 +0530,
50,c,184,184,46,c,1,0.4889521659933962,None,,,,,46,184,184,2,960.6650076249935,,960.6528162079921,960.6650076249935,961.6507068329956,961.6507068329956,961.6507068329956,961.6507068329956,961.6616511249886,962.650993999996,962.650993999996,963.1469386249955,,,,,c,1,0.4889521659933962,None,04,001,2025-10-03_09h16.01.881,Motor Sequential Learning,,2025.1.1,None,2025-10-03 09h16.22.197735 +0530,
-50,x,185,185,47,x,1,0.3518831669935025,None,,,,,47,185,185,0,963.1574690829875,,963.1478404160007,963.1574690829875,964.1449494159897,964.1449494159897,964.1449494159897,964.1449494159897,964.1497217079886,965.1448845829873,965.1448845829873,965.502341540996,,,,,x,1,0.3518831669935025,None,04,001,2025-10-03_09h16.01.881,Motor Sequential Learning,,2025.1.1,None,2025-10-03 09h16.22.197735 +0530,
150,v,186,186,45,v,1,0.5409349999972619,None,,,,,45,186,186,1,965.515191790997,,965.5028380000003,965.515191790997,966.5002669999958,966.5002669999958,966.5002669999958,966.5002669999958,966.5118178749981,967.4998637909885,967.4998637909885,968.0465756659978,,,,,v,1,0.5409349999972619,None,04,001,2025-10-03_09h16.01.881,Motor Sequential Learning,,2025.1.1,None,2025-10-03 09h16.22.197735 +0530,
50,c,187,187,47,c,1,0.38469229100155644,None,,,,,47,187,187,2,968.0572180409945,,968.0475962499913,968.0572180409945,969.0449070409959,969.0449070409959,969.0449070409959,969.0449070409959,969.0493587909878,970.044989624992,970.044989624992,970.4341808329918,,,,,c,1,0.38469229100155644,None,04,001,2025-10-03_09h16.01.881,Motor Sequential Learning,,2025.1.1,None,2025-10-03 09h16.22.197735 +0530,
-150,z,188,188,46,z,1,0.5206220830004895,None,,,,,46,188,188,3,970.4443378750002,,970.4347054579994,970.4443378750002,971.4335002079897,971.4335002079897,971.4335002079897,971.4335002079897,971.4335002079897,972.4340272499976,972.4340272499976,972.9628389999998,,,,,z,1,0.5206220830004895,None,04,001,2025-10-03_09h16.01.881,Motor Sequential Learning,,2025.1.1,None,2025-10-03 09h16.22.197735 +0530,
150,v,189,189,46,v,1,0.44808883299992885,None,,,,,46,189,189,1,972.972830624989,,972.9637337079912,972.972830624989,973.9614610829885,973.9614610829885,973.9614610829885,973.9614610829885,973.9663586249953,974.9615325829946,974.9615325829946,975.4126904999866,,,,,v,1,0.44808883299992885,None,04,001,2025-10-03_09h16.01.881,Motor Sequential Learning,,2025.1.1,None,2025-10-03 09h16.22.197735 +0530,
-150,z,190,190,47,z,1,0.38111975000356324,None,,,,,47,190,190,3,975.4177634160005,,975.4135093749937,975.4177634160005,976.4113492079923,976.4113492079923,976.4113492079923,976.4113492079923,976.4153830829891,977.4114575409913,977.4114575409913,977.7963692079938,,,,,z,1,0.38111975000356324,None,04,001,2025-10-03_09h16.01.881,Motor Sequential Learning,,2025.1.1,None,2025-10-03 09h16.22.197735 +0530,
150,v,191,191,47,c,0,0.37060416700842325,None,,,,,47,191,191,1,977.8020422909904,,977.797242790999,977.8020422909904,978.7947876249964,978.7947876249964,978.7947876249964,978.7947876249964,978.7995497079974,979.7948744579917,979.7948744579917,980.1687182499882,,,,,c,0,0.37060416700842325,None,04,001,2025-10-03_09h16.01.881,Motor Sequential Learning,,2025.1.1,None,2025-10-03 09h16.22.197735 +0530,
50,c,192,192,48,c,1,0.5938868340017507,None,,,,,48,192,192,2,980.1953278750007,,980.1692688749899,980.1953278750007,981.1680153329944,981.1680153329944,981.1680153329944,981.1680153329944,981.1828541249997,982.1675191659888,982.1675191659888,982.7627605409943,,,,,c,1,0.5938868340017507,None,04,001,2025-10-03_09h16.01.881,Motor Sequential Learning,,2025.1.1,None,2025-10-03 09h16.22.197735 +0530,
150,v,193,193,48,v,1,0.3998923329927493,None,,,,,48,193,193,1,982.7684131659917,,982.7633861659997,982.7684131659917,983.7613736659987,983.7613736659987,983.7613736659987,983.7613736659987,983.7659884579916,984.7614801249874,984.7614801249874,985.162713749989,,,,,v,1,0.3998923329927493,None,04,001,2025-10-03_09h16.01.881,Motor Sequential Learning,,2025.1.1,None,2025-10-03 09h16.22.197735 +0530,
-50,x,194,194,48,x,1,0.6438189159962349,None,,,,,48,194,194,0,985.1684655829886,,985.1634831659903,985.1684655829886,986.161497832989,986.161497832989,986.161497832989,986.161497832989,986.1668568749883,987.1615802079905,987.1615802079905,987.813181540987,,,,,x,1,0.6438189159962349,None,04,001,2025-10-03_09h16.01.881,Motor Sequential Learning,,2025.1.1,None,2025-10-03 09h16.22.197735 +0530,
-150,z,195,195,48,z,1,0.3949111669935519,None,,,,,48,195,195,3,987.8236374999979,,987.8142169159983,987.8236374999979,988.8113190829899,988.8113190829899,988.8113190829899,988.8113190829899,988.8155712909938,989.8113994579908,989.8113994579908,990.2126334999921,,,,,z,1,0.3949111669935519,None,04,001,2025-10-03_09h16.01.881,Motor Sequential Learning,,2025.1.1,None,2025-10-03 09h16.22.197735 +0530,
-150,z,196,196,49,z,1,0.3926803749927785,None,,,,,49,196,196,3,990.2224158749887,,990.2132962079922,990.2224158749887,991.2113062909921,991.2113062909921,991.2113062909921,991.2113062909921,991.2158545409911,992.2114380409912,992.2114380409912,992.6129481249955,,,,,z,1,0.3926803749927785,None,04,001,2025-10-03_09h16.01.881,Motor Sequential Learning,,2025.1.1,None,2025-10-03 09h16.22.197735 +0530,
-50,x,197,197,49,x,1,0.5679508750035893,None,,,,,49,197,197,0,992.6234697499895,,992.6138493749895,992.6234697499895,993.6113386249926,993.6113386249926,993.6113386249926,993.6113386249926,993.6157447079895,994.6112292079924,994.6112292079924,995.1848179999943,,,,,x,1,0.5679508750035893,None,04,001,2025-10-03_09h16.01.881,Motor Sequential Learning,,2025.1.1,None,2025-10-03 09h16.22.197735 +0530,
50,c,198,198,49,c,1,0.7222613749909215,None,,,,,49,198,198,2,995.1947008749994,,995.1853407079907,995.1947008749994,996.1828949999908,996.1828949999908,996.1828949999908,996.1828949999908,996.1828949999908,997.1838869579951,997.1838869579951,997.9128300409939,,,,,c,1,0.7222613749909215,None,04,001,2025-10-03_09h16.01.881,Motor Sequential Learning,,2025.1.1,None,2025-10-03 09h16.22.197735 +0530,
150,v,199,199,49,v,1,0.4137758330034558,None,,,,,49,199,199,1,997.9229167079902,,997.9137814159913,997.9229167079902,998.91130066599,998.91130066599,998.91130066599,998.91130066599,998.9158510829875,999.9112687909947,999.9112687909947,1000.3294126659894,,,,,v,1,0.4137758330034558,None,04,001,2025-10-03_09h16.01.881,Motor Sequential Learning,,2025.1.1,None,2025-10-03 09h16.22.197735 +0530,
