39.2495 	INFO 	Loaded monitor calibration from ['2025_08_12 08:00']
39.4568 	INFO 	Using renderer 'Apple M2' for graphics
39.4568 	INFO 	OpenGL version supported by driver is 2..
39.4993 	EXP 	Created window1 = Window(allowGUI=True, allowStencil=False, autoLog=True, backendConf=UNKNOWN, backgroundFit=<method-wrapper '__getattribute__' of attributeSetter object at 0x14fb7d720>, backgroundImage=<method-wrapper '__getattribute__' of attributeSetter object at 0x14fb7d6c0>, bitsMode=UNKNOWN, blendMode='avg', bpc=(8, 8, 8), color=array([0, 0, 0]), colorSpace='rgb', depthBits=8, fullscr=False, gamma=None, gammaErrorPolicy='raise', infoMsg=UNKNOWN, lms=UNKNOWN, monitor=<psychopy.monitors.calibTools.Monitor object at 0x14fcb9de0>, multiSample=False, name='window1', numSamples=2, pos=[np.float64(135.0), np.float64(78.0)], screen=0, size=array([2400, 1600]), stencilBits=0, stereo=False, title='PsychoPy', units='height', useFBO=True, useRetina=True, viewOri=0.0, viewPos=None, viewScale=None, waitBlanking=True, winType='pyglet')
39.4994 	EXP 	window1: backgroundImage = ''
39.4994 	EXP 	window1: backgroundFit = 'none'
40.0362 	EXP 	window1: Attempting to measure frame rate of screen (0) ...
40.0363 	EXP 	window1: recordFrameIntervals = False
40.2017 	EXP 	window1: recordFrameIntervals = True
41.0353 	WARNING 	Couldn't measure a consistent frame rate!
  - Is your graphics card set to sync to vertical blank?
  - Are you running other processes on your computer?

42.2392 	INFO 	keyboard.Keyboard is using ptb backend.
42.5725 	INFO 	keyboard.Keyboard is using ptb backend.
42.5725 	EXP 	Motor Sequential Learning: status = STARTED
42.5826 	EXP 	Created fixation = ShapeStim(__class__=<class 'psychopy.visual.shape.ShapeStim'>, anchor=('center', 'center'), autoDraw=False, autoLog=True, closeShape=True, color=method-wrapper(...), colorSpace='rgb', contrast=None, depth=0.0, draggable=False, fillColor=array([0., 0., 0.]), fillColorSpace='rgb', fillRGB=array([0., 0., 0.]), interpolate=True, lineColor=array([1., 1., 1.]), lineColorSpace='rgb', lineRGB=array([1, 1, 1]), lineWidth=1.0, name='fixation', opacity=1, ori=0.0, pos=array([0., 0.]), size=array([10., 10.]), units='pix', vertices=ndarray(...), win=Window(...), windingRule=None)
42.5842 	EXP 	Created line1 = Rect(__class__=<class 'psychopy.visual.rect.Rect'>, anchor=('center', 'center'), autoDraw=False, autoLog=True, closeShape=True, color=method-wrapper(...), colorSpace='rgb', contrast=None, depth=-1.0, draggable=False, fillColor=array([1, 1, 1]), fillColorSpace='rgb', fillRGB=array([1, 1, 1]), interpolate=True, lineColor=array([1., 1., 1.]), lineColorSpace='rgb', lineRGB=array([1, 1, 1]), lineWidth=1.0, name='line1', opacity=1, ori=90.0, pos=array([-150.,    0.]), size=array([100.,  10.]), units='pix', vertices=ndarray(...), win=Window(...))
42.5853 	EXP 	Created line2 = Rect(__class__=<class 'psychopy.visual.rect.Rect'>, anchor=('center', 'center'), autoDraw=False, autoLog=True, closeShape=True, color=method-wrapper(...), colorSpace='rgb', contrast=None, depth=-2.0, draggable=False, fillColor=array([1, 1, 1]), fillColorSpace='rgb', fillRGB=array([1, 1, 1]), interpolate=True, lineColor=array([1., 1., 1.]), lineColorSpace='rgb', lineRGB=array([1, 1, 1]), lineWidth=1.0, name='line2', opacity=1, ori=90.0, pos=array([-50.,   0.]), size=array([100.,  10.]), units='pix', vertices=ndarray(...), win=Window(...))
42.5863 	EXP 	Created line3 = Rect(__class__=<class 'psychopy.visual.rect.Rect'>, anchor=('center', 'center'), autoDraw=False, autoLog=True, closeShape=True, color=method-wrapper(...), colorSpace='rgb', contrast=None, depth=-3.0, draggable=False, fillColor=array([1, 1, 1]), fillColorSpace='rgb', fillRGB=array([1, 1, 1]), interpolate=True, lineColor=array([1., 1., 1.]), lineColorSpace='rgb', lineRGB=array([1, 1, 1]), lineWidth=1.0, name='line3', opacity=1, ori=90.0, pos=array([50.,  0.]), size=array([100.,  10.]), units='pix', vertices=ndarray(...), win=Window(...))
42.5874 	EXP 	Created line4 = Rect(__class__=<class 'psychopy.visual.rect.Rect'>, anchor=('center', 'center'), autoDraw=False, autoLog=True, closeShape=True, color=method-wrapper(...), colorSpace='rgb', contrast=None, depth=-4.0, draggable=False, fillColor=array([1, 1, 1]), fillColorSpace='rgb', fillRGB=array([1, 1, 1]), interpolate=True, lineColor=array([1., 1., 1.]), lineColorSpace='rgb', lineRGB=array([1, 1, 1]), lineWidth=1.0, name='line4', opacity=1, ori=90.0, pos=array([150.,   0.]), size=array([100.,  10.]), units='pix', vertices=ndarray(...), win=Window(...))
42.5906 	EXP 	Created probe = ShapeStim(__class__=<class 'psychopy.visual.shape.ShapeStim'>, anchor=('center', 'center'), autoDraw=False, autoLog=True, closeShape=True, color=method-wrapper(...), colorSpace='rgb', contrast=None, depth=-5.0, draggable=False, fillColor=array([1, 1, 1]), fillColorSpace='rgb', fillRGB=array([1, 1, 1]), interpolate=True, lineColor=array([1., 1., 1.]), lineColorSpace='rgb', lineRGB=array([1, 1, 1]), lineWidth=1.0, name='probe', opacity=1, ori=0.0, pos=array([0., 0.]), size=array([10., 10.]), units='pix', vertices=ndarray(...), win=Window(...), windingRule=None)
42.5925 	EXP 	Created fixation = ShapeStim(__class__=<class 'psychopy.visual.shape.ShapeStim'>, anchor=('center', 'center'), autoDraw=False, autoLog=True, closeShape=True, color=method-wrapper(...), colorSpace='rgb', contrast=None, depth=0.0, draggable=False, fillColor=array([0., 0., 0.]), fillColorSpace='rgb', fillRGB=array([0., 0., 0.]), interpolate=True, lineColor=array([1., 1., 1.]), lineColorSpace='rgb', lineRGB=array([1, 1, 1]), lineWidth=1.0, name='fixation', opacity=1, ori=0.0, pos=array([0., 0.]), size=array([10., 10.]), units='pix', vertices=ndarray(...), win=Window(...), windingRule=None)
42.5936 	EXP 	Created line1 = Rect(__class__=<class 'psychopy.visual.rect.Rect'>, anchor=('center', 'center'), autoDraw=False, autoLog=True, closeShape=True, color=method-wrapper(...), colorSpace='rgb', contrast=None, depth=-1.0, draggable=False, fillColor=array([1, 1, 1]), fillColorSpace='rgb', fillRGB=array([1, 1, 1]), interpolate=True, lineColor=array([1., 1., 1.]), lineColorSpace='rgb', lineRGB=array([1, 1, 1]), lineWidth=1.0, name='line1', opacity=1, ori=90.0, pos=array([-150.,    0.]), size=array([100.,  10.]), units='pix', vertices=ndarray(...), win=Window(...))
42.5947 	EXP 	Created line2 = Rect(__class__=<class 'psychopy.visual.rect.Rect'>, anchor=('center', 'center'), autoDraw=False, autoLog=True, closeShape=True, color=method-wrapper(...), colorSpace='rgb', contrast=None, depth=-2.0, draggable=False, fillColor=array([1, 1, 1]), fillColorSpace='rgb', fillRGB=array([1, 1, 1]), interpolate=True, lineColor=array([1., 1., 1.]), lineColorSpace='rgb', lineRGB=array([1, 1, 1]), lineWidth=1.0, name='line2', opacity=1, ori=90.0, pos=array([-50.,   0.]), size=array([100.,  10.]), units='pix', vertices=ndarray(...), win=Window(...))
42.5958 	EXP 	Created line3 = Rect(__class__=<class 'psychopy.visual.rect.Rect'>, anchor=('center', 'center'), autoDraw=False, autoLog=True, closeShape=True, color=method-wrapper(...), colorSpace='rgb', contrast=None, depth=-3.0, draggable=False, fillColor=array([1, 1, 1]), fillColorSpace='rgb', fillRGB=array([1, 1, 1]), interpolate=True, lineColor=array([1., 1., 1.]), lineColorSpace='rgb', lineRGB=array([1, 1, 1]), lineWidth=1.0, name='line3', opacity=1, ori=90.0, pos=array([50.,  0.]), size=array([100.,  10.]), units='pix', vertices=ndarray(...), win=Window(...))
42.5968 	EXP 	Created line4 = Rect(__class__=<class 'psychopy.visual.rect.Rect'>, anchor=('center', 'center'), autoDraw=False, autoLog=True, closeShape=True, color=method-wrapper(...), colorSpace='rgb', contrast=None, depth=-4.0, draggable=False, fillColor=array([1, 1, 1]), fillColorSpace='rgb', fillRGB=array([1, 1, 1]), interpolate=True, lineColor=array([1., 1., 1.]), lineColorSpace='rgb', lineRGB=array([1, 1, 1]), lineWidth=1.0, name='line4', opacity=1, ori=90.0, pos=array([150.,   0.]), size=array([100.,  10.]), units='pix', vertices=ndarray(...), win=Window(...))
42.5982 	EXP 	Created probe = ShapeStim(__class__=<class 'psychopy.visual.shape.ShapeStim'>, anchor=('center', 'center'), autoDraw=False, autoLog=True, closeShape=True, color=method-wrapper(...), colorSpace='rgb', contrast=None, depth=-5.0, draggable=False, fillColor=array([1, 1, 1]), fillColorSpace='rgb', fillRGB=array([1, 1, 1]), interpolate=True, lineColor=array([1., 1., 1.]), lineColorSpace='rgb', lineRGB=array([1, 1, 1]), lineWidth=1.0, name='probe', opacity=1, ori=0.0, pos=array([0., 0.]), size=array([10., 10.]), units='pix', vertices=ndarray(...), win=Window(...), windingRule=None)
0.0186 	EXP 	Imported /Users/vineesmacbook/Downloads/sequence_cond - Sheet1.csv as conditions, 4 conditions, 2 params
0.0206 	EXP 	New trial (rep=0, index=0): <Trial 0 (0 in rep 0) data={'pos': np.int64(-50), 'corr_resp': 'x', 'thisN': 0, 'thisTrialN': 0, 'thisRepN': 0}>
0.0296 	EXP 	fixation: autoDraw = True
1.0036 	EXP 	line1: autoDraw = True
1.0036 	EXP 	line2: autoDraw = True
1.0036 	EXP 	line3: autoDraw = True
1.0036 	EXP 	line4: autoDraw = True
1.0247 	EXP 	fixation: autoDraw = False
1.9958 	INFO 	Keyboard events cleared
1.9956 	EXP 	probe: autoDraw = True
3.2638 	EXP 	Device response: <KeyPress from None: t=3.060559416000615, value=x, duration=None>
3.2640 	EXP 	Device response: <KeyPress from None: t=3.060559416000615, value=x, duration=0.10418683399620932>
3.2642 	EXP 	New trial (rep=0, index=1): <Trial 1 (1 in rep 0) data={'pos': np.int64(150), 'corr_resp': 'v', 'thisN': 1, 'thisTrialN': 1, 'thisRepN': 0}>
3.2692 	DATA 	Keypress: x
3.2724 	WARNING 	t of last frame was 201.85ms (=1/4)
3.2724 	EXP 	fixation: autoDraw = False
3.2724 	EXP 	line1: autoDraw = False
3.2724 	EXP 	line2: autoDraw = False
3.2724 	EXP 	line3: autoDraw = False
3.2724 	EXP 	line4: autoDraw = False
3.2724 	EXP 	probe: autoDraw = False
3.2724 	EXP 	fixation: autoDraw = True
4.2594 	EXP 	line1: autoDraw = True
4.2594 	EXP 	line2: autoDraw = True
4.2594 	EXP 	line3: autoDraw = True
4.2594 	EXP 	line4: autoDraw = True
4.2703 	EXP 	fixation: autoDraw = False
5.2596 	INFO 	Keyboard events cleared
5.2594 	EXP 	probe: autoDraw = True
5.7217 	EXP 	Device response: <KeyPress from None: t=5.71556783298729, value=v, duration=None>
5.7225 	EXP 	New trial (rep=0, index=2): <Trial 2 (2 in rep 0) data={'pos': np.int64(50), 'corr_resp': 'c', 'thisN': 2, 'thisTrialN': 2, 'thisRepN': 0}>
5.7273 	DATA 	Keypress: v
5.7313 	EXP 	fixation: autoDraw = False
5.7313 	EXP 	line1: autoDraw = False
5.7313 	EXP 	line2: autoDraw = False
5.7313 	EXP 	line3: autoDraw = False
5.7313 	EXP 	line4: autoDraw = False
5.7313 	EXP 	probe: autoDraw = False
5.7313 	EXP 	fixation: autoDraw = True
5.9216 	EXP 	Device response: <KeyPress from None: t=5.71556783298729, value=v, duration=0.20109108299948275>
6.7202 	EXP 	line1: autoDraw = True
6.7202 	EXP 	line2: autoDraw = True
6.7202 	EXP 	line3: autoDraw = True
6.7202 	EXP 	line4: autoDraw = True
6.7245 	EXP 	fixation: autoDraw = False
7.7205 	INFO 	Keyboard events cleared
7.7204 	EXP 	probe: autoDraw = True
8.4217 	EXP 	Device response: <KeyPress from None: t=8.417384457992739, value=c, duration=None>
8.4223 	EXP 	New trial (rep=0, index=3): <Trial 3 (3 in rep 0) data={'pos': np.int64(-150), 'corr_resp': 'z', 'thisN': 3, 'thisTrialN': 3, 'thisRepN': 0}>
8.4272 	EXP 	fixation: autoDraw = False
8.4272 	EXP 	line1: autoDraw = False
8.4272 	EXP 	line2: autoDraw = False
8.4272 	EXP 	line3: autoDraw = False
8.4272 	EXP 	line4: autoDraw = False
8.4272 	EXP 	probe: autoDraw = False
8.4272 	EXP 	fixation: autoDraw = True
8.4311 	DATA 	Keypress: c
8.5593 	EXP 	Device response: <KeyPress from None: t=8.417384457992739, value=c, duration=0.1402741670026444>
9.4202 	EXP 	line1: autoDraw = True
9.4202 	EXP 	line2: autoDraw = True
9.4202 	EXP 	line3: autoDraw = True
9.4202 	EXP 	line4: autoDraw = True
9.4243 	EXP 	fixation: autoDraw = False
10.4204 	INFO 	Keyboard events cleared
10.4202 	EXP 	probe: autoDraw = True
10.8431 	EXP 	Device response: <KeyPress from None: t=10.839388374995906, value=z, duration=None>
10.8435 	EXP 	New trial (rep=1, index=0): <Trial 4 (0 in rep 1) data={'pos': np.int64(-50), 'corr_resp': 'x', 'thisN': 4, 'thisTrialN': 0, 'thisRepN': 1}>
10.8487 	DATA 	Keypress: z
10.8530 	EXP 	fixation: autoDraw = False
10.8530 	EXP 	line1: autoDraw = False
10.8530 	EXP 	line2: autoDraw = False
10.8530 	EXP 	line3: autoDraw = False
10.8530 	EXP 	line4: autoDraw = False
10.8530 	EXP 	probe: autoDraw = False
10.8530 	EXP 	fixation: autoDraw = True
10.9429 	EXP 	Device response: <KeyPress from None: t=10.839388374995906, value=z, duration=0.1003078329958953>
11.8420 	EXP 	fixation: autoDraw = False
11.8420 	EXP 	line1: autoDraw = True
11.8420 	EXP 	line2: autoDraw = True
11.8420 	EXP 	line3: autoDraw = True
11.8420 	EXP 	line4: autoDraw = True
12.8438 	INFO 	Keyboard events cleared
12.8436 	EXP 	probe: autoDraw = True
13.4101 	EXP 	Device response: <KeyPress from None: t=13.404271332998178, value=x, duration=None>
13.4105 	EXP 	New trial (rep=1, index=1): <Trial 5 (1 in rep 1) data={'pos': np.int64(150), 'corr_resp': 'v', 'thisN': 5, 'thisTrialN': 1, 'thisRepN': 1}>
13.4155 	DATA 	Keypress: x
13.4198 	EXP 	fixation: autoDraw = False
13.4198 	EXP 	line1: autoDraw = False
13.4198 	EXP 	line2: autoDraw = False
13.4198 	EXP 	line3: autoDraw = False
13.4198 	EXP 	line4: autoDraw = False
13.4198 	EXP 	probe: autoDraw = False
13.4198 	EXP 	fixation: autoDraw = True
13.4880 	EXP 	Device response: <KeyPress from None: t=13.404271332998178, value=x, duration=0.07635441698948853>
14.4088 	EXP 	fixation: autoDraw = False
14.4088 	EXP 	line1: autoDraw = True
14.4088 	EXP 	line2: autoDraw = True
14.4088 	EXP 	line3: autoDraw = True
14.4088 	EXP 	line4: autoDraw = True
15.4094 	INFO 	Keyboard events cleared
15.4092 	EXP 	probe: autoDraw = True
15.7267 	EXP 	Device response: <KeyPress from None: t=15.723261749997619, value=v, duration=None>
15.7272 	EXP 	New trial (rep=1, index=2): <Trial 6 (2 in rep 1) data={'pos': np.int64(50), 'corr_resp': 'c', 'thisN': 6, 'thisTrialN': 2, 'thisRepN': 1}>
15.7324 	DATA 	Keypress: v
15.7366 	EXP 	fixation: autoDraw = False
15.7366 	EXP 	line1: autoDraw = False
15.7366 	EXP 	line2: autoDraw = False
15.7366 	EXP 	line3: autoDraw = False
15.7366 	EXP 	line4: autoDraw = False
15.7366 	EXP 	probe: autoDraw = False
15.7366 	EXP 	fixation: autoDraw = True
15.8548 	EXP 	Device response: <KeyPress from None: t=15.723261749997619, value=v, duration=0.12433458300074562>
16.7251 	EXP 	fixation: autoDraw = False
16.7251 	EXP 	line1: autoDraw = True
16.7251 	EXP 	line2: autoDraw = True
16.7251 	EXP 	line3: autoDraw = True
16.7251 	EXP 	line4: autoDraw = True
17.7274 	INFO 	Keyboard events cleared
17.7272 	EXP 	probe: autoDraw = True
18.3546 	EXP 	Device response: <KeyPress from None: t=18.343138040989288, value=c, duration=None>
18.3551 	EXP 	New trial (rep=1, index=3): <Trial 7 (3 in rep 1) data={'pos': np.int64(-150), 'corr_resp': 'z', 'thisN': 7, 'thisTrialN': 3, 'thisRepN': 1}>
18.3599 	DATA 	Keypress: c
18.3639 	EXP 	fixation: autoDraw = False
18.3639 	EXP 	line1: autoDraw = False
18.3639 	EXP 	line2: autoDraw = False
18.3639 	EXP 	line3: autoDraw = False
18.3639 	EXP 	line4: autoDraw = False
18.3639 	EXP 	probe: autoDraw = False
18.3639 	EXP 	fixation: autoDraw = True
18.5047 	EXP 	Device response: <KeyPress from None: t=18.343138040989288, value=c, duration=0.15229329200519715>
19.3534 	EXP 	line1: autoDraw = True
19.3534 	EXP 	line2: autoDraw = True
19.3534 	EXP 	line3: autoDraw = True
19.3534 	EXP 	line4: autoDraw = True
19.3585 	EXP 	fixation: autoDraw = False
20.3537 	INFO 	Keyboard events cleared
20.3535 	EXP 	probe: autoDraw = True
20.6764 	EXP 	Device response: <KeyPress from None: t=20.67317183299747, value=z, duration=None>
20.6769 	EXP 	New trial (rep=2, index=0): <Trial 8 (0 in rep 2) data={'pos': np.int64(-50), 'corr_resp': 'x', 'thisN': 8, 'thisTrialN': 0, 'thisRepN': 2}>
20.6823 	DATA 	Keypress: z
20.6866 	EXP 	fixation: autoDraw = False
20.6866 	EXP 	line1: autoDraw = False
20.6866 	EXP 	line2: autoDraw = False
20.6866 	EXP 	line3: autoDraw = False
20.6866 	EXP 	line4: autoDraw = False
20.6866 	EXP 	probe: autoDraw = False
20.6866 	EXP 	fixation: autoDraw = True
20.7878 	EXP 	Device response: <KeyPress from None: t=20.67317183299747, value=z, duration=0.10421858300105669>
21.6753 	EXP 	fixation: autoDraw = False
21.6753 	EXP 	line1: autoDraw = True
21.6753 	EXP 	line2: autoDraw = True
21.6753 	EXP 	line3: autoDraw = True
21.6753 	EXP 	line4: autoDraw = True
22.6760 	INFO 	Keyboard events cleared
22.6758 	EXP 	probe: autoDraw = True
23.2103 	EXP 	Device response: <KeyPress from None: t=23.20409104099963, value=x, duration=None>
23.2107 	EXP 	New trial (rep=2, index=1): <Trial 9 (1 in rep 2) data={'pos': np.int64(150), 'corr_resp': 'v', 'thisN': 9, 'thisTrialN': 1, 'thisRepN': 2}>
23.2161 	DATA 	Keypress: x
23.2204 	EXP 	fixation: autoDraw = False
23.2204 	EXP 	line1: autoDraw = False
23.2204 	EXP 	line2: autoDraw = False
23.2204 	EXP 	line3: autoDraw = False
23.2204 	EXP 	line4: autoDraw = False
23.2204 	EXP 	probe: autoDraw = False
23.2204 	EXP 	fixation: autoDraw = True
23.3214 	EXP 	Device response: <KeyPress from None: t=23.20409104099963, value=x, duration=0.1129540419933619>
24.2087 	EXP 	fixation: autoDraw = False
24.2087 	EXP 	line1: autoDraw = True
24.2087 	EXP 	line2: autoDraw = True
24.2087 	EXP 	line3: autoDraw = True
24.2087 	EXP 	line4: autoDraw = True
25.2090 	INFO 	Keyboard events cleared
25.2089 	EXP 	probe: autoDraw = True
25.5215 	EXP 	Device response: <KeyPress from None: t=25.51703949998773, value=v, duration=None>
25.5222 	EXP 	New trial (rep=2, index=2): <Trial 10 (2 in rep 2) data={'pos': np.int64(50), 'corr_resp': 'c', 'thisN': 10, 'thisTrialN': 2, 'thisRepN': 2}>
25.5279 	DATA 	Keypress: v
25.5321 	EXP 	fixation: autoDraw = False
25.5321 	EXP 	line1: autoDraw = False
25.5321 	EXP 	line2: autoDraw = False
25.5321 	EXP 	line3: autoDraw = False
25.5321 	EXP 	line4: autoDraw = False
25.5321 	EXP 	probe: autoDraw = False
25.5321 	EXP 	fixation: autoDraw = True
25.7220 	EXP 	Device response: <KeyPress from None: t=25.51703949998773, value=v, duration=0.20024041600117926>
26.5201 	EXP 	line1: autoDraw = True
26.5201 	EXP 	line2: autoDraw = True
26.5201 	EXP 	line3: autoDraw = True
26.5201 	EXP 	line4: autoDraw = True
26.5245 	EXP 	fixation: autoDraw = False
27.5203 	INFO 	Keyboard events cleared
27.5201 	EXP 	probe: autoDraw = True
27.8881 	EXP 	Device response: <KeyPress from None: t=27.8809857909946, value=c, duration=None>
27.8886 	EXP 	New trial (rep=2, index=3): <Trial 11 (3 in rep 2) data={'pos': np.int64(-150), 'corr_resp': 'z', 'thisN': 11, 'thisTrialN': 3, 'thisRepN': 2}>
27.8940 	DATA 	Keypress: c
27.8983 	EXP 	fixation: autoDraw = False
27.8983 	EXP 	line1: autoDraw = False
27.8983 	EXP 	line2: autoDraw = False
27.8983 	EXP 	line3: autoDraw = False
27.8983 	EXP 	line4: autoDraw = False
27.8983 	EXP 	probe: autoDraw = False
27.8983 	EXP 	fixation: autoDraw = True
28.0049 	EXP 	Device response: <KeyPress from None: t=27.8809857909946, value=c, duration=0.11639637500047684>
28.8868 	EXP 	line1: autoDraw = True
28.8868 	EXP 	line2: autoDraw = True
28.8868 	EXP 	line3: autoDraw = True
28.8868 	EXP 	line4: autoDraw = True
28.8917 	EXP 	fixation: autoDraw = False
29.8869 	INFO 	Keyboard events cleared
29.8867 	EXP 	probe: autoDraw = True
30.1382 	EXP 	Device response: <KeyPress from None: t=30.130007165993447, value=z, duration=None>
30.1388 	EXP 	New trial (rep=3, index=0): <Trial 12 (0 in rep 3) data={'pos': np.int64(-50), 'corr_resp': 'x', 'thisN': 12, 'thisTrialN': 0, 'thisRepN': 3}>
30.1445 	DATA 	Keypress: z
30.1487 	EXP 	fixation: autoDraw = False
30.1487 	EXP 	line1: autoDraw = False
30.1487 	EXP 	line2: autoDraw = False
30.1487 	EXP 	line3: autoDraw = False
30.1487 	EXP 	line4: autoDraw = False
30.1487 	EXP 	probe: autoDraw = False
30.1487 	EXP 	fixation: autoDraw = True
30.2713 	EXP 	Device response: <KeyPress from None: t=30.130007165993447, value=z, duration=0.13624245900427923>
31.1367 	EXP 	line1: autoDraw = True
31.1367 	EXP 	line2: autoDraw = True
31.1367 	EXP 	line3: autoDraw = True
31.1367 	EXP 	line4: autoDraw = True
31.1415 	EXP 	fixation: autoDraw = False
32.1370 	INFO 	Keyboard events cleared
32.1368 	EXP 	probe: autoDraw = True
32.5924 	EXP 	Device response: <KeyPress from None: t=32.59084845799953, value=x, duration=None>
32.5928 	EXP 	New trial (rep=3, index=1): <Trial 13 (1 in rep 3) data={'pos': np.int64(150), 'corr_resp': 'v', 'thisN': 13, 'thisTrialN': 1, 'thisRepN': 3}>
32.5981 	DATA 	Keypress: x
32.6026 	EXP 	fixation: autoDraw = False
32.6026 	EXP 	line1: autoDraw = False
32.6026 	EXP 	line2: autoDraw = False
32.6026 	EXP 	line3: autoDraw = False
32.6026 	EXP 	line4: autoDraw = False
32.6026 	EXP 	probe: autoDraw = False
32.6026 	EXP 	fixation: autoDraw = True
32.7044 	EXP 	Device response: <KeyPress from None: t=32.59084845799953, value=x, duration=0.10121687498758547>
33.5916 	EXP 	fixation: autoDraw = False
33.5916 	EXP 	line1: autoDraw = True
33.5916 	EXP 	line2: autoDraw = True
33.5916 	EXP 	line3: autoDraw = True
33.5916 	EXP 	line4: autoDraw = True
34.5868 	INFO 	Keyboard events cleared
34.5866 	EXP 	probe: autoDraw = True
34.9606 	EXP 	Device response: <KeyPress from None: t=34.95378049999999, value=v, duration=None>
34.9610 	EXP 	New trial (rep=3, index=2): <Trial 14 (2 in rep 3) data={'pos': np.int64(50), 'corr_resp': 'c', 'thisN': 14, 'thisTrialN': 2, 'thisRepN': 3}>
34.9663 	DATA 	Keypress: v
34.9869 	WARNING 	t of last frame was 27.29ms (=1/36)
34.9869 	EXP 	fixation: autoDraw = False
34.9869 	EXP 	line1: autoDraw = False
34.9869 	EXP 	line2: autoDraw = False
34.9869 	EXP 	line3: autoDraw = False
34.9869 	EXP 	line4: autoDraw = False
34.9869 	EXP 	probe: autoDraw = False
34.9869 	EXP 	fixation: autoDraw = True
35.0548 	EXP 	Device response: <KeyPress from None: t=34.95378049999999, value=v, duration=0.08850058299140073>
35.9581 	EXP 	line1: autoDraw = True
35.9581 	EXP 	line2: autoDraw = True
35.9581 	EXP 	line3: autoDraw = True
35.9581 	EXP 	line4: autoDraw = True
35.9746 	EXP 	fixation: autoDraw = False
36.9594 	INFO 	Keyboard events cleared
36.9592 	EXP 	probe: autoDraw = True
37.4380 	EXP 	Device response: <KeyPress from None: t=37.42569699999876, value=c, duration=None>
37.4386 	EXP 	New trial (rep=3, index=3): <Trial 15 (3 in rep 3) data={'pos': np.int64(-150), 'corr_resp': 'z', 'thisN': 15, 'thisTrialN': 3, 'thisRepN': 3}>
37.4442 	DATA 	Keypress: c
37.4485 	EXP 	fixation: autoDraw = False
37.4485 	EXP 	line1: autoDraw = False
37.4485 	EXP 	line2: autoDraw = False
37.4485 	EXP 	line3: autoDraw = False
37.4485 	EXP 	line4: autoDraw = False
37.4485 	EXP 	probe: autoDraw = False
37.4485 	EXP 	fixation: autoDraw = True
37.6043 	EXP 	Device response: <KeyPress from None: t=37.42569699999876, value=c, duration=0.16838499999721535>
38.4367 	EXP 	line1: autoDraw = True
38.4367 	EXP 	line2: autoDraw = True
38.4367 	EXP 	line3: autoDraw = True
38.4367 	EXP 	line4: autoDraw = True
38.4418 	EXP 	fixation: autoDraw = False
39.4367 	INFO 	Keyboard events cleared
39.4366 	EXP 	probe: autoDraw = True
39.7877 	EXP 	Device response: <KeyPress from None: t=39.78375908298767, value=z, duration=None>
39.7883 	EXP 	New trial (rep=4, index=0): <Trial 16 (0 in rep 4) data={'pos': np.int64(-50), 'corr_resp': 'x', 'thisN': 16, 'thisTrialN': 0, 'thisRepN': 4}>
39.7934 	EXP 	fixation: autoDraw = False
39.7934 	EXP 	line1: autoDraw = False
39.7934 	EXP 	line2: autoDraw = False
39.7934 	EXP 	line3: autoDraw = False
39.7934 	EXP 	line4: autoDraw = False
39.7934 	EXP 	probe: autoDraw = False
39.7934 	EXP 	fixation: autoDraw = True
39.7974 	DATA 	Keypress: z
39.8584 	EXP 	Device response: <KeyPress from None: t=39.78375908298767, value=z, duration=0.07225562501116656>
40.7867 	EXP 	line1: autoDraw = True
40.7867 	EXP 	line2: autoDraw = True
40.7867 	EXP 	line3: autoDraw = True
40.7867 	EXP 	line4: autoDraw = True
40.7915 	EXP 	fixation: autoDraw = False
41.7872 	INFO 	Keyboard events cleared
41.7869 	EXP 	probe: autoDraw = True
42.3880 	EXP 	Device response: <KeyPress from None: t=42.379583957997966, value=x, duration=None>
42.3887 	EXP 	New trial (rep=4, index=1): <Trial 17 (1 in rep 4) data={'pos': np.int64(150), 'corr_resp': 'v', 'thisN': 17, 'thisTrialN': 1, 'thisRepN': 4}>
42.3945 	DATA 	Keypress: x
42.3987 	EXP 	fixation: autoDraw = False
42.3987 	EXP 	line1: autoDraw = False
42.3987 	EXP 	line2: autoDraw = False
42.3987 	EXP 	line3: autoDraw = False
42.3987 	EXP 	line4: autoDraw = False
42.3987 	EXP 	probe: autoDraw = False
42.3987 	EXP 	fixation: autoDraw = True
42.4582 	EXP 	Device response: <KeyPress from None: t=42.379583957997966, value=x, duration=0.07638633299211506>
43.3867 	EXP 	line1: autoDraw = True
43.3867 	EXP 	line2: autoDraw = True
43.3867 	EXP 	line3: autoDraw = True
43.3867 	EXP 	line4: autoDraw = True
43.3916 	EXP 	fixation: autoDraw = False
44.3867 	INFO 	Keyboard events cleared
44.3865 	EXP 	probe: autoDraw = True
44.7097 	EXP 	Device response: <KeyPress from None: t=44.70449054100027, value=v, duration=None>
44.7101 	EXP 	New trial (rep=4, index=2): <Trial 18 (2 in rep 4) data={'pos': np.int64(50), 'corr_resp': 'c', 'thisN': 18, 'thisTrialN': 2, 'thisRepN': 4}>
44.7162 	DATA 	Keypress: v
44.7370 	WARNING 	t of last frame was 28.25ms (=1/35)
44.7370 	EXP 	fixation: autoDraw = False
44.7370 	EXP 	line1: autoDraw = False
44.7370 	EXP 	line2: autoDraw = False
44.7370 	EXP 	line3: autoDraw = False
44.7370 	EXP 	line4: autoDraw = False
44.7370 	EXP 	probe: autoDraw = False
44.7370 	EXP 	fixation: autoDraw = True
44.7712 	EXP 	Device response: <KeyPress from None: t=44.70449054100027, value=v, duration=0.06447458399634343>
45.7090 	EXP 	line1: autoDraw = True
45.7090 	EXP 	line2: autoDraw = True
45.7090 	EXP 	line3: autoDraw = True
45.7090 	EXP 	line4: autoDraw = True
45.7239 	EXP 	fixation: autoDraw = False
46.7092 	INFO 	Keyboard events cleared
46.7090 	EXP 	probe: autoDraw = True
47.2045 	EXP 	Device response: <KeyPress from None: t=47.20073237500037, value=c, duration=None>
47.2051 	EXP 	New trial (rep=4, index=3): <Trial 19 (3 in rep 4) data={'pos': np.int64(-150), 'corr_resp': 'z', 'thisN': 19, 'thisTrialN': 3, 'thisRepN': 4}>
47.2101 	EXP 	fixation: autoDraw = False
47.2101 	EXP 	line1: autoDraw = False
47.2101 	EXP 	line2: autoDraw = False
47.2101 	EXP 	line3: autoDraw = False
47.2101 	EXP 	line4: autoDraw = False
47.2101 	EXP 	probe: autoDraw = False
47.2101 	EXP 	fixation: autoDraw = True
47.2142 	DATA 	Keypress: c
47.3043 	EXP 	Device response: <KeyPress from None: t=47.20073237500037, value=c, duration=0.09630137498606928>
48.2033 	EXP 	line1: autoDraw = True
48.2033 	EXP 	line2: autoDraw = True
48.2033 	EXP 	line3: autoDraw = True
48.2033 	EXP 	line4: autoDraw = True
48.2079 	EXP 	fixation: autoDraw = False
49.2034 	INFO 	Keyboard events cleared
49.2032 	EXP 	probe: autoDraw = True
49.7753 	EXP 	Device response: <KeyPress from None: t=49.772526874992764, value=z, duration=None>
49.7757 	EXP 	New trial (rep=5, index=0): <Trial 20 (0 in rep 5) data={'pos': np.int64(-50), 'corr_resp': 'x', 'thisN': 20, 'thisTrialN': 0, 'thisRepN': 5}>
49.7810 	DATA 	Keypress: z
49.7857 	EXP 	fixation: autoDraw = False
49.7857 	EXP 	line1: autoDraw = False
49.7857 	EXP 	line2: autoDraw = False
49.7857 	EXP 	line3: autoDraw = False
49.7857 	EXP 	line4: autoDraw = False
49.7857 	EXP 	probe: autoDraw = False
49.7857 	EXP 	fixation: autoDraw = True
49.8917 	EXP 	Device response: <KeyPress from None: t=49.772526874992764, value=z, duration=0.1163198750000447>
50.7749 	EXP 	fixation: autoDraw = False
50.7749 	EXP 	line1: autoDraw = True
50.7749 	EXP 	line2: autoDraw = True
50.7749 	EXP 	line3: autoDraw = True
50.7749 	EXP 	line4: autoDraw = True
51.7769 	INFO 	Keyboard events cleared
51.7767 	EXP 	probe: autoDraw = True
52.2878 	EXP 	Device response: <KeyPress from None: t=52.27651874998992, value=x, duration=None>
52.2884 	EXP 	New trial (rep=5, index=1): <Trial 21 (1 in rep 5) data={'pos': np.int64(150), 'corr_resp': 'v', 'thisN': 21, 'thisTrialN': 1, 'thisRepN': 5}>
52.2941 	DATA 	Keypress: x
52.2983 	EXP 	fixation: autoDraw = False
52.2983 	EXP 	line1: autoDraw = False
52.2983 	EXP 	line2: autoDraw = False
52.2983 	EXP 	line3: autoDraw = False
52.2983 	EXP 	line4: autoDraw = False
52.2983 	EXP 	probe: autoDraw = False
52.2983 	EXP 	fixation: autoDraw = True
52.4254 	EXP 	Device response: <KeyPress from None: t=52.27651874998992, value=x, duration=0.145042916003149>
53.2865 	EXP 	line1: autoDraw = True
53.2865 	EXP 	line2: autoDraw = True
53.2865 	EXP 	line3: autoDraw = True
53.2865 	EXP 	line4: autoDraw = True
53.2908 	EXP 	fixation: autoDraw = False
54.2868 	INFO 	Keyboard events cleared
54.2866 	EXP 	probe: autoDraw = True
54.6041 	EXP 	Device response: <KeyPress from None: t=54.60037695799838, value=v, duration=None>
54.6047 	EXP 	New trial (rep=5, index=2): <Trial 22 (2 in rep 5) data={'pos': np.int64(50), 'corr_resp': 'c', 'thisN': 22, 'thisTrialN': 2, 'thisRepN': 5}>
54.6094 	EXP 	fixation: autoDraw = False
54.6094 	EXP 	line1: autoDraw = False
54.6094 	EXP 	line2: autoDraw = False
54.6094 	EXP 	line3: autoDraw = False
54.6094 	EXP 	line4: autoDraw = False
54.6094 	EXP 	probe: autoDraw = False
54.6094 	EXP 	fixation: autoDraw = True
54.6135 	DATA 	Keypress: v
54.7877 	EXP 	Device response: <KeyPress from None: t=54.60037695799838, value=v, duration=0.176345041996683>
55.6032 	EXP 	line1: autoDraw = True
55.6032 	EXP 	line2: autoDraw = True
55.6032 	EXP 	line3: autoDraw = True
55.6032 	EXP 	line4: autoDraw = True
55.6080 	EXP 	fixation: autoDraw = False
56.6032 	INFO 	Keyboard events cleared
56.6031 	EXP 	probe: autoDraw = True
57.1428 	EXP 	Device response: <KeyPress from None: t=57.13748162498814, value=c, duration=None>
57.1433 	EXP 	New trial (rep=5, index=3): <Trial 23 (3 in rep 5) data={'pos': np.int64(-150), 'corr_resp': 'z', 'thisN': 23, 'thisTrialN': 3, 'thisRepN': 5}>
57.1485 	DATA 	Keypress: c
57.1528 	EXP 	fixation: autoDraw = False
57.1528 	EXP 	line1: autoDraw = False
57.1528 	EXP 	line2: autoDraw = False
57.1528 	EXP 	line3: autoDraw = False
57.1528 	EXP 	line4: autoDraw = False
57.1528 	EXP 	probe: autoDraw = False
57.1528 	EXP 	fixation: autoDraw = True
57.2545 	EXP 	Device response: <KeyPress from None: t=57.13748162498814, value=c, duration=0.10823024999990594>
58.1424 	EXP 	fixation: autoDraw = False
58.1424 	EXP 	line1: autoDraw = True
58.1424 	EXP 	line2: autoDraw = True
58.1424 	EXP 	line3: autoDraw = True
58.1424 	EXP 	line4: autoDraw = True
59.1429 	INFO 	Keyboard events cleared
59.1427 	EXP 	probe: autoDraw = True
59.4376 	EXP 	Device response: <KeyPress from None: t=59.43232499998703, value=z, duration=None>
59.4382 	EXP 	New trial (rep=6, index=0): <Trial 24 (0 in rep 6) data={'pos': np.int64(-50), 'corr_resp': 'x', 'thisN': 24, 'thisTrialN': 0, 'thisRepN': 6}>
59.4436 	DATA 	Keypress: z
59.4478 	EXP 	fixation: autoDraw = False
59.4478 	EXP 	line1: autoDraw = False
59.4478 	EXP 	line2: autoDraw = False
59.4478 	EXP 	line3: autoDraw = False
59.4478 	EXP 	line4: autoDraw = False
59.4478 	EXP 	probe: autoDraw = False
59.4478 	EXP 	fixation: autoDraw = True
59.5916 	EXP 	Device response: <KeyPress from None: t=59.43232499998703, value=z, duration=0.15702120801142883>
60.4365 	EXP 	line1: autoDraw = True
60.4365 	EXP 	line2: autoDraw = True
60.4365 	EXP 	line3: autoDraw = True
60.4365 	EXP 	line4: autoDraw = True
60.4411 	EXP 	fixation: autoDraw = False
61.4365 	INFO 	Keyboard events cleared
61.4364 	EXP 	probe: autoDraw = True
61.8761 	EXP 	Device response: <KeyPress from None: t=61.87523974999203, value=x, duration=None>
61.8816 	DATA 	Keypress: x
61.8866 	EXP 	New trial (rep=6, index=1): <Trial 25 (1 in rep 6) data={'pos': np.int64(150), 'corr_resp': 'v', 'thisN': 25, 'thisTrialN': 1, 'thisRepN': 6}>
61.8903 	EXP 	fixation: autoDraw = False
61.8903 	EXP 	line1: autoDraw = False
61.8903 	EXP 	line2: autoDraw = False
61.8903 	EXP 	line3: autoDraw = False
61.8903 	EXP 	line4: autoDraw = False
61.8903 	EXP 	probe: autoDraw = False
61.8903 	EXP 	fixation: autoDraw = True
62.0213 	EXP 	Device response: <KeyPress from None: t=61.87523974999203, value=x, duration=0.1322189159982372>
62.8747 	EXP 	line1: autoDraw = True
62.8747 	EXP 	line2: autoDraw = True
62.8747 	EXP 	line3: autoDraw = True
62.8747 	EXP 	line4: autoDraw = True
62.8864 	EXP 	fixation: autoDraw = False
63.8761 	INFO 	Keyboard events cleared
63.8760 	EXP 	probe: autoDraw = True
64.5208 	EXP 	Device response: <KeyPress from None: t=64.51623962499434, value=v, duration=None>
64.5213 	EXP 	New trial (rep=6, index=2): <Trial 26 (2 in rep 6) data={'pos': np.int64(50), 'corr_resp': 'c', 'thisN': 26, 'thisTrialN': 2, 'thisRepN': 6}>
64.5268 	DATA 	Keypress: v
64.5310 	EXP 	fixation: autoDraw = False
64.5310 	EXP 	line1: autoDraw = False
64.5310 	EXP 	line2: autoDraw = False
64.5310 	EXP 	line3: autoDraw = False
64.5310 	EXP 	line4: autoDraw = False
64.5310 	EXP 	probe: autoDraw = False
64.5310 	EXP 	fixation: autoDraw = True
64.5745 	EXP 	Device response: <KeyPress from None: t=64.51623962499434, value=v, duration=0.05618737499753479>
65.5198 	EXP 	line1: autoDraw = True
65.5198 	EXP 	line2: autoDraw = True
65.5198 	EXP 	line3: autoDraw = True
65.5198 	EXP 	line4: autoDraw = True
65.5248 	EXP 	fixation: autoDraw = False
66.5199 	INFO 	Keyboard events cleared
66.5197 	EXP 	probe: autoDraw = True
67.0924 	EXP 	Device response: <KeyPress from None: t=67.09001016599359, value=c, duration=None>
67.0929 	EXP 	New trial (rep=6, index=3): <Trial 27 (3 in rep 6) data={'pos': np.int64(-150), 'corr_resp': 'z', 'thisN': 27, 'thisTrialN': 3, 'thisRepN': 6}>
67.0987 	DATA 	Keypress: c
67.1029 	EXP 	fixation: autoDraw = False
67.1029 	EXP 	line1: autoDraw = False
67.1029 	EXP 	line2: autoDraw = False
67.1029 	EXP 	line3: autoDraw = False
67.1029 	EXP 	line4: autoDraw = False
67.1029 	EXP 	probe: autoDraw = False
67.1029 	EXP 	fixation: autoDraw = True
67.2376 	EXP 	Device response: <KeyPress from None: t=67.09001016599359, value=c, duration=0.1444187500019325>
68.0913 	EXP 	fixation: autoDraw = False
68.0913 	EXP 	line1: autoDraw = True
68.0913 	EXP 	line2: autoDraw = True
68.0913 	EXP 	line3: autoDraw = True
68.0913 	EXP 	line4: autoDraw = True
69.0865 	INFO 	Keyboard events cleared
69.0863 	EXP 	probe: autoDraw = True
69.5878 	EXP 	Device response: <KeyPress from None: t=69.57608562499809, value=z, duration=None>
69.5884 	EXP 	New trial (rep=7, index=0): <Trial 28 (0 in rep 7) data={'pos': np.int64(-50), 'corr_resp': 'x', 'thisN': 28, 'thisTrialN': 0, 'thisRepN': 7}>
69.5941 	DATA 	Keypress: z
69.5984 	EXP 	fixation: autoDraw = False
69.5984 	EXP 	line1: autoDraw = False
69.5984 	EXP 	line2: autoDraw = False
69.5984 	EXP 	line3: autoDraw = False
69.5984 	EXP 	line4: autoDraw = False
69.5984 	EXP 	probe: autoDraw = False
69.5984 	EXP 	fixation: autoDraw = True
69.6876 	EXP 	Device response: <KeyPress from None: t=69.57608562499809, value=z, duration=0.10024570798850618>
70.5864 	EXP 	line1: autoDraw = True
70.5864 	EXP 	line2: autoDraw = True
70.5864 	EXP 	line3: autoDraw = True
70.5864 	EXP 	line4: autoDraw = True
70.5906 	EXP 	fixation: autoDraw = False
71.5866 	INFO 	Keyboard events cleared
71.5865 	EXP 	probe: autoDraw = True
71.9255 	EXP 	Device response: <KeyPress from None: t=71.922018207988, value=x, duration=None>
71.9259 	EXP 	New trial (rep=7, index=1): <Trial 29 (1 in rep 7) data={'pos': np.int64(150), 'corr_resp': 'v', 'thisN': 29, 'thisTrialN': 1, 'thisRepN': 7}>
71.9312 	DATA 	Keypress: x
71.9356 	EXP 	fixation: autoDraw = False
71.9356 	EXP 	line1: autoDraw = False
71.9356 	EXP 	line2: autoDraw = False
71.9356 	EXP 	line3: autoDraw = False
71.9356 	EXP 	line4: autoDraw = False
71.9356 	EXP 	probe: autoDraw = False
71.9356 	EXP 	fixation: autoDraw = True
72.0546 	EXP 	Device response: <KeyPress from None: t=71.922018207988, value=x, duration=0.12034029200731311>
72.9247 	EXP 	fixation: autoDraw = False
72.9247 	EXP 	line1: autoDraw = True
72.9247 	EXP 	line2: autoDraw = True
72.9247 	EXP 	line3: autoDraw = True
72.9247 	EXP 	line4: autoDraw = True
73.9255 	INFO 	Keyboard events cleared
73.9253 	EXP 	probe: autoDraw = True
74.2708 	EXP 	Device response: <KeyPress from None: t=74.26900920798653, value=v, duration=None>
74.2714 	EXP 	New trial (rep=7, index=2): <Trial 30 (2 in rep 7) data={'pos': np.int64(50), 'corr_resp': 'c', 'thisN': 30, 'thisTrialN': 2, 'thisRepN': 7}>
74.2765 	EXP 	fixation: autoDraw = False
74.2765 	EXP 	line1: autoDraw = False
74.2765 	EXP 	line2: autoDraw = False
74.2765 	EXP 	line3: autoDraw = False
74.2765 	EXP 	line4: autoDraw = False
74.2765 	EXP 	probe: autoDraw = False
74.2765 	EXP 	fixation: autoDraw = True
74.2805 	DATA 	Keypress: v
74.3548 	EXP 	Device response: <KeyPress from None: t=74.26900920798653, value=v, duration=0.08430387500266079>
75.2697 	EXP 	line1: autoDraw = True
75.2697 	EXP 	line2: autoDraw = True
75.2697 	EXP 	line3: autoDraw = True
75.2697 	EXP 	line4: autoDraw = True
75.2746 	EXP 	fixation: autoDraw = False
76.2698 	INFO 	Keyboard events cleared
76.2696 	EXP 	probe: autoDraw = True
76.5766 	EXP 	Device response: <KeyPress from None: t=76.57197962499049, value=c, duration=None>
76.5770 	EXP 	New trial (rep=7, index=3): <Trial 31 (3 in rep 7) data={'pos': np.int64(-150), 'corr_resp': 'z', 'thisN': 31, 'thisTrialN': 3, 'thisRepN': 7}>
76.5823 	DATA 	Keypress: c
76.5865 	EXP 	fixation: autoDraw = False
76.5865 	EXP 	line1: autoDraw = False
76.5865 	EXP 	line2: autoDraw = False
76.5865 	EXP 	line3: autoDraw = False
76.5865 	EXP 	line4: autoDraw = False
76.5865 	EXP 	probe: autoDraw = False
76.5865 	EXP 	fixation: autoDraw = True
76.7042 	EXP 	Device response: <KeyPress from None: t=76.57197962499049, value=c, duration=0.12022862500452902>
77.5747 	EXP 	fixation: autoDraw = False
77.5747 	EXP 	line1: autoDraw = True
77.5747 	EXP 	line2: autoDraw = True
77.5747 	EXP 	line3: autoDraw = True
77.5747 	EXP 	line4: autoDraw = True
78.5756 	INFO 	Keyboard events cleared
78.5754 	EXP 	probe: autoDraw = True
79.1268 	EXP 	Device response: <KeyPress from None: t=79.12474629099597, value=z, duration=None>
79.1272 	EXP 	New trial (rep=8, index=0): <Trial 32 (0 in rep 8) data={'pos': np.int64(-50), 'corr_resp': 'x', 'thisN': 32, 'thisTrialN': 0, 'thisRepN': 8}>
79.1325 	DATA 	Keypress: z
79.1531 	WARNING 	t of last frame was 27.33ms (=1/36)
79.1531 	EXP 	fixation: autoDraw = False
79.1531 	EXP 	line1: autoDraw = False
79.1531 	EXP 	line2: autoDraw = False
79.1531 	EXP 	line3: autoDraw = False
79.1531 	EXP 	line4: autoDraw = False
79.1531 	EXP 	probe: autoDraw = False
79.1531 	EXP 	fixation: autoDraw = True
79.2253 	EXP 	Device response: <KeyPress from None: t=79.12474629099597, value=z, duration=0.0964530420023948>
80.1245 	EXP 	line1: autoDraw = True
80.1245 	EXP 	line2: autoDraw = True
80.1245 	EXP 	line3: autoDraw = True
80.1245 	EXP 	line4: autoDraw = True
80.1408 	EXP 	fixation: autoDraw = False
81.1262 	INFO 	Keyboard events cleared
81.1260 	EXP 	probe: autoDraw = True
81.6042 	EXP 	Device response: <KeyPress from None: t=81.59372395799437, value=x, duration=None>
81.6049 	EXP 	New trial (rep=8, index=1): <Trial 33 (1 in rep 8) data={'pos': np.int64(150), 'corr_resp': 'v', 'thisN': 33, 'thisTrialN': 1, 'thisRepN': 8}>
81.6106 	DATA 	Keypress: x
81.6149 	EXP 	fixation: autoDraw = False
81.6149 	EXP 	line1: autoDraw = False
81.6149 	EXP 	line2: autoDraw = False
81.6149 	EXP 	line3: autoDraw = False
81.6149 	EXP 	line4: autoDraw = False
81.6149 	EXP 	probe: autoDraw = False
81.6149 	EXP 	fixation: autoDraw = True
81.7212 	EXP 	Device response: <KeyPress from None: t=81.59372395799437, value=x, duration=0.12441575000411831>
82.6029 	EXP 	line1: autoDraw = True
82.6029 	EXP 	line2: autoDraw = True
82.6029 	EXP 	line3: autoDraw = True
82.6029 	EXP 	line4: autoDraw = True
82.6078 	EXP 	fixation: autoDraw = False
83.6032 	INFO 	Keyboard events cleared
83.6030 	EXP 	probe: autoDraw = True
83.9879 	EXP 	Device response: <KeyPress from None: t=83.97574179100047, value=v, duration=None>
83.9889 	EXP 	New trial (rep=8, index=2): <Trial 34 (2 in rep 8) data={'pos': np.int64(50), 'corr_resp': 'c', 'thisN': 34, 'thisTrialN': 2, 'thisRepN': 8}>
83.9948 	DATA 	Keypress: v
83.9990 	EXP 	fixation: autoDraw = False
83.9990 	EXP 	line1: autoDraw = False
83.9990 	EXP 	line2: autoDraw = False
83.9990 	EXP 	line3: autoDraw = False
83.9990 	EXP 	line4: autoDraw = False
83.9990 	EXP 	probe: autoDraw = False
83.9990 	EXP 	fixation: autoDraw = True
84.1250 	EXP 	Device response: <KeyPress from None: t=83.97574179100047, value=v, duration=0.14432795898756012>
84.9863 	EXP 	line1: autoDraw = True
84.9863 	EXP 	line2: autoDraw = True
84.9863 	EXP 	line3: autoDraw = True
84.9863 	EXP 	line4: autoDraw = True
84.9912 	EXP 	fixation: autoDraw = False
85.9864 	INFO 	Keyboard events cleared
85.9862 	EXP 	probe: autoDraw = True
86.3377 	EXP 	Device response: <KeyPress from None: t=86.3328029159893, value=c, duration=None>
86.3386 	EXP 	New trial (rep=8, index=3): <Trial 35 (3 in rep 8) data={'pos': np.int64(-150), 'corr_resp': 'z', 'thisN': 35, 'thisTrialN': 3, 'thisRepN': 8}>
86.3437 	EXP 	fixation: autoDraw = False
86.3437 	EXP 	line1: autoDraw = False
86.3437 	EXP 	line2: autoDraw = False
86.3437 	EXP 	line3: autoDraw = False
86.3437 	EXP 	line4: autoDraw = False
86.3437 	EXP 	probe: autoDraw = False
86.3437 	EXP 	fixation: autoDraw = True
86.3478 	DATA 	Keypress: c
86.5040 	EXP 	Device response: <KeyPress from None: t=86.3328029159893, value=c, duration=0.1642438340059016>
87.3361 	EXP 	line1: autoDraw = True
87.3361 	EXP 	line2: autoDraw = True
87.3361 	EXP 	line3: autoDraw = True
87.3361 	EXP 	line4: autoDraw = True
87.3409 	EXP 	fixation: autoDraw = False
88.3366 	INFO 	Keyboard events cleared
88.3364 	EXP 	probe: autoDraw = True
88.6876 	EXP 	Device response: <KeyPress from None: t=88.68148629099596, value=z, duration=None>
88.6882 	EXP 	New trial (rep=9, index=0): <Trial 36 (0 in rep 9) data={'pos': np.int64(-50), 'corr_resp': 'x', 'thisN': 36, 'thisTrialN': 0, 'thisRepN': 9}>
88.6939 	DATA 	Keypress: z
88.6979 	EXP 	fixation: autoDraw = False
88.6979 	EXP 	line1: autoDraw = False
88.6979 	EXP 	line2: autoDraw = False
88.6979 	EXP 	line3: autoDraw = False
88.6979 	EXP 	line4: autoDraw = False
88.6979 	EXP 	probe: autoDraw = False
88.6979 	EXP 	fixation: autoDraw = True
88.8086 	EXP 	Device response: <KeyPress from None: t=88.68148629099596, value=z, duration=0.12344754199148156>
89.6861 	EXP 	line1: autoDraw = True
89.6861 	EXP 	line2: autoDraw = True
89.6861 	EXP 	line3: autoDraw = True
89.6861 	EXP 	line4: autoDraw = True
89.6908 	EXP 	fixation: autoDraw = False
90.6864 	INFO 	Keyboard events cleared
90.6862 	EXP 	probe: autoDraw = True
91.1376 	EXP 	Device response: <KeyPress from None: t=91.12582904098963, value=x, duration=None>
91.1383 	EXP 	New trial (rep=9, index=1): <Trial 37 (1 in rep 9) data={'pos': np.int64(150), 'corr_resp': 'v', 'thisN': 37, 'thisTrialN': 1, 'thisRepN': 9}>
91.1441 	DATA 	Keypress: x
91.1482 	EXP 	fixation: autoDraw = False
91.1482 	EXP 	line1: autoDraw = False
91.1482 	EXP 	line2: autoDraw = False
91.1482 	EXP 	line3: autoDraw = False
91.1482 	EXP 	line4: autoDraw = False
91.1482 	EXP 	probe: autoDraw = False
91.1482 	EXP 	fixation: autoDraw = True
91.2376 	EXP 	Device response: <KeyPress from None: t=91.12582904098963, value=x, duration=0.1080530000035651>
92.1362 	EXP 	line1: autoDraw = True
92.1362 	EXP 	line2: autoDraw = True
92.1362 	EXP 	line3: autoDraw = True
92.1362 	EXP 	line4: autoDraw = True
92.1411 	EXP 	fixation: autoDraw = False
93.1365 	INFO 	Keyboard events cleared
93.1363 	EXP 	probe: autoDraw = True
93.4543 	EXP 	Device response: <KeyPress from None: t=93.4425406659866, value=v, duration=None>
93.4549 	EXP 	New trial (rep=9, index=2): <Trial 38 (2 in rep 9) data={'pos': np.int64(50), 'corr_resp': 'c', 'thisN': 38, 'thisTrialN': 2, 'thisRepN': 9}>
93.4606 	DATA 	Keypress: v
93.4649 	EXP 	fixation: autoDraw = False
93.4649 	EXP 	line1: autoDraw = False
93.4649 	EXP 	line2: autoDraw = False
93.4649 	EXP 	line3: autoDraw = False
93.4649 	EXP 	line4: autoDraw = False
93.4649 	EXP 	probe: autoDraw = False
93.4649 	EXP 	fixation: autoDraw = True
93.6708 	EXP 	Device response: <KeyPress from None: t=93.4425406659866, value=v, duration=0.22435366701392923>
94.4528 	EXP 	line1: autoDraw = True
94.4528 	EXP 	line2: autoDraw = True
94.4528 	EXP 	line3: autoDraw = True
94.4528 	EXP 	line4: autoDraw = True
94.4572 	EXP 	fixation: autoDraw = False
95.4529 	INFO 	Keyboard events cleared
95.4528 	EXP 	probe: autoDraw = True
95.8873 	EXP 	Device response: <KeyPress from None: t=95.8834260829899, value=c, duration=None>
95.8878 	EXP 	New trial (rep=9, index=3): <Trial 39 (3 in rep 9) data={'pos': np.int64(-150), 'corr_resp': 'z', 'thisN': 39, 'thisTrialN': 3, 'thisRepN': 9}>
95.8929 	EXP 	fixation: autoDraw = False
95.8929 	EXP 	line1: autoDraw = False
95.8929 	EXP 	line2: autoDraw = False
95.8929 	EXP 	line3: autoDraw = False
95.8929 	EXP 	line4: autoDraw = False
95.8929 	EXP 	probe: autoDraw = False
95.8929 	EXP 	fixation: autoDraw = True
95.8970 	DATA 	Keypress: c
96.0256 	EXP 	Device response: <KeyPress from None: t=95.8834260829899, value=c, duration=0.1363692919985624>
96.8861 	EXP 	line1: autoDraw = True
96.8861 	EXP 	line2: autoDraw = True
96.8861 	EXP 	line3: autoDraw = True
96.8861 	EXP 	line4: autoDraw = True
96.8904 	EXP 	fixation: autoDraw = False
97.8864 	INFO 	Keyboard events cleared
97.8863 	EXP 	probe: autoDraw = True
98.2248 	EXP 	Device response: <KeyPress from None: t=98.22233083299943, value=z, duration=None>
98.2253 	EXP 	New trial (rep=10, index=0): <Trial 40 (0 in rep 10) data={'pos': np.int64(-50), 'corr_resp': 'x', 'thisN': 40, 'thisTrialN': 0, 'thisRepN': 10}>
98.2309 	DATA 	Keypress: z
98.2355 	EXP 	fixation: autoDraw = False
98.2355 	EXP 	line1: autoDraw = False
98.2355 	EXP 	line2: autoDraw = False
98.2355 	EXP 	line3: autoDraw = False
98.2355 	EXP 	line4: autoDraw = False
98.2355 	EXP 	probe: autoDraw = False
98.2355 	EXP 	fixation: autoDraw = True
98.3371 	EXP 	Device response: <KeyPress from None: t=98.22233083299943, value=z, duration=0.10847312500118278>
99.2195 	EXP 	line1: autoDraw = True
99.2195 	EXP 	line2: autoDraw = True
99.2195 	EXP 	line3: autoDraw = True
99.2195 	EXP 	line4: autoDraw = True
99.2242 	EXP 	fixation: autoDraw = False
100.2253 	INFO 	Keyboard events cleared
100.2251 	EXP 	probe: autoDraw = True
100.7922 	EXP 	Device response: <KeyPress from None: t=100.791384207987, value=x, duration=None>
100.7978 	DATA 	Keypress: x
100.8028 	EXP 	New trial (rep=10, index=1): <Trial 41 (1 in rep 10) data={'pos': np.int64(150), 'corr_resp': 'v', 'thisN': 41, 'thisTrialN': 1, 'thisRepN': 10}>
100.8067 	EXP 	fixation: autoDraw = False
100.8067 	EXP 	line1: autoDraw = False
100.8067 	EXP 	line2: autoDraw = False
100.8067 	EXP 	line3: autoDraw = False
100.8067 	EXP 	line4: autoDraw = False
100.8067 	EXP 	probe: autoDraw = False
100.8067 	EXP 	fixation: autoDraw = True
100.9586 	EXP 	Device response: <KeyPress from None: t=100.791384207987, value=x, duration=0.16428404200996738>
101.7917 	EXP 	line1: autoDraw = True
101.7917 	EXP 	line2: autoDraw = True
101.7917 	EXP 	line3: autoDraw = True
101.7917 	EXP 	line4: autoDraw = True
101.8029 	EXP 	fixation: autoDraw = False
102.7917 	INFO 	Keyboard events cleared
102.7915 	EXP 	probe: autoDraw = True
103.0921 	EXP 	Device response: <KeyPress from None: t=103.08660054099164, value=v, duration=None>
103.0925 	EXP 	New trial (rep=10, index=2): <Trial 42 (2 in rep 10) data={'pos': np.int64(50), 'corr_resp': 'c', 'thisN': 42, 'thisTrialN': 2, 'thisRepN': 10}>
103.0976 	DATA 	Keypress: v
103.1020 	EXP 	fixation: autoDraw = False
103.1020 	EXP 	line1: autoDraw = False
103.1020 	EXP 	line2: autoDraw = False
103.1020 	EXP 	line3: autoDraw = False
103.1020 	EXP 	line4: autoDraw = False
103.1020 	EXP 	probe: autoDraw = False
103.1020 	EXP 	fixation: autoDraw = True
103.2585 	EXP 	Device response: <KeyPress from None: t=103.08660054099164, value=v, duration=0.1679996669990942>
104.0910 	EXP 	fixation: autoDraw = False
104.0910 	EXP 	line1: autoDraw = True
104.0910 	EXP 	line2: autoDraw = True
104.0910 	EXP 	line3: autoDraw = True
104.0910 	EXP 	line4: autoDraw = True
105.0931 	INFO 	Keyboard events cleared
105.0929 	EXP 	probe: autoDraw = True
105.4874 	EXP 	Device response: <KeyPress from None: t=105.48419962498883, value=c, duration=None>
105.4880 	EXP 	New trial (rep=10, index=3): <Trial 43 (3 in rep 10) data={'pos': np.int64(-150), 'corr_resp': 'z', 'thisN': 43, 'thisTrialN': 3, 'thisRepN': 10}>
105.4927 	EXP 	fixation: autoDraw = False
105.4927 	EXP 	line1: autoDraw = False
105.4927 	EXP 	line2: autoDraw = False
105.4927 	EXP 	line3: autoDraw = False
105.4927 	EXP 	line4: autoDraw = False
105.4927 	EXP 	probe: autoDraw = False
105.4927 	EXP 	fixation: autoDraw = True
105.4967 	DATA 	Keypress: c
105.5920 	EXP 	Device response: <KeyPress from None: t=105.48419962498883, value=c, duration=0.10434162500314415>
106.4860 	EXP 	line1: autoDraw = True
106.4860 	EXP 	line2: autoDraw = True
106.4860 	EXP 	line3: autoDraw = True
106.4860 	EXP 	line4: autoDraw = True
106.4901 	EXP 	fixation: autoDraw = False
107.4862 	INFO 	Keyboard events cleared
107.4861 	EXP 	probe: autoDraw = True
107.8209 	EXP 	Device response: <KeyPress from None: t=107.8081219579908, value=z, duration=None>
107.8215 	EXP 	New trial (rep=11, index=0): <Trial 44 (0 in rep 11) data={'pos': np.int64(-50), 'corr_resp': 'x', 'thisN': 44, 'thisTrialN': 0, 'thisRepN': 11}>
107.8271 	DATA 	Keypress: z
107.8312 	EXP 	fixation: autoDraw = False
107.8312 	EXP 	line1: autoDraw = False
107.8312 	EXP 	line2: autoDraw = False
107.8312 	EXP 	line3: autoDraw = False
107.8312 	EXP 	line4: autoDraw = False
107.8312 	EXP 	probe: autoDraw = False
107.8312 	EXP 	fixation: autoDraw = True
107.9372 	EXP 	Device response: <KeyPress from None: t=107.8081219579908, value=z, duration=0.11667012500402052>
108.8194 	EXP 	line1: autoDraw = True
108.8194 	EXP 	line2: autoDraw = True
108.8194 	EXP 	line3: autoDraw = True
108.8194 	EXP 	line4: autoDraw = True
108.8242 	EXP 	fixation: autoDraw = False
109.8197 	INFO 	Keyboard events cleared
109.8195 	EXP 	probe: autoDraw = True
110.1375 	EXP 	Device response: <KeyPress from None: t=110.13222291599959, value=x, duration=None>
110.1382 	EXP 	New trial (rep=11, index=1): <Trial 45 (1 in rep 11) data={'pos': np.int64(150), 'corr_resp': 'v', 'thisN': 45, 'thisTrialN': 1, 'thisRepN': 11}>
110.1443 	DATA 	Keypress: x
110.1484 	EXP 	fixation: autoDraw = False
110.1484 	EXP 	line1: autoDraw = False
110.1484 	EXP 	line2: autoDraw = False
110.1484 	EXP 	line3: autoDraw = False
110.1484 	EXP 	line4: autoDraw = False
110.1484 	EXP 	probe: autoDraw = False
110.1484 	EXP 	fixation: autoDraw = True
110.2874 	EXP 	Device response: <KeyPress from None: t=110.13222291599959, value=x, duration=0.15224166699044872>
111.1361 	EXP 	line1: autoDraw = True
111.1361 	EXP 	line2: autoDraw = True
111.1361 	EXP 	line3: autoDraw = True
111.1361 	EXP 	line4: autoDraw = True
111.1412 	EXP 	fixation: autoDraw = False
112.1362 	INFO 	Keyboard events cleared
112.1360 	EXP 	probe: autoDraw = True
112.4539 	EXP 	Device response: <KeyPress from None: t=112.449448415995, value=v, duration=None>
112.4545 	EXP 	New trial (rep=11, index=2): <Trial 46 (2 in rep 11) data={'pos': np.int64(50), 'corr_resp': 'c', 'thisN': 46, 'thisTrialN': 2, 'thisRepN': 11}>
112.4593 	EXP 	fixation: autoDraw = False
112.4593 	EXP 	line1: autoDraw = False
112.4593 	EXP 	line2: autoDraw = False
112.4593 	EXP 	line3: autoDraw = False
112.4593 	EXP 	line4: autoDraw = False
112.4593 	EXP 	probe: autoDraw = False
112.4593 	EXP 	fixation: autoDraw = True
112.4632 	DATA 	Keypress: v
112.5750 	EXP 	Device response: <KeyPress from None: t=112.449448415995, value=v, duration=0.1239736669958802>
113.4526 	EXP 	line1: autoDraw = True
113.4526 	EXP 	line2: autoDraw = True
113.4526 	EXP 	line3: autoDraw = True
113.4526 	EXP 	line4: autoDraw = True
113.4571 	EXP 	fixation: autoDraw = False
114.4529 	INFO 	Keyboard events cleared
114.4527 	EXP 	probe: autoDraw = True
114.9423 	EXP 	Device response: <KeyPress from None: t=114.94105299998773, value=c, duration=None>
114.9428 	EXP 	New trial (rep=11, index=3): <Trial 47 (3 in rep 11) data={'pos': np.int64(-150), 'corr_resp': 'z', 'thisN': 47, 'thisTrialN': 3, 'thisRepN': 11}>
114.9489 	DATA 	Keypress: c
114.9697 	WARNING 	Multiple dropped frames have occurred - I'll stop bothering you about them!
114.9697 	EXP 	fixation: autoDraw = False
114.9697 	EXP 	line1: autoDraw = False
114.9697 	EXP 	line2: autoDraw = False
114.9697 	EXP 	line3: autoDraw = False
114.9697 	EXP 	line4: autoDraw = False
114.9697 	EXP 	probe: autoDraw = False
114.9697 	EXP 	fixation: autoDraw = True
115.0875 	EXP 	Device response: <KeyPress from None: t=114.94105299998773, value=c, duration=0.1404420410108287>
115.9412 	EXP 	line1: autoDraw = True
115.9412 	EXP 	line2: autoDraw = True
115.9412 	EXP 	line3: autoDraw = True
115.9412 	EXP 	line4: autoDraw = True
115.9576 	EXP 	fixation: autoDraw = False
116.9426 	INFO 	Keyboard events cleared
116.9424 	EXP 	probe: autoDraw = True
117.2206 	EXP 	Device response: <KeyPress from None: t=117.21415974998672, value=z, duration=None>
117.2211 	EXP 	New trial (rep=12, index=0): <Trial 48 (0 in rep 12) data={'pos': np.int64(-50), 'corr_resp': 'x', 'thisN': 48, 'thisTrialN': 0, 'thisRepN': 12}>
117.2270 	DATA 	Keypress: z
117.2313 	EXP 	fixation: autoDraw = False
117.2313 	EXP 	line1: autoDraw = False
117.2313 	EXP 	line2: autoDraw = False
117.2313 	EXP 	line3: autoDraw = False
117.2313 	EXP 	line4: autoDraw = False
117.2313 	EXP 	probe: autoDraw = False
117.2313 	EXP 	fixation: autoDraw = True
117.3372 	EXP 	Device response: <KeyPress from None: t=117.21415974998672, value=z, duration=0.11211479100165889>
118.2192 	EXP 	line1: autoDraw = True
118.2192 	EXP 	line2: autoDraw = True
118.2192 	EXP 	line3: autoDraw = True
118.2192 	EXP 	line4: autoDraw = True
118.2235 	EXP 	fixation: autoDraw = False
119.2195 	INFO 	Keyboard events cleared
119.2193 	EXP 	probe: autoDraw = True
119.6204 	EXP 	Device response: <KeyPress from None: t=119.61788904099376, value=x, duration=None>
119.6211 	EXP 	New trial (rep=12, index=1): <Trial 49 (1 in rep 12) data={'pos': np.int64(150), 'corr_resp': 'v', 'thisN': 49, 'thisTrialN': 1, 'thisRepN': 12}>
119.6259 	EXP 	fixation: autoDraw = False
119.6259 	EXP 	line1: autoDraw = False
119.6259 	EXP 	line2: autoDraw = False
119.6259 	EXP 	line3: autoDraw = False
119.6259 	EXP 	line4: autoDraw = False
119.6259 	EXP 	probe: autoDraw = False
119.6259 	EXP 	fixation: autoDraw = True
119.6299 	DATA 	Keypress: x
119.7705 	EXP 	Device response: <KeyPress from None: t=119.61788904099376, value=x, duration=0.14024816699384246>
120.6193 	EXP 	line1: autoDraw = True
120.6193 	EXP 	line2: autoDraw = True
120.6193 	EXP 	line3: autoDraw = True
120.6193 	EXP 	line4: autoDraw = True
120.6235 	EXP 	fixation: autoDraw = False
121.6196 	INFO 	Keyboard events cleared
121.6194 	EXP 	probe: autoDraw = True
122.0204 	EXP 	Device response: <KeyPress from None: t=122.01784950000001, value=v, duration=None>
122.0210 	EXP 	New trial (rep=12, index=2): <Trial 50 (2 in rep 12) data={'pos': np.int64(50), 'corr_resp': 'c', 'thisN': 50, 'thisTrialN': 2, 'thisRepN': 12}>
122.0263 	EXP 	fixation: autoDraw = False
122.0263 	EXP 	line1: autoDraw = False
122.0263 	EXP 	line2: autoDraw = False
122.0263 	EXP 	line3: autoDraw = False
122.0263 	EXP 	line4: autoDraw = False
122.0263 	EXP 	probe: autoDraw = False
122.0263 	EXP 	fixation: autoDraw = True
122.0303 	DATA 	Keypress: v
122.1538 	EXP 	Device response: <KeyPress from None: t=122.01784950000001, value=v, duration=0.13231399998767301>
123.0195 	EXP 	line1: autoDraw = True
123.0195 	EXP 	line2: autoDraw = True
123.0195 	EXP 	line3: autoDraw = True
123.0195 	EXP 	line4: autoDraw = True
123.0245 	EXP 	fixation: autoDraw = False
124.0196 	INFO 	Keyboard events cleared
124.0194 	EXP 	probe: autoDraw = True
124.3537 	EXP 	Device response: <KeyPress from None: t=124.34990062499128, value=c, duration=None>
124.3543 	EXP 	New trial (rep=12, index=3): <Trial 51 (3 in rep 12) data={'pos': np.int64(-150), 'corr_resp': 'z', 'thisN': 51, 'thisTrialN': 3, 'thisRepN': 12}>
124.3594 	EXP 	fixation: autoDraw = False
124.3594 	EXP 	line1: autoDraw = False
124.3594 	EXP 	line2: autoDraw = False
124.3594 	EXP 	line3: autoDraw = False
124.3594 	EXP 	line4: autoDraw = False
124.3594 	EXP 	probe: autoDraw = False
124.3594 	EXP 	fixation: autoDraw = True
124.3635 	DATA 	Keypress: c
124.5036 	EXP 	Device response: <KeyPress from None: t=124.34990062499128, value=c, duration=0.14828379100072198>
125.3526 	EXP 	line1: autoDraw = True
125.3526 	EXP 	line2: autoDraw = True
125.3526 	EXP 	line3: autoDraw = True
125.3526 	EXP 	line4: autoDraw = True
125.3567 	EXP 	fixation: autoDraw = False
126.3527 	INFO 	Keyboard events cleared
126.3526 	EXP 	probe: autoDraw = True
126.8538 	EXP 	Device response: <KeyPress from None: t=126.84467741599656, value=z, duration=None>
126.8545 	EXP 	New trial (rep=13, index=0): <Trial 52 (0 in rep 13) data={'pos': np.int64(-50), 'corr_resp': 'x', 'thisN': 52, 'thisTrialN': 0, 'thisRepN': 13}>
126.8605 	DATA 	Keypress: z
126.8646 	EXP 	fixation: autoDraw = False
126.8646 	EXP 	line1: autoDraw = False
126.8646 	EXP 	line2: autoDraw = False
126.8646 	EXP 	line3: autoDraw = False
126.8646 	EXP 	line4: autoDraw = False
126.8646 	EXP 	probe: autoDraw = False
126.8646 	EXP 	fixation: autoDraw = True
127.0541 	EXP 	Device response: <KeyPress from None: t=126.84467741599656, value=z, duration=0.19637229198997375>
127.8526 	EXP 	line1: autoDraw = True
127.8526 	EXP 	line2: autoDraw = True
127.8526 	EXP 	line3: autoDraw = True
127.8526 	EXP 	line4: autoDraw = True
127.8569 	EXP 	fixation: autoDraw = False
128.8526 	INFO 	Keyboard events cleared
128.8524 	EXP 	probe: autoDraw = True
129.3540 	EXP 	Device response: <KeyPress from None: t=129.3420430829865, value=x, duration=None>
129.3547 	EXP 	New trial (rep=13, index=1): <Trial 53 (1 in rep 13) data={'pos': np.int64(150), 'corr_resp': 'v', 'thisN': 53, 'thisTrialN': 1, 'thisRepN': 13}>
129.3605 	DATA 	Keypress: x
129.3648 	EXP 	fixation: autoDraw = False
129.3648 	EXP 	line1: autoDraw = False
129.3648 	EXP 	line2: autoDraw = False
129.3648 	EXP 	line3: autoDraw = False
129.3648 	EXP 	line4: autoDraw = False
129.3648 	EXP 	probe: autoDraw = False
129.3648 	EXP 	fixation: autoDraw = True
129.4703 	EXP 	Device response: <KeyPress from None: t=129.3420430829865, value=x, duration=0.12001995800528675>
130.3525 	EXP 	line1: autoDraw = True
130.3525 	EXP 	line2: autoDraw = True
130.3525 	EXP 	line3: autoDraw = True
130.3525 	EXP 	line4: autoDraw = True
130.3574 	EXP 	fixation: autoDraw = False
131.3528 	INFO 	Keyboard events cleared
131.3526 	EXP 	probe: autoDraw = True
131.8203 	EXP 	Device response: <KeyPress from None: t=131.80958333300077, value=v, duration=None>
131.8208 	EXP 	New trial (rep=13, index=2): <Trial 54 (2 in rep 13) data={'pos': np.int64(50), 'corr_resp': 'c', 'thisN': 54, 'thisTrialN': 2, 'thisRepN': 13}>
131.8263 	DATA 	Keypress: v
131.8306 	EXP 	fixation: autoDraw = False
131.8306 	EXP 	line1: autoDraw = False
131.8306 	EXP 	line2: autoDraw = False
131.8306 	EXP 	line3: autoDraw = False
131.8306 	EXP 	line4: autoDraw = False
131.8306 	EXP 	probe: autoDraw = False
131.8306 	EXP 	fixation: autoDraw = True
131.9750 	EXP 	Device response: <KeyPress from None: t=131.80958333300077, value=v, duration=0.16029066698683891>
132.8192 	EXP 	line1: autoDraw = True
132.8192 	EXP 	line2: autoDraw = True
132.8192 	EXP 	line3: autoDraw = True
132.8192 	EXP 	line4: autoDraw = True
132.8241 	EXP 	fixation: autoDraw = False
133.8194 	INFO 	Keyboard events cleared
133.8193 	EXP 	probe: autoDraw = True
134.3202 	EXP 	Device response: <KeyPress from None: t=134.30850329098757, value=c, duration=None>
134.3206 	EXP 	New trial (rep=13, index=3): <Trial 55 (3 in rep 13) data={'pos': np.int64(-150), 'corr_resp': 'z', 'thisN': 55, 'thisTrialN': 3, 'thisRepN': 13}>
134.3259 	DATA 	Keypress: c
134.3300 	EXP 	fixation: autoDraw = False
134.3300 	EXP 	line1: autoDraw = False
134.3300 	EXP 	line2: autoDraw = False
134.3300 	EXP 	line3: autoDraw = False
134.3300 	EXP 	line4: autoDraw = False
134.3300 	EXP 	probe: autoDraw = False
134.3300 	EXP 	fixation: autoDraw = True
134.4371 	EXP 	Device response: <KeyPress from None: t=134.30850329098757, value=c, duration=0.12033770901325624>
135.3192 	EXP 	line1: autoDraw = True
135.3192 	EXP 	line2: autoDraw = True
135.3192 	EXP 	line3: autoDraw = True
135.3192 	EXP 	line4: autoDraw = True
135.3243 	EXP 	fixation: autoDraw = False
136.3194 	INFO 	Keyboard events cleared
136.3192 	EXP 	probe: autoDraw = True
136.6367 	EXP 	Device response: <KeyPress from None: t=136.63548691599863, value=z, duration=None>
136.6373 	EXP 	New trial (rep=14, index=0): <Trial 56 (0 in rep 14) data={'pos': np.int64(-50), 'corr_resp': 'x', 'thisN': 56, 'thisTrialN': 0, 'thisRepN': 14}>
136.6418 	EXP 	fixation: autoDraw = False
136.6418 	EXP 	line1: autoDraw = False
136.6418 	EXP 	line2: autoDraw = False
136.6418 	EXP 	line3: autoDraw = False
136.6418 	EXP 	line4: autoDraw = False
136.6418 	EXP 	probe: autoDraw = False
136.6418 	EXP 	fixation: autoDraw = True
136.6458 	DATA 	Keypress: z
136.7371 	EXP 	Device response: <KeyPress from None: t=136.63548691599863, value=z, duration=0.10037341699353419>
137.6358 	EXP 	line1: autoDraw = True
137.6358 	EXP 	line2: autoDraw = True
137.6358 	EXP 	line3: autoDraw = True
137.6358 	EXP 	line4: autoDraw = True
137.6407 	EXP 	fixation: autoDraw = False
138.6359 	INFO 	Keyboard events cleared
138.6358 	EXP 	probe: autoDraw = True
139.0534 	EXP 	Device response: <KeyPress from None: t=139.05051187500067, value=x, duration=None>
139.0540 	EXP 	New trial (rep=14, index=1): <Trial 57 (1 in rep 14) data={'pos': np.int64(150), 'corr_resp': 'v', 'thisN': 57, 'thisTrialN': 1, 'thisRepN': 14}>
139.0587 	EXP 	fixation: autoDraw = False
139.0587 	EXP 	line1: autoDraw = False
139.0587 	EXP 	line2: autoDraw = False
139.0587 	EXP 	line3: autoDraw = False
139.0587 	EXP 	line4: autoDraw = False
139.0587 	EXP 	probe: autoDraw = False
139.0587 	EXP 	fixation: autoDraw = True
139.0627 	DATA 	Keypress: x
139.1580 	EXP 	Device response: <KeyPress from None: t=139.05051187500067, value=x, duration=0.10428220799076371>
140.0525 	EXP 	line1: autoDraw = True
140.0525 	EXP 	line2: autoDraw = True
140.0525 	EXP 	line3: autoDraw = True
140.0525 	EXP 	line4: autoDraw = True
140.0568 	EXP 	fixation: autoDraw = False
141.0526 	INFO 	Keyboard events cleared
141.0524 	EXP 	probe: autoDraw = True
141.3873 	EXP 	Device response: <KeyPress from None: t=141.38049841599423, value=v, duration=None>
141.3879 	EXP 	New trial (rep=14, index=2): <Trial 58 (2 in rep 14) data={'pos': np.int64(50), 'corr_resp': 'c', 'thisN': 58, 'thisTrialN': 2, 'thisRepN': 14}>
141.3933 	DATA 	Keypress: v
141.3974 	EXP 	fixation: autoDraw = False
141.3974 	EXP 	line1: autoDraw = False
141.3974 	EXP 	line2: autoDraw = False
141.3974 	EXP 	line3: autoDraw = False
141.3974 	EXP 	line4: autoDraw = False
141.3974 	EXP 	probe: autoDraw = False
141.3974 	EXP 	fixation: autoDraw = True
141.4869 	EXP 	Device response: <KeyPress from None: t=141.38049841599423, value=v, duration=0.09617283400439192>
142.3856 	EXP 	line1: autoDraw = True
142.3856 	EXP 	line2: autoDraw = True
142.3856 	EXP 	line3: autoDraw = True
142.3856 	EXP 	line4: autoDraw = True
142.3896 	EXP 	fixation: autoDraw = False
143.3859 	INFO 	Keyboard events cleared
143.3857 	EXP 	probe: autoDraw = True
143.7870 	EXP 	Device response: <KeyPress from None: t=143.7773430829984, value=v, duration=None>
143.7876 	EXP 	New trial (rep=14, index=3): <Trial 59 (3 in rep 14) data={'pos': np.int64(-150), 'corr_resp': 'z', 'thisN': 59, 'thisTrialN': 3, 'thisRepN': 14}>
143.8062 	DATA 	Keypress: v
143.8098 	EXP 	fixation: autoDraw = False
143.8098 	EXP 	line1: autoDraw = False
143.8098 	EXP 	line2: autoDraw = False
143.8098 	EXP 	line3: autoDraw = False
143.8098 	EXP 	line4: autoDraw = False
143.8098 	EXP 	probe: autoDraw = False
143.8098 	EXP 	fixation: autoDraw = True
143.8361 	EXP 	Device response: <KeyPress from None: t=143.7773430829984, value=v, duration=0.04937562499253545>
144.0202 	EXP 	Device response: <KeyPress from None: t=144.01742295800068, value=c, duration=None>
144.0278 	DATA 	Keypress: c
144.1914 	EXP 	Device response: <KeyPress from None: t=144.01742295800068, value=c, duration=0.1723458749911515>
144.7857 	EXP 	line1: autoDraw = True
144.7857 	EXP 	line2: autoDraw = True
144.7857 	EXP 	line3: autoDraw = True
144.7857 	EXP 	line4: autoDraw = True
144.8074 	EXP 	fixation: autoDraw = False
145.7860 	INFO 	Keyboard events cleared
145.7858 	EXP 	probe: autoDraw = True
146.0750 	EXP 	Device response: <KeyPress from None: t=146.07231029099785, value=z, duration=None>
146.0755 	EXP 	New trial (rep=15, index=0): <Trial 60 (0 in rep 15) data={'pos': np.int64(-50), 'corr_resp': 'x', 'thisN': 60, 'thisTrialN': 0, 'thisRepN': 15}>
146.0799 	DATA 	Keypress: z
146.0848 	EXP 	fixation: autoDraw = False
146.0848 	EXP 	line1: autoDraw = False
146.0848 	EXP 	line2: autoDraw = False
146.0848 	EXP 	line3: autoDraw = False
146.0848 	EXP 	line4: autoDraw = False
146.0848 	EXP 	probe: autoDraw = False
146.0848 	EXP 	fixation: autoDraw = True
146.2034 	EXP 	Device response: <KeyPress from None: t=146.07231029099785, value=z, duration=0.12445954199938569>
147.0742 	EXP 	fixation: autoDraw = False
147.0742 	EXP 	line1: autoDraw = True
147.0742 	EXP 	line2: autoDraw = True
147.0742 	EXP 	line3: autoDraw = True
147.0742 	EXP 	line4: autoDraw = True
148.0749 	INFO 	Keyboard events cleared
148.0747 	EXP 	probe: autoDraw = True
148.5200 	EXP 	Device response: <KeyPress from None: t=148.50721237499965, value=z, duration=None>
148.5205 	EXP 	New trial (rep=15, index=1): <Trial 61 (1 in rep 15) data={'pos': np.int64(150), 'corr_resp': 'v', 'thisN': 61, 'thisTrialN': 1, 'thisRepN': 15}>
148.5253 	DATA 	Keypress: z
148.5300 	EXP 	fixation: autoDraw = False
148.5300 	EXP 	line1: autoDraw = False
148.5300 	EXP 	line2: autoDraw = False
148.5300 	EXP 	line3: autoDraw = False
148.5300 	EXP 	line4: autoDraw = False
148.5300 	EXP 	probe: autoDraw = False
148.5300 	EXP 	fixation: autoDraw = True
148.5700 	EXP 	Device response: <KeyPress from None: t=148.50721237499965, value=z, duration=0.05243299998983275>
149.5190 	EXP 	line1: autoDraw = True
149.5190 	EXP 	line2: autoDraw = True
149.5190 	EXP 	line3: autoDraw = True
149.5190 	EXP 	line4: autoDraw = True
149.5238 	EXP 	fixation: autoDraw = False
150.5191 	INFO 	Keyboard events cleared
150.5189 	EXP 	probe: autoDraw = True
150.8252 	EXP 	Device response: <KeyPress from None: t=150.82185062499775, value=v, duration=None>
150.8256 	EXP 	New trial (rep=15, index=2): <Trial 62 (2 in rep 15) data={'pos': np.int64(50), 'corr_resp': 'c', 'thisN': 62, 'thisTrialN': 2, 'thisRepN': 15}>
150.8299 	DATA 	Keypress: v
150.8348 	EXP 	fixation: autoDraw = False
150.8348 	EXP 	line1: autoDraw = False
150.8348 	EXP 	line2: autoDraw = False
150.8348 	EXP 	line3: autoDraw = False
150.8348 	EXP 	line4: autoDraw = False
150.8348 	EXP 	probe: autoDraw = False
150.8348 	EXP 	fixation: autoDraw = True
150.9368 	EXP 	Device response: <KeyPress from None: t=150.82185062499775, value=v, duration=0.107807041000342>
151.8241 	EXP 	fixation: autoDraw = False
151.8241 	EXP 	line1: autoDraw = True
151.8241 	EXP 	line2: autoDraw = True
151.8241 	EXP 	line3: autoDraw = True
151.8241 	EXP 	line4: autoDraw = True
152.8190 	INFO 	Keyboard events cleared
152.8188 	EXP 	probe: autoDraw = True
153.2591 	EXP 	Device response: <KeyPress from None: t=153.25319708298775, value=c, duration=None>
153.2596 	EXP 	New trial (rep=15, index=3): <Trial 63 (3 in rep 15) data={'pos': np.int64(-150), 'corr_resp': 'z', 'thisN': 63, 'thisTrialN': 3, 'thisRepN': 15}>
153.2640 	DATA 	Keypress: c
153.2684 	EXP 	fixation: autoDraw = False
153.2684 	EXP 	line1: autoDraw = False
153.2684 	EXP 	line2: autoDraw = False
153.2684 	EXP 	line3: autoDraw = False
153.2684 	EXP 	line4: autoDraw = False
153.2684 	EXP 	probe: autoDraw = False
153.2684 	EXP 	fixation: autoDraw = True
153.4032 	EXP 	Device response: <KeyPress from None: t=153.25319708298775, value=c, duration=0.1403016250114888>
154.2572 	EXP 	fixation: autoDraw = False
154.2572 	EXP 	line1: autoDraw = True
154.2572 	EXP 	line2: autoDraw = True
154.2572 	EXP 	line3: autoDraw = True
154.2572 	EXP 	line4: autoDraw = True
155.2584 	INFO 	Keyboard events cleared
155.2582 	EXP 	probe: autoDraw = True
155.6533 	EXP 	Device response: <KeyPress from None: t=155.6493131249881, value=x, duration=None>
155.6538 	EXP 	New trial (rep=16, index=0): <Trial 64 (0 in rep 16) data={'pos': np.int64(-50), 'corr_resp': 'x', 'thisN': 64, 'thisTrialN': 0, 'thisRepN': 16}>
155.6588 	EXP 	fixation: autoDraw = False
155.6588 	EXP 	line1: autoDraw = False
155.6588 	EXP 	line2: autoDraw = False
155.6588 	EXP 	line3: autoDraw = False
155.6588 	EXP 	line4: autoDraw = False
155.6588 	EXP 	probe: autoDraw = False
155.6588 	EXP 	fixation: autoDraw = True
155.6623 	DATA 	Keypress: x
155.7868 	EXP 	Device response: <KeyPress from None: t=155.6493131249881, value=x, duration=0.1280465410090983>
155.8369 	EXP 	Device response: <KeyPress from None: t=155.83328083298693, value=z, duration=None>
155.8449 	DATA 	Keypress: z
155.9867 	EXP 	Device response: <KeyPress from None: t=155.83328083298693, value=z, duration=0.14815925000584684>
156.6522 	EXP 	line1: autoDraw = True
156.6522 	EXP 	line2: autoDraw = True
156.6522 	EXP 	line3: autoDraw = True
156.6522 	EXP 	line4: autoDraw = True
156.6564 	EXP 	fixation: autoDraw = False
157.6525 	INFO 	Keyboard events cleared
157.6523 	EXP 	probe: autoDraw = True
158.1036 	EXP 	Device response: <KeyPress from None: t=158.09915245798766, value=x, duration=None>
158.1042 	EXP 	New trial (rep=16, index=1): <Trial 65 (1 in rep 16) data={'pos': np.int64(150), 'corr_resp': 'v', 'thisN': 65, 'thisTrialN': 1, 'thisRepN': 16}>
158.1090 	EXP 	fixation: autoDraw = False
158.1090 	EXP 	line1: autoDraw = False
158.1090 	EXP 	line2: autoDraw = False
158.1090 	EXP 	line3: autoDraw = False
158.1090 	EXP 	line4: autoDraw = False
158.1090 	EXP 	probe: autoDraw = False
158.1090 	EXP 	fixation: autoDraw = True
158.1123 	DATA 	Keypress: x
158.2033 	EXP 	Device response: <KeyPress from None: t=158.09915245798766, value=x, duration=0.09637225000187755>
159.1023 	EXP 	line1: autoDraw = True
159.1023 	EXP 	line2: autoDraw = True
159.1023 	EXP 	line3: autoDraw = True
159.1023 	EXP 	line4: autoDraw = True
159.1073 	EXP 	fixation: autoDraw = False
160.1024 	INFO 	Keyboard events cleared
160.1022 	EXP 	probe: autoDraw = True
160.3701 	EXP 	Device response: <KeyPress from None: t=160.36796620799578, value=c, duration=None>
160.3709 	EXP 	New trial (rep=16, index=2): <Trial 66 (2 in rep 16) data={'pos': np.int64(50), 'corr_resp': 'c', 'thisN': 66, 'thisTrialN': 2, 'thisRepN': 16}>
160.3761 	EXP 	fixation: autoDraw = False
160.3761 	EXP 	line1: autoDraw = False
160.3761 	EXP 	line2: autoDraw = False
160.3761 	EXP 	line3: autoDraw = False
160.3761 	EXP 	line4: autoDraw = False
160.3761 	EXP 	probe: autoDraw = False
160.3761 	EXP 	fixation: autoDraw = True
160.3799 	DATA 	Keypress: c
160.5036 	EXP 	Device response: <KeyPress from None: t=160.36796620799578, value=c, duration=0.1283424169960199>
161.3688 	EXP 	line1: autoDraw = True
161.3688 	EXP 	line2: autoDraw = True
161.3688 	EXP 	line3: autoDraw = True
161.3688 	EXP 	line4: autoDraw = True
161.3738 	EXP 	fixation: autoDraw = False
162.3691 	INFO 	Keyboard events cleared
162.3689 	EXP 	probe: autoDraw = True
162.8255 	EXP 	Device response: <KeyPress from None: t=162.82089316599013, value=c, duration=None>
162.8259 	EXP 	New trial (rep=16, index=3): <Trial 67 (3 in rep 16) data={'pos': np.int64(-150), 'corr_resp': 'z', 'thisN': 67, 'thisTrialN': 3, 'thisRepN': 16}>
162.8303 	DATA 	Keypress: c
162.8347 	EXP 	fixation: autoDraw = False
162.8347 	EXP 	line1: autoDraw = False
162.8347 	EXP 	line2: autoDraw = False
162.8347 	EXP 	line3: autoDraw = False
162.8347 	EXP 	line4: autoDraw = False
162.8347 	EXP 	probe: autoDraw = False
162.8347 	EXP 	fixation: autoDraw = True
163.0202 	EXP 	Device response: <KeyPress from None: t=162.82089316599013, value=c, duration=0.19648662500549108>
163.8240 	EXP 	fixation: autoDraw = False
163.8240 	EXP 	line1: autoDraw = True
163.8240 	EXP 	line2: autoDraw = True
163.8240 	EXP 	line3: autoDraw = True
163.8240 	EXP 	line4: autoDraw = True
164.8246 	INFO 	Keyboard events cleared
164.8245 	EXP 	probe: autoDraw = True
165.2535 	EXP 	Device response: <KeyPress from None: t=165.24292887499905, value=z, duration=None>
165.2541 	EXP 	New trial (rep=17, index=0): <Trial 68 (0 in rep 17) data={'pos': np.int64(-50), 'corr_resp': 'x', 'thisN': 68, 'thisTrialN': 0, 'thisRepN': 17}>
165.2590 	DATA 	Keypress: z
165.2630 	EXP 	fixation: autoDraw = False
165.2630 	EXP 	line1: autoDraw = False
165.2630 	EXP 	line2: autoDraw = False
165.2630 	EXP 	line3: autoDraw = False
165.2630 	EXP 	line4: autoDraw = False
165.2630 	EXP 	probe: autoDraw = False
165.2630 	EXP 	fixation: autoDraw = True
165.3704 	EXP 	Device response: <KeyPress from None: t=165.24292887499905, value=z, duration=0.12430154100002255>
166.2521 	EXP 	line1: autoDraw = True
166.2521 	EXP 	line2: autoDraw = True
166.2521 	EXP 	line3: autoDraw = True
166.2521 	EXP 	line4: autoDraw = True
166.2571 	EXP 	fixation: autoDraw = False
167.2527 	INFO 	Keyboard events cleared
167.2525 	EXP 	probe: autoDraw = True
167.7701 	EXP 	Device response: <KeyPress from None: t=167.76599812498898, value=x, duration=None>
167.7708 	EXP 	New trial (rep=17, index=1): <Trial 69 (1 in rep 17) data={'pos': np.int64(150), 'corr_resp': 'v', 'thisN': 69, 'thisTrialN': 1, 'thisRepN': 17}>
167.7757 	EXP 	fixation: autoDraw = False
167.7757 	EXP 	line1: autoDraw = False
167.7757 	EXP 	line2: autoDraw = False
167.7757 	EXP 	line3: autoDraw = False
167.7757 	EXP 	line4: autoDraw = False
167.7757 	EXP 	probe: autoDraw = False
167.7757 	EXP 	fixation: autoDraw = True
167.7793 	DATA 	Keypress: x
167.8868 	EXP 	Device response: <KeyPress from None: t=167.76599812498898, value=x, duration=0.10812295800133143>
168.7689 	EXP 	line1: autoDraw = True
168.7689 	EXP 	line2: autoDraw = True
168.7689 	EXP 	line3: autoDraw = True
168.7689 	EXP 	line4: autoDraw = True
168.7736 	EXP 	fixation: autoDraw = False
169.7689 	INFO 	Keyboard events cleared
169.7687 	EXP 	probe: autoDraw = True
170.2369 	EXP 	Device response: <KeyPress from None: t=170.2309056249942, value=v, duration=None>
170.2375 	EXP 	New trial (rep=17, index=2): <Trial 70 (2 in rep 17) data={'pos': np.int64(50), 'corr_resp': 'c', 'thisN': 70, 'thisTrialN': 2, 'thisRepN': 17}>
170.2424 	DATA 	Keypress: v
170.2465 	EXP 	fixation: autoDraw = False
170.2465 	EXP 	line1: autoDraw = False
170.2465 	EXP 	line2: autoDraw = False
170.2465 	EXP 	line3: autoDraw = False
170.2465 	EXP 	line4: autoDraw = False
170.2465 	EXP 	probe: autoDraw = False
170.2465 	EXP 	fixation: autoDraw = True
170.3533 	EXP 	Device response: <KeyPress from None: t=170.2309056249942, value=v, duration=0.1122040409973124>
171.2353 	EXP 	line1: autoDraw = True
171.2353 	EXP 	line2: autoDraw = True
171.2353 	EXP 	line3: autoDraw = True
171.2353 	EXP 	line4: autoDraw = True
171.2396 	EXP 	fixation: autoDraw = False
172.2356 	INFO 	Keyboard events cleared
172.2354 	EXP 	probe: autoDraw = True
172.5908 	EXP 	Device response: <KeyPress from None: t=172.5897995409905, value=c, duration=None>
172.5912 	EXP 	New trial (rep=17, index=3): <Trial 71 (3 in rep 17) data={'pos': np.int64(-150), 'corr_resp': 'z', 'thisN': 71, 'thisTrialN': 3, 'thisRepN': 17}>
172.5955 	DATA 	Keypress: c
172.6016 	EXP 	fixation: autoDraw = False
172.6016 	EXP 	line1: autoDraw = False
172.6016 	EXP 	line2: autoDraw = False
172.6016 	EXP 	line3: autoDraw = False
172.6016 	EXP 	line4: autoDraw = False
172.6016 	EXP 	probe: autoDraw = False
172.6016 	EXP 	fixation: autoDraw = True
172.7866 	EXP 	Device response: <KeyPress from None: t=172.5897995409905, value=c, duration=0.18425845900492277>
173.5855 	EXP 	line1: autoDraw = True
173.5855 	EXP 	line2: autoDraw = True
173.5855 	EXP 	line3: autoDraw = True
173.5855 	EXP 	line4: autoDraw = True
173.5897 	EXP 	fixation: autoDraw = False
174.5914 	INFO 	Keyboard events cleared
174.5912 	EXP 	probe: autoDraw = True
175.0406 	EXP 	Device response: <KeyPress from None: t=175.0397589159984, value=z, duration=None>
175.0410 	EXP 	New trial (rep=18, index=0): <Trial 72 (0 in rep 18) data={'pos': np.int64(-50), 'corr_resp': 'x', 'thisN': 72, 'thisTrialN': 0, 'thisRepN': 18}>
175.0453 	DATA 	Keypress: z
175.0516 	EXP 	fixation: autoDraw = False
175.0516 	EXP 	line1: autoDraw = False
175.0516 	EXP 	line2: autoDraw = False
175.0516 	EXP 	line3: autoDraw = False
175.0516 	EXP 	line4: autoDraw = False
175.0516 	EXP 	probe: autoDraw = False
175.0516 	EXP 	fixation: autoDraw = True
175.1701 	EXP 	Device response: <KeyPress from None: t=175.0397589159984, value=z, duration=0.1242055420007091>
176.0354 	EXP 	line1: autoDraw = True
176.0354 	EXP 	line2: autoDraw = True
176.0354 	EXP 	line3: autoDraw = True
176.0354 	EXP 	line4: autoDraw = True
176.0404 	EXP 	fixation: autoDraw = False
177.0355 	INFO 	Keyboard events cleared
177.0353 	EXP 	probe: autoDraw = True
177.4700 	EXP 	Device response: <KeyPress from None: t=177.46663141599856, value=x, duration=None>
177.4706 	EXP 	New trial (rep=18, index=1): <Trial 73 (1 in rep 18) data={'pos': np.int64(150), 'corr_resp': 'v', 'thisN': 73, 'thisTrialN': 1, 'thisRepN': 18}>
177.4753 	EXP 	fixation: autoDraw = False
177.4753 	EXP 	line1: autoDraw = False
177.4753 	EXP 	line2: autoDraw = False
177.4753 	EXP 	line3: autoDraw = False
177.4753 	EXP 	line4: autoDraw = False
177.4753 	EXP 	probe: autoDraw = False
177.4753 	EXP 	fixation: autoDraw = True
177.4789 	DATA 	Keypress: x
177.6199 	EXP 	Device response: <KeyPress from None: t=177.46663141599856, value=x, duration=0.1444907919940306>
178.4687 	EXP 	line1: autoDraw = True
178.4687 	EXP 	line2: autoDraw = True
178.4687 	EXP 	line3: autoDraw = True
178.4687 	EXP 	line4: autoDraw = True
178.4734 	EXP 	fixation: autoDraw = False
179.4689 	INFO 	Keyboard events cleared
179.4688 	EXP 	probe: autoDraw = True
179.8700 	EXP 	Device response: <KeyPress from None: t=179.86159129098814, value=v, duration=None>
179.8706 	EXP 	New trial (rep=18, index=2): <Trial 74 (2 in rep 18) data={'pos': np.int64(50), 'corr_resp': 'c', 'thisN': 74, 'thisTrialN': 2, 'thisRepN': 18}>
179.8754 	DATA 	Keypress: v
179.8794 	EXP 	fixation: autoDraw = False
179.8794 	EXP 	line1: autoDraw = False
179.8794 	EXP 	line2: autoDraw = False
179.8794 	EXP 	line3: autoDraw = False
179.8794 	EXP 	line4: autoDraw = False
179.8794 	EXP 	probe: autoDraw = False
179.8794 	EXP 	fixation: autoDraw = True
179.9865 	EXP 	Device response: <KeyPress from None: t=179.86159129098814, value=v, duration=0.12032300001010299>
180.8687 	EXP 	line1: autoDraw = True
180.8687 	EXP 	line2: autoDraw = True
180.8687 	EXP 	line3: autoDraw = True
180.8687 	EXP 	line4: autoDraw = True
180.8736 	EXP 	fixation: autoDraw = False
181.8690 	INFO 	Keyboard events cleared
181.8688 	EXP 	probe: autoDraw = True
182.3030 	EXP 	Device response: <KeyPress from None: t=182.30156666599214, value=c, duration=None>
182.3035 	EXP 	New trial (rep=18, index=3): <Trial 75 (3 in rep 18) data={'pos': np.int64(-150), 'corr_resp': 'z', 'thisN': 75, 'thisTrialN': 3, 'thisRepN': 18}>
182.3085 	EXP 	fixation: autoDraw = False
182.3085 	EXP 	line1: autoDraw = False
182.3085 	EXP 	line2: autoDraw = False
182.3085 	EXP 	line3: autoDraw = False
182.3085 	EXP 	line4: autoDraw = False
182.3085 	EXP 	probe: autoDraw = False
182.3085 	EXP 	fixation: autoDraw = True
182.3122 	DATA 	Keypress: c
182.4867 	EXP 	Device response: <KeyPress from None: t=182.30156666599214, value=c, duration=0.1802301669958979>
183.2913 	EXP 	line1: autoDraw = True
183.2913 	EXP 	line2: autoDraw = True
183.2913 	EXP 	line3: autoDraw = True
183.2913 	EXP 	line4: autoDraw = True
183.3019 	EXP 	fixation: autoDraw = False
184.3022 	INFO 	Keyboard events cleared
184.3021 	EXP 	probe: autoDraw = True
185.0366 	EXP 	Device response: <KeyPress from None: t=185.0274175409868, value=z, duration=None>
185.0371 	EXP 	New trial (rep=19, index=0): <Trial 76 (0 in rep 19) data={'pos': np.int64(-50), 'corr_resp': 'x', 'thisN': 76, 'thisTrialN': 0, 'thisRepN': 19}>
185.0420 	DATA 	Keypress: z
185.0460 	EXP 	fixation: autoDraw = False
185.0460 	EXP 	line1: autoDraw = False
185.0460 	EXP 	line2: autoDraw = False
185.0460 	EXP 	line3: autoDraw = False
185.0460 	EXP 	line4: autoDraw = False
185.0460 	EXP 	probe: autoDraw = False
185.0460 	EXP 	fixation: autoDraw = True
185.1866 	EXP 	Device response: <KeyPress from None: t=185.0274175409868, value=z, duration=0.15645108401076868>
186.0353 	EXP 	line1: autoDraw = True
186.0353 	EXP 	line2: autoDraw = True
186.0353 	EXP 	line3: autoDraw = True
186.0353 	EXP 	line4: autoDraw = True
186.0394 	EXP 	fixation: autoDraw = False
187.0353 	INFO 	Keyboard events cleared
187.0352 	EXP 	probe: autoDraw = True
187.9727 	EXP 	Device response: <KeyPress from None: t=187.96929666599317, value=x, duration=None>
187.9729 	EXP 	New trial (rep=19, index=1): <Trial 77 (1 in rep 19) data={'pos': np.int64(150), 'corr_resp': 'v', 'thisN': 77, 'thisTrialN': 1, 'thisRepN': 19}>
187.9748 	DATA 	Keypress: x
187.9853 	EXP 	fixation: autoDraw = False
187.9853 	EXP 	line1: autoDraw = False
187.9853 	EXP 	line2: autoDraw = False
187.9853 	EXP 	line3: autoDraw = False
187.9853 	EXP 	line4: autoDraw = False
187.9853 	EXP 	probe: autoDraw = False
187.9853 	EXP 	fixation: autoDraw = True
188.0693 	EXP 	Device response: <KeyPress from None: t=187.96929666599317, value=x, duration=0.09654504200443625>
188.9687 	EXP 	line1: autoDraw = True
188.9687 	EXP 	line2: autoDraw = True
188.9687 	EXP 	line3: autoDraw = True
188.9687 	EXP 	line4: autoDraw = True
188.9737 	EXP 	fixation: autoDraw = False
189.9688 	INFO 	Keyboard events cleared
189.9687 	EXP 	probe: autoDraw = True
190.5863 	EXP 	Device response: <KeyPress from None: t=190.5772611249995, value=v, duration=None>
190.5868 	EXP 	New trial (rep=19, index=2): <Trial 78 (2 in rep 19) data={'pos': np.int64(50), 'corr_resp': 'c', 'thisN': 78, 'thisTrialN': 2, 'thisRepN': 19}>
190.5915 	DATA 	Keypress: v
190.5954 	EXP 	fixation: autoDraw = False
190.5954 	EXP 	line1: autoDraw = False
190.5954 	EXP 	line2: autoDraw = False
190.5954 	EXP 	line3: autoDraw = False
190.5954 	EXP 	line4: autoDraw = False
190.5954 	EXP 	probe: autoDraw = False
190.5954 	EXP 	fixation: autoDraw = True
190.7365 	EXP 	Device response: <KeyPress from None: t=190.5772611249995, value=v, duration=0.15248725000128616>
191.5852 	EXP 	line1: autoDraw = True
191.5852 	EXP 	line2: autoDraw = True
191.5852 	EXP 	line3: autoDraw = True
191.5852 	EXP 	line4: autoDraw = True
191.5900 	EXP 	fixation: autoDraw = False
192.5855 	INFO 	Keyboard events cleared
192.5853 	EXP 	probe: autoDraw = True
193.2195 	EXP 	Device response: <KeyPress from None: t=193.2133916249877, value=c, duration=None>
193.2199 	EXP 	New trial (rep=19, index=3): <Trial 79 (3 in rep 19) data={'pos': np.int64(-150), 'corr_resp': 'z', 'thisN': 79, 'thisTrialN': 3, 'thisRepN': 19}>
193.2245 	DATA 	Keypress: c
193.2285 	EXP 	fixation: autoDraw = False
193.2285 	EXP 	line1: autoDraw = False
193.2285 	EXP 	line2: autoDraw = False
193.2285 	EXP 	line3: autoDraw = False
193.2285 	EXP 	line4: autoDraw = False
193.2285 	EXP 	probe: autoDraw = False
193.2285 	EXP 	fixation: autoDraw = True
193.3868 	EXP 	Device response: <KeyPress from None: t=193.2133916249877, value=c, duration=0.16826162500365172>
194.2185 	EXP 	line1: autoDraw = True
194.2185 	EXP 	line2: autoDraw = True
194.2185 	EXP 	line3: autoDraw = True
194.2185 	EXP 	line4: autoDraw = True
194.2234 	EXP 	fixation: autoDraw = False
195.2187 	INFO 	Keyboard events cleared
195.2185 	EXP 	probe: autoDraw = True
195.5698 	EXP 	Device response: <KeyPress from None: t=195.56127604100038, value=z, duration=None>
195.5702 	EXP 	New trial (rep=20, index=0): <Trial 80 (0 in rep 20) data={'pos': np.int64(-50), 'corr_resp': 'x', 'thisN': 80, 'thisTrialN': 0, 'thisRepN': 20}>
195.5747 	DATA 	Keypress: z
195.5787 	EXP 	fixation: autoDraw = False
195.5787 	EXP 	line1: autoDraw = False
195.5787 	EXP 	line2: autoDraw = False
195.5787 	EXP 	line3: autoDraw = False
195.5787 	EXP 	line4: autoDraw = False
195.5787 	EXP 	probe: autoDraw = False
195.5787 	EXP 	fixation: autoDraw = True
195.7412 	EXP 	Device response: <KeyPress from None: t=195.56127604100038, value=z, duration=0.17620141699444503>
196.5687 	EXP 	line1: autoDraw = True
196.5687 	EXP 	line2: autoDraw = True
196.5687 	EXP 	line3: autoDraw = True
196.5687 	EXP 	line4: autoDraw = True
196.5737 	EXP 	fixation: autoDraw = False
197.5688 	INFO 	Keyboard events cleared
197.5686 	EXP 	probe: autoDraw = True
198.2695 	EXP 	Device response: <KeyPress from None: t=198.26713416598795, value=x, duration=None>
198.2700 	EXP 	New trial (rep=20, index=1): <Trial 81 (1 in rep 20) data={'pos': np.int64(150), 'corr_resp': 'v', 'thisN': 81, 'thisTrialN': 1, 'thisRepN': 20}>
198.2746 	EXP 	fixation: autoDraw = False
198.2746 	EXP 	line1: autoDraw = False
198.2746 	EXP 	line2: autoDraw = False
198.2746 	EXP 	line3: autoDraw = False
198.2746 	EXP 	line4: autoDraw = False
198.2746 	EXP 	probe: autoDraw = False
198.2746 	EXP 	fixation: autoDraw = True
198.2782 	DATA 	Keypress: x
198.3696 	EXP 	Device response: <KeyPress from None: t=198.26713416598795, value=x, duration=0.0963833749992773>
199.2686 	EXP 	line1: autoDraw = True
199.2686 	EXP 	line2: autoDraw = True
199.2686 	EXP 	line3: autoDraw = True
199.2686 	EXP 	line4: autoDraw = True
199.2728 	EXP 	fixation: autoDraw = False
200.2686 	INFO 	Keyboard events cleared
200.2684 	EXP 	probe: autoDraw = True
200.6865 	EXP 	Device response: <KeyPress from None: t=200.68126899999334, value=v, duration=None>
200.6870 	EXP 	New trial (rep=20, index=2): <Trial 82 (2 in rep 20) data={'pos': np.int64(50), 'corr_resp': 'c', 'thisN': 82, 'thisTrialN': 2, 'thisRepN': 20}>
200.6919 	EXP 	fixation: autoDraw = False
200.6919 	EXP 	line1: autoDraw = False
200.6919 	EXP 	line2: autoDraw = False
200.6919 	EXP 	line3: autoDraw = False
200.6919 	EXP 	line4: autoDraw = False
200.6919 	EXP 	probe: autoDraw = False
200.6919 	EXP 	fixation: autoDraw = True
200.6954 	DATA 	Keypress: v
200.8744 	EXP 	Device response: <KeyPress from None: t=200.68126899999334, value=v, duration=0.18819041599635966>
201.6852 	EXP 	line1: autoDraw = True
201.6852 	EXP 	line2: autoDraw = True
201.6852 	EXP 	line3: autoDraw = True
201.6852 	EXP 	line4: autoDraw = True
201.6901 	EXP 	fixation: autoDraw = False
202.6856 	INFO 	Keyboard events cleared
202.6854 	EXP 	probe: autoDraw = True
203.1580 	EXP 	Device response: <KeyPress from None: t=203.15507683299074, value=c, duration=None>
203.1584 	EXP 	New trial (rep=20, index=3): <Trial 83 (3 in rep 20) data={'pos': np.int64(-150), 'corr_resp': 'z', 'thisN': 83, 'thisTrialN': 3, 'thisRepN': 20}>
203.1627 	DATA 	Keypress: c
203.1677 	EXP 	fixation: autoDraw = False
203.1677 	EXP 	line1: autoDraw = False
203.1677 	EXP 	line2: autoDraw = False
203.1677 	EXP 	line3: autoDraw = False
203.1677 	EXP 	line4: autoDraw = False
203.1677 	EXP 	probe: autoDraw = False
203.1677 	EXP 	fixation: autoDraw = True
203.3196 	EXP 	Device response: <KeyPress from None: t=203.15507683299074, value=c, duration=0.1603114580066176>
204.1573 	EXP 	fixation: autoDraw = False
204.1573 	EXP 	line1: autoDraw = True
204.1573 	EXP 	line2: autoDraw = True
204.1573 	EXP 	line3: autoDraw = True
204.1573 	EXP 	line4: autoDraw = True
205.1520 	INFO 	Keyboard events cleared
205.1518 	EXP 	probe: autoDraw = True
205.4914 	EXP 	Device response: <KeyPress from None: t=205.4873184159951, value=z, duration=None>
205.4918 	EXP 	New trial (rep=21, index=0): <Trial 84 (0 in rep 21) data={'pos': np.int64(-50), 'corr_resp': 'x', 'thisN': 84, 'thisTrialN': 0, 'thisRepN': 21}>
205.4963 	DATA 	Keypress: z
205.5010 	EXP 	fixation: autoDraw = False
205.5010 	EXP 	line1: autoDraw = False
205.5010 	EXP 	line2: autoDraw = False
205.5010 	EXP 	line3: autoDraw = False
205.5010 	EXP 	line4: autoDraw = False
205.5010 	EXP 	probe: autoDraw = False
205.5010 	EXP 	fixation: autoDraw = True
205.6241 	EXP 	Device response: <KeyPress from None: t=205.4873184159951, value=z, duration=0.13187354199180845>
206.4903 	EXP 	fixation: autoDraw = False
206.4903 	EXP 	line1: autoDraw = True
206.4903 	EXP 	line2: autoDraw = True
206.4903 	EXP 	line3: autoDraw = True
206.4903 	EXP 	line4: autoDraw = True
207.4910 	INFO 	Keyboard events cleared
207.4908 	EXP 	probe: autoDraw = True
208.4531 	EXP 	Device response: <KeyPress from None: t=208.4489867079974, value=x, duration=None>
208.4537 	EXP 	New trial (rep=21, index=1): <Trial 85 (1 in rep 21) data={'pos': np.int64(150), 'corr_resp': 'v', 'thisN': 85, 'thisTrialN': 1, 'thisRepN': 21}>
208.4585 	EXP 	fixation: autoDraw = False
208.4585 	EXP 	line1: autoDraw = False
208.4585 	EXP 	line2: autoDraw = False
208.4585 	EXP 	line3: autoDraw = False
208.4585 	EXP 	line4: autoDraw = False
208.4585 	EXP 	probe: autoDraw = False
208.4585 	EXP 	fixation: autoDraw = True
208.4622 	DATA 	Keypress: x
208.5864 	EXP 	Device response: <KeyPress from None: t=208.4489867079974, value=x, duration=0.1361753749952186>
209.4518 	EXP 	line1: autoDraw = True
209.4518 	EXP 	line2: autoDraw = True
209.4518 	EXP 	line3: autoDraw = True
209.4518 	EXP 	line4: autoDraw = True
209.4569 	EXP 	fixation: autoDraw = False
210.4521 	INFO 	Keyboard events cleared
210.4519 	EXP 	probe: autoDraw = True
211.0196 	EXP 	Device response: <KeyPress from None: t=211.01083383298828, value=v, duration=None>
211.0201 	EXP 	New trial (rep=21, index=2): <Trial 86 (2 in rep 21) data={'pos': np.int64(50), 'corr_resp': 'c', 'thisN': 86, 'thisTrialN': 2, 'thisRepN': 21}>
211.0250 	DATA 	Keypress: v
211.0290 	EXP 	fixation: autoDraw = False
211.0290 	EXP 	line1: autoDraw = False
211.0290 	EXP 	line2: autoDraw = False
211.0290 	EXP 	line3: autoDraw = False
211.0290 	EXP 	line4: autoDraw = False
211.0290 	EXP 	probe: autoDraw = False
211.0290 	EXP 	fixation: autoDraw = True
211.1745 	EXP 	Device response: <KeyPress from None: t=211.01083383298828, value=v, duration=0.1603919580084039>
212.0183 	EXP 	line1: autoDraw = True
212.0183 	EXP 	line2: autoDraw = True
212.0183 	EXP 	line3: autoDraw = True
212.0183 	EXP 	line4: autoDraw = True
212.0233 	EXP 	fixation: autoDraw = False
213.0185 	INFO 	Keyboard events cleared
213.0184 	EXP 	probe: autoDraw = True
213.5195 	EXP 	Device response: <KeyPress from None: t=213.50978229098837, value=c, duration=None>
213.5201 	EXP 	New trial (rep=21, index=3): <Trial 87 (3 in rep 21) data={'pos': np.int64(-150), 'corr_resp': 'z', 'thisN': 87, 'thisTrialN': 3, 'thisRepN': 21}>
213.5248 	DATA 	Keypress: c
213.5289 	EXP 	fixation: autoDraw = False
213.5289 	EXP 	line1: autoDraw = False
213.5289 	EXP 	line2: autoDraw = False
213.5289 	EXP 	line3: autoDraw = False
213.5289 	EXP 	line4: autoDraw = False
213.5289 	EXP 	probe: autoDraw = False
213.5289 	EXP 	fixation: autoDraw = True
213.6863 	EXP 	Device response: <KeyPress from None: t=213.50978229098837, value=c, duration=0.16843075001088437>
214.5185 	EXP 	line1: autoDraw = True
214.5185 	EXP 	line2: autoDraw = True
214.5185 	EXP 	line3: autoDraw = True
214.5185 	EXP 	line4: autoDraw = True
214.5231 	EXP 	fixation: autoDraw = False
215.5185 	INFO 	Keyboard events cleared
215.5184 	EXP 	probe: autoDraw = True
216.0527 	EXP 	Device response: <KeyPress from None: t=216.04385629099852, value=z, duration=None>
216.0533 	EXP 	New trial (rep=22, index=0): <Trial 88 (0 in rep 22) data={'pos': np.int64(-50), 'corr_resp': 'x', 'thisN': 88, 'thisTrialN': 0, 'thisRepN': 22}>
216.0581 	DATA 	Keypress: z
216.0621 	EXP 	fixation: autoDraw = False
216.0621 	EXP 	line1: autoDraw = False
216.0621 	EXP 	line2: autoDraw = False
216.0621 	EXP 	line3: autoDraw = False
216.0621 	EXP 	line4: autoDraw = False
216.0621 	EXP 	probe: autoDraw = False
216.0621 	EXP 	fixation: autoDraw = True
216.2243 	EXP 	Device response: <KeyPress from None: t=216.04385629099852, value=z, duration=0.1761951669905102>
217.0517 	EXP 	line1: autoDraw = True
217.0517 	EXP 	line2: autoDraw = True
217.0517 	EXP 	line3: autoDraw = True
217.0517 	EXP 	line4: autoDraw = True
217.0568 	EXP 	fixation: autoDraw = False
218.0518 	INFO 	Keyboard events cleared
218.0517 	EXP 	probe: autoDraw = True
218.5364 	EXP 	Device response: <KeyPress from None: t=218.52427979098866, value=x, duration=None>
218.5370 	EXP 	New trial (rep=22, index=1): <Trial 89 (1 in rep 22) data={'pos': np.int64(150), 'corr_resp': 'v', 'thisN': 89, 'thisTrialN': 1, 'thisRepN': 22}>
218.5424 	DATA 	Keypress: x
218.5465 	EXP 	fixation: autoDraw = False
218.5465 	EXP 	line1: autoDraw = False
218.5465 	EXP 	line2: autoDraw = False
218.5465 	EXP 	line3: autoDraw = False
218.5465 	EXP 	line4: autoDraw = False
218.5465 	EXP 	probe: autoDraw = False
218.5465 	EXP 	fixation: autoDraw = True
218.6531 	EXP 	Device response: <KeyPress from None: t=218.52427979098866, value=x, duration=0.11574812501203269>
219.5349 	EXP 	line1: autoDraw = True
219.5349 	EXP 	line2: autoDraw = True
219.5349 	EXP 	line3: autoDraw = True
219.5349 	EXP 	line4: autoDraw = True
219.5391 	EXP 	fixation: autoDraw = False
220.5353 	INFO 	Keyboard events cleared
220.5351 	EXP 	probe: autoDraw = True
221.0198 	EXP 	Device response: <KeyPress from None: t=221.01442045799922, value=v, duration=None>
221.0203 	EXP 	New trial (rep=22, index=2): <Trial 90 (2 in rep 22) data={'pos': np.int64(50), 'corr_resp': 'c', 'thisN': 90, 'thisTrialN': 2, 'thisRepN': 22}>
221.0255 	DATA 	Keypress: v
221.0296 	EXP 	fixation: autoDraw = False
221.0296 	EXP 	line1: autoDraw = False
221.0296 	EXP 	line2: autoDraw = False
221.0296 	EXP 	line3: autoDraw = False
221.0296 	EXP 	line4: autoDraw = False
221.0296 	EXP 	probe: autoDraw = False
221.0296 	EXP 	fixation: autoDraw = True
221.2530 	EXP 	Device response: <KeyPress from None: t=221.01442045799922, value=v, duration=0.22808787498797756>
222.0183 	EXP 	line1: autoDraw = True
222.0183 	EXP 	line2: autoDraw = True
222.0183 	EXP 	line3: autoDraw = True
222.0183 	EXP 	line4: autoDraw = True
222.0234 	EXP 	fixation: autoDraw = False
223.0187 	INFO 	Keyboard events cleared
223.0185 	EXP 	probe: autoDraw = True
223.5028 	EXP 	Device response: <KeyPress from None: t=223.49260316599975, value=c, duration=None>
223.5033 	EXP 	New trial (rep=22, index=3): <Trial 91 (3 in rep 22) data={'pos': np.int64(-150), 'corr_resp': 'z', 'thisN': 91, 'thisTrialN': 3, 'thisRepN': 22}>
223.5087 	DATA 	Keypress: c
223.5127 	EXP 	fixation: autoDraw = False
223.5127 	EXP 	line1: autoDraw = False
223.5127 	EXP 	line2: autoDraw = False
223.5127 	EXP 	line3: autoDraw = False
223.5127 	EXP 	line4: autoDraw = False
223.5127 	EXP 	probe: autoDraw = False
223.5127 	EXP 	fixation: autoDraw = True
223.6696 	EXP 	Device response: <KeyPress from None: t=223.49260316599975, value=c, duration=0.16836895899905358>
224.5016 	EXP 	line1: autoDraw = True
224.5016 	EXP 	line2: autoDraw = True
224.5016 	EXP 	line3: autoDraw = True
224.5016 	EXP 	line4: autoDraw = True
224.5062 	EXP 	fixation: autoDraw = False
225.5019 	INFO 	Keyboard events cleared
225.5017 	EXP 	probe: autoDraw = True
225.9415 	EXP 	Device response: <KeyPress from None: t=225.9375058329897, value=z, duration=None>
225.9420 	EXP 	New trial (rep=23, index=0): <Trial 92 (0 in rep 23) data={'pos': np.int64(-50), 'corr_resp': 'x', 'thisN': 92, 'thisTrialN': 0, 'thisRepN': 23}>
225.9468 	DATA 	Keypress: z
225.9511 	EXP 	fixation: autoDraw = False
225.9511 	EXP 	line1: autoDraw = False
225.9511 	EXP 	line2: autoDraw = False
225.9511 	EXP 	line3: autoDraw = False
225.9511 	EXP 	line4: autoDraw = False
225.9511 	EXP 	probe: autoDraw = False
225.9511 	EXP 	fixation: autoDraw = True
226.0731 	EXP 	Device response: <KeyPress from None: t=225.9375058329897, value=z, duration=0.13239829200028908>
226.9401 	EXP 	fixation: autoDraw = False
226.9401 	EXP 	line1: autoDraw = True
226.9401 	EXP 	line2: autoDraw = True
226.9401 	EXP 	line3: autoDraw = True
226.9401 	EXP 	line4: autoDraw = True
227.9407 	INFO 	Keyboard events cleared
227.9405 	EXP 	probe: autoDraw = True
228.5412 	EXP 	Device response: <KeyPress from None: t=228.5364152080001, value=x, duration=None>
228.5416 	EXP 	New trial (rep=23, index=1): <Trial 93 (1 in rep 23) data={'pos': np.int64(150), 'corr_resp': 'v', 'thisN': 93, 'thisTrialN': 1, 'thisRepN': 23}>
228.5465 	DATA 	Keypress: x
228.5508 	EXP 	fixation: autoDraw = False
228.5508 	EXP 	line1: autoDraw = False
228.5508 	EXP 	line2: autoDraw = False
228.5508 	EXP 	line3: autoDraw = False
228.5508 	EXP 	line4: autoDraw = False
228.5508 	EXP 	probe: autoDraw = False
228.5508 	EXP 	fixation: autoDraw = True
228.6739 	EXP 	Device response: <KeyPress from None: t=228.5364152080001, value=x, duration=0.132506582987844>
229.5397 	EXP 	fixation: autoDraw = False
229.5397 	EXP 	line1: autoDraw = True
229.5397 	EXP 	line2: autoDraw = True
229.5397 	EXP 	line3: autoDraw = True
229.5397 	EXP 	line4: autoDraw = True
230.5405 	INFO 	Keyboard events cleared
230.5404 	EXP 	probe: autoDraw = True
231.0193 	EXP 	Device response: <KeyPress from None: t=231.01510549998784, value=v, duration=None>
231.0198 	EXP 	New trial (rep=23, index=2): <Trial 94 (2 in rep 23) data={'pos': np.int64(50), 'corr_resp': 'c', 'thisN': 94, 'thisTrialN': 2, 'thisRepN': 23}>
231.0245 	EXP 	fixation: autoDraw = False
231.0245 	EXP 	line1: autoDraw = False
231.0245 	EXP 	line2: autoDraw = False
231.0245 	EXP 	line3: autoDraw = False
231.0245 	EXP 	line4: autoDraw = False
231.0245 	EXP 	probe: autoDraw = False
231.0245 	EXP 	fixation: autoDraw = True
231.0284 	DATA 	Keypress: v
231.1744 	EXP 	Device response: <KeyPress from None: t=231.01510549998784, value=v, duration=0.15565941600652877>
232.0181 	EXP 	line1: autoDraw = True
232.0181 	EXP 	line2: autoDraw = True
232.0181 	EXP 	line3: autoDraw = True
232.0181 	EXP 	line4: autoDraw = True
232.0230 	EXP 	fixation: autoDraw = False
233.0185 	INFO 	Keyboard events cleared
233.0183 	EXP 	probe: autoDraw = True
233.6025 	EXP 	Device response: <KeyPress from None: t=233.60127616599493, value=c, duration=None>
233.6030 	EXP 	New trial (rep=23, index=3): <Trial 95 (3 in rep 23) data={'pos': np.int64(-150), 'corr_resp': 'z', 'thisN': 95, 'thisTrialN': 3, 'thisRepN': 23}>
233.6074 	EXP 	fixation: autoDraw = False
233.6074 	EXP 	line1: autoDraw = False
233.6074 	EXP 	line2: autoDraw = False
233.6074 	EXP 	line3: autoDraw = False
233.6074 	EXP 	line4: autoDraw = False
233.6074 	EXP 	probe: autoDraw = False
233.6074 	EXP 	fixation: autoDraw = True
233.6110 	DATA 	Keypress: c
233.7408 	EXP 	Device response: <KeyPress from None: t=233.60127616599493, value=c, duration=0.13636487499752548>
234.6018 	EXP 	line1: autoDraw = True
234.6018 	EXP 	line2: autoDraw = True
234.6018 	EXP 	line3: autoDraw = True
234.6018 	EXP 	line4: autoDraw = True
234.6068 	EXP 	fixation: autoDraw = False
235.6017 	INFO 	Keyboard events cleared
235.6015 	EXP 	probe: autoDraw = True
236.0858 	EXP 	Device response: <KeyPress from None: t=236.07723133299442, value=z, duration=None>
236.0863 	EXP 	New trial (rep=24, index=0): <Trial 96 (0 in rep 24) data={'pos': np.int64(-50), 'corr_resp': 'x', 'thisN': 96, 'thisTrialN': 0, 'thisRepN': 24}>
236.0910 	DATA 	Keypress: z
236.0949 	EXP 	fixation: autoDraw = False
236.0949 	EXP 	line1: autoDraw = False
236.0949 	EXP 	line2: autoDraw = False
236.0949 	EXP 	line3: autoDraw = False
236.0949 	EXP 	line4: autoDraw = False
236.0949 	EXP 	probe: autoDraw = False
236.0949 	EXP 	fixation: autoDraw = True
236.2191 	EXP 	Device response: <KeyPress from None: t=236.07723133299442, value=z, duration=0.1331791249976959>
237.0849 	EXP 	line1: autoDraw = True
237.0849 	EXP 	line2: autoDraw = True
237.0849 	EXP 	line3: autoDraw = True
237.0849 	EXP 	line4: autoDraw = True
237.0897 	EXP 	fixation: autoDraw = False
238.0850 	INFO 	Keyboard events cleared
238.0849 	EXP 	probe: autoDraw = True
238.6529 	EXP 	Device response: <KeyPress from None: t=238.6472822499927, value=x, duration=None>
238.6536 	EXP 	New trial (rep=24, index=1): <Trial 97 (1 in rep 24) data={'pos': np.int64(150), 'corr_resp': 'v', 'thisN': 97, 'thisTrialN': 1, 'thisRepN': 24}>
238.6592 	DATA 	Keypress: x
238.6633 	EXP 	fixation: autoDraw = False
238.6633 	EXP 	line1: autoDraw = False
238.6633 	EXP 	line2: autoDraw = False
238.6633 	EXP 	line3: autoDraw = False
238.6633 	EXP 	line4: autoDraw = False
238.6633 	EXP 	probe: autoDraw = False
238.6633 	EXP 	fixation: autoDraw = True
238.7862 	EXP 	Device response: <KeyPress from None: t=238.6472822499927, value=x, duration=0.13235141600307543>
239.6515 	EXP 	line1: autoDraw = True
239.6515 	EXP 	line2: autoDraw = True
239.6515 	EXP 	line3: autoDraw = True
239.6515 	EXP 	line4: autoDraw = True
239.6564 	EXP 	fixation: autoDraw = False
240.6516 	INFO 	Keyboard events cleared
240.6514 	EXP 	probe: autoDraw = True
241.1695 	EXP 	Device response: <KeyPress from None: t=241.16718662499625, value=v, duration=None>
241.1702 	EXP 	New trial (rep=24, index=2): <Trial 98 (2 in rep 24) data={'pos': np.int64(50), 'corr_resp': 'c', 'thisN': 98, 'thisTrialN': 2, 'thisRepN': 24}>
241.1754 	EXP 	fixation: autoDraw = False
241.1754 	EXP 	line1: autoDraw = False
241.1754 	EXP 	line2: autoDraw = False
241.1754 	EXP 	line3: autoDraw = False
241.1754 	EXP 	line4: autoDraw = False
241.1754 	EXP 	probe: autoDraw = False
241.1754 	EXP 	fixation: autoDraw = True
241.1792 	DATA 	Keypress: v
241.3694 	EXP 	Device response: <KeyPress from None: t=241.16718662499625, value=v, duration=0.20024058299895842>
242.1681 	EXP 	line1: autoDraw = True
242.1681 	EXP 	line2: autoDraw = True
242.1681 	EXP 	line3: autoDraw = True
242.1681 	EXP 	line4: autoDraw = True
242.1733 	EXP 	fixation: autoDraw = False
243.1684 	INFO 	Keyboard events cleared
243.1682 	EXP 	probe: autoDraw = True
243.7910 	EXP 	Device response: <KeyPress from None: t=243.79012454098847, value=c, duration=None>
243.7915 	EXP 	New trial (rep=24, index=3): <Trial 99 (3 in rep 24) data={'pos': np.int64(-150), 'corr_resp': 'z', 'thisN': 99, 'thisTrialN': 3, 'thisRepN': 24}>
243.7963 	DATA 	Keypress: c
243.8007 	EXP 	fixation: autoDraw = False
243.8007 	EXP 	line1: autoDraw = False
243.8007 	EXP 	line2: autoDraw = False
243.8007 	EXP 	line3: autoDraw = False
243.8007 	EXP 	line4: autoDraw = False
243.8007 	EXP 	probe: autoDraw = False
243.8007 	EXP 	fixation: autoDraw = True
243.9694 	EXP 	Device response: <KeyPress from None: t=243.79012454098847, value=c, duration=0.16830162500264123>
244.7896 	EXP 	fixation: autoDraw = False
244.7896 	EXP 	line1: autoDraw = True
244.7896 	EXP 	line2: autoDraw = True
244.7896 	EXP 	line3: autoDraw = True
244.7896 	EXP 	line4: autoDraw = True
245.7907 	INFO 	Keyboard events cleared
245.7905 	EXP 	probe: autoDraw = True
246.2361 	EXP 	Device response: <KeyPress from None: t=246.22412874999281, value=z, duration=None>
246.2367 	EXP 	New trial (rep=25, index=0): <Trial 100 (0 in rep 25) data={'pos': np.int64(-50), 'corr_resp': 'x', 'thisN': 100, 'thisTrialN': 0, 'thisRepN': 25}>
246.2419 	DATA 	Keypress: z
246.2459 	EXP 	fixation: autoDraw = False
246.2459 	EXP 	line1: autoDraw = False
246.2459 	EXP 	line2: autoDraw = False
246.2459 	EXP 	line3: autoDraw = False
246.2459 	EXP 	line4: autoDraw = False
246.2459 	EXP 	probe: autoDraw = False
246.2459 	EXP 	fixation: autoDraw = True
246.3861 	EXP 	Device response: <KeyPress from None: t=246.22412874999281, value=z, duration=0.1564161249989411>
247.2348 	EXP 	line1: autoDraw = True
247.2348 	EXP 	line2: autoDraw = True
247.2348 	EXP 	line3: autoDraw = True
247.2348 	EXP 	line4: autoDraw = True
247.2392 	EXP 	fixation: autoDraw = False
248.2349 	INFO 	Keyboard events cleared
248.2347 	EXP 	probe: autoDraw = True
248.7361 	EXP 	Device response: <KeyPress from None: t=248.72607791599876, value=x, duration=None>
248.7367 	EXP 	New trial (rep=25, index=1): <Trial 101 (1 in rep 25) data={'pos': np.int64(150), 'corr_resp': 'v', 'thisN': 101, 'thisTrialN': 1, 'thisRepN': 25}>
248.7419 	DATA 	Keypress: x
248.7459 	EXP 	fixation: autoDraw = False
248.7459 	EXP 	line1: autoDraw = False
248.7459 	EXP 	line2: autoDraw = False
248.7459 	EXP 	line3: autoDraw = False
248.7459 	EXP 	line4: autoDraw = False
248.7459 	EXP 	probe: autoDraw = False
248.7459 	EXP 	fixation: autoDraw = True
248.8694 	EXP 	Device response: <KeyPress from None: t=248.72607791599876, value=x, duration=0.1322692499961704>
249.7348 	EXP 	line1: autoDraw = True
249.7348 	EXP 	line2: autoDraw = True
249.7348 	EXP 	line3: autoDraw = True
249.7348 	EXP 	line4: autoDraw = True
249.7397 	EXP 	fixation: autoDraw = False
250.7353 	INFO 	Keyboard events cleared
250.7351 	EXP 	probe: autoDraw = True
251.2363 	EXP 	Device response: <KeyPress from None: t=251.23490816599224, value=v, duration=None>
251.2370 	EXP 	New trial (rep=25, index=2): <Trial 102 (2 in rep 25) data={'pos': np.int64(50), 'corr_resp': 'c', 'thisN': 102, 'thisTrialN': 2, 'thisRepN': 25}>
251.2422 	EXP 	fixation: autoDraw = False
251.2422 	EXP 	line1: autoDraw = False
251.2422 	EXP 	line2: autoDraw = False
251.2422 	EXP 	line3: autoDraw = False
251.2422 	EXP 	line4: autoDraw = False
251.2422 	EXP 	probe: autoDraw = False
251.2422 	EXP 	fixation: autoDraw = True
251.2463 	DATA 	Keypress: v
251.4529 	EXP 	Device response: <KeyPress from None: t=251.23490816599224, value=v, duration=0.2044048749958165>
252.2349 	EXP 	line1: autoDraw = True
252.2349 	EXP 	line2: autoDraw = True
252.2349 	EXP 	line3: autoDraw = True
252.2349 	EXP 	line4: autoDraw = True
252.2395 	EXP 	fixation: autoDraw = False
253.2350 	INFO 	Keyboard events cleared
253.2348 	EXP 	probe: autoDraw = True
253.8360 	EXP 	Device response: <KeyPress from None: t=253.82599666599708, value=c, duration=None>
253.8365 	EXP 	New trial (rep=25, index=3): <Trial 103 (3 in rep 25) data={'pos': np.int64(-150), 'corr_resp': 'z', 'thisN': 103, 'thisTrialN': 3, 'thisRepN': 25}>
253.8417 	DATA 	Keypress: c
253.8459 	EXP 	fixation: autoDraw = False
253.8459 	EXP 	line1: autoDraw = False
253.8459 	EXP 	line2: autoDraw = False
253.8459 	EXP 	line3: autoDraw = False
253.8459 	EXP 	line4: autoDraw = False
253.8459 	EXP 	probe: autoDraw = False
253.8459 	EXP 	fixation: autoDraw = True
254.0027 	EXP 	Device response: <KeyPress from None: t=253.82599666599708, value=c, duration=0.17278970900224522>
254.8350 	EXP 	line1: autoDraw = True
254.8350 	EXP 	line2: autoDraw = True
254.8350 	EXP 	line3: autoDraw = True
254.8350 	EXP 	line4: autoDraw = True
254.8397 	EXP 	fixation: autoDraw = False
255.8340 	INFO 	Keyboard events cleared
255.8339 	EXP 	probe: autoDraw = True
256.2411 	EXP 	Device response: <KeyPress from None: t=256.2398893329955, value=z, duration=None>
256.2415 	EXP 	New trial (rep=26, index=0): <Trial 104 (0 in rep 26) data={'pos': np.int64(-50), 'corr_resp': 'x', 'thisN': 104, 'thisTrialN': 0, 'thisRepN': 26}>
256.2469 	DATA 	Keypress: z
256.2510 	EXP 	fixation: autoDraw = False
256.2510 	EXP 	line1: autoDraw = False
256.2510 	EXP 	line2: autoDraw = False
256.2510 	EXP 	line3: autoDraw = False
256.2510 	EXP 	line4: autoDraw = False
256.2510 	EXP 	probe: autoDraw = False
256.2510 	EXP 	fixation: autoDraw = True
256.3397 	EXP 	Device response: <KeyPress from None: t=256.2398893329955, value=z, duration=0.09630108300189022>
257.2394 	EXP 	fixation: autoDraw = False
257.2394 	EXP 	line1: autoDraw = True
257.2394 	EXP 	line2: autoDraw = True
257.2394 	EXP 	line3: autoDraw = True
257.2394 	EXP 	line4: autoDraw = True
258.2409 	INFO 	Keyboard events cleared
258.2408 	EXP 	probe: autoDraw = True
258.7693 	EXP 	Device response: <KeyPress from None: t=258.76385224999103, value=x, duration=None>
258.7697 	EXP 	New trial (rep=26, index=1): <Trial 105 (1 in rep 26) data={'pos': np.int64(150), 'corr_resp': 'v', 'thisN': 105, 'thisTrialN': 1, 'thisRepN': 26}>
258.7747 	DATA 	Keypress: x
258.7786 	EXP 	fixation: autoDraw = False
258.7786 	EXP 	line1: autoDraw = False
258.7786 	EXP 	line2: autoDraw = False
258.7786 	EXP 	line3: autoDraw = False
258.7786 	EXP 	line4: autoDraw = False
258.7786 	EXP 	probe: autoDraw = False
258.7786 	EXP 	fixation: autoDraw = True
258.9024 	EXP 	Device response: <KeyPress from None: t=258.76385224999103, value=x, duration=0.1283125000045402>
259.7682 	EXP 	line1: autoDraw = True
259.7682 	EXP 	line2: autoDraw = True
259.7682 	EXP 	line3: autoDraw = True
259.7682 	EXP 	line4: autoDraw = True
259.7730 	EXP 	fixation: autoDraw = False
260.7681 	INFO 	Keyboard events cleared
260.7680 	EXP 	probe: autoDraw = True
261.1691 	EXP 	Device response: <KeyPress from None: t=261.1667802909942, value=v, duration=None>
261.1698 	EXP 	New trial (rep=26, index=2): <Trial 106 (2 in rep 26) data={'pos': np.int64(50), 'corr_resp': 'c', 'thisN': 106, 'thisTrialN': 2, 'thisRepN': 26}>
261.1744 	EXP 	fixation: autoDraw = False
261.1744 	EXP 	line1: autoDraw = False
261.1744 	EXP 	line2: autoDraw = False
261.1744 	EXP 	line3: autoDraw = False
261.1744 	EXP 	line4: autoDraw = False
261.1744 	EXP 	probe: autoDraw = False
261.1744 	EXP 	fixation: autoDraw = True
261.1780 	DATA 	Keypress: v
261.3526 	EXP 	Device response: <KeyPress from None: t=261.1667802909942, value=v, duration=0.1843327499955194>
262.1680 	EXP 	line1: autoDraw = True
262.1680 	EXP 	line2: autoDraw = True
262.1680 	EXP 	line3: autoDraw = True
262.1680 	EXP 	line4: autoDraw = True
262.1733 	EXP 	fixation: autoDraw = False
263.1681 	INFO 	Keyboard events cleared
263.1679 	EXP 	probe: autoDraw = True
263.7582 	EXP 	Device response: <KeyPress from None: t=263.75276920798933, value=c, duration=None>
263.7586 	EXP 	New trial (rep=26, index=3): <Trial 107 (3 in rep 26) data={'pos': np.int64(-150), 'corr_resp': 'z', 'thisN': 107, 'thisTrialN': 3, 'thisRepN': 26}>
263.7642 	DATA 	Keypress: c
263.7851 	EXP 	fixation: autoDraw = False
263.7851 	EXP 	line1: autoDraw = False
263.7851 	EXP 	line2: autoDraw = False
263.7851 	EXP 	line3: autoDraw = False
263.7851 	EXP 	line4: autoDraw = False
263.7851 	EXP 	probe: autoDraw = False
263.7851 	EXP 	fixation: autoDraw = True
263.9193 	EXP 	Device response: <KeyPress from None: t=263.75276920798933, value=c, duration=0.16431045799981803>
264.7564 	EXP 	line1: autoDraw = True
264.7564 	EXP 	line2: autoDraw = True
264.7564 	EXP 	line3: autoDraw = True
264.7564 	EXP 	line4: autoDraw = True
264.7730 	EXP 	fixation: autoDraw = False
265.7572 	INFO 	Keyboard events cleared
265.7570 	EXP 	probe: autoDraw = True
266.1191 	EXP 	Device response: <KeyPress from None: t=266.1167146249936, value=z, duration=None>
266.1197 	EXP 	New trial (rep=27, index=0): <Trial 108 (0 in rep 27) data={'pos': np.int64(-50), 'corr_resp': 'x', 'thisN': 108, 'thisTrialN': 0, 'thisRepN': 27}>
266.1246 	EXP 	fixation: autoDraw = False
266.1246 	EXP 	line1: autoDraw = False
266.1246 	EXP 	line2: autoDraw = False
266.1246 	EXP 	line3: autoDraw = False
266.1246 	EXP 	line4: autoDraw = False
266.1246 	EXP 	probe: autoDraw = False
266.1246 	EXP 	fixation: autoDraw = True
266.1289 	DATA 	Keypress: z
266.2526 	EXP 	Device response: <KeyPress from None: t=266.1167146249936, value=z, duration=0.12825591600267217>
267.1179 	EXP 	line1: autoDraw = True
267.1179 	EXP 	line2: autoDraw = True
267.1179 	EXP 	line3: autoDraw = True
267.1179 	EXP 	line4: autoDraw = True
267.1221 	EXP 	fixation: autoDraw = False
268.1180 	INFO 	Keyboard events cleared
268.1178 	EXP 	probe: autoDraw = True
268.6523 	EXP 	Device response: <KeyPress from None: t=268.6456817500002, value=x, duration=None>
268.6531 	EXP 	New trial (rep=27, index=1): <Trial 109 (1 in rep 27) data={'pos': np.int64(150), 'corr_resp': 'v', 'thisN': 109, 'thisTrialN': 1, 'thisRepN': 27}>
268.6591 	DATA 	Keypress: x
268.6634 	EXP 	fixation: autoDraw = False
268.6634 	EXP 	line1: autoDraw = False
268.6634 	EXP 	line2: autoDraw = False
268.6634 	EXP 	line3: autoDraw = False
268.6634 	EXP 	line4: autoDraw = False
268.6634 	EXP 	probe: autoDraw = False
268.6634 	EXP 	fixation: autoDraw = True
268.7359 	EXP 	Device response: <KeyPress from None: t=268.6456817500002, value=x, duration=0.08029666599759366>
269.6511 	EXP 	line1: autoDraw = True
269.6511 	EXP 	line2: autoDraw = True
269.6511 	EXP 	line3: autoDraw = True
269.6511 	EXP 	line4: autoDraw = True
269.6560 	EXP 	fixation: autoDraw = False
270.6513 	INFO 	Keyboard events cleared
270.6512 	EXP 	probe: autoDraw = True
271.0909 	EXP 	Device response: <KeyPress from None: t=271.08558912499575, value=v, duration=None>
271.0913 	EXP 	New trial (rep=27, index=2): <Trial 110 (2 in rep 27) data={'pos': np.int64(50), 'corr_resp': 'c', 'thisN': 110, 'thisTrialN': 2, 'thisRepN': 27}>
271.0968 	DATA 	Keypress: v
271.1012 	EXP 	fixation: autoDraw = False
271.1012 	EXP 	line1: autoDraw = False
271.1012 	EXP 	line2: autoDraw = False
271.1012 	EXP 	line3: autoDraw = False
271.1012 	EXP 	line4: autoDraw = False
271.1012 	EXP 	probe: autoDraw = False
271.1012 	EXP 	fixation: autoDraw = True
271.2026 	EXP 	Device response: <KeyPress from None: t=271.08558912499575, value=v, duration=0.10426533299323637>
272.0893 	EXP 	fixation: autoDraw = False
272.0893 	EXP 	line1: autoDraw = True
272.0893 	EXP 	line2: autoDraw = True
272.0893 	EXP 	line3: autoDraw = True
272.0893 	EXP 	line4: autoDraw = True
273.0903 	INFO 	Keyboard events cleared
273.0901 	EXP 	probe: autoDraw = True
273.5690 	EXP 	Device response: <KeyPress from None: t=273.5654902499955, value=c, duration=None>
273.5697 	EXP 	New trial (rep=27, index=3): <Trial 111 (3 in rep 27) data={'pos': np.int64(-150), 'corr_resp': 'z', 'thisN': 111, 'thisTrialN': 3, 'thisRepN': 27}>
273.5747 	EXP 	fixation: autoDraw = False
273.5747 	EXP 	line1: autoDraw = False
273.5747 	EXP 	line2: autoDraw = False
273.5747 	EXP 	line3: autoDraw = False
273.5747 	EXP 	line4: autoDraw = False
273.5747 	EXP 	probe: autoDraw = False
273.5747 	EXP 	fixation: autoDraw = True
273.5789 	DATA 	Keypress: c
273.7357 	EXP 	Device response: <KeyPress from None: t=273.5654902499955, value=c, duration=0.16436016600346193>
274.5679 	EXP 	line1: autoDraw = True
274.5679 	EXP 	line2: autoDraw = True
274.5679 	EXP 	line3: autoDraw = True
274.5679 	EXP 	line4: autoDraw = True
274.5730 	EXP 	fixation: autoDraw = False
275.5679 	INFO 	Keyboard events cleared
275.5677 	EXP 	probe: autoDraw = True
276.0857 	EXP 	Device response: <KeyPress from None: t=276.0805321660009, value=z, duration=None>
276.0864 	EXP 	New trial (rep=28, index=0): <Trial 112 (0 in rep 28) data={'pos': np.int64(-50), 'corr_resp': 'x', 'thisN': 112, 'thisTrialN': 0, 'thisRepN': 28}>
276.0926 	DATA 	Keypress: z
276.0969 	EXP 	fixation: autoDraw = False
276.0969 	EXP 	line1: autoDraw = False
276.0969 	EXP 	line2: autoDraw = False
276.0969 	EXP 	line3: autoDraw = False
276.0969 	EXP 	line4: autoDraw = False
276.0969 	EXP 	probe: autoDraw = False
276.0969 	EXP 	fixation: autoDraw = True
276.2068 	EXP 	Device response: <KeyPress from None: t=276.0805321660009, value=z, duration=0.1241459169978043>
277.0844 	EXP 	line1: autoDraw = True
277.0844 	EXP 	line2: autoDraw = True
277.0844 	EXP 	line3: autoDraw = True
277.0844 	EXP 	line4: autoDraw = True
277.0895 	EXP 	fixation: autoDraw = False
278.0847 	INFO 	Keyboard events cleared
278.0846 	EXP 	probe: autoDraw = True
278.4573 	EXP 	Device response: <KeyPress from None: t=278.45579741599795, value=x, duration=None>
278.4577 	EXP 	New trial (rep=28, index=1): <Trial 113 (1 in rep 28) data={'pos': np.int64(150), 'corr_resp': 'v', 'thisN': 113, 'thisTrialN': 1, 'thisRepN': 28}>
278.4638 	DATA 	Keypress: x
278.4848 	EXP 	fixation: autoDraw = False
278.4848 	EXP 	line1: autoDraw = False
278.4848 	EXP 	line2: autoDraw = False
278.4848 	EXP 	line3: autoDraw = False
278.4848 	EXP 	line4: autoDraw = False
278.4848 	EXP 	probe: autoDraw = False
278.4848 	EXP 	fixation: autoDraw = True
278.5522 	EXP 	Device response: <KeyPress from None: t=278.45579741599795, value=x, duration=0.08798779199423734>
279.4564 	EXP 	line1: autoDraw = True
279.4564 	EXP 	line2: autoDraw = True
279.4564 	EXP 	line3: autoDraw = True
279.4564 	EXP 	line4: autoDraw = True
279.4730 	EXP 	fixation: autoDraw = False
280.4571 	INFO 	Keyboard events cleared
280.4569 	EXP 	probe: autoDraw = True
280.7745 	EXP 	Device response: <KeyPress from None: t=280.770343332988, value=v, duration=None>
280.7749 	EXP 	New trial (rep=28, index=2): <Trial 114 (2 in rep 28) data={'pos': np.int64(50), 'corr_resp': 'c', 'thisN': 114, 'thisTrialN': 2, 'thisRepN': 28}>
280.7805 	DATA 	Keypress: v
280.8015 	EXP 	fixation: autoDraw = False
280.8015 	EXP 	line1: autoDraw = False
280.8015 	EXP 	line2: autoDraw = False
280.8015 	EXP 	line3: autoDraw = False
280.8015 	EXP 	line4: autoDraw = False
280.8015 	EXP 	probe: autoDraw = False
280.8015 	EXP 	fixation: autoDraw = True
280.9024 	EXP 	Device response: <KeyPress from None: t=280.770343332988, value=v, duration=0.12033508300373796>
281.7731 	EXP 	line1: autoDraw = True
281.7731 	EXP 	line2: autoDraw = True
281.7731 	EXP 	line3: autoDraw = True
281.7731 	EXP 	line4: autoDraw = True
281.7896 	EXP 	fixation: autoDraw = False
282.7736 	INFO 	Keyboard events cleared
282.7734 	EXP 	probe: autoDraw = True
283.1025 	EXP 	Device response: <KeyPress from None: t=283.10031183299725, value=c, duration=None>
283.1032 	EXP 	New trial (rep=28, index=3): <Trial 115 (3 in rep 28) data={'pos': np.int64(-150), 'corr_resp': 'z', 'thisN': 115, 'thisTrialN': 3, 'thisRepN': 28}>
283.1083 	EXP 	fixation: autoDraw = False
283.1083 	EXP 	line1: autoDraw = False
283.1083 	EXP 	line2: autoDraw = False
283.1083 	EXP 	line3: autoDraw = False
283.1083 	EXP 	line4: autoDraw = False
283.1083 	EXP 	probe: autoDraw = False
283.1083 	EXP 	fixation: autoDraw = True
283.1126 	DATA 	Keypress: c
283.2189 	EXP 	Device response: <KeyPress from None: t=283.10031183299725, value=c, duration=0.11245145800057799>
284.1011 	EXP 	line1: autoDraw = True
284.1011 	EXP 	line2: autoDraw = True
284.1011 	EXP 	line3: autoDraw = True
284.1011 	EXP 	line4: autoDraw = True
284.1055 	EXP 	fixation: autoDraw = False
285.1011 	INFO 	Keyboard events cleared
285.1010 	EXP 	probe: autoDraw = True
285.4358 	EXP 	Device response: <KeyPress from None: t=285.4251493749907, value=z, duration=None>
285.4362 	EXP 	New trial (rep=29, index=0): <Trial 116 (0 in rep 29) data={'pos': np.int64(-50), 'corr_resp': 'x', 'thisN': 116, 'thisTrialN': 0, 'thisRepN': 29}>
285.4417 	DATA 	Keypress: z
285.4460 	EXP 	fixation: autoDraw = False
285.4460 	EXP 	line1: autoDraw = False
285.4460 	EXP 	line2: autoDraw = False
285.4460 	EXP 	line3: autoDraw = False
285.4460 	EXP 	line4: autoDraw = False
285.4460 	EXP 	probe: autoDraw = False
285.4460 	EXP 	fixation: autoDraw = True
285.5186 	EXP 	Device response: <KeyPress from None: t=285.4251493749907, value=z, duration=0.09233491600025445>
286.4345 	EXP 	line1: autoDraw = True
286.4345 	EXP 	line2: autoDraw = True
286.4345 	EXP 	line3: autoDraw = True
286.4345 	EXP 	line4: autoDraw = True
286.4396 	EXP 	fixation: autoDraw = False
287.4345 	INFO 	Keyboard events cleared
287.4343 	EXP 	probe: autoDraw = True
287.9071 	EXP 	Device response: <KeyPress from None: t=287.90618366599665, value=x, duration=None>
287.9075 	EXP 	New trial (rep=29, index=1): <Trial 117 (1 in rep 29) data={'pos': np.int64(150), 'corr_resp': 'v', 'thisN': 117, 'thisTrialN': 1, 'thisRepN': 29}>
287.9130 	DATA 	Keypress: x
287.9171 	EXP 	fixation: autoDraw = False
287.9171 	EXP 	line1: autoDraw = False
287.9171 	EXP 	line2: autoDraw = False
287.9171 	EXP 	line3: autoDraw = False
287.9171 	EXP 	line4: autoDraw = False
287.9171 	EXP 	probe: autoDraw = False
287.9171 	EXP 	fixation: autoDraw = True
288.0238 	EXP 	Device response: <KeyPress from None: t=287.90618366599665, value=x, duration=0.11228841700358316>
288.9063 	EXP 	fixation: autoDraw = False
288.9063 	EXP 	line1: autoDraw = True
288.9063 	EXP 	line2: autoDraw = True
288.9063 	EXP 	line3: autoDraw = True
288.9063 	EXP 	line4: autoDraw = True
289.9068 	INFO 	Keyboard events cleared
289.9066 	EXP 	probe: autoDraw = True
290.3913 	EXP 	Device response: <KeyPress from None: t=290.3850301659986, value=v, duration=None>
290.3917 	EXP 	New trial (rep=29, index=2): <Trial 118 (2 in rep 29) data={'pos': np.int64(50), 'corr_resp': 'c', 'thisN': 118, 'thisTrialN': 2, 'thisRepN': 29}>
290.3970 	DATA 	Keypress: v
290.4011 	EXP 	fixation: autoDraw = False
290.4011 	EXP 	line1: autoDraw = False
290.4011 	EXP 	line2: autoDraw = False
290.4011 	EXP 	line3: autoDraw = False
290.4011 	EXP 	line4: autoDraw = False
290.4011 	EXP 	probe: autoDraw = False
290.4011 	EXP 	fixation: autoDraw = True
290.4688 	EXP 	Device response: <KeyPress from None: t=290.3850301659986, value=v, duration=0.0803298749960959>
291.3894 	EXP 	fixation: autoDraw = False
291.3894 	EXP 	line1: autoDraw = True
291.3894 	EXP 	line2: autoDraw = True
291.3894 	EXP 	line3: autoDraw = True
291.3894 	EXP 	line4: autoDraw = True
292.3901 	INFO 	Keyboard events cleared
292.3899 	EXP 	probe: autoDraw = True
292.8686 	EXP 	Device response: <KeyPress from None: t=292.86097704099666, value=c, duration=None>
292.8692 	EXP 	New trial (rep=29, index=3): <Trial 119 (3 in rep 29) data={'pos': np.int64(-150), 'corr_resp': 'z', 'thisN': 119, 'thisTrialN': 3, 'thisRepN': 29}>
292.8747 	DATA 	Keypress: c
292.8789 	EXP 	fixation: autoDraw = False
292.8789 	EXP 	line1: autoDraw = False
292.8789 	EXP 	line2: autoDraw = False
292.8789 	EXP 	line3: autoDraw = False
292.8789 	EXP 	line4: autoDraw = False
292.8789 	EXP 	probe: autoDraw = False
292.8789 	EXP 	fixation: autoDraw = True
292.9856 	EXP 	Device response: <KeyPress from None: t=292.86097704099666, value=c, duration=0.12042529199970886>
293.8676 	EXP 	line1: autoDraw = True
293.8676 	EXP 	line2: autoDraw = True
293.8676 	EXP 	line3: autoDraw = True
293.8676 	EXP 	line4: autoDraw = True
293.8723 	EXP 	fixation: autoDraw = False
294.8678 	INFO 	Keyboard events cleared
294.8676 	EXP 	probe: autoDraw = True
295.3361 	EXP 	Device response: <KeyPress from None: t=295.32488120799826, value=z, duration=None>
295.3370 	EXP 	New trial (rep=30, index=0): <Trial 120 (0 in rep 30) data={'pos': np.int64(-50), 'corr_resp': 'x', 'thisN': 120, 'thisTrialN': 0, 'thisRepN': 30}>
295.3424 	DATA 	Keypress: z
295.3467 	EXP 	fixation: autoDraw = False
295.3467 	EXP 	line1: autoDraw = False
295.3467 	EXP 	line2: autoDraw = False
295.3467 	EXP 	line3: autoDraw = False
295.3467 	EXP 	line4: autoDraw = False
295.3467 	EXP 	probe: autoDraw = False
295.3467 	EXP 	fixation: autoDraw = True
295.4399 	EXP 	Device response: <KeyPress from None: t=295.32488120799826, value=z, duration=0.11235662500257604>
296.3345 	EXP 	line1: autoDraw = True
296.3345 	EXP 	line2: autoDraw = True
296.3345 	EXP 	line3: autoDraw = True
296.3345 	EXP 	line4: autoDraw = True
296.3392 	EXP 	fixation: autoDraw = False
297.3346 	INFO 	Keyboard events cleared
297.3344 	EXP 	probe: autoDraw = True
297.8689 	EXP 	Device response: <KeyPress from None: t=297.8671047079988, value=x, duration=None>
297.8694 	EXP 	New trial (rep=30, index=1): <Trial 121 (1 in rep 30) data={'pos': np.int64(150), 'corr_resp': 'v', 'thisN': 121, 'thisTrialN': 1, 'thisRepN': 30}>
297.8745 	EXP 	fixation: autoDraw = False
297.8745 	EXP 	line1: autoDraw = False
297.8745 	EXP 	line2: autoDraw = False
297.8745 	EXP 	line3: autoDraw = False
297.8745 	EXP 	line4: autoDraw = False
297.8745 	EXP 	probe: autoDraw = False
297.8745 	EXP 	fixation: autoDraw = True
297.8788 	DATA 	Keypress: x
298.0065 	EXP 	Device response: <KeyPress from None: t=297.8671047079988, value=x, duration=0.1361724169983063>
298.8676 	EXP 	line1: autoDraw = True
298.8676 	EXP 	line2: autoDraw = True
298.8676 	EXP 	line3: autoDraw = True
298.8676 	EXP 	line4: autoDraw = True
298.8718 	EXP 	fixation: autoDraw = False
299.8679 	INFO 	Keyboard events cleared
299.8677 	EXP 	probe: autoDraw = True
300.2854 	EXP 	Device response: <KeyPress from None: t=300.2778762909875, value=v, duration=None>
300.2860 	EXP 	New trial (rep=30, index=2): <Trial 122 (2 in rep 30) data={'pos': np.int64(50), 'corr_resp': 'c', 'thisN': 122, 'thisTrialN': 2, 'thisRepN': 30}>
300.2912 	DATA 	Keypress: v
300.2954 	EXP 	fixation: autoDraw = False
300.2954 	EXP 	line1: autoDraw = False
300.2954 	EXP 	line2: autoDraw = False
300.2954 	EXP 	line3: autoDraw = False
300.2954 	EXP 	line4: autoDraw = False
300.2954 	EXP 	probe: autoDraw = False
300.2954 	EXP 	fixation: autoDraw = True
300.4023 	EXP 	Device response: <KeyPress from None: t=300.2778762909875, value=v, duration=0.11647058400558308>
301.2846 	EXP 	line1: autoDraw = True
301.2846 	EXP 	line2: autoDraw = True
301.2846 	EXP 	line3: autoDraw = True
301.2846 	EXP 	line4: autoDraw = True
301.2898 	EXP 	fixation: autoDraw = False
302.2843 	INFO 	Keyboard events cleared
302.2841 	EXP 	probe: autoDraw = True
302.8571 	EXP 	Device response: <KeyPress from None: t=302.85283987499133, value=c, duration=None>
302.8575 	EXP 	New trial (rep=30, index=3): <Trial 123 (3 in rep 30) data={'pos': np.int64(-150), 'corr_resp': 'z', 'thisN': 123, 'thisTrialN': 3, 'thisRepN': 30}>
302.8628 	DATA 	Keypress: c
302.8670 	EXP 	fixation: autoDraw = False
302.8670 	EXP 	line1: autoDraw = False
302.8670 	EXP 	line2: autoDraw = False
302.8670 	EXP 	line3: autoDraw = False
302.8670 	EXP 	line4: autoDraw = False
302.8670 	EXP 	probe: autoDraw = False
302.8670 	EXP 	fixation: autoDraw = True
303.0187 	EXP 	Device response: <KeyPress from None: t=302.85283987499133, value=c, duration=0.15631870800280012>
303.8560 	EXP 	fixation: autoDraw = False
303.8560 	EXP 	line1: autoDraw = True
303.8560 	EXP 	line2: autoDraw = True
303.8560 	EXP 	line3: autoDraw = True
303.8560 	EXP 	line4: autoDraw = True
304.8566 	INFO 	Keyboard events cleared
304.8564 	EXP 	probe: autoDraw = True
305.3020 	EXP 	Device response: <KeyPress from None: t=305.2977351249865, value=z, duration=None>
305.3026 	EXP 	New trial (rep=31, index=0): <Trial 124 (0 in rep 31) data={'pos': np.int64(-50), 'corr_resp': 'x', 'thisN': 124, 'thisTrialN': 0, 'thisRepN': 31}>
305.3071 	EXP 	fixation: autoDraw = False
305.3071 	EXP 	line1: autoDraw = False
305.3071 	EXP 	line2: autoDraw = False
305.3071 	EXP 	line3: autoDraw = False
305.3071 	EXP 	line4: autoDraw = False
305.3071 	EXP 	probe: autoDraw = False
305.3071 	EXP 	fixation: autoDraw = True
305.3110 	DATA 	Keypress: z
305.4021 	EXP 	Device response: <KeyPress from None: t=305.2977351249865, value=z, duration=0.10039858300297055>
306.3009 	EXP 	line1: autoDraw = True
306.3009 	EXP 	line2: autoDraw = True
306.3009 	EXP 	line3: autoDraw = True
306.3009 	EXP 	line4: autoDraw = True
306.3057 	EXP 	fixation: autoDraw = False
307.3011 	INFO 	Keyboard events cleared
307.3009 	EXP 	probe: autoDraw = True
308.0685 	EXP 	Device response: <KeyPress from None: t=308.0647146249976, value=x, duration=None>
308.0690 	EXP 	New trial (rep=31, index=1): <Trial 125 (1 in rep 31) data={'pos': np.int64(150), 'corr_resp': 'v', 'thisN': 125, 'thisTrialN': 1, 'thisRepN': 31}>
308.0742 	EXP 	fixation: autoDraw = False
308.0742 	EXP 	line1: autoDraw = False
308.0742 	EXP 	line2: autoDraw = False
308.0742 	EXP 	line3: autoDraw = False
308.0742 	EXP 	line4: autoDraw = False
308.0742 	EXP 	probe: autoDraw = False
308.0742 	EXP 	fixation: autoDraw = True
308.0783 	DATA 	Keypress: x
308.1522 	EXP 	Device response: <KeyPress from None: t=308.0647146249976, value=x, duration=0.08034383298945613>
309.0676 	EXP 	line1: autoDraw = True
309.0676 	EXP 	line2: autoDraw = True
309.0676 	EXP 	line3: autoDraw = True
309.0676 	EXP 	line4: autoDraw = True
309.0725 	EXP 	fixation: autoDraw = False
310.0676 	INFO 	Keyboard events cleared
310.0674 	EXP 	probe: autoDraw = True
310.4689 	EXP 	Device response: <KeyPress from None: t=310.45668245799607, value=v, duration=None>
310.4695 	EXP 	New trial (rep=31, index=2): <Trial 126 (2 in rep 31) data={'pos': np.int64(50), 'corr_resp': 'c', 'thisN': 126, 'thisTrialN': 2, 'thisRepN': 31}>
310.4752 	DATA 	Keypress: v
310.4794 	EXP 	fixation: autoDraw = False
310.4794 	EXP 	line1: autoDraw = False
310.4794 	EXP 	line2: autoDraw = False
310.4794 	EXP 	line3: autoDraw = False
310.4794 	EXP 	line4: autoDraw = False
310.4794 	EXP 	probe: autoDraw = False
310.4794 	EXP 	fixation: autoDraw = True
310.6689 	EXP 	Device response: <KeyPress from None: t=310.45668245799607, value=v, duration=0.2044190000015078>
311.4676 	EXP 	line1: autoDraw = True
311.4676 	EXP 	line2: autoDraw = True
311.4676 	EXP 	line3: autoDraw = True
311.4676 	EXP 	line4: autoDraw = True
311.4727 	EXP 	fixation: autoDraw = False
312.4676 	INFO 	Keyboard events cleared
312.4675 	EXP 	probe: autoDraw = True
312.9410 	EXP 	Device response: <KeyPress from None: t=312.9351021659968, value=c, duration=None>
312.9414 	EXP 	New trial (rep=31, index=3): <Trial 127 (3 in rep 31) data={'pos': np.int64(-150), 'corr_resp': 'z', 'thisN': 127, 'thisTrialN': 3, 'thisRepN': 31}>
312.9467 	DATA 	Keypress: c
312.9510 	EXP 	fixation: autoDraw = False
312.9510 	EXP 	line1: autoDraw = False
312.9510 	EXP 	line2: autoDraw = False
312.9510 	EXP 	line3: autoDraw = False
312.9510 	EXP 	line4: autoDraw = False
312.9510 	EXP 	probe: autoDraw = False
312.9510 	EXP 	fixation: autoDraw = True
313.0355 	EXP 	Device response: <KeyPress from None: t=312.9351021659968, value=c, duration=0.0958605420019012>
313.9393 	EXP 	fixation: autoDraw = False
313.9393 	EXP 	line1: autoDraw = True
313.9393 	EXP 	line2: autoDraw = True
313.9393 	EXP 	line3: autoDraw = True
313.9393 	EXP 	line4: autoDraw = True
314.9413 	INFO 	Keyboard events cleared
314.9411 	EXP 	probe: autoDraw = True
315.3240 	EXP 	Device response: <KeyPress from None: t=315.31844429099874, value=z, duration=None>
315.3244 	EXP 	New trial (rep=32, index=0): <Trial 128 (0 in rep 32) data={'pos': np.int64(-50), 'corr_resp': 'x', 'thisN': 128, 'thisTrialN': 0, 'thisRepN': 32}>
315.3297 	DATA 	Keypress: z
315.3339 	EXP 	fixation: autoDraw = False
315.3339 	EXP 	line1: autoDraw = False
315.3339 	EXP 	line2: autoDraw = False
315.3339 	EXP 	line3: autoDraw = False
315.3339 	EXP 	line4: autoDraw = False
315.3339 	EXP 	probe: autoDraw = False
315.3339 	EXP 	fixation: autoDraw = True
315.4517 	EXP 	Device response: <KeyPress from None: t=315.31844429099874, value=z, duration=0.12485708399617579>
316.3226 	EXP 	fixation: autoDraw = False
316.3226 	EXP 	line1: autoDraw = True
316.3226 	EXP 	line2: autoDraw = True
316.3226 	EXP 	line3: autoDraw = True
316.3226 	EXP 	line4: autoDraw = True
317.3234 	INFO 	Keyboard events cleared
317.3232 	EXP 	probe: autoDraw = True
317.8521 	EXP 	Device response: <KeyPress from None: t=317.8434972499963, value=x, duration=None>
317.8528 	EXP 	New trial (rep=32, index=1): <Trial 129 (1 in rep 32) data={'pos': np.int64(150), 'corr_resp': 'v', 'thisN': 129, 'thisTrialN': 1, 'thisRepN': 32}>
317.8584 	DATA 	Keypress: x
317.8625 	EXP 	fixation: autoDraw = False
317.8625 	EXP 	line1: autoDraw = False
317.8625 	EXP 	line2: autoDraw = False
317.8625 	EXP 	line3: autoDraw = False
317.8625 	EXP 	line4: autoDraw = False
317.8625 	EXP 	probe: autoDraw = False
317.8625 	EXP 	fixation: autoDraw = True
318.0230 	EXP 	Device response: <KeyPress from None: t=317.8434972499963, value=x, duration=0.17629808299534488>
318.8507 	EXP 	line1: autoDraw = True
318.8507 	EXP 	line2: autoDraw = True
318.8507 	EXP 	line3: autoDraw = True
318.8507 	EXP 	line4: autoDraw = True
318.8549 	EXP 	fixation: autoDraw = False
319.8510 	INFO 	Keyboard events cleared
319.8508 	EXP 	probe: autoDraw = True
320.2689 	EXP 	Device response: <KeyPress from None: t=320.2564502499881, value=v, duration=None>
320.2695 	EXP 	New trial (rep=32, index=2): <Trial 130 (2 in rep 32) data={'pos': np.int64(50), 'corr_resp': 'c', 'thisN': 130, 'thisTrialN': 2, 'thisRepN': 32}>
320.2753 	DATA 	Keypress: v
320.2796 	EXP 	fixation: autoDraw = False
320.2796 	EXP 	line1: autoDraw = False
320.2796 	EXP 	line2: autoDraw = False
320.2796 	EXP 	line3: autoDraw = False
320.2796 	EXP 	line4: autoDraw = False
320.2796 	EXP 	probe: autoDraw = False
320.2796 	EXP 	fixation: autoDraw = True
320.3898 	EXP 	Device response: <KeyPress from None: t=320.2564502499881, value=v, duration=0.1323200830083806>
321.2675 	EXP 	line1: autoDraw = True
321.2675 	EXP 	line2: autoDraw = True
321.2675 	EXP 	line3: autoDraw = True
321.2675 	EXP 	line4: autoDraw = True
321.2719 	EXP 	fixation: autoDraw = False
322.2675 	INFO 	Keyboard events cleared
322.2674 	EXP 	probe: autoDraw = True
322.8737 	EXP 	Device response: <KeyPress from None: t=322.8724187499902, value=c, duration=None>
322.8741 	EXP 	New trial (rep=32, index=3): <Trial 131 (3 in rep 32) data={'pos': np.int64(-150), 'corr_resp': 'z', 'thisN': 131, 'thisTrialN': 3, 'thisRepN': 32}>
322.8792 	DATA 	Keypress: c
322.8836 	EXP 	fixation: autoDraw = False
322.8836 	EXP 	line1: autoDraw = False
322.8836 	EXP 	line2: autoDraw = False
322.8836 	EXP 	line3: autoDraw = False
322.8836 	EXP 	line4: autoDraw = False
322.8836 	EXP 	probe: autoDraw = False
322.8836 	EXP 	fixation: autoDraw = True
323.0354 	EXP 	Device response: <KeyPress from None: t=322.8724187499902, value=c, duration=0.15219141599664>
323.8723 	EXP 	fixation: autoDraw = False
323.8723 	EXP 	line1: autoDraw = True
323.8723 	EXP 	line2: autoDraw = True
323.8723 	EXP 	line3: autoDraw = True
323.8723 	EXP 	line4: autoDraw = True
324.8741 	INFO 	Keyboard events cleared
324.8739 	EXP 	probe: autoDraw = True
325.3854 	EXP 	Device response: <KeyPress from None: t=325.3782984999998, value=z, duration=None>
325.3861 	EXP 	New trial (rep=33, index=0): <Trial 132 (0 in rep 33) data={'pos': np.int64(-50), 'corr_resp': 'x', 'thisN': 132, 'thisTrialN': 0, 'thisRepN': 33}>
325.3916 	DATA 	Keypress: z
325.3957 	EXP 	fixation: autoDraw = False
325.3957 	EXP 	line1: autoDraw = False
325.3957 	EXP 	line2: autoDraw = False
325.3957 	EXP 	line3: autoDraw = False
325.3957 	EXP 	line4: autoDraw = False
325.3957 	EXP 	probe: autoDraw = False
325.3957 	EXP 	fixation: autoDraw = True
325.5021 	EXP 	Device response: <KeyPress from None: t=325.3782984999998, value=z, duration=0.12037262499507051>
326.3840 	EXP 	line1: autoDraw = True
326.3840 	EXP 	line2: autoDraw = True
326.3840 	EXP 	line3: autoDraw = True
326.3840 	EXP 	line4: autoDraw = True
326.3884 	EXP 	fixation: autoDraw = False
327.3842 	INFO 	Keyboard events cleared
327.3840 	EXP 	probe: autoDraw = True
327.7685 	EXP 	Device response: <KeyPress from None: t=327.76135654099926, value=x, duration=None>
327.7691 	EXP 	New trial (rep=33, index=1): <Trial 133 (1 in rep 33) data={'pos': np.int64(150), 'corr_resp': 'v', 'thisN': 133, 'thisTrialN': 1, 'thisRepN': 33}>
327.7743 	DATA 	Keypress: x
327.7784 	EXP 	fixation: autoDraw = False
327.7784 	EXP 	line1: autoDraw = False
327.7784 	EXP 	line2: autoDraw = False
327.7784 	EXP 	line3: autoDraw = False
327.7784 	EXP 	line4: autoDraw = False
327.7784 	EXP 	probe: autoDraw = False
327.7784 	EXP 	fixation: autoDraw = True
327.8686 	EXP 	Device response: <KeyPress from None: t=327.76135654099926, value=x, duration=0.10027845899458043>
328.7673 	EXP 	line1: autoDraw = True
328.7673 	EXP 	line2: autoDraw = True
328.7673 	EXP 	line3: autoDraw = True
328.7673 	EXP 	line4: autoDraw = True
328.7721 	EXP 	fixation: autoDraw = False
329.7675 	INFO 	Keyboard events cleared
329.7674 	EXP 	probe: autoDraw = True
330.2854 	EXP 	Device response: <KeyPress from None: t=330.2822469579987, value=v, duration=None>
330.2860 	EXP 	New trial (rep=33, index=2): <Trial 134 (2 in rep 33) data={'pos': np.int64(50), 'corr_resp': 'c', 'thisN': 134, 'thisTrialN': 2, 'thisRepN': 33}>
330.2913 	EXP 	fixation: autoDraw = False
330.2913 	EXP 	line1: autoDraw = False
330.2913 	EXP 	line2: autoDraw = False
330.2913 	EXP 	line3: autoDraw = False
330.2913 	EXP 	line4: autoDraw = False
330.2913 	EXP 	probe: autoDraw = False
330.2913 	EXP 	fixation: autoDraw = True
330.2953 	DATA 	Keypress: v
330.4853 	EXP 	Device response: <KeyPress from None: t=330.2822469579987, value=v, duration=0.19218495799577795>
331.2841 	EXP 	line1: autoDraw = True
331.2841 	EXP 	line2: autoDraw = True
331.2841 	EXP 	line3: autoDraw = True
331.2841 	EXP 	line4: autoDraw = True
331.2886 	EXP 	fixation: autoDraw = False
332.2841 	INFO 	Keyboard events cleared
332.2839 	EXP 	probe: autoDraw = True
332.7853 	EXP 	Device response: <KeyPress from None: t=332.78321295799105, value=c, duration=None>
332.7859 	EXP 	New trial (rep=33, index=3): <Trial 135 (3 in rep 33) data={'pos': np.int64(-150), 'corr_resp': 'z', 'thisN': 135, 'thisTrialN': 3, 'thisRepN': 33}>
332.7910 	EXP 	fixation: autoDraw = False
332.7910 	EXP 	line1: autoDraw = False
332.7910 	EXP 	line2: autoDraw = False
332.7910 	EXP 	line3: autoDraw = False
332.7910 	EXP 	line4: autoDraw = False
332.7910 	EXP 	probe: autoDraw = False
332.7910 	EXP 	fixation: autoDraw = True
332.7948 	DATA 	Keypress: c
332.9682 	EXP 	Device response: <KeyPress from None: t=332.78321295799105, value=c, duration=0.17626129199925344>
333.7840 	EXP 	line1: autoDraw = True
333.7840 	EXP 	line2: autoDraw = True
333.7840 	EXP 	line3: autoDraw = True
333.7840 	EXP 	line4: autoDraw = True
333.7891 	EXP 	fixation: autoDraw = False
334.7840 	INFO 	Keyboard events cleared
334.7839 	EXP 	probe: autoDraw = True
335.2350 	EXP 	Device response: <KeyPress from None: t=335.2339976249932, value=z, duration=None>
335.2356 	EXP 	New trial (rep=34, index=0): <Trial 136 (0 in rep 34) data={'pos': np.int64(-50), 'corr_resp': 'x', 'thisN': 136, 'thisTrialN': 0, 'thisRepN': 34}>
335.2405 	EXP 	fixation: autoDraw = False
335.2405 	EXP 	line1: autoDraw = False
335.2405 	EXP 	line2: autoDraw = False
335.2405 	EXP 	line3: autoDraw = False
335.2405 	EXP 	line4: autoDraw = False
335.2405 	EXP 	probe: autoDraw = False
335.2405 	EXP 	fixation: autoDraw = True
335.2442 	DATA 	Keypress: z
335.3736 	EXP 	Device response: <KeyPress from None: t=335.2339976249932, value=z, duration=0.136438083005487>
336.2339 	EXP 	line1: autoDraw = True
336.2339 	EXP 	line2: autoDraw = True
336.2339 	EXP 	line3: autoDraw = True
336.2339 	EXP 	line4: autoDraw = True
336.2387 	EXP 	fixation: autoDraw = False
337.2341 	INFO 	Keyboard events cleared
337.2340 	EXP 	probe: autoDraw = True
337.7070 	EXP 	Device response: <KeyPress from None: t=337.704984290991, value=x, duration=None>
337.7074 	EXP 	New trial (rep=34, index=1): <Trial 137 (1 in rep 34) data={'pos': np.int64(150), 'corr_resp': 'v', 'thisN': 137, 'thisTrialN': 1, 'thisRepN': 34}>
337.7127 	DATA 	Keypress: x
337.7170 	EXP 	fixation: autoDraw = False
337.7170 	EXP 	line1: autoDraw = False
337.7170 	EXP 	line2: autoDraw = False
337.7170 	EXP 	line3: autoDraw = False
337.7170 	EXP 	line4: autoDraw = False
337.7170 	EXP 	probe: autoDraw = False
337.7170 	EXP 	fixation: autoDraw = True
337.8062 	EXP 	Device response: <KeyPress from None: t=337.704984290991, value=x, duration=0.09640033400501125>
338.7055 	EXP 	fixation: autoDraw = False
338.7055 	EXP 	line1: autoDraw = True
338.7055 	EXP 	line2: autoDraw = True
338.7055 	EXP 	line3: autoDraw = True
338.7055 	EXP 	line4: autoDraw = True
339.7008 	INFO 	Keyboard events cleared
339.7006 	EXP 	probe: autoDraw = True
340.1352 	EXP 	Device response: <KeyPress from None: t=340.1248906249966, value=v, duration=None>
340.1357 	EXP 	New trial (rep=34, index=2): <Trial 138 (2 in rep 34) data={'pos': np.int64(50), 'corr_resp': 'c', 'thisN': 138, 'thisTrialN': 2, 'thisRepN': 34}>
340.1408 	DATA 	Keypress: v
340.1449 	EXP 	fixation: autoDraw = False
340.1449 	EXP 	line1: autoDraw = False
340.1449 	EXP 	line2: autoDraw = False
340.1449 	EXP 	line3: autoDraw = False
340.1449 	EXP 	line4: autoDraw = False
340.1449 	EXP 	probe: autoDraw = False
340.1449 	EXP 	fixation: autoDraw = True
340.3019 	EXP 	Device response: <KeyPress from None: t=340.1248906249966, value=v, duration=0.16475712499232031>
341.1340 	EXP 	line1: autoDraw = True
341.1340 	EXP 	line2: autoDraw = True
341.1340 	EXP 	line3: autoDraw = True
341.1340 	EXP 	line4: autoDraw = True
341.1391 	EXP 	fixation: autoDraw = False
342.1341 	INFO 	Keyboard events cleared
342.1339 	EXP 	probe: autoDraw = True
342.6400 	EXP 	Device response: <KeyPress from None: t=342.63897741599067, value=v, duration=None>
342.6403 	EXP 	New trial (rep=34, index=3): <Trial 139 (3 in rep 34) data={'pos': np.int64(-150), 'corr_resp': 'z', 'thisN': 139, 'thisTrialN': 3, 'thisRepN': 34}>
342.6455 	DATA 	Keypress: v
342.6500 	EXP 	fixation: autoDraw = False
342.6500 	EXP 	line1: autoDraw = False
342.6500 	EXP 	line2: autoDraw = False
342.6500 	EXP 	line3: autoDraw = False
342.6500 	EXP 	line4: autoDraw = False
342.6500 	EXP 	probe: autoDraw = False
342.6500 	EXP 	fixation: autoDraw = True
342.7015 	EXP 	Device response: <KeyPress from None: t=342.63897741599067, value=v, duration=0.06030754200764932>
343.6391 	EXP 	fixation: autoDraw = False
343.6391 	EXP 	line1: autoDraw = True
343.6391 	EXP 	line2: autoDraw = True
343.6391 	EXP 	line3: autoDraw = True
343.6391 	EXP 	line4: autoDraw = True
344.6396 	INFO 	Keyboard events cleared
344.6394 	EXP 	probe: autoDraw = True
345.0852 	EXP 	Device response: <KeyPress from None: t=345.08391149999807, value=z, duration=None>
345.0861 	EXP 	New trial (rep=35, index=0): <Trial 140 (0 in rep 35) data={'pos': np.int64(-50), 'corr_resp': 'x', 'thisN': 140, 'thisTrialN': 0, 'thisRepN': 35}>
345.0907 	EXP 	fixation: autoDraw = False
345.0907 	EXP 	line1: autoDraw = False
345.0907 	EXP 	line2: autoDraw = False
345.0907 	EXP 	line3: autoDraw = False
345.0907 	EXP 	line4: autoDraw = False
345.0907 	EXP 	probe: autoDraw = False
345.0907 	EXP 	fixation: autoDraw = True
345.0950 	DATA 	Keypress: z
345.2351 	EXP 	Device response: <KeyPress from None: t=345.08391149999807, value=z, duration=0.1443229159922339>
346.0839 	EXP 	line1: autoDraw = True
346.0839 	EXP 	line2: autoDraw = True
346.0839 	EXP 	line3: autoDraw = True
346.0839 	EXP 	line4: autoDraw = True
346.0889 	EXP 	fixation: autoDraw = False
347.0842 	INFO 	Keyboard events cleared
347.0840 	EXP 	probe: autoDraw = True
347.5181 	EXP 	Device response: <KeyPress from None: t=347.50981708298787, value=x, duration=None>
347.5186 	EXP 	New trial (rep=35, index=1): <Trial 141 (1 in rep 35) data={'pos': np.int64(150), 'corr_resp': 'v', 'thisN': 141, 'thisTrialN': 1, 'thisRepN': 35}>
347.5238 	DATA 	Keypress: x
347.5280 	EXP 	fixation: autoDraw = False
347.5280 	EXP 	line1: autoDraw = False
347.5280 	EXP 	line2: autoDraw = False
347.5280 	EXP 	line3: autoDraw = False
347.5280 	EXP 	line4: autoDraw = False
347.5280 	EXP 	probe: autoDraw = False
347.5280 	EXP 	fixation: autoDraw = True
347.6851 	EXP 	Device response: <KeyPress from None: t=347.50981708298787, value=x, duration=0.1683656250097556>
348.5171 	EXP 	line1: autoDraw = True
348.5171 	EXP 	line2: autoDraw = True
348.5171 	EXP 	line3: autoDraw = True
348.5171 	EXP 	line4: autoDraw = True
348.5214 	EXP 	fixation: autoDraw = False
349.5173 	INFO 	Keyboard events cleared
349.5172 	EXP 	probe: autoDraw = True
349.9739 	EXP 	Device response: <KeyPress from None: t=349.9676888749964, value=v, duration=None>
349.9743 	EXP 	New trial (rep=35, index=2): <Trial 142 (2 in rep 35) data={'pos': np.int64(50), 'corr_resp': 'c', 'thisN': 142, 'thisTrialN': 2, 'thisRepN': 35}>
349.9795 	DATA 	Keypress: v
349.9837 	EXP 	fixation: autoDraw = False
349.9837 	EXP 	line1: autoDraw = False
349.9837 	EXP 	line2: autoDraw = False
349.9837 	EXP 	line3: autoDraw = False
349.9837 	EXP 	line4: autoDraw = False
349.9837 	EXP 	probe: autoDraw = False
349.9837 	EXP 	fixation: autoDraw = True
350.1518 	EXP 	Device response: <KeyPress from None: t=349.9676888749964, value=v, duration=0.18040862499037758>
350.9728 	EXP 	fixation: autoDraw = False
350.9728 	EXP 	line1: autoDraw = True
350.9728 	EXP 	line2: autoDraw = True
350.9728 	EXP 	line3: autoDraw = True
350.9728 	EXP 	line4: autoDraw = True
351.9721 	INFO 	Keyboard events cleared
351.9719 	EXP 	probe: autoDraw = True
352.3851 	EXP 	Device response: <KeyPress from None: t=352.3737478749972, value=c, duration=None>
352.3857 	EXP 	New trial (rep=35, index=3): <Trial 143 (3 in rep 35) data={'pos': np.int64(-150), 'corr_resp': 'z', 'thisN': 143, 'thisTrialN': 3, 'thisRepN': 35}>
352.3911 	DATA 	Keypress: c
352.3952 	EXP 	fixation: autoDraw = False
352.3952 	EXP 	line1: autoDraw = False
352.3952 	EXP 	line2: autoDraw = False
352.3952 	EXP 	line3: autoDraw = False
352.3952 	EXP 	line4: autoDraw = False
352.3952 	EXP 	probe: autoDraw = False
352.3952 	EXP 	fixation: autoDraw = True
352.5017 	EXP 	Device response: <KeyPress from None: t=352.3737478749972, value=c, duration=0.12019654100004118>
353.3842 	EXP 	line1: autoDraw = True
353.3842 	EXP 	line2: autoDraw = True
353.3842 	EXP 	line3: autoDraw = True
353.3842 	EXP 	line4: autoDraw = True
353.3888 	EXP 	fixation: autoDraw = False
354.3840 	INFO 	Keyboard events cleared
354.3839 	EXP 	probe: autoDraw = True
354.8240 	EXP 	Device response: <KeyPress from None: t=354.8226997499878, value=z, duration=None>
354.8244 	EXP 	New trial (rep=36, index=0): <Trial 144 (0 in rep 36) data={'pos': np.int64(-50), 'corr_resp': 'x', 'thisN': 144, 'thisTrialN': 0, 'thisRepN': 36}>
354.8295 	DATA 	Keypress: z
354.8337 	EXP 	fixation: autoDraw = False
354.8337 	EXP 	line1: autoDraw = False
354.8337 	EXP 	line2: autoDraw = False
354.8337 	EXP 	line3: autoDraw = False
354.8337 	EXP 	line4: autoDraw = False
354.8337 	EXP 	probe: autoDraw = False
354.8337 	EXP 	fixation: autoDraw = True
354.9558 	EXP 	Device response: <KeyPress from None: t=354.8226997499878, value=z, duration=0.13218429101107176>
355.8221 	EXP 	fixation: autoDraw = False
355.8221 	EXP 	line1: autoDraw = True
355.8221 	EXP 	line2: autoDraw = True
355.8221 	EXP 	line3: autoDraw = True
355.8221 	EXP 	line4: autoDraw = True
356.8231 	INFO 	Keyboard events cleared
356.8229 	EXP 	probe: autoDraw = True
357.1738 	EXP 	Device response: <KeyPress from None: t=357.17061479100084, value=x, duration=None>
357.1742 	EXP 	New trial (rep=36, index=1): <Trial 145 (1 in rep 36) data={'pos': np.int64(150), 'corr_resp': 'v', 'thisN': 145, 'thisTrialN': 1, 'thisRepN': 36}>
357.1795 	DATA 	Keypress: x
357.1837 	EXP 	fixation: autoDraw = False
357.1837 	EXP 	line1: autoDraw = False
357.1837 	EXP 	line2: autoDraw = False
357.1837 	EXP 	line3: autoDraw = False
357.1837 	EXP 	line4: autoDraw = False
357.1837 	EXP 	probe: autoDraw = False
357.1837 	EXP 	fixation: autoDraw = True
357.2850 	EXP 	Device response: <KeyPress from None: t=357.17061479100084, value=x, duration=0.10439337498974055>
358.1727 	EXP 	fixation: autoDraw = False
358.1727 	EXP 	line1: autoDraw = True
358.1727 	EXP 	line2: autoDraw = True
358.1727 	EXP 	line3: autoDraw = True
358.1727 	EXP 	line4: autoDraw = True
359.1730 	INFO 	Keyboard events cleared
359.1728 	EXP 	probe: autoDraw = True
359.6569 	EXP 	Device response: <KeyPress from None: t=359.6535869999934, value=v, duration=None>
359.6573 	EXP 	New trial (rep=36, index=2): <Trial 146 (2 in rep 36) data={'pos': np.int64(50), 'corr_resp': 'c', 'thisN': 146, 'thisTrialN': 2, 'thisRepN': 36}>
359.6626 	DATA 	Keypress: v
359.6668 	EXP 	fixation: autoDraw = False
359.6668 	EXP 	line1: autoDraw = False
359.6668 	EXP 	line2: autoDraw = False
359.6668 	EXP 	line3: autoDraw = False
359.6668 	EXP 	line4: autoDraw = False
359.6668 	EXP 	probe: autoDraw = False
359.6668 	EXP 	fixation: autoDraw = True
359.8016 	EXP 	Device response: <KeyPress from None: t=359.6535869999934, value=v, duration=0.13624737500504125>
360.6553 	EXP 	fixation: autoDraw = False
360.6553 	EXP 	line1: autoDraw = True
360.6553 	EXP 	line2: autoDraw = True
360.6553 	EXP 	line3: autoDraw = True
360.6553 	EXP 	line4: autoDraw = True
361.6565 	INFO 	Keyboard events cleared
361.6563 	EXP 	probe: autoDraw = True
362.2185 	EXP 	Device response: <KeyPress from None: t=362.21458449999045, value=c, duration=None>
362.2191 	EXP 	New trial (rep=36, index=3): <Trial 147 (3 in rep 36) data={'pos': np.int64(-150), 'corr_resp': 'z', 'thisN': 147, 'thisTrialN': 3, 'thisRepN': 36}>
362.2242 	EXP 	fixation: autoDraw = False
362.2242 	EXP 	line1: autoDraw = False
362.2242 	EXP 	line2: autoDraw = False
362.2242 	EXP 	line3: autoDraw = False
362.2242 	EXP 	line4: autoDraw = False
362.2242 	EXP 	probe: autoDraw = False
362.2242 	EXP 	fixation: autoDraw = True
362.2287 	DATA 	Keypress: c
362.3851 	EXP 	Device response: <KeyPress from None: t=362.21458449999045, value=c, duration=0.16423970799951348>
363.2171 	EXP 	line1: autoDraw = True
363.2171 	EXP 	line2: autoDraw = True
363.2171 	EXP 	line3: autoDraw = True
363.2171 	EXP 	line4: autoDraw = True
363.2223 	EXP 	fixation: autoDraw = False
364.2173 	INFO 	Keyboard events cleared
364.2171 	EXP 	probe: autoDraw = True
364.6683 	EXP 	Device response: <KeyPress from None: t=364.6583854579949, value=z, duration=None>
364.6689 	EXP 	New trial (rep=37, index=0): <Trial 148 (0 in rep 37) data={'pos': np.int64(-50), 'corr_resp': 'x', 'thisN': 148, 'thisTrialN': 0, 'thisRepN': 37}>
364.6749 	DATA 	Keypress: z
364.6790 	EXP 	fixation: autoDraw = False
364.6790 	EXP 	line1: autoDraw = False
364.6790 	EXP 	line2: autoDraw = False
364.6790 	EXP 	line3: autoDraw = False
364.6790 	EXP 	line4: autoDraw = False
364.6790 	EXP 	probe: autoDraw = False
364.6790 	EXP 	fixation: autoDraw = True
364.8517 	EXP 	Device response: <KeyPress from None: t=364.6583854579949, value=z, duration=0.18038204200274777>
365.6670 	EXP 	line1: autoDraw = True
365.6670 	EXP 	line2: autoDraw = True
365.6670 	EXP 	line3: autoDraw = True
365.6670 	EXP 	line4: autoDraw = True
365.6712 	EXP 	fixation: autoDraw = False
366.6673 	INFO 	Keyboard events cleared
366.6671 	EXP 	probe: autoDraw = True
367.4680 	EXP 	Device response: <KeyPress from None: t=367.46037845799583, value=x, duration=None>
367.4685 	EXP 	New trial (rep=37, index=1): <Trial 149 (1 in rep 37) data={'pos': np.int64(150), 'corr_resp': 'v', 'thisN': 149, 'thisTrialN': 1, 'thisRepN': 37}>
367.4737 	DATA 	Keypress: x
367.4780 	EXP 	fixation: autoDraw = False
367.4780 	EXP 	line1: autoDraw = False
367.4780 	EXP 	line2: autoDraw = False
367.4780 	EXP 	line3: autoDraw = False
367.4780 	EXP 	line4: autoDraw = False
367.4780 	EXP 	probe: autoDraw = False
367.4780 	EXP 	fixation: autoDraw = True
367.6349 	EXP 	Device response: <KeyPress from None: t=367.46037845799583, value=x, duration=0.1642505420022644>
368.4671 	EXP 	line1: autoDraw = True
368.4671 	EXP 	line2: autoDraw = True
368.4671 	EXP 	line3: autoDraw = True
368.4671 	EXP 	line4: autoDraw = True
368.4718 	EXP 	fixation: autoDraw = False
369.4671 	INFO 	Keyboard events cleared
369.4670 	EXP 	probe: autoDraw = True
369.9015 	EXP 	Device response: <KeyPress from None: t=369.8903488329961, value=v, duration=None>
369.9021 	EXP 	New trial (rep=37, index=2): <Trial 150 (2 in rep 37) data={'pos': np.int64(50), 'corr_resp': 'c', 'thisN': 150, 'thisTrialN': 2, 'thisRepN': 37}>
369.9079 	DATA 	Keypress: v
369.9121 	EXP 	fixation: autoDraw = False
369.9121 	EXP 	line1: autoDraw = False
369.9121 	EXP 	line2: autoDraw = False
369.9121 	EXP 	line3: autoDraw = False
369.9121 	EXP 	line4: autoDraw = False
369.9121 	EXP 	probe: autoDraw = False
369.9121 	EXP 	fixation: autoDraw = True
370.0516 	EXP 	Device response: <KeyPress from None: t=369.8903488329961, value=v, duration=0.1563969580020057>
370.9003 	EXP 	line1: autoDraw = True
370.9003 	EXP 	line2: autoDraw = True
370.9003 	EXP 	line3: autoDraw = True
370.9003 	EXP 	line4: autoDraw = True
370.9052 	EXP 	fixation: autoDraw = False
371.9006 	INFO 	Keyboard events cleared
371.9004 	EXP 	probe: autoDraw = True
372.3347 	EXP 	Device response: <KeyPress from None: t=372.3251974579907, value=c, duration=None>
372.3353 	EXP 	New trial (rep=37, index=3): <Trial 151 (3 in rep 37) data={'pos': np.int64(-150), 'corr_resp': 'z', 'thisN': 151, 'thisTrialN': 3, 'thisRepN': 37}>
372.3408 	DATA 	Keypress: c
372.3449 	EXP 	fixation: autoDraw = False
372.3449 	EXP 	line1: autoDraw = False
372.3449 	EXP 	line2: autoDraw = False
372.3449 	EXP 	line3: autoDraw = False
372.3449 	EXP 	line4: autoDraw = False
372.3449 	EXP 	probe: autoDraw = False
372.3449 	EXP 	fixation: autoDraw = True
372.4726 	EXP 	Device response: <KeyPress from None: t=372.3251974579907, value=c, duration=0.1443545000074664>
373.3336 	EXP 	line1: autoDraw = True
373.3336 	EXP 	line2: autoDraw = True
373.3336 	EXP 	line3: autoDraw = True
373.3336 	EXP 	line4: autoDraw = True
373.3388 	EXP 	fixation: autoDraw = False
374.3339 	INFO 	Keyboard events cleared
374.3337 	EXP 	probe: autoDraw = True
374.7680 	EXP 	Device response: <KeyPress from None: t=374.76233504099946, value=z, duration=None>
374.7685 	EXP 	New trial (rep=38, index=0): <Trial 152 (0 in rep 38) data={'pos': np.int64(-50), 'corr_resp': 'x', 'thisN': 152, 'thisTrialN': 0, 'thisRepN': 38}>
374.7744 	DATA 	Keypress: z
374.7787 	EXP 	fixation: autoDraw = False
374.7787 	EXP 	line1: autoDraw = False
374.7787 	EXP 	line2: autoDraw = False
374.7787 	EXP 	line3: autoDraw = False
374.7787 	EXP 	line4: autoDraw = False
374.7787 	EXP 	probe: autoDraw = False
374.7787 	EXP 	fixation: autoDraw = True
374.9680 	EXP 	Device response: <KeyPress from None: t=374.76233504099946, value=z, duration=0.20038429199485108>
375.7671 	EXP 	line1: autoDraw = True
375.7671 	EXP 	line2: autoDraw = True
375.7671 	EXP 	line3: autoDraw = True
375.7671 	EXP 	line4: autoDraw = True
375.7715 	EXP 	fixation: autoDraw = False
376.7671 	INFO 	Keyboard events cleared
376.7669 	EXP 	probe: autoDraw = True
377.1239 	EXP 	Device response: <KeyPress from None: t=377.11921058299777, value=x, duration=None>
377.1243 	EXP 	New trial (rep=38, index=1): <Trial 153 (1 in rep 38) data={'pos': np.int64(150), 'corr_resp': 'v', 'thisN': 153, 'thisTrialN': 1, 'thisRepN': 38}>
377.1297 	DATA 	Keypress: x
377.1506 	EXP 	fixation: autoDraw = False
377.1506 	EXP 	line1: autoDraw = False
377.1506 	EXP 	line2: autoDraw = False
377.1506 	EXP 	line3: autoDraw = False
377.1506 	EXP 	line4: autoDraw = False
377.1506 	EXP 	probe: autoDraw = False
377.1506 	EXP 	fixation: autoDraw = True
377.2517 	EXP 	Device response: <KeyPress from None: t=377.11921058299777, value=x, duration=0.1203087079920806>
378.1220 	EXP 	line1: autoDraw = True
378.1220 	EXP 	line2: autoDraw = True
378.1220 	EXP 	line3: autoDraw = True
378.1220 	EXP 	line4: autoDraw = True
378.1383 	EXP 	fixation: autoDraw = False
379.1227 	INFO 	Keyboard events cleared
379.1225 	EXP 	probe: autoDraw = True
379.6181 	EXP 	Device response: <KeyPress from None: t=379.61306274999515, value=v, duration=None>
379.6186 	EXP 	New trial (rep=38, index=2): <Trial 154 (2 in rep 38) data={'pos': np.int64(50), 'corr_resp': 'c', 'thisN': 154, 'thisTrialN': 2, 'thisRepN': 38}>
379.6238 	DATA 	Keypress: v
379.6279 	EXP 	fixation: autoDraw = False
379.6279 	EXP 	line1: autoDraw = False
379.6279 	EXP 	line2: autoDraw = False
379.6279 	EXP 	line3: autoDraw = False
379.6279 	EXP 	line4: autoDraw = False
379.6279 	EXP 	probe: autoDraw = False
379.6279 	EXP 	fixation: autoDraw = True
379.7682 	EXP 	Device response: <KeyPress from None: t=379.61306274999515, value=v, duration=0.14843449999170844>
380.6169 	EXP 	line1: autoDraw = True
380.6169 	EXP 	line2: autoDraw = True
380.6169 	EXP 	line3: autoDraw = True
380.6169 	EXP 	line4: autoDraw = True
380.6219 	EXP 	fixation: autoDraw = False
381.6170 	INFO 	Keyboard events cleared
381.6168 	EXP 	probe: autoDraw = True
381.9570 	EXP 	Device response: <KeyPress from None: t=381.95414129098936, value=c, duration=None>
381.9574 	EXP 	New trial (rep=38, index=3): <Trial 155 (3 in rep 38) data={'pos': np.int64(-150), 'corr_resp': 'z', 'thisN': 155, 'thisTrialN': 3, 'thisRepN': 38}>
381.9627 	DATA 	Keypress: c
381.9670 	EXP 	fixation: autoDraw = False
381.9670 	EXP 	line1: autoDraw = False
381.9670 	EXP 	line2: autoDraw = False
381.9670 	EXP 	line3: autoDraw = False
381.9670 	EXP 	line4: autoDraw = False
381.9670 	EXP 	probe: autoDraw = False
381.9670 	EXP 	fixation: autoDraw = True
382.0845 	EXP 	Device response: <KeyPress from None: t=381.95414129098936, value=c, duration=0.12421279199770652>
382.9555 	EXP 	fixation: autoDraw = False
382.9555 	EXP 	line1: autoDraw = True
382.9555 	EXP 	line2: autoDraw = True
382.9555 	EXP 	line3: autoDraw = True
382.9555 	EXP 	line4: autoDraw = True
383.9560 	INFO 	Keyboard events cleared
383.9558 	EXP 	probe: autoDraw = True
384.4908 	EXP 	Device response: <KeyPress from None: t=384.4849158750003, value=z, duration=None>
384.4912 	EXP 	New trial (rep=39, index=0): <Trial 156 (0 in rep 39) data={'pos': np.int64(-50), 'corr_resp': 'x', 'thisN': 156, 'thisTrialN': 0, 'thisRepN': 39}>
384.4965 	DATA 	Keypress: z
384.5172 	EXP 	fixation: autoDraw = False
384.5172 	EXP 	line1: autoDraw = False
384.5172 	EXP 	line2: autoDraw = False
384.5172 	EXP 	line3: autoDraw = False
384.5172 	EXP 	line4: autoDraw = False
384.5172 	EXP 	probe: autoDraw = False
384.5172 	EXP 	fixation: autoDraw = True
384.7346 	EXP 	Device response: <KeyPress from None: t=384.4849158750003, value=z, duration=0.24033283299650066>
385.4880 	EXP 	line1: autoDraw = True
385.4880 	EXP 	line2: autoDraw = True
385.4880 	EXP 	line3: autoDraw = True
385.4880 	EXP 	line4: autoDraw = True
385.5050 	EXP 	fixation: autoDraw = False
386.4895 	INFO 	Keyboard events cleared
386.4893 	EXP 	probe: autoDraw = True
387.0180 	EXP 	Device response: <KeyPress from None: t=387.00899595799274, value=x, duration=None>
387.0184 	EXP 	New trial (rep=39, index=1): <Trial 157 (1 in rep 39) data={'pos': np.int64(150), 'corr_resp': 'v', 'thisN': 157, 'thisTrialN': 1, 'thisRepN': 39}>
387.0237 	DATA 	Keypress: x
387.0278 	EXP 	fixation: autoDraw = False
387.0278 	EXP 	line1: autoDraw = False
387.0278 	EXP 	line2: autoDraw = False
387.0278 	EXP 	line3: autoDraw = False
387.0278 	EXP 	line4: autoDraw = False
387.0278 	EXP 	probe: autoDraw = False
387.0278 	EXP 	fixation: autoDraw = True
387.1393 	EXP 	Device response: <KeyPress from None: t=387.00899595799274, value=x, duration=0.1281568749982398>
388.0171 	EXP 	line1: autoDraw = True
388.0171 	EXP 	line2: autoDraw = True
388.0171 	EXP 	line3: autoDraw = True
388.0171 	EXP 	line4: autoDraw = True
388.0219 	EXP 	fixation: autoDraw = False
389.0171 	INFO 	Keyboard events cleared
389.0170 	EXP 	probe: autoDraw = True
389.4678 	EXP 	Device response: <KeyPress from None: t=389.45983995799907, value=v, duration=None>
389.4685 	EXP 	New trial (rep=39, index=2): <Trial 158 (2 in rep 39) data={'pos': np.int64(50), 'corr_resp': 'c', 'thisN': 158, 'thisTrialN': 2, 'thisRepN': 39}>
389.4737 	DATA 	Keypress: v
389.4778 	EXP 	fixation: autoDraw = False
389.4778 	EXP 	line1: autoDraw = False
389.4778 	EXP 	line2: autoDraw = False
389.4778 	EXP 	line3: autoDraw = False
389.4778 	EXP 	line4: autoDraw = False
389.4778 	EXP 	probe: autoDraw = False
389.4778 	EXP 	fixation: autoDraw = True
389.5890 	EXP 	Device response: <KeyPress from None: t=389.45983995799907, value=v, duration=0.12433187499118503>
390.4669 	EXP 	line1: autoDraw = True
390.4669 	EXP 	line2: autoDraw = True
390.4669 	EXP 	line3: autoDraw = True
390.4669 	EXP 	line4: autoDraw = True
390.4719 	EXP 	fixation: autoDraw = False
391.4670 	INFO 	Keyboard events cleared
391.4668 	EXP 	probe: autoDraw = True
391.8847 	EXP 	Device response: <KeyPress from None: t=391.87281212498783, value=c, duration=None>
391.8852 	EXP 	New trial (rep=39, index=3): <Trial 159 (3 in rep 39) data={'pos': np.int64(-150), 'corr_resp': 'z', 'thisN': 159, 'thisTrialN': 3, 'thisRepN': 39}>
391.8905 	DATA 	Keypress: c
391.8947 	EXP 	fixation: autoDraw = False
391.8947 	EXP 	line1: autoDraw = False
391.8947 	EXP 	line2: autoDraw = False
391.8947 	EXP 	line3: autoDraw = False
391.8947 	EXP 	line4: autoDraw = False
391.8947 	EXP 	probe: autoDraw = False
391.8947 	EXP 	fixation: autoDraw = True
392.0182 	EXP 	Device response: <KeyPress from None: t=391.87281212498783, value=c, duration=0.14045170800818596>
392.8836 	EXP 	line1: autoDraw = True
392.8836 	EXP 	line2: autoDraw = True
392.8836 	EXP 	line3: autoDraw = True
392.8836 	EXP 	line4: autoDraw = True
392.8885 	EXP 	fixation: autoDraw = False
393.8836 	INFO 	Keyboard events cleared
393.8835 	EXP 	probe: autoDraw = True
394.3179 	EXP 	Device response: <KeyPress from None: t=394.3118260409974, value=z, duration=None>
394.3183 	EXP 	New trial (rep=40, index=0): <Trial 160 (0 in rep 40) data={'pos': np.int64(-50), 'corr_resp': 'x', 'thisN': 160, 'thisTrialN': 0, 'thisRepN': 40}>
394.3237 	DATA 	Keypress: z
394.3277 	EXP 	fixation: autoDraw = False
394.3277 	EXP 	line1: autoDraw = False
394.3277 	EXP 	line2: autoDraw = False
394.3277 	EXP 	line3: autoDraw = False
394.3277 	EXP 	line4: autoDraw = False
394.3277 	EXP 	probe: autoDraw = False
394.3277 	EXP 	fixation: autoDraw = True
394.4346 	EXP 	Device response: <KeyPress from None: t=394.3118260409974, value=z, duration=0.11221116699744016>
395.3168 	EXP 	line1: autoDraw = True
395.3168 	EXP 	line2: autoDraw = True
395.3168 	EXP 	line3: autoDraw = True
395.3168 	EXP 	line4: autoDraw = True
395.3215 	EXP 	fixation: autoDraw = False
396.3168 	INFO 	Keyboard events cleared
396.3167 	EXP 	probe: autoDraw = True
396.7347 	EXP 	Device response: <KeyPress from None: t=396.7225677079987, value=x, duration=None>
396.7353 	EXP 	New trial (rep=40, index=1): <Trial 161 (1 in rep 40) data={'pos': np.int64(150), 'corr_resp': 'v', 'thisN': 161, 'thisTrialN': 1, 'thisRepN': 40}>
396.7413 	DATA 	Keypress: x
396.7455 	EXP 	fixation: autoDraw = False
396.7455 	EXP 	line1: autoDraw = False
396.7455 	EXP 	line2: autoDraw = False
396.7455 	EXP 	line3: autoDraw = False
396.7455 	EXP 	line4: autoDraw = False
396.7455 	EXP 	probe: autoDraw = False
396.7455 	EXP 	fixation: autoDraw = True
396.8719 	EXP 	Device response: <KeyPress from None: t=396.7225677079987, value=x, duration=0.1485074169904692>
397.7334 	EXP 	line1: autoDraw = True
397.7334 	EXP 	line2: autoDraw = True
397.7334 	EXP 	line3: autoDraw = True
397.7334 	EXP 	line4: autoDraw = True
397.7376 	EXP 	fixation: autoDraw = False
398.7337 	INFO 	Keyboard events cleared
398.7336 	EXP 	probe: autoDraw = True
399.1514 	EXP 	Device response: <KeyPress from None: t=399.14574300000095, value=v, duration=None>
399.1520 	EXP 	New trial (rep=40, index=2): <Trial 162 (2 in rep 40) data={'pos': np.int64(50), 'corr_resp': 'c', 'thisN': 162, 'thisTrialN': 2, 'thisRepN': 40}>
399.1574 	DATA 	Keypress: v
399.1617 	EXP 	fixation: autoDraw = False
399.1617 	EXP 	line1: autoDraw = False
399.1617 	EXP 	line2: autoDraw = False
399.1617 	EXP 	line3: autoDraw = False
399.1617 	EXP 	line4: autoDraw = False
399.1617 	EXP 	probe: autoDraw = False
399.1617 	EXP 	fixation: autoDraw = True
399.2724 	EXP 	Device response: <KeyPress from None: t=399.14574300000095, value=v, duration=0.12520587499602698>
400.1501 	EXP 	line1: autoDraw = True
400.1501 	EXP 	line2: autoDraw = True
400.1501 	EXP 	line3: autoDraw = True
400.1501 	EXP 	line4: autoDraw = True
400.1547 	EXP 	fixation: autoDraw = False
401.1502 	INFO 	Keyboard events cleared
401.1501 	EXP 	probe: autoDraw = True
401.7515 	EXP 	Device response: <KeyPress from None: t=401.74751766599366, value=c, duration=None>
401.7522 	EXP 	New trial (rep=40, index=3): <Trial 163 (3 in rep 40) data={'pos': np.int64(-150), 'corr_resp': 'z', 'thisN': 163, 'thisTrialN': 3, 'thisRepN': 40}>
401.7574 	EXP 	fixation: autoDraw = False
401.7574 	EXP 	line1: autoDraw = False
401.7574 	EXP 	line2: autoDraw = False
401.7574 	EXP 	line3: autoDraw = False
401.7574 	EXP 	line4: autoDraw = False
401.7574 	EXP 	probe: autoDraw = False
401.7574 	EXP 	fixation: autoDraw = True
401.7624 	DATA 	Keypress: c
401.8847 	EXP 	Device response: <KeyPress from None: t=401.74751766599366, value=c, duration=0.13244762500107754>
402.7502 	EXP 	line1: autoDraw = True
402.7502 	EXP 	line2: autoDraw = True
402.7502 	EXP 	line3: autoDraw = True
402.7502 	EXP 	line4: autoDraw = True
402.7552 	EXP 	fixation: autoDraw = False
403.7502 	INFO 	Keyboard events cleared
403.7501 	EXP 	probe: autoDraw = True
404.1062 	EXP 	Device response: <KeyPress from None: t=404.1034355409938, value=z, duration=None>
404.1066 	EXP 	New trial (rep=41, index=0): <Trial 164 (0 in rep 41) data={'pos': np.int64(-50), 'corr_resp': 'x', 'thisN': 164, 'thisTrialN': 0, 'thisRepN': 41}>
404.1120 	DATA 	Keypress: z
404.1163 	EXP 	fixation: autoDraw = False
404.1163 	EXP 	line1: autoDraw = False
404.1163 	EXP 	line2: autoDraw = False
404.1163 	EXP 	line3: autoDraw = False
404.1163 	EXP 	line4: autoDraw = False
404.1163 	EXP 	probe: autoDraw = False
404.1163 	EXP 	fixation: autoDraw = True
404.2390 	EXP 	Device response: <KeyPress from None: t=404.1034355409938, value=z, duration=0.13242787499621045>
405.1048 	EXP 	fixation: autoDraw = False
405.1048 	EXP 	line1: autoDraw = True
405.1048 	EXP 	line2: autoDraw = True
405.1048 	EXP 	line3: autoDraw = True
405.1048 	EXP 	line4: autoDraw = True
406.1067 	INFO 	Keyboard events cleared
406.1066 	EXP 	probe: autoDraw = True
406.4680 	EXP 	Device response: <KeyPress from None: t=406.45652091599186, value=x, duration=None>
406.4686 	EXP 	New trial (rep=41, index=1): <Trial 165 (1 in rep 41) data={'pos': np.int64(150), 'corr_resp': 'v', 'thisN': 165, 'thisTrialN': 1, 'thisRepN': 41}>
406.4746 	DATA 	Keypress: x
406.4787 	EXP 	fixation: autoDraw = False
406.4787 	EXP 	line1: autoDraw = False
406.4787 	EXP 	line2: autoDraw = False
406.4787 	EXP 	line3: autoDraw = False
406.4787 	EXP 	line4: autoDraw = False
406.4787 	EXP 	probe: autoDraw = False
406.4787 	EXP 	fixation: autoDraw = True
406.5383 	EXP 	Device response: <KeyPress from None: t=406.45652091599186, value=x, duration=0.08019791700644419>
407.4667 	EXP 	line1: autoDraw = True
407.4667 	EXP 	line2: autoDraw = True
407.4667 	EXP 	line3: autoDraw = True
407.4667 	EXP 	line4: autoDraw = True
407.4716 	EXP 	fixation: autoDraw = False
408.4668 	INFO 	Keyboard events cleared
408.4666 	EXP 	probe: autoDraw = True
408.8010 	EXP 	Device response: <KeyPress from None: t=408.7922174159903, value=v, duration=None>
408.8014 	EXP 	New trial (rep=41, index=2): <Trial 166 (2 in rep 41) data={'pos': np.int64(50), 'corr_resp': 'c', 'thisN': 166, 'thisTrialN': 2, 'thisRepN': 41}>
408.8066 	DATA 	Keypress: v
408.8107 	EXP 	fixation: autoDraw = False
408.8107 	EXP 	line1: autoDraw = False
408.8107 	EXP 	line2: autoDraw = False
408.8107 	EXP 	line3: autoDraw = False
408.8107 	EXP 	line4: autoDraw = False
408.8107 	EXP 	probe: autoDraw = False
408.8107 	EXP 	fixation: autoDraw = True
408.9344 	EXP 	Device response: <KeyPress from None: t=408.7922174159903, value=v, duration=0.1395512500021141>
409.8000 	EXP 	line1: autoDraw = True
409.8000 	EXP 	line2: autoDraw = True
409.8000 	EXP 	line3: autoDraw = True
409.8000 	EXP 	line4: autoDraw = True
409.8050 	EXP 	fixation: autoDraw = False
410.8001 	INFO 	Keyboard events cleared
410.7999 	EXP 	probe: autoDraw = True
411.1010 	EXP 	Device response: <KeyPress from None: t=411.09445304099063, value=c, duration=None>
411.1014 	EXP 	New trial (rep=41, index=3): <Trial 167 (3 in rep 41) data={'pos': np.int64(-150), 'corr_resp': 'z', 'thisN': 167, 'thisTrialN': 3, 'thisRepN': 41}>
411.1060 	DATA 	Keypress: c
411.1100 	EXP 	fixation: autoDraw = False
411.1100 	EXP 	line1: autoDraw = False
411.1100 	EXP 	line2: autoDraw = False
411.1100 	EXP 	line3: autoDraw = False
411.1100 	EXP 	line4: autoDraw = False
411.1100 	EXP 	probe: autoDraw = False
411.1100 	EXP 	fixation: autoDraw = True
411.2680 	EXP 	Device response: <KeyPress from None: t=411.09445304099063, value=c, duration=0.172187500007567>
412.1000 	EXP 	line1: autoDraw = True
412.1000 	EXP 	line2: autoDraw = True
412.1000 	EXP 	line3: autoDraw = True
412.1000 	EXP 	line4: autoDraw = True
412.1049 	EXP 	fixation: autoDraw = False
413.1000 	INFO 	Keyboard events cleared
413.0998 	EXP 	probe: autoDraw = True
413.4342 	EXP 	Device response: <KeyPress from None: t=413.43232741599786, value=z, duration=None>
413.4348 	EXP 	New trial (rep=42, index=0): <Trial 168 (0 in rep 42) data={'pos': np.int64(-50), 'corr_resp': 'x', 'thisN': 168, 'thisTrialN': 0, 'thisRepN': 42}>
413.4399 	EXP 	fixation: autoDraw = False
413.4399 	EXP 	line1: autoDraw = False
413.4399 	EXP 	line2: autoDraw = False
413.4399 	EXP 	line3: autoDraw = False
413.4399 	EXP 	line4: autoDraw = False
413.4399 	EXP 	probe: autoDraw = False
413.4399 	EXP 	fixation: autoDraw = True
413.4440 	DATA 	Keypress: z
413.5726 	EXP 	Device response: <KeyPress from None: t=413.43232741599786, value=z, duration=0.1363447920011822>
414.4333 	EXP 	line1: autoDraw = True
414.4333 	EXP 	line2: autoDraw = True
414.4333 	EXP 	line3: autoDraw = True
414.4333 	EXP 	line4: autoDraw = True
414.4377 	EXP 	fixation: autoDraw = False
415.4334 	INFO 	Keyboard events cleared
415.4332 	EXP 	probe: autoDraw = True
415.7233 	EXP 	Device response: <KeyPress from None: t=415.71929908299353, value=x, duration=None>
415.7238 	EXP 	New trial (rep=42, index=1): <Trial 169 (1 in rep 42) data={'pos': np.int64(150), 'corr_resp': 'v', 'thisN': 169, 'thisTrialN': 1, 'thisRepN': 42}>
415.7296 	DATA 	Keypress: x
415.7503 	EXP 	fixation: autoDraw = False
415.7503 	EXP 	line1: autoDraw = False
415.7503 	EXP 	line2: autoDraw = False
415.7503 	EXP 	line3: autoDraw = False
415.7503 	EXP 	line4: autoDraw = False
415.7503 	EXP 	probe: autoDraw = False
415.7503 	EXP 	fixation: autoDraw = True
415.8178 	EXP 	Device response: <KeyPress from None: t=415.71929908299353, value=x, duration=0.09233345800021198>
416.7218 	EXP 	line1: autoDraw = True
416.7218 	EXP 	line2: autoDraw = True
416.7218 	EXP 	line3: autoDraw = True
416.7218 	EXP 	line4: autoDraw = True
416.7377 	EXP 	fixation: autoDraw = False
417.7224 	INFO 	Keyboard events cleared
417.7222 	EXP 	probe: autoDraw = True
418.0846 	EXP 	Device response: <KeyPress from None: t=418.07929549999244, value=v, duration=None>
418.0852 	EXP 	New trial (rep=42, index=2): <Trial 170 (2 in rep 42) data={'pos': np.int64(50), 'corr_resp': 'c', 'thisN': 170, 'thisTrialN': 2, 'thisRepN': 42}>
418.0911 	DATA 	Keypress: v
418.0952 	EXP 	fixation: autoDraw = False
418.0952 	EXP 	line1: autoDraw = False
418.0952 	EXP 	line2: autoDraw = False
418.0952 	EXP 	line3: autoDraw = False
418.0952 	EXP 	line4: autoDraw = False
418.0952 	EXP 	probe: autoDraw = False
418.0952 	EXP 	fixation: autoDraw = True
418.2226 	EXP 	Device response: <KeyPress from None: t=418.07929549999244, value=v, duration=0.14026954100700095>
419.0832 	EXP 	line1: autoDraw = True
419.0832 	EXP 	line2: autoDraw = True
419.0832 	EXP 	line3: autoDraw = True
419.0832 	EXP 	line4: autoDraw = True
419.0879 	EXP 	fixation: autoDraw = False
420.0835 	INFO 	Keyboard events cleared
420.0833 	EXP 	probe: autoDraw = True
420.5393 	EXP 	Device response: <KeyPress from None: t=420.5346546660003, value=c, duration=None>
420.5397 	EXP 	New trial (rep=42, index=3): <Trial 171 (3 in rep 42) data={'pos': np.int64(-150), 'corr_resp': 'z', 'thisN': 171, 'thisTrialN': 3, 'thisRepN': 42}>
420.5451 	DATA 	Keypress: c
420.5494 	EXP 	fixation: autoDraw = False
420.5494 	EXP 	line1: autoDraw = False
420.5494 	EXP 	line2: autoDraw = False
420.5494 	EXP 	line3: autoDraw = False
420.5494 	EXP 	line4: autoDraw = False
420.5494 	EXP 	probe: autoDraw = False
420.5494 	EXP 	fixation: autoDraw = True
420.6845 	EXP 	Device response: <KeyPress from None: t=420.5346546660003, value=c, duration=0.1438357089937199>
421.5387 	EXP 	fixation: autoDraw = False
421.5387 	EXP 	line1: autoDraw = True
421.5387 	EXP 	line2: autoDraw = True
421.5387 	EXP 	line3: autoDraw = True
421.5387 	EXP 	line4: autoDraw = True
422.5392 	INFO 	Keyboard events cleared
422.5390 	EXP 	probe: autoDraw = True
422.9679 	EXP 	Device response: <KeyPress from None: t=422.96403949998785, value=z, duration=None>
422.9685 	EXP 	New trial (rep=43, index=0): <Trial 172 (0 in rep 43) data={'pos': np.int64(-50), 'corr_resp': 'x', 'thisN': 172, 'thisTrialN': 0, 'thisRepN': 43}>
422.9736 	EXP 	fixation: autoDraw = False
422.9736 	EXP 	line1: autoDraw = False
422.9736 	EXP 	line2: autoDraw = False
422.9736 	EXP 	line3: autoDraw = False
422.9736 	EXP 	line4: autoDraw = False
422.9736 	EXP 	probe: autoDraw = False
422.9736 	EXP 	fixation: autoDraw = True
422.9775 	DATA 	Keypress: z
423.1172 	EXP 	Device response: <KeyPress from None: t=422.96403949998785, value=z, duration=0.15246379100426566>
423.9666 	EXP 	line1: autoDraw = True
423.9666 	EXP 	line2: autoDraw = True
423.9666 	EXP 	line3: autoDraw = True
423.9666 	EXP 	line4: autoDraw = True
423.9717 	EXP 	fixation: autoDraw = False
424.9669 	INFO 	Keyboard events cleared
424.9666 	EXP 	probe: autoDraw = True
425.2677 	EXP 	Device response: <KeyPress from None: t=425.2650822079886, value=x, duration=None>
425.2684 	EXP 	New trial (rep=43, index=1): <Trial 173 (1 in rep 43) data={'pos': np.int64(150), 'corr_resp': 'v', 'thisN': 173, 'thisTrialN': 1, 'thisRepN': 43}>
425.2735 	EXP 	fixation: autoDraw = False
425.2735 	EXP 	line1: autoDraw = False
425.2735 	EXP 	line2: autoDraw = False
425.2735 	EXP 	line3: autoDraw = False
425.2735 	EXP 	line4: autoDraw = False
425.2735 	EXP 	probe: autoDraw = False
425.2735 	EXP 	fixation: autoDraw = True
425.2775 	DATA 	Keypress: x
425.4011 	EXP 	Device response: <KeyPress from None: t=425.2650822079886, value=x, duration=0.12434433300222736>
426.2664 	EXP 	line1: autoDraw = True
426.2664 	EXP 	line2: autoDraw = True
426.2664 	EXP 	line3: autoDraw = True
426.2664 	EXP 	line4: autoDraw = True
426.2709 	EXP 	fixation: autoDraw = False
427.2667 	INFO 	Keyboard events cleared
427.2665 	EXP 	probe: autoDraw = True
427.5904 	EXP 	Device response: <KeyPress from None: t=427.58496749999176, value=v, duration=None>
427.5908 	EXP 	New trial (rep=43, index=2): <Trial 174 (2 in rep 43) data={'pos': np.int64(50), 'corr_resp': 'c', 'thisN': 174, 'thisTrialN': 2, 'thisRepN': 43}>
427.5958 	DATA 	Keypress: v
427.6169 	EXP 	fixation: autoDraw = False
427.6169 	EXP 	line1: autoDraw = False
427.6169 	EXP 	line2: autoDraw = False
427.6169 	EXP 	line3: autoDraw = False
427.6169 	EXP 	line4: autoDraw = False
427.6169 	EXP 	probe: autoDraw = False
427.6169 	EXP 	fixation: autoDraw = True
427.7173 	EXP 	Device response: <KeyPress from None: t=427.58496749999176, value=v, duration=0.12443154100037646>
428.5886 	EXP 	line1: autoDraw = True
428.5886 	EXP 	line2: autoDraw = True
428.5886 	EXP 	line3: autoDraw = True
428.5886 	EXP 	line4: autoDraw = True
428.6045 	EXP 	fixation: autoDraw = False
429.5908 	INFO 	Keyboard events cleared
429.5907 	EXP 	probe: autoDraw = True
430.1510 	EXP 	Device response: <KeyPress from None: t=430.14398679099395, value=c, duration=None>
430.1517 	EXP 	New trial (rep=43, index=3): <Trial 175 (3 in rep 43) data={'pos': np.int64(-150), 'corr_resp': 'z', 'thisN': 175, 'thisTrialN': 3, 'thisRepN': 43}>
430.1573 	DATA 	Keypress: c
430.1614 	EXP 	fixation: autoDraw = False
430.1614 	EXP 	line1: autoDraw = False
430.1614 	EXP 	line2: autoDraw = False
430.1614 	EXP 	line3: autoDraw = False
430.1614 	EXP 	line4: autoDraw = False
430.1614 	EXP 	probe: autoDraw = False
430.1614 	EXP 	fixation: autoDraw = True
430.3340 	EXP 	Device response: <KeyPress from None: t=430.14398679099395, value=c, duration=0.18431308399885893>
431.1498 	EXP 	line1: autoDraw = True
431.1498 	EXP 	line2: autoDraw = True
431.1498 	EXP 	line3: autoDraw = True
431.1498 	EXP 	line4: autoDraw = True
431.1548 	EXP 	fixation: autoDraw = False
432.1500 	INFO 	Keyboard events cleared
432.1498 	EXP 	probe: autoDraw = True
432.5176 	EXP 	Device response: <KeyPress from None: t=432.5099119999941, value=z, duration=None>
432.5183 	EXP 	New trial (rep=44, index=0): <Trial 176 (0 in rep 44) data={'pos': np.int64(-50), 'corr_resp': 'x', 'thisN': 176, 'thisTrialN': 0, 'thisRepN': 44}>
432.5236 	DATA 	Keypress: z
432.5277 	EXP 	fixation: autoDraw = False
432.5277 	EXP 	line1: autoDraw = False
432.5277 	EXP 	line2: autoDraw = False
432.5277 	EXP 	line3: autoDraw = False
432.5277 	EXP 	line4: autoDraw = False
432.5277 	EXP 	probe: autoDraw = False
432.5277 	EXP 	fixation: autoDraw = True
432.6548 	EXP 	Device response: <KeyPress from None: t=432.5099119999941, value=z, duration=0.1403755000064848>
433.5163 	EXP 	line1: autoDraw = True
433.5163 	EXP 	line2: autoDraw = True
433.5163 	EXP 	line3: autoDraw = True
433.5163 	EXP 	line4: autoDraw = True
433.5205 	EXP 	fixation: autoDraw = False
434.5165 	INFO 	Keyboard events cleared
434.5164 	EXP 	probe: autoDraw = True
434.8064 	EXP 	Device response: <KeyPress from None: t=434.8018379159912, value=x, duration=None>
434.8068 	EXP 	New trial (rep=44, index=1): <Trial 177 (1 in rep 44) data={'pos': np.int64(150), 'corr_resp': 'v', 'thisN': 177, 'thisTrialN': 1, 'thisRepN': 44}>
434.8128 	DATA 	Keypress: x
434.8333 	EXP 	fixation: autoDraw = False
434.8333 	EXP 	line1: autoDraw = False
434.8333 	EXP 	line2: autoDraw = False
434.8333 	EXP 	line3: autoDraw = False
434.8333 	EXP 	line4: autoDraw = False
434.8333 	EXP 	probe: autoDraw = False
434.8333 	EXP 	fixation: autoDraw = True
434.9058 	EXP 	Device response: <KeyPress from None: t=434.8018379159912, value=x, duration=0.10124308400554582>
435.8052 	EXP 	line1: autoDraw = True
435.8052 	EXP 	line2: autoDraw = True
435.8052 	EXP 	line3: autoDraw = True
435.8052 	EXP 	line4: autoDraw = True
435.8220 	EXP 	fixation: autoDraw = False
436.8063 	INFO 	Keyboard events cleared
436.8062 	EXP 	probe: autoDraw = True
437.2840 	EXP 	Device response: <KeyPress from None: t=437.2747695829894, value=v, duration=None>
437.2845 	EXP 	New trial (rep=44, index=2): <Trial 178 (2 in rep 44) data={'pos': np.int64(50), 'corr_resp': 'c', 'thisN': 178, 'thisTrialN': 2, 'thisRepN': 44}>
437.2898 	DATA 	Keypress: v
437.2939 	EXP 	fixation: autoDraw = False
437.2939 	EXP 	line1: autoDraw = False
437.2939 	EXP 	line2: autoDraw = False
437.2939 	EXP 	line3: autoDraw = False
437.2939 	EXP 	line4: autoDraw = False
437.2939 	EXP 	probe: autoDraw = False
437.2939 	EXP 	fixation: autoDraw = True
437.4177 	EXP 	Device response: <KeyPress from None: t=437.2747695829894, value=v, duration=0.13539633300388232>
438.2832 	EXP 	line1: autoDraw = True
438.2832 	EXP 	line2: autoDraw = True
438.2832 	EXP 	line3: autoDraw = True
438.2832 	EXP 	line4: autoDraw = True
438.2877 	EXP 	fixation: autoDraw = False
439.2833 	INFO 	Keyboard events cleared
439.2831 	EXP 	probe: autoDraw = True
439.8843 	EXP 	Device response: <KeyPress from None: t=439.875841999994, value=c, duration=None>
439.8849 	EXP 	New trial (rep=44, index=3): <Trial 179 (3 in rep 44) data={'pos': np.int64(-150), 'corr_resp': 'z', 'thisN': 179, 'thisTrialN': 3, 'thisRepN': 44}>
439.8906 	DATA 	Keypress: c
439.8948 	EXP 	fixation: autoDraw = False
439.8948 	EXP 	line1: autoDraw = False
439.8948 	EXP 	line2: autoDraw = False
439.8948 	EXP 	line3: autoDraw = False
439.8948 	EXP 	line4: autoDraw = False
439.8948 	EXP 	probe: autoDraw = False
439.8948 	EXP 	fixation: autoDraw = True
440.0346 	EXP 	Device response: <KeyPress from None: t=439.875841999994, value=c, duration=0.15223500000138301>
440.8830 	EXP 	line1: autoDraw = True
440.8830 	EXP 	line2: autoDraw = True
440.8830 	EXP 	line3: autoDraw = True
440.8830 	EXP 	line4: autoDraw = True
440.8876 	EXP 	fixation: autoDraw = False
441.8831 	INFO 	Keyboard events cleared
441.8829 	EXP 	probe: autoDraw = True
442.4680 	EXP 	Device response: <KeyPress from None: t=442.4556723329879, value=z, duration=None>
442.4685 	EXP 	New trial (rep=45, index=0): <Trial 180 (0 in rep 45) data={'pos': np.int64(-50), 'corr_resp': 'x', 'thisN': 180, 'thisTrialN': 0, 'thisRepN': 45}>
442.4738 	DATA 	Keypress: z
442.4780 	EXP 	fixation: autoDraw = False
442.4780 	EXP 	line1: autoDraw = False
442.4780 	EXP 	line2: autoDraw = False
442.4780 	EXP 	line3: autoDraw = False
442.4780 	EXP 	line4: autoDraw = False
442.4780 	EXP 	probe: autoDraw = False
442.4780 	EXP 	fixation: autoDraw = True
442.6178 	EXP 	Device response: <KeyPress from None: t=442.4556723329879, value=z, duration=0.15225104200362694>
443.4665 	EXP 	line1: autoDraw = True
443.4665 	EXP 	line2: autoDraw = True
443.4665 	EXP 	line3: autoDraw = True
443.4665 	EXP 	line4: autoDraw = True
443.4713 	EXP 	fixation: autoDraw = False
444.4665 	INFO 	Keyboard events cleared
444.4664 	EXP 	probe: autoDraw = True
444.7840 	EXP 	Device response: <KeyPress from None: t=444.7816827909992, value=x, duration=None>
444.7846 	EXP 	New trial (rep=45, index=1): <Trial 181 (1 in rep 45) data={'pos': np.int64(150), 'corr_resp': 'v', 'thisN': 181, 'thisTrialN': 1, 'thisRepN': 45}>
444.7902 	EXP 	fixation: autoDraw = False
444.7902 	EXP 	line1: autoDraw = False
444.7902 	EXP 	line2: autoDraw = False
444.7902 	EXP 	line3: autoDraw = False
444.7902 	EXP 	line4: autoDraw = False
444.7902 	EXP 	probe: autoDraw = False
444.7902 	EXP 	fixation: autoDraw = True
444.7950 	DATA 	Keypress: x
444.9010 	EXP 	Device response: <KeyPress from None: t=444.7816827909992, value=x, duration=0.11241112499556039>
445.7830 	EXP 	line1: autoDraw = True
445.7830 	EXP 	line2: autoDraw = True
445.7830 	EXP 	line3: autoDraw = True
445.7830 	EXP 	line4: autoDraw = True
445.7876 	EXP 	fixation: autoDraw = False
446.7830 	INFO 	Keyboard events cleared
446.7829 	EXP 	probe: autoDraw = True
447.0844 	EXP 	Device response: <KeyPress from None: t=447.0826319159969, value=v, duration=None>
447.0850 	EXP 	New trial (rep=45, index=2): <Trial 182 (2 in rep 45) data={'pos': np.int64(50), 'corr_resp': 'c', 'thisN': 182, 'thisTrialN': 2, 'thisRepN': 45}>
447.0899 	EXP 	fixation: autoDraw = False
447.0899 	EXP 	line1: autoDraw = False
447.0899 	EXP 	line2: autoDraw = False
447.0899 	EXP 	line3: autoDraw = False
447.0899 	EXP 	line4: autoDraw = False
447.0899 	EXP 	probe: autoDraw = False
447.0899 	EXP 	fixation: autoDraw = True
447.0937 	DATA 	Keypress: v
447.2510 	EXP 	Device response: <KeyPress from None: t=447.0826319159969, value=v, duration=0.1644172499945853>
448.0831 	EXP 	line1: autoDraw = True
448.0831 	EXP 	line2: autoDraw = True
448.0831 	EXP 	line3: autoDraw = True
448.0831 	EXP 	line4: autoDraw = True
448.0884 	EXP 	fixation: autoDraw = False
449.0831 	INFO 	Keyboard events cleared
449.0830 	EXP 	probe: autoDraw = True
449.5345 	EXP 	Device response: <KeyPress from None: t=449.5226149579976, value=c, duration=None>
449.5352 	EXP 	New trial (rep=45, index=3): <Trial 183 (3 in rep 45) data={'pos': np.int64(-150), 'corr_resp': 'z', 'thisN': 183, 'thisTrialN': 3, 'thisRepN': 45}>
449.5411 	DATA 	Keypress: c
449.5452 	EXP 	fixation: autoDraw = False
449.5452 	EXP 	line1: autoDraw = False
449.5452 	EXP 	line2: autoDraw = False
449.5452 	EXP 	line3: autoDraw = False
449.5452 	EXP 	line4: autoDraw = False
449.5452 	EXP 	probe: autoDraw = False
449.5452 	EXP 	fixation: autoDraw = True
449.6674 	EXP 	Device response: <KeyPress from None: t=449.5226149579976, value=c, duration=0.1402449169981992>
450.5330 	EXP 	line1: autoDraw = True
450.5330 	EXP 	line2: autoDraw = True
450.5330 	EXP 	line3: autoDraw = True
450.5330 	EXP 	line4: autoDraw = True
450.5373 	EXP 	fixation: autoDraw = False
451.5332 	INFO 	Keyboard events cleared
451.5331 	EXP 	probe: autoDraw = True
451.9727 	EXP 	Device response: <KeyPress from None: t=451.96734279098746, value=z, duration=None>
451.9731 	EXP 	New trial (rep=46, index=0): <Trial 184 (0 in rep 46) data={'pos': np.int64(-50), 'corr_resp': 'x', 'thisN': 184, 'thisTrialN': 0, 'thisRepN': 46}>
451.9785 	DATA 	Keypress: z
451.9827 	EXP 	fixation: autoDraw = False
451.9827 	EXP 	line1: autoDraw = False
451.9827 	EXP 	line2: autoDraw = False
451.9827 	EXP 	line3: autoDraw = False
451.9827 	EXP 	line4: autoDraw = False
451.9827 	EXP 	probe: autoDraw = False
451.9827 	EXP 	fixation: autoDraw = True
452.0842 	EXP 	Device response: <KeyPress from None: t=451.96734279098746, value=z, duration=0.10457620900706388>
452.9712 	EXP 	fixation: autoDraw = False
452.9712 	EXP 	line1: autoDraw = True
452.9712 	EXP 	line2: autoDraw = True
452.9712 	EXP 	line3: autoDraw = True
452.9712 	EXP 	line4: autoDraw = True
453.9726 	INFO 	Keyboard events cleared
453.9724 	EXP 	probe: autoDraw = True
454.4511 	EXP 	Device response: <KeyPress from None: t=454.4403560409992, value=c, duration=None>
454.4517 	EXP 	New trial (rep=46, index=1): <Trial 185 (1 in rep 46) data={'pos': np.int64(150), 'corr_resp': 'v', 'thisN': 185, 'thisTrialN': 1, 'thisRepN': 46}>
454.4577 	DATA 	Keypress: c
454.4620 	EXP 	fixation: autoDraw = False
454.4620 	EXP 	line1: autoDraw = False
454.4620 	EXP 	line2: autoDraw = False
454.4620 	EXP 	line3: autoDraw = False
454.4620 	EXP 	line4: autoDraw = False
454.4620 	EXP 	probe: autoDraw = False
454.4620 	EXP 	fixation: autoDraw = True
454.6340 	EXP 	Device response: <KeyPress from None: t=454.4403560409992, value=c, duration=0.18428704199322965>
455.4495 	EXP 	line1: autoDraw = True
455.4495 	EXP 	line2: autoDraw = True
455.4495 	EXP 	line3: autoDraw = True
455.4495 	EXP 	line4: autoDraw = True
455.4539 	EXP 	fixation: autoDraw = False
456.4499 	INFO 	Keyboard events cleared
456.4497 	EXP 	probe: autoDraw = True
456.9672 	EXP 	Device response: <KeyPress from None: t=456.96237691599526, value=v, duration=None>
456.9678 	EXP 	New trial (rep=46, index=2): <Trial 186 (2 in rep 46) data={'pos': np.int64(50), 'corr_resp': 'c', 'thisN': 186, 'thisTrialN': 2, 'thisRepN': 46}>
456.9737 	DATA 	Keypress: v
456.9779 	EXP 	fixation: autoDraw = False
456.9779 	EXP 	line1: autoDraw = False
456.9779 	EXP 	line2: autoDraw = False
456.9779 	EXP 	line3: autoDraw = False
456.9779 	EXP 	line4: autoDraw = False
456.9779 	EXP 	probe: autoDraw = False
456.9779 	EXP 	fixation: autoDraw = True
457.0674 	EXP 	Device response: <KeyPress from None: t=456.96237691599526, value=v, duration=0.10025654199125711>
457.9663 	EXP 	line1: autoDraw = True
457.9663 	EXP 	line2: autoDraw = True
457.9663 	EXP 	line3: autoDraw = True
457.9663 	EXP 	line4: autoDraw = True
457.9713 	EXP 	fixation: autoDraw = False
458.9664 	INFO 	Keyboard events cleared
458.9662 	EXP 	probe: autoDraw = True
459.4507 	EXP 	Device response: <KeyPress from None: t=459.4473051659879, value=c, duration=None>
459.4514 	EXP 	New trial (rep=46, index=3): <Trial 187 (3 in rep 46) data={'pos': np.int64(-150), 'corr_resp': 'z', 'thisN': 187, 'thisTrialN': 3, 'thisRepN': 46}>
459.4564 	EXP 	fixation: autoDraw = False
459.4564 	EXP 	line1: autoDraw = False
459.4564 	EXP 	line2: autoDraw = False
459.4564 	EXP 	line3: autoDraw = False
459.4564 	EXP 	line4: autoDraw = False
459.4564 	EXP 	probe: autoDraw = False
459.4564 	EXP 	fixation: autoDraw = True
459.4602 	DATA 	Keypress: c
459.6509 	EXP 	Device response: <KeyPress from None: t=459.4473051659879, value=c, duration=0.1971226250025211>
460.4496 	EXP 	line1: autoDraw = True
460.4496 	EXP 	line2: autoDraw = True
460.4496 	EXP 	line3: autoDraw = True
460.4496 	EXP 	line4: autoDraw = True
460.4544 	EXP 	fixation: autoDraw = False
461.4497 	INFO 	Keyboard events cleared
461.4495 	EXP 	probe: autoDraw = True
461.8007 	EXP 	Device response: <KeyPress from None: t=461.7982842499914, value=z, duration=None>
461.8013 	EXP 	New trial (rep=47, index=0): <Trial 188 (0 in rep 47) data={'pos': np.int64(-50), 'corr_resp': 'x', 'thisN': 188, 'thisTrialN': 0, 'thisRepN': 47}>
461.8066 	EXP 	fixation: autoDraw = False
461.8066 	EXP 	line1: autoDraw = False
461.8066 	EXP 	line2: autoDraw = False
461.8066 	EXP 	line3: autoDraw = False
461.8066 	EXP 	line4: autoDraw = False
461.8066 	EXP 	probe: autoDraw = False
461.8066 	EXP 	fixation: autoDraw = True
461.8107 	DATA 	Keypress: z
461.9050 	EXP 	Device response: <KeyPress from None: t=461.7982842499914, value=z, duration=0.1042931249976391>
462.7995 	EXP 	line1: autoDraw = True
462.7995 	EXP 	line2: autoDraw = True
462.7995 	EXP 	line3: autoDraw = True
462.7995 	EXP 	line4: autoDraw = True
462.8043 	EXP 	fixation: autoDraw = False
463.7996 	INFO 	Keyboard events cleared
463.7994 	EXP 	probe: autoDraw = True
464.1505 	EXP 	Device response: <KeyPress from None: t=464.149205624999, value=x, duration=None>
464.1511 	EXP 	New trial (rep=47, index=1): <Trial 189 (1 in rep 47) data={'pos': np.int64(150), 'corr_resp': 'v', 'thisN': 189, 'thisTrialN': 1, 'thisRepN': 47}>
464.1568 	DATA 	Keypress: x
464.1609 	EXP 	fixation: autoDraw = False
464.1609 	EXP 	line1: autoDraw = False
464.1609 	EXP 	line2: autoDraw = False
464.1609 	EXP 	line3: autoDraw = False
464.1609 	EXP 	line4: autoDraw = False
464.1609 	EXP 	probe: autoDraw = False
464.1609 	EXP 	fixation: autoDraw = True
464.2673 	EXP 	Device response: <KeyPress from None: t=464.149205624999, value=x, duration=0.11628558298980352>
465.1495 	EXP 	line1: autoDraw = True
465.1495 	EXP 	line2: autoDraw = True
465.1495 	EXP 	line3: autoDraw = True
465.1495 	EXP 	line4: autoDraw = True
465.1545 	EXP 	fixation: autoDraw = False
466.1496 	INFO 	Keyboard events cleared
466.1494 	EXP 	probe: autoDraw = True
466.6006 	EXP 	Device response: <KeyPress from None: t=466.5932711659989, value=v, duration=None>
466.6013 	EXP 	New trial (rep=47, index=2): <Trial 190 (2 in rep 47) data={'pos': np.int64(50), 'corr_resp': 'c', 'thisN': 190, 'thisTrialN': 2, 'thisRepN': 47}>
466.6067 	DATA 	Keypress: v
466.6109 	EXP 	fixation: autoDraw = False
466.6109 	EXP 	line1: autoDraw = False
466.6109 	EXP 	line2: autoDraw = False
466.6109 	EXP 	line3: autoDraw = False
466.6109 	EXP 	line4: autoDraw = False
466.6109 	EXP 	probe: autoDraw = False
466.6109 	EXP 	fixation: autoDraw = True
466.7341 	EXP 	Device response: <KeyPress from None: t=466.5932711659989, value=v, duration=0.13622329199279193>
467.5994 	EXP 	line1: autoDraw = True
467.5994 	EXP 	line2: autoDraw = True
467.5994 	EXP 	line3: autoDraw = True
467.5994 	EXP 	line4: autoDraw = True
467.6034 	EXP 	fixation: autoDraw = False
468.5994 	INFO 	Keyboard events cleared
468.5992 	EXP 	probe: autoDraw = True
468.9673 	EXP 	Device response: <KeyPress from None: t=468.95916975, value=c, duration=None>
468.9679 	EXP 	New trial (rep=47, index=3): <Trial 191 (3 in rep 47) data={'pos': np.int64(-150), 'corr_resp': 'z', 'thisN': 191, 'thisTrialN': 3, 'thisRepN': 47}>
468.9736 	DATA 	Keypress: c
468.9777 	EXP 	fixation: autoDraw = False
468.9777 	EXP 	line1: autoDraw = False
468.9777 	EXP 	line2: autoDraw = False
468.9777 	EXP 	line3: autoDraw = False
468.9777 	EXP 	line4: autoDraw = False
468.9777 	EXP 	probe: autoDraw = False
468.9777 	EXP 	fixation: autoDraw = True
469.0837 	EXP 	Device response: <KeyPress from None: t=468.95916975, value=c, duration=0.11627012499957345>
469.9660 	EXP 	line1: autoDraw = True
469.9660 	EXP 	line2: autoDraw = True
469.9660 	EXP 	line3: autoDraw = True
469.9660 	EXP 	line4: autoDraw = True
469.9700 	EXP 	fixation: autoDraw = False
470.9662 	INFO 	Keyboard events cleared
470.9661 	EXP 	probe: autoDraw = True
471.5341 	EXP 	Device response: <KeyPress from None: t=471.5271850829886, value=z, duration=None>
471.5347 	EXP 	New trial (rep=48, index=0): <Trial 192 (0 in rep 48) data={'pos': np.int64(-50), 'corr_resp': 'x', 'thisN': 192, 'thisTrialN': 0, 'thisRepN': 48}>
471.5402 	DATA 	Keypress: z
471.5444 	EXP 	fixation: autoDraw = False
471.5444 	EXP 	line1: autoDraw = False
471.5444 	EXP 	line2: autoDraw = False
471.5444 	EXP 	line3: autoDraw = False
471.5444 	EXP 	line4: autoDraw = False
471.5444 	EXP 	probe: autoDraw = False
471.5444 	EXP 	fixation: autoDraw = True
471.7173 	EXP 	Device response: <KeyPress from None: t=471.5271850829886, value=z, duration=0.1842791670060251>
472.5329 	EXP 	line1: autoDraw = True
472.5329 	EXP 	line2: autoDraw = True
472.5329 	EXP 	line3: autoDraw = True
472.5329 	EXP 	line4: autoDraw = True
472.5382 	EXP 	fixation: autoDraw = False
473.5329 	INFO 	Keyboard events cleared
473.5327 	EXP 	probe: autoDraw = True
473.9223 	EXP 	Device response: <KeyPress from None: t=473.91701895798906, value=x, duration=None>
473.9227 	EXP 	New trial (rep=48, index=1): <Trial 193 (1 in rep 48) data={'pos': np.int64(150), 'corr_resp': 'v', 'thisN': 193, 'thisTrialN': 1, 'thisRepN': 48}>
473.9278 	DATA 	Keypress: x
473.9321 	EXP 	fixation: autoDraw = False
473.9321 	EXP 	line1: autoDraw = False
473.9321 	EXP 	line2: autoDraw = False
473.9321 	EXP 	line3: autoDraw = False
473.9321 	EXP 	line4: autoDraw = False
473.9321 	EXP 	probe: autoDraw = False
473.9321 	EXP 	fixation: autoDraw = True
474.0382 	EXP 	Device response: <KeyPress from None: t=473.91701895798906, value=x, duration=0.12022733299818356>
474.9212 	EXP 	fixation: autoDraw = False
474.9212 	EXP 	line1: autoDraw = True
474.9212 	EXP 	line2: autoDraw = True
474.9212 	EXP 	line3: autoDraw = True
474.9212 	EXP 	line4: autoDraw = True
475.9228 	INFO 	Keyboard events cleared
475.9226 	EXP 	probe: autoDraw = True
476.5340 	EXP 	Device response: <KeyPress from None: t=476.5270573329908, value=v, duration=None>
476.5347 	EXP 	New trial (rep=48, index=2): <Trial 194 (2 in rep 48) data={'pos': np.int64(50), 'corr_resp': 'c', 'thisN': 194, 'thisTrialN': 2, 'thisRepN': 48}>
476.5402 	DATA 	Keypress: v
476.5444 	EXP 	fixation: autoDraw = False
476.5444 	EXP 	line1: autoDraw = False
476.5444 	EXP 	line2: autoDraw = False
476.5444 	EXP 	line3: autoDraw = False
476.5444 	EXP 	line4: autoDraw = False
476.5444 	EXP 	probe: autoDraw = False
476.5444 	EXP 	fixation: autoDraw = True
476.7171 	EXP 	Device response: <KeyPress from None: t=476.5270573329908, value=v, duration=0.1843356669996865>
477.5326 	EXP 	line1: autoDraw = True
477.5326 	EXP 	line2: autoDraw = True
477.5326 	EXP 	line3: autoDraw = True
477.5326 	EXP 	line4: autoDraw = True
477.5375 	EXP 	fixation: autoDraw = False
478.5328 	INFO 	Keyboard events cleared
478.5327 	EXP 	probe: autoDraw = True
478.9722 	EXP 	Device response: <KeyPress from None: t=478.96888516598847, value=c, duration=None>
478.9726 	EXP 	New trial (rep=48, index=3): <Trial 195 (3 in rep 48) data={'pos': np.int64(-150), 'corr_resp': 'z', 'thisN': 195, 'thisTrialN': 3, 'thisRepN': 48}>
478.9779 	DATA 	Keypress: c
478.9823 	EXP 	fixation: autoDraw = False
478.9823 	EXP 	line1: autoDraw = False
478.9823 	EXP 	line2: autoDraw = False
478.9823 	EXP 	line3: autoDraw = False
478.9823 	EXP 	line4: autoDraw = False
478.9823 	EXP 	probe: autoDraw = False
478.9823 	EXP 	fixation: autoDraw = True
479.1713 	EXP 	Device response: <KeyPress from None: t=478.96888516598847, value=c, duration=0.2002808340039337>
479.9659 	EXP 	line1: autoDraw = True
479.9659 	EXP 	line2: autoDraw = True
479.9659 	EXP 	line3: autoDraw = True
479.9659 	EXP 	line4: autoDraw = True
479.9709 	EXP 	fixation: autoDraw = False
480.9723 	INFO 	Keyboard events cleared
480.9721 	EXP 	probe: autoDraw = True
481.6172 	EXP 	Device response: <KeyPress from None: t=481.60480133300007, value=z, duration=None>
481.6178 	EXP 	New trial (rep=49, index=0): <Trial 196 (0 in rep 49) data={'pos': np.int64(-50), 'corr_resp': 'x', 'thisN': 196, 'thisTrialN': 0, 'thisRepN': 49}>
481.6238 	DATA 	Keypress: z
481.6280 	EXP 	fixation: autoDraw = False
481.6280 	EXP 	line1: autoDraw = False
481.6280 	EXP 	line2: autoDraw = False
481.6280 	EXP 	line3: autoDraw = False
481.6280 	EXP 	line4: autoDraw = False
481.6280 	EXP 	probe: autoDraw = False
481.6280 	EXP 	fixation: autoDraw = True
481.7673 	EXP 	Device response: <KeyPress from None: t=481.60480133300007, value=z, duration=0.15225916699273512>
482.6160 	EXP 	line1: autoDraw = True
482.6160 	EXP 	line2: autoDraw = True
482.6160 	EXP 	line3: autoDraw = True
482.6160 	EXP 	line4: autoDraw = True
482.6202 	EXP 	fixation: autoDraw = False
483.6163 	INFO 	Keyboard events cleared
483.6162 	EXP 	probe: autoDraw = True
484.0002 	EXP 	Device response: <KeyPress from None: t=483.98868699999, value=x, duration=None>
484.0007 	EXP 	New trial (rep=49, index=1): <Trial 197 (1 in rep 49) data={'pos': np.int64(150), 'corr_resp': 'v', 'thisN': 197, 'thisTrialN': 1, 'thisRepN': 49}>
484.0060 	DATA 	Keypress: x
484.0104 	EXP 	fixation: autoDraw = False
484.0104 	EXP 	line1: autoDraw = False
484.0104 	EXP 	line2: autoDraw = False
484.0104 	EXP 	line3: autoDraw = False
484.0104 	EXP 	line4: autoDraw = False
484.0104 	EXP 	probe: autoDraw = False
484.0104 	EXP 	fixation: autoDraw = True
484.1211 	EXP 	Device response: <KeyPress from None: t=483.98868699999, value=x, duration=0.12838812499830965>
484.9992 	EXP 	line1: autoDraw = True
484.9992 	EXP 	line2: autoDraw = True
484.9992 	EXP 	line3: autoDraw = True
484.9992 	EXP 	line4: autoDraw = True
485.0043 	EXP 	fixation: autoDraw = False
485.9885 	INFO 	Keyboard events cleared
485.9883 	EXP 	probe: autoDraw = True
486.3671 	EXP 	Device response: <KeyPress from None: t=486.3556586659979, value=v, duration=None>
486.3675 	EXP 	New trial (rep=49, index=2): <Trial 198 (2 in rep 49) data={'pos': np.int64(50), 'corr_resp': 'c', 'thisN': 198, 'thisTrialN': 2, 'thisRepN': 49}>
486.3732 	DATA 	Keypress: v
486.3774 	EXP 	fixation: autoDraw = False
486.3774 	EXP 	line1: autoDraw = False
486.3774 	EXP 	line2: autoDraw = False
486.3774 	EXP 	line3: autoDraw = False
486.3774 	EXP 	line4: autoDraw = False
486.3774 	EXP 	probe: autoDraw = False
486.3774 	EXP 	fixation: autoDraw = True
486.5003 	EXP 	Device response: <KeyPress from None: t=486.3556586659979, value=v, duration=0.13226491698878817>
487.3658 	EXP 	line1: autoDraw = True
487.3658 	EXP 	line2: autoDraw = True
487.3658 	EXP 	line3: autoDraw = True
487.3658 	EXP 	line4: autoDraw = True
487.3708 	EXP 	fixation: autoDraw = False
488.3660 	INFO 	Keyboard events cleared
488.3658 	EXP 	probe: autoDraw = True
488.9669 	EXP 	Device response: <KeyPress from None: t=488.95763658299984, value=c, duration=None>
488.9673 	EXP 	New trial (rep=49, index=3): <Trial 199 (3 in rep 49) data={'pos': np.int64(-150), 'corr_resp': 'z', 'thisN': 199, 'thisTrialN': 3, 'thisRepN': 49}>
488.9726 	DATA 	Keypress: c
488.9767 	EXP 	fixation: autoDraw = False
488.9767 	EXP 	line1: autoDraw = False
488.9767 	EXP 	line2: autoDraw = False
488.9767 	EXP 	line3: autoDraw = False
488.9767 	EXP 	line4: autoDraw = False
488.9767 	EXP 	probe: autoDraw = False
488.9767 	EXP 	fixation: autoDraw = True
489.1503 	EXP 	Device response: <KeyPress from None: t=488.95763658299984, value=c, duration=0.1802338329871418>
489.9658 	EXP 	line1: autoDraw = True
489.9658 	EXP 	line2: autoDraw = True
489.9658 	EXP 	line3: autoDraw = True
489.9658 	EXP 	line4: autoDraw = True
489.9700 	EXP 	fixation: autoDraw = False
490.9659 	INFO 	Keyboard events cleared
490.9657 	EXP 	probe: autoDraw = True
491.3718 	EXP 	Device response: <KeyPress from None: t=491.3696334579872, value=z, duration=None>
491.3815 	EXP 	Imported /Users/vineesmacbook/Downloads/sequence_cond - Sheet1.csv as conditions, 4 conditions, 2 params
491.3866 	EXP 	New trial (rep=0, index=0): <Trial 0 (0 in rep 0) data={'pos': np.int64(-50), 'corr_resp': 'x', 'thisN': 0, 'thisTrialN': 0, 'thisRepN': 0}>
491.3899 	DATA 	Keypress: z
491.3934 	EXP 	fixation: autoDraw = False
491.3934 	EXP 	line1: autoDraw = False
491.3934 	EXP 	line2: autoDraw = False
491.3934 	EXP 	line3: autoDraw = False
491.3934 	EXP 	line4: autoDraw = False
491.3934 	EXP 	probe: autoDraw = False
491.3934 	EXP 	fixation: autoDraw = True
491.5005 	EXP 	Device response: <KeyPress from None: t=491.3696334579872, value=z, duration=0.12021554200327955>
492.3711 	EXP 	line1: autoDraw = True
492.3711 	EXP 	line2: autoDraw = True
492.3711 	EXP 	line3: autoDraw = True
492.3711 	EXP 	line4: autoDraw = True
492.3869 	EXP 	fixation: autoDraw = False
493.3724 	INFO 	Keyboard events cleared
493.3723 	EXP 	probe: autoDraw = True
494.0005 	EXP 	Device response: <KeyPress from None: t=493.9915634159988, value=x, duration=None>
494.0011 	EXP 	New trial (rep=0, index=1): <Trial 1 (1 in rep 0) data={'pos': np.int64(50), 'corr_resp': 'c', 'thisN': 1, 'thisTrialN': 1, 'thisRepN': 0}>
494.0059 	DATA 	Keypress: x
494.0098 	EXP 	fixation: autoDraw = False
494.0098 	EXP 	line1: autoDraw = False
494.0098 	EXP 	line2: autoDraw = False
494.0098 	EXP 	line3: autoDraw = False
494.0098 	EXP 	line4: autoDraw = False
494.0098 	EXP 	probe: autoDraw = False
494.0098 	EXP 	fixation: autoDraw = True
494.0372 	EXP 	Device response: <KeyPress from None: t=493.9915634159988, value=x, duration=0.04433804198924918>
494.9991 	EXP 	line1: autoDraw = True
494.9991 	EXP 	line2: autoDraw = True
494.9991 	EXP 	line3: autoDraw = True
494.9991 	EXP 	line4: autoDraw = True
495.0041 	EXP 	fixation: autoDraw = False
495.9994 	INFO 	Keyboard events cleared
495.9992 	EXP 	probe: autoDraw = True
496.5724 	EXP 	Device response: <KeyPress from None: t=496.5714993750007, value=c, duration=None>
496.5728 	EXP 	New trial (rep=1, index=2): <Trial 2 (2 in rep 1) data={'pos': np.int64(50), 'corr_resp': 'c', 'thisN': 2, 'thisTrialN': 2, 'thisRepN': 1}>
496.5772 	DATA 	Keypress: c
496.5816 	EXP 	fixation: autoDraw = False
496.5816 	EXP 	line1: autoDraw = False
496.5816 	EXP 	line2: autoDraw = False
496.5816 	EXP 	line3: autoDraw = False
496.5816 	EXP 	line4: autoDraw = False
496.5816 	EXP 	probe: autoDraw = False
496.5816 	EXP 	fixation: autoDraw = True
496.7337 	EXP 	Device response: <KeyPress from None: t=496.5714993750007, value=c, duration=0.1523525829979917>
497.5707 	EXP 	fixation: autoDraw = False
497.5707 	EXP 	line1: autoDraw = True
497.5707 	EXP 	line2: autoDraw = True
497.5707 	EXP 	line3: autoDraw = True
497.5707 	EXP 	line4: autoDraw = True
498.5716 	INFO 	Keyboard events cleared
498.5715 	EXP 	probe: autoDraw = True
499.0838 	EXP 	Device response: <KeyPress from None: t=499.07345095799246, value=x, duration=None>
499.0845 	EXP 	New trial (rep=1, index=3): <Trial 3 (3 in rep 1) data={'pos': np.int64(-50), 'corr_resp': 'x', 'thisN': 3, 'thisTrialN': 3, 'thisRepN': 1}>
499.0894 	DATA 	Keypress: x
499.0934 	EXP 	fixation: autoDraw = False
499.0934 	EXP 	line1: autoDraw = False
499.0934 	EXP 	line2: autoDraw = False
499.0934 	EXP 	line3: autoDraw = False
499.0934 	EXP 	line4: autoDraw = False
499.0934 	EXP 	probe: autoDraw = False
499.0934 	EXP 	fixation: autoDraw = True
499.2337 	EXP 	Device response: <KeyPress from None: t=499.07345095799246, value=x, duration=0.1564283330080798>
500.0826 	EXP 	line1: autoDraw = True
500.0826 	EXP 	line2: autoDraw = True
500.0826 	EXP 	line3: autoDraw = True
500.0826 	EXP 	line4: autoDraw = True
500.0875 	EXP 	fixation: autoDraw = False
501.0828 	INFO 	Keyboard events cleared
501.0826 	EXP 	probe: autoDraw = True
501.6390 	EXP 	Device response: <KeyPress from None: t=501.63639266599785, value=x, duration=None>
501.6394 	EXP 	New trial (rep=0, index=4): <Trial 4 (4 in rep 0) data={'pos': np.int64(-150), 'corr_resp': 'z', 'thisN': 4, 'thisTrialN': 4, 'thisRepN': 0}>
501.6440 	DATA 	Keypress: x
501.6483 	EXP 	fixation: autoDraw = False
501.6483 	EXP 	line1: autoDraw = False
501.6483 	EXP 	line2: autoDraw = False
501.6483 	EXP 	line3: autoDraw = False
501.6483 	EXP 	line4: autoDraw = False
501.6483 	EXP 	probe: autoDraw = False
501.6483 	EXP 	fixation: autoDraw = True
501.7880 	EXP 	Device response: <KeyPress from None: t=501.63639266599785, value=x, duration=0.1482320419891039>
502.6373 	EXP 	fixation: autoDraw = False
502.6373 	EXP 	line1: autoDraw = True
502.6373 	EXP 	line2: autoDraw = True
502.6373 	EXP 	line3: autoDraw = True
502.6373 	EXP 	line4: autoDraw = True
503.6382 	INFO 	Keyboard events cleared
503.6380 	EXP 	probe: autoDraw = True
504.0666 	EXP 	Device response: <KeyPress from None: t=504.06240158299624, value=z, duration=None>
504.0671 	EXP 	New trial (rep=1, index=5): <Trial 5 (5 in rep 1) data={'pos': np.int64(-150), 'corr_resp': 'z', 'thisN': 5, 'thisTrialN': 5, 'thisRepN': 1}>
504.0715 	EXP 	fixation: autoDraw = False
504.0715 	EXP 	line1: autoDraw = False
504.0715 	EXP 	line2: autoDraw = False
504.0715 	EXP 	line3: autoDraw = False
504.0715 	EXP 	line4: autoDraw = False
504.0715 	EXP 	probe: autoDraw = False
504.0715 	EXP 	fixation: autoDraw = True
504.0754 	DATA 	Keypress: z
504.1880 	EXP 	Device response: <KeyPress from None: t=504.06240158299624, value=z, duration=0.1242547919973731>
505.0657 	EXP 	line1: autoDraw = True
505.0657 	EXP 	line2: autoDraw = True
505.0657 	EXP 	line3: autoDraw = True
505.0657 	EXP 	line4: autoDraw = True
505.0700 	EXP 	fixation: autoDraw = False
506.0657 	INFO 	Keyboard events cleared
506.0656 	EXP 	probe: autoDraw = True
506.6002 	EXP 	Device response: <KeyPress from None: t=506.5972386249923, value=z, duration=None>
506.6008 	EXP 	New trial (rep=2, index=6): <Trial 6 (6 in rep 2) data={'pos': np.int64(-50), 'corr_resp': 'x', 'thisN': 6, 'thisTrialN': 6, 'thisRepN': 2}>
506.6059 	EXP 	fixation: autoDraw = False
506.6059 	EXP 	line1: autoDraw = False
506.6059 	EXP 	line2: autoDraw = False
506.6059 	EXP 	line3: autoDraw = False
506.6059 	EXP 	line4: autoDraw = False
506.6059 	EXP 	probe: autoDraw = False
506.6059 	EXP 	fixation: autoDraw = True
506.6094 	DATA 	Keypress: z
506.7669 	EXP 	Device response: <KeyPress from None: t=506.5972386249923, value=z, duration=0.16835716599598527>
507.5991 	EXP 	line1: autoDraw = True
507.5991 	EXP 	line2: autoDraw = True
507.5991 	EXP 	line3: autoDraw = True
507.5991 	EXP 	line4: autoDraw = True
507.6040 	EXP 	fixation: autoDraw = False
508.5992 	INFO 	Keyboard events cleared
508.5990 	EXP 	probe: autoDraw = True
509.3235 	EXP 	Device response: <KeyPress from None: t=509.31625708298816, value=x, duration=None>
509.3239 	EXP 	New trial (rep=3, index=7): <Trial 7 (7 in rep 3) data={'pos': np.int64(-50), 'corr_resp': 'x', 'thisN': 7, 'thisTrialN': 7, 'thisRepN': 3}>
509.3282 	DATA 	Keypress: x
509.3323 	EXP 	fixation: autoDraw = False
509.3323 	EXP 	line1: autoDraw = False
509.3323 	EXP 	line2: autoDraw = False
509.3323 	EXP 	line3: autoDraw = False
509.3323 	EXP 	line4: autoDraw = False
509.3323 	EXP 	probe: autoDraw = False
509.3323 	EXP 	fixation: autoDraw = True
509.4171 	EXP 	Device response: <KeyPress from None: t=509.31625708298816, value=x, duration=0.08839829200587701>
510.3203 	EXP 	fixation: autoDraw = False
510.3203 	EXP 	line1: autoDraw = True
510.3203 	EXP 	line2: autoDraw = True
510.3203 	EXP 	line3: autoDraw = True
510.3203 	EXP 	line4: autoDraw = True
511.3225 	INFO 	Keyboard events cleared
511.3223 	EXP 	probe: autoDraw = True
511.9502 	EXP 	Device response: <KeyPress from None: t=511.93803754099645, value=x, duration=None>
511.9509 	EXP 	New trial (rep=2, index=8): <Trial 8 (8 in rep 2) data={'pos': np.int64(-150), 'corr_resp': 'z', 'thisN': 8, 'thisTrialN': 8, 'thisRepN': 2}>
511.9563 	DATA 	Keypress: x
511.9605 	EXP 	fixation: autoDraw = False
511.9605 	EXP 	line1: autoDraw = False
511.9605 	EXP 	line2: autoDraw = False
511.9605 	EXP 	line3: autoDraw = False
511.9605 	EXP 	line4: autoDraw = False
511.9605 	EXP 	probe: autoDraw = False
511.9605 	EXP 	fixation: autoDraw = True
512.1172 	EXP 	Device response: <KeyPress from None: t=511.93803754099645, value=x, duration=0.1765041670005303>
512.9492 	EXP 	line1: autoDraw = True
512.9492 	EXP 	line2: autoDraw = True
512.9492 	EXP 	line3: autoDraw = True
512.9492 	EXP 	line4: autoDraw = True
512.9540 	EXP 	fixation: autoDraw = False
513.9492 	INFO 	Keyboard events cleared
513.9490 	EXP 	probe: autoDraw = True
514.9668 	EXP 	Device response: <KeyPress from None: t=514.9570967909967, value=z, duration=None>
514.9674 	EXP 	New trial (rep=0, index=9): <Trial 9 (9 in rep 0) data={'pos': np.int64(150), 'corr_resp': 'v', 'thisN': 9, 'thisTrialN': 9, 'thisRepN': 0}>
514.9726 	DATA 	Keypress: z
514.9768 	EXP 	fixation: autoDraw = False
514.9768 	EXP 	line1: autoDraw = False
514.9768 	EXP 	line2: autoDraw = False
514.9768 	EXP 	line3: autoDraw = False
514.9768 	EXP 	line4: autoDraw = False
514.9768 	EXP 	probe: autoDraw = False
514.9768 	EXP 	fixation: autoDraw = True
515.0507 	EXP 	Device response: <KeyPress from None: t=514.9570967909967, value=z, duration=0.0922401669959072>
515.9656 	EXP 	line1: autoDraw = True
515.9656 	EXP 	line2: autoDraw = True
515.9656 	EXP 	line3: autoDraw = True
515.9656 	EXP 	line4: autoDraw = True
515.9707 	EXP 	fixation: autoDraw = False
516.9659 	INFO 	Keyboard events cleared
516.9657 	EXP 	probe: autoDraw = True
517.4723 	EXP 	Device response: <KeyPress from None: t=517.4680068329908, value=v, duration=None>
517.4727 	EXP 	New trial (rep=1, index=10): <Trial 10 (10 in rep 1) data={'pos': np.int64(150), 'corr_resp': 'v', 'thisN': 10, 'thisTrialN': 10, 'thisRepN': 1}>
517.4780 	DATA 	Keypress: v
517.4823 	EXP 	fixation: autoDraw = False
517.4823 	EXP 	line1: autoDraw = False
517.4823 	EXP 	line2: autoDraw = False
517.4823 	EXP 	line3: autoDraw = False
517.4823 	EXP 	line4: autoDraw = False
517.4823 	EXP 	probe: autoDraw = False
517.4823 	EXP 	fixation: autoDraw = True
517.6168 	EXP 	Device response: <KeyPress from None: t=517.4680068329908, value=v, duration=0.1443292920012027>
518.4709 	EXP 	fixation: autoDraw = False
518.4709 	EXP 	line1: autoDraw = True
518.4709 	EXP 	line2: autoDraw = True
518.4709 	EXP 	line3: autoDraw = True
518.4709 	EXP 	line4: autoDraw = True
519.4715 	INFO 	Keyboard events cleared
519.4714 	EXP 	probe: autoDraw = True
519.8718 	EXP 	Device response: <KeyPress from None: t=519.8679584999918, value=v, duration=None>
519.8722 	EXP 	New trial (rep=3, index=11): <Trial 11 (11 in rep 3) data={'pos': np.int64(-150), 'corr_resp': 'z', 'thisN': 11, 'thisTrialN': 11, 'thisRepN': 3}>
519.8773 	DATA 	Keypress: v
519.8818 	EXP 	fixation: autoDraw = False
519.8818 	EXP 	line1: autoDraw = False
519.8818 	EXP 	line2: autoDraw = False
519.8818 	EXP 	line3: autoDraw = False
519.8818 	EXP 	line4: autoDraw = False
519.8818 	EXP 	probe: autoDraw = False
519.8818 	EXP 	fixation: autoDraw = True
519.9840 	EXP 	Device response: <KeyPress from None: t=519.8679584999918, value=v, duration=0.11265166600060184>
520.8708 	EXP 	fixation: autoDraw = False
520.8708 	EXP 	line1: autoDraw = True
520.8708 	EXP 	line2: autoDraw = True
520.8708 	EXP 	line3: autoDraw = True
520.8708 	EXP 	line4: autoDraw = True
521.8717 	INFO 	Keyboard events cleared
521.8715 	EXP 	probe: autoDraw = True
522.2840 	EXP 	Device response: <KeyPress from None: t=522.2819399579894, value=z, duration=None>
522.2849 	EXP 	New trial (rep=4, index=12): <Trial 12 (12 in rep 4) data={'pos': np.int64(-50), 'corr_resp': 'x', 'thisN': 12, 'thisTrialN': 12, 'thisRepN': 4}>
522.2903 	DATA 	Keypress: z
522.2946 	EXP 	fixation: autoDraw = False
522.2946 	EXP 	line1: autoDraw = False
522.2946 	EXP 	line2: autoDraw = False
522.2946 	EXP 	line3: autoDraw = False
522.2946 	EXP 	line4: autoDraw = False
522.2946 	EXP 	probe: autoDraw = False
522.2946 	EXP 	fixation: autoDraw = True
522.4670 	EXP 	Device response: <KeyPress from None: t=522.2819399579894, value=z, duration=0.17628454200166743>
523.2822 	EXP 	line1: autoDraw = True
523.2822 	EXP 	line2: autoDraw = True
523.2822 	EXP 	line3: autoDraw = True
523.2822 	EXP 	line4: autoDraw = True
523.2864 	EXP 	fixation: autoDraw = False
524.2824 	INFO 	Keyboard events cleared
524.2823 	EXP 	probe: autoDraw = True
524.9221 	EXP 	Device response: <KeyPress from None: t=524.9209327909921, value=x, duration=None>
524.9225 	EXP 	New trial (rep=2, index=13): <Trial 13 (13 in rep 2) data={'pos': np.int64(50), 'corr_resp': 'c', 'thisN': 13, 'thisTrialN': 13, 'thisRepN': 2}>
524.9275 	DATA 	Keypress: x
524.9317 	EXP 	fixation: autoDraw = False
524.9317 	EXP 	line1: autoDraw = False
524.9317 	EXP 	line2: autoDraw = False
524.9317 	EXP 	line3: autoDraw = False
524.9317 	EXP 	line4: autoDraw = False
524.9317 	EXP 	probe: autoDraw = False
524.9317 	EXP 	fixation: autoDraw = True
525.0670 	EXP 	Device response: <KeyPress from None: t=524.9209327909921, value=x, duration=0.14041166700189933>
525.9209 	EXP 	fixation: autoDraw = False
525.9209 	EXP 	line1: autoDraw = True
525.9209 	EXP 	line2: autoDraw = True
525.9209 	EXP 	line3: autoDraw = True
525.9209 	EXP 	line4: autoDraw = True
526.9213 	INFO 	Keyboard events cleared
526.9212 	EXP 	probe: autoDraw = True
527.5333 	EXP 	Device response: <KeyPress from None: t=527.5257682079973, value=c, duration=None>
527.5338 	EXP 	New trial (rep=5, index=14): <Trial 14 (14 in rep 5) data={'pos': np.int64(-50), 'corr_resp': 'x', 'thisN': 14, 'thisTrialN': 14, 'thisRepN': 5}>
527.5388 	DATA 	Keypress: c
527.5431 	EXP 	fixation: autoDraw = False
527.5431 	EXP 	line1: autoDraw = False
527.5431 	EXP 	line2: autoDraw = False
527.5431 	EXP 	line3: autoDraw = False
527.5431 	EXP 	line4: autoDraw = False
527.5431 	EXP 	probe: autoDraw = False
527.5431 	EXP 	fixation: autoDraw = True
527.6668 	EXP 	Device response: <KeyPress from None: t=527.5257682079973, value=c, duration=0.12829437499749474>
528.5324 	EXP 	line1: autoDraw = True
528.5324 	EXP 	line2: autoDraw = True
528.5324 	EXP 	line3: autoDraw = True
528.5324 	EXP 	line4: autoDraw = True
528.5375 	EXP 	fixation: autoDraw = False
529.5324 	INFO 	Keyboard events cleared
529.5323 	EXP 	probe: autoDraw = True
530.1336 	EXP 	Device response: <KeyPress from None: t=530.1308183749934, value=x, duration=None>
530.1343 	EXP 	New trial (rep=4, index=15): <Trial 15 (15 in rep 4) data={'pos': np.int64(-150), 'corr_resp': 'z', 'thisN': 15, 'thisTrialN': 15, 'thisRepN': 4}>
530.1397 	EXP 	fixation: autoDraw = False
530.1397 	EXP 	line1: autoDraw = False
530.1397 	EXP 	line2: autoDraw = False
530.1397 	EXP 	line3: autoDraw = False
530.1397 	EXP 	line4: autoDraw = False
530.1397 	EXP 	probe: autoDraw = False
530.1397 	EXP 	fixation: autoDraw = True
530.1436 	DATA 	Keypress: x
530.2501 	EXP 	Device response: <KeyPress from None: t=530.1308183749934, value=x, duration=0.11628895800095052>
531.1322 	EXP 	line1: autoDraw = True
531.1322 	EXP 	line2: autoDraw = True
531.1322 	EXP 	line3: autoDraw = True
531.1322 	EXP 	line4: autoDraw = True
531.1372 	EXP 	fixation: autoDraw = False
532.1326 	INFO 	Keyboard events cleared
532.1324 	EXP 	probe: autoDraw = True
532.5167 	EXP 	Device response: <KeyPress from None: t=532.514734707991, value=z, duration=None>
532.5173 	EXP 	New trial (rep=2, index=16): <Trial 16 (16 in rep 2) data={'pos': np.int64(150), 'corr_resp': 'v', 'thisN': 16, 'thisTrialN': 16, 'thisRepN': 2}>
532.5224 	EXP 	fixation: autoDraw = False
532.5224 	EXP 	line1: autoDraw = False
532.5224 	EXP 	line2: autoDraw = False
532.5224 	EXP 	line3: autoDraw = False
532.5224 	EXP 	line4: autoDraw = False
532.5224 	EXP 	probe: autoDraw = False
532.5224 	EXP 	fixation: autoDraw = True
532.5264 	DATA 	Keypress: z
532.6667 	EXP 	Device response: <KeyPress from None: t=532.514734707991, value=z, duration=0.14829083300719503>
533.5154 	EXP 	line1: autoDraw = True
533.5154 	EXP 	line2: autoDraw = True
533.5154 	EXP 	line3: autoDraw = True
533.5154 	EXP 	line4: autoDraw = True
533.5200 	EXP 	fixation: autoDraw = False
534.5156 	INFO 	Keyboard events cleared
534.5155 	EXP 	probe: autoDraw = True
534.9216 	EXP 	Device response: <KeyPress from None: t=534.9206716659974, value=v, duration=None>
534.9220 	EXP 	New trial (rep=3, index=17): <Trial 17 (17 in rep 3) data={'pos': np.int64(50), 'corr_resp': 'c', 'thisN': 17, 'thisTrialN': 17, 'thisRepN': 3}>
534.9270 	DATA 	Keypress: v
534.9314 	EXP 	fixation: autoDraw = False
534.9314 	EXP 	line1: autoDraw = False
534.9314 	EXP 	line2: autoDraw = False
534.9314 	EXP 	line3: autoDraw = False
534.9314 	EXP 	line4: autoDraw = False
534.9314 	EXP 	probe: autoDraw = False
534.9314 	EXP 	fixation: autoDraw = True
535.0334 	EXP 	Device response: <KeyPress from None: t=534.9206716659974, value=v, duration=0.1001517089898698>
535.9204 	EXP 	fixation: autoDraw = False
535.9204 	EXP 	line1: autoDraw = True
535.9204 	EXP 	line2: autoDraw = True
535.9204 	EXP 	line3: autoDraw = True
535.9204 	EXP 	line4: autoDraw = True
536.9213 	INFO 	Keyboard events cleared
536.9212 	EXP 	probe: autoDraw = True
537.3334 	EXP 	Device response: <KeyPress from None: t=537.3225915829971, value=c, duration=None>
537.3339 	EXP 	New trial (rep=6, index=18): <Trial 18 (18 in rep 6) data={'pos': np.int64(-50), 'corr_resp': 'x', 'thisN': 18, 'thisTrialN': 18, 'thisRepN': 6}>
537.3396 	DATA 	Keypress: c
537.3437 	EXP 	fixation: autoDraw = False
537.3437 	EXP 	line1: autoDraw = False
537.3437 	EXP 	line2: autoDraw = False
537.3437 	EXP 	line3: autoDraw = False
537.3437 	EXP 	line4: autoDraw = False
537.3437 	EXP 	probe: autoDraw = False
537.3437 	EXP 	fixation: autoDraw = True
537.4504 	EXP 	Device response: <KeyPress from None: t=537.3225915829971, value=c, duration=0.1205429169931449>
538.3321 	EXP 	line1: autoDraw = True
538.3321 	EXP 	line2: autoDraw = True
538.3321 	EXP 	line3: autoDraw = True
538.3321 	EXP 	line4: autoDraw = True
538.3364 	EXP 	fixation: autoDraw = False
539.3323 	INFO 	Keyboard events cleared
539.3322 	EXP 	probe: autoDraw = True
539.7334 	EXP 	Device response: <KeyPress from None: t=539.7295857909921, value=x, duration=None>
539.7341 	EXP 	New trial (rep=5, index=19): <Trial 19 (19 in rep 5) data={'pos': np.int64(-150), 'corr_resp': 'z', 'thisN': 19, 'thisTrialN': 19, 'thisRepN': 5}>
539.7393 	EXP 	fixation: autoDraw = False
539.7393 	EXP 	line1: autoDraw = False
539.7393 	EXP 	line2: autoDraw = False
539.7393 	EXP 	line3: autoDraw = False
539.7393 	EXP 	line4: autoDraw = False
539.7393 	EXP 	probe: autoDraw = False
539.7393 	EXP 	fixation: autoDraw = True
539.7432 	DATA 	Keypress: x
539.8333 	EXP 	Device response: <KeyPress from None: t=539.7295857909921, value=x, duration=0.10027374999481253>
540.7321 	EXP 	line1: autoDraw = True
540.7321 	EXP 	line2: autoDraw = True
540.7321 	EXP 	line3: autoDraw = True
540.7321 	EXP 	line4: autoDraw = True
540.7370 	EXP 	fixation: autoDraw = False
541.7324 	INFO 	Keyboard events cleared
541.7322 	EXP 	probe: autoDraw = True
542.0668 	EXP 	Device response: <KeyPress from None: t=542.0606071249931, value=z, duration=None>
542.0674 	EXP 	New trial (rep=7, index=20): <Trial 20 (20 in rep 7) data={'pos': np.int64(-50), 'corr_resp': 'x', 'thisN': 20, 'thisTrialN': 20, 'thisRepN': 7}>
542.0727 	DATA 	Keypress: z
542.0768 	EXP 	fixation: autoDraw = False
542.0768 	EXP 	line1: autoDraw = False
542.0768 	EXP 	line2: autoDraw = False
542.0768 	EXP 	line3: autoDraw = False
542.0768 	EXP 	line4: autoDraw = False
542.0768 	EXP 	probe: autoDraw = False
542.0768 	EXP 	fixation: autoDraw = True
542.1999 	EXP 	Device response: <KeyPress from None: t=542.0606071249931, value=z, duration=0.12817816600727383>
543.0655 	EXP 	line1: autoDraw = True
543.0655 	EXP 	line2: autoDraw = True
543.0655 	EXP 	line3: autoDraw = True
543.0655 	EXP 	line4: autoDraw = True
543.0705 	EXP 	fixation: autoDraw = False
544.0655 	INFO 	Keyboard events cleared
544.0653 	EXP 	probe: autoDraw = True
544.6714 	EXP 	Device response: <KeyPress from None: t=544.6694001659926, value=x, duration=None>
544.6718 	EXP 	New trial (rep=3, index=21): <Trial 21 (21 in rep 3) data={'pos': np.int64(150), 'corr_resp': 'v', 'thisN': 21, 'thisTrialN': 21, 'thisRepN': 3}>
544.6769 	DATA 	Keypress: x
544.6813 	EXP 	fixation: autoDraw = False
544.6813 	EXP 	line1: autoDraw = False
544.6813 	EXP 	line2: autoDraw = False
544.6813 	EXP 	line3: autoDraw = False
544.6813 	EXP 	line4: autoDraw = False
544.6813 	EXP 	probe: autoDraw = False
544.6813 	EXP 	fixation: autoDraw = True
544.8042 	EXP 	Device response: <KeyPress from None: t=544.6694001659926, value=x, duration=0.13231883400294464>
545.6710 	EXP 	fixation: autoDraw = False
545.6710 	EXP 	line1: autoDraw = True
545.6710 	EXP 	line2: autoDraw = True
545.6710 	EXP 	line3: autoDraw = True
545.6710 	EXP 	line4: autoDraw = True
546.6711 	INFO 	Keyboard events cleared
546.6710 	EXP 	probe: autoDraw = True
547.1333 	EXP 	Device response: <KeyPress from None: t=547.1213662909868, value=v, duration=None>
547.1339 	EXP 	New trial (rep=6, index=22): <Trial 22 (22 in rep 6) data={'pos': np.int64(-150), 'corr_resp': 'z', 'thisN': 22, 'thisTrialN': 22, 'thisRepN': 6}>
547.1393 	DATA 	Keypress: v
547.1433 	EXP 	fixation: autoDraw = False
547.1433 	EXP 	line1: autoDraw = False
547.1433 	EXP 	line2: autoDraw = False
547.1433 	EXP 	line3: autoDraw = False
547.1433 	EXP 	line4: autoDraw = False
547.1433 	EXP 	probe: autoDraw = False
547.1433 	EXP 	fixation: autoDraw = True
547.2666 	EXP 	Device response: <KeyPress from None: t=547.1213662909868, value=v, duration=0.13228137500118464>
548.1320 	EXP 	line1: autoDraw = True
548.1320 	EXP 	line2: autoDraw = True
548.1320 	EXP 	line3: autoDraw = True
548.1320 	EXP 	line4: autoDraw = True
548.1362 	EXP 	fixation: autoDraw = False
549.1323 	INFO 	Keyboard events cleared
549.1321 	EXP 	probe: autoDraw = True
549.5334 	EXP 	Device response: <KeyPress from None: t=549.5303815410007, value=z, duration=None>
549.5341 	EXP 	New trial (rep=4, index=23): <Trial 23 (23 in rep 4) data={'pos': np.int64(150), 'corr_resp': 'v', 'thisN': 23, 'thisTrialN': 23, 'thisRepN': 4}>
549.5393 	EXP 	fixation: autoDraw = False
549.5393 	EXP 	line1: autoDraw = False
549.5393 	EXP 	line2: autoDraw = False
549.5393 	EXP 	line3: autoDraw = False
549.5393 	EXP 	line4: autoDraw = False
549.5393 	EXP 	probe: autoDraw = False
549.5393 	EXP 	fixation: autoDraw = True
549.5430 	DATA 	Keypress: z
549.6542 	EXP 	Device response: <KeyPress from None: t=549.5303815410007, value=z, duration=0.12025629199342802>
550.5320 	EXP 	line1: autoDraw = True
550.5320 	EXP 	line2: autoDraw = True
550.5320 	EXP 	line3: autoDraw = True
550.5320 	EXP 	line4: autoDraw = True
550.5368 	EXP 	fixation: autoDraw = False
551.5321 	INFO 	Keyboard events cleared
551.5319 	EXP 	probe: autoDraw = True
552.0332 	EXP 	Device response: <KeyPress from None: t=552.0302923749987, value=v, duration=None>
552.0337 	EXP 	New trial (rep=8, index=24): <Trial 24 (24 in rep 8) data={'pos': np.int64(-50), 'corr_resp': 'x', 'thisN': 24, 'thisTrialN': 24, 'thisRepN': 8}>
552.0387 	EXP 	fixation: autoDraw = False
552.0387 	EXP 	line1: autoDraw = False
552.0387 	EXP 	line2: autoDraw = False
552.0387 	EXP 	line3: autoDraw = False
552.0387 	EXP 	line4: autoDraw = False
552.0387 	EXP 	probe: autoDraw = False
552.0387 	EXP 	fixation: autoDraw = True
552.0426 	DATA 	Keypress: v
552.1998 	EXP 	Device response: <KeyPress from None: t=552.0302923749987, value=v, duration=0.16816637499141507>
553.0320 	EXP 	line1: autoDraw = True
553.0320 	EXP 	line2: autoDraw = True
553.0320 	EXP 	line3: autoDraw = True
553.0320 	EXP 	line4: autoDraw = True
553.0369 	EXP 	fixation: autoDraw = False
554.0321 	INFO 	Keyboard events cleared
554.0320 	EXP 	probe: autoDraw = True
554.8209 	EXP 	Device response: <KeyPress from None: t=554.8171257079957, value=x, duration=None>
554.8214 	EXP 	New trial (rep=5, index=25): <Trial 25 (25 in rep 5) data={'pos': np.int64(150), 'corr_resp': 'v', 'thisN': 25, 'thisTrialN': 25, 'thisRepN': 5}>
554.8265 	DATA 	Keypress: x
554.8311 	EXP 	fixation: autoDraw = False
554.8311 	EXP 	line1: autoDraw = False
554.8311 	EXP 	line2: autoDraw = False
554.8311 	EXP 	line3: autoDraw = False
554.8311 	EXP 	line4: autoDraw = False
554.8311 	EXP 	probe: autoDraw = False
554.8311 	EXP 	fixation: autoDraw = True
554.9667 	EXP 	Device response: <KeyPress from None: t=554.8171257079957, value=x, duration=0.14033341700269375>
555.8152 	EXP 	line1: autoDraw = True
555.8152 	EXP 	line2: autoDraw = True
555.8152 	EXP 	line3: autoDraw = True
555.8152 	EXP 	line4: autoDraw = True
555.8195 	EXP 	fixation: autoDraw = False
556.8154 	INFO 	Keyboard events cleared
556.8153 	EXP 	probe: autoDraw = True
557.4164 	EXP 	Device response: <KeyPress from None: t=557.4151263749955, value=v, duration=None>
557.4171 	EXP 	New trial (rep=4, index=26): <Trial 26 (26 in rep 4) data={'pos': np.int64(50), 'corr_resp': 'c', 'thisN': 26, 'thisTrialN': 26, 'thisRepN': 4}>
557.4218 	EXP 	fixation: autoDraw = False
557.4218 	EXP 	line1: autoDraw = False
557.4218 	EXP 	line2: autoDraw = False
557.4218 	EXP 	line3: autoDraw = False
557.4218 	EXP 	line4: autoDraw = False
557.4218 	EXP 	probe: autoDraw = False
557.4218 	EXP 	fixation: autoDraw = True
557.4258 	DATA 	Keypress: v
557.5999 	EXP 	Device response: <KeyPress from None: t=557.4151263749955, value=v, duration=0.18038399999204557>
558.4152 	EXP 	line1: autoDraw = True
558.4152 	EXP 	line2: autoDraw = True
558.4152 	EXP 	line3: autoDraw = True
558.4152 	EXP 	line4: autoDraw = True
558.4200 	EXP 	fixation: autoDraw = False
559.4154 	INFO 	Keyboard events cleared
559.4153 	EXP 	probe: autoDraw = True
559.9832 	EXP 	Device response: <KeyPress from None: t=559.9820550409931, value=c, duration=None>
559.9841 	EXP 	New trial (rep=7, index=27): <Trial 27 (27 in rep 7) data={'pos': np.int64(-150), 'corr_resp': 'z', 'thisN': 27, 'thisTrialN': 27, 'thisRepN': 7}>
559.9893 	EXP 	fixation: autoDraw = False
559.9893 	EXP 	line1: autoDraw = False
559.9893 	EXP 	line2: autoDraw = False
559.9893 	EXP 	line3: autoDraw = False
559.9893 	EXP 	line4: autoDraw = False
559.9893 	EXP 	probe: autoDraw = False
559.9893 	EXP 	fixation: autoDraw = True
559.9932 	DATA 	Keypress: c
560.1001 	EXP 	Device response: <KeyPress from None: t=559.9820550409931, value=c, duration=0.10836949999793433>
560.9821 	EXP 	line1: autoDraw = True
560.9821 	EXP 	line2: autoDraw = True
560.9821 	EXP 	line3: autoDraw = True
560.9821 	EXP 	line4: autoDraw = True
560.9879 	EXP 	fixation: autoDraw = False
561.9821 	INFO 	Keyboard events cleared
561.9819 	EXP 	probe: autoDraw = True
562.3333 	EXP 	Device response: <KeyPress from None: t=562.3300394999969, value=z, duration=None>
562.3339 	EXP 	New trial (rep=6, index=28): <Trial 28 (28 in rep 6) data={'pos': np.int64(150), 'corr_resp': 'v', 'thisN': 28, 'thisTrialN': 28, 'thisRepN': 6}>
562.3390 	EXP 	fixation: autoDraw = False
562.3390 	EXP 	line1: autoDraw = False
562.3390 	EXP 	line2: autoDraw = False
562.3390 	EXP 	line3: autoDraw = False
562.3390 	EXP 	line4: autoDraw = False
562.3390 	EXP 	probe: autoDraw = False
562.3390 	EXP 	fixation: autoDraw = True
562.3437 	DATA 	Keypress: z
562.4832 	EXP 	Device response: <KeyPress from None: t=562.3300394999969, value=z, duration=0.14847108299727552>
563.3320 	EXP 	line1: autoDraw = True
563.3320 	EXP 	line2: autoDraw = True
563.3320 	EXP 	line3: autoDraw = True
563.3320 	EXP 	line4: autoDraw = True
563.3369 	EXP 	fixation: autoDraw = False
564.3321 	INFO 	Keyboard events cleared
564.3319 	EXP 	probe: autoDraw = True
564.6709 	EXP 	Device response: <KeyPress from None: t=564.6659433329914, value=v, duration=None>
564.6713 	EXP 	New trial (rep=5, index=29): <Trial 29 (29 in rep 5) data={'pos': np.int64(50), 'corr_resp': 'c', 'thisN': 29, 'thisTrialN': 29, 'thisRepN': 5}>
564.6763 	DATA 	Keypress: v
564.6809 	EXP 	fixation: autoDraw = False
564.6809 	EXP 	line1: autoDraw = False
564.6809 	EXP 	line2: autoDraw = False
564.6809 	EXP 	line3: autoDraw = False
564.6809 	EXP 	line4: autoDraw = False
564.6809 	EXP 	probe: autoDraw = False
564.6809 	EXP 	fixation: autoDraw = True
564.7870 	EXP 	Device response: <KeyPress from None: t=564.6659433329914, value=v, duration=0.1162886670063017>
565.6702 	EXP 	fixation: autoDraw = False
565.6702 	EXP 	line1: autoDraw = True
565.6702 	EXP 	line2: autoDraw = True
565.6702 	EXP 	line3: autoDraw = True
565.6702 	EXP 	line4: autoDraw = True
566.6708 	INFO 	Keyboard events cleared
566.6706 	EXP 	probe: autoDraw = True
567.1830 	EXP 	Device response: <KeyPress from None: t=567.1708711249958, value=c, duration=None>
567.1836 	EXP 	New trial (rep=8, index=30): <Trial 30 (30 in rep 8) data={'pos': np.int64(-150), 'corr_resp': 'z', 'thisN': 30, 'thisTrialN': 30, 'thisRepN': 8}>
567.1887 	DATA 	Keypress: c
567.1928 	EXP 	fixation: autoDraw = False
567.1928 	EXP 	line1: autoDraw = False
567.1928 	EXP 	line2: autoDraw = False
567.1928 	EXP 	line3: autoDraw = False
567.1928 	EXP 	line4: autoDraw = False
567.1928 	EXP 	probe: autoDraw = False
567.1928 	EXP 	fixation: autoDraw = True
567.3165 	EXP 	Device response: <KeyPress from None: t=567.1708711249958, value=c, duration=0.1363159159955103>
568.1819 	EXP 	line1: autoDraw = True
568.1819 	EXP 	line2: autoDraw = True
568.1819 	EXP 	line3: autoDraw = True
568.1819 	EXP 	line4: autoDraw = True
568.1864 	EXP 	fixation: autoDraw = False
569.1820 	INFO 	Keyboard events cleared
569.1818 	EXP 	probe: autoDraw = True
569.5664 	EXP 	Device response: <KeyPress from None: t=569.5618976249971, value=z, duration=None>
569.5670 	EXP 	New trial (rep=6, index=31): <Trial 31 (31 in rep 6) data={'pos': np.int64(50), 'corr_resp': 'c', 'thisN': 31, 'thisTrialN': 31, 'thisRepN': 6}>
569.5719 	EXP 	fixation: autoDraw = False
569.5719 	EXP 	line1: autoDraw = False
569.5719 	EXP 	line2: autoDraw = False
569.5719 	EXP 	line3: autoDraw = False
569.5719 	EXP 	line4: autoDraw = False
569.5719 	EXP 	probe: autoDraw = False
569.5719 	EXP 	fixation: autoDraw = True
569.5758 	DATA 	Keypress: z
569.6995 	EXP 	Device response: <KeyPress from None: t=569.5618976249971, value=z, duration=0.13620300000184216>
570.5653 	EXP 	line1: autoDraw = True
570.5653 	EXP 	line2: autoDraw = True
570.5653 	EXP 	line3: autoDraw = True
570.5653 	EXP 	line4: autoDraw = True
570.5697 	EXP 	fixation: autoDraw = False
571.5656 	INFO 	Keyboard events cleared
571.5654 	EXP 	probe: autoDraw = True
572.0880 	EXP 	Device response: <KeyPress from None: t=572.0868519579963, value=c, duration=None>
572.0884 	EXP 	New trial (rep=7, index=32): <Trial 32 (32 in rep 7) data={'pos': np.int64(150), 'corr_resp': 'v', 'thisN': 32, 'thisTrialN': 32, 'thisRepN': 7}>
572.0933 	DATA 	Keypress: c
572.0977 	EXP 	fixation: autoDraw = False
572.0977 	EXP 	line1: autoDraw = False
572.0977 	EXP 	line2: autoDraw = False
572.0977 	EXP 	line3: autoDraw = False
572.0977 	EXP 	line4: autoDraw = False
572.0977 	EXP 	probe: autoDraw = False
572.0977 	EXP 	fixation: autoDraw = True
572.2661 	EXP 	Device response: <KeyPress from None: t=572.0868519579963, value=c, duration=0.17236829199828207>
573.0874 	EXP 	fixation: autoDraw = False
573.0874 	EXP 	line1: autoDraw = True
573.0874 	EXP 	line2: autoDraw = True
573.0874 	EXP 	line3: autoDraw = True
573.0874 	EXP 	line4: autoDraw = True
574.0876 	INFO 	Keyboard events cleared
574.0874 	EXP 	probe: autoDraw = True
574.5883 	EXP 	Device response: <KeyPress from None: t=574.5845989999943, value=v, duration=None>
574.5888 	EXP 	New trial (rep=7, index=33): <Trial 33 (33 in rep 7) data={'pos': np.int64(50), 'corr_resp': 'c', 'thisN': 33, 'thisTrialN': 33, 'thisRepN': 7}>
574.5940 	DATA 	Keypress: v
574.5982 	EXP 	fixation: autoDraw = False
574.5982 	EXP 	line1: autoDraw = False
574.5982 	EXP 	line2: autoDraw = False
574.5982 	EXP 	line3: autoDraw = False
574.5982 	EXP 	line4: autoDraw = False
574.5982 	EXP 	probe: autoDraw = False
574.5982 	EXP 	fixation: autoDraw = True
574.6542 	EXP 	Device response: <KeyPress from None: t=574.5845989999943, value=v, duration=0.06443095799477305>
575.5872 	EXP 	fixation: autoDraw = False
575.5872 	EXP 	line1: autoDraw = True
575.5872 	EXP 	line2: autoDraw = True
575.5872 	EXP 	line3: autoDraw = True
575.5872 	EXP 	line4: autoDraw = True
576.5884 	INFO 	Keyboard events cleared
576.5882 	EXP 	probe: autoDraw = True
577.0828 	EXP 	Device response: <KeyPress from None: t=577.0747073749953, value=c, duration=None>
577.0834 	EXP 	New trial (rep=9, index=34): <Trial 34 (34 in rep 9) data={'pos': np.int64(-50), 'corr_resp': 'x', 'thisN': 34, 'thisTrialN': 34, 'thisRepN': 9}>
577.0890 	DATA 	Keypress: c
577.0931 	EXP 	fixation: autoDraw = False
577.0931 	EXP 	line1: autoDraw = False
577.0931 	EXP 	line2: autoDraw = False
577.0931 	EXP 	line3: autoDraw = False
577.0931 	EXP 	line4: autoDraw = False
577.0931 	EXP 	probe: autoDraw = False
577.0931 	EXP 	fixation: autoDraw = True
577.2329 	EXP 	Device response: <KeyPress from None: t=577.0747073749953, value=c, duration=0.15245120799227152>
578.0818 	EXP 	line1: autoDraw = True
578.0818 	EXP 	line2: autoDraw = True
578.0818 	EXP 	line3: autoDraw = True
578.0818 	EXP 	line4: autoDraw = True
578.0871 	EXP 	fixation: autoDraw = False
579.0819 	INFO 	Keyboard events cleared
579.0818 	EXP 	probe: autoDraw = True
579.5832 	EXP 	Device response: <KeyPress from None: t=579.5726458749996, value=x, duration=None>
579.5838 	EXP 	New trial (rep=8, index=35): <Trial 35 (35 in rep 8) data={'pos': np.int64(150), 'corr_resp': 'v', 'thisN': 35, 'thisTrialN': 35, 'thisRepN': 8}>
579.5889 	DATA 	Keypress: x
579.5930 	EXP 	fixation: autoDraw = False
579.5930 	EXP 	line1: autoDraw = False
579.5930 	EXP 	line2: autoDraw = False
579.5930 	EXP 	line3: autoDraw = False
579.5930 	EXP 	line4: autoDraw = False
579.5930 	EXP 	probe: autoDraw = False
579.5930 	EXP 	fixation: autoDraw = True
579.7038 	EXP 	Device response: <KeyPress from None: t=579.5726458749996, value=x, duration=0.12827858299715444>
580.5819 	EXP 	line1: autoDraw = True
580.5819 	EXP 	line2: autoDraw = True
580.5819 	EXP 	line3: autoDraw = True
580.5819 	EXP 	line4: autoDraw = True
580.5867 	EXP 	fixation: autoDraw = False
581.5819 	INFO 	Keyboard events cleared
581.5818 	EXP 	probe: autoDraw = True
581.9663 	EXP 	Device response: <KeyPress from None: t=581.9574854579987, value=v, duration=None>
581.9669 	EXP 	New trial (rep=10, index=36): <Trial 36 (36 in rep 10) data={'pos': np.int64(-50), 'corr_resp': 'x', 'thisN': 36, 'thisTrialN': 36, 'thisRepN': 10}>
581.9723 	DATA 	Keypress: v
581.9764 	EXP 	fixation: autoDraw = False
581.9764 	EXP 	line1: autoDraw = False
581.9764 	EXP 	line2: autoDraw = False
581.9764 	EXP 	line3: autoDraw = False
581.9764 	EXP 	line4: autoDraw = False
581.9764 	EXP 	probe: autoDraw = False
581.9764 	EXP 	fixation: autoDraw = True
582.0538 	EXP 	Device response: <KeyPress from None: t=581.9574854579987, value=v, duration=0.09239837499626447>
582.9650 	EXP 	line1: autoDraw = True
582.9650 	EXP 	line2: autoDraw = True
582.9650 	EXP 	line3: autoDraw = True
582.9650 	EXP 	line4: autoDraw = True
582.9700 	EXP 	fixation: autoDraw = False
583.9651 	INFO 	Keyboard events cleared
583.9649 	EXP 	probe: autoDraw = True
584.3497 	EXP 	Device response: <KeyPress from None: t=584.3415312500001, value=z, duration=None>
584.3504 	EXP 	New trial (rep=8, index=37): <Trial 37 (37 in rep 8) data={'pos': np.int64(50), 'corr_resp': 'c', 'thisN': 37, 'thisTrialN': 37, 'thisRepN': 8}>
584.3557 	DATA 	Keypress: z
584.3598 	EXP 	fixation: autoDraw = False
584.3598 	EXP 	line1: autoDraw = False
584.3598 	EXP 	line2: autoDraw = False
584.3598 	EXP 	line3: autoDraw = False
584.3598 	EXP 	line4: autoDraw = False
584.3598 	EXP 	probe: autoDraw = False
584.3598 	EXP 	fixation: autoDraw = True
584.4668 	EXP 	Device response: <KeyPress from None: t=584.3415312500001, value=z, duration=0.11226895799336489>
584.5163 	EXP 	Device response: <KeyPress from None: t=584.5145293749956, value=x, duration=None>
584.5240 	DATA 	Keypress: x
584.6495 	EXP 	Device response: <KeyPress from None: t=584.5145293749956, value=x, duration=0.12841424999351148>
585.3483 	EXP 	line1: autoDraw = True
585.3483 	EXP 	line2: autoDraw = True
585.3483 	EXP 	line3: autoDraw = True
585.3483 	EXP 	line4: autoDraw = True
585.3531 	EXP 	fixation: autoDraw = False
586.3487 	INFO 	Keyboard events cleared
586.3485 	EXP 	probe: autoDraw = True
586.9330 	EXP 	Device response: <KeyPress from None: t=586.9234787079913, value=c, duration=None>
586.9337 	EXP 	New trial (rep=9, index=38): <Trial 38 (38 in rep 9) data={'pos': np.int64(50), 'corr_resp': 'c', 'thisN': 38, 'thisTrialN': 38, 'thisRepN': 9}>
586.9392 	DATA 	Keypress: c
586.9433 	EXP 	fixation: autoDraw = False
586.9433 	EXP 	line1: autoDraw = False
586.9433 	EXP 	line2: autoDraw = False
586.9433 	EXP 	line3: autoDraw = False
586.9433 	EXP 	line4: autoDraw = False
586.9433 	EXP 	probe: autoDraw = False
586.9433 	EXP 	fixation: autoDraw = True
587.0206 	EXP 	Device response: <KeyPress from None: t=586.9234787079913, value=c, duration=0.09223116700013634>
587.9316 	EXP 	line1: autoDraw = True
587.9316 	EXP 	line2: autoDraw = True
587.9316 	EXP 	line3: autoDraw = True
587.9316 	EXP 	line4: autoDraw = True
587.9365 	EXP 	fixation: autoDraw = False
588.9320 	INFO 	Keyboard events cleared
588.9318 	EXP 	probe: autoDraw = True
589.4329 	EXP 	Device response: <KeyPress from None: t=589.4233810829901, value=c, duration=None>
589.4336 	EXP 	New trial (rep=10, index=39): <Trial 39 (39 in rep 10) data={'pos': np.int64(50), 'corr_resp': 'c', 'thisN': 39, 'thisTrialN': 39, 'thisRepN': 10}>
589.4391 	DATA 	Keypress: c
589.4432 	EXP 	fixation: autoDraw = False
589.4432 	EXP 	line1: autoDraw = False
589.4432 	EXP 	line2: autoDraw = False
589.4432 	EXP 	line3: autoDraw = False
589.4432 	EXP 	line4: autoDraw = False
589.4432 	EXP 	probe: autoDraw = False
589.4432 	EXP 	fixation: autoDraw = True
589.6050 	EXP 	Device response: <KeyPress from None: t=589.4233810829901, value=c, duration=0.17635112500283867>
590.4316 	EXP 	line1: autoDraw = True
590.4316 	EXP 	line2: autoDraw = True
590.4316 	EXP 	line3: autoDraw = True
590.4316 	EXP 	line4: autoDraw = True
590.4362 	EXP 	fixation: autoDraw = False
591.4318 	INFO 	Keyboard events cleared
591.4317 	EXP 	probe: autoDraw = True
591.9160 	EXP 	Device response: <KeyPress from None: t=591.9143611249892, value=c, duration=None>
591.9166 	EXP 	New trial (rep=9, index=40): <Trial 40 (40 in rep 9) data={'pos': np.int64(-150), 'corr_resp': 'z', 'thisN': 40, 'thisTrialN': 40, 'thisRepN': 9}>
591.9220 	DATA 	Keypress: c
591.9261 	EXP 	fixation: autoDraw = False
591.9261 	EXP 	line1: autoDraw = False
591.9261 	EXP 	line2: autoDraw = False
591.9261 	EXP 	line3: autoDraw = False
591.9261 	EXP 	line4: autoDraw = False
591.9261 	EXP 	probe: autoDraw = False
591.9261 	EXP 	fixation: autoDraw = True
592.0499 	EXP 	Device response: <KeyPress from None: t=591.9143611249892, value=c, duration=0.12426287500420585>
592.9149 	EXP 	line1: autoDraw = True
592.9149 	EXP 	line2: autoDraw = True
592.9149 	EXP 	line3: autoDraw = True
592.9149 	EXP 	line4: autoDraw = True
592.9198 	EXP 	fixation: autoDraw = False
593.9152 	INFO 	Keyboard events cleared
593.9150 	EXP 	probe: autoDraw = True
594.4536 	EXP 	Device response: <KeyPress from None: t=594.4506791249878, value=z, duration=None>
594.4540 	EXP 	New trial (rep=10, index=41): <Trial 41 (41 in rep 10) data={'pos': np.int64(-150), 'corr_resp': 'z', 'thisN': 41, 'thisTrialN': 41, 'thisRepN': 10}>
594.4591 	DATA 	Keypress: z
594.4640 	EXP 	fixation: autoDraw = False
594.4640 	EXP 	line1: autoDraw = False
594.4640 	EXP 	line2: autoDraw = False
594.4640 	EXP 	line3: autoDraw = False
594.4640 	EXP 	line4: autoDraw = False
594.4640 	EXP 	probe: autoDraw = False
594.4640 	EXP 	fixation: autoDraw = True
594.5880 	EXP 	Device response: <KeyPress from None: t=594.4506791249878, value=z, duration=0.13588566600810736>
595.4534 	EXP 	fixation: autoDraw = False
595.4534 	EXP 	line1: autoDraw = True
595.4534 	EXP 	line2: autoDraw = True
595.4534 	EXP 	line3: autoDraw = True
595.4534 	EXP 	line4: autoDraw = True
596.4485 	INFO 	Keyboard events cleared
596.4484 	EXP 	probe: autoDraw = True
596.9664 	EXP 	Device response: <KeyPress from None: t=596.9651226659917, value=x, duration=None>
596.9718 	EXP 	New trial (rep=11, index=42): <Trial 42 (42 in rep 11) data={'pos': np.int64(-50), 'corr_resp': 'x', 'thisN': 42, 'thisTrialN': 42, 'thisRepN': 11}>
596.9770 	DATA 	Keypress: x
596.9810 	EXP 	fixation: autoDraw = False
596.9810 	EXP 	line1: autoDraw = False
596.9810 	EXP 	line2: autoDraw = False
596.9810 	EXP 	line3: autoDraw = False
596.9810 	EXP 	line4: autoDraw = False
596.9810 	EXP 	probe: autoDraw = False
596.9810 	EXP 	fixation: autoDraw = True
597.0661 	EXP 	Device response: <KeyPress from None: t=596.9651226659917, value=x, duration=0.09241199999814853>
597.9697 	EXP 	fixation: autoDraw = False
597.9697 	EXP 	line1: autoDraw = True
597.9697 	EXP 	line2: autoDraw = True
597.9697 	EXP 	line3: autoDraw = True
597.9697 	EXP 	line4: autoDraw = True
598.9716 	INFO 	Keyboard events cleared
598.9715 	EXP 	probe: autoDraw = True
599.5994 	EXP 	Device response: <KeyPress from None: t=599.5953321249981, value=x, duration=None>
599.6000 	EXP 	New trial (rep=12, index=43): <Trial 43 (43 in rep 12) data={'pos': np.int64(-50), 'corr_resp': 'x', 'thisN': 43, 'thisTrialN': 43, 'thisRepN': 12}>
599.6051 	EXP 	fixation: autoDraw = False
599.6051 	EXP 	line1: autoDraw = False
599.6051 	EXP 	line2: autoDraw = False
599.6051 	EXP 	line3: autoDraw = False
599.6051 	EXP 	line4: autoDraw = False
599.6051 	EXP 	probe: autoDraw = False
599.6051 	EXP 	fixation: autoDraw = True
599.6091 	DATA 	Keypress: x
599.8329 	EXP 	Device response: <KeyPress from None: t=599.5953321249981, value=x, duration=0.22410383299575187>
600.5981 	EXP 	line1: autoDraw = True
600.5981 	EXP 	line2: autoDraw = True
600.5981 	EXP 	line3: autoDraw = True
600.5981 	EXP 	line4: autoDraw = True
600.6023 	EXP 	fixation: autoDraw = False
601.5985 	INFO 	Keyboard events cleared
601.5983 	EXP 	probe: autoDraw = True
602.1326 	EXP 	Device response: <KeyPress from None: t=602.124139749998, value=x, duration=None>
602.1331 	EXP 	New trial (rep=9, index=44): <Trial 44 (44 in rep 9) data={'pos': np.int64(150), 'corr_resp': 'v', 'thisN': 44, 'thisTrialN': 44, 'thisRepN': 9}>
602.1382 	DATA 	Keypress: x
602.1421 	EXP 	fixation: autoDraw = False
602.1421 	EXP 	line1: autoDraw = False
602.1421 	EXP 	line2: autoDraw = False
602.1421 	EXP 	line3: autoDraw = False
602.1421 	EXP 	line4: autoDraw = False
602.1421 	EXP 	probe: autoDraw = False
602.1421 	EXP 	fixation: autoDraw = True
602.2495 	EXP 	Device response: <KeyPress from None: t=602.124139749998, value=x, duration=0.11225937498966232>
603.1317 	EXP 	line1: autoDraw = True
603.1317 	EXP 	line2: autoDraw = True
603.1317 	EXP 	line3: autoDraw = True
603.1317 	EXP 	line4: autoDraw = True
603.1364 	EXP 	fixation: autoDraw = False
604.1318 	INFO 	Keyboard events cleared
604.1316 	EXP 	probe: autoDraw = True
604.5995 	EXP 	Device response: <KeyPress from None: t=604.5931259579957, value=v, duration=None>
604.6002 	EXP 	New trial (rep=11, index=45): <Trial 45 (45 in rep 11) data={'pos': np.int64(50), 'corr_resp': 'c', 'thisN': 45, 'thisTrialN': 45, 'thisRepN': 11}>
604.6053 	DATA 	Keypress: v
604.6093 	EXP 	fixation: autoDraw = False
604.6093 	EXP 	line1: autoDraw = False
604.6093 	EXP 	line2: autoDraw = False
604.6093 	EXP 	line3: autoDraw = False
604.6093 	EXP 	line4: autoDraw = False
604.6093 	EXP 	probe: autoDraw = False
604.6093 	EXP 	fixation: autoDraw = True
604.7374 	EXP 	Device response: <KeyPress from None: t=604.5931259579957, value=v, duration=0.14024549999157898>
605.5983 	EXP 	line1: autoDraw = True
605.5983 	EXP 	line2: autoDraw = True
605.5983 	EXP 	line3: autoDraw = True
605.5983 	EXP 	line4: autoDraw = True
605.6031 	EXP 	fixation: autoDraw = False
606.5984 	INFO 	Keyboard events cleared
606.5983 	EXP 	probe: autoDraw = True
606.9160 	EXP 	Device response: <KeyPress from None: t=606.9136476249987, value=c, duration=None>
606.9165 	EXP 	New trial (rep=10, index=46): <Trial 46 (46 in rep 10) data={'pos': np.int64(150), 'corr_resp': 'v', 'thisN': 46, 'thisTrialN': 46, 'thisRepN': 10}>
606.9213 	EXP 	fixation: autoDraw = False
606.9213 	EXP 	line1: autoDraw = False
606.9213 	EXP 	line2: autoDraw = False
606.9213 	EXP 	line3: autoDraw = False
606.9213 	EXP 	line4: autoDraw = False
606.9213 	EXP 	probe: autoDraw = False
606.9213 	EXP 	fixation: autoDraw = True
606.9248 	DATA 	Keypress: c
607.0359 	EXP 	Device response: <KeyPress from None: t=606.9136476249987, value=c, duration=0.11970374999509659>
607.9149 	EXP 	line1: autoDraw = True
607.9149 	EXP 	line2: autoDraw = True
607.9149 	EXP 	line3: autoDraw = True
607.9149 	EXP 	line4: autoDraw = True
607.9198 	EXP 	fixation: autoDraw = False
608.9150 	INFO 	Keyboard events cleared
608.9148 	EXP 	probe: autoDraw = True
609.5664 	EXP 	Device response: <KeyPress from None: t=609.5628882499877, value=v, duration=None>
609.5672 	EXP 	New trial (rep=13, index=47): <Trial 47 (47 in rep 13) data={'pos': np.int64(-50), 'corr_resp': 'x', 'thisN': 47, 'thisTrialN': 47, 'thisRepN': 13}>
609.5725 	EXP 	fixation: autoDraw = False
609.5725 	EXP 	line1: autoDraw = False
609.5725 	EXP 	line2: autoDraw = False
609.5725 	EXP 	line3: autoDraw = False
609.5725 	EXP 	line4: autoDraw = False
609.5725 	EXP 	probe: autoDraw = False
609.5725 	EXP 	fixation: autoDraw = True
609.5765 	DATA 	Keypress: v
609.7203 	EXP 	Device response: <KeyPress from None: t=609.5628882499877, value=v, duration=0.15641566600243095>
610.5648 	EXP 	line1: autoDraw = True
610.5648 	EXP 	line2: autoDraw = True
610.5648 	EXP 	line3: autoDraw = True
610.5648 	EXP 	line4: autoDraw = True
610.5689 	EXP 	fixation: autoDraw = False
611.5650 	INFO 	Keyboard events cleared
611.5649 	EXP 	probe: autoDraw = True
612.2368 	EXP 	Device response: <KeyPress from None: t=612.2318852909957, value=x, duration=None>
612.2372 	EXP 	New trial (rep=12, index=48): <Trial 48 (48 in rep 12) data={'pos': np.int64(50), 'corr_resp': 'c', 'thisN': 48, 'thisTrialN': 48, 'thisRepN': 12}>
612.2419 	DATA 	Keypress: x
612.2472 	EXP 	fixation: autoDraw = False
612.2472 	EXP 	line1: autoDraw = False
612.2472 	EXP 	line2: autoDraw = False
612.2472 	EXP 	line3: autoDraw = False
612.2472 	EXP 	line4: autoDraw = False
612.2472 	EXP 	probe: autoDraw = False
612.2472 	EXP 	fixation: autoDraw = True
612.3493 	EXP 	Device response: <KeyPress from None: t=612.2318852909957, value=x, duration=0.1162343750038417>
613.2362 	EXP 	fixation: autoDraw = False
613.2362 	EXP 	line1: autoDraw = True
613.2362 	EXP 	line2: autoDraw = True
613.2362 	EXP 	line3: autoDraw = True
613.2362 	EXP 	line4: autoDraw = True
614.2315 	INFO 	Keyboard events cleared
614.2314 	EXP 	probe: autoDraw = True
614.7660 	EXP 	Device response: <KeyPress from None: t=614.7548577909911, value=c, duration=None>
614.7667 	EXP 	New trial (rep=11, index=49): <Trial 49 (49 in rep 11) data={'pos': np.int64(150), 'corr_resp': 'v', 'thisN': 49, 'thisTrialN': 49, 'thisRepN': 11}>
614.7725 	DATA 	Keypress: c
614.7767 	EXP 	fixation: autoDraw = False
614.7767 	EXP 	line1: autoDraw = False
614.7767 	EXP 	line2: autoDraw = False
614.7767 	EXP 	line3: autoDraw = False
614.7767 	EXP 	line4: autoDraw = False
614.7767 	EXP 	probe: autoDraw = False
614.7767 	EXP 	fixation: autoDraw = True
614.8828 	EXP 	Device response: <KeyPress from None: t=614.7548577909911, value=c, duration=0.12430224999843631>
615.7647 	EXP 	line1: autoDraw = True
615.7647 	EXP 	line2: autoDraw = True
615.7647 	EXP 	line3: autoDraw = True
615.7647 	EXP 	line4: autoDraw = True
615.7696 	EXP 	fixation: autoDraw = False
616.7649 	INFO 	Keyboard events cleared
616.7648 	EXP 	probe: autoDraw = True
617.1161 	EXP 	Device response: <KeyPress from None: t=617.1037885829865, value=v, duration=None>
617.1168 	EXP 	New trial (rep=11, index=50): <Trial 50 (50 in rep 11) data={'pos': np.int64(-150), 'corr_resp': 'z', 'thisN': 50, 'thisTrialN': 50, 'thisRepN': 11}>
617.1222 	DATA 	Keypress: v
617.1262 	EXP 	fixation: autoDraw = False
617.1262 	EXP 	line1: autoDraw = False
617.1262 	EXP 	line2: autoDraw = False
617.1262 	EXP 	line3: autoDraw = False
617.1262 	EXP 	line4: autoDraw = False
617.1262 	EXP 	probe: autoDraw = False
617.1262 	EXP 	fixation: autoDraw = True
617.1991 	EXP 	Device response: <KeyPress from None: t=617.1037885829865, value=v, duration=0.09244083300291095>
618.1147 	EXP 	line1: autoDraw = True
618.1147 	EXP 	line2: autoDraw = True
618.1147 	EXP 	line3: autoDraw = True
618.1147 	EXP 	line4: autoDraw = True
618.1196 	EXP 	fixation: autoDraw = False
619.1149 	INFO 	Keyboard events cleared
619.1147 	EXP 	probe: autoDraw = True
619.5377 	EXP 	Device response: <KeyPress from None: t=619.5366936659993, value=z, duration=None>
619.5382 	EXP 	New trial (rep=13, index=51): <Trial 51 (51 in rep 13) data={'pos': np.int64(50), 'corr_resp': 'c', 'thisN': 51, 'thisTrialN': 51, 'thisRepN': 13}>
619.5433 	DATA 	Keypress: z
619.5475 	EXP 	fixation: autoDraw = False
619.5475 	EXP 	line1: autoDraw = False
619.5475 	EXP 	line2: autoDraw = False
619.5475 	EXP 	line3: autoDraw = False
619.5475 	EXP 	line4: autoDraw = False
619.5475 	EXP 	probe: autoDraw = False
619.5475 	EXP 	fixation: autoDraw = True
619.6660 	EXP 	Device response: <KeyPress from None: t=619.5366936659993, value=z, duration=0.12049162499897648>
620.5363 	EXP 	fixation: autoDraw = False
620.5363 	EXP 	line1: autoDraw = True
620.5363 	EXP 	line2: autoDraw = True
620.5363 	EXP 	line3: autoDraw = True
620.5363 	EXP 	line4: autoDraw = True
621.5371 	INFO 	Keyboard events cleared
621.5370 	EXP 	probe: autoDraw = True
622.1825 	EXP 	Device response: <KeyPress from None: t=622.1776764159877, value=c, duration=None>
622.1830 	EXP 	New trial (rep=12, index=52): <Trial 52 (52 in rep 12) data={'pos': np.int64(150), 'corr_resp': 'v', 'thisN': 52, 'thisTrialN': 52, 'thisRepN': 12}>
622.1884 	DATA 	Keypress: c
622.1925 	EXP 	fixation: autoDraw = False
622.1925 	EXP 	line1: autoDraw = False
622.1925 	EXP 	line2: autoDraw = False
622.1925 	EXP 	line3: autoDraw = False
622.1925 	EXP 	line4: autoDraw = False
622.1925 	EXP 	probe: autoDraw = False
622.1925 	EXP 	fixation: autoDraw = True
622.3326 	EXP 	Device response: <KeyPress from None: t=622.1776764159877, value=c, duration=0.14841516700107604>
623.1813 	EXP 	line1: autoDraw = True
623.1813 	EXP 	line2: autoDraw = True
623.1813 	EXP 	line3: autoDraw = True
623.1813 	EXP 	line4: autoDraw = True
623.1857 	EXP 	fixation: autoDraw = False
624.1815 	INFO 	Keyboard events cleared
624.1813 	EXP 	probe: autoDraw = True
624.7324 	EXP 	Device response: <KeyPress from None: t=624.7245364579867, value=v, duration=None>
624.7329 	EXP 	New trial (rep=14, index=53): <Trial 53 (53 in rep 14) data={'pos': np.int64(50), 'corr_resp': 'c', 'thisN': 53, 'thisTrialN': 53, 'thisRepN': 14}>
624.7380 	DATA 	Keypress: v
624.7421 	EXP 	fixation: autoDraw = False
624.7421 	EXP 	line1: autoDraw = False
624.7421 	EXP 	line2: autoDraw = False
624.7421 	EXP 	line3: autoDraw = False
624.7421 	EXP 	line4: autoDraw = False
624.7421 	EXP 	probe: autoDraw = False
624.7421 	EXP 	fixation: autoDraw = True
624.9026 	EXP 	Device response: <KeyPress from None: t=624.7245364579867, value=v, duration=0.17640866700094193>
625.7314 	EXP 	line1: autoDraw = True
625.7314 	EXP 	line2: autoDraw = True
625.7314 	EXP 	line3: autoDraw = True
625.7314 	EXP 	line4: autoDraw = True
625.7360 	EXP 	fixation: autoDraw = False
626.7314 	INFO 	Keyboard events cleared
626.7313 	EXP 	probe: autoDraw = True
627.3159 	EXP 	Device response: <KeyPress from None: t=627.3066147909994, value=c, duration=None>
627.3165 	EXP 	New trial (rep=12, index=54): <Trial 54 (54 in rep 12) data={'pos': np.int64(-150), 'corr_resp': 'z', 'thisN': 54, 'thisTrialN': 54, 'thisRepN': 12}>
627.3219 	DATA 	Keypress: c
627.3260 	EXP 	fixation: autoDraw = False
627.3260 	EXP 	line1: autoDraw = False
627.3260 	EXP 	line2: autoDraw = False
627.3260 	EXP 	line3: autoDraw = False
627.3260 	EXP 	line4: autoDraw = False
627.3260 	EXP 	probe: autoDraw = False
627.3260 	EXP 	fixation: autoDraw = True
627.4827 	EXP 	Device response: <KeyPress from None: t=627.3066147909994, value=c, duration=0.1641686669900082>
628.3146 	EXP 	line1: autoDraw = True
628.3146 	EXP 	line2: autoDraw = True
628.3146 	EXP 	line3: autoDraw = True
628.3146 	EXP 	line4: autoDraw = True
628.3195 	EXP 	fixation: autoDraw = False
629.3148 	INFO 	Keyboard events cleared
629.3147 	EXP 	probe: autoDraw = True
629.7988 	EXP 	Device response: <KeyPress from None: t=629.7955382079963, value=z, duration=None>
629.7993 	EXP 	New trial (rep=14, index=55): <Trial 55 (55 in rep 14) data={'pos': np.int64(-50), 'corr_resp': 'x', 'thisN': 55, 'thisTrialN': 55, 'thisRepN': 14}>
629.8042 	EXP 	fixation: autoDraw = False
629.8042 	EXP 	line1: autoDraw = False
629.8042 	EXP 	line2: autoDraw = False
629.8042 	EXP 	line3: autoDraw = False
629.8042 	EXP 	line4: autoDraw = False
629.8042 	EXP 	probe: autoDraw = False
629.8042 	EXP 	fixation: autoDraw = True
629.8080 	DATA 	Keypress: z
629.9204 	EXP 	Device response: <KeyPress from None: t=629.7955382079963, value=z, duration=0.12025150000408757>
630.7979 	EXP 	line1: autoDraw = True
630.7979 	EXP 	line2: autoDraw = True
630.7979 	EXP 	line3: autoDraw = True
630.7979 	EXP 	line4: autoDraw = True
630.8022 	EXP 	fixation: autoDraw = False
631.7888 	INFO 	Keyboard events cleared
631.7886 	EXP 	probe: autoDraw = True
632.2656 	EXP 	Device response: <KeyPress from None: t=632.2524609579996, value=x, duration=None>
632.2662 	EXP 	New trial (rep=13, index=56): <Trial 56 (56 in rep 13) data={'pos': np.int64(-150), 'corr_resp': 'z', 'thisN': 56, 'thisTrialN': 56, 'thisRepN': 13}>
632.2711 	DATA 	Keypress: x
632.2753 	EXP 	fixation: autoDraw = False
632.2753 	EXP 	line1: autoDraw = False
632.2753 	EXP 	line2: autoDraw = False
632.2753 	EXP 	line3: autoDraw = False
632.2753 	EXP 	line4: autoDraw = False
632.2753 	EXP 	probe: autoDraw = False
632.2753 	EXP 	fixation: autoDraw = True
632.3990 	EXP 	Device response: <KeyPress from None: t=632.2524609579996, value=x, duration=0.14431312499800697>
633.2646 	EXP 	line1: autoDraw = True
633.2646 	EXP 	line2: autoDraw = True
633.2646 	EXP 	line3: autoDraw = True
633.2646 	EXP 	line4: autoDraw = True
633.2696 	EXP 	fixation: autoDraw = False
634.2649 	INFO 	Keyboard events cleared
634.2647 	EXP 	probe: autoDraw = True
634.8823 	EXP 	Device response: <KeyPress from None: t=634.8734097499982, value=z, duration=None>
634.8829 	EXP 	New trial (rep=14, index=57): <Trial 57 (57 in rep 14) data={'pos': np.int64(-150), 'corr_resp': 'z', 'thisN': 57, 'thisTrialN': 57, 'thisRepN': 14}>
634.8882 	DATA 	Keypress: z
634.8924 	EXP 	fixation: autoDraw = False
634.8924 	EXP 	line1: autoDraw = False
634.8924 	EXP 	line2: autoDraw = False
634.8924 	EXP 	line3: autoDraw = False
634.8924 	EXP 	line4: autoDraw = False
634.8924 	EXP 	probe: autoDraw = False
634.8924 	EXP 	fixation: autoDraw = True
634.9992 	EXP 	Device response: <KeyPress from None: t=634.8734097499982, value=z, duration=0.12035450000257697>
635.8812 	EXP 	line1: autoDraw = True
635.8812 	EXP 	line2: autoDraw = True
635.8812 	EXP 	line3: autoDraw = True
635.8812 	EXP 	line4: autoDraw = True
635.8862 	EXP 	fixation: autoDraw = False
636.8813 	INFO 	Keyboard events cleared
636.8812 	EXP 	probe: autoDraw = True
637.3825 	EXP 	Device response: <KeyPress from None: t=637.3792917909886, value=z, duration=None>
637.3832 	EXP 	New trial (rep=13, index=58): <Trial 58 (58 in rep 13) data={'pos': np.int64(150), 'corr_resp': 'v', 'thisN': 58, 'thisTrialN': 58, 'thisRepN': 13}>
637.3884 	EXP 	fixation: autoDraw = False
637.3884 	EXP 	line1: autoDraw = False
637.3884 	EXP 	line2: autoDraw = False
637.3884 	EXP 	line3: autoDraw = False
637.3884 	EXP 	line4: autoDraw = False
637.3884 	EXP 	probe: autoDraw = False
637.3884 	EXP 	fixation: autoDraw = True
637.3924 	DATA 	Keypress: z
637.4991 	EXP 	Device response: <KeyPress from None: t=637.3792917909886, value=z, duration=0.11239695901167579>
638.3812 	EXP 	line1: autoDraw = True
638.3812 	EXP 	line2: autoDraw = True
638.3812 	EXP 	line3: autoDraw = True
638.3812 	EXP 	line4: autoDraw = True
638.3861 	EXP 	fixation: autoDraw = False
639.3812 	INFO 	Keyboard events cleared
639.3811 	EXP 	probe: autoDraw = True
639.9328 	EXP 	Device response: <KeyPress from None: t=639.9293080829957, value=v, duration=None>
639.9334 	EXP 	New trial (rep=15, index=59): <Trial 59 (59 in rep 15) data={'pos': np.int64(-50), 'corr_resp': 'x', 'thisN': 59, 'thisTrialN': 59, 'thisRepN': 15}>
639.9383 	EXP 	fixation: autoDraw = False
639.9383 	EXP 	line1: autoDraw = False
639.9383 	EXP 	line2: autoDraw = False
639.9383 	EXP 	line3: autoDraw = False
639.9383 	EXP 	line4: autoDraw = False
639.9383 	EXP 	probe: autoDraw = False
639.9383 	EXP 	fixation: autoDraw = True
639.9422 	DATA 	Keypress: v
640.0872 	EXP 	Device response: <KeyPress from None: t=639.9293080829957, value=v, duration=0.15214191700215451>
640.9312 	EXP 	line1: autoDraw = True
640.9312 	EXP 	line2: autoDraw = True
640.9312 	EXP 	line3: autoDraw = True
640.9312 	EXP 	line4: autoDraw = True
640.9361 	EXP 	fixation: autoDraw = False
641.9314 	INFO 	Keyboard events cleared
641.9313 	EXP 	probe: autoDraw = True
642.4825 	EXP 	Device response: <KeyPress from None: t=642.4811149159941, value=x, duration=None>
642.4831 	EXP 	New trial (rep=15, index=60): <Trial 60 (60 in rep 15) data={'pos': np.int64(-150), 'corr_resp': 'z', 'thisN': 60, 'thisTrialN': 60, 'thisRepN': 15}>
642.4883 	EXP 	fixation: autoDraw = False
642.4883 	EXP 	line1: autoDraw = False
642.4883 	EXP 	line2: autoDraw = False
642.4883 	EXP 	line3: autoDraw = False
642.4883 	EXP 	line4: autoDraw = False
642.4883 	EXP 	probe: autoDraw = False
642.4883 	EXP 	fixation: autoDraw = True
642.4921 	DATA 	Keypress: x
642.5823 	EXP 	Device response: <KeyPress from None: t=642.4811149159941, value=x, duration=0.09241741700679995>
643.4812 	EXP 	line1: autoDraw = True
643.4812 	EXP 	line2: autoDraw = True
643.4812 	EXP 	line3: autoDraw = True
643.4812 	EXP 	line4: autoDraw = True
643.4861 	EXP 	fixation: autoDraw = False
644.4812 	INFO 	Keyboard events cleared
644.4811 	EXP 	probe: autoDraw = True
644.9325 	EXP 	Device response: <KeyPress from None: t=644.9202228749928, value=z, duration=None>
644.9331 	EXP 	New trial (rep=16, index=61): <Trial 61 (61 in rep 16) data={'pos': np.int64(-150), 'corr_resp': 'z', 'thisN': 61, 'thisTrialN': 61, 'thisRepN': 16}>
644.9396 	DATA 	Keypress: z
644.9437 	EXP 	fixation: autoDraw = False
644.9437 	EXP 	line1: autoDraw = False
644.9437 	EXP 	line2: autoDraw = False
644.9437 	EXP 	line3: autoDraw = False
644.9437 	EXP 	line4: autoDraw = False
644.9437 	EXP 	probe: autoDraw = False
644.9437 	EXP 	fixation: autoDraw = True
645.0701 	EXP 	Device response: <KeyPress from None: t=644.9202228749928, value=z, duration=0.14816866599721834>
645.9312 	EXP 	line1: autoDraw = True
645.9312 	EXP 	line2: autoDraw = True
645.9312 	EXP 	line3: autoDraw = True
645.9312 	EXP 	line4: autoDraw = True
645.9355 	EXP 	fixation: autoDraw = False
646.9313 	INFO 	Keyboard events cleared
646.9312 	EXP 	probe: autoDraw = True
647.3372 	EXP 	Device response: <KeyPress from None: t=647.3361366249883, value=z, duration=None>
647.3376 	EXP 	New trial (rep=17, index=62): <Trial 62 (62 in rep 17) data={'pos': np.int64(-150), 'corr_resp': 'z', 'thisN': 62, 'thisTrialN': 62, 'thisRepN': 17}>
647.3428 	DATA 	Keypress: z
647.3473 	EXP 	fixation: autoDraw = False
647.3473 	EXP 	line1: autoDraw = False
647.3473 	EXP 	line2: autoDraw = False
647.3473 	EXP 	line3: autoDraw = False
647.3473 	EXP 	line4: autoDraw = False
647.3473 	EXP 	probe: autoDraw = False
647.3473 	EXP 	fixation: autoDraw = True
647.4491 	EXP 	Device response: <KeyPress from None: t=647.3361366249883, value=z, duration=0.10438737500226125>
648.3362 	EXP 	fixation: autoDraw = False
648.3362 	EXP 	line1: autoDraw = True
648.3362 	EXP 	line2: autoDraw = True
648.3362 	EXP 	line3: autoDraw = True
648.3362 	EXP 	line4: autoDraw = True
649.3378 	INFO 	Keyboard events cleared
649.3377 	EXP 	probe: autoDraw = True
649.7490 	EXP 	Device response: <KeyPress from None: t=649.7470818750007, value=z, duration=None>
649.7496 	EXP 	New trial (rep=16, index=63): <Trial 63 (63 in rep 16) data={'pos': np.int64(-50), 'corr_resp': 'x', 'thisN': 63, 'thisTrialN': 63, 'thisRepN': 16}>
649.7547 	EXP 	fixation: autoDraw = False
649.7547 	EXP 	line1: autoDraw = False
649.7547 	EXP 	line2: autoDraw = False
649.7547 	EXP 	line3: autoDraw = False
649.7547 	EXP 	line4: autoDraw = False
649.7547 	EXP 	probe: autoDraw = False
649.7547 	EXP 	fixation: autoDraw = True
649.7587 	DATA 	Keypress: z
649.8867 	EXP 	Device response: <KeyPress from None: t=649.7470818750007, value=z, duration=0.13627195799199399>
650.7477 	EXP 	line1: autoDraw = True
650.7477 	EXP 	line2: autoDraw = True
650.7477 	EXP 	line3: autoDraw = True
650.7477 	EXP 	line4: autoDraw = True
650.7524 	EXP 	fixation: autoDraw = False
651.7479 	INFO 	Keyboard events cleared
651.7478 	EXP 	probe: autoDraw = True
652.3659 	EXP 	Device response: <KeyPress from None: t=652.3589977499942, value=x, duration=None>
652.3666 	EXP 	New trial (rep=17, index=64): <Trial 64 (64 in rep 17) data={'pos': np.int64(-50), 'corr_resp': 'x', 'thisN': 64, 'thisTrialN': 64, 'thisRepN': 17}>
652.3717 	DATA 	Keypress: x
652.3757 	EXP 	fixation: autoDraw = False
652.3757 	EXP 	line1: autoDraw = False
652.3757 	EXP 	line2: autoDraw = False
652.3757 	EXP 	line3: autoDraw = False
652.3757 	EXP 	line4: autoDraw = False
652.3757 	EXP 	probe: autoDraw = False
652.3757 	EXP 	fixation: autoDraw = True
652.5323 	EXP 	Device response: <KeyPress from None: t=652.3589977499942, value=x, duration=0.1602402910066303>
653.3644 	EXP 	line1: autoDraw = True
653.3644 	EXP 	line2: autoDraw = True
653.3644 	EXP 	line3: autoDraw = True
653.3644 	EXP 	line4: autoDraw = True
653.3694 	EXP 	fixation: autoDraw = False
654.3644 	INFO 	Keyboard events cleared
654.3642 	EXP 	probe: autoDraw = True
655.4653 	EXP 	Device response: <KeyPress from None: t=655.4599070830009, value=x, duration=None>
655.4660 	EXP 	New trial (rep=18, index=65): <Trial 65 (65 in rep 18) data={'pos': np.int64(-50), 'corr_resp': 'x', 'thisN': 65, 'thisTrialN': 65, 'thisRepN': 18}>
655.4711 	DATA 	Keypress: x
655.4752 	EXP 	fixation: autoDraw = False
655.4752 	EXP 	line1: autoDraw = False
655.4752 	EXP 	line2: autoDraw = False
655.4752 	EXP 	line3: autoDraw = False
655.4752 	EXP 	line4: autoDraw = False
655.4752 	EXP 	probe: autoDraw = False
655.4752 	EXP 	fixation: autoDraw = True
655.6320 	EXP 	Device response: <KeyPress from None: t=655.4599070830009, value=x, duration=0.16433462499117013>
656.4644 	EXP 	line1: autoDraw = True
656.4644 	EXP 	line2: autoDraw = True
656.4644 	EXP 	line3: autoDraw = True
656.4644 	EXP 	line4: autoDraw = True
656.4692 	EXP 	fixation: autoDraw = False
657.4646 	INFO 	Keyboard events cleared
657.4644 	EXP 	probe: autoDraw = True
657.8537 	EXP 	Device response: <KeyPress from None: t=657.8508765409933, value=x, duration=None>
657.8542 	EXP 	New trial (rep=15, index=66): <Trial 66 (66 in rep 15) data={'pos': np.int64(50), 'corr_resp': 'c', 'thisN': 66, 'thisTrialN': 66, 'thisRepN': 15}>
657.8594 	DATA 	Keypress: x
657.8639 	EXP 	fixation: autoDraw = False
657.8639 	EXP 	line1: autoDraw = False
657.8639 	EXP 	line2: autoDraw = False
657.8639 	EXP 	line3: autoDraw = False
657.8639 	EXP 	line4: autoDraw = False
657.8639 	EXP 	probe: autoDraw = False
657.8639 	EXP 	fixation: autoDraw = True
657.9822 	EXP 	Device response: <KeyPress from None: t=657.8508765409933, value=x, duration=0.12492370899417438>
658.8533 	EXP 	fixation: autoDraw = False
658.8533 	EXP 	line1: autoDraw = True
658.8533 	EXP 	line2: autoDraw = True
658.8533 	EXP 	line3: autoDraw = True
658.8533 	EXP 	line4: autoDraw = True
659.8541 	INFO 	Keyboard events cleared
659.8539 	EXP 	probe: autoDraw = True
660.6537 	EXP 	Device response: <KeyPress from None: t=660.6508781659941, value=c, duration=None>
660.6542 	EXP 	New trial (rep=14, index=67): <Trial 67 (67 in rep 14) data={'pos': np.int64(150), 'corr_resp': 'v', 'thisN': 67, 'thisTrialN': 67, 'thisRepN': 14}>
660.6593 	DATA 	Keypress: c
660.6636 	EXP 	fixation: autoDraw = False
660.6636 	EXP 	line1: autoDraw = False
660.6636 	EXP 	line2: autoDraw = False
660.6636 	EXP 	line3: autoDraw = False
660.6636 	EXP 	line4: autoDraw = False
660.6636 	EXP 	probe: autoDraw = False
660.6636 	EXP 	fixation: autoDraw = True
660.7662 	EXP 	Device response: <KeyPress from None: t=660.6508781659941, value=c, duration=0.10839108399522956>
661.6528 	EXP 	fixation: autoDraw = False
661.6528 	EXP 	line1: autoDraw = True
661.6528 	EXP 	line2: autoDraw = True
661.6528 	EXP 	line3: autoDraw = True
661.6528 	EXP 	line4: autoDraw = True
662.6537 	INFO 	Keyboard events cleared
662.6535 	EXP 	probe: autoDraw = True
663.1822 	EXP 	Device response: <KeyPress from None: t=663.1707532500004, value=v, duration=None>
663.1829 	EXP 	New trial (rep=18, index=68): <Trial 68 (68 in rep 18) data={'pos': np.int64(-150), 'corr_resp': 'z', 'thisN': 68, 'thisTrialN': 68, 'thisRepN': 18}>
663.1885 	DATA 	Keypress: v
663.1926 	EXP 	fixation: autoDraw = False
663.1926 	EXP 	line1: autoDraw = False
663.1926 	EXP 	line2: autoDraw = False
663.1926 	EXP 	line3: autoDraw = False
663.1926 	EXP 	line4: autoDraw = False
663.1926 	EXP 	probe: autoDraw = False
663.1926 	EXP 	fixation: autoDraw = True
663.3154 	EXP 	Device response: <KeyPress from None: t=663.1707532500004, value=v, duration=0.14033616599044763>
664.1810 	EXP 	line1: autoDraw = True
664.1810 	EXP 	line2: autoDraw = True
664.1810 	EXP 	line3: autoDraw = True
664.1810 	EXP 	line4: autoDraw = True
664.1857 	EXP 	fixation: autoDraw = False
665.1811 	INFO 	Keyboard events cleared
665.1809 	EXP 	probe: autoDraw = True
665.7988 	EXP 	Device response: <KeyPress from None: t=665.7928323329979, value=z, duration=None>
665.7994 	EXP 	New trial (rep=16, index=69): <Trial 69 (69 in rep 16) data={'pos': np.int64(50), 'corr_resp': 'c', 'thisN': 69, 'thisTrialN': 69, 'thisRepN': 16}>
665.8046 	DATA 	Keypress: z
665.8087 	EXP 	fixation: autoDraw = False
665.8087 	EXP 	line1: autoDraw = False
665.8087 	EXP 	line2: autoDraw = False
665.8087 	EXP 	line3: autoDraw = False
665.8087 	EXP 	line4: autoDraw = False
665.8087 	EXP 	probe: autoDraw = False
665.8087 	EXP 	fixation: autoDraw = True
665.9489 	EXP 	Device response: <KeyPress from None: t=665.7928323329979, value=z, duration=0.15220183299970813>
666.7976 	EXP 	line1: autoDraw = True
666.7976 	EXP 	line2: autoDraw = True
666.7976 	EXP 	line3: autoDraw = True
666.7976 	EXP 	line4: autoDraw = True
666.8020 	EXP 	fixation: autoDraw = False
667.7977 	INFO 	Keyboard events cleared
667.7976 	EXP 	probe: autoDraw = True
668.3487 	EXP 	Device response: <KeyPress from None: t=668.3384966659942, value=c, duration=None>
668.3492 	EXP 	New trial (rep=19, index=70): <Trial 70 (70 in rep 19) data={'pos': np.int64(-50), 'corr_resp': 'x', 'thisN': 70, 'thisTrialN': 70, 'thisRepN': 19}>
668.3544 	DATA 	Keypress: c
668.3586 	EXP 	fixation: autoDraw = False
668.3586 	EXP 	line1: autoDraw = False
668.3586 	EXP 	line2: autoDraw = False
668.3586 	EXP 	line3: autoDraw = False
668.3586 	EXP 	line4: autoDraw = False
668.3586 	EXP 	probe: autoDraw = False
668.3586 	EXP 	fixation: autoDraw = True
668.4827 	EXP 	Device response: <KeyPress from None: t=668.3384966659942, value=c, duration=0.1404301669972483>
669.3476 	EXP 	line1: autoDraw = True
669.3476 	EXP 	line2: autoDraw = True
669.3476 	EXP 	line3: autoDraw = True
669.3476 	EXP 	line4: autoDraw = True
669.3526 	EXP 	fixation: autoDraw = False
670.3477 	INFO 	Keyboard events cleared
670.3475 	EXP 	probe: autoDraw = True
670.8987 	EXP 	Device response: <KeyPress from None: t=670.8926921249949, value=x, duration=None>
670.8993 	EXP 	New trial (rep=15, index=71): <Trial 71 (71 in rep 15) data={'pos': np.int64(150), 'corr_resp': 'v', 'thisN': 71, 'thisTrialN': 71, 'thisRepN': 15}>
670.9046 	DATA 	Keypress: x
670.9087 	EXP 	fixation: autoDraw = False
670.9087 	EXP 	line1: autoDraw = False
670.9087 	EXP 	line2: autoDraw = False
670.9087 	EXP 	line3: autoDraw = False
670.9087 	EXP 	line4: autoDraw = False
670.9087 	EXP 	probe: autoDraw = False
670.9087 	EXP 	fixation: autoDraw = True
671.0321 	EXP 	Device response: <KeyPress from None: t=670.8926921249949, value=x, duration=0.13618079099978786>
671.8976 	EXP 	line1: autoDraw = True
671.8976 	EXP 	line2: autoDraw = True
671.8976 	EXP 	line3: autoDraw = True
671.8976 	EXP 	line4: autoDraw = True
671.9022 	EXP 	fixation: autoDraw = False
672.8977 	INFO 	Keyboard events cleared
672.8976 	EXP 	probe: autoDraw = True
673.3322 	EXP 	Device response: <KeyPress from None: t=673.328409624999, value=v, duration=None>
673.3329 	EXP 	New trial (rep=16, index=72): <Trial 72 (72 in rep 16) data={'pos': np.int64(150), 'corr_resp': 'v', 'thisN': 72, 'thisTrialN': 72, 'thisRepN': 16}>
673.3379 	EXP 	fixation: autoDraw = False
673.3379 	EXP 	line1: autoDraw = False
673.3379 	EXP 	line2: autoDraw = False
673.3379 	EXP 	line3: autoDraw = False
673.3379 	EXP 	line4: autoDraw = False
673.3379 	EXP 	probe: autoDraw = False
673.3379 	EXP 	fixation: autoDraw = True
673.3416 	DATA 	Keypress: v
673.4489 	EXP 	Device response: <KeyPress from None: t=673.328409624999, value=v, duration=0.10839808300079312>
674.3309 	EXP 	line1: autoDraw = True
674.3309 	EXP 	line2: autoDraw = True
674.3309 	EXP 	line3: autoDraw = True
674.3309 	EXP 	line4: autoDraw = True
674.3358 	EXP 	fixation: autoDraw = False
675.3309 	INFO 	Keyboard events cleared
675.3308 	EXP 	probe: autoDraw = True
675.8488 	EXP 	Device response: <KeyPress from None: t=675.8435939159972, value=v, duration=None>
675.8494 	EXP 	New trial (rep=17, index=73): <Trial 73 (73 in rep 17) data={'pos': np.int64(150), 'corr_resp': 'v', 'thisN': 73, 'thisTrialN': 73, 'thisRepN': 17}>
675.8551 	DATA 	Keypress: v
675.8592 	EXP 	fixation: autoDraw = False
675.8592 	EXP 	line1: autoDraw = False
675.8592 	EXP 	line2: autoDraw = False
675.8592 	EXP 	line3: autoDraw = False
675.8592 	EXP 	line4: autoDraw = False
675.8592 	EXP 	probe: autoDraw = False
675.8592 	EXP 	fixation: autoDraw = True
676.0491 	EXP 	Device response: <KeyPress from None: t=675.8435939159972, value=v, duration=0.200267416992574>
676.8476 	EXP 	line1: autoDraw = True
676.8476 	EXP 	line2: autoDraw = True
676.8476 	EXP 	line3: autoDraw = True
676.8476 	EXP 	line4: autoDraw = True
676.8525 	EXP 	fixation: autoDraw = False
677.8476 	INFO 	Keyboard events cleared
677.8475 	EXP 	probe: autoDraw = True
678.3485 	EXP 	Device response: <KeyPress from None: t=678.3443399159878, value=v, duration=None>
678.3491 	EXP 	New trial (rep=18, index=74): <Trial 74 (74 in rep 18) data={'pos': np.int64(150), 'corr_resp': 'v', 'thisN': 74, 'thisTrialN': 74, 'thisRepN': 18}>
678.3539 	EXP 	fixation: autoDraw = False
678.3539 	EXP 	line1: autoDraw = False
678.3539 	EXP 	line2: autoDraw = False
678.3539 	EXP 	line3: autoDraw = False
678.3539 	EXP 	line4: autoDraw = False
678.3539 	EXP 	probe: autoDraw = False
678.3539 	EXP 	fixation: autoDraw = True
678.3577 	DATA 	Keypress: v
678.5198 	EXP 	Device response: <KeyPress from None: t=678.3443399159878, value=v, duration=0.17236308399878908>
679.3476 	EXP 	line1: autoDraw = True
679.3476 	EXP 	line2: autoDraw = True
679.3476 	EXP 	line3: autoDraw = True
679.3476 	EXP 	line4: autoDraw = True
679.3527 	EXP 	fixation: autoDraw = False
680.3373 	INFO 	Keyboard events cleared
680.3372 	EXP 	probe: autoDraw = True
680.7873 	EXP 	Device response: <KeyPress from None: t=680.7821147499926, value=v, duration=None>
680.7877 	EXP 	New trial (rep=17, index=75): <Trial 75 (75 in rep 17) data={'pos': np.int64(50), 'corr_resp': 'c', 'thisN': 75, 'thisTrialN': 75, 'thisRepN': 17}>
680.7928 	DATA 	Keypress: v
680.7970 	EXP 	fixation: autoDraw = False
680.7970 	EXP 	line1: autoDraw = False
680.7970 	EXP 	line2: autoDraw = False
680.7970 	EXP 	line3: autoDraw = False
680.7970 	EXP 	line4: autoDraw = False
680.7970 	EXP 	probe: autoDraw = False
680.7970 	EXP 	fixation: autoDraw = True
680.8867 	EXP 	Device response: <KeyPress from None: t=680.7821147499926, value=v, duration=0.09956783300731331>
681.7862 	EXP 	fixation: autoDraw = False
681.7862 	EXP 	line1: autoDraw = True
681.7862 	EXP 	line2: autoDraw = True
681.7862 	EXP 	line3: autoDraw = True
681.7862 	EXP 	line4: autoDraw = True
682.7868 	INFO 	Keyboard events cleared
682.7866 	EXP 	probe: autoDraw = True
683.3202 	EXP 	Device response: <KeyPress from None: t=683.318173415988, value=c, duration=None>
683.3206 	EXP 	New trial (rep=19, index=76): <Trial 76 (76 in rep 19) data={'pos': np.int64(150), 'corr_resp': 'v', 'thisN': 76, 'thisTrialN': 76, 'thisRepN': 19}>
683.3256 	DATA 	Keypress: c
683.3300 	EXP 	fixation: autoDraw = False
683.3300 	EXP 	line1: autoDraw = False
683.3300 	EXP 	line2: autoDraw = False
683.3300 	EXP 	line3: autoDraw = False
683.3300 	EXP 	line4: autoDraw = False
683.3300 	EXP 	probe: autoDraw = False
683.3300 	EXP 	fixation: autoDraw = True
683.4654 	EXP 	Device response: <KeyPress from None: t=683.318173415988, value=c, duration=0.14043833401228767>
684.3183 	EXP 	fixation: autoDraw = False
684.3183 	EXP 	line1: autoDraw = True
684.3183 	EXP 	line2: autoDraw = True
684.3183 	EXP 	line3: autoDraw = True
684.3183 	EXP 	line4: autoDraw = True
685.3206 	INFO 	Keyboard events cleared
685.3204 	EXP 	probe: autoDraw = True
685.8819 	EXP 	Device response: <KeyPress from None: t=685.8792146249907, value=v, duration=None>
685.8825 	EXP 	New trial (rep=20, index=77): <Trial 77 (77 in rep 20) data={'pos': np.int64(150), 'corr_resp': 'v', 'thisN': 77, 'thisTrialN': 77, 'thisRepN': 20}>
685.8879 	EXP 	fixation: autoDraw = False
685.8879 	EXP 	line1: autoDraw = False
685.8879 	EXP 	line2: autoDraw = False
685.8879 	EXP 	line3: autoDraw = False
685.8879 	EXP 	line4: autoDraw = False
685.8879 	EXP 	probe: autoDraw = False
685.8879 	EXP 	fixation: autoDraw = True
685.8917 	DATA 	Keypress: v
685.9988 	EXP 	Device response: <KeyPress from None: t=685.8792146249907, value=v, duration=0.10822529099823441>
686.8808 	EXP 	line1: autoDraw = True
686.8808 	EXP 	line2: autoDraw = True
686.8808 	EXP 	line3: autoDraw = True
686.8808 	EXP 	line4: autoDraw = True
686.8856 	EXP 	fixation: autoDraw = False
687.8811 	INFO 	Keyboard events cleared
687.8810 	EXP 	probe: autoDraw = True
688.2323 	EXP 	Device response: <KeyPress from None: t=688.2201779999887, value=v, duration=None>
688.2329 	EXP 	New trial (rep=20, index=78): <Trial 78 (78 in rep 20) data={'pos': np.int64(-50), 'corr_resp': 'x', 'thisN': 78, 'thisTrialN': 78, 'thisRepN': 20}>
688.2386 	DATA 	Keypress: v
688.2428 	EXP 	fixation: autoDraw = False
688.2428 	EXP 	line1: autoDraw = False
688.2428 	EXP 	line2: autoDraw = False
688.2428 	EXP 	line3: autoDraw = False
688.2428 	EXP 	line4: autoDraw = False
688.2428 	EXP 	probe: autoDraw = False
688.2428 	EXP 	fixation: autoDraw = True
688.3651 	EXP 	Device response: <KeyPress from None: t=688.2201779999887, value=v, duration=0.14044604101218283>
689.2307 	EXP 	line1: autoDraw = True
689.2307 	EXP 	line2: autoDraw = True
689.2307 	EXP 	line3: autoDraw = True
689.2307 	EXP 	line4: autoDraw = True
689.2350 	EXP 	fixation: autoDraw = False
690.2310 	INFO 	Keyboard events cleared
690.2309 	EXP 	probe: autoDraw = True
690.7194 	EXP 	Device response: <KeyPress from None: t=690.7141017909889, value=x, duration=None>
690.7199 	EXP 	New trial (rep=19, index=79): <Trial 79 (79 in rep 19) data={'pos': np.int64(-150), 'corr_resp': 'z', 'thisN': 79, 'thisTrialN': 79, 'thisRepN': 19}>
690.7250 	DATA 	Keypress: x
690.7298 	EXP 	fixation: autoDraw = False
690.7298 	EXP 	line1: autoDraw = False
690.7298 	EXP 	line2: autoDraw = False
690.7298 	EXP 	line3: autoDraw = False
690.7298 	EXP 	line4: autoDraw = False
690.7298 	EXP 	probe: autoDraw = False
690.7298 	EXP 	fixation: autoDraw = True
690.8653 	EXP 	Device response: <KeyPress from None: t=690.7141017909889, value=x, duration=0.1483986250095768>
691.7193 	EXP 	fixation: autoDraw = False
691.7193 	EXP 	line1: autoDraw = True
691.7193 	EXP 	line2: autoDraw = True
691.7193 	EXP 	line3: autoDraw = True
691.7193 	EXP 	line4: autoDraw = True
692.7143 	INFO 	Keyboard events cleared
692.7142 	EXP 	probe: autoDraw = True
693.3543 	EXP 	Device response: <KeyPress from None: t=693.3479262079927, value=z, duration=None>
693.3547 	EXP 	New trial (rep=18, index=80): <Trial 80 (80 in rep 18) data={'pos': np.int64(50), 'corr_resp': 'c', 'thisN': 80, 'thisTrialN': 80, 'thisRepN': 18}>
693.3598 	DATA 	Keypress: z
693.3640 	EXP 	fixation: autoDraw = False
693.3640 	EXP 	line1: autoDraw = False
693.3640 	EXP 	line2: autoDraw = False
693.3640 	EXP 	line3: autoDraw = False
693.3640 	EXP 	line4: autoDraw = False
693.3640 	EXP 	probe: autoDraw = False
693.3640 	EXP 	fixation: autoDraw = True
693.5318 	EXP 	Device response: <KeyPress from None: t=693.3479262079927, value=z, duration=0.17648520799411926>
694.3523 	EXP 	fixation: autoDraw = False
694.3523 	EXP 	line1: autoDraw = True
694.3523 	EXP 	line2: autoDraw = True
694.3523 	EXP 	line3: autoDraw = True
694.3523 	EXP 	line4: autoDraw = True
695.3536 	INFO 	Keyboard events cleared
695.3534 	EXP 	probe: autoDraw = True
695.7817 	EXP 	Device response: <KeyPress from None: t=695.7791430829966, value=c, duration=None>
695.7823 	EXP 	New trial (rep=21, index=81): <Trial 81 (81 in rep 21) data={'pos': np.int64(-50), 'corr_resp': 'x', 'thisN': 81, 'thisTrialN': 81, 'thisRepN': 21}>
695.7871 	EXP 	fixation: autoDraw = False
695.7871 	EXP 	line1: autoDraw = False
695.7871 	EXP 	line2: autoDraw = False
695.7871 	EXP 	line3: autoDraw = False
695.7871 	EXP 	line4: autoDraw = False
695.7871 	EXP 	probe: autoDraw = False
695.7871 	EXP 	fixation: autoDraw = True
695.7911 	DATA 	Keypress: c
695.9486 	EXP 	Device response: <KeyPress from None: t=695.7791430829966, value=c, duration=0.16020349999598693>
696.7806 	EXP 	line1: autoDraw = True
696.7806 	EXP 	line2: autoDraw = True
696.7806 	EXP 	line3: autoDraw = True
696.7806 	EXP 	line4: autoDraw = True
696.7855 	EXP 	fixation: autoDraw = False
697.7809 	INFO 	Keyboard events cleared
697.7807 	EXP 	probe: autoDraw = True
698.3535 	EXP 	Device response: <KeyPress from None: t=698.3478164159897, value=x, duration=None>
698.3539 	EXP 	New trial (rep=19, index=82): <Trial 82 (82 in rep 19) data={'pos': np.int64(50), 'corr_resp': 'c', 'thisN': 82, 'thisTrialN': 82, 'thisRepN': 19}>
698.3591 	DATA 	Keypress: x
698.3634 	EXP 	fixation: autoDraw = False
698.3634 	EXP 	line1: autoDraw = False
698.3634 	EXP 	line2: autoDraw = False
698.3634 	EXP 	line3: autoDraw = False
698.3634 	EXP 	line4: autoDraw = False
698.3634 	EXP 	probe: autoDraw = False
698.3634 	EXP 	fixation: autoDraw = True
698.5153 	EXP 	Device response: <KeyPress from None: t=698.3478164159897, value=x, duration=0.16450479200284462>
699.3524 	EXP 	fixation: autoDraw = False
699.3524 	EXP 	line1: autoDraw = True
699.3524 	EXP 	line2: autoDraw = True
699.3524 	EXP 	line3: autoDraw = True
699.3524 	EXP 	line4: autoDraw = True
700.3530 	INFO 	Keyboard events cleared
700.3529 	EXP 	probe: autoDraw = True
700.8819 	EXP 	Device response: <KeyPress from None: t=700.8719048749917, value=c, duration=None>
700.8825 	EXP 	New trial (rep=20, index=83): <Trial 83 (83 in rep 20) data={'pos': np.int64(50), 'corr_resp': 'c', 'thisN': 83, 'thisTrialN': 83, 'thisRepN': 20}>
700.8881 	DATA 	Keypress: c
700.8924 	EXP 	fixation: autoDraw = False
700.8924 	EXP 	line1: autoDraw = False
700.8924 	EXP 	line2: autoDraw = False
700.8924 	EXP 	line3: autoDraw = False
700.8924 	EXP 	line4: autoDraw = False
700.8924 	EXP 	probe: autoDraw = False
700.8924 	EXP 	fixation: autoDraw = True
701.0653 	EXP 	Device response: <KeyPress from None: t=700.8719048749917, value=c, duration=0.1802740410057595>
701.8806 	EXP 	line1: autoDraw = True
701.8806 	EXP 	line2: autoDraw = True
701.8806 	EXP 	line3: autoDraw = True
701.8806 	EXP 	line4: autoDraw = True
701.8858 	EXP 	fixation: autoDraw = False
702.8808 	INFO 	Keyboard events cleared
702.8806 	EXP 	probe: autoDraw = True
703.3319 	EXP 	Device response: <KeyPress from None: t=703.3268673329876, value=c, duration=None>
703.3326 	EXP 	New trial (rep=20, index=84): <Trial 84 (84 in rep 20) data={'pos': np.int64(-150), 'corr_resp': 'z', 'thisN': 84, 'thisTrialN': 84, 'thisRepN': 20}>
703.3377 	EXP 	fixation: autoDraw = False
703.3377 	EXP 	line1: autoDraw = False
703.3377 	EXP 	line2: autoDraw = False
703.3377 	EXP 	line3: autoDraw = False
703.3377 	EXP 	line4: autoDraw = False
703.3377 	EXP 	probe: autoDraw = False
703.3377 	EXP 	fixation: autoDraw = True
703.3417 	DATA 	Keypress: c
703.5151 	EXP 	Device response: <KeyPress from None: t=703.3268673329876, value=c, duration=0.18029545800527558>
704.3307 	EXP 	line1: autoDraw = True
704.3307 	EXP 	line2: autoDraw = True
704.3307 	EXP 	line3: autoDraw = True
704.3307 	EXP 	line4: autoDraw = True
704.3351 	EXP 	fixation: autoDraw = False
705.3307 	INFO 	Keyboard events cleared
705.3305 	EXP 	probe: autoDraw = True
705.8875 	EXP 	Device response: <KeyPress from None: t=705.8827972079889, value=z, duration=None>
705.8879 	EXP 	New trial (rep=22, index=85): <Trial 85 (85 in rep 22) data={'pos': np.int64(-50), 'corr_resp': 'x', 'thisN': 85, 'thisTrialN': 85, 'thisRepN': 22}>
705.8933 	DATA 	Keypress: z
705.9142 	EXP 	fixation: autoDraw = False
705.9142 	EXP 	line1: autoDraw = False
705.9142 	EXP 	line2: autoDraw = False
705.9142 	EXP 	line3: autoDraw = False
705.9142 	EXP 	line4: autoDraw = False
705.9142 	EXP 	probe: autoDraw = False
705.9142 	EXP 	fixation: autoDraw = True
706.0152 	EXP 	Device response: <KeyPress from None: t=705.8827972079889, value=z, duration=0.12036641700251494>
706.8866 	EXP 	line1: autoDraw = True
706.8866 	EXP 	line2: autoDraw = True
706.8866 	EXP 	line3: autoDraw = True
706.8866 	EXP 	line4: autoDraw = True
706.9021 	EXP 	fixation: autoDraw = False
707.8867 	INFO 	Keyboard events cleared
707.8866 	EXP 	probe: autoDraw = True
708.5153 	EXP 	Device response: <KeyPress from None: t=708.5117445829965, value=x, duration=None>
708.5160 	EXP 	New trial (rep=21, index=86): <Trial 86 (86 in rep 21) data={'pos': np.int64(150), 'corr_resp': 'v', 'thisN': 86, 'thisTrialN': 86, 'thisRepN': 21}>
708.5212 	EXP 	fixation: autoDraw = False
708.5212 	EXP 	line1: autoDraw = False
708.5212 	EXP 	line2: autoDraw = False
708.5212 	EXP 	line3: autoDraw = False
708.5212 	EXP 	line4: autoDraw = False
708.5212 	EXP 	probe: autoDraw = False
708.5212 	EXP 	fixation: autoDraw = True
708.5251 	DATA 	Keypress: x
708.6701 	EXP 	Device response: <KeyPress from None: t=708.5117445829965, value=x, duration=0.15620758300065063>
709.5141 	EXP 	line1: autoDraw = True
709.5141 	EXP 	line2: autoDraw = True
709.5141 	EXP 	line3: autoDraw = True
709.5141 	EXP 	line4: autoDraw = True
709.5185 	EXP 	fixation: autoDraw = False
710.5142 	INFO 	Keyboard events cleared
710.5140 	EXP 	probe: autoDraw = True
711.0202 	EXP 	Device response: <KeyPress from None: t=711.0175082909991, value=v, duration=None>
711.0207 	EXP 	New trial (rep=22, index=87): <Trial 87 (87 in rep 22) data={'pos': np.int64(150), 'corr_resp': 'v', 'thisN': 87, 'thisTrialN': 87, 'thisRepN': 22}>
711.0259 	DATA 	Keypress: v
711.0302 	EXP 	fixation: autoDraw = False
711.0302 	EXP 	line1: autoDraw = False
711.0302 	EXP 	line2: autoDraw = False
711.0302 	EXP 	line3: autoDraw = False
711.0302 	EXP 	line4: autoDraw = False
711.0302 	EXP 	probe: autoDraw = False
711.0302 	EXP 	fixation: autoDraw = True
711.1652 	EXP 	Device response: <KeyPress from None: t=711.0175082909991, value=v, duration=0.1444956669874955>
712.0187 	EXP 	fixation: autoDraw = False
712.0187 	EXP 	line1: autoDraw = True
712.0187 	EXP 	line2: autoDraw = True
712.0187 	EXP 	line3: autoDraw = True
712.0187 	EXP 	line4: autoDraw = True
713.0197 	INFO 	Keyboard events cleared
713.0196 	EXP 	probe: autoDraw = True
713.5526 	EXP 	Device response: <KeyPress from None: t=713.5495963329886, value=v, duration=None>
713.5530 	EXP 	New trial (rep=23, index=88): <Trial 88 (88 in rep 23) data={'pos': np.int64(150), 'corr_resp': 'v', 'thisN': 88, 'thisTrialN': 88, 'thisRepN': 23}>
713.5583 	DATA 	Keypress: v
713.5630 	EXP 	fixation: autoDraw = False
713.5630 	EXP 	line1: autoDraw = False
713.5630 	EXP 	line2: autoDraw = False
713.5630 	EXP 	line3: autoDraw = False
713.5630 	EXP 	line4: autoDraw = False
713.5630 	EXP 	probe: autoDraw = False
713.5630 	EXP 	fixation: autoDraw = True
713.6818 	EXP 	Device response: <KeyPress from None: t=713.5495963329886, value=v, duration=0.12817175000964198>
714.5521 	EXP 	fixation: autoDraw = False
714.5521 	EXP 	line1: autoDraw = True
714.5521 	EXP 	line2: autoDraw = True
714.5521 	EXP 	line3: autoDraw = True
714.5521 	EXP 	line4: autoDraw = True
715.5473 	INFO 	Keyboard events cleared
715.5471 	EXP 	probe: autoDraw = True
716.1649 	EXP 	Device response: <KeyPress from None: t=716.1605899159913, value=v, duration=None>
716.1655 	EXP 	New trial (rep=21, index=89): <Trial 89 (89 in rep 21) data={'pos': np.int64(-150), 'corr_resp': 'z', 'thisN': 89, 'thisTrialN': 89, 'thisRepN': 21}>
716.1705 	EXP 	fixation: autoDraw = False
716.1705 	EXP 	line1: autoDraw = False
716.1705 	EXP 	line2: autoDraw = False
716.1705 	EXP 	line3: autoDraw = False
716.1705 	EXP 	line4: autoDraw = False
716.1705 	EXP 	probe: autoDraw = False
716.1705 	EXP 	fixation: autoDraw = True
716.1745 	DATA 	Keypress: v
716.2148 	EXP 	Device response: <KeyPress from None: t=716.1605899159913, value=v, duration=0.052292874999693595>
717.1637 	EXP 	line1: autoDraw = True
717.1637 	EXP 	line2: autoDraw = True
717.1637 	EXP 	line3: autoDraw = True
717.1637 	EXP 	line4: autoDraw = True
717.1686 	EXP 	fixation: autoDraw = False
718.1640 	INFO 	Keyboard events cleared
718.1638 	EXP 	probe: autoDraw = True
718.6698 	EXP 	Device response: <KeyPress from None: t=718.6674484579999, value=z, duration=None>
718.6702 	EXP 	New trial (rep=22, index=90): <Trial 90 (90 in rep 22) data={'pos': np.int64(-150), 'corr_resp': 'z', 'thisN': 90, 'thisTrialN': 90, 'thisRepN': 22}>
718.6755 	DATA 	Keypress: z
718.6797 	EXP 	fixation: autoDraw = False
718.6797 	EXP 	line1: autoDraw = False
718.6797 	EXP 	line2: autoDraw = False
718.6797 	EXP 	line3: autoDraw = False
718.6797 	EXP 	line4: autoDraw = False
718.6797 	EXP 	probe: autoDraw = False
718.6797 	EXP 	fixation: autoDraw = True
718.7982 	EXP 	Device response: <KeyPress from None: t=718.6674484579999, value=z, duration=0.12448341699200682>
719.6690 	EXP 	fixation: autoDraw = False
719.6690 	EXP 	line1: autoDraw = True
719.6690 	EXP 	line2: autoDraw = True
719.6690 	EXP 	line3: autoDraw = True
719.6690 	EXP 	line4: autoDraw = True
720.6695 	INFO 	Keyboard events cleared
720.6693 	EXP 	probe: autoDraw = True
721.2031 	EXP 	Device response: <KeyPress from None: t=721.1994244999951, value=z, duration=None>
721.2035 	EXP 	New trial (rep=24, index=91): <Trial 91 (91 in rep 24) data={'pos': np.int64(150), 'corr_resp': 'v', 'thisN': 91, 'thisTrialN': 91, 'thisRepN': 24}>
721.2090 	DATA 	Keypress: z
721.2132 	EXP 	fixation: autoDraw = False
721.2132 	EXP 	line1: autoDraw = False
721.2132 	EXP 	line2: autoDraw = False
721.2132 	EXP 	line3: autoDraw = False
721.2132 	EXP 	line4: autoDraw = False
721.2132 	EXP 	probe: autoDraw = False
721.2132 	EXP 	fixation: autoDraw = True
721.3654 	EXP 	Device response: <KeyPress from None: t=721.1994244999951, value=z, duration=0.1643267079925863>
722.2022 	EXP 	fixation: autoDraw = False
722.2022 	EXP 	line1: autoDraw = True
722.2022 	EXP 	line2: autoDraw = True
722.2022 	EXP 	line3: autoDraw = True
722.2022 	EXP 	line4: autoDraw = True
723.2026 	INFO 	Keyboard events cleared
723.2024 	EXP 	probe: autoDraw = True
723.6479 	EXP 	Device response: <KeyPress from None: t=723.6463382910006, value=v, duration=None>
723.6483 	EXP 	New trial (rep=23, index=92): <Trial 92 (92 in rep 23) data={'pos': np.int64(-50), 'corr_resp': 'x', 'thisN': 92, 'thisTrialN': 92, 'thisRepN': 23}>
723.6529 	EXP 	fixation: autoDraw = False
723.6529 	EXP 	line1: autoDraw = False
723.6529 	EXP 	line2: autoDraw = False
723.6529 	EXP 	line3: autoDraw = False
723.6529 	EXP 	line4: autoDraw = False
723.6529 	EXP 	probe: autoDraw = False
723.6529 	EXP 	fixation: autoDraw = True
723.6571 	DATA 	Keypress: v
723.7485 	EXP 	Device response: <KeyPress from None: t=723.6463382910006, value=v, duration=0.09643766698718537>
724.6470 	EXP 	line1: autoDraw = True
724.6470 	EXP 	line2: autoDraw = True
724.6470 	EXP 	line3: autoDraw = True
724.6470 	EXP 	line4: autoDraw = True
724.6520 	EXP 	fixation: autoDraw = False
725.6473 	INFO 	Keyboard events cleared
725.6471 	EXP 	probe: autoDraw = True
726.2152 	EXP 	Device response: <KeyPress from None: t=726.211341999995, value=x, duration=None>
726.2157 	EXP 	New trial (rep=21, index=93): <Trial 93 (93 in rep 21) data={'pos': np.int64(50), 'corr_resp': 'c', 'thisN': 93, 'thisTrialN': 93, 'thisRepN': 21}>
726.2211 	EXP 	fixation: autoDraw = False
726.2211 	EXP 	line1: autoDraw = False
726.2211 	EXP 	line2: autoDraw = False
726.2211 	EXP 	line3: autoDraw = False
726.2211 	EXP 	line4: autoDraw = False
726.2211 	EXP 	probe: autoDraw = False
726.2211 	EXP 	fixation: autoDraw = True
726.2251 	DATA 	Keypress: x
726.3652 	EXP 	Device response: <KeyPress from None: t=726.211341999995, value=x, duration=0.14838537499599624>
727.2137 	EXP 	line1: autoDraw = True
727.2137 	EXP 	line2: autoDraw = True
727.2137 	EXP 	line3: autoDraw = True
727.2137 	EXP 	line4: autoDraw = True
727.2181 	EXP 	fixation: autoDraw = False
728.2139 	INFO 	Keyboard events cleared
728.2137 	EXP 	probe: autoDraw = True
729.5030 	EXP 	Device response: <KeyPress from None: t=729.5001663750008, value=c, duration=None>
729.5034 	EXP 	New trial (rep=22, index=94): <Trial 94 (94 in rep 22) data={'pos': np.int64(50), 'corr_resp': 'c', 'thisN': 94, 'thisTrialN': 94, 'thisRepN': 22}>
729.5088 	DATA 	Keypress: c
729.5131 	EXP 	fixation: autoDraw = False
729.5131 	EXP 	line1: autoDraw = False
729.5131 	EXP 	line2: autoDraw = False
729.5131 	EXP 	line3: autoDraw = False
729.5131 	EXP 	line4: autoDraw = False
729.5131 	EXP 	probe: autoDraw = False
729.5131 	EXP 	fixation: autoDraw = True
729.5814 	EXP 	Device response: <KeyPress from None: t=729.5001663750008, value=c, duration=0.07649983299779706>
730.5020 	EXP 	fixation: autoDraw = False
730.5020 	EXP 	line1: autoDraw = True
730.5020 	EXP 	line2: autoDraw = True
730.5020 	EXP 	line3: autoDraw = True
730.5020 	EXP 	line4: autoDraw = True
731.5032 	INFO 	Keyboard events cleared
731.5030 	EXP 	probe: autoDraw = True
732.0981 	EXP 	Device response: <KeyPress from None: t=732.0933452499885, value=c, duration=None>
732.0986 	EXP 	New trial (rep=23, index=95): <Trial 95 (95 in rep 23) data={'pos': np.int64(-150), 'corr_resp': 'z', 'thisN': 95, 'thisTrialN': 95, 'thisRepN': 23}>
732.1040 	DATA 	Keypress: c
732.1080 	EXP 	fixation: autoDraw = False
732.1080 	EXP 	line1: autoDraw = False
732.1080 	EXP 	line2: autoDraw = False
732.1080 	EXP 	line3: autoDraw = False
732.1080 	EXP 	line4: autoDraw = False
732.1080 	EXP 	probe: autoDraw = False
732.1080 	EXP 	fixation: autoDraw = True
732.2483 	EXP 	Device response: <KeyPress from None: t=732.0933452499885, value=c, duration=0.14826420800818596>
733.0971 	EXP 	line1: autoDraw = True
733.0971 	EXP 	line2: autoDraw = True
733.0971 	EXP 	line3: autoDraw = True
733.0971 	EXP 	line4: autoDraw = True
733.1015 	EXP 	fixation: autoDraw = False
734.0971 	INFO 	Keyboard events cleared
734.0970 	EXP 	probe: autoDraw = True
734.5362 	EXP 	Device response: <KeyPress from None: t=734.5330035829975, value=z, duration=None>
734.5367 	EXP 	New trial (rep=25, index=96): <Trial 96 (96 in rep 25) data={'pos': np.int64(150), 'corr_resp': 'v', 'thisN': 96, 'thisTrialN': 96, 'thisRepN': 25}>
734.5420 	DATA 	Keypress: z
734.5463 	EXP 	fixation: autoDraw = False
734.5463 	EXP 	line1: autoDraw = False
734.5463 	EXP 	line2: autoDraw = False
734.5463 	EXP 	line3: autoDraw = False
734.5463 	EXP 	line4: autoDraw = False
734.5463 	EXP 	probe: autoDraw = False
734.5463 	EXP 	fixation: autoDraw = True
734.7316 	EXP 	Device response: <KeyPress from None: t=734.5330035829975, value=z, duration=0.1925426669913577>
735.5352 	EXP 	fixation: autoDraw = False
735.5352 	EXP 	line1: autoDraw = True
735.5352 	EXP 	line2: autoDraw = True
735.5352 	EXP 	line3: autoDraw = True
735.5352 	EXP 	line4: autoDraw = True
736.5361 	INFO 	Keyboard events cleared
736.5359 	EXP 	probe: autoDraw = True
737.2145 	EXP 	Device response: <KeyPress from None: t=737.2080951659882, value=v, duration=None>
737.2150 	EXP 	New trial (rep=24, index=97): <Trial 97 (97 in rep 24) data={'pos': np.int64(-50), 'corr_resp': 'x', 'thisN': 97, 'thisTrialN': 97, 'thisRepN': 24}>
737.2201 	DATA 	Keypress: v
737.2243 	EXP 	fixation: autoDraw = False
737.2243 	EXP 	line1: autoDraw = False
737.2243 	EXP 	line2: autoDraw = False
737.2243 	EXP 	line3: autoDraw = False
737.2243 	EXP 	line4: autoDraw = False
737.2243 	EXP 	probe: autoDraw = False
737.2243 	EXP 	fixation: autoDraw = True
737.4148 	EXP 	Device response: <KeyPress from None: t=737.2080951659882, value=v, duration=0.2002702500030864>
738.2136 	EXP 	line1: autoDraw = True
738.2136 	EXP 	line2: autoDraw = True
738.2136 	EXP 	line3: autoDraw = True
738.2136 	EXP 	line4: autoDraw = True
738.2181 	EXP 	fixation: autoDraw = False
739.2137 	INFO 	Keyboard events cleared
739.2136 	EXP 	probe: autoDraw = True
739.7815 	EXP 	Device response: <KeyPress from None: t=739.7710705829959, value=x, duration=None>
739.7821 	EXP 	New trial (rep=25, index=98): <Trial 98 (98 in rep 25) data={'pos': np.int64(-50), 'corr_resp': 'x', 'thisN': 98, 'thisTrialN': 98, 'thisRepN': 25}>
739.7877 	DATA 	Keypress: x
739.7925 	EXP 	fixation: autoDraw = False
739.7925 	EXP 	line1: autoDraw = False
739.7925 	EXP 	line2: autoDraw = False
739.7925 	EXP 	line3: autoDraw = False
739.7925 	EXP 	line4: autoDraw = False
739.7925 	EXP 	probe: autoDraw = False
739.7925 	EXP 	fixation: autoDraw = True
739.8813 	EXP 	Device response: <KeyPress from None: t=739.7710705829959, value=x, duration=0.10830612499557901>
740.7803 	EXP 	line1: autoDraw = True
740.7803 	EXP 	line2: autoDraw = True
740.7803 	EXP 	line3: autoDraw = True
740.7803 	EXP 	line4: autoDraw = True
740.7847 	EXP 	fixation: autoDraw = False
741.7803 	INFO 	Keyboard events cleared
741.7802 	EXP 	probe: autoDraw = True
742.4317 	EXP 	Device response: <KeyPress from None: t=742.4249912499945, value=x, duration=None>
742.4324 	EXP 	New trial (rep=23, index=99): <Trial 99 (99 in rep 23) data={'pos': np.int64(50), 'corr_resp': 'c', 'thisN': 99, 'thisTrialN': 99, 'thisRepN': 23}>
742.4379 	DATA 	Keypress: x
742.4422 	EXP 	fixation: autoDraw = False
742.4422 	EXP 	line1: autoDraw = False
742.4422 	EXP 	line2: autoDraw = False
742.4422 	EXP 	line3: autoDraw = False
742.4422 	EXP 	line4: autoDraw = False
742.4422 	EXP 	probe: autoDraw = False
742.4422 	EXP 	fixation: autoDraw = True
742.5526 	EXP 	Device response: <KeyPress from None: t=742.4249912499945, value=x, duration=0.12426987499929965>
743.4302 	EXP 	line1: autoDraw = True
743.4302 	EXP 	line2: autoDraw = True
743.4302 	EXP 	line3: autoDraw = True
743.4302 	EXP 	line4: autoDraw = True
743.4351 	EXP 	fixation: autoDraw = False
744.4304 	INFO 	Keyboard events cleared
744.4303 	EXP 	probe: autoDraw = True
745.0982 	EXP 	Device response: <KeyPress from None: t=745.0869035409996, value=c, duration=None>
745.0987 	EXP 	New trial (rep=26, index=100): <Trial 100 (100 in rep 26) data={'pos': np.int64(150), 'corr_resp': 'v', 'thisN': 100, 'thisTrialN': 100, 'thisRepN': 26}>
745.1041 	DATA 	Keypress: c
745.1083 	EXP 	fixation: autoDraw = False
745.1083 	EXP 	line1: autoDraw = False
745.1083 	EXP 	line2: autoDraw = False
745.1083 	EXP 	line3: autoDraw = False
745.1083 	EXP 	line4: autoDraw = False
745.1083 	EXP 	probe: autoDraw = False
745.1083 	EXP 	fixation: autoDraw = True
745.2525 	EXP 	Device response: <KeyPress from None: t=745.0869035409996, value=c, duration=0.16024333400127944>
746.0969 	EXP 	line1: autoDraw = True
746.0969 	EXP 	line2: autoDraw = True
746.0969 	EXP 	line3: autoDraw = True
746.0969 	EXP 	line4: autoDraw = True
746.1001 	EXP 	fixation: autoDraw = False
747.0970 	INFO 	Keyboard events cleared
747.0968 	EXP 	probe: autoDraw = True
747.5315 	EXP 	Device response: <KeyPress from None: t=747.5218733329966, value=v, duration=None>
747.5321 	EXP 	New trial (rep=24, index=101): <Trial 101 (101 in rep 24) data={'pos': np.int64(50), 'corr_resp': 'c', 'thisN': 101, 'thisTrialN': 101, 'thisRepN': 24}>
747.5379 	DATA 	Keypress: v
747.5420 	EXP 	fixation: autoDraw = False
747.5420 	EXP 	line1: autoDraw = False
747.5420 	EXP 	line2: autoDraw = False
747.5420 	EXP 	line3: autoDraw = False
747.5420 	EXP 	line4: autoDraw = False
747.5420 	EXP 	probe: autoDraw = False
747.5420 	EXP 	fixation: autoDraw = True
747.6814 	EXP 	Device response: <KeyPress from None: t=747.5218733329966, value=v, duration=0.15621954199741594>
748.5302 	EXP 	line1: autoDraw = True
748.5302 	EXP 	line2: autoDraw = True
748.5302 	EXP 	line3: autoDraw = True
748.5302 	EXP 	line4: autoDraw = True
748.5351 	EXP 	fixation: autoDraw = False
749.5305 	INFO 	Keyboard events cleared
749.5303 	EXP 	probe: autoDraw = True
750.1812 	EXP 	Device response: <KeyPress from None: t=750.1797541659907, value=c, duration=None>
750.1816 	EXP 	New trial (rep=25, index=102): <Trial 102 (102 in rep 25) data={'pos': np.int64(50), 'corr_resp': 'c', 'thisN': 102, 'thisTrialN': 102, 'thisRepN': 25}>
750.1860 	EXP 	fixation: autoDraw = False
750.1860 	EXP 	line1: autoDraw = False
750.1860 	EXP 	line2: autoDraw = False
750.1860 	EXP 	line3: autoDraw = False
750.1860 	EXP 	line4: autoDraw = False
750.1860 	EXP 	probe: autoDraw = False
750.1860 	EXP 	fixation: autoDraw = True
750.1902 	DATA 	Keypress: c
750.3316 	EXP 	Device response: <KeyPress from None: t=750.1797541659907, value=c, duration=0.14827554200019222>
751.1803 	EXP 	fixation: autoDraw = False
751.1803 	EXP 	line1: autoDraw = True
751.1803 	EXP 	line2: autoDraw = True
751.1803 	EXP 	line3: autoDraw = True
751.1803 	EXP 	line4: autoDraw = True
752.1803 	INFO 	Keyboard events cleared
752.1801 	EXP 	probe: autoDraw = True
752.5356 	EXP 	Device response: <KeyPress from None: t=752.5346697079949, value=c, duration=None>
752.5360 	EXP 	New trial (rep=24, index=103): <Trial 103 (103 in rep 24) data={'pos': np.int64(-150), 'corr_resp': 'z', 'thisN': 103, 'thisTrialN': 103, 'thisRepN': 24}>
752.5417 	DATA 	Keypress: c
752.5462 	EXP 	fixation: autoDraw = False
752.5462 	EXP 	line1: autoDraw = False
752.5462 	EXP 	line2: autoDraw = False
752.5462 	EXP 	line3: autoDraw = False
752.5462 	EXP 	line4: autoDraw = False
752.5462 	EXP 	probe: autoDraw = False
752.5462 	EXP 	fixation: autoDraw = True
752.6527 	EXP 	Device response: <KeyPress from None: t=752.5346697079949, value=c, duration=0.11239829199621454>
753.5303 	EXP 	line1: autoDraw = True
753.5303 	EXP 	line2: autoDraw = True
753.5303 	EXP 	line3: autoDraw = True
753.5303 	EXP 	line4: autoDraw = True
753.5347 	EXP 	fixation: autoDraw = False
754.5361 	INFO 	Keyboard events cleared
754.5359 	EXP 	probe: autoDraw = True
755.0197 	EXP 	Device response: <KeyPress from None: t=755.0166402909963, value=z, duration=None>
755.0202 	EXP 	New trial (rep=25, index=104): <Trial 104 (104 in rep 25) data={'pos': np.int64(-150), 'corr_resp': 'z', 'thisN': 104, 'thisTrialN': 104, 'thisRepN': 25}>
755.0265 	DATA 	Keypress: z
755.0472 	EXP 	fixation: autoDraw = False
755.0472 	EXP 	line1: autoDraw = False
755.0472 	EXP 	line2: autoDraw = False
755.0472 	EXP 	line3: autoDraw = False
755.0472 	EXP 	line4: autoDraw = False
755.0472 	EXP 	probe: autoDraw = False
755.0472 	EXP 	fixation: autoDraw = True
755.1700 	EXP 	Device response: <KeyPress from None: t=755.0166402909963, value=z, duration=0.1482478340039961>
756.0181 	EXP 	line1: autoDraw = True
756.0181 	EXP 	line2: autoDraw = True
756.0181 	EXP 	line3: autoDraw = True
756.0181 	EXP 	line4: autoDraw = True
756.0347 	EXP 	fixation: autoDraw = False
757.0186 	INFO 	Keyboard events cleared
757.0184 	EXP 	probe: autoDraw = True
757.4649 	EXP 	Device response: <KeyPress from None: t=757.4634587499895, value=z, duration=None>
757.4656 	EXP 	New trial (rep=26, index=105): <Trial 105 (105 in rep 26) data={'pos': np.int64(-150), 'corr_resp': 'z', 'thisN': 105, 'thisTrialN': 105, 'thisRepN': 26}>
757.4707 	EXP 	fixation: autoDraw = False
757.4707 	EXP 	line1: autoDraw = False
757.4707 	EXP 	line2: autoDraw = False
757.4707 	EXP 	line3: autoDraw = False
757.4707 	EXP 	line4: autoDraw = False
757.4707 	EXP 	probe: autoDraw = False
757.4707 	EXP 	fixation: autoDraw = True
757.4748 	DATA 	Keypress: z
757.5982 	EXP 	Device response: <KeyPress from None: t=757.4634587499895, value=z, duration=0.1325104160059709>
758.4634 	EXP 	line1: autoDraw = True
758.4634 	EXP 	line2: autoDraw = True
758.4634 	EXP 	line3: autoDraw = True
758.4634 	EXP 	line4: autoDraw = True
758.4683 	EXP 	fixation: autoDraw = False
759.4636 	INFO 	Keyboard events cleared
759.4635 	EXP 	probe: autoDraw = True
759.9981 	EXP 	Device response: <KeyPress from None: t=759.9875592909957, value=z, duration=None>
759.9987 	EXP 	New trial (rep=27, index=106): <Trial 106 (106 in rep 27) data={'pos': np.int64(-150), 'corr_resp': 'z', 'thisN': 106, 'thisTrialN': 106, 'thisRepN': 27}>
760.0046 	DATA 	Keypress: z
760.0090 	EXP 	fixation: autoDraw = False
760.0090 	EXP 	line1: autoDraw = False
760.0090 	EXP 	line2: autoDraw = False
760.0090 	EXP 	line3: autoDraw = False
760.0090 	EXP 	line4: autoDraw = False
760.0090 	EXP 	probe: autoDraw = False
760.0090 	EXP 	fixation: autoDraw = True
760.0980 	EXP 	Device response: <KeyPress from None: t=759.9875592909957, value=z, duration=0.10831129200232681>
760.9967 	EXP 	line1: autoDraw = True
760.9967 	EXP 	line2: autoDraw = True
760.9967 	EXP 	line3: autoDraw = True
760.9967 	EXP 	line4: autoDraw = True
761.0017 	EXP 	fixation: autoDraw = False
761.9968 	INFO 	Keyboard events cleared
761.9966 	EXP 	probe: autoDraw = True
762.3313 	EXP 	Device response: <KeyPress from None: t=762.3245303750009, value=z, duration=None>
762.3319 	EXP 	New trial (rep=26, index=107): <Trial 107 (107 in rep 26) data={'pos': np.int64(-50), 'corr_resp': 'x', 'thisN': 107, 'thisTrialN': 107, 'thisRepN': 26}>
762.3376 	DATA 	Keypress: z
762.3417 	EXP 	fixation: autoDraw = False
762.3417 	EXP 	line1: autoDraw = False
762.3417 	EXP 	line2: autoDraw = False
762.3417 	EXP 	line3: autoDraw = False
762.3417 	EXP 	line4: autoDraw = False
762.3417 	EXP 	probe: autoDraw = False
762.3417 	EXP 	fixation: autoDraw = True
762.4646 	EXP 	Device response: <KeyPress from None: t=762.3245303750009, value=z, duration=0.13624933299433906>
763.3299 	EXP 	line1: autoDraw = True
763.3299 	EXP 	line2: autoDraw = True
763.3299 	EXP 	line3: autoDraw = True
763.3299 	EXP 	line4: autoDraw = True
763.3350 	EXP 	fixation: autoDraw = False
764.3301 	INFO 	Keyboard events cleared
764.3300 	EXP 	probe: autoDraw = True
764.9147 	EXP 	Device response: <KeyPress from None: t=764.9043553329975, value=c, duration=None>
764.9153 	EXP 	New trial (rep=28, index=108): <Trial 108 (108 in rep 28) data={'pos': np.int64(-150), 'corr_resp': 'z', 'thisN': 108, 'thisTrialN': 108, 'thisRepN': 28}>
764.9209 	DATA 	Keypress: c
764.9252 	EXP 	fixation: autoDraw = False
764.9252 	EXP 	line1: autoDraw = False
764.9252 	EXP 	line2: autoDraw = False
764.9252 	EXP 	line3: autoDraw = False
764.9252 	EXP 	line4: autoDraw = False
764.9252 	EXP 	probe: autoDraw = False
764.9252 	EXP 	fixation: autoDraw = True
764.9977 	EXP 	Device response: <KeyPress from None: t=764.9043553329975, value=c, duration=0.08027629199204966>
765.9134 	EXP 	line1: autoDraw = True
765.9134 	EXP 	line2: autoDraw = True
765.9134 	EXP 	line3: autoDraw = True
765.9134 	EXP 	line4: autoDraw = True
765.9182 	EXP 	fixation: autoDraw = False
766.9137 	INFO 	Keyboard events cleared
766.9135 	EXP 	probe: autoDraw = True
767.4810 	EXP 	Device response: <KeyPress from None: t=767.4702476659877, value=z, duration=None>
767.4815 	EXP 	New trial (rep=27, index=109): <Trial 109 (109 in rep 27) data={'pos': np.int64(-50), 'corr_resp': 'x', 'thisN': 109, 'thisTrialN': 109, 'thisRepN': 27}>
767.4869 	DATA 	Keypress: z
767.4911 	EXP 	fixation: autoDraw = False
767.4911 	EXP 	line1: autoDraw = False
767.4911 	EXP 	line2: autoDraw = False
767.4911 	EXP 	line3: autoDraw = False
767.4911 	EXP 	line4: autoDraw = False
767.4911 	EXP 	probe: autoDraw = False
767.4911 	EXP 	fixation: autoDraw = True
767.6646 	EXP 	Device response: <KeyPress from None: t=767.4702476659877, value=z, duration=0.1886206250055693>
768.4800 	EXP 	line1: autoDraw = True
768.4800 	EXP 	line2: autoDraw = True
768.4800 	EXP 	line3: autoDraw = True
768.4800 	EXP 	line4: autoDraw = True
768.4848 	EXP 	fixation: autoDraw = False
769.4802 	INFO 	Keyboard events cleared
769.4801 	EXP 	probe: autoDraw = True
769.9862 	EXP 	Device response: <KeyPress from None: t=769.9842732909892, value=x, duration=None>
769.9866 	EXP 	New trial (rep=28, index=110): <Trial 110 (110 in rep 28) data={'pos': np.int64(-50), 'corr_resp': 'x', 'thisN': 110, 'thisTrialN': 110, 'thisRepN': 28}>
769.9921 	DATA 	Keypress: x
769.9963 	EXP 	fixation: autoDraw = False
769.9963 	EXP 	line1: autoDraw = False
769.9963 	EXP 	line2: autoDraw = False
769.9963 	EXP 	line3: autoDraw = False
769.9963 	EXP 	line4: autoDraw = False
769.9963 	EXP 	probe: autoDraw = False
769.9963 	EXP 	fixation: autoDraw = True
770.1647 	EXP 	Device response: <KeyPress from None: t=769.9842732909892, value=x, duration=0.1724761670047883>
770.9850 	EXP 	fixation: autoDraw = False
770.9850 	EXP 	line1: autoDraw = True
770.9850 	EXP 	line2: autoDraw = True
770.9850 	EXP 	line3: autoDraw = True
770.9850 	EXP 	line4: autoDraw = True
771.9867 	INFO 	Keyboard events cleared
771.9865 	EXP 	probe: autoDraw = True
772.5198 	EXP 	Device response: <KeyPress from None: t=772.5171693749871, value=x, duration=None>
772.5202 	EXP 	New trial (rep=27, index=111): <Trial 111 (111 in rep 27) data={'pos': np.int64(150), 'corr_resp': 'v', 'thisN': 111, 'thisTrialN': 111, 'thisRepN': 27}>
772.5257 	DATA 	Keypress: x
772.5299 	EXP 	fixation: autoDraw = False
772.5299 	EXP 	line1: autoDraw = False
772.5299 	EXP 	line2: autoDraw = False
772.5299 	EXP 	line3: autoDraw = False
772.5299 	EXP 	line4: autoDraw = False
772.5299 	EXP 	probe: autoDraw = False
772.5299 	EXP 	fixation: autoDraw = True
772.6479 	EXP 	Device response: <KeyPress from None: t=772.5171693749871, value=x, duration=0.12898829100595322>
773.5195 	EXP 	fixation: autoDraw = False
773.5195 	EXP 	line1: autoDraw = True
773.5195 	EXP 	line2: autoDraw = True
773.5195 	EXP 	line3: autoDraw = True
773.5195 	EXP 	line4: autoDraw = True
774.5192 	INFO 	Keyboard events cleared
774.5190 	EXP 	probe: autoDraw = True
775.7315 	EXP 	Device response: <KeyPress from None: t=775.7242819159874, value=c, duration=None>
775.7321 	EXP 	New trial (rep=26, index=112): <Trial 112 (112 in rep 26) data={'pos': np.int64(50), 'corr_resp': 'c', 'thisN': 112, 'thisTrialN': 112, 'thisRepN': 26}>
775.7376 	DATA 	Keypress: c
775.7417 	EXP 	fixation: autoDraw = False
775.7417 	EXP 	line1: autoDraw = False
775.7417 	EXP 	line2: autoDraw = False
775.7417 	EXP 	line3: autoDraw = False
775.7417 	EXP 	line4: autoDraw = False
775.7417 	EXP 	probe: autoDraw = False
775.7417 	EXP 	fixation: autoDraw = True
775.9358 	EXP 	Device response: <KeyPress from None: t=775.7242819159874, value=c, duration=0.20824754200293683>
776.7300 	EXP 	line1: autoDraw = True
776.7300 	EXP 	line2: autoDraw = True
776.7300 	EXP 	line3: autoDraw = True
776.7300 	EXP 	line4: autoDraw = True
776.7347 	EXP 	fixation: autoDraw = False
777.7300 	INFO 	Keyboard events cleared
777.7298 	EXP 	probe: autoDraw = True
778.4813 	EXP 	Device response: <KeyPress from None: t=778.4730718329956, value=c, duration=None>
778.4820 	EXP 	New trial (rep=27, index=113): <Trial 113 (113 in rep 27) data={'pos': np.int64(50), 'corr_resp': 'c', 'thisN': 113, 'thisTrialN': 113, 'thisRepN': 27}>
778.4881 	DATA 	Keypress: c
778.4925 	EXP 	fixation: autoDraw = False
778.4925 	EXP 	line1: autoDraw = False
778.4925 	EXP 	line2: autoDraw = False
778.4925 	EXP 	line3: autoDraw = False
778.4925 	EXP 	line4: autoDraw = False
778.4925 	EXP 	probe: autoDraw = False
778.4925 	EXP 	fixation: autoDraw = True
778.6022 	EXP 	Device response: <KeyPress from None: t=778.4730718329956, value=c, duration=0.12427379199652933>
779.4800 	EXP 	line1: autoDraw = True
779.4800 	EXP 	line2: autoDraw = True
779.4800 	EXP 	line3: autoDraw = True
779.4800 	EXP 	line4: autoDraw = True
779.4849 	EXP 	fixation: autoDraw = False
780.4801 	INFO 	Keyboard events cleared
780.4799 	EXP 	probe: autoDraw = True
781.2313 	EXP 	Device response: <KeyPress from None: t=781.2190863750002, value=c, duration=None>
781.2317 	EXP 	New trial (rep=28, index=114): <Trial 114 (114 in rep 28) data={'pos': np.int64(150), 'corr_resp': 'v', 'thisN': 114, 'thisTrialN': 114, 'thisRepN': 28}>
781.2371 	DATA 	Keypress: c
781.2414 	EXP 	fixation: autoDraw = False
781.2414 	EXP 	line1: autoDraw = False
781.2414 	EXP 	line2: autoDraw = False
781.2414 	EXP 	line3: autoDraw = False
781.2414 	EXP 	line4: autoDraw = False
781.2414 	EXP 	probe: autoDraw = False
781.2414 	EXP 	fixation: autoDraw = True
781.3141 	EXP 	Device response: <KeyPress from None: t=781.2190863750002, value=c, duration=0.08856924998690374>
782.2301 	EXP 	line1: autoDraw = True
782.2301 	EXP 	line2: autoDraw = True
782.2301 	EXP 	line3: autoDraw = True
782.2301 	EXP 	line4: autoDraw = True
782.2344 	EXP 	fixation: autoDraw = False
783.2300 	INFO 	Keyboard events cleared
783.2299 	EXP 	probe: autoDraw = True
783.6645 	EXP 	Device response: <KeyPress from None: t=783.6630174159945, value=v, duration=None>
783.6651 	EXP 	New trial (rep=29, index=115): <Trial 115 (115 in rep 29) data={'pos': np.int64(-150), 'corr_resp': 'z', 'thisN': 115, 'thisTrialN': 115, 'thisRepN': 29}>
783.6699 	EXP 	fixation: autoDraw = False
783.6699 	EXP 	line1: autoDraw = False
783.6699 	EXP 	line2: autoDraw = False
783.6699 	EXP 	line3: autoDraw = False
783.6699 	EXP 	line4: autoDraw = False
783.6699 	EXP 	probe: autoDraw = False
783.6699 	EXP 	fixation: autoDraw = True
783.6738 	DATA 	Keypress: v
783.8146 	EXP 	Device response: <KeyPress from None: t=783.6630174159945, value=v, duration=0.14829454199934844>
784.6632 	EXP 	line1: autoDraw = True
784.6632 	EXP 	line2: autoDraw = True
784.6632 	EXP 	line3: autoDraw = True
784.6632 	EXP 	line4: autoDraw = True
784.6674 	EXP 	fixation: autoDraw = False
785.6635 	INFO 	Keyboard events cleared
785.6633 	EXP 	probe: autoDraw = True
786.5479 	EXP 	Device response: <KeyPress from None: t=786.5420711249899, value=z, duration=None>
786.5485 	EXP 	New trial (rep=28, index=116): <Trial 116 (116 in rep 28) data={'pos': np.int64(50), 'corr_resp': 'c', 'thisN': 116, 'thisTrialN': 116, 'thisRepN': 28}>
786.5543 	DATA 	Keypress: z
786.5584 	EXP 	fixation: autoDraw = False
786.5584 	EXP 	line1: autoDraw = False
786.5584 	EXP 	line2: autoDraw = False
786.5584 	EXP 	line3: autoDraw = False
786.5584 	EXP 	line4: autoDraw = False
786.5584 	EXP 	probe: autoDraw = False
786.5584 	EXP 	fixation: autoDraw = True
786.6812 	EXP 	Device response: <KeyPress from None: t=786.5420711249899, value=z, duration=0.1282046660053311>
787.5466 	EXP 	line1: autoDraw = True
787.5466 	EXP 	line2: autoDraw = True
787.5466 	EXP 	line3: autoDraw = True
787.5466 	EXP 	line4: autoDraw = True
787.5515 	EXP 	fixation: autoDraw = False
788.5466 	INFO 	Keyboard events cleared
788.5465 	EXP 	probe: autoDraw = True
789.6313 	EXP 	Device response: <KeyPress from None: t=789.6209292909916, value=c, duration=None>
789.6319 	EXP 	New trial (rep=29, index=117): <Trial 117 (117 in rep 29) data={'pos': np.int64(150), 'corr_resp': 'v', 'thisN': 117, 'thisTrialN': 117, 'thisRepN': 29}>
789.6374 	DATA 	Keypress: c
789.6418 	EXP 	fixation: autoDraw = False
789.6418 	EXP 	line1: autoDraw = False
789.6418 	EXP 	line2: autoDraw = False
789.6418 	EXP 	line3: autoDraw = False
789.6418 	EXP 	line4: autoDraw = False
789.6418 	EXP 	probe: autoDraw = False
789.6418 	EXP 	fixation: autoDraw = True
789.7144 	EXP 	Device response: <KeyPress from None: t=789.6209292909916, value=c, duration=0.08025349999661557>
790.6297 	EXP 	line1: autoDraw = True
790.6297 	EXP 	line2: autoDraw = True
790.6297 	EXP 	line3: autoDraw = True
790.6297 	EXP 	line4: autoDraw = True
790.6344 	EXP 	fixation: autoDraw = False
791.6300 	INFO 	Keyboard events cleared
791.6298 	EXP 	probe: autoDraw = True
792.7809 	EXP 	Device response: <KeyPress from None: t=792.7707462499966, value=v, duration=None>
792.7815 	EXP 	New trial (rep=29, index=118): <Trial 118 (118 in rep 29) data={'pos': np.int64(50), 'corr_resp': 'c', 'thisN': 118, 'thisTrialN': 118, 'thisRepN': 29}>
792.7870 	DATA 	Keypress: v
792.7911 	EXP 	fixation: autoDraw = False
792.7911 	EXP 	line1: autoDraw = False
792.7911 	EXP 	line2: autoDraw = False
792.7911 	EXP 	line3: autoDraw = False
792.7911 	EXP 	line4: autoDraw = False
792.7911 	EXP 	probe: autoDraw = False
792.7911 	EXP 	fixation: autoDraw = True
792.8644 	EXP 	Device response: <KeyPress from None: t=792.7707462499966, value=v, duration=0.09241420800390188>
793.7798 	EXP 	line1: autoDraw = True
793.7798 	EXP 	line2: autoDraw = True
793.7798 	EXP 	line3: autoDraw = True
793.7798 	EXP 	line4: autoDraw = True
793.7848 	EXP 	fixation: autoDraw = False
794.7801 	INFO 	Keyboard events cleared
794.7799 	EXP 	probe: autoDraw = True
795.5641 	EXP 	Device response: <KeyPress from None: t=795.5547469159937, value=c, duration=None>
795.5646 	EXP 	New trial (rep=30, index=119): <Trial 119 (119 in rep 30) data={'pos': np.int64(-150), 'corr_resp': 'z', 'thisN': 119, 'thisTrialN': 119, 'thisRepN': 30}>
795.5699 	DATA 	Keypress: c
795.5741 	EXP 	fixation: autoDraw = False
795.5741 	EXP 	line1: autoDraw = False
795.5741 	EXP 	line2: autoDraw = False
795.5741 	EXP 	line3: autoDraw = False
795.5741 	EXP 	line4: autoDraw = False
795.5741 	EXP 	probe: autoDraw = False
795.5741 	EXP 	fixation: autoDraw = True
795.7648 	EXP 	Device response: <KeyPress from None: t=795.5547469159937, value=c, duration=0.20838687500508968>
796.5632 	EXP 	line1: autoDraw = True
796.5632 	EXP 	line2: autoDraw = True
796.5632 	EXP 	line3: autoDraw = True
796.5632 	EXP 	line4: autoDraw = True
796.5682 	EXP 	fixation: autoDraw = False
797.5634 	INFO 	Keyboard events cleared
797.5632 	EXP 	probe: autoDraw = True
798.2812 	EXP 	Device response: <KeyPress from None: t=798.2754267079872, value=z, duration=None>
798.2818 	EXP 	New trial (rep=29, index=120): <Trial 120 (120 in rep 29) data={'pos': np.int64(-50), 'corr_resp': 'x', 'thisN': 120, 'thisTrialN': 120, 'thisRepN': 29}>
798.2876 	DATA 	Keypress: z
798.2916 	EXP 	fixation: autoDraw = False
798.2916 	EXP 	line1: autoDraw = False
798.2916 	EXP 	line2: autoDraw = False
798.2916 	EXP 	line3: autoDraw = False
798.2916 	EXP 	line4: autoDraw = False
798.2916 	EXP 	probe: autoDraw = False
798.2916 	EXP 	fixation: autoDraw = True
798.4143 	EXP 	Device response: <KeyPress from None: t=798.2754267079872, value=z, duration=0.13557850000506733>
799.2798 	EXP 	line1: autoDraw = True
799.2798 	EXP 	line2: autoDraw = True
799.2798 	EXP 	line3: autoDraw = True
799.2798 	EXP 	line4: autoDraw = True
799.2848 	EXP 	fixation: autoDraw = False
800.2798 	INFO 	Keyboard events cleared
800.2797 	EXP 	probe: autoDraw = True
801.0476 	EXP 	Device response: <KeyPress from None: t=801.0406810409913, value=x, duration=None>
801.0483 	EXP 	New trial (rep=30, index=121): <Trial 121 (121 in rep 30) data={'pos': np.int64(150), 'corr_resp': 'v', 'thisN': 121, 'thisTrialN': 121, 'thisRepN': 30}>
801.0538 	DATA 	Keypress: x
801.0588 	EXP 	fixation: autoDraw = False
801.0588 	EXP 	line1: autoDraw = False
801.0588 	EXP 	line2: autoDraw = False
801.0588 	EXP 	line3: autoDraw = False
801.0588 	EXP 	line4: autoDraw = False
801.0588 	EXP 	probe: autoDraw = False
801.0588 	EXP 	fixation: autoDraw = True
801.2309 	EXP 	Device response: <KeyPress from None: t=801.0406810409913, value=x, duration=0.18829474999802187>
802.0464 	EXP 	line1: autoDraw = True
802.0464 	EXP 	line2: autoDraw = True
802.0464 	EXP 	line3: autoDraw = True
802.0464 	EXP 	line4: autoDraw = True
802.0511 	EXP 	fixation: autoDraw = False
803.0465 	INFO 	Keyboard events cleared
803.0464 	EXP 	probe: autoDraw = True
803.5812 	EXP 	Device response: <KeyPress from None: t=803.579565957989, value=v, duration=None>
803.5819 	EXP 	New trial (rep=30, index=122): <Trial 122 (122 in rep 30) data={'pos': np.int64(-50), 'corr_resp': 'x', 'thisN': 122, 'thisTrialN': 122, 'thisRepN': 30}>
803.5873 	EXP 	fixation: autoDraw = False
803.5873 	EXP 	line1: autoDraw = False
803.5873 	EXP 	line2: autoDraw = False
803.5873 	EXP 	line3: autoDraw = False
803.5873 	EXP 	line4: autoDraw = False
803.5873 	EXP 	probe: autoDraw = False
803.5873 	EXP 	fixation: autoDraw = True
803.5916 	DATA 	Keypress: v
803.6856 	EXP 	Device response: <KeyPress from None: t=803.579565957989, value=v, duration=0.10430562500550877>
804.5798 	EXP 	line1: autoDraw = True
804.5798 	EXP 	line2: autoDraw = True
804.5798 	EXP 	line3: autoDraw = True
804.5798 	EXP 	line4: autoDraw = True
804.5846 	EXP 	fixation: autoDraw = False
805.5799 	INFO 	Keyboard events cleared
805.5797 	EXP 	probe: autoDraw = True
806.2316 	EXP 	Device response: <KeyPress from None: t=806.2205062909925, value=x, duration=None>
806.2325 	EXP 	New trial (rep=31, index=123): <Trial 123 (123 in rep 31) data={'pos': np.int64(-150), 'corr_resp': 'z', 'thisN': 123, 'thisTrialN': 123, 'thisRepN': 31}>
806.2383 	DATA 	Keypress: x
806.2427 	EXP 	fixation: autoDraw = False
806.2427 	EXP 	line1: autoDraw = False
806.2427 	EXP 	line2: autoDraw = False
806.2427 	EXP 	line3: autoDraw = False
806.2427 	EXP 	line4: autoDraw = False
806.2427 	EXP 	probe: autoDraw = False
806.2427 	EXP 	fixation: autoDraw = True
806.4024 	EXP 	Device response: <KeyPress from None: t=806.2205062909925, value=x, duration=0.17632833399693482>
807.2297 	EXP 	line1: autoDraw = True
807.2297 	EXP 	line2: autoDraw = True
807.2297 	EXP 	line3: autoDraw = True
807.2297 	EXP 	line4: autoDraw = True
807.2344 	EXP 	fixation: autoDraw = False
808.2300 	INFO 	Keyboard events cleared
808.2298 	EXP 	probe: autoDraw = True
808.6855 	EXP 	Device response: <KeyPress from None: t=808.6824724579928, value=z, duration=None>
808.6859 	EXP 	New trial (rep=30, index=124): <Trial 124 (124 in rep 30) data={'pos': np.int64(50), 'corr_resp': 'c', 'thisN': 124, 'thisTrialN': 124, 'thisRepN': 30}>
808.6924 	DATA 	Keypress: z
808.7136 	EXP 	fixation: autoDraw = False
808.7136 	EXP 	line1: autoDraw = False
808.7136 	EXP 	line2: autoDraw = False
808.7136 	EXP 	line3: autoDraw = False
808.7136 	EXP 	line4: autoDraw = False
808.7136 	EXP 	probe: autoDraw = False
808.7136 	EXP 	fixation: autoDraw = True
808.8477 	EXP 	Device response: <KeyPress from None: t=808.6824724579928, value=z, duration=0.15229704200464766>
809.6846 	EXP 	line1: autoDraw = True
809.6846 	EXP 	line2: autoDraw = True
809.6846 	EXP 	line3: autoDraw = True
809.6846 	EXP 	line4: autoDraw = True
809.7008 	EXP 	fixation: autoDraw = False
810.6860 	INFO 	Keyboard events cleared
810.6858 	EXP 	probe: autoDraw = True
811.1193 	EXP 	Device response: <KeyPress from None: t=811.1154194579867, value=c, duration=None>
811.1197 	EXP 	New trial (rep=31, index=125): <Trial 125 (125 in rep 31) data={'pos': np.int64(150), 'corr_resp': 'v', 'thisN': 125, 'thisTrialN': 125, 'thisRepN': 31}>
811.1252 	DATA 	Keypress: c
811.1295 	EXP 	fixation: autoDraw = False
811.1295 	EXP 	line1: autoDraw = False
811.1295 	EXP 	line2: autoDraw = False
811.1295 	EXP 	line3: autoDraw = False
811.1295 	EXP 	line4: autoDraw = False
811.1295 	EXP 	probe: autoDraw = False
811.1295 	EXP 	fixation: autoDraw = True
811.2525 	EXP 	Device response: <KeyPress from None: t=811.1154194579867, value=c, duration=0.13220120800542645>
812.1177 	EXP 	fixation: autoDraw = False
812.1177 	EXP 	line1: autoDraw = True
812.1177 	EXP 	line2: autoDraw = True
812.1177 	EXP 	line3: autoDraw = True
812.1177 	EXP 	line4: autoDraw = True
813.1189 	INFO 	Keyboard events cleared
813.1187 	EXP 	probe: autoDraw = True
813.6978 	EXP 	Device response: <KeyPress from None: t=813.686273165993, value=v, duration=None>
813.6985 	EXP 	New trial (rep=31, index=126): <Trial 126 (126 in rep 31) data={'pos': np.int64(-50), 'corr_resp': 'x', 'thisN': 126, 'thisTrialN': 126, 'thisRepN': 31}>
813.7047 	DATA 	Keypress: v
813.7090 	EXP 	fixation: autoDraw = False
813.7090 	EXP 	line1: autoDraw = False
813.7090 	EXP 	line2: autoDraw = False
813.7090 	EXP 	line3: autoDraw = False
813.7090 	EXP 	line4: autoDraw = False
813.7090 	EXP 	probe: autoDraw = False
813.7090 	EXP 	fixation: autoDraw = True
813.8524 	EXP 	Device response: <KeyPress from None: t=813.686273165993, value=v, duration=0.1605988749943208>
814.6962 	EXP 	line1: autoDraw = True
814.6962 	EXP 	line2: autoDraw = True
814.6962 	EXP 	line3: autoDraw = True
814.6962 	EXP 	line4: autoDraw = True
814.7006 	EXP 	fixation: autoDraw = False
815.6967 	INFO 	Keyboard events cleared
815.6965 	EXP 	probe: autoDraw = True
816.2640 	EXP 	Device response: <KeyPress from None: t=816.2572463749966, value=x, duration=None>
816.2645 	EXP 	New trial (rep=32, index=127): <Trial 127 (127 in rep 32) data={'pos': np.int64(-150), 'corr_resp': 'z', 'thisN': 127, 'thisTrialN': 127, 'thisRepN': 32}>
816.2700 	DATA 	Keypress: x
816.2742 	EXP 	fixation: autoDraw = False
816.2742 	EXP 	line1: autoDraw = False
816.2742 	EXP 	line2: autoDraw = False
816.2742 	EXP 	line3: autoDraw = False
816.2742 	EXP 	line4: autoDraw = False
816.2742 	EXP 	probe: autoDraw = False
816.2742 	EXP 	fixation: autoDraw = True
816.4310 	EXP 	Device response: <KeyPress from None: t=816.2572463749966, value=x, duration=0.17235183299635537>
817.2527 	EXP 	line1: autoDraw = True
817.2527 	EXP 	line2: autoDraw = True
817.2527 	EXP 	line3: autoDraw = True
817.2527 	EXP 	line4: autoDraw = True
817.2679 	EXP 	fixation: autoDraw = False
818.2631 	INFO 	Keyboard events cleared
818.2630 	EXP 	probe: autoDraw = True
818.6807 	EXP 	Device response: <KeyPress from None: t=818.6742131249921, value=z, duration=None>
818.6812 	EXP 	New trial (rep=32, index=128): <Trial 128 (128 in rep 32) data={'pos': np.int64(-50), 'corr_resp': 'x', 'thisN': 128, 'thisTrialN': 128, 'thisRepN': 32}>
818.6870 	DATA 	Keypress: z
818.6913 	EXP 	fixation: autoDraw = False
818.6913 	EXP 	line1: autoDraw = False
818.6913 	EXP 	line2: autoDraw = False
818.6913 	EXP 	line3: autoDraw = False
818.6913 	EXP 	line4: autoDraw = False
818.6913 	EXP 	probe: autoDraw = False
818.6913 	EXP 	fixation: autoDraw = True
818.8144 	EXP 	Device response: <KeyPress from None: t=818.6742131249921, value=z, duration=0.12836079100088682>
819.6795 	EXP 	line1: autoDraw = True
819.6795 	EXP 	line2: autoDraw = True
819.6795 	EXP 	line3: autoDraw = True
819.6795 	EXP 	line4: autoDraw = True
819.6843 	EXP 	fixation: autoDraw = False
820.6798 	INFO 	Keyboard events cleared
820.6796 	EXP 	probe: autoDraw = True
821.2806 	EXP 	Device response: <KeyPress from None: t=821.2700532079907, value=x, duration=None>
821.2812 	EXP 	New trial (rep=32, index=129): <Trial 129 (129 in rep 32) data={'pos': np.int64(150), 'corr_resp': 'v', 'thisN': 129, 'thisTrialN': 129, 'thisRepN': 32}>
821.2871 	DATA 	Keypress: x
821.2914 	EXP 	fixation: autoDraw = False
821.2914 	EXP 	line1: autoDraw = False
821.2914 	EXP 	line2: autoDraw = False
821.2914 	EXP 	line3: autoDraw = False
821.2914 	EXP 	line4: autoDraw = False
821.2914 	EXP 	probe: autoDraw = False
821.2914 	EXP 	fixation: autoDraw = True
821.4014 	EXP 	Device response: <KeyPress from None: t=821.2700532079907, value=x, duration=0.128383750008652>
822.2799 	EXP 	line1: autoDraw = True
822.2799 	EXP 	line2: autoDraw = True
822.2799 	EXP 	line3: autoDraw = True
822.2799 	EXP 	line4: autoDraw = True
822.2846 	EXP 	fixation: autoDraw = False
823.2796 	INFO 	Keyboard events cleared
823.2794 	EXP 	probe: autoDraw = True
823.8309 	EXP 	Device response: <KeyPress from None: t=823.8211235409981, value=c, duration=None>
823.8314 	EXP 	New trial (rep=33, index=130): <Trial 130 (130 in rep 33) data={'pos': np.int64(-150), 'corr_resp': 'z', 'thisN': 130, 'thisTrialN': 130, 'thisRepN': 33}>
823.8370 	DATA 	Keypress: c
823.8413 	EXP 	fixation: autoDraw = False
823.8413 	EXP 	line1: autoDraw = False
823.8413 	EXP 	line2: autoDraw = False
823.8413 	EXP 	line3: autoDraw = False
823.8413 	EXP 	line4: autoDraw = False
823.8413 	EXP 	probe: autoDraw = False
823.8413 	EXP 	fixation: autoDraw = True
823.9860 	EXP 	Device response: <KeyPress from None: t=823.8211235409981, value=c, duration=0.16033733398944605>
824.8298 	EXP 	line1: autoDraw = True
824.8298 	EXP 	line2: autoDraw = True
824.8298 	EXP 	line3: autoDraw = True
824.8298 	EXP 	line4: autoDraw = True
824.8343 	EXP 	fixation: autoDraw = False
825.8298 	INFO 	Keyboard events cleared
825.8296 	EXP 	probe: autoDraw = True
826.2805 	EXP 	Device response: <KeyPress from None: t=826.2751204159867, value=z, duration=None>
826.2811 	EXP 	New trial (rep=33, index=131): <Trial 131 (131 in rep 33) data={'pos': np.int64(150), 'corr_resp': 'v', 'thisN': 131, 'thisTrialN': 131, 'thisRepN': 33}>
826.2866 	DATA 	Keypress: z
826.2908 	EXP 	fixation: autoDraw = False
826.2908 	EXP 	line1: autoDraw = False
826.2908 	EXP 	line2: autoDraw = False
826.2908 	EXP 	line3: autoDraw = False
826.2908 	EXP 	line4: autoDraw = False
826.2908 	EXP 	probe: autoDraw = False
826.2908 	EXP 	fixation: autoDraw = True
826.4144 	EXP 	Device response: <KeyPress from None: t=826.2751204159867, value=z, duration=0.1281345000024885>
827.2796 	EXP 	line1: autoDraw = True
827.2796 	EXP 	line2: autoDraw = True
827.2796 	EXP 	line3: autoDraw = True
827.2796 	EXP 	line4: autoDraw = True
827.2839 	EXP 	fixation: autoDraw = False
828.2796 	INFO 	Keyboard events cleared
828.2795 	EXP 	probe: autoDraw = True
828.9142 	EXP 	Device response: <KeyPress from None: t=828.906046249991, value=v, duration=None>
828.9149 	EXP 	New trial (rep=34, index=132): <Trial 132 (132 in rep 34) data={'pos': np.int64(150), 'corr_resp': 'v', 'thisN': 132, 'thisTrialN': 132, 'thisRepN': 34}>
828.9207 	DATA 	Keypress: v
828.9249 	EXP 	fixation: autoDraw = False
828.9249 	EXP 	line1: autoDraw = False
828.9249 	EXP 	line2: autoDraw = False
828.9249 	EXP 	line3: autoDraw = False
828.9249 	EXP 	line4: autoDraw = False
828.9249 	EXP 	probe: autoDraw = False
828.9249 	EXP 	fixation: autoDraw = True
829.0143 	EXP 	Device response: <KeyPress from None: t=828.906046249991, value=v, duration=0.10431329099810682>
829.9129 	EXP 	line1: autoDraw = True
829.9129 	EXP 	line2: autoDraw = True
829.9129 	EXP 	line3: autoDraw = True
829.9129 	EXP 	line4: autoDraw = True
829.9178 	EXP 	fixation: autoDraw = False
830.9130 	INFO 	Keyboard events cleared
830.9128 	EXP 	probe: autoDraw = True
831.3472 	EXP 	Device response: <KeyPress from None: t=831.3389458329912, value=v, duration=None>
831.3478 	EXP 	New trial (rep=31, index=133): <Trial 133 (133 in rep 31) data={'pos': np.int64(50), 'corr_resp': 'c', 'thisN': 133, 'thisTrialN': 133, 'thisRepN': 31}>
831.3531 	DATA 	Keypress: v
831.3573 	EXP 	fixation: autoDraw = False
831.3573 	EXP 	line1: autoDraw = False
831.3573 	EXP 	line2: autoDraw = False
831.3573 	EXP 	line3: autoDraw = False
831.3573 	EXP 	line4: autoDraw = False
831.3573 	EXP 	probe: autoDraw = False
831.3573 	EXP 	fixation: autoDraw = True
831.4808 	EXP 	Device response: <KeyPress from None: t=831.3389458329912, value=v, duration=0.14020424999762326>
832.3461 	EXP 	line1: autoDraw = True
832.3461 	EXP 	line2: autoDraw = True
832.3461 	EXP 	line3: autoDraw = True
832.3461 	EXP 	line4: autoDraw = True
832.3508 	EXP 	fixation: autoDraw = False
833.3462 	INFO 	Keyboard events cleared
833.3460 	EXP 	probe: autoDraw = True
834.6140 	EXP 	Device response: <KeyPress from None: t=834.6068652079994, value=c, duration=None>
834.6147 	EXP 	New trial (rep=33, index=134): <Trial 134 (134 in rep 33) data={'pos': np.int64(-50), 'corr_resp': 'x', 'thisN': 134, 'thisTrialN': 134, 'thisRepN': 33}>
834.6200 	DATA 	Keypress: c
834.6243 	EXP 	fixation: autoDraw = False
834.6243 	EXP 	line1: autoDraw = False
834.6243 	EXP 	line2: autoDraw = False
834.6243 	EXP 	line3: autoDraw = False
834.6243 	EXP 	line4: autoDraw = False
834.6243 	EXP 	probe: autoDraw = False
834.6243 	EXP 	fixation: autoDraw = True
834.7009 	EXP 	Device response: <KeyPress from None: t=834.6068652079994, value=c, duration=0.09235666699532885>
835.6130 	EXP 	line1: autoDraw = True
835.6130 	EXP 	line2: autoDraw = True
835.6130 	EXP 	line3: autoDraw = True
835.6130 	EXP 	line4: autoDraw = True
835.6175 	EXP 	fixation: autoDraw = False
836.6129 	INFO 	Keyboard events cleared
836.6128 	EXP 	probe: autoDraw = True
837.2307 	EXP 	Device response: <KeyPress from None: t=837.2288004579896, value=x, duration=None>
837.2313 	EXP 	New trial (rep=32, index=135): <Trial 135 (135 in rep 32) data={'pos': np.int64(50), 'corr_resp': 'c', 'thisN': 135, 'thisTrialN': 135, 'thisRepN': 32}>
837.2364 	EXP 	fixation: autoDraw = False
837.2364 	EXP 	line1: autoDraw = False
837.2364 	EXP 	line2: autoDraw = False
837.2364 	EXP 	line3: autoDraw = False
837.2364 	EXP 	line4: autoDraw = False
837.2364 	EXP 	probe: autoDraw = False
837.2364 	EXP 	fixation: autoDraw = True
837.2405 	DATA 	Keypress: x
837.3982 	EXP 	Device response: <KeyPress from None: t=837.2288004579896, value=x, duration=0.15624320800998248>
838.2293 	EXP 	line1: autoDraw = True
838.2293 	EXP 	line2: autoDraw = True
838.2293 	EXP 	line3: autoDraw = True
838.2293 	EXP 	line4: autoDraw = True
838.2335 	EXP 	fixation: autoDraw = False
839.2297 	INFO 	Keyboard events cleared
839.2295 	EXP 	probe: autoDraw = True
840.2473 	EXP 	Device response: <KeyPress from None: t=840.2427795830008, value=c, duration=None>
840.2479 	EXP 	New trial (rep=35, index=136): <Trial 136 (136 in rep 35) data={'pos': np.int64(150), 'corr_resp': 'v', 'thisN': 136, 'thisTrialN': 136, 'thisRepN': 35}>
840.2531 	EXP 	fixation: autoDraw = False
840.2531 	EXP 	line1: autoDraw = False
840.2531 	EXP 	line2: autoDraw = False
840.2531 	EXP 	line3: autoDraw = False
840.2531 	EXP 	line4: autoDraw = False
840.2531 	EXP 	probe: autoDraw = False
840.2531 	EXP 	fixation: autoDraw = True
840.2574 	DATA 	Keypress: c
840.3138 	EXP 	Device response: <KeyPress from None: t=840.2427795830008, value=c, duration=0.06437224999535829>
841.2460 	EXP 	line1: autoDraw = True
841.2460 	EXP 	line2: autoDraw = True
841.2460 	EXP 	line3: autoDraw = True
841.2460 	EXP 	line4: autoDraw = True
841.2508 	EXP 	fixation: autoDraw = False
842.2461 	INFO 	Keyboard events cleared
842.2460 	EXP 	probe: autoDraw = True
842.7190 	EXP 	Device response: <KeyPress from None: t=842.7156350000005, value=v, duration=None>
842.7195 	EXP 	New trial (rep=34, index=137): <Trial 137 (137 in rep 34) data={'pos': np.int64(-50), 'corr_resp': 'x', 'thisN': 137, 'thisTrialN': 137, 'thisRepN': 34}>
842.7249 	DATA 	Keypress: v
842.7292 	EXP 	fixation: autoDraw = False
842.7292 	EXP 	line1: autoDraw = False
842.7292 	EXP 	line2: autoDraw = False
842.7292 	EXP 	line3: autoDraw = False
842.7292 	EXP 	line4: autoDraw = False
842.7292 	EXP 	probe: autoDraw = False
842.7292 	EXP 	fixation: autoDraw = True
842.8640 	EXP 	Device response: <KeyPress from None: t=842.7156350000005, value=v, duration=0.14449995799805038>
843.7176 	EXP 	fixation: autoDraw = False
843.7176 	EXP 	line1: autoDraw = True
843.7176 	EXP 	line2: autoDraw = True
843.7176 	EXP 	line3: autoDraw = True
843.7176 	EXP 	line4: autoDraw = True
844.7183 	INFO 	Keyboard events cleared
844.7182 	EXP 	probe: autoDraw = True
845.1973 	EXP 	Device response: <KeyPress from None: t=845.1926639159938, value=x, duration=None>
845.1979 	EXP 	New trial (rep=36, index=138): <Trial 138 (138 in rep 36) data={'pos': np.int64(150), 'corr_resp': 'v', 'thisN': 138, 'thisTrialN': 138, 'thisRepN': 36}>
845.2027 	EXP 	fixation: autoDraw = False
845.2027 	EXP 	line1: autoDraw = False
845.2027 	EXP 	line2: autoDraw = False
845.2027 	EXP 	line3: autoDraw = False
845.2027 	EXP 	line4: autoDraw = False
845.2027 	EXP 	probe: autoDraw = False
845.2027 	EXP 	fixation: autoDraw = True
845.2072 	DATA 	Keypress: x
845.3473 	EXP 	Device response: <KeyPress from None: t=845.1926639159938, value=x, duration=0.14429170900257304>
846.1960 	EXP 	line1: autoDraw = True
846.1960 	EXP 	line2: autoDraw = True
846.1960 	EXP 	line3: autoDraw = True
846.1960 	EXP 	line4: autoDraw = True
846.2010 	EXP 	fixation: autoDraw = False
847.1961 	INFO 	Keyboard events cleared
847.1960 	EXP 	probe: autoDraw = True
847.9309 	EXP 	Device response: <KeyPress from None: t=847.9286124579958, value=v, duration=None>
847.9316 	EXP 	New trial (rep=37, index=139): <Trial 139 (139 in rep 37) data={'pos': np.int64(150), 'corr_resp': 'v', 'thisN': 139, 'thisTrialN': 139, 'thisRepN': 37}>
847.9367 	EXP 	fixation: autoDraw = False
847.9367 	EXP 	line1: autoDraw = False
847.9367 	EXP 	line2: autoDraw = False
847.9367 	EXP 	line3: autoDraw = False
847.9367 	EXP 	line4: autoDraw = False
847.9367 	EXP 	probe: autoDraw = False
847.9367 	EXP 	fixation: autoDraw = True
847.9408 	DATA 	Keypress: v
848.0847 	EXP 	Device response: <KeyPress from None: t=847.9286124579958, value=v, duration=0.15232029199250974>
848.9292 	EXP 	line1: autoDraw = True
848.9292 	EXP 	line2: autoDraw = True
848.9292 	EXP 	line3: autoDraw = True
848.9292 	EXP 	line4: autoDraw = True
848.9341 	EXP 	fixation: autoDraw = False
849.9295 	INFO 	Keyboard events cleared
849.9293 	EXP 	probe: autoDraw = True
850.4471 	EXP 	Device response: <KeyPress from None: t=850.4435274579882, value=v, duration=None>
850.4476 	EXP 	New trial (rep=34, index=140): <Trial 140 (140 in rep 34) data={'pos': np.int64(-150), 'corr_resp': 'z', 'thisN': 140, 'thisTrialN': 140, 'thisRepN': 34}>
850.4530 	DATA 	Keypress: v
850.4571 	EXP 	fixation: autoDraw = False
850.4571 	EXP 	line1: autoDraw = False
850.4571 	EXP 	line2: autoDraw = False
850.4571 	EXP 	line3: autoDraw = False
850.4571 	EXP 	line4: autoDraw = False
850.4571 	EXP 	probe: autoDraw = False
850.4571 	EXP 	fixation: autoDraw = True
850.6805 	EXP 	Device response: <KeyPress from None: t=850.4435274579882, value=v, duration=0.22413979200064205>
851.4460 	EXP 	line1: autoDraw = True
851.4460 	EXP 	line2: autoDraw = True
851.4460 	EXP 	line3: autoDraw = True
851.4460 	EXP 	line4: autoDraw = True
851.4509 	EXP 	fixation: autoDraw = False
852.4460 	INFO 	Keyboard events cleared
852.4459 	EXP 	probe: autoDraw = True
853.0635 	EXP 	Device response: <KeyPress from None: t=853.0554766249988, value=z, duration=None>
853.0641 	EXP 	New trial (rep=35, index=141): <Trial 141 (141 in rep 35) data={'pos': np.int64(-50), 'corr_resp': 'x', 'thisN': 141, 'thisTrialN': 141, 'thisRepN': 35}>
853.0698 	DATA 	Keypress: z
853.0739 	EXP 	fixation: autoDraw = False
853.0739 	EXP 	line1: autoDraw = False
853.0739 	EXP 	line2: autoDraw = False
853.0739 	EXP 	line3: autoDraw = False
853.0739 	EXP 	line4: autoDraw = False
853.0739 	EXP 	probe: autoDraw = False
853.0739 	EXP 	fixation: autoDraw = True
853.2189 	EXP 	Device response: <KeyPress from None: t=853.0554766249988, value=z, duration=0.1603202499973122>
854.0626 	EXP 	line1: autoDraw = True
854.0626 	EXP 	line2: autoDraw = True
854.0626 	EXP 	line3: autoDraw = True
854.0626 	EXP 	line4: autoDraw = True
854.0674 	EXP 	fixation: autoDraw = False
855.0627 	INFO 	Keyboard events cleared
855.0625 	EXP 	probe: autoDraw = True
855.5805 	EXP 	Device response: <KeyPress from None: t=855.575470374999, value=x, duration=None>
855.5811 	EXP 	New trial (rep=38, index=142): <Trial 142 (142 in rep 38) data={'pos': np.int64(150), 'corr_resp': 'v', 'thisN': 142, 'thisTrialN': 142, 'thisRepN': 38}>
855.5867 	DATA 	Keypress: x
855.5909 	EXP 	fixation: autoDraw = False
855.5909 	EXP 	line1: autoDraw = False
855.5909 	EXP 	line2: autoDraw = False
855.5909 	EXP 	line3: autoDraw = False
855.5909 	EXP 	line4: autoDraw = False
855.5909 	EXP 	probe: autoDraw = False
855.5909 	EXP 	fixation: autoDraw = True
855.7471 	EXP 	Device response: <KeyPress from None: t=855.575470374999, value=x, duration=0.16022987499309238>
856.5792 	EXP 	line1: autoDraw = True
856.5792 	EXP 	line2: autoDraw = True
856.5792 	EXP 	line3: autoDraw = True
856.5792 	EXP 	line4: autoDraw = True
856.5834 	EXP 	fixation: autoDraw = False
857.5794 	INFO 	Keyboard events cleared
857.5793 	EXP 	probe: autoDraw = True
859.2192 	EXP 	Device response: <KeyPress from None: t=859.2132959999872, value=v, duration=None>
859.2196 	EXP 	New trial (rep=36, index=143): <Trial 143 (143 in rep 36) data={'pos': np.int64(-50), 'corr_resp': 'x', 'thisN': 143, 'thisTrialN': 143, 'thisRepN': 36}>
859.2249 	DATA 	Keypress: v
859.2292 	EXP 	fixation: autoDraw = False
859.2292 	EXP 	line1: autoDraw = False
859.2292 	EXP 	line2: autoDraw = False
859.2292 	EXP 	line3: autoDraw = False
859.2292 	EXP 	line4: autoDraw = False
859.2292 	EXP 	probe: autoDraw = False
859.2292 	EXP 	fixation: autoDraw = True
859.3188 	EXP 	Device response: <KeyPress from None: t=859.2132959999872, value=v, duration=0.1003938750072848>
860.2175 	EXP 	fixation: autoDraw = False
860.2175 	EXP 	line1: autoDraw = True
860.2175 	EXP 	line2: autoDraw = True
860.2175 	EXP 	line3: autoDraw = True
860.2175 	EXP 	line4: autoDraw = True
861.2183 	INFO 	Keyboard events cleared
861.2181 	EXP 	probe: autoDraw = True
861.6305 	EXP 	Device response: <KeyPress from None: t=861.6242669159983, value=x, duration=None>
861.6313 	EXP 	New trial (rep=37, index=144): <Trial 144 (144 in rep 37) data={'pos': np.int64(-50), 'corr_resp': 'x', 'thisN': 144, 'thisTrialN': 144, 'thisRepN': 37}>
861.6371 	DATA 	Keypress: x
861.6413 	EXP 	fixation: autoDraw = False
861.6413 	EXP 	line1: autoDraw = False
861.6413 	EXP 	line2: autoDraw = False
861.6413 	EXP 	line3: autoDraw = False
861.6413 	EXP 	line4: autoDraw = False
861.6413 	EXP 	probe: autoDraw = False
861.6413 	EXP 	fixation: autoDraw = True
861.7470 	EXP 	Device response: <KeyPress from None: t=861.6242669159983, value=x, duration=0.11231879200204276>
862.6292 	EXP 	line1: autoDraw = True
862.6292 	EXP 	line2: autoDraw = True
862.6292 	EXP 	line3: autoDraw = True
862.6292 	EXP 	line4: autoDraw = True
862.6340 	EXP 	fixation: autoDraw = False
863.6293 	INFO 	Keyboard events cleared
863.6291 	EXP 	probe: autoDraw = True
864.0638 	EXP 	Device response: <KeyPress from None: t=864.0581692909909, value=x, duration=None>
864.0645 	EXP 	New trial (rep=38, index=145): <Trial 145 (145 in rep 38) data={'pos': np.int64(-50), 'corr_resp': 'x', 'thisN': 145, 'thisTrialN': 145, 'thisRepN': 38}>
864.0702 	DATA 	Keypress: x
864.0743 	EXP 	fixation: autoDraw = False
864.0743 	EXP 	line1: autoDraw = False
864.0743 	EXP 	line2: autoDraw = False
864.0743 	EXP 	line3: autoDraw = False
864.0743 	EXP 	line4: autoDraw = False
864.0743 	EXP 	probe: autoDraw = False
864.0743 	EXP 	fixation: autoDraw = True
864.1803 	EXP 	Device response: <KeyPress from None: t=864.0581692909909, value=x, duration=0.11639958400337491>
865.0625 	EXP 	line1: autoDraw = True
865.0625 	EXP 	line2: autoDraw = True
865.0625 	EXP 	line3: autoDraw = True
865.0625 	EXP 	line4: autoDraw = True
865.0673 	EXP 	fixation: autoDraw = False
866.0626 	INFO 	Keyboard events cleared
866.0624 	EXP 	probe: autoDraw = True
866.7139 	EXP 	Device response: <KeyPress from None: t=866.7100431250001, value=x, duration=None>
866.7148 	EXP 	New trial (rep=39, index=146): <Trial 146 (146 in rep 39) data={'pos': np.int64(150), 'corr_resp': 'v', 'thisN': 146, 'thisTrialN': 146, 'thisRepN': 39}>
866.7199 	EXP 	fixation: autoDraw = False
866.7199 	EXP 	line1: autoDraw = False
866.7199 	EXP 	line2: autoDraw = False
866.7199 	EXP 	line3: autoDraw = False
866.7199 	EXP 	line4: autoDraw = False
866.7199 	EXP 	probe: autoDraw = False
866.7199 	EXP 	fixation: autoDraw = True
866.7239 	DATA 	Keypress: x
866.8472 	EXP 	Device response: <KeyPress from None: t=866.7100431250001, value=x, duration=0.12431066599674523>
867.7126 	EXP 	line1: autoDraw = True
867.7126 	EXP 	line2: autoDraw = True
867.7126 	EXP 	line3: autoDraw = True
867.7126 	EXP 	line4: autoDraw = True
867.7175 	EXP 	fixation: autoDraw = False
868.7126 	INFO 	Keyboard events cleared
868.7124 	EXP 	probe: autoDraw = True
869.1135 	EXP 	Device response: <KeyPress from None: t=869.1020807909954, value=v, duration=None>
869.1141 	EXP 	New trial (rep=33, index=147): <Trial 147 (147 in rep 33) data={'pos': np.int64(50), 'corr_resp': 'c', 'thisN': 147, 'thisTrialN': 147, 'thisRepN': 33}>
869.1196 	DATA 	Keypress: v
869.1237 	EXP 	fixation: autoDraw = False
869.1237 	EXP 	line1: autoDraw = False
869.1237 	EXP 	line2: autoDraw = False
869.1237 	EXP 	line3: autoDraw = False
869.1237 	EXP 	line4: autoDraw = False
869.1237 	EXP 	probe: autoDraw = False
869.1237 	EXP 	fixation: autoDraw = True
869.2022 	EXP 	Device response: <KeyPress from None: t=869.1020807909954, value=v, duration=0.09626712500175927>
870.1124 	EXP 	line1: autoDraw = True
870.1124 	EXP 	line2: autoDraw = True
870.1124 	EXP 	line3: autoDraw = True
870.1124 	EXP 	line4: autoDraw = True
870.1173 	EXP 	fixation: autoDraw = False
871.1127 	INFO 	Keyboard events cleared
871.1125 	EXP 	probe: autoDraw = True
871.7188 	EXP 	Device response: <KeyPress from None: t=871.7139998329949, value=c, duration=None>
871.7192 	EXP 	New trial (rep=34, index=148): <Trial 148 (148 in rep 34) data={'pos': np.int64(50), 'corr_resp': 'c', 'thisN': 148, 'thisTrialN': 148, 'thisRepN': 34}>
871.7247 	DATA 	Keypress: c
871.7289 	EXP 	fixation: autoDraw = False
871.7289 	EXP 	line1: autoDraw = False
871.7289 	EXP 	line2: autoDraw = False
871.7289 	EXP 	line3: autoDraw = False
871.7289 	EXP 	line4: autoDraw = False
871.7289 	EXP 	probe: autoDraw = False
871.7289 	EXP 	fixation: autoDraw = True
871.8803 	EXP 	Device response: <KeyPress from None: t=871.7139998329949, value=c, duration=0.15634212500299327>
872.7171 	EXP 	fixation: autoDraw = False
872.7171 	EXP 	line1: autoDraw = True
872.7171 	EXP 	line2: autoDraw = True
872.7171 	EXP 	line3: autoDraw = True
872.7171 	EXP 	line4: autoDraw = True
873.7183 	INFO 	Keyboard events cleared
873.7182 	EXP 	probe: autoDraw = True
874.1470 	EXP 	Device response: <KeyPress from None: t=874.1410482079955, value=c, duration=None>
874.1477 	EXP 	New trial (rep=39, index=149): <Trial 149 (149 in rep 39) data={'pos': np.int64(-50), 'corr_resp': 'x', 'thisN': 149, 'thisTrialN': 149, 'thisRepN': 39}>
874.1532 	DATA 	Keypress: c
874.1573 	EXP 	fixation: autoDraw = False
874.1573 	EXP 	line1: autoDraw = False
874.1573 	EXP 	line2: autoDraw = False
874.1573 	EXP 	line3: autoDraw = False
874.1573 	EXP 	line4: autoDraw = False
874.1573 	EXP 	probe: autoDraw = False
874.1573 	EXP 	fixation: autoDraw = True
874.2680 	EXP 	Device response: <KeyPress from None: t=874.1410482079955, value=c, duration=0.12420954200206324>
875.1457 	EXP 	line1: autoDraw = True
875.1457 	EXP 	line2: autoDraw = True
875.1457 	EXP 	line3: autoDraw = True
875.1457 	EXP 	line4: autoDraw = True
875.1500 	EXP 	fixation: autoDraw = False
876.1460 	INFO 	Keyboard events cleared
876.1458 	EXP 	probe: autoDraw = True
876.5303 	EXP 	Device response: <KeyPress from None: t=876.5228889159916, value=x, duration=None>
876.5308 	EXP 	New trial (rep=35, index=150): <Trial 150 (150 in rep 35) data={'pos': np.int64(50), 'corr_resp': 'c', 'thisN': 150, 'thisTrialN': 150, 'thisRepN': 35}>
876.5362 	DATA 	Keypress: x
876.5403 	EXP 	fixation: autoDraw = False
876.5403 	EXP 	line1: autoDraw = False
876.5403 	EXP 	line2: autoDraw = False
876.5403 	EXP 	line3: autoDraw = False
876.5403 	EXP 	line4: autoDraw = False
876.5403 	EXP 	probe: autoDraw = False
876.5403 	EXP 	fixation: autoDraw = True
876.6970 	EXP 	Device response: <KeyPress from None: t=876.5228889159916, value=x, duration=0.16844845900777727>
877.5291 	EXP 	line1: autoDraw = True
877.5291 	EXP 	line2: autoDraw = True
877.5291 	EXP 	line3: autoDraw = True
877.5291 	EXP 	line4: autoDraw = True
877.5341 	EXP 	fixation: autoDraw = False
878.5293 	INFO 	Keyboard events cleared
878.5292 	EXP 	probe: autoDraw = True
878.9642 	EXP 	Device response: <KeyPress from None: t=878.9598434999934, value=c, duration=None>
878.9650 	EXP 	New trial (rep=35, index=151): <Trial 151 (151 in rep 35) data={'pos': np.int64(-150), 'corr_resp': 'z', 'thisN': 151, 'thisTrialN': 151, 'thisRepN': 35}>
878.9707 	DATA 	Keypress: c
878.9749 	EXP 	fixation: autoDraw = False
878.9749 	EXP 	line1: autoDraw = False
878.9749 	EXP 	line2: autoDraw = False
878.9749 	EXP 	line3: autoDraw = False
878.9749 	EXP 	line4: autoDraw = False
878.9749 	EXP 	probe: autoDraw = False
878.9749 	EXP 	fixation: autoDraw = True
879.0970 	EXP 	Device response: <KeyPress from None: t=878.9598434999934, value=c, duration=0.13238633300352376>
879.9621 	EXP 	line1: autoDraw = True
879.9621 	EXP 	line2: autoDraw = True
879.9621 	EXP 	line3: autoDraw = True
879.9621 	EXP 	line4: autoDraw = True
879.9667 	EXP 	fixation: autoDraw = False
880.9626 	INFO 	Keyboard events cleared
880.9625 	EXP 	probe: autoDraw = True
881.5691 	EXP 	Device response: <KeyPress from None: t=881.5677028329956, value=z, duration=None>
881.5695 	EXP 	New trial (rep=36, index=152): <Trial 152 (152 in rep 36) data={'pos': np.int64(-150), 'corr_resp': 'z', 'thisN': 152, 'thisTrialN': 152, 'thisRepN': 36}>
881.5750 	DATA 	Keypress: z
881.5791 	EXP 	fixation: autoDraw = False
881.5791 	EXP 	line1: autoDraw = False
881.5791 	EXP 	line2: autoDraw = False
881.5791 	EXP 	line3: autoDraw = False
881.5791 	EXP 	line4: autoDraw = False
881.5791 	EXP 	probe: autoDraw = False
881.5791 	EXP 	fixation: autoDraw = True
881.7638 	EXP 	Device response: <KeyPress from None: t=881.5677028329956, value=z, duration=0.19241804200282786>
882.5675 	EXP 	fixation: autoDraw = False
882.5675 	EXP 	line1: autoDraw = True
882.5675 	EXP 	line2: autoDraw = True
882.5675 	EXP 	line3: autoDraw = True
882.5675 	EXP 	line4: autoDraw = True
883.5686 	INFO 	Keyboard events cleared
883.5684 	EXP 	probe: autoDraw = True
884.0801 	EXP 	Device response: <KeyPress from None: t=884.0727941249934, value=z, duration=None>
884.0806 	EXP 	New trial (rep=37, index=153): <Trial 153 (153 in rep 37) data={'pos': np.int64(-150), 'corr_resp': 'z', 'thisN': 153, 'thisTrialN': 153, 'thisRepN': 37}>
884.0864 	DATA 	Keypress: z
884.0906 	EXP 	fixation: autoDraw = False
884.0906 	EXP 	line1: autoDraw = False
884.0906 	EXP 	line2: autoDraw = False
884.0906 	EXP 	line3: autoDraw = False
884.0906 	EXP 	line4: autoDraw = False
884.0906 	EXP 	probe: autoDraw = False
884.0906 	EXP 	fixation: autoDraw = True
884.2471 	EXP 	Device response: <KeyPress from None: t=884.0727941249934, value=z, duration=0.17221287499705795>
885.0790 	EXP 	line1: autoDraw = True
885.0790 	EXP 	line2: autoDraw = True
885.0790 	EXP 	line3: autoDraw = True
885.0790 	EXP 	line4: autoDraw = True
885.0834 	EXP 	fixation: autoDraw = False
886.0792 	INFO 	Keyboard events cleared
886.0790 	EXP 	probe: autoDraw = True
886.4969 	EXP 	Device response: <KeyPress from None: t=886.4916985409945, value=z, duration=None>
886.4975 	EXP 	New trial (rep=38, index=154): <Trial 154 (154 in rep 38) data={'pos': np.int64(-150), 'corr_resp': 'z', 'thisN': 154, 'thisTrialN': 154, 'thisRepN': 38}>
886.5027 	DATA 	Keypress: z
886.5068 	EXP 	fixation: autoDraw = False
886.5068 	EXP 	line1: autoDraw = False
886.5068 	EXP 	line2: autoDraw = False
886.5068 	EXP 	line3: autoDraw = False
886.5068 	EXP 	line4: autoDraw = False
886.5068 	EXP 	probe: autoDraw = False
886.5068 	EXP 	fixation: autoDraw = True
886.6681 	EXP 	Device response: <KeyPress from None: t=886.4916985409945, value=z, duration=0.17232433399476577>
887.4957 	EXP 	line1: autoDraw = True
887.4957 	EXP 	line2: autoDraw = True
887.4957 	EXP 	line3: autoDraw = True
887.4957 	EXP 	line4: autoDraw = True
887.5005 	EXP 	fixation: autoDraw = False
888.4959 	INFO 	Keyboard events cleared
888.4957 	EXP 	probe: autoDraw = True
888.9299 	EXP 	Device response: <KeyPress from None: t=888.9285294579895, value=z, duration=None>
888.9304 	EXP 	New trial (rep=40, index=155): <Trial 155 (155 in rep 40) data={'pos': np.int64(150), 'corr_resp': 'v', 'thisN': 155, 'thisTrialN': 155, 'thisRepN': 40}>
888.9354 	EXP 	fixation: autoDraw = False
888.9354 	EXP 	line1: autoDraw = False
888.9354 	EXP 	line2: autoDraw = False
888.9354 	EXP 	line3: autoDraw = False
888.9354 	EXP 	line4: autoDraw = False
888.9354 	EXP 	probe: autoDraw = False
888.9354 	EXP 	fixation: autoDraw = True
888.9402 	DATA 	Keypress: z
889.0515 	EXP 	Device response: <KeyPress from None: t=888.9285294579895, value=z, duration=0.12041570800647605>
889.9291 	EXP 	line1: autoDraw = True
889.9291 	EXP 	line2: autoDraw = True
889.9291 	EXP 	line3: autoDraw = True
889.9291 	EXP 	line4: autoDraw = True
889.9342 	EXP 	fixation: autoDraw = False
890.9291 	INFO 	Keyboard events cleared
890.9289 	EXP 	probe: autoDraw = True
891.3682 	EXP 	Device response: <KeyPress from None: t=891.3666108329926, value=v, duration=None>
891.3687 	EXP 	New trial (rep=41, index=156): <Trial 156 (156 in rep 41) data={'pos': np.int64(150), 'corr_resp': 'v', 'thisN': 156, 'thisTrialN': 156, 'thisRepN': 41}>
891.3742 	DATA 	Keypress: v
891.3785 	EXP 	fixation: autoDraw = False
891.3785 	EXP 	line1: autoDraw = False
891.3785 	EXP 	line2: autoDraw = False
891.3785 	EXP 	line3: autoDraw = False
891.3785 	EXP 	line4: autoDraw = False
891.3785 	EXP 	probe: autoDraw = False
891.3785 	EXP 	fixation: autoDraw = True
891.5185 	EXP 	Device response: <KeyPress from None: t=891.3666108329926, value=v, duration=0.14829458300664555>
892.3675 	EXP 	fixation: autoDraw = False
892.3675 	EXP 	line1: autoDraw = True
892.3675 	EXP 	line2: autoDraw = True
892.3675 	EXP 	line3: autoDraw = True
892.3675 	EXP 	line4: autoDraw = True
893.3686 	INFO 	Keyboard events cleared
893.3684 	EXP 	probe: autoDraw = True
893.7804 	EXP 	Device response: <KeyPress from None: t=893.7755824579945, value=v, duration=None>
893.7813 	EXP 	New trial (rep=42, index=157): <Trial 157 (157 in rep 42) data={'pos': np.int64(150), 'corr_resp': 'v', 'thisN': 157, 'thisTrialN': 157, 'thisRepN': 42}>
893.7865 	EXP 	fixation: autoDraw = False
893.7865 	EXP 	line1: autoDraw = False
893.7865 	EXP 	line2: autoDraw = False
893.7865 	EXP 	line3: autoDraw = False
893.7865 	EXP 	line4: autoDraw = False
893.7865 	EXP 	probe: autoDraw = False
893.7865 	EXP 	fixation: autoDraw = True
893.7906 	DATA 	Keypress: v
893.9635 	EXP 	Device response: <KeyPress from None: t=893.7755824579945, value=v, duration=0.1803671670058975>
894.7790 	EXP 	line1: autoDraw = True
894.7790 	EXP 	line2: autoDraw = True
894.7790 	EXP 	line3: autoDraw = True
894.7790 	EXP 	line4: autoDraw = True
894.7838 	EXP 	fixation: autoDraw = False
895.7791 	INFO 	Keyboard events cleared
895.7789 	EXP 	probe: autoDraw = True
896.1967 	EXP 	Device response: <KeyPress from None: t=896.1905884579901, value=v, duration=None>
896.1972 	EXP 	New trial (rep=39, index=158): <Trial 158 (158 in rep 39) data={'pos': np.int64(-150), 'corr_resp': 'z', 'thisN': 158, 'thisTrialN': 158, 'thisRepN': 39}>
896.2026 	DATA 	Keypress: v
896.2069 	EXP 	fixation: autoDraw = False
896.2069 	EXP 	line1: autoDraw = False
896.2069 	EXP 	line2: autoDraw = False
896.2069 	EXP 	line3: autoDraw = False
896.2069 	EXP 	line4: autoDraw = False
896.2069 	EXP 	probe: autoDraw = False
896.2069 	EXP 	fixation: autoDraw = True
896.3469 	EXP 	Device response: <KeyPress from None: t=896.1905884579901, value=v, duration=0.14421270800812636>
897.1956 	EXP 	line1: autoDraw = True
897.1956 	EXP 	line2: autoDraw = True
897.1956 	EXP 	line3: autoDraw = True
897.1956 	EXP 	line4: autoDraw = True
897.2003 	EXP 	fixation: autoDraw = False
898.1959 	INFO 	Keyboard events cleared
898.1957 	EXP 	probe: autoDraw = True
898.6304 	EXP 	Device response: <KeyPress from None: t=898.6204062909965, value=z, duration=None>
898.6310 	EXP 	New trial (rep=43, index=159): <Trial 159 (159 in rep 43) data={'pos': np.int64(150), 'corr_resp': 'v', 'thisN': 159, 'thisTrialN': 159, 'thisRepN': 43}>
898.6368 	DATA 	Keypress: z
898.6411 	EXP 	fixation: autoDraw = False
898.6411 	EXP 	line1: autoDraw = False
898.6411 	EXP 	line2: autoDraw = False
898.6411 	EXP 	line3: autoDraw = False
898.6411 	EXP 	line4: autoDraw = False
898.6411 	EXP 	probe: autoDraw = False
898.6411 	EXP 	fixation: autoDraw = True
898.7468 	EXP 	Device response: <KeyPress from None: t=898.6204062909965, value=z, duration=0.12422508400049992>
899.6291 	EXP 	line1: autoDraw = True
899.6291 	EXP 	line2: autoDraw = True
899.6291 	EXP 	line3: autoDraw = True
899.6291 	EXP 	line4: autoDraw = True
899.6338 	EXP 	fixation: autoDraw = False
900.6292 	INFO 	Keyboard events cleared
900.6290 	EXP 	probe: autoDraw = True
901.1135 	EXP 	Device response: <KeyPress from None: t=901.1064855409932, value=v, duration=None>
901.1141 	EXP 	New trial (rep=40, index=160): <Trial 160 (160 in rep 40) data={'pos': np.int64(-150), 'corr_resp': 'z', 'thisN': 160, 'thisTrialN': 160, 'thisRepN': 40}>
901.1199 	DATA 	Keypress: v
901.1240 	EXP 	fixation: autoDraw = False
901.1240 	EXP 	line1: autoDraw = False
901.1240 	EXP 	line2: autoDraw = False
901.1240 	EXP 	line3: autoDraw = False
901.1240 	EXP 	line4: autoDraw = False
901.1240 	EXP 	probe: autoDraw = False
901.1240 	EXP 	fixation: autoDraw = True
901.2345 	EXP 	Device response: <KeyPress from None: t=901.1064855409932, value=v, duration=0.12419820899958722>
902.1121 	EXP 	line1: autoDraw = True
902.1121 	EXP 	line2: autoDraw = True
902.1121 	EXP 	line3: autoDraw = True
902.1121 	EXP 	line4: autoDraw = True
902.1167 	EXP 	fixation: autoDraw = False
903.1123 	INFO 	Keyboard events cleared
903.1121 	EXP 	probe: autoDraw = True
903.5847 	EXP 	Device response: <KeyPress from None: t=903.5823058329988, value=z, duration=None>
903.5850 	EXP 	New trial (rep=40, index=161): <Trial 161 (161 in rep 40) data={'pos': np.int64(-50), 'corr_resp': 'x', 'thisN': 161, 'thisTrialN': 161, 'thisRepN': 40}>
903.5876 	DATA 	Keypress: z
903.5954 	EXP 	fixation: autoDraw = False
903.5954 	EXP 	line1: autoDraw = False
903.5954 	EXP 	line2: autoDraw = False
903.5954 	EXP 	line3: autoDraw = False
903.5954 	EXP 	line4: autoDraw = False
903.5954 	EXP 	probe: autoDraw = False
903.5954 	EXP 	fixation: autoDraw = True
903.7339 	EXP 	Device response: <KeyPress from None: t=903.5823058329988, value=z, duration=0.1482572499953676>
904.5787 	EXP 	line1: autoDraw = True
904.5787 	EXP 	line2: autoDraw = True
904.5787 	EXP 	line3: autoDraw = True
904.5787 	EXP 	line4: autoDraw = True
904.5831 	EXP 	fixation: autoDraw = False
905.5789 	INFO 	Keyboard events cleared
905.5788 	EXP 	probe: autoDraw = True
906.4135 	EXP 	Device response: <KeyPress from None: t=906.4062671659922, value=z, duration=None>
906.4140 	EXP 	New trial (rep=44, index=162): <Trial 162 (162 in rep 44) data={'pos': np.int64(150), 'corr_resp': 'v', 'thisN': 162, 'thisTrialN': 162, 'thisRepN': 44}>
906.4197 	DATA 	Keypress: z
906.4242 	EXP 	fixation: autoDraw = False
906.4242 	EXP 	line1: autoDraw = False
906.4242 	EXP 	line2: autoDraw = False
906.4242 	EXP 	line3: autoDraw = False
906.4242 	EXP 	line4: autoDraw = False
906.4242 	EXP 	probe: autoDraw = False
906.4242 	EXP 	fixation: autoDraw = True
906.4631 	EXP 	Device response: <KeyPress from None: t=906.4543074579997, value=x, duration=None>
906.4672 	DATA 	Keypress: x
906.5132 	EXP 	Device response: <KeyPress from None: t=906.4062671659922, value=z, duration=0.09998012500000186>
906.6841 	EXP 	Device response: <KeyPress from None: t=906.4543074579997, value=x, duration=0.2282169999962207>
907.4121 	EXP 	line1: autoDraw = True
907.4121 	EXP 	line2: autoDraw = True
907.4121 	EXP 	line3: autoDraw = True
907.4121 	EXP 	line4: autoDraw = True
907.4172 	EXP 	fixation: autoDraw = False
908.4123 	INFO 	Keyboard events cleared
908.4121 	EXP 	probe: autoDraw = True
908.8134 	EXP 	Device response: <KeyPress from None: t=908.8050851659937, value=v, duration=None>
908.8140 	EXP 	New trial (rep=41, index=163): <Trial 163 (163 in rep 41) data={'pos': np.int64(-50), 'corr_resp': 'x', 'thisN': 163, 'thisTrialN': 163, 'thisRepN': 41}>
908.8197 	DATA 	Keypress: v
908.8240 	EXP 	fixation: autoDraw = False
908.8240 	EXP 	line1: autoDraw = False
908.8240 	EXP 	line2: autoDraw = False
908.8240 	EXP 	line3: autoDraw = False
908.8240 	EXP 	line4: autoDraw = False
908.8240 	EXP 	probe: autoDraw = False
908.8240 	EXP 	fixation: autoDraw = True
908.9634 	EXP 	Device response: <KeyPress from None: t=908.8050851659937, value=v, duration=0.15242850000504404>
909.8120 	EXP 	line1: autoDraw = True
909.8120 	EXP 	line2: autoDraw = True
909.8120 	EXP 	line3: autoDraw = True
909.8120 	EXP 	line4: autoDraw = True
909.8164 	EXP 	fixation: autoDraw = False
910.8123 	INFO 	Keyboard events cleared
910.8121 	EXP 	probe: autoDraw = True
911.2352 	EXP 	Device response: <KeyPress from None: t=911.2301907079964, value=x, duration=None>
911.2356 	EXP 	New trial (rep=36, index=164): <Trial 164 (164 in rep 36) data={'pos': np.int64(50), 'corr_resp': 'c', 'thisN': 164, 'thisTrialN': 164, 'thisRepN': 36}>
911.2409 	DATA 	Keypress: x
911.2451 	EXP 	fixation: autoDraw = False
911.2451 	EXP 	line1: autoDraw = False
911.2451 	EXP 	line2: autoDraw = False
911.2451 	EXP 	line3: autoDraw = False
911.2451 	EXP 	line4: autoDraw = False
911.2451 	EXP 	probe: autoDraw = False
911.2451 	EXP 	fixation: autoDraw = True
911.3967 	EXP 	Device response: <KeyPress from None: t=911.2301907079964, value=x, duration=0.1562301249941811>
912.2337 	EXP 	fixation: autoDraw = False
912.2337 	EXP 	line1: autoDraw = True
912.2337 	EXP 	line2: autoDraw = True
912.2337 	EXP 	line3: autoDraw = True
912.2337 	EXP 	line4: autoDraw = True
913.2348 	INFO 	Keyboard events cleared
913.2346 	EXP 	probe: autoDraw = True
913.6187 	EXP 	Device response: <KeyPress from None: t=913.6130989999947, value=c, duration=None>
913.6191 	EXP 	New trial (rep=37, index=165): <Trial 165 (165 in rep 37) data={'pos': np.int64(50), 'corr_resp': 'c', 'thisN': 165, 'thisTrialN': 165, 'thisRepN': 37}>
913.6245 	DATA 	Keypress: c
913.6287 	EXP 	fixation: autoDraw = False
913.6287 	EXP 	line1: autoDraw = False
913.6287 	EXP 	line2: autoDraw = False
913.6287 	EXP 	line3: autoDraw = False
913.6287 	EXP 	line4: autoDraw = False
913.6287 	EXP 	probe: autoDraw = False
913.6287 	EXP 	fixation: autoDraw = True
913.7799 	EXP 	Device response: <KeyPress from None: t=913.6130989999947, value=c, duration=0.16426033299649134>
914.6170 	EXP 	fixation: autoDraw = False
914.6170 	EXP 	line1: autoDraw = True
914.6170 	EXP 	line2: autoDraw = True
914.6170 	EXP 	line3: autoDraw = True
914.6170 	EXP 	line4: autoDraw = True
915.6179 	INFO 	Keyboard events cleared
915.6177 	EXP 	probe: autoDraw = True
915.9802 	EXP 	Device response: <KeyPress from None: t=915.9780299159902, value=c, duration=None>
915.9809 	EXP 	New trial (rep=38, index=166): <Trial 166 (166 in rep 38) data={'pos': np.int64(50), 'corr_resp': 'c', 'thisN': 166, 'thisTrialN': 166, 'thisRepN': 38}>
915.9859 	EXP 	fixation: autoDraw = False
915.9859 	EXP 	line1: autoDraw = False
915.9859 	EXP 	line2: autoDraw = False
915.9859 	EXP 	line3: autoDraw = False
915.9859 	EXP 	line4: autoDraw = False
915.9859 	EXP 	probe: autoDraw = False
915.9859 	EXP 	fixation: autoDraw = True
915.9900 	DATA 	Keypress: c
916.1512 	EXP 	Device response: <KeyPress from None: t=915.9780299159902, value=c, duration=0.16835795900260564>
916.9786 	EXP 	line1: autoDraw = True
916.9786 	EXP 	line2: autoDraw = True
916.9786 	EXP 	line3: autoDraw = True
916.9786 	EXP 	line4: autoDraw = True
916.9831 	EXP 	fixation: autoDraw = False
917.9788 	INFO 	Keyboard events cleared
917.9787 	EXP 	probe: autoDraw = True
918.4468 	EXP 	Device response: <KeyPress from None: t=918.4366868329962, value=c, duration=None>
918.4474 	EXP 	New trial (rep=39, index=167): <Trial 167 (167 in rep 39) data={'pos': np.int64(50), 'corr_resp': 'c', 'thisN': 167, 'thisTrialN': 167, 'thisRepN': 39}>
918.4533 	DATA 	Keypress: c
918.4574 	EXP 	fixation: autoDraw = False
918.4574 	EXP 	line1: autoDraw = False
918.4574 	EXP 	line2: autoDraw = False
918.4574 	EXP 	line3: autoDraw = False
918.4574 	EXP 	line4: autoDraw = False
918.4574 	EXP 	probe: autoDraw = False
918.4574 	EXP 	fixation: autoDraw = True
918.6132 	EXP 	Device response: <KeyPress from None: t=918.4366868329962, value=c, duration=0.16756462499324698>
919.4453 	EXP 	line1: autoDraw = True
919.4453 	EXP 	line2: autoDraw = True
919.4453 	EXP 	line3: autoDraw = True
919.4453 	EXP 	line4: autoDraw = True
919.4498 	EXP 	fixation: autoDraw = False
920.4456 	INFO 	Keyboard events cleared
920.4454 	EXP 	probe: autoDraw = True
921.0298 	EXP 	Device response: <KeyPress from None: t=921.0269690409914, value=c, duration=None>
921.0304 	EXP 	New trial (rep=42, index=168): <Trial 168 (168 in rep 42) data={'pos': np.int64(-50), 'corr_resp': 'x', 'thisN': 168, 'thisTrialN': 168, 'thisRepN': 42}>
921.0354 	EXP 	fixation: autoDraw = False
921.0354 	EXP 	line1: autoDraw = False
921.0354 	EXP 	line2: autoDraw = False
921.0354 	EXP 	line3: autoDraw = False
921.0354 	EXP 	line4: autoDraw = False
921.0354 	EXP 	probe: autoDraw = False
921.0354 	EXP 	fixation: autoDraw = True
921.0394 	DATA 	Keypress: c
921.1508 	EXP 	Device response: <KeyPress from None: t=921.0269690409914, value=c, duration=0.12031779199605808>
922.0287 	EXP 	line1: autoDraw = True
922.0287 	EXP 	line2: autoDraw = True
922.0287 	EXP 	line3: autoDraw = True
922.0287 	EXP 	line4: autoDraw = True
922.0339 	EXP 	fixation: autoDraw = False
923.0288 	INFO 	Keyboard events cleared
923.0286 	EXP 	probe: autoDraw = True
923.3966 	EXP 	Device response: <KeyPress from None: t=923.3900009999925, value=x, duration=None>
923.3972 	EXP 	New trial (rep=41, index=169): <Trial 169 (169 in rep 41) data={'pos': np.int64(-150), 'corr_resp': 'z', 'thisN': 169, 'thisTrialN': 169, 'thisRepN': 41}>
923.4027 	DATA 	Keypress: x
923.4069 	EXP 	fixation: autoDraw = False
923.4069 	EXP 	line1: autoDraw = False
923.4069 	EXP 	line2: autoDraw = False
923.4069 	EXP 	line3: autoDraw = False
923.4069 	EXP 	line4: autoDraw = False
923.4069 	EXP 	probe: autoDraw = False
923.4069 	EXP 	fixation: autoDraw = True
923.5464 	EXP 	Device response: <KeyPress from None: t=923.3900009999925, value=x, duration=0.1522212080017198>
924.3953 	EXP 	line1: autoDraw = True
924.3953 	EXP 	line2: autoDraw = True
924.3953 	EXP 	line3: autoDraw = True
924.3953 	EXP 	line4: autoDraw = True
924.4002 	EXP 	fixation: autoDraw = False
925.3954 	INFO 	Keyboard events cleared
925.3952 	EXP 	probe: autoDraw = True
925.9131 	EXP 	Device response: <KeyPress from None: t=925.9038358329999, value=z, duration=None>
925.9137 	EXP 	New trial (rep=42, index=170): <Trial 170 (170 in rep 42) data={'pos': np.int64(-150), 'corr_resp': 'z', 'thisN': 170, 'thisTrialN': 170, 'thisRepN': 42}>
925.9194 	DATA 	Keypress: z
925.9236 	EXP 	fixation: autoDraw = False
925.9236 	EXP 	line1: autoDraw = False
925.9236 	EXP 	line2: autoDraw = False
925.9236 	EXP 	line3: autoDraw = False
925.9236 	EXP 	line4: autoDraw = False
925.9236 	EXP 	probe: autoDraw = False
925.9236 	EXP 	fixation: autoDraw = True
926.1298 	EXP 	Device response: <KeyPress from None: t=925.9038358329999, value=z, duration=0.22023649999755435>
926.9119 	EXP 	line1: autoDraw = True
926.9119 	EXP 	line2: autoDraw = True
926.9119 	EXP 	line3: autoDraw = True
926.9119 	EXP 	line4: autoDraw = True
926.9167 	EXP 	fixation: autoDraw = False
927.9122 	INFO 	Keyboard events cleared
927.9120 	EXP 	probe: autoDraw = True
928.3632 	EXP 	Device response: <KeyPress from None: t=928.3527961660002, value=z, duration=None>
928.3639 	EXP 	New trial (rep=40, index=171): <Trial 171 (171 in rep 40) data={'pos': np.int64(50), 'corr_resp': 'c', 'thisN': 171, 'thisTrialN': 171, 'thisRepN': 40}>
928.3697 	DATA 	Keypress: z
928.3740 	EXP 	fixation: autoDraw = False
928.3740 	EXP 	line1: autoDraw = False
928.3740 	EXP 	line2: autoDraw = False
928.3740 	EXP 	line3: autoDraw = False
928.3740 	EXP 	line4: autoDraw = False
928.3740 	EXP 	probe: autoDraw = False
928.3740 	EXP 	fixation: autoDraw = True
928.5298 	EXP 	Device response: <KeyPress from None: t=928.3527961660002, value=z, duration=0.16426737498841248>
929.3619 	EXP 	line1: autoDraw = True
929.3619 	EXP 	line2: autoDraw = True
929.3619 	EXP 	line3: autoDraw = True
929.3619 	EXP 	line4: autoDraw = True
929.3670 	EXP 	fixation: autoDraw = False
930.3622 	INFO 	Keyboard events cleared
930.3620 	EXP 	probe: autoDraw = True
930.7298 	EXP 	Device response: <KeyPress from None: t=930.722811249987, value=c, duration=None>
930.7305 	EXP 	New trial (rep=43, index=172): <Trial 172 (172 in rep 43) data={'pos': np.int64(-50), 'corr_resp': 'x', 'thisN': 172, 'thisTrialN': 172, 'thisRepN': 43}>
930.7365 	DATA 	Keypress: c
930.7406 	EXP 	fixation: autoDraw = False
930.7406 	EXP 	line1: autoDraw = False
930.7406 	EXP 	line2: autoDraw = False
930.7406 	EXP 	line3: autoDraw = False
930.7406 	EXP 	line4: autoDraw = False
930.7406 	EXP 	probe: autoDraw = False
930.7406 	EXP 	fixation: autoDraw = True
930.9010 	EXP 	Device response: <KeyPress from None: t=930.722811249987, value=c, duration=0.17620458301098552>
931.7285 	EXP 	line1: autoDraw = True
931.7285 	EXP 	line2: autoDraw = True
931.7285 	EXP 	line3: autoDraw = True
931.7285 	EXP 	line4: autoDraw = True
931.7335 	EXP 	fixation: autoDraw = False
932.7289 	INFO 	Keyboard events cleared
932.7287 	EXP 	probe: autoDraw = True
933.0632 	EXP 	Device response: <KeyPress from None: t=933.0516564999998, value=x, duration=None>
933.0638 	EXP 	New trial (rep=44, index=173): <Trial 173 (173 in rep 44) data={'pos': np.int64(-50), 'corr_resp': 'x', 'thisN': 173, 'thisTrialN': 173, 'thisRepN': 44}>
933.0696 	DATA 	Keypress: x
933.0739 	EXP 	fixation: autoDraw = False
933.0739 	EXP 	line1: autoDraw = False
933.0739 	EXP 	line2: autoDraw = False
933.0739 	EXP 	line3: autoDraw = False
933.0739 	EXP 	line4: autoDraw = False
933.0739 	EXP 	probe: autoDraw = False
933.0739 	EXP 	fixation: autoDraw = True
933.2131 	EXP 	Device response: <KeyPress from None: t=933.0516564999998, value=x, duration=0.1482724159868667>
934.0619 	EXP 	line1: autoDraw = True
934.0619 	EXP 	line2: autoDraw = True
934.0619 	EXP 	line3: autoDraw = True
934.0619 	EXP 	line4: autoDraw = True
934.0665 	EXP 	fixation: autoDraw = False
935.0622 	INFO 	Keyboard events cleared
935.0620 	EXP 	probe: autoDraw = True
935.4464 	EXP 	Device response: <KeyPress from None: t=935.4445670409914, value=x, duration=None>
935.4469 	EXP 	New trial (rep=43, index=174): <Trial 174 (174 in rep 43) data={'pos': np.int64(-150), 'corr_resp': 'z', 'thisN': 174, 'thisTrialN': 174, 'thisRepN': 43}>
935.4519 	EXP 	fixation: autoDraw = False
935.4519 	EXP 	line1: autoDraw = False
935.4519 	EXP 	line2: autoDraw = False
935.4519 	EXP 	line3: autoDraw = False
935.4519 	EXP 	line4: autoDraw = False
935.4519 	EXP 	probe: autoDraw = False
935.4519 	EXP 	fixation: autoDraw = True
935.4560 	DATA 	Keypress: x
935.5842 	EXP 	Device response: <KeyPress from None: t=935.4445670409914, value=x, duration=0.13631899999745656>
936.4453 	EXP 	line1: autoDraw = True
936.4453 	EXP 	line2: autoDraw = True
936.4453 	EXP 	line3: autoDraw = True
936.4453 	EXP 	line4: autoDraw = True
936.4500 	EXP 	fixation: autoDraw = False
937.4453 	INFO 	Keyboard events cleared
937.4451 	EXP 	probe: autoDraw = True
937.9803 	EXP 	Device response: <KeyPress from None: t=937.9684096659912, value=z, duration=None>
937.9811 	EXP 	New trial (rep=44, index=175): <Trial 175 (175 in rep 44) data={'pos': np.int64(-150), 'corr_resp': 'z', 'thisN': 175, 'thisTrialN': 175, 'thisRepN': 44}>
937.9865 	DATA 	Keypress: z
937.9907 	EXP 	fixation: autoDraw = False
937.9907 	EXP 	line1: autoDraw = False
937.9907 	EXP 	line2: autoDraw = False
937.9907 	EXP 	line3: autoDraw = False
937.9907 	EXP 	line4: autoDraw = False
937.9907 	EXP 	probe: autoDraw = False
937.9907 	EXP 	fixation: autoDraw = True
938.1176 	EXP 	Device response: <KeyPress from None: t=937.9684096659912, value=z, duration=0.14443041699996684>
938.9785 	EXP 	line1: autoDraw = True
938.9785 	EXP 	line2: autoDraw = True
938.9785 	EXP 	line3: autoDraw = True
938.9785 	EXP 	line4: autoDraw = True
938.9834 	EXP 	fixation: autoDraw = False
939.9787 	INFO 	Keyboard events cleared
939.9786 	EXP 	probe: autoDraw = True
940.4344 	EXP 	Device response: <KeyPress from None: t=940.4294784159865, value=z, duration=None>
940.4349 	EXP 	New trial (rep=41, index=176): <Trial 176 (176 in rep 41) data={'pos': np.int64(50), 'corr_resp': 'c', 'thisN': 176, 'thisTrialN': 176, 'thisRepN': 41}>
940.4404 	DATA 	Keypress: z
940.4445 	EXP 	fixation: autoDraw = False
940.4445 	EXP 	line1: autoDraw = False
940.4445 	EXP 	line2: autoDraw = False
940.4445 	EXP 	line3: autoDraw = False
940.4445 	EXP 	line4: autoDraw = False
940.4445 	EXP 	probe: autoDraw = False
940.4445 	EXP 	fixation: autoDraw = True
940.5964 	EXP 	Device response: <KeyPress from None: t=940.4294784159865, value=z, duration=0.15631812500942033>
941.4341 	EXP 	fixation: autoDraw = False
941.4341 	EXP 	line1: autoDraw = True
941.4341 	EXP 	line2: autoDraw = True
941.4341 	EXP 	line3: autoDraw = True
941.4341 	EXP 	line4: autoDraw = True
942.4344 	INFO 	Keyboard events cleared
942.4342 	EXP 	probe: autoDraw = True
942.9131 	EXP 	Device response: <KeyPress from None: t=942.9014547499974, value=c, duration=None>
942.9138 	EXP 	New trial (rep=45, index=177): <Trial 177 (177 in rep 45) data={'pos': np.int64(-150), 'corr_resp': 'z', 'thisN': 177, 'thisTrialN': 177, 'thisRepN': 45}>
942.9194 	DATA 	Keypress: c
942.9236 	EXP 	fixation: autoDraw = False
942.9236 	EXP 	line1: autoDraw = False
942.9236 	EXP 	line2: autoDraw = False
942.9236 	EXP 	line3: autoDraw = False
942.9236 	EXP 	line4: autoDraw = False
942.9236 	EXP 	probe: autoDraw = False
942.9236 	EXP 	fixation: autoDraw = True
943.0797 	EXP 	Device response: <KeyPress from None: t=942.9014547499974, value=c, duration=0.16825954099476803>
943.9117 	EXP 	line1: autoDraw = True
943.9117 	EXP 	line2: autoDraw = True
943.9117 	EXP 	line3: autoDraw = True
943.9117 	EXP 	line4: autoDraw = True
943.9165 	EXP 	fixation: autoDraw = False
944.9119 	INFO 	Keyboard events cleared
944.9117 	EXP 	probe: autoDraw = True
945.4131 	EXP 	Device response: <KeyPress from None: t=945.410423082998, value=z, duration=None>
945.4137 	EXP 	New trial (rep=42, index=178): <Trial 178 (178 in rep 42) data={'pos': np.int64(50), 'corr_resp': 'c', 'thisN': 178, 'thisTrialN': 178, 'thisRepN': 42}>
945.4186 	EXP 	fixation: autoDraw = False
945.4186 	EXP 	line1: autoDraw = False
945.4186 	EXP 	line2: autoDraw = False
945.4186 	EXP 	line3: autoDraw = False
945.4186 	EXP 	line4: autoDraw = False
945.4186 	EXP 	probe: autoDraw = False
945.4186 	EXP 	fixation: autoDraw = True
945.4228 	DATA 	Keypress: z
945.6129 	EXP 	Device response: <KeyPress from None: t=945.410423082998, value=z, duration=0.196365916999639>
946.4118 	EXP 	line1: autoDraw = True
946.4118 	EXP 	line2: autoDraw = True
946.4118 	EXP 	line3: autoDraw = True
946.4118 	EXP 	line4: autoDraw = True
946.4167 	EXP 	fixation: autoDraw = False
947.4118 	INFO 	Keyboard events cleared
947.4116 	EXP 	probe: autoDraw = True
948.0128 	EXP 	Device response: <KeyPress from None: t=948.0041912909946, value=c, duration=None>
948.0133 	EXP 	New trial (rep=45, index=179): <Trial 179 (179 in rep 45) data={'pos': np.int64(-50), 'corr_resp': 'x', 'thisN': 179, 'thisTrialN': 179, 'thisRepN': 45}>
948.0185 	DATA 	Keypress: c
948.0228 	EXP 	fixation: autoDraw = False
948.0228 	EXP 	line1: autoDraw = False
948.0228 	EXP 	line2: autoDraw = False
948.0228 	EXP 	line3: autoDraw = False
948.0228 	EXP 	line4: autoDraw = False
948.0228 	EXP 	probe: autoDraw = False
948.0228 	EXP 	fixation: autoDraw = True
948.2130 	EXP 	Device response: <KeyPress from None: t=948.0041912909946, value=c, duration=0.19638279199716635>
949.0118 	EXP 	line1: autoDraw = True
949.0118 	EXP 	line2: autoDraw = True
949.0118 	EXP 	line3: autoDraw = True
949.0118 	EXP 	line4: autoDraw = True
949.0167 	EXP 	fixation: autoDraw = False
950.0119 	INFO 	Keyboard events cleared
950.0117 	EXP 	probe: autoDraw = True
950.7838 	EXP 	Device response: <KeyPress from None: t=950.7792321659945, value=x, duration=None>
950.7842 	EXP 	New trial (rep=43, index=180): <Trial 180 (180 in rep 43) data={'pos': np.int64(50), 'corr_resp': 'c', 'thisN': 180, 'thisTrialN': 180, 'thisRepN': 43}>
950.7889 	DATA 	Keypress: x
950.7940 	EXP 	fixation: autoDraw = False
950.7940 	EXP 	line1: autoDraw = False
950.7940 	EXP 	line2: autoDraw = False
950.7940 	EXP 	line3: autoDraw = False
950.7940 	EXP 	line4: autoDraw = False
950.7940 	EXP 	probe: autoDraw = False
950.7940 	EXP 	fixation: autoDraw = True
950.8514 	EXP 	Device response: <KeyPress from None: t=950.7792321659945, value=x, duration=0.06820504200004507>
951.7836 	EXP 	fixation: autoDraw = False
951.7836 	EXP 	line1: autoDraw = True
951.7836 	EXP 	line2: autoDraw = True
951.7836 	EXP 	line3: autoDraw = True
951.7836 	EXP 	line4: autoDraw = True
952.7785 	INFO 	Keyboard events cleared
952.7783 	EXP 	probe: autoDraw = True
953.3293 	EXP 	Device response: <KeyPress from None: t=953.3211893330008, value=c, duration=None>
953.3298 	EXP 	New trial (rep=44, index=181): <Trial 181 (181 in rep 44) data={'pos': np.int64(50), 'corr_resp': 'c', 'thisN': 181, 'thisTrialN': 181, 'thisRepN': 44}>
953.3353 	DATA 	Keypress: c
953.3395 	EXP 	fixation: autoDraw = False
953.3395 	EXP 	line1: autoDraw = False
953.3395 	EXP 	line2: autoDraw = False
953.3395 	EXP 	line3: autoDraw = False
953.3395 	EXP 	line4: autoDraw = False
953.3395 	EXP 	probe: autoDraw = False
953.3395 	EXP 	fixation: autoDraw = True
953.4297 	EXP 	Device response: <KeyPress from None: t=953.3211893330008, value=c, duration=0.1044120419974206>
954.3285 	EXP 	line1: autoDraw = True
954.3285 	EXP 	line2: autoDraw = True
954.3285 	EXP 	line3: autoDraw = True
954.3285 	EXP 	line4: autoDraw = True
954.3332 	EXP 	fixation: autoDraw = False
955.3285 	INFO 	Keyboard events cleared
955.3284 	EXP 	probe: autoDraw = True
955.6678 	EXP 	Device response: <KeyPress from None: t=955.6641413749894, value=c, duration=None>
955.6682 	EXP 	New trial (rep=46, index=182): <Trial 182 (182 in rep 46) data={'pos': np.int64(-50), 'corr_resp': 'x', 'thisN': 182, 'thisTrialN': 182, 'thisRepN': 46}>
955.6741 	DATA 	Keypress: c
955.6782 	EXP 	fixation: autoDraw = False
955.6782 	EXP 	line1: autoDraw = False
955.6782 	EXP 	line2: autoDraw = False
955.6782 	EXP 	line3: autoDraw = False
955.6782 	EXP 	line4: autoDraw = False
955.6782 	EXP 	probe: autoDraw = False
955.6782 	EXP 	fixation: autoDraw = True
955.8510 	EXP 	Device response: <KeyPress from None: t=955.6641413749894, value=c, duration=0.1842272500070976>
956.6669 	EXP 	fixation: autoDraw = False
956.6669 	EXP 	line1: autoDraw = True
956.6669 	EXP 	line2: autoDraw = True
956.6669 	EXP 	line3: autoDraw = True
956.6669 	EXP 	line4: autoDraw = True
957.6677 	INFO 	Keyboard events cleared
957.6675 	EXP 	probe: autoDraw = True
958.2793 	EXP 	Device response: <KeyPress from None: t=958.2700787079957, value=c, duration=None>
958.2799 	EXP 	New trial (rep=45, index=183): <Trial 183 (183 in rep 45) data={'pos': np.int64(50), 'corr_resp': 'c', 'thisN': 183, 'thisTrialN': 183, 'thisRepN': 45}>
958.2852 	DATA 	Keypress: c
958.2893 	EXP 	fixation: autoDraw = False
958.2893 	EXP 	line1: autoDraw = False
958.2893 	EXP 	line2: autoDraw = False
958.2893 	EXP 	line3: autoDraw = False
958.2893 	EXP 	line4: autoDraw = False
958.2893 	EXP 	probe: autoDraw = False
958.2893 	EXP 	fixation: autoDraw = True
958.3126 	EXP 	Device response: <KeyPress from None: t=958.3061608329881, value=x, duration=None>
958.3156 	DATA 	Keypress: x
958.3959 	EXP 	Device response: <KeyPress from None: t=958.2700787079957, value=c, duration=0.12005762499757111>
958.4503 	EXP 	Device response: <KeyPress from None: t=958.3061608329881, value=x, duration=0.14020624999830034>
959.2782 	EXP 	line1: autoDraw = True
959.2782 	EXP 	line2: autoDraw = True
959.2782 	EXP 	line3: autoDraw = True
959.2782 	EXP 	line4: autoDraw = True
959.2823 	EXP 	fixation: autoDraw = False
960.2786 	INFO 	Keyboard events cleared
960.2784 	EXP 	probe: autoDraw = True
960.6521 	EXP 	Device response: <KeyPress from None: t=960.6490010829875, value=c, duration=None>
960.6525 	EXP 	New trial (rep=46, index=184): <Trial 184 (184 in rep 46) data={'pos': np.int64(50), 'corr_resp': 'c', 'thisN': 184, 'thisTrialN': 184, 'thisRepN': 46}>
960.6582 	DATA 	Keypress: c
960.6650 	EXP 	fixation: autoDraw = False
960.6650 	EXP 	line1: autoDraw = False
960.6650 	EXP 	line2: autoDraw = False
960.6650 	EXP 	line3: autoDraw = False
960.6650 	EXP 	line4: autoDraw = False
960.6650 	EXP 	probe: autoDraw = False
960.6650 	EXP 	fixation: autoDraw = True
960.8119 	EXP 	Device response: <KeyPress from None: t=960.6490010829875, value=c, duration=0.15242512500844896>
961.6507 	EXP 	line1: autoDraw = True
961.6507 	EXP 	line2: autoDraw = True
961.6507 	EXP 	line3: autoDraw = True
961.6507 	EXP 	line4: autoDraw = True
961.6617 	EXP 	fixation: autoDraw = False
962.6512 	INFO 	Keyboard events cleared
962.6510 	EXP 	probe: autoDraw = True
963.1466 	EXP 	Device response: <KeyPress from None: t=963.1400397909892, value=c, duration=None>
963.1473 	EXP 	New trial (rep=47, index=185): <Trial 185 (185 in rep 47) data={'pos': np.int64(-50), 'corr_resp': 'x', 'thisN': 185, 'thisTrialN': 185, 'thisRepN': 47}>
963.1532 	DATA 	Keypress: c
963.1575 	EXP 	fixation: autoDraw = False
963.1575 	EXP 	line1: autoDraw = False
963.1575 	EXP 	line2: autoDraw = False
963.1575 	EXP 	line3: autoDraw = False
963.1575 	EXP 	line4: autoDraw = False
963.1575 	EXP 	probe: autoDraw = False
963.1575 	EXP 	fixation: autoDraw = True
963.3020 	EXP 	Device response: <KeyPress from None: t=963.1400397909892, value=c, duration=0.15628558400203474>
964.1449 	EXP 	line1: autoDraw = True
964.1449 	EXP 	line2: autoDraw = True
964.1449 	EXP 	line3: autoDraw = True
964.1449 	EXP 	line4: autoDraw = True
964.1497 	EXP 	fixation: autoDraw = False
965.1450 	INFO 	Keyboard events cleared
965.1449 	EXP 	probe: autoDraw = True
965.5021 	EXP 	Device response: <KeyPress from None: t=965.4968337079918, value=x, duration=None>
965.5025 	EXP 	New trial (rep=45, index=186): <Trial 186 (186 in rep 45) data={'pos': np.int64(150), 'corr_resp': 'v', 'thisN': 186, 'thisTrialN': 186, 'thisRepN': 45}>
965.5082 	DATA 	Keypress: x
965.5152 	EXP 	fixation: autoDraw = False
965.5152 	EXP 	line1: autoDraw = False
965.5152 	EXP 	line2: autoDraw = False
965.5152 	EXP 	line3: autoDraw = False
965.5152 	EXP 	line4: autoDraw = False
965.5152 	EXP 	probe: autoDraw = False
965.5152 	EXP 	fixation: autoDraw = True
965.6630 	EXP 	Device response: <KeyPress from None: t=965.4968337079918, value=x, duration=0.1564044999977341>
966.5003 	EXP 	line1: autoDraw = True
966.5003 	EXP 	line2: autoDraw = True
966.5003 	EXP 	line3: autoDraw = True
966.5003 	EXP 	line4: autoDraw = True
966.5118 	EXP 	fixation: autoDraw = False
967.5000 	INFO 	Keyboard events cleared
967.4999 	EXP 	probe: autoDraw = True
968.0463 	EXP 	Device response: <KeyPress from None: t=968.0408725829911, value=v, duration=None>
968.0470 	EXP 	New trial (rep=47, index=187): <Trial 187 (187 in rep 47) data={'pos': np.int64(50), 'corr_resp': 'c', 'thisN': 187, 'thisTrialN': 187, 'thisRepN': 47}>
968.0529 	DATA 	Keypress: v
968.0572 	EXP 	fixation: autoDraw = False
968.0572 	EXP 	line1: autoDraw = False
968.0572 	EXP 	line2: autoDraw = False
968.0572 	EXP 	line3: autoDraw = False
968.0572 	EXP 	line4: autoDraw = False
968.0572 	EXP 	probe: autoDraw = False
968.0572 	EXP 	fixation: autoDraw = True
968.1627 	EXP 	Device response: <KeyPress from None: t=968.0408725829911, value=v, duration=0.1202934169996297>
969.0449 	EXP 	line1: autoDraw = True
969.0449 	EXP 	line2: autoDraw = True
969.0449 	EXP 	line3: autoDraw = True
969.0449 	EXP 	line4: autoDraw = True
969.0494 	EXP 	fixation: autoDraw = False
970.0452 	INFO 	Keyboard events cleared
970.0450 	EXP 	probe: autoDraw = True
970.4340 	EXP 	Device response: <KeyPress from None: t=970.4297579159902, value=c, duration=None>
970.4344 	EXP 	New trial (rep=46, index=188): <Trial 188 (188 in rep 46) data={'pos': np.int64(-150), 'corr_resp': 'z', 'thisN': 188, 'thisTrialN': 188, 'thisRepN': 46}>
970.4399 	DATA 	Keypress: c
970.4443 	EXP 	fixation: autoDraw = False
970.4443 	EXP 	line1: autoDraw = False
970.4443 	EXP 	line2: autoDraw = False
970.4443 	EXP 	line3: autoDraw = False
970.4443 	EXP 	line4: autoDraw = False
970.4443 	EXP 	probe: autoDraw = False
970.4443 	EXP 	fixation: autoDraw = True
970.5672 	EXP 	Device response: <KeyPress from None: t=970.4297579159902, value=c, duration=0.13639645899820607>
971.4335 	EXP 	fixation: autoDraw = False
971.4335 	EXP 	line1: autoDraw = True
971.4335 	EXP 	line2: autoDraw = True
971.4335 	EXP 	line3: autoDraw = True
971.4335 	EXP 	line4: autoDraw = True
972.4342 	INFO 	Keyboard events cleared
972.4340 	EXP 	probe: autoDraw = True
972.9625 	EXP 	Device response: <KeyPress from None: t=972.9547332079965, value=z, duration=None>
972.9632 	EXP 	New trial (rep=46, index=189): <Trial 189 (189 in rep 46) data={'pos': np.int64(150), 'corr_resp': 'v', 'thisN': 189, 'thisTrialN': 189, 'thisRepN': 46}>
972.9688 	DATA 	Keypress: z
972.9728 	EXP 	fixation: autoDraw = False
972.9728 	EXP 	line1: autoDraw = False
972.9728 	EXP 	line2: autoDraw = False
972.9728 	EXP 	line3: autoDraw = False
972.9728 	EXP 	line4: autoDraw = False
972.9728 	EXP 	probe: autoDraw = False
972.9728 	EXP 	fixation: autoDraw = True
973.1007 	EXP 	Device response: <KeyPress from None: t=972.9547332079965, value=z, duration=0.14032316699740477>
973.9615 	EXP 	line1: autoDraw = True
973.9615 	EXP 	line2: autoDraw = True
973.9615 	EXP 	line3: autoDraw = True
973.9615 	EXP 	line4: autoDraw = True
973.9664 	EXP 	fixation: autoDraw = False
974.9617 	INFO 	Keyboard events cleared
974.9615 	EXP 	probe: autoDraw = True
975.4125 	EXP 	Device response: <KeyPress from None: t=975.4096847909968, value=v, duration=None>
975.4130 	EXP 	New trial (rep=47, index=190): <Trial 190 (190 in rep 47) data={'pos': np.int64(-150), 'corr_resp': 'z', 'thisN': 190, 'thisTrialN': 190, 'thisRepN': 47}>
975.4178 	EXP 	fixation: autoDraw = False
975.4178 	EXP 	line1: autoDraw = False
975.4178 	EXP 	line2: autoDraw = False
975.4178 	EXP 	line3: autoDraw = False
975.4178 	EXP 	line4: autoDraw = False
975.4178 	EXP 	probe: autoDraw = False
975.4178 	EXP 	fixation: autoDraw = True
975.4217 	DATA 	Keypress: v
975.5792 	EXP 	Device response: <KeyPress from None: t=975.4096847909968, value=v, duration=0.16025954199722037>
976.4113 	EXP 	line1: autoDraw = True
976.4113 	EXP 	line2: autoDraw = True
976.4113 	EXP 	line3: autoDraw = True
976.4113 	EXP 	line4: autoDraw = True
976.4154 	EXP 	fixation: autoDraw = False
977.4116 	INFO 	Keyboard events cleared
977.4115 	EXP 	probe: autoDraw = True
977.7961 	EXP 	Device response: <KeyPress from None: t=977.7926449160004, value=z, duration=None>
977.7967 	EXP 	New trial (rep=47, index=191): <Trial 191 (191 in rep 47) data={'pos': np.int64(150), 'corr_resp': 'v', 'thisN': 191, 'thisTrialN': 191, 'thisRepN': 47}>
977.8020 	EXP 	fixation: autoDraw = False
977.8020 	EXP 	line1: autoDraw = False
977.8020 	EXP 	line2: autoDraw = False
977.8020 	EXP 	line3: autoDraw = False
977.8020 	EXP 	line4: autoDraw = False
977.8020 	EXP 	probe: autoDraw = False
977.8020 	EXP 	fixation: autoDraw = True
977.8060 	DATA 	Keypress: z
977.9126 	EXP 	Device response: <KeyPress from None: t=977.7926449160004, value=z, duration=0.10831670899642631>
978.7948 	EXP 	line1: autoDraw = True
978.7948 	EXP 	line2: autoDraw = True
978.7948 	EXP 	line3: autoDraw = True
978.7948 	EXP 	line4: autoDraw = True
978.7995 	EXP 	fixation: autoDraw = False
979.7951 	INFO 	Keyboard events cleared
979.7949 	EXP 	probe: autoDraw = True
980.1685 	EXP 	Device response: <KeyPress from None: t=980.1655586249981, value=c, duration=None>
980.1689 	EXP 	New trial (rep=48, index=192): <Trial 192 (192 in rep 48) data={'pos': np.int64(50), 'corr_resp': 'c', 'thisN': 192, 'thisTrialN': 192, 'thisRepN': 48}>
980.1744 	DATA 	Keypress: c
980.1953 	EXP 	fixation: autoDraw = False
980.1953 	EXP 	line1: autoDraw = False
980.1953 	EXP 	line2: autoDraw = False
980.1953 	EXP 	line3: autoDraw = False
980.1953 	EXP 	line4: autoDraw = False
980.1953 	EXP 	probe: autoDraw = False
980.1953 	EXP 	fixation: autoDraw = True
980.2794 	EXP 	Device response: <KeyPress from None: t=980.1655586249981, value=c, duration=0.11223783298919443>
980.4292 	EXP 	Device response: <KeyPress from None: t=980.4245214580005, value=v, duration=None>
980.4371 	DATA 	Keypress: v
980.6338 	EXP 	Device response: <KeyPress from None: t=980.4245214580005, value=v, duration=0.208315166993998>
981.1680 	EXP 	line1: autoDraw = True
981.1680 	EXP 	line2: autoDraw = True
981.1680 	EXP 	line3: autoDraw = True
981.1680 	EXP 	line4: autoDraw = True
981.1829 	EXP 	fixation: autoDraw = False
982.1677 	INFO 	Keyboard events cleared
982.1675 	EXP 	probe: autoDraw = True
982.7625 	EXP 	Device response: <KeyPress from None: t=982.7614963749947, value=c, duration=None>
982.7630 	EXP 	New trial (rep=48, index=193): <Trial 193 (193 in rep 48) data={'pos': np.int64(150), 'corr_resp': 'v', 'thisN': 193, 'thisTrialN': 193, 'thisRepN': 48}>
982.7684 	EXP 	fixation: autoDraw = False
982.7684 	EXP 	line1: autoDraw = False
982.7684 	EXP 	line2: autoDraw = False
982.7684 	EXP 	line3: autoDraw = False
982.7684 	EXP 	line4: autoDraw = False
982.7684 	EXP 	probe: autoDraw = False
982.7684 	EXP 	fixation: autoDraw = True
982.7727 	DATA 	Keypress: c
982.9295 	EXP 	Device response: <KeyPress from None: t=982.7614963749947, value=c, duration=0.1643429579999065>
983.7614 	EXP 	line1: autoDraw = True
983.7614 	EXP 	line2: autoDraw = True
983.7614 	EXP 	line3: autoDraw = True
983.7614 	EXP 	line4: autoDraw = True
983.7660 	EXP 	fixation: autoDraw = False
984.7617 	INFO 	Keyboard events cleared
984.7615 	EXP 	probe: autoDraw = True
985.1624 	EXP 	Device response: <KeyPress from None: t=985.161451707987, value=v, duration=None>
985.1630 	EXP 	New trial (rep=48, index=194): <Trial 194 (194 in rep 48) data={'pos': np.int64(-50), 'corr_resp': 'x', 'thisN': 194, 'thisTrialN': 194, 'thisRepN': 48}>
985.1685 	EXP 	fixation: autoDraw = False
985.1685 	EXP 	line1: autoDraw = False
985.1685 	EXP 	line2: autoDraw = False
985.1685 	EXP 	line3: autoDraw = False
985.1685 	EXP 	line4: autoDraw = False
985.1685 	EXP 	probe: autoDraw = False
985.1685 	EXP 	fixation: autoDraw = True
985.1725 	DATA 	Keypress: v
985.3676 	EXP 	Device response: <KeyPress from None: t=985.161451707987, value=v, duration=0.20035841700155288>
986.1615 	EXP 	line1: autoDraw = True
986.1615 	EXP 	line2: autoDraw = True
986.1615 	EXP 	line3: autoDraw = True
986.1615 	EXP 	line4: autoDraw = True
986.1669 	EXP 	fixation: autoDraw = False
987.1618 	INFO 	Keyboard events cleared
987.1616 	EXP 	probe: autoDraw = True
987.8129 	EXP 	Device response: <KeyPress from None: t=987.8055066659872, value=x, duration=None>
987.8136 	EXP 	New trial (rep=48, index=195): <Trial 195 (195 in rep 48) data={'pos': np.int64(-150), 'corr_resp': 'z', 'thisN': 195, 'thisTrialN': 195, 'thisRepN': 48}>
987.8194 	DATA 	Keypress: x
987.8236 	EXP 	fixation: autoDraw = False
987.8236 	EXP 	line1: autoDraw = False
987.8236 	EXP 	line2: autoDraw = False
987.8236 	EXP 	line3: autoDraw = False
987.8236 	EXP 	line4: autoDraw = False
987.8236 	EXP 	probe: autoDraw = False
987.8236 	EXP 	fixation: autoDraw = True
987.9295 	EXP 	Device response: <KeyPress from None: t=987.8055066659872, value=x, duration=0.11212712500127964>
988.8113 	EXP 	line1: autoDraw = True
988.8113 	EXP 	line2: autoDraw = True
988.8113 	EXP 	line3: autoDraw = True
988.8113 	EXP 	line4: autoDraw = True
988.8156 	EXP 	fixation: autoDraw = False
989.8116 	INFO 	Keyboard events cleared
989.8114 	EXP 	probe: autoDraw = True
990.2124 	EXP 	Device response: <KeyPress from None: t=990.2063881249924, value=z, duration=None>
990.2129 	EXP 	New trial (rep=49, index=196): <Trial 196 (196 in rep 49) data={'pos': np.int64(-150), 'corr_resp': 'z', 'thisN': 196, 'thisTrialN': 196, 'thisRepN': 49}>
990.2183 	DATA 	Keypress: z
990.2224 	EXP 	fixation: autoDraw = False
990.2224 	EXP 	line1: autoDraw = False
990.2224 	EXP 	line2: autoDraw = False
990.2224 	EXP 	line3: autoDraw = False
990.2224 	EXP 	line4: autoDraw = False
990.2224 	EXP 	probe: autoDraw = False
990.2224 	EXP 	fixation: autoDraw = True
990.3839 	EXP 	Device response: <KeyPress from None: t=990.2063881249924, value=z, duration=0.17215199999918696>
991.2113 	EXP 	line1: autoDraw = True
991.2113 	EXP 	line2: autoDraw = True
991.2113 	EXP 	line3: autoDraw = True
991.2113 	EXP 	line4: autoDraw = True
991.2159 	EXP 	fixation: autoDraw = False
992.2116 	INFO 	Keyboard events cleared
992.2114 	EXP 	probe: autoDraw = True
992.6127 	EXP 	Device response: <KeyPress from None: t=992.6041777499922, value=z, duration=None>
992.6133 	EXP 	New trial (rep=49, index=197): <Trial 197 (197 in rep 49) data={'pos': np.int64(-50), 'corr_resp': 'x', 'thisN': 197, 'thisTrialN': 197, 'thisRepN': 49}>
992.6193 	DATA 	Keypress: z
992.6235 	EXP 	fixation: autoDraw = False
992.6235 	EXP 	line1: autoDraw = False
992.6235 	EXP 	line2: autoDraw = False
992.6235 	EXP 	line3: autoDraw = False
992.6235 	EXP 	line4: autoDraw = False
992.6235 	EXP 	probe: autoDraw = False
992.6235 	EXP 	fixation: autoDraw = True
992.7624 	EXP 	Device response: <KeyPress from None: t=992.6041777499922, value=z, duration=0.15644299999985378>
993.6113 	EXP 	line1: autoDraw = True
993.6113 	EXP 	line2: autoDraw = True
993.6113 	EXP 	line3: autoDraw = True
993.6113 	EXP 	line4: autoDraw = True
993.6157 	EXP 	fixation: autoDraw = False
994.6114 	INFO 	Keyboard events cleared
994.6112 	EXP 	probe: autoDraw = True
995.1846 	EXP 	Device response: <KeyPress from None: t=995.1792414999945, value=x, duration=None>
995.1850 	EXP 	New trial (rep=49, index=198): <Trial 198 (198 in rep 49) data={'pos': np.int64(50), 'corr_resp': 'c', 'thisN': 198, 'thisTrialN': 198, 'thisRepN': 49}>
995.1905 	DATA 	Keypress: x
995.1947 	EXP 	fixation: autoDraw = False
995.1947 	EXP 	line1: autoDraw = False
995.1947 	EXP 	line2: autoDraw = False
995.1947 	EXP 	line3: autoDraw = False
995.1947 	EXP 	line4: autoDraw = False
995.1947 	EXP 	probe: autoDraw = False
995.1947 	EXP 	fixation: autoDraw = True
995.3337 	EXP 	Device response: <KeyPress from None: t=995.1792414999945, value=x, duration=0.15227754099760205>
996.1829 	EXP 	fixation: autoDraw = False
996.1829 	EXP 	line1: autoDraw = True
996.1829 	EXP 	line2: autoDraw = True
996.1829 	EXP 	line3: autoDraw = True
996.1829 	EXP 	line4: autoDraw = True
997.1841 	INFO 	Keyboard events cleared
997.1839 	EXP 	probe: autoDraw = True
997.9126 	EXP 	Device response: <KeyPress from None: t=997.9062262909865, value=c, duration=None>
997.9133 	EXP 	New trial (rep=49, index=199): <Trial 199 (199 in rep 49) data={'pos': np.int64(150), 'corr_resp': 'v', 'thisN': 199, 'thisTrialN': 199, 'thisRepN': 49}>
997.9187 	DATA 	Keypress: c
997.9229 	EXP 	fixation: autoDraw = False
997.9229 	EXP 	line1: autoDraw = False
997.9229 	EXP 	line2: autoDraw = False
997.9229 	EXP 	line3: autoDraw = False
997.9229 	EXP 	line4: autoDraw = False
997.9229 	EXP 	probe: autoDraw = False
997.9229 	EXP 	fixation: autoDraw = True
998.0836 	EXP 	Device response: <KeyPress from None: t=997.9062262909865, value=c, duration=0.1721271670103306>
998.9113 	EXP 	line1: autoDraw = True
998.9113 	EXP 	line2: autoDraw = True
998.9113 	EXP 	line3: autoDraw = True
998.9113 	EXP 	line4: autoDraw = True
998.9159 	EXP 	fixation: autoDraw = False
999.9115 	INFO 	Keyboard events cleared
999.9113 	EXP 	probe: autoDraw = True
1000.3291 	EXP 	Device response: <KeyPress from None: t=1000.3251425829949, value=v, duration=None>
1000.3333 	EXP 	fixation: autoDraw = False
1000.3333 	EXP 	line1: autoDraw = False
1000.3333 	EXP 	line2: autoDraw = False
1000.3333 	EXP 	line3: autoDraw = False
1000.3333 	EXP 	line4: autoDraw = False
1000.3333 	EXP 	probe: autoDraw = False
1000.3335 	EXP 	Motor Sequential Learning: status = STOPPED
1000.4373 	INFO 	saved data to '/Users/vineesmacbook/Desktop/PsychoPy/Motor Sequential Learning/data/04_Motor Sequential Learning_2025-10-03_09h16.01.881.csv'
1000.4416 	INFO 	saved data to /Users/vineesmacbook/Desktop/PsychoPy/Motor Sequential Learning/data/04_Motor Sequential Learning_2025-10-03_09h16.01.881.psydat
1000.4430 	DATA 	Keypress: v
1000.5583 	WARNING 	Stopping key buffers but this could be dangerous ifother keyboards rely on the same.
1000.5584 	WARNING 	Stopping key buffers but this could be dangerous ifother keyboards rely on the same.
