pos,corr_resp,thisN,thisTrialN,thisRepN,key_resp.keys,key_resp.corr,key_resp.rt,key_resp.duration,trials.thisRepN,trials.thisTrialN,trials.thisN,trials.thisIndex,trials_2.thisRepN,trials_2.thisTrialN,trials_2.thisN,trials_2.thisIndex,thisRow.t,notes,trial.started,fixation.started,line1.started,line2.started,line3.started,line4.started,fixation.stopped,probe.started,key_resp.started,trial.stopped,trials.key_resp.keys,trials.key_resp.corr,trials.key_resp.rt,trials.key_resp.duration,trials_2.key_resp.keys,trials_2.key_resp.corr,trials_2.key_resp.rt,trials_2.key_resp.duration,participant,session,date,expName,expVersion,psychopyVersion,frameRate,expStart,
-50,x,0,0,0,x,1,1.0235279170010472,None,0,0,0,0,,,,,0.02301466699282173,,0.016842583994730376,0.02301466699282173,0.9991326669987757,0.9991326669987757,0.9991326669987757,0.9991326669987757,1.0200928339909296,1.990617834002478,1.990617834002478,3.2041574169998057,x,1,1.0235279170010472,None,,,,,05,001,2025-10-03_09h33.40.480,Motor Sequential Learning,,2025.1.1,None,2025-10-03 09h33.50.581054 +0530,
150,v,1,1,0,v,1,0.5586932080041151,None,0,1,1,1,,,,,3.211145833993214,,3.2044179999938933,3.211145833993214,4.199605792004149,4.199605792004149,4.199605792004149,4.199605792004149,4.204210541996872,5.199554624996381,5.199554624996381,5.767801541995141,v,1,0.5586932080041151,None,,,,,05,001,2025-10-03_09h33.40.480,Motor Sequential Learning,,2025.1.1,None,2025-10-03 09h33.50.581054 +0530,
50,c,2,2,0,c,1,0.7797212080040481,None,0,2,2,2,,,,,5.777536708992557,,5.768643041999894,5.777536708992557,6.766289541992592,6.766289541992592,6.766289541992592,6.766289541992592,6.7711132090043975,7.766335624997737,7.766335624997737,8.551037625002209,c,1,0.7797212080040481,None,,,,,05,001,2025-10-03_09h33.40.480,Motor Sequential Learning,,2025.1.1,None,2025-10-03 09h33.50.581054 +0530,
-150,z,3,3,0,z,1,0.6724389999872074,None,0,3,3,3,,,,,8.555854416990769,,8.55183554199175,8.555854416990769,9.549622042002738,9.549622042002738,9.549622042002738,9.549622042002738,9.554512417002115,10.549518959000125,10.549518959000125,11.234503500003484,z,1,0.6724389999872074,None,,,,,05,001,2025-10-03_09h33.40.480,Motor Sequential Learning,,2025.1.1,None,2025-10-03 09h33.50.581054 +0530,
-50,x,4,0,1,x,1,0.6261141669965582,None,1,0,4,0,,,,,11.243621417001123,,11.235372291994281,11.243621417001123,12.232773458992597,12.232773458992597,12.232773458992597,12.232773458992597,12.237219709000783,13.232858709001448,13.232858709001448,13.867315041992697,x,1,0.6261141669965582,None,,,,,05,001,2025-10-03_09h33.40.480,Motor Sequential Learning,,2025.1.1,None,2025-10-03 09h33.50.581054 +0530,
150,v,5,1,1,v,1,0.5449426249979297,None,1,1,5,1,,,,,13.875793500003056,,13.867935000002035,13.875793500003056,14.866005292002228,14.866005292002228,14.866005292002228,14.866005292002228,14.870085083995946,15.866080167004839,15.866080167004839,16.417583874994307,v,1,0.5449426249979297,None,,,,,05,001,2025-10-03_09h33.40.480,Motor Sequential Learning,,2025.1.1,None,2025-10-03 09h33.50.581054 +0530,
50,c,6,2,1,c,1,0.5216242919996148,None,1,2,6,2,,,,,16.426484208990587,,16.418344584002625,16.426484208990587,17.41608708399872,17.41608708399872,17.41608708399872,17.41608708399872,17.420316834002733,18.41618808399653,18.41618808399653,18.950755333993584,c,1,0.5216242919996148,None,,,,,05,001,2025-10-03_09h33.40.480,Motor Sequential Learning,,2025.1.1,None,2025-10-03 09h33.50.581054 +0530,
-150,z,7,3,1,z,1,0.5484074160049204,None,1,3,7,3,,,,,18.959594959000242,,18.951353583994205,18.959594959000242,19.949464083998464,19.949464083998464,19.949464083998464,19.949464083998464,19.954016083996976,20.949357167002745,20.949357167002745,21.5006814590015,z,1,0.5484074160049204,None,,,,,05,001,2025-10-03_09h33.40.480,Motor Sequential Learning,,2025.1.1,None,2025-10-03 09h33.50.581054 +0530,
-50,x,8,0,2,x,1,0.5453039170097327,None,2,0,8,0,,,,,21.505844583996804,,21.501622916999622,21.505844583996804,22.4993457919918,22.4993457919918,22.4993457919918,22.4993457919918,22.503730416996405,23.499485749998712,23.499485749998712,24.050714625002,x,1,0.5453039170097327,None,,,,,05,001,2025-10-03_09h33.40.480,Motor Sequential Learning,,2025.1.1,None,2025-10-03 09h33.50.581054 +0530,
150,v,9,1,2,v,1,0.4341187919926597,None,2,1,9,1,,,,,24.059813749991008,,24.051532500001485,24.059813749991008,25.04944083400187,25.04944083400187,25.04944083400187,25.04944083400187,25.054276541995932,26.04950383400137,26.04950383400137,26.489373333999538,v,1,0.4341187919926597,None,,,,,05,001,2025-10-03_09h33.40.480,Motor Sequential Learning,,2025.1.1,None,2025-10-03 09h33.50.581054 +0530,
50,c,10,2,2,c,1,0.5700834169983864,None,2,2,10,2,,,,,26.49848229199415,,26.489844458992593,26.49848229199415,27.487741709002876,27.487741709002876,27.487741709002876,27.487741709002876,27.487741709002876,28.488503999993554,28.488503999993554,29.0676012920012,c,1,0.5700834169983864,None,,,,,05,001,2025-10-03_09h33.40.480,Motor Sequential Learning,,2025.1.1,None,2025-10-03 09h33.50.581054 +0530,
-150,z,11,3,2,z,1,0.4732378750049975,None,2,3,11,3,,,,,29.077178042003652,,29.068451874991297,29.077178042003652,30.06603020899638,30.06603020899638,30.06603020899638,30.06603020899638,30.070362083992222,31.06616029200086,31.06616029200086,31.551360375000513,z,1,0.4732378750049975,None,,,,,05,001,2025-10-03_09h33.40.480,Motor Sequential Learning,,2025.1.1,None,2025-10-03 09h33.50.581054 +0530,
-50,x,12,0,3,x,1,0.6480273750057677,None,3,0,12,0,,,,,31.561173791997135,,31.55243233399233,31.561173791997135,32.54935470900091,32.54935470900091,32.54935470900091,32.54935470900091,32.553974750000634,33.54948912499822,33.54948912499822,34.20088245900115,x,1,0.6480273750057677,None,,,,,05,001,2025-10-03_09h33.40.480,Motor Sequential Learning,,2025.1.1,None,2025-10-03 09h33.50.581054 +0530,
150,v,13,1,3,v,1,0.5200029999978142,None,3,1,13,1,,,,,34.20594054200046,,34.20172362499579,34.20594054200046,35.19927270899643,35.19927270899643,35.19927270899643,35.19927270899643,35.20342762499058,36.199333875003504,36.199333875003504,36.72214024999994,v,1,0.5200029999978142,None,,,,,05,001,2025-10-03_09h33.40.480,Motor Sequential Learning,,2025.1.1,None,2025-10-03 09h33.50.581054 +0530,
50,c,14,2,3,c,1,0.783806708001066,None,3,2,14,2,,,,,36.73173050000332,,36.722638124992955,36.73173050000332,37.72066737500427,37.72066737500427,37.72066737500427,37.72066737500427,37.72066737500427,38.72152062499663,38.72152062499663,39.5171277920017,c,1,0.783806708001066,None,,,,,05,001,2025-10-03_09h33.40.480,Motor Sequential Learning,,2025.1.1,None,2025-10-03 09h33.50.581054 +0530,
-150,z,15,3,3,z,1,0.4732027090067277,None,3,3,15,3,,,,,39.52606562500296,,39.51781258400297,39.52606562500296,40.515857709004194,40.515857709004194,40.515857709004194,40.515857709004194,40.52013316699595,41.51597229199251,41.51597229199251,42.001003083991236,z,1,0.4732027090067277,None,,,,,05,001,2025-10-03_09h33.40.480,Motor Sequential Learning,,2025.1.1,None,2025-10-03 09h33.50.581054 +0530,
-50,x,16,0,4,x,1,0.5780689590028487,None,4,0,16,0,,,,,42.010494916990865,,42.0019158340001,42.010494916990865,42.99916099999973,42.99916099999973,42.99916099999973,42.99916099999973,43.00362387500354,43.99927329199272,43.99927329199272,44.584174208997865,x,1,0.5780689590028487,None,,,,,05,001,2025-10-03_09h33.40.480,Motor Sequential Learning,,2025.1.1,None,2025-10-03 09h33.50.581054 +0530,
150,v,17,1,4,v,1,0.448681249996298,None,4,1,17,1,,,,,44.59348399999726,,44.58497866700054,44.59348399999726,45.582382874999894,45.582382874999894,45.582382874999894,45.582382874999894,45.5864282919938,46.5825312090019,46.5825312090019,47.03402658399136,v,1,0.448681249996298,None,,,,,05,001,2025-10-03_09h33.40.480,Motor Sequential Learning,,2025.1.1,None,2025-10-03 09h33.50.581054 +0530,
50,c,18,2,4,c,1,0.5945412910077721,None,4,2,18,2,,,,,47.0390027090034,,47.034641791993636,47.0390027090034,48.03274112500367,48.03274112500367,48.03274112500367,48.03274112500367,48.0374222919927,49.03258733400435,49.03258733400435,49.634439917004784,c,1,0.5945412910077721,None,,,,,05,001,2025-10-03_09h33.40.480,Motor Sequential Learning,,2025.1.1,None,2025-10-03 09h33.50.581054 +0530,
-150,z,19,3,4,z,1,0.5507523749984102,None,4,3,19,3,,,,,49.6440935839928,,49.63556270899426,49.6440935839928,50.6325211670046,50.6325211670046,50.6325211670046,50.6325211670046,50.63687516699429,51.63238562499464,51.63238562499464,52.188995834003435,z,1,0.5507523749984102,None,,,,,05,001,2025-10-03_09h33.40.480,Motor Sequential Learning,,2025.1.1,None,2025-10-03 09h33.50.581054 +0530,
-50,x,20,0,5,x,1,0.6063351670018164,None,5,0,20,0,,,,,52.19822083399049,,52.18948408399592,52.19822083399049,53.18733008399431,53.18733008399431,53.18733008399431,53.18733008399431,53.18733008399431,54.18884854199132,54.18884854199132,54.80070137500297,x,1,0.6063351670018164,None,,,,,05,001,2025-10-03_09h33.40.480,Motor Sequential Learning,,2025.1.1,None,2025-10-03 09h33.50.581054 +0530,
150,v,21,1,5,v,1,0.43480750000162516,None,5,1,21,1,,,,,54.81007391700405,,54.80159166699741,54.81007391700405,55.79895895899972,55.79895895899972,55.79895895899972,55.79895895899972,55.80323912500171,56.79904225000064,56.79904225000064,57.24013345899584,v,1,0.43480750000162516,None,,,,,05,001,2025-10-03_09h33.40.480,Motor Sequential Learning,,2025.1.1,None,2025-10-03 09h33.50.581054 +0530,
50,c,22,2,5,c,1,0.4116329590033274,None,5,2,22,2,,,,,57.248848791990895,,57.240603750004084,57.248848791990895,58.23754570899473,58.23754570899473,58.23754570899473,58.23754570899473,58.23754570899473,59.238131874997634,59.238131874997634,59.656134749995545,c,1,0.4116329590033274,None,,,,,05,001,2025-10-03_09h33.40.480,Motor Sequential Learning,,2025.1.1,None,2025-10-03 09h33.50.581054 +0530,
-150,z,23,3,5,z,1,0.5150270830054069,None,5,3,23,3,,,,,59.665011916993535,,59.656617417000234,59.665011916993535,60.65396191699256,60.65396191699256,60.65396191699256,60.65396191699256,60.65396191699256,61.654711333991145,61.654711333991145,62.17200441699242,z,1,0.5150270830054069,None,,,,,05,001,2025-10-03_09h33.40.480,Motor Sequential Learning,,2025.1.1,None,2025-10-03 09h33.50.581054 +0530,
-50,x,24,0,6,x,1,0.5709227499901317,None,6,0,24,0,,,,,62.18157549999887,,62.17249104200164,62.18157549999887,63.170404874996166,63.170404874996166,63.170404874996166,63.170404874996166,63.170404874996166,64.17187145899516,64.17187145899516,64.75062587499269,x,1,0.5709227499901317,None,,,,,05,001,2025-10-03_09h33.40.480,Motor Sequential Learning,,2025.1.1,None,2025-10-03 09h33.50.581054 +0530,
150,v,25,1,6,v,1,0.3376543330086861,None,6,1,25,1,,,,,64.75994312499824,,64.75133391699637,64.75994312499824,65.74903774999257,65.74903774999257,65.74903774999257,65.74903774999257,65.75379708399123,66.74894454199239,66.74894454199239,67.0885397499951,v,1,0.3376543330086861,None,,,,,05,001,2025-10-03_09h33.40.480,Motor Sequential Learning,,2025.1.1,None,2025-10-03 09h33.50.581054 +0530,
50,c,26,2,6,c,1,0.49271745899750385,None,6,2,26,2,,,,,67.09822200000053,,67.0890281250031,67.09822200000053,68.08751229199697,68.08751229199697,68.08751229199697,68.08751229199697,68.08751229199697,69.08792879199609,69.08792879199609,69.58397558399884,c,1,0.49271745899750385,None,,,,,05,001,2025-10-03_09h33.40.480,Motor Sequential Learning,,2025.1.1,None,2025-10-03 09h33.50.581054 +0530,
-150,z,27,3,6,z,1,0.4933571249857778,None,6,3,27,3,,,,,69.58956979199138,,69.58492387499427,69.58956979199138,70.58231495899963,70.58231495899963,70.58231495899963,70.58231495899963,70.58641620900016,71.58220562500355,71.58220562500355,72.08358908399532,z,1,0.4933571249857778,None,,,,,05,001,2025-10-03_09h33.40.480,Motor Sequential Learning,,2025.1.1,None,2025-10-03 09h33.50.581054 +0530,
-50,x,28,0,7,x,1,0.6051893340045353,None,7,0,28,0,,,,,72.09296329200151,,72.08434708400455,72.09296329200151,73.08222966699395,73.08222966699395,73.08222966699395,73.08222966699395,73.0866114590026,74.08216566700139,74.08216566700139,74.68908899999224,x,1,0.6051893340045353,None,,,,,05,001,2025-10-03_09h33.40.480,Motor Sequential Learning,,2025.1.1,None,2025-10-03 09h33.50.581054 +0530,
150,v,29,1,7,v,1,0.4497232499998063,None,7,1,29,1,,,,,74.69850108399987,,74.68958550000389,74.69850108399987,75.68734141699679,75.68734141699679,75.68734141699679,75.68734141699679,75.68734141699679,76.68779645899485,76.68779645899485,77.13944087499112,v,1,0.4497232499998063,None,,,,,05,001,2025-10-03_09h33.40.480,Motor Sequential Learning,,2025.1.1,None,2025-10-03 09h33.50.581054 +0530,
50,c,30,2,7,c,1,0.5975317499978701,None,7,2,30,2,,,,,77.14885949999734,,77.13992245899863,77.14885949999734,78.13748000000487,78.13748000000487,78.13748000000487,78.13748000000487,78.13748000000487,79.13790554199659,79.13790554199659,79.73965366699849,c,1,0.5975317499978701,None,,,,,05,001,2025-10-03_09h33.40.480,Motor Sequential Learning,,2025.1.1,None,2025-10-03 09h33.50.581054 +0530,
-150,z,31,3,7,x,0,0.6059510839986615,None,7,3,31,3,,,,,79.74886049999623,,79.74015941699327,79.74886049999623,80.73733400000492,80.73733400000492,80.73733400000492,80.73733400000492,80.73733400000492,81.73838595900452,81.73838595900452,82.35017795900058,x,0,0.6059510839986615,None,,,,,05,001,2025-10-03_09h33.40.480,Motor Sequential Learning,,2025.1.1,None,2025-10-03 09h33.50.581054 +0530,
-50,x,32,0,8,x,1,0.8372770840069279,None,8,0,32,0,,,,,82.35949416700169,,82.35093387500092,82.35949416700169,83.34889845899306,83.34889845899306,83.34889845899306,83.34889845899306,83.35379275000014,84.34897008400003,84.34897008400003,85.1892659169971,x,1,0.8372770840069279,None,,,,,05,001,2025-10-03_09h33.40.480,Motor Sequential Learning,,2025.1.1,None,2025-10-03 09h33.50.581054 +0530,
150,v,33,1,8,v,1,0.4704159590037307,None,8,1,33,1,,,,,85.19836500000383,,85.1897458339954,85.19836500000383,86.18693462500232,86.18693462500232,86.18693462500232,86.18693462500232,86.18693462500232,87.18786074999662,87.18786074999662,87.66701904199726,v,1,0.4704159590037307,None,,,,,05,001,2025-10-03_09h33.40.480,Motor Sequential Learning,,2025.1.1,None,2025-10-03 09h33.50.581054 +0530,
50,c,34,2,8,c,1,0.49782808299642056,None,8,2,34,2,,,,,87.67656799999531,,87.66783941700123,87.67656799999531,88.66545645899896,88.66545645899896,88.66545645899896,88.66545645899896,88.67016895899724,89.66537975000392,89.66537975000392,90.16701720899437,c,1,0.49782808299642056,None,,,,,05,001,2025-10-03_09h33.40.480,Motor Sequential Learning,,2025.1.1,None,2025-10-03 09h33.50.581054 +0530,
-150,z,35,3,8,z,1,0.6319414169993252,None,8,3,35,3,,,,,90.17224970899406,,90.16812312499678,90.17224970899406,91.16541524999775,91.16541524999775,91.16541524999775,91.16541524999775,91.17032329199719,92.16528145899065,92.16528145899065,92.80029283399926,z,1,0.6319414169993252,None,,,,,05,001,2025-10-03_09h33.40.480,Motor Sequential Learning,,2025.1.1,None,2025-10-03 09h33.50.581054 +0530,
-50,x,36,0,9,x,1,0.5923162500112085,None,9,0,36,0,,,,,92.80565262500022,,92.80107979199965,92.80565262500022,93.79865129200334,93.79865129200334,93.79865129200334,93.79865129200334,93.8035974999948,94.79879458399955,94.79879458399955,95.40041074999317,x,1,0.5923162500112085,None,,,,,05,001,2025-10-03_09h33.40.480,Motor Sequential Learning,,2025.1.1,None,2025-10-03 09h33.50.581054 +0530,
150,v,37,1,9,v,1,0.44847304199356586,None,9,1,37,1,,,,,95.4097935000027,,95.40121137499227,95.4097935000027,96.39870862499811,96.39870862499811,96.39870862499811,96.39870862499811,96.40357691700046,97.39862004200404,97.39862004200404,97.85023679200094,v,1,0.44847304199356586,None,,,,,05,001,2025-10-03_09h33.40.480,Motor Sequential Learning,,2025.1.1,None,2025-10-03 09h33.50.581054 +0530,
50,c,38,2,9,c,1,0.5643137499864679,None,9,2,38,2,,,,,97.85525658399274,,97.85107920899463,97.85525658399274,98.84881333399971,98.84881333399971,98.84881333399971,98.84881333399971,98.85349024999596,99.84866937500192,99.84866937500192,100.41708895900229,c,1,0.5643137499864679,None,,,,,05,001,2025-10-03_09h33.40.480,Motor Sequential Learning,,2025.1.1,None,2025-10-03 09h33.50.581054 +0530,
-150,z,39,3,9,z,1,0.5016327079938492,None,9,3,39,3,,,,,100.42208166699857,,100.41797875000339,100.42208166699857,101.41536800000176,101.41536800000176,101.41536800000176,101.41536800000176,101.41953108400048,102.41527183400467,102.41527183400467,102.92223308399844,z,1,0.5016327079938492,None,,,,,05,001,2025-10-03_09h33.40.480,Motor Sequential Learning,,2025.1.1,None,2025-10-03 09h33.50.581054 +0530,
-50,x,40,0,10,x,1,0.5859193749929545,None,10,0,40,0,,,,,102.93152087500494,,102.92277274999651,102.93152087500494,103.9200922089949,103.9200922089949,103.9200922089949,103.9200922089949,103.9200922089949,104.9208229999931,104.9208229999931,105.51646683400031,x,1,0.5859193749929545,None,,,,,05,001,2025-10-03_09h33.40.480,Motor Sequential Learning,,2025.1.1,None,2025-10-03 09h33.50.581054 +0530,
150,v,41,1,10,v,1,0.40749241699813865,None,10,1,41,1,,,,,105.52558654200402,,105.51715516699187,105.52558654200402,106.51541241699306,106.51541241699306,106.51541241699306,106.51541241699306,106.5203357499995,107.51528854199569,107.51528854199569,107.93341508400044,v,1,0.40749241699813865,None,,,,,05,001,2025-10-03_09h33.40.480,Motor Sequential Learning,,2025.1.1,None,2025-10-03 09h33.50.581054 +0530,
50,c,42,2,10,c,1,0.3998709589941427,None,10,2,42,2,,,,,107.94226341700414,,107.93409275000158,107.94226341700414,108.93204816700018,108.93204816700018,108.93204816700018,108.93204816700018,108.93680687500455,109.93188912500045,109.93188912500045,110.33337820900488,c,1,0.3998709589941427,None,,,,,05,001,2025-10-03_09h33.40.480,Motor Sequential Learning,,2025.1.1,None,2025-10-03 09h33.50.581054 +0530,
-150,z,43,3,10,z,1,0.4028032079950208,None,10,3,43,3,,,,,110.33844408400182,,110.33408724999754,110.33844408400182,111.33204454199586,111.33204454199586,111.33204454199586,111.33204454199586,111.3370062920003,112.33191204199102,112.33191204199102,112.73812349999207,z,1,0.4028032079950208,None,,,,,05,001,2025-10-03_09h33.40.480,Motor Sequential Learning,,2025.1.1,None,2025-10-03 09h33.50.581054 +0530,
-50,x,44,0,11,x,1,0.6509221669984981,None,11,0,44,0,,,,,112.74770995900326,,112.73861866700463,112.74770995900326,113.73676504199102,113.73676504199102,113.73676504199102,113.73676504199102,113.73676504199102,114.73770075000357,114.73770075000357,115.40016270900378,x,1,0.6509221669984981,None,,,,,05,001,2025-10-03_09h33.40.480,Motor Sequential Learning,,2025.1.1,None,2025-10-03 09h33.50.581054 +0530,
150,v,45,1,11,v,1,0.3530726669996511,None,11,1,45,1,,,,,115.40970354199817,,115.40105529199354,115.40970354199817,116.3985929999908,116.3985929999908,116.3985929999908,116.3985929999908,116.40341954199539,117.39848654199159,117.39848654199159,117.7544404999935,v,1,0.3530726669996511,None,,,,,05,001,2025-10-03_09h33.40.480,Motor Sequential Learning,,2025.1.1,None,2025-10-03 09h33.50.581054 +0530,
50,c,46,2,11,c,1,0.37100608299078885,None,11,2,46,2,,,,,117.76424908399349,,117.7549404589954,117.76424908399349,118.75354375000461,118.75354375000461,118.75354375000461,118.75354375000461,118.75354375000461,119.74842845900275,119.74842845900275,120.12140974999056,c,1,0.37100608299078885,None,,,,,05,001,2025-10-03_09h33.40.480,Motor Sequential Learning,,2025.1.1,None,2025-10-03 09h33.50.581054 +0530,
-150,z,47,3,11,z,1,0.5262442499952158,None,11,3,47,3,,,,,120.13092174999474,,120.12190233399451,120.13092174999474,121.1201080000028,121.1201080000028,121.1201080000028,121.1201080000028,121.1201080000028,122.12018804199761,122.12018804199761,122.65023595899402,z,1,0.5262442499952158,None,,,,,05,001,2025-10-03_09h33.40.480,Motor Sequential Learning,,2025.1.1,None,2025-10-03 09h33.50.581054 +0530,
-50,x,48,0,12,x,1,0.6716142499935813,None,12,0,48,0,,,,,122.6558851669979,,122.6510388339957,122.6558851669979,123.64856279200467,123.64856279200467,123.64856279200467,123.64856279200467,123.65382891699846,124.64864316699095,124.64864316699095,125.33336066699121,x,1,0.6716142499935813,None,,,,,05,001,2025-10-03_09h33.40.480,Motor Sequential Learning,,2025.1.1,None,2025-10-03 09h33.50.581054 +0530,
150,v,49,1,12,v,1,0.3806840000033844,None,12,1,49,1,,,,,125.34365041699493,,125.33398083399516,125.34365041699493,126.33182887500152,126.33182887500152,126.33182887500152,126.33182887500152,126.33660887500446,127.33172412500426,127.33172412500426,127.71678016700025,v,1,0.3806840000033844,None,,,,,05,001,2025-10-03_09h33.40.480,Motor Sequential Learning,,2025.1.1,None,2025-10-03 09h33.50.581054 +0530,
50,c,50,2,12,c,1,0.40819491699221544,None,12,2,50,2,,,,,127.72184462500445,,127.71755237500474,127.72184462500445,128.71527545899153,128.71527545899153,128.71527545899153,128.71527545899153,128.7202159169974,129.7151500839973,129.7151500839973,130.13357904199802,c,1,0.40819491699221544,None,,,,,05,001,2025-10-03_09h33.40.480,Motor Sequential Learning,,2025.1.1,None,2025-10-03 09h33.50.581054 +0530,
-150,z,51,3,12,z,1,0.828414250005153,None,12,3,51,3,,,,,130.14395612500084,,130.13453774999653,130.14395612500084,131.1316772089922,131.1316772089922,131.1316772089922,131.1316772089922,131.13572649999696,132.1317755420023,132.1317755420023,132.9664204169967,z,1,0.828414250005153,None,,,,,05,001,2025-10-03_09h33.40.480,Motor Sequential Learning,,2025.1.1,None,2025-10-03 09h33.50.581054 +0530,
-50,x,52,0,13,x,1,0.6070013749995269,None,13,0,52,0,,,,,132.97609241699683,,132.9671532499924,132.97609241699683,133.9650845839933,133.9650845839933,133.9650845839933,133.9650845839933,133.96988041700388,134.96514149999712,134.96514149999712,135.58358799999405,x,1,0.6070013749995269,None,,,,,05,001,2025-10-03_09h33.40.480,Motor Sequential Learning,,2025.1.1,None,2025-10-03 09h33.50.581054 +0530,
150,v,53,1,13,v,1,0.47331666699028574,None,13,1,53,1,,,,,135.59363116699387,,135.58453037499567,135.59363116699387,136.58194604200253,136.58194604200253,136.58194604200253,136.58194604200253,136.587030374998,137.58179354199092,137.58179354199092,138.06630037499417,v,1,0.47331666699028574,None,,,,,05,001,2025-10-03_09h33.40.480,Motor Sequential Learning,,2025.1.1,None,2025-10-03 09h33.50.581054 +0530,
50,c,54,2,13,c,1,0.5849028750089929,None,13,2,54,2,,,,,138.0758114999917,,138.06702054200287,138.0758114999917,139.06499870900006,139.06499870900006,139.06499870900006,139.06499870900006,139.06980983399262,140.065031584003,140.065031584003,140.65668312499474,c,1,0.5849028750089929,None,,,,,05,001,2025-10-03_09h33.40.480,Motor Sequential Learning,,2025.1.1,None,2025-10-03 09h33.50.581054 +0530,
-150,z,55,3,13,z,1,0.46580479200929403,None,13,3,55,3,,,,,140.66948366699216,,140.6571773750038,140.66948366699216,141.6537248340028,141.6537248340028,141.6537248340028,141.6537248340028,141.6650997090037,142.65408883399505,142.65408883399505,143.1215491250041,z,1,0.46580479200929403,None,,,,,05,001,2025-10-03_09h33.40.480,Motor Sequential Learning,,2025.1.1,None,2025-10-03 09h33.50.581054 +0530,
-50,x,56,0,14,x,1,0.4389747920067748,None,14,0,56,0,,,,,143.13109920900024,,143.12205891699705,143.13109920900024,144.12016754200158,144.12016754200158,144.12016754200158,144.12016754200158,144.12016754200158,145.1210082089965,145.1210082089965,145.56612645900168,x,1,0.4389747920067748,None,,,,,05,001,2025-10-03_09h33.40.480,Motor Sequential Learning,,2025.1.1,None,2025-10-03 09h33.50.581054 +0530,
150,v,57,1,14,v,1,0.4229095420014346,None,14,1,57,1,,,,,145.5753682499926,,145.5667124169995,145.5753682499926,146.5650339999993,146.5650339999993,146.5650339999993,146.5650339999993,146.57011349999812,147.56488241699117,147.56488241699117,147.9997689169977,v,1,0.4229095420014346,None,,,,,05,001,2025-10-03_09h33.40.480,Motor Sequential Learning,,2025.1.1,None,2025-10-03 09h33.50.581054 +0530,
50,c,58,2,14,c,1,0.414544790997752,None,14,2,58,2,,,,,148.0095438339922,,148.00064058399585,148.0095438339922,148.99816799999098,148.99816799999098,148.99816799999098,148.99816799999098,149.0028824589972,149.99831870899652,149.99831870899652,150.4164671250037,c,1,0.414544790997752,None,,,,,05,001,2025-10-03_09h33.40.480,Motor Sequential Learning,,2025.1.1,None,2025-10-03 09h33.50.581054 +0530,
-150,z,59,3,14,z,1,0.45285637500637677,None,14,3,59,3,,,,,150.42214004199195,,150.4177274590038,150.42214004199195,151.41481987500447,151.41481987500447,151.41481987500447,151.41481987500447,151.41887083399342,152.41491937499086,152.41491937499086,152.87141058400448,z,1,0.45285637500637677,None,,,,,05,001,2025-10-03_09h33.40.480,Motor Sequential Learning,,2025.1.1,None,2025-10-03 09h33.50.581054 +0530,
-50,x,60,0,15,x,1,0.4679416669969214,None,15,0,60,0,,,,,152.88093654200202,,152.87198687500495,152.88093654200202,153.86981033399934,153.86981033399934,153.86981033399934,153.86981033399934,153.86981033399934,154.87080812499335,154.87080812499335,155.34981104200415,x,1,0.4679416669969214,None,,,,,05,001,2025-10-03_09h33.40.480,Motor Sequential Learning,,2025.1.1,None,2025-10-03 09h33.50.581054 +0530,
150,v,61,1,15,v,1,0.37239620900072623,None,15,1,61,1,,,,,155.3599954169913,,155.35068341699662,155.3599954169913,156.34823029200197,156.34823029200197,156.34823029200197,156.34823029200197,156.35312008399342,157.34815512500063,157.34815512500063,157.73325950000435,v,1,0.37239620900072623,None,,,,,05,001,2025-10-03_09h33.40.480,Motor Sequential Learning,,2025.1.1,None,2025-10-03 09h33.50.581054 +0530,
50,c,62,2,15,c,1,0.5210965000005672,None,15,2,62,2,,,,,157.7432235419983,,157.73414016699826,157.7432235419983,158.731633125004,158.731633125004,158.731633125004,158.731633125004,158.73646608399577,159.73152562500036,159.73152562500036,160.25424549999298,c,1,0.5210965000005672,None,,,,,05,001,2025-10-03_09h33.40.480,Motor Sequential Learning,,2025.1.1,None,2025-10-03 09h33.50.581054 +0530,
-150,z,63,3,15,z,1,0.577566250009113,None,15,3,63,3,,,,,160.26414400000067,,160.25472466700012,160.26414400000067,161.252856334002,161.252856334002,161.252856334002,161.252856334002,161.252856334002,162.25397795900062,162.25397795900062,162.8380630419997,z,1,0.577566250009113,None,,,,,05,001,2025-10-03_09h33.40.480,Motor Sequential Learning,,2025.1.1,None,2025-10-03 09h33.50.581054 +0530,
-50,x,64,0,16,x,1,0.8587833329947898,None,16,0,64,0,,,,,162.84733566700015,,162.83857500000158,162.84733566700015,163.83630379199167,163.83630379199167,163.83630379199167,163.83630379199167,163.83630379199167,164.83679945899348,164.83679945899348,165.69997266700375,x,1,0.8587833329947898,None,,,,,05,001,2025-10-03_09h33.40.480,Motor Sequential Learning,,2025.1.1,None,2025-10-03 09h33.50.581054 +0530,
150,v,65,1,16,v,1,0.9031074580125278,None,16,1,65,1,,,,,165.70540233400243,,165.70080504199723,165.70540233400243,166.69816916699347,166.69816916699347,166.69816916699347,166.69816916699347,166.70255304199236,167.698275792005,167.698275792005,168.60427020899078,v,1,0.9031074580125278,None,,,,,05,001,2025-10-03_09h33.40.480,Motor Sequential Learning,,2025.1.1,None,2025-10-03 09h33.50.581054 +0530,
50,c,66,2,16,c,1,0.47884300000441726,None,16,2,66,2,,,,,168.61410062499635,,168.60475899999437,168.61410062499635,169.60325204199762,169.60325204199762,169.60325204199762,169.60325204199762,169.60325204199762,170.60356550000142,170.60356550000142,171.08765304199187,c,1,0.47884300000441726,None,,,,,05,001,2025-10-03_09h33.40.480,Motor Sequential Learning,,2025.1.1,None,2025-10-03 09h33.50.581054 +0530,
-150,z,67,3,16,z,1,3.1393466659937985,None,16,3,67,3,,,,,171.09718549999525,,171.08814087499923,171.09718549999525,172.08635425000102,172.08635425000102,172.08635425000102,172.08635425000102,172.08635425000102,173.08130462499685,173.08130462499685,176.23307091699098,z,1,3.1393466659937985,None,,,,,05,001,2025-10-03_09h33.40.480,Motor Sequential Learning,,2025.1.1,None,2025-10-03 09h33.50.581054 +0530,
-50,x,68,0,17,x,1,0.6730114170059096,None,17,0,68,0,,,,,176.24281587499718,,176.23403483399306,176.24281587499718,177.23121970899228,177.23121970899228,177.23121970899228,177.23121970899228,177.23535204200016,178.23134420899441,178.23134420899441,178.91586149999057,x,1,0.6730114170059096,None,,,,,05,001,2025-10-03_09h33.40.480,Motor Sequential Learning,,2025.1.1,None,2025-10-03 09h33.50.581054 +0530,
150,v,69,1,17,v,1,0.3874835409951629,None,17,1,69,1,,,,,178.9249592499982,,178.91644479200477,178.9249592499982,179.9145901669981,179.9145901669981,179.9145901669981,179.9145901669981,179.91948804199637,180.91469770899857,180.91469770899857,181.30402220899123,v,1,0.3874835409951629,None,,,,,05,001,2025-10-03_09h33.40.480,Motor Sequential Learning,,2025.1.1,None,2025-10-03 09h33.50.581054 +0530,
50,c,70,2,17,c,1,0.5263376660004724,None,17,2,70,2,,,,,181.31396162499732,,181.3045177919994,181.31396162499732,182.30265204199532,182.30265204199532,182.30265204199532,182.30265204199532,182.30265204199532,183.29788583399204,183.29788583399204,183.83269970900437,c,1,0.5263376660004724,None,,,,,05,001,2025-10-03_09h33.40.480,Motor Sequential Learning,,2025.1.1,None,2025-10-03 09h33.50.581054 +0530,
-150,z,71,3,17,z,1,0.47395679100009147,None,17,3,71,3,,,,,183.84269262499583,,183.83357091699145,183.84269262499583,184.83115058399562,184.83115058399562,184.83115058399562,184.83115058399562,184.83526641699427,185.83120212500216,185.83120212500216,186.31622345899814,z,1,0.47395679100009147,None,,,,,05,001,2025-10-03_09h33.40.480,Motor Sequential Learning,,2025.1.1,None,2025-10-03 09h33.50.581054 +0530,
-50,x,72,0,18,x,1,0.544630958000198,None,18,0,72,0,,,,,186.32620300000417,,186.31707645900315,186.32620300000417,187.31472637499974,187.31472637499974,187.31472637499974,187.31472637499974,187.31978074999643,188.3145559590048,188.3145559590048,188.86621279199608,x,1,0.544630958000198,None,,,,,05,001,2025-10-03_09h33.40.480,Motor Sequential Learning,,2025.1.1,None,2025-10-03 09h33.50.581054 +0530,
150,v,73,1,18,v,1,0.5824438749987166,None,18,1,73,1,,,,,188.8760154999909,,188.86706358399533,188.8760154999909,189.86441024999658,189.86441024999658,189.86441024999658,189.86441024999658,189.86851699999534,190.86453091699514,190.86453091699514,191.44838116699248,v,1,0.5824438749987166,None,,,,,05,001,2025-10-03_09h33.40.480,Motor Sequential Learning,,2025.1.1,None,2025-10-03 09h33.50.581054 +0530,
50,c,74,2,18,c,1,1.4170308750035474,None,18,2,74,2,,,,,191.45106949999172,,191.4486451249977,191.45106949999172,192.43649883399485,192.43649883399485,192.43649883399485,192.43649883399485,192.44783966700197,193.4368835839996,193.4368835839996,194.8658421250002,c,1,1.4170308750035474,None,,,,,05,001,2025-10-03_09h33.40.480,Motor Sequential Learning,,2025.1.1,None,2025-10-03 09h33.50.581054 +0530,
-150,z,75,3,18,z,1,0.6222416660020826,None,18,3,75,3,,,,,194.87439070899563,,194.86649791699892,194.87439070899563,195.86436500000127,195.86436500000127,195.86436500000127,195.86436500000127,195.86842362499738,196.86448679199384,196.86448679199384,197.49916049999592,z,1,0.6222416660020826,None,,,,,05,001,2025-10-03_09h33.40.480,Motor Sequential Learning,,2025.1.1,None,2025-10-03 09h33.50.581054 +0530,
-50,x,76,0,19,x,1,0.5977954589907313,None,19,0,76,0,,,,,197.50809787500475,,197.499964542003,197.50809787500475,198.49767045899353,198.49767045899353,198.49767045899353,198.49767045899353,198.50257799999963,199.49800108399359,199.49800108399359,200.09930362500018,x,1,0.5977954589907313,None,,,,,05,001,2025-10-03_09h33.40.480,Motor Sequential Learning,,2025.1.1,None,2025-10-03 09h33.50.581054 +0530,
150,v,77,1,19,v,1,0.464999917006935,None,19,1,77,1,,,,,200.10407987500366,,200.10007487499388,200.10407987500366,201.097721291997,201.097721291997,201.097721291997,201.097721291997,201.10243395899306,202.09778695899877,202.09778695899877,202.565789166998,v,1,0.464999917006935,None,,,,,05,001,2025-10-03_09h33.40.480,Motor Sequential Learning,,2025.1.1,None,2025-10-03 09h33.50.581054 +0530,
50,c,78,2,19,c,1,0.40819433399883565,None,19,2,78,2,,,,,202.57064766700205,,202.56653591699433,202.57064766700205,203.56441158399684,203.56441158399684,203.56441158399684,203.56441158399684,203.56929545900493,204.5645176669932,204.5645176669932,204.98232724999252,c,1,0.40819433399883565,None,,,,,05,001,2025-10-03_09h33.40.480,Motor Sequential Learning,,2025.1.1,None,2025-10-03 09h33.50.581054 +0530,
-150,z,79,3,19,z,1,0.3836862089956412,None,19,3,79,3,,,,,204.99124004199984,,204.98311879199173,204.99124004199984,205.98104212500039,205.98104212500039,205.98104212500039,205.98104212500039,205.98614566700417,206.98091937499703,206.98091937499703,207.37098487500043,z,1,0.3836862089956412,None,,,,,05,001,2025-10-03_09h33.40.480,Motor Sequential Learning,,2025.1.1,None,2025-10-03 09h33.50.581054 +0530,
-50,x,80,0,20,x,1,0.5829014160117367,None,20,0,80,0,,,,,207.38009541700012,,207.3714642089908,207.38009541700012,208.36938750000263,208.36938750000263,208.36938750000263,208.36938750000263,208.36938750000263,209.36965658399276,209.36965658399276,209.95386024999607,x,1,0.5829014160117367,None,,,,,05,001,2025-10-03_09h33.40.480,Motor Sequential Learning,,2025.1.1,None,2025-10-03 09h33.50.581054 +0530,
150,v,81,1,20,v,1,0.42936316700070165,None,20,1,81,1,,,,,209.9633921670029,,209.95432691699534,209.9633921670029,210.95241825000267,210.95241825000267,210.95241825000267,210.95241825000267,210.95241825000267,211.95315583399497,211.95315583399497,212.38710945899948,v,1,0.42936316700070165,None,,,,,05,001,2025-10-03_09h33.40.480,Motor Sequential Learning,,2025.1.1,None,2025-10-03 09h33.50.581054 +0530,
50,c,82,2,20,c,1,0.5493177909957012,None,20,2,82,2,,,,,212.39661508399877,,212.38759570899128,212.39661508399877,213.38614662499458,213.38614662499458,213.38614662499458,213.38614662499458,213.38614662499458,214.38806429199758,214.38806429199758,214.9492287920002,c,1,0.5493177909957012,None,,,,,05,001,2025-10-03_09h33.40.480,Motor Sequential Learning,,2025.1.1,None,2025-10-03 09h33.50.581054 +0530,
-150,z,83,3,20,z,1,0.45071420799649786,None,20,3,83,3,,,,,214.95935000000463,,214.9500040839921,214.95935000000463,215.94776275000186,215.94776275000186,215.94776275000186,215.94776275000186,215.95259058399824,216.9476535839931,216.9476535839931,217.40390950000437,z,1,0.45071420799649786,None,,,,,05,001,2025-10-03_09h33.40.480,Motor Sequential Learning,,2025.1.1,None,2025-10-03 09h33.50.581054 +0530,
-50,x,84,0,21,x,1,0.5617879999917932,None,21,0,84,0,,,,,217.4140669999906,,217.4043698339956,217.4140669999906,218.40337620899663,218.40337620899663,218.40337620899663,218.40337620899663,218.40337620899663,219.40353758400306,219.40353758400306,219.97094174999802,x,1,0.5617879999917932,None,,,,,05,001,2025-10-03_09h33.40.480,Motor Sequential Learning,,2025.1.1,None,2025-10-03 09h33.50.581054 +0530,
150,v,85,1,21,v,1,0.48826324999390636,None,21,1,85,1,,,,,219.98042854199593,,219.9714100419951,219.98042854199593,220.9695356250013,220.9695356250013,220.9695356250013,220.9695356250013,220.9695356250013,221.97015183400072,221.97015183400072,222.46574491700449,v,1,0.48826324999390636,None,,,,,05,001,2025-10-03_09h33.40.480,Motor Sequential Learning,,2025.1.1,None,2025-10-03 09h33.50.581054 +0530,
50,c,86,2,21,c,1,0.4130944999924395,None,21,2,86,2,,,,,222.47594166699855,,222.466569583994,222.47594166699855,223.46413649999886,223.46413649999886,223.46413649999886,223.46413649999886,223.46849975000077,224.4642495839944,224.4642495839944,224.8826120839949,c,1,0.4130944999924395,None,,,,,05,001,2025-10-03_09h33.40.480,Motor Sequential Learning,,2025.1.1,None,2025-10-03 09h33.50.581054 +0530,
-150,z,87,3,21,z,1,0.42430291601340286,None,21,3,87,3,,,,,224.89346029199078,,224.883506416998,224.89346029199078,225.88081054200302,225.88081054200302,225.88081054200302,225.88081054200302,225.88574145900202,226.88089970899455,226.88089970899455,227.31590549999964,z,1,0.42430291601340286,None,,,,,05,001,2025-10-03_09h33.40.480,Motor Sequential Learning,,2025.1.1,None,2025-10-03 09h33.50.581054 +0530,
-50,x,88,0,22,x,1,0.46789629200065974,None,22,0,88,0,,,,,227.326079749997,,227.31680800000322,227.326079749997,228.31422958399344,228.31422958399344,228.31422958399344,228.31422958399344,228.31885941699147,229.31412162499328,229.31412162499328,229.78736145899165,x,1,0.46789629200065974,None,,,,,05,001,2025-10-03_09h33.40.480,Motor Sequential Learning,,2025.1.1,None,2025-10-03 09h33.50.581054 +0530,
150,v,89,1,22,v,1,0.40684320899890736,None,22,1,89,1,,,,,229.79738687499776,,229.78788124999846,229.79738687499776,230.78593116700358,230.78593116700358,230.78593116700358,230.78593116700358,230.78593116700358,231.78632499999367,231.78632499999367,232.19916245900095,v,1,0.40684320899890736,None,,,,,05,001,2025-10-03_09h33.40.480,Motor Sequential Learning,,2025.1.1,None,2025-10-03 09h33.50.581054 +0530,
50,c,90,2,22,c,1,0.41842012500273995,None,22,2,90,2,,,,,232.20940958400024,,232.1999335839937,232.20940958400024,233.1973897919961,233.1973897919961,233.1973897919961,233.1973897919961,233.20210500000394,234.1974514589965,234.1974514589965,234.62055162500474,c,1,0.41842012500273995,None,,,,,05,001,2025-10-03_09h33.40.480,Motor Sequential Learning,,2025.1.1,None,2025-10-03 09h33.50.581054 +0530,
-150,z,91,3,22,z,1,0.42231370900117327,None,22,3,91,3,,,,,234.63026445900323,,234.6210128340026,234.63026445900323,235.61905224999646,235.61905224999646,235.61905224999646,235.61905224999646,235.61905224999646,236.61976600000344,236.61976600000344,237.04908250000153,z,1,0.42231370900117327,None,,,,,05,001,2025-10-03_09h33.40.480,Motor Sequential Learning,,2025.1.1,None,2025-10-03 09h33.50.581054 +0530,
-50,x,92,0,23,x,1,0.3854167090030387,None,23,0,92,0,,,,,237.05952500000421,,237.0500477500027,237.05952500000421,238.04747558399686,238.04747558399686,238.04747558399686,238.04747558399686,238.05218362499727,239.0473632499925,239.0473632499925,239.4368594999978,x,1,0.3854167090030387,None,,,,,05,001,2025-10-03_09h33.40.480,Motor Sequential Learning,,2025.1.1,None,2025-10-03 09h33.50.581054 +0530,
150,v,93,1,23,v,1,0.39781004199176095,None,23,1,93,1,,,,,239.4466640419996,,239.4373578340019,239.4466640419996,240.43559079199622,240.43559079199622,240.43559079199622,240.43559079199622,240.43559079199622,241.43806133400358,241.43806133400358,241.8372938340035,v,1,0.39781004199176095,None,,,,,05,001,2025-10-03_09h33.40.480,Motor Sequential Learning,,2025.1.1,None,2025-10-03 09h33.50.581054 +0530,
50,c,94,2,23,c,1,1.0023590409982717,None,23,2,94,2,,,,,241.8468783339922,,241.8377707089967,241.8468783339922,242.8370572499989,242.8370572499989,242.8370572499989,242.8370572499989,242.8370572499989,243.83642925000458,243.83642925000458,244.84904404199915,c,1,1.0023590409982717,None,,,,,05,001,2025-10-03_09h33.40.480,Motor Sequential Learning,,2025.1.1,None,2025-10-03 09h33.50.581054 +0530,
-150,z,95,3,23,z,1,0.4576764590019593,None,23,3,95,3,,,,,244.8594352920045,,244.84991604200331,244.8594352920045,245.84741933399346,245.84741933399346,245.84741933399346,245.84741933399346,245.85210891699535,246.84728558399365,246.84728558399365,247.3154118340026,z,1,0.4576764590019593,None,,,,,05,001,2025-10-03_09h33.40.480,Motor Sequential Learning,,2025.1.1,None,2025-10-03 09h33.50.581054 +0530,
-50,x,96,0,24,c,0,0.5586219159886241,None,24,0,96,0,,,,,247.32502616700367,,247.316176584005,247.32502616700367,248.31390129200008,248.31390129200008,248.31390129200008,248.31390129200008,248.31883758399636,249.31399558400153,249.31399558400153,249.8821182919928,c,0,0.5586219159886241,None,,,,,05,001,2025-10-03_09h33.40.480,Motor Sequential Learning,,2025.1.1,None,2025-10-03 09h33.50.581054 +0530,
150,v,97,1,24,v,1,0.6977800000022398,None,24,1,97,1,,,,,249.89231391699286,,249.88301683399186,249.89231391699286,250.88068508400465,250.88068508400465,250.88068508400465,250.88068508400465,250.88565466699947,251.8808082089963,251.8808082089963,252.5820901249972,v,1,0.6977800000022398,None,,,,,05,001,2025-10-03_09h33.40.480,Motor Sequential Learning,,2025.1.1,None,2025-10-03 09h33.50.581054 +0530,
50,c,98,2,24,c,1,0.6971421670023119,None,24,2,98,2,,,,,252.58715162500448,,252.5829430839949,252.58715162500448,253.58064658399962,253.58064658399962,253.58064658399962,253.58064658399962,253.58562783399248,254.58057408400055,254.58057408400055,255.2825744169968,c,1,0.6971421670023119,None,,,,,05,001,2025-10-03_09h33.40.480,Motor Sequential Learning,,2025.1.1,None,2025-10-03 09h33.50.581054 +0530,
-150,z,99,3,24,z,1,0.3527488749969052,None,24,3,99,3,,,,,255.28866983400076,,255.2837646669941,255.28866983400076,256.28057962500316,256.28057962500316,256.28057962500316,256.28057962500316,256.28482083400013,257.2807239590038,257.2807239590038,257.6366957499995,z,1,0.3527488749969052,None,,,,,05,001,2025-10-03_09h33.40.480,Motor Sequential Learning,,2025.1.1,None,2025-10-03 09h33.50.581054 +0530,
-50,x,100,0,25,c,0,0.405757916989387,None,25,0,100,0,,,,,257.64654708400485,,257.6371895420016,257.64654708400485,258.6354409589985,258.6354409589985,258.6354409589985,258.6354409589985,258.6354409589985,259.6367527919938,259.6367527919938,260.04858983399754,c,0,0.405757916989387,None,,,,,05,001,2025-10-03_09h33.40.480,Motor Sequential Learning,,2025.1.1,None,2025-10-03 09h33.50.581054 +0530,
150,v,101,1,25,v,1,0.9561317909974605,None,25,1,101,1,,,,,260.05857016699156,,260.04944212500413,260.05857016699156,261.04719012499845,261.04719012499845,261.04719012499845,261.04719012499845,261.05192387499847,262.04710487500415,262.04710487500415,263.0154444590007,v,1,0.9561317909974605,None,,,,,05,001,2025-10-03_09h33.40.480,Motor Sequential Learning,,2025.1.1,None,2025-10-03 09h33.50.581054 +0530,
50,c,102,2,25,c,1,0.6125752499938244,None,25,2,102,2,,,,,263.0252568339929,,263.0163127089909,263.0252568339929,264.0138422500022,264.0138422500022,264.0138422500022,264.0138422500022,264.0187195000035,265.0137500419951,265.0137500419951,265.63181041699136,c,1,0.6125752499938244,None,,,,,05,001,2025-10-03_09h33.40.480,Motor Sequential Learning,,2025.1.1,None,2025-10-03 09h33.50.581054 +0530,
-150,z,103,3,25,z,1,0.7258574580046115,None,25,3,103,3,,,,,265.6414070419996,,265.6324610839947,265.6414070419996,266.63047779200133,266.63047779200133,266.63047779200133,266.63047779200133,266.63493099999323,267.63067087499076,267.63067087499076,268.3652992089919,z,1,0.7258574580046115,None,,,,,05,001,2025-10-03_09h33.40.480,Motor Sequential Learning,,2025.1.1,None,2025-10-03 09h33.50.581054 +0530,
-50,x,104,0,26,x,1,0.633252250001533,None,26,0,104,0,,,,,268.3752611249947,,268.3661203340016,268.3752611249947,269.36399554199306,269.36399554199306,269.36399554199306,269.36399554199306,269.3685681249917,270.3638081669924,270.3638081669924,270.9989939999941,x,1,0.633252250001533,None,,,,,05,001,2025-10-03_09h33.40.480,Motor Sequential Learning,,2025.1.1,None,2025-10-03 09h33.50.581054 +0530,
150,v,105,1,26,v,1,0.47603045900177676,None,26,1,105,1,,,,,271.00366341699555,,270.9996726249956,271.00366341699555,271.99719420899055,271.99719420899055,271.99719420899055,271.99719420899055,272.00132204199326,272.9970762919984,272.9970762919984,273.48159787499753,v,1,0.47603045900177676,None,,,,,05,001,2025-10-03_09h33.40.480,Motor Sequential Learning,,2025.1.1,None,2025-10-03 09h33.50.581054 +0530,
50,c,106,2,26,c,1,0.4707028749980964,None,26,2,106,2,,,,,273.4914107090008,,273.4823152089957,273.4914107090008,274.4802929169964,274.4802929169964,274.4802929169964,274.4802929169964,274.484749833995,275.4803789169964,275.4803789169964,275.953443624996,c,1,0.4707028749980964,None,,,,,05,001,2025-10-03_09h33.40.480,Motor Sequential Learning,,2025.1.1,None,2025-10-03 09h33.50.581054 +0530,
-150,z,107,3,26,z,1,0.5732043339958182,None,26,3,107,3,,,,,275.9631464999984,,275.9539271669928,275.9631464999984,276.9520261669968,276.9520261669968,276.9520261669968,276.9520261669968,276.9520261669968,277.9527779170021,277.9527779170021,278.5327082089934,z,1,0.5732043339958182,None,,,,,05,001,2025-10-03_09h33.40.480,Motor Sequential Learning,,2025.1.1,None,2025-10-03 09h33.50.581054 +0530,
-50,x,108,0,27,x,1,0.42256104201078415,None,27,0,108,0,,,,,278.542443792001,,278.5336132090015,278.542443792001,279.5304830840032,279.5304830840032,279.5304830840032,279.5304830840032,279.53553724999074,280.5303584170033,280.5303584170033,280.9541651670006,x,1,0.42256104201078415,None,,,,,05,001,2025-10-03_09h33.40.480,Motor Sequential Learning,,2025.1.1,None,2025-10-03 09h33.50.581054 +0530,
150,v,109,1,27,v,1,0.4443641660036519,None,27,1,109,1,,,,,280.9637096249935,,280.954640750002,280.9637096249935,281.95223204199283,281.95223204199283,281.95223204199283,281.95223204199283,281.95223204199283,282.9527247919905,282.9527247919905,283.4035292500048,v,1,0.4443641660036519,None,,,,,05,001,2025-10-03_09h33.40.480,Motor Sequential Learning,,2025.1.1,None,2025-10-03 09h33.50.581054 +0530,
50,c,110,2,27,c,1,0.3712720830080798,None,27,2,110,2,,,,,283.4129272499995,,283.40405149999424,283.4129272499995,284.40185237499827,284.40185237499827,284.40185237499827,284.40185237499827,284.40185237499827,285.40259724999487,285.40259724999487,285.78178120899247,c,1,0.3712720830080798,None,,,,,05,001,2025-10-03_09h33.40.480,Motor Sequential Learning,,2025.1.1,None,2025-10-03 09h33.50.581054 +0530,
-150,z,111,3,27,z,1,0.5653810840012738,None,27,3,111,3,,,,,285.79151470899524,,285.78255729199736,285.79151470899524,286.78038170900254,286.78038170900254,286.78038170900254,286.78038170900254,286.78581866699096,287.7804561249941,287.7804561249941,288.34883449999325,z,1,0.5653810840012738,None,,,,,05,001,2025-10-03_09h33.40.480,Motor Sequential Learning,,2025.1.1,None,2025-10-03 09h33.50.581054 +0530,
-50,x,112,0,28,x,1,0.5386578750039916,None,28,0,112,0,,,,,288.3535723340028,,288.3496052919945,288.3535723340028,289.34692029199505,289.34692029199505,289.34692029199505,289.34692029199505,289.35264433399425,290.34702170899254,290.34702170899254,290.89814529199793,x,1,0.5386578750039916,None,,,,,05,001,2025-10-03_09h33.40.480,Motor Sequential Learning,,2025.1.1,None,2025-10-03 09h33.50.581054 +0530,
150,v,113,1,28,v,1,0.4177092499885475,None,28,1,113,1,,,,,290.9075455419952,,290.89870579200215,290.9075455419952,291.8969284999912,291.8969284999912,291.8969284999912,291.8969284999912,291.9018772499985,292.8968339999992,292.8968339999992,293.32026162499096,v,1,0.4177092499885475,None,,,,,05,001,2025-10-03_09h33.40.480,Motor Sequential Learning,,2025.1.1,None,2025-10-03 09h33.50.581054 +0530,
50,c,114,2,28,c,1,0.35813883299124427,None,28,2,114,2,,,,,293.3295172090002,,293.32073108399345,293.3295172090002,294.31862900000124,294.31862900000124,294.31862900000124,294.31862900000124,294.31862900000124,295.3134514169942,295.3134514169942,295.68170570899383,c,1,0.35813883299124427,None,,,,,05,001,2025-10-03_09h33.40.480,Motor Sequential Learning,,2025.1.1,None,2025-10-03 09h33.50.581054 +0530,
-150,z,115,3,28,z,1,0.3023625420028111,None,28,3,115,3,,,,,295.69154012500076,,295.68261312499817,295.69154012500076,296.6801191249979,296.6801191249979,296.6801191249979,296.6801191249979,296.68418404199474,297.6802211250033,297.6802211250033,297.9865610419947,z,1,0.3023625420028111,None,,,,,05,001,2025-10-03_09h33.40.480,Motor Sequential Learning,,2025.1.1,None,2025-10-03 09h33.50.581054 +0530,
-50,x,116,0,29,x,1,0.8129282500012778,None,29,0,116,0,,,,,297.9963077499997,,297.9870334589941,297.9963077499997,298.9851769590023,298.9851769590023,298.9851769590023,298.9851769590023,298.9851769590023,299.9855701249908,299.9855701249908,300.8032826669951,x,1,0.8129282500012778,None,,,,,05,001,2025-10-03_09h33.40.480,Motor Sequential Learning,,2025.1.1,None,2025-10-03 09h33.50.581054 +0530,
150,v,117,1,29,v,1,0.4299834999983432,None,29,1,117,1,,,,,300.8130128339981,,300.80375458399067,300.8130128339981,301.8023162919999,301.8023162919999,301.8023162919999,301.8023162919999,301.8023162919999,302.80240266700275,302.80240266700275,303.2363836669974,v,1,0.4299834999983432,None,,,,,05,001,2025-10-03_09h33.40.480,Motor Sequential Learning,,2025.1.1,None,2025-10-03 09h33.50.581054 +0530,
50,c,118,2,29,x,0,0.3965435420104768,None,29,2,118,2,,,,,303.24606954200135,,303.2368627919932,303.24606954200135,304.23524416699365,304.23524416699365,304.23524416699365,304.23524416699365,304.23524416699365,305.23574570899655,305.23574570899655,305.6364481670025,x,0,0.3965435420104768,None,,,,,05,001,2025-10-03_09h33.40.480,Motor Sequential Learning,,2025.1.1,None,2025-10-03 09h33.50.581054 +0530,
-150,z,119,3,29,z,1,0.4705219580064295,None,29,3,119,3,,,,,305.6459851249965,,305.6369307089917,305.6459851249965,306.6353938340035,306.6353938340035,306.6353938340035,306.6353938340035,306.6353938340035,307.6359417499916,307.6359417499916,308.114946917005,z,1,0.4705219580064295,None,,,,,05,001,2025-10-03_09h33.40.480,Motor Sequential Learning,,2025.1.1,None,2025-10-03 09h33.50.581054 +0530,
-50,x,120,0,30,x,1,0.6337487080018036,None,30,0,120,0,,,,,308.12446483399253,,308.1156482919905,308.12446483399253,309.11332595899876,309.11332595899876,309.11332595899876,309.11332595899876,309.1176302919921,310.11342254199553,310.11342254199553,310.7532752919942,x,1,0.6337487080018036,None,,,,,05,001,2025-10-03_09h33.40.480,Motor Sequential Learning,,2025.1.1,None,2025-10-03 09h33.50.581054 +0530,
150,v,121,1,30,v,1,0.4683026249986142,None,30,1,121,1,,,,,310.7627481669915,,310.75374141699285,310.7627481669915,311.75177766699926,311.75177766699926,311.75177766699926,311.75177766699926,311.75177766699926,312.752921124993,312.752921124993,313.23159275000216,v,1,0.4683026249986142,None,,,,,05,001,2025-10-03_09h33.40.480,Motor Sequential Learning,,2025.1.1,None,2025-10-03 09h33.50.581054 +0530,
50,c,122,2,30,c,1,0.4031098749983357,None,30,2,122,2,,,,,313.24147224999615,,313.2325377919915,313.24147224999615,314.22993704199325,314.22993704199325,314.22993704199325,314.22993704199325,314.2346318339987,315.2300590419909,315.2300590419909,315.63622229199973,c,1,0.4031098749983357,None,,,,,05,001,2025-10-03_09h33.40.480,Motor Sequential Learning,,2025.1.1,None,2025-10-03 09h33.50.581054 +0530,
-150,z,123,3,30,z,1,0.4732187920017168,None,30,3,123,3,,,,,315.64661100000376,,315.63669362499786,315.64661100000376,316.63500133399793,316.63500133399793,316.63500133399793,316.63500133399793,316.63500133399793,317.63496704200224,317.63496704200224,318.1145184170018,z,1,0.4732187920017168,None,,,,,05,001,2025-10-03_09h33.40.480,Motor Sequential Learning,,2025.1.1,None,2025-10-03 09h33.50.581054 +0530,
-50,x,124,0,31,x,1,0.6066480000008596,None,31,0,124,0,,,,,318.1238996250031,,318.11518279199663,318.1238996250031,319.1132910419983,319.1132910419983,319.1132910419983,319.1132910419983,319.1181415839965,320.1133189999964,320.1133189999964,320.7314945840044,x,1,0.6066480000008596,None,,,,,05,001,2025-10-03_09h33.40.480,Motor Sequential Learning,,2025.1.1,None,2025-10-03 09h33.50.581054 +0530,
150,v,125,1,31,v,1,0.3980056250002235,None,31,1,125,1,,,,,320.74149708400364,,320.73244449999765,320.74149708400364,321.73009266699955,321.73009266699955,321.73009266699955,321.73009266699955,321.7350887499924,322.72998529199685,322.72998529199685,323.13152479199925,v,1,0.3980056250002235,None,,,,,05,001,2025-10-03_09h33.40.480,Motor Sequential Learning,,2025.1.1,None,2025-10-03 09h33.50.581054 +0530,
50,c,126,2,31,c,1,0.4120330000005197,None,31,2,126,2,,,,,323.1368040419911,,323.1324187089922,323.1368040419911,324.1299234170001,324.1299234170001,324.1299234170001,324.1299234170001,324.13499391700316,325.13004845900286,325.13004845900286,325.54818995899404,c,1,0.4120330000005197,None,,,,,05,001,2025-10-03_09h33.40.480,Motor Sequential Learning,,2025.1.1,None,2025-10-03 09h33.50.581054 +0530,
-150,z,127,3,31,z,1,0.5412592079956084,None,31,3,127,3,,,,,325.5581476249936,,325.5490426250035,325.5581476249936,326.54663354199147,326.54663354199147,326.54663354199147,326.54663354199147,326.551175583998,327.5466950839909,327.5466950839909,328.09816129200044,z,1,0.5412592079956084,None,,,,,05,001,2025-10-03_09h33.40.480,Motor Sequential Learning,,2025.1.1,None,2025-10-03 09h33.50.581054 +0530,
-50,x,128,0,32,x,1,0.6371353750000708,None,32,0,128,0,,,,,328.1081594169955,,328.09906433400465,328.1081594169955,329.0966000420012,329.0966000420012,329.0966000420012,329.0966000420012,329.1016349999991,330.09669237499475,330.09669237499475,330.736473166995,x,1,0.6371353750000708,None,,,,,05,001,2025-10-03_09h33.40.480,Motor Sequential Learning,,2025.1.1,None,2025-10-03 09h33.50.581054 +0530,
150,v,129,1,32,v,1,0.3404544169898145,None,32,1,129,1,,,,,330.746037334,,330.7369440420007,330.746037334,331.73472087499977,331.73472087499977,331.73472087499977,331.73472087499977,331.73472087499977,332.7364555840031,332.7364555840031,333.0813750840025,v,1,0.3404544169898145,None,,,,,05,001,2025-10-03_09h33.40.480,Motor Sequential Learning,,2025.1.1,None,2025-10-03 09h33.50.581054 +0530,
50,c,130,2,32,c,1,0.4748514169914415,None,32,2,130,2,,,,,333.08648129200446,,333.0821954589919,333.08648129200446,334.08009091699205,334.08009091699205,334.08009091699205,334.08009091699205,334.08463724999456,335.07987216699985,335.07987216699985,335.5646632919961,c,1,0.4748514169914415,None,,,,,05,001,2025-10-03_09h33.40.480,Motor Sequential Learning,,2025.1.1,None,2025-10-03 09h33.50.581054 +0530,
-150,z,131,3,32,z,1,0.43531812500441447,None,32,3,131,3,,,,,335.5746563339926,,335.56555691700487,335.5746563339926,336.56310074999055,336.56310074999055,336.56310074999055,336.56310074999055,336.56748908400186,337.56322158400144,337.56322158400144,338.00231029199495,z,1,0.43531812500441447,None,,,,,05,001,2025-10-03_09h33.40.480,Motor Sequential Learning,,2025.1.1,None,2025-10-03 09h33.50.581054 +0530,
-50,x,132,0,33,x,1,0.450004792000982,None,33,0,132,0,,,,,338.01225874999363,,338.00278724999225,338.01225874999363,339.0014205000043,339.0014205000043,339.0014205000043,339.0014205000043,339.0014205000043,339.99647162499605,339.99647162499605,340.44802512499155,x,1,0.450004792000982,None,,,,,05,001,2025-10-03_09h33.40.480,Motor Sequential Learning,,2025.1.1,None,2025-10-03 09h33.50.581054 +0530,
150,v,133,1,33,v,1,0.3669917499937583,None,33,1,133,1,,,,,340.4530787499971,,340.4487847089913,340.4530787499971,341.4464579170017,341.4464579170017,341.4464579170017,341.4464579170017,341.45140254199214,342.44657383399317,342.44657383399317,342.819255334005,v,1,0.3669917499937583,None,,,,,05,001,2025-10-03_09h33.40.480,Motor Sequential Learning,,2025.1.1,None,2025-10-03 09h33.50.581054 +0530,
50,c,134,2,33,c,1,0.43688245899102185,None,33,2,134,2,,,,,342.82884995899803,,342.8197210840008,342.82884995899803,343.818239500004,343.818239500004,343.818239500004,343.818239500004,343.818239500004,344.8196371249942,344.8196371249942,345.26435616699746,c,1,0.43688245899102185,None,,,,,05,001,2025-10-03_09h33.40.480,Motor Sequential Learning,,2025.1.1,None,2025-10-03 09h33.50.581054 +0530,
-150,z,135,3,33,z,1,0.4572328749927692,None,33,3,135,3,,,,,345.27379812499566,,345.2649585420004,345.27379812499566,346.2631134999974,346.2631134999974,346.2631134999974,346.2631134999974,346.2679640839924,347.26305900000443,347.26305900000443,347.7313822089927,z,1,0.4572328749927692,None,,,,,05,001,2025-10-03_09h33.40.480,Motor Sequential Learning,,2025.1.1,None,2025-10-03 09h33.50.581054 +0530,
-50,x,136,0,34,x,1,0.49577358399983495,None,34,0,136,0,,,,,347.74162854200404,,347.7321711669938,347.74162854200404,348.7298557089962,348.7298557089962,348.7298557089962,348.7298557089962,348.73487570899306,349.7297281249921,349.7297281249921,350.23136745899683,x,1,0.49577358399983495,None,,,,,05,001,2025-10-03_09h33.40.480,Motor Sequential Learning,,2025.1.1,None,2025-10-03 09h33.50.581054 +0530,
150,v,137,1,34,v,1,0.36075070800143294,None,34,1,137,1,,,,,350.2411322919943,,350.23223504199996,350.2411322919943,351.2297156249988,351.2297156249988,351.2297156249988,351.2297156249988,351.2340669999976,352.2296406249952,352.2296406249952,352.597880500005,v,1,0.36075070800143294,None,,,,,05,001,2025-10-03_09h33.40.480,Motor Sequential Learning,,2025.1.1,None,2025-10-03 09h33.50.581054 +0530,
50,c,138,2,34,c,1,0.3398155000031693,None,34,2,138,2,,,,,352.6076908749965,,352.598747541997,352.6076908749965,353.59634741699847,353.59634741699847,353.59634741699847,353.59634741699847,353.6012471669965,354.5964071670023,354.5964071670023,354.9476494589908,c,1,0.3398155000031693,None,,,,,05,001,2025-10-03_09h33.40.480,Motor Sequential Learning,,2025.1.1,None,2025-10-03 09h33.50.581054 +0530,
-150,z,139,3,34,z,1,0.39502866700058803,None,34,3,139,3,,,,,354.957639041997,,354.94855041700066,354.957639041997,355.9463097090047,355.9463097090047,355.9463097090047,355.9463097090047,355.9510691250034,356.94635816699883,356.94635816699883,357.34833191700454,z,1,0.39502866700058803,None,,,,,05,001,2025-10-03_09h33.40.480,Motor Sequential Learning,,2025.1.1,None,2025-10-03 09h33.50.581054 +0530,
-50,x,140,0,35,x,1,0.3916780839936109,None,35,0,140,0,,,,,357.35791766700277,,357.3492146249919,357.35791766700277,358.3463361250033,358.3463361250033,358.3463361250033,358.3463361250033,358.35102241700224,359.34651179199864,359.34651179199864,359.7476055839943,x,1,0.3916780839936109,None,,,,,05,001,2025-10-03_09h33.40.480,Motor Sequential Learning,,2025.1.1,None,2025-10-03 09h33.50.581054 +0530,
150,v,141,1,35,v,1,0.4509209590032697,None,35,1,141,1,,,,,359.75700129200413,,359.74824575000093,359.75700129200413,360.74632670899155,360.74632670899155,360.74632670899155,360.74632670899155,360.7510632499907,361.7462554169906,361.7462554169906,362.20381491699663,v,1,0.4509209590032697,None,,,,,05,001,2025-10-03_09h33.40.480,Motor Sequential Learning,,2025.1.1,None,2025-10-03 09h33.50.581054 +0530,
50,c,142,2,35,c,1,0.3791776250000112,None,35,2,142,2,,,,,362.22975712499465,,362.20431349999853,362.22975712499465,363.2018045839941,363.2018045839941,363.2018045839941,363.2018045839941,363.21775091699965,364.20184049999807,364.20184049999807,364.5858850420045,c,1,0.3791776250000112,None,,,,,05,001,2025-10-03_09h33.40.480,Motor Sequential Learning,,2025.1.1,None,2025-10-03 09h33.50.581054 +0530,
-150,z,143,3,35,z,1,0.4165090419992339,None,35,3,143,3,,,,,364.5954570000031,,364.586398792002,364.5954570000031,365.5850165419979,365.5850165419979,365.5850165419979,365.5850165419979,365.5850165419979,366.5853449589922,366.5853449589922,367.0148311669909,z,1,0.4165090419992339,None,,,,,05,001,2025-10-03_09h33.40.480,Motor Sequential Learning,,2025.1.1,None,2025-10-03 09h33.50.581054 +0530,
-50,x,144,0,36,x,1,0.40185225001187064,None,36,0,144,0,,,,,367.0247068750032,,367.01573404199735,367.0247068750032,368.0125614999997,368.0125614999997,368.0125614999997,368.0125614999997,368.01669520899304,369.0129926249938,369.0129926249938,369.4187260000035,x,1,0.40185225001187064,None,,,,,05,001,2025-10-03_09h33.40.480,Motor Sequential Learning,,2025.1.1,None,2025-10-03 09h33.50.581054 +0530,
150,v,145,1,36,v,1,0.3580920420063194,None,36,1,145,1,,,,,369.42939262499567,,369.4192075000028,369.42939262499567,370.41752191699925,370.41752191699925,370.41752191699925,370.41752191699925,370.41752191699925,371.41282524999406,371.41282524999406,371.7808370839921,v,1,0.3580920420063194,None,,,,,05,001,2025-10-03_09h33.40.480,Motor Sequential Learning,,2025.1.1,None,2025-10-03 09h33.50.581054 +0530,
50,c,146,2,36,c,1,0.5162134999991395,None,36,2,146,2,,,,,371.7908620840026,,371.78154358400207,371.7908620840026,372.7795186250005,372.7795186250005,372.7795186250005,372.7795186250005,372.7844631670014,373.7796280839975,373.7796280839975,374.29756725000334,c,1,0.5162134999991395,None,,,,,05,001,2025-10-03_09h33.40.480,Motor Sequential Learning,,2025.1.1,None,2025-10-03 09h33.50.581054 +0530,
-150,z,147,3,36,z,1,0.3055549999990035,None,36,3,147,3,,,,,374.3026249999966,,374.29829508399416,374.3026249999966,375.2960349999921,375.2960349999921,375.2960349999921,375.2960349999921,375.30067495899857,376.2961816669995,376.2961816669995,376.6146337090031,z,1,0.3055549999990035,None,,,,,05,001,2025-10-03_09h33.40.480,Motor Sequential Learning,,2025.1.1,None,2025-10-03 09h33.50.581054 +0530,
-50,x,148,0,37,x,1,0.435945332996198,None,37,0,148,0,,,,,376.62508062500274,,376.61555495900393,376.62508062500274,377.6129823340016,377.6129823340016,377.6129823340016,377.6129823340016,377.61810237499594,378.61284804200113,378.61284804200113,379.05171754199546,x,1,0.435945332996198,None,,,,,05,001,2025-10-03_09h33.40.480,Motor Sequential Learning,,2025.1.1,None,2025-10-03 09h33.50.581054 +0530,
150,v,149,1,37,v,1,0.352489582990529,None,37,1,149,1,,,,,379.0620236249961,,379.0521900839958,379.0620236249961,380.0460229169985,380.0460229169985,380.0460229169985,380.0460229169985,380.05069470900344,381.0461482919927,381.0461482919927,381.4025918749976,v,1,0.352489582990529,None,,,,,05,001,2025-10-03_09h33.40.480,Motor Sequential Learning,,2025.1.1,None,2025-10-03 09h33.50.581054 +0530,
50,c,150,2,37,c,1,0.5059931670111837,None,37,2,150,2,,,,,381.4126968339988,,381.40312295900367,381.4126968339988,382.40133962499385,382.40133962499385,382.40133962499385,382.40133962499385,382.40133962499385,383.40173924999544,383.40173924999544,383.9141613749962,c,1,0.5059931670111837,None,,,,,05,001,2025-10-03_09h33.40.480,Motor Sequential Learning,,2025.1.1,None,2025-10-03 09h33.50.581054 +0530,
-150,z,151,3,37,z,1,0.4697196250053821,None,37,3,151,3,,,,,383.9245502089907,,383.9150349589909,383.9245502089907,384.9127595000027,384.9127595000027,384.9127595000027,384.9127595000027,384.91763999999966,385.91287804199965,385.91287804199965,386.38476349999837,z,1,0.4697196250053821,None,,,,,05,001,2025-10-03_09h33.40.480,Motor Sequential Learning,,2025.1.1,None,2025-10-03 09h33.50.581054 +0530,
-50,x,152,0,38,x,1,0.8632165000017267,None,38,0,152,0,,,,,386.39539429199067,,386.3852607500012,386.39539429199067,387.3794575840002,387.3794575840002,387.3794575840002,387.3794575840002,387.3843495839974,388.379392584,388.379392584,389.24799783399794,x,1,0.8632165000017267,None,,,,,05,001,2025-10-03_09h33.40.480,Motor Sequential Learning,,2025.1.1,None,2025-10-03 09h33.50.581054 +0530,
150,v,153,1,38,v,1,0.389368749994901,None,38,1,153,1,,,,,389.2539037499955,,389.2490883749997,389.2539037499955,390.2460047920031,390.2460047920031,390.2460047920031,390.2460047920031,390.25100449999445,391.2460509999946,391.2460509999946,391.6475885419932,v,1,0.389368749994901,None,,,,,05,001,2025-10-03_09h33.40.480,Motor Sequential Learning,,2025.1.1,None,2025-10-03 09h33.50.581054 +0530,
50,c,154,2,38,c,1,0.35515462499461137,None,38,2,154,2,,,,,391.65782654199575,,391.64848975000496,391.65782654199575,392.64596862500184,392.64596862500184,392.64596862500184,392.64596862500184,392.6502900839987,393.64611629200226,393.64611629200226,394.0143682499911,c,1,0.35515462499461137,None,,,,,05,001,2025-10-03_09h33.40.480,Motor Sequential Learning,,2025.1.1,None,2025-10-03 09h33.50.581054 +0530,
-150,z,155,3,38,z,1,0.48079054200206883,None,38,3,155,3,,,,,394.02462058399396,,394.01524041699304,394.02462058399396,395.0125578750012,395.0125578750012,395.0125578750012,395.0125578750012,395.01700420900306,396.012645166993,396.012645166993,396.4977514170023,z,1,0.48079054200206883,None,,,,,05,001,2025-10-03_09h33.40.480,Motor Sequential Learning,,2025.1.1,None,2025-10-03 09h33.50.581054 +0530,
-50,x,156,0,39,x,1,0.7113216669968097,None,39,0,156,0,,,,,396.5031879589951,,396.498624749991,396.5031879589951,397.4959179169964,397.4959179169964,397.4959179169964,397.4959179169964,397.50078349999967,398.4959971670032,398.4959971670032,399.21428704199207,x,1,0.7113216669968097,None,,,,,05,001,2025-10-03_09h33.40.480,Motor Sequential Learning,,2025.1.1,None,2025-10-03 09h33.50.581054 +0530,
150,v,157,1,39,v,1,0.36079362500458956,None,39,1,157,1,,,,,399.22489583399147,,399.2153225420043,399.22489583399147,400.2125028750015,400.2125028750015,400.2125028750015,400.2125028750015,400.2169267499994,401.21254570900055,401.21254570900055,401.5808856670046,v,1,0.36079362500458956,None,,,,,05,001,2025-10-03_09h33.40.480,Motor Sequential Learning,,2025.1.1,None,2025-10-03 09h33.50.581054 +0530,
50,c,158,2,39,c,1,0.5778812500066124,None,39,2,158,2,,,,,401.5910467920039,,401.58170133399835,401.5910467920039,402.57927466700494,402.57927466700494,402.57927466700494,402.57927466700494,402.5836442919972,403.57940270900144,403.57940270900144,404.16414158399857,c,1,0.5778812500066124,None,,,,,05,001,2025-10-03_09h33.40.480,Motor Sequential Learning,,2025.1.1,None,2025-10-03 09h33.50.581054 +0530,
-150,z,159,3,39,z,1,0.40443966700695455,None,39,3,159,3,,,,,404.17408100000466,,404.16498833399964,404.17408100000466,405.1625297499995,405.1625297499995,405.1625297499995,405.1625297499995,405.1672235419974,406.16259008400084,406.16259008400084,406.5692942089954,z,1,0.40443966700695455,None,,,,,05,001,2025-10-03_09h33.40.480,Motor Sequential Learning,,2025.1.1,None,2025-10-03 09h33.50.581054 +0530,
-50,x,160,0,40,x,1,0.565711041999748,None,40,0,160,0,,,,,406.578987624991,,406.56978129199706,406.578987624991,407.56685691699386,407.56685691699386,407.56685691699386,407.56685691699386,407.56685691699386,408.5680524999916,408.5680524999916,409.1475702500029,x,1,0.565711041999748,None,,,,,05,001,2025-10-03_09h33.40.480,Motor Sequential Learning,,2025.1.1,None,2025-10-03 09h33.50.581054 +0530,
150,v,161,1,40,v,1,0.36417512499610893,None,40,1,161,1,,,,,409.15751674999774,,409.1483594169986,409.15751674999774,410.1459314169915,410.1459314169915,410.1459314169915,410.1459314169915,410.15080904199567,411.14585950000037,411.14585950000037,411.5139308749931,v,1,0.36417512499610893,None,,,,,05,001,2025-10-03_09h33.40.480,Motor Sequential Learning,,2025.1.1,None,2025-10-03 09h33.50.581054 +0530,
50,c,162,2,40,c,1,0.3384706670040032,None,40,2,162,2,,,,,411.5185137090011,,411.51458954199916,411.5185137090011,412.51250266699935,412.51250266699935,412.51250266699935,412.51250266699935,412.5173752499977,413.5124349999969,413.5124349999969,413.8639310419967,c,1,0.3384706670040032,None,,,,,05,001,2025-10-03_09h33.40.480,Motor Sequential Learning,,2025.1.1,None,2025-10-03 09h33.50.581054 +0530,
-150,z,163,3,40,z,1,0.34837616598815657,None,40,3,163,3,,,,,413.8737369169976,,413.86464720900403,413.8737369169976,414.86246862499684,414.86246862499684,414.86246862499684,414.86246862499684,414.8673005419987,415.862548709003,415.862548709003,416.2140571249911,z,1,0.34837616598815657,None,,,,,05,001,2025-10-03_09h33.40.480,Motor Sequential Learning,,2025.1.1,None,2025-10-03 09h33.50.581054 +0530,
-50,x,164,0,41,x,1,0.4671814580069622,None,41,0,164,0,,,,,416.21932120899146,,416.2149131670012,416.21932120899146,417.2124146249989,417.2124146249989,417.2124146249989,417.2124146249989,417.2165899590036,418.2125246249925,418.2125246249925,418.6854734170047,x,1,0.4671814580069622,None,,,,,05,001,2025-10-03_09h33.40.480,Motor Sequential Learning,,2025.1.1,None,2025-10-03 09h33.50.581054 +0530,
150,v,165,1,41,v,1,0.3259299169876613,None,41,1,165,1,,,,,418.69512387500436,,418.68596591700043,418.69512387500436,419.6841095839918,419.6841095839918,419.6841095839918,419.6841095839918,419.6841095839918,420.68576741700235,420.68576741700235,421.01414937499794,v,1,0.3259299169876613,None,,,,,05,001,2025-10-03_09h33.40.480,Motor Sequential Learning,,2025.1.1,None,2025-10-03 09h33.50.581054 +0530,
50,c,166,2,41,c,1,0.41631924999819603,None,41,2,166,2,,,,,421.0196312920016,,421.0150277089997,421.0196312920016,422.01227887500136,422.01227887500136,422.01227887500136,422.01227887500136,422.01671483399696,423.01241441699676,423.01241441699676,423.43053112499183,c,1,0.41631924999819603,None,,,,,05,001,2025-10-03_09h33.40.480,Motor Sequential Learning,,2025.1.1,None,2025-10-03 09h33.50.581054 +0530,
-150,z,167,3,41,z,1,0.3447475839930121,None,41,3,167,3,,,,,423.43555562499387,,423.43133274999855,423.43555562499387,424.4289346250007,424.4289346250007,424.4289346250007,424.4289346250007,424.433069916995,425.4290357919963,425.4290357919963,425.7811924589914,z,1,0.3447475839930121,None,,,,,05,001,2025-10-03_09h33.40.480,Motor Sequential Learning,,2025.1.1,None,2025-10-03 09h33.50.581054 +0530,
-50,x,168,0,42,x,1,0.42460350001056213,None,42,0,168,0,,,,,425.7909585419984,,425.78194254200207,425.7909585419984,426.7791142089991,426.7791142089991,426.7791142089991,426.7791142089991,426.7837995419977,427.7790027089941,427.7790027089941,428.2136755840038,x,1,0.42460350001056213,None,,,,,05,001,2025-10-03_09h33.40.480,Motor Sequential Learning,,2025.1.1,None,2025-10-03 09h33.50.581054 +0530,
150,v,169,1,42,v,1,0.43112179200397804,None,42,1,169,1,,,,,428.22347658399667,,428.2143108750024,428.22347658399667,429.2123900419974,429.2123900419974,429.2123900419974,429.2123900419974,429.21740904200124,430.21244279199163,430.21244279199163,430.6471272499912,v,1,0.43112179200397804,None,,,,,05,001,2025-10-03_09h33.40.480,Motor Sequential Learning,,2025.1.1,None,2025-10-03 09h33.50.581054 +0530,
50,c,170,2,42,c,1,0.4119688750070054,None,42,2,170,2,,,,,430.65245029199286,,430.64794083399465,430.65245029199286,431.64562191699224,431.64562191699224,431.64562191699224,431.64562191699224,431.6505901670025,432.6456849590031,432.6456849590031,433.06385704199784,c,1,0.4119688750070054,None,,,,,05,001,2025-10-03_09h33.40.480,Motor Sequential Learning,,2025.1.1,None,2025-10-03 09h33.50.581054 +0530,
-150,z,171,3,42,z,1,0.5491621249966556,None,42,3,171,3,,,,,433.07383995900454,,433.06470254200394,433.07383995900454,434.0622750839975,434.0622750839975,434.0622750839975,434.0622750839975,434.06644066699664,435.0623205000011,435.0623205000011,435.61389791699185,z,1,0.5491621249966556,None,,,,,05,001,2025-10-03_09h33.40.480,Motor Sequential Learning,,2025.1.1,None,2025-10-03 09h33.50.581054 +0530,
-50,x,172,0,43,x,1,0.44706250001036096,None,43,0,172,0,,,,,435.61928379199526,,435.61475495899504,435.61928379199526,436.612220333991,436.612220333991,436.612220333991,436.612220333991,436.6164353339991,437.612336124992,437.612336124992,438.06392966699786,x,1,0.44706250001036096,None,,,,,05,001,2025-10-03_09h33.40.480,Motor Sequential Learning,,2025.1.1,None,2025-10-03 09h33.50.581054 +0530,
150,v,173,1,43,v,1,0.40373441600240767,None,43,1,173,1,,,,,438.0694063749979,,438.06484849999833,438.0694063749979,439.0623189589969,439.0623189589969,439.0623189589969,439.0623189589969,439.0668909169908,440.0624697500025,440.0624697500025,440.46850674999587,v,1,0.40373441600240767,None,,,,,05,001,2025-10-03_09h33.40.480,Motor Sequential Learning,,2025.1.1,None,2025-10-03 09h33.50.581054 +0530,
50,c,174,2,43,c,1,0.5373246670060325,None,43,2,174,2,,,,,440.4783568339917,,440.4689960840042,440.4783568339917,441.46717066699057,441.46717066699057,441.46717066699057,441.46717066699057,441.46717066699057,442.46782587499183,442.46782587499183,443.01417716700234,c,1,0.5373246670060325,None,,,,,05,001,2025-10-03_09h33.40.480,Motor Sequential Learning,,2025.1.1,None,2025-10-03 09h33.50.581054 +0530,
-150,z,175,3,43,z,1,0.3348951249936363,None,43,3,175,3,,,,,443.02371995900467,,443.01491050000186,443.02371995900467,444.01231845900475,444.01231845900475,444.01231845900475,444.01231845900475,444.0173186669999,445.0122275419999,445.0122275419999,445.35201383399544,z,1,0.3348951249936363,None,,,,,05,001,2025-10-03_09h33.40.480,Motor Sequential Learning,,2025.1.1,None,2025-10-03 09h33.50.581054 +0530,
-50,x,176,0,44,x,1,0.3540106250002282,None,44,0,176,0,,,,,445.3618734999909,,445.35247716699087,445.3618734999909,446.3503826669912,446.3503826669912,446.3503826669912,446.3503826669912,446.3503826669912,447.3511189589917,447.3511189589917,447.71389158400416,x,1,0.3540106250002282,None,,,,,05,001,2025-10-03_09h33.40.480,Motor Sequential Learning,,2025.1.1,None,2025-10-03 09h33.50.581054 +0530,
150,v,177,1,44,v,1,0.6869322909915354,None,44,1,177,1,,,,,447.72456945899467,,447.7150008339959,447.72456945899467,448.7120652500016,448.7120652500016,448.7120652500016,448.7120652500016,448.7162140839937,449.71213812500355,449.71213812500355,450.40157999999064,v,1,0.6869322909915354,None,,,,,05,001,2025-10-03_09h33.40.480,Motor Sequential Learning,,2025.1.1,None,2025-10-03 09h33.50.581054 +0530,
50,c,178,2,44,c,1,0.4655572499905247,None,44,2,178,2,,,,,450.4115682499978,,450.40206208400195,450.4115682499978,451.4004012499936,451.4004012499936,451.4004012499936,451.4004012499936,451.4004012499936,452.3955165840016,452.3955165840016,452.8636898340046,c,1,0.4655572499905247,None,,,,,05,001,2025-10-03_09h33.40.480,Motor Sequential Learning,,2025.1.1,None,2025-10-03 09h33.50.581054 +0530,
-150,z,179,3,44,z,1,0.7376555410010042,None,44,3,179,3,,,,,452.86917666699446,,452.86450137499196,452.86917666699446,453.8624576250004,453.8624576250004,453.8624576250004,453.8624576250004,453.86746187499375,454.86218137499236,454.86218137499236,455.6020510419912,z,1,0.7376555410010042,None,,,,,05,001,2025-10-03_09h33.40.480,Motor Sequential Learning,,2025.1.1,None,2025-10-03 09h33.50.581054 +0530,
-50,x,180,0,45,x,1,0.48411379200115334,None,45,0,180,0,,,,,455.611936375004,,455.60252083399973,455.611936375004,456.6006731249945,456.6006731249945,456.6006731249945,456.6006731249945,456.6006731249945,457.6007952920045,457.6007952920045,458.09708383399993,x,1,0.48411379200115334,None,,,,,05,001,2025-10-03_09h33.40.480,Motor Sequential Learning,,2025.1.1,None,2025-10-03 09h33.50.581054 +0530,
150,v,181,1,45,v,1,1.1012595420033904,None,45,1,181,1,,,,,458.1074019170046,,458.0977959169977,458.1074019170046,459.0954349169915,459.0954349169915,459.0954349169915,459.0954349169915,459.1003284170001,460.095584374998,460.095584374998,461.2023194999929,v,1,1.1012595420033904,None,,,,,05,001,2025-10-03_09h33.40.480,Motor Sequential Learning,,2025.1.1,None,2025-10-03 09h33.50.581054 +0530,
50,c,182,2,45,c,1,0.5085554169927491,None,45,2,182,2,,,,,461.21216149999236,,461.2028357919917,461.21216149999236,462.2003232499992,462.2003232499992,462.2003232499992,462.2003232499992,462.2003232499992,463.20122408399766,463.20122408399766,463.7138425000012,c,1,0.5085554169927491,None,,,,,05,001,2025-10-03_09h33.40.480,Motor Sequential Learning,,2025.1.1,None,2025-10-03 09h33.50.581054 +0530,
-150,z,183,3,45,z,1,0.4026925419893814,None,45,3,183,3,,,,,463.719425999996,,463.71479220899346,463.719425999996,464.71193879199564,464.71193879199564,464.71193879199564,464.71193879199564,464.7161789590027,465.7120311250037,465.7120311250037,466.1177192920004,z,1,0.4026925419893814,None,,,,,05,001,2025-10-03_09h33.40.480,Motor Sequential Learning,,2025.1.1,None,2025-10-03 09h33.50.581054 +0530,
-50,x,184,0,46,x,1,0.5540168750012526,None,46,0,184,0,,,,,466.12781370899756,,466.11821699999564,466.12781370899756,467.1169052089972,467.1169052089972,467.1169052089972,467.1169052089972,467.1169052089972,468.11768608399143,468.11768608399143,468.68006612500176,x,1,0.5540168750012526,None,,,,,05,001,2025-10-03_09h33.40.480,Motor Sequential Learning,,2025.1.1,None,2025-10-03 09h33.50.581054 +0530,
150,v,185,1,46,v,1,0.3837565839930903,None,46,1,185,1,,,,,468.6901953339984,,468.68086987499555,468.6901953339984,469.6785822499951,469.6785822499951,469.6785822499951,469.6785822499951,469.6833267089969,470.6786712920002,470.6786712920002,471.06843379199563,v,1,0.3837565839930903,None,,,,,05,001,2025-10-03_09h33.40.480,Motor Sequential Learning,,2025.1.1,None,2025-10-03 09h33.50.581054 +0530,
50,c,186,2,46,c,1,0.4464171669969801,None,46,2,186,2,,,,,471.07798729199567,,471.06893137500447,471.07798729199567,472.06691737499204,472.06691737499204,472.06691737499204,472.06691737499204,472.06691737499204,473.0681584589911,473.0681584589911,473.51819375000196,c,1,0.4464171669969801,None,,,,,05,001,2025-10-03_09h33.40.480,Motor Sequential Learning,,2025.1.1,None,2025-10-03 09h33.50.581054 +0530,
-150,z,187,3,46,z,1,0.479868542010081,None,46,3,187,3,,,,,473.52856637499644,,473.51867983400007,473.52856637499644,474.5168226669921,474.5168226669921,474.5168226669921,474.5168226669921,474.5168226669921,475.5176052089955,475.5176052089955,476.00164029200096,z,1,0.479868542010081,None,,,,,05,001,2025-10-03_09h33.40.480,Motor Sequential Learning,,2025.1.1,None,2025-10-03 09h33.50.581054 +0530,
-50,x,188,0,47,x,1,0.4833997499954421,None,47,0,188,0,,,,,476.01156283399905,,476.00214479200076,476.01156283399905,477.00016933400184,477.00016933400184,477.00016933400184,477.00016933400184,477.00016933400184,478.0010138749931,478.0010138749931,478.4968800420029,x,1,0.4833997499954421,None,,,,,05,001,2025-10-03_09h33.40.480,Motor Sequential Learning,,2025.1.1,None,2025-10-03 09h33.50.581054 +0530,
150,v,189,1,47,v,1,0.5331231659947662,None,47,1,189,1,,,,,478.50690824999765,,478.4978447500034,478.50690824999765,479.49529345899646,479.49529345899646,479.49529345899646,479.49529345899646,479.4999754169985,480.49517154200294,480.49517154200294,481.03009329199267,v,1,0.5331231659947662,None,,,,,05,001,2025-10-03_09h33.40.480,Motor Sequential Learning,,2025.1.1,None,2025-10-03 09h33.50.581054 +0530,
50,c,190,2,47,c,1,0.4456660839932738,None,47,2,190,2,,,,,481.0357244170009,,481.0309509170038,481.0357244170009,482.0286833749997,482.0286833749997,482.0286833749997,482.0286833749997,482.0331012499955,483.0288281249959,483.0288281249959,483.4796697499987,c,1,0.4456660839932738,None,,,,,05,001,2025-10-03_09h33.40.480,Motor Sequential Learning,,2025.1.1,None,2025-10-03 09h33.50.581054 +0530,
-150,z,191,3,47,z,1,0.5497671670018462,None,47,3,191,3,,,,,483.4892219589965,,483.4803174589906,483.4892219589965,484.4783522499929,484.4783522499929,484.4783522499929,484.4783522499929,484.4832613750041,485.47841383400373,485.47841383400373,486.0301963749953,z,1,0.5497671670018462,None,,,,,05,001,2025-10-03_09h33.40.480,Motor Sequential Learning,,2025.1.1,None,2025-10-03 09h33.50.581054 +0530,
-50,x,192,0,48,x,1,0.5845100419974187,None,48,0,192,0,,,,,486.0355574169953,,486.03104066700325,486.0355574169953,487.0285629169957,487.0285629169957,487.0285629169957,487.0285629169957,487.0336432089971,488.02873945899773,488.02873945899773,488.6182955419936,x,1,0.5845100419974187,None,,,,,05,001,2025-10-03_09h33.40.480,Motor Sequential Learning,,2025.1.1,None,2025-10-03 09h33.50.581054 +0530,
150,v,193,1,48,v,1,0.35521958299796097,None,48,1,193,1,,,,,488.62771512499603,,488.61876149999443,488.62771512499603,489.61679341699346,489.61679341699346,489.61679341699346,489.61679341699346,489.61679341699346,490.6118401249987,490.6118401249987,490.97830687499663,v,1,0.35521958299796097,None,,,,,05,001,2025-10-03_09h33.40.480,Motor Sequential Learning,,2025.1.1,None,2025-10-03 09h33.50.581054 +0530,
50,c,194,2,48,v,0,0.3978280830051517,None,48,2,194,2,,,,,490.9824164169986,,490.9788126249914,490.9824164169986,491.96698549999564,491.96698549999564,491.96698549999564,491.96698549999564,491.9785587919905,492.9672769589961,492.9672769589961,493.36806645899196,v,0,0.3978280830051517,None,,,,,05,001,2025-10-03_09h33.40.480,Motor Sequential Learning,,2025.1.1,None,2025-10-03 09h33.50.581054 +0530,
-150,z,195,3,48,z,1,0.4907405839912826,None,48,3,195,3,,,,,493.38361983399955,,493.3685599589953,493.38361983399955,494.3669965839945,494.3669965839945,494.3669965839945,494.3669965839945,494.3783492090006,495.36742070899345,495.36742070899345,495.8632504589914,z,1,0.4907405839912826,None,,,,,05,001,2025-10-03_09h33.40.480,Motor Sequential Learning,,2025.1.1,None,2025-10-03 09h33.50.581054 +0530,
-50,x,196,0,49,x,1,0.5412407499970868,None,49,0,196,0,,,,,495.86836608400336,,495.8641587919992,495.86836608400336,496.8616708749905,496.8616708749905,496.8616708749905,496.8616708749905,496.8665838750021,497.86176149999665,497.86176149999665,498.413489833998,x,1,0.5412407499970868,None,,,,,05,001,2025-10-03_09h33.40.480,Motor Sequential Learning,,2025.1.1,None,2025-10-03 09h33.50.581054 +0530,
150,v,197,1,49,v,1,0.7302384580107173,None,49,1,197,1,,,,,498.4239109170012,,498.4143092089944,498.4239109170012,499.4116685839981,499.4116685839981,499.4116685839981,499.4116685839981,499.41590266699495,500.41184879199136,500.41184879199136,501.14618262500153,v,1,0.7302384580107173,None,,,,,05,001,2025-10-03_09h33.40.480,Motor Sequential Learning,,2025.1.1,None,2025-10-03 09h33.50.581054 +0530,
50,c,198,2,49,c,1,0.3688462079880992,None,49,2,198,2,,,,,501.15101212500304,,501.14682570900186,501.15101212500304,502.14505987499433,502.14505987499433,502.14505987499433,502.14505987499433,502.1500009589945,503.1449424589955,503.1449424589955,503.5172167089913,c,1,0.3688462079880992,None,,,,,05,001,2025-10-03_09h33.40.480,Motor Sequential Learning,,2025.1.1,None,2025-10-03 09h33.50.581054 +0530,
-150,z,199,3,49,z,1,0.5131250830017962,None,49,3,199,3,,,,,503.52744375000475,,503.51769675000105,503.52744375000475,504.5116272919986,504.5116272919986,504.5116272919986,504.5116272919986,504.51591537499917,505.5116667919938,505.5116667919938,506.030307042005,z,1,0.5131250830017962,None,,,,,05,001,2025-10-03_09h33.40.480,Motor Sequential Learning,,2025.1.1,None,2025-10-03 09h33.50.581054 +0530,
150,v,0,0,0,v,1,0.4244917500036536,None,,,,,0,0,0,1,506.05033645899675,,506.04407533399353,506.05033645899675,507.0284201250033,507.0284201250033,507.0284201250033,507.0284201250033,507.04500412500056,508.0285943339986,508.0285943339986,508.4632579169993,,,,,v,1,0.4244917500036536,None,05,001,2025-10-03_09h33.40.480,Motor Sequential Learning,,2025.1.1,None,2025-10-03 09h33.50.581054 +0530,
-150,z,1,1,0,z,1,0.44732849999854807,None,,,,,0,1,1,3,508.47232491699106,,508.4641079589928,508.47232491699106,509.46163108399196,509.46163108399196,509.46163108399196,509.46163108399196,509.4665347919945,510.46154379200016,510.46154379200016,510.91306224999425,,,,,z,1,0.44732849999854807,None,05,001,2025-10-03_09h33.40.480,Motor Sequential Learning,,2025.1.1,None,2025-10-03 09h33.50.581054 +0530,
50,c,2,2,0,c,1,0.4971995420055464,None,,,,,0,2,2,2,510.91856645900407,,510.91395366699726,510.91856645900407,511.9115307500033,511.9115307500033,511.9115307500033,511.9115307500033,511.91663712500304,512.9115982499934,512.9115982499934,513.4128020839998,,,,,c,1,0.4971995420055464,None,05,001,2025-10-03_09h33.40.480,Motor Sequential Learning,,2025.1.1,None,2025-10-03 09h33.50.581054 +0530,
-150,z,3,3,1,z,1,0.4540712090092711,None,,,,,1,3,3,3,513.4174969169981,,513.4135261250049,513.4174969169981,514.4116540419927,514.4116540419927,514.4116540419927,514.4116540419927,514.4166684999946,515.4115336669929,515.4115336669929,515.8678683339967,,,,,z,1,0.4540712090092711,None,05,001,2025-10-03_09h33.40.480,Motor Sequential Learning,,2025.1.1,None,2025-10-03 09h33.50.581054 +0530,
150,v,4,4,1,v,1,0.4462052079907153,None,,,,,1,4,4,1,515.8775213339977,,515.8683818339923,515.8775213339977,516.8666807919944,516.8666807919944,516.8666807919944,516.8666807919944,516.8666807919944,517.8662186250003,517.8662186250003,518.3174964589998,,,,,v,1,0.4462052079907153,None,05,001,2025-10-03_09h33.40.480,Motor Sequential Learning,,2025.1.1,None,2025-10-03 09h33.50.581054 +0530,
-150,z,5,5,2,z,1,0.5014363750087796,None,,,,,2,5,5,3,518.3272202090011,,518.3179952499922,518.3272202090011,519.3165872499958,519.3165872499958,519.3165872499958,519.3165872499958,519.3165872499958,520.317970249991,520.317970249991,520.8297712499916,,,,,z,1,0.5014363750087796,None,05,001,2025-10-03_09h33.40.480,Motor Sequential Learning,,2025.1.1,None,2025-10-03 09h33.50.581054 +0530,
50,c,6,6,1,c,1,0.5870895419939188,None,,,,,1,6,6,2,520.8395315419912,,520.8305862499983,520.8395315419912,521.828137916993,521.828137916993,521.828137916993,521.828137916993,521.833060334,522.8282167500001,522.8282167500001,523.4181482919957,,,,,c,1,0.5870895419939188,None,05,001,2025-10-03_09h33.40.480,Motor Sequential Learning,,2025.1.1,None,2025-10-03 09h33.50.581054 +0530,
50,c,7,7,2,c,1,0.6125253750069533,None,,,,,2,7,7,2,523.4275545839919,,523.418676375004,523.4275545839919,524.4164909590036,524.4164909590036,524.4164909590036,524.4164909590036,524.4164909590036,525.4177705420007,525.4177705420007,526.0350214999926,,,,,c,1,0.6125253750069533,None,05,001,2025-10-03_09h33.40.480,Motor Sequential Learning,,2025.1.1,None,2025-10-03 09h33.50.581054 +0530,
50,c,8,8,3,c,1,0.6263199999957578,None,,,,,3,8,8,2,526.0444397090032,,526.0355312500033,526.0444397090032,527.0333752089937,527.0333752089937,527.0333752089937,527.0333752089937,527.0333752089937,528.0340631669969,528.0340631669969,528.6629013339989,,,,,c,1,0.6263199999957578,None,05,001,2025-10-03_09h33.40.480,Motor Sequential Learning,,2025.1.1,None,2025-10-03 09h33.50.581054 +0530,
50,c,9,9,4,c,1,0.5887155419914052,None,,,,,4,9,9,2,528.6678657089942,,528.6636802919966,528.6678657089942,529.6615115419991,529.6615115419991,529.6615115419991,529.6615115419991,529.6662622500007,530.6624374999956,530.6624374999956,531.2621987919993,,,,,c,1,0.5887155419914052,None,05,001,2025-10-03_09h33.40.480,Motor Sequential Learning,,2025.1.1,None,2025-10-03 09h33.50.581054 +0530,
-150,z,10,10,3,z,1,0.49446166699635796,None,,,,,3,10,10,3,531.2676674169925,,531.2625101669983,531.2676674169925,532.2489990000031,532.2489990000031,532.2489990000031,532.2489990000031,532.2653869170026,533.2497688339936,533.2497688339936,533.7459396249906,,,,,z,1,0.49446166699635796,None,05,001,2025-10-03_09h33.40.480,Motor Sequential Learning,,2025.1.1,None,2025-10-03 09h33.50.581054 +0530,
-150,z,11,11,4,z,1,0.7033986250025919,None,,,,,4,11,11,3,533.7506319590029,,533.7464497089968,533.7506319590029,534.7446543340047,534.7446543340047,534.7446543340047,534.7446543340047,534.7446543340047,535.7447483750002,535.7447483750002,536.4518849589949,,,,,z,1,0.7033986250025919,None,05,001,2025-10-03_09h33.40.480,Motor Sequential Learning,,2025.1.1,None,2025-10-03 09h33.50.581054 +0530,
50,c,12,12,5,c,1,0.8685788750008214,None,,,,,5,12,12,2,536.4783375419938,,536.4523780000018,536.4783375419938,537.4499844590027,537.4499844590027,537.4499844590027,537.4499844590027,537.4653063339938,538.4514064999967,538.4514064999967,539.3292692919931,,,,,c,1,0.8685788750008214,None,05,001,2025-10-03_09h33.40.480,Motor Sequential Learning,,2025.1.1,None,2025-10-03 09h33.50.581054 +0530,
-150,z,13,13,5,z,1,0.5379716250026831,None,,,,,5,13,13,3,539.3391461249994,,539.3299913340015,539.3391461249994,540.3282149589941,540.3282149589941,540.3282149589941,540.3282149589941,540.3331021249905,541.328038874999,541.328038874999,541.8686845839984,,,,,z,1,0.5379716250026831,None,05,001,2025-10-03_09h33.40.480,Motor Sequential Learning,,2025.1.1,None,2025-10-03 09h33.50.581054 +0530,
-50,x,14,14,0,x,1,0.5623168750025798,None,,,,,0,14,14,0,541.8948727090028,,541.8692369170021,541.8948727090028,542.8664686669945,542.8664686669945,542.8664686669945,542.8664686669945,542.8828968750022,543.8675607920013,543.8675607920013,544.4351320839924,,,,,x,1,0.5623168750025798,None,05,001,2025-10-03_09h33.40.480,Motor Sequential Learning,,2025.1.1,None,2025-10-03 09h33.50.581054 +0530,
50,c,15,15,6,c,1,0.6806675420084503,None,,,,,6,15,15,2,544.4478601250012,,544.4356831670011,544.4478601250012,545.4330714590033,545.4330714590033,545.4330714590033,545.4330714590033,545.4447953749914,546.4332175839954,546.4332175839954,547.1177932499995,,,,,c,1,0.6806675420084503,None,05,001,2025-10-03_09h33.40.480,Motor Sequential Learning,,2025.1.1,None,2025-10-03 09h33.50.581054 +0530,
150,v,16,16,2,v,1,0.49068645801162347,None,,,,,2,16,16,1,547.127708999993,,547.118293749998,547.127708999993,548.1163697919983,548.1163697919983,548.1163697919983,548.1163697919983,548.1163697919983,549.1181700839952,549.1181700839952,549.6132732499973,,,,,v,1,0.49068645801162347,None,05,001,2025-10-03_09h33.40.480,Motor Sequential Learning,,2025.1.1,None,2025-10-03 09h33.50.581054 +0530,
-50,x,17,17,1,x,1,0.5914139590022387,None,,,,,1,17,17,0,549.6183807920024,,549.6142434590001,549.6183807920024,550.6112114999996,550.6112114999996,550.6112114999996,550.6112114999996,550.6153876250028,551.6113212499913,551.6113212499913,552.2125727090024,,,,,x,1,0.5914139590022387,None,05,001,2025-10-03_09h33.40.480,Motor Sequential Learning,,2025.1.1,None,2025-10-03 09h33.50.581054 +0530,
-150,z,18,18,6,z,1,0.5107641670037992,None,,,,,6,18,18,3,552.222119041995,,552.213228749999,552.222119041995,553.2112760419986,553.2112760419986,553.2112760419986,553.2112760419986,553.215466374997,554.2111303749989,554.2111303749989,554.7295842919993,,,,,z,1,0.5107641670037992,None,05,001,2025-10-03_09h33.40.480,Motor Sequential Learning,,2025.1.1,None,2025-10-03 09h33.50.581054 +0530,
-150,z,19,19,7,z,1,0.4927219170058379,None,,,,,7,19,19,3,554.7402909590019,,554.7304255420022,554.7402909590019,555.7279962500033,555.7279962500033,555.7279962500033,555.7279962500033,555.7329365000041,556.7278726249933,556.7278726249933,557.2295885839994,,,,,z,1,0.4927219170058379,None,05,001,2025-10-03_09h33.40.480,Motor Sequential Learning,,2025.1.1,None,2025-10-03 09h33.50.581054 +0530,
-50,x,20,20,2,x,1,0.5609714160091244,None,,,,,2,20,20,0,557.2400658749975,,557.2305579169915,557.2400658749975,558.2278978749964,558.2278978749964,558.2278978749964,558.2278978749964,558.2326189589949,559.2277979999926,559.2277979999926,559.7956948339997,,,,,x,1,0.5609714160091244,None,05,001,2025-10-03_09h33.40.480,Motor Sequential Learning,,2025.1.1,None,2025-10-03 09h33.50.581054 +0530,
-50,x,21,21,3,x,1,0.6131966660032049,None,,,,,3,21,21,0,559.8051968749933,,559.7963592089945,559.8051968749933,560.7945280839922,560.7945280839922,560.7945280839922,560.7945280839922,560.7987027089985,561.7944264590042,561.7944264590042,562.4123992499954,,,,,x,1,0.6131966660032049,None,05,001,2025-10-03_09h33.40.480,Motor Sequential Learning,,2025.1.1,None,2025-10-03 09h33.50.581054 +0530,
50,c,22,22,7,c,1,0.5883252080093371,None,,,,,7,22,22,2,562.417495458998,,562.4132324169914,562.417495458998,563.4111979589943,563.4111979589943,563.4111979589943,563.4111979589943,563.4160727499984,564.4110845419928,564.4110845419928,565.0012976669968,,,,,c,1,0.5883252080093371,None,05,001,2025-10-03_09h33.40.480,Motor Sequential Learning,,2025.1.1,None,2025-10-03 09h33.50.581054 +0530,
-50,x,23,23,4,x,1,0.5963499589997809,None,,,,,4,23,23,0,565.0111068749975,,565.0018063750031,565.0111068749975,565.9993666249939,565.9993666249939,565.9993666249939,565.9993666249939,565.9993666249939,566.9999691669946,566.9999691669946,567.6005170839926,,,,,x,1,0.5963499589997809,None,05,001,2025-10-03_09h33.40.480,Motor Sequential Learning,,2025.1.1,None,2025-10-03 09h33.50.581054 +0530,
-150,z,24,24,8,z,1,0.8484508749970701,None,,,,,8,24,24,3,567.610439541997,,567.601031750004,567.610439541997,568.5995382090041,568.5995382090041,568.5995382090041,568.5995382090041,568.5995382090041,569.5999727919989,569.5999727919989,570.449423166996,,,,,z,1,0.8484508749970701,None,05,001,2025-10-03_09h33.40.480,Motor Sequential Learning,,2025.1.1,None,2025-10-03 09h33.50.581054 +0530,
-150,z,25,25,9,z,1,0.4292824160074815,None,,,,,9,25,25,3,570.461076874999,,570.4497796249925,570.461076874999,571.444371916994,571.444371916994,571.444371916994,571.444371916994,571.4490443340037,572.4443040839978,572.4443040839978,572.8792456249939,,,,,z,1,0.4292824160074815,None,05,001,2025-10-03_09h33.40.480,Motor Sequential Learning,,2025.1.1,None,2025-10-03 09h33.50.581054 +0530,
50,c,26,26,8,v,0,0.40660516700882,None,,,,,8,26,26,2,572.8882998339977,,572.8801117090043,572.8882998339977,573.8776088339946,573.8776088339946,573.8776088339946,573.8776088339946,573.8819474589982,574.8776777089952,574.8776777089952,575.2955841670046,,,,,v,0,0.40660516700882,None,05,001,2025-10-03_09h33.40.480,Motor Sequential Learning,,2025.1.1,None,2025-10-03 09h33.50.581054 +0530,
150,v,27,27,3,v,1,0.40162779101228807,None,,,,,3,27,27,1,575.3042293339968,,575.2964632499934,575.3042293339968,576.2944442500011,576.2944442500011,576.2944442500011,576.2944442500011,576.298694875004,577.2945730840001,577.2945730840001,577.7019463750039,,,,,v,1,0.40162779101228807,None,05,001,2025-10-03_09h33.40.480,Motor Sequential Learning,,2025.1.1,None,2025-10-03 09h33.50.581054 +0530,
50,c,28,28,9,c,1,0.610283583009732,None,,,,,9,28,28,2,577.7280078339973,,577.7025184169906,577.7280078339973,578.7005564589927,578.7005564589927,578.7005564589927,578.7005564589927,578.7159312089934,579.6997877090034,579.6997877090034,580.3126302500023,,,,,c,1,0.610283583009732,None,05,001,2025-10-03_09h33.40.480,Motor Sequential Learning,,2025.1.1,None,2025-10-03 09h33.50.581054 +0530,
150,v,29,29,4,v,1,0.616591874990263,None,,,,,4,29,29,1,580.3179790839931,,580.3134189169941,580.3179790839931,581.3109537919954,581.3109537919954,581.3109537919954,581.3109537919954,581.3158543750033,582.3110204999975,582.3110204999975,582.9292141250044,,,,,v,1,0.616591874990263,None,05,001,2025-10-03_09h33.40.480,Motor Sequential Learning,,2025.1.1,None,2025-10-03 09h33.50.581054 +0530,
-150,z,30,30,10,z,1,0.47525754100934137,None,,,,,10,30,30,3,582.9346409999998,,582.9300157090038,582.9346409999998,583.927611209001,583.927611209001,583.927611209001,583.927611209001,583.931698417,584.9276809169969,584.9276809169969,585.412518416997,,,,,z,1,0.47525754100934137,None,05,001,2025-10-03_09h33.40.480,Motor Sequential Learning,,2025.1.1,None,2025-10-03 09h33.50.581054 +0530,
-150,z,31,31,11,z,1,0.4769374580064323,None,,,,,11,31,31,3,585.4220382089989,,585.4132947500038,585.4220382089989,586.4111159169988,586.4111159169988,586.4111159169988,586.4111159169988,586.4160482919979,587.4110130420013,587.4110130420013,587.895860042001,,,,,z,1,0.4769374580064323,None,05,001,2025-10-03_09h33.40.480,Motor Sequential Learning,,2025.1.1,None,2025-10-03 09h33.50.581054 +0530,
50,c,32,32,10,c,1,0.7357946249976521,None,,,,,10,32,32,2,587.9052458340011,,587.8964175000001,587.9052458340011,588.8942424589914,588.8942424589914,588.8942424589914,588.8942424589914,588.8989487920044,589.8941384589998,589.8941384589998,590.6329150419915,,,,,c,1,0.7357946249976521,None,05,001,2025-10-03_09h33.40.480,Motor Sequential Learning,,2025.1.1,None,2025-10-03 09h33.50.581054 +0530,
-150,z,33,33,12,z,1,0.6143319999973755,None,,,,,12,33,33,3,590.643225916996,,590.633408291993,590.643225916996,591.6276107089943,591.6276107089943,591.6276107089943,591.6276107089943,591.6321530419955,592.6275181249948,592.6275181249948,593.245780333993,,,,,z,1,0.6143319999973755,None,05,001,2025-10-03_09h33.40.480,Motor Sequential Learning,,2025.1.1,None,2025-10-03 09h33.50.581054 +0530,
-50,x,34,34,5,x,1,0.6966743340017274,None,,,,,5,34,34,0,593.2511907919979,,593.2465314589936,593.2511907919979,594.2443185839948,594.2443185839948,594.2443185839948,594.2443185839948,594.2492803749919,595.2441734169988,595.2441734169988,595.9458536250022,,,,,x,1,0.6966743340017274,None,05,001,2025-10-03_09h33.40.480,Motor Sequential Learning,,2025.1.1,None,2025-10-03 09h33.50.581054 +0530,
150,v,35,35,5,v,1,0.619630999994115,None,,,,,5,35,35,1,595.9513536250015,,595.9467449170043,595.9513536250015,596.9449001250032,596.9449001250032,596.9449001250032,596.9449001250032,596.9495321249997,597.9441084589926,597.9441084589926,598.5663877500047,,,,,v,1,0.619630999994115,None,05,001,2025-10-03_09h33.40.480,Motor Sequential Learning,,2025.1.1,None,2025-10-03 09h33.50.581054 +0530,
150,v,36,36,6,v,1,0.4768980420049047,None,,,,,6,36,36,1,598.576791792002,,598.5668990839913,598.576791792002,599.5608692499954,599.5608692499954,599.5608692499954,599.5608692499954,599.5653721249982,600.5608214169915,600.5608214169915,601.0457750839996,,,,,v,1,0.4768980420049047,None,05,001,2025-10-03_09h33.40.480,Motor Sequential Learning,,2025.1.1,None,2025-10-03 09h33.50.581054 +0530,
-50,x,37,37,6,x,1,0.6584303330018884,None,,,,,6,37,37,0,601.0562669999927,,601.0466761249991,601.0562669999927,602.0440267090016,602.0440267090016,602.0440267090016,602.0440267090016,602.048556624999,603.044117958998,603.044117958998,603.7125811250007,,,,,x,1,0.6584303330018884,None,05,001,2025-10-03_09h33.40.480,Motor Sequential Learning,,2025.1.1,None,2025-10-03 09h33.50.581054 +0530,
-50,x,38,38,7,x,1,0.5767495000036433,None,,,,,7,38,38,0,603.7239210419939,,603.7134457920038,603.7239210419939,604.7107626249926,604.7107626249926,604.7107626249926,604.7107626249926,604.7152777500014,605.7107906250021,605.7107906250021,606.2952561249986,,,,,x,1,0.5767495000036433,None,05,001,2025-10-03_09h33.40.480,Motor Sequential Learning,,2025.1.1,None,2025-10-03 09h33.50.581054 +0530,
-50,x,39,39,8,x,1,1.287499416997889,None,,,,,8,39,39,0,606.3052567499981,,606.2959782919934,606.3052567499981,607.2941277920036,607.2941277920036,607.2941277920036,607.2941277920036,607.2985722089943,608.2940024169948,608.2940024169948,609.5837982919911,,,,,x,1,1.287499416997889,None,05,001,2025-10-03_09h33.40.480,Motor Sequential Learning,,2025.1.1,None,2025-10-03 09h33.50.581054 +0530,
150,v,40,40,7,v,1,0.4652022500085877,None,,,,,7,40,40,1,609.5937460839923,,609.5843069999974,609.5937460839923,610.582473041999,610.582473041999,610.582473041999,610.582473041999,610.582473041999,611.5831092500011,611.5831092500011,612.0502512499952,,,,,v,1,0.4652022500085877,None,05,001,2025-10-03_09h33.40.480,Motor Sequential Learning,,2025.1.1,None,2025-10-03 09h33.50.581054 +0530,
150,v,41,41,8,v,1,0.6329945420002332,None,,,,,8,41,41,1,612.060054667003,,612.050769124995,612.060054667003,613.0490689589933,613.0490689589933,613.0490689589933,613.0490689589933,613.0490689589933,614.0493094999983,614.0493094999983,614.6836404999922,,,,,v,1,0.6329945420002332,None,05,001,2025-10-03_09h33.40.480,Motor Sequential Learning,,2025.1.1,None,2025-10-03 09h33.50.581054 +0530,
-150,z,42,42,13,z,1,0.6553237499902025,None,,,,,13,42,42,3,614.6937131669984,,614.6841304589907,614.6937131669984,615.6823024170008,615.6823024170008,615.6823024170008,615.6823024170008,615.6823024170008,616.683979124995,616.683979124995,617.3453237499925,,,,,z,1,0.6553237499902025,None,05,001,2025-10-03_09h33.40.480,Motor Sequential Learning,,2025.1.1,None,2025-10-03 09h33.50.581054 +0530,
-50,x,43,43,9,x,1,0.690187458996661,None,,,,,9,43,43,0,617.3549226670002,,617.3460527089919,617.3549226670002,618.3440830420004,618.3440830420004,618.3440830420004,618.3440830420004,618.3493055839936,619.3439131249906,619.3439131249906,620.0455887499993,,,,,x,1,0.690187458996661,None,05,001,2025-10-03_09h33.40.480,Motor Sequential Learning,,2025.1.1,None,2025-10-03 09h33.50.581054 +0530,
-50,x,44,44,10,x,1,0.46298308300902136,None,,,,,10,44,44,0,620.0560206249938,,620.0464992920024,620.0560206249938,621.0439610839967,621.0439610839967,621.0439610839967,621.0439610839967,621.0487958339945,622.0441244590038,622.0441244590038,622.5126536250027,,,,,x,1,0.46298308300902136,None,05,001,2025-10-03_09h33.40.480,Motor Sequential Learning,,2025.1.1,None,2025-10-03 09h33.50.581054 +0530,
50,c,45,45,11,c,1,0.6515528339950833,None,,,,,11,45,45,2,622.5182304999908,,622.5138924589992,622.5182304999908,623.510644791997,623.510644791997,623.510644791997,623.510644791997,623.5149755839957,624.5105604589917,624.5105604589917,625.1671314999985,,,,,c,1,0.6515528339950833,None,05,001,2025-10-03_09h33.40.480,Motor Sequential Learning,,2025.1.1,None,2025-10-03 09h33.50.581054 +0530,
150,v,46,46,9,v,1,0.5263998330046888,None,,,,,9,46,46,1,625.177123083995,,625.1676411249937,625.177123083995,626.1655116670008,626.1655116670008,626.1655116670008,626.1655116670008,626.1655116670008,627.1666968749923,627.1666968749923,627.6955088340037,,,,,v,1,0.5263998330046888,None,05,001,2025-10-03_09h33.40.480,Motor Sequential Learning,,2025.1.1,None,2025-10-03 09h33.50.581054 +0530,
-150,z,47,47,14,z,1,0.5558287500025472,None,,,,,14,47,47,3,627.7007230839954,,627.6963668340031,627.7007230839954,628.6941942919948,628.6941942919948,628.6941942919948,628.6941942919948,628.6991374170029,629.6940284169978,629.6940284169978,630.261817666993,,,,,z,1,0.5558287500025472,None,05,001,2025-10-03_09h33.40.480,Motor Sequential Learning,,2025.1.1,None,2025-10-03 09h33.50.581054 +0530,
-150,z,48,48,15,z,1,0.4692068750009639,None,,,,,15,48,48,3,630.2718807920028,,630.2625512919913,630.2718807920028,631.2605136249913,631.2605136249913,631.2605136249913,631.2605136249913,631.2653537919978,632.2606958340039,632.2606958340039,632.7334165420034,,,,,z,1,0.4692068750009639,None,05,001,2025-10-03_09h33.40.480,Motor Sequential Learning,,2025.1.1,None,2025-10-03 09h33.50.581054 +0530,
150,v,49,49,10,v,1,0.4318317500001285,None,,,,,10,49,49,1,632.7432336249913,,632.7339248339995,632.7432336249913,633.7322117089934,633.7322117089934,633.7322117089934,633.7322117089934,633.7322117089934,634.7271038750041,634.7271038750041,635.1625435419992,,,,,v,1,0.4318317500001285,None,05,001,2025-10-03_09h33.40.480,Motor Sequential Learning,,2025.1.1,None,2025-10-03 09h33.50.581054 +0530,
150,v,50,50,11,v,1,0.6663833749917103,None,,,,,11,50,50,1,635.1677266250044,,635.1635519589909,635.1677266250044,636.1605223340011,636.1605223340011,636.1605223340011,636.1605223340011,636.1653977919923,637.1603680839908,637.1603680839908,637.8291045840015,,,,,v,1,0.6663833749917103,None,05,001,2025-10-03_09h33.40.480,Motor Sequential Learning,,2025.1.1,None,2025-10-03 09h33.50.581054 +0530,
-150,z,51,51,16,z,1,0.4948170410061721,None,,,,,16,51,51,3,637.834159459002,,637.830086624992,637.834159459002,638.8271730839915,638.8271730839915,638.8271730839915,638.8271730839915,638.8315533339919,639.8270985839918,639.8270985839918,640.3284503750037,,,,,z,1,0.4948170410061721,None,05,001,2025-10-03_09h33.40.480,Motor Sequential Learning,,2025.1.1,None,2025-10-03 09h33.50.581054 +0530,
-150,z,52,52,17,z,1,0.49378004200116266,None,,,,,17,52,52,3,640.3380447090021,,640.3291430840036,640.3380447090021,641.3271146250045,641.3271146250045,641.3271146250045,641.3271146250045,641.331778916996,642.3270294590038,642.3270294590038,642.8283564169978,,,,,z,1,0.49378004200116266,None,05,001,2025-10-03_09h33.40.480,Motor Sequential Learning,,2025.1.1,None,2025-10-03 09h33.50.581054 +0530,
150,v,53,53,12,v,1,0.49173770799825434,None,,,,,12,53,53,1,642.8379393749929,,642.8290394170035,642.8379393749929,643.8270757089922,643.8270757089922,643.8270757089922,643.8270757089922,643.8318242499954,644.8269535419968,644.8269535419968,645.3285840419994,,,,,v,1,0.49173770799825434,None,05,001,2025-10-03_09h33.40.480,Motor Sequential Learning,,2025.1.1,None,2025-10-03 09h33.50.581054 +0530,
150,v,54,54,13,v,1,0.43548445800843183,None,,,,,13,54,54,1,645.3387758339959,,645.3295284170017,645.3387758339959,646.3272015840048,646.3272015840048,646.3272015840048,646.3272015840048,646.332075208993,647.3271087089961,647.3271087089961,647.766711749995,,,,,v,1,0.43548445800843183,None,05,001,2025-10-03_09h33.40.480,Motor Sequential Learning,,2025.1.1,None,2025-10-03 09h33.50.581054 +0530,
50,c,55,55,12,c,1,0.5646089170040796,None,,,,,12,55,55,2,647.7768932920008,,647.7672371669905,647.7768932920008,648.7660299589916,648.7660299589916,648.7660299589916,648.7660299589916,648.7660299589916,649.7658340420021,649.7658340420021,650.333303374995,,,,,c,1,0.5646089170040796,None,05,001,2025-10-03_09h33.40.480,Motor Sequential Learning,,2025.1.1,None,2025-10-03 09h33.50.581054 +0530,
50,c,56,56,13,c,1,0.5518636670021806,None,,,,,13,56,56,2,650.3432727920008,,650.3337929589907,650.3432727920008,651.3320377499913,651.3320377499913,651.3320377499913,651.3320377499913,651.3320377499913,652.3328499589988,652.3328499589988,652.8952627919934,,,,,c,1,0.5518636670021806,None,05,001,2025-10-03_09h33.40.480,Motor Sequential Learning,,2025.1.1,None,2025-10-03 09h33.50.581054 +0530,
50,c,57,57,14,c,1,0.4725226250011474,None,,,,,14,57,57,2,652.9050137919985,,652.8960074999923,652.9050137919985,653.8936507089966,653.8936507089966,653.8936507089966,653.8936507089966,653.898066875001,654.8937602919905,654.8937602919905,655.3785340839968,,,,,c,1,0.4725226250011474,None,05,001,2025-10-03_09h33.40.480,Motor Sequential Learning,,2025.1.1,None,2025-10-03 09h33.50.581054 +0530,
-150,z,58,58,18,z,1,0.5453097499994328,None,,,,,18,58,58,3,655.3890000840038,,655.3794008749974,655.3890000840038,656.3769501249917,656.3769501249917,656.3769501249917,656.3769501249917,656.3811657089973,657.377102583996,657.377102583996,657.9285690840043,,,,,z,1,0.5453097499994328,None,05,001,2025-10-03_09h33.40.480,Motor Sequential Learning,,2025.1.1,None,2025-10-03 09h33.50.581054 +0530,
-150,z,59,59,19,z,1,0.8694562500022585,None,,,,,19,59,59,3,657.938990374998,,657.9295583749918,657.938990374998,658.9269410839916,658.9269410839916,658.9269410839916,658.9269410839916,658.9316608749941,659.9268300419935,659.9268300419935,660.7998185000033,,,,,z,1,0.8694562500022585,None,05,001,2025-10-03_09h33.40.480,Motor Sequential Learning,,2025.1.1,None,2025-10-03 09h33.50.581054 +0530,
50,c,60,60,15,c,1,1.0200167909933953,None,,,,,15,60,60,2,660.8096864169929,,660.8003158339998,660.8096864169929,661.7978615839966,661.7978615839966,661.7978615839966,661.7978615839966,661.7978615839966,662.7991562499956,662.7991562499956,663.8287414999941,,,,,c,1,1.0200167909933953,None,05,001,2025-10-03_09h33.40.480,Motor Sequential Learning,,2025.1.1,None,2025-10-03 09h33.50.581054 +0530,
150,v,61,61,14,v,1,0.6784112500026822,None,,,,,14,61,61,1,663.8390531670011,,663.8296745839907,663.8390531670011,664.8267841249908,664.8267841249908,664.8267841249908,664.8267841249908,664.8310933750035,665.8271351250005,665.8271351250005,666.5117343339953,,,,,v,1,0.6784112500026822,None,05,001,2025-10-03_09h33.40.480,Motor Sequential Learning,,2025.1.1,None,2025-10-03 09h33.50.581054 +0530,
50,c,62,62,16,c,1,0.808923375006998,None,,,,,16,62,62,2,666.5221605839906,,666.5125852920028,666.5221605839906,667.5101769589965,667.5101769589965,667.5101769589965,667.5101769589965,667.5150165419909,668.5101992499985,668.5101992499985,669.3286025839916,,,,,c,1,0.808923375006998,None,05,001,2025-10-03_09h33.40.480,Motor Sequential Learning,,2025.1.1,None,2025-10-03 09h33.50.581054 +0530,
50,c,63,63,17,c,1,0.4782829579926329,None,,,,,17,63,63,2,669.3388582500047,,669.3293960839947,669.3388582500047,670.3268063750002,670.3268063750002,670.3268063750002,670.3268063750002,670.3312700840033,671.3269079169986,671.3269079169986,671.811733124996,,,,,c,1,0.4782829579926329,None,05,001,2025-10-03_09h33.40.480,Motor Sequential Learning,,2025.1.1,None,2025-10-03 09h33.50.581054 +0530,
-50,x,64,64,11,x,1,0.8757827500085114,None,,,,,11,64,64,0,671.8219640839961,,671.8126087499986,671.8219640839961,672.8101146249974,672.8101146249974,672.8101146249974,672.8101146249974,672.8141937089968,673.8102057499927,673.8102057499927,674.6952711670019,,,,,x,1,0.8757827500085114,None,05,001,2025-10-03_09h33.40.480,Motor Sequential Learning,,2025.1.1,None,2025-10-03 09h33.50.581054 +0530,
150,v,65,65,15,v,1,0.561451790999854,None,,,,,15,65,65,1,674.7064504589944,,674.6962374169962,674.7064504589944,675.693701917,675.693701917,675.693701917,675.693701917,675.6981356670003,676.6935839170037,676.6935839170037,677.2614504590019,,,,,v,1,0.561451790999854,None,05,001,2025-10-03_09h33.40.480,Motor Sequential Learning,,2025.1.1,None,2025-10-03 09h33.50.581054 +0530,
150,v,66,66,16,v,1,0.4133924170018872,None,,,,,16,66,66,1,677.2721245419962,,677.2623486669909,677.2721245419962,678.2600642920006,678.2600642920006,678.2600642920006,678.2600642920006,678.2649624170008,679.2602000000043,679.2602000000043,679.6782902089908,,,,,v,1,0.4133924170018872,None,05,001,2025-10-03_09h33.40.480,Motor Sequential Learning,,2025.1.1,None,2025-10-03 09h33.50.581054 +0530,
150,v,67,67,17,v,1,0.7551738339971052,None,,,,,17,67,67,1,679.6834709590039,,679.679076417,679.6834709590039,680.6767141669989,680.6767141669989,680.6767141669989,680.6767141669989,680.681524833999,681.6766508750006,681.6766508750006,682.4449100420024,,,,,v,1,0.7551738339971052,None,05,001,2025-10-03_09h33.40.480,Motor Sequential Learning,,2025.1.1,None,2025-10-03 09h33.50.581054 +0530,
50,c,68,68,18,c,1,0.4502748750091996,None,,,,,18,68,68,2,682.454936708993,,682.4457102919987,682.454936708993,683.4434134589974,683.4434134589974,683.4434134589974,683.4434134589974,683.4481626249908,684.4434175420029,684.4434175420029,684.9004407920002,,,,,c,1,0.4502748750091996,None,05,001,2025-10-03_09h33.40.480,Motor Sequential Learning,,2025.1.1,None,2025-10-03 09h33.50.581054 +0530,
-50,x,69,69,12,x,1,0.6345671250019222,None,,,,,12,69,69,0,684.9101040840033,,684.9009164589952,684.9101040840033,685.8987997499935,685.8987997499935,685.8987997499935,685.8987997499935,685.8987997499935,686.8991230419924,686.8991230419924,687.545159500005,,,,,x,1,0.6345671250019222,None,05,001,2025-10-03_09h33.40.480,Motor Sequential Learning,,2025.1.1,None,2025-10-03 09h33.50.581054 +0530,
150,v,70,70,18,v,1,0.5640050840011099,None,,,,,18,70,70,1,687.5553834589955,,687.5460226249998,687.5553834589955,688.5433857919998,688.5433857919998,688.5433857919998,688.5433857919998,688.5485323750036,689.5436471249996,689.5436471249996,690.111835417003,,,,,v,1,0.5640050840011099,None,05,001,2025-10-03_09h33.40.480,Motor Sequential Learning,,2025.1.1,None,2025-10-03 09h33.50.581054 +0530,
50,c,71,71,19,c,1,0.44044424999447074,None,,,,,19,71,71,2,690.1172384169913,,690.1127654169977,690.1172384169913,691.1099392500037,691.1099392500037,691.1099392500037,691.1099392500037,691.1148477090028,692.1100191250007,692.1100191250007,692.5613666249992,,,,,c,1,0.44044424999447074,None,05,001,2025-10-03_09h33.40.480,Motor Sequential Learning,,2025.1.1,None,2025-10-03 09h33.50.581054 +0530,
-50,x,72,72,13,x,1,0.5685058750095777,None,,,,,13,72,72,0,692.572732917004,,692.5620292090025,692.572732917004,693.5598138339992,693.5598138339992,693.5598138339992,693.5598138339992,693.5644605419948,694.5599781670026,694.5599781670026,695.1329139589943,,,,,x,1,0.5685058750095777,None,05,001,2025-10-03_09h33.40.480,Motor Sequential Learning,,2025.1.1,None,2025-10-03 09h33.50.581054 +0530,
-50,x,73,73,14,x,1,0.5304703330039047,None,,,,,14,73,73,0,695.1425421669992,,695.133405333996,695.1425421669992,696.1320021669962,696.1320021669962,696.1320021669962,696.1320021669962,696.1320021669962,697.1319901669922,697.1319901669922,697.6663684999949,,,,,x,1,0.5304703330039047,None,05,001,2025-10-03_09h33.40.480,Motor Sequential Learning,,2025.1.1,None,2025-10-03 09h33.50.581054 +0530,
50,c,74,74,20,c,1,0.5436405830114381,None,,,,,20,74,74,2,697.6762293749925,,697.6669367499999,697.6762293749925,698.6651152089908,698.6651152089908,698.6651152089908,698.6651152089908,698.6651152089908,699.6656704589986,699.6656704589986,700.2111518750025,,,,,c,1,0.5436405830114381,None,05,001,2025-10-03_09h33.40.480,Motor Sequential Learning,,2025.1.1,None,2025-10-03 09h33.50.581054 +0530,
50,c,75,75,21,c,1,0.669378083999618,None,,,,,21,75,75,2,700.2157760419941,,700.211756167002,700.2157760419941,701.209943666996,701.209943666996,701.209943666996,701.209943666996,701.2144074590033,702.2099228339939,702.2099228339939,702.883473666996,,,,,c,1,0.669378083999618,None,05,001,2025-10-03_09h33.40.480,Motor Sequential Learning,,2025.1.1,None,2025-10-03 09h33.50.581054 +0530,
-150,z,76,76,20,z,1,0.9559247089928249,None,,,,,20,76,76,3,702.8931497500016,,702.8839974589937,702.8931497500016,703.8814972919936,703.8814972919936,703.8814972919936,703.8814972919936,703.8814972919936,704.8824549169949,704.8824549169949,705.8453849590005,,,,,z,1,0.9559247089928249,None,05,001,2025-10-03_09h33.40.480,Motor Sequential Learning,,2025.1.1,None,2025-10-03 09h33.50.581054 +0530,
50,c,77,77,22,c,1,0.6869047090003733,None,,,,,22,77,77,2,705.8551476249995,,705.8464440840035,705.8551476249995,706.8430899999948,706.8430899999948,706.8430899999948,706.8430899999948,706.8475267500035,707.8432051669952,707.8432051669952,708.5325926670048,,,,,c,1,0.6869047090003733,None,05,001,2025-10-03_09h33.40.480,Motor Sequential Learning,,2025.1.1,None,2025-10-03 09h33.50.581054 +0530,
-50,x,78,78,15,x,1,0.824015625010361,None,,,,,15,78,78,0,708.542403458996,,708.5330859169917,708.542403458996,709.5314982089913,709.5314982089913,709.5314982089913,709.5314982089913,709.5314982089913,710.5312437499961,710.5312437499961,711.3611056669906,,,,,x,1,0.824015625010361,None,05,001,2025-10-03_09h33.40.480,Motor Sequential Learning,,2025.1.1,None,2025-10-03 09h33.50.581054 +0530,
-50,x,79,79,16,x,1,0.4283045000047423,None,,,,,16,79,79,0,711.3708804170019,,711.3618501669989,711.3708804170019,712.3602003749984,712.3602003749984,712.3602003749984,712.3602003749984,712.3651882089907,713.3598284589971,713.3598284589971,713.7947961250029,,,,,x,1,0.4283045000047423,None,05,001,2025-10-03_09h33.40.480,Motor Sequential Learning,,2025.1.1,None,2025-10-03 09h33.50.581054 +0530,
-50,x,80,80,17,x,1,0.6820376670075348,None,,,,,17,80,80,0,713.8050578340044,,713.7956429170008,713.8050578340044,714.7931770839932,714.7931770839932,714.7931770839932,714.7931770839932,714.798120624997,715.7930708749918,715.7930708749918,716.4781339170004,,,,,x,1,0.6820376670075348,None,05,001,2025-10-03_09h33.40.480,Motor Sequential Learning,,2025.1.1,None,2025-10-03 09h33.50.581054 +0530,
-50,x,81,81,18,x,1,5.217371124992496,None,,,,,18,81,81,0,716.4841400000005,,716.478975459002,716.4841400000005,717.4763469169993,717.4763469169993,717.4763469169993,717.4763469169993,717.4807869170036,718.4765059999918,718.4765059999918,723.699998791999,,,,,x,1,5.217371124992496,None,05,001,2025-10-03_09h33.40.480,Motor Sequential Learning,,2025.1.1,None,2025-10-03 09h33.50.581054 +0530,
-150,z,82,82,21,z,1,0.5329498749924824,None,,,,,21,82,82,3,723.7094740419998,,723.7004796249967,723.7094740419998,724.6979244590038,724.6979244590038,724.6979244590038,724.6979244590038,724.6979244590038,725.6988498339924,725.6988498339924,726.2434382499923,,,,,z,1,0.5329498749924824,None,05,001,2025-10-03_09h33.40.480,Motor Sequential Learning,,2025.1.1,None,2025-10-03 09h33.50.581054 +0530,
150,v,83,83,19,v,1,0.432926708002924,None,,,,,19,83,83,1,726.2479511249985,,726.2440137499943,726.2479511249985,727.2315275419969,727.2315275419969,727.2315275419969,727.2315275419969,727.2430099589983,728.2328625840019,728.2328625840019,728.6776777089981,,,,,v,1,0.432926708002924,None,05,001,2025-10-03_09h33.40.480,Motor Sequential Learning,,2025.1.1,None,2025-10-03 09h33.50.581054 +0530,
150,v,84,84,20,v,1,0.5501973750069737,None,,,,,20,84,84,1,728.6869930419925,,728.6782649169909,728.6869930419925,729.6765923749917,729.6765923749917,729.6765923749917,729.6765923749917,729.6808135839965,730.6763827919931,730.6763827919931,731.2342775419966,,,,,v,1,0.5501973750069737,None,05,001,2025-10-03_09h33.40.480,Motor Sequential Learning,,2025.1.1,None,2025-10-03 09h33.50.581054 +0530,
50,c,85,85,23,c,1,0.6967275830102153,None,,,,,23,85,85,2,731.2465070420003,,731.2348180839908,731.2465070420003,732.2310270000016,732.2310270000016,732.2310270000016,732.2310270000016,732.2430966249958,733.2318933339993,733.2318933339993,733.9323520420003,,,,,c,1,0.6967275830102153,None,05,001,2025-10-03_09h33.40.480,Motor Sequential Learning,,2025.1.1,None,2025-10-03 09h33.50.581054 +0530,
50,c,86,86,24,c,1,0.5905336670111865,None,,,,,24,86,86,2,733.9421416669938,,733.9328361249936,733.9421416669938,734.9310150840029,734.9310150840029,734.9310150840029,734.9310150840029,734.9310150840029,735.9310895840026,735.9310895840026,736.5279578339978,,,,,c,1,0.5905336670111865,None,05,001,2025-10-03_09h33.40.480,Motor Sequential Learning,,2025.1.1,None,2025-10-03 09h33.50.581054 +0530,
150,v,87,87,21,v,1,0.4592975419946015,None,,,,,21,87,87,1,736.538016874998,,736.5287983339949,736.538016874998,737.5262940840039,737.5262940840039,737.5262940840039,737.5262940840039,737.5311861669907,738.5261179999943,738.5261179999943,738.9941052089998,,,,,v,1,0.4592975419946015,None,05,001,2025-10-03_09h33.40.480,Motor Sequential Learning,,2025.1.1,None,2025-10-03 09h33.50.581054 +0530,
50,c,88,88,25,c,1,0.35062050000124145,None,,,,,25,88,88,2,739.0033898340043,,738.9947259170003,739.0033898340043,739.9930400000012,739.9930400000012,739.9930400000012,739.9930400000012,739.997725209003,740.9928272919933,740.9928272919933,741.3492566670029,,,,,c,1,0.35062050000124145,None,05,001,2025-10-03_09h33.40.480,Motor Sequential Learning,,2025.1.1,None,2025-10-03 09h33.50.581054 +0530,
50,c,89,89,26,c,1,0.3757149580051191,None,,,,,26,89,89,2,741.3588982499932,,741.3497412919969,741.3588982499932,742.3483623339998,742.3483623339998,742.3483623339998,742.3483623339998,742.3483623339998,743.3477830420015,743.3477830420015,743.7274707089964,,,,,c,1,0.3757149580051191,None,05,001,2025-10-03_09h33.40.480,Motor Sequential Learning,,2025.1.1,None,2025-10-03 09h33.50.581054 +0530,
150,v,90,90,22,v,1,0.42823474999750033,None,,,,,22,90,90,1,743.732147458999,,743.728170375005,743.732147458999,744.7260688749957,744.7260688749957,744.7260688749957,744.7260688749957,744.7302489589929,745.7262363339978,745.7262363339978,746.1611984999909,,,,,v,1,0.42823474999750033,None,05,001,2025-10-03_09h33.40.480,Motor Sequential Learning,,2025.1.1,None,2025-10-03 09h33.50.581054 +0530,
50,c,91,91,27,c,1,0.3417496670008404,None,,,,,27,91,91,2,746.1713770420029,,746.1620962919988,746.1713770420029,747.1595477499941,747.1595477499941,747.1595477499941,747.1595477499941,747.1642984589998,748.1594872089918,748.1594872089918,748.5108874169964,,,,,c,1,0.3417496670008404,None,05,001,2025-10-03_09h33.40.480,Motor Sequential Learning,,2025.1.1,None,2025-10-03 09h33.50.581054 +0530,
50,c,92,92,28,c,1,0.4184250840044115,None,,,,,28,92,92,2,748.5213428339921,,748.5114867090015,748.5213428339921,749.5095208339917,749.5095208339917,749.5095208339917,749.5095208339917,749.5140048750036,750.5097699589969,750.5097699589969,750.9318169589969,,,,,c,1,0.4184250840044115,None,05,001,2025-10-03_09h33.40.480,Motor Sequential Learning,,2025.1.1,None,2025-10-03 09h33.50.581054 +0530,
150,v,93,93,23,v,1,0.5421468330023345,None,,,,,23,93,93,1,750.9420077919931,,750.9323370839993,750.9420077919931,751.9311650839954,751.9311650839954,751.9311650839954,751.9311650839954,751.9311650839954,752.9261025419983,752.9261025419983,753.477586042005,,,,,v,1,0.5421468330023345,None,05,001,2025-10-03_09h33.40.480,Motor Sequential Learning,,2025.1.1,None,2025-10-03 09h33.50.581054 +0530,
-150,z,94,94,22,z,1,0.4700858329888433,None,,,,,22,94,94,3,753.4877735000046,,753.4784406249964,753.4877735000046,754.4759537089994,754.4759537089994,754.4759537089994,754.4759537089994,754.4807122499915,755.4760598339926,755.4760598339926,755.9494640420016,,,,,z,1,0.4700858329888433,None,05,001,2025-10-03_09h33.40.480,Motor Sequential Learning,,2025.1.1,None,2025-10-03 09h33.50.581054 +0530,
50,c,95,95,29,c,1,0.37894199999573175,None,,,,,29,95,95,2,755.9593526669923,,755.949981999991,755.9593526669923,756.9480194170028,756.9480194170028,756.9480194170028,756.9480194170028,756.9480194170028,757.9479906670022,757.9479906670022,758.3326035420032,,,,,c,1,0.37894199999573175,None,05,001,2025-10-03_09h33.40.480,Motor Sequential Learning,,2025.1.1,None,2025-10-03 09h33.50.581054 +0530,
-150,z,96,96,23,z,1,0.4903715410036966,None,,,,,23,96,96,3,758.3422306669963,,758.3330916669947,758.3422306669963,759.3309135839954,759.3309135839954,759.3309135839954,759.3309135839954,759.3309135839954,760.3317647499935,760.3317647499935,760.8276158340013,,,,,z,1,0.4903715410036966,None,05,001,2025-10-03_09h33.40.480,Motor Sequential Learning,,2025.1.1,None,2025-10-03 09h33.50.581054 +0530,
150,v,97,97,24,v,1,0.4298665410024114,None,,,,,24,97,97,1,760.8375590840005,,760.8283462499967,760.8375590840005,761.8260341669957,761.8260341669957,761.8260341669957,761.8260341669957,761.8309673339973,762.8260886670032,762.8260886670032,763.2610924589972,,,,,v,1,0.4298665410024114,None,05,001,2025-10-03_09h33.40.480,Motor Sequential Learning,,2025.1.1,None,2025-10-03 09h33.50.581054 +0530,
150,v,98,98,25,v,1,0.3815901249909075,None,,,,,25,98,98,1,763.2667672499956,,763.2620150839939,763.2667672499956,764.2594660000032,764.2594660000032,764.2594660000032,764.2594660000032,764.2643717089959,765.2593909169955,765.2593909169955,765.6443357919925,,,,,v,1,0.3815901249909075,None,05,001,2025-10-03_09h33.40.480,Motor Sequential Learning,,2025.1.1,None,2025-10-03 09h33.50.581054 +0530,
150,v,99,99,26,v,1,0.37933649998740293,None,,,,,26,99,99,1,765.6499138340005,,765.6452677920024,765.6499138340005,766.6426927089924,766.6426927089924,766.6426927089924,766.6426927089924,766.6476483750012,767.6425363339949,767.6425363339949,768.028043792001,,,,,v,1,0.37933649998740293,None,05,001,2025-10-03_09h33.40.480,Motor Sequential Learning,,2025.1.1,None,2025-10-03 09h33.50.581054 +0530,
150,v,100,100,27,v,1,0.42059337499085814,None,,,,,27,100,100,1,768.0386182499933,,768.029005999997,768.0386182499933,769.0259430419974,769.0259430419974,769.0259430419974,769.0259430419974,769.0313493339927,770.0260774589988,770.0260774589988,770.4481799999921,,,,,v,1,0.42059337499085814,None,05,001,2025-10-03_09h33.40.480,Motor Sequential Learning,,2025.1.1,None,2025-10-03 09h33.50.581054 +0530,
-150,z,101,101,24,z,1,0.39646316699509043,None,,,,,24,101,101,3,770.4584295840032,,770.448671124992,770.4584295840032,771.4478404590045,771.4478404590045,771.4478404590045,771.4478404590045,771.4478404590045,772.4425735419936,772.4425735419936,772.8441745419987,,,,,z,1,0.39646316699509043,None,05,001,2025-10-03_09h33.40.480,Motor Sequential Learning,,2025.1.1,None,2025-10-03 09h33.50.581054 +0530,
150,v,102,102,28,v,1,0.3680100830097217,None,,,,,28,102,102,1,772.8498785839911,,772.8451792089909,772.8498785839911,773.842729875003,773.842729875003,773.842729875003,773.842729875003,773.8476863340038,774.8425818340038,774.8425818340038,775.2156759589998,,,,,v,1,0.3680100830097217,None,05,001,2025-10-03_09h33.40.480,Motor Sequential Learning,,2025.1.1,None,2025-10-03 09h33.50.581054 +0530,
-50,x,103,103,19,x,1,0.5546744169987505,None,,,,,19,103,103,0,775.2253596669907,,775.2161844999937,775.2253596669907,776.2140274169942,776.2140274169942,776.2140274169942,776.2140274169942,776.2140274169942,777.2149407090037,777.2149407090037,777.777266124991,,,,,x,1,0.5546744169987505,None,05,001,2025-10-03_09h33.40.480,Motor Sequential Learning,,2025.1.1,None,2025-10-03 09h33.50.581054 +0530,
-50,x,104,104,20,x,1,0.46673200000077486,None,,,,,20,104,104,0,777.7866431669972,,777.7779334999941,777.7866431669972,778.7759207499912,778.7759207499912,778.7759207499912,778.7759207499912,778.7808337089955,779.775842374991,779.775842374991,780.2440997090016,,,,,x,1,0.46673200000077486,None,05,001,2025-10-03_09h33.40.480,Motor Sequential Learning,,2025.1.1,None,2025-10-03 09h33.50.581054 +0530,
150,v,105,105,29,v,1,0.3906552499975078,None,,,,,29,105,105,1,780.2487937090045,,780.2447775420005,780.2487937090045,781.2426392089983,781.2426392089983,781.2426392089983,781.2426392089983,781.2477133749926,782.2425265420025,782.2425265420025,782.6440150839917,,,,,v,1,0.3906552499975078,None,05,001,2025-10-03_09h33.40.480,Motor Sequential Learning,,2025.1.1,None,2025-10-03 09h33.50.581054 +0530,
50,c,106,106,30,c,1,0.4079142499977024,None,,,,,30,106,106,2,782.6542194590002,,782.6448311669956,782.6542194590002,783.6424394170026,783.6424394170026,783.6424394170026,783.6424394170026,783.6473545839981,784.6424958339921,784.6424958339921,785.0606096669944,,,,,c,1,0.4079142499977024,None,05,001,2025-10-03_09h33.40.480,Motor Sequential Learning,,2025.1.1,None,2025-10-03 09h33.50.581054 +0530,
-150,z,107,107,25,z,1,0.37831708299927413,None,,,,,25,107,107,3,785.0708821250009,,785.0614377089951,785.0708821250009,786.0590574999951,786.0590574999951,786.0590574999951,786.0590574999951,786.0634350839973,787.0591929170041,787.0591929170041,787.4438515420043,,,,,z,1,0.37831708299927413,None,05,001,2025-10-03_09h33.40.480,Motor Sequential Learning,,2025.1.1,None,2025-10-03 09h33.50.581054 +0530,
150,v,108,108,30,v,1,0.33993124999688007,None,,,,,30,108,108,1,787.4538011669938,,787.4446858750016,787.4538011669938,788.4424594589946,788.4424594589946,788.4424594589946,788.4424594589946,788.4473003339954,789.4423780840007,789.4423780840007,789.7939577090001,,,,,v,1,0.33993124999688007,None,05,001,2025-10-03_09h33.40.480,Motor Sequential Learning,,2025.1.1,None,2025-10-03 09h33.50.581054 +0530,
-150,z,109,109,26,z,1,0.5388529999909224,None,,,,,26,109,109,3,789.804270166991,,789.7948095419997,789.804270166991,790.792463292004,790.792463292004,790.792463292004,790.792463292004,790.7973611249909,791.7923252920009,791.7923252920009,792.3438066249946,,,,,z,1,0.5388529999909224,None,05,001,2025-10-03_09h33.40.480,Motor Sequential Learning,,2025.1.1,None,2025-10-03 09h33.50.581054 +0530,
50,c,110,110,31,c,1,0.5478728339949157,None,,,,,31,110,110,2,792.3537935420027,,792.3447231250029,792.3537935420027,793.3424404169928,793.3424404169928,793.3424404169928,793.3424404169928,793.3466782920004,794.3423276669928,794.3423276669928,794.8936384589906,,,,,c,1,0.5478728339949157,None,05,001,2025-10-03_09h33.40.480,Motor Sequential Learning,,2025.1.1,None,2025-10-03 09h33.50.581054 +0530,
-50,x,111,111,21,x,1,0.42686891699850094,None,,,,,21,111,111,0,794.8989952919947,,794.8945620419981,794.8989952919947,795.8923728749942,795.8923728749942,795.8923728749942,795.8923728749942,795.8966132920032,796.8922943749931,796.8922943749931,797.327251041992,,,,,x,1,0.42686891699850094,None,05,001,2025-10-03_09h33.40.480,Motor Sequential Learning,,2025.1.1,None,2025-10-03 09h33.50.581054 +0530,
150,v,112,112,31,v,1,0.4523830409889342,None,,,,,31,112,112,1,797.3372639589943,,797.3280843749963,797.3372639589943,798.3256792920001,798.3256792920001,798.3256792920001,798.3256792920001,798.3306200420047,799.3257666249992,799.3257666249992,799.7820795000007,,,,,v,1,0.4523830409889342,None,05,001,2025-10-03_09h33.40.480,Motor Sequential Learning,,2025.1.1,None,2025-10-03 09h33.50.581054 +0530,
-50,x,113,113,22,x,1,0.5094804580003256,None,,,,,22,113,113,0,799.7917480420001,,799.7825771249918,799.7917480420001,800.7808352919965,800.7808352919965,800.7808352919965,800.7808352919965,800.7808352919965,801.7816094589944,801.7816094589944,802.2940339999914,,,,,x,1,0.5094804580003256,None,05,001,2025-10-03_09h33.40.480,Motor Sequential Learning,,2025.1.1,None,2025-10-03 09h33.50.581054 +0530,
-50,x,114,114,23,x,1,0.4915133330068784,None,,,,,23,114,114,0,802.2989981249993,,802.2948765000037,802.2989981249993,803.2922805419948,803.2922805419948,803.2922805419948,803.2922805419948,803.2965421669942,804.2924178749963,804.2924178749963,804.793827083995,,,,,x,1,0.4915133330068784,None,05,001,2025-10-03_09h33.40.480,Motor Sequential Learning,,2025.1.1,None,2025-10-03 09h33.50.581054 +0530,
-50,x,115,115,24,x,1,0.42252924999047536,None,,,,,24,115,115,0,804.803818291999,,804.7946126669995,804.803818291999,805.7922194999992,805.7922194999992,805.7922194999992,805.7922194999992,805.7970691249939,806.7923284999997,806.7923284999997,807.2272580839926,,,,,x,1,0.42252924999047536,None,05,001,2025-10-03_09h33.40.480,Motor Sequential Learning,,2025.1.1,None,2025-10-03 09h33.50.581054 +0530,
-50,x,116,116,25,x,1,0.3454000409983564,None,,,,,25,116,116,0,807.2372684589936,,807.228099999993,807.2372684589936,808.2256916250044,808.2256916250044,808.2256916250044,808.2256916250044,808.2298838339921,809.2255814999953,809.2255814999953,809.5770629170001,,,,,x,1,0.3454000409983564,None,05,001,2025-10-03_09h33.40.480,Motor Sequential Learning,,2025.1.1,None,2025-10-03 09h33.50.581054 +0530,
150,v,117,117,32,v,1,0.4221655000001192,None,,,,,32,117,117,1,809.5870296670037,,809.5779567499994,809.5870296670037,810.5756681249914,810.5756681249914,810.5756681249914,810.5756681249914,810.5806135419989,811.5755712090031,811.5755712090031,812.0101695000048,,,,,v,1,0.4221655000001192,None,05,001,2025-10-03_09h33.40.480,Motor Sequential Learning,,2025.1.1,None,2025-10-03 09h33.50.581054 +0530,
-150,z,118,118,27,z,1,0.5549709589977283,None,,,,,27,118,118,3,812.0198167089984,,812.010823167002,812.0198167089984,813.0089031669922,813.0089031669922,813.0089031669922,813.0089031669922,813.0138678340008,814.0088342919917,814.0088342919917,814.5651257919963,,,,,z,1,0.5549709589977283,None,05,001,2025-10-03_09h33.40.480,Motor Sequential Learning,,2025.1.1,None,2025-10-03 09h33.50.581054 +0530,
-50,x,119,119,26,x,1,0.42791333299828693,None,,,,,26,119,119,0,814.5748734999943,,814.565601084003,814.5748734999943,815.563892834005,815.563892834005,815.563892834005,815.563892834005,815.563892834005,816.5646716250048,816.5646716250048,816.9985712920025,,,,,x,1,0.42791333299828693,None,05,001,2025-10-03_09h33.40.480,Motor Sequential Learning,,2025.1.1,None,2025-10-03 09h33.50.581054 +0530,
150,v,120,120,33,v,1,0.3665345830086153,None,,,,,33,120,120,1,817.0083486670046,,816.9990866669978,817.0083486670046,817.9973055839946,817.9973055839946,817.9973055839946,817.9973055839946,817.9973055839946,818.9981262499932,818.9981262499932,819.3772615839989,,,,,v,1,0.3665345830086153,None,05,001,2025-10-03_09h33.40.480,Motor Sequential Learning,,2025.1.1,None,2025-10-03 09h33.50.581054 +0530,
-150,z,121,121,28,z,1,0.4024787079979433,None,,,,,28,121,121,3,819.3874030419975,,819.3781664589915,819.3874030419975,820.3755567920016,820.3755567920016,820.3755567920016,820.3755567920016,820.3804826669948,821.3754522499949,821.3754522499949,821.7819534589944,,,,,z,1,0.4024787079979433,None,05,001,2025-10-03_09h33.40.480,Motor Sequential Learning,,2025.1.1,None,2025-10-03 09h33.50.581054 +0530,
-150,z,122,122,29,z,1,0.4623371249908814,None,,,,,29,122,122,3,821.7917605840048,,821.7824469589978,821.7917605840048,822.7807239590038,822.7807239590038,822.7807239590038,822.7807239590038,822.7807239590038,823.7812227919931,823.7812227919931,824.2481691669964,,,,,z,1,0.4623371249908814,None,05,001,2025-10-03_09h33.40.480,Motor Sequential Learning,,2025.1.1,None,2025-10-03 09h33.50.581054 +0530,
-150,z,123,123,30,z,1,0.6167292500031181,None,,,,,30,123,123,3,824.2580152919982,,824.2486864999955,824.2580152919982,825.247045208991,825.247045208991,825.247045208991,825.247045208991,825.247045208991,826.247762250001,826.247762250001,826.876708249998,,,,,z,1,0.6167292500031181,None,05,001,2025-10-03_09h33.40.480,Motor Sequential Learning,,2025.1.1,None,2025-10-03 09h33.50.581054 +0530,
-150,z,124,124,31,z,1,0.36695533400052227,None,,,,,31,124,124,3,826.886257124992,,826.8774070840009,826.886257124992,827.8753935839923,827.8753935839923,827.8753935839923,827.8753935839923,827.8800988339935,828.8754842920025,828.8754842920025,829.2487299589993,,,,,z,1,0.36695533400052227,None,05,001,2025-10-03_09h33.40.480,Motor Sequential Learning,,2025.1.1,None,2025-10-03 09h33.50.581054 +0530,
-150,z,125,125,32,z,1,0.4558041660056915,None,,,,,32,125,125,3,829.2584494170005,,829.2492270420043,829.2584494170005,830.2470555000036,830.2470555000036,830.2470555000036,830.2470555000036,830.2470555000036,831.2477150839986,831.2477150839986,831.7099160840007,,,,,z,1,0.4558041660056915,None,05,001,2025-10-03_09h33.40.480,Motor Sequential Learning,,2025.1.1,None,2025-10-03 09h33.50.581054 +0530,
50,c,126,126,32,c,1,0.4666076669964241,None,,,,,32,126,126,2,831.7199611249962,,831.710546250004,831.7199611249962,832.7086645840027,832.7086645840027,832.7086645840027,832.7086645840027,832.7128872920002,833.7087286669994,833.7087286669994,834.1817420839943,,,,,c,1,0.4666076669964241,None,05,001,2025-10-03_09h33.40.480,Motor Sequential Learning,,2025.1.1,None,2025-10-03 09h33.50.581054 +0530,
-150,z,127,127,33,z,1,0.4318580830004066,None,,,,,33,127,127,3,834.1911827089934,,834.1822586249909,834.1911827089934,835.181155667,835.181155667,835.181155667,835.181155667,835.181155667,836.1754316250008,836.1754316250008,836.6099529589992,,,,,z,1,0.4318580830004066,None,05,001,2025-10-03_09h33.40.480,Motor Sequential Learning,,2025.1.1,None,2025-10-03 09h33.50.581054 +0530,
-50,x,128,128,27,x,1,0.6265546250069747,None,,,,,27,128,128,0,836.6151878340024,,836.6107652499923,836.6151878340024,837.6086117919913,837.6086117919913,837.6086117919913,837.6086117919913,837.6137057500018,838.6087124589976,838.6087124589976,839.2432743340032,,,,,x,1,0.6265546250069747,None,05,001,2025-10-03_09h33.40.480,Motor Sequential Learning,,2025.1.1,None,2025-10-03 09h33.50.581054 +0530,
150,v,129,129,34,v,1,0.5221310830092989,None,,,,,34,129,129,1,839.253440208995,,839.2442422500026,839.253440208995,840.2418955419998,840.2418955419998,840.2418955419998,840.2418955419998,840.2462012920005,841.2420322919934,841.2420322919934,841.7768753749988,,,,,v,1,0.5221310830092989,None,05,001,2025-10-03_09h33.40.480,Motor Sequential Learning,,2025.1.1,None,2025-10-03 09h33.50.581054 +0530,
-150,z,130,130,34,z,1,0.48876470800314564,None,,,,,34,130,130,3,841.7869053339964,,841.7775592499966,841.7869053339964,842.7752509589918,842.7752509589918,842.7752509589918,842.7752509589918,842.7804110839934,843.7753255419957,843.7753255419957,844.2770300419943,,,,,z,1,0.48876470800314564,None,05,001,2025-10-03_09h33.40.480,Motor Sequential Learning,,2025.1.1,None,2025-10-03 09h33.50.581054 +0530,
50,c,131,131,33,c,1,0.44582533300854266,None,,,,,33,131,131,2,844.2876604589983,,844.2779730839975,844.2876604589983,845.275196542003,845.275196542003,845.275196542003,845.275196542003,845.2795050419954,846.2752412919945,846.2752412919945,846.7269205420016,,,,,c,1,0.44582533300854266,None,05,001,2025-10-03_09h33.40.480,Motor Sequential Learning,,2025.1.1,None,2025-10-03 09h33.50.581054 +0530,
-50,x,132,132,28,x,1,0.5097176249983022,None,,,,,28,132,132,0,846.7373206670018,,846.7278394589957,846.7373206670018,847.7252371249924,847.7252371249924,847.7252371249924,847.7252371249924,847.7296197919932,848.725349291999,848.725349291999,849.2433223749977,,,,,x,1,0.5097176249983022,None,05,001,2025-10-03_09h33.40.480,Motor Sequential Learning,,2025.1.1,None,2025-10-03 09h33.50.581054 +0530,
50,c,133,133,34,c,1,0.4170626659906702,None,,,,,34,133,133,2,849.2538439589989,,849.2441778339999,849.2538439589989,850.2419770839915,850.2419770839915,850.2419770839915,850.2419770839915,850.2469101669994,851.2418858339952,851.2418858339952,851.6651007920009,,,,,c,1,0.4170626659906702,None,05,001,2025-10-03_09h33.40.480,Motor Sequential Learning,,2025.1.1,None,2025-10-03 09h33.50.581054 +0530,
-50,x,134,134,29,x,1,0.39472279099572916,None,,,,,29,134,134,0,851.6746633339935,,851.6656013339962,851.6746633339935,852.6633382919972,852.6633382919972,852.6633382919972,852.6633382919972,852.6633382919972,853.6641404169932,853.6641404169932,854.0644670420006,,,,,x,1,0.39472279099572916,None,05,001,2025-10-03_09h33.40.480,Motor Sequential Learning,,2025.1.1,None,2025-10-03 09h33.50.581054 +0530,
50,c,135,135,35,c,1,0.3694051249913173,None,,,,,35,135,135,2,854.0744015419914,,854.0649569590023,854.0744015419914,855.0636148339981,855.0636148339981,855.0636148339981,855.0636148339981,855.0636148339981,856.0643875840033,856.0643875840033,856.4432257089939,,,,,c,1,0.3694051249913173,None,05,001,2025-10-03_09h33.40.480,Motor Sequential Learning,,2025.1.1,None,2025-10-03 09h33.50.581054 +0530,
50,c,136,136,36,c,1,0.4809740420023445,None,,,,,36,136,136,2,856.4546069999924,,856.444017709,856.4546069999924,857.441900292004,857.441900292004,857.441900292004,857.441900292004,857.4467501670006,858.4417801669915,858.4417801669915,858.9264676250023,,,,,c,1,0.4809740420023445,None,05,001,2025-10-03_09h33.40.480,Motor Sequential Learning,,2025.1.1,None,2025-10-03 09h33.50.581054 +0530,
-150,z,137,137,35,z,1,0.38559366700064857,None,,,,,35,137,137,3,858.9309493750043,,858.9269740419986,858.9309493750043,859.9251713749982,859.9251713749982,859.9251713749982,859.9251713749982,859.9251713749982,860.9251122499991,860.9251122499991,861.3150766670005,,,,,z,1,0.38559366700064857,None,05,001,2025-10-03_09h33.40.480,Motor Sequential Learning,,2025.1.1,None,2025-10-03 09h33.50.581054 +0530,
-50,x,138,138,30,x,1,0.5341760419978527,None,,,,,30,138,138,0,861.3248243339913,,861.3155653339927,861.3248243339913,862.3135546249978,862.3135546249978,862.3135546249978,862.3135546249978,862.3135546249978,863.3084553340013,863.3084553340013,863.848544249995,,,,,x,1,0.5341760419978527,None,05,001,2025-10-03_09h33.40.480,Motor Sequential Learning,,2025.1.1,None,2025-10-03 09h33.50.581054 +0530,
-50,x,139,139,31,x,1,0.5479964999976801,None,,,,,31,139,139,0,863.8584070840006,,863.8490319999983,863.8584070840006,864.846684959004,864.846684959004,864.846684959004,864.846684959004,864.846684959004,865.8465898750001,865.8465898750001,866.3982505839958,,,,,x,1,0.5479964999976801,None,05,001,2025-10-03_09h33.40.480,Motor Sequential Learning,,2025.1.1,None,2025-10-03 09h33.50.581054 +0530,
150,v,140,140,35,v,1,0.42791774999932386,None,,,,,35,140,140,1,866.4082110000018,,866.398748541993,866.4082110000018,867.3975617919932,867.3975617919932,867.3975617919932,867.3975617919932,867.3975617919932,868.397615666996,868.397615666996,868.8316041670041,,,,,v,1,0.42791774999932386,None,05,001,2025-10-03_09h33.40.480,Motor Sequential Learning,,2025.1.1,None,2025-10-03 09h33.50.581054 +0530,
150,v,141,141,36,v,1,0.48480987499351613,None,,,,,36,141,141,1,868.8414103340037,,868.8320810419973,868.8414103340037,869.8299481669965,869.8299481669965,869.8299481669965,869.8299481669965,869.8299481669965,870.8306880419987,870.8306880419987,871.3267126249993,,,,,v,1,0.48480987499351613,None,05,001,2025-10-03_09h33.40.480,Motor Sequential Learning,,2025.1.1,None,2025-10-03 09h33.50.581054 +0530,
-50,x,142,142,32,x,1,0.44937095801287796,None,,,,,32,142,142,0,871.336741334002,,871.3275865420001,871.336741334002,872.3252051669988,872.3252051669988,872.3252051669988,872.3252051669988,872.3298329999961,873.325041374992,873.325041374992,873.7766646249947,,,,,x,1,0.44937095801287796,None,05,001,2025-10-03_09h33.40.480,Motor Sequential Learning,,2025.1.1,None,2025-10-03 09h33.50.581054 +0530,
-150,z,143,143,36,z,1,0.4762904170056572,None,,,,,36,143,143,3,873.7823564589926,,873.7773045420035,873.7823564589926,874.7750485419965,874.7750485419965,874.7750485419965,874.7750485419965,874.7799879169906,875.7750959999976,875.7750959999976,876.2599743339961,,,,,z,1,0.4762904170056572,None,05,001,2025-10-03_09h33.40.480,Motor Sequential Learning,,2025.1.1,None,2025-10-03 09h33.50.581054 +0530,
-50,x,144,144,33,x,1,0.3618324590061093,None,,,,,33,144,144,0,876.2703377089929,,876.2607639170019,876.2703377089929,877.2583295840013,877.2583295840013,877.2583295840013,877.2583295840013,877.2632443339971,878.2584062919923,878.2584062919923,878.6262379590044,,,,,x,1,0.3618324590061093,None,05,001,2025-10-03_09h33.40.480,Motor Sequential Learning,,2025.1.1,None,2025-10-03 09h33.50.581054 +0530,
50,c,145,145,37,c,1,0.4742192909907317,None,,,,,37,145,145,2,878.6359736250015,,878.6269773749955,878.6359736250015,879.6249167089991,879.6249167089991,879.6249167089991,879.6249167089991,879.6296622090013,880.6249738750048,880.6249738750048,881.110074583994,,,,,c,1,0.4742192909907317,None,05,001,2025-10-03_09h33.40.480,Motor Sequential Learning,,2025.1.1,None,2025-10-03 09h33.50.581054 +0530,
-50,x,146,146,34,x,1,0.4129819590016268,None,,,,,34,146,146,0,881.1200240420003,,881.110996916992,881.1200240420003,882.1082381250017,882.1082381250017,882.1082381250017,882.1082381250017,882.113130999991,883.108308875002,883.108308875002,883.5264551250002,,,,,x,1,0.4129819590016268,None,05,001,2025-10-03_09h33.40.480,Motor Sequential Learning,,2025.1.1,None,2025-10-03 09h33.50.581054 +0530,
150,v,147,147,37,v,1,0.455031916993903,None,,,,,37,147,147,1,883.531549249994,,883.527283250005,883.531549249994,884.5248570419935,884.5248570419935,884.5248570419935,884.5248570419935,884.5289610839973,885.5249627500016,885.5249627500016,886.008793749992,,,,,v,1,0.455031916993903,None,05,001,2025-10-03_09h33.40.480,Motor Sequential Learning,,2025.1.1,None,2025-10-03 09h33.50.581054 +0530,
-150,z,148,148,37,z,1,0.5305818330089096,None,,,,,37,148,148,3,886.0249557920033,,886.0093199169933,886.0249557920033,886.9969044589961,886.9969044589961,886.9969044589961,886.9969044589961,887.012219917,887.9963788750028,887.9963788750028,888.5305791249993,,,,,z,1,0.5305818330089096,None,05,001,2025-10-03_09h33.40.480,Motor Sequential Learning,,2025.1.1,None,2025-10-03 09h33.50.581054 +0530,
150,v,149,149,38,v,1,0.4714635830023326,None,,,,,38,149,149,1,888.5407150419924,,888.5310888749955,888.5407150419924,889.5300287919963,889.5300287919963,889.5300287919963,889.5300287919963,889.5300287919963,890.5305092920025,890.5305092920025,891.0095397499972,,,,,v,1,0.4714635830023326,None,05,001,2025-10-03_09h33.40.480,Motor Sequential Learning,,2025.1.1,None,2025-10-03 09h33.50.581054 +0530,
-150,z,150,150,38,z,1,0.43870254200010095,None,,,,,38,150,150,3,891.0191274999961,,891.0102344999905,891.0191274999961,892.0082637500018,892.0082637500018,892.0082637500018,892.0082637500018,892.0132273749914,893.0081486669951,893.0081486669951,893.448450166994,,,,,z,1,0.43870254200010095,None,05,001,2025-10-03_09h33.40.480,Motor Sequential Learning,,2025.1.1,None,2025-10-03 09h33.50.581054 +0530,
-150,z,151,151,39,z,1,0.4426534160011215,None,,,,,39,151,151,3,893.4581740839931,,893.448956459004,893.4581740839931,894.4465303339966,894.4465303339966,894.4465303339966,894.4465303339966,894.4465303339966,895.4472350419965,895.4472350419965,895.8927366669959,,,,,z,1,0.4426534160011215,None,05,001,2025-10-03_09h33.40.480,Motor Sequential Learning,,2025.1.1,None,2025-10-03 09h33.50.581054 +0530,
-50,x,152,152,35,x,1,0.45419395800854545,None,,,,,35,152,152,0,895.8973799999949,,895.8934738749958,895.8973799999949,896.8913559999928,896.8913559999928,896.8913559999928,896.8913559999928,896.8957197919954,897.8914818339981,897.8914818339981,898.3477459589922,,,,,x,1,0.45419395800854545,None,05,001,2025-10-03_09h33.40.480,Motor Sequential Learning,,2025.1.1,None,2025-10-03 09h33.50.581054 +0530,
-150,z,153,153,40,z,1,0.370674666002742,None,,,,,40,153,153,3,898.3577463340043,,898.3482582500001,898.3577463340043,899.3464199169975,899.3464199169975,899.3464199169975,899.3464199169975,899.3464199169975,900.3471617500036,900.3471617500036,900.7264354170038,,,,,z,1,0.370674666002742,None,05,001,2025-10-03_09h33.40.480,Motor Sequential Learning,,2025.1.1,None,2025-10-03 09h33.50.581054 +0530,
50,c,154,154,38,c,1,0.44903920899378136,None,,,,,38,154,154,2,900.7364288749959,,900.7273018339911,900.7364288749959,901.7246508749959,901.7246508749959,901.7246508749959,901.7246508749959,901.7287474589975,902.7247139999963,902.7247139999963,903.1763701669988,,,,,c,1,0.44903920899378136,None,05,001,2025-10-03_09h33.40.480,Motor Sequential Learning,,2025.1.1,None,2025-10-03 09h33.50.581054 +0530,
-150,z,155,155,41,z,1,0.4546152080001775,None,,,,,41,155,155,3,903.1820072919945,,903.1773142500024,903.1820072919945,904.1747173750045,904.1747173750045,904.1747173750045,904.1747173750045,904.1795607919921,905.1749787500012,905.1749787500012,905.6308150419936,,,,,z,1,0.4546152080001775,None,05,001,2025-10-03_09h33.40.480,Motor Sequential Learning,,2025.1.1,None,2025-10-03 09h33.50.581054 +0530,
50,c,156,156,39,c,1,0.36605395798687823,None,,,,,39,156,156,2,905.6408393750025,,905.6313251669926,905.6408393750025,906.6299628749985,906.6299628749985,906.6299628749985,906.6299628749985,906.6299628749985,907.6304494999931,907.6304494999931,908.0096422089991,,,,,c,1,0.36605395798687823,None,05,001,2025-10-03_09h33.40.480,Motor Sequential Learning,,2025.1.1,None,2025-10-03 09h33.50.581054 +0530,
150,v,157,157,39,v,1,0.8808534999989206,None,,,,,39,157,157,1,908.0200449169934,,908.0105146669957,908.0200449169934,909.0080199170043,909.0080199170043,909.0080199170043,909.0080199170043,909.012810375003,910.0079110420047,910.0079110420047,910.8929895000038,,,,,v,1,0.8808534999989206,None,05,001,2025-10-03_09h33.40.480,Motor Sequential Learning,,2025.1.1,None,2025-10-03 09h33.50.581054 +0530,
-50,x,158,158,36,x,1,0.46133558300789446,None,,,,,36,158,158,0,910.897916499991,,910.8938057499909,910.897916499991,911.891339416994,911.891339416994,911.891339416994,911.891339416994,911.8961824589933,912.8912719590007,912.8912719590007,913.3592542090046,,,,,x,1,0.46133558300789446,None,05,001,2025-10-03_09h33.40.480,Motor Sequential Learning,,2025.1.1,None,2025-10-03 09h33.50.581054 +0530,
150,v,159,159,40,v,1,0.38650820800103247,None,,,,,40,159,159,1,913.3691948339983,,913.3601390419935,913.3691948339983,914.3580620419962,914.3580620419962,914.3580620419962,914.3580620419962,914.3629703339975,915.3579577920027,915.3579577920027,915.7476117920014,,,,,v,1,0.38650820800103247,None,05,001,2025-10-03_09h33.40.480,Motor Sequential Learning,,2025.1.1,None,2025-10-03 09h33.50.581054 +0530,
50,c,160,160,40,c,1,0.4589696670009289,None,,,,,40,160,160,2,915.7574322089931,,915.7481100839941,915.7574322089931,916.7461775419943,916.7461775419943,916.7461775419943,916.7461775419943,916.7461775419943,917.7465053339984,917.7465053339984,918.2092966670025,,,,,c,1,0.4589696670009289,None,05,001,2025-10-03_09h33.40.480,Motor Sequential Learning,,2025.1.1,None,2025-10-03 09h33.50.581054 +0530,
150,v,161,161,41,v,1,0.34657245899143163,None,,,,,41,161,161,1,918.2143935420027,,918.2100237089908,918.2143935420027,919.2079626249906,919.2079626249906,919.2079626249906,919.2079626249906,919.2129356249934,920.2078543749958,920.2078543749958,920.559553500003,,,,,v,1,0.34657245899143163,None,05,001,2025-10-03_09h33.40.480,Motor Sequential Learning,,2025.1.1,None,2025-10-03 09h33.50.581054 +0530,
-50,x,162,162,37,z,0,0.3764629579964094,None,,,,,37,162,162,0,920.5649459169945,,920.5604733340006,920.5649459169945,921.5579378749972,921.5579378749972,921.5579378749972,921.5579378749972,921.5630532499927,922.5578759589989,922.5578759589989,922.9424685839913,,,,,z,0,0.3764629579964094,None,05,001,2025-10-03_09h33.40.480,Motor Sequential Learning,,2025.1.1,None,2025-10-03 09h33.50.581054 +0530,
-150,z,163,163,42,z,1,0.5121384159865556,None,,,,,42,163,163,3,922.9524629590014,,922.9431306250044,922.9524629590014,923.9407437920017,923.9407437920017,923.9407437920017,923.9407437920017,923.9457042919967,924.9412157920015,924.9412157920015,925.459304709002,,,,,z,1,0.5121384159865556,None,05,001,2025-10-03_09h33.40.480,Motor Sequential Learning,,2025.1.1,None,2025-10-03 09h33.50.581054 +0530,
-150,z,164,164,43,z,1,0.4704295830015326,None,,,,,43,164,164,3,925.4694997089973,,925.4599979999912,925.4694997089973,926.4578695840028,926.4578695840028,926.4578695840028,926.4578695840028,926.4627708750049,927.4577809170005,927.4577809170005,927.9306696669955,,,,,z,1,0.4704295830015326,None,05,001,2025-10-03_09h33.40.480,Motor Sequential Learning,,2025.1.1,None,2025-10-03 09h33.50.581054 +0530,
50,c,165,165,41,c,1,0.46176666699466296,None,,,,,41,165,165,2,927.9407959590026,,927.9311858750007,927.9407959590026,928.9307119169971,928.9307119169971,928.9307119169971,928.9307119169971,928.9307119169971,929.9303183339944,929.9303183339944,930.3978472089948,,,,,c,1,0.46176666699466296,None,05,001,2025-10-03_09h33.40.480,Motor Sequential Learning,,2025.1.1,None,2025-10-03 09h33.50.581054 +0530,
-150,z,166,166,44,z,1,0.5001801249891287,None,,,,,44,166,166,3,930.4075338340044,,930.3983280419925,930.4075338340044,931.3964067089983,931.3964067089983,931.3964067089983,931.3964067089983,931.3964067089983,932.3968073339929,932.3968073339929,932.9096702090028,,,,,z,1,0.5001801249891287,None,05,001,2025-10-03_09h33.40.480,Motor Sequential Learning,,2025.1.1,None,2025-10-03 09h33.50.581054 +0530,
150,v,167,167,42,v,1,0.34539437500643544,None,,,,,42,167,167,1,932.9203577089938,,932.9106049999973,932.9203577089938,933.9078039589949,933.9078039589949,933.9078039589949,933.9078039589949,933.9129436670046,934.9077248340036,934.9077248340036,935.2591668340028,,,,,v,1,0.34539437500643544,None,05,001,2025-10-03_09h33.40.480,Motor Sequential Learning,,2025.1.1,None,2025-10-03 09h33.50.581054 +0530,
150,v,168,168,43,v,1,0.47597383298852947,None,,,,,43,168,168,1,935.2691442499927,,935.2598669589934,935.2691442499927,936.2577920839976,936.2577920839976,936.2577920839976,936.2577920839976,936.2620201669924,937.2579247090034,937.2579247090034,937.7424455419969,,,,,v,1,0.47597383298852947,None,05,001,2025-10-03_09h33.40.480,Motor Sequential Learning,,2025.1.1,None,2025-10-03 09h33.50.581054 +0530,
150,v,169,169,44,v,1,0.5698000419943128,None,,,,,44,169,169,1,937.752697459,,937.7430826249911,937.752697459,938.7411360419937,938.7411360419937,938.7411360419937,938.7411360419937,938.7456969170016,939.741045458999,939.741045458999,940.3138244169968,,,,,v,1,0.5698000419943128,None,05,001,2025-10-03_09h33.40.480,Motor Sequential Learning,,2025.1.1,None,2025-10-03 09h33.50.581054 +0530,
-150,z,170,170,45,z,1,0.6365015000046697,None,,,,,45,170,170,3,940.3238794589997,,940.3143439589912,940.3238794589997,941.3128757090017,941.3128757090017,941.3128757090017,941.3128757090017,941.3128757090017,942.3123320000013,942.3123320000013,942.958601499995,,,,,z,1,0.6365015000046697,None,05,001,2025-10-03_09h33.40.480,Motor Sequential Learning,,2025.1.1,None,2025-10-03 09h33.50.581054 +0530,
-50,x,171,171,38,x,1,0.5409670000080951,None,,,,,38,171,171,0,942.9661286250048,,942.9593076250021,942.9661286250048,943.9578239169932,943.9578239169932,943.9578239169932,943.9578239169932,943.9624224589934,944.9478180419974,944.9478180419974,945.4925682500034,,,,,x,1,0.5409670000080951,None,05,001,2025-10-03_09h33.40.480,Motor Sequential Learning,,2025.1.1,None,2025-10-03 09h33.50.581054 +0530,
50,c,172,172,42,c,1,0.46568566700443625,None,,,,,42,172,172,2,945.4982104999945,,945.4934324589995,945.4982104999945,946.4909515839972,946.4909515839972,946.4909515839972,946.4909515839972,946.4957266249985,947.491062999994,947.491062999994,947.9589785419957,,,,,c,1,0.46568566700443625,None,05,001,2025-10-03_09h33.40.480,Motor Sequential Learning,,2025.1.1,None,2025-10-03 09h33.50.581054 +0530,
50,c,173,173,43,c,1,0.6601256249996368,None,,,,,43,173,173,2,947.9634961249976,,947.9595724169922,947.9634961249976,948.9576682089973,948.9576682089973,948.9576682089973,948.9576682089973,948.9627222919953,949.9575624169956,949.9575624169956,950.6257160419918,,,,,c,1,0.6601256249996368,None,05,001,2025-10-03_09h33.40.480,Motor Sequential Learning,,2025.1.1,None,2025-10-03 09h33.50.581054 +0530,
150,v,174,174,45,v,1,0.48824537500331644,None,,,,,45,174,174,1,950.6361944590026,,950.6263902920036,950.6361944590026,951.6243719589984,951.6243719589984,951.6243719589984,951.6243719589984,951.6293442500028,952.6243260420015,952.6243260420015,953.1254141249956,,,,,v,1,0.48824537500331644,None,05,001,2025-10-03_09h33.40.480,Motor Sequential Learning,,2025.1.1,None,2025-10-03 09h33.50.581054 +0530,
-50,x,175,175,39,x,1,0.383018834007089,None,,,,,39,175,175,0,953.1345635420003,,953.1260954589961,953.1345635420003,954.1243335420004,954.1243335420004,954.1243335420004,954.1243335420004,954.1290788750048,955.1244150839921,955.1244150839921,955.5091453749919,,,,,x,1,0.383018834007089,None,05,001,2025-10-03_09h33.40.480,Motor Sequential Learning,,2025.1.1,None,2025-10-03 09h33.50.581054 +0530,
-150,z,176,176,46,z,1,0.3659639999968931,None,,,,,46,176,176,3,955.5142834169965,,955.5099023340008,955.5142834169965,956.507511667005,956.507511667005,956.507511667005,956.507511667005,956.5119900839927,957.507587125001,957.507587125001,957.8753657089983,,,,,z,1,0.3659639999968931,None,05,001,2025-10-03_09h33.40.480,Motor Sequential Learning,,2025.1.1,None,2025-10-03 09h33.50.581054 +0530,
150,v,177,177,46,v,1,0.40126058300666045,None,,,,,46,177,177,1,957.880704708994,,957.8759490419907,957.880704708994,958.874276292001,958.874276292001,958.874276292001,958.874276292001,958.8785757500009,959.8741962499917,959.8741962499917,960.2811619999993,,,,,v,1,0.40126058300666045,None,05,001,2025-10-03_09h33.40.480,Motor Sequential Learning,,2025.1.1,None,2025-10-03 09h33.50.581054 +0530,
50,c,178,178,44,c,1,0.3282506669929717,None,,,,,44,178,178,2,960.2908030840044,,960.2816318340047,960.2908030840044,961.2790896249935,961.2790896249935,961.2790896249935,961.2790896249935,961.2790896249935,962.2790607920033,962.2790607920033,962.6098028749984,,,,,c,1,0.3282506669929717,None,05,001,2025-10-03_09h33.40.480,Motor Sequential Learning,,2025.1.1,None,2025-10-03 09h33.50.581054 +0530,
-50,x,179,179,40,x,1,0.3806802500039339,None,,,,,40,179,179,0,962.6150419589976,,962.6108798339992,962.6150419589976,963.607757292004,963.607757292004,963.607757292004,963.607757292004,963.6126815000025,964.6076132089947,964.6076132089947,964.9925326669909,,,,,x,1,0.3806802500039339,None,05,001,2025-10-03_09h33.40.480,Motor Sequential Learning,,2025.1.1,None,2025-10-03 09h33.50.581054 +0530,
150,v,180,180,47,v,1,0.4984482919971924,None,,,,,47,180,180,1,964.9981867919996,,964.9934292499966,964.9981867919996,965.9908504999912,965.9908504999912,965.9908504999912,965.9908504999912,965.9953076249949,966.9907907500019,966.9907907500019,967.4930129169952,,,,,v,1,0.4984482919971924,None,05,001,2025-10-03_09h33.40.480,Motor Sequential Learning,,2025.1.1,None,2025-10-03 09h33.50.581054 +0530,
150,v,181,181,48,v,1,0.5561670409952058,None,,,,,48,181,181,1,967.4989275419939,,967.4939784169983,967.4989275419939,968.4908489999943,968.4908489999943,968.4908489999943,968.4908489999943,968.4958727089979,969.490922041994,969.490922041994,970.0595759169955,,,,,v,1,0.5561670409952058,None,05,001,2025-10-03_09h33.40.480,Motor Sequential Learning,,2025.1.1,None,2025-10-03 09h33.50.581054 +0530,
-50,x,182,182,41,x,1,0.5825849579996429,None,,,,,41,182,182,0,970.0712898749916,,970.0605433750025,970.0712898749916,971.0576175419992,971.0576175419992,971.0576175419992,971.0576175419992,971.0627077919926,972.0574936670018,972.0574936670018,972.6420999590046,,,,,x,1,0.5825849579996429,None,05,001,2025-10-03_09h33.40.480,Motor Sequential Learning,,2025.1.1,None,2025-10-03 09h33.50.581054 +0530,
-150,z,183,183,47,z,1,0.4401299999881303,None,,,,,47,183,183,3,972.6467654589942,,972.6427819169912,972.6467654589942,973.6408724590001,973.6408724590001,973.6408724590001,973.6408724590001,973.6459842500044,974.6409498749999,974.6409498749999,975.0923710839998,,,,,z,1,0.4401299999881303,None,05,001,2025-10-03_09h33.40.480,Motor Sequential Learning,,2025.1.1,None,2025-10-03 09h33.50.581054 +0530,
-50,x,184,184,42,x,1,0.6221639590075938,None,,,,,42,184,184,0,975.1022135419917,,975.09306775,975.1022135419917,976.0907561249915,976.0907561249915,976.0907561249915,976.0907561249915,976.0959025839984,977.0908741669991,977.0908741669991,977.7256260839931,,,,,x,1,0.6221639590075938,None,05,001,2025-10-03_09h33.40.480,Motor Sequential Learning,,2025.1.1,None,2025-10-03 09h33.50.581054 +0530,
-50,x,185,185,43,x,1,0.7129648749978514,None,,,,,43,185,185,0,977.7355829169974,,977.7263108339976,977.7355829169974,978.7240546669927,978.7240546669927,978.7240546669927,978.7240546669927,978.7283770840004,979.7241082499968,979.7241082499968,980.4421570839913,,,,,x,1,0.7129648749978514,None,05,001,2025-10-03_09h33.40.480,Motor Sequential Learning,,2025.1.1,None,2025-10-03 09h33.50.581054 +0530,
-50,x,186,186,44,x,1,0.7382434999890393,None,,,,,44,186,186,0,980.452172749996,,980.4429554999952,980.452172749996,981.4407336669974,981.4407336669974,981.4407336669974,981.4407336669974,981.4452034589922,982.4406674170023,982.4406674170023,983.1805622919928,,,,,x,1,0.7382434999890393,None,05,001,2025-10-03_09h33.40.480,Motor Sequential Learning,,2025.1.1,None,2025-10-03 09h33.50.581054 +0530,
50,c,187,187,45,c,1,0.7645259170094505,None,,,,,45,187,187,2,983.1903813749959,,983.1810375420027,983.1903813749959,984.1791185839975,984.1791185839975,984.1791185839975,984.1791185839975,984.1791185839975,985.1803805419913,985.1803805419913,985.9470365839952,,,,,c,1,0.7645259170094505,None,05,001,2025-10-03_09h33.40.480,Motor Sequential Learning,,2025.1.1,None,2025-10-03 09h33.50.581054 +0530,
50,c,188,188,46,c,1,0.6389902919909218,None,,,,,46,188,188,2,985.9572772090032,,985.9476049590012,985.9572772090032,986.9458355840034,986.9458355840034,986.9458355840034,986.9458355840034,986.9458355840034,987.9469698339963,987.9469698339963,988.5917912089935,,,,,c,1,0.6389902919909218,None,05,001,2025-10-03_09h33.40.480,Motor Sequential Learning,,2025.1.1,None,2025-10-03 09h33.50.581054 +0530,
50,c,189,189,47,c,1,0.5813215829984983,None,,,,,47,189,189,2,988.601342916998,,988.5924356250034,988.601342916998,989.5906596249988,989.5906596249988,989.5906596249988,989.5906596249988,989.5955327089905,990.5807944589906,990.5807944589906,991.1752922089945,,,,,c,1,0.5813215829984983,None,05,001,2025-10-03_09h33.40.480,Motor Sequential Learning,,2025.1.1,None,2025-10-03 09h33.50.581054 +0530,
-50,x,190,190,45,x,1,0.4756366670044372,None,,,,,45,190,190,0,991.1854625419946,,991.1761042500002,991.1854625419946,992.1738998749934,992.1738998749934,992.1738998749934,992.1738998749934,992.1788357089972,993.1739629170042,993.1739629170042,993.658880959003,,,,,x,1,0.4756366670044372,None,05,001,2025-10-03_09h33.40.480,Motor Sequential Learning,,2025.1.1,None,2025-10-03 09h33.50.581054 +0530,
50,c,191,191,48,c,1,0.6353018750087358,None,,,,,48,191,191,2,993.6694598339964,,993.6597029590048,993.6694598339964,994.6572078750032,994.6572078750032,994.6572078750032,994.6572078750032,994.6622391249985,995.657305959001,995.657305959001,996.2969778340048,,,,,c,1,0.6353018750087358,None,05,001,2025-10-03_09h33.40.480,Motor Sequential Learning,,2025.1.1,None,2025-10-03 09h33.50.581054 +0530,
-50,x,192,192,46,x,1,0.6341503750008997,None,,,,,46,192,192,0,996.307130250003,,996.2974680000043,996.307130250003,997.296057708998,997.296057708998,997.296057708998,997.296057708998,997.296057708998,998.2952522499982,998.2952522499982,998.9424289169983,,,,,x,1,0.6341503750008997,None,05,001,2025-10-03_09h33.40.480,Motor Sequential Learning,,2025.1.1,None,2025-10-03 09h33.50.581054 +0530,
-50,x,193,193,47,x,1,0.4167932499985909,None,,,,,47,193,193,0,998.9530662920006,,998.943325500004,998.9530662920006,999.9405392089975,999.9405392089975,999.9405392089975,999.9405392089975,999.9451576669962,1000.9406810420041,1000.9406810420041,1001.3638038339996,,,,,x,1,0.4167932499985909,None,05,001,2025-10-03_09h33.40.480,Motor Sequential Learning,,2025.1.1,None,2025-10-03 09h33.50.581054 +0530,
-150,z,194,194,48,z,1,0.662363915995229,None,,,,,48,194,194,3,1001.3739387919923,,1001.3643020839954,1001.3739387919923,1002.3621723749966,1002.3621723749966,1002.3621723749966,1002.3621723749966,1002.3621723749966,1003.362934542005,1003.362934542005,1004.0311683339969,,,,,z,1,0.662363915995229,None,05,001,2025-10-03_09h33.40.480,Motor Sequential Learning,,2025.1.1,None,2025-10-03 09h33.50.581054 +0530,
-50,x,195,195,48,x,1,0.5606802920083283,None,,,,,48,195,195,0,1004.0577509169962,,1004.0316818749998,1004.0577509169962,1005.0295700839924,1005.0295700839924,1005.0295700839924,1005.0295700839924,1005.0446417089988,1006.030579208993,1006.030579208993,1006.5964577089908,,,,,x,1,0.5606802920083283,None,05,001,2025-10-03_09h33.40.480,Motor Sequential Learning,,2025.1.1,None,2025-10-03 09h33.50.581054 +0530,
-50,x,196,196,49,x,1,0.4361358339956496,None,,,,,49,196,196,0,1006.606588249997,,1006.5970606670016,1006.606588249997,1007.5955242499913,1007.5955242499913,1007.5955242499913,1007.5955242499913,1007.5955242499913,1008.5960523749964,1008.5960523749964,1009.0417651250027,,,,,x,1,0.4361358339956496,None,05,001,2025-10-03_09h33.40.480,Motor Sequential Learning,,2025.1.1,None,2025-10-03 09h33.50.581054 +0530,
50,c,197,197,49,c,1,0.5417537909961538,None,,,,,49,197,197,2,1009.0520148749929,,1009.0424253749952,1009.0520148749929,1010.0404293750034,1010.0404293750034,1010.0404293750034,1010.0404293750034,1010.0451826249919,1011.0405231670011,1011.0405231670011,1011.592031334003,,,,,c,1,0.5417537909961538,None,05,001,2025-10-03_09h33.40.480,Motor Sequential Learning,,2025.1.1,None,2025-10-03 09h33.50.581054 +0530,
150,v,198,198,49,c,0,0.597703667008318,None,,,,,49,198,198,1,1011.6022214590048,,1011.5927089589968,1011.6022214590048,1012.5908662089932,1012.5908662089932,1012.5908662089932,1012.5908662089932,1012.595654292003,1013.590506374996,1013.590506374996,1014.1916150000034,,,,,c,0,0.597703667008318,None,05,001,2025-10-03_09h33.40.480,Motor Sequential Learning,,2025.1.1,None,2025-10-03 09h33.50.581054 +0530,
-150,z,199,199,49,z,1,0.5095022500026971,None,,,,,49,199,199,3,1014.1967792499927,,1014.1923410839954,1014.1967792499927,1015.1904108750023,1015.1904108750023,1015.1904108750023,1015.1904108750023,1015.1950849589921,1016.1905235419981,1016.1905235419981,1016.708784041999,,,,,z,1,0.5095022500026971,None,05,001,2025-10-03_09h33.40.480,Motor Sequential Learning,,2025.1.1,None,2025-10-03 09h33.50.581054 +0530,
