29.6498 	INFO 	Loaded monitor calibration from ['2025_08_12 08:00']
29.8429 	INFO 	Using renderer 'Apple M2' for graphics
29.8429 	INFO 	OpenGL version supported by driver is 2..
29.8651 	EXP 	Created window1 = Window(allowGUI=True, allowStencil=False, autoLog=True, backendConf=UNKNOWN, backgroundFit=<method-wrapper '__getattribute__' of attributeSetter object at 0x14ea928f0>, backgroundImage=<method-wrapper '__getattribute__' of attributeSetter object at 0x14ea92950>, bitsMode=UNKNOWN, blendMode='avg', bpc=(8, 8, 8), color=array([0, 0, 0]), colorSpace='rgb', depthBits=8, fullscr=False, gamma=None, gammaErrorPolicy='raise', infoMsg=UNKNOWN, lms=UNKNOWN, monitor=<psychopy.monitors.calibTools.Monitor object at 0x14e9da230>, multiSample=False, name='window1', numSamples=2, pos=[np.float64(135.0), np.float64(78.0)], screen=0, size=array([2400, 1600]), stencilBits=0, stereo=False, title='PsychoPy', units='height', useFBO=True, useRetina=True, viewOri=0.0, viewPos=None, viewScale=None, waitBlanking=True, winType='pyglet')
29.8651 	EXP 	window1: backgroundImage = ''
29.8651 	EXP 	window1: backgroundFit = 'none'
30.3966 	EXP 	window1: Attempting to measure frame rate of screen (0) ...
30.3966 	EXP 	window1: recordFrameIntervals = False
30.5399 	EXP 	window1: recordFrameIntervals = True
31.3745 	WARNING 	Couldn't measure a consistent frame rate!
  - Is your graphics card set to sync to vertical blank?
  - Are you running other processes on your computer?

32.3550 	INFO 	keyboard.Keyboard is using ptb backend.
32.6803 	INFO 	keyboard.Keyboard is using ptb backend.
32.6804 	EXP 	Motor Sequential Learning: status = STARTED
32.6890 	EXP 	Created fixation = ShapeStim(__class__=<class 'psychopy.visual.shape.ShapeStim'>, anchor=('center', 'center'), autoDraw=False, autoLog=True, closeShape=True, color=method-wrapper(...), colorSpace='rgb', contrast=None, depth=0.0, draggable=False, fillColor=array([0., 0., 0.]), fillColorSpace='rgb', fillRGB=array([0., 0., 0.]), interpolate=True, lineColor=array([1., 1., 1.]), lineColorSpace='rgb', lineRGB=array([1, 1, 1]), lineWidth=1.0, name='fixation', opacity=1, ori=0.0, pos=array([0., 0.]), size=array([10., 10.]), units='pix', vertices=ndarray(...), win=Window(...), windingRule=None)
32.6904 	EXP 	Created line1 = Rect(__class__=<class 'psychopy.visual.rect.Rect'>, anchor=('center', 'center'), autoDraw=False, autoLog=True, closeShape=True, color=method-wrapper(...), colorSpace='rgb', contrast=None, depth=-1.0, draggable=False, fillColor=array([1, 1, 1]), fillColorSpace='rgb', fillRGB=array([1, 1, 1]), interpolate=True, lineColor=array([1., 1., 1.]), lineColorSpace='rgb', lineRGB=array([1, 1, 1]), lineWidth=1.0, name='line1', opacity=1, ori=90.0, pos=array([-150.,    0.]), size=array([100.,  10.]), units='pix', vertices=ndarray(...), win=Window(...))
32.6915 	EXP 	Created line2 = Rect(__class__=<class 'psychopy.visual.rect.Rect'>, anchor=('center', 'center'), autoDraw=False, autoLog=True, closeShape=True, color=method-wrapper(...), colorSpace='rgb', contrast=None, depth=-2.0, draggable=False, fillColor=array([1, 1, 1]), fillColorSpace='rgb', fillRGB=array([1, 1, 1]), interpolate=True, lineColor=array([1., 1., 1.]), lineColorSpace='rgb', lineRGB=array([1, 1, 1]), lineWidth=1.0, name='line2', opacity=1, ori=90.0, pos=array([-50.,   0.]), size=array([100.,  10.]), units='pix', vertices=ndarray(...), win=Window(...))
32.6926 	EXP 	Created line3 = Rect(__class__=<class 'psychopy.visual.rect.Rect'>, anchor=('center', 'center'), autoDraw=False, autoLog=True, closeShape=True, color=method-wrapper(...), colorSpace='rgb', contrast=None, depth=-3.0, draggable=False, fillColor=array([1, 1, 1]), fillColorSpace='rgb', fillRGB=array([1, 1, 1]), interpolate=True, lineColor=array([1., 1., 1.]), lineColorSpace='rgb', lineRGB=array([1, 1, 1]), lineWidth=1.0, name='line3', opacity=1, ori=90.0, pos=array([50.,  0.]), size=array([100.,  10.]), units='pix', vertices=ndarray(...), win=Window(...))
32.6936 	EXP 	Created line4 = Rect(__class__=<class 'psychopy.visual.rect.Rect'>, anchor=('center', 'center'), autoDraw=False, autoLog=True, closeShape=True, color=method-wrapper(...), colorSpace='rgb', contrast=None, depth=-4.0, draggable=False, fillColor=array([1, 1, 1]), fillColorSpace='rgb', fillRGB=array([1, 1, 1]), interpolate=True, lineColor=array([1., 1., 1.]), lineColorSpace='rgb', lineRGB=array([1, 1, 1]), lineWidth=1.0, name='line4', opacity=1, ori=90.0, pos=array([150.,   0.]), size=array([100.,  10.]), units='pix', vertices=ndarray(...), win=Window(...))
32.6960 	EXP 	Created probe = ShapeStim(__class__=<class 'psychopy.visual.shape.ShapeStim'>, anchor=('center', 'center'), autoDraw=False, autoLog=True, closeShape=True, color=method-wrapper(...), colorSpace='rgb', contrast=None, depth=-5.0, draggable=False, fillColor=array([1, 1, 1]), fillColorSpace='rgb', fillRGB=array([1, 1, 1]), interpolate=True, lineColor=array([1., 1., 1.]), lineColorSpace='rgb', lineRGB=array([1, 1, 1]), lineWidth=1.0, name='probe', opacity=1, ori=0.0, pos=array([0., 0.]), size=array([10., 10.]), units='pix', vertices=ndarray(...), win=Window(...), windingRule=None)
32.6978 	EXP 	Created fixation = ShapeStim(__class__=<class 'psychopy.visual.shape.ShapeStim'>, anchor=('center', 'center'), autoDraw=False, autoLog=True, closeShape=True, color=method-wrapper(...), colorSpace='rgb', contrast=None, depth=0.0, draggable=False, fillColor=array([0., 0., 0.]), fillColorSpace='rgb', fillRGB=array([0., 0., 0.]), interpolate=True, lineColor=array([1., 1., 1.]), lineColorSpace='rgb', lineRGB=array([1, 1, 1]), lineWidth=1.0, name='fixation', opacity=1, ori=0.0, pos=array([0., 0.]), size=array([10., 10.]), units='pix', vertices=ndarray(...), win=Window(...), windingRule=None)
32.6988 	EXP 	Created line1 = Rect(__class__=<class 'psychopy.visual.rect.Rect'>, anchor=('center', 'center'), autoDraw=False, autoLog=True, closeShape=True, color=method-wrapper(...), colorSpace='rgb', contrast=None, depth=-1.0, draggable=False, fillColor=array([1, 1, 1]), fillColorSpace='rgb', fillRGB=array([1, 1, 1]), interpolate=True, lineColor=array([1., 1., 1.]), lineColorSpace='rgb', lineRGB=array([1, 1, 1]), lineWidth=1.0, name='line1', opacity=1, ori=90.0, pos=array([-150.,    0.]), size=array([100.,  10.]), units='pix', vertices=ndarray(...), win=Window(...))
32.6999 	EXP 	Created line2 = Rect(__class__=<class 'psychopy.visual.rect.Rect'>, anchor=('center', 'center'), autoDraw=False, autoLog=True, closeShape=True, color=method-wrapper(...), colorSpace='rgb', contrast=None, depth=-2.0, draggable=False, fillColor=array([1, 1, 1]), fillColorSpace='rgb', fillRGB=array([1, 1, 1]), interpolate=True, lineColor=array([1., 1., 1.]), lineColorSpace='rgb', lineRGB=array([1, 1, 1]), lineWidth=1.0, name='line2', opacity=1, ori=90.0, pos=array([-50.,   0.]), size=array([100.,  10.]), units='pix', vertices=ndarray(...), win=Window(...))
32.7009 	EXP 	Created line3 = Rect(__class__=<class 'psychopy.visual.rect.Rect'>, anchor=('center', 'center'), autoDraw=False, autoLog=True, closeShape=True, color=method-wrapper(...), colorSpace='rgb', contrast=None, depth=-3.0, draggable=False, fillColor=array([1, 1, 1]), fillColorSpace='rgb', fillRGB=array([1, 1, 1]), interpolate=True, lineColor=array([1., 1., 1.]), lineColorSpace='rgb', lineRGB=array([1, 1, 1]), lineWidth=1.0, name='line3', opacity=1, ori=90.0, pos=array([50.,  0.]), size=array([100.,  10.]), units='pix', vertices=ndarray(...), win=Window(...))
32.7020 	EXP 	Created line4 = Rect(__class__=<class 'psychopy.visual.rect.Rect'>, anchor=('center', 'center'), autoDraw=False, autoLog=True, closeShape=True, color=method-wrapper(...), colorSpace='rgb', contrast=None, depth=-4.0, draggable=False, fillColor=array([1, 1, 1]), fillColorSpace='rgb', fillRGB=array([1, 1, 1]), interpolate=True, lineColor=array([1., 1., 1.]), lineColorSpace='rgb', lineRGB=array([1, 1, 1]), lineWidth=1.0, name='line4', opacity=1, ori=90.0, pos=array([150.,   0.]), size=array([100.,  10.]), units='pix', vertices=ndarray(...), win=Window(...))
32.7033 	EXP 	Created probe = ShapeStim(__class__=<class 'psychopy.visual.shape.ShapeStim'>, anchor=('center', 'center'), autoDraw=False, autoLog=True, closeShape=True, color=method-wrapper(...), colorSpace='rgb', contrast=None, depth=-5.0, draggable=False, fillColor=array([1, 1, 1]), fillColorSpace='rgb', fillRGB=array([1, 1, 1]), interpolate=True, lineColor=array([1., 1., 1.]), lineColorSpace='rgb', lineRGB=array([1, 1, 1]), lineWidth=1.0, name='probe', opacity=1, ori=0.0, pos=array([0., 0.]), size=array([10., 10.]), units='pix', vertices=ndarray(...), win=Window(...), windingRule=None)
0.0144 	EXP 	Imported /Users/vineesmacbook/Downloads/sequence_cond - Sheet1.csv as conditions, 4 conditions, 2 params
0.0160 	EXP 	New trial (rep=0, index=0): <Trial 0 (0 in rep 0) data={'pos': np.int64(-50), 'corr_resp': 'x', 'thisN': 0, 'thisTrialN': 0, 'thisRepN': 0}>
0.0230 	EXP 	fixation: autoDraw = True
0.9991 	EXP 	line1: autoDraw = True
0.9991 	EXP 	line2: autoDraw = True
0.9991 	EXP 	line3: autoDraw = True
0.9991 	EXP 	line4: autoDraw = True
1.0201 	EXP 	fixation: autoDraw = False
1.9908 	INFO 	Keyboard events cleared
1.9906 	EXP 	probe: autoDraw = True
3.2039 	EXP 	Device response: <KeyPress from None: t=3.0142210420017364, value=x, duration=None>
3.2041 	EXP 	Device response: <KeyPress from None: t=3.0142210420017364, value=x, duration=0.168315499991877>
3.2043 	EXP 	New trial (rep=0, index=1): <Trial 1 (1 in rep 0) data={'pos': np.int64(150), 'corr_resp': 'v', 'thisN': 1, 'thisTrialN': 1, 'thisRepN': 0}>
3.2078 	DATA 	Keypress: x
3.2111 	WARNING 	t of last frame was 194.73ms (=1/5)
3.2111 	EXP 	fixation: autoDraw = False
3.2111 	EXP 	line1: autoDraw = False
3.2111 	EXP 	line2: autoDraw = False
3.2111 	EXP 	line3: autoDraw = False
3.2111 	EXP 	line4: autoDraw = False
3.2111 	EXP 	probe: autoDraw = False
3.2111 	EXP 	fixation: autoDraw = True
4.1996 	EXP 	line1: autoDraw = True
4.1996 	EXP 	line2: autoDraw = True
4.1996 	EXP 	line3: autoDraw = True
4.1996 	EXP 	line4: autoDraw = True
4.2042 	EXP 	fixation: autoDraw = False
5.1997 	INFO 	Keyboard events cleared
5.1996 	EXP 	probe: autoDraw = True
5.7675 	EXP 	Device response: <KeyPress from None: t=5.758319917003973, value=v, duration=None>
5.7681 	EXP 	New trial (rep=0, index=2): <Trial 2 (2 in rep 0) data={'pos': np.int64(50), 'corr_resp': 'c', 'thisN': 2, 'thisTrialN': 2, 'thisRepN': 0}>
5.7736 	DATA 	Keypress: v
5.7775 	EXP 	fixation: autoDraw = False
5.7775 	EXP 	line1: autoDraw = False
5.7775 	EXP 	line2: autoDraw = False
5.7775 	EXP 	line3: autoDraw = False
5.7775 	EXP 	line4: autoDraw = False
5.7775 	EXP 	probe: autoDraw = False
5.7775 	EXP 	fixation: autoDraw = True
5.9008 	EXP 	Device response: <KeyPress from None: t=5.758319917003973, value=v, duration=0.13619974999164697>
6.7663 	EXP 	line1: autoDraw = True
6.7663 	EXP 	line2: autoDraw = True
6.7663 	EXP 	line3: autoDraw = True
6.7663 	EXP 	line4: autoDraw = True
6.7711 	EXP 	fixation: autoDraw = False
7.7665 	INFO 	Keyboard events cleared
7.7663 	EXP 	probe: autoDraw = True
8.5508 	EXP 	Device response: <KeyPress from None: t=8.546124000000418, value=c, duration=None>
8.5513 	EXP 	New trial (rep=0, index=3): <Trial 3 (3 in rep 0) data={'pos': np.int64(-150), 'corr_resp': 'z', 'thisN': 3, 'thisTrialN': 3, 'thisRepN': 0}>
8.5559 	EXP 	fixation: autoDraw = False
8.5559 	EXP 	line1: autoDraw = False
8.5559 	EXP 	line2: autoDraw = False
8.5559 	EXP 	line3: autoDraw = False
8.5559 	EXP 	line4: autoDraw = False
8.5559 	EXP 	probe: autoDraw = False
8.5559 	EXP 	fixation: autoDraw = True
8.5597 	DATA 	Keypress: c
8.6725 	EXP 	Device response: <KeyPress from None: t=8.546124000000418, value=c, duration=0.124233666996588>
9.5496 	EXP 	line1: autoDraw = True
9.5496 	EXP 	line2: autoDraw = True
9.5496 	EXP 	line3: autoDraw = True
9.5496 	EXP 	line4: autoDraw = True
9.5545 	EXP 	fixation: autoDraw = False
10.5497 	INFO 	Keyboard events cleared
10.5495 	EXP 	probe: autoDraw = True
11.2342 	EXP 	Device response: <KeyPress from None: t=11.222028374992078, value=z, duration=None>
11.2348 	EXP 	New trial (rep=1, index=0): <Trial 4 (0 in rep 1) data={'pos': np.int64(-50), 'corr_resp': 'x', 'thisN': 4, 'thisTrialN': 0, 'thisRepN': 1}>
11.2397 	DATA 	Keypress: z
11.2436 	EXP 	fixation: autoDraw = False
11.2436 	EXP 	line1: autoDraw = False
11.2436 	EXP 	line2: autoDraw = False
11.2436 	EXP 	line3: autoDraw = False
11.2436 	EXP 	line4: autoDraw = False
11.2436 	EXP 	probe: autoDraw = False
11.2436 	EXP 	fixation: autoDraw = True
11.3552 	EXP 	Device response: <KeyPress from None: t=11.222028374992078, value=z, duration=0.12819937500171363>
12.2328 	EXP 	line1: autoDraw = True
12.2328 	EXP 	line2: autoDraw = True
12.2328 	EXP 	line3: autoDraw = True
12.2328 	EXP 	line4: autoDraw = True
12.2372 	EXP 	fixation: autoDraw = False
13.2330 	INFO 	Keyboard events cleared
13.2329 	EXP 	probe: autoDraw = True
13.8671 	EXP 	Device response: <KeyPress from None: t=13.859042291995138, value=x, duration=None>
13.8675 	EXP 	New trial (rep=1, index=1): <Trial 5 (1 in rep 1) data={'pos': np.int64(150), 'corr_resp': 'v', 'thisN': 5, 'thisTrialN': 1, 'thisRepN': 1}>
13.8719 	DATA 	Keypress: x
13.8758 	EXP 	fixation: autoDraw = False
13.8758 	EXP 	line1: autoDraw = False
13.8758 	EXP 	line2: autoDraw = False
13.8758 	EXP 	line3: autoDraw = False
13.8758 	EXP 	line4: autoDraw = False
13.8758 	EXP 	probe: autoDraw = False
13.8758 	EXP 	fixation: autoDraw = True
14.0388 	EXP 	Device response: <KeyPress from None: t=13.859042291995138, value=x, duration=0.1762478330056183>
14.8660 	EXP 	line1: autoDraw = True
14.8660 	EXP 	line2: autoDraw = True
14.8660 	EXP 	line3: autoDraw = True
14.8660 	EXP 	line4: autoDraw = True
14.8701 	EXP 	fixation: autoDraw = False
15.8662 	INFO 	Keyboard events cleared
15.8661 	EXP 	probe: autoDraw = True
16.4173 	EXP 	Device response: <KeyPress from None: t=16.41107699999702, value=v, duration=None>
16.4179 	EXP 	New trial (rep=1, index=2): <Trial 6 (2 in rep 1) data={'pos': np.int64(50), 'corr_resp': 'c', 'thisN': 6, 'thisTrialN': 2, 'thisRepN': 1}>
16.4226 	DATA 	Keypress: v
16.4265 	EXP 	fixation: autoDraw = False
16.4265 	EXP 	line1: autoDraw = False
16.4265 	EXP 	line2: autoDraw = False
16.4265 	EXP 	line3: autoDraw = False
16.4265 	EXP 	line4: autoDraw = False
16.4265 	EXP 	probe: autoDraw = False
16.4265 	EXP 	fixation: autoDraw = True
16.5506 	EXP 	Device response: <KeyPress from None: t=16.41107699999702, value=v, duration=0.12809075000404846>
17.4161 	EXP 	line1: autoDraw = True
17.4161 	EXP 	line2: autoDraw = True
17.4161 	EXP 	line3: autoDraw = True
17.4161 	EXP 	line4: autoDraw = True
17.4203 	EXP 	fixation: autoDraw = False
18.4164 	INFO 	Keyboard events cleared
18.4162 	EXP 	probe: autoDraw = True
18.9505 	EXP 	Device response: <KeyPress from None: t=18.937880041994504, value=c, duration=None>
18.9510 	EXP 	New trial (rep=1, index=3): <Trial 7 (3 in rep 1) data={'pos': np.int64(-150), 'corr_resp': 'z', 'thisN': 7, 'thisTrialN': 3, 'thisRepN': 1}>
18.9556 	DATA 	Keypress: c
18.9596 	EXP 	fixation: autoDraw = False
18.9596 	EXP 	line1: autoDraw = False
18.9596 	EXP 	line2: autoDraw = False
18.9596 	EXP 	line3: autoDraw = False
18.9596 	EXP 	line4: autoDraw = False
18.9596 	EXP 	probe: autoDraw = False
18.9596 	EXP 	fixation: autoDraw = True
19.0504 	EXP 	Device response: <KeyPress from None: t=18.937880041994504, value=c, duration=0.10436145799758378>
19.9495 	EXP 	line1: autoDraw = True
19.9495 	EXP 	line2: autoDraw = True
19.9495 	EXP 	line3: autoDraw = True
19.9495 	EXP 	line4: autoDraw = True
19.9540 	EXP 	fixation: autoDraw = False
20.9495 	INFO 	Keyboard events cleared
20.9494 	EXP 	probe: autoDraw = True
21.5004 	EXP 	Device response: <KeyPress from None: t=21.49782087499625, value=z, duration=None>
21.5011 	EXP 	New trial (rep=2, index=0): <Trial 8 (0 in rep 2) data={'pos': np.int64(-50), 'corr_resp': 'x', 'thisN': 8, 'thisTrialN': 0, 'thisRepN': 2}>
21.5058 	EXP 	fixation: autoDraw = False
21.5058 	EXP 	line1: autoDraw = False
21.5058 	EXP 	line2: autoDraw = False
21.5058 	EXP 	line3: autoDraw = False
21.5058 	EXP 	line4: autoDraw = False
21.5058 	EXP 	probe: autoDraw = False
21.5058 	EXP 	fixation: autoDraw = True
21.5094 	DATA 	Keypress: z
21.6504 	EXP 	Device response: <KeyPress from None: t=21.49782087499625, value=z, duration=0.14429424999980256>
22.4993 	EXP 	line1: autoDraw = True
22.4993 	EXP 	line2: autoDraw = True
22.4993 	EXP 	line3: autoDraw = True
22.4993 	EXP 	line4: autoDraw = True
22.5037 	EXP 	fixation: autoDraw = False
23.4997 	INFO 	Keyboard events cleared
23.4995 	EXP 	probe: autoDraw = True
24.0504 	EXP 	Device response: <KeyPress from None: t=24.044876667001517, value=x, duration=None>
24.0510 	EXP 	New trial (rep=2, index=1): <Trial 9 (1 in rep 2) data={'pos': np.int64(150), 'corr_resp': 'v', 'thisN': 9, 'thisTrialN': 1, 'thisRepN': 2}>
24.0560 	DATA 	Keypress: x
24.0598 	EXP 	fixation: autoDraw = False
24.0598 	EXP 	line1: autoDraw = False
24.0598 	EXP 	line2: autoDraw = False
24.0598 	EXP 	line3: autoDraw = False
24.0598 	EXP 	line4: autoDraw = False
24.0598 	EXP 	probe: autoDraw = False
24.0598 	EXP 	fixation: autoDraw = True
24.2383 	EXP 	Device response: <KeyPress from None: t=24.044876667001517, value=x, duration=0.18821125000249594>
25.0494 	EXP 	line1: autoDraw = True
25.0494 	EXP 	line2: autoDraw = True
25.0494 	EXP 	line3: autoDraw = True
25.0494 	EXP 	line4: autoDraw = True
25.0543 	EXP 	fixation: autoDraw = False
26.0497 	INFO 	Keyboard events cleared
26.0495 	EXP 	probe: autoDraw = True
26.4892 	EXP 	Device response: <KeyPress from None: t=26.483696333991247, value=v, duration=None>
26.4896 	EXP 	New trial (rep=2, index=2): <Trial 10 (2 in rep 2) data={'pos': np.int64(50), 'corr_resp': 'c', 'thisN': 10, 'thisTrialN': 2, 'thisRepN': 2}>
26.4941 	DATA 	Keypress: v
26.4985 	EXP 	fixation: autoDraw = False
26.4985 	EXP 	line1: autoDraw = False
26.4985 	EXP 	line2: autoDraw = False
26.4985 	EXP 	line3: autoDraw = False
26.4985 	EXP 	line4: autoDraw = False
26.4985 	EXP 	probe: autoDraw = False
26.4985 	EXP 	fixation: autoDraw = True
26.6507 	EXP 	Device response: <KeyPress from None: t=26.483696333991247, value=v, duration=0.16133262500807177>
27.4877 	EXP 	fixation: autoDraw = False
27.4877 	EXP 	line1: autoDraw = True
27.4877 	EXP 	line2: autoDraw = True
27.4877 	EXP 	line3: autoDraw = True
27.4877 	EXP 	line4: autoDraw = True
28.4887 	INFO 	Keyboard events cleared
28.4885 	EXP 	probe: autoDraw = True
29.0673 	EXP 	Device response: <KeyPress from None: t=29.058664041993325, value=c, duration=None>
29.0679 	EXP 	New trial (rep=2, index=3): <Trial 11 (3 in rep 2) data={'pos': np.int64(-150), 'corr_resp': 'z', 'thisN': 11, 'thisTrialN': 3, 'thisRepN': 2}>
29.0731 	DATA 	Keypress: c
29.0772 	EXP 	fixation: autoDraw = False
29.0772 	EXP 	line1: autoDraw = False
29.0772 	EXP 	line2: autoDraw = False
29.0772 	EXP 	line3: autoDraw = False
29.0772 	EXP 	line4: autoDraw = False
29.0772 	EXP 	probe: autoDraw = False
29.0772 	EXP 	fixation: autoDraw = True
29.1671 	EXP 	Device response: <KeyPress from None: t=29.058664041993325, value=c, duration=0.10446075000800192>
30.0660 	EXP 	line1: autoDraw = True
30.0660 	EXP 	line2: autoDraw = True
30.0660 	EXP 	line3: autoDraw = True
30.0660 	EXP 	line4: autoDraw = True
30.0704 	EXP 	fixation: autoDraw = False
31.0663 	INFO 	Keyboard events cleared
31.0662 	EXP 	probe: autoDraw = True
31.5510 	EXP 	Device response: <KeyPress from None: t=31.53946362499846, value=z, duration=None>
31.5518 	EXP 	New trial (rep=3, index=0): <Trial 12 (0 in rep 3) data={'pos': np.int64(-50), 'corr_resp': 'x', 'thisN': 12, 'thisTrialN': 0, 'thisRepN': 3}>
31.5572 	DATA 	Keypress: z
31.5612 	EXP 	fixation: autoDraw = False
31.5612 	EXP 	line1: autoDraw = False
31.5612 	EXP 	line2: autoDraw = False
31.5612 	EXP 	line3: autoDraw = False
31.5612 	EXP 	line4: autoDraw = False
31.5612 	EXP 	probe: autoDraw = False
31.5612 	EXP 	fixation: autoDraw = True
31.6839 	EXP 	Device response: <KeyPress from None: t=31.53946362499846, value=z, duration=0.13331975000619423>
32.5494 	EXP 	line1: autoDraw = True
32.5494 	EXP 	line2: autoDraw = True
32.5494 	EXP 	line3: autoDraw = True
32.5494 	EXP 	line4: autoDraw = True
32.5540 	EXP 	fixation: autoDraw = False
33.5497 	INFO 	Keyboard events cleared
33.5495 	EXP 	probe: autoDraw = True
34.2006 	EXP 	Device response: <KeyPress from None: t=34.19758891699894, value=x, duration=None>
34.2012 	EXP 	New trial (rep=3, index=1): <Trial 13 (1 in rep 3) data={'pos': np.int64(150), 'corr_resp': 'v', 'thisN': 13, 'thisTrialN': 1, 'thisRepN': 3}>
34.2059 	EXP 	fixation: autoDraw = False
34.2059 	EXP 	line1: autoDraw = False
34.2059 	EXP 	line2: autoDraw = False
34.2059 	EXP 	line3: autoDraw = False
34.2059 	EXP 	line4: autoDraw = False
34.2059 	EXP 	probe: autoDraw = False
34.2059 	EXP 	fixation: autoDraw = True
34.2096 	DATA 	Keypress: x
34.3006 	EXP 	Device response: <KeyPress from None: t=34.19758891699894, value=x, duration=0.10026525000284892>
35.1993 	EXP 	line1: autoDraw = True
35.1993 	EXP 	line2: autoDraw = True
35.1993 	EXP 	line3: autoDraw = True
35.1993 	EXP 	line4: autoDraw = True
35.2034 	EXP 	fixation: autoDraw = False
36.1995 	INFO 	Keyboard events cleared
36.1993 	EXP 	probe: autoDraw = True
36.7219 	EXP 	Device response: <KeyPress from None: t=36.71939520900196, value=v, duration=None>
36.7223 	EXP 	New trial (rep=3, index=2): <Trial 14 (2 in rep 3) data={'pos': np.int64(50), 'corr_resp': 'c', 'thisN': 14, 'thisTrialN': 2, 'thisRepN': 3}>
36.7271 	DATA 	Keypress: v
36.7317 	EXP 	fixation: autoDraw = False
36.7317 	EXP 	line1: autoDraw = False
36.7317 	EXP 	line2: autoDraw = False
36.7317 	EXP 	line3: autoDraw = False
36.7317 	EXP 	line4: autoDraw = False
36.7317 	EXP 	probe: autoDraw = False
36.7317 	EXP 	fixation: autoDraw = True
36.8504 	EXP 	Device response: <KeyPress from None: t=36.71939520900196, value=v, duration=0.12456866599677596>
37.7207 	EXP 	fixation: autoDraw = False
37.7207 	EXP 	line1: autoDraw = True
37.7207 	EXP 	line2: autoDraw = True
37.7207 	EXP 	line3: autoDraw = True
37.7207 	EXP 	line4: autoDraw = True
38.7217 	INFO 	Keyboard events cleared
38.7215 	EXP 	probe: autoDraw = True
39.5169 	EXP 	Device response: <KeyPress from None: t=39.50540224999713, value=c, duration=None>
39.5173 	EXP 	New trial (rep=3, index=3): <Trial 15 (3 in rep 3) data={'pos': np.int64(-150), 'corr_resp': 'z', 'thisN': 15, 'thisTrialN': 3, 'thisRepN': 3}>
39.5221 	DATA 	Keypress: c
39.5261 	EXP 	fixation: autoDraw = False
39.5261 	EXP 	line1: autoDraw = False
39.5261 	EXP 	line2: autoDraw = False
39.5261 	EXP 	line3: autoDraw = False
39.5261 	EXP 	line4: autoDraw = False
39.5261 	EXP 	probe: autoDraw = False
39.5261 	EXP 	fixation: autoDraw = True
39.6382 	EXP 	Device response: <KeyPress from None: t=39.50540224999713, value=c, duration=0.12828150000132155>
40.5159 	EXP 	line1: autoDraw = True
40.5159 	EXP 	line2: autoDraw = True
40.5159 	EXP 	line3: autoDraw = True
40.5159 	EXP 	line4: autoDraw = True
40.5201 	EXP 	fixation: autoDraw = False
41.5162 	INFO 	Keyboard events cleared
41.5160 	EXP 	probe: autoDraw = True
42.0007 	EXP 	Device response: <KeyPress from None: t=41.98925095899904, value=z, duration=None>
42.0013 	EXP 	New trial (rep=4, index=0): <Trial 16 (0 in rep 4) data={'pos': np.int64(-50), 'corr_resp': 'x', 'thisN': 16, 'thisTrialN': 0, 'thisRepN': 4}>
42.0066 	DATA 	Keypress: z
42.0105 	EXP 	fixation: autoDraw = False
42.0105 	EXP 	line1: autoDraw = False
42.0105 	EXP 	line2: autoDraw = False
42.0105 	EXP 	line3: autoDraw = False
42.0105 	EXP 	line4: autoDraw = False
42.0105 	EXP 	probe: autoDraw = False
42.0105 	EXP 	fixation: autoDraw = True
42.1384 	EXP 	Device response: <KeyPress from None: t=41.98925095899904, value=z, duration=0.1444065830000909>
42.9992 	EXP 	line1: autoDraw = True
42.9992 	EXP 	line2: autoDraw = True
42.9992 	EXP 	line3: autoDraw = True
42.9992 	EXP 	line4: autoDraw = True
43.0036 	EXP 	fixation: autoDraw = False
43.9994 	INFO 	Keyboard events cleared
43.9993 	EXP 	probe: autoDraw = True
44.5839 	EXP 	Device response: <KeyPress from None: t=44.57741070899647, value=x, duration=None>
44.5845 	EXP 	New trial (rep=4, index=1): <Trial 17 (1 in rep 4) data={'pos': np.int64(150), 'corr_resp': 'v', 'thisN': 17, 'thisTrialN': 1, 'thisRepN': 4}>
44.5894 	DATA 	Keypress: x
44.5935 	EXP 	fixation: autoDraw = False
44.5935 	EXP 	line1: autoDraw = False
44.5935 	EXP 	line2: autoDraw = False
44.5935 	EXP 	line3: autoDraw = False
44.5935 	EXP 	line4: autoDraw = False
44.5935 	EXP 	probe: autoDraw = False
44.5935 	EXP 	fixation: autoDraw = True
44.7384 	EXP 	Device response: <KeyPress from None: t=44.57741070899647, value=x, duration=0.15609858300013002>
45.5824 	EXP 	line1: autoDraw = True
45.5824 	EXP 	line2: autoDraw = True
45.5824 	EXP 	line3: autoDraw = True
45.5824 	EXP 	line4: autoDraw = True
45.5864 	EXP 	fixation: autoDraw = False
46.5827 	INFO 	Keyboard events cleared
46.5825 	EXP 	probe: autoDraw = True
47.0338 	EXP 	Device response: <KeyPress from None: t=47.03129699999408, value=v, duration=None>
47.0343 	EXP 	New trial (rep=4, index=2): <Trial 18 (2 in rep 4) data={'pos': np.int64(50), 'corr_resp': 'c', 'thisN': 18, 'thisTrialN': 2, 'thisRepN': 4}>
47.0390 	EXP 	fixation: autoDraw = False
47.0390 	EXP 	line1: autoDraw = False
47.0390 	EXP 	line2: autoDraw = False
47.0390 	EXP 	line3: autoDraw = False
47.0390 	EXP 	line4: autoDraw = False
47.0390 	EXP 	probe: autoDraw = False
47.0390 	EXP 	fixation: autoDraw = True
47.0427 	DATA 	Keypress: v
47.1669 	EXP 	Device response: <KeyPress from None: t=47.03129699999408, value=v, duration=0.12424533400917426>
48.0327 	EXP 	line1: autoDraw = True
48.0327 	EXP 	line2: autoDraw = True
48.0327 	EXP 	line3: autoDraw = True
48.0327 	EXP 	line4: autoDraw = True
48.0374 	EXP 	fixation: autoDraw = False
49.0328 	INFO 	Keyboard events cleared
49.0326 	EXP 	probe: autoDraw = True
49.6341 	EXP 	Device response: <KeyPress from None: t=49.627195875000325, value=c, duration=None>
49.6348 	EXP 	New trial (rep=4, index=3): <Trial 19 (3 in rep 4) data={'pos': np.int64(-150), 'corr_resp': 'z', 'thisN': 19, 'thisTrialN': 3, 'thisRepN': 4}>
49.6401 	DATA 	Keypress: c
49.6441 	EXP 	fixation: autoDraw = False
49.6441 	EXP 	line1: autoDraw = False
49.6441 	EXP 	line2: autoDraw = False
49.6441 	EXP 	line3: autoDraw = False
49.6441 	EXP 	line4: autoDraw = False
49.6441 	EXP 	probe: autoDraw = False
49.6441 	EXP 	fixation: autoDraw = True
49.8042 	EXP 	Device response: <KeyPress from None: t=49.627195875000325, value=c, duration=0.17216324999753851>
50.6325 	EXP 	line1: autoDraw = True
50.6325 	EXP 	line2: autoDraw = True
50.6325 	EXP 	line3: autoDraw = True
50.6325 	EXP 	line4: autoDraw = True
50.6369 	EXP 	fixation: autoDraw = False
51.6325 	INFO 	Keyboard events cleared
51.6324 	EXP 	probe: autoDraw = True
52.1888 	EXP 	Device response: <KeyPress from None: t=52.18319625000004, value=z, duration=None>
52.1892 	EXP 	New trial (rep=5, index=0): <Trial 20 (0 in rep 5) data={'pos': np.int64(-50), 'corr_resp': 'x', 'thisN': 20, 'thisTrialN': 0, 'thisRepN': 5}>
52.1936 	DATA 	Keypress: z
52.1982 	EXP 	fixation: autoDraw = False
52.1982 	EXP 	line1: autoDraw = False
52.1982 	EXP 	line2: autoDraw = False
52.1982 	EXP 	line3: autoDraw = False
52.1982 	EXP 	line4: autoDraw = False
52.1982 	EXP 	probe: autoDraw = False
52.1982 	EXP 	fixation: autoDraw = True
52.3836 	EXP 	Device response: <KeyPress from None: t=52.18319625000004, value=z, duration=0.1962532920006197>
53.1873 	EXP 	fixation: autoDraw = False
53.1873 	EXP 	line1: autoDraw = True
53.1873 	EXP 	line2: autoDraw = True
53.1873 	EXP 	line3: autoDraw = True
53.1873 	EXP 	line4: autoDraw = True
54.1890 	INFO 	Keyboard events cleared
54.1888 	EXP 	probe: autoDraw = True
54.8004 	EXP 	Device response: <KeyPress from None: t=54.79525416699471, value=x, duration=None>
54.8011 	EXP 	New trial (rep=5, index=1): <Trial 21 (1 in rep 5) data={'pos': np.int64(150), 'corr_resp': 'v', 'thisN': 21, 'thisTrialN': 1, 'thisRepN': 5}>
54.8061 	DATA 	Keypress: x
54.8101 	EXP 	fixation: autoDraw = False
54.8101 	EXP 	line1: autoDraw = False
54.8101 	EXP 	line2: autoDraw = False
54.8101 	EXP 	line3: autoDraw = False
54.8101 	EXP 	line4: autoDraw = False
54.8101 	EXP 	probe: autoDraw = False
54.8101 	EXP 	fixation: autoDraw = True
54.9719 	EXP 	Device response: <KeyPress from None: t=54.79525416699471, value=x, duration=0.17203616700135171>
55.7990 	EXP 	line1: autoDraw = True
55.7990 	EXP 	line2: autoDraw = True
55.7990 	EXP 	line3: autoDraw = True
55.7990 	EXP 	line4: autoDraw = True
55.8032 	EXP 	fixation: autoDraw = False
56.7992 	INFO 	Keyboard events cleared
56.7990 	EXP 	probe: autoDraw = True
57.2399 	EXP 	Device response: <KeyPress from None: t=57.23390308399394, value=v, duration=None>
57.2403 	EXP 	New trial (rep=5, index=2): <Trial 22 (2 in rep 5) data={'pos': np.int64(50), 'corr_resp': 'c', 'thisN': 22, 'thisTrialN': 2, 'thisRepN': 5}>
57.2448 	DATA 	Keypress: v
57.2488 	EXP 	fixation: autoDraw = False
57.2488 	EXP 	line1: autoDraw = False
57.2488 	EXP 	line2: autoDraw = False
57.2488 	EXP 	line3: autoDraw = False
57.2488 	EXP 	line4: autoDraw = False
57.2488 	EXP 	probe: autoDraw = False
57.2488 	EXP 	fixation: autoDraw = True
57.3381 	EXP 	Device response: <KeyPress from None: t=57.23390308399394, value=v, duration=0.10037879100127611>
58.2375 	EXP 	fixation: autoDraw = False
58.2375 	EXP 	line1: autoDraw = True
58.2375 	EXP 	line2: autoDraw = True
58.2375 	EXP 	line3: autoDraw = True
58.2375 	EXP 	line4: autoDraw = True
59.2383 	INFO 	Keyboard events cleared
59.2381 	EXP 	probe: autoDraw = True
59.6559 	EXP 	Device response: <KeyPress from None: t=59.64983595900412, value=c, duration=None>
59.6563 	EXP 	New trial (rep=5, index=3): <Trial 23 (3 in rep 5) data={'pos': np.int64(-150), 'corr_resp': 'z', 'thisN': 23, 'thisTrialN': 3, 'thisRepN': 5}>
59.6608 	DATA 	Keypress: c
59.6650 	EXP 	fixation: autoDraw = False
59.6650 	EXP 	line1: autoDraw = False
59.6650 	EXP 	line2: autoDraw = False
59.6650 	EXP 	line3: autoDraw = False
59.6650 	EXP 	line4: autoDraw = False
59.6650 	EXP 	probe: autoDraw = False
59.6650 	EXP 	fixation: autoDraw = True
59.7837 	EXP 	Device response: <KeyPress from None: t=59.64983595900412, value=c, duration=0.12448316600057296>
60.6540 	EXP 	fixation: autoDraw = False
60.6540 	EXP 	line1: autoDraw = True
60.6540 	EXP 	line2: autoDraw = True
60.6540 	EXP 	line3: autoDraw = True
60.6540 	EXP 	line4: autoDraw = True
61.6549 	INFO 	Keyboard events cleared
61.6547 	EXP 	probe: autoDraw = True
62.1718 	EXP 	Device response: <KeyPress from None: t=62.169803917000536, value=z, duration=None>
62.1722 	EXP 	New trial (rep=6, index=0): <Trial 24 (0 in rep 6) data={'pos': np.int64(-50), 'corr_resp': 'x', 'thisN': 24, 'thisTrialN': 0, 'thisRepN': 6}>
62.1769 	DATA 	Keypress: z
62.1816 	EXP 	fixation: autoDraw = False
62.1816 	EXP 	line1: autoDraw = False
62.1816 	EXP 	line2: autoDraw = False
62.1816 	EXP 	line3: autoDraw = False
62.1816 	EXP 	line4: autoDraw = False
62.1816 	EXP 	probe: autoDraw = False
62.1816 	EXP 	fixation: autoDraw = True
62.3001 	EXP 	Device response: <KeyPress from None: t=62.169803917000536, value=z, duration=0.12033291699481197>
63.1704 	EXP 	fixation: autoDraw = False
63.1704 	EXP 	line1: autoDraw = True
63.1704 	EXP 	line2: autoDraw = True
63.1704 	EXP 	line3: autoDraw = True
63.1704 	EXP 	line4: autoDraw = True
64.1721 	INFO 	Keyboard events cleared
64.1719 	EXP 	probe: autoDraw = True
64.7504 	EXP 	Device response: <KeyPress from None: t=64.74287474999437, value=x, duration=None>
64.7509 	EXP 	New trial (rep=6, index=1): <Trial 25 (1 in rep 6) data={'pos': np.int64(150), 'corr_resp': 'v', 'thisN': 25, 'thisTrialN': 1, 'thisRepN': 6}>
64.7560 	DATA 	Keypress: x
64.7599 	EXP 	fixation: autoDraw = False
64.7599 	EXP 	line1: autoDraw = False
64.7599 	EXP 	line2: autoDraw = False
64.7599 	EXP 	line3: autoDraw = False
64.7599 	EXP 	line4: autoDraw = False
64.7599 	EXP 	probe: autoDraw = False
64.7599 	EXP 	fixation: autoDraw = True
64.8881 	EXP 	Device response: <KeyPress from None: t=64.74287474999437, value=x, duration=0.14039816700096708>
65.7490 	EXP 	line1: autoDraw = True
65.7490 	EXP 	line2: autoDraw = True
65.7490 	EXP 	line3: autoDraw = True
65.7490 	EXP 	line4: autoDraw = True
65.7538 	EXP 	fixation: autoDraw = False
66.7491 	INFO 	Keyboard events cleared
66.7489 	EXP 	probe: autoDraw = True
67.0883 	EXP 	Device response: <KeyPress from None: t=67.08666466700379, value=v, duration=None>
67.0887 	EXP 	New trial (rep=6, index=2): <Trial 26 (2 in rep 6) data={'pos': np.int64(50), 'corr_resp': 'c', 'thisN': 26, 'thisTrialN': 2, 'thisRepN': 6}>
67.0937 	DATA 	Keypress: v
67.0982 	EXP 	fixation: autoDraw = False
67.0982 	EXP 	line1: autoDraw = False
67.0982 	EXP 	line2: autoDraw = False
67.0982 	EXP 	line3: autoDraw = False
67.0982 	EXP 	line4: autoDraw = False
67.0982 	EXP 	probe: autoDraw = False
67.0982 	EXP 	fixation: autoDraw = True
67.2336 	EXP 	Device response: <KeyPress from None: t=67.08666466700379, value=v, duration=0.14038491698738653>
68.0875 	EXP 	fixation: autoDraw = False
68.0875 	EXP 	line1: autoDraw = True
68.0875 	EXP 	line2: autoDraw = True
68.0875 	EXP 	line3: autoDraw = True
68.0875 	EXP 	line4: autoDraw = True
69.0881 	INFO 	Keyboard events cleared
69.0879 	EXP 	probe: autoDraw = True
69.5836 	EXP 	Device response: <KeyPress from None: t=69.58071508399735, value=c, duration=None>
69.5844 	EXP 	New trial (rep=6, index=3): <Trial 27 (3 in rep 6) data={'pos': np.int64(-150), 'corr_resp': 'z', 'thisN': 27, 'thisTrialN': 3, 'thisRepN': 6}>
69.5896 	EXP 	fixation: autoDraw = False
69.5896 	EXP 	line1: autoDraw = False
69.5896 	EXP 	line2: autoDraw = False
69.5896 	EXP 	line3: autoDraw = False
69.5896 	EXP 	line4: autoDraw = False
69.5896 	EXP 	probe: autoDraw = False
69.5896 	EXP 	fixation: autoDraw = True
69.5934 	DATA 	Keypress: c
69.7333 	EXP 	Device response: <KeyPress from None: t=69.58071508399735, value=c, duration=0.1444334580010036>
70.5823 	EXP 	line1: autoDraw = True
70.5823 	EXP 	line2: autoDraw = True
70.5823 	EXP 	line3: autoDraw = True
70.5823 	EXP 	line4: autoDraw = True
70.5864 	EXP 	fixation: autoDraw = False
71.5823 	INFO 	Keyboard events cleared
71.5822 	EXP 	probe: autoDraw = True
72.0833 	EXP 	Device response: <KeyPress from None: t=72.0756202499906, value=z, duration=None>
72.0839 	EXP 	New trial (rep=7, index=0): <Trial 28 (0 in rep 7) data={'pos': np.int64(-50), 'corr_resp': 'x', 'thisN': 28, 'thisTrialN': 0, 'thisRepN': 7}>
72.0889 	DATA 	Keypress: z
72.0930 	EXP 	fixation: autoDraw = False
72.0930 	EXP 	line1: autoDraw = False
72.0930 	EXP 	line2: autoDraw = False
72.0930 	EXP 	line3: autoDraw = False
72.0930 	EXP 	line4: autoDraw = False
72.0930 	EXP 	probe: autoDraw = False
72.0930 	EXP 	fixation: autoDraw = True
72.2169 	EXP 	Device response: <KeyPress from None: t=72.0756202499906, value=z, duration=0.1323986670031445>
73.0822 	EXP 	line1: autoDraw = True
73.0822 	EXP 	line2: autoDraw = True
73.0822 	EXP 	line3: autoDraw = True
73.0822 	EXP 	line4: autoDraw = True
73.0866 	EXP 	fixation: autoDraw = False
74.0823 	INFO 	Keyboard events cleared
74.0822 	EXP 	probe: autoDraw = True
74.6889 	EXP 	Device response: <KeyPress from None: t=74.68742033399758, value=x, duration=None>
74.6893 	EXP 	New trial (rep=7, index=1): <Trial 29 (1 in rep 7) data={'pos': np.int64(150), 'corr_resp': 'v', 'thisN': 29, 'thisTrialN': 1, 'thisRepN': 7}>
74.6942 	DATA 	Keypress: x
74.6985 	EXP 	fixation: autoDraw = False
74.6985 	EXP 	line1: autoDraw = False
74.6985 	EXP 	line2: autoDraw = False
74.6985 	EXP 	line3: autoDraw = False
74.6985 	EXP 	line4: autoDraw = False
74.6985 	EXP 	probe: autoDraw = False
74.6985 	EXP 	fixation: autoDraw = True
74.8167 	EXP 	Device response: <KeyPress from None: t=74.68742033399758, value=x, duration=0.1275303750007879>
75.6873 	EXP 	fixation: autoDraw = False
75.6873 	EXP 	line1: autoDraw = True
75.6873 	EXP 	line2: autoDraw = True
75.6873 	EXP 	line3: autoDraw = True
75.6873 	EXP 	line4: autoDraw = True
76.6880 	INFO 	Keyboard events cleared
76.6878 	EXP 	probe: autoDraw = True
77.1392 	EXP 	Device response: <KeyPress from None: t=77.1375862089917, value=v, duration=None>
77.1396 	EXP 	New trial (rep=7, index=2): <Trial 30 (2 in rep 7) data={'pos': np.int64(50), 'corr_resp': 'c', 'thisN': 30, 'thisTrialN': 2, 'thisRepN': 7}>
77.1446 	DATA 	Keypress: v
77.1489 	EXP 	fixation: autoDraw = False
77.1489 	EXP 	line1: autoDraw = False
77.1489 	EXP 	line2: autoDraw = False
77.1489 	EXP 	line3: autoDraw = False
77.1489 	EXP 	line4: autoDraw = False
77.1489 	EXP 	probe: autoDraw = False
77.1489 	EXP 	fixation: autoDraw = True
77.2334 	EXP 	Device response: <KeyPress from None: t=77.1375862089917, value=v, duration=0.08841087500331923>
78.1375 	EXP 	fixation: autoDraw = False
78.1375 	EXP 	line1: autoDraw = True
78.1375 	EXP 	line2: autoDraw = True
78.1375 	EXP 	line3: autoDraw = True
78.1375 	EXP 	line4: autoDraw = True
79.1381 	INFO 	Keyboard events cleared
79.1379 	EXP 	probe: autoDraw = True
79.7394 	EXP 	Device response: <KeyPress from None: t=79.735504708995, value=c, duration=None>
79.7399 	EXP 	New trial (rep=7, index=3): <Trial 31 (3 in rep 7) data={'pos': np.int64(-150), 'corr_resp': 'z', 'thisN': 31, 'thisTrialN': 3, 'thisRepN': 7}>
79.7448 	DATA 	Keypress: c
79.7489 	EXP 	fixation: autoDraw = False
79.7489 	EXP 	line1: autoDraw = False
79.7489 	EXP 	line2: autoDraw = False
79.7489 	EXP 	line3: autoDraw = False
79.7489 	EXP 	line4: autoDraw = False
79.7489 	EXP 	probe: autoDraw = False
79.7489 	EXP 	fixation: autoDraw = True
79.8835 	EXP 	Device response: <KeyPress from None: t=79.735504708995, value=c, duration=0.1363381660048617>
80.7373 	EXP 	fixation: autoDraw = False
80.7373 	EXP 	line1: autoDraw = True
80.7373 	EXP 	line2: autoDraw = True
80.7373 	EXP 	line3: autoDraw = True
80.7373 	EXP 	line4: autoDraw = True
81.7386 	INFO 	Keyboard events cleared
81.7384 	EXP 	probe: autoDraw = True
82.3499 	EXP 	Device response: <KeyPress from None: t=82.34441058400262, value=x, duration=None>
82.3504 	EXP 	New trial (rep=8, index=0): <Trial 32 (0 in rep 8) data={'pos': np.int64(-50), 'corr_resp': 'x', 'thisN': 32, 'thisTrialN': 0, 'thisRepN': 8}>
82.3554 	DATA 	Keypress: x
82.3595 	EXP 	fixation: autoDraw = False
82.3595 	EXP 	line1: autoDraw = False
82.3595 	EXP 	line2: autoDraw = False
82.3595 	EXP 	line3: autoDraw = False
82.3595 	EXP 	line4: autoDraw = False
82.3595 	EXP 	probe: autoDraw = False
82.3595 	EXP 	fixation: autoDraw = True
82.4001 	EXP 	Device response: <KeyPress from None: t=82.38732816699485, value=z, duration=None>
82.4037 	DATA 	Keypress: z
82.4664 	EXP 	Device response: <KeyPress from None: t=82.34441058400262, value=x, duration=0.1110863329959102>
82.5168 	EXP 	Device response: <KeyPress from None: t=82.38732816699485, value=z, duration=0.12457158300094306>
83.3489 	EXP 	line1: autoDraw = True
83.3489 	EXP 	line2: autoDraw = True
83.3489 	EXP 	line3: autoDraw = True
83.3489 	EXP 	line4: autoDraw = True
83.3538 	EXP 	fixation: autoDraw = False
84.3491 	INFO 	Keyboard events cleared
84.3490 	EXP 	probe: autoDraw = True
85.1890 	EXP 	Device response: <KeyPress from None: t=85.1863140839996, value=x, duration=None>
85.1895 	EXP 	New trial (rep=8, index=1): <Trial 33 (1 in rep 8) data={'pos': np.int64(150), 'corr_resp': 'v', 'thisN': 33, 'thisTrialN': 1, 'thisRepN': 8}>
85.1943 	DATA 	Keypress: x
85.1984 	EXP 	fixation: autoDraw = False
85.1984 	EXP 	line1: autoDraw = False
85.1984 	EXP 	line2: autoDraw = False
85.1984 	EXP 	line3: autoDraw = False
85.1984 	EXP 	line4: autoDraw = False
85.1984 	EXP 	probe: autoDraw = False
85.1984 	EXP 	fixation: autoDraw = True
85.3167 	EXP 	Device response: <KeyPress from None: t=85.1863140839996, value=x, duration=0.12841312499949709>
86.1869 	EXP 	fixation: autoDraw = False
86.1869 	EXP 	line1: autoDraw = True
86.1869 	EXP 	line2: autoDraw = True
86.1869 	EXP 	line3: autoDraw = True
86.1869 	EXP 	line4: autoDraw = True
87.1880 	INFO 	Keyboard events cleared
87.1879 	EXP 	probe: autoDraw = True
87.6667 	EXP 	Device response: <KeyPress from None: t=87.65834520899807, value=v, duration=None>
87.6673 	EXP 	New trial (rep=8, index=2): <Trial 34 (2 in rep 8) data={'pos': np.int64(50), 'corr_resp': 'c', 'thisN': 34, 'thisTrialN': 2, 'thisRepN': 8}>
87.6725 	DATA 	Keypress: v
87.6766 	EXP 	fixation: autoDraw = False
87.6766 	EXP 	line1: autoDraw = False
87.6766 	EXP 	line2: autoDraw = False
87.6766 	EXP 	line3: autoDraw = False
87.6766 	EXP 	line4: autoDraw = False
87.6766 	EXP 	probe: autoDraw = False
87.6766 	EXP 	fixation: autoDraw = True
87.7833 	EXP 	Device response: <KeyPress from None: t=87.65834520899807, value=v, duration=0.11215466599969659>
88.6655 	EXP 	line1: autoDraw = True
88.6655 	EXP 	line2: autoDraw = True
88.6655 	EXP 	line3: autoDraw = True
88.6655 	EXP 	line4: autoDraw = True
88.6702 	EXP 	fixation: autoDraw = False
89.6656 	INFO 	Keyboard events cleared
89.6654 	EXP 	probe: autoDraw = True
90.1667 	EXP 	Device response: <KeyPress from None: t=90.16328212499502, value=c, duration=None>
90.1675 	EXP 	New trial (rep=8, index=3): <Trial 35 (3 in rep 8) data={'pos': np.int64(-150), 'corr_resp': 'z', 'thisN': 35, 'thisTrialN': 3, 'thisRepN': 8}>
90.1722 	EXP 	fixation: autoDraw = False
90.1722 	EXP 	line1: autoDraw = False
90.1722 	EXP 	line2: autoDraw = False
90.1722 	EXP 	line3: autoDraw = False
90.1722 	EXP 	line4: autoDraw = False
90.1722 	EXP 	probe: autoDraw = False
90.1722 	EXP 	fixation: autoDraw = True
90.1760 	DATA 	Keypress: c
90.3000 	EXP 	Device response: <KeyPress from None: t=90.16328212499502, value=c, duration=0.12421083400840871>
91.1654 	EXP 	line1: autoDraw = True
91.1654 	EXP 	line2: autoDraw = True
91.1654 	EXP 	line3: autoDraw = True
91.1654 	EXP 	line4: autoDraw = True
91.1703 	EXP 	fixation: autoDraw = False
92.1654 	INFO 	Keyboard events cleared
92.1653 	EXP 	probe: autoDraw = True
92.8000 	EXP 	Device response: <KeyPress from None: t=92.7972782089928, value=z, duration=None>
92.8006 	EXP 	New trial (rep=9, index=0): <Trial 36 (0 in rep 9) data={'pos': np.int64(-50), 'corr_resp': 'x', 'thisN': 36, 'thisTrialN': 0, 'thisRepN': 9}>
92.8057 	EXP 	fixation: autoDraw = False
92.8057 	EXP 	line1: autoDraw = False
92.8057 	EXP 	line2: autoDraw = False
92.8057 	EXP 	line3: autoDraw = False
92.8057 	EXP 	line4: autoDraw = False
92.8057 	EXP 	probe: autoDraw = False
92.8057 	EXP 	fixation: autoDraw = True
92.8095 	DATA 	Keypress: z
92.9333 	EXP 	Device response: <KeyPress from None: t=92.7972782089928, value=z, duration=0.1242072500026552>
93.7987 	EXP 	line1: autoDraw = True
93.7987 	EXP 	line2: autoDraw = True
93.7987 	EXP 	line3: autoDraw = True
93.7987 	EXP 	line4: autoDraw = True
93.8036 	EXP 	fixation: autoDraw = False
94.7990 	INFO 	Keyboard events cleared
94.7988 	EXP 	probe: autoDraw = True
95.4001 	EXP 	Device response: <KeyPress from None: t=95.39118058400345, value=x, duration=None>
95.4007 	EXP 	New trial (rep=9, index=1): <Trial 37 (1 in rep 9) data={'pos': np.int64(150), 'corr_resp': 'v', 'thisN': 37, 'thisTrialN': 1, 'thisRepN': 9}>
95.4057 	DATA 	Keypress: x
95.4098 	EXP 	fixation: autoDraw = False
95.4098 	EXP 	line1: autoDraw = False
95.4098 	EXP 	line2: autoDraw = False
95.4098 	EXP 	line3: autoDraw = False
95.4098 	EXP 	line4: autoDraw = False
95.4098 	EXP 	probe: autoDraw = False
95.4098 	EXP 	fixation: autoDraw = True
95.5332 	EXP 	Device response: <KeyPress from None: t=95.39118058400345, value=x, duration=0.13625433298875578>
96.3987 	EXP 	line1: autoDraw = True
96.3987 	EXP 	line2: autoDraw = True
96.3987 	EXP 	line3: autoDraw = True
96.3987 	EXP 	line4: autoDraw = True
96.4036 	EXP 	fixation: autoDraw = False
97.3988 	INFO 	Keyboard events cleared
97.3986 	EXP 	probe: autoDraw = True
97.8499 	EXP 	Device response: <KeyPress from None: t=97.84715570899425, value=v, duration=None>
97.8505 	EXP 	New trial (rep=9, index=2): <Trial 38 (2 in rep 9) data={'pos': np.int64(50), 'corr_resp': 'c', 'thisN': 38, 'thisTrialN': 2, 'thisRepN': 9}>
97.8553 	EXP 	fixation: autoDraw = False
97.8553 	EXP 	line1: autoDraw = False
97.8553 	EXP 	line2: autoDraw = False
97.8553 	EXP 	line3: autoDraw = False
97.8553 	EXP 	line4: autoDraw = False
97.8553 	EXP 	probe: autoDraw = False
97.8553 	EXP 	fixation: autoDraw = True
97.8589 	DATA 	Keypress: v
97.9666 	EXP 	Device response: <KeyPress from None: t=97.84715570899425, value=v, duration=0.11223937499744352>
98.8488 	EXP 	line1: autoDraw = True
98.8488 	EXP 	line2: autoDraw = True
98.8488 	EXP 	line3: autoDraw = True
98.8488 	EXP 	line4: autoDraw = True
98.8535 	EXP 	fixation: autoDraw = False
99.8488 	INFO 	Keyboard events cleared
99.8487 	EXP 	probe: autoDraw = True
100.4168 	EXP 	Device response: <KeyPress from None: t=100.41303929199057, value=c, duration=None>
100.4174 	EXP 	New trial (rep=9, index=3): <Trial 39 (3 in rep 9) data={'pos': np.int64(-150), 'corr_resp': 'z', 'thisN': 39, 'thisTrialN': 3, 'thisRepN': 9}>
100.4221 	EXP 	fixation: autoDraw = False
100.4221 	EXP 	line1: autoDraw = False
100.4221 	EXP 	line2: autoDraw = False
100.4221 	EXP 	line3: autoDraw = False
100.4221 	EXP 	line4: autoDraw = False
100.4221 	EXP 	probe: autoDraw = False
100.4221 	EXP 	fixation: autoDraw = True
100.4258 	DATA 	Keypress: c
100.5496 	EXP 	Device response: <KeyPress from None: t=100.41303929199057, value=c, duration=0.13224116701167077>
101.4154 	EXP 	line1: autoDraw = True
101.4154 	EXP 	line2: autoDraw = True
101.4154 	EXP 	line3: autoDraw = True
101.4154 	EXP 	line4: autoDraw = True
101.4195 	EXP 	fixation: autoDraw = False
102.4154 	INFO 	Keyboard events cleared
102.4153 	EXP 	probe: autoDraw = True
102.9220 	EXP 	Device response: <KeyPress from None: t=102.91695874999277, value=z, duration=None>
102.9224 	EXP 	New trial (rep=10, index=0): <Trial 40 (0 in rep 10) data={'pos': np.int64(-50), 'corr_resp': 'x', 'thisN': 40, 'thisTrialN': 0, 'thisRepN': 10}>
102.9273 	DATA 	Keypress: z
102.9315 	EXP 	fixation: autoDraw = False
102.9315 	EXP 	line1: autoDraw = False
102.9315 	EXP 	line2: autoDraw = False
102.9315 	EXP 	line3: autoDraw = False
102.9315 	EXP 	line4: autoDraw = False
102.9315 	EXP 	probe: autoDraw = False
102.9315 	EXP 	fixation: autoDraw = True
103.0548 	EXP 	Device response: <KeyPress from None: t=102.91695874999277, value=z, duration=0.13224708400957752>
103.9201 	EXP 	fixation: autoDraw = False
103.9201 	EXP 	line1: autoDraw = True
103.9201 	EXP 	line2: autoDraw = True
103.9201 	EXP 	line3: autoDraw = True
103.9201 	EXP 	line4: autoDraw = True
104.9210 	INFO 	Keyboard events cleared
104.9208 	EXP 	probe: autoDraw = True
105.5162 	EXP 	Device response: <KeyPress from None: t=105.50680841699068, value=x, duration=None>
105.5167 	EXP 	New trial (rep=10, index=1): <Trial 41 (1 in rep 10) data={'pos': np.int64(150), 'corr_resp': 'v', 'thisN': 41, 'thisTrialN': 1, 'thisRepN': 10}>
105.5216 	DATA 	Keypress: x
105.5256 	EXP 	fixation: autoDraw = False
105.5256 	EXP 	line1: autoDraw = False
105.5256 	EXP 	line2: autoDraw = False
105.5256 	EXP 	line3: autoDraw = False
105.5256 	EXP 	line4: autoDraw = False
105.5256 	EXP 	probe: autoDraw = False
105.5256 	EXP 	fixation: autoDraw = True
105.6332 	EXP 	Device response: <KeyPress from None: t=105.50680841699068, value=x, duration=0.12041220800892916>
106.5154 	EXP 	line1: autoDraw = True
106.5154 	EXP 	line2: autoDraw = True
106.5154 	EXP 	line3: autoDraw = True
106.5154 	EXP 	line4: autoDraw = True
106.5203 	EXP 	fixation: autoDraw = False
107.5155 	INFO 	Keyboard events cleared
107.5153 	EXP 	probe: autoDraw = True
107.9332 	EXP 	Device response: <KeyPress from None: t=107.92285133399128, value=v, duration=None>
107.9336 	EXP 	New trial (rep=10, index=2): <Trial 42 (2 in rep 10) data={'pos': np.int64(50), 'corr_resp': 'c', 'thisN': 42, 'thisTrialN': 2, 'thisRepN': 10}>
107.9383 	DATA 	Keypress: v
107.9423 	EXP 	fixation: autoDraw = False
107.9423 	EXP 	line1: autoDraw = False
107.9423 	EXP 	line2: autoDraw = False
107.9423 	EXP 	line3: autoDraw = False
107.9423 	EXP 	line4: autoDraw = False
107.9423 	EXP 	probe: autoDraw = False
107.9423 	EXP 	fixation: autoDraw = True
108.1043 	EXP 	Device response: <KeyPress from None: t=107.92285133399128, value=v, duration=0.1763491660094587>
108.9320 	EXP 	line1: autoDraw = True
108.9320 	EXP 	line2: autoDraw = True
108.9320 	EXP 	line3: autoDraw = True
108.9320 	EXP 	line4: autoDraw = True
108.9368 	EXP 	fixation: autoDraw = False
109.9320 	INFO 	Keyboard events cleared
109.9319 	EXP 	probe: autoDraw = True
110.3331 	EXP 	Device response: <KeyPress from None: t=110.33181383399642, value=c, duration=None>
110.3337 	EXP 	New trial (rep=10, index=3): <Trial 43 (3 in rep 10) data={'pos': np.int64(-150), 'corr_resp': 'z', 'thisN': 43, 'thisTrialN': 3, 'thisRepN': 10}>
110.3384 	EXP 	fixation: autoDraw = False
110.3384 	EXP 	line1: autoDraw = False
110.3384 	EXP 	line2: autoDraw = False
110.3384 	EXP 	line3: autoDraw = False
110.3384 	EXP 	line4: autoDraw = False
110.3384 	EXP 	probe: autoDraw = False
110.3384 	EXP 	fixation: autoDraw = True
110.3422 	DATA 	Keypress: c
110.4665 	EXP 	Device response: <KeyPress from None: t=110.33181383399642, value=c, duration=0.12830820800445508>
111.3320 	EXP 	line1: autoDraw = True
111.3320 	EXP 	line2: autoDraw = True
111.3320 	EXP 	line3: autoDraw = True
111.3320 	EXP 	line4: autoDraw = True
111.3370 	EXP 	fixation: autoDraw = False
112.3320 	INFO 	Keyboard events cleared
112.3319 	EXP 	probe: autoDraw = True
112.7379 	EXP 	Device response: <KeyPress from None: t=112.73476991699135, value=z, duration=None>
112.7383 	EXP 	New trial (rep=11, index=0): <Trial 44 (0 in rep 11) data={'pos': np.int64(-50), 'corr_resp': 'x', 'thisN': 44, 'thisTrialN': 0, 'thisRepN': 11}>
112.7432 	DATA 	Keypress: z
112.7477 	EXP 	fixation: autoDraw = False
112.7477 	EXP 	line1: autoDraw = False
112.7477 	EXP 	line2: autoDraw = False
112.7477 	EXP 	line3: autoDraw = False
112.7477 	EXP 	line4: autoDraw = False
112.7477 	EXP 	probe: autoDraw = False
112.7477 	EXP 	fixation: autoDraw = True
112.8831 	EXP 	Device response: <KeyPress from None: t=112.73476991699135, value=z, duration=0.14444308300153352>
113.7368 	EXP 	fixation: autoDraw = False
113.7368 	EXP 	line1: autoDraw = True
113.7368 	EXP 	line2: autoDraw = True
113.7368 	EXP 	line3: autoDraw = True
113.7368 	EXP 	line4: autoDraw = True
114.7379 	INFO 	Keyboard events cleared
114.7377 	EXP 	probe: autoDraw = True
115.3999 	EXP 	Device response: <KeyPress from None: t=115.38869483399321, value=x, duration=None>
115.4004 	EXP 	New trial (rep=11, index=1): <Trial 45 (1 in rep 11) data={'pos': np.int64(150), 'corr_resp': 'v', 'thisN': 45, 'thisTrialN': 1, 'thisRepN': 11}>
115.4057 	DATA 	Keypress: x
115.4097 	EXP 	fixation: autoDraw = False
115.4097 	EXP 	line1: autoDraw = False
115.4097 	EXP 	line2: autoDraw = False
115.4097 	EXP 	line3: autoDraw = False
115.4097 	EXP 	line4: autoDraw = False
115.4097 	EXP 	probe: autoDraw = False
115.4097 	EXP 	fixation: autoDraw = True
115.4998 	EXP 	Device response: <KeyPress from None: t=115.38869483399321, value=x, duration=0.10827625000092667>
116.3986 	EXP 	line1: autoDraw = True
116.3986 	EXP 	line2: autoDraw = True
116.3986 	EXP 	line3: autoDraw = True
116.3986 	EXP 	line4: autoDraw = True
116.4034 	EXP 	fixation: autoDraw = False
117.3987 	INFO 	Keyboard events cleared
117.3985 	EXP 	probe: autoDraw = True
117.7542 	EXP 	Device response: <KeyPress from None: t=117.75162658399495, value=v, duration=None>
117.7546 	EXP 	New trial (rep=11, index=2): <Trial 46 (2 in rep 11) data={'pos': np.int64(50), 'corr_resp': 'c', 'thisN': 46, 'thisTrialN': 2, 'thisRepN': 11}>
117.7595 	DATA 	Keypress: v
117.7642 	EXP 	fixation: autoDraw = False
117.7642 	EXP 	line1: autoDraw = False
117.7642 	EXP 	line2: autoDraw = False
117.7642 	EXP 	line3: autoDraw = False
117.7642 	EXP 	line4: autoDraw = False
117.7642 	EXP 	probe: autoDraw = False
117.7642 	EXP 	fixation: autoDraw = True
117.9330 	EXP 	Device response: <KeyPress from None: t=117.75162658399495, value=v, duration=0.1764235830050893>
118.7535 	EXP 	fixation: autoDraw = False
118.7535 	EXP 	line1: autoDraw = True
118.7535 	EXP 	line2: autoDraw = True
118.7535 	EXP 	line3: autoDraw = True
118.7535 	EXP 	line4: autoDraw = True
119.7486 	INFO 	Keyboard events cleared
119.7484 	EXP 	probe: autoDraw = True
120.1212 	EXP 	Device response: <KeyPress from None: t=120.11950262499158, value=c, duration=None>
120.1216 	EXP 	New trial (rep=11, index=3): <Trial 47 (3 in rep 11) data={'pos': np.int64(-150), 'corr_resp': 'z', 'thisN': 47, 'thisTrialN': 3, 'thisRepN': 11}>
120.1263 	DATA 	Keypress: c
120.1309 	EXP 	fixation: autoDraw = False
120.1309 	EXP 	line1: autoDraw = False
120.1309 	EXP 	line2: autoDraw = False
120.1309 	EXP 	line3: autoDraw = False
120.1309 	EXP 	line4: autoDraw = False
120.1309 	EXP 	probe: autoDraw = False
120.1309 	EXP 	fixation: autoDraw = True
120.2498 	EXP 	Device response: <KeyPress from None: t=120.11950262499158, value=c, duration=0.12029150000307709>
121.1201 	EXP 	fixation: autoDraw = False
121.1201 	EXP 	line1: autoDraw = True
121.1201 	EXP 	line2: autoDraw = True
121.1201 	EXP 	line3: autoDraw = True
121.1201 	EXP 	line4: autoDraw = True
122.1204 	INFO 	Keyboard events cleared
122.1202 	EXP 	probe: autoDraw = True
122.6499 	EXP 	Device response: <KeyPress from None: t=122.64650649999385, value=z, duration=None>
122.6505 	EXP 	New trial (rep=12, index=0): <Trial 48 (0 in rep 12) data={'pos': np.int64(-50), 'corr_resp': 'x', 'thisN': 48, 'thisTrialN': 0, 'thisRepN': 12}>
122.6559 	EXP 	fixation: autoDraw = False
122.6559 	EXP 	line1: autoDraw = False
122.6559 	EXP 	line2: autoDraw = False
122.6559 	EXP 	line3: autoDraw = False
122.6559 	EXP 	line4: autoDraw = False
122.6559 	EXP 	probe: autoDraw = False
122.6559 	EXP 	fixation: autoDraw = True
122.6602 	DATA 	Keypress: z
122.9163 	EXP 	Device response: <KeyPress from None: t=122.64650649999385, value=z, duration=0.2603226250066655>
123.6486 	EXP 	line1: autoDraw = True
123.6486 	EXP 	line2: autoDraw = True
123.6486 	EXP 	line3: autoDraw = True
123.6486 	EXP 	line4: autoDraw = True
123.6538 	EXP 	fixation: autoDraw = False
124.6488 	INFO 	Keyboard events cleared
124.6486 	EXP 	probe: autoDraw = True
125.3331 	EXP 	Device response: <KeyPress from None: t=125.32033208399662, value=x, duration=None>
125.3336 	EXP 	New trial (rep=12, index=1): <Trial 49 (1 in rep 12) data={'pos': np.int64(150), 'corr_resp': 'v', 'thisN': 49, 'thisTrialN': 1, 'thisRepN': 12}>
125.3394 	DATA 	Keypress: x
125.3437 	EXP 	fixation: autoDraw = False
125.3437 	EXP 	line1: autoDraw = False
125.3437 	EXP 	line2: autoDraw = False
125.3437 	EXP 	line3: autoDraw = False
125.3437 	EXP 	line4: autoDraw = False
125.3437 	EXP 	probe: autoDraw = False
125.3437 	EXP 	fixation: autoDraw = True
125.4543 	EXP 	Device response: <KeyPress from None: t=125.32033208399662, value=x, duration=0.13249712499964517>
126.3318 	EXP 	line1: autoDraw = True
126.3318 	EXP 	line2: autoDraw = True
126.3318 	EXP 	line3: autoDraw = True
126.3318 	EXP 	line4: autoDraw = True
126.3366 	EXP 	fixation: autoDraw = False
127.3319 	INFO 	Keyboard events cleared
127.3317 	EXP 	probe: autoDraw = True
127.7164 	EXP 	Device response: <KeyPress from None: t=127.71247045899509, value=v, duration=None>
127.7171 	EXP 	New trial (rep=12, index=2): <Trial 50 (2 in rep 12) data={'pos': np.int64(50), 'corr_resp': 'c', 'thisN': 50, 'thisTrialN': 2, 'thisRepN': 12}>
127.7218 	EXP 	fixation: autoDraw = False
127.7218 	EXP 	line1: autoDraw = False
127.7218 	EXP 	line2: autoDraw = False
127.7218 	EXP 	line3: autoDraw = False
127.7218 	EXP 	line4: autoDraw = False
127.7218 	EXP 	probe: autoDraw = False
127.7218 	EXP 	fixation: autoDraw = True
127.7259 	DATA 	Keypress: v
127.8495 	EXP 	Device response: <KeyPress from None: t=127.71247045899509, value=v, duration=0.12821079100831412>
128.7153 	EXP 	line1: autoDraw = True
128.7153 	EXP 	line2: autoDraw = True
128.7153 	EXP 	line3: autoDraw = True
128.7153 	EXP 	line4: autoDraw = True
128.7202 	EXP 	fixation: autoDraw = False
129.7153 	INFO 	Keyboard events cleared
129.7152 	EXP 	probe: autoDraw = True
130.1332 	EXP 	Device response: <KeyPress from None: t=130.1234139589942, value=c, duration=None>
130.1340 	EXP 	New trial (rep=12, index=3): <Trial 51 (3 in rep 12) data={'pos': np.int64(-150), 'corr_resp': 'z', 'thisN': 51, 'thisTrialN': 3, 'thisRepN': 12}>
130.1398 	DATA 	Keypress: c
130.1440 	EXP 	fixation: autoDraw = False
130.1440 	EXP 	line1: autoDraw = False
130.1440 	EXP 	line2: autoDraw = False
130.1440 	EXP 	line3: autoDraw = False
130.1440 	EXP 	line4: autoDraw = False
130.1440 	EXP 	probe: autoDraw = False
130.1440 	EXP 	fixation: autoDraw = True
130.2834 	EXP 	Device response: <KeyPress from None: t=130.1234139589942, value=c, duration=0.14832804100296926>
131.1317 	EXP 	line1: autoDraw = True
131.1317 	EXP 	line2: autoDraw = True
131.1317 	EXP 	line3: autoDraw = True
131.1317 	EXP 	line4: autoDraw = True
131.1357 	EXP 	fixation: autoDraw = False
132.1319 	INFO 	Keyboard events cleared
132.1318 	EXP 	probe: autoDraw = True
132.9662 	EXP 	Device response: <KeyPress from None: t=132.96025337500032, value=z, duration=None>
132.9667 	EXP 	New trial (rep=13, index=0): <Trial 52 (0 in rep 13) data={'pos': np.int64(-50), 'corr_resp': 'x', 'thisN': 52, 'thisTrialN': 0, 'thisRepN': 13}>
132.9719 	DATA 	Keypress: z
132.9761 	EXP 	fixation: autoDraw = False
132.9761 	EXP 	line1: autoDraw = False
132.9761 	EXP 	line2: autoDraw = False
132.9761 	EXP 	line3: autoDraw = False
132.9761 	EXP 	line4: autoDraw = False
132.9761 	EXP 	probe: autoDraw = False
132.9761 	EXP 	fixation: autoDraw = True
133.0831 	EXP 	Device response: <KeyPress from None: t=132.96025337500032, value=z, duration=0.1164992089907173>
133.9651 	EXP 	line1: autoDraw = True
133.9651 	EXP 	line2: autoDraw = True
133.9651 	EXP 	line3: autoDraw = True
133.9651 	EXP 	line4: autoDraw = True
133.9699 	EXP 	fixation: autoDraw = False
134.9653 	INFO 	Keyboard events cleared
134.9651 	EXP 	probe: autoDraw = True
135.5832 	EXP 	Device response: <KeyPress from None: t=135.57220487500308, value=x, duration=None>
135.5840 	EXP 	New trial (rep=13, index=1): <Trial 53 (1 in rep 13) data={'pos': np.int64(150), 'corr_resp': 'v', 'thisN': 53, 'thisTrialN': 1, 'thisRepN': 13}>
135.5895 	DATA 	Keypress: x
135.5936 	EXP 	fixation: autoDraw = False
135.5936 	EXP 	line1: autoDraw = False
135.5936 	EXP 	line2: autoDraw = False
135.5936 	EXP 	line3: autoDraw = False
135.5936 	EXP 	line4: autoDraw = False
135.5936 	EXP 	probe: autoDraw = False
135.5936 	EXP 	fixation: autoDraw = True
135.7332 	EXP 	Device response: <KeyPress from None: t=135.57220487500308, value=x, duration=0.14822608399845194>
136.5819 	EXP 	line1: autoDraw = True
136.5819 	EXP 	line2: autoDraw = True
136.5819 	EXP 	line3: autoDraw = True
136.5819 	EXP 	line4: autoDraw = True
136.5870 	EXP 	fixation: autoDraw = False
137.5819 	INFO 	Keyboard events cleared
137.5818 	EXP 	probe: autoDraw = True
138.0660 	EXP 	Device response: <KeyPress from None: t=138.05517470899213, value=v, duration=None>
138.0666 	EXP 	New trial (rep=13, index=2): <Trial 54 (2 in rep 13) data={'pos': np.int64(50), 'corr_resp': 'c', 'thisN': 54, 'thisTrialN': 2, 'thisRepN': 13}>
138.0715 	DATA 	Keypress: v
138.0758 	EXP 	fixation: autoDraw = False
138.0758 	EXP 	line1: autoDraw = False
138.0758 	EXP 	line2: autoDraw = False
138.0758 	EXP 	line3: autoDraw = False
138.0758 	EXP 	line4: autoDraw = False
138.0758 	EXP 	probe: autoDraw = False
138.0758 	EXP 	fixation: autoDraw = True
138.1996 	EXP 	Device response: <KeyPress from None: t=138.05517470899213, value=v, duration=0.14042887500545476>
139.0650 	EXP 	line1: autoDraw = True
139.0650 	EXP 	line2: autoDraw = True
139.0650 	EXP 	line3: autoDraw = True
139.0650 	EXP 	line4: autoDraw = True
139.0698 	EXP 	fixation: autoDraw = False
140.0652 	INFO 	Keyboard events cleared
140.0650 	EXP 	probe: autoDraw = True
140.6565 	EXP 	Device response: <KeyPress from None: t=140.64999366700067, value=c, duration=None>
140.6569 	EXP 	New trial (rep=13, index=3): <Trial 55 (3 in rep 13) data={'pos': np.int64(-150), 'corr_resp': 'z', 'thisN': 55, 'thisTrialN': 3, 'thisRepN': 13}>
140.6619 	DATA 	Keypress: c
140.6695 	EXP 	fixation: autoDraw = False
140.6695 	EXP 	line1: autoDraw = False
140.6695 	EXP 	line2: autoDraw = False
140.6695 	EXP 	line3: autoDraw = False
140.6695 	EXP 	line4: autoDraw = False
140.6695 	EXP 	probe: autoDraw = False
140.6695 	EXP 	fixation: autoDraw = True
140.7826 	EXP 	Device response: <KeyPress from None: t=140.64999366700067, value=c, duration=0.12038845800270792>
141.6537 	EXP 	line1: autoDraw = True
141.6537 	EXP 	line2: autoDraw = True
141.6537 	EXP 	line3: autoDraw = True
141.6537 	EXP 	line4: autoDraw = True
141.6651 	EXP 	fixation: autoDraw = False
142.6543 	INFO 	Keyboard events cleared
142.6541 	EXP 	probe: autoDraw = True
143.1213 	EXP 	Device response: <KeyPress from None: t=143.11995954200393, value=z, duration=None>
143.1218 	EXP 	New trial (rep=14, index=0): <Trial 56 (0 in rep 14) data={'pos': np.int64(-50), 'corr_resp': 'x', 'thisN': 56, 'thisTrialN': 0, 'thisRepN': 14}>
143.1267 	DATA 	Keypress: z
143.1311 	EXP 	fixation: autoDraw = False
143.1311 	EXP 	line1: autoDraw = False
143.1311 	EXP 	line2: autoDraw = False
143.1311 	EXP 	line3: autoDraw = False
143.1311 	EXP 	line4: autoDraw = False
143.1311 	EXP 	probe: autoDraw = False
143.1311 	EXP 	fixation: autoDraw = True
143.2493 	EXP 	Device response: <KeyPress from None: t=143.11995954200393, value=z, duration=0.12039104200084694>
144.1202 	EXP 	fixation: autoDraw = False
144.1202 	EXP 	line1: autoDraw = True
144.1202 	EXP 	line2: autoDraw = True
144.1202 	EXP 	line3: autoDraw = True
144.1202 	EXP 	line4: autoDraw = True
145.1212 	INFO 	Keyboard events cleared
145.1210 	EXP 	probe: autoDraw = True
145.5659 	EXP 	Device response: <KeyPress from None: t=145.56005458399886, value=x, duration=None>
145.5664 	EXP 	New trial (rep=14, index=1): <Trial 57 (1 in rep 14) data={'pos': np.int64(150), 'corr_resp': 'v', 'thisN': 57, 'thisTrialN': 1, 'thisRepN': 14}>
145.5713 	DATA 	Keypress: x
145.5754 	EXP 	fixation: autoDraw = False
145.5754 	EXP 	line1: autoDraw = False
145.5754 	EXP 	line2: autoDraw = False
145.5754 	EXP 	line3: autoDraw = False
145.5754 	EXP 	line4: autoDraw = False
145.5754 	EXP 	probe: autoDraw = False
145.5754 	EXP 	fixation: autoDraw = True
145.7042 	EXP 	Device response: <KeyPress from None: t=145.56005458399886, value=x, duration=0.14018733300326858>
146.5650 	EXP 	line1: autoDraw = True
146.5650 	EXP 	line2: autoDraw = True
146.5650 	EXP 	line3: autoDraw = True
146.5650 	EXP 	line4: autoDraw = True
146.5701 	EXP 	fixation: autoDraw = False
147.5650 	INFO 	Keyboard events cleared
147.5649 	EXP 	probe: autoDraw = True
147.9995 	EXP 	Device response: <KeyPress from None: t=147.98784920899197, value=v, duration=None>
148.0001 	EXP 	New trial (rep=14, index=2): <Trial 58 (2 in rep 14) data={'pos': np.int64(50), 'corr_resp': 'c', 'thisN': 58, 'thisTrialN': 2, 'thisRepN': 14}>
148.0055 	DATA 	Keypress: v
148.0095 	EXP 	fixation: autoDraw = False
148.0095 	EXP 	line1: autoDraw = False
148.0095 	EXP 	line2: autoDraw = False
148.0095 	EXP 	line3: autoDraw = False
148.0095 	EXP 	line4: autoDraw = False
148.0095 	EXP 	probe: autoDraw = False
148.0095 	EXP 	fixation: autoDraw = True
148.1161 	EXP 	Device response: <KeyPress from None: t=147.98784920899197, value=v, duration=0.11642362500424497>
148.9982 	EXP 	line1: autoDraw = True
148.9982 	EXP 	line2: autoDraw = True
148.9982 	EXP 	line3: autoDraw = True
148.9982 	EXP 	line4: autoDraw = True
149.0029 	EXP 	fixation: autoDraw = False
149.9985 	INFO 	Keyboard events cleared
149.9983 	EXP 	probe: autoDraw = True
150.4162 	EXP 	Device response: <KeyPress from None: t=150.41291537499637, value=c, duration=None>
150.4169 	EXP 	New trial (rep=14, index=3): <Trial 59 (3 in rep 14) data={'pos': np.int64(-150), 'corr_resp': 'z', 'thisN': 59, 'thisTrialN': 3, 'thisRepN': 14}>
150.4221 	EXP 	fixation: autoDraw = False
150.4221 	EXP 	line1: autoDraw = False
150.4221 	EXP 	line2: autoDraw = False
150.4221 	EXP 	line3: autoDraw = False
150.4221 	EXP 	line4: autoDraw = False
150.4221 	EXP 	probe: autoDraw = False
150.4221 	EXP 	fixation: autoDraw = True
150.4259 	DATA 	Keypress: c
150.5661 	EXP 	Device response: <KeyPress from None: t=150.41291537499637, value=c, duration=0.14829070899577346>
151.4148 	EXP 	line1: autoDraw = True
151.4148 	EXP 	line2: autoDraw = True
151.4148 	EXP 	line3: autoDraw = True
151.4148 	EXP 	line4: autoDraw = True
151.4189 	EXP 	fixation: autoDraw = False
152.4151 	INFO 	Keyboard events cleared
152.4149 	EXP 	probe: autoDraw = True
152.8712 	EXP 	Device response: <KeyPress from None: t=152.8678352499992, value=z, duration=None>
152.8716 	EXP 	New trial (rep=15, index=0): <Trial 60 (0 in rep 15) data={'pos': np.int64(-50), 'corr_resp': 'x', 'thisN': 60, 'thisTrialN': 0, 'thisRepN': 15}>
152.8768 	DATA 	Keypress: z
152.8809 	EXP 	fixation: autoDraw = False
152.8809 	EXP 	line1: autoDraw = False
152.8809 	EXP 	line2: autoDraw = False
152.8809 	EXP 	line3: autoDraw = False
152.8809 	EXP 	line4: autoDraw = False
152.8809 	EXP 	probe: autoDraw = False
152.8809 	EXP 	fixation: autoDraw = True
153.0161 	EXP 	Device response: <KeyPress from None: t=152.8678352499992, value=z, duration=0.1444082499947399>
153.8698 	EXP 	fixation: autoDraw = False
153.8698 	EXP 	line1: autoDraw = True
153.8698 	EXP 	line2: autoDraw = True
153.8698 	EXP 	line3: autoDraw = True
153.8698 	EXP 	line4: autoDraw = True
154.8710 	INFO 	Keyboard events cleared
154.8708 	EXP 	probe: autoDraw = True
155.3495 	EXP 	Device response: <KeyPress from None: t=155.3388154169952, value=x, duration=None>
155.3502 	EXP 	New trial (rep=15, index=1): <Trial 61 (1 in rep 15) data={'pos': np.int64(150), 'corr_resp': 'v', 'thisN': 61, 'thisTrialN': 1, 'thisRepN': 15}>
155.3556 	DATA 	Keypress: x
155.3600 	EXP 	fixation: autoDraw = False
155.3600 	EXP 	line1: autoDraw = False
155.3600 	EXP 	line2: autoDraw = False
155.3600 	EXP 	line3: autoDraw = False
155.3600 	EXP 	line4: autoDraw = False
155.3600 	EXP 	probe: autoDraw = False
155.3600 	EXP 	fixation: autoDraw = True
155.4998 	EXP 	Device response: <KeyPress from None: t=155.3388154169952, value=x, duration=0.15243383300548885>
156.3482 	EXP 	line1: autoDraw = True
156.3482 	EXP 	line2: autoDraw = True
156.3482 	EXP 	line3: autoDraw = True
156.3482 	EXP 	line4: autoDraw = True
156.3531 	EXP 	fixation: autoDraw = False
157.3483 	INFO 	Keyboard events cleared
157.3482 	EXP 	probe: autoDraw = True
157.7329 	EXP 	Device response: <KeyPress from None: t=157.72062433400424, value=v, duration=None>
157.7336 	EXP 	New trial (rep=15, index=2): <Trial 62 (2 in rep 15) data={'pos': np.int64(50), 'corr_resp': 'c', 'thisN': 62, 'thisTrialN': 2, 'thisRepN': 15}>
157.7391 	DATA 	Keypress: v
157.7432 	EXP 	fixation: autoDraw = False
157.7432 	EXP 	line1: autoDraw = False
157.7432 	EXP 	line2: autoDraw = False
157.7432 	EXP 	line3: autoDraw = False
157.7432 	EXP 	line4: autoDraw = False
157.7432 	EXP 	probe: autoDraw = False
157.7432 	EXP 	fixation: autoDraw = True
157.8492 	EXP 	Device response: <KeyPress from None: t=157.72062433400424, value=v, duration=0.12451362499268726>
158.7316 	EXP 	line1: autoDraw = True
158.7316 	EXP 	line2: autoDraw = True
158.7316 	EXP 	line3: autoDraw = True
158.7316 	EXP 	line4: autoDraw = True
158.7365 	EXP 	fixation: autoDraw = False
159.7317 	INFO 	Keyboard events cleared
159.7315 	EXP 	probe: autoDraw = True
160.2540 	EXP 	Device response: <KeyPress from None: t=160.2526914170012, value=c, duration=None>
160.2544 	EXP 	New trial (rep=15, index=3): <Trial 63 (3 in rep 15) data={'pos': np.int64(-150), 'corr_resp': 'z', 'thisN': 63, 'thisTrialN': 3, 'thisRepN': 15}>
160.2598 	DATA 	Keypress: c
160.2641 	EXP 	fixation: autoDraw = False
160.2641 	EXP 	line1: autoDraw = False
160.2641 	EXP 	line2: autoDraw = False
160.2641 	EXP 	line3: autoDraw = False
160.2641 	EXP 	line4: autoDraw = False
160.2641 	EXP 	probe: autoDraw = False
160.2641 	EXP 	fixation: autoDraw = True
160.3994 	EXP 	Device response: <KeyPress from None: t=160.2526914170012, value=c, duration=0.14041237499623094>
161.2529 	EXP 	fixation: autoDraw = False
161.2529 	EXP 	line1: autoDraw = True
161.2529 	EXP 	line2: autoDraw = True
161.2529 	EXP 	line3: autoDraw = True
161.2529 	EXP 	line4: autoDraw = True
162.2542 	INFO 	Keyboard events cleared
162.2540 	EXP 	probe: autoDraw = True
162.8328 	EXP 	Device response: <KeyPress from None: t=162.83162425000046, value=z, duration=None>
162.8383 	EXP 	New trial (rep=16, index=0): <Trial 64 (0 in rep 16) data={'pos': np.int64(-50), 'corr_resp': 'x', 'thisN': 64, 'thisTrialN': 0, 'thisRepN': 16}>
162.8429 	DATA 	Keypress: z
162.8473 	EXP 	fixation: autoDraw = False
162.8473 	EXP 	line1: autoDraw = False
162.8473 	EXP 	line2: autoDraw = False
162.8473 	EXP 	line3: autoDraw = False
162.8473 	EXP 	line4: autoDraw = False
162.8473 	EXP 	probe: autoDraw = False
162.8473 	EXP 	fixation: autoDraw = True
162.9707 	EXP 	Device response: <KeyPress from None: t=162.83162425000046, value=z, duration=0.13630287499108817>
163.8363 	EXP 	fixation: autoDraw = False
163.8363 	EXP 	line1: autoDraw = True
163.8363 	EXP 	line2: autoDraw = True
163.8363 	EXP 	line3: autoDraw = True
163.8363 	EXP 	line4: autoDraw = True
164.8370 	INFO 	Keyboard events cleared
164.8368 	EXP 	probe: autoDraw = True
165.6997 	EXP 	Device response: <KeyPress from None: t=165.6956466249976, value=x, duration=None>
165.7003 	EXP 	New trial (rep=16, index=1): <Trial 65 (1 in rep 16) data={'pos': np.int64(150), 'corr_resp': 'v', 'thisN': 65, 'thisTrialN': 1, 'thisRepN': 16}>
165.7054 	EXP 	fixation: autoDraw = False
165.7054 	EXP 	line1: autoDraw = False
165.7054 	EXP 	line2: autoDraw = False
165.7054 	EXP 	line3: autoDraw = False
165.7054 	EXP 	line4: autoDraw = False
165.7054 	EXP 	probe: autoDraw = False
165.7054 	EXP 	fixation: autoDraw = True
165.7094 	DATA 	Keypress: x
165.8327 	EXP 	Device response: <KeyPress from None: t=165.6956466249976, value=x, duration=0.12481249999837019>
166.6982 	EXP 	line1: autoDraw = True
166.6982 	EXP 	line2: autoDraw = True
166.6982 	EXP 	line3: autoDraw = True
166.6982 	EXP 	line4: autoDraw = True
166.7026 	EXP 	fixation: autoDraw = False
167.6985 	INFO 	Keyboard events cleared
167.6983 	EXP 	probe: autoDraw = True
168.6041 	EXP 	Device response: <KeyPress from None: t=168.60147366700403, value=v, duration=None>
168.6045 	EXP 	New trial (rep=16, index=2): <Trial 66 (2 in rep 16) data={'pos': np.int64(50), 'corr_resp': 'c', 'thisN': 66, 'thisTrialN': 2, 'thisRepN': 16}>
168.6096 	DATA 	Keypress: v
168.6141 	EXP 	fixation: autoDraw = False
168.6141 	EXP 	line1: autoDraw = False
168.6141 	EXP 	line2: autoDraw = False
168.6141 	EXP 	line3: autoDraw = False
168.6141 	EXP 	line4: autoDraw = False
168.6141 	EXP 	probe: autoDraw = False
168.6141 	EXP 	fixation: autoDraw = True
168.7325 	EXP 	Device response: <KeyPress from None: t=168.60147366700403, value=v, duration=0.12443845799134579>
169.6033 	EXP 	fixation: autoDraw = False
169.6033 	EXP 	line1: autoDraw = True
169.6033 	EXP 	line2: autoDraw = True
169.6033 	EXP 	line3: autoDraw = True
169.6033 	EXP 	line4: autoDraw = True
170.6037 	INFO 	Keyboard events cleared
170.6036 	EXP 	probe: autoDraw = True
171.0874 	EXP 	Device response: <KeyPress from None: t=171.08247824999853, value=c, duration=None>
171.0879 	EXP 	New trial (rep=16, index=3): <Trial 67 (3 in rep 16) data={'pos': np.int64(-150), 'corr_resp': 'z', 'thisN': 67, 'thisTrialN': 3, 'thisRepN': 16}>
171.0929 	DATA 	Keypress: c
171.0972 	EXP 	fixation: autoDraw = False
171.0972 	EXP 	line1: autoDraw = False
171.0972 	EXP 	line2: autoDraw = False
171.0972 	EXP 	line3: autoDraw = False
171.0972 	EXP 	line4: autoDraw = False
171.0972 	EXP 	probe: autoDraw = False
171.0972 	EXP 	fixation: autoDraw = True
171.2535 	EXP 	Device response: <KeyPress from None: t=171.08247824999853, value=c, duration=0.168249416994513>
172.0864 	EXP 	fixation: autoDraw = False
172.0864 	EXP 	line1: autoDraw = True
172.0864 	EXP 	line2: autoDraw = True
172.0864 	EXP 	line3: autoDraw = True
172.0864 	EXP 	line4: autoDraw = True
173.0814 	INFO 	Keyboard events cleared
173.0813 	EXP 	probe: autoDraw = True
176.2328 	EXP 	Device response: <KeyPress from None: t=176.22070662499755, value=z, duration=None>
176.2334 	EXP 	New trial (rep=17, index=0): <Trial 68 (0 in rep 17) data={'pos': np.int64(-50), 'corr_resp': 'x', 'thisN': 68, 'thisTrialN': 0, 'thisRepN': 17}>
176.2387 	DATA 	Keypress: z
176.2428 	EXP 	fixation: autoDraw = False
176.2428 	EXP 	line1: autoDraw = False
176.2428 	EXP 	line2: autoDraw = False
176.2428 	EXP 	line3: autoDraw = False
176.2428 	EXP 	line4: autoDraw = False
176.2428 	EXP 	probe: autoDraw = False
176.2428 	EXP 	fixation: autoDraw = True
176.3491 	EXP 	Device response: <KeyPress from None: t=176.22070662499755, value=z, duration=0.1259603749931557>
177.2312 	EXP 	line1: autoDraw = True
177.2312 	EXP 	line2: autoDraw = True
177.2312 	EXP 	line3: autoDraw = True
177.2312 	EXP 	line4: autoDraw = True
177.2354 	EXP 	fixation: autoDraw = False
178.2315 	INFO 	Keyboard events cleared
178.2313 	EXP 	probe: autoDraw = True
178.9156 	EXP 	Device response: <KeyPress from None: t=178.90442204200372, value=x, duration=None>
178.9160 	EXP 	New trial (rep=17, index=1): <Trial 69 (1 in rep 17) data={'pos': np.int64(150), 'corr_resp': 'v', 'thisN': 69, 'thisTrialN': 1, 'thisRepN': 17}>
178.9208 	DATA 	Keypress: x
178.9250 	EXP 	fixation: autoDraw = False
178.9250 	EXP 	line1: autoDraw = False
178.9250 	EXP 	line2: autoDraw = False
178.9250 	EXP 	line3: autoDraw = False
178.9250 	EXP 	line4: autoDraw = False
178.9250 	EXP 	probe: autoDraw = False
178.9250 	EXP 	fixation: autoDraw = True
179.0869 	EXP 	Device response: <KeyPress from None: t=178.90442204200372, value=x, duration=0.18022937499335967>
179.9146 	EXP 	line1: autoDraw = True
179.9146 	EXP 	line2: autoDraw = True
179.9146 	EXP 	line3: autoDraw = True
179.9146 	EXP 	line4: autoDraw = True
179.9195 	EXP 	fixation: autoDraw = False
180.9149 	INFO 	Keyboard events cleared
180.9147 	EXP 	probe: autoDraw = True
181.3038 	EXP 	Device response: <KeyPress from None: t=181.30224812499364, value=v, duration=None>
181.3042 	EXP 	New trial (rep=17, index=2): <Trial 70 (2 in rep 17) data={'pos': np.int64(50), 'corr_resp': 'c', 'thisN': 70, 'thisTrialN': 2, 'thisRepN': 17}>
181.3094 	DATA 	Keypress: v
181.3140 	EXP 	fixation: autoDraw = False
181.3140 	EXP 	line1: autoDraw = False
181.3140 	EXP 	line2: autoDraw = False
181.3140 	EXP 	line3: autoDraw = False
181.3140 	EXP 	line4: autoDraw = False
181.3140 	EXP 	probe: autoDraw = False
181.3140 	EXP 	fixation: autoDraw = True
181.4656 	EXP 	Device response: <KeyPress from None: t=181.30224812499364, value=v, duration=0.15646679200290237>
182.3027 	EXP 	fixation: autoDraw = False
182.3027 	EXP 	line1: autoDraw = True
182.3027 	EXP 	line2: autoDraw = True
182.3027 	EXP 	line3: autoDraw = True
182.3027 	EXP 	line4: autoDraw = True
183.2980 	INFO 	Keyboard events cleared
183.2979 	EXP 	probe: autoDraw = True
183.8324 	EXP 	Device response: <KeyPress from None: t=183.82428625000466, value=c, duration=None>
183.8330 	EXP 	New trial (rep=17, index=3): <Trial 71 (3 in rep 17) data={'pos': np.int64(-150), 'corr_resp': 'z', 'thisN': 71, 'thisTrialN': 3, 'thisRepN': 17}>
183.8385 	DATA 	Keypress: c
183.8427 	EXP 	fixation: autoDraw = False
183.8427 	EXP 	line1: autoDraw = False
183.8427 	EXP 	line2: autoDraw = False
183.8427 	EXP 	line3: autoDraw = False
183.8427 	EXP 	line4: autoDraw = False
183.8427 	EXP 	probe: autoDraw = False
183.8427 	EXP 	fixation: autoDraw = True
183.9658 	EXP 	Device response: <KeyPress from None: t=183.82428625000466, value=c, duration=0.13626254198607057>
184.8312 	EXP 	line1: autoDraw = True
184.8312 	EXP 	line2: autoDraw = True
184.8312 	EXP 	line3: autoDraw = True
184.8312 	EXP 	line4: autoDraw = True
184.8353 	EXP 	fixation: autoDraw = False
185.8313 	INFO 	Keyboard events cleared
185.8312 	EXP 	probe: autoDraw = True
186.3159 	EXP 	Device response: <KeyPress from None: t=186.30521162500372, value=z, duration=None>
186.3165 	EXP 	New trial (rep=18, index=0): <Trial 72 (0 in rep 18) data={'pos': np.int64(-50), 'corr_resp': 'x', 'thisN': 72, 'thisTrialN': 0, 'thisRepN': 18}>
186.3220 	DATA 	Keypress: z
186.3262 	EXP 	fixation: autoDraw = False
186.3262 	EXP 	line1: autoDraw = False
186.3262 	EXP 	line2: autoDraw = False
186.3262 	EXP 	line3: autoDraw = False
186.3262 	EXP 	line4: autoDraw = False
186.3262 	EXP 	probe: autoDraw = False
186.3262 	EXP 	fixation: autoDraw = True
186.4701 	EXP 	Device response: <KeyPress from None: t=186.30521162500372, value=z, duration=0.16019670899549965>
187.3147 	EXP 	line1: autoDraw = True
187.3147 	EXP 	line2: autoDraw = True
187.3147 	EXP 	line3: autoDraw = True
187.3147 	EXP 	line4: autoDraw = True
187.3198 	EXP 	fixation: autoDraw = False
188.3147 	INFO 	Keyboard events cleared
188.3146 	EXP 	probe: autoDraw = True
188.8659 	EXP 	Device response: <KeyPress from None: t=188.85925179200422, value=x, duration=None>
188.8665 	EXP 	New trial (rep=18, index=1): <Trial 73 (1 in rep 18) data={'pos': np.int64(150), 'corr_resp': 'v', 'thisN': 73, 'thisTrialN': 1, 'thisRepN': 18}>
188.8718 	DATA 	Keypress: x
188.8760 	EXP 	fixation: autoDraw = False
188.8760 	EXP 	line1: autoDraw = False
188.8760 	EXP 	line2: autoDraw = False
188.8760 	EXP 	line3: autoDraw = False
188.8760 	EXP 	line4: autoDraw = False
188.8760 	EXP 	probe: autoDraw = False
188.8760 	EXP 	fixation: autoDraw = True
189.0157 	EXP 	Device response: <KeyPress from None: t=188.85925179200422, value=x, duration=0.15212858299491927>
189.8644 	EXP 	line1: autoDraw = True
189.8644 	EXP 	line2: autoDraw = True
189.8644 	EXP 	line3: autoDraw = True
189.8644 	EXP 	line4: autoDraw = True
189.8685 	EXP 	fixation: autoDraw = False
190.8647 	INFO 	Keyboard events cleared
190.8645 	EXP 	probe: autoDraw = True
191.3390 	WARNING 	t of last frame was 91.25ms (=1/10)
191.4483 	EXP 	Device response: <KeyPress from None: t=191.44703424999898, value=v, duration=None>
191.4485 	EXP 	New trial (rep=18, index=2): <Trial 74 (2 in rep 18) data={'pos': np.int64(50), 'corr_resp': 'c', 'thisN': 74, 'thisTrialN': 2, 'thisRepN': 18}>
191.4511 	EXP 	fixation: autoDraw = False
191.4511 	EXP 	line1: autoDraw = False
191.4511 	EXP 	line2: autoDraw = False
191.4511 	EXP 	line3: autoDraw = False
191.4511 	EXP 	line4: autoDraw = False
191.4511 	EXP 	probe: autoDraw = False
191.4511 	EXP 	fixation: autoDraw = True
191.4526 	DATA 	Keypress: v
191.5817 	EXP 	Device response: <KeyPress from None: t=191.44703424999898, value=v, duration=0.1322872919990914>
192.4365 	EXP 	line1: autoDraw = True
192.4365 	EXP 	line2: autoDraw = True
192.4365 	EXP 	line3: autoDraw = True
192.4365 	EXP 	line4: autoDraw = True
192.4478 	EXP 	fixation: autoDraw = False
193.4371 	INFO 	Keyboard events cleared
193.4369 	EXP 	probe: autoDraw = True
194.8656 	EXP 	Device response: <KeyPress from None: t=194.853981459004, value=c, duration=None>
194.8661 	EXP 	New trial (rep=18, index=3): <Trial 75 (3 in rep 18) data={'pos': np.int64(-150), 'corr_resp': 'z', 'thisN': 75, 'thisTrialN': 3, 'thisRepN': 18}>
194.8706 	DATA 	Keypress: c
194.8744 	EXP 	fixation: autoDraw = False
194.8744 	EXP 	line1: autoDraw = False
194.8744 	EXP 	line2: autoDraw = False
194.8744 	EXP 	line3: autoDraw = False
194.8744 	EXP 	line4: autoDraw = False
194.8744 	EXP 	probe: autoDraw = False
194.8744 	EXP 	fixation: autoDraw = True
195.0036 	EXP 	Device response: <KeyPress from None: t=194.853981459004, value=c, duration=0.14422266600013245>
195.8644 	EXP 	line1: autoDraw = True
195.8644 	EXP 	line2: autoDraw = True
195.8644 	EXP 	line3: autoDraw = True
195.8644 	EXP 	line4: autoDraw = True
195.8684 	EXP 	fixation: autoDraw = False
196.8647 	INFO 	Keyboard events cleared
196.8645 	EXP 	probe: autoDraw = True
197.4989 	EXP 	Device response: <KeyPress from None: t=197.48679199999606, value=z, duration=None>
197.4994 	EXP 	New trial (rep=19, index=0): <Trial 76 (0 in rep 19) data={'pos': np.int64(-50), 'corr_resp': 'x', 'thisN': 76, 'thisTrialN': 0, 'thisRepN': 19}>
197.5042 	DATA 	Keypress: z
197.5081 	EXP 	fixation: autoDraw = False
197.5081 	EXP 	line1: autoDraw = False
197.5081 	EXP 	line2: autoDraw = False
197.5081 	EXP 	line3: autoDraw = False
197.5081 	EXP 	line4: autoDraw = False
197.5081 	EXP 	probe: autoDraw = False
197.5081 	EXP 	fixation: autoDraw = True
197.6156 	EXP 	Device response: <KeyPress from None: t=197.48679199999606, value=z, duration=0.1204509590024827>
198.4977 	EXP 	line1: autoDraw = True
198.4977 	EXP 	line2: autoDraw = True
198.4977 	EXP 	line3: autoDraw = True
198.4977 	EXP 	line4: autoDraw = True
198.5026 	EXP 	fixation: autoDraw = False
199.4982 	INFO 	Keyboard events cleared
199.4980 	EXP 	probe: autoDraw = True
200.0990 	EXP 	Device response: <KeyPress from None: t=200.09588058399095, value=x, duration=None>
200.0996 	EXP 	New trial (rep=19, index=1): <Trial 77 (1 in rep 19) data={'pos': np.int64(150), 'corr_resp': 'v', 'thisN': 77, 'thisTrialN': 1, 'thisRepN': 19}>
200.1041 	EXP 	fixation: autoDraw = False
200.1041 	EXP 	line1: autoDraw = False
200.1041 	EXP 	line2: autoDraw = False
200.1041 	EXP 	line3: autoDraw = False
200.1041 	EXP 	line4: autoDraw = False
200.1041 	EXP 	probe: autoDraw = False
200.1041 	EXP 	fixation: autoDraw = True
200.1076 	DATA 	Keypress: x
200.2375 	EXP 	Device response: <KeyPress from None: t=200.09588058399095, value=x, duration=0.14033775001007598>
201.0977 	EXP 	line1: autoDraw = True
201.0977 	EXP 	line2: autoDraw = True
201.0977 	EXP 	line3: autoDraw = True
201.0977 	EXP 	line4: autoDraw = True
201.1024 	EXP 	fixation: autoDraw = False
202.0979 	INFO 	Keyboard events cleared
202.0978 	EXP 	probe: autoDraw = True
202.5655 	EXP 	Device response: <KeyPress from None: t=202.56284854200203, value=v, duration=None>
202.5661 	EXP 	New trial (rep=19, index=2): <Trial 78 (2 in rep 19) data={'pos': np.int64(50), 'corr_resp': 'c', 'thisN': 78, 'thisTrialN': 2, 'thisRepN': 19}>
202.5706 	EXP 	fixation: autoDraw = False
202.5706 	EXP 	line1: autoDraw = False
202.5706 	EXP 	line2: autoDraw = False
202.5706 	EXP 	line3: autoDraw = False
202.5706 	EXP 	line4: autoDraw = False
202.5706 	EXP 	probe: autoDraw = False
202.5706 	EXP 	fixation: autoDraw = True
202.5742 	DATA 	Keypress: v
202.6656 	EXP 	Device response: <KeyPress from None: t=202.56284854200203, value=v, duration=0.1002873749966966>
203.5644 	EXP 	line1: autoDraw = True
203.5644 	EXP 	line2: autoDraw = True
203.5644 	EXP 	line3: autoDraw = True
203.5644 	EXP 	line4: autoDraw = True
203.5693 	EXP 	fixation: autoDraw = False
204.5647 	INFO 	Keyboard events cleared
204.5645 	EXP 	probe: autoDraw = True
204.9821 	EXP 	Device response: <KeyPress from None: t=204.9727822089917, value=c, duration=None>
204.9826 	EXP 	New trial (rep=19, index=3): <Trial 79 (3 in rep 19) data={'pos': np.int64(-150), 'corr_resp': 'z', 'thisN': 79, 'thisTrialN': 3, 'thisRepN': 19}>
204.9873 	DATA 	Keypress: c
204.9912 	EXP 	fixation: autoDraw = False
204.9912 	EXP 	line1: autoDraw = False
204.9912 	EXP 	line2: autoDraw = False
204.9912 	EXP 	line3: autoDraw = False
204.9912 	EXP 	line4: autoDraw = False
204.9912 	EXP 	probe: autoDraw = False
204.9912 	EXP 	fixation: autoDraw = True
205.0988 	EXP 	Device response: <KeyPress from None: t=204.9727822089917, value=c, duration=0.12045979101094417>
205.9810 	EXP 	line1: autoDraw = True
205.9810 	EXP 	line2: autoDraw = True
205.9810 	EXP 	line3: autoDraw = True
205.9810 	EXP 	line4: autoDraw = True
205.9861 	EXP 	fixation: autoDraw = False
206.9811 	INFO 	Keyboard events cleared
206.9809 	EXP 	probe: autoDraw = True
207.3708 	EXP 	Device response: <KeyPress from None: t=207.36466283399204, value=z, duration=None>
207.3712 	EXP 	New trial (rep=20, index=0): <Trial 80 (0 in rep 20) data={'pos': np.int64(-50), 'corr_resp': 'x', 'thisN': 80, 'thisTrialN': 0, 'thisRepN': 20}>
207.3755 	DATA 	Keypress: z
207.3801 	EXP 	fixation: autoDraw = False
207.3801 	EXP 	line1: autoDraw = False
207.3801 	EXP 	line2: autoDraw = False
207.3801 	EXP 	line3: autoDraw = False
207.3801 	EXP 	line4: autoDraw = False
207.3801 	EXP 	probe: autoDraw = False
207.3801 	EXP 	fixation: autoDraw = True
207.4819 	EXP 	Device response: <KeyPress from None: t=207.36466283399204, value=z, duration=0.11633650001022033>
208.3694 	EXP 	fixation: autoDraw = False
208.3694 	EXP 	line1: autoDraw = True
208.3694 	EXP 	line2: autoDraw = True
208.3694 	EXP 	line3: autoDraw = True
208.3694 	EXP 	line4: autoDraw = True
209.3698 	INFO 	Keyboard events cleared
209.3697 	EXP 	probe: autoDraw = True
209.9536 	EXP 	Device response: <KeyPress from None: t=209.95263450000493, value=x, duration=None>
209.9540 	EXP 	New trial (rep=20, index=1): <Trial 81 (1 in rep 20) data={'pos': np.int64(150), 'corr_resp': 'v', 'thisN': 81, 'thisTrialN': 1, 'thisRepN': 20}>
209.9582 	DATA 	Keypress: x
209.9634 	EXP 	fixation: autoDraw = False
209.9634 	EXP 	line1: autoDraw = False
209.9634 	EXP 	line2: autoDraw = False
209.9634 	EXP 	line3: autoDraw = False
209.9634 	EXP 	line4: autoDraw = False
209.9634 	EXP 	probe: autoDraw = False
209.9634 	EXP 	fixation: autoDraw = True
210.0823 	EXP 	Device response: <KeyPress from None: t=209.95263450000493, value=x, duration=0.12032887499663047>
210.9524 	EXP 	fixation: autoDraw = False
210.9524 	EXP 	line1: autoDraw = True
210.9524 	EXP 	line2: autoDraw = True
210.9524 	EXP 	line3: autoDraw = True
210.9524 	EXP 	line4: autoDraw = True
211.9533 	INFO 	Keyboard events cleared
211.9532 	EXP 	probe: autoDraw = True
212.3869 	EXP 	Device response: <KeyPress from None: t=212.3825877920026, value=v, duration=None>
212.3873 	EXP 	New trial (rep=20, index=2): <Trial 82 (2 in rep 20) data={'pos': np.int64(50), 'corr_resp': 'c', 'thisN': 82, 'thisTrialN': 2, 'thisRepN': 20}>
212.3916 	DATA 	Keypress: v
212.3966 	EXP 	fixation: autoDraw = False
212.3966 	EXP 	line1: autoDraw = False
212.3966 	EXP 	line2: autoDraw = False
212.3966 	EXP 	line3: autoDraw = False
212.3966 	EXP 	line4: autoDraw = False
212.3966 	EXP 	probe: autoDraw = False
212.3966 	EXP 	fixation: autoDraw = True
212.5032 	EXP 	Device response: <KeyPress from None: t=212.3825877920026, value=v, duration=0.11618266699952073>
213.3861 	EXP 	fixation: autoDraw = False
213.3861 	EXP 	line1: autoDraw = True
213.3861 	EXP 	line2: autoDraw = True
213.3861 	EXP 	line3: autoDraw = True
213.3861 	EXP 	line4: autoDraw = True
214.3883 	INFO 	Keyboard events cleared
214.3881 	EXP 	probe: autoDraw = True
214.9489 	EXP 	Device response: <KeyPress from None: t=214.9374886250007, value=c, duration=None>
214.9495 	EXP 	New trial (rep=20, index=3): <Trial 83 (3 in rep 20) data={'pos': np.int64(-150), 'corr_resp': 'z', 'thisN': 83, 'thisTrialN': 3, 'thisRepN': 20}>
214.9552 	DATA 	Keypress: c
214.9594 	EXP 	fixation: autoDraw = False
214.9594 	EXP 	line1: autoDraw = False
214.9594 	EXP 	line2: autoDraw = False
214.9594 	EXP 	line3: autoDraw = False
214.9594 	EXP 	line4: autoDraw = False
214.9594 	EXP 	probe: autoDraw = False
214.9594 	EXP 	fixation: autoDraw = True
215.0653 	EXP 	Device response: <KeyPress from None: t=214.9374886250007, value=c, duration=0.12040866700408515>
215.9478 	EXP 	line1: autoDraw = True
215.9478 	EXP 	line2: autoDraw = True
215.9478 	EXP 	line3: autoDraw = True
215.9478 	EXP 	line4: autoDraw = True
215.9526 	EXP 	fixation: autoDraw = False
216.9478 	INFO 	Keyboard events cleared
216.9477 	EXP 	probe: autoDraw = True
217.4037 	EXP 	Device response: <KeyPress from None: t=217.39843537499837, value=z, duration=None>
217.4041 	EXP 	New trial (rep=21, index=0): <Trial 84 (0 in rep 21) data={'pos': np.int64(-50), 'corr_resp': 'x', 'thisN': 84, 'thisTrialN': 0, 'thisRepN': 21}>
217.4098 	DATA 	Keypress: z
217.4141 	EXP 	fixation: autoDraw = False
217.4141 	EXP 	line1: autoDraw = False
217.4141 	EXP 	line2: autoDraw = False
217.4141 	EXP 	line3: autoDraw = False
217.4141 	EXP 	line4: autoDraw = False
217.4141 	EXP 	probe: autoDraw = False
217.4141 	EXP 	fixation: autoDraw = True
217.5323 	EXP 	Device response: <KeyPress from None: t=217.39843537499837, value=z, duration=0.12838199999532662>
218.4034 	EXP 	fixation: autoDraw = False
218.4034 	EXP 	line1: autoDraw = True
218.4034 	EXP 	line2: autoDraw = True
218.4034 	EXP 	line3: autoDraw = True
218.4034 	EXP 	line4: autoDraw = True
219.4037 	INFO 	Keyboard events cleared
219.4035 	EXP 	probe: autoDraw = True
219.9707 	EXP 	Device response: <KeyPress from None: t=219.9653988749924, value=x, duration=None>
219.9711 	EXP 	New trial (rep=21, index=1): <Trial 85 (1 in rep 21) data={'pos': np.int64(150), 'corr_resp': 'v', 'thisN': 85, 'thisTrialN': 1, 'thisRepN': 21}>
219.9764 	DATA 	Keypress: x
219.9804 	EXP 	fixation: autoDraw = False
219.9804 	EXP 	line1: autoDraw = False
219.9804 	EXP 	line2: autoDraw = False
219.9804 	EXP 	line3: autoDraw = False
219.9804 	EXP 	line4: autoDraw = False
219.9804 	EXP 	probe: autoDraw = False
219.9804 	EXP 	fixation: autoDraw = True
220.1197 	EXP 	Device response: <KeyPress from None: t=219.9653988749924, value=x, duration=0.15233475000422914>
220.9695 	EXP 	fixation: autoDraw = False
220.9695 	EXP 	line1: autoDraw = True
220.9695 	EXP 	line2: autoDraw = True
220.9695 	EXP 	line3: autoDraw = True
220.9695 	EXP 	line4: autoDraw = True
221.9703 	INFO 	Keyboard events cleared
221.9702 	EXP 	probe: autoDraw = True
222.4655 	EXP 	Device response: <KeyPress from None: t=222.45848624999053, value=v, duration=None>
222.4660 	EXP 	New trial (rep=21, index=2): <Trial 86 (2 in rep 21) data={'pos': np.int64(50), 'corr_resp': 'c', 'thisN': 86, 'thisTrialN': 2, 'thisRepN': 21}>
222.4717 	DATA 	Keypress: v
222.4759 	EXP 	fixation: autoDraw = False
222.4759 	EXP 	line1: autoDraw = False
222.4759 	EXP 	line2: autoDraw = False
222.4759 	EXP 	line3: autoDraw = False
222.4759 	EXP 	line4: autoDraw = False
222.4759 	EXP 	probe: autoDraw = False
222.4759 	EXP 	fixation: autoDraw = True
222.5867 	EXP 	Device response: <KeyPress from None: t=222.45848624999053, value=v, duration=0.12415425000654068>
223.4641 	EXP 	line1: autoDraw = True
223.4641 	EXP 	line2: autoDraw = True
223.4641 	EXP 	line3: autoDraw = True
223.4641 	EXP 	line4: autoDraw = True
223.4685 	EXP 	fixation: autoDraw = False
224.4644 	INFO 	Keyboard events cleared
224.4642 	EXP 	probe: autoDraw = True
224.8823 	EXP 	Device response: <KeyPress from None: t=224.87741474999348, value=c, duration=None>
224.8829 	EXP 	New trial (rep=21, index=3): <Trial 87 (3 in rep 21) data={'pos': np.int64(-150), 'corr_resp': 'z', 'thisN': 87, 'thisTrialN': 3, 'thisRepN': 21}>
224.8893 	DATA 	Keypress: c
224.8935 	EXP 	fixation: autoDraw = False
224.8935 	EXP 	line1: autoDraw = False
224.8935 	EXP 	line2: autoDraw = False
224.8935 	EXP 	line3: autoDraw = False
224.8935 	EXP 	line4: autoDraw = False
224.8935 	EXP 	probe: autoDraw = False
224.8935 	EXP 	fixation: autoDraw = True
225.0154 	EXP 	Device response: <KeyPress from None: t=224.87741474999348, value=c, duration=0.1281005000055302>
225.8808 	EXP 	line1: autoDraw = True
225.8808 	EXP 	line2: autoDraw = True
225.8808 	EXP 	line3: autoDraw = True
225.8808 	EXP 	line4: autoDraw = True
225.8857 	EXP 	fixation: autoDraw = False
226.8811 	INFO 	Keyboard events cleared
226.8809 	EXP 	probe: autoDraw = True
227.3156 	EXP 	Device response: <KeyPress from None: t=227.30527100000472, value=z, duration=None>
227.3163 	EXP 	New trial (rep=22, index=0): <Trial 88 (0 in rep 22) data={'pos': np.int64(-50), 'corr_resp': 'x', 'thisN': 88, 'thisTrialN': 0, 'thisRepN': 22}>
227.3220 	DATA 	Keypress: z
227.3261 	EXP 	fixation: autoDraw = False
227.3261 	EXP 	line1: autoDraw = False
227.3261 	EXP 	line2: autoDraw = False
227.3261 	EXP 	line3: autoDraw = False
227.3261 	EXP 	line4: autoDraw = False
227.3261 	EXP 	probe: autoDraw = False
227.3261 	EXP 	fixation: autoDraw = True
227.4328 	EXP 	Device response: <KeyPress from None: t=227.30527100000472, value=z, duration=0.11625479199574329>
228.3142 	EXP 	line1: autoDraw = True
228.3142 	EXP 	line2: autoDraw = True
228.3142 	EXP 	line3: autoDraw = True
228.3142 	EXP 	line4: autoDraw = True
228.3189 	EXP 	fixation: autoDraw = False
229.3143 	INFO 	Keyboard events cleared
229.3141 	EXP 	probe: autoDraw = True
229.7871 	EXP 	Device response: <KeyPress from None: t=229.78209041699301, value=x, duration=None>
229.7876 	EXP 	New trial (rep=22, index=1): <Trial 89 (1 in rep 22) data={'pos': np.int64(150), 'corr_resp': 'v', 'thisN': 89, 'thisTrialN': 1, 'thisRepN': 22}>
229.7930 	DATA 	Keypress: x
229.7974 	EXP 	fixation: autoDraw = False
229.7974 	EXP 	line1: autoDraw = False
229.7974 	EXP 	line2: autoDraw = False
229.7974 	EXP 	line3: autoDraw = False
229.7974 	EXP 	line4: autoDraw = False
229.7974 	EXP 	probe: autoDraw = False
229.7974 	EXP 	fixation: autoDraw = True
229.9199 	EXP 	Device response: <KeyPress from None: t=229.78209041699301, value=x, duration=0.13637020799797028>
230.7859 	EXP 	fixation: autoDraw = False
230.7859 	EXP 	line1: autoDraw = True
230.7859 	EXP 	line2: autoDraw = True
230.7859 	EXP 	line3: autoDraw = True
230.7859 	EXP 	line4: autoDraw = True
231.7865 	INFO 	Keyboard events cleared
231.7863 	EXP 	probe: autoDraw = True
232.1989 	EXP 	Device response: <KeyPress from None: t=232.19324608400348, value=v, duration=None>
232.1994 	EXP 	New trial (rep=22, index=2): <Trial 90 (2 in rep 22) data={'pos': np.int64(50), 'corr_resp': 'c', 'thisN': 90, 'thisTrialN': 2, 'thisRepN': 22}>
232.2053 	DATA 	Keypress: v
232.2094 	EXP 	fixation: autoDraw = False
232.2094 	EXP 	line1: autoDraw = False
232.2094 	EXP 	line2: autoDraw = False
232.2094 	EXP 	line3: autoDraw = False
232.2094 	EXP 	line4: autoDraw = False
232.2094 	EXP 	probe: autoDraw = False
232.2094 	EXP 	fixation: autoDraw = True
232.3154 	EXP 	Device response: <KeyPress from None: t=232.19324608400348, value=v, duration=0.11621774999366608>
233.1974 	EXP 	line1: autoDraw = True
233.1974 	EXP 	line2: autoDraw = True
233.1974 	EXP 	line3: autoDraw = True
233.1974 	EXP 	line4: autoDraw = True
233.2021 	EXP 	fixation: autoDraw = False
234.1976 	INFO 	Keyboard events cleared
234.1975 	EXP 	probe: autoDraw = True
234.6203 	EXP 	Device response: <KeyPress from None: t=234.61594000000332, value=c, duration=None>
234.6207 	EXP 	New trial (rep=22, index=3): <Trial 91 (3 in rep 22) data={'pos': np.int64(-150), 'corr_resp': 'z', 'thisN': 91, 'thisTrialN': 3, 'thisRepN': 22}>
234.6261 	DATA 	Keypress: c
234.6303 	EXP 	fixation: autoDraw = False
234.6303 	EXP 	line1: autoDraw = False
234.6303 	EXP 	line2: autoDraw = False
234.6303 	EXP 	line3: autoDraw = False
234.6303 	EXP 	line4: autoDraw = False
234.6303 	EXP 	probe: autoDraw = False
234.6303 	EXP 	fixation: autoDraw = True
234.7319 	EXP 	Device response: <KeyPress from None: t=234.61594000000332, value=c, duration=0.11249183399195317>
235.6191 	EXP 	fixation: autoDraw = False
235.6191 	EXP 	line1: autoDraw = True
235.6191 	EXP 	line2: autoDraw = True
235.6191 	EXP 	line3: autoDraw = True
235.6191 	EXP 	line4: autoDraw = True
236.6199 	INFO 	Keyboard events cleared
236.6198 	EXP 	probe: autoDraw = True
237.0488 	EXP 	Device response: <KeyPress from None: t=237.04215495899552, value=z, duration=None>
237.0494 	EXP 	New trial (rep=23, index=0): <Trial 92 (0 in rep 23) data={'pos': np.int64(-50), 'corr_resp': 'x', 'thisN': 92, 'thisTrialN': 0, 'thisRepN': 23}>
237.0552 	DATA 	Keypress: z
237.0595 	EXP 	fixation: autoDraw = False
237.0595 	EXP 	line1: autoDraw = False
237.0595 	EXP 	line2: autoDraw = False
237.0595 	EXP 	line3: autoDraw = False
237.0595 	EXP 	line4: autoDraw = False
237.0595 	EXP 	probe: autoDraw = False
237.0595 	EXP 	fixation: autoDraw = True
237.1540 	EXP 	Device response: <KeyPress from None: t=237.04215495899552, value=z, duration=0.10810579100507312>
238.0475 	EXP 	line1: autoDraw = True
238.0475 	EXP 	line2: autoDraw = True
238.0475 	EXP 	line3: autoDraw = True
238.0475 	EXP 	line4: autoDraw = True
238.0522 	EXP 	fixation: autoDraw = False
239.0475 	INFO 	Keyboard events cleared
239.0474 	EXP 	probe: autoDraw = True
239.4366 	EXP 	Device response: <KeyPress from None: t=239.4328440840036, value=x, duration=None>
239.4371 	EXP 	New trial (rep=23, index=1): <Trial 93 (1 in rep 23) data={'pos': np.int64(150), 'corr_resp': 'v', 'thisN': 93, 'thisTrialN': 1, 'thisRepN': 23}>
239.4422 	DATA 	Keypress: x
239.4467 	EXP 	fixation: autoDraw = False
239.4467 	EXP 	line1: autoDraw = False
239.4467 	EXP 	line2: autoDraw = False
239.4467 	EXP 	line3: autoDraw = False
239.4467 	EXP 	line4: autoDraw = False
239.4467 	EXP 	probe: autoDraw = False
239.4467 	EXP 	fixation: autoDraw = True
239.5651 	EXP 	Device response: <KeyPress from None: t=239.4328440840036, value=x, duration=0.124505332991248>
240.4356 	EXP 	fixation: autoDraw = False
240.4356 	EXP 	line1: autoDraw = True
240.4356 	EXP 	line2: autoDraw = True
240.4356 	EXP 	line3: autoDraw = True
240.4356 	EXP 	line4: autoDraw = True
241.4382 	INFO 	Keyboard events cleared
241.4381 	EXP 	probe: autoDraw = True
241.8371 	EXP 	Device response: <KeyPress from None: t=241.83593595899583, value=v, duration=None>
241.8375 	EXP 	New trial (rep=23, index=2): <Trial 94 (2 in rep 23) data={'pos': np.int64(50), 'corr_resp': 'c', 'thisN': 94, 'thisTrialN': 2, 'thisRepN': 23}>
241.8426 	DATA 	Keypress: v
241.8469 	EXP 	fixation: autoDraw = False
241.8469 	EXP 	line1: autoDraw = False
241.8469 	EXP 	line2: autoDraw = False
241.8469 	EXP 	line3: autoDraw = False
241.8469 	EXP 	line4: autoDraw = False
241.8469 	EXP 	probe: autoDraw = False
241.8469 	EXP 	fixation: autoDraw = True
241.9653 	EXP 	Device response: <KeyPress from None: t=241.83593595899583, value=v, duration=0.12038449999818113>
242.8371 	EXP 	fixation: autoDraw = False
242.8371 	EXP 	line1: autoDraw = True
242.8371 	EXP 	line2: autoDraw = True
242.8371 	EXP 	line3: autoDraw = True
242.8371 	EXP 	line4: autoDraw = True
243.8366 	INFO 	Keyboard events cleared
243.8364 	EXP 	probe: autoDraw = True
244.8487 	EXP 	Device response: <KeyPress from None: t=244.8388569999952, value=c, duration=None>
244.8494 	EXP 	New trial (rep=23, index=3): <Trial 95 (3 in rep 23) data={'pos': np.int64(-150), 'corr_resp': 'z', 'thisN': 95, 'thisTrialN': 3, 'thisRepN': 23}>
244.8551 	DATA 	Keypress: c
244.8594 	EXP 	fixation: autoDraw = False
244.8594 	EXP 	line1: autoDraw = False
244.8594 	EXP 	line2: autoDraw = False
244.8594 	EXP 	line3: autoDraw = False
244.8594 	EXP 	line4: autoDraw = False
244.8594 	EXP 	probe: autoDraw = False
244.8594 	EXP 	fixation: autoDraw = True
244.9985 	EXP 	Device response: <KeyPress from None: t=244.8388569999952, value=c, duration=0.15628120899782516>
245.8474 	EXP 	line1: autoDraw = True
245.8474 	EXP 	line2: autoDraw = True
245.8474 	EXP 	line3: autoDraw = True
245.8474 	EXP 	line4: autoDraw = True
245.8521 	EXP 	fixation: autoDraw = False
246.8474 	INFO 	Keyboard events cleared
246.8473 	EXP 	probe: autoDraw = True
247.3151 	EXP 	Device response: <KeyPress from None: t=247.30502883400186, value=z, duration=None>
247.3157 	EXP 	New trial (rep=24, index=0): <Trial 96 (0 in rep 24) data={'pos': np.int64(-50), 'corr_resp': 'x', 'thisN': 96, 'thisTrialN': 0, 'thisRepN': 24}>
247.3210 	DATA 	Keypress: z
247.3250 	EXP 	fixation: autoDraw = False
247.3250 	EXP 	line1: autoDraw = False
247.3250 	EXP 	line2: autoDraw = False
247.3250 	EXP 	line3: autoDraw = False
247.3250 	EXP 	line4: autoDraw = False
247.3250 	EXP 	probe: autoDraw = False
247.3250 	EXP 	fixation: autoDraw = True
247.4324 	EXP 	Device response: <KeyPress from None: t=247.30502883400186, value=z, duration=0.11607279100280721>
248.3139 	EXP 	line1: autoDraw = True
248.3139 	EXP 	line2: autoDraw = True
248.3139 	EXP 	line3: autoDraw = True
248.3139 	EXP 	line4: autoDraw = True
248.3188 	EXP 	fixation: autoDraw = False
249.3141 	INFO 	Keyboard events cleared
249.3140 	EXP 	probe: autoDraw = True
249.8818 	EXP 	Device response: <KeyPress from None: t=249.8726828749932, value=c, duration=None>
249.8824 	EXP 	New trial (rep=24, index=1): <Trial 97 (1 in rep 24) data={'pos': np.int64(150), 'corr_resp': 'v', 'thisN': 97, 'thisTrialN': 1, 'thisRepN': 24}>
249.8881 	DATA 	Keypress: c
249.8923 	EXP 	fixation: autoDraw = False
249.8923 	EXP 	line1: autoDraw = False
249.8923 	EXP 	line2: autoDraw = False
249.8923 	EXP 	line3: autoDraw = False
249.8923 	EXP 	line4: autoDraw = False
249.8923 	EXP 	probe: autoDraw = False
249.8923 	EXP 	fixation: autoDraw = True
249.9985 	EXP 	Device response: <KeyPress from None: t=249.8726828749932, value=c, duration=0.1242756670108065>
250.8807 	EXP 	line1: autoDraw = True
250.8807 	EXP 	line2: autoDraw = True
250.8807 	EXP 	line3: autoDraw = True
250.8807 	EXP 	line4: autoDraw = True
250.8857 	EXP 	fixation: autoDraw = False
251.8810 	INFO 	Keyboard events cleared
251.8808 	EXP 	probe: autoDraw = True
252.5818 	EXP 	Device response: <KeyPress from None: t=252.57866912499594, value=v, duration=None>
252.5824 	EXP 	New trial (rep=24, index=2): <Trial 98 (2 in rep 24) data={'pos': np.int64(50), 'corr_resp': 'c', 'thisN': 98, 'thisTrialN': 2, 'thisRepN': 24}>
252.5872 	EXP 	fixation: autoDraw = False
252.5872 	EXP 	line1: autoDraw = False
252.5872 	EXP 	line2: autoDraw = False
252.5872 	EXP 	line3: autoDraw = False
252.5872 	EXP 	line4: autoDraw = False
252.5872 	EXP 	probe: autoDraw = False
252.5872 	EXP 	fixation: autoDraw = True
252.5911 	DATA 	Keypress: v
252.7485 	EXP 	Device response: <KeyPress from None: t=252.57866912499594, value=v, duration=0.16821633400104474>
253.5806 	EXP 	line1: autoDraw = True
253.5806 	EXP 	line2: autoDraw = True
253.5806 	EXP 	line3: autoDraw = True
253.5806 	EXP 	line4: autoDraw = True
253.5856 	EXP 	fixation: autoDraw = False
254.5807 	INFO 	Keyboard events cleared
254.5806 	EXP 	probe: autoDraw = True
255.2821 	EXP 	Device response: <KeyPress from None: t=255.27777858400077, value=c, duration=None>
255.2830 	EXP 	New trial (rep=24, index=3): <Trial 99 (3 in rep 24) data={'pos': np.int64(-150), 'corr_resp': 'z', 'thisN': 99, 'thisTrialN': 3, 'thisRepN': 24}>
255.2887 	EXP 	fixation: autoDraw = False
255.2887 	EXP 	line1: autoDraw = False
255.2887 	EXP 	line2: autoDraw = False
255.2887 	EXP 	line3: autoDraw = False
255.2887 	EXP 	line4: autoDraw = False
255.2887 	EXP 	probe: autoDraw = False
255.2887 	EXP 	fixation: autoDraw = True
255.2927 	DATA 	Keypress: c
255.3984 	EXP 	Device response: <KeyPress from None: t=255.27777858400077, value=c, duration=0.11213891599618364>
256.2806 	EXP 	line1: autoDraw = True
256.2806 	EXP 	line2: autoDraw = True
256.2806 	EXP 	line3: autoDraw = True
256.2806 	EXP 	line4: autoDraw = True
256.2848 	EXP 	fixation: autoDraw = False
257.2809 	INFO 	Keyboard events cleared
257.2807 	EXP 	probe: autoDraw = True
257.6365 	EXP 	Device response: <KeyPress from None: t=257.6335485000018, value=z, duration=None>
257.6369 	EXP 	New trial (rep=25, index=0): <Trial 100 (0 in rep 25) data={'pos': np.int64(-50), 'corr_resp': 'x', 'thisN': 100, 'thisTrialN': 0, 'thisRepN': 25}>
257.6422 	DATA 	Keypress: z
257.6465 	EXP 	fixation: autoDraw = False
257.6465 	EXP 	line1: autoDraw = False
257.6465 	EXP 	line2: autoDraw = False
257.6465 	EXP 	line3: autoDraw = False
257.6465 	EXP 	line4: autoDraw = False
257.6465 	EXP 	probe: autoDraw = False
257.6465 	EXP 	fixation: autoDraw = True
257.7696 	EXP 	Device response: <KeyPress from None: t=257.6335485000018, value=z, duration=0.13233279199630488>
258.6354 	EXP 	fixation: autoDraw = False
258.6354 	EXP 	line1: autoDraw = True
258.6354 	EXP 	line2: autoDraw = True
258.6354 	EXP 	line3: autoDraw = True
258.6354 	EXP 	line4: autoDraw = True
259.6369 	INFO 	Keyboard events cleared
259.6368 	EXP 	probe: autoDraw = True
260.0483 	EXP 	Device response: <KeyPress from None: t=260.04258391699113, value=c, duration=None>
260.0489 	EXP 	New trial (rep=25, index=1): <Trial 101 (1 in rep 25) data={'pos': np.int64(150), 'corr_resp': 'v', 'thisN': 101, 'thisTrialN': 1, 'thisRepN': 25}>
260.0545 	DATA 	Keypress: c
260.0586 	EXP 	fixation: autoDraw = False
260.0586 	EXP 	line1: autoDraw = False
260.0586 	EXP 	line2: autoDraw = False
260.0586 	EXP 	line3: autoDraw = False
260.0586 	EXP 	line4: autoDraw = False
260.0586 	EXP 	probe: autoDraw = False
260.0586 	EXP 	fixation: autoDraw = True
260.1819 	EXP 	Device response: <KeyPress from None: t=260.04258391699113, value=c, duration=0.136503708010423>
261.0472 	EXP 	line1: autoDraw = True
261.0472 	EXP 	line2: autoDraw = True
261.0472 	EXP 	line3: autoDraw = True
261.0472 	EXP 	line4: autoDraw = True
261.0519 	EXP 	fixation: autoDraw = False
262.0472 	INFO 	Keyboard events cleared
262.0471 	EXP 	probe: autoDraw = True
263.0152 	EXP 	Device response: <KeyPress from None: t=263.0032902499952, value=v, duration=None>
263.0158 	EXP 	New trial (rep=25, index=2): <Trial 102 (2 in rep 25) data={'pos': np.int64(50), 'corr_resp': 'c', 'thisN': 102, 'thisTrialN': 2, 'thisRepN': 25}>
263.0211 	DATA 	Keypress: v
263.0253 	EXP 	fixation: autoDraw = False
263.0253 	EXP 	line1: autoDraw = False
263.0253 	EXP 	line2: autoDraw = False
263.0253 	EXP 	line3: autoDraw = False
263.0253 	EXP 	line4: autoDraw = False
263.0253 	EXP 	probe: autoDraw = False
263.0253 	EXP 	fixation: autoDraw = True
263.1651 	EXP 	Device response: <KeyPress from None: t=263.0032902499952, value=v, duration=0.16046087500581052>
264.0138 	EXP 	line1: autoDraw = True
264.0138 	EXP 	line2: autoDraw = True
264.0138 	EXP 	line3: autoDraw = True
264.0138 	EXP 	line4: autoDraw = True
264.0187 	EXP 	fixation: autoDraw = False
265.0139 	INFO 	Keyboard events cleared
265.0138 	EXP 	probe: autoDraw = True
265.6316 	EXP 	Device response: <KeyPress from None: t=265.6263830419921, value=c, duration=None>
265.6320 	EXP 	New trial (rep=25, index=3): <Trial 103 (3 in rep 25) data={'pos': np.int64(-150), 'corr_resp': 'z', 'thisN': 103, 'thisTrialN': 3, 'thisRepN': 25}>
265.6372 	DATA 	Keypress: c
265.6414 	EXP 	fixation: autoDraw = False
265.6414 	EXP 	line1: autoDraw = False
265.6414 	EXP 	line2: autoDraw = False
265.6414 	EXP 	line3: autoDraw = False
265.6414 	EXP 	line4: autoDraw = False
265.6414 	EXP 	probe: autoDraw = False
265.6414 	EXP 	fixation: autoDraw = True
265.7483 	EXP 	Device response: <KeyPress from None: t=265.6263830419921, value=c, duration=0.12022820800484624>
266.6305 	EXP 	line1: autoDraw = True
266.6305 	EXP 	line2: autoDraw = True
266.6305 	EXP 	line3: autoDraw = True
266.6305 	EXP 	line4: autoDraw = True
266.6349 	EXP 	fixation: autoDraw = False
267.6309 	INFO 	Keyboard events cleared
267.6307 	EXP 	probe: autoDraw = True
268.3650 	EXP 	Device response: <KeyPress from None: t=268.356618292004, value=z, duration=None>
268.3656 	EXP 	New trial (rep=26, index=0): <Trial 104 (0 in rep 26) data={'pos': np.int64(-50), 'corr_resp': 'x', 'thisN': 104, 'thisTrialN': 0, 'thisRepN': 26}>
268.3710 	DATA 	Keypress: z
268.3753 	EXP 	fixation: autoDraw = False
268.3753 	EXP 	line1: autoDraw = False
268.3753 	EXP 	line2: autoDraw = False
268.3753 	EXP 	line3: autoDraw = False
268.3753 	EXP 	line4: autoDraw = False
268.3753 	EXP 	probe: autoDraw = False
268.3753 	EXP 	fixation: autoDraw = True
268.4856 	EXP 	Device response: <KeyPress from None: t=268.356618292004, value=z, duration=0.12387633298931178>
269.3640 	EXP 	line1: autoDraw = True
269.3640 	EXP 	line2: autoDraw = True
269.3640 	EXP 	line3: autoDraw = True
269.3640 	EXP 	line4: autoDraw = True
269.3686 	EXP 	fixation: autoDraw = False
270.3640 	INFO 	Keyboard events cleared
270.3638 	EXP 	probe: autoDraw = True
270.9986 	EXP 	Device response: <KeyPress from None: t=270.99712712499604, value=x, duration=None>
270.9992 	EXP 	New trial (rep=26, index=1): <Trial 105 (1 in rep 26) data={'pos': np.int64(150), 'corr_resp': 'v', 'thisN': 105, 'thisTrialN': 1, 'thisRepN': 26}>
271.0037 	EXP 	fixation: autoDraw = False
271.0037 	EXP 	line1: autoDraw = False
271.0037 	EXP 	line2: autoDraw = False
271.0037 	EXP 	line3: autoDraw = False
271.0037 	EXP 	line4: autoDraw = False
271.0037 	EXP 	probe: autoDraw = False
271.0037 	EXP 	fixation: autoDraw = True
271.0074 	DATA 	Keypress: x
271.1819 	EXP 	Device response: <KeyPress from None: t=270.99712712499604, value=x, duration=0.17658079200191423>
271.9972 	EXP 	line1: autoDraw = True
271.9972 	EXP 	line2: autoDraw = True
271.9972 	EXP 	line3: autoDraw = True
271.9972 	EXP 	line4: autoDraw = True
272.0013 	EXP 	fixation: autoDraw = False
272.9972 	INFO 	Keyboard events cleared
272.9971 	EXP 	probe: autoDraw = True
273.4814 	EXP 	Device response: <KeyPress from None: t=273.4731784589967, value=v, duration=None>
273.4819 	EXP 	New trial (rep=26, index=2): <Trial 106 (2 in rep 26) data={'pos': np.int64(50), 'corr_resp': 'c', 'thisN': 106, 'thisTrialN': 2, 'thisRepN': 26}>
273.4871 	DATA 	Keypress: v
273.4914 	EXP 	fixation: autoDraw = False
273.4914 	EXP 	line1: autoDraw = False
273.4914 	EXP 	line2: autoDraw = False
273.4914 	EXP 	line3: autoDraw = False
273.4914 	EXP 	line4: autoDraw = False
273.4914 	EXP 	probe: autoDraw = False
273.4914 	EXP 	fixation: autoDraw = True
273.5865 	EXP 	Device response: <KeyPress from None: t=273.4731784589967, value=v, duration=0.11234758299542591>
274.4803 	EXP 	line1: autoDraw = True
274.4803 	EXP 	line2: autoDraw = True
274.4803 	EXP 	line3: autoDraw = True
274.4803 	EXP 	line4: autoDraw = True
274.4847 	EXP 	fixation: autoDraw = False
275.4805 	INFO 	Keyboard events cleared
275.4804 	EXP 	probe: autoDraw = True
275.9532 	EXP 	Device response: <KeyPress from None: t=275.9511520840024, value=c, duration=None>
275.9536 	EXP 	New trial (rep=26, index=3): <Trial 107 (3 in rep 26) data={'pos': np.int64(-150), 'corr_resp': 'z', 'thisN': 107, 'thisTrialN': 3, 'thisRepN': 26}>
275.9589 	DATA 	Keypress: c
275.9631 	EXP 	fixation: autoDraw = False
275.9631 	EXP 	line1: autoDraw = False
275.9631 	EXP 	line2: autoDraw = False
275.9631 	EXP 	line3: autoDraw = False
275.9631 	EXP 	line4: autoDraw = False
275.9631 	EXP 	probe: autoDraw = False
275.9631 	EXP 	fixation: autoDraw = True
276.0529 	EXP 	Device response: <KeyPress from None: t=275.9511520840024, value=c, duration=0.09620174999872688>
276.9520 	EXP 	fixation: autoDraw = False
276.9520 	EXP 	line1: autoDraw = True
276.9520 	EXP 	line2: autoDraw = True
276.9520 	EXP 	line3: autoDraw = True
276.9520 	EXP 	line4: autoDraw = True
277.9529 	INFO 	Keyboard events cleared
277.9528 	EXP 	probe: autoDraw = True
278.5323 	EXP 	Device response: <KeyPress from None: t=278.5260483339953, value=z, duration=None>
278.5332 	EXP 	New trial (rep=27, index=0): <Trial 108 (0 in rep 27) data={'pos': np.int64(-50), 'corr_resp': 'x', 'thisN': 108, 'thisTrialN': 0, 'thisRepN': 27}>
278.5385 	DATA 	Keypress: z
278.5424 	EXP 	fixation: autoDraw = False
278.5424 	EXP 	line1: autoDraw = False
278.5424 	EXP 	line2: autoDraw = False
278.5424 	EXP 	line3: autoDraw = False
278.5424 	EXP 	line4: autoDraw = False
278.5424 	EXP 	probe: autoDraw = False
278.5424 	EXP 	fixation: autoDraw = True
278.6700 	EXP 	Device response: <KeyPress from None: t=278.5260483339953, value=z, duration=0.14026408300560433>
279.5305 	EXP 	line1: autoDraw = True
279.5305 	EXP 	line2: autoDraw = True
279.5305 	EXP 	line3: autoDraw = True
279.5305 	EXP 	line4: autoDraw = True
279.5355 	EXP 	fixation: autoDraw = False
280.5305 	INFO 	Keyboard events cleared
280.5304 	EXP 	probe: autoDraw = True
280.9539 	EXP 	Device response: <KeyPress from None: t=280.95299433400214, value=x, duration=None>
280.9544 	EXP 	New trial (rep=27, index=1): <Trial 109 (1 in rep 27) data={'pos': np.int64(150), 'corr_resp': 'v', 'thisN': 109, 'thisTrialN': 1, 'thisRepN': 27}>
280.9595 	DATA 	Keypress: x
280.9637 	EXP 	fixation: autoDraw = False
280.9637 	EXP 	line1: autoDraw = False
280.9637 	EXP 	line2: autoDraw = False
280.9637 	EXP 	line3: autoDraw = False
280.9637 	EXP 	line4: autoDraw = False
280.9637 	EXP 	probe: autoDraw = False
280.9637 	EXP 	fixation: autoDraw = True
281.0867 	EXP 	Device response: <KeyPress from None: t=280.95299433400214, value=x, duration=0.1283416660007788>
281.9522 	EXP 	fixation: autoDraw = False
281.9522 	EXP 	line1: autoDraw = True
281.9522 	EXP 	line2: autoDraw = True
281.9522 	EXP 	line3: autoDraw = True
281.9522 	EXP 	line4: autoDraw = True
282.9529 	INFO 	Keyboard events cleared
282.9527 	EXP 	probe: autoDraw = True
283.3981 	EXP 	Device response: <KeyPress from None: t=283.39715937500296, value=v, duration=None>
283.4037 	EXP 	New trial (rep=27, index=2): <Trial 110 (2 in rep 27) data={'pos': np.int64(50), 'corr_resp': 'c', 'thisN': 110, 'thisTrialN': 2, 'thisRepN': 27}>
283.4085 	DATA 	Keypress: v
283.4129 	EXP 	fixation: autoDraw = False
283.4129 	EXP 	line1: autoDraw = False
283.4129 	EXP 	line2: autoDraw = False
283.4129 	EXP 	line3: autoDraw = False
283.4129 	EXP 	line4: autoDraw = False
283.4129 	EXP 	probe: autoDraw = False
283.4129 	EXP 	fixation: autoDraw = True
283.4862 	EXP 	Device response: <KeyPress from None: t=283.39715937500296, value=v, duration=0.08412566699553281>
284.4019 	EXP 	fixation: autoDraw = False
284.4019 	EXP 	line1: autoDraw = True
284.4019 	EXP 	line2: autoDraw = True
284.4019 	EXP 	line3: autoDraw = True
284.4019 	EXP 	line4: autoDraw = True
285.4028 	INFO 	Keyboard events cleared
285.4026 	EXP 	probe: autoDraw = True
285.7816 	EXP 	Device response: <KeyPress from None: t=285.77393716700317, value=c, duration=None>
285.7821 	EXP 	New trial (rep=27, index=3): <Trial 111 (3 in rep 27) data={'pos': np.int64(-150), 'corr_resp': 'z', 'thisN': 111, 'thisTrialN': 3, 'thisRepN': 27}>
285.7873 	DATA 	Keypress: c
285.7915 	EXP 	fixation: autoDraw = False
285.7915 	EXP 	line1: autoDraw = False
285.7915 	EXP 	line2: autoDraw = False
285.7915 	EXP 	line3: autoDraw = False
285.7915 	EXP 	line4: autoDraw = False
285.7915 	EXP 	probe: autoDraw = False
285.7915 	EXP 	fixation: autoDraw = True
285.9139 	EXP 	Device response: <KeyPress from None: t=285.77393716700317, value=c, duration=0.12818358300137334>
286.7804 	EXP 	line1: autoDraw = True
286.7804 	EXP 	line2: autoDraw = True
286.7804 	EXP 	line3: autoDraw = True
286.7804 	EXP 	line4: autoDraw = True
286.7858 	EXP 	fixation: autoDraw = False
287.7806 	INFO 	Keyboard events cleared
287.7805 	EXP 	probe: autoDraw = True
288.3486 	EXP 	Device response: <KeyPress from None: t=288.34590558399213, value=z, duration=None>
288.3491 	EXP 	New trial (rep=28, index=0): <Trial 112 (0 in rep 28) data={'pos': np.int64(-50), 'corr_resp': 'x', 'thisN': 112, 'thisTrialN': 0, 'thisRepN': 28}>
288.3536 	EXP 	fixation: autoDraw = False
288.3536 	EXP 	line1: autoDraw = False
288.3536 	EXP 	line2: autoDraw = False
288.3536 	EXP 	line3: autoDraw = False
288.3536 	EXP 	line4: autoDraw = False
288.3536 	EXP 	probe: autoDraw = False
288.3536 	EXP 	fixation: autoDraw = True
288.3575 	DATA 	Keypress: z
288.4691 	EXP 	Device response: <KeyPress from None: t=288.34590558399213, value=z, duration=0.1202283750026254>
289.3469 	EXP 	line1: autoDraw = True
289.3469 	EXP 	line2: autoDraw = True
289.3469 	EXP 	line3: autoDraw = True
289.3469 	EXP 	line4: autoDraw = True
289.3526 	EXP 	fixation: autoDraw = False
290.3472 	INFO 	Keyboard events cleared
290.3470 	EXP 	probe: autoDraw = True
290.8979 	EXP 	Device response: <KeyPress from None: t=290.8857417090039, value=x, duration=None>
290.8984 	EXP 	New trial (rep=28, index=1): <Trial 113 (1 in rep 28) data={'pos': np.int64(150), 'corr_resp': 'v', 'thisN': 113, 'thisTrialN': 1, 'thisRepN': 28}>
290.9033 	DATA 	Keypress: x
290.9075 	EXP 	fixation: autoDraw = False
290.9075 	EXP 	line1: autoDraw = False
290.9075 	EXP 	line2: autoDraw = False
290.9075 	EXP 	line3: autoDraw = False
290.9075 	EXP 	line4: autoDraw = False
290.9075 	EXP 	probe: autoDraw = False
290.9075 	EXP 	fixation: autoDraw = True
291.0316 	EXP 	Device response: <KeyPress from None: t=290.8857417090039, value=x, duration=0.13663549999182578>
291.8969 	EXP 	line1: autoDraw = True
291.8969 	EXP 	line2: autoDraw = True
291.8969 	EXP 	line3: autoDraw = True
291.8969 	EXP 	line4: autoDraw = True
291.9019 	EXP 	fixation: autoDraw = False
292.8970 	INFO 	Keyboard events cleared
292.8968 	EXP 	probe: autoDraw = True
293.3200 	EXP 	Device response: <KeyPress from None: t=293.3146150419925, value=v, duration=None>
293.3204 	EXP 	New trial (rep=28, index=2): <Trial 114 (2 in rep 28) data={'pos': np.int64(50), 'corr_resp': 'c', 'thisN': 114, 'thisTrialN': 2, 'thisRepN': 28}>
293.3254 	DATA 	Keypress: v
293.3295 	EXP 	fixation: autoDraw = False
293.3295 	EXP 	line1: autoDraw = False
293.3295 	EXP 	line2: autoDraw = False
293.3295 	EXP 	line3: autoDraw = False
293.3295 	EXP 	line4: autoDraw = False
293.3295 	EXP 	probe: autoDraw = False
293.3295 	EXP 	fixation: autoDraw = True
293.4314 	EXP 	Device response: <KeyPress from None: t=293.3146150419925, value=v, duration=0.10445175001223106>
294.3186 	EXP 	fixation: autoDraw = False
294.3186 	EXP 	line1: autoDraw = True
294.3186 	EXP 	line2: autoDraw = True
294.3186 	EXP 	line3: autoDraw = True
294.3186 	EXP 	line4: autoDraw = True
295.3136 	INFO 	Keyboard events cleared
295.3135 	EXP 	probe: autoDraw = True
295.6814 	EXP 	Device response: <KeyPress from None: t=295.67164462499204, value=c, duration=None>
295.6820 	EXP 	New trial (rep=28, index=3): <Trial 115 (3 in rep 28) data={'pos': np.int64(-150), 'corr_resp': 'z', 'thisN': 115, 'thisTrialN': 3, 'thisRepN': 28}>
295.6875 	DATA 	Keypress: c
295.6915 	EXP 	fixation: autoDraw = False
295.6915 	EXP 	line1: autoDraw = False
295.6915 	EXP 	line2: autoDraw = False
295.6915 	EXP 	line3: autoDraw = False
295.6915 	EXP 	line4: autoDraw = False
295.6915 	EXP 	probe: autoDraw = False
295.6915 	EXP 	fixation: autoDraw = True
295.7981 	EXP 	Device response: <KeyPress from None: t=295.67164462499204, value=c, duration=0.11633625000831671>
296.6801 	EXP 	line1: autoDraw = True
296.6801 	EXP 	line2: autoDraw = True
296.6801 	EXP 	line3: autoDraw = True
296.6801 	EXP 	line4: autoDraw = True
296.6842 	EXP 	fixation: autoDraw = False
297.6804 	INFO 	Keyboard events cleared
297.6802 	EXP 	probe: autoDraw = True
297.9863 	EXP 	Device response: <KeyPress from None: t=297.9826427090011, value=z, duration=None>
297.9868 	EXP 	New trial (rep=29, index=0): <Trial 116 (0 in rep 29) data={'pos': np.int64(-50), 'corr_resp': 'x', 'thisN': 116, 'thisTrialN': 0, 'thisRepN': 29}>
297.9917 	DATA 	Keypress: z
297.9963 	EXP 	fixation: autoDraw = False
297.9963 	EXP 	line1: autoDraw = False
297.9963 	EXP 	line2: autoDraw = False
297.9963 	EXP 	line3: autoDraw = False
297.9963 	EXP 	line4: autoDraw = False
297.9963 	EXP 	probe: autoDraw = False
297.9963 	EXP 	fixation: autoDraw = True
298.1648 	EXP 	Device response: <KeyPress from None: t=297.9826427090011, value=z, duration=0.17635999999765772>
298.9852 	EXP 	fixation: autoDraw = False
298.9852 	EXP 	line1: autoDraw = True
298.9852 	EXP 	line2: autoDraw = True
298.9852 	EXP 	line3: autoDraw = True
298.9852 	EXP 	line4: autoDraw = True
299.9857 	INFO 	Keyboard events cleared
299.9856 	EXP 	probe: autoDraw = True
300.8031 	EXP 	Device response: <KeyPress from None: t=300.7985720419965, value=x, duration=None>
300.8035 	EXP 	New trial (rep=29, index=1): <Trial 117 (1 in rep 29) data={'pos': np.int64(150), 'corr_resp': 'v', 'thisN': 117, 'thisTrialN': 1, 'thisRepN': 29}>
300.8087 	DATA 	Keypress: x
300.8130 	EXP 	fixation: autoDraw = False
300.8130 	EXP 	line1: autoDraw = False
300.8130 	EXP 	line2: autoDraw = False
300.8130 	EXP 	line3: autoDraw = False
300.8130 	EXP 	line4: autoDraw = False
300.8130 	EXP 	probe: autoDraw = False
300.8130 	EXP 	fixation: autoDraw = True
300.9479 	EXP 	Device response: <KeyPress from None: t=300.7985720419965, value=x, duration=0.14047666700207628>
301.8023 	EXP 	fixation: autoDraw = False
301.8023 	EXP 	line1: autoDraw = True
301.8023 	EXP 	line2: autoDraw = True
301.8023 	EXP 	line3: autoDraw = True
301.8023 	EXP 	line4: autoDraw = True
302.8026 	INFO 	Keyboard events cleared
302.8024 	EXP 	probe: autoDraw = True
303.2362 	EXP 	Device response: <KeyPress from None: t=303.23246379199554, value=v, duration=None>
303.2366 	EXP 	New trial (rep=29, index=2): <Trial 118 (2 in rep 29) data={'pos': np.int64(50), 'corr_resp': 'c', 'thisN': 118, 'thisTrialN': 2, 'thisRepN': 29}>
303.2416 	DATA 	Keypress: v
303.2461 	EXP 	fixation: autoDraw = False
303.2461 	EXP 	line1: autoDraw = False
303.2461 	EXP 	line2: autoDraw = False
303.2461 	EXP 	line3: autoDraw = False
303.2461 	EXP 	line4: autoDraw = False
303.2461 	EXP 	probe: autoDraw = False
303.2461 	EXP 	fixation: autoDraw = True
303.3859 	EXP 	Device response: <KeyPress from None: t=303.23246379199554, value=v, duration=0.14830587500182446>
304.2352 	EXP 	fixation: autoDraw = False
304.2352 	EXP 	line1: autoDraw = True
304.2352 	EXP 	line2: autoDraw = True
304.2352 	EXP 	line3: autoDraw = True
304.2352 	EXP 	line4: autoDraw = True
305.2359 	INFO 	Keyboard events cleared
305.2357 	EXP 	probe: autoDraw = True
305.6362 	EXP 	Device response: <KeyPress from None: t=305.63236616700306, value=x, duration=None>
305.6366 	EXP 	New trial (rep=29, index=3): <Trial 119 (3 in rep 29) data={'pos': np.int64(-150), 'corr_resp': 'z', 'thisN': 119, 'thisTrialN': 3, 'thisRepN': 29}>
305.6416 	DATA 	Keypress: x
305.6460 	EXP 	fixation: autoDraw = False
305.6460 	EXP 	line1: autoDraw = False
305.6460 	EXP 	line2: autoDraw = False
305.6460 	EXP 	line3: autoDraw = False
305.6460 	EXP 	line4: autoDraw = False
305.6460 	EXP 	probe: autoDraw = False
305.6460 	EXP 	fixation: autoDraw = True
305.6979 	EXP 	Device response: <KeyPress from None: t=305.63236616700306, value=x, duration=0.060461041997768916>
305.7478 	EXP 	Device response: <KeyPress from None: t=305.7363742089947, value=c, duration=None>
305.7515 	DATA 	Keypress: c
305.8980 	EXP 	Device response: <KeyPress from None: t=305.7363742089947, value=c, duration=0.15233195800101385>
306.6354 	EXP 	fixation: autoDraw = False
306.6354 	EXP 	line1: autoDraw = True
306.6354 	EXP 	line2: autoDraw = True
306.6354 	EXP 	line3: autoDraw = True
306.6354 	EXP 	line4: autoDraw = True
307.6361 	INFO 	Keyboard events cleared
307.6359 	EXP 	probe: autoDraw = True
308.1147 	EXP 	Device response: <KeyPress from None: t=308.10652562500036, value=z, duration=None>
308.1152 	EXP 	New trial (rep=30, index=0): <Trial 120 (0 in rep 30) data={'pos': np.int64(-50), 'corr_resp': 'x', 'thisN': 120, 'thisTrialN': 0, 'thisRepN': 30}>
308.1203 	DATA 	Keypress: z
308.1245 	EXP 	fixation: autoDraw = False
308.1245 	EXP 	line1: autoDraw = False
308.1245 	EXP 	line2: autoDraw = False
308.1245 	EXP 	line3: autoDraw = False
308.1245 	EXP 	line4: autoDraw = False
308.1245 	EXP 	probe: autoDraw = False
308.1245 	EXP 	fixation: autoDraw = True
308.2314 	EXP 	Device response: <KeyPress from None: t=308.10652562500036, value=z, duration=0.12012120899453294>
309.1133 	EXP 	line1: autoDraw = True
309.1133 	EXP 	line2: autoDraw = True
309.1133 	EXP 	line3: autoDraw = True
309.1133 	EXP 	line4: autoDraw = True
309.1176 	EXP 	fixation: autoDraw = False
310.1136 	INFO 	Keyboard events cleared
310.1134 	EXP 	probe: autoDraw = True
310.7531 	EXP 	Device response: <KeyPress from None: t=310.74722954200115, value=x, duration=None>
310.7535 	EXP 	New trial (rep=30, index=1): <Trial 121 (1 in rep 30) data={'pos': np.int64(150), 'corr_resp': 'v', 'thisN': 121, 'thisTrialN': 1, 'thisRepN': 30}>
310.7584 	DATA 	Keypress: x
310.7627 	EXP 	fixation: autoDraw = False
310.7627 	EXP 	line1: autoDraw = False
310.7627 	EXP 	line2: autoDraw = False
310.7627 	EXP 	line3: autoDraw = False
310.7627 	EXP 	line4: autoDraw = False
310.7627 	EXP 	probe: autoDraw = False
310.7627 	EXP 	fixation: autoDraw = True
310.8684 	EXP 	Device response: <KeyPress from None: t=310.74722954200115, value=x, duration=0.12029700000130106>
311.7518 	EXP 	fixation: autoDraw = False
311.7518 	EXP 	line1: autoDraw = True
311.7518 	EXP 	line2: autoDraw = True
311.7518 	EXP 	line3: autoDraw = True
311.7518 	EXP 	line4: autoDraw = True
312.7531 	INFO 	Keyboard events cleared
312.7529 	EXP 	probe: autoDraw = True
313.2313 	EXP 	Device response: <KeyPress from None: t=313.22129166699597, value=v, duration=None>
313.2320 	EXP 	New trial (rep=30, index=2): <Trial 122 (2 in rep 30) data={'pos': np.int64(50), 'corr_resp': 'c', 'thisN': 122, 'thisTrialN': 2, 'thisRepN': 30}>
313.2372 	DATA 	Keypress: v
313.2415 	EXP 	fixation: autoDraw = False
313.2415 	EXP 	line1: autoDraw = False
313.2415 	EXP 	line2: autoDraw = False
313.2415 	EXP 	line3: autoDraw = False
313.2415 	EXP 	line4: autoDraw = False
313.2415 	EXP 	probe: autoDraw = False
313.2415 	EXP 	fixation: autoDraw = True
313.3312 	EXP 	Device response: <KeyPress from None: t=313.22129166699597, value=v, duration=0.10823075000371318>
314.2299 	EXP 	line1: autoDraw = True
314.2299 	EXP 	line2: autoDraw = True
314.2299 	EXP 	line3: autoDraw = True
314.2299 	EXP 	line4: autoDraw = True
314.2346 	EXP 	fixation: autoDraw = False
315.2302 	INFO 	Keyboard events cleared
315.2301 	EXP 	probe: autoDraw = True
315.6360 	EXP 	Device response: <KeyPress from None: t=315.63324495899724, value=c, duration=None>
315.6364 	EXP 	New trial (rep=30, index=3): <Trial 123 (3 in rep 30) data={'pos': np.int64(-150), 'corr_resp': 'z', 'thisN': 123, 'thisTrialN': 3, 'thisRepN': 30}>
315.6423 	DATA 	Keypress: c
315.6466 	EXP 	fixation: autoDraw = False
315.6466 	EXP 	line1: autoDraw = False
315.6466 	EXP 	line2: autoDraw = False
315.6466 	EXP 	line3: autoDraw = False
315.6466 	EXP 	line4: autoDraw = False
315.6466 	EXP 	probe: autoDraw = False
315.6466 	EXP 	fixation: autoDraw = True
315.7478 	EXP 	Device response: <KeyPress from None: t=315.63324495899724, value=c, duration=0.11232625000411645>
316.6350 	EXP 	fixation: autoDraw = False
316.6350 	EXP 	line1: autoDraw = True
316.6350 	EXP 	line2: autoDraw = True
316.6350 	EXP 	line3: autoDraw = True
316.6350 	EXP 	line4: autoDraw = True
317.6351 	INFO 	Keyboard events cleared
317.6350 	EXP 	probe: autoDraw = True
318.1143 	EXP 	Device response: <KeyPress from None: t=318.10825833400304, value=z, duration=None>
318.1147 	EXP 	New trial (rep=31, index=0): <Trial 124 (0 in rep 31) data={'pos': np.int64(-50), 'corr_resp': 'x', 'thisN': 124, 'thisTrialN': 0, 'thisRepN': 31}>
318.1197 	DATA 	Keypress: z
318.1239 	EXP 	fixation: autoDraw = False
318.1239 	EXP 	line1: autoDraw = False
318.1239 	EXP 	line2: autoDraw = False
318.1239 	EXP 	line3: autoDraw = False
318.1239 	EXP 	line4: autoDraw = False
318.1239 	EXP 	probe: autoDraw = False
318.1239 	EXP 	fixation: autoDraw = True
318.2313 	EXP 	Device response: <KeyPress from None: t=318.10825833400304, value=z, duration=0.12019004099420272>
319.1133 	EXP 	line1: autoDraw = True
319.1133 	EXP 	line2: autoDraw = True
319.1133 	EXP 	line3: autoDraw = True
319.1133 	EXP 	line4: autoDraw = True
319.1181 	EXP 	fixation: autoDraw = False
320.1135 	INFO 	Keyboard events cleared
320.1133 	EXP 	probe: autoDraw = True
320.7312 	EXP 	Device response: <KeyPress from None: t=320.72002604199224, value=x, duration=None>
320.7318 	EXP 	New trial (rep=31, index=1): <Trial 125 (1 in rep 31) data={'pos': np.int64(150), 'corr_resp': 'v', 'thisN': 125, 'thisTrialN': 1, 'thisRepN': 31}>
320.7374 	DATA 	Keypress: x
320.7415 	EXP 	fixation: autoDraw = False
320.7415 	EXP 	line1: autoDraw = False
320.7415 	EXP 	line2: autoDraw = False
320.7415 	EXP 	line3: autoDraw = False
320.7415 	EXP 	line4: autoDraw = False
320.7415 	EXP 	probe: autoDraw = False
320.7415 	EXP 	fixation: autoDraw = True
320.8479 	EXP 	Device response: <KeyPress from None: t=320.72002604199224, value=x, duration=0.11641050000616815>
321.7301 	EXP 	line1: autoDraw = True
321.7301 	EXP 	line2: autoDraw = True
321.7301 	EXP 	line3: autoDraw = True
321.7301 	EXP 	line4: autoDraw = True
321.7351 	EXP 	fixation: autoDraw = False
322.7301 	INFO 	Keyboard events cleared
322.7300 	EXP 	probe: autoDraw = True
323.1312 	EXP 	Device response: <KeyPress from None: t=323.1280513340025, value=v, duration=None>
323.1319 	EXP 	New trial (rep=31, index=2): <Trial 126 (2 in rep 31) data={'pos': np.int64(50), 'corr_resp': 'c', 'thisN': 126, 'thisTrialN': 2, 'thisRepN': 31}>
323.1368 	EXP 	fixation: autoDraw = False
323.1368 	EXP 	line1: autoDraw = False
323.1368 	EXP 	line2: autoDraw = False
323.1368 	EXP 	line3: autoDraw = False
323.1368 	EXP 	line4: autoDraw = False
323.1368 	EXP 	probe: autoDraw = False
323.1368 	EXP 	fixation: autoDraw = True
323.1406 	DATA 	Keypress: v
323.2522 	EXP 	Device response: <KeyPress from None: t=323.1280513340025, value=v, duration=0.1203438329976052>
324.1299 	EXP 	line1: autoDraw = True
324.1299 	EXP 	line2: autoDraw = True
324.1299 	EXP 	line3: autoDraw = True
324.1299 	EXP 	line4: autoDraw = True
324.1350 	EXP 	fixation: autoDraw = False
325.1302 	INFO 	Keyboard events cleared
325.1300 	EXP 	probe: autoDraw = True
325.5479 	EXP 	Device response: <KeyPress from None: t=325.54214841699286, value=c, duration=None>
325.5485 	EXP 	New trial (rep=31, index=3): <Trial 127 (3 in rep 31) data={'pos': np.int64(-150), 'corr_resp': 'z', 'thisN': 127, 'thisTrialN': 3, 'thisRepN': 31}>
325.5540 	DATA 	Keypress: c
325.5581 	EXP 	fixation: autoDraw = False
325.5581 	EXP 	line1: autoDraw = False
325.5581 	EXP 	line2: autoDraw = False
325.5581 	EXP 	line3: autoDraw = False
325.5581 	EXP 	line4: autoDraw = False
325.5581 	EXP 	probe: autoDraw = False
325.5581 	EXP 	fixation: autoDraw = True
325.6812 	EXP 	Device response: <KeyPress from None: t=325.54214841699286, value=c, duration=0.12804579200746957>
326.5466 	EXP 	line1: autoDraw = True
326.5466 	EXP 	line2: autoDraw = True
326.5466 	EXP 	line3: autoDraw = True
326.5466 	EXP 	line4: autoDraw = True
326.5512 	EXP 	fixation: autoDraw = False
327.5468 	INFO 	Keyboard events cleared
327.5467 	EXP 	probe: autoDraw = True
328.0979 	EXP 	Device response: <KeyPress from None: t=328.0880156249914, value=z, duration=None>
328.0984 	EXP 	New trial (rep=32, index=0): <Trial 128 (0 in rep 32) data={'pos': np.int64(-50), 'corr_resp': 'x', 'thisN': 128, 'thisTrialN': 0, 'thisRepN': 32}>
328.1040 	DATA 	Keypress: z
328.1082 	EXP 	fixation: autoDraw = False
328.1082 	EXP 	line1: autoDraw = False
328.1082 	EXP 	line2: autoDraw = False
328.1082 	EXP 	line3: autoDraw = False
328.1082 	EXP 	line4: autoDraw = False
328.1082 	EXP 	probe: autoDraw = False
328.1082 	EXP 	fixation: autoDraw = True
328.2479 	EXP 	Device response: <KeyPress from None: t=328.0880156249914, value=z, duration=0.15617941701202653>
329.0966 	EXP 	line1: autoDraw = True
329.0966 	EXP 	line2: autoDraw = True
329.0966 	EXP 	line3: autoDraw = True
329.0966 	EXP 	line4: autoDraw = True
329.1016 	EXP 	fixation: autoDraw = False
330.0968 	INFO 	Keyboard events cleared
330.0967 	EXP 	probe: autoDraw = True
330.7362 	EXP 	Device response: <KeyPress from None: t=330.7338929169928, value=x, duration=None>
330.7367 	EXP 	New trial (rep=32, index=1): <Trial 129 (1 in rep 32) data={'pos': np.int64(150), 'corr_resp': 'v', 'thisN': 129, 'thisTrialN': 1, 'thisRepN': 32}>
330.7418 	DATA 	Keypress: x
330.7460 	EXP 	fixation: autoDraw = False
330.7460 	EXP 	line1: autoDraw = False
330.7460 	EXP 	line2: autoDraw = False
330.7460 	EXP 	line3: autoDraw = False
330.7460 	EXP 	line4: autoDraw = False
330.7460 	EXP 	probe: autoDraw = False
330.7460 	EXP 	fixation: autoDraw = True
330.8357 	EXP 	Device response: <KeyPress from None: t=330.7338929169928, value=x, duration=0.10032479200162925>
331.7347 	EXP 	fixation: autoDraw = False
331.7347 	EXP 	line1: autoDraw = True
331.7347 	EXP 	line2: autoDraw = True
331.7347 	EXP 	line3: autoDraw = True
331.7347 	EXP 	line4: autoDraw = True
332.7366 	INFO 	Keyboard events cleared
332.7365 	EXP 	probe: autoDraw = True
333.0811 	EXP 	Device response: <KeyPress from None: t=333.0769799589907, value=v, duration=None>
333.0817 	EXP 	New trial (rep=32, index=2): <Trial 130 (2 in rep 32) data={'pos': np.int64(50), 'corr_resp': 'c', 'thisN': 130, 'thisTrialN': 2, 'thisRepN': 32}>
333.0865 	EXP 	fixation: autoDraw = False
333.0865 	EXP 	line1: autoDraw = False
333.0865 	EXP 	line2: autoDraw = False
333.0865 	EXP 	line3: autoDraw = False
333.0865 	EXP 	line4: autoDraw = False
333.0865 	EXP 	probe: autoDraw = False
333.0865 	EXP 	fixation: autoDraw = True
333.0903 	DATA 	Keypress: v
333.2192 	EXP 	Device response: <KeyPress from None: t=333.0769799589907, value=v, duration=0.1401411250117235>
334.0801 	EXP 	line1: autoDraw = True
334.0801 	EXP 	line2: autoDraw = True
334.0801 	EXP 	line3: autoDraw = True
334.0801 	EXP 	line4: autoDraw = True
334.0846 	EXP 	fixation: autoDraw = False
335.0800 	INFO 	Keyboard events cleared
335.0799 	EXP 	probe: autoDraw = True
335.5644 	EXP 	Device response: <KeyPress from None: t=335.5547928339947, value=c, duration=None>
335.5650 	EXP 	New trial (rep=32, index=3): <Trial 131 (3 in rep 32) data={'pos': np.int64(-150), 'corr_resp': 'z', 'thisN': 131, 'thisTrialN': 3, 'thisRepN': 32}>
335.5706 	DATA 	Keypress: c
335.5747 	EXP 	fixation: autoDraw = False
335.5747 	EXP 	line1: autoDraw = False
335.5747 	EXP 	line2: autoDraw = False
335.5747 	EXP 	line3: autoDraw = False
335.5747 	EXP 	line4: autoDraw = False
335.5747 	EXP 	probe: autoDraw = False
335.5747 	EXP 	fixation: autoDraw = True
335.6645 	EXP 	Device response: <KeyPress from None: t=335.5547928339947, value=c, duration=0.10440058300446253>
336.5631 	EXP 	line1: autoDraw = True
336.5631 	EXP 	line2: autoDraw = True
336.5631 	EXP 	line3: autoDraw = True
336.5631 	EXP 	line4: autoDraw = True
336.5675 	EXP 	fixation: autoDraw = False
337.5634 	INFO 	Keyboard events cleared
337.5632 	EXP 	probe: autoDraw = True
338.0021 	EXP 	Device response: <KeyPress from None: t=337.99859354199725, value=z, duration=None>
338.0025 	EXP 	New trial (rep=33, index=0): <Trial 132 (0 in rep 33) data={'pos': np.int64(-50), 'corr_resp': 'x', 'thisN': 132, 'thisTrialN': 0, 'thisRepN': 33}>
338.0075 	DATA 	Keypress: z
338.0123 	EXP 	fixation: autoDraw = False
338.0123 	EXP 	line1: autoDraw = False
338.0123 	EXP 	line2: autoDraw = False
338.0123 	EXP 	line3: autoDraw = False
338.0123 	EXP 	line4: autoDraw = False
338.0123 	EXP 	probe: autoDraw = False
338.0123 	EXP 	fixation: autoDraw = True
338.1645 	EXP 	Device response: <KeyPress from None: t=337.99859354199725, value=z, duration=0.15644474999862723>
339.0014 	EXP 	fixation: autoDraw = False
339.0014 	EXP 	line1: autoDraw = True
339.0014 	EXP 	line2: autoDraw = True
339.0014 	EXP 	line3: autoDraw = True
339.0014 	EXP 	line4: autoDraw = True
339.9966 	INFO 	Keyboard events cleared
339.9965 	EXP 	probe: autoDraw = True
340.4477 	EXP 	Device response: <KeyPress from None: t=340.4465357089939, value=x, duration=None>
340.4483 	EXP 	New trial (rep=33, index=1): <Trial 133 (1 in rep 33) data={'pos': np.int64(150), 'corr_resp': 'v', 'thisN': 133, 'thisTrialN': 1, 'thisRepN': 33}>
340.4531 	EXP 	fixation: autoDraw = False
340.4531 	EXP 	line1: autoDraw = False
340.4531 	EXP 	line2: autoDraw = False
340.4531 	EXP 	line3: autoDraw = False
340.4531 	EXP 	line4: autoDraw = False
340.4531 	EXP 	probe: autoDraw = False
340.4531 	EXP 	fixation: autoDraw = True
340.4569 	DATA 	Keypress: x
340.5520 	EXP 	Device response: <KeyPress from None: t=340.4465357089939, value=x, duration=0.10446095799852628>
341.4465 	EXP 	line1: autoDraw = True
341.4465 	EXP 	line2: autoDraw = True
341.4465 	EXP 	line3: autoDraw = True
341.4465 	EXP 	line4: autoDraw = True
341.4514 	EXP 	fixation: autoDraw = False
342.4467 	INFO 	Keyboard events cleared
342.4466 	EXP 	probe: autoDraw = True
342.8190 	EXP 	Device response: <KeyPress from None: t=342.81363274999603, value=v, duration=None>
342.8194 	EXP 	New trial (rep=33, index=2): <Trial 134 (2 in rep 33) data={'pos': np.int64(50), 'corr_resp': 'c', 'thisN': 134, 'thisTrialN': 2, 'thisRepN': 33}>
342.8243 	DATA 	Keypress: v
342.8288 	EXP 	fixation: autoDraw = False
342.8288 	EXP 	line1: autoDraw = False
342.8288 	EXP 	line2: autoDraw = False
342.8288 	EXP 	line3: autoDraw = False
342.8288 	EXP 	line4: autoDraw = False
342.8288 	EXP 	probe: autoDraw = False
342.8288 	EXP 	fixation: autoDraw = True
342.9348 	EXP 	Device response: <KeyPress from None: t=342.81363274999603, value=v, duration=0.11616712500108406>
343.8182 	EXP 	fixation: autoDraw = False
343.8182 	EXP 	line1: autoDraw = True
343.8182 	EXP 	line2: autoDraw = True
343.8182 	EXP 	line3: autoDraw = True
343.8182 	EXP 	line4: autoDraw = True
344.8198 	INFO 	Keyboard events cleared
344.8196 	EXP 	probe: autoDraw = True
345.2641 	EXP 	Device response: <KeyPress from None: t=345.2565897089953, value=c, duration=None>
345.2646 	EXP 	New trial (rep=33, index=3): <Trial 135 (3 in rep 33) data={'pos': np.int64(-150), 'corr_resp': 'z', 'thisN': 135, 'thisTrialN': 3, 'thisRepN': 33}>
345.2696 	DATA 	Keypress: c
345.2738 	EXP 	fixation: autoDraw = False
345.2738 	EXP 	line1: autoDraw = False
345.2738 	EXP 	line2: autoDraw = False
345.2738 	EXP 	line3: autoDraw = False
345.2738 	EXP 	line4: autoDraw = False
345.2738 	EXP 	probe: autoDraw = False
345.2738 	EXP 	fixation: autoDraw = True
345.3687 	EXP 	Device response: <KeyPress from None: t=345.2565897089953, value=c, duration=0.10830195799644571>
346.2631 	EXP 	line1: autoDraw = True
346.2631 	EXP 	line2: autoDraw = True
346.2631 	EXP 	line3: autoDraw = True
346.2631 	EXP 	line4: autoDraw = True
346.2680 	EXP 	fixation: autoDraw = False
347.2632 	INFO 	Keyboard events cleared
347.2631 	EXP 	probe: autoDraw = True
347.7311 	EXP 	Device response: <KeyPress from None: t=347.72035958399647, value=z, duration=None>
347.7317 	EXP 	New trial (rep=34, index=0): <Trial 136 (0 in rep 34) data={'pos': np.int64(-50), 'corr_resp': 'x', 'thisN': 136, 'thisTrialN': 0, 'thisRepN': 34}>
347.7376 	DATA 	Keypress: z
347.7416 	EXP 	fixation: autoDraw = False
347.7416 	EXP 	line1: autoDraw = False
347.7416 	EXP 	line2: autoDraw = False
347.7416 	EXP 	line3: autoDraw = False
347.7416 	EXP 	line4: autoDraw = False
347.7416 	EXP 	probe: autoDraw = False
347.7416 	EXP 	fixation: autoDraw = True
347.8642 	EXP 	Device response: <KeyPress from None: t=347.72035958399647, value=z, duration=0.13244650000706315>
348.7299 	EXP 	line1: autoDraw = True
348.7299 	EXP 	line2: autoDraw = True
348.7299 	EXP 	line3: autoDraw = True
348.7299 	EXP 	line4: autoDraw = True
348.7349 	EXP 	fixation: autoDraw = False
349.7299 	INFO 	Keyboard events cleared
349.7297 	EXP 	probe: autoDraw = True
350.2311 	EXP 	Device response: <KeyPress from None: t=350.2255678340007, value=x, duration=None>
350.2317 	EXP 	New trial (rep=34, index=1): <Trial 137 (1 in rep 34) data={'pos': np.int64(150), 'corr_resp': 'v', 'thisN': 137, 'thisTrialN': 1, 'thisRepN': 34}>
350.2371 	DATA 	Keypress: x
350.2411 	EXP 	fixation: autoDraw = False
350.2411 	EXP 	line1: autoDraw = False
350.2411 	EXP 	line2: autoDraw = False
350.2411 	EXP 	line3: autoDraw = False
350.2411 	EXP 	line4: autoDraw = False
350.2411 	EXP 	probe: autoDraw = False
350.2411 	EXP 	fixation: autoDraw = True
350.3309 	EXP 	Device response: <KeyPress from None: t=350.2255678340007, value=x, duration=0.10408970799471717>
351.2297 	EXP 	line1: autoDraw = True
351.2297 	EXP 	line2: autoDraw = True
351.2297 	EXP 	line3: autoDraw = True
351.2297 	EXP 	line4: autoDraw = True
351.2341 	EXP 	fixation: autoDraw = False
352.2298 	INFO 	Keyboard events cleared
352.2296 	EXP 	probe: autoDraw = True
352.5976 	EXP 	Device response: <KeyPress from None: t=352.5904453749972, value=v, duration=None>
352.5982 	EXP 	New trial (rep=34, index=2): <Trial 138 (2 in rep 34) data={'pos': np.int64(50), 'corr_resp': 'c', 'thisN': 138, 'thisTrialN': 2, 'thisRepN': 34}>
352.6035 	DATA 	Keypress: v
352.6077 	EXP 	fixation: autoDraw = False
352.6077 	EXP 	line1: autoDraw = False
352.6077 	EXP 	line2: autoDraw = False
352.6077 	EXP 	line3: autoDraw = False
352.6077 	EXP 	line4: autoDraw = False
352.6077 	EXP 	probe: autoDraw = False
352.6077 	EXP 	fixation: autoDraw = True
352.7307 	EXP 	Device response: <KeyPress from None: t=352.5904453749972, value=v, duration=0.1362538340035826>
353.5963 	EXP 	line1: autoDraw = True
353.5963 	EXP 	line2: autoDraw = True
353.5963 	EXP 	line3: autoDraw = True
353.5963 	EXP 	line4: autoDraw = True
353.6012 	EXP 	fixation: autoDraw = False
354.5965 	INFO 	Keyboard events cleared
354.5964 	EXP 	probe: autoDraw = True
354.9473 	EXP 	Device response: <KeyPress from None: t=354.9362794589979, value=c, duration=None>
354.9480 	EXP 	New trial (rep=34, index=3): <Trial 139 (3 in rep 34) data={'pos': np.int64(-150), 'corr_resp': 'z', 'thisN': 139, 'thisTrialN': 3, 'thisRepN': 34}>
354.9535 	DATA 	Keypress: c
354.9576 	EXP 	fixation: autoDraw = False
354.9576 	EXP 	line1: autoDraw = False
354.9576 	EXP 	line2: autoDraw = False
354.9576 	EXP 	line3: autoDraw = False
354.9576 	EXP 	line4: autoDraw = False
354.9576 	EXP 	probe: autoDraw = False
354.9576 	EXP 	fixation: autoDraw = True
355.0641 	EXP 	Device response: <KeyPress from None: t=354.9362794589979, value=c, duration=0.12052954100363422>
355.9463 	EXP 	line1: autoDraw = True
355.9463 	EXP 	line2: autoDraw = True
355.9463 	EXP 	line3: autoDraw = True
355.9463 	EXP 	line4: autoDraw = True
355.9511 	EXP 	fixation: autoDraw = False
356.9465 	INFO 	Keyboard events cleared
356.9464 	EXP 	probe: autoDraw = True
357.3479 	EXP 	Device response: <KeyPress from None: t=357.3414433339931, value=z, duration=None>
357.3486 	EXP 	New trial (rep=35, index=0): <Trial 140 (0 in rep 35) data={'pos': np.int64(-50), 'corr_resp': 'x', 'thisN': 140, 'thisTrialN': 0, 'thisRepN': 35}>
357.3539 	DATA 	Keypress: z
357.3579 	EXP 	fixation: autoDraw = False
357.3579 	EXP 	line1: autoDraw = False
357.3579 	EXP 	line2: autoDraw = False
357.3579 	EXP 	line3: autoDraw = False
357.3579 	EXP 	line4: autoDraw = False
357.3579 	EXP 	probe: autoDraw = False
357.3579 	EXP 	fixation: autoDraw = True
357.4975 	EXP 	Device response: <KeyPress from None: t=357.3414433339931, value=z, duration=0.15228208299959078>
358.3463 	EXP 	line1: autoDraw = True
358.3463 	EXP 	line2: autoDraw = True
358.3463 	EXP 	line3: autoDraw = True
358.3463 	EXP 	line4: autoDraw = True
358.3510 	EXP 	fixation: autoDraw = False
359.3467 	INFO 	Keyboard events cleared
359.3465 	EXP 	probe: autoDraw = True
359.7474 	EXP 	Device response: <KeyPress from None: t=359.7382837089972, value=x, duration=None>
359.7478 	EXP 	New trial (rep=35, index=1): <Trial 141 (1 in rep 35) data={'pos': np.int64(150), 'corr_resp': 'v', 'thisN': 141, 'thisTrialN': 1, 'thisRepN': 35}>
359.7527 	DATA 	Keypress: x
359.7570 	EXP 	fixation: autoDraw = False
359.7570 	EXP 	line1: autoDraw = False
359.7570 	EXP 	line2: autoDraw = False
359.7570 	EXP 	line3: autoDraw = False
359.7570 	EXP 	line4: autoDraw = False
359.7570 	EXP 	probe: autoDraw = False
359.7570 	EXP 	fixation: autoDraw = True
359.8808 	EXP 	Device response: <KeyPress from None: t=359.7382837089972, value=x, duration=0.1321590000006836>
360.7463 	EXP 	line1: autoDraw = True
360.7463 	EXP 	line2: autoDraw = True
360.7463 	EXP 	line3: autoDraw = True
360.7463 	EXP 	line4: autoDraw = True
360.7511 	EXP 	fixation: autoDraw = False
361.7464 	INFO 	Keyboard events cleared
361.7463 	EXP 	probe: autoDraw = True
362.2036 	EXP 	Device response: <KeyPress from None: t=362.1972413339972, value=v, duration=None>
362.2040 	EXP 	New trial (rep=35, index=2): <Trial 142 (2 in rep 35) data={'pos': np.int64(50), 'corr_resp': 'c', 'thisN': 142, 'thisTrialN': 2, 'thisRepN': 35}>
362.2091 	DATA 	Keypress: v
362.2298 	WARNING 	t of last frame was 27.11ms (=1/36)
362.2298 	EXP 	fixation: autoDraw = False
362.2298 	EXP 	line1: autoDraw = False
362.2298 	EXP 	line2: autoDraw = False
362.2298 	EXP 	line3: autoDraw = False
362.2298 	EXP 	line4: autoDraw = False
362.2298 	EXP 	probe: autoDraw = False
362.2298 	EXP 	fixation: autoDraw = True
362.3184 	EXP 	Device response: <KeyPress from None: t=362.1972413339972, value=v, duration=0.12021929099864792>
363.2018 	EXP 	line1: autoDraw = True
363.2018 	EXP 	line2: autoDraw = True
363.2018 	EXP 	line3: autoDraw = True
363.2018 	EXP 	line4: autoDraw = True
363.2178 	EXP 	fixation: autoDraw = False
364.2020 	INFO 	Keyboard events cleared
364.2018 	EXP 	probe: autoDraw = True
364.5857 	EXP 	Device response: <KeyPress from None: t=364.581099374991, value=c, duration=None>
364.5861 	EXP 	New trial (rep=35, index=3): <Trial 143 (3 in rep 35) data={'pos': np.int64(-150), 'corr_resp': 'z', 'thisN': 143, 'thisTrialN': 3, 'thisRepN': 35}>
364.5911 	DATA 	Keypress: c
364.5955 	EXP 	fixation: autoDraw = False
364.5955 	EXP 	line1: autoDraw = False
364.5955 	EXP 	line2: autoDraw = False
364.5955 	EXP 	line3: autoDraw = False
364.5955 	EXP 	line4: autoDraw = False
364.5955 	EXP 	probe: autoDraw = False
364.5955 	EXP 	fixation: autoDraw = True
364.7143 	EXP 	Device response: <KeyPress from None: t=364.581099374991, value=c, duration=0.12442404200555757>
365.5850 	EXP 	fixation: autoDraw = False
365.5850 	EXP 	line1: autoDraw = True
365.5850 	EXP 	line2: autoDraw = True
365.5850 	EXP 	line3: autoDraw = True
365.5850 	EXP 	line4: autoDraw = True
366.5855 	INFO 	Keyboard events cleared
366.5853 	EXP 	probe: autoDraw = True
367.0144 	EXP 	Device response: <KeyPress from None: t=367.00192866699945, value=z, duration=None>
367.0153 	EXP 	New trial (rep=36, index=0): <Trial 144 (0 in rep 36) data={'pos': np.int64(-50), 'corr_resp': 'x', 'thisN': 144, 'thisTrialN': 0, 'thisRepN': 36}>
367.0205 	DATA 	Keypress: z
367.0247 	EXP 	fixation: autoDraw = False
367.0247 	EXP 	line1: autoDraw = False
367.0247 	EXP 	line2: autoDraw = False
367.0247 	EXP 	line3: autoDraw = False
367.0247 	EXP 	line4: autoDraw = False
367.0247 	EXP 	probe: autoDraw = False
367.0247 	EXP 	fixation: autoDraw = True
367.1475 	EXP 	Device response: <KeyPress from None: t=367.00192866699945, value=z, duration=0.1443830420030281>
368.0126 	EXP 	line1: autoDraw = True
368.0126 	EXP 	line2: autoDraw = True
368.0126 	EXP 	line3: autoDraw = True
368.0126 	EXP 	line4: autoDraw = True
368.0167 	EXP 	fixation: autoDraw = False
369.0132 	INFO 	Keyboard events cleared
369.0130 	EXP 	probe: autoDraw = True
369.4185 	EXP 	Device response: <KeyPress from None: t=369.4149152500031, value=x, duration=None>
369.4189 	EXP 	New trial (rep=36, index=1): <Trial 145 (1 in rep 36) data={'pos': np.int64(150), 'corr_resp': 'v', 'thisN': 145, 'thisTrialN': 1, 'thisRepN': 36}>
369.4249 	DATA 	Keypress: x
369.4294 	EXP 	fixation: autoDraw = False
369.4294 	EXP 	line1: autoDraw = False
369.4294 	EXP 	line2: autoDraw = False
369.4294 	EXP 	line3: autoDraw = False
369.4294 	EXP 	line4: autoDraw = False
369.4294 	EXP 	probe: autoDraw = False
369.4294 	EXP 	fixation: autoDraw = True
369.5473 	EXP 	Device response: <KeyPress from None: t=369.4149152500031, value=x, duration=0.12027562499861233>
370.4175 	EXP 	fixation: autoDraw = False
370.4175 	EXP 	line1: autoDraw = True
370.4175 	EXP 	line2: autoDraw = True
370.4175 	EXP 	line3: autoDraw = True
370.4175 	EXP 	line4: autoDraw = True
371.4130 	INFO 	Keyboard events cleared
371.4128 	EXP 	probe: autoDraw = True
371.7806 	EXP 	Device response: <KeyPress from None: t=371.7709847090009, value=v, duration=None>
371.7811 	EXP 	New trial (rep=36, index=2): <Trial 146 (2 in rep 36) data={'pos': np.int64(50), 'corr_resp': 'c', 'thisN': 146, 'thisTrialN': 2, 'thisRepN': 36}>
371.7866 	DATA 	Keypress: v
371.7909 	EXP 	fixation: autoDraw = False
371.7909 	EXP 	line1: autoDraw = False
371.7909 	EXP 	line2: autoDraw = False
371.7909 	EXP 	line3: autoDraw = False
371.7909 	EXP 	line4: autoDraw = False
371.7909 	EXP 	probe: autoDraw = False
371.7909 	EXP 	fixation: autoDraw = True
371.9356 	EXP 	Device response: <KeyPress from None: t=371.7709847090009, value=v, duration=0.16028583300067112>
372.7795 	EXP 	line1: autoDraw = True
372.7795 	EXP 	line2: autoDraw = True
372.7795 	EXP 	line3: autoDraw = True
372.7795 	EXP 	line4: autoDraw = True
372.7845 	EXP 	fixation: autoDraw = False
373.7798 	INFO 	Keyboard events cleared
373.7796 	EXP 	probe: autoDraw = True
374.2973 	EXP 	Device response: <KeyPress from None: t=374.29591637499107, value=c, duration=None>
374.2978 	EXP 	New trial (rep=36, index=3): <Trial 147 (3 in rep 36) data={'pos': np.int64(-150), 'corr_resp': 'z', 'thisN': 147, 'thisTrialN': 3, 'thisRepN': 36}>
374.3026 	EXP 	fixation: autoDraw = False
374.3026 	EXP 	line1: autoDraw = False
374.3026 	EXP 	line2: autoDraw = False
374.3026 	EXP 	line3: autoDraw = False
374.3026 	EXP 	line4: autoDraw = False
374.3026 	EXP 	probe: autoDraw = False
374.3026 	EXP 	fixation: autoDraw = True
374.3069 	DATA 	Keypress: c
374.4188 	EXP 	Device response: <KeyPress from None: t=374.29591637499107, value=c, duration=0.12026070900901686>
375.2960 	EXP 	line1: autoDraw = True
375.2960 	EXP 	line2: autoDraw = True
375.2960 	EXP 	line3: autoDraw = True
375.2960 	EXP 	line4: autoDraw = True
375.3007 	EXP 	fixation: autoDraw = False
376.2963 	INFO 	Keyboard events cleared
376.2962 	EXP 	probe: autoDraw = True
376.6143 	EXP 	Device response: <KeyPress from None: t=376.6018086249969, value=z, duration=None>
376.6150 	EXP 	New trial (rep=37, index=0): <Trial 148 (0 in rep 37) data={'pos': np.int64(-50), 'corr_resp': 'x', 'thisN': 148, 'thisTrialN': 0, 'thisRepN': 37}>
376.6209 	DATA 	Keypress: z
376.6251 	EXP 	fixation: autoDraw = False
376.6251 	EXP 	line1: autoDraw = False
376.6251 	EXP 	line2: autoDraw = False
376.6251 	EXP 	line3: autoDraw = False
376.6251 	EXP 	line4: autoDraw = False
376.6251 	EXP 	probe: autoDraw = False
376.6251 	EXP 	fixation: autoDraw = True
376.7641 	EXP 	Device response: <KeyPress from None: t=376.6018086249969, value=z, duration=0.15239641700463835>
377.6130 	EXP 	line1: autoDraw = True
377.6130 	EXP 	line2: autoDraw = True
377.6130 	EXP 	line3: autoDraw = True
377.6130 	EXP 	line4: autoDraw = True
377.6181 	EXP 	fixation: autoDraw = False
378.6130 	INFO 	Keyboard events cleared
378.6128 	EXP 	probe: autoDraw = True
379.0515 	EXP 	Device response: <KeyPress from None: t=379.0488505419926, value=x, duration=None>
379.0519 	EXP 	New trial (rep=37, index=1): <Trial 149 (1 in rep 37) data={'pos': np.int64(150), 'corr_resp': 'v', 'thisN': 149, 'thisTrialN': 1, 'thisRepN': 37}>
379.0575 	DATA 	Keypress: x
379.0620 	EXP 	fixation: autoDraw = False
379.0620 	EXP 	line1: autoDraw = False
379.0620 	EXP 	line2: autoDraw = False
379.0620 	EXP 	line3: autoDraw = False
379.0620 	EXP 	line4: autoDraw = False
379.0620 	EXP 	probe: autoDraw = False
379.0620 	EXP 	fixation: autoDraw = True
379.2023 	EXP 	Device response: <KeyPress from None: t=379.0488505419926, value=x, duration=0.14821158300037496>
380.0460 	EXP 	line1: autoDraw = True
380.0460 	EXP 	line2: autoDraw = True
380.0460 	EXP 	line3: autoDraw = True
380.0460 	EXP 	line4: autoDraw = True
380.0507 	EXP 	fixation: autoDraw = False
381.0464 	INFO 	Keyboard events cleared
381.0461 	EXP 	probe: autoDraw = True
381.4024 	EXP 	Device response: <KeyPress from None: t=381.3987269999925, value=v, duration=None>
381.4028 	EXP 	New trial (rep=37, index=2): <Trial 150 (2 in rep 37) data={'pos': np.int64(50), 'corr_resp': 'c', 'thisN': 150, 'thisTrialN': 2, 'thisRepN': 37}>
381.4084 	DATA 	Keypress: v
381.4127 	EXP 	fixation: autoDraw = False
381.4127 	EXP 	line1: autoDraw = False
381.4127 	EXP 	line2: autoDraw = False
381.4127 	EXP 	line3: autoDraw = False
381.4127 	EXP 	line4: autoDraw = False
381.4127 	EXP 	probe: autoDraw = False
381.4127 	EXP 	fixation: autoDraw = True
381.4970 	EXP 	Device response: <KeyPress from None: t=381.3987269999925, value=v, duration=0.0923056669998914>
382.4013 	EXP 	fixation: autoDraw = False
382.4013 	EXP 	line1: autoDraw = True
382.4013 	EXP 	line2: autoDraw = True
382.4013 	EXP 	line3: autoDraw = True
382.4013 	EXP 	line4: autoDraw = True
383.4019 	INFO 	Keyboard events cleared
383.4017 	EXP 	probe: autoDraw = True
383.9139 	EXP 	Device response: <KeyPress from None: t=383.9078160420031, value=c, duration=None>
383.9145 	EXP 	New trial (rep=37, index=3): <Trial 151 (3 in rep 37) data={'pos': np.int64(-150), 'corr_resp': 'z', 'thisN': 151, 'thisTrialN': 3, 'thisRepN': 37}>
383.9203 	DATA 	Keypress: c
383.9246 	EXP 	fixation: autoDraw = False
383.9246 	EXP 	line1: autoDraw = False
383.9246 	EXP 	line2: autoDraw = False
383.9246 	EXP 	line3: autoDraw = False
383.9246 	EXP 	line4: autoDraw = False
383.9246 	EXP 	probe: autoDraw = False
383.9246 	EXP 	fixation: autoDraw = True
384.0473 	EXP 	Device response: <KeyPress from None: t=383.9078160420031, value=c, duration=0.13223770799231716>
384.9128 	EXP 	line1: autoDraw = True
384.9128 	EXP 	line2: autoDraw = True
384.9128 	EXP 	line3: autoDraw = True
384.9128 	EXP 	line4: autoDraw = True
384.9176 	EXP 	fixation: autoDraw = False
385.9131 	INFO 	Keyboard events cleared
385.9129 	EXP 	probe: autoDraw = True
386.3845 	EXP 	Device response: <KeyPress from None: t=386.38268412499747, value=z, duration=None>
386.3849 	EXP 	New trial (rep=38, index=0): <Trial 152 (0 in rep 38) data={'pos': np.int64(-50), 'corr_resp': 'x', 'thisN': 152, 'thisTrialN': 0, 'thisRepN': 38}>
386.3911 	DATA 	Keypress: z
386.3954 	EXP 	fixation: autoDraw = False
386.3954 	EXP 	line1: autoDraw = False
386.3954 	EXP 	line2: autoDraw = False
386.3954 	EXP 	line3: autoDraw = False
386.3954 	EXP 	line4: autoDraw = False
386.3954 	EXP 	probe: autoDraw = False
386.3954 	EXP 	fixation: autoDraw = True
386.5475 	EXP 	Device response: <KeyPress from None: t=386.38268412499747, value=z, duration=0.15224049999960698>
387.3795 	EXP 	line1: autoDraw = True
387.3795 	EXP 	line2: autoDraw = True
387.3795 	EXP 	line3: autoDraw = True
387.3795 	EXP 	line4: autoDraw = True
387.3843 	EXP 	fixation: autoDraw = False
388.3796 	INFO 	Keyboard events cleared
388.3794 	EXP 	probe: autoDraw = True
389.2476 	EXP 	Device response: <KeyPress from None: t=389.24267325000255, value=x, duration=None>
389.2484 	EXP 	New trial (rep=38, index=1): <Trial 153 (1 in rep 38) data={'pos': np.int64(150), 'corr_resp': 'v', 'thisN': 153, 'thisTrialN': 1, 'thisRepN': 38}>
389.2539 	EXP 	fixation: autoDraw = False
389.2539 	EXP 	line1: autoDraw = False
389.2539 	EXP 	line2: autoDraw = False
389.2539 	EXP 	line3: autoDraw = False
389.2539 	EXP 	line4: autoDraw = False
389.2539 	EXP 	probe: autoDraw = False
389.2539 	EXP 	fixation: autoDraw = True
389.2581 	DATA 	Keypress: x
389.3973 	EXP 	Device response: <KeyPress from None: t=389.24267325000255, value=x, duration=0.14822520899178926>
390.2460 	EXP 	line1: autoDraw = True
390.2460 	EXP 	line2: autoDraw = True
390.2460 	EXP 	line3: autoDraw = True
390.2460 	EXP 	line4: autoDraw = True
390.2510 	EXP 	fixation: autoDraw = False
391.2462 	INFO 	Keyboard events cleared
391.2461 	EXP 	probe: autoDraw = True
391.6473 	EXP 	Device response: <KeyPress from None: t=391.6354790839978, value=v, duration=None>
391.6479 	EXP 	New trial (rep=38, index=2): <Trial 154 (2 in rep 38) data={'pos': np.int64(50), 'corr_resp': 'c', 'thisN': 154, 'thisTrialN': 2, 'thisRepN': 38}>
391.6538 	DATA 	Keypress: v
391.6578 	EXP 	fixation: autoDraw = False
391.6578 	EXP 	line1: autoDraw = False
391.6578 	EXP 	line2: autoDraw = False
391.6578 	EXP 	line3: autoDraw = False
391.6578 	EXP 	line4: autoDraw = False
391.6578 	EXP 	probe: autoDraw = False
391.6578 	EXP 	fixation: autoDraw = True
391.7640 	EXP 	Device response: <KeyPress from None: t=391.6354790839978, value=v, duration=0.11639174999436364>
392.6460 	EXP 	line1: autoDraw = True
392.6460 	EXP 	line2: autoDraw = True
392.6460 	EXP 	line3: autoDraw = True
392.6460 	EXP 	line4: autoDraw = True
392.6503 	EXP 	fixation: autoDraw = False
393.6463 	INFO 	Keyboard events cleared
393.6461 	EXP 	probe: autoDraw = True
394.0141 	EXP 	Device response: <KeyPress from None: t=394.0013407499937, value=c, duration=None>
394.0147 	EXP 	New trial (rep=38, index=3): <Trial 155 (3 in rep 38) data={'pos': np.int64(-150), 'corr_resp': 'z', 'thisN': 155, 'thisTrialN': 3, 'thisRepN': 38}>
394.0204 	DATA 	Keypress: c
394.0246 	EXP 	fixation: autoDraw = False
394.0246 	EXP 	line1: autoDraw = False
394.0246 	EXP 	line2: autoDraw = False
394.0246 	EXP 	line3: autoDraw = False
394.0246 	EXP 	line4: autoDraw = False
394.0246 	EXP 	probe: autoDraw = False
394.0246 	EXP 	fixation: autoDraw = True
394.1472 	EXP 	Device response: <KeyPress from None: t=394.0013407499937, value=c, duration=0.13648850000754464>
395.0126 	EXP 	line1: autoDraw = True
395.0126 	EXP 	line2: autoDraw = True
395.0126 	EXP 	line3: autoDraw = True
395.0126 	EXP 	line4: autoDraw = True
395.0170 	EXP 	fixation: autoDraw = False
396.0128 	INFO 	Keyboard events cleared
396.0126 	EXP 	probe: autoDraw = True
396.4974 	EXP 	Device response: <KeyPress from None: t=396.4934951670002, value=z, duration=None>
396.4981 	EXP 	New trial (rep=39, index=0): <Trial 156 (0 in rep 39) data={'pos': np.int64(-50), 'corr_resp': 'x', 'thisN': 156, 'thisTrialN': 0, 'thisRepN': 39}>
396.5032 	EXP 	fixation: autoDraw = False
396.5032 	EXP 	line1: autoDraw = False
396.5032 	EXP 	line2: autoDraw = False
396.5032 	EXP 	line3: autoDraw = False
396.5032 	EXP 	line4: autoDraw = False
396.5032 	EXP 	probe: autoDraw = False
396.5032 	EXP 	fixation: autoDraw = True
396.5073 	DATA 	Keypress: z
396.6472 	EXP 	Device response: <KeyPress from None: t=396.4934951670002, value=z, duration=0.15224049999960698>
397.4959 	EXP 	line1: autoDraw = True
397.4959 	EXP 	line2: autoDraw = True
397.4959 	EXP 	line3: autoDraw = True
397.4959 	EXP 	line4: autoDraw = True
397.5008 	EXP 	fixation: autoDraw = False
398.4961 	INFO 	Keyboard events cleared
398.4960 	EXP 	probe: autoDraw = True
399.2140 	EXP 	Device response: <KeyPress from None: t=399.2073795420001, value=x, duration=None>
399.2146 	EXP 	New trial (rep=39, index=1): <Trial 157 (1 in rep 39) data={'pos': np.int64(150), 'corr_resp': 'v', 'thisN': 157, 'thisTrialN': 1, 'thisRepN': 39}>
399.2208 	DATA 	Keypress: x
399.2249 	EXP 	fixation: autoDraw = False
399.2249 	EXP 	line1: autoDraw = False
399.2249 	EXP 	line2: autoDraw = False
399.2249 	EXP 	line3: autoDraw = False
399.2249 	EXP 	line4: autoDraw = False
399.2249 	EXP 	probe: autoDraw = False
399.2249 	EXP 	fixation: autoDraw = True
399.3303 	EXP 	Device response: <KeyPress from None: t=399.2073795420001, value=x, duration=0.11635333299636841>
400.2125 	EXP 	line1: autoDraw = True
400.2125 	EXP 	line2: autoDraw = True
400.2125 	EXP 	line3: autoDraw = True
400.2125 	EXP 	line4: autoDraw = True
400.2169 	EXP 	fixation: autoDraw = False
401.2127 	INFO 	Keyboard events cleared
401.2125 	EXP 	probe: autoDraw = True
401.5806 	EXP 	Device response: <KeyPress from None: t=401.5733921670035, value=v, duration=None>
401.5812 	EXP 	New trial (rep=39, index=2): <Trial 158 (2 in rep 39) data={'pos': np.int64(50), 'corr_resp': 'c', 'thisN': 158, 'thisTrialN': 2, 'thisRepN': 39}>
401.5868 	DATA 	Keypress: v
401.5910 	EXP 	fixation: autoDraw = False
401.5910 	EXP 	line1: autoDraw = False
401.5910 	EXP 	line2: autoDraw = False
401.5910 	EXP 	line3: autoDraw = False
401.5910 	EXP 	line4: autoDraw = False
401.5910 	EXP 	probe: autoDraw = False
401.5910 	EXP 	fixation: autoDraw = True
401.6973 	EXP 	Device response: <KeyPress from None: t=401.5733921670035, value=v, duration=0.12022658299247269>
402.5793 	EXP 	line1: autoDraw = True
402.5793 	EXP 	line2: autoDraw = True
402.5793 	EXP 	line3: autoDraw = True
402.5793 	EXP 	line4: autoDraw = True
402.5836 	EXP 	fixation: autoDraw = False
403.5796 	INFO 	Keyboard events cleared
403.5794 	EXP 	probe: autoDraw = True
404.1638 	EXP 	Device response: <KeyPress from None: t=404.1573572920024, value=c, duration=None>
404.1645 	EXP 	New trial (rep=39, index=3): <Trial 159 (3 in rep 39) data={'pos': np.int64(-150), 'corr_resp': 'z', 'thisN': 159, 'thisTrialN': 3, 'thisRepN': 39}>
404.1700 	DATA 	Keypress: c
404.1741 	EXP 	fixation: autoDraw = False
404.1741 	EXP 	line1: autoDraw = False
404.1741 	EXP 	line2: autoDraw = False
404.1741 	EXP 	line3: autoDraw = False
404.1741 	EXP 	line4: autoDraw = False
404.1741 	EXP 	probe: autoDraw = False
404.1741 	EXP 	fixation: autoDraw = True
404.3013 	EXP 	Device response: <KeyPress from None: t=404.1573572920024, value=c, duration=0.14016583299962804>
405.1625 	EXP 	line1: autoDraw = True
405.1625 	EXP 	line2: autoDraw = True
405.1625 	EXP 	line3: autoDraw = True
405.1625 	EXP 	line4: autoDraw = True
405.1672 	EXP 	fixation: autoDraw = False
406.1627 	INFO 	Keyboard events cleared
406.1626 	EXP 	probe: autoDraw = True
406.5691 	EXP 	Device response: <KeyPress from None: t=406.5670918340038, value=z, duration=None>
406.5695 	EXP 	New trial (rep=40, index=0): <Trial 160 (0 in rep 40) data={'pos': np.int64(-50), 'corr_resp': 'x', 'thisN': 160, 'thisTrialN': 0, 'thisRepN': 40}>
406.5749 	DATA 	Keypress: z
406.5790 	EXP 	fixation: autoDraw = False
406.5790 	EXP 	line1: autoDraw = False
406.5790 	EXP 	line2: autoDraw = False
406.5790 	EXP 	line3: autoDraw = False
406.5790 	EXP 	line4: autoDraw = False
406.5790 	EXP 	probe: autoDraw = False
406.5790 	EXP 	fixation: autoDraw = True
406.6973 	EXP 	Device response: <KeyPress from None: t=406.5670918340038, value=z, duration=0.1202642079879297>
407.5669 	EXP 	fixation: autoDraw = False
407.5669 	EXP 	line1: autoDraw = True
407.5669 	EXP 	line2: autoDraw = True
407.5669 	EXP 	line3: autoDraw = True
407.5669 	EXP 	line4: autoDraw = True
408.5682 	INFO 	Keyboard events cleared
408.5681 	EXP 	probe: autoDraw = True
409.1473 	EXP 	Device response: <KeyPress from None: t=409.1338346669945, value=x, duration=None>
409.1479 	EXP 	New trial (rep=40, index=1): <Trial 161 (1 in rep 40) data={'pos': np.int64(150), 'corr_resp': 'v', 'thisN': 161, 'thisTrialN': 1, 'thisRepN': 40}>
409.1533 	DATA 	Keypress: x
409.1575 	EXP 	fixation: autoDraw = False
409.1575 	EXP 	line1: autoDraw = False
409.1575 	EXP 	line2: autoDraw = False
409.1575 	EXP 	line3: autoDraw = False
409.1575 	EXP 	line4: autoDraw = False
409.1575 	EXP 	probe: autoDraw = False
409.1575 	EXP 	fixation: autoDraw = True
409.2972 	EXP 	Device response: <KeyPress from None: t=409.1338346669945, value=x, duration=0.15155008299916517>
410.1459 	EXP 	line1: autoDraw = True
410.1459 	EXP 	line2: autoDraw = True
410.1459 	EXP 	line3: autoDraw = True
410.1459 	EXP 	line4: autoDraw = True
410.1508 	EXP 	fixation: autoDraw = False
411.1460 	INFO 	Keyboard events cleared
411.1459 	EXP 	probe: autoDraw = True
411.5136 	EXP 	Device response: <KeyPress from None: t=411.5100916669908, value=v, duration=None>
411.5142 	EXP 	New trial (rep=40, index=2): <Trial 162 (2 in rep 40) data={'pos': np.int64(50), 'corr_resp': 'c', 'thisN': 162, 'thisTrialN': 2, 'thisRepN': 40}>
411.5185 	EXP 	fixation: autoDraw = False
411.5185 	EXP 	line1: autoDraw = False
411.5185 	EXP 	line2: autoDraw = False
411.5185 	EXP 	line3: autoDraw = False
411.5185 	EXP 	line4: autoDraw = False
411.5185 	EXP 	probe: autoDraw = False
411.5185 	EXP 	fixation: autoDraw = True
411.5225 	DATA 	Keypress: v
411.6345 	EXP 	Device response: <KeyPress from None: t=411.5100916669908, value=v, duration=0.12028358300449327>
412.5125 	EXP 	line1: autoDraw = True
412.5125 	EXP 	line2: autoDraw = True
412.5125 	EXP 	line3: autoDraw = True
412.5125 	EXP 	line4: autoDraw = True
412.5174 	EXP 	fixation: autoDraw = False
413.5126 	INFO 	Keyboard events cleared
413.5124 	EXP 	probe: autoDraw = True
413.8637 	EXP 	Device response: <KeyPress from None: t=413.8509590839967, value=c, duration=None>
413.8641 	EXP 	New trial (rep=40, index=3): <Trial 163 (3 in rep 40) data={'pos': np.int64(-150), 'corr_resp': 'z', 'thisN': 163, 'thisTrialN': 3, 'thisRepN': 40}>
413.8695 	DATA 	Keypress: c
413.8737 	EXP 	fixation: autoDraw = False
413.8737 	EXP 	line1: autoDraw = False
413.8737 	EXP 	line2: autoDraw = False
413.8737 	EXP 	line3: autoDraw = False
413.8737 	EXP 	line4: autoDraw = False
413.8737 	EXP 	probe: autoDraw = False
413.8737 	EXP 	fixation: autoDraw = True
413.9688 	EXP 	Device response: <KeyPress from None: t=413.8509590839967, value=c, duration=0.1123650829977123>
414.8625 	EXP 	line1: autoDraw = True
414.8625 	EXP 	line2: autoDraw = True
414.8625 	EXP 	line3: autoDraw = True
414.8625 	EXP 	line4: autoDraw = True
414.8673 	EXP 	fixation: autoDraw = False
415.8627 	INFO 	Keyboard events cleared
415.8625 	EXP 	probe: autoDraw = True
416.2138 	EXP 	Device response: <KeyPress from None: t=416.21099574999243, value=z, duration=None>
416.2144 	EXP 	New trial (rep=41, index=0): <Trial 164 (0 in rep 41) data={'pos': np.int64(-50), 'corr_resp': 'x', 'thisN': 164, 'thisTrialN': 0, 'thisRepN': 41}>
416.2193 	EXP 	fixation: autoDraw = False
416.2193 	EXP 	line1: autoDraw = False
416.2193 	EXP 	line2: autoDraw = False
416.2193 	EXP 	line3: autoDraw = False
416.2193 	EXP 	line4: autoDraw = False
416.2193 	EXP 	probe: autoDraw = False
416.2193 	EXP 	fixation: autoDraw = True
416.2233 	DATA 	Keypress: z
416.3347 	EXP 	Device response: <KeyPress from None: t=416.21099574999243, value=z, duration=0.12026875000447035>
417.2124 	EXP 	line1: autoDraw = True
417.2124 	EXP 	line2: autoDraw = True
417.2124 	EXP 	line3: autoDraw = True
417.2124 	EXP 	line4: autoDraw = True
417.2166 	EXP 	fixation: autoDraw = False
418.2127 	INFO 	Keyboard events cleared
418.2125 	EXP 	probe: autoDraw = True
418.6853 	EXP 	Device response: <KeyPress from None: t=418.67976250000356, value=x, duration=None>
418.6857 	EXP 	New trial (rep=41, index=1): <Trial 165 (1 in rep 41) data={'pos': np.int64(150), 'corr_resp': 'v', 'thisN': 165, 'thisTrialN': 1, 'thisRepN': 41}>
418.6910 	DATA 	Keypress: x
418.6951 	EXP 	fixation: autoDraw = False
418.6951 	EXP 	line1: autoDraw = False
418.6951 	EXP 	line2: autoDraw = False
418.6951 	EXP 	line3: autoDraw = False
418.6951 	EXP 	line4: autoDraw = False
418.6951 	EXP 	probe: autoDraw = False
418.6951 	EXP 	fixation: autoDraw = True
418.8135 	EXP 	Device response: <KeyPress from None: t=418.67976250000356, value=x, duration=0.13243279200105462>
419.6841 	EXP 	fixation: autoDraw = False
419.6841 	EXP 	line1: autoDraw = True
419.6841 	EXP 	line2: autoDraw = True
419.6841 	EXP 	line3: autoDraw = True
419.6841 	EXP 	line4: autoDraw = True
420.6860 	INFO 	Keyboard events cleared
420.6858 	EXP 	probe: autoDraw = True
421.0138 	EXP 	Device response: <KeyPress from None: t=421.0117830419913, value=v, duration=None>
421.0145 	EXP 	New trial (rep=41, index=2): <Trial 166 (2 in rep 41) data={'pos': np.int64(50), 'corr_resp': 'c', 'thisN': 166, 'thisTrialN': 2, 'thisRepN': 41}>
421.0196 	EXP 	fixation: autoDraw = False
421.0196 	EXP 	line1: autoDraw = False
421.0196 	EXP 	line2: autoDraw = False
421.0196 	EXP 	line3: autoDraw = False
421.0196 	EXP 	line4: autoDraw = False
421.0196 	EXP 	probe: autoDraw = False
421.0196 	EXP 	fixation: autoDraw = True
421.0250 	DATA 	Keypress: v
421.1349 	EXP 	Device response: <KeyPress from None: t=421.0117830419913, value=v, duration=0.1203571250080131>
422.0123 	EXP 	line1: autoDraw = True
422.0123 	EXP 	line2: autoDraw = True
422.0123 	EXP 	line3: autoDraw = True
422.0123 	EXP 	line4: autoDraw = True
422.0167 	EXP 	fixation: autoDraw = False
423.0126 	INFO 	Keyboard events cleared
423.0124 	EXP 	probe: autoDraw = True
423.4303 	EXP 	Device response: <KeyPress from None: t=423.42881524999393, value=c, duration=None>
423.4308 	EXP 	New trial (rep=41, index=3): <Trial 167 (3 in rep 41) data={'pos': np.int64(-150), 'corr_resp': 'z', 'thisN': 167, 'thisTrialN': 3, 'thisRepN': 41}>
423.4356 	EXP 	fixation: autoDraw = False
423.4356 	EXP 	line1: autoDraw = False
423.4356 	EXP 	line2: autoDraw = False
423.4356 	EXP 	line3: autoDraw = False
423.4356 	EXP 	line4: autoDraw = False
423.4356 	EXP 	probe: autoDraw = False
423.4356 	EXP 	fixation: autoDraw = True
423.4395 	DATA 	Keypress: c
423.5469 	EXP 	Device response: <KeyPress from None: t=423.42881524999393, value=c, duration=0.11632112500956282>
424.4289 	EXP 	line1: autoDraw = True
424.4289 	EXP 	line2: autoDraw = True
424.4289 	EXP 	line3: autoDraw = True
424.4289 	EXP 	line4: autoDraw = True
424.4331 	EXP 	fixation: autoDraw = False
425.4292 	INFO 	Keyboard events cleared
425.4290 	EXP 	probe: autoDraw = True
425.7808 	EXP 	Device response: <KeyPress from None: t=425.77384995899047, value=z, duration=None>
425.7814 	EXP 	New trial (rep=42, index=0): <Trial 168 (0 in rep 42) data={'pos': np.int64(-50), 'corr_resp': 'x', 'thisN': 168, 'thisTrialN': 0, 'thisRepN': 42}>
425.7868 	DATA 	Keypress: z
425.7910 	EXP 	fixation: autoDraw = False
425.7910 	EXP 	line1: autoDraw = False
425.7910 	EXP 	line2: autoDraw = False
425.7910 	EXP 	line3: autoDraw = False
425.7910 	EXP 	line4: autoDraw = False
425.7910 	EXP 	probe: autoDraw = False
425.7910 	EXP 	fixation: autoDraw = True
425.9846 	EXP 	Device response: <KeyPress from None: t=425.77384995899047, value=z, duration=0.20821112500561867>
426.7791 	EXP 	line1: autoDraw = True
426.7791 	EXP 	line2: autoDraw = True
426.7791 	EXP 	line3: autoDraw = True
426.7791 	EXP 	line4: autoDraw = True
426.7838 	EXP 	fixation: autoDraw = False
427.7792 	INFO 	Keyboard events cleared
427.7790 	EXP 	probe: autoDraw = True
428.2134 	EXP 	Device response: <KeyPress from None: t=428.20367012500355, value=x, duration=None>
428.2139 	EXP 	New trial (rep=42, index=1): <Trial 169 (1 in rep 42) data={'pos': np.int64(150), 'corr_resp': 'v', 'thisN': 169, 'thisTrialN': 1, 'thisRepN': 42}>
428.2192 	DATA 	Keypress: x
428.2235 	EXP 	fixation: autoDraw = False
428.2235 	EXP 	line1: autoDraw = False
428.2235 	EXP 	line2: autoDraw = False
428.2235 	EXP 	line3: autoDraw = False
428.2235 	EXP 	line4: autoDraw = False
428.2235 	EXP 	probe: autoDraw = False
428.2235 	EXP 	fixation: autoDraw = True
428.3804 	EXP 	Device response: <KeyPress from None: t=428.20367012500355, value=x, duration=0.16425395899568684>
429.2124 	EXP 	line1: autoDraw = True
429.2124 	EXP 	line2: autoDraw = True
429.2124 	EXP 	line3: autoDraw = True
429.2124 	EXP 	line4: autoDraw = True
429.2174 	EXP 	fixation: autoDraw = False
430.2126 	INFO 	Keyboard events cleared
430.2124 	EXP 	probe: autoDraw = True
430.6467 	EXP 	Device response: <KeyPress from None: t=430.64363133399456, value=v, duration=None>
430.6475 	EXP 	New trial (rep=42, index=2): <Trial 170 (2 in rep 42) data={'pos': np.int64(50), 'corr_resp': 'c', 'thisN': 170, 'thisTrialN': 2, 'thisRepN': 42}>
430.6525 	EXP 	fixation: autoDraw = False
430.6525 	EXP 	line1: autoDraw = False
430.6525 	EXP 	line2: autoDraw = False
430.6525 	EXP 	line3: autoDraw = False
430.6525 	EXP 	line4: autoDraw = False
430.6525 	EXP 	probe: autoDraw = False
430.6525 	EXP 	fixation: autoDraw = True
430.6562 	DATA 	Keypress: v
430.8021 	EXP 	Device response: <KeyPress from None: t=430.64363133399456, value=v, duration=0.1523162079975009>
431.6456 	EXP 	line1: autoDraw = True
431.6456 	EXP 	line2: autoDraw = True
431.6456 	EXP 	line3: autoDraw = True
431.6456 	EXP 	line4: autoDraw = True
431.6506 	EXP 	fixation: autoDraw = False
432.6458 	INFO 	Keyboard events cleared
432.6457 	EXP 	probe: autoDraw = True
433.0636 	EXP 	Device response: <KeyPress from None: t=433.05770887499966, value=c, duration=None>
433.0641 	EXP 	New trial (rep=42, index=3): <Trial 171 (3 in rep 42) data={'pos': np.int64(-150), 'corr_resp': 'z', 'thisN': 171, 'thisTrialN': 3, 'thisRepN': 42}>
433.0698 	DATA 	Keypress: c
433.0738 	EXP 	fixation: autoDraw = False
433.0738 	EXP 	line1: autoDraw = False
433.0738 	EXP 	line2: autoDraw = False
433.0738 	EXP 	line3: autoDraw = False
433.0738 	EXP 	line4: autoDraw = False
433.0738 	EXP 	probe: autoDraw = False
433.0738 	EXP 	fixation: autoDraw = True
433.1969 	EXP 	Device response: <KeyPress from None: t=433.05770887499966, value=c, duration=0.13621949999651406>
434.0623 	EXP 	line1: autoDraw = True
434.0623 	EXP 	line2: autoDraw = True
434.0623 	EXP 	line3: autoDraw = True
434.0623 	EXP 	line4: autoDraw = True
434.0664 	EXP 	fixation: autoDraw = False
435.0625 	INFO 	Keyboard events cleared
435.0623 	EXP 	probe: autoDraw = True
435.6136 	EXP 	Device response: <KeyPress from None: t=435.6115398749971, value=z, duration=None>
435.6142 	EXP 	New trial (rep=43, index=0): <Trial 172 (0 in rep 43) data={'pos': np.int64(-50), 'corr_resp': 'x', 'thisN': 172, 'thisTrialN': 0, 'thisRepN': 43}>
435.6193 	EXP 	fixation: autoDraw = False
435.6193 	EXP 	line1: autoDraw = False
435.6193 	EXP 	line2: autoDraw = False
435.6193 	EXP 	line3: autoDraw = False
435.6193 	EXP 	line4: autoDraw = False
435.6193 	EXP 	probe: autoDraw = False
435.6193 	EXP 	fixation: autoDraw = True
435.6232 	DATA 	Keypress: z
435.7803 	EXP 	Device response: <KeyPress from None: t=435.6115398749971, value=z, duration=0.16500583400193136>
436.6122 	EXP 	line1: autoDraw = True
436.6122 	EXP 	line2: autoDraw = True
436.6122 	EXP 	line3: autoDraw = True
436.6122 	EXP 	line4: autoDraw = True
436.6164 	EXP 	fixation: autoDraw = False
437.6125 	INFO 	Keyboard events cleared
437.6123 	EXP 	probe: autoDraw = True
438.0636 	EXP 	Device response: <KeyPress from None: t=438.0594572090049, value=x, duration=None>
438.0643 	EXP 	New trial (rep=43, index=1): <Trial 173 (1 in rep 43) data={'pos': np.int64(150), 'corr_resp': 'v', 'thisN': 173, 'thisTrialN': 1, 'thisRepN': 43}>
438.0694 	EXP 	fixation: autoDraw = False
438.0694 	EXP 	line1: autoDraw = False
438.0694 	EXP 	line2: autoDraw = False
438.0694 	EXP 	line3: autoDraw = False
438.0694 	EXP 	line4: autoDraw = False
438.0694 	EXP 	probe: autoDraw = False
438.0694 	EXP 	fixation: autoDraw = True
438.0732 	DATA 	Keypress: x
438.2303 	EXP 	Device response: <KeyPress from None: t=438.0594572090049, value=x, duration=0.16832666599657387>
439.0623 	EXP 	line1: autoDraw = True
439.0623 	EXP 	line2: autoDraw = True
439.0623 	EXP 	line3: autoDraw = True
439.0623 	EXP 	line4: autoDraw = True
439.0669 	EXP 	fixation: autoDraw = False
440.0627 	INFO 	Keyboard events cleared
440.0625 	EXP 	probe: autoDraw = True
440.4683 	EXP 	Device response: <KeyPress from None: t=440.46628837499884, value=v, duration=None>
440.4687 	EXP 	New trial (rep=43, index=2): <Trial 174 (2 in rep 43) data={'pos': np.int64(50), 'corr_resp': 'c', 'thisN': 174, 'thisTrialN': 2, 'thisRepN': 43}>
440.4741 	DATA 	Keypress: v
440.4784 	EXP 	fixation: autoDraw = False
440.4784 	EXP 	line1: autoDraw = False
440.4784 	EXP 	line2: autoDraw = False
440.4784 	EXP 	line3: autoDraw = False
440.4784 	EXP 	line4: autoDraw = False
440.4784 	EXP 	probe: autoDraw = False
440.4784 	EXP 	fixation: autoDraw = True
440.5635 	EXP 	Device response: <KeyPress from None: t=440.46628837499884, value=v, duration=0.08856287499656901>
441.4672 	EXP 	fixation: autoDraw = False
441.4672 	EXP 	line1: autoDraw = True
441.4672 	EXP 	line2: autoDraw = True
441.4672 	EXP 	line3: autoDraw = True
441.4672 	EXP 	line4: autoDraw = True
442.4680 	INFO 	Keyboard events cleared
442.4678 	EXP 	probe: autoDraw = True
443.0138 	EXP 	Device response: <KeyPress from None: t=443.0052214169991, value=c, duration=None>
443.0144 	EXP 	New trial (rep=43, index=3): <Trial 175 (3 in rep 43) data={'pos': np.int64(-150), 'corr_resp': 'z', 'thisN': 175, 'thisTrialN': 3, 'thisRepN': 43}>
443.0196 	DATA 	Keypress: c
443.0237 	EXP 	fixation: autoDraw = False
443.0237 	EXP 	line1: autoDraw = False
443.0237 	EXP 	line2: autoDraw = False
443.0237 	EXP 	line3: autoDraw = False
443.0237 	EXP 	line4: autoDraw = False
443.0237 	EXP 	probe: autoDraw = False
443.0237 	EXP 	fixation: autoDraw = True
443.1301 	EXP 	Device response: <KeyPress from None: t=443.0052214169991, value=c, duration=0.11239424999803305>
444.0123 	EXP 	line1: autoDraw = True
444.0123 	EXP 	line2: autoDraw = True
444.0123 	EXP 	line3: autoDraw = True
444.0123 	EXP 	line4: autoDraw = True
444.0173 	EXP 	fixation: autoDraw = False
445.0124 	INFO 	Keyboard events cleared
445.0122 	EXP 	probe: autoDraw = True
445.3518 	EXP 	Device response: <KeyPress from None: t=445.3471937919967, value=z, duration=None>
445.3522 	EXP 	New trial (rep=44, index=0): <Trial 176 (0 in rep 44) data={'pos': np.int64(-50), 'corr_resp': 'x', 'thisN': 176, 'thisTrialN': 0, 'thisRepN': 44}>
445.3575 	DATA 	Keypress: z
445.3619 	EXP 	fixation: autoDraw = False
445.3619 	EXP 	line1: autoDraw = False
445.3619 	EXP 	line2: autoDraw = False
445.3619 	EXP 	line3: autoDraw = False
445.3619 	EXP 	line4: autoDraw = False
445.3619 	EXP 	probe: autoDraw = False
445.3619 	EXP 	fixation: autoDraw = True
445.5015 	EXP 	Device response: <KeyPress from None: t=445.3471937919967, value=z, duration=0.15231937500357162>
446.3504 	EXP 	fixation: autoDraw = False
446.3504 	EXP 	line1: autoDraw = True
446.3504 	EXP 	line2: autoDraw = True
446.3504 	EXP 	line3: autoDraw = True
446.3504 	EXP 	line4: autoDraw = True
447.3513 	INFO 	Keyboard events cleared
447.3511 	EXP 	probe: autoDraw = True
447.7135 	EXP 	Device response: <KeyPress from None: t=447.7052043750009, value=x, duration=None>
447.7143 	EXP 	New trial (rep=44, index=1): <Trial 177 (1 in rep 44) data={'pos': np.int64(150), 'corr_resp': 'v', 'thisN': 177, 'thisTrialN': 1, 'thisRepN': 44}>
447.7205 	DATA 	Keypress: x
447.7246 	EXP 	fixation: autoDraw = False
447.7246 	EXP 	line1: autoDraw = False
447.7246 	EXP 	line2: autoDraw = False
447.7246 	EXP 	line3: autoDraw = False
447.7246 	EXP 	line4: autoDraw = False
447.7246 	EXP 	probe: autoDraw = False
447.7246 	EXP 	fixation: autoDraw = True
447.8466 	EXP 	Device response: <KeyPress from None: t=447.7052043750009, value=x, duration=0.13650791699183173>
448.7121 	EXP 	line1: autoDraw = True
448.7121 	EXP 	line2: autoDraw = True
448.7121 	EXP 	line3: autoDraw = True
448.7121 	EXP 	line4: autoDraw = True
448.7162 	EXP 	fixation: autoDraw = False
449.7123 	INFO 	Keyboard events cleared
449.7121 	EXP 	probe: autoDraw = True
450.4014 	EXP 	Device response: <KeyPress from None: t=450.3991284999938, value=v, duration=None>
450.4018 	EXP 	New trial (rep=44, index=2): <Trial 178 (2 in rep 44) data={'pos': np.int64(50), 'corr_resp': 'c', 'thisN': 178, 'thisTrialN': 2, 'thisRepN': 44}>
450.4072 	DATA 	Keypress: v
450.4116 	EXP 	fixation: autoDraw = False
450.4116 	EXP 	line1: autoDraw = False
450.4116 	EXP 	line2: autoDraw = False
450.4116 	EXP 	line3: autoDraw = False
450.4116 	EXP 	line4: autoDraw = False
450.4116 	EXP 	probe: autoDraw = False
450.4116 	EXP 	fixation: autoDraw = True
450.5301 	EXP 	Device response: <KeyPress from None: t=450.3991284999938, value=v, duration=0.12832941699889489>
451.4004 	EXP 	fixation: autoDraw = False
451.4004 	EXP 	line1: autoDraw = True
451.4004 	EXP 	line2: autoDraw = True
451.4004 	EXP 	line3: autoDraw = True
451.4004 	EXP 	line4: autoDraw = True
452.3957 	INFO 	Keyboard events cleared
452.3955 	EXP 	probe: autoDraw = True
452.8634 	EXP 	Device response: <KeyPress from None: t=452.86115899999277, value=c, duration=None>
452.8640 	EXP 	New trial (rep=44, index=3): <Trial 179 (3 in rep 44) data={'pos': np.int64(-150), 'corr_resp': 'z', 'thisN': 179, 'thisTrialN': 3, 'thisRepN': 44}>
452.8692 	EXP 	fixation: autoDraw = False
452.8692 	EXP 	line1: autoDraw = False
452.8692 	EXP 	line2: autoDraw = False
452.8692 	EXP 	line3: autoDraw = False
452.8692 	EXP 	line4: autoDraw = False
452.8692 	EXP 	probe: autoDraw = False
452.8692 	EXP 	fixation: autoDraw = True
452.8734 	DATA 	Keypress: c
452.9967 	EXP 	Device response: <KeyPress from None: t=452.86115899999277, value=c, duration=0.12422120900009759>
453.8625 	EXP 	line1: autoDraw = True
453.8625 	EXP 	line2: autoDraw = True
453.8625 	EXP 	line3: autoDraw = True
453.8625 	EXP 	line4: autoDraw = True
453.8675 	EXP 	fixation: autoDraw = False
454.8624 	INFO 	Keyboard events cleared
454.8622 	EXP 	probe: autoDraw = True
455.6018 	EXP 	Device response: <KeyPress from None: t=455.59991000000446, value=z, duration=None>
455.6022 	EXP 	New trial (rep=45, index=0): <Trial 180 (0 in rep 45) data={'pos': np.int64(-50), 'corr_resp': 'x', 'thisN': 180, 'thisTrialN': 0, 'thisRepN': 45}>
455.6075 	DATA 	Keypress: z
455.6119 	EXP 	fixation: autoDraw = False
455.6119 	EXP 	line1: autoDraw = False
455.6119 	EXP 	line2: autoDraw = False
455.6119 	EXP 	line3: autoDraw = False
455.6119 	EXP 	line4: autoDraw = False
455.6119 	EXP 	probe: autoDraw = False
455.6119 	EXP 	fixation: autoDraw = True
455.7802 	EXP 	Device response: <KeyPress from None: t=455.59991000000446, value=z, duration=0.16842937500041444>
456.6007 	EXP 	fixation: autoDraw = False
456.6007 	EXP 	line1: autoDraw = True
456.6007 	EXP 	line2: autoDraw = True
456.6007 	EXP 	line3: autoDraw = True
456.6007 	EXP 	line4: autoDraw = True
457.6010 	INFO 	Keyboard events cleared
457.6008 	EXP 	probe: autoDraw = True
458.0968 	EXP 	Device response: <KeyPress from None: t=458.0850024590036, value=x, duration=None>
458.0973 	EXP 	New trial (rep=45, index=1): <Trial 181 (1 in rep 45) data={'pos': np.int64(150), 'corr_resp': 'v', 'thisN': 181, 'thisTrialN': 1, 'thisRepN': 45}>
458.1030 	DATA 	Keypress: x
458.1074 	EXP 	fixation: autoDraw = False
458.1074 	EXP 	line1: autoDraw = False
458.1074 	EXP 	line2: autoDraw = False
458.1074 	EXP 	line3: autoDraw = False
458.1074 	EXP 	line4: autoDraw = False
458.1074 	EXP 	probe: autoDraw = False
458.1074 	EXP 	fixation: autoDraw = True
458.2466 	EXP 	Device response: <KeyPress from None: t=458.0850024590036, value=x, duration=0.15234416599560063>
459.0954 	EXP 	line1: autoDraw = True
459.0954 	EXP 	line2: autoDraw = True
459.0954 	EXP 	line3: autoDraw = True
459.0954 	EXP 	line4: autoDraw = True
459.1003 	EXP 	fixation: autoDraw = False
460.0958 	INFO 	Keyboard events cleared
460.0956 	EXP 	probe: autoDraw = True
461.2021 	EXP 	Device response: <KeyPress from None: t=461.1969201669999, value=v, duration=None>
461.2025 	EXP 	New trial (rep=45, index=2): <Trial 182 (2 in rep 45) data={'pos': np.int64(50), 'corr_resp': 'c', 'thisN': 182, 'thisTrialN': 2, 'thisRepN': 45}>
461.2079 	DATA 	Keypress: v
461.2122 	EXP 	fixation: autoDraw = False
461.2122 	EXP 	line1: autoDraw = False
461.2122 	EXP 	line2: autoDraw = False
461.2122 	EXP 	line3: autoDraw = False
461.2122 	EXP 	line4: autoDraw = False
461.2122 	EXP 	probe: autoDraw = False
461.2122 	EXP 	fixation: autoDraw = True
461.3296 	EXP 	Device response: <KeyPress from None: t=461.1969201669999, value=v, duration=0.1243922499998007>
462.2003 	EXP 	fixation: autoDraw = False
462.2003 	EXP 	line1: autoDraw = True
462.2003 	EXP 	line2: autoDraw = True
462.2003 	EXP 	line3: autoDraw = True
462.2003 	EXP 	line4: autoDraw = True
463.2014 	INFO 	Keyboard events cleared
463.2012 	EXP 	probe: autoDraw = True
463.7135 	EXP 	Device response: <KeyPress from None: t=463.7098517919949, value=c, duration=None>
463.7142 	EXP 	New trial (rep=45, index=3): <Trial 183 (3 in rep 45) data={'pos': np.int64(-150), 'corr_resp': 'z', 'thisN': 183, 'thisTrialN': 3, 'thisRepN': 45}>
463.7194 	EXP 	fixation: autoDraw = False
463.7194 	EXP 	line1: autoDraw = False
463.7194 	EXP 	line2: autoDraw = False
463.7194 	EXP 	line3: autoDraw = False
463.7194 	EXP 	line4: autoDraw = False
463.7194 	EXP 	probe: autoDraw = False
463.7194 	EXP 	fixation: autoDraw = True
463.7234 	DATA 	Keypress: c
463.8671 	EXP 	Device response: <KeyPress from None: t=463.7098517919949, value=c, duration=0.15634675000910647>
464.7119 	EXP 	line1: autoDraw = True
464.7119 	EXP 	line2: autoDraw = True
464.7119 	EXP 	line3: autoDraw = True
464.7119 	EXP 	line4: autoDraw = True
464.7162 	EXP 	fixation: autoDraw = False
465.7122 	INFO 	Keyboard events cleared
465.7120 	EXP 	probe: autoDraw = True
466.1175 	EXP 	Device response: <KeyPress from None: t=466.11478291699314, value=z, duration=None>
466.1179 	EXP 	New trial (rep=46, index=0): <Trial 184 (0 in rep 46) data={'pos': np.int64(-50), 'corr_resp': 'x', 'thisN': 184, 'thisTrialN': 0, 'thisRepN': 46}>
466.1232 	DATA 	Keypress: z
466.1278 	EXP 	fixation: autoDraw = False
466.1278 	EXP 	line1: autoDraw = False
466.1278 	EXP 	line2: autoDraw = False
466.1278 	EXP 	line3: autoDraw = False
466.1278 	EXP 	line4: autoDraw = False
466.1278 	EXP 	probe: autoDraw = False
466.1278 	EXP 	fixation: autoDraw = True
466.3010 	EXP 	Device response: <KeyPress from None: t=466.11478291699314, value=z, duration=0.18434416700620204>
467.1169 	EXP 	fixation: autoDraw = False
467.1169 	EXP 	line1: autoDraw = True
467.1169 	EXP 	line2: autoDraw = True
467.1169 	EXP 	line3: autoDraw = True
467.1169 	EXP 	line4: autoDraw = True
468.1179 	INFO 	Keyboard events cleared
468.1177 	EXP 	probe: autoDraw = True
468.6798 	EXP 	Device response: <KeyPress from None: t=468.6717758339946, value=x, duration=None>
468.6803 	EXP 	New trial (rep=46, index=1): <Trial 185 (1 in rep 46) data={'pos': np.int64(150), 'corr_resp': 'v', 'thisN': 185, 'thisTrialN': 1, 'thisRepN': 46}>
468.6860 	DATA 	Keypress: x
468.6902 	EXP 	fixation: autoDraw = False
468.6902 	EXP 	line1: autoDraw = False
468.6902 	EXP 	line2: autoDraw = False
468.6902 	EXP 	line3: autoDraw = False
468.6902 	EXP 	line4: autoDraw = False
468.6902 	EXP 	probe: autoDraw = False
468.6902 	EXP 	fixation: autoDraw = True
468.8132 	EXP 	Device response: <KeyPress from None: t=468.6717758339946, value=x, duration=0.132429666002281>
469.6786 	EXP 	line1: autoDraw = True
469.6786 	EXP 	line2: autoDraw = True
469.6786 	EXP 	line3: autoDraw = True
469.6786 	EXP 	line4: autoDraw = True
469.6833 	EXP 	fixation: autoDraw = False
470.6788 	INFO 	Keyboard events cleared
470.6787 	EXP 	probe: autoDraw = True
471.0682 	EXP 	Device response: <KeyPress from None: t=471.0624939589907, value=v, duration=None>
471.0686 	EXP 	New trial (rep=46, index=2): <Trial 186 (2 in rep 46) data={'pos': np.int64(50), 'corr_resp': 'c', 'thisN': 186, 'thisTrialN': 2, 'thisRepN': 46}>
471.0739 	DATA 	Keypress: v
471.0780 	EXP 	fixation: autoDraw = False
471.0780 	EXP 	line1: autoDraw = False
471.0780 	EXP 	line2: autoDraw = False
471.0780 	EXP 	line3: autoDraw = False
471.0780 	EXP 	line4: autoDraw = False
471.0780 	EXP 	probe: autoDraw = False
471.0780 	EXP 	fixation: autoDraw = True
471.1841 	EXP 	Device response: <KeyPress from None: t=471.0624939589907, value=v, duration=0.11951087501074653>
472.0669 	EXP 	fixation: autoDraw = False
472.0669 	EXP 	line1: autoDraw = True
472.0669 	EXP 	line2: autoDraw = True
472.0669 	EXP 	line3: autoDraw = True
472.0669 	EXP 	line4: autoDraw = True
473.0683 	INFO 	Keyboard events cleared
473.0682 	EXP 	probe: autoDraw = True
473.5180 	EXP 	Device response: <KeyPress from None: t=473.51464066699555, value=c, duration=None>
473.5184 	EXP 	New trial (rep=46, index=3): <Trial 187 (3 in rep 46) data={'pos': np.int64(-150), 'corr_resp': 'z', 'thisN': 187, 'thisTrialN': 3, 'thisRepN': 46}>
473.5243 	DATA 	Keypress: c
473.5286 	EXP 	fixation: autoDraw = False
473.5286 	EXP 	line1: autoDraw = False
473.5286 	EXP 	line2: autoDraw = False
473.5286 	EXP 	line3: autoDraw = False
473.5286 	EXP 	line4: autoDraw = False
473.5286 	EXP 	probe: autoDraw = False
473.5286 	EXP 	fixation: autoDraw = True
473.6300 	EXP 	Device response: <KeyPress from None: t=473.51464066699555, value=c, duration=0.10856887500267476>
474.5168 	EXP 	fixation: autoDraw = False
474.5168 	EXP 	line1: autoDraw = True
474.5168 	EXP 	line2: autoDraw = True
474.5168 	EXP 	line3: autoDraw = True
474.5168 	EXP 	line4: autoDraw = True
475.5178 	INFO 	Keyboard events cleared
475.5176 	EXP 	probe: autoDraw = True
476.0014 	EXP 	Device response: <KeyPress from None: t=475.997541292003, value=z, duration=None>
476.0018 	EXP 	New trial (rep=47, index=0): <Trial 188 (0 in rep 47) data={'pos': np.int64(-50), 'corr_resp': 'x', 'thisN': 188, 'thisTrialN': 0, 'thisRepN': 47}>
476.0072 	DATA 	Keypress: z
476.0116 	EXP 	fixation: autoDraw = False
476.0116 	EXP 	line1: autoDraw = False
476.0116 	EXP 	line2: autoDraw = False
476.0116 	EXP 	line3: autoDraw = False
476.0116 	EXP 	line4: autoDraw = False
476.0116 	EXP 	probe: autoDraw = False
476.0116 	EXP 	fixation: autoDraw = True
476.1632 	EXP 	Device response: <KeyPress from None: t=475.997541292003, value=z, duration=0.15643483299936634>
477.0002 	EXP 	fixation: autoDraw = False
477.0002 	EXP 	line1: autoDraw = True
477.0002 	EXP 	line2: autoDraw = True
477.0002 	EXP 	line3: autoDraw = True
477.0002 	EXP 	line4: autoDraw = True
478.0012 	INFO 	Keyboard events cleared
478.0010 	EXP 	probe: autoDraw = True
478.4966 	EXP 	Device response: <KeyPress from None: t=478.4844944590004, value=x, duration=None>
478.4972 	EXP 	New trial (rep=47, index=1): <Trial 189 (1 in rep 47) data={'pos': np.int64(150), 'corr_resp': 'v', 'thisN': 189, 'thisTrialN': 1, 'thisRepN': 47}>
478.5028 	DATA 	Keypress: x
478.5069 	EXP 	fixation: autoDraw = False
478.5069 	EXP 	line1: autoDraw = False
478.5069 	EXP 	line2: autoDraw = False
478.5069 	EXP 	line3: autoDraw = False
478.5069 	EXP 	line4: autoDraw = False
478.5069 	EXP 	probe: autoDraw = False
478.5069 	EXP 	fixation: autoDraw = True
478.6465 	EXP 	Device response: <KeyPress from None: t=478.4844944590004, value=x, duration=0.1563822909956798>
479.4953 	EXP 	line1: autoDraw = True
479.4953 	EXP 	line2: autoDraw = True
479.4953 	EXP 	line3: autoDraw = True
479.4953 	EXP 	line4: autoDraw = True
479.5000 	EXP 	fixation: autoDraw = False
480.4953 	INFO 	Keyboard events cleared
480.4952 	EXP 	probe: autoDraw = True
481.0298 	EXP 	Device response: <KeyPress from None: t=481.02835824999784, value=v, duration=None>
481.0304 	EXP 	New trial (rep=47, index=2): <Trial 190 (2 in rep 47) data={'pos': np.int64(50), 'corr_resp': 'c', 'thisN': 190, 'thisTrialN': 2, 'thisRepN': 47}>
481.0357 	EXP 	fixation: autoDraw = False
481.0357 	EXP 	line1: autoDraw = False
481.0357 	EXP 	line2: autoDraw = False
481.0357 	EXP 	line3: autoDraw = False
481.0357 	EXP 	line4: autoDraw = False
481.0357 	EXP 	probe: autoDraw = False
481.0357 	EXP 	fixation: autoDraw = True
481.0397 	DATA 	Keypress: v
481.1299 	EXP 	Device response: <KeyPress from None: t=481.02835824999784, value=v, duration=0.08841312500589993>
482.0287 	EXP 	line1: autoDraw = True
482.0287 	EXP 	line2: autoDraw = True
482.0287 	EXP 	line3: autoDraw = True
482.0287 	EXP 	line4: autoDraw = True
482.0331 	EXP 	fixation: autoDraw = False
483.0290 	INFO 	Keyboard events cleared
483.0288 	EXP 	probe: autoDraw = True
483.4794 	EXP 	Device response: <KeyPress from None: t=483.47456970899657, value=c, duration=None>
483.4799 	EXP 	New trial (rep=47, index=3): <Trial 191 (3 in rep 47) data={'pos': np.int64(-150), 'corr_resp': 'z', 'thisN': 191, 'thisTrialN': 3, 'thisRepN': 47}>
483.4851 	DATA 	Keypress: c
483.4892 	EXP 	fixation: autoDraw = False
483.4892 	EXP 	line1: autoDraw = False
483.4892 	EXP 	line2: autoDraw = False
483.4892 	EXP 	line3: autoDraw = False
483.4892 	EXP 	line4: autoDraw = False
483.4892 	EXP 	probe: autoDraw = False
483.4892 	EXP 	fixation: autoDraw = True
483.6130 	EXP 	Device response: <KeyPress from None: t=483.47456970899657, value=c, duration=0.13217816600808874>
484.4784 	EXP 	line1: autoDraw = True
484.4784 	EXP 	line2: autoDraw = True
484.4784 	EXP 	line3: autoDraw = True
484.4784 	EXP 	line4: autoDraw = True
484.4833 	EXP 	fixation: autoDraw = False
485.4786 	INFO 	Keyboard events cleared
485.4784 	EXP 	probe: autoDraw = True
486.0299 	EXP 	Device response: <KeyPress from None: t=486.02823916700436, value=z, duration=None>
486.0305 	EXP 	New trial (rep=48, index=0): <Trial 192 (0 in rep 48) data={'pos': np.int64(-50), 'corr_resp': 'x', 'thisN': 192, 'thisTrialN': 0, 'thisRepN': 48}>
486.0356 	EXP 	fixation: autoDraw = False
486.0356 	EXP 	line1: autoDraw = False
486.0356 	EXP 	line2: autoDraw = False
486.0356 	EXP 	line3: autoDraw = False
486.0356 	EXP 	line4: autoDraw = False
486.0356 	EXP 	probe: autoDraw = False
486.0356 	EXP 	fixation: autoDraw = True
486.0396 	DATA 	Keypress: z
486.1796 	EXP 	Device response: <KeyPress from None: t=486.02823916700436, value=z, duration=0.14846424999996088>
487.0286 	EXP 	line1: autoDraw = True
487.0286 	EXP 	line2: autoDraw = True
487.0286 	EXP 	line3: autoDraw = True
487.0286 	EXP 	line4: autoDraw = True
487.0336 	EXP 	fixation: autoDraw = False
488.0289 	INFO 	Keyboard events cleared
488.0287 	EXP 	probe: autoDraw = True
488.6181 	EXP 	Device response: <KeyPress from None: t=488.61331029199937, value=x, duration=None>
488.6185 	EXP 	New trial (rep=48, index=1): <Trial 193 (1 in rep 48) data={'pos': np.int64(150), 'corr_resp': 'v', 'thisN': 193, 'thisTrialN': 1, 'thisRepN': 48}>
488.6236 	DATA 	Keypress: x
488.6277 	EXP 	fixation: autoDraw = False
488.6277 	EXP 	line1: autoDraw = False
488.6277 	EXP 	line2: autoDraw = False
488.6277 	EXP 	line3: autoDraw = False
488.6277 	EXP 	line4: autoDraw = False
488.6277 	EXP 	probe: autoDraw = False
488.6277 	EXP 	fixation: autoDraw = True
488.7798 	EXP 	Device response: <KeyPress from None: t=488.61331029199937, value=x, duration=0.15616587499971502>
489.6168 	EXP 	fixation: autoDraw = False
489.6168 	EXP 	line1: autoDraw = True
489.6168 	EXP 	line2: autoDraw = True
489.6168 	EXP 	line3: autoDraw = True
489.6168 	EXP 	line4: autoDraw = True
490.6120 	INFO 	Keyboard events cleared
490.6118 	EXP 	probe: autoDraw = True
490.9680 	EXP 	Device response: <KeyPress from None: t=490.9671289169928, value=v, duration=None>
490.9734 	DATA 	Keypress: v
490.9785 	EXP 	New trial (rep=48, index=2): <Trial 194 (2 in rep 48) data={'pos': np.int64(50), 'corr_resp': 'c', 'thisN': 194, 'thisTrialN': 2, 'thisRepN': 48}>
490.9824 	EXP 	fixation: autoDraw = False
490.9824 	EXP 	line1: autoDraw = False
490.9824 	EXP 	line2: autoDraw = False
490.9824 	EXP 	line3: autoDraw = False
490.9824 	EXP 	line4: autoDraw = False
490.9824 	EXP 	probe: autoDraw = False
490.9824 	EXP 	fixation: autoDraw = True
491.1009 	EXP 	Device response: <KeyPress from None: t=490.9671289169928, value=v, duration=0.12840887501079123>
491.9670 	EXP 	line1: autoDraw = True
491.9670 	EXP 	line2: autoDraw = True
491.9670 	EXP 	line3: autoDraw = True
491.9670 	EXP 	line4: autoDraw = True
491.9786 	EXP 	fixation: autoDraw = False
492.9674 	INFO 	Keyboard events cleared
492.9673 	EXP 	probe: autoDraw = True
493.3679 	EXP 	Device response: <KeyPress from None: t=493.36517762500443, value=v, duration=None>
493.3683 	EXP 	New trial (rep=48, index=3): <Trial 195 (3 in rep 48) data={'pos': np.int64(-150), 'corr_resp': 'z', 'thisN': 195, 'thisTrialN': 3, 'thisRepN': 48}>
493.3806 	DATA 	Keypress: v
493.3836 	EXP 	fixation: autoDraw = False
493.3836 	EXP 	line1: autoDraw = False
493.3836 	EXP 	line2: autoDraw = False
493.3836 	EXP 	line3: autoDraw = False
493.3836 	EXP 	line4: autoDraw = False
493.3836 	EXP 	probe: autoDraw = False
493.3836 	EXP 	fixation: autoDraw = True
493.4295 	EXP 	Device response: <KeyPress from None: t=493.36517762500443, value=v, duration=0.06039254200004507>
494.3670 	EXP 	line1: autoDraw = True
494.3670 	EXP 	line2: autoDraw = True
494.3670 	EXP 	line3: autoDraw = True
494.3670 	EXP 	line4: autoDraw = True
494.3783 	EXP 	fixation: autoDraw = False
495.3676 	INFO 	Keyboard events cleared
495.3674 	EXP 	probe: autoDraw = True
495.8630 	EXP 	Device response: <KeyPress from None: t=495.85823783399246, value=z, duration=None>
495.8636 	EXP 	New trial (rep=49, index=0): <Trial 196 (0 in rep 49) data={'pos': np.int64(-50), 'corr_resp': 'x', 'thisN': 196, 'thisTrialN': 0, 'thisRepN': 49}>
495.8684 	EXP 	fixation: autoDraw = False
495.8684 	EXP 	line1: autoDraw = False
495.8684 	EXP 	line2: autoDraw = False
495.8684 	EXP 	line3: autoDraw = False
495.8684 	EXP 	line4: autoDraw = False
495.8684 	EXP 	probe: autoDraw = False
495.8684 	EXP 	fixation: autoDraw = True
495.8724 	DATA 	Keypress: z
495.9846 	EXP 	Device response: <KeyPress from None: t=495.85823783399246, value=z, duration=0.12412808299995959>
496.8617 	EXP 	line1: autoDraw = True
496.8617 	EXP 	line2: autoDraw = True
496.8617 	EXP 	line3: autoDraw = True
496.8617 	EXP 	line4: autoDraw = True
496.8666 	EXP 	fixation: autoDraw = False
497.8619 	INFO 	Keyboard events cleared
497.8618 	EXP 	probe: autoDraw = True
498.4132 	EXP 	Device response: <KeyPress from None: t=498.403058625001, value=x, duration=None>
498.4138 	EXP 	New trial (rep=49, index=1): <Trial 197 (1 in rep 49) data={'pos': np.int64(150), 'corr_resp': 'v', 'thisN': 197, 'thisTrialN': 1, 'thisRepN': 49}>
498.4197 	DATA 	Keypress: x
498.4239 	EXP 	fixation: autoDraw = False
498.4239 	EXP 	line1: autoDraw = False
498.4239 	EXP 	line2: autoDraw = False
498.4239 	EXP 	line3: autoDraw = False
498.4239 	EXP 	line4: autoDraw = False
498.4239 	EXP 	probe: autoDraw = False
498.4239 	EXP 	fixation: autoDraw = True
498.5511 	EXP 	Device response: <KeyPress from None: t=498.403058625001, value=x, duration=0.14429199999722186>
499.4117 	EXP 	line1: autoDraw = True
499.4117 	EXP 	line2: autoDraw = True
499.4117 	EXP 	line3: autoDraw = True
499.4117 	EXP 	line4: autoDraw = True
499.4159 	EXP 	fixation: autoDraw = False
500.4120 	INFO 	Keyboard events cleared
500.4118 	EXP 	probe: autoDraw = True
501.1460 	EXP 	Device response: <KeyPress from None: t=501.14215479200357, value=v, duration=None>
501.1464 	EXP 	New trial (rep=49, index=2): <Trial 198 (2 in rep 49) data={'pos': np.int64(50), 'corr_resp': 'c', 'thisN': 198, 'thisTrialN': 2, 'thisRepN': 49}>
501.1510 	EXP 	fixation: autoDraw = False
501.1510 	EXP 	line1: autoDraw = False
501.1510 	EXP 	line2: autoDraw = False
501.1510 	EXP 	line3: autoDraw = False
501.1510 	EXP 	line4: autoDraw = False
501.1510 	EXP 	probe: autoDraw = False
501.1510 	EXP 	fixation: autoDraw = True
501.1550 	DATA 	Keypress: v
501.2296 	EXP 	Device response: <KeyPress from None: t=501.14215479200357, value=v, duration=0.07613649999257177>
502.1451 	EXP 	line1: autoDraw = True
502.1451 	EXP 	line2: autoDraw = True
502.1451 	EXP 	line3: autoDraw = True
502.1451 	EXP 	line4: autoDraw = True
502.1500 	EXP 	fixation: autoDraw = False
503.1451 	INFO 	Keyboard events cleared
503.1449 	EXP 	probe: autoDraw = True
503.5170 	EXP 	Device response: <KeyPress from None: t=503.5138446249912, value=c, duration=None>
503.5174 	EXP 	New trial (rep=49, index=3): <Trial 199 (3 in rep 49) data={'pos': np.int64(-150), 'corr_resp': 'z', 'thisN': 199, 'thisTrialN': 3, 'thisRepN': 49}>
503.5228 	DATA 	Keypress: c
503.5274 	EXP 	fixation: autoDraw = False
503.5274 	EXP 	line1: autoDraw = False
503.5274 	EXP 	line2: autoDraw = False
503.5274 	EXP 	line3: autoDraw = False
503.5274 	EXP 	line4: autoDraw = False
503.5274 	EXP 	probe: autoDraw = False
503.5274 	EXP 	fixation: autoDraw = True
503.6629 	EXP 	Device response: <KeyPress from None: t=503.5138446249912, value=c, duration=0.14043908400344662>
504.5116 	EXP 	line1: autoDraw = True
504.5116 	EXP 	line2: autoDraw = True
504.5116 	EXP 	line3: autoDraw = True
504.5116 	EXP 	line4: autoDraw = True
504.5159 	EXP 	fixation: autoDraw = False
505.5118 	INFO 	Keyboard events cleared
505.5117 	EXP 	probe: autoDraw = True
506.0300 	EXP 	Device response: <KeyPress from None: t=506.02484979199653, value=z, duration=None>
506.0399 	EXP 	Imported /Users/vineesmacbook/Downloads/sequence_cond - Sheet1.csv as conditions, 4 conditions, 2 params
506.0438 	EXP 	New trial (rep=0, index=0): <Trial 0 (0 in rep 0) data={'pos': np.int64(150), 'corr_resp': 'v', 'thisN': 0, 'thisTrialN': 0, 'thisRepN': 0}>
506.0471 	DATA 	Keypress: z
506.0503 	WARNING 	t of last frame was 21.51ms (=1/46)
506.0503 	EXP 	fixation: autoDraw = False
506.0503 	EXP 	line1: autoDraw = False
506.0503 	EXP 	line2: autoDraw = False
506.0503 	EXP 	line3: autoDraw = False
506.0503 	EXP 	line4: autoDraw = False
506.0503 	EXP 	probe: autoDraw = False
506.0503 	EXP 	fixation: autoDraw = True
506.1795 	EXP 	Device response: <KeyPress from None: t=506.02484979199653, value=z, duration=0.14430683299724478>
507.0284 	EXP 	line1: autoDraw = True
507.0284 	EXP 	line2: autoDraw = True
507.0284 	EXP 	line3: autoDraw = True
507.0284 	EXP 	line4: autoDraw = True
507.0450 	EXP 	fixation: autoDraw = False
508.0288 	INFO 	Keyboard events cleared
508.0286 	EXP 	probe: autoDraw = True
508.4629 	EXP 	Device response: <KeyPress from None: t=508.45315808399755, value=v, duration=None>
508.4636 	EXP 	New trial (rep=0, index=1): <Trial 1 (1 in rep 0) data={'pos': np.int64(-150), 'corr_resp': 'z', 'thisN': 1, 'thisTrialN': 1, 'thisRepN': 0}>
508.4683 	DATA 	Keypress: v
508.4723 	EXP 	fixation: autoDraw = False
508.4723 	EXP 	line1: autoDraw = False
508.4723 	EXP 	line2: autoDraw = False
508.4723 	EXP 	line3: autoDraw = False
508.4723 	EXP 	line4: autoDraw = False
508.4723 	EXP 	probe: autoDraw = False
508.4723 	EXP 	fixation: autoDraw = True
508.5675 	EXP 	Device response: <KeyPress from None: t=508.45315808399755, value=v, duration=0.11199129100714345>
509.4616 	EXP 	line1: autoDraw = True
509.4616 	EXP 	line2: autoDraw = True
509.4616 	EXP 	line3: autoDraw = True
509.4616 	EXP 	line4: autoDraw = True
509.4665 	EXP 	fixation: autoDraw = False
510.4617 	INFO 	Keyboard events cleared
510.4615 	EXP 	probe: autoDraw = True
510.9128 	EXP 	Device response: <KeyPress from None: t=510.9089358749916, value=z, duration=None>
510.9134 	EXP 	New trial (rep=0, index=2): <Trial 2 (2 in rep 0) data={'pos': np.int64(50), 'corr_resp': 'c', 'thisN': 2, 'thisTrialN': 2, 'thisRepN': 0}>
510.9186 	EXP 	fixation: autoDraw = False
510.9186 	EXP 	line1: autoDraw = False
510.9186 	EXP 	line2: autoDraw = False
510.9186 	EXP 	line3: autoDraw = False
510.9186 	EXP 	line4: autoDraw = False
510.9186 	EXP 	probe: autoDraw = False
510.9186 	EXP 	fixation: autoDraw = True
510.9220 	DATA 	Keypress: z
511.0460 	EXP 	Device response: <KeyPress from None: t=510.9089358749916, value=z, duration=0.12821624999924097>
511.9115 	EXP 	line1: autoDraw = True
511.9115 	EXP 	line2: autoDraw = True
511.9115 	EXP 	line3: autoDraw = True
511.9115 	EXP 	line4: autoDraw = True
511.9166 	EXP 	fixation: autoDraw = False
512.9117 	INFO 	Keyboard events cleared
512.9116 	EXP 	probe: autoDraw = True
513.4126 	EXP 	Device response: <KeyPress from None: t=513.4088557089999, value=c, duration=None>
513.4131 	EXP 	New trial (rep=1, index=3): <Trial 3 (3 in rep 1) data={'pos': np.int64(-150), 'corr_resp': 'z', 'thisN': 3, 'thisTrialN': 3, 'thisRepN': 1}>
513.4175 	EXP 	fixation: autoDraw = False
513.4175 	EXP 	line1: autoDraw = False
513.4175 	EXP 	line2: autoDraw = False
513.4175 	EXP 	line3: autoDraw = False
513.4175 	EXP 	line4: autoDraw = False
513.4175 	EXP 	probe: autoDraw = False
513.4175 	EXP 	fixation: autoDraw = True
513.4213 	DATA 	Keypress: c
513.5295 	EXP 	Device response: <KeyPress from None: t=513.4088557089999, value=c, duration=0.11627983300422784>
514.4117 	EXP 	line1: autoDraw = True
514.4117 	EXP 	line2: autoDraw = True
514.4117 	EXP 	line3: autoDraw = True
514.4117 	EXP 	line4: autoDraw = True
514.4167 	EXP 	fixation: autoDraw = False
515.4117 	INFO 	Keyboard events cleared
515.4115 	EXP 	probe: autoDraw = True
515.8677 	EXP 	Device response: <KeyPress from None: t=515.8656595840002, value=z, duration=None>
515.8681 	EXP 	New trial (rep=1, index=4): <Trial 4 (4 in rep 1) data={'pos': np.int64(150), 'corr_resp': 'v', 'thisN': 4, 'thisTrialN': 4, 'thisRepN': 1}>
515.8731 	DATA 	Keypress: z
515.8775 	EXP 	fixation: autoDraw = False
515.8775 	EXP 	line1: autoDraw = False
515.8775 	EXP 	line2: autoDraw = False
515.8775 	EXP 	line3: autoDraw = False
515.8775 	EXP 	line4: autoDraw = False
515.8775 	EXP 	probe: autoDraw = False
515.8775 	EXP 	fixation: autoDraw = True
516.0135 	EXP 	Device response: <KeyPress from None: t=515.8656595840002, value=z, duration=0.1443427909980528>
516.8667 	EXP 	fixation: autoDraw = False
516.8667 	EXP 	line1: autoDraw = True
516.8667 	EXP 	line2: autoDraw = True
516.8667 	EXP 	line3: autoDraw = True
516.8667 	EXP 	line4: autoDraw = True
517.8664 	INFO 	Keyboard events cleared
517.8662 	EXP 	probe: autoDraw = True
518.3173 	EXP 	Device response: <KeyPress from None: t=518.3124934999942, value=v, duration=None>
518.3177 	EXP 	New trial (rep=2, index=5): <Trial 5 (5 in rep 2) data={'pos': np.int64(-150), 'corr_resp': 'z', 'thisN': 5, 'thisTrialN': 5, 'thisRepN': 2}>
518.3226 	DATA 	Keypress: v
518.3272 	EXP 	fixation: autoDraw = False
518.3272 	EXP 	line1: autoDraw = False
518.3272 	EXP 	line2: autoDraw = False
518.3272 	EXP 	line3: autoDraw = False
518.3272 	EXP 	line4: autoDraw = False
518.3272 	EXP 	probe: autoDraw = False
518.3272 	EXP 	fixation: autoDraw = True
518.4292 	EXP 	Device response: <KeyPress from None: t=518.3124934999942, value=v, duration=0.11247849999926984>
519.3166 	EXP 	fixation: autoDraw = False
519.3166 	EXP 	line1: autoDraw = True
519.3166 	EXP 	line2: autoDraw = True
519.3166 	EXP 	line3: autoDraw = True
519.3166 	EXP 	line4: autoDraw = True
520.3181 	INFO 	Keyboard events cleared
520.3180 	EXP 	probe: autoDraw = True
520.8295 	EXP 	Device response: <KeyPress from None: t=520.8194736250007, value=z, duration=None>
520.8300 	EXP 	New trial (rep=1, index=6): <Trial 6 (6 in rep 1) data={'pos': np.int64(50), 'corr_resp': 'c', 'thisN': 6, 'thisTrialN': 6, 'thisRepN': 1}>
520.8355 	DATA 	Keypress: z
520.8395 	EXP 	fixation: autoDraw = False
520.8395 	EXP 	line1: autoDraw = False
520.8395 	EXP 	line2: autoDraw = False
520.8395 	EXP 	line3: autoDraw = False
520.8395 	EXP 	line4: autoDraw = False
520.8395 	EXP 	probe: autoDraw = False
520.8395 	EXP 	fixation: autoDraw = True
520.9842 	EXP 	Device response: <KeyPress from None: t=520.8194736250007, value=z, duration=0.16032116700080223>
521.8281 	EXP 	line1: autoDraw = True
521.8281 	EXP 	line2: autoDraw = True
521.8281 	EXP 	line3: autoDraw = True
521.8281 	EXP 	line4: autoDraw = True
521.8331 	EXP 	fixation: autoDraw = False
522.8284 	INFO 	Keyboard events cleared
522.8282 	EXP 	probe: autoDraw = True
523.4179 	EXP 	Device response: <KeyPress from None: t=523.4153772089921, value=c, duration=None>
523.4184 	EXP 	New trial (rep=2, index=7): <Trial 7 (7 in rep 2) data={'pos': np.int64(50), 'corr_resp': 'c', 'thisN': 7, 'thisTrialN': 7, 'thisRepN': 2}>
523.4233 	DATA 	Keypress: c
523.4276 	EXP 	fixation: autoDraw = False
523.4276 	EXP 	line1: autoDraw = False
523.4276 	EXP 	line2: autoDraw = False
523.4276 	EXP 	line3: autoDraw = False
523.4276 	EXP 	line4: autoDraw = False
523.4276 	EXP 	probe: autoDraw = False
523.4276 	EXP 	fixation: autoDraw = True
523.5294 	EXP 	Device response: <KeyPress from None: t=523.4153772089921, value=c, duration=0.11242225000751205>
524.4165 	EXP 	fixation: autoDraw = False
524.4165 	EXP 	line1: autoDraw = True
524.4165 	EXP 	line2: autoDraw = True
524.4165 	EXP 	line3: autoDraw = True
524.4165 	EXP 	line4: autoDraw = True
525.4179 	INFO 	Keyboard events cleared
525.4178 	EXP 	probe: autoDraw = True
526.0348 	EXP 	Device response: <KeyPress from None: t=526.0303639170015, value=c, duration=None>
526.0352 	EXP 	New trial (rep=3, index=8): <Trial 8 (8 in rep 3) data={'pos': np.int64(50), 'corr_resp': 'c', 'thisN': 8, 'thisTrialN': 8, 'thisRepN': 3}>
526.0402 	DATA 	Keypress: c
526.0444 	EXP 	fixation: autoDraw = False
526.0444 	EXP 	line1: autoDraw = False
526.0444 	EXP 	line2: autoDraw = False
526.0444 	EXP 	line3: autoDraw = False
526.0444 	EXP 	line4: autoDraw = False
526.0444 	EXP 	probe: autoDraw = False
526.0444 	EXP 	fixation: autoDraw = True
526.1843 	EXP 	Device response: <KeyPress from None: t=526.0303639170015, value=c, duration=0.14841195799817797>
527.0334 	EXP 	fixation: autoDraw = False
527.0334 	EXP 	line1: autoDraw = True
527.0334 	EXP 	line2: autoDraw = True
527.0334 	EXP 	line3: autoDraw = True
527.0334 	EXP 	line4: autoDraw = True
528.0342 	INFO 	Keyboard events cleared
528.0341 	EXP 	probe: autoDraw = True
528.6626 	EXP 	Device response: <KeyPress from None: t=528.6604543339927, value=c, duration=None>
528.6632 	EXP 	New trial (rep=4, index=9): <Trial 9 (9 in rep 4) data={'pos': np.int64(50), 'corr_resp': 'c', 'thisN': 9, 'thisTrialN': 9, 'thisRepN': 4}>
528.6679 	EXP 	fixation: autoDraw = False
528.6679 	EXP 	line1: autoDraw = False
528.6679 	EXP 	line2: autoDraw = False
528.6679 	EXP 	line3: autoDraw = False
528.6679 	EXP 	line4: autoDraw = False
528.6679 	EXP 	probe: autoDraw = False
528.6679 	EXP 	fixation: autoDraw = True
528.6718 	DATA 	Keypress: c
528.8004 	EXP 	Device response: <KeyPress from None: t=528.6604543339927, value=c, duration=0.13621679101197515>
529.6615 	EXP 	line1: autoDraw = True
529.6615 	EXP 	line2: autoDraw = True
529.6615 	EXP 	line3: autoDraw = True
529.6615 	EXP 	line4: autoDraw = True
529.6663 	EXP 	fixation: autoDraw = False
530.6626 	INFO 	Keyboard events cleared
530.6624 	EXP 	probe: autoDraw = True
531.2621 	EXP 	Device response: <KeyPress from None: t=531.2512195839954, value=c, duration=None>
531.2623 	EXP 	New trial (rep=3, index=10): <Trial 10 (10 in rep 3) data={'pos': np.int64(-150), 'corr_resp': 'z', 'thisN': 10, 'thisTrialN': 10, 'thisRepN': 3}>
531.2649 	DATA 	Keypress: c
531.2677 	EXP 	fixation: autoDraw = False
531.2677 	EXP 	line1: autoDraw = False
531.2677 	EXP 	line2: autoDraw = False
531.2677 	EXP 	line3: autoDraw = False
531.2677 	EXP 	line4: autoDraw = False
531.2677 	EXP 	probe: autoDraw = False
531.2677 	EXP 	fixation: autoDraw = True
531.3952 	EXP 	Device response: <KeyPress from None: t=531.2512195839954, value=c, duration=0.1324212909967173>
532.2490 	EXP 	line1: autoDraw = True
532.2490 	EXP 	line2: autoDraw = True
532.2490 	EXP 	line3: autoDraw = True
532.2490 	EXP 	line4: autoDraw = True
532.2654 	EXP 	fixation: autoDraw = False
533.2499 	INFO 	Keyboard events cleared
533.2498 	EXP 	probe: autoDraw = True
533.7457 	EXP 	Device response: <KeyPress from None: t=533.7442706669972, value=z, duration=None>
533.7461 	EXP 	New trial (rep=4, index=11): <Trial 11 (11 in rep 4) data={'pos': np.int64(-150), 'corr_resp': 'z', 'thisN': 11, 'thisTrialN': 11, 'thisRepN': 4}>
533.7506 	EXP 	fixation: autoDraw = False
533.7506 	EXP 	line1: autoDraw = False
533.7506 	EXP 	line2: autoDraw = False
533.7506 	EXP 	line3: autoDraw = False
533.7506 	EXP 	line4: autoDraw = False
533.7506 	EXP 	probe: autoDraw = False
533.7506 	EXP 	fixation: autoDraw = True
533.7548 	DATA 	Keypress: z
533.9290 	EXP 	Device response: <KeyPress from None: t=533.7442706669972, value=z, duration=0.18038458299997728>
534.7447 	EXP 	fixation: autoDraw = False
534.7447 	EXP 	line1: autoDraw = True
534.7447 	EXP 	line2: autoDraw = True
534.7447 	EXP 	line3: autoDraw = True
534.7447 	EXP 	line4: autoDraw = True
535.7449 	INFO 	Keyboard events cleared
535.7447 	EXP 	probe: autoDraw = True
536.4517 	EXP 	Device response: <KeyPress from None: t=536.4482059169968, value=z, duration=None>
536.4521 	EXP 	New trial (rep=5, index=12): <Trial 12 (12 in rep 5) data={'pos': np.int64(50), 'corr_resp': 'c', 'thisN': 12, 'thisTrialN': 12, 'thisRepN': 5}>
536.4575 	DATA 	Keypress: z
536.4784 	WARNING 	Multiple dropped frames have occurred - I'll stop bothering you about them!
536.4783 	EXP 	fixation: autoDraw = False
536.4783 	EXP 	line1: autoDraw = False
536.4783 	EXP 	line2: autoDraw = False
536.4783 	EXP 	line3: autoDraw = False
536.4783 	EXP 	line4: autoDraw = False
536.4783 	EXP 	probe: autoDraw = False
536.4783 	EXP 	fixation: autoDraw = True
536.5675 	EXP 	Device response: <KeyPress from None: t=536.4482059169968, value=z, duration=0.11630066699581221>
537.4500 	EXP 	line1: autoDraw = True
537.4500 	EXP 	line2: autoDraw = True
537.4500 	EXP 	line3: autoDraw = True
537.4500 	EXP 	line4: autoDraw = True
537.4653 	EXP 	fixation: autoDraw = False
538.4516 	INFO 	Keyboard events cleared
538.4514 	EXP 	probe: autoDraw = True
539.3290 	EXP 	Device response: <KeyPress from None: t=539.3200522919942, value=c, duration=None>
539.3295 	EXP 	New trial (rep=5, index=13): <Trial 13 (13 in rep 5) data={'pos': np.int64(-150), 'corr_resp': 'z', 'thisN': 13, 'thisTrialN': 13, 'thisRepN': 5}>
539.3348 	DATA 	Keypress: c
539.3391 	EXP 	fixation: autoDraw = False
539.3391 	EXP 	line1: autoDraw = False
539.3391 	EXP 	line2: autoDraw = False
539.3391 	EXP 	line3: autoDraw = False
539.3391 	EXP 	line4: autoDraw = False
539.3391 	EXP 	probe: autoDraw = False
539.3391 	EXP 	fixation: autoDraw = True
539.4127 	EXP 	Device response: <KeyPress from None: t=539.3200522919942, value=c, duration=0.0802665000082925>
540.3282 	EXP 	line1: autoDraw = True
540.3282 	EXP 	line2: autoDraw = True
540.3282 	EXP 	line3: autoDraw = True
540.3282 	EXP 	line4: autoDraw = True
540.3331 	EXP 	fixation: autoDraw = False
541.3282 	INFO 	Keyboard events cleared
541.3280 	EXP 	probe: autoDraw = True
541.8684 	EXP 	Device response: <KeyPress from None: t=541.8660756250028, value=z, duration=None>
541.8689 	EXP 	New trial (rep=0, index=14): <Trial 14 (14 in rep 0) data={'pos': np.int64(-50), 'corr_resp': 'x', 'thisN': 14, 'thisTrialN': 14, 'thisRepN': 0}>
541.8743 	DATA 	Keypress: z
541.8949 	EXP 	fixation: autoDraw = False
541.8949 	EXP 	line1: autoDraw = False
541.8949 	EXP 	line2: autoDraw = False
541.8949 	EXP 	line3: autoDraw = False
541.8949 	EXP 	line4: autoDraw = False
541.8949 	EXP 	probe: autoDraw = False
541.8949 	EXP 	fixation: autoDraw = True
541.9791 	EXP 	Device response: <KeyPress from None: t=541.8660756250028, value=z, duration=0.10845433399663307>
542.8665 	EXP 	line1: autoDraw = True
542.8665 	EXP 	line2: autoDraw = True
542.8665 	EXP 	line3: autoDraw = True
542.8665 	EXP 	line4: autoDraw = True
542.8829 	EXP 	fixation: autoDraw = False
543.8677 	INFO 	Keyboard events cleared
543.8676 	EXP 	probe: autoDraw = True
544.4349 	EXP 	Device response: <KeyPress from None: t=544.4299454169959, value=x, duration=None>
544.4353 	EXP 	New trial (rep=6, index=15): <Trial 15 (15 in rep 6) data={'pos': np.int64(50), 'corr_resp': 'c', 'thisN': 15, 'thisTrialN': 15, 'thisRepN': 6}>
544.4411 	DATA 	Keypress: x
544.4479 	EXP 	fixation: autoDraw = False
544.4479 	EXP 	line1: autoDraw = False
544.4479 	EXP 	line2: autoDraw = False
544.4479 	EXP 	line3: autoDraw = False
544.4479 	EXP 	line4: autoDraw = False
544.4479 	EXP 	probe: autoDraw = False
544.4479 	EXP 	fixation: autoDraw = True
544.5497 	EXP 	Device response: <KeyPress from None: t=544.4299454169959, value=x, duration=0.1163145419995999>
545.4331 	EXP 	line1: autoDraw = True
545.4331 	EXP 	line2: autoDraw = True
545.4331 	EXP 	line3: autoDraw = True
545.4331 	EXP 	line4: autoDraw = True
545.4448 	EXP 	fixation: autoDraw = False
546.4334 	INFO 	Keyboard events cleared
546.4332 	EXP 	probe: autoDraw = True
547.1176 	EXP 	Device response: <KeyPress from None: t=547.1139511670044, value=c, duration=None>
547.1180 	EXP 	New trial (rep=2, index=16): <Trial 16 (16 in rep 2) data={'pos': np.int64(150), 'corr_resp': 'v', 'thisN': 16, 'thisTrialN': 16, 'thisRepN': 2}>
547.1235 	DATA 	Keypress: c
547.1277 	EXP 	fixation: autoDraw = False
547.1277 	EXP 	line1: autoDraw = False
547.1277 	EXP 	line2: autoDraw = False
547.1277 	EXP 	line3: autoDraw = False
547.1277 	EXP 	line4: autoDraw = False
547.1277 	EXP 	probe: autoDraw = False
547.1277 	EXP 	fixation: autoDraw = True
547.2125 	EXP 	Device response: <KeyPress from None: t=547.1139511670044, value=c, duration=0.09241824998753145>
548.1164 	EXP 	fixation: autoDraw = False
548.1164 	EXP 	line1: autoDraw = True
548.1164 	EXP 	line2: autoDraw = True
548.1164 	EXP 	line3: autoDraw = True
548.1164 	EXP 	line4: autoDraw = True
549.1183 	INFO 	Keyboard events cleared
549.1182 	EXP 	probe: autoDraw = True
549.6129 	EXP 	Device response: <KeyPress from None: t=549.6089230420039, value=v, duration=None>
549.6137 	EXP 	New trial (rep=1, index=17): <Trial 17 (17 in rep 1) data={'pos': np.int64(-50), 'corr_resp': 'x', 'thisN': 17, 'thisTrialN': 17, 'thisRepN': 1}>
549.6184 	EXP 	fixation: autoDraw = False
549.6184 	EXP 	line1: autoDraw = False
549.6184 	EXP 	line2: autoDraw = False
549.6184 	EXP 	line3: autoDraw = False
549.6184 	EXP 	line4: autoDraw = False
549.6184 	EXP 	probe: autoDraw = False
549.6184 	EXP 	fixation: autoDraw = True
549.6224 	DATA 	Keypress: v
549.6958 	EXP 	Device response: <KeyPress from None: t=549.6089230420039, value=v, duration=0.08034479198977351>
550.6112 	EXP 	line1: autoDraw = True
550.6112 	EXP 	line2: autoDraw = True
550.6112 	EXP 	line3: autoDraw = True
550.6112 	EXP 	line4: autoDraw = True
550.6154 	EXP 	fixation: autoDraw = False
551.6115 	INFO 	Keyboard events cleared
551.6113 	EXP 	probe: autoDraw = True
552.2123 	EXP 	Device response: <KeyPress from None: t=552.2028207090043, value=x, duration=None>
552.2128 	EXP 	New trial (rep=6, index=18): <Trial 18 (18 in rep 6) data={'pos': np.int64(-150), 'corr_resp': 'z', 'thisN': 18, 'thisTrialN': 18, 'thisRepN': 6}>
552.2181 	DATA 	Keypress: x
552.2221 	EXP 	fixation: autoDraw = False
552.2221 	EXP 	line1: autoDraw = False
552.2221 	EXP 	line2: autoDraw = False
552.2221 	EXP 	line3: autoDraw = False
552.2221 	EXP 	line4: autoDraw = False
552.2221 	EXP 	probe: autoDraw = False
552.2221 	EXP 	fixation: autoDraw = True
552.3503 	EXP 	Device response: <KeyPress from None: t=552.2028207090043, value=x, duration=0.144267999989097>
553.2113 	EXP 	line1: autoDraw = True
553.2113 	EXP 	line2: autoDraw = True
553.2113 	EXP 	line3: autoDraw = True
553.2113 	EXP 	line4: autoDraw = True
553.2155 	EXP 	fixation: autoDraw = False
554.2113 	INFO 	Keyboard events cleared
554.2111 	EXP 	probe: autoDraw = True
554.7293 	EXP 	Device response: <KeyPress from None: t=554.7219520840008, value=z, duration=None>
554.7299 	EXP 	New trial (rep=7, index=19): <Trial 19 (19 in rep 7) data={'pos': np.int64(-150), 'corr_resp': 'z', 'thisN': 19, 'thisTrialN': 19, 'thisRepN': 7}>
554.7361 	DATA 	Keypress: z
554.7403 	EXP 	fixation: autoDraw = False
554.7403 	EXP 	line1: autoDraw = False
554.7403 	EXP 	line2: autoDraw = False
554.7403 	EXP 	line3: autoDraw = False
554.7403 	EXP 	line4: autoDraw = False
554.7403 	EXP 	probe: autoDraw = False
554.7403 	EXP 	fixation: autoDraw = True
554.8334 	EXP 	Device response: <KeyPress from None: t=554.7219520840008, value=z, duration=0.10805320799408946>
555.7280 	EXP 	line1: autoDraw = True
555.7280 	EXP 	line2: autoDraw = True
555.7280 	EXP 	line3: autoDraw = True
555.7280 	EXP 	line4: autoDraw = True
555.7329 	EXP 	fixation: autoDraw = False
556.7280 	INFO 	Keyboard events cleared
556.7279 	EXP 	probe: autoDraw = True
557.2293 	EXP 	Device response: <KeyPress from None: t=557.2206540839979, value=z, duration=None>
557.2300 	EXP 	New trial (rep=2, index=20): <Trial 20 (20 in rep 2) data={'pos': np.int64(-50), 'corr_resp': 'x', 'thisN': 20, 'thisTrialN': 20, 'thisRepN': 2}>
557.2359 	DATA 	Keypress: z
557.2401 	EXP 	fixation: autoDraw = False
557.2401 	EXP 	line1: autoDraw = False
557.2401 	EXP 	line2: autoDraw = False
557.2401 	EXP 	line3: autoDraw = False
557.2401 	EXP 	line4: autoDraw = False
557.2401 	EXP 	probe: autoDraw = False
557.2401 	EXP 	fixation: autoDraw = True
557.3459 	EXP 	Device response: <KeyPress from None: t=557.2206540839979, value=z, duration=0.11236341600306332>
558.2279 	EXP 	line1: autoDraw = True
558.2279 	EXP 	line2: autoDraw = True
558.2279 	EXP 	line3: autoDraw = True
558.2279 	EXP 	line4: autoDraw = True
558.2326 	EXP 	fixation: autoDraw = False
559.2279 	INFO 	Keyboard events cleared
559.2278 	EXP 	probe: autoDraw = True
559.7954 	EXP 	Device response: <KeyPress from None: t=559.7888218750013, value=x, duration=None>
559.7959 	EXP 	New trial (rep=3, index=21): <Trial 21 (21 in rep 3) data={'pos': np.int64(-50), 'corr_resp': 'x', 'thisN': 21, 'thisTrialN': 21, 'thisRepN': 3}>
559.8010 	DATA 	Keypress: x
559.8052 	EXP 	fixation: autoDraw = False
559.8052 	EXP 	line1: autoDraw = False
559.8052 	EXP 	line2: autoDraw = False
559.8052 	EXP 	line3: autoDraw = False
559.8052 	EXP 	line4: autoDraw = False
559.8052 	EXP 	probe: autoDraw = False
559.8052 	EXP 	fixation: autoDraw = True
559.9501 	EXP 	Device response: <KeyPress from None: t=559.7888218750013, value=x, duration=0.15615120899747126>
560.7945 	EXP 	line1: autoDraw = True
560.7945 	EXP 	line2: autoDraw = True
560.7945 	EXP 	line3: autoDraw = True
560.7945 	EXP 	line4: autoDraw = True
560.7987 	EXP 	fixation: autoDraw = False
561.7946 	INFO 	Keyboard events cleared
561.7944 	EXP 	probe: autoDraw = True
562.4121 	EXP 	Device response: <KeyPress from None: t=562.4076833750005, value=x, duration=None>
562.4127 	EXP 	New trial (rep=7, index=22): <Trial 22 (22 in rep 7) data={'pos': np.int64(50), 'corr_resp': 'c', 'thisN': 22, 'thisTrialN': 22, 'thisRepN': 7}>
562.4175 	EXP 	fixation: autoDraw = False
562.4175 	EXP 	line1: autoDraw = False
562.4175 	EXP 	line2: autoDraw = False
562.4175 	EXP 	line3: autoDraw = False
562.4175 	EXP 	line4: autoDraw = False
562.4175 	EXP 	probe: autoDraw = False
562.4175 	EXP 	fixation: autoDraw = True
562.4216 	DATA 	Keypress: x
562.5458 	EXP 	Device response: <KeyPress from None: t=562.4076833750005, value=x, duration=0.12825662500108592>
563.4112 	EXP 	line1: autoDraw = True
563.4112 	EXP 	line2: autoDraw = True
563.4112 	EXP 	line3: autoDraw = True
563.4112 	EXP 	line4: autoDraw = True
563.4161 	EXP 	fixation: autoDraw = False
564.4112 	INFO 	Keyboard events cleared
564.4111 	EXP 	probe: autoDraw = True
565.0011 	EXP 	Device response: <KeyPress from None: t=564.999461667001, value=c, duration=None>
565.0015 	EXP 	New trial (rep=4, index=23): <Trial 23 (23 in rep 4) data={'pos': np.int64(-50), 'corr_resp': 'x', 'thisN': 23, 'thisTrialN': 23, 'thisRepN': 4}>
565.0069 	DATA 	Keypress: c
565.0111 	EXP 	fixation: autoDraw = False
565.0111 	EXP 	line1: autoDraw = False
565.0111 	EXP 	line2: autoDraw = False
565.0111 	EXP 	line3: autoDraw = False
565.0111 	EXP 	line4: autoDraw = False
565.0111 	EXP 	probe: autoDraw = False
565.0111 	EXP 	fixation: autoDraw = True
565.1332 	EXP 	Device response: <KeyPress from None: t=564.999461667001, value=c, duration=0.13243291700200643>
565.9994 	EXP 	fixation: autoDraw = False
565.9994 	EXP 	line1: autoDraw = True
565.9994 	EXP 	line2: autoDraw = True
565.9994 	EXP 	line3: autoDraw = True
565.9994 	EXP 	line4: autoDraw = True
567.0001 	INFO 	Keyboard events cleared
567.0000 	EXP 	probe: autoDraw = True
567.6003 	EXP 	Device response: <KeyPress from None: t=567.5963790840033, value=x, duration=None>
567.6007 	EXP 	New trial (rep=8, index=24): <Trial 24 (24 in rep 8) data={'pos': np.int64(-150), 'corr_resp': 'z', 'thisN': 24, 'thisTrialN': 24, 'thisRepN': 8}>
567.6060 	DATA 	Keypress: x
567.6104 	EXP 	fixation: autoDraw = False
567.6104 	EXP 	line1: autoDraw = False
567.6104 	EXP 	line2: autoDraw = False
567.6104 	EXP 	line3: autoDraw = False
567.6104 	EXP 	line4: autoDraw = False
567.6104 	EXP 	probe: autoDraw = False
567.6104 	EXP 	fixation: autoDraw = True
567.7338 	EXP 	Device response: <KeyPress from None: t=567.5963790840033, value=x, duration=0.13645383299444802>
568.5995 	EXP 	fixation: autoDraw = False
568.5995 	EXP 	line1: autoDraw = True
568.5995 	EXP 	line2: autoDraw = True
568.5995 	EXP 	line3: autoDraw = True
568.5995 	EXP 	line4: autoDraw = True
569.6001 	INFO 	Keyboard events cleared
569.6000 	EXP 	probe: autoDraw = True
570.4493 	EXP 	Device response: <KeyPress from None: t=570.4484952499915, value=z, duration=None>
570.4496 	EXP 	New trial (rep=9, index=25): <Trial 25 (25 in rep 9) data={'pos': np.int64(-150), 'corr_resp': 'z', 'thisN': 25, 'thisTrialN': 25, 'thisRepN': 9}>
570.4524 	DATA 	Keypress: z
570.4611 	EXP 	fixation: autoDraw = False
570.4611 	EXP 	line1: autoDraw = False
570.4611 	EXP 	line2: autoDraw = False
570.4611 	EXP 	line3: autoDraw = False
570.4611 	EXP 	line4: autoDraw = False
570.4611 	EXP 	probe: autoDraw = False
570.4611 	EXP 	fixation: autoDraw = True
570.6165 	EXP 	Device response: <KeyPress from None: t=570.4484952499915, value=z, duration=0.1642322500119917>
571.4444 	EXP 	line1: autoDraw = True
571.4444 	EXP 	line2: autoDraw = True
571.4444 	EXP 	line3: autoDraw = True
571.4444 	EXP 	line4: autoDraw = True
571.4490 	EXP 	fixation: autoDraw = False
572.4444 	INFO 	Keyboard events cleared
572.4443 	EXP 	probe: autoDraw = True
572.8789 	EXP 	Device response: <KeyPress from None: t=572.873641875005, value=z, duration=None>
572.8796 	EXP 	New trial (rep=8, index=26): <Trial 26 (26 in rep 8) data={'pos': np.int64(50), 'corr_resp': 'c', 'thisN': 26, 'thisTrialN': 26, 'thisRepN': 8}>
572.8843 	DATA 	Keypress: z
572.8883 	EXP 	fixation: autoDraw = False
572.8883 	EXP 	line1: autoDraw = False
572.8883 	EXP 	line2: autoDraw = False
572.8883 	EXP 	line3: autoDraw = False
572.8883 	EXP 	line4: autoDraw = False
572.8883 	EXP 	probe: autoDraw = False
572.8883 	EXP 	fixation: autoDraw = True
573.0291 	EXP 	Device response: <KeyPress from None: t=572.873641875005, value=z, duration=0.1480225419945782>
573.8776 	EXP 	line1: autoDraw = True
573.8776 	EXP 	line2: autoDraw = True
573.8776 	EXP 	line3: autoDraw = True
573.8776 	EXP 	line4: autoDraw = True
573.8819 	EXP 	fixation: autoDraw = False
574.8778 	INFO 	Keyboard events cleared
574.8777 	EXP 	probe: autoDraw = True
575.2953 	EXP 	Device response: <KeyPress from None: t=575.284339292004, value=v, duration=None>
575.2959 	EXP 	New trial (rep=3, index=27): <Trial 27 (27 in rep 3) data={'pos': np.int64(150), 'corr_resp': 'v', 'thisN': 27, 'thisTrialN': 27, 'thisRepN': 3}>
575.3003 	DATA 	Keypress: v
575.3042 	EXP 	fixation: autoDraw = False
575.3042 	EXP 	line1: autoDraw = False
575.3042 	EXP 	line2: autoDraw = False
575.3042 	EXP 	line3: autoDraw = False
575.3042 	EXP 	line4: autoDraw = False
575.3042 	EXP 	probe: autoDraw = False
575.3042 	EXP 	fixation: autoDraw = True
575.3454 	EXP 	Device response: <KeyPress from None: t=575.284339292004, value=v, duration=0.04828925000037998>
576.2944 	EXP 	line1: autoDraw = True
576.2944 	EXP 	line2: autoDraw = True
576.2944 	EXP 	line3: autoDraw = True
576.2944 	EXP 	line4: autoDraw = True
576.2987 	EXP 	fixation: autoDraw = False
577.2948 	INFO 	Keyboard events cleared
577.2946 	EXP 	probe: autoDraw = True
577.7017 	EXP 	Device response: <KeyPress from None: t=577.6962837500032, value=v, duration=None>
577.7022 	EXP 	New trial (rep=9, index=28): <Trial 28 (28 in rep 9) data={'pos': np.int64(50), 'corr_resp': 'c', 'thisN': 28, 'thisTrialN': 28, 'thisRepN': 9}>
577.7072 	DATA 	Keypress: v
577.7280 	EXP 	fixation: autoDraw = False
577.7280 	EXP 	line1: autoDraw = False
577.7280 	EXP 	line2: autoDraw = False
577.7280 	EXP 	line3: autoDraw = False
577.7280 	EXP 	line4: autoDraw = False
577.7280 	EXP 	probe: autoDraw = False
577.7280 	EXP 	fixation: autoDraw = True
577.8122 	EXP 	Device response: <KeyPress from None: t=577.6962837500032, value=v, duration=0.10420320898992941>
578.7006 	EXP 	line1: autoDraw = True
578.7006 	EXP 	line2: autoDraw = True
578.7006 	EXP 	line3: autoDraw = True
578.7006 	EXP 	line4: autoDraw = True
578.7159 	EXP 	fixation: autoDraw = False
579.6999 	INFO 	Keyboard events cleared
579.6998 	EXP 	probe: autoDraw = True
580.3123 	EXP 	Device response: <KeyPress from None: t=580.3101363750029, value=c, duration=None>
580.3130 	EXP 	New trial (rep=4, index=29): <Trial 29 (29 in rep 4) data={'pos': np.int64(150), 'corr_resp': 'v', 'thisN': 29, 'thisTrialN': 29, 'thisRepN': 4}>
580.3180 	EXP 	fixation: autoDraw = False
580.3180 	EXP 	line1: autoDraw = False
580.3180 	EXP 	line2: autoDraw = False
580.3180 	EXP 	line3: autoDraw = False
580.3180 	EXP 	line4: autoDraw = False
580.3180 	EXP 	probe: autoDraw = False
580.3180 	EXP 	fixation: autoDraw = True
580.3216 	DATA 	Keypress: c
580.4290 	EXP 	Device response: <KeyPress from None: t=580.3101363750029, value=c, duration=0.10846262499399018>
581.3110 	EXP 	line1: autoDraw = True
581.3110 	EXP 	line2: autoDraw = True
581.3110 	EXP 	line3: autoDraw = True
581.3110 	EXP 	line4: autoDraw = True
581.3159 	EXP 	fixation: autoDraw = False
582.3112 	INFO 	Keyboard events cleared
582.3110 	EXP 	probe: autoDraw = True
582.9289 	EXP 	Device response: <KeyPress from None: t=582.9276824169938, value=v, duration=None>
582.9295 	EXP 	New trial (rep=10, index=30): <Trial 30 (30 in rep 10) data={'pos': np.int64(-150), 'corr_resp': 'z', 'thisN': 30, 'thisTrialN': 30, 'thisRepN': 10}>
582.9346 	EXP 	fixation: autoDraw = False
582.9346 	EXP 	line1: autoDraw = False
582.9346 	EXP 	line2: autoDraw = False
582.9346 	EXP 	line3: autoDraw = False
582.9346 	EXP 	line4: autoDraw = False
582.9346 	EXP 	probe: autoDraw = False
582.9346 	EXP 	fixation: autoDraw = True
582.9384 	DATA 	Keypress: v
583.0454 	EXP 	Device response: <KeyPress from None: t=582.9276824169938, value=v, duration=0.11582216700480785>
583.9276 	EXP 	line1: autoDraw = True
583.9276 	EXP 	line2: autoDraw = True
583.9276 	EXP 	line3: autoDraw = True
583.9276 	EXP 	line4: autoDraw = True
583.9317 	EXP 	fixation: autoDraw = False
584.9278 	INFO 	Keyboard events cleared
584.9277 	EXP 	probe: autoDraw = True
585.4122 	EXP 	Device response: <KeyPress from None: t=585.4029976250022, value=z, duration=None>
585.4128 	EXP 	New trial (rep=11, index=31): <Trial 31 (31 in rep 11) data={'pos': np.int64(-150), 'corr_resp': 'z', 'thisN': 31, 'thisTrialN': 31, 'thisRepN': 11}>
585.4179 	DATA 	Keypress: z
585.4220 	EXP 	fixation: autoDraw = False
585.4220 	EXP 	line1: autoDraw = False
585.4220 	EXP 	line2: autoDraw = False
585.4220 	EXP 	line3: autoDraw = False
585.4220 	EXP 	line4: autoDraw = False
585.4220 	EXP 	probe: autoDraw = False
585.4220 	EXP 	fixation: autoDraw = True
585.5959 	EXP 	Device response: <KeyPress from None: t=585.4029976250022, value=z, duration=0.18854491699312348>
586.4111 	EXP 	line1: autoDraw = True
586.4111 	EXP 	line2: autoDraw = True
586.4111 	EXP 	line3: autoDraw = True
586.4111 	EXP 	line4: autoDraw = True
586.4160 	EXP 	fixation: autoDraw = False
587.4112 	INFO 	Keyboard events cleared
587.4110 	EXP 	probe: autoDraw = True
587.8956 	EXP 	Device response: <KeyPress from None: t=587.8880217499973, value=z, duration=None>
587.8961 	EXP 	New trial (rep=10, index=32): <Trial 32 (32 in rep 10) data={'pos': np.int64(50), 'corr_resp': 'c', 'thisN': 32, 'thisTrialN': 32, 'thisRepN': 10}>
587.9012 	DATA 	Keypress: z
587.9052 	EXP 	fixation: autoDraw = False
587.9052 	EXP 	line1: autoDraw = False
587.9052 	EXP 	line2: autoDraw = False
587.9052 	EXP 	line3: autoDraw = False
587.9052 	EXP 	line4: autoDraw = False
587.9052 	EXP 	probe: autoDraw = False
587.9052 	EXP 	fixation: autoDraw = True
588.0334 	EXP 	Device response: <KeyPress from None: t=587.8880217499973, value=z, duration=0.14431058400077745>
588.8942 	EXP 	line1: autoDraw = True
588.8942 	EXP 	line2: autoDraw = True
588.8942 	EXP 	line3: autoDraw = True
588.8942 	EXP 	line4: autoDraw = True
588.8989 	EXP 	fixation: autoDraw = False
589.8943 	INFO 	Keyboard events cleared
589.8941 	EXP 	probe: autoDraw = True
590.6327 	EXP 	Device response: <KeyPress from None: t=590.6300029999984, value=c, duration=None>
590.6331 	EXP 	New trial (rep=12, index=33): <Trial 33 (33 in rep 12) data={'pos': np.int64(-150), 'corr_resp': 'z', 'thisN': 33, 'thisTrialN': 33, 'thisRepN': 12}>
590.6380 	DATA 	Keypress: c
590.6432 	EXP 	fixation: autoDraw = False
590.6432 	EXP 	line1: autoDraw = False
590.6432 	EXP 	line2: autoDraw = False
590.6432 	EXP 	line3: autoDraw = False
590.6432 	EXP 	line4: autoDraw = False
590.6432 	EXP 	probe: autoDraw = False
590.6432 	EXP 	fixation: autoDraw = True
590.7506 	EXP 	Device response: <KeyPress from None: t=590.6300029999984, value=c, duration=0.1163012089964468>
591.6276 	EXP 	line1: autoDraw = True
591.6276 	EXP 	line2: autoDraw = True
591.6276 	EXP 	line3: autoDraw = True
591.6276 	EXP 	line4: autoDraw = True
591.6322 	EXP 	fixation: autoDraw = False
592.6277 	INFO 	Keyboard events cleared
592.6275 	EXP 	probe: autoDraw = True
593.2455 	EXP 	Device response: <KeyPress from None: t=593.2419057919906, value=z, duration=None>
593.2461 	EXP 	New trial (rep=5, index=34): <Trial 34 (34 in rep 5) data={'pos': np.int64(-50), 'corr_resp': 'x', 'thisN': 34, 'thisTrialN': 34, 'thisRepN': 5}>
593.2512 	EXP 	fixation: autoDraw = False
593.2512 	EXP 	line1: autoDraw = False
593.2512 	EXP 	line2: autoDraw = False
593.2512 	EXP 	line3: autoDraw = False
593.2512 	EXP 	line4: autoDraw = False
593.2512 	EXP 	probe: autoDraw = False
593.2512 	EXP 	fixation: autoDraw = True
593.2554 	DATA 	Keypress: z
593.4118 	EXP 	Device response: <KeyPress from None: t=593.2419057919906, value=z, duration=0.15626087501004804>
594.2443 	EXP 	line1: autoDraw = True
594.2443 	EXP 	line2: autoDraw = True
594.2443 	EXP 	line3: autoDraw = True
594.2443 	EXP 	line4: autoDraw = True
594.2493 	EXP 	fixation: autoDraw = False
595.2443 	INFO 	Keyboard events cleared
595.2442 	EXP 	probe: autoDraw = True
595.9456 	EXP 	Device response: <KeyPress from None: t=595.9409030840034, value=x, duration=None>
595.9462 	EXP 	New trial (rep=5, index=35): <Trial 35 (35 in rep 5) data={'pos': np.int64(150), 'corr_resp': 'v', 'thisN': 35, 'thisTrialN': 35, 'thisRepN': 5}>
595.9514 	EXP 	fixation: autoDraw = False
595.9514 	EXP 	line1: autoDraw = False
595.9514 	EXP 	line2: autoDraw = False
595.9514 	EXP 	line3: autoDraw = False
595.9514 	EXP 	line4: autoDraw = False
595.9514 	EXP 	probe: autoDraw = False
595.9514 	EXP 	fixation: autoDraw = True
595.9555 	DATA 	Keypress: x
596.0668 	EXP 	Device response: <KeyPress from None: t=595.9409030840034, value=x, duration=0.12422416599292774>
596.9449 	EXP 	line1: autoDraw = True
596.9449 	EXP 	line2: autoDraw = True
596.9449 	EXP 	line3: autoDraw = True
596.9449 	EXP 	line4: autoDraw = True
596.9495 	EXP 	fixation: autoDraw = False
597.9443 	INFO 	Keyboard events cleared
597.9441 	EXP 	probe: autoDraw = True
598.5662 	EXP 	Device response: <KeyPress from None: t=598.5637995839934, value=v, duration=None>
598.5666 	EXP 	New trial (rep=6, index=36): <Trial 36 (36 in rep 6) data={'pos': np.int64(150), 'corr_resp': 'v', 'thisN': 36, 'thisTrialN': 36, 'thisRepN': 6}>
598.5721 	DATA 	Keypress: v
598.5768 	EXP 	fixation: autoDraw = False
598.5768 	EXP 	line1: autoDraw = False
598.5768 	EXP 	line2: autoDraw = False
598.5768 	EXP 	line3: autoDraw = False
598.5768 	EXP 	line4: autoDraw = False
598.5768 	EXP 	probe: autoDraw = False
598.5768 	EXP 	fixation: autoDraw = True
598.6456 	EXP 	Device response: <KeyPress from None: t=598.5637995839934, value=v, duration=0.07629583300149534>
599.5609 	EXP 	line1: autoDraw = True
599.5609 	EXP 	line2: autoDraw = True
599.5609 	EXP 	line3: autoDraw = True
599.5609 	EXP 	line4: autoDraw = True
599.5654 	EXP 	fixation: autoDraw = False
600.5610 	INFO 	Keyboard events cleared
600.5608 	EXP 	probe: autoDraw = True
601.0455 	EXP 	Device response: <KeyPress from None: t=601.0377854590042, value=v, duration=None>
601.0461 	EXP 	New trial (rep=6, index=37): <Trial 37 (37 in rep 6) data={'pos': np.int64(-50), 'corr_resp': 'x', 'thisN': 37, 'thisTrialN': 37, 'thisRepN': 6}>
601.0521 	DATA 	Keypress: v
601.0563 	EXP 	fixation: autoDraw = False
601.0563 	EXP 	line1: autoDraw = False
601.0563 	EXP 	line2: autoDraw = False
601.0563 	EXP 	line3: autoDraw = False
601.0563 	EXP 	line4: autoDraw = False
601.0563 	EXP 	probe: autoDraw = False
601.0563 	EXP 	fixation: autoDraw = True
601.1158 	EXP 	Device response: <KeyPress from None: t=601.0377854590042, value=v, duration=0.0763652499881573>
602.0440 	EXP 	line1: autoDraw = True
602.0440 	EXP 	line2: autoDraw = True
602.0440 	EXP 	line3: autoDraw = True
602.0440 	EXP 	line4: autoDraw = True
602.0486 	EXP 	fixation: autoDraw = False
603.0443 	INFO 	Keyboard events cleared
603.0441 	EXP 	probe: autoDraw = True
603.7123 	EXP 	Device response: <KeyPress from None: t=603.7026147500001, value=x, duration=None>
603.7130 	EXP 	New trial (rep=7, index=38): <Trial 38 (38 in rep 7) data={'pos': np.int64(-50), 'corr_resp': 'x', 'thisN': 38, 'thisTrialN': 38, 'thisRepN': 7}>
603.7198 	DATA 	Keypress: x
603.7239 	EXP 	fixation: autoDraw = False
603.7239 	EXP 	line1: autoDraw = False
603.7239 	EXP 	line2: autoDraw = False
603.7239 	EXP 	line3: autoDraw = False
603.7239 	EXP 	line4: autoDraw = False
603.7239 	EXP 	probe: autoDraw = False
603.7239 	EXP 	fixation: autoDraw = True
603.8453 	EXP 	Device response: <KeyPress from None: t=603.7026147500001, value=x, duration=0.13236087499535643>
604.7108 	EXP 	line1: autoDraw = True
604.7108 	EXP 	line2: autoDraw = True
604.7108 	EXP 	line3: autoDraw = True
604.7108 	EXP 	line4: autoDraw = True
604.7153 	EXP 	fixation: autoDraw = False
605.7109 	INFO 	Keyboard events cleared
605.7108 	EXP 	probe: autoDraw = True
606.2950 	EXP 	Device response: <KeyPress from None: t=606.2875941249949, value=x, duration=None>
606.2955 	EXP 	New trial (rep=8, index=39): <Trial 39 (39 in rep 8) data={'pos': np.int64(-50), 'corr_resp': 'x', 'thisN': 39, 'thisTrialN': 39, 'thisRepN': 8}>
606.3009 	DATA 	Keypress: x
606.3053 	EXP 	fixation: autoDraw = False
606.3053 	EXP 	line1: autoDraw = False
606.3053 	EXP 	line2: autoDraw = False
606.3053 	EXP 	line3: autoDraw = False
606.3053 	EXP 	line4: autoDraw = False
606.3053 	EXP 	probe: autoDraw = False
606.3053 	EXP 	fixation: autoDraw = True
606.4286 	EXP 	Device response: <KeyPress from None: t=606.2875941249949, value=x, duration=0.13641358399763703>
607.2941 	EXP 	line1: autoDraw = True
607.2941 	EXP 	line2: autoDraw = True
607.2941 	EXP 	line3: autoDraw = True
607.2941 	EXP 	line4: autoDraw = True
607.2986 	EXP 	fixation: autoDraw = False
608.2941 	INFO 	Keyboard events cleared
608.2940 	EXP 	probe: autoDraw = True
609.5836 	EXP 	Device response: <KeyPress from None: t=609.5815529169922, value=x, duration=None>
609.5840 	EXP 	New trial (rep=7, index=40): <Trial 40 (40 in rep 7) data={'pos': np.int64(150), 'corr_resp': 'v', 'thisN': 40, 'thisTrialN': 40, 'thisRepN': 7}>
609.5895 	DATA 	Keypress: x
609.5937 	EXP 	fixation: autoDraw = False
609.5937 	EXP 	line1: autoDraw = False
609.5937 	EXP 	line2: autoDraw = False
609.5937 	EXP 	line3: autoDraw = False
609.5937 	EXP 	line4: autoDraw = False
609.5937 	EXP 	probe: autoDraw = False
609.5937 	EXP 	fixation: autoDraw = True
609.6956 	EXP 	Device response: <KeyPress from None: t=609.5815529169922, value=x, duration=0.10427458300546277>
610.5825 	EXP 	fixation: autoDraw = False
610.5825 	EXP 	line1: autoDraw = True
610.5825 	EXP 	line2: autoDraw = True
610.5825 	EXP 	line3: autoDraw = True
610.5825 	EXP 	line4: autoDraw = True
611.5833 	INFO 	Keyboard events cleared
611.5831 	EXP 	probe: autoDraw = True
612.0500 	EXP 	Device response: <KeyPress from None: t=612.0483820840018, value=v, duration=None>
612.0505 	EXP 	New trial (rep=8, index=41): <Trial 41 (41 in rep 8) data={'pos': np.int64(150), 'corr_resp': 'v', 'thisN': 41, 'thisTrialN': 41, 'thisRepN': 8}>
612.0558 	DATA 	Keypress: v
612.0601 	EXP 	fixation: autoDraw = False
612.0601 	EXP 	line1: autoDraw = False
612.0601 	EXP 	line2: autoDraw = False
612.0601 	EXP 	line3: autoDraw = False
612.0601 	EXP 	line4: autoDraw = False
612.0601 	EXP 	probe: autoDraw = False
612.0601 	EXP 	fixation: autoDraw = True
612.1664 	EXP 	Device response: <KeyPress from None: t=612.0483820840018, value=v, duration=0.11644895799690858>
613.0491 	EXP 	fixation: autoDraw = False
613.0491 	EXP 	line1: autoDraw = True
613.0491 	EXP 	line2: autoDraw = True
613.0491 	EXP 	line3: autoDraw = True
613.0491 	EXP 	line4: autoDraw = True
614.0495 	INFO 	Keyboard events cleared
614.0493 	EXP 	probe: autoDraw = True
614.6834 	EXP 	Device response: <KeyPress from None: t=614.6823738340026, value=v, duration=None>
614.6838 	EXP 	New trial (rep=13, index=42): <Trial 42 (42 in rep 13) data={'pos': np.int64(-150), 'corr_resp': 'z', 'thisN': 42, 'thisTrialN': 42, 'thisRepN': 13}>
614.6893 	DATA 	Keypress: v
614.6937 	EXP 	fixation: autoDraw = False
614.6937 	EXP 	line1: autoDraw = False
614.6937 	EXP 	line2: autoDraw = False
614.6937 	EXP 	line3: autoDraw = False
614.6937 	EXP 	line4: autoDraw = False
614.6937 	EXP 	probe: autoDraw = False
614.6937 	EXP 	fixation: autoDraw = True
614.7617 	EXP 	Device response: <KeyPress from None: t=614.6823738340026, value=v, duration=0.07250079099321738>
615.6823 	EXP 	fixation: autoDraw = False
615.6823 	EXP 	line1: autoDraw = True
615.6823 	EXP 	line2: autoDraw = True
615.6823 	EXP 	line3: autoDraw = True
615.6823 	EXP 	line4: autoDraw = True
616.6842 	INFO 	Keyboard events cleared
616.6840 	EXP 	probe: autoDraw = True
617.3451 	EXP 	Device response: <KeyPress from None: t=617.3393849169952, value=z, duration=None>
617.3455 	EXP 	New trial (rep=9, index=43): <Trial 43 (43 in rep 9) data={'pos': np.int64(-50), 'corr_resp': 'x', 'thisN': 43, 'thisTrialN': 43, 'thisRepN': 9}>
617.3507 	DATA 	Keypress: z
617.3549 	EXP 	fixation: autoDraw = False
617.3549 	EXP 	line1: autoDraw = False
617.3549 	EXP 	line2: autoDraw = False
617.3549 	EXP 	line3: autoDraw = False
617.3549 	EXP 	line4: autoDraw = False
617.3549 	EXP 	probe: autoDraw = False
617.3549 	EXP 	fixation: autoDraw = True
617.4787 	EXP 	Device response: <KeyPress from None: t=617.3393849169952, value=z, duration=0.12869066699931864>
618.3441 	EXP 	line1: autoDraw = True
618.3441 	EXP 	line2: autoDraw = True
618.3441 	EXP 	line3: autoDraw = True
618.3441 	EXP 	line4: autoDraw = True
618.3493 	EXP 	fixation: autoDraw = False
619.3441 	INFO 	Keyboard events cleared
619.3439 	EXP 	probe: autoDraw = True
620.0453 	EXP 	Device response: <KeyPress from None: t=620.034166958998, value=x, duration=None>
620.0459 	EXP 	New trial (rep=10, index=44): <Trial 44 (44 in rep 10) data={'pos': np.int64(-50), 'corr_resp': 'x', 'thisN': 44, 'thisTrialN': 44, 'thisRepN': 10}>
620.0518 	DATA 	Keypress: x
620.0560 	EXP 	fixation: autoDraw = False
620.0560 	EXP 	line1: autoDraw = False
620.0560 	EXP 	line2: autoDraw = False
620.0560 	EXP 	line3: autoDraw = False
620.0560 	EXP 	line4: autoDraw = False
620.0560 	EXP 	probe: autoDraw = False
620.0560 	EXP 	fixation: autoDraw = True
620.1953 	EXP 	Device response: <KeyPress from None: t=620.034166958998, value=x, duration=0.1484252079972066>
621.0440 	EXP 	line1: autoDraw = True
621.0440 	EXP 	line2: autoDraw = True
621.0440 	EXP 	line3: autoDraw = True
621.0440 	EXP 	line4: autoDraw = True
621.0488 	EXP 	fixation: autoDraw = False
622.0443 	INFO 	Keyboard events cleared
622.0441 	EXP 	probe: autoDraw = True
622.5123 	EXP 	Device response: <KeyPress from None: t=622.5071727920003, value=x, duration=None>
622.5131 	EXP 	New trial (rep=11, index=45): <Trial 45 (45 in rep 11) data={'pos': np.int64(50), 'corr_resp': 'c', 'thisN': 45, 'thisTrialN': 45, 'thisRepN': 11}>
622.5182 	EXP 	fixation: autoDraw = False
622.5182 	EXP 	line1: autoDraw = False
622.5182 	EXP 	line2: autoDraw = False
622.5182 	EXP 	line3: autoDraw = False
622.5182 	EXP 	line4: autoDraw = False
622.5182 	EXP 	probe: autoDraw = False
622.5182 	EXP 	fixation: autoDraw = True
622.5222 	DATA 	Keypress: x
622.6619 	EXP 	Device response: <KeyPress from None: t=622.5071727920003, value=x, duration=0.14427887499914505>
623.5106 	EXP 	line1: autoDraw = True
623.5106 	EXP 	line2: autoDraw = True
623.5106 	EXP 	line3: autoDraw = True
623.5106 	EXP 	line4: autoDraw = True
623.5150 	EXP 	fixation: autoDraw = False
624.5107 	INFO 	Keyboard events cleared
624.5106 	EXP 	probe: autoDraw = True
625.1669 	EXP 	Device response: <KeyPress from None: t=625.1621827089984, value=c, duration=None>
625.1673 	EXP 	New trial (rep=9, index=46): <Trial 46 (46 in rep 9) data={'pos': np.int64(150), 'corr_resp': 'v', 'thisN': 46, 'thisTrialN': 46, 'thisRepN': 9}>
625.1727 	DATA 	Keypress: c
625.1771 	EXP 	fixation: autoDraw = False
625.1771 	EXP 	line1: autoDraw = False
625.1771 	EXP 	line2: autoDraw = False
625.1771 	EXP 	line3: autoDraw = False
625.1771 	EXP 	line4: autoDraw = False
625.1771 	EXP 	probe: autoDraw = False
625.1771 	EXP 	fixation: autoDraw = True
625.3116 	EXP 	Device response: <KeyPress from None: t=625.1621827089984, value=c, duration=0.1404705000022659>
626.1655 	EXP 	fixation: autoDraw = False
626.1655 	EXP 	line1: autoDraw = True
626.1655 	EXP 	line2: autoDraw = True
626.1655 	EXP 	line3: autoDraw = True
626.1655 	EXP 	line4: autoDraw = True
627.1669 	INFO 	Keyboard events cleared
627.1667 	EXP 	probe: autoDraw = True
627.6952 	EXP 	Device response: <KeyPress from None: t=627.6931655420049, value=v, duration=None>
627.6959 	EXP 	New trial (rep=14, index=47): <Trial 47 (47 in rep 14) data={'pos': np.int64(-150), 'corr_resp': 'z', 'thisN': 47, 'thisTrialN': 47, 'thisRepN': 14}>
627.7007 	EXP 	fixation: autoDraw = False
627.7007 	EXP 	line1: autoDraw = False
627.7007 	EXP 	line2: autoDraw = False
627.7007 	EXP 	line3: autoDraw = False
627.7007 	EXP 	line4: autoDraw = False
627.7007 	EXP 	probe: autoDraw = False
627.7007 	EXP 	fixation: autoDraw = True
627.7047 	DATA 	Keypress: v
627.7949 	EXP 	Device response: <KeyPress from None: t=627.6931655420049, value=v, duration=0.09221183299086988>
628.6942 	EXP 	line1: autoDraw = True
628.6942 	EXP 	line2: autoDraw = True
628.6942 	EXP 	line3: autoDraw = True
628.6942 	EXP 	line4: autoDraw = True
628.6991 	EXP 	fixation: autoDraw = False
629.6942 	INFO 	Keyboard events cleared
629.6940 	EXP 	probe: autoDraw = True
630.2616 	EXP 	Device response: <KeyPress from None: t=630.2499205839995, value=z, duration=None>
630.2621 	EXP 	New trial (rep=15, index=48): <Trial 48 (48 in rep 15) data={'pos': np.int64(-150), 'corr_resp': 'z', 'thisN': 48, 'thisTrialN': 48, 'thisRepN': 15}>
630.2677 	DATA 	Keypress: z
630.2719 	EXP 	fixation: autoDraw = False
630.2719 	EXP 	line1: autoDraw = False
630.2719 	EXP 	line2: autoDraw = False
630.2719 	EXP 	line3: autoDraw = False
630.2719 	EXP 	line4: autoDraw = False
630.2719 	EXP 	probe: autoDraw = False
630.2719 	EXP 	fixation: autoDraw = True
630.4163 	EXP 	Device response: <KeyPress from None: t=630.2499205839995, value=z, duration=0.16445437500078697>
631.2605 	EXP 	line1: autoDraw = True
631.2605 	EXP 	line2: autoDraw = True
631.2605 	EXP 	line3: autoDraw = True
631.2605 	EXP 	line4: autoDraw = True
631.2654 	EXP 	fixation: autoDraw = False
632.2609 	INFO 	Keyboard events cleared
632.2607 	EXP 	probe: autoDraw = True
632.7332 	EXP 	Device response: <KeyPress from None: t=632.7299815000006, value=z, duration=None>
632.7336 	EXP 	New trial (rep=10, index=49): <Trial 49 (49 in rep 10) data={'pos': np.int64(150), 'corr_resp': 'v', 'thisN': 49, 'thisTrialN': 49, 'thisRepN': 10}>
632.7390 	DATA 	Keypress: z
632.7432 	EXP 	fixation: autoDraw = False
632.7432 	EXP 	line1: autoDraw = False
632.7432 	EXP 	line2: autoDraw = False
632.7432 	EXP 	line3: autoDraw = False
632.7432 	EXP 	line4: autoDraw = False
632.7432 	EXP 	probe: autoDraw = False
632.7432 	EXP 	fixation: autoDraw = True
632.8450 	EXP 	Device response: <KeyPress from None: t=632.7299815000006, value=z, duration=0.11240079200069886>
633.7322 	EXP 	fixation: autoDraw = False
633.7322 	EXP 	line1: autoDraw = True
633.7322 	EXP 	line2: autoDraw = True
633.7322 	EXP 	line3: autoDraw = True
633.7322 	EXP 	line4: autoDraw = True
634.7272 	INFO 	Keyboard events cleared
634.7271 	EXP 	probe: autoDraw = True
635.1622 	EXP 	Device response: <KeyPress from None: t=635.1589871670003, value=v, duration=None>
635.1629 	EXP 	New trial (rep=11, index=50): <Trial 50 (50 in rep 11) data={'pos': np.int64(150), 'corr_resp': 'v', 'thisN': 50, 'thisTrialN': 50, 'thisRepN': 11}>
635.1677 	EXP 	fixation: autoDraw = False
635.1677 	EXP 	line1: autoDraw = False
635.1677 	EXP 	line2: autoDraw = False
635.1677 	EXP 	line3: autoDraw = False
635.1677 	EXP 	line4: autoDraw = False
635.1677 	EXP 	probe: autoDraw = False
635.1677 	EXP 	fixation: autoDraw = True
635.1717 	DATA 	Keypress: v
635.2450 	EXP 	Device response: <KeyPress from None: t=635.1589871670003, value=v, duration=0.0843116670002928>
636.1605 	EXP 	line1: autoDraw = True
636.1605 	EXP 	line2: autoDraw = True
636.1605 	EXP 	line3: autoDraw = True
636.1605 	EXP 	line4: autoDraw = True
636.1654 	EXP 	fixation: autoDraw = False
637.1605 	INFO 	Keyboard events cleared
637.1604 	EXP 	probe: autoDraw = True
637.8287 	EXP 	Device response: <KeyPress from None: t=637.8268054999935, value=v, duration=None>
637.8295 	EXP 	New trial (rep=16, index=51): <Trial 51 (51 in rep 16) data={'pos': np.int64(-150), 'corr_resp': 'z', 'thisN': 51, 'thisTrialN': 51, 'thisRepN': 16}>
637.8342 	EXP 	fixation: autoDraw = False
637.8342 	EXP 	line1: autoDraw = False
637.8342 	EXP 	line2: autoDraw = False
637.8342 	EXP 	line3: autoDraw = False
637.8342 	EXP 	line4: autoDraw = False
637.8342 	EXP 	probe: autoDraw = False
637.8342 	EXP 	fixation: autoDraw = True
637.8385 	DATA 	Keypress: v
637.9283 	EXP 	Device response: <KeyPress from None: t=637.8268054999935, value=v, duration=0.09239962500578258>
638.8272 	EXP 	line1: autoDraw = True
638.8272 	EXP 	line2: autoDraw = True
638.8272 	EXP 	line3: autoDraw = True
638.8272 	EXP 	line4: autoDraw = True
638.8316 	EXP 	fixation: autoDraw = False
639.8272 	INFO 	Keyboard events cleared
639.8271 	EXP 	probe: autoDraw = True
640.3282 	EXP 	Device response: <KeyPress from None: t=640.3219766249968, value=z, duration=None>
640.3287 	EXP 	New trial (rep=17, index=52): <Trial 52 (52 in rep 17) data={'pos': np.int64(-150), 'corr_resp': 'z', 'thisN': 52, 'thisTrialN': 52, 'thisRepN': 17}>
640.3339 	DATA 	Keypress: z
640.3380 	EXP 	fixation: autoDraw = False
640.3380 	EXP 	line1: autoDraw = False
640.3380 	EXP 	line2: autoDraw = False
640.3380 	EXP 	line3: autoDraw = False
640.3380 	EXP 	line4: autoDraw = False
640.3380 	EXP 	probe: autoDraw = False
640.3380 	EXP 	fixation: autoDraw = True
640.4950 	EXP 	Device response: <KeyPress from None: t=640.3219766249968, value=z, duration=0.16422345899627544>
641.3271 	EXP 	line1: autoDraw = True
641.3271 	EXP 	line2: autoDraw = True
641.3271 	EXP 	line3: autoDraw = True
641.3271 	EXP 	line4: autoDraw = True
641.3318 	EXP 	fixation: autoDraw = False
642.3272 	INFO 	Keyboard events cleared
642.3270 	EXP 	probe: autoDraw = True
642.8281 	EXP 	Device response: <KeyPress from None: t=642.8208742089919, value=z, duration=None>
642.8286 	EXP 	New trial (rep=12, index=53): <Trial 53 (53 in rep 12) data={'pos': np.int64(150), 'corr_resp': 'v', 'thisN': 53, 'thisTrialN': 53, 'thisRepN': 12}>
642.8338 	DATA 	Keypress: z
642.8379 	EXP 	fixation: autoDraw = False
642.8379 	EXP 	line1: autoDraw = False
642.8379 	EXP 	line2: autoDraw = False
642.8379 	EXP 	line3: autoDraw = False
642.8379 	EXP 	line4: autoDraw = False
642.8379 	EXP 	probe: autoDraw = False
642.8379 	EXP 	fixation: autoDraw = True
642.9451 	EXP 	Device response: <KeyPress from None: t=642.8208742089919, value=z, duration=0.12036516600346658>
643.8271 	EXP 	line1: autoDraw = True
643.8271 	EXP 	line2: autoDraw = True
643.8271 	EXP 	line3: autoDraw = True
643.8271 	EXP 	line4: autoDraw = True
643.8318 	EXP 	fixation: autoDraw = False
644.8271 	INFO 	Keyboard events cleared
644.8270 	EXP 	probe: autoDraw = True
645.3283 	EXP 	Device response: <KeyPress from None: t=645.3187521249929, value=v, duration=None>
645.3289 	EXP 	New trial (rep=13, index=54): <Trial 54 (54 in rep 13) data={'pos': np.int64(150), 'corr_resp': 'v', 'thisN': 54, 'thisTrialN': 54, 'thisRepN': 13}>
645.3345 	DATA 	Keypress: v
645.3388 	EXP 	fixation: autoDraw = False
645.3388 	EXP 	line1: autoDraw = False
645.3388 	EXP 	line2: autoDraw = False
645.3388 	EXP 	line3: autoDraw = False
645.3388 	EXP 	line4: autoDraw = False
645.3388 	EXP 	probe: autoDraw = False
645.3388 	EXP 	fixation: autoDraw = True
645.4284 	EXP 	Device response: <KeyPress from None: t=645.3187521249929, value=v, duration=0.10435166700335685>
646.3272 	EXP 	line1: autoDraw = True
646.3272 	EXP 	line2: autoDraw = True
646.3272 	EXP 	line3: autoDraw = True
646.3272 	EXP 	line4: autoDraw = True
646.3321 	EXP 	fixation: autoDraw = False
647.3273 	INFO 	Keyboard events cleared
647.3271 	EXP 	probe: autoDraw = True
647.7665 	EXP 	Device response: <KeyPress from None: t=647.7626630000013, value=v, duration=None>
647.7669 	EXP 	New trial (rep=12, index=55): <Trial 55 (55 in rep 12) data={'pos': np.int64(50), 'corr_resp': 'c', 'thisN': 55, 'thisTrialN': 55, 'thisRepN': 12}>
647.7725 	DATA 	Keypress: v
647.7769 	EXP 	fixation: autoDraw = False
647.7769 	EXP 	line1: autoDraw = False
647.7769 	EXP 	line2: autoDraw = False
647.7769 	EXP 	line3: autoDraw = False
647.7769 	EXP 	line4: autoDraw = False
647.7769 	EXP 	probe: autoDraw = False
647.7769 	EXP 	fixation: autoDraw = True
647.8785 	EXP 	Device response: <KeyPress from None: t=647.7626630000013, value=v, duration=0.10423674999037758>
648.7660 	EXP 	fixation: autoDraw = False
648.7660 	EXP 	line1: autoDraw = True
648.7660 	EXP 	line2: autoDraw = True
648.7660 	EXP 	line3: autoDraw = True
648.7660 	EXP 	line4: autoDraw = True
649.7660 	INFO 	Keyboard events cleared
649.7658 	EXP 	probe: autoDraw = True
650.3331 	EXP 	Device response: <KeyPress from None: t=650.3305147920037, value=c, duration=None>
650.3335 	EXP 	New trial (rep=13, index=56): <Trial 56 (56 in rep 13) data={'pos': np.int64(50), 'corr_resp': 'c', 'thisN': 56, 'thisTrialN': 56, 'thisRepN': 13}>
650.3391 	DATA 	Keypress: c
650.3433 	EXP 	fixation: autoDraw = False
650.3433 	EXP 	line1: autoDraw = False
650.3433 	EXP 	line2: autoDraw = False
650.3433 	EXP 	line3: autoDraw = False
650.3433 	EXP 	line4: autoDraw = False
650.3433 	EXP 	probe: autoDraw = False
650.3433 	EXP 	fixation: autoDraw = True
650.4449 	EXP 	Device response: <KeyPress from None: t=650.3305147920037, value=c, duration=0.11243508299230598>
651.3320 	EXP 	fixation: autoDraw = False
651.3320 	EXP 	line1: autoDraw = True
651.3320 	EXP 	line2: autoDraw = True
651.3320 	EXP 	line3: autoDraw = True
651.3320 	EXP 	line4: autoDraw = True
652.3330 	INFO 	Keyboard events cleared
652.3328 	EXP 	probe: autoDraw = True
652.8950 	EXP 	Device response: <KeyPress from None: t=652.8847876670043, value=c, duration=None>
652.8956 	EXP 	New trial (rep=14, index=57): <Trial 57 (57 in rep 14) data={'pos': np.int64(50), 'corr_resp': 'c', 'thisN': 57, 'thisTrialN': 57, 'thisRepN': 14}>
652.9010 	DATA 	Keypress: c
652.9050 	EXP 	fixation: autoDraw = False
652.9050 	EXP 	line1: autoDraw = False
652.9050 	EXP 	line2: autoDraw = False
652.9050 	EXP 	line3: autoDraw = False
652.9050 	EXP 	line4: autoDraw = False
652.9050 	EXP 	probe: autoDraw = False
652.9050 	EXP 	fixation: autoDraw = True
652.9949 	EXP 	Device response: <KeyPress from None: t=652.8847876670043, value=c, duration=0.10798662499291822>
653.8937 	EXP 	line1: autoDraw = True
653.8937 	EXP 	line2: autoDraw = True
653.8937 	EXP 	line3: autoDraw = True
653.8937 	EXP 	line4: autoDraw = True
653.8981 	EXP 	fixation: autoDraw = False
654.8939 	INFO 	Keyboard events cleared
654.8938 	EXP 	probe: autoDraw = True
655.3783 	EXP 	Device response: <KeyPress from None: t=655.3663540419948, value=c, duration=None>
655.3788 	EXP 	New trial (rep=18, index=58): <Trial 58 (58 in rep 18) data={'pos': np.int64(-150), 'corr_resp': 'z', 'thisN': 58, 'thisTrialN': 58, 'thisRepN': 18}>
655.3847 	DATA 	Keypress: c
655.3890 	EXP 	fixation: autoDraw = False
655.3890 	EXP 	line1: autoDraw = False
655.3890 	EXP 	line2: autoDraw = False
655.3890 	EXP 	line3: autoDraw = False
655.3890 	EXP 	line4: autoDraw = False
655.3890 	EXP 	probe: autoDraw = False
655.3890 	EXP 	fixation: autoDraw = True
655.4827 	EXP 	Device response: <KeyPress from None: t=655.3663540419948, value=c, duration=0.1127817920059897>
656.3770 	EXP 	line1: autoDraw = True
656.3770 	EXP 	line2: autoDraw = True
656.3770 	EXP 	line3: autoDraw = True
656.3770 	EXP 	line4: autoDraw = True
656.3812 	EXP 	fixation: autoDraw = False
657.3773 	INFO 	Keyboard events cleared
657.3771 	EXP 	probe: autoDraw = True
657.9283 	EXP 	Device response: <KeyPress from None: t=657.9224949999916, value=z, duration=None>
657.9290 	EXP 	New trial (rep=19, index=59): <Trial 59 (59 in rep 19) data={'pos': np.int64(-150), 'corr_resp': 'z', 'thisN': 59, 'thisTrialN': 59, 'thisRepN': 19}>
657.9347 	DATA 	Keypress: z
657.9390 	EXP 	fixation: autoDraw = False
657.9390 	EXP 	line1: autoDraw = False
657.9390 	EXP 	line2: autoDraw = False
657.9390 	EXP 	line3: autoDraw = False
657.9390 	EXP 	line4: autoDraw = False
657.9390 	EXP 	probe: autoDraw = False
657.9390 	EXP 	fixation: autoDraw = True
658.0659 	EXP 	Device response: <KeyPress from None: t=657.9224949999916, value=z, duration=0.14027212500513997>
658.9269 	EXP 	line1: autoDraw = True
658.9269 	EXP 	line2: autoDraw = True
658.9269 	EXP 	line3: autoDraw = True
658.9269 	EXP 	line4: autoDraw = True
658.9317 	EXP 	fixation: autoDraw = False
659.9270 	INFO 	Keyboard events cleared
659.9268 	EXP 	probe: autoDraw = True
660.7996 	EXP 	Device response: <KeyPress from None: t=660.7963428749936, value=z, duration=None>
660.8000 	EXP 	New trial (rep=15, index=60): <Trial 60 (60 in rep 15) data={'pos': np.int64(50), 'corr_resp': 'c', 'thisN': 60, 'thisTrialN': 60, 'thisRepN': 15}>
660.8055 	DATA 	Keypress: z
660.8097 	EXP 	fixation: autoDraw = False
660.8097 	EXP 	line1: autoDraw = False
660.8097 	EXP 	line2: autoDraw = False
660.8097 	EXP 	line3: autoDraw = False
660.8097 	EXP 	line4: autoDraw = False
660.8097 	EXP 	probe: autoDraw = False
660.8097 	EXP 	fixation: autoDraw = True
660.9111 	EXP 	Device response: <KeyPress from None: t=660.7963428749936, value=z, duration=0.11234791700553615>
661.7979 	EXP 	fixation: autoDraw = False
661.7979 	EXP 	line1: autoDraw = True
661.7979 	EXP 	line2: autoDraw = True
661.7979 	EXP 	line3: autoDraw = True
661.7979 	EXP 	line4: autoDraw = True
662.7993 	INFO 	Keyboard events cleared
662.7992 	EXP 	probe: autoDraw = True
663.8283 	EXP 	Device response: <KeyPress from None: t=663.8192436249956, value=c, duration=None>
663.8292 	EXP 	New trial (rep=14, index=61): <Trial 61 (61 in rep 14) data={'pos': np.int64(150), 'corr_resp': 'v', 'thisN': 61, 'thisTrialN': 61, 'thisRepN': 14}>
663.8349 	DATA 	Keypress: c
663.8391 	EXP 	fixation: autoDraw = False
663.8391 	EXP 	line1: autoDraw = False
663.8391 	EXP 	line2: autoDraw = False
663.8391 	EXP 	line3: autoDraw = False
663.8391 	EXP 	line4: autoDraw = False
663.8391 	EXP 	probe: autoDraw = False
663.8391 	EXP 	fixation: autoDraw = True
663.9326 	EXP 	Device response: <KeyPress from None: t=663.8192436249956, value=c, duration=0.11240804199769627>
664.8268 	EXP 	line1: autoDraw = True
664.8268 	EXP 	line2: autoDraw = True
664.8268 	EXP 	line3: autoDraw = True
664.8268 	EXP 	line4: autoDraw = True
664.8311 	EXP 	fixation: autoDraw = False
665.8273 	INFO 	Keyboard events cleared
665.8271 	EXP 	probe: autoDraw = True
666.5115 	EXP 	Device response: <KeyPress from None: t=666.5056110000005, value=v, duration=None>
666.5120 	EXP 	New trial (rep=16, index=62): <Trial 62 (62 in rep 16) data={'pos': np.int64(50), 'corr_resp': 'c', 'thisN': 62, 'thisTrialN': 62, 'thisRepN': 16}>
666.5181 	DATA 	Keypress: v
666.5222 	EXP 	fixation: autoDraw = False
666.5222 	EXP 	line1: autoDraw = False
666.5222 	EXP 	line2: autoDraw = False
666.5222 	EXP 	line3: autoDraw = False
666.5222 	EXP 	line4: autoDraw = False
666.5222 	EXP 	probe: autoDraw = False
666.5222 	EXP 	fixation: autoDraw = True
666.5949 	EXP 	Device response: <KeyPress from None: t=666.5056110000005, value=v, duration=0.0800582090014359>
667.5102 	EXP 	line1: autoDraw = True
667.5102 	EXP 	line2: autoDraw = True
667.5102 	EXP 	line3: autoDraw = True
667.5102 	EXP 	line4: autoDraw = True
667.5150 	EXP 	fixation: autoDraw = False
668.5103 	INFO 	Keyboard events cleared
668.5102 	EXP 	probe: autoDraw = True
669.3283 	EXP 	Device response: <KeyPress from None: t=669.3191820420034, value=c, duration=None>
669.3289 	EXP 	New trial (rep=17, index=63): <Trial 63 (63 in rep 17) data={'pos': np.int64(50), 'corr_resp': 'c', 'thisN': 63, 'thisTrialN': 63, 'thisRepN': 17}>
669.3347 	DATA 	Keypress: c
669.3389 	EXP 	fixation: autoDraw = False
669.3389 	EXP 	line1: autoDraw = False
669.3389 	EXP 	line2: autoDraw = False
669.3389 	EXP 	line3: autoDraw = False
669.3389 	EXP 	line4: autoDraw = False
669.3389 	EXP 	probe: autoDraw = False
669.3389 	EXP 	fixation: autoDraw = True
669.4112 	EXP 	Device response: <KeyPress from None: t=669.3191820420034, value=c, duration=0.08840683299058583>
670.3268 	EXP 	line1: autoDraw = True
670.3268 	EXP 	line2: autoDraw = True
670.3268 	EXP 	line3: autoDraw = True
670.3268 	EXP 	line4: autoDraw = True
670.3313 	EXP 	fixation: autoDraw = False
671.3271 	INFO 	Keyboard events cleared
671.3269 	EXP 	probe: autoDraw = True
671.8115 	EXP 	Device response: <KeyPress from None: t=671.8052621669922, value=c, duration=None>
671.8120 	EXP 	New trial (rep=11, index=64): <Trial 64 (64 in rep 11) data={'pos': np.int64(-50), 'corr_resp': 'x', 'thisN': 64, 'thisTrialN': 64, 'thisRepN': 11}>
671.8177 	DATA 	Keypress: c
671.8220 	EXP 	fixation: autoDraw = False
671.8220 	EXP 	line1: autoDraw = False
671.8220 	EXP 	line2: autoDraw = False
671.8220 	EXP 	line3: autoDraw = False
671.8220 	EXP 	line4: autoDraw = False
671.8220 	EXP 	probe: autoDraw = False
671.8220 	EXP 	fixation: autoDraw = True
671.9324 	EXP 	Device response: <KeyPress from None: t=671.8052621669922, value=c, duration=0.12406250000640284>
672.8101 	EXP 	line1: autoDraw = True
672.8101 	EXP 	line2: autoDraw = True
672.8101 	EXP 	line3: autoDraw = True
672.8101 	EXP 	line4: autoDraw = True
672.8142 	EXP 	fixation: autoDraw = False
673.8104 	INFO 	Keyboard events cleared
673.8102 	EXP 	probe: autoDraw = True
674.6950 	EXP 	Device response: <KeyPress from None: t=674.6860539170011, value=x, duration=None>
674.6956 	EXP 	New trial (rep=15, index=65): <Trial 65 (65 in rep 15) data={'pos': np.int64(150), 'corr_resp': 'v', 'thisN': 65, 'thisTrialN': 65, 'thisRepN': 15}>
674.7023 	DATA 	Keypress: x
674.7065 	EXP 	fixation: autoDraw = False
674.7065 	EXP 	line1: autoDraw = False
674.7065 	EXP 	line2: autoDraw = False
674.7065 	EXP 	line3: autoDraw = False
674.7065 	EXP 	line4: autoDraw = False
674.7065 	EXP 	probe: autoDraw = False
674.7065 	EXP 	fixation: autoDraw = True
674.8781 	EXP 	Device response: <KeyPress from None: t=674.6860539170011, value=x, duration=0.18423487499239855>
675.6937 	EXP 	line1: autoDraw = True
675.6937 	EXP 	line2: autoDraw = True
675.6937 	EXP 	line3: autoDraw = True
675.6937 	EXP 	line4: autoDraw = True
675.6981 	EXP 	fixation: autoDraw = False
676.6937 	INFO 	Keyboard events cleared
676.6936 	EXP 	probe: autoDraw = True
677.2612 	EXP 	Device response: <KeyPress from None: t=677.2551024999993, value=v, duration=None>
677.2618 	EXP 	New trial (rep=16, index=66): <Trial 66 (66 in rep 16) data={'pos': np.int64(150), 'corr_resp': 'v', 'thisN': 66, 'thisTrialN': 66, 'thisRepN': 16}>
677.2680 	DATA 	Keypress: v
677.2721 	EXP 	fixation: autoDraw = False
677.2721 	EXP 	line1: autoDraw = False
677.2721 	EXP 	line2: autoDraw = False
677.2721 	EXP 	line3: autoDraw = False
677.2721 	EXP 	line4: autoDraw = False
677.2721 	EXP 	probe: autoDraw = False
677.2721 	EXP 	fixation: autoDraw = True
677.3275 	EXP 	Device response: <KeyPress from None: t=677.2551024999993, value=v, duration=0.06830945899127983>
678.2601 	EXP 	line1: autoDraw = True
678.2601 	EXP 	line2: autoDraw = True
678.2601 	EXP 	line3: autoDraw = True
678.2601 	EXP 	line4: autoDraw = True
678.2650 	EXP 	fixation: autoDraw = False
679.2604 	INFO 	Keyboard events cleared
679.2602 	EXP 	probe: autoDraw = True
679.6780 	EXP 	Device response: <KeyPress from None: t=679.6736607089988, value=v, duration=None>
679.6786 	EXP 	New trial (rep=17, index=67): <Trial 67 (67 in rep 17) data={'pos': np.int64(150), 'corr_resp': 'v', 'thisN': 67, 'thisTrialN': 67, 'thisRepN': 17}>
679.6835 	EXP 	fixation: autoDraw = False
679.6835 	EXP 	line1: autoDraw = False
679.6835 	EXP 	line2: autoDraw = False
679.6835 	EXP 	line3: autoDraw = False
679.6835 	EXP 	line4: autoDraw = False
679.6835 	EXP 	probe: autoDraw = False
679.6835 	EXP 	fixation: autoDraw = True
679.6876 	DATA 	Keypress: v
679.7782 	EXP 	Device response: <KeyPress from None: t=679.6736607089988, value=v, duration=0.09156966599402949>
680.6767 	EXP 	line1: autoDraw = True
680.6767 	EXP 	line2: autoDraw = True
680.6767 	EXP 	line3: autoDraw = True
680.6767 	EXP 	line4: autoDraw = True
680.6815 	EXP 	fixation: autoDraw = False
681.6768 	INFO 	Keyboard events cleared
681.6767 	EXP 	probe: autoDraw = True
682.4447 	EXP 	Device response: <KeyPress from None: t=682.4318880840001, value=v, duration=None>
682.4452 	EXP 	New trial (rep=18, index=68): <Trial 68 (68 in rep 18) data={'pos': np.int64(50), 'corr_resp': 'c', 'thisN': 68, 'thisTrialN': 68, 'thisRepN': 18}>
682.4508 	DATA 	Keypress: v
682.4549 	EXP 	fixation: autoDraw = False
682.4549 	EXP 	line1: autoDraw = False
682.4549 	EXP 	line2: autoDraw = False
682.4549 	EXP 	line3: autoDraw = False
682.4549 	EXP 	line4: autoDraw = False
682.4549 	EXP 	probe: autoDraw = False
682.4549 	EXP 	fixation: autoDraw = True
682.4946 	EXP 	Device response: <KeyPress from None: t=682.4318880840001, value=v, duration=0.056393749997369014>
683.4434 	EXP 	line1: autoDraw = True
683.4434 	EXP 	line2: autoDraw = True
683.4434 	EXP 	line3: autoDraw = True
683.4434 	EXP 	line4: autoDraw = True
683.4482 	EXP 	fixation: autoDraw = False
684.4436 	INFO 	Keyboard events cleared
684.4434 	EXP 	probe: autoDraw = True
684.9002 	EXP 	Device response: <KeyPress from None: t=684.8937544590008, value=c, duration=None>
684.9006 	EXP 	New trial (rep=12, index=69): <Trial 69 (69 in rep 12) data={'pos': np.int64(-50), 'corr_resp': 'x', 'thisN': 69, 'thisTrialN': 69, 'thisRepN': 12}>
684.9058 	DATA 	Keypress: c
684.9101 	EXP 	fixation: autoDraw = False
684.9101 	EXP 	line1: autoDraw = False
684.9101 	EXP 	line2: autoDraw = False
684.9101 	EXP 	line3: autoDraw = False
684.9101 	EXP 	line4: autoDraw = False
684.9101 	EXP 	probe: autoDraw = False
684.9101 	EXP 	fixation: autoDraw = True
684.9780 	EXP 	Device response: <KeyPress from None: t=684.8937544590008, value=c, duration=0.07238524999411311>
685.8988 	EXP 	fixation: autoDraw = False
685.8988 	EXP 	line1: autoDraw = True
685.8988 	EXP 	line2: autoDraw = True
685.8988 	EXP 	line3: autoDraw = True
685.8988 	EXP 	line4: autoDraw = True
686.8993 	INFO 	Keyboard events cleared
686.8991 	EXP 	probe: autoDraw = True
687.5448 	EXP 	Device response: <KeyPress from None: t=687.5337803750008, value=x, duration=None>
687.5455 	EXP 	New trial (rep=18, index=70): <Trial 70 (70 in rep 18) data={'pos': np.int64(150), 'corr_resp': 'v', 'thisN': 70, 'thisTrialN': 70, 'thisRepN': 18}>
687.5511 	DATA 	Keypress: x
687.5554 	EXP 	fixation: autoDraw = False
687.5554 	EXP 	line1: autoDraw = False
687.5554 	EXP 	line2: autoDraw = False
687.5554 	EXP 	line3: autoDraw = False
687.5554 	EXP 	line4: autoDraw = False
687.5554 	EXP 	probe: autoDraw = False
687.5554 	EXP 	fixation: autoDraw = True
687.6946 	EXP 	Device response: <KeyPress from None: t=687.5337803750008, value=x, duration=0.15236812499642838>
688.5434 	EXP 	line1: autoDraw = True
688.5434 	EXP 	line2: autoDraw = True
688.5434 	EXP 	line3: autoDraw = True
688.5434 	EXP 	line4: autoDraw = True
688.5485 	EXP 	fixation: autoDraw = False
689.5438 	INFO 	Keyboard events cleared
689.5436 	EXP 	probe: autoDraw = True
690.1115 	EXP 	Device response: <KeyPress from None: t=690.1077145839954, value=v, duration=None>
690.1122 	EXP 	New trial (rep=19, index=71): <Trial 71 (71 in rep 19) data={'pos': np.int64(50), 'corr_resp': 'c', 'thisN': 71, 'thisTrialN': 71, 'thisRepN': 19}>
690.1172 	EXP 	fixation: autoDraw = False
690.1172 	EXP 	line1: autoDraw = False
690.1172 	EXP 	line2: autoDraw = False
690.1172 	EXP 	line3: autoDraw = False
690.1172 	EXP 	line4: autoDraw = False
690.1172 	EXP 	probe: autoDraw = False
690.1172 	EXP 	fixation: autoDraw = True
690.1211 	DATA 	Keypress: v
690.1611 	EXP 	Device response: <KeyPress from None: t=690.1077145839954, value=v, duration=0.04437270799826365>
691.1099 	EXP 	line1: autoDraw = True
691.1099 	EXP 	line2: autoDraw = True
691.1099 	EXP 	line3: autoDraw = True
691.1099 	EXP 	line4: autoDraw = True
691.1148 	EXP 	fixation: autoDraw = False
692.1102 	INFO 	Keyboard events cleared
692.1100 	EXP 	probe: autoDraw = True
692.5611 	EXP 	Device response: <KeyPress from None: t=692.5505325419945, value=c, duration=None>
692.5616 	EXP 	New trial (rep=13, index=72): <Trial 72 (72 in rep 13) data={'pos': np.int64(-50), 'corr_resp': 'x', 'thisN': 72, 'thisTrialN': 72, 'thisRepN': 13}>
692.5687 	DATA 	Keypress: c
692.5727 	EXP 	fixation: autoDraw = False
692.5727 	EXP 	line1: autoDraw = False
692.5727 	EXP 	line2: autoDraw = False
692.5727 	EXP 	line3: autoDraw = False
692.5727 	EXP 	line4: autoDraw = False
692.5727 	EXP 	probe: autoDraw = False
692.5727 	EXP 	fixation: autoDraw = True
692.6443 	EXP 	Device response: <KeyPress from None: t=692.5505325419945, value=c, duration=0.08034362499893177>
693.5598 	EXP 	line1: autoDraw = True
693.5598 	EXP 	line2: autoDraw = True
693.5598 	EXP 	line3: autoDraw = True
693.5598 	EXP 	line4: autoDraw = True
693.5645 	EXP 	fixation: autoDraw = False
694.5602 	INFO 	Keyboard events cleared
694.5600 	EXP 	probe: autoDraw = True
695.1327 	EXP 	Device response: <KeyPress from None: t=695.1285571250046, value=x, duration=None>
695.1331 	EXP 	New trial (rep=14, index=73): <Trial 73 (73 in rep 14) data={'pos': np.int64(-50), 'corr_resp': 'x', 'thisN': 73, 'thisTrialN': 73, 'thisRepN': 14}>
695.1381 	DATA 	Keypress: x
695.1425 	EXP 	fixation: autoDraw = False
695.1425 	EXP 	line1: autoDraw = False
695.1425 	EXP 	line2: autoDraw = False
695.1425 	EXP 	line3: autoDraw = False
695.1425 	EXP 	line4: autoDraw = False
695.1425 	EXP 	probe: autoDraw = False
695.1425 	EXP 	fixation: autoDraw = True
695.2612 	EXP 	Device response: <KeyPress from None: t=695.1285571250046, value=x, duration=0.12031716699129902>
696.1320 	EXP 	fixation: autoDraw = False
696.1320 	EXP 	line1: autoDraw = True
696.1320 	EXP 	line2: autoDraw = True
696.1320 	EXP 	line3: autoDraw = True
696.1320 	EXP 	line4: autoDraw = True
697.1322 	INFO 	Keyboard events cleared
697.1320 	EXP 	probe: autoDraw = True
697.6662 	EXP 	Device response: <KeyPress from None: t=697.6625300000014, value=x, duration=None>
697.6666 	EXP 	New trial (rep=20, index=74): <Trial 74 (74 in rep 20) data={'pos': np.int64(50), 'corr_resp': 'c', 'thisN': 74, 'thisTrialN': 74, 'thisRepN': 20}>
697.6720 	DATA 	Keypress: x
697.6762 	EXP 	fixation: autoDraw = False
697.6762 	EXP 	line1: autoDraw = False
697.6762 	EXP 	line2: autoDraw = False
697.6762 	EXP 	line3: autoDraw = False
697.6762 	EXP 	line4: autoDraw = False
697.6762 	EXP 	probe: autoDraw = False
697.6762 	EXP 	fixation: autoDraw = True
697.7779 	EXP 	Device response: <KeyPress from None: t=697.6625300000014, value=x, duration=0.11233345899381675>
698.6651 	EXP 	fixation: autoDraw = False
698.6651 	EXP 	line1: autoDraw = True
698.6651 	EXP 	line2: autoDraw = True
698.6651 	EXP 	line3: autoDraw = True
698.6651 	EXP 	line4: autoDraw = True
699.6658 	INFO 	Keyboard events cleared
699.6657 	EXP 	probe: autoDraw = True
700.2109 	EXP 	Device response: <KeyPress from None: t=700.2093810420047, value=c, duration=None>
700.2114 	EXP 	New trial (rep=21, index=75): <Trial 75 (75 in rep 21) data={'pos': np.int64(50), 'corr_resp': 'c', 'thisN': 75, 'thisTrialN': 75, 'thisRepN': 21}>
700.2158 	EXP 	fixation: autoDraw = False
700.2158 	EXP 	line1: autoDraw = False
700.2158 	EXP 	line2: autoDraw = False
700.2158 	EXP 	line3: autoDraw = False
700.2158 	EXP 	line4: autoDraw = False
700.2158 	EXP 	probe: autoDraw = False
700.2158 	EXP 	fixation: autoDraw = True
700.2198 	DATA 	Keypress: c
700.2993 	EXP 	Device response: <KeyPress from None: t=700.2093810420047, value=c, duration=0.08439562498824671>
701.2099 	EXP 	line1: autoDraw = True
701.2099 	EXP 	line2: autoDraw = True
701.2099 	EXP 	line3: autoDraw = True
701.2099 	EXP 	line4: autoDraw = True
701.2144 	EXP 	fixation: autoDraw = False
702.2101 	INFO 	Keyboard events cleared
702.2099 	EXP 	probe: autoDraw = True
702.8833 	EXP 	Device response: <KeyPress from None: t=702.8793597089971, value=c, duration=None>
702.8837 	EXP 	New trial (rep=20, index=76): <Trial 76 (76 in rep 20) data={'pos': np.int64(-150), 'corr_resp': 'z', 'thisN': 76, 'thisTrialN': 76, 'thisRepN': 20}>
702.8890 	DATA 	Keypress: c
702.8931 	EXP 	fixation: autoDraw = False
702.8931 	EXP 	line1: autoDraw = False
702.8931 	EXP 	line2: autoDraw = False
702.8931 	EXP 	line3: autoDraw = False
702.8931 	EXP 	line4: autoDraw = False
702.8931 	EXP 	probe: autoDraw = False
702.8931 	EXP 	fixation: autoDraw = True
703.0443 	EXP 	Device response: <KeyPress from None: t=702.8793597089971, value=c, duration=0.1562990410020575>
703.8815 	EXP 	fixation: autoDraw = False
703.8815 	EXP 	line1: autoDraw = True
703.8815 	EXP 	line2: autoDraw = True
703.8815 	EXP 	line3: autoDraw = True
703.8815 	EXP 	line4: autoDraw = True
704.8826 	INFO 	Keyboard events cleared
704.8825 	EXP 	probe: autoDraw = True
705.8450 	EXP 	Device response: <KeyPress from None: t=705.8384465839918, value=z, duration=None>
705.8458 	EXP 	New trial (rep=22, index=77): <Trial 77 (77 in rep 22) data={'pos': np.int64(50), 'corr_resp': 'c', 'thisN': 77, 'thisTrialN': 77, 'thisRepN': 22}>
705.8510 	DATA 	Keypress: z
705.8551 	EXP 	fixation: autoDraw = False
705.8551 	EXP 	line1: autoDraw = False
705.8551 	EXP 	line2: autoDraw = False
705.8551 	EXP 	line3: autoDraw = False
705.8551 	EXP 	line4: autoDraw = False
705.8551 	EXP 	probe: autoDraw = False
705.8551 	EXP 	fixation: autoDraw = True
705.9450 	EXP 	Device response: <KeyPress from None: t=705.8384465839918, value=z, duration=0.10480762500083074>
706.8431 	EXP 	line1: autoDraw = True
706.8431 	EXP 	line2: autoDraw = True
706.8431 	EXP 	line3: autoDraw = True
706.8431 	EXP 	line4: autoDraw = True
706.8475 	EXP 	fixation: autoDraw = False
707.8434 	INFO 	Keyboard events cleared
707.8432 	EXP 	probe: autoDraw = True
708.5324 	EXP 	Device response: <KeyPress from None: t=708.530179459005, value=c, duration=None>
708.5328 	EXP 	New trial (rep=15, index=78): <Trial 78 (78 in rep 15) data={'pos': np.int64(-50), 'corr_resp': 'x', 'thisN': 78, 'thisTrialN': 78, 'thisRepN': 15}>
708.5379 	DATA 	Keypress: c
708.5424 	EXP 	fixation: autoDraw = False
708.5424 	EXP 	line1: autoDraw = False
708.5424 	EXP 	line2: autoDraw = False
708.5424 	EXP 	line3: autoDraw = False
708.5424 	EXP 	line4: autoDraw = False
708.5424 	EXP 	probe: autoDraw = False
708.5424 	EXP 	fixation: autoDraw = True
708.6148 	EXP 	Device response: <KeyPress from None: t=708.530179459005, value=c, duration=0.0802695829916047>
709.5315 	EXP 	fixation: autoDraw = False
709.5315 	EXP 	line1: autoDraw = True
709.5315 	EXP 	line2: autoDraw = True
709.5315 	EXP 	line3: autoDraw = True
709.5315 	EXP 	line4: autoDraw = True
710.5314 	INFO 	Keyboard events cleared
710.5312 	EXP 	probe: autoDraw = True
711.3609 	EXP 	Device response: <KeyPress from None: t=711.3553258750035, value=x, duration=None>
711.3614 	EXP 	New trial (rep=16, index=79): <Trial 79 (79 in rep 16) data={'pos': np.int64(-50), 'corr_resp': 'x', 'thisN': 79, 'thisTrialN': 79, 'thisRepN': 16}>
711.3667 	DATA 	Keypress: x
711.3709 	EXP 	fixation: autoDraw = False
711.3709 	EXP 	line1: autoDraw = False
711.3709 	EXP 	line2: autoDraw = False
711.3709 	EXP 	line3: autoDraw = False
711.3709 	EXP 	line4: autoDraw = False
711.3709 	EXP 	probe: autoDraw = False
711.3709 	EXP 	fixation: autoDraw = True
711.4779 	EXP 	Device response: <KeyPress from None: t=711.3553258750035, value=x, duration=0.1162098339991644>
712.3602 	EXP 	line1: autoDraw = True
712.3602 	EXP 	line2: autoDraw = True
712.3602 	EXP 	line3: autoDraw = True
712.3602 	EXP 	line4: autoDraw = True
712.3652 	EXP 	fixation: autoDraw = False
713.3600 	INFO 	Keyboard events cleared
713.3598 	EXP 	probe: autoDraw = True
713.7945 	EXP 	Device response: <KeyPress from None: t=713.7882044169965, value=x, duration=None>
713.7951 	EXP 	New trial (rep=17, index=80): <Trial 80 (80 in rep 17) data={'pos': np.int64(-50), 'corr_resp': 'x', 'thisN': 80, 'thisTrialN': 80, 'thisRepN': 17}>
713.8009 	DATA 	Keypress: x
713.8051 	EXP 	fixation: autoDraw = False
713.8051 	EXP 	line1: autoDraw = False
713.8051 	EXP 	line2: autoDraw = False
713.8051 	EXP 	line3: autoDraw = False
713.8051 	EXP 	line4: autoDraw = False
713.8051 	EXP 	probe: autoDraw = False
713.8051 	EXP 	fixation: autoDraw = True
713.9277 	EXP 	Device response: <KeyPress from None: t=713.7882044169965, value=x, duration=0.1321959579945542>
714.7932 	EXP 	line1: autoDraw = True
714.7932 	EXP 	line2: autoDraw = True
714.7932 	EXP 	line3: autoDraw = True
714.7932 	EXP 	line4: autoDraw = True
714.7981 	EXP 	fixation: autoDraw = False
715.7932 	INFO 	Keyboard events cleared
715.7931 	EXP 	probe: autoDraw = True
716.4778 	EXP 	Device response: <KeyPress from None: t=716.4751913340006, value=x, duration=None>
716.4784 	EXP 	New trial (rep=18, index=81): <Trial 81 (81 in rep 18) data={'pos': np.int64(-50), 'corr_resp': 'x', 'thisN': 81, 'thisTrialN': 81, 'thisRepN': 18}>
716.4841 	EXP 	fixation: autoDraw = False
716.4841 	EXP 	line1: autoDraw = False
716.4841 	EXP 	line2: autoDraw = False
716.4841 	EXP 	line3: autoDraw = False
716.4841 	EXP 	line4: autoDraw = False
716.4841 	EXP 	probe: autoDraw = False
716.4841 	EXP 	fixation: autoDraw = True
716.4879 	DATA 	Keypress: x
716.5776 	EXP 	Device response: <KeyPress from None: t=716.4751913340006, value=x, duration=0.10025670799950603>
717.4763 	EXP 	line1: autoDraw = True
717.4763 	EXP 	line2: autoDraw = True
717.4763 	EXP 	line3: autoDraw = True
717.4763 	EXP 	line4: autoDraw = True
717.4808 	EXP 	fixation: autoDraw = False
718.4767 	INFO 	Keyboard events cleared
718.4765 	EXP 	probe: autoDraw = True
722.8850 	EXP 	Device response: <KeyPress from None: t=722.7758910839912, value=x, duration=0.10833583300700411>
723.6998 	EXP 	Device response: <KeyPress from None: t=723.6939468749915, value=x, duration=None>
723.7002 	EXP 	New trial (rep=21, index=82): <Trial 82 (82 in rep 21) data={'pos': np.int64(-150), 'corr_resp': 'z', 'thisN': 82, 'thisTrialN': 82, 'thisRepN': 21}>
723.7053 	DATA 	Keypress: x
723.7095 	EXP 	fixation: autoDraw = False
723.7095 	EXP 	line1: autoDraw = False
723.7095 	EXP 	line2: autoDraw = False
723.7095 	EXP 	line3: autoDraw = False
723.7095 	EXP 	line4: autoDraw = False
723.7095 	EXP 	probe: autoDraw = False
723.7095 	EXP 	fixation: autoDraw = True
723.7779 	EXP 	Device response: <KeyPress from None: t=723.6939468749915, value=x, duration=0.07628929200291168>
724.6979 	EXP 	fixation: autoDraw = False
724.6979 	EXP 	line1: autoDraw = True
724.6979 	EXP 	line2: autoDraw = True
724.6979 	EXP 	line3: autoDraw = True
724.6979 	EXP 	line4: autoDraw = True
725.6990 	INFO 	Keyboard events cleared
725.6988 	EXP 	probe: autoDraw = True
726.2329 	EXP 	Device response: <KeyPress from None: t=726.2318727499951, value=z, duration=None>
726.2387 	DATA 	Keypress: z
726.2437 	EXP 	New trial (rep=19, index=83): <Trial 83 (83 in rep 19) data={'pos': np.int64(150), 'corr_resp': 'v', 'thisN': 83, 'thisTrialN': 83, 'thisRepN': 19}>
726.2480 	EXP 	fixation: autoDraw = False
726.2480 	EXP 	line1: autoDraw = False
726.2480 	EXP 	line2: autoDraw = False
726.2480 	EXP 	line3: autoDraw = False
726.2480 	EXP 	line4: autoDraw = False
726.2480 	EXP 	probe: autoDraw = False
726.2480 	EXP 	fixation: autoDraw = True
726.3649 	EXP 	Device response: <KeyPress from None: t=726.2318727499951, value=z, duration=0.12819833400135394>
727.2315 	EXP 	line1: autoDraw = True
727.2315 	EXP 	line2: autoDraw = True
727.2315 	EXP 	line3: autoDraw = True
727.2315 	EXP 	line4: autoDraw = True
727.2430 	EXP 	fixation: autoDraw = False
728.2330 	INFO 	Keyboard events cleared
728.2329 	EXP 	probe: autoDraw = True
728.6774 	EXP 	Device response: <KeyPress from None: t=728.6658596670022, value=v, duration=None>
728.6779 	EXP 	New trial (rep=20, index=84): <Trial 84 (84 in rep 20) data={'pos': np.int64(150), 'corr_resp': 'v', 'thisN': 84, 'thisTrialN': 84, 'thisRepN': 20}>
728.6828 	DATA 	Keypress: v
728.6870 	EXP 	fixation: autoDraw = False
728.6870 	EXP 	line1: autoDraw = False
728.6870 	EXP 	line2: autoDraw = False
728.6870 	EXP 	line3: autoDraw = False
728.6870 	EXP 	line4: autoDraw = False
728.6870 	EXP 	probe: autoDraw = False
728.6870 	EXP 	fixation: autoDraw = True
728.7607 	EXP 	Device response: <KeyPress from None: t=728.6658596670022, value=v, duration=0.0923128329886822>
729.6766 	EXP 	line1: autoDraw = True
729.6766 	EXP 	line2: autoDraw = True
729.6766 	EXP 	line3: autoDraw = True
729.6766 	EXP 	line4: autoDraw = True
729.6808 	EXP 	fixation: autoDraw = False
730.6765 	INFO 	Keyboard events cleared
730.6764 	EXP 	probe: autoDraw = True
731.2341 	EXP 	Device response: <KeyPress from None: t=731.2266435420024, value=v, duration=None>
731.2345 	EXP 	New trial (rep=23, index=85): <Trial 85 (85 in rep 23) data={'pos': np.int64(50), 'corr_resp': 'c', 'thisN': 85, 'thisTrialN': 85, 'thisRepN': 23}>
731.2397 	DATA 	Keypress: v
731.2465 	EXP 	fixation: autoDraw = False
731.2465 	EXP 	line1: autoDraw = False
731.2465 	EXP 	line2: autoDraw = False
731.2465 	EXP 	line3: autoDraw = False
731.2465 	EXP 	line4: autoDraw = False
731.2465 	EXP 	probe: autoDraw = False
731.2465 	EXP 	fixation: autoDraw = True
731.2778 	EXP 	Device response: <KeyPress from None: t=731.2266435420024, value=v, duration=0.04837112499808427>
732.2310 	EXP 	line1: autoDraw = True
732.2310 	EXP 	line2: autoDraw = True
732.2310 	EXP 	line3: autoDraw = True
732.2310 	EXP 	line4: autoDraw = True
732.2431 	EXP 	fixation: autoDraw = False
733.2321 	INFO 	Keyboard events cleared
733.2319 	EXP 	probe: autoDraw = True
733.9321 	EXP 	Device response: <KeyPress from None: t=733.9286843750015, value=c, duration=None>
733.9326 	EXP 	New trial (rep=24, index=86): <Trial 86 (86 in rep 24) data={'pos': np.int64(50), 'corr_resp': 'c', 'thisN': 86, 'thisTrialN': 86, 'thisRepN': 24}>
733.9377 	DATA 	Keypress: c
733.9421 	EXP 	fixation: autoDraw = False
733.9421 	EXP 	line1: autoDraw = False
733.9421 	EXP 	line2: autoDraw = False
733.9421 	EXP 	line3: autoDraw = False
733.9421 	EXP 	line4: autoDraw = False
733.9421 	EXP 	probe: autoDraw = False
733.9421 	EXP 	fixation: autoDraw = True
734.0440 	EXP 	Device response: <KeyPress from None: t=733.9286843750015, value=c, duration=0.11232262499106582>
734.9310 	EXP 	fixation: autoDraw = False
734.9310 	EXP 	line1: autoDraw = True
734.9310 	EXP 	line2: autoDraw = True
734.9310 	EXP 	line3: autoDraw = True
734.9310 	EXP 	line4: autoDraw = True
735.9313 	INFO 	Keyboard events cleared
735.9311 	EXP 	probe: autoDraw = True
736.5276 	EXP 	Device response: <KeyPress from None: t=736.5216897920036, value=c, duration=None>
736.5283 	EXP 	New trial (rep=21, index=87): <Trial 87 (87 in rep 21) data={'pos': np.int64(150), 'corr_resp': 'v', 'thisN': 87, 'thisTrialN': 87, 'thisRepN': 21}>
736.5338 	DATA 	Keypress: c
736.5380 	EXP 	fixation: autoDraw = False
736.5380 	EXP 	line1: autoDraw = False
736.5380 	EXP 	line2: autoDraw = False
736.5380 	EXP 	line3: autoDraw = False
736.5380 	EXP 	line4: autoDraw = False
736.5380 	EXP 	probe: autoDraw = False
736.5380 	EXP 	fixation: autoDraw = True
736.6277 	EXP 	Device response: <KeyPress from None: t=736.5216897920036, value=c, duration=0.10038608299510088>
737.5263 	EXP 	line1: autoDraw = True
737.5263 	EXP 	line2: autoDraw = True
737.5263 	EXP 	line3: autoDraw = True
737.5263 	EXP 	line4: autoDraw = True
737.5312 	EXP 	fixation: autoDraw = False
738.5263 	INFO 	Keyboard events cleared
738.5261 	EXP 	probe: autoDraw = True
738.9938 	EXP 	Device response: <KeyPress from None: t=738.985470833999, value=v, duration=None>
738.9943 	EXP 	New trial (rep=25, index=88): <Trial 88 (88 in rep 25) data={'pos': np.int64(50), 'corr_resp': 'c', 'thisN': 88, 'thisTrialN': 88, 'thisRepN': 25}>
738.9993 	DATA 	Keypress: v
739.0034 	EXP 	fixation: autoDraw = False
739.0034 	EXP 	line1: autoDraw = False
739.0034 	EXP 	line2: autoDraw = False
739.0034 	EXP 	line3: autoDraw = False
739.0034 	EXP 	line4: autoDraw = False
739.0034 	EXP 	probe: autoDraw = False
739.0034 	EXP 	fixation: autoDraw = True
739.0941 	EXP 	Device response: <KeyPress from None: t=738.985470833999, value=v, duration=0.09636608300206717>
739.9930 	EXP 	line1: autoDraw = True
739.9930 	EXP 	line2: autoDraw = True
739.9930 	EXP 	line3: autoDraw = True
739.9930 	EXP 	line4: autoDraw = True
739.9977 	EXP 	fixation: autoDraw = False
740.9930 	INFO 	Keyboard events cleared
740.9928 	EXP 	probe: autoDraw = True
741.3490 	EXP 	Device response: <KeyPress from None: t=741.3435133339954, value=c, duration=None>
741.3495 	EXP 	New trial (rep=26, index=89): <Trial 89 (89 in rep 26) data={'pos': np.int64(50), 'corr_resp': 'c', 'thisN': 89, 'thisTrialN': 89, 'thisRepN': 26}>
741.3544 	DATA 	Keypress: c
741.3589 	EXP 	fixation: autoDraw = False
741.3589 	EXP 	line1: autoDraw = False
741.3589 	EXP 	line2: autoDraw = False
741.3589 	EXP 	line3: autoDraw = False
741.3589 	EXP 	line4: autoDraw = False
741.3589 	EXP 	probe: autoDraw = False
741.3589 	EXP 	fixation: autoDraw = True
741.4659 	EXP 	Device response: <KeyPress from None: t=741.3435133339954, value=c, duration=0.12041324999881908>
742.3484 	EXP 	fixation: autoDraw = False
742.3484 	EXP 	line1: autoDraw = True
742.3484 	EXP 	line2: autoDraw = True
742.3484 	EXP 	line3: autoDraw = True
742.3484 	EXP 	line4: autoDraw = True
743.3480 	INFO 	Keyboard events cleared
743.3478 	EXP 	probe: autoDraw = True
743.7272 	EXP 	Device response: <KeyPress from None: t=743.723601042002, value=c, duration=None>
743.7278 	EXP 	New trial (rep=22, index=90): <Trial 90 (90 in rep 22) data={'pos': np.int64(150), 'corr_resp': 'v', 'thisN': 90, 'thisTrialN': 90, 'thisRepN': 22}>
743.7321 	EXP 	fixation: autoDraw = False
743.7321 	EXP 	line1: autoDraw = False
743.7321 	EXP 	line2: autoDraw = False
743.7321 	EXP 	line3: autoDraw = False
743.7321 	EXP 	line4: autoDraw = False
743.7321 	EXP 	probe: autoDraw = False
743.7321 	EXP 	fixation: autoDraw = True
743.7362 	DATA 	Keypress: c
743.8271 	EXP 	Device response: <KeyPress from None: t=743.723601042002, value=c, duration=0.10023212499800138>
744.7261 	EXP 	line1: autoDraw = True
744.7261 	EXP 	line2: autoDraw = True
744.7261 	EXP 	line3: autoDraw = True
744.7261 	EXP 	line4: autoDraw = True
744.7302 	EXP 	fixation: autoDraw = False
745.7264 	INFO 	Keyboard events cleared
745.7262 	EXP 	probe: autoDraw = True
746.1609 	EXP 	Device response: <KeyPress from None: t=746.154541750002, value=v, duration=None>
746.1616 	EXP 	New trial (rep=27, index=91): <Trial 91 (91 in rep 27) data={'pos': np.int64(50), 'corr_resp': 'c', 'thisN': 91, 'thisTrialN': 91, 'thisRepN': 27}>
746.1671 	DATA 	Keypress: v
746.1714 	EXP 	fixation: autoDraw = False
746.1714 	EXP 	line1: autoDraw = False
746.1714 	EXP 	line2: autoDraw = False
746.1714 	EXP 	line3: autoDraw = False
746.1714 	EXP 	line4: autoDraw = False
746.1714 	EXP 	probe: autoDraw = False
746.1714 	EXP 	fixation: autoDraw = True
746.2608 	EXP 	Device response: <KeyPress from None: t=746.154541750002, value=v, duration=0.09617558399622794>
747.1595 	EXP 	line1: autoDraw = True
747.1595 	EXP 	line2: autoDraw = True
747.1595 	EXP 	line3: autoDraw = True
747.1595 	EXP 	line4: autoDraw = True
747.1643 	EXP 	fixation: autoDraw = False
748.1596 	INFO 	Keyboard events cleared
748.1595 	EXP 	probe: autoDraw = True
748.5107 	EXP 	Device response: <KeyPress from None: t=748.5013014169963, value=c, duration=None>
748.5111 	EXP 	New trial (rep=28, index=92): <Trial 92 (92 in rep 28) data={'pos': np.int64(50), 'corr_resp': 'c', 'thisN': 92, 'thisTrialN': 92, 'thisRepN': 28}>
748.5170 	DATA 	Keypress: c
748.5213 	EXP 	fixation: autoDraw = False
748.5213 	EXP 	line1: autoDraw = False
748.5213 	EXP 	line2: autoDraw = False
748.5213 	EXP 	line3: autoDraw = False
748.5213 	EXP 	line4: autoDraw = False
748.5213 	EXP 	probe: autoDraw = False
748.5213 	EXP 	fixation: autoDraw = True
748.6110 	EXP 	Device response: <KeyPress from None: t=748.5013014169963, value=c, duration=0.10448383299808484>
749.5095 	EXP 	line1: autoDraw = True
749.5095 	EXP 	line2: autoDraw = True
749.5095 	EXP 	line3: autoDraw = True
749.5095 	EXP 	line4: autoDraw = True
749.5140 	EXP 	fixation: autoDraw = False
750.5099 	INFO 	Keyboard events cleared
750.5098 	EXP 	probe: autoDraw = True
750.9316 	EXP 	Device response: <KeyPress from None: t=750.9282622089959, value=c, duration=None>
750.9320 	EXP 	New trial (rep=23, index=93): <Trial 93 (93 in rep 23) data={'pos': np.int64(150), 'corr_resp': 'v', 'thisN': 93, 'thisTrialN': 93, 'thisRepN': 23}>
750.9376 	DATA 	Keypress: c
750.9420 	EXP 	fixation: autoDraw = False
750.9420 	EXP 	line1: autoDraw = False
750.9420 	EXP 	line2: autoDraw = False
750.9420 	EXP 	line3: autoDraw = False
750.9420 	EXP 	line4: autoDraw = False
750.9420 	EXP 	probe: autoDraw = False
750.9420 	EXP 	fixation: autoDraw = True
751.0940 	EXP 	Device response: <KeyPress from None: t=750.9282622089959, value=c, duration=0.1603489580011228>
751.9312 	EXP 	fixation: autoDraw = False
751.9312 	EXP 	line1: autoDraw = True
751.9312 	EXP 	line2: autoDraw = True
751.9312 	EXP 	line3: autoDraw = True
751.9312 	EXP 	line4: autoDraw = True
752.9262 	INFO 	Keyboard events cleared
752.9261 	EXP 	probe: autoDraw = True
753.4773 	EXP 	Device response: <KeyPress from None: t=753.4683078749949, value=v, duration=None>
753.4779 	EXP 	New trial (rep=22, index=94): <Trial 94 (94 in rep 22) data={'pos': np.int64(-150), 'corr_resp': 'z', 'thisN': 94, 'thisTrialN': 94, 'thisRepN': 22}>
753.4835 	DATA 	Keypress: v
753.4878 	EXP 	fixation: autoDraw = False
753.4878 	EXP 	line1: autoDraw = False
753.4878 	EXP 	line2: autoDraw = False
753.4878 	EXP 	line3: autoDraw = False
753.4878 	EXP 	line4: autoDraw = False
753.4878 	EXP 	probe: autoDraw = False
753.4878 	EXP 	fixation: autoDraw = True
753.5774 	EXP 	Device response: <KeyPress from None: t=753.4683078749949, value=v, duration=0.09623341700353194>
754.4760 	EXP 	line1: autoDraw = True
754.4760 	EXP 	line2: autoDraw = True
754.4760 	EXP 	line3: autoDraw = True
754.4760 	EXP 	line4: autoDraw = True
754.4807 	EXP 	fixation: autoDraw = False
755.4762 	INFO 	Keyboard events cleared
755.4761 	EXP 	probe: autoDraw = True
755.9493 	EXP 	Device response: <KeyPress from None: t=755.9462120419921, value=z, duration=None>
755.9497 	EXP 	New trial (rep=29, index=95): <Trial 95 (95 in rep 29) data={'pos': np.int64(50), 'corr_resp': 'c', 'thisN': 95, 'thisTrialN': 95, 'thisRepN': 29}>
755.9551 	DATA 	Keypress: z
755.9594 	EXP 	fixation: autoDraw = False
755.9594 	EXP 	line1: autoDraw = False
755.9594 	EXP 	line2: autoDraw = False
755.9594 	EXP 	line3: autoDraw = False
755.9594 	EXP 	line4: autoDraw = False
755.9594 	EXP 	probe: autoDraw = False
755.9594 	EXP 	fixation: autoDraw = True
756.0774 	EXP 	Device response: <KeyPress from None: t=755.9462120419921, value=z, duration=0.12835954201000277>
756.9480 	EXP 	fixation: autoDraw = False
756.9480 	EXP 	line1: autoDraw = True
756.9480 	EXP 	line2: autoDraw = True
756.9480 	EXP 	line3: autoDraw = True
756.9480 	EXP 	line4: autoDraw = True
757.9482 	INFO 	Keyboard events cleared
757.9480 	EXP 	probe: autoDraw = True
758.3324 	EXP 	Device response: <KeyPress from None: t=758.327013874994, value=c, duration=None>
758.3328 	EXP 	New trial (rep=23, index=96): <Trial 96 (96 in rep 23) data={'pos': np.int64(-150), 'corr_resp': 'z', 'thisN': 96, 'thisTrialN': 96, 'thisRepN': 23}>
758.3381 	DATA 	Keypress: c
758.3422 	EXP 	fixation: autoDraw = False
758.3422 	EXP 	line1: autoDraw = False
758.3422 	EXP 	line2: autoDraw = False
758.3422 	EXP 	line3: autoDraw = False
758.3422 	EXP 	line4: autoDraw = False
758.3422 	EXP 	probe: autoDraw = False
758.3422 	EXP 	fixation: autoDraw = True
758.4650 	EXP 	Device response: <KeyPress from None: t=758.327013874994, value=c, duration=0.13644004199886695>
759.3309 	EXP 	fixation: autoDraw = False
759.3309 	EXP 	line1: autoDraw = True
759.3309 	EXP 	line2: autoDraw = True
759.3309 	EXP 	line3: autoDraw = True
759.3309 	EXP 	line4: autoDraw = True
760.3319 	INFO 	Keyboard events cleared
760.3318 	EXP 	probe: autoDraw = True
760.8273 	EXP 	Device response: <KeyPress from None: t=760.8222138749989, value=z, duration=None>
760.8279 	EXP 	New trial (rep=24, index=97): <Trial 97 (97 in rep 24) data={'pos': np.int64(150), 'corr_resp': 'v', 'thisN': 97, 'thisTrialN': 97, 'thisRepN': 24}>
760.8332 	DATA 	Keypress: z
760.8376 	EXP 	fixation: autoDraw = False
760.8376 	EXP 	line1: autoDraw = False
760.8376 	EXP 	line2: autoDraw = False
760.8376 	EXP 	line3: autoDraw = False
760.8376 	EXP 	line4: autoDraw = False
760.8376 	EXP 	probe: autoDraw = False
760.8376 	EXP 	fixation: autoDraw = True
760.9440 	EXP 	Device response: <KeyPress from None: t=760.8222138749989, value=z, duration=0.1201166669925442>
761.8260 	EXP 	line1: autoDraw = True
761.8260 	EXP 	line2: autoDraw = True
761.8260 	EXP 	line3: autoDraw = True
761.8260 	EXP 	line4: autoDraw = True
761.8310 	EXP 	fixation: autoDraw = False
762.8263 	INFO 	Keyboard events cleared
762.8261 	EXP 	probe: autoDraw = True
763.2608 	EXP 	Device response: <KeyPress from None: t=763.2560213749966, value=v, duration=None>
763.2615 	EXP 	New trial (rep=25, index=98): <Trial 98 (98 in rep 25) data={'pos': np.int64(150), 'corr_resp': 'v', 'thisN': 98, 'thisTrialN': 98, 'thisRepN': 25}>
763.2668 	EXP 	fixation: autoDraw = False
763.2668 	EXP 	line1: autoDraw = False
763.2668 	EXP 	line2: autoDraw = False
763.2668 	EXP 	line3: autoDraw = False
763.2668 	EXP 	line4: autoDraw = False
763.2668 	EXP 	probe: autoDraw = False
763.2668 	EXP 	fixation: autoDraw = True
763.2707 	DATA 	Keypress: v
763.3776 	EXP 	Device response: <KeyPress from None: t=763.2560213749966, value=v, duration=0.10830220900243148>
764.2595 	EXP 	line1: autoDraw = True
764.2595 	EXP 	line2: autoDraw = True
764.2595 	EXP 	line3: autoDraw = True
764.2595 	EXP 	line4: autoDraw = True
764.2644 	EXP 	fixation: autoDraw = False
765.2596 	INFO 	Keyboard events cleared
765.2594 	EXP 	probe: autoDraw = True
765.6440 	EXP 	Device response: <KeyPress from None: t=765.6410677499953, value=v, duration=None>
765.6447 	EXP 	New trial (rep=26, index=99): <Trial 99 (99 in rep 26) data={'pos': np.int64(150), 'corr_resp': 'v', 'thisN': 99, 'thisTrialN': 99, 'thisRepN': 26}>
765.6499 	EXP 	fixation: autoDraw = False
765.6499 	EXP 	line1: autoDraw = False
765.6499 	EXP 	line2: autoDraw = False
765.6499 	EXP 	line3: autoDraw = False
765.6499 	EXP 	line4: autoDraw = False
765.6499 	EXP 	probe: autoDraw = False
765.6499 	EXP 	fixation: autoDraw = True
765.6540 	DATA 	Keypress: v
765.7939 	EXP 	Device response: <KeyPress from None: t=765.6410677499953, value=v, duration=0.1402079590043286>
766.6427 	EXP 	line1: autoDraw = True
766.6427 	EXP 	line2: autoDraw = True
766.6427 	EXP 	line3: autoDraw = True
766.6427 	EXP 	line4: autoDraw = True
766.6476 	EXP 	fixation: autoDraw = False
767.6427 	INFO 	Keyboard events cleared
767.6425 	EXP 	probe: autoDraw = True
768.0276 	EXP 	Device response: <KeyPress from None: t=768.0219274589908, value=v, duration=None>
768.0284 	EXP 	New trial (rep=27, index=100): <Trial 100 (100 in rep 27) data={'pos': np.int64(150), 'corr_resp': 'v', 'thisN': 100, 'thisTrialN': 100, 'thisRepN': 27}>
768.0344 	DATA 	Keypress: v
768.0386 	EXP 	fixation: autoDraw = False
768.0386 	EXP 	line1: autoDraw = False
768.0386 	EXP 	line2: autoDraw = False
768.0386 	EXP 	line3: autoDraw = False
768.0386 	EXP 	line4: autoDraw = False
768.0386 	EXP 	probe: autoDraw = False
768.0386 	EXP 	fixation: autoDraw = True
768.1771 	EXP 	Device response: <KeyPress from None: t=768.0219274589908, value=v, duration=0.14828841600683518>
769.0259 	EXP 	line1: autoDraw = True
769.0259 	EXP 	line2: autoDraw = True
769.0259 	EXP 	line3: autoDraw = True
769.0259 	EXP 	line4: autoDraw = True
769.0313 	EXP 	fixation: autoDraw = False
770.0263 	INFO 	Keyboard events cleared
770.0261 	EXP 	probe: autoDraw = True
770.4480 	EXP 	Device response: <KeyPress from None: t=770.4467489999952, value=v, duration=None>
770.4484 	EXP 	New trial (rep=24, index=101): <Trial 101 (101 in rep 24) data={'pos': np.int64(-150), 'corr_resp': 'z', 'thisN': 101, 'thisTrialN': 101, 'thisRepN': 24}>
770.4537 	DATA 	Keypress: v
770.4584 	EXP 	fixation: autoDraw = False
770.4584 	EXP 	line1: autoDraw = False
770.4584 	EXP 	line2: autoDraw = False
770.4584 	EXP 	line3: autoDraw = False
770.4584 	EXP 	line4: autoDraw = False
770.4584 	EXP 	probe: autoDraw = False
770.4584 	EXP 	fixation: autoDraw = True
770.5605 	EXP 	Device response: <KeyPress from None: t=770.4467489999952, value=v, duration=0.10440420900704339>
771.4478 	EXP 	fixation: autoDraw = False
771.4478 	EXP 	line1: autoDraw = True
771.4478 	EXP 	line2: autoDraw = True
771.4478 	EXP 	line3: autoDraw = True
771.4478 	EXP 	line4: autoDraw = True
772.4427 	INFO 	Keyboard events cleared
772.4426 	EXP 	probe: autoDraw = True
772.8439 	EXP 	Device response: <KeyPress from None: t=772.8390929169982, value=z, duration=None>
772.8445 	EXP 	New trial (rep=28, index=102): <Trial 102 (102 in rep 28) data={'pos': np.int64(150), 'corr_resp': 'v', 'thisN': 102, 'thisTrialN': 102, 'thisRepN': 28}>
772.8499 	EXP 	fixation: autoDraw = False
772.8499 	EXP 	line1: autoDraw = False
772.8499 	EXP 	line2: autoDraw = False
772.8499 	EXP 	line3: autoDraw = False
772.8499 	EXP 	line4: autoDraw = False
772.8499 	EXP 	probe: autoDraw = False
772.8499 	EXP 	fixation: autoDraw = True
772.8542 	DATA 	Keypress: z
773.0771 	EXP 	Device response: <KeyPress from None: t=772.8390929169982, value=z, duration=0.23213366699928883>
773.8427 	EXP 	line1: autoDraw = True
773.8427 	EXP 	line2: autoDraw = True
773.8427 	EXP 	line3: autoDraw = True
773.8427 	EXP 	line4: autoDraw = True
773.8477 	EXP 	fixation: autoDraw = False
774.8427 	INFO 	Keyboard events cleared
774.8426 	EXP 	probe: autoDraw = True
775.2155 	EXP 	Device response: <KeyPress from None: t=775.2106511250022, value=v, duration=None>
775.2159 	EXP 	New trial (rep=19, index=103): <Trial 103 (103 in rep 19) data={'pos': np.int64(-50), 'corr_resp': 'x', 'thisN': 103, 'thisTrialN': 103, 'thisRepN': 19}>
775.2212 	DATA 	Keypress: v
775.2254 	EXP 	fixation: autoDraw = False
775.2254 	EXP 	line1: autoDraw = False
775.2254 	EXP 	line2: autoDraw = False
775.2254 	EXP 	line3: autoDraw = False
775.2254 	EXP 	line4: autoDraw = False
775.2254 	EXP 	probe: autoDraw = False
775.2254 	EXP 	fixation: autoDraw = True
775.3105 	EXP 	Device response: <KeyPress from None: t=775.2106511250022, value=v, duration=0.08848058398871217>
776.2140 	EXP 	fixation: autoDraw = False
776.2140 	EXP 	line1: autoDraw = True
776.2140 	EXP 	line2: autoDraw = True
776.2140 	EXP 	line3: autoDraw = True
776.2140 	EXP 	line4: autoDraw = True
777.2151 	INFO 	Keyboard events cleared
777.2149 	EXP 	probe: autoDraw = True
777.7770 	EXP 	Device response: <KeyPress from None: t=777.7696864589961, value=x, duration=None>
777.7775 	EXP 	New trial (rep=20, index=104): <Trial 104 (104 in rep 20) data={'pos': np.int64(-50), 'corr_resp': 'x', 'thisN': 104, 'thisTrialN': 104, 'thisRepN': 20}>
777.7826 	DATA 	Keypress: x
777.7866 	EXP 	fixation: autoDraw = False
777.7866 	EXP 	line1: autoDraw = False
777.7866 	EXP 	line2: autoDraw = False
777.7866 	EXP 	line3: autoDraw = False
777.7866 	EXP 	line4: autoDraw = False
777.7866 	EXP 	probe: autoDraw = False
777.7866 	EXP 	fixation: autoDraw = True
777.9105 	EXP 	Device response: <KeyPress from None: t=777.7696864589961, value=x, duration=0.1286262909998186>
778.7759 	EXP 	line1: autoDraw = True
778.7759 	EXP 	line2: autoDraw = True
778.7759 	EXP 	line3: autoDraw = True
778.7759 	EXP 	line4: autoDraw = True
778.7808 	EXP 	fixation: autoDraw = False
779.7760 	INFO 	Keyboard events cleared
779.7758 	EXP 	probe: autoDraw = True
780.2438 	EXP 	Device response: <KeyPress from None: t=780.2426434170047, value=x, duration=None>
780.2444 	EXP 	New trial (rep=29, index=105): <Trial 105 (105 in rep 29) data={'pos': np.int64(150), 'corr_resp': 'v', 'thisN': 105, 'thisTrialN': 105, 'thisRepN': 29}>
780.2488 	EXP 	fixation: autoDraw = False
780.2488 	EXP 	line1: autoDraw = False
780.2488 	EXP 	line2: autoDraw = False
780.2488 	EXP 	line3: autoDraw = False
780.2488 	EXP 	line4: autoDraw = False
780.2488 	EXP 	probe: autoDraw = False
780.2488 	EXP 	fixation: autoDraw = True
780.2528 	DATA 	Keypress: x
780.3937 	EXP 	Device response: <KeyPress from None: t=780.2426434170047, value=x, duration=0.1402979579870589>
781.2426 	EXP 	line1: autoDraw = True
781.2426 	EXP 	line2: autoDraw = True
781.2426 	EXP 	line3: autoDraw = True
781.2426 	EXP 	line4: autoDraw = True
781.2477 	EXP 	fixation: autoDraw = False
782.2427 	INFO 	Keyboard events cleared
782.2425 	EXP 	probe: autoDraw = True
782.6437 	EXP 	Device response: <KeyPress from None: t=782.6332434590004, value=v, duration=None>
782.6443 	EXP 	New trial (rep=30, index=106): <Trial 106 (106 in rep 30) data={'pos': np.int64(50), 'corr_resp': 'c', 'thisN': 106, 'thisTrialN': 106, 'thisRepN': 30}>
782.6500 	DATA 	Keypress: v
782.6542 	EXP 	fixation: autoDraw = False
782.6542 	EXP 	line1: autoDraw = False
782.6542 	EXP 	line2: autoDraw = False
782.6542 	EXP 	line3: autoDraw = False
782.6542 	EXP 	line4: autoDraw = False
782.6542 	EXP 	probe: autoDraw = False
782.6542 	EXP 	fixation: autoDraw = True
782.7650 	EXP 	Device response: <KeyPress from None: t=782.6332434590004, value=v, duration=0.12764804100152105>
783.6424 	EXP 	line1: autoDraw = True
783.6424 	EXP 	line2: autoDraw = True
783.6424 	EXP 	line3: autoDraw = True
783.6424 	EXP 	line4: autoDraw = True
783.6474 	EXP 	fixation: autoDraw = False
784.6426 	INFO 	Keyboard events cleared
784.6425 	EXP 	probe: autoDraw = True
785.0603 	EXP 	Device response: <KeyPress from None: t=785.050464874992, value=c, duration=None>
785.0609 	EXP 	New trial (rep=25, index=107): <Trial 107 (107 in rep 25) data={'pos': np.int64(-150), 'corr_resp': 'z', 'thisN': 107, 'thisTrialN': 107, 'thisRepN': 25}>
785.0666 	DATA 	Keypress: c
785.0709 	EXP 	fixation: autoDraw = False
785.0709 	EXP 	line1: autoDraw = False
785.0709 	EXP 	line2: autoDraw = False
785.0709 	EXP 	line3: autoDraw = False
785.0709 	EXP 	line4: autoDraw = False
785.0709 	EXP 	probe: autoDraw = False
785.0709 	EXP 	fixation: autoDraw = True
785.1773 	EXP 	Device response: <KeyPress from None: t=785.050464874992, value=c, duration=0.12048095901263878>
786.0591 	EXP 	line1: autoDraw = True
786.0591 	EXP 	line2: autoDraw = True
786.0591 	EXP 	line3: autoDraw = True
786.0591 	EXP 	line4: autoDraw = True
786.0634 	EXP 	fixation: autoDraw = False
787.0594 	INFO 	Keyboard events cleared
787.0592 	EXP 	probe: autoDraw = True
787.4436 	EXP 	Device response: <KeyPress from None: t=787.437578416997, value=z, duration=None>
787.4442 	EXP 	New trial (rep=30, index=108): <Trial 108 (108 in rep 30) data={'pos': np.int64(150), 'corr_resp': 'v', 'thisN': 108, 'thisTrialN': 108, 'thisRepN': 30}>
787.4495 	DATA 	Keypress: z
787.4538 	EXP 	fixation: autoDraw = False
787.4538 	EXP 	line1: autoDraw = False
787.4538 	EXP 	line2: autoDraw = False
787.4538 	EXP 	line3: autoDraw = False
787.4538 	EXP 	line4: autoDraw = False
787.4538 	EXP 	probe: autoDraw = False
787.4538 	EXP 	fixation: autoDraw = True
787.6604 	EXP 	Device response: <KeyPress from None: t=787.437578416997, value=z, duration=0.21632325000246055>
788.4425 	EXP 	line1: autoDraw = True
788.4425 	EXP 	line2: autoDraw = True
788.4425 	EXP 	line3: autoDraw = True
788.4425 	EXP 	line4: autoDraw = True
788.4473 	EXP 	fixation: autoDraw = False
789.4425 	INFO 	Keyboard events cleared
789.4424 	EXP 	probe: autoDraw = True
789.7937 	EXP 	Device response: <KeyPress from None: t=789.7823676249973, value=v, duration=None>
789.7943 	EXP 	New trial (rep=26, index=109): <Trial 109 (109 in rep 26) data={'pos': np.int64(-150), 'corr_resp': 'z', 'thisN': 109, 'thisTrialN': 109, 'thisRepN': 26}>
789.8001 	DATA 	Keypress: v
789.8043 	EXP 	fixation: autoDraw = False
789.8043 	EXP 	line1: autoDraw = False
789.8043 	EXP 	line2: autoDraw = False
789.8043 	EXP 	line3: autoDraw = False
789.8043 	EXP 	line4: autoDraw = False
789.8043 	EXP 	probe: autoDraw = False
789.8043 	EXP 	fixation: autoDraw = True
789.9101 	EXP 	Device response: <KeyPress from None: t=789.7823676249973, value=v, duration=0.12040083399915602>
790.7925 	EXP 	line1: autoDraw = True
790.7925 	EXP 	line2: autoDraw = True
790.7925 	EXP 	line3: autoDraw = True
790.7925 	EXP 	line4: autoDraw = True
790.7974 	EXP 	fixation: autoDraw = False
791.7925 	INFO 	Keyboard events cleared
791.7923 	EXP 	probe: autoDraw = True
792.3435 	EXP 	Device response: <KeyPress from None: t=792.3312304169958, value=z, duration=None>
792.3442 	EXP 	New trial (rep=31, index=110): <Trial 110 (110 in rep 31) data={'pos': np.int64(50), 'corr_resp': 'c', 'thisN': 110, 'thisTrialN': 110, 'thisRepN': 31}>
792.3497 	DATA 	Keypress: z
792.3538 	EXP 	fixation: autoDraw = False
792.3538 	EXP 	line1: autoDraw = False
792.3538 	EXP 	line2: autoDraw = False
792.3538 	EXP 	line3: autoDraw = False
792.3538 	EXP 	line4: autoDraw = False
792.3538 	EXP 	probe: autoDraw = False
792.3538 	EXP 	fixation: autoDraw = True
792.4767 	EXP 	Device response: <KeyPress from None: t=792.3312304169958, value=z, duration=0.13642500000423752>
793.3424 	EXP 	line1: autoDraw = True
793.3424 	EXP 	line2: autoDraw = True
793.3424 	EXP 	line3: autoDraw = True
793.3424 	EXP 	line4: autoDraw = True
793.3467 	EXP 	fixation: autoDraw = False
794.3425 	INFO 	Keyboard events cleared
794.3423 	EXP 	probe: autoDraw = True
794.8934 	EXP 	Device response: <KeyPress from None: t=794.890258208994, value=c, duration=None>
794.8940 	EXP 	New trial (rep=21, index=111): <Trial 111 (111 in rep 21) data={'pos': np.int64(-50), 'corr_resp': 'x', 'thisN': 111, 'thisTrialN': 111, 'thisRepN': 21}>
794.8990 	EXP 	fixation: autoDraw = False
794.8990 	EXP 	line1: autoDraw = False
794.8990 	EXP 	line2: autoDraw = False
794.8990 	EXP 	line3: autoDraw = False
794.8990 	EXP 	line4: autoDraw = False
794.8990 	EXP 	probe: autoDraw = False
794.8990 	EXP 	fixation: autoDraw = True
794.9029 	DATA 	Keypress: c
795.0436 	EXP 	Device response: <KeyPress from None: t=794.890258208994, value=c, duration=0.14845537500514183>
795.8924 	EXP 	line1: autoDraw = True
795.8924 	EXP 	line2: autoDraw = True
795.8924 	EXP 	line3: autoDraw = True
795.8924 	EXP 	line4: autoDraw = True
795.8966 	EXP 	fixation: autoDraw = False
796.8924 	INFO 	Keyboard events cleared
796.8923 	EXP 	probe: autoDraw = True
797.3270 	EXP 	Device response: <KeyPress from None: t=797.3192205840023, value=x, duration=None>
797.3275 	EXP 	New trial (rep=31, index=112): <Trial 112 (112 in rep 31) data={'pos': np.int64(150), 'corr_resp': 'v', 'thisN': 112, 'thisTrialN': 112, 'thisRepN': 31}>
797.3331 	DATA 	Keypress: x
797.3373 	EXP 	fixation: autoDraw = False
797.3373 	EXP 	line1: autoDraw = False
797.3373 	EXP 	line2: autoDraw = False
797.3373 	EXP 	line3: autoDraw = False
797.3373 	EXP 	line4: autoDraw = False
797.3373 	EXP 	probe: autoDraw = False
797.3373 	EXP 	fixation: autoDraw = True
797.4437 	EXP 	Device response: <KeyPress from None: t=797.3192205840023, value=x, duration=0.1123200409929268>
798.3257 	EXP 	line1: autoDraw = True
798.3257 	EXP 	line2: autoDraw = True
798.3257 	EXP 	line3: autoDraw = True
798.3257 	EXP 	line4: autoDraw = True
798.3306 	EXP 	fixation: autoDraw = False
799.3259 	INFO 	Keyboard events cleared
799.3258 	EXP 	probe: autoDraw = True
799.7819 	EXP 	Device response: <KeyPress from None: t=799.7782198749919, value=v, duration=None>
799.7823 	EXP 	New trial (rep=22, index=113): <Trial 113 (113 in rep 22) data={'pos': np.int64(-50), 'corr_resp': 'x', 'thisN': 113, 'thisTrialN': 113, 'thisRepN': 22}>
799.7876 	DATA 	Keypress: v
799.7917 	EXP 	fixation: autoDraw = False
799.7917 	EXP 	line1: autoDraw = False
799.7917 	EXP 	line2: autoDraw = False
799.7917 	EXP 	line3: autoDraw = False
799.7917 	EXP 	line4: autoDraw = False
799.7917 	EXP 	probe: autoDraw = False
799.7917 	EXP 	fixation: autoDraw = True
799.8647 	EXP 	Device response: <KeyPress from None: t=799.7782198749919, value=v, duration=0.08420679200207815>
800.7808 	EXP 	fixation: autoDraw = False
800.7808 	EXP 	line1: autoDraw = True
800.7808 	EXP 	line2: autoDraw = True
800.7808 	EXP 	line3: autoDraw = True
800.7808 	EXP 	line4: autoDraw = True
801.7818 	INFO 	Keyboard events cleared
801.7816 	EXP 	probe: autoDraw = True
802.2937 	EXP 	Device response: <KeyPress from None: t=802.2911591669981, value=x, duration=None>
802.2943 	EXP 	New trial (rep=23, index=114): <Trial 114 (114 in rep 23) data={'pos': np.int64(-50), 'corr_resp': 'x', 'thisN': 114, 'thisTrialN': 114, 'thisRepN': 23}>
802.2990 	EXP 	fixation: autoDraw = False
802.2990 	EXP 	line1: autoDraw = False
802.2990 	EXP 	line2: autoDraw = False
802.2990 	EXP 	line3: autoDraw = False
802.2990 	EXP 	line4: autoDraw = False
802.2990 	EXP 	probe: autoDraw = False
802.2990 	EXP 	fixation: autoDraw = True
802.3029 	DATA 	Keypress: x
802.4481 	EXP 	Device response: <KeyPress from None: t=802.2911591669981, value=x, duration=0.15228620800189674>
803.2923 	EXP 	line1: autoDraw = True
803.2923 	EXP 	line2: autoDraw = True
803.2923 	EXP 	line3: autoDraw = True
803.2923 	EXP 	line4: autoDraw = True
803.2965 	EXP 	fixation: autoDraw = False
804.2927 	INFO 	Keyboard events cleared
804.2924 	EXP 	probe: autoDraw = True
804.7935 	EXP 	Device response: <KeyPress from None: t=804.7840212500014, value=x, duration=None>
804.7941 	EXP 	New trial (rep=24, index=115): <Trial 115 (115 in rep 24) data={'pos': np.int64(-50), 'corr_resp': 'x', 'thisN': 115, 'thisTrialN': 115, 'thisRepN': 24}>
804.7998 	DATA 	Keypress: x
804.8038 	EXP 	fixation: autoDraw = False
804.8038 	EXP 	line1: autoDraw = False
804.8038 	EXP 	line2: autoDraw = False
804.8038 	EXP 	line3: autoDraw = False
804.8038 	EXP 	line4: autoDraw = False
804.8038 	EXP 	probe: autoDraw = False
804.8038 	EXP 	fixation: autoDraw = True
804.9432 	EXP 	Device response: <KeyPress from None: t=804.7840212500014, value=x, duration=0.15245908399811015>
805.7922 	EXP 	line1: autoDraw = True
805.7922 	EXP 	line2: autoDraw = True
805.7922 	EXP 	line3: autoDraw = True
805.7922 	EXP 	line4: autoDraw = True
805.7971 	EXP 	fixation: autoDraw = False
806.7925 	INFO 	Keyboard events cleared
806.7923 	EXP 	probe: autoDraw = True
807.2270 	EXP 	Device response: <KeyPress from None: t=807.2149208749906, value=x, duration=None>
807.2276 	EXP 	New trial (rep=25, index=116): <Trial 116 (116 in rep 25) data={'pos': np.int64(-50), 'corr_resp': 'x', 'thisN': 116, 'thisTrialN': 116, 'thisRepN': 25}>
807.2331 	DATA 	Keypress: x
807.2373 	EXP 	fixation: autoDraw = False
807.2373 	EXP 	line1: autoDraw = False
807.2373 	EXP 	line2: autoDraw = False
807.2373 	EXP 	line3: autoDraw = False
807.2373 	EXP 	line4: autoDraw = False
807.2373 	EXP 	probe: autoDraw = False
807.2373 	EXP 	fixation: autoDraw = True
807.3936 	EXP 	Device response: <KeyPress from None: t=807.2149208749906, value=x, duration=0.1724333340098383>
808.2257 	EXP 	line1: autoDraw = True
808.2257 	EXP 	line2: autoDraw = True
808.2257 	EXP 	line3: autoDraw = True
808.2257 	EXP 	line4: autoDraw = True
808.2299 	EXP 	fixation: autoDraw = False
809.2257 	INFO 	Keyboard events cleared
809.2256 	EXP 	probe: autoDraw = True
809.5768 	EXP 	Device response: <KeyPress from None: t=809.571040750001, value=x, duration=None>
809.5774 	EXP 	New trial (rep=32, index=117): <Trial 117 (117 in rep 32) data={'pos': np.int64(150), 'corr_resp': 'v', 'thisN': 117, 'thisTrialN': 117, 'thisRepN': 32}>
809.5829 	DATA 	Keypress: x
809.5870 	EXP 	fixation: autoDraw = False
809.5870 	EXP 	line1: autoDraw = False
809.5870 	EXP 	line2: autoDraw = False
809.5870 	EXP 	line3: autoDraw = False
809.5870 	EXP 	line4: autoDraw = False
809.5870 	EXP 	probe: autoDraw = False
809.5870 	EXP 	fixation: autoDraw = True
809.7435 	EXP 	Device response: <KeyPress from None: t=809.571040750001, value=x, duration=0.16018770899972878>
810.5757 	EXP 	line1: autoDraw = True
810.5757 	EXP 	line2: autoDraw = True
810.5757 	EXP 	line3: autoDraw = True
810.5757 	EXP 	line4: autoDraw = True
810.5806 	EXP 	fixation: autoDraw = False
811.5757 	INFO 	Keyboard events cleared
811.5756 	EXP 	probe: autoDraw = True
812.0099 	EXP 	Device response: <KeyPress from None: t=811.9978070420038, value=v, duration=None>
812.0104 	EXP 	New trial (rep=27, index=118): <Trial 118 (118 in rep 27) data={'pos': np.int64(-150), 'corr_resp': 'z', 'thisN': 118, 'thisTrialN': 118, 'thisRepN': 27}>
812.0157 	DATA 	Keypress: v
812.0198 	EXP 	fixation: autoDraw = False
812.0198 	EXP 	line1: autoDraw = False
812.0198 	EXP 	line2: autoDraw = False
812.0198 	EXP 	line3: autoDraw = False
812.0198 	EXP 	line4: autoDraw = False
812.0198 	EXP 	probe: autoDraw = False
812.0198 	EXP 	fixation: autoDraw = True
812.1101 	EXP 	Device response: <KeyPress from None: t=811.9978070420038, value=v, duration=0.10853449998830911>
813.0089 	EXP 	line1: autoDraw = True
813.0089 	EXP 	line2: autoDraw = True
813.0089 	EXP 	line3: autoDraw = True
813.0089 	EXP 	line4: autoDraw = True
813.0139 	EXP 	fixation: autoDraw = False
814.0090 	INFO 	Keyboard events cleared
814.0088 	EXP 	probe: autoDraw = True
814.5649 	EXP 	Device response: <KeyPress from None: t=814.5638675840019, value=z, duration=None>
814.5653 	EXP 	New trial (rep=26, index=119): <Trial 119 (119 in rep 26) data={'pos': np.int64(-50), 'corr_resp': 'x', 'thisN': 119, 'thisTrialN': 119, 'thisRepN': 26}>
814.5705 	DATA 	Keypress: z
814.5749 	EXP 	fixation: autoDraw = False
814.5749 	EXP 	line1: autoDraw = False
814.5749 	EXP 	line2: autoDraw = False
814.5749 	EXP 	line3: autoDraw = False
814.5749 	EXP 	line4: autoDraw = False
814.5749 	EXP 	probe: autoDraw = False
814.5749 	EXP 	fixation: autoDraw = True
814.7148 	EXP 	Device response: <KeyPress from None: t=814.5638675840019, value=z, duration=0.14821699999447446>
815.5639 	EXP 	fixation: autoDraw = False
815.5639 	EXP 	line1: autoDraw = True
815.5639 	EXP 	line2: autoDraw = True
815.5639 	EXP 	line3: autoDraw = True
815.5639 	EXP 	line4: autoDraw = True
816.5648 	INFO 	Keyboard events cleared
816.5647 	EXP 	probe: autoDraw = True
816.9984 	EXP 	Device response: <KeyPress from None: t=816.9926572499971, value=x, duration=None>
816.9988 	EXP 	New trial (rep=33, index=120): <Trial 120 (120 in rep 33) data={'pos': np.int64(150), 'corr_resp': 'v', 'thisN': 120, 'thisTrialN': 120, 'thisRepN': 33}>
817.0041 	DATA 	Keypress: x
817.0083 	EXP 	fixation: autoDraw = False
817.0083 	EXP 	line1: autoDraw = False
817.0083 	EXP 	line2: autoDraw = False
817.0083 	EXP 	line3: autoDraw = False
817.0083 	EXP 	line4: autoDraw = False
817.0083 	EXP 	probe: autoDraw = False
817.0083 	EXP 	fixation: autoDraw = True
817.1435 	EXP 	Device response: <KeyPress from None: t=816.9926572499971, value=x, duration=0.14451254199957475>
817.9973 	EXP 	fixation: autoDraw = False
817.9973 	EXP 	line1: autoDraw = True
817.9973 	EXP 	line2: autoDraw = True
817.9973 	EXP 	line3: autoDraw = True
817.9973 	EXP 	line4: autoDraw = True
818.9983 	INFO 	Keyboard events cleared
818.9981 	EXP 	probe: autoDraw = True
819.3770 	EXP 	Device response: <KeyPress from None: t=819.3647381250048, value=v, duration=None>
819.3776 	EXP 	New trial (rep=28, index=121): <Trial 121 (121 in rep 28) data={'pos': np.int64(-150), 'corr_resp': 'z', 'thisN': 121, 'thisTrialN': 121, 'thisRepN': 28}>
819.3833 	DATA 	Keypress: v
819.3874 	EXP 	fixation: autoDraw = False
819.3874 	EXP 	line1: autoDraw = False
819.3874 	EXP 	line2: autoDraw = False
819.3874 	EXP 	line3: autoDraw = False
819.3874 	EXP 	line4: autoDraw = False
819.3874 	EXP 	probe: autoDraw = False
819.3874 	EXP 	fixation: autoDraw = True
819.4644 	EXP 	Device response: <KeyPress from None: t=819.3647381250048, value=v, duration=0.09638349998567719>
820.3756 	EXP 	line1: autoDraw = True
820.3756 	EXP 	line2: autoDraw = True
820.3756 	EXP 	line3: autoDraw = True
820.3756 	EXP 	line4: autoDraw = True
820.3805 	EXP 	fixation: autoDraw = False
821.3756 	INFO 	Keyboard events cleared
821.3755 	EXP 	probe: autoDraw = True
821.7817 	EXP 	Device response: <KeyPress from None: t=821.77799925, value=z, duration=None>
821.7822 	EXP 	New trial (rep=29, index=122): <Trial 122 (122 in rep 29) data={'pos': np.int64(-150), 'corr_resp': 'z', 'thisN': 122, 'thisTrialN': 122, 'thisRepN': 29}>
821.7875 	DATA 	Keypress: z
821.7918 	EXP 	fixation: autoDraw = False
821.7918 	EXP 	line1: autoDraw = False
821.7918 	EXP 	line2: autoDraw = False
821.7918 	EXP 	line3: autoDraw = False
821.7918 	EXP 	line4: autoDraw = False
821.7918 	EXP 	probe: autoDraw = False
821.7918 	EXP 	fixation: autoDraw = True
821.9266 	EXP 	Device response: <KeyPress from None: t=821.77799925, value=z, duration=0.14002012499258853>
822.7807 	EXP 	fixation: autoDraw = False
822.7807 	EXP 	line1: autoDraw = True
822.7807 	EXP 	line2: autoDraw = True
822.7807 	EXP 	line3: autoDraw = True
822.7807 	EXP 	line4: autoDraw = True
823.7814 	INFO 	Keyboard events cleared
823.7812 	EXP 	probe: autoDraw = True
824.2480 	EXP 	Device response: <KeyPress from None: t=824.2436334999948, value=z, duration=None>
824.2484 	EXP 	New trial (rep=30, index=123): <Trial 123 (123 in rep 30) data={'pos': np.int64(-150), 'corr_resp': 'z', 'thisN': 123, 'thisTrialN': 123, 'thisRepN': 30}>
824.2537 	DATA 	Keypress: z
824.2580 	EXP 	fixation: autoDraw = False
824.2580 	EXP 	line1: autoDraw = False
824.2580 	EXP 	line2: autoDraw = False
824.2580 	EXP 	line3: autoDraw = False
824.2580 	EXP 	line4: autoDraw = False
824.2580 	EXP 	probe: autoDraw = False
824.2580 	EXP 	fixation: autoDraw = True
824.4147 	EXP 	Device response: <KeyPress from None: t=824.2436334999948, value=z, duration=0.16830683400621638>
825.2470 	EXP 	fixation: autoDraw = False
825.2470 	EXP 	line1: autoDraw = True
825.2470 	EXP 	line2: autoDraw = True
825.2470 	EXP 	line3: autoDraw = True
825.2470 	EXP 	line4: autoDraw = True
826.2479 	INFO 	Keyboard events cleared
826.2478 	EXP 	probe: autoDraw = True
826.8764 	EXP 	Device response: <KeyPress from None: t=826.8645560419973, value=z, duration=None>
826.8769 	EXP 	New trial (rep=31, index=124): <Trial 124 (124 in rep 31) data={'pos': np.int64(-150), 'corr_resp': 'z', 'thisN': 124, 'thisTrialN': 124, 'thisRepN': 31}>
826.8821 	DATA 	Keypress: z
826.8863 	EXP 	fixation: autoDraw = False
826.8863 	EXP 	line1: autoDraw = False
826.8863 	EXP 	line2: autoDraw = False
826.8863 	EXP 	line3: autoDraw = False
826.8863 	EXP 	line4: autoDraw = False
826.8863 	EXP 	probe: autoDraw = False
826.8863 	EXP 	fixation: autoDraw = True
827.0100 	EXP 	Device response: <KeyPress from None: t=826.8645560419973, value=z, duration=0.14419762500619981>
827.8754 	EXP 	line1: autoDraw = True
827.8754 	EXP 	line2: autoDraw = True
827.8754 	EXP 	line3: autoDraw = True
827.8754 	EXP 	line4: autoDraw = True
827.8801 	EXP 	fixation: autoDraw = False
828.8756 	INFO 	Keyboard events cleared
828.8755 	EXP 	probe: autoDraw = True
829.2485 	EXP 	Device response: <KeyPress from None: t=829.2425043340045, value=z, duration=None>
829.2489 	EXP 	New trial (rep=32, index=125): <Trial 125 (125 in rep 32) data={'pos': np.int64(-150), 'corr_resp': 'z', 'thisN': 125, 'thisTrialN': 125, 'thisRepN': 32}>
829.2542 	DATA 	Keypress: z
829.2584 	EXP 	fixation: autoDraw = False
829.2584 	EXP 	line1: autoDraw = False
829.2584 	EXP 	line2: autoDraw = False
829.2584 	EXP 	line3: autoDraw = False
829.2584 	EXP 	line4: autoDraw = False
829.2584 	EXP 	probe: autoDraw = False
829.2584 	EXP 	fixation: autoDraw = True
829.3810 	EXP 	Device response: <KeyPress from None: t=829.2425043340045, value=z, duration=0.1362955829972634>
830.2471 	EXP 	fixation: autoDraw = False
830.2471 	EXP 	line1: autoDraw = True
830.2471 	EXP 	line2: autoDraw = True
830.2471 	EXP 	line3: autoDraw = True
830.2471 	EXP 	line4: autoDraw = True
831.2479 	INFO 	Keyboard events cleared
831.2477 	EXP 	probe: autoDraw = True
831.7097 	EXP 	Device response: <KeyPress from None: t=831.7035911249986, value=z, duration=None>
831.7101 	EXP 	New trial (rep=32, index=126): <Trial 126 (126 in rep 32) data={'pos': np.int64(50), 'corr_resp': 'c', 'thisN': 126, 'thisTrialN': 126, 'thisRepN': 32}>
831.7157 	DATA 	Keypress: z
831.7200 	EXP 	fixation: autoDraw = False
831.7200 	EXP 	line1: autoDraw = False
831.7200 	EXP 	line2: autoDraw = False
831.7200 	EXP 	line3: autoDraw = False
831.7200 	EXP 	line4: autoDraw = False
831.7200 	EXP 	probe: autoDraw = False
831.7200 	EXP 	fixation: autoDraw = True
831.8100 	EXP 	Device response: <KeyPress from None: t=831.7035911249986, value=z, duration=0.09608670900342986>
832.7087 	EXP 	line1: autoDraw = True
832.7087 	EXP 	line2: autoDraw = True
832.7087 	EXP 	line3: autoDraw = True
832.7087 	EXP 	line4: autoDraw = True
832.7129 	EXP 	fixation: autoDraw = False
833.7089 	INFO 	Keyboard events cleared
833.7087 	EXP 	probe: autoDraw = True
834.1763 	EXP 	Device response: <KeyPress from None: t=834.1753899589967, value=c, duration=None>
834.1820 	EXP 	New trial (rep=33, index=127): <Trial 127 (127 in rep 33) data={'pos': np.int64(-150), 'corr_resp': 'z', 'thisN': 127, 'thisTrialN': 127, 'thisRepN': 33}>
834.1866 	DATA 	Keypress: c
834.1912 	EXP 	fixation: autoDraw = False
834.1912 	EXP 	line1: autoDraw = False
834.1912 	EXP 	line2: autoDraw = False
834.1912 	EXP 	line3: autoDraw = False
834.1912 	EXP 	line4: autoDraw = False
834.1912 	EXP 	probe: autoDraw = False
834.1912 	EXP 	fixation: autoDraw = True
834.3144 	EXP 	Device response: <KeyPress from None: t=834.1753899589967, value=c, duration=0.1363082080060849>
835.1812 	EXP 	fixation: autoDraw = False
835.1812 	EXP 	line1: autoDraw = True
835.1812 	EXP 	line2: autoDraw = True
835.1812 	EXP 	line3: autoDraw = True
835.1812 	EXP 	line4: autoDraw = True
836.1756 	INFO 	Keyboard events cleared
836.1754 	EXP 	probe: autoDraw = True
836.6097 	EXP 	Device response: <KeyPress from None: t=836.6073500420025, value=z, duration=None>
836.6102 	EXP 	New trial (rep=27, index=128): <Trial 128 (128 in rep 27) data={'pos': np.int64(-50), 'corr_resp': 'x', 'thisN': 128, 'thisTrialN': 128, 'thisRepN': 27}>
836.6152 	EXP 	fixation: autoDraw = False
836.6152 	EXP 	line1: autoDraw = False
836.6152 	EXP 	line2: autoDraw = False
836.6152 	EXP 	line3: autoDraw = False
836.6152 	EXP 	line4: autoDraw = False
836.6152 	EXP 	probe: autoDraw = False
836.6152 	EXP 	fixation: autoDraw = True
836.6192 	DATA 	Keypress: z
836.7136 	EXP 	Device response: <KeyPress from None: t=836.6073500420025, value=z, duration=0.10423341699060984>
837.6086 	EXP 	line1: autoDraw = True
837.6086 	EXP 	line2: autoDraw = True
837.6086 	EXP 	line3: autoDraw = True
837.6086 	EXP 	line4: autoDraw = True
837.6137 	EXP 	fixation: autoDraw = False
838.6089 	INFO 	Keyboard events cleared
838.6087 	EXP 	probe: autoDraw = True
839.2430 	EXP 	Device response: <KeyPress from None: t=839.2353390839999, value=x, duration=None>
839.2437 	EXP 	New trial (rep=34, index=129): <Trial 129 (129 in rep 34) data={'pos': np.int64(150), 'corr_resp': 'v', 'thisN': 129, 'thisTrialN': 129, 'thisRepN': 34}>
839.2491 	DATA 	Keypress: x
839.2534 	EXP 	fixation: autoDraw = False
839.2534 	EXP 	line1: autoDraw = False
839.2534 	EXP 	line2: autoDraw = False
839.2534 	EXP 	line3: autoDraw = False
839.2534 	EXP 	line4: autoDraw = False
839.2534 	EXP 	probe: autoDraw = False
839.2534 	EXP 	fixation: autoDraw = True
839.3769 	EXP 	Device response: <KeyPress from None: t=839.2353390839999, value=x, duration=0.13628583299578167>
840.2419 	EXP 	line1: autoDraw = True
840.2419 	EXP 	line2: autoDraw = True
840.2419 	EXP 	line3: autoDraw = True
840.2419 	EXP 	line4: autoDraw = True
840.2462 	EXP 	fixation: autoDraw = False
841.2422 	INFO 	Keyboard events cleared
841.2420 	EXP 	probe: autoDraw = True
841.7766 	EXP 	Device response: <KeyPress from None: t=841.7642322920001, value=v, duration=None>
841.7771 	EXP 	New trial (rep=34, index=130): <Trial 130 (130 in rep 34) data={'pos': np.int64(-150), 'corr_resp': 'z', 'thisN': 130, 'thisTrialN': 130, 'thisRepN': 34}>
841.7826 	DATA 	Keypress: v
841.7869 	EXP 	fixation: autoDraw = False
841.7869 	EXP 	line1: autoDraw = False
841.7869 	EXP 	line2: autoDraw = False
841.7869 	EXP 	line3: autoDraw = False
841.7869 	EXP 	line4: autoDraw = False
841.7869 	EXP 	probe: autoDraw = False
841.7869 	EXP 	fixation: autoDraw = True
841.9101 	EXP 	Device response: <KeyPress from None: t=841.7642322920001, value=v, duration=0.13315795800008345>
842.7753 	EXP 	line1: autoDraw = True
842.7753 	EXP 	line2: autoDraw = True
842.7753 	EXP 	line3: autoDraw = True
842.7753 	EXP 	line4: autoDraw = True
842.7804 	EXP 	fixation: autoDraw = False
843.7755 	INFO 	Keyboard events cleared
843.7753 	EXP 	probe: autoDraw = True
844.2767 	EXP 	Device response: <KeyPress from None: t=844.2641656670021, value=z, duration=None>
844.2774 	EXP 	New trial (rep=33, index=131): <Trial 131 (131 in rep 33) data={'pos': np.int64(50), 'corr_resp': 'c', 'thisN': 131, 'thisTrialN': 131, 'thisRepN': 33}>
844.2834 	DATA 	Keypress: z
844.2877 	EXP 	fixation: autoDraw = False
844.2877 	EXP 	line1: autoDraw = False
844.2877 	EXP 	line2: autoDraw = False
844.2877 	EXP 	line3: autoDraw = False
844.2877 	EXP 	line4: autoDraw = False
844.2877 	EXP 	probe: autoDraw = False
844.2877 	EXP 	fixation: autoDraw = True
844.3932 	EXP 	Device response: <KeyPress from None: t=844.2641656670021, value=z, duration=0.11658587500278372>
845.2752 	EXP 	line1: autoDraw = True
845.2752 	EXP 	line2: autoDraw = True
845.2752 	EXP 	line3: autoDraw = True
845.2752 	EXP 	line4: autoDraw = True
845.2795 	EXP 	fixation: autoDraw = False
846.2754 	INFO 	Keyboard events cleared
846.2752 	EXP 	probe: autoDraw = True
846.7266 	EXP 	Device response: <KeyPress from None: t=846.7211218750017, value=c, duration=None>
846.7272 	EXP 	New trial (rep=28, index=132): <Trial 132 (132 in rep 28) data={'pos': np.int64(-50), 'corr_resp': 'x', 'thisN': 132, 'thisTrialN': 132, 'thisRepN': 28}>
846.7332 	DATA 	Keypress: c
846.7373 	EXP 	fixation: autoDraw = False
846.7373 	EXP 	line1: autoDraw = False
846.7373 	EXP 	line2: autoDraw = False
846.7373 	EXP 	line3: autoDraw = False
846.7373 	EXP 	line4: autoDraw = False
846.7373 	EXP 	probe: autoDraw = False
846.7373 	EXP 	fixation: autoDraw = True
846.8763 	EXP 	Device response: <KeyPress from None: t=846.7211218750017, value=c, duration=0.14828112500254065>
847.7252 	EXP 	line1: autoDraw = True
847.7252 	EXP 	line2: autoDraw = True
847.7252 	EXP 	line3: autoDraw = True
847.7252 	EXP 	line4: autoDraw = True
847.7296 	EXP 	fixation: autoDraw = False
848.7255 	INFO 	Keyboard events cleared
848.7253 	EXP 	probe: autoDraw = True
849.2430 	EXP 	Device response: <KeyPress from None: t=849.2351310840022, value=x, duration=None>
849.2436 	EXP 	New trial (rep=34, index=133): <Trial 133 (133 in rep 34) data={'pos': np.int64(50), 'corr_resp': 'c', 'thisN': 133, 'thisTrialN': 133, 'thisRepN': 34}>
849.2495 	DATA 	Keypress: x
849.2538 	EXP 	fixation: autoDraw = False
849.2538 	EXP 	line1: autoDraw = False
849.2538 	EXP 	line2: autoDraw = False
849.2538 	EXP 	line3: autoDraw = False
849.2538 	EXP 	line4: autoDraw = False
849.2538 	EXP 	probe: autoDraw = False
849.2538 	EXP 	fixation: autoDraw = True
849.3931 	EXP 	Device response: <KeyPress from None: t=849.2351310840022, value=x, duration=0.15627716599556152>
850.2420 	EXP 	line1: autoDraw = True
850.2420 	EXP 	line2: autoDraw = True
850.2420 	EXP 	line3: autoDraw = True
850.2420 	EXP 	line4: autoDraw = True
850.2469 	EXP 	fixation: autoDraw = False
851.2420 	INFO 	Keyboard events cleared
851.2419 	EXP 	probe: autoDraw = True
851.6649 	EXP 	Device response: <KeyPress from None: t=851.6590069999947, value=c, duration=None>
851.6653 	EXP 	New trial (rep=29, index=134): <Trial 134 (134 in rep 29) data={'pos': np.int64(-50), 'corr_resp': 'x', 'thisN': 134, 'thisTrialN': 134, 'thisRepN': 29}>
851.6705 	DATA 	Keypress: c
851.6747 	EXP 	fixation: autoDraw = False
851.6747 	EXP 	line1: autoDraw = False
851.6747 	EXP 	line2: autoDraw = False
851.6747 	EXP 	line3: autoDraw = False
851.6747 	EXP 	line4: autoDraw = False
851.6747 	EXP 	probe: autoDraw = False
851.6747 	EXP 	fixation: autoDraw = True
851.8097 	EXP 	Device response: <KeyPress from None: t=851.6590069999947, value=c, duration=0.14823325000179466>
852.6633 	EXP 	fixation: autoDraw = False
852.6633 	EXP 	line1: autoDraw = True
852.6633 	EXP 	line2: autoDraw = True
852.6633 	EXP 	line3: autoDraw = True
852.6633 	EXP 	line4: autoDraw = True
853.6643 	INFO 	Keyboard events cleared
853.6641 	EXP 	probe: autoDraw = True
854.0642 	EXP 	Device response: <KeyPress from None: t=854.0589369999943, value=x, duration=None>
854.0647 	EXP 	New trial (rep=35, index=135): <Trial 135 (135 in rep 35) data={'pos': np.int64(50), 'corr_resp': 'c', 'thisN': 135, 'thisTrialN': 135, 'thisRepN': 35}>
854.0699 	DATA 	Keypress: x
854.0744 	EXP 	fixation: autoDraw = False
854.0744 	EXP 	line1: autoDraw = False
854.0744 	EXP 	line2: autoDraw = False
854.0744 	EXP 	line3: autoDraw = False
854.0744 	EXP 	line4: autoDraw = False
854.0744 	EXP 	probe: autoDraw = False
854.0744 	EXP 	fixation: autoDraw = True
854.2145 	EXP 	Device response: <KeyPress from None: t=854.0589369999943, value=x, duration=0.15233858399733435>
855.0636 	EXP 	fixation: autoDraw = False
855.0636 	EXP 	line1: autoDraw = True
855.0636 	EXP 	line2: autoDraw = True
855.0636 	EXP 	line3: autoDraw = True
855.0636 	EXP 	line4: autoDraw = True
856.0645 	INFO 	Keyboard events cleared
856.0644 	EXP 	probe: autoDraw = True
856.4430 	EXP 	Device response: <KeyPress from None: t=856.4338622499927, value=c, duration=None>
856.4435 	EXP 	New trial (rep=36, index=136): <Trial 136 (136 in rep 36) data={'pos': np.int64(50), 'corr_resp': 'c', 'thisN': 136, 'thisTrialN': 136, 'thisRepN': 36}>
856.4489 	DATA 	Keypress: c
856.4546 	EXP 	fixation: autoDraw = False
856.4546 	EXP 	line1: autoDraw = False
856.4546 	EXP 	line2: autoDraw = False
856.4546 	EXP 	line3: autoDraw = False
856.4546 	EXP 	line4: autoDraw = False
856.4546 	EXP 	probe: autoDraw = False
856.4546 	EXP 	fixation: autoDraw = True
856.5595 	EXP 	Device response: <KeyPress from None: t=856.4338622499927, value=c, duration=0.11633625000831671>
857.4419 	EXP 	line1: autoDraw = True
857.4419 	EXP 	line2: autoDraw = True
857.4419 	EXP 	line3: autoDraw = True
857.4419 	EXP 	line4: autoDraw = True
857.4468 	EXP 	fixation: autoDraw = False
858.4419 	INFO 	Keyboard events cleared
858.4418 	EXP 	probe: autoDraw = True
858.9263 	EXP 	Device response: <KeyPress from None: t=858.9228205419931, value=c, duration=None>
858.9267 	EXP 	New trial (rep=35, index=137): <Trial 137 (137 in rep 35) data={'pos': np.int64(-150), 'corr_resp': 'z', 'thisN': 137, 'thisTrialN': 137, 'thisRepN': 35}>
858.9309 	EXP 	fixation: autoDraw = False
858.9309 	EXP 	line1: autoDraw = False
858.9309 	EXP 	line2: autoDraw = False
858.9309 	EXP 	line3: autoDraw = False
858.9309 	EXP 	line4: autoDraw = False
858.9309 	EXP 	probe: autoDraw = False
858.9309 	EXP 	fixation: autoDraw = True
858.9348 	DATA 	Keypress: c
859.0642 	EXP 	Device response: <KeyPress from None: t=858.9228205419931, value=c, duration=0.1403486250055721>
859.9252 	EXP 	fixation: autoDraw = False
859.9252 	EXP 	line1: autoDraw = True
859.9252 	EXP 	line2: autoDraw = True
859.9252 	EXP 	line3: autoDraw = True
859.9252 	EXP 	line4: autoDraw = True
860.9253 	INFO 	Keyboard events cleared
860.9251 	EXP 	probe: autoDraw = True
861.3149 	EXP 	Device response: <KeyPress from None: t=861.3107797919947, value=z, duration=None>
861.3153 	EXP 	New trial (rep=30, index=138): <Trial 138 (138 in rep 30) data={'pos': np.int64(-50), 'corr_resp': 'x', 'thisN': 138, 'thisTrialN': 138, 'thisRepN': 30}>
861.3205 	DATA 	Keypress: z
861.3248 	EXP 	fixation: autoDraw = False
861.3248 	EXP 	line1: autoDraw = False
861.3248 	EXP 	line2: autoDraw = False
861.3248 	EXP 	line3: autoDraw = False
861.3248 	EXP 	line4: autoDraw = False
861.3248 	EXP 	probe: autoDraw = False
861.3248 	EXP 	fixation: autoDraw = True
861.4309 	EXP 	Device response: <KeyPress from None: t=861.3107797919947, value=z, duration=0.11627312500786502>
862.3136 	EXP 	fixation: autoDraw = False
862.3136 	EXP 	line1: autoDraw = True
862.3136 	EXP 	line2: autoDraw = True
862.3136 	EXP 	line3: autoDraw = True
862.3136 	EXP 	line4: autoDraw = True
863.3086 	INFO 	Keyboard events cleared
863.3085 	EXP 	probe: autoDraw = True
863.8483 	EXP 	Device response: <KeyPress from None: t=863.8426857089944, value=x, duration=None>
863.8487 	EXP 	New trial (rep=31, index=139): <Trial 139 (139 in rep 31) data={'pos': np.int64(-50), 'corr_resp': 'x', 'thisN': 139, 'thisTrialN': 139, 'thisRepN': 31}>
863.8540 	DATA 	Keypress: x
863.8584 	EXP 	fixation: autoDraw = False
863.8584 	EXP 	line1: autoDraw = False
863.8584 	EXP 	line2: autoDraw = False
863.8584 	EXP 	line3: autoDraw = False
863.8584 	EXP 	line4: autoDraw = False
863.8584 	EXP 	probe: autoDraw = False
863.8584 	EXP 	fixation: autoDraw = True
863.9764 	EXP 	Device response: <KeyPress from None: t=863.8426857089944, value=x, duration=0.12846662499941885>
864.8467 	EXP 	fixation: autoDraw = False
864.8467 	EXP 	line1: autoDraw = True
864.8467 	EXP 	line2: autoDraw = True
864.8467 	EXP 	line3: autoDraw = True
864.8467 	EXP 	line4: autoDraw = True
865.8468 	INFO 	Keyboard events cleared
865.8466 	EXP 	probe: autoDraw = True
866.3980 	EXP 	Device response: <KeyPress from None: t=866.394655541997, value=x, duration=None>
866.3985 	EXP 	New trial (rep=35, index=140): <Trial 140 (140 in rep 35) data={'pos': np.int64(150), 'corr_resp': 'v', 'thisN': 140, 'thisTrialN': 140, 'thisRepN': 35}>
866.4040 	DATA 	Keypress: x
866.4082 	EXP 	fixation: autoDraw = False
866.4082 	EXP 	line1: autoDraw = False
866.4082 	EXP 	line2: autoDraw = False
866.4082 	EXP 	line3: autoDraw = False
866.4082 	EXP 	line4: autoDraw = False
866.4082 	EXP 	probe: autoDraw = False
866.4082 	EXP 	fixation: autoDraw = True
866.5596 	EXP 	Device response: <KeyPress from None: t=866.394655541997, value=x, duration=0.15631737500370946>
867.3976 	EXP 	fixation: autoDraw = False
867.3976 	EXP 	line1: autoDraw = True
867.3976 	EXP 	line2: autoDraw = True
867.3976 	EXP 	line3: autoDraw = True
867.3976 	EXP 	line4: autoDraw = True
868.3978 	INFO 	Keyboard events cleared
868.3976 	EXP 	probe: autoDraw = True
868.8314 	EXP 	Device response: <KeyPress from None: t=868.8256059169944, value=v, duration=None>
868.8318 	EXP 	New trial (rep=36, index=141): <Trial 141 (141 in rep 36) data={'pos': np.int64(150), 'corr_resp': 'v', 'thisN': 141, 'thisTrialN': 141, 'thisRepN': 36}>
868.8372 	DATA 	Keypress: v
868.8414 	EXP 	fixation: autoDraw = False
868.8414 	EXP 	line1: autoDraw = False
868.8414 	EXP 	line2: autoDraw = False
868.8414 	EXP 	line3: autoDraw = False
868.8414 	EXP 	line4: autoDraw = False
868.8414 	EXP 	probe: autoDraw = False
868.8414 	EXP 	fixation: autoDraw = True
868.9263 	EXP 	Device response: <KeyPress from None: t=868.8256059169944, value=v, duration=0.09630316699622199>
869.8299 	EXP 	fixation: autoDraw = False
869.8299 	EXP 	line1: autoDraw = True
869.8299 	EXP 	line2: autoDraw = True
869.8299 	EXP 	line3: autoDraw = True
869.8299 	EXP 	line4: autoDraw = True
870.8309 	INFO 	Keyboard events cleared
870.8307 	EXP 	probe: autoDraw = True
871.3264 	EXP 	Device response: <KeyPress from None: t=871.315576708992, value=v, duration=None>
871.3271 	EXP 	New trial (rep=32, index=142): <Trial 142 (142 in rep 32) data={'pos': np.int64(-50), 'corr_resp': 'x', 'thisN': 142, 'thisTrialN': 142, 'thisRepN': 32}>
871.3326 	DATA 	Keypress: v
871.3367 	EXP 	fixation: autoDraw = False
871.3367 	EXP 	line1: autoDraw = False
871.3367 	EXP 	line2: autoDraw = False
871.3367 	EXP 	line3: autoDraw = False
871.3367 	EXP 	line4: autoDraw = False
871.3367 	EXP 	probe: autoDraw = False
871.3367 	EXP 	fixation: autoDraw = True
871.4596 	EXP 	Device response: <KeyPress from None: t=871.315576708992, value=v, duration=0.13216112500231247>
872.3252 	EXP 	line1: autoDraw = True
872.3252 	EXP 	line2: autoDraw = True
872.3252 	EXP 	line3: autoDraw = True
872.3252 	EXP 	line4: autoDraw = True
872.3298 	EXP 	fixation: autoDraw = False
873.3252 	INFO 	Keyboard events cleared
873.3250 	EXP 	probe: autoDraw = True
873.7764 	EXP 	Device response: <KeyPress from None: t=873.774487792005, value=x, duration=None>
873.7769 	EXP 	New trial (rep=36, index=143): <Trial 143 (143 in rep 36) data={'pos': np.int64(-150), 'corr_resp': 'z', 'thisN': 143, 'thisTrialN': 143, 'thisRepN': 36}>
873.7824 	EXP 	fixation: autoDraw = False
873.7824 	EXP 	line1: autoDraw = False
873.7824 	EXP 	line2: autoDraw = False
873.7824 	EXP 	line3: autoDraw = False
873.7824 	EXP 	line4: autoDraw = False
873.7824 	EXP 	probe: autoDraw = False
873.7824 	EXP 	fixation: autoDraw = True
873.7859 	DATA 	Keypress: x
873.9761 	EXP 	Device response: <KeyPress from None: t=873.774487792005, value=x, duration=0.1882300419965759>
874.7750 	EXP 	line1: autoDraw = True
874.7750 	EXP 	line2: autoDraw = True
874.7750 	EXP 	line3: autoDraw = True
874.7750 	EXP 	line4: autoDraw = True
874.7800 	EXP 	fixation: autoDraw = False
875.7752 	INFO 	Keyboard events cleared
875.7751 	EXP 	probe: autoDraw = True
876.2597 	EXP 	Device response: <KeyPress from None: t=876.251447208997, value=z, duration=None>
876.2603 	EXP 	New trial (rep=33, index=144): <Trial 144 (144 in rep 33) data={'pos': np.int64(-50), 'corr_resp': 'x', 'thisN': 144, 'thisTrialN': 144, 'thisRepN': 33}>
876.2661 	DATA 	Keypress: z
876.2703 	EXP 	fixation: autoDraw = False
876.2703 	EXP 	line1: autoDraw = False
876.2703 	EXP 	line2: autoDraw = False
876.2703 	EXP 	line3: autoDraw = False
876.2703 	EXP 	line4: autoDraw = False
876.2703 	EXP 	probe: autoDraw = False
876.2703 	EXP 	fixation: autoDraw = True
876.4315 	EXP 	Device response: <KeyPress from None: t=876.251447208997, value=z, duration=0.17628262500511482>
877.2583 	EXP 	line1: autoDraw = True
877.2583 	EXP 	line2: autoDraw = True
877.2583 	EXP 	line3: autoDraw = True
877.2583 	EXP 	line4: autoDraw = True
877.2632 	EXP 	fixation: autoDraw = False
878.2586 	INFO 	Keyboard events cleared
878.2584 	EXP 	probe: autoDraw = True
878.6260 	EXP 	Device response: <KeyPress from None: t=878.6202992089966, value=x, duration=None>
878.6265 	EXP 	New trial (rep=37, index=145): <Trial 145 (145 in rep 37) data={'pos': np.int64(50), 'corr_resp': 'c', 'thisN': 145, 'thisTrialN': 145, 'thisRepN': 37}>
878.6317 	DATA 	Keypress: x
878.6360 	EXP 	fixation: autoDraw = False
878.6360 	EXP 	line1: autoDraw = False
878.6360 	EXP 	line2: autoDraw = False
878.6360 	EXP 	line3: autoDraw = False
878.6360 	EXP 	line4: autoDraw = False
878.6360 	EXP 	probe: autoDraw = False
878.6360 	EXP 	fixation: autoDraw = True
878.8096 	EXP 	Device response: <KeyPress from None: t=878.6202992089966, value=x, duration=0.17630820799968205>
879.6249 	EXP 	line1: autoDraw = True
879.6249 	EXP 	line2: autoDraw = True
879.6249 	EXP 	line3: autoDraw = True
879.6249 	EXP 	line4: autoDraw = True
879.6297 	EXP 	fixation: autoDraw = False
880.6251 	INFO 	Keyboard events cleared
880.6250 	EXP 	probe: autoDraw = True
881.1098 	EXP 	Device response: <KeyPress from None: t=881.099246999991, value=c, duration=None>
881.1104 	EXP 	New trial (rep=34, index=146): <Trial 146 (146 in rep 34) data={'pos': np.int64(-50), 'corr_resp': 'x', 'thisN': 146, 'thisTrialN': 146, 'thisRepN': 34}>
881.1159 	DATA 	Keypress: c
881.1200 	EXP 	fixation: autoDraw = False
881.1200 	EXP 	line1: autoDraw = False
881.1200 	EXP 	line2: autoDraw = False
881.1200 	EXP 	line3: autoDraw = False
881.1200 	EXP 	line4: autoDraw = False
881.1200 	EXP 	probe: autoDraw = False
881.1200 	EXP 	fixation: autoDraw = True
881.2263 	EXP 	Device response: <KeyPress from None: t=881.099246999991, value=c, duration=0.11642025000764988>
882.1082 	EXP 	line1: autoDraw = True
882.1082 	EXP 	line2: autoDraw = True
882.1082 	EXP 	line3: autoDraw = True
882.1082 	EXP 	line4: autoDraw = True
882.1131 	EXP 	fixation: autoDraw = False
883.1085 	INFO 	Keyboard events cleared
883.1083 	EXP 	probe: autoDraw = True
883.5262 	EXP 	Device response: <KeyPress from None: t=883.5213608339982, value=x, duration=None>
883.5267 	EXP 	New trial (rep=37, index=147): <Trial 147 (147 in rep 37) data={'pos': np.int64(150), 'corr_resp': 'v', 'thisN': 147, 'thisTrialN': 147, 'thisRepN': 37}>
883.5315 	EXP 	fixation: autoDraw = False
883.5315 	EXP 	line1: autoDraw = False
883.5315 	EXP 	line2: autoDraw = False
883.5315 	EXP 	line3: autoDraw = False
883.5315 	EXP 	line4: autoDraw = False
883.5315 	EXP 	probe: autoDraw = False
883.5315 	EXP 	fixation: autoDraw = True
883.5355 	DATA 	Keypress: x
883.7093 	EXP 	Device response: <KeyPress from None: t=883.5213608339982, value=x, duration=0.18028945800324436>
884.5249 	EXP 	line1: autoDraw = True
884.5249 	EXP 	line2: autoDraw = True
884.5249 	EXP 	line3: autoDraw = True
884.5249 	EXP 	line4: autoDraw = True
884.5290 	EXP 	fixation: autoDraw = False
885.5252 	INFO 	Keyboard events cleared
885.5250 	EXP 	probe: autoDraw = True
885.9810 	EXP 	Device response: <KeyPress from None: t=885.9800820419914, value=v, duration=None>
885.9875 	DATA 	Keypress: v
886.0090 	EXP 	New trial (rep=37, index=148): <Trial 148 (148 in rep 37) data={'pos': np.int64(-150), 'corr_resp': 'z', 'thisN': 148, 'thisTrialN': 148, 'thisRepN': 37}>
886.0250 	EXP 	fixation: autoDraw = False
886.0250 	EXP 	line1: autoDraw = False
886.0250 	EXP 	line2: autoDraw = False
886.0250 	EXP 	line3: autoDraw = False
886.0250 	EXP 	line4: autoDraw = False
886.0250 	EXP 	probe: autoDraw = False
886.0250 	EXP 	fixation: autoDraw = True
886.0927 	EXP 	Device response: <KeyPress from None: t=885.9800820419914, value=v, duration=0.10029683299944736>
886.9969 	EXP 	line1: autoDraw = True
886.9969 	EXP 	line2: autoDraw = True
886.9969 	EXP 	line3: autoDraw = True
886.9969 	EXP 	line4: autoDraw = True
887.0122 	EXP 	fixation: autoDraw = False
887.9966 	INFO 	Keyboard events cleared
887.9964 	EXP 	probe: autoDraw = True
888.5304 	EXP 	Device response: <KeyPress from None: t=888.5270346250036, value=z, duration=None>
888.5308 	EXP 	New trial (rep=38, index=149): <Trial 149 (149 in rep 38) data={'pos': np.int64(150), 'corr_resp': 'v', 'thisN': 149, 'thisTrialN': 149, 'thisRepN': 38}>
888.5363 	DATA 	Keypress: z
888.5407 	EXP 	fixation: autoDraw = False
888.5407 	EXP 	line1: autoDraw = False
888.5407 	EXP 	line2: autoDraw = False
888.5407 	EXP 	line3: autoDraw = False
888.5407 	EXP 	line4: autoDraw = False
888.5407 	EXP 	probe: autoDraw = False
888.5407 	EXP 	fixation: autoDraw = True
888.6805 	EXP 	Device response: <KeyPress from None: t=888.5270346250036, value=z, duration=0.1523543749935925>
889.5300 	EXP 	fixation: autoDraw = False
889.5300 	EXP 	line1: autoDraw = True
889.5300 	EXP 	line2: autoDraw = True
889.5300 	EXP 	line3: autoDraw = True
889.5300 	EXP 	line4: autoDraw = True
890.5307 	INFO 	Keyboard events cleared
890.5305 	EXP 	probe: autoDraw = True
891.0093 	EXP 	Device response: <KeyPress from None: t=891.002043542001, value=v, duration=None>
891.0098 	EXP 	New trial (rep=38, index=150): <Trial 150 (150 in rep 38) data={'pos': np.int64(-150), 'corr_resp': 'z', 'thisN': 150, 'thisTrialN': 150, 'thisRepN': 38}>
891.0149 	DATA 	Keypress: v
891.0191 	EXP 	fixation: autoDraw = False
891.0191 	EXP 	line1: autoDraw = False
891.0191 	EXP 	line2: autoDraw = False
891.0191 	EXP 	line3: autoDraw = False
891.0191 	EXP 	line4: autoDraw = False
891.0191 	EXP 	probe: autoDraw = False
891.0191 	EXP 	fixation: autoDraw = True
891.0758 	EXP 	Device response: <KeyPress from None: t=891.002043542001, value=v, duration=0.06428199999209028>
892.0083 	EXP 	line1: autoDraw = True
892.0083 	EXP 	line2: autoDraw = True
892.0083 	EXP 	line3: autoDraw = True
892.0083 	EXP 	line4: autoDraw = True
892.0132 	EXP 	fixation: autoDraw = False
893.0083 	INFO 	Keyboard events cleared
893.0081 	EXP 	probe: autoDraw = True
893.4482 	EXP 	Device response: <KeyPress from None: t=893.4469209590025, value=z, duration=None>
893.4487 	EXP 	New trial (rep=39, index=151): <Trial 151 (151 in rep 39) data={'pos': np.int64(-150), 'corr_resp': 'z', 'thisN': 151, 'thisTrialN': 151, 'thisRepN': 39}>
893.4540 	DATA 	Keypress: z
893.4582 	EXP 	fixation: autoDraw = False
893.4582 	EXP 	line1: autoDraw = False
893.4582 	EXP 	line2: autoDraw = False
893.4582 	EXP 	line3: autoDraw = False
893.4582 	EXP 	line4: autoDraw = False
893.4582 	EXP 	probe: autoDraw = False
893.4582 	EXP 	fixation: autoDraw = True
893.6305 	EXP 	Device response: <KeyPress from None: t=893.4469209590025, value=z, duration=0.18035899999085814>
894.4465 	EXP 	fixation: autoDraw = False
894.4465 	EXP 	line1: autoDraw = True
894.4465 	EXP 	line2: autoDraw = True
894.4465 	EXP 	line3: autoDraw = True
894.4465 	EXP 	line4: autoDraw = True
895.4474 	INFO 	Keyboard events cleared
895.4472 	EXP 	probe: autoDraw = True
895.8925 	EXP 	Device response: <KeyPress from None: t=895.8899582500017, value=z, duration=None>
895.8930 	EXP 	New trial (rep=35, index=152): <Trial 152 (152 in rep 35) data={'pos': np.int64(-50), 'corr_resp': 'x', 'thisN': 152, 'thisTrialN': 152, 'thisRepN': 35}>
895.8974 	EXP 	fixation: autoDraw = False
895.8974 	EXP 	line1: autoDraw = False
895.8974 	EXP 	line2: autoDraw = False
895.8974 	EXP 	line3: autoDraw = False
895.8974 	EXP 	line4: autoDraw = False
895.8974 	EXP 	probe: autoDraw = False
895.8974 	EXP 	fixation: autoDraw = True
895.9014 	DATA 	Keypress: z
896.0427 	EXP 	Device response: <KeyPress from None: t=895.8899582500017, value=z, duration=0.14840804199047852>
896.8914 	EXP 	line1: autoDraw = True
896.8914 	EXP 	line2: autoDraw = True
896.8914 	EXP 	line3: autoDraw = True
896.8914 	EXP 	line4: autoDraw = True
896.8957 	EXP 	fixation: autoDraw = False
897.8916 	INFO 	Keyboard events cleared
897.8915 	EXP 	probe: autoDraw = True
898.3475 	EXP 	Device response: <KeyPress from None: t=898.3457422920037, value=x, duration=None>
898.3479 	EXP 	New trial (rep=40, index=153): <Trial 153 (153 in rep 40) data={'pos': np.int64(-150), 'corr_resp': 'z', 'thisN': 153, 'thisTrialN': 153, 'thisRepN': 40}>
898.3534 	DATA 	Keypress: x
898.3577 	EXP 	fixation: autoDraw = False
898.3577 	EXP 	line1: autoDraw = False
898.3577 	EXP 	line2: autoDraw = False
898.3577 	EXP 	line3: autoDraw = False
898.3577 	EXP 	line4: autoDraw = False
898.3577 	EXP 	probe: autoDraw = False
898.3577 	EXP 	fixation: autoDraw = True
898.5091 	EXP 	Device response: <KeyPress from None: t=898.3457422920037, value=x, duration=0.1514546669932315>
899.3464 	EXP 	fixation: autoDraw = False
899.3464 	EXP 	line1: autoDraw = True
899.3464 	EXP 	line2: autoDraw = True
899.3464 	EXP 	line3: autoDraw = True
899.3464 	EXP 	line4: autoDraw = True
900.3473 	INFO 	Keyboard events cleared
900.3472 	EXP 	probe: autoDraw = True
900.7261 	EXP 	Device response: <KeyPress from None: t=900.7179115000035, value=z, duration=None>
900.7268 	EXP 	New trial (rep=38, index=154): <Trial 154 (154 in rep 38) data={'pos': np.int64(50), 'corr_resp': 'c', 'thisN': 154, 'thisTrialN': 154, 'thisRepN': 38}>
900.7324 	DATA 	Keypress: z
900.7364 	EXP 	fixation: autoDraw = False
900.7364 	EXP 	line1: autoDraw = False
900.7364 	EXP 	line2: autoDraw = False
900.7364 	EXP 	line3: autoDraw = False
900.7364 	EXP 	line4: autoDraw = False
900.7364 	EXP 	probe: autoDraw = False
900.7364 	EXP 	fixation: autoDraw = True
900.9259 	EXP 	Device response: <KeyPress from None: t=900.7179115000035, value=z, duration=0.1962647499894956>
901.7247 	EXP 	line1: autoDraw = True
901.7247 	EXP 	line2: autoDraw = True
901.7247 	EXP 	line3: autoDraw = True
901.7247 	EXP 	line4: autoDraw = True
901.7287 	EXP 	fixation: autoDraw = False
902.7249 	INFO 	Keyboard events cleared
902.7247 	EXP 	probe: autoDraw = True
903.1761 	EXP 	Device response: <KeyPress from None: t=903.1738088339916, value=c, duration=None>
903.1768 	EXP 	New trial (rep=41, index=155): <Trial 155 (155 in rep 41) data={'pos': np.int64(-150), 'corr_resp': 'z', 'thisN': 155, 'thisTrialN': 155, 'thisRepN': 41}>
903.1820 	EXP 	fixation: autoDraw = False
903.1820 	EXP 	line1: autoDraw = False
903.1820 	EXP 	line2: autoDraw = False
903.1820 	EXP 	line3: autoDraw = False
903.1820 	EXP 	line4: autoDraw = False
903.1820 	EXP 	probe: autoDraw = False
903.1820 	EXP 	fixation: autoDraw = True
903.1862 	DATA 	Keypress: c
903.3092 	EXP 	Device response: <KeyPress from None: t=903.1738088339916, value=c, duration=0.12846108300436754>
904.1747 	EXP 	line1: autoDraw = True
904.1747 	EXP 	line2: autoDraw = True
904.1747 	EXP 	line3: autoDraw = True
904.1747 	EXP 	line4: autoDraw = True
904.1796 	EXP 	fixation: autoDraw = False
905.1752 	INFO 	Keyboard events cleared
905.1750 	EXP 	probe: autoDraw = True
905.6306 	EXP 	Device response: <KeyPress from None: t=905.6296936250001, value=z, duration=None>
905.6310 	EXP 	New trial (rep=39, index=156): <Trial 156 (156 in rep 39) data={'pos': np.int64(50), 'corr_resp': 'c', 'thisN': 156, 'thisTrialN': 156, 'thisRepN': 39}>
905.6363 	DATA 	Keypress: z
905.6408 	EXP 	fixation: autoDraw = False
905.6408 	EXP 	line1: autoDraw = False
905.6408 	EXP 	line2: autoDraw = False
905.6408 	EXP 	line3: autoDraw = False
905.6408 	EXP 	line4: autoDraw = False
905.6408 	EXP 	probe: autoDraw = False
905.6408 	EXP 	fixation: autoDraw = True
905.7761 	EXP 	Device response: <KeyPress from None: t=905.6296936250001, value=z, duration=0.14041687500139233>
906.6300 	EXP 	fixation: autoDraw = False
906.6300 	EXP 	line1: autoDraw = True
906.6300 	EXP 	line2: autoDraw = True
906.6300 	EXP 	line3: autoDraw = True
906.6300 	EXP 	line4: autoDraw = True
907.6306 	INFO 	Keyboard events cleared
907.6304 	EXP 	probe: autoDraw = True
908.0093 	EXP 	Device response: <KeyPress from None: t=907.9965742499917, value=c, duration=None>
908.0100 	EXP 	New trial (rep=39, index=157): <Trial 157 (157 in rep 39) data={'pos': np.int64(150), 'corr_resp': 'v', 'thisN': 157, 'thisTrialN': 157, 'thisRepN': 39}>
908.0159 	DATA 	Keypress: c
908.0200 	EXP 	fixation: autoDraw = False
908.0200 	EXP 	line1: autoDraw = False
908.0200 	EXP 	line2: autoDraw = False
908.0200 	EXP 	line3: autoDraw = False
908.0200 	EXP 	line4: autoDraw = False
908.0200 	EXP 	probe: autoDraw = False
908.0200 	EXP 	fixation: autoDraw = True
908.1298 	EXP 	Device response: <KeyPress from None: t=907.9965742499917, value=c, duration=0.12839000001258682>
909.0080 	EXP 	line1: autoDraw = True
909.0080 	EXP 	line2: autoDraw = True
909.0080 	EXP 	line3: autoDraw = True
909.0080 	EXP 	line4: autoDraw = True
909.0128 	EXP 	fixation: autoDraw = False
910.0080 	INFO 	Keyboard events cleared
910.0079 	EXP 	probe: autoDraw = True
910.8927 	EXP 	Device response: <KeyPress from None: t=910.8888211669982, value=v, duration=None>
910.8933 	EXP 	New trial (rep=36, index=158): <Trial 158 (158 in rep 36) data={'pos': np.int64(-50), 'corr_resp': 'x', 'thisN': 158, 'thisTrialN': 158, 'thisRepN': 36}>
910.8979 	EXP 	fixation: autoDraw = False
910.8979 	EXP 	line1: autoDraw = False
910.8979 	EXP 	line2: autoDraw = False
910.8979 	EXP 	line3: autoDraw = False
910.8979 	EXP 	line4: autoDraw = False
910.8979 	EXP 	probe: autoDraw = False
910.8979 	EXP 	fixation: autoDraw = True
910.9020 	DATA 	Keypress: v
911.0094 	EXP 	Device response: <KeyPress from None: t=910.8888211669982, value=v, duration=0.11212466699362267>
911.8913 	EXP 	line1: autoDraw = True
911.8913 	EXP 	line2: autoDraw = True
911.8913 	EXP 	line3: autoDraw = True
911.8913 	EXP 	line4: autoDraw = True
911.8962 	EXP 	fixation: autoDraw = False
912.8914 	INFO 	Keyboard events cleared
912.8913 	EXP 	probe: autoDraw = True
913.3590 	EXP 	Device response: <KeyPress from None: t=913.3526751250029, value=x, duration=None>
913.3596 	EXP 	New trial (rep=40, index=159): <Trial 159 (159 in rep 40) data={'pos': np.int64(150), 'corr_resp': 'v', 'thisN': 159, 'thisTrialN': 159, 'thisRepN': 40}>
913.3650 	DATA 	Keypress: x
913.3692 	EXP 	fixation: autoDraw = False
913.3692 	EXP 	line1: autoDraw = False
913.3692 	EXP 	line2: autoDraw = False
913.3692 	EXP 	line3: autoDraw = False
913.3692 	EXP 	line4: autoDraw = False
913.3692 	EXP 	probe: autoDraw = False
913.3692 	EXP 	fixation: autoDraw = True
913.4802 	EXP 	Device response: <KeyPress from None: t=913.3526751250029, value=x, duration=0.12420129199745134>
914.3581 	EXP 	line1: autoDraw = True
914.3581 	EXP 	line2: autoDraw = True
914.3581 	EXP 	line3: autoDraw = True
914.3581 	EXP 	line4: autoDraw = True
914.3630 	EXP 	fixation: autoDraw = False
915.3581 	INFO 	Keyboard events cleared
915.3580 	EXP 	probe: autoDraw = True
915.7474 	EXP 	Device response: <KeyPress from None: t=915.7445369170018, value=v, duration=None>
915.7478 	EXP 	New trial (rep=40, index=160): <Trial 160 (160 in rep 40) data={'pos': np.int64(50), 'corr_resp': 'c', 'thisN': 160, 'thisTrialN': 160, 'thisRepN': 40}>
915.7532 	DATA 	Keypress: v
915.7574 	EXP 	fixation: autoDraw = False
915.7574 	EXP 	line1: autoDraw = False
915.7574 	EXP 	line2: autoDraw = False
915.7574 	EXP 	line3: autoDraw = False
915.7574 	EXP 	line4: autoDraw = False
915.7574 	EXP 	probe: autoDraw = False
915.7574 	EXP 	fixation: autoDraw = True
915.8428 	EXP 	Device response: <KeyPress from None: t=915.7445369170018, value=v, duration=0.09633283299626783>
916.7462 	EXP 	fixation: autoDraw = False
916.7462 	EXP 	line1: autoDraw = True
916.7462 	EXP 	line2: autoDraw = True
916.7462 	EXP 	line3: autoDraw = True
916.7462 	EXP 	line4: autoDraw = True
917.7467 	INFO 	Keyboard events cleared
917.7465 	EXP 	probe: autoDraw = True
918.2091 	EXP 	Device response: <KeyPress from None: t=918.205546792, value=c, duration=None>
918.2096 	EXP 	New trial (rep=41, index=161): <Trial 161 (161 in rep 41) data={'pos': np.int64(150), 'corr_resp': 'v', 'thisN': 161, 'thisTrialN': 161, 'thisRepN': 41}>
918.2144 	EXP 	fixation: autoDraw = False
918.2144 	EXP 	line1: autoDraw = False
918.2144 	EXP 	line2: autoDraw = False
918.2144 	EXP 	line3: autoDraw = False
918.2144 	EXP 	line4: autoDraw = False
918.2144 	EXP 	probe: autoDraw = False
918.2144 	EXP 	fixation: autoDraw = True
918.2184 	DATA 	Keypress: c
918.3258 	EXP 	Device response: <KeyPress from None: t=918.205546792, value=c, duration=0.11645916699490044>
919.2080 	EXP 	line1: autoDraw = True
919.2080 	EXP 	line2: autoDraw = True
919.2080 	EXP 	line3: autoDraw = True
919.2080 	EXP 	line4: autoDraw = True
919.2129 	EXP 	fixation: autoDraw = False
920.2080 	INFO 	Keyboard events cleared
920.2079 	EXP 	probe: autoDraw = True
920.5592 	EXP 	Device response: <KeyPress from None: t=920.5544889589946, value=v, duration=None>
920.5599 	EXP 	New trial (rep=37, index=162): <Trial 162 (162 in rep 37) data={'pos': np.int64(-50), 'corr_resp': 'x', 'thisN': 162, 'thisTrialN': 162, 'thisRepN': 37}>
920.5649 	EXP 	fixation: autoDraw = False
920.5649 	EXP 	line1: autoDraw = False
920.5649 	EXP 	line2: autoDraw = False
920.5649 	EXP 	line3: autoDraw = False
920.5649 	EXP 	line4: autoDraw = False
920.5649 	EXP 	probe: autoDraw = False
920.5649 	EXP 	fixation: autoDraw = True
920.5691 	DATA 	Keypress: v
920.6757 	EXP 	Device response: <KeyPress from None: t=920.5544889589946, value=v, duration=0.11638391599990427>
921.5579 	EXP 	line1: autoDraw = True
921.5579 	EXP 	line2: autoDraw = True
921.5579 	EXP 	line3: autoDraw = True
921.5579 	EXP 	line4: autoDraw = True
921.5631 	EXP 	fixation: autoDraw = False
922.5580 	INFO 	Keyboard events cleared
922.5579 	EXP 	probe: autoDraw = True
922.9422 	EXP 	Device response: <KeyPress from None: t=922.9344006669999, value=z, duration=None>
922.9427 	EXP 	New trial (rep=42, index=163): <Trial 163 (163 in rep 42) data={'pos': np.int64(-150), 'corr_resp': 'z', 'thisN': 163, 'thisTrialN': 163, 'thisRepN': 42}>
922.9483 	DATA 	Keypress: z
922.9525 	EXP 	fixation: autoDraw = False
922.9525 	EXP 	line1: autoDraw = False
922.9525 	EXP 	line2: autoDraw = False
922.9525 	EXP 	line3: autoDraw = False
922.9525 	EXP 	line4: autoDraw = False
922.9525 	EXP 	probe: autoDraw = False
922.9525 	EXP 	fixation: autoDraw = True
923.0129 	EXP 	Device response: <KeyPress from None: t=922.9344006669999, value=z, duration=0.0762123329914175>
923.9407 	EXP 	line1: autoDraw = True
923.9407 	EXP 	line2: autoDraw = True
923.9407 	EXP 	line3: autoDraw = True
923.9407 	EXP 	line4: autoDraw = True
923.9457 	EXP 	fixation: autoDraw = False
924.9414 	INFO 	Keyboard events cleared
924.9412 	EXP 	probe: autoDraw = True
925.4591 	EXP 	Device response: <KeyPress from None: t=925.4534104999912, value=z, duration=None>
925.4595 	EXP 	New trial (rep=43, index=164): <Trial 164 (164 in rep 43) data={'pos': np.int64(-150), 'corr_resp': 'z', 'thisN': 164, 'thisTrialN': 164, 'thisRepN': 43}>
925.4652 	DATA 	Keypress: z
925.4695 	EXP 	fixation: autoDraw = False
925.4695 	EXP 	line1: autoDraw = False
925.4695 	EXP 	line2: autoDraw = False
925.4695 	EXP 	line3: autoDraw = False
925.4695 	EXP 	line4: autoDraw = False
925.4695 	EXP 	probe: autoDraw = False
925.4695 	EXP 	fixation: autoDraw = True
925.5970 	EXP 	Device response: <KeyPress from None: t=925.4534104999912, value=z, duration=0.1402170420042239>
926.4579 	EXP 	line1: autoDraw = True
926.4579 	EXP 	line2: autoDraw = True
926.4579 	EXP 	line3: autoDraw = True
926.4579 	EXP 	line4: autoDraw = True
926.4628 	EXP 	fixation: autoDraw = False
927.4580 	INFO 	Keyboard events cleared
927.4578 	EXP 	probe: autoDraw = True
927.9305 	EXP 	Device response: <KeyPress from None: t=927.9282819170039, value=z, duration=None>
927.9309 	EXP 	New trial (rep=41, index=165): <Trial 165 (165 in rep 41) data={'pos': np.int64(50), 'corr_resp': 'c', 'thisN': 165, 'thisTrialN': 165, 'thisRepN': 41}>
927.9365 	DATA 	Keypress: z
927.9408 	EXP 	fixation: autoDraw = False
927.9408 	EXP 	line1: autoDraw = False
927.9408 	EXP 	line2: autoDraw = False
927.9408 	EXP 	line3: autoDraw = False
927.9408 	EXP 	line4: autoDraw = False
927.9408 	EXP 	probe: autoDraw = False
927.9408 	EXP 	fixation: autoDraw = True
928.0757 	EXP 	Device response: <KeyPress from None: t=927.9282819170039, value=z, duration=0.14426837499195244>
928.9307 	EXP 	fixation: autoDraw = False
928.9307 	EXP 	line1: autoDraw = True
928.9307 	EXP 	line2: autoDraw = True
928.9307 	EXP 	line3: autoDraw = True
928.9307 	EXP 	line4: autoDraw = True
929.9305 	INFO 	Keyboard events cleared
929.9303 	EXP 	probe: autoDraw = True
930.3976 	EXP 	Device response: <KeyPress from None: t=930.392177458998, value=c, duration=None>
930.3980 	EXP 	New trial (rep=44, index=166): <Trial 166 (166 in rep 44) data={'pos': np.int64(-150), 'corr_resp': 'z', 'thisN': 166, 'thisTrialN': 166, 'thisRepN': 44}>
930.4034 	DATA 	Keypress: c
930.4075 	EXP 	fixation: autoDraw = False
930.4075 	EXP 	line1: autoDraw = False
930.4075 	EXP 	line2: autoDraw = False
930.4075 	EXP 	line3: autoDraw = False
930.4075 	EXP 	line4: autoDraw = False
930.4075 	EXP 	probe: autoDraw = False
930.4075 	EXP 	fixation: autoDraw = True
930.5594 	EXP 	Device response: <KeyPress from None: t=930.392177458998, value=c, duration=0.16023820800182875>
931.3964 	EXP 	fixation: autoDraw = False
931.3964 	EXP 	line1: autoDraw = True
931.3964 	EXP 	line2: autoDraw = True
931.3964 	EXP 	line3: autoDraw = True
931.3964 	EXP 	line4: autoDraw = True
932.3970 	INFO 	Keyboard events cleared
932.3968 	EXP 	probe: autoDraw = True
932.9094 	EXP 	Device response: <KeyPress from None: t=932.8970780419913, value=z, duration=None>
932.9100 	EXP 	New trial (rep=42, index=167): <Trial 167 (167 in rep 42) data={'pos': np.int64(150), 'corr_resp': 'v', 'thisN': 167, 'thisTrialN': 167, 'thisRepN': 42}>
932.9161 	DATA 	Keypress: z
932.9204 	EXP 	fixation: autoDraw = False
932.9204 	EXP 	line1: autoDraw = False
932.9204 	EXP 	line2: autoDraw = False
932.9204 	EXP 	line3: autoDraw = False
932.9204 	EXP 	line4: autoDraw = False
932.9204 	EXP 	probe: autoDraw = False
932.9204 	EXP 	fixation: autoDraw = True
933.0306 	EXP 	Device response: <KeyPress from None: t=932.8970780419913, value=z, duration=0.13229366700397804>
933.9078 	EXP 	line1: autoDraw = True
933.9078 	EXP 	line2: autoDraw = True
933.9078 	EXP 	line3: autoDraw = True
933.9078 	EXP 	line4: autoDraw = True
933.9129 	EXP 	fixation: autoDraw = False
934.9079 	INFO 	Keyboard events cleared
934.9077 	EXP 	probe: autoDraw = True
935.2589 	EXP 	Device response: <KeyPress from None: t=935.2531734590011, value=v, duration=None>
935.2594 	EXP 	New trial (rep=43, index=168): <Trial 168 (168 in rep 43) data={'pos': np.int64(150), 'corr_resp': 'v', 'thisN': 168, 'thisTrialN': 168, 'thisRepN': 43}>
935.2648 	DATA 	Keypress: v
935.2691 	EXP 	fixation: autoDraw = False
935.2691 	EXP 	line1: autoDraw = False
935.2691 	EXP 	line2: autoDraw = False
935.2691 	EXP 	line3: autoDraw = False
935.2691 	EXP 	line4: autoDraw = False
935.2691 	EXP 	probe: autoDraw = False
935.2691 	EXP 	fixation: autoDraw = True
935.3588 	EXP 	Device response: <KeyPress from None: t=935.2531734590011, value=v, duration=0.10040729100001045>
936.2578 	EXP 	line1: autoDraw = True
936.2578 	EXP 	line2: autoDraw = True
936.2578 	EXP 	line3: autoDraw = True
936.2578 	EXP 	line4: autoDraw = True
936.2620 	EXP 	fixation: autoDraw = False
937.2581 	INFO 	Keyboard events cleared
937.2579 	EXP 	probe: autoDraw = True
937.7422 	EXP 	Device response: <KeyPress from None: t=937.7339636669931, value=v, duration=None>
937.7427 	EXP 	New trial (rep=44, index=169): <Trial 169 (169 in rep 44) data={'pos': np.int64(150), 'corr_resp': 'v', 'thisN': 169, 'thisTrialN': 169, 'thisRepN': 44}>
937.7485 	DATA 	Keypress: v
937.7527 	EXP 	fixation: autoDraw = False
937.7527 	EXP 	line1: autoDraw = False
937.7527 	EXP 	line2: autoDraw = False
937.7527 	EXP 	line3: autoDraw = False
937.7527 	EXP 	line4: autoDraw = False
937.7527 	EXP 	probe: autoDraw = False
937.7527 	EXP 	fixation: autoDraw = True
937.8755 	EXP 	Device response: <KeyPress from None: t=937.7339636669931, value=v, duration=0.14036154199857265>
938.7411 	EXP 	line1: autoDraw = True
938.7411 	EXP 	line2: autoDraw = True
938.7411 	EXP 	line3: autoDraw = True
938.7411 	EXP 	line4: autoDraw = True
938.7457 	EXP 	fixation: autoDraw = False
939.7412 	INFO 	Keyboard events cleared
939.7410 	EXP 	probe: autoDraw = True
940.3136 	EXP 	Device response: <KeyPress from None: t=940.3109158339939, value=v, duration=None>
940.3140 	EXP 	New trial (rep=45, index=170): <Trial 170 (170 in rep 45) data={'pos': np.int64(-150), 'corr_resp': 'z', 'thisN': 170, 'thisTrialN': 170, 'thisRepN': 45}>
940.3196 	DATA 	Keypress: v
940.3239 	EXP 	fixation: autoDraw = False
940.3239 	EXP 	line1: autoDraw = False
940.3239 	EXP 	line2: autoDraw = False
940.3239 	EXP 	line3: autoDraw = False
940.3239 	EXP 	line4: autoDraw = False
940.3239 	EXP 	probe: autoDraw = False
940.3239 	EXP 	fixation: autoDraw = True
940.4422 	EXP 	Device response: <KeyPress from None: t=940.3109158339939, value=v, duration=0.12835379100579303>
941.3129 	EXP 	fixation: autoDraw = False
941.3129 	EXP 	line1: autoDraw = True
941.3129 	EXP 	line2: autoDraw = True
941.3129 	EXP 	line3: autoDraw = True
941.3129 	EXP 	line4: autoDraw = True
942.3125 	INFO 	Keyboard events cleared
942.3123 	EXP 	probe: autoDraw = True
942.9583 	EXP 	Device response: <KeyPress from None: t=942.948910334002, value=z, duration=None>
942.9589 	EXP 	New trial (rep=38, index=171): <Trial 171 (171 in rep 38) data={'pos': np.int64(-50), 'corr_resp': 'x', 'thisN': 171, 'thisTrialN': 171, 'thisRepN': 38}>
942.9631 	DATA 	Keypress: z
942.9661 	EXP 	fixation: autoDraw = False
942.9661 	EXP 	line1: autoDraw = False
942.9661 	EXP 	line2: autoDraw = False
942.9661 	EXP 	line3: autoDraw = False
942.9661 	EXP 	line4: autoDraw = False
942.9661 	EXP 	probe: autoDraw = False
942.9661 	EXP 	fixation: autoDraw = True
943.0587 	EXP 	Device response: <KeyPress from None: t=942.948910334002, value=z, duration=0.10829916599323042>
943.9578 	EXP 	line1: autoDraw = True
943.9578 	EXP 	line2: autoDraw = True
943.9578 	EXP 	line3: autoDraw = True
943.9578 	EXP 	line4: autoDraw = True
943.9624 	EXP 	fixation: autoDraw = False
944.9480 	INFO 	Keyboard events cleared
944.9478 	EXP 	probe: autoDraw = True
945.4923 	EXP 	Device response: <KeyPress from None: t=945.4888721250027, value=x, duration=None>
945.4929 	EXP 	New trial (rep=42, index=172): <Trial 172 (172 in rep 42) data={'pos': np.int64(50), 'corr_resp': 'c', 'thisN': 172, 'thisTrialN': 172, 'thisRepN': 42}>
945.4982 	EXP 	fixation: autoDraw = False
945.4982 	EXP 	line1: autoDraw = False
945.4982 	EXP 	line2: autoDraw = False
945.4982 	EXP 	line3: autoDraw = False
945.4982 	EXP 	line4: autoDraw = False
945.4982 	EXP 	probe: autoDraw = False
945.4982 	EXP 	fixation: autoDraw = True
945.5025 	DATA 	Keypress: x
945.6468 	EXP 	Device response: <KeyPress from None: t=945.4888721250027, value=x, duration=0.15627195900015067>
946.4910 	EXP 	line1: autoDraw = True
946.4910 	EXP 	line2: autoDraw = True
946.4910 	EXP 	line3: autoDraw = True
946.4910 	EXP 	line4: autoDraw = True
946.4957 	EXP 	fixation: autoDraw = False
947.4912 	INFO 	Keyboard events cleared
947.4911 	EXP 	probe: autoDraw = True
947.9588 	EXP 	Device response: <KeyPress from None: t=947.9568084589991, value=c, duration=None>
947.9592 	EXP 	New trial (rep=43, index=173): <Trial 173 (173 in rep 43) data={'pos': np.int64(50), 'corr_resp': 'c', 'thisN': 173, 'thisTrialN': 173, 'thisRepN': 43}>
947.9635 	EXP 	fixation: autoDraw = False
947.9635 	EXP 	line1: autoDraw = False
947.9635 	EXP 	line2: autoDraw = False
947.9635 	EXP 	line3: autoDraw = False
947.9635 	EXP 	line4: autoDraw = False
947.9635 	EXP 	probe: autoDraw = False
947.9635 	EXP 	fixation: autoDraw = True
947.9676 	DATA 	Keypress: c
948.1089 	EXP 	Device response: <KeyPress from None: t=947.9568084589991, value=c, duration=0.14432941599807236>
948.9577 	EXP 	line1: autoDraw = True
948.9577 	EXP 	line2: autoDraw = True
948.9577 	EXP 	line3: autoDraw = True
948.9577 	EXP 	line4: autoDraw = True
948.9627 	EXP 	fixation: autoDraw = False
949.9577 	INFO 	Keyboard events cleared
949.9576 	EXP 	probe: autoDraw = True
950.6255 	EXP 	Device response: <KeyPress from None: t=950.6177501670027, value=c, duration=None>
950.6260 	EXP 	New trial (rep=45, index=174): <Trial 174 (174 in rep 45) data={'pos': np.int64(150), 'corr_resp': 'v', 'thisN': 174, 'thisTrialN': 174, 'thisRepN': 45}>
950.6318 	DATA 	Keypress: c
950.6362 	EXP 	fixation: autoDraw = False
950.6362 	EXP 	line1: autoDraw = False
950.6362 	EXP 	line2: autoDraw = False
950.6362 	EXP 	line3: autoDraw = False
950.6362 	EXP 	line4: autoDraw = False
950.6362 	EXP 	probe: autoDraw = False
950.6362 	EXP 	fixation: autoDraw = True
950.7470 	EXP 	Device response: <KeyPress from None: t=950.6177501670027, value=c, duration=0.1282780829933472>
951.6244 	EXP 	line1: autoDraw = True
951.6244 	EXP 	line2: autoDraw = True
951.6244 	EXP 	line3: autoDraw = True
951.6244 	EXP 	line4: autoDraw = True
951.6293 	EXP 	fixation: autoDraw = False
952.6245 	INFO 	Keyboard events cleared
952.6243 	EXP 	probe: autoDraw = True
953.1252 	EXP 	Device response: <KeyPress from None: t=953.1126366249955, value=v, duration=None>
953.1257 	EXP 	New trial (rep=39, index=175): <Trial 175 (175 in rep 39) data={'pos': np.int64(-50), 'corr_resp': 'x', 'thisN': 175, 'thisTrialN': 175, 'thisRepN': 39}>
953.1307 	DATA 	Keypress: v
953.1346 	EXP 	fixation: autoDraw = False
953.1346 	EXP 	line1: autoDraw = False
953.1346 	EXP 	line2: autoDraw = False
953.1346 	EXP 	line3: autoDraw = False
953.1346 	EXP 	line4: autoDraw = False
953.1346 	EXP 	probe: autoDraw = False
953.1346 	EXP 	fixation: autoDraw = True
953.2139 	EXP 	Device response: <KeyPress from None: t=953.1126366249955, value=v, duration=0.10036012499767821>
954.1243 	EXP 	line1: autoDraw = True
954.1243 	EXP 	line2: autoDraw = True
954.1243 	EXP 	line3: autoDraw = True
954.1243 	EXP 	line4: autoDraw = True
954.1291 	EXP 	fixation: autoDraw = False
955.1246 	INFO 	Keyboard events cleared
955.1244 	EXP 	probe: autoDraw = True
955.5089 	EXP 	Device response: <KeyPress from None: t=955.5075253340037, value=x, duration=None>
955.5094 	EXP 	New trial (rep=46, index=176): <Trial 176 (176 in rep 46) data={'pos': np.int64(-150), 'corr_resp': 'z', 'thisN': 176, 'thisTrialN': 176, 'thisRepN': 46}>
955.5143 	EXP 	fixation: autoDraw = False
955.5143 	EXP 	line1: autoDraw = False
955.5143 	EXP 	line2: autoDraw = False
955.5143 	EXP 	line3: autoDraw = False
955.5143 	EXP 	line4: autoDraw = False
955.5143 	EXP 	probe: autoDraw = False
955.5143 	EXP 	fixation: autoDraw = True
955.5183 	DATA 	Keypress: x
955.6423 	EXP 	Device response: <KeyPress from None: t=955.5075253340037, value=x, duration=0.12844087499252055>
956.5075 	EXP 	line1: autoDraw = True
956.5075 	EXP 	line2: autoDraw = True
956.5075 	EXP 	line3: autoDraw = True
956.5075 	EXP 	line4: autoDraw = True
956.5120 	EXP 	fixation: autoDraw = False
957.5077 	INFO 	Keyboard events cleared
957.5076 	EXP 	probe: autoDraw = True
957.8752 	EXP 	Device response: <KeyPress from None: t=957.873607083995, value=z, duration=None>
957.8756 	EXP 	New trial (rep=46, index=177): <Trial 177 (177 in rep 46) data={'pos': np.int64(150), 'corr_resp': 'v', 'thisN': 177, 'thisTrialN': 177, 'thisRepN': 46}>
957.8807 	EXP 	fixation: autoDraw = False
957.8807 	EXP 	line1: autoDraw = False
957.8807 	EXP 	line2: autoDraw = False
957.8807 	EXP 	line3: autoDraw = False
957.8807 	EXP 	line4: autoDraw = False
957.8807 	EXP 	probe: autoDraw = False
957.8807 	EXP 	fixation: autoDraw = True
957.8847 	DATA 	Keypress: z
958.0590 	EXP 	Device response: <KeyPress from None: t=957.873607083995, value=z, duration=0.1721956660039723>
958.8743 	EXP 	line1: autoDraw = True
958.8743 	EXP 	line2: autoDraw = True
958.8743 	EXP 	line3: autoDraw = True
958.8743 	EXP 	line4: autoDraw = True
958.8786 	EXP 	fixation: autoDraw = False
959.8743 	INFO 	Keyboard events cleared
959.8742 	EXP 	probe: autoDraw = True
960.2810 	EXP 	Device response: <KeyPress from None: t=960.2755216670048, value=v, duration=None>
960.2814 	EXP 	New trial (rep=44, index=178): <Trial 178 (178 in rep 44) data={'pos': np.int64(50), 'corr_resp': 'c', 'thisN': 178, 'thisTrialN': 178, 'thisRepN': 44}>
960.2867 	DATA 	Keypress: v
960.2908 	EXP 	fixation: autoDraw = False
960.2908 	EXP 	line1: autoDraw = False
960.2908 	EXP 	line2: autoDraw = False
960.2908 	EXP 	line3: autoDraw = False
960.2908 	EXP 	line4: autoDraw = False
960.2908 	EXP 	probe: autoDraw = False
960.2908 	EXP 	fixation: autoDraw = True
960.4255 	EXP 	Device response: <KeyPress from None: t=960.2755216670048, value=v, duration=0.1443159999907948>
961.2791 	EXP 	fixation: autoDraw = False
961.2791 	EXP 	line1: autoDraw = True
961.2791 	EXP 	line2: autoDraw = True
961.2791 	EXP 	line3: autoDraw = True
961.2791 	EXP 	line4: autoDraw = True
962.2792 	INFO 	Keyboard events cleared
962.2791 	EXP 	probe: autoDraw = True
962.6094 	EXP 	Device response: <KeyPress from None: t=962.6073873339919, value=c, duration=None>
962.6102 	EXP 	New trial (rep=40, index=179): <Trial 179 (179 in rep 40) data={'pos': np.int64(-50), 'corr_resp': 'x', 'thisN': 179, 'thisTrialN': 179, 'thisRepN': 40}>
962.6150 	EXP 	fixation: autoDraw = False
962.6150 	EXP 	line1: autoDraw = False
962.6150 	EXP 	line2: autoDraw = False
962.6150 	EXP 	line3: autoDraw = False
962.6150 	EXP 	line4: autoDraw = False
962.6150 	EXP 	probe: autoDraw = False
962.6150 	EXP 	fixation: autoDraw = True
962.6193 	DATA 	Keypress: c
962.7587 	EXP 	Device response: <KeyPress from None: t=962.6073873339919, value=c, duration=0.14030354100395925>
963.6078 	EXP 	line1: autoDraw = True
963.6078 	EXP 	line2: autoDraw = True
963.6078 	EXP 	line3: autoDraw = True
963.6078 	EXP 	line4: autoDraw = True
963.6127 	EXP 	fixation: autoDraw = False
964.6078 	INFO 	Keyboard events cleared
964.6076 	EXP 	probe: autoDraw = True
964.9923 	EXP 	Device response: <KeyPress from None: t=964.9883679589984, value=x, duration=None>
964.9929 	EXP 	New trial (rep=47, index=180): <Trial 180 (180 in rep 47) data={'pos': np.int64(150), 'corr_resp': 'v', 'thisN': 180, 'thisTrialN': 180, 'thisRepN': 47}>
964.9982 	EXP 	fixation: autoDraw = False
964.9982 	EXP 	line1: autoDraw = False
964.9982 	EXP 	line2: autoDraw = False
964.9982 	EXP 	line3: autoDraw = False
964.9982 	EXP 	line4: autoDraw = False
964.9982 	EXP 	probe: autoDraw = False
964.9982 	EXP 	fixation: autoDraw = True
965.0021 	DATA 	Keypress: x
965.1587 	EXP 	Device response: <KeyPress from None: t=964.9883679589984, value=x, duration=0.16480495799623895>
965.9909 	EXP 	line1: autoDraw = True
965.9909 	EXP 	line2: autoDraw = True
965.9909 	EXP 	line3: autoDraw = True
965.9909 	EXP 	line4: autoDraw = True
965.9953 	EXP 	fixation: autoDraw = False
966.9910 	INFO 	Keyboard events cleared
966.9908 	EXP 	probe: autoDraw = True
967.4927 	EXP 	Device response: <KeyPress from None: t=967.4893056669971, value=v, duration=None>
967.4935 	EXP 	New trial (rep=48, index=181): <Trial 181 (181 in rep 48) data={'pos': np.int64(150), 'corr_resp': 'v', 'thisN': 181, 'thisTrialN': 181, 'thisRepN': 48}>
967.4989 	EXP 	fixation: autoDraw = False
967.4989 	EXP 	line1: autoDraw = False
967.4989 	EXP 	line2: autoDraw = False
967.4989 	EXP 	line3: autoDraw = False
967.4989 	EXP 	line4: autoDraw = False
967.4989 	EXP 	probe: autoDraw = False
967.4989 	EXP 	fixation: autoDraw = True
967.5030 	DATA 	Keypress: v
967.6305 	EXP 	Device response: <KeyPress from None: t=967.4893056669971, value=v, duration=0.13638799999898765>
968.4908 	EXP 	line1: autoDraw = True
968.4908 	EXP 	line2: autoDraw = True
968.4908 	EXP 	line3: autoDraw = True
968.4908 	EXP 	line4: autoDraw = True
968.4959 	EXP 	fixation: autoDraw = False
969.4911 	INFO 	Keyboard events cleared
969.4909 	EXP 	probe: autoDraw = True
970.0593 	EXP 	Device response: <KeyPress from None: t=970.0471552499948, value=v, duration=None>
970.0600 	EXP 	New trial (rep=41, index=182): <Trial 182 (182 in rep 41) data={'pos': np.int64(-50), 'corr_resp': 'x', 'thisN': 182, 'thisTrialN': 182, 'thisRepN': 41}>
970.0669 	DATA 	Keypress: v
970.0713 	EXP 	fixation: autoDraw = False
970.0713 	EXP 	line1: autoDraw = False
970.0713 	EXP 	line2: autoDraw = False
970.0713 	EXP 	line3: autoDraw = False
970.0713 	EXP 	line4: autoDraw = False
970.0713 	EXP 	probe: autoDraw = False
970.0713 	EXP 	fixation: autoDraw = True
970.1420 	EXP 	Device response: <KeyPress from None: t=970.0471552499948, value=v, duration=0.08043600000382867>
971.0576 	EXP 	line1: autoDraw = True
971.0576 	EXP 	line2: autoDraw = True
971.0576 	EXP 	line3: autoDraw = True
971.0576 	EXP 	line4: autoDraw = True
971.0627 	EXP 	fixation: autoDraw = False
972.0576 	INFO 	Keyboard events cleared
972.0575 	EXP 	probe: autoDraw = True
972.6419 	EXP 	Device response: <KeyPress from None: t=972.6401402499905, value=x, duration=None>
972.6423 	EXP 	New trial (rep=47, index=183): <Trial 183 (183 in rep 47) data={'pos': np.int64(-150), 'corr_resp': 'z', 'thisN': 183, 'thisTrialN': 183, 'thisRepN': 47}>
972.6468 	EXP 	fixation: autoDraw = False
972.6468 	EXP 	line1: autoDraw = False
972.6468 	EXP 	line2: autoDraw = False
972.6468 	EXP 	line3: autoDraw = False
972.6468 	EXP 	line4: autoDraw = False
972.6468 	EXP 	probe: autoDraw = False
972.6468 	EXP 	fixation: autoDraw = True
972.6507 	DATA 	Keypress: x
972.7922 	EXP 	Device response: <KeyPress from None: t=972.6401402499905, value=x, duration=0.14032729201426264>
973.6409 	EXP 	line1: autoDraw = True
973.6409 	EXP 	line2: autoDraw = True
973.6409 	EXP 	line3: autoDraw = True
973.6409 	EXP 	line4: autoDraw = True
973.6460 	EXP 	fixation: autoDraw = False
974.6411 	INFO 	Keyboard events cleared
974.6409 	EXP 	probe: autoDraw = True
975.0921 	EXP 	Device response: <KeyPress from None: t=975.0811456669908, value=z, duration=None>
975.0927 	EXP 	New trial (rep=42, index=184): <Trial 184 (184 in rep 42) data={'pos': np.int64(-50), 'corr_resp': 'x', 'thisN': 184, 'thisTrialN': 184, 'thisRepN': 42}>
975.0979 	DATA 	Keypress: z
975.1022 	EXP 	fixation: autoDraw = False
975.1022 	EXP 	line1: autoDraw = False
975.1022 	EXP 	line2: autoDraw = False
975.1022 	EXP 	line3: autoDraw = False
975.1022 	EXP 	line4: autoDraw = False
975.1022 	EXP 	probe: autoDraw = False
975.1022 	EXP 	fixation: autoDraw = True
975.2420 	EXP 	Device response: <KeyPress from None: t=975.0811456669908, value=z, duration=0.15248112501285505>
976.0908 	EXP 	line1: autoDraw = True
976.0908 	EXP 	line2: autoDraw = True
976.0908 	EXP 	line3: autoDraw = True
976.0908 	EXP 	line4: autoDraw = True
976.0959 	EXP 	fixation: autoDraw = False
977.0910 	INFO 	Keyboard events cleared
977.0909 	EXP 	probe: autoDraw = True
977.7254 	EXP 	Device response: <KeyPress from None: t=977.7131099590042, value=x, duration=None>
977.7259 	EXP 	New trial (rep=43, index=185): <Trial 185 (185 in rep 43) data={'pos': np.int64(-50), 'corr_resp': 'x', 'thisN': 185, 'thisTrialN': 185, 'thisRepN': 43}>
977.7313 	DATA 	Keypress: x
977.7356 	EXP 	fixation: autoDraw = False
977.7356 	EXP 	line1: autoDraw = False
977.7356 	EXP 	line2: autoDraw = False
977.7356 	EXP 	line3: autoDraw = False
977.7356 	EXP 	line4: autoDraw = False
977.7356 	EXP 	probe: autoDraw = False
977.7356 	EXP 	fixation: autoDraw = True
977.8589 	EXP 	Device response: <KeyPress from None: t=977.7131099590042, value=x, duration=0.1362064579880098>
978.7241 	EXP 	line1: autoDraw = True
978.7241 	EXP 	line2: autoDraw = True
978.7241 	EXP 	line3: autoDraw = True
978.7241 	EXP 	line4: autoDraw = True
978.7284 	EXP 	fixation: autoDraw = False
979.7243 	INFO 	Keyboard events cleared
979.7241 	EXP 	probe: autoDraw = True
980.4419 	EXP 	Device response: <KeyPress from None: t=980.4371362919919, value=x, duration=None>
980.4424 	EXP 	New trial (rep=44, index=186): <Trial 186 (186 in rep 44) data={'pos': np.int64(-50), 'corr_resp': 'x', 'thisN': 186, 'thisTrialN': 186, 'thisRepN': 44}>
980.4479 	DATA 	Keypress: x
980.4522 	EXP 	fixation: autoDraw = False
980.4522 	EXP 	line1: autoDraw = False
980.4522 	EXP 	line2: autoDraw = False
980.4522 	EXP 	line3: autoDraw = False
980.4522 	EXP 	line4: autoDraw = False
980.4522 	EXP 	probe: autoDraw = False
980.4522 	EXP 	fixation: autoDraw = True
980.5922 	EXP 	Device response: <KeyPress from None: t=980.4371362919919, value=x, duration=0.14831654200679623>
981.4407 	EXP 	line1: autoDraw = True
981.4407 	EXP 	line2: autoDraw = True
981.4407 	EXP 	line3: autoDraw = True
981.4407 	EXP 	line4: autoDraw = True
981.4452 	EXP 	fixation: autoDraw = False
982.4408 	INFO 	Keyboard events cleared
982.4407 	EXP 	probe: autoDraw = True
983.1803 	EXP 	Device response: <KeyPress from None: t=983.178970583991, value=x, duration=None>
983.1808 	EXP 	New trial (rep=45, index=187): <Trial 187 (187 in rep 45) data={'pos': np.int64(50), 'corr_resp': 'c', 'thisN': 187, 'thisTrialN': 187, 'thisRepN': 45}>
983.1861 	DATA 	Keypress: x
983.1904 	EXP 	fixation: autoDraw = False
983.1904 	EXP 	line1: autoDraw = False
983.1904 	EXP 	line2: autoDraw = False
983.1904 	EXP 	line3: autoDraw = False
983.1904 	EXP 	line4: autoDraw = False
983.1904 	EXP 	probe: autoDraw = False
983.1904 	EXP 	fixation: autoDraw = True
983.3753 	EXP 	Device response: <KeyPress from None: t=983.178970583991, value=x, duration=0.19247454100695904>
984.1791 	EXP 	fixation: autoDraw = False
984.1791 	EXP 	line1: autoDraw = True
984.1791 	EXP 	line2: autoDraw = True
984.1791 	EXP 	line3: autoDraw = True
984.1791 	EXP 	line4: autoDraw = True
985.1805 	INFO 	Keyboard events cleared
985.1804 	EXP 	probe: autoDraw = True
985.9468 	EXP 	Device response: <KeyPress from None: t=985.944978917003, value=c, duration=None>
985.9472 	EXP 	New trial (rep=46, index=188): <Trial 188 (188 in rep 46) data={'pos': np.int64(50), 'corr_resp': 'c', 'thisN': 188, 'thisTrialN': 188, 'thisRepN': 46}>
985.9528 	DATA 	Keypress: c
985.9573 	EXP 	fixation: autoDraw = False
985.9573 	EXP 	line1: autoDraw = False
985.9573 	EXP 	line2: autoDraw = False
985.9573 	EXP 	line3: autoDraw = False
985.9573 	EXP 	line4: autoDraw = False
985.9573 	EXP 	probe: autoDraw = False
985.9573 	EXP 	fixation: autoDraw = True
986.0751 	EXP 	Device response: <KeyPress from None: t=985.944978917003, value=c, duration=0.1244356249953853>
986.9458 	EXP 	fixation: autoDraw = False
986.9458 	EXP 	line1: autoDraw = True
986.9458 	EXP 	line2: autoDraw = True
986.9458 	EXP 	line3: autoDraw = True
986.9458 	EXP 	line4: autoDraw = True
987.9471 	INFO 	Keyboard events cleared
987.9470 	EXP 	probe: autoDraw = True
988.5916 	EXP 	Device response: <KeyPress from None: t=988.5860287919932, value=c, duration=None>
988.5920 	EXP 	New trial (rep=47, index=189): <Trial 189 (189 in rep 47) data={'pos': np.int64(50), 'corr_resp': 'c', 'thisN': 189, 'thisTrialN': 189, 'thisRepN': 47}>
988.5972 	DATA 	Keypress: c
988.6013 	EXP 	fixation: autoDraw = False
988.6013 	EXP 	line1: autoDraw = False
988.6013 	EXP 	line2: autoDraw = False
988.6013 	EXP 	line3: autoDraw = False
988.6013 	EXP 	line4: autoDraw = False
988.6013 	EXP 	probe: autoDraw = False
988.6013 	EXP 	fixation: autoDraw = True
988.7300 	EXP 	Device response: <KeyPress from None: t=988.5860287919932, value=c, duration=0.14016458300466184>
989.5907 	EXP 	line1: autoDraw = True
989.5907 	EXP 	line2: autoDraw = True
989.5907 	EXP 	line3: autoDraw = True
989.5907 	EXP 	line4: autoDraw = True
989.5955 	EXP 	fixation: autoDraw = False
990.5810 	INFO 	Keyboard events cleared
990.5808 	EXP 	probe: autoDraw = True
991.1750 	EXP 	Device response: <KeyPress from None: t=991.1621935000003, value=c, duration=None>
991.1755 	EXP 	New trial (rep=45, index=190): <Trial 190 (190 in rep 45) data={'pos': np.int64(-50), 'corr_resp': 'x', 'thisN': 190, 'thisTrialN': 190, 'thisRepN': 45}>
991.1811 	DATA 	Keypress: c
991.1855 	EXP 	fixation: autoDraw = False
991.1855 	EXP 	line1: autoDraw = False
991.1855 	EXP 	line2: autoDraw = False
991.1855 	EXP 	line3: autoDraw = False
991.1855 	EXP 	line4: autoDraw = False
991.1855 	EXP 	probe: autoDraw = False
991.1855 	EXP 	fixation: autoDraw = True
991.2969 	EXP 	Device response: <KeyPress from None: t=991.1621935000003, value=c, duration=0.1318970839929534>
992.1739 	EXP 	line1: autoDraw = True
992.1739 	EXP 	line2: autoDraw = True
992.1739 	EXP 	line3: autoDraw = True
992.1739 	EXP 	line4: autoDraw = True
992.1788 	EXP 	fixation: autoDraw = False
993.1741 	INFO 	Keyboard events cleared
993.1740 	EXP 	probe: autoDraw = True
993.6586 	EXP 	Device response: <KeyPress from None: t=993.6496602090047, value=x, duration=None>
993.6592 	EXP 	New trial (rep=48, index=191): <Trial 191 (191 in rep 48) data={'pos': np.int64(50), 'corr_resp': 'c', 'thisN': 191, 'thisTrialN': 191, 'thisRepN': 48}>
993.6652 	DATA 	Keypress: x
993.6695 	EXP 	fixation: autoDraw = False
993.6695 	EXP 	line1: autoDraw = False
993.6695 	EXP 	line2: autoDraw = False
993.6695 	EXP 	line3: autoDraw = False
993.6695 	EXP 	line4: autoDraw = False
993.6695 	EXP 	probe: autoDraw = False
993.6695 	EXP 	fixation: autoDraw = True
993.7916 	EXP 	Device response: <KeyPress from None: t=993.6496602090047, value=x, duration=0.13640216599742416>
994.6572 	EXP 	line1: autoDraw = True
994.6572 	EXP 	line2: autoDraw = True
994.6572 	EXP 	line3: autoDraw = True
994.6572 	EXP 	line4: autoDraw = True
994.6622 	EXP 	fixation: autoDraw = False
995.6575 	INFO 	Keyboard events cleared
995.6573 	EXP 	probe: autoDraw = True
996.2968 	EXP 	Device response: <KeyPress from None: t=996.292675167002, value=c, duration=None>
996.2972 	EXP 	New trial (rep=46, index=192): <Trial 192 (192 in rep 46) data={'pos': np.int64(-50), 'corr_resp': 'x', 'thisN': 192, 'thisTrialN': 192, 'thisRepN': 46}>
996.3027 	DATA 	Keypress: c
996.3071 	EXP 	fixation: autoDraw = False
996.3071 	EXP 	line1: autoDraw = False
996.3071 	EXP 	line2: autoDraw = False
996.3071 	EXP 	line3: autoDraw = False
996.3071 	EXP 	line4: autoDraw = False
996.3071 	EXP 	probe: autoDraw = False
996.3071 	EXP 	fixation: autoDraw = True
996.4087 	EXP 	Device response: <KeyPress from None: t=996.292675167002, value=c, duration=0.11225054199167062>
997.2961 	EXP 	fixation: autoDraw = False
997.2961 	EXP 	line1: autoDraw = True
997.2961 	EXP 	line2: autoDraw = True
997.2961 	EXP 	line3: autoDraw = True
997.2961 	EXP 	line4: autoDraw = True
998.2954 	INFO 	Keyboard events cleared
998.2953 	EXP 	probe: autoDraw = True
998.9421 	EXP 	Device response: <KeyPress from None: t=998.929488291993, value=x, duration=None>
998.9428 	EXP 	New trial (rep=47, index=193): <Trial 193 (193 in rep 47) data={'pos': np.int64(-50), 'corr_resp': 'x', 'thisN': 193, 'thisTrialN': 193, 'thisRepN': 47}>
998.9489 	DATA 	Keypress: x
998.9531 	EXP 	fixation: autoDraw = False
998.9531 	EXP 	line1: autoDraw = False
998.9531 	EXP 	line2: autoDraw = False
998.9531 	EXP 	line3: autoDraw = False
998.9531 	EXP 	line4: autoDraw = False
998.9531 	EXP 	probe: autoDraw = False
998.9531 	EXP 	fixation: autoDraw = True
999.0293 	EXP 	Device response: <KeyPress from None: t=998.929488291993, value=x, duration=0.09642083301150706>
999.9405 	EXP 	line1: autoDraw = True
999.9405 	EXP 	line2: autoDraw = True
999.9405 	EXP 	line3: autoDraw = True
999.9405 	EXP 	line4: autoDraw = True
999.9452 	EXP 	fixation: autoDraw = False
1000.9408 	INFO 	Keyboard events cleared
1000.9407 	EXP 	probe: autoDraw = True
1001.3636 	EXP 	Device response: <KeyPress from None: t=1001.3575420419947, value=x, duration=None>
1001.3640 	EXP 	New trial (rep=48, index=194): <Trial 194 (194 in rep 48) data={'pos': np.int64(-150), 'corr_resp': 'z', 'thisN': 194, 'thisTrialN': 194, 'thisRepN': 48}>
1001.3695 	DATA 	Keypress: x
1001.3739 	EXP 	fixation: autoDraw = False
1001.3739 	EXP 	line1: autoDraw = False
1001.3739 	EXP 	line2: autoDraw = False
1001.3739 	EXP 	line3: autoDraw = False
1001.3739 	EXP 	line4: autoDraw = False
1001.3739 	EXP 	probe: autoDraw = False
1001.3739 	EXP 	fixation: autoDraw = True
1001.4795 	EXP 	Device response: <KeyPress from None: t=1001.3575420419947, value=x, duration=0.12034204200608656>
1002.3622 	EXP 	fixation: autoDraw = False
1002.3622 	EXP 	line1: autoDraw = True
1002.3622 	EXP 	line2: autoDraw = True
1002.3622 	EXP 	line3: autoDraw = True
1002.3622 	EXP 	line4: autoDraw = True
1003.3631 	INFO 	Keyboard events cleared
1003.3629 	EXP 	probe: autoDraw = True
1004.0309 	EXP 	Device response: <KeyPress from None: t=1004.0253866249986, value=z, duration=None>
1004.0314 	EXP 	New trial (rep=48, index=195): <Trial 195 (195 in rep 48) data={'pos': np.int64(-50), 'corr_resp': 'x', 'thisN': 195, 'thisTrialN': 195, 'thisRepN': 48}>
1004.0369 	DATA 	Keypress: z
1004.0578 	EXP 	fixation: autoDraw = False
1004.0578 	EXP 	line1: autoDraw = False
1004.0578 	EXP 	line2: autoDraw = False
1004.0578 	EXP 	line3: autoDraw = False
1004.0578 	EXP 	line4: autoDraw = False
1004.0578 	EXP 	probe: autoDraw = False
1004.0578 	EXP 	fixation: autoDraw = True
1004.1586 	EXP 	Device response: <KeyPress from None: t=1004.0253866249986, value=z, duration=0.12044924999645445>
1005.0296 	EXP 	line1: autoDraw = True
1005.0296 	EXP 	line2: autoDraw = True
1005.0296 	EXP 	line3: autoDraw = True
1005.0296 	EXP 	line4: autoDraw = True
1005.0446 	EXP 	fixation: autoDraw = False
1006.0308 	INFO 	Keyboard events cleared
1006.0306 	EXP 	probe: autoDraw = True
1006.5962 	EXP 	Device response: <KeyPress from None: t=1006.5913527090015, value=x, duration=None>
1006.5967 	EXP 	New trial (rep=49, index=196): <Trial 196 (196 in rep 49) data={'pos': np.int64(-50), 'corr_resp': 'x', 'thisN': 196, 'thisTrialN': 196, 'thisRepN': 49}>
1006.6023 	DATA 	Keypress: x
1006.6066 	EXP 	fixation: autoDraw = False
1006.6066 	EXP 	line1: autoDraw = False
1006.6066 	EXP 	line2: autoDraw = False
1006.6066 	EXP 	line3: autoDraw = False
1006.6066 	EXP 	line4: autoDraw = False
1006.6066 	EXP 	probe: autoDraw = False
1006.6066 	EXP 	fixation: autoDraw = True
1006.7251 	EXP 	Device response: <KeyPress from None: t=1006.5913527090015, value=x, duration=0.13240170798962936>
1007.5955 	EXP 	fixation: autoDraw = False
1007.5955 	EXP 	line1: autoDraw = True
1007.5955 	EXP 	line2: autoDraw = True
1007.5955 	EXP 	line3: autoDraw = True
1007.5955 	EXP 	line4: autoDraw = True
1008.5962 	INFO 	Keyboard events cleared
1008.5961 	EXP 	probe: autoDraw = True
1009.0415 	EXP 	Device response: <KeyPress from None: t=1009.0322724589932, value=x, duration=None>
1009.0420 	EXP 	New trial (rep=49, index=197): <Trial 197 (197 in rep 49) data={'pos': np.int64(50), 'corr_resp': 'c', 'thisN': 197, 'thisTrialN': 197, 'thisRepN': 49}>
1009.0479 	DATA 	Keypress: x
1009.0520 	EXP 	fixation: autoDraw = False
1009.0520 	EXP 	line1: autoDraw = False
1009.0520 	EXP 	line2: autoDraw = False
1009.0520 	EXP 	line3: autoDraw = False
1009.0520 	EXP 	line4: autoDraw = False
1009.0520 	EXP 	probe: autoDraw = False
1009.0520 	EXP 	fixation: autoDraw = True
1009.1797 	EXP 	Device response: <KeyPress from None: t=1009.0322724589932, value=x, duration=0.14439825000590645>
1010.0404 	EXP 	line1: autoDraw = True
1010.0404 	EXP 	line2: autoDraw = True
1010.0404 	EXP 	line3: autoDraw = True
1010.0404 	EXP 	line4: autoDraw = True
1010.0452 	EXP 	fixation: autoDraw = False
1011.0407 	INFO 	Keyboard events cleared
1011.0405 	EXP 	probe: autoDraw = True
1011.5918 	EXP 	Device response: <KeyPress from None: t=1011.582343874994, value=c, duration=None>
1011.5923 	EXP 	New trial (rep=49, index=198): <Trial 198 (198 in rep 49) data={'pos': np.int64(150), 'corr_resp': 'v', 'thisN': 198, 'thisTrialN': 198, 'thisRepN': 49}>
1011.5980 	DATA 	Keypress: c
1011.6022 	EXP 	fixation: autoDraw = False
1011.6022 	EXP 	line1: autoDraw = False
1011.6022 	EXP 	line2: autoDraw = False
1011.6022 	EXP 	line3: autoDraw = False
1011.6022 	EXP 	line4: autoDraw = False
1011.6022 	EXP 	probe: autoDraw = False
1011.6022 	EXP 	fixation: autoDraw = True
1011.7251 	EXP 	Device response: <KeyPress from None: t=1011.582343874994, value=c, duration=0.13233849999960512>
1012.5909 	EXP 	line1: autoDraw = True
1012.5909 	EXP 	line2: autoDraw = True
1012.5909 	EXP 	line3: autoDraw = True
1012.5909 	EXP 	line4: autoDraw = True
1012.5957 	EXP 	fixation: autoDraw = False
1013.5907 	INFO 	Keyboard events cleared
1013.5905 	EXP 	probe: autoDraw = True
1014.1914 	EXP 	Device response: <KeyPress from None: t=1014.1882790840027, value=c, duration=None>
1014.1919 	EXP 	New trial (rep=49, index=199): <Trial 199 (199 in rep 49) data={'pos': np.int64(-150), 'corr_resp': 'z', 'thisN': 199, 'thisTrialN': 199, 'thisRepN': 49}>
1014.1968 	EXP 	fixation: autoDraw = False
1014.1968 	EXP 	line1: autoDraw = False
1014.1968 	EXP 	line2: autoDraw = False
1014.1968 	EXP 	line3: autoDraw = False
1014.1968 	EXP 	line4: autoDraw = False
1014.1968 	EXP 	probe: autoDraw = False
1014.1968 	EXP 	fixation: autoDraw = True
1014.2010 	DATA 	Keypress: c
1014.3415 	EXP 	Device response: <KeyPress from None: t=1014.1882790840027, value=c, duration=0.15215141599765047>
1015.1904 	EXP 	line1: autoDraw = True
1015.1904 	EXP 	line2: autoDraw = True
1015.1904 	EXP 	line3: autoDraw = True
1015.1904 	EXP 	line4: autoDraw = True
1015.1951 	EXP 	fixation: autoDraw = False
1016.1907 	INFO 	Keyboard events cleared
1016.1905 	EXP 	probe: autoDraw = True
1016.7085 	EXP 	Device response: <KeyPress from None: t=1016.7000924169988, value=z, duration=None>
1016.7134 	DATA 	Keypress: z
1016.7174 	EXP 	fixation: autoDraw = False
1016.7174 	EXP 	line1: autoDraw = False
1016.7174 	EXP 	line2: autoDraw = False
1016.7174 	EXP 	line3: autoDraw = False
1016.7174 	EXP 	line4: autoDraw = False
1016.7174 	EXP 	probe: autoDraw = False
1016.7176 	EXP 	Motor Sequential Learning: status = STOPPED
1016.8134 	INFO 	saved data to '/Users/vineesmacbook/Desktop/PsychoPy/Motor Sequential Learning/data/05_Motor Sequential Learning_2025-10-03_09h33.40.480.csv'
1016.8160 	INFO 	saved data to /Users/vineesmacbook/Desktop/PsychoPy/Motor Sequential Learning/data/05_Motor Sequential Learning_2025-10-03_09h33.40.480.psydat
1016.9255 	WARNING 	Stopping key buffers but this could be dangerous ifother keyboards rely on the same.
1016.9256 	WARNING 	Stopping key buffers but this could be dangerous ifother keyboards rely on the same.
