delay,freq,conditions,thisN,thisTrialN,thisRepN,key_resp.keys,key_resp.rt,key_resp.duration,textbox.text,button.numClicks,button.timesOn,button.timesOff,trials.thisRepN,trials.thisTrialN,trials.thisN,trials.thisIndex,thisRow.t,notes,trial.started,fixation.started,polygon.started,key_resp.started,fixation.stopped,trial.stopped,trials.key_resp.keys,trials.key_resp.rt,trials.key_resp.duration,beep.started,sound_1.started,sound_1.stopped,beep.stopped,response.started,text.started,textbox.started,button.started,response.stopped,trials.textbox.text,trials.button.numClicks,trials.button.timesOn,trials.button.timesOff,participant,session,date,expName,expVersion,psychopyVersion,frameRate,expStart,
0.1,400.0,unexp,0,0,0,space,7.02281024993863,None,200,1,[6.798732083989307],[6.798735916963778],0,0,0,0,0.02492858306504786,,0.01958712504711002,0.02492858306504786,0.9945295409997925,0.9945295409997925,1.016970333061181,8.299040000070818,space,7.02281024993863,None,8.299441958079115,8.398319499745655,8.865121333044954,8.83370741608087,8.8359130830504,8.865121333044954,8.865121333044954,8.865121333044954,15.664087375043891,200,1,[6.798732083989307],[6.798735916963778],p1,001,2025-11-12_18h22.21.983,Intentional Binding,,2025.1.1,None,2025-11-12 18h22.36.038209 +0530,
0.7,400.0,unexp,1,1,0,space,3.975170625024475,None,500,1,[4.975696083041839],[4.975700207985938],0,1,1,2,15.667305708047934,,15.66429429105483,15.667305708047934,16.662221833015792,16.662221833015792,16.662221833015792,20.648999875062145,space,3.975170625024475,None,20.651763333007693,21.350217999719703,21.80398295808118,21.78488845808897,21.786974750109948,21.80398295808118,21.80398295808118,21.80398295808118,26.779897000058554,500,1,[4.975696083041839],[4.975700207985938],p1,001,2025-11-12_18h22.21.983,Intentional Binding,,2025.1.1,None,2025-11-12 18h22.36.038209 +0530,
0.1,1000.0,exp,2,2,0,space,0.9521073329960927,None,100,1,[4.269558042054996],[4.269560749991797],0,2,2,3,26.783286916092038,,26.780047208070755,26.783286916092038,27.77865295810625,27.77865295810625,27.77865295810625,28.735151375061832,space,0.9521073329960927,None,28.73687275010161,28.845285666702935,29.29952066601254,29.279991166084073,29.281680166022852,29.29952066601254,29.29952066601254,29.29952066601254,33.56924816605169,100,1,[4.269558042054996],[4.269560749991797],p1,001,2025-11-12_18h22.21.983,Intentional Binding,,2025.1.1,None,2025-11-12 18h22.36.038209 +0530,
0.1,1000.0,exp,3,3,0,space,1.6229042919585481,None,100,1,[1.9253677080851048],[1.9253706660820171],0,3,3,9,33.57705712504685,,33.569404583075084,33.57705712504685,34.56776533310767,34.56776533310767,34.56776533310767,36.19687804102432,space,1.6229042919585481,None,36.199078208068386,36.300242791712904,36.752723375102505,36.73405158310197,36.735952666029334,36.752723375102505,36.752723375102505,36.752723375102505,38.678262791014276,100,1,[1.9253677080851048],[1.9253706660820171],p1,001,2025-11-12_18h22.21.983,Intentional Binding,,2025.1.1,None,2025-11-12 18h22.36.038209 +0530,
0.1,1000.0,exp,4,4,0,space,1.2362497081048787,None,100,1,[3.1845669590402395],[3.184569959063083],0,4,4,6,38.68142604106106,,38.67844758310821,38.68142604106106,39.66822691611014,39.66822691611014,39.67843237507623,40.91302775009535,space,1.2362497081048787,None,40.91455937502906,41.01734508277538,41.469434250029735,41.45115704101045,41.452948666061275,41.469434250029735,41.469434250029735,41.469434250029735,44.654182083089836,100,1,[3.1845669590402395],[3.184569959063083],p1,001,2025-11-12_18h22.21.983,Intentional Binding,,2025.1.1,None,2025-11-12 18h22.36.038209 +0530,
0.7,1000.0,exp,5,5,0,space,0.5782512919977307,None,400,1,[6.27984833298251],[6.279857374960557],0,5,5,5,44.6602469580248,,44.65430300007574,44.6602469580248,45.6510982910404,45.6510982910404,45.6510982910404,46.235660500009544,space,0.5782512919977307,None,46.237155791022815,46.94521191675837,47.39928666607011,47.38006908306852,47.381833250052296,47.39928666607011,47.39928666607011,47.39928666607011,53.67941175005399,400,1,[6.27984833298251],[6.279857374960557],p1,001,2025-11-12_18h22.21.983,Intentional Binding,,2025.1.1,None,2025-11-12 18h22.36.038209 +0530,
0.4,1000.0,exp,6,6,0,space,0.661665958003141,None,300,1,[2.5960780419409275],[2.596081499941647],0,6,6,4,53.68288016610313,,53.679546041064896,53.68288016610313,54.67816800007131,54.67816800007131,54.67816800007131,55.34654141601641,space,0.661665958003141,None,55.348444125032984,55.750130374745154,56.20275133301038,56.18449112505186,56.18627791607287,56.20275133301038,56.20275133301038,56.20275133301038,58.79900312505197,300,1,[2.5960780419409275],[2.596081499941647],p1,001,2025-11-12_18h22.21.983,Intentional Binding,,2025.1.1,None,2025-11-12 18h22.36.038209 +0530,
0.7,1000.0,exp,7,7,0,space,0.7035075830062851,None,300,1,[2.1644003340043128],[2.164414708968252],0,7,7,11,58.81054766604211,,58.79912758304272,58.81054766604211,59.794956666068174,59.794956666068174,59.79961687501054,60.50237762508914,space,0.7035075830062851,None,60.50408566603437,61.211560957777934,61.66433425003197,61.64600854110904,61.6477750830818,61.66433425003197,61.66433425003197,61.66433425003197,63.82920020807069,300,1,[2.1644003340043128],[2.164414708968252],p1,001,2025-11-12_18h22.21.983,Intentional Binding,,2025.1.1,None,2025-11-12 18h22.36.038209 +0530,
0.4,400.0,unexp,8,8,0,space,0.7088452080497518,None,700,1,[3.8752706249943003],[3.875273749930784],0,8,8,1,63.83235520811286,,63.82937012508046,63.83235520811286,64.8184348330833,64.8184348330833,64.82835025002714,65.53002129110973,space,0.7088452080497518,None,65.53135470801499,65.93152662477611,66.3854249160504,66.36635375011247,66.36839179100934,66.3854249160504,66.3854249160504,66.3854249160504,70.26086520811077,700,1,[3.8752706249943003],[3.875273749930784],p1,001,2025-11-12_18h22.21.983,Intentional Binding,,2025.1.1,None,2025-11-12 18h22.36.038209 +0530,
0.4,1000.0,exp,9,9,0,space,34.87589529203251,None,300,1,[6.523337332997471],[6.523341582971625],0,9,9,10,70.26387808308937,,70.2610176660819,70.26387808308937,71.25112137501128,71.25112137501128,71.26158654107712,106.1304586250335,space,34.87589529203251,None,106.13279662502464,106.53295995766918,106.98635120806284,106.9676406250801,106.96950950007886,106.98635120806284,106.98635120806284,106.98635120806284,113.50998025003355,300,1,[6.523337332997471],[6.523341582971625],p1,001,2025-11-12_18h22.21.983,Intentional Binding,,2025.1.1,None,2025-11-12 18h22.36.038209 +0530,
0.7,1000.0,exp,10,10,0,space,1.3191196660045534,None,700,1,[3.8987450000131503],[3.8987492920132354],0,10,10,8,113.51314941607416,,113.51016558310948,113.51314941607416,114.50058854103554,114.50058854103554,114.51117987500038,115.82981004100293,space,1.3191196660045534,None,115.83168204105459,116.5323720416675,116.98649166605901,116.96727079106495,116.96898795804009,116.98649166605901,116.98649166605901,116.98649166605901,120.88551875005942,700,1,[3.8987450000131503],[3.8987492920132354],p1,001,2025-11-12_18h22.21.983,Intentional Binding,,2025.1.1,None,2025-11-12 18h22.36.038209 +0530,
0.4,1000.0,exp,11,11,0,space,1.0751739169936627,None,300,1,[4.724725165986456],[4.724729999899864],0,11,11,7,120.89392729103565,,120.88569995807484,120.89392729103565,121.88348458299879,121.88348458299879,121.88348458299879,122.96324795810506,space,1.0751739169936627,None,122.96508262504358,123.36670037469982,123.81885308306664,123.80066454107873,123.80249829101376,123.81885308306664,123.81885308306664,123.81885308306664,128.54385612509213,300,1,[4.724725165986456],[4.724729999899864],p1,001,2025-11-12_18h22.21.983,Intentional Binding,,2025.1.1,None,2025-11-12 18h22.36.038209 +0530,
0.7,400.0,unexp,12,0,1,space,3.6325367080280557,None,600 ,1,[7.12881520902738],[7.128820459009148],1,0,12,2,128.54701716604177,,128.5440401660744,128.54701716604177,129.53394425008446,129.53394425008446,129.54447487508878,133.16819275007583,space,3.6325367080280557,None,133.16977270809002,133.8776289167038,134.3314065830782,134.31233545800205,134.3141150000738,134.3314065830782,134.3314065830782,134.3314065830782,141.46052091603633,600 ,1,[7.12881520902738],[7.128820459009148],p1,001,2025-11-12_18h22.21.983,Intentional Binding,,2025.1.1,None,2025-11-12 18h22.36.038209 +0530,
0.1,1000.0,exp,13,1,1,space,0.6591800829628482,None,200,1,[2.539517750032246],[2.5395219590282068],1,1,13,6,141.46421654103324,,141.4607031251071,141.46421654103324,142.45050016604364,142.45050016604364,142.46090470801573,143.111927208025,space,0.6591800829628482,None,143.11320787505247,143.21562899969675,143.66989766608458,143.65040408307686,143.65252816607244,143.66989766608458,143.66989766608458,143.66989766608458,146.20971979107708,200,1,[2.539517750032246],[2.5395219590282068],p1,001,2025-11-12_18h22.21.983,Intentional Binding,,2025.1.1,None,2025-11-12 18h22.36.038209 +0530,
0.4,400.0,unexp,14,2,1,space,1.4217861249344423,None,300,1,[2.5628779579419643],[2.5628822499420494],1,2,14,1,146.21284983307123,,146.2098999581067,146.21284983307123,147.2009866250446,147.2009866250446,147.21091783302836,148.62973179109395,space,1.4217861249344423,None,148.63154100009706,149.03244991676573,149.48828600009438,149.46676508302335,149.46952512511052,149.48828600009438,149.48828600009438,149.48828600009438,152.0514516250696,300,1,[2.5628779579419643],[2.5628822499420494],p1,001,2025-11-12_18h22.21.983,Intentional Binding,,2025.1.1,None,2025-11-12 18h22.36.038209 +0530,
0.7,1000.0,exp,15,3,1,space,0.6851288339821622,None,550,1,[2.666518999962136],[2.666523916996084],1,3,15,11,152.06054575007875,,152.05163308302872,152.06054575007875,153.05033766606357,153.05033766606357,153.05033766606357,153.74557441601064,space,0.6851288339821622,None,153.74755529104732,154.44825783273362,154.9015272500692,154.88314470800105,154.88497504102997,154.9015272500692,154.9015272500692,154.9015272500692,157.56833320809528,550,1,[2.666518999962136],[2.666523916996084],p1,001,2025-11-12_18h22.21.983,Intentional Binding,,2025.1.1,None,2025-11-12 18h22.36.038209 +0530,
0.1,1000.0,exp,16,4,1,space,1.1261809170246124,None,100,1,[2.3728441250277683],[2.372849000035785],1,4,16,9,157.57715483300854,,157.56853045802563,157.57715483300854,158.56724058301188,158.56724058301188,158.56724058301188,159.69641887501348,space,1.1261809170246124,None,159.69832087506074,159.79846608272445,160.25320325000212,160.23334204102866,160.235297416104,160.25320325000212,160.25320325000212,160.25320325000212,162.62636862508953,100,1,[2.3728441250277683],[2.372849000035785],p1,001,2025-11-12_18h22.21.983,Intentional Binding,,2025.1.1,None,2025-11-12 18h22.36.038209 +0530,
0.1,1000.0,exp,17,5,1,space,1.2684104579966515,None,100,1,[2.1249100419227034],[2.124914458952844],1,5,17,3,162.62953862501308,,162.62655250006355,162.62953862501308,163.6167821250856,163.6167821250856,163.62725575000513,164.8960717500886,space,1.2684104579966515,None,164.8977678330848,164.9982479167559,165.45097050000913,165.432317250059,165.43403154111002,165.45097050000913,165.45097050000913,165.45097050000913,167.57620700006373,100,1,[2.1249100419227034],[2.124914458952844],p1,001,2025-11-12_18h22.21.983,Intentional Binding,,2025.1.1,None,2025-11-12 18h22.36.038209 +0530,
0.7,1000.0,exp,18,6,1,space,2.5040673329494894,None,600,1,[2.7642045420361683],[2.764209583052434],1,6,18,5,167.57947000011336,,167.57643295801245,167.57947000011336,168.5670718330657,168.5670718330657,168.5773888330441,171.0787400000263,space,2.5040673329494894,None,171.07993137510493,171.782180166749,172.2369910000125,172.21713929111138,172.21903325000312,172.2369910000125,172.2369910000125,172.2369910000125,175.0014979999978,600,1,[2.7642045420361683],[2.764209583052434],p1,001,2025-11-12_18h22.21.983,Intentional Binding,,2025.1.1,None,2025-11-12 18h22.36.038209 +0530,
0.4,1000.0,exp,19,7,1,space,1.7291382909752429,None,400,1,[2.1275292920181528],[2.127534250030294],1,7,19,7,175.01039412501268,,175.00178491603583,175.01039412501268,175.9997586250538,175.9997586250538,175.9997586250538,177.7342575410148,space,1.7291382909752429,None,177.7355472081108,178.1439719997036,178.59917808300816,178.579077375005,178.58112470805645,178.59917808300816,178.59917808300816,178.59917808300816,180.72699658304919,400,1,[2.1275292920181528],[2.127534250030294],p1,001,2025-11-12_18h22.21.983,Intentional Binding,,2025.1.1,None,2025-11-12 18h22.36.038209 +0530,
0.4,1000.0,exp,20,8,1,space,1.3624602910131216,None,200,1,[2.0092738340608776],[2.0092783749569207],1,8,20,10,180.73112862510607,,180.72717825009022,180.73112862510607,181.71732691605575,181.71732691605575,181.72722241608426,183.08449787506834,space,1.3624602910131216,None,183.08600458304863,183.49381124967866,183.94952575000934,183.9286615831079,183.93109399999958,183.94952575000934,183.94952575000934,183.94952575000934,185.95912162505556,200,1,[2.0092738340608776],[2.0092783749569207],p1,001,2025-11-12_18h22.21.983,Intentional Binding,,2025.1.1,None,2025-11-12 18h22.36.038209 +0530,
0.4,1000.0,exp,21,9,1,space,1.6370620420202613,None,300,1,[1.8563960830215365],[1.856400458025746],1,9,21,4,185.96230758307502,,185.95933462504763,185.96230758307502,186.9506282081129,186.9506282081129,186.96036058303434,188.5954320000019,space,1.6370620420202613,None,188.59713037509937,188.99881029170163,189.45267287502065,189.43334654101636,189.43529116606805,189.45267287502065,189.45267287502065,189.45267287502065,191.30936345807277,300,1,[1.8563960830215365],[1.856400458025746],p1,001,2025-11-12_18h22.21.983,Intentional Binding,,2025.1.1,None,2025-11-12 18h22.36.038209 +0530,
0.1,400.0,unexp,22,10,1,space,1.4595569159137085,None,150,1,[10.581969916936941],[10.5819744579494],1,10,22,0,191.31257508310955,,191.30956362502184,191.31257508310955,192.29997333302163,192.29997333302163,192.31039545801468,193.76181945810094,space,1.4595569159137085,None,193.76329300005455,193.86458129174233,194.3183216660982,194.298579541035,194.30075454106554,194.3183216660982,194.3183216660982,194.3183216660982,204.90060054103378,150,1,[10.581969916936941],[10.5819744579494],p1,001,2025-11-12_18h22.21.983,Intentional Binding,,2025.1.1,None,2025-11-12 18h22.36.038209 +0530,
0.7,1000.0,exp,23,11,1,space,1.417365999892354,None,200,1,[2.815254208049737],[2.8152585830539465],1,11,23,8,204.90984466602094,,204.90078837506007,204.90984466602094,205.89978737500496,205.89978737500496,205.89978737500496,207.32834954105783,space,1.417365999892354,None,207.33042829111218,208.03183141671278,208.48522695805877,208.4666510000825,208.4685978750931,208.48522695805877,208.48522695805877,208.48522695805877,211.30077008309308,200,1,[2.815254208049737],[2.8152585830539465],p1,001,2025-11-12_18h22.21.983,Intentional Binding,,2025.1.1,None,2025-11-12 18h22.36.038209 +0530,
0.7,1000.0,exp,24,0,2,space,0.7831580420024693,None,700,1,[2.67011729197111],[2.670122209005058],2,0,24,8,211.31007220805623,,211.30094912508503,211.31007220805623,212.2989430410089,212.2989430410089,212.2989430410089,213.08404504100326,space,0.7831580420024693,None,213.0854325830005,213.79352879169554,214.24786095810123,214.22850995801855,214.23035733308643,214.24786095810123,214.24786095810123,214.24786095810123,216.91830350004602,700,1,[2.67011729197111],[2.670122209005058],p1,001,2025-11-12_18h22.21.983,Intentional Binding,,2025.1.1,None,2025-11-12 18h22.36.038209 +0530,
0.4,400.0,unexp,25,1,2,space,1.7430940830381587,None,200,1,[1.8086349579971284],[1.8086397910956293],2,1,25,1,216.92662195803132,,216.91848687501624,216.92662195803132,217.91590908309445,217.91590908309445,217.91590908309445,219.66214625001885,space,1.7430940830381587,None,219.66410716599785,220.06483199977473,220.51757541601546,220.4987770000007,220.50061329104938,220.51757541601546,220.51757541601546,220.51757541601546,222.3265107080806,200,1,[1.8086349579971284],[1.8086397910956293],p1,001,2025-11-12_18h22.21.983,Intentional Binding,,2025.1.1,None,2025-11-12 18h22.36.038209 +0530,
0.4,1000.0,exp,26,2,2,space,2.200088958023116,None,200,1,[4.045034209033474],[4.045040416996926],2,2,26,10,222.3298222500598,,222.3267068330897,222.3298222500598,223.31573616608512,223.31573616608512,223.32693362503778,225.51705658307765,space,2.200088958023116,None,225.51853641599882,225.92702220770687,226.38038262503687,226.36153354099952,226.36354187503457,226.38038262503687,226.38038262503687,226.38038262503687,230.42572375002783,200,1,[4.045034209033474],[4.045040416996926],p1,001,2025-11-12_18h22.21.983,Intentional Binding,,2025.1.1,None,2025-11-12 18h22.36.038209 +0530,
0.7,1000.0,exp,27,3,2,space,2.5991052499739453,None,400,1,[5.557674249983393],[5.5576782919233665],2,3,27,11,230.42896816600114,,230.4259087080136,230.42896816600114,231.4165283330949,231.4165283330949,231.42673104105052,234.0288376250537,space,2.5991052499739453,None,234.03085554100107,234.7311576246905,235.18426495802123,235.16562195809092,235.16750120802317,235.18426495802123,235.18426495802123,235.18426495802123,240.74225575011224,400,1,[5.557674249983393],[5.5576782919233665],p1,001,2025-11-12_18h22.21.983,Intentional Binding,,2025.1.1,None,2025-11-12 18h22.36.038209 +0530,
0.4,1000.0,exp,28,4,2,space,0.7627425829414278,None,300,1,[1.7941485409392044],[1.7941528329392895],2,4,28,4,240.74541675008368,,240.74243787501473,240.74541675008368,241.73298912507016,241.73298912507016,241.7431950410828,242.5003313330235,space,0.7627425829414278,None,242.50145075004548,242.91018616670434,243.3644377910532,243.34469283302315,243.34659404109698,243.3644377910532,243.3644377910532,243.3644377910532,245.15889558300842,300,1,[1.7941485409392044],[1.7941528329392895],p1,001,2025-11-12_18h22.21.983,Intentional Binding,,2025.1.1,None,2025-11-12 18h22.36.038209 +0530,
0.7,1000.0,exp,29,5,2,space,3.0182859579799697,None,500,1,[2.407647541956976],[2.407652667025104],2,5,29,5,245.16205675003584,,245.15909737499896,245.16205675003584,246.14939041610342,246.14939041610342,246.15982112509664,249.17708779103123,space,3.0182859579799697,None,249.17812575004064,249.87729220773716,250.33503658301197,250.3114905830007,250.31411620799918,250.33503658301197,250.33503658301197,250.33503658301197,252.74300695804413,500,1,[2.407647541956976],[2.407652667025104],p1,001,2025-11-12_18h22.21.983,Intentional Binding,,2025.1.1,None,2025-11-12 18h22.36.038209 +0530,
0.1,1000.0,exp,30,6,2,space,0.6170799159444869,None,100,1,[2.1422408330254257],[2.142245916998945],2,6,30,6,252.74688866606448,,252.74319158308208,252.74688866606448,253.73336825007573,253.73336825007573,253.74318112502806,254.36173687502742,space,0.6170799159444869,None,254.3637453330448,254.46514770767342,254.91725370800123,254.8991567910416,254.9010426660534,254.91725370800123,254.91725370800123,254.91725370800123,257.05980137502775,100,1,[2.1422408330254257],[2.142245916998945],p1,001,2025-11-12_18h22.21.983,Intentional Binding,,2025.1.1,None,2025-11-12 18h22.36.038209 +0530,
0.1,400.0,unexp,31,7,2,space,0.5891071250662208,None,100,1,[2.224532874999568],[2.2245380410458893],2,7,31,0,257.0639599580318,,257.0599816660397,257.0639599580318,258.0492951660417,258.0492951660417,258.05986862501595,258.6455346660223,space,0.5891071250662208,None,258.64736383303534,258.747431832777,259.20122033311054,259.1815276250709,259.1835195410531,259.20122033311054,259.20122033311054,259.20122033311054,261.42608075006865,100,1,[2.224532874999568],[2.2245380410458893],p1,001,2025-11-12_18h22.21.983,Intentional Binding,,2025.1.1,None,2025-11-12 18h22.36.038209 +0530,
0.4,1000.0,exp,32,8,2,space,1.0461588330799714,None,300,1,[2.0363987499149516],[2.036403541918844],2,8,32,7,261.4296189160086,,261.42625954106916,261.4296189160086,262.41617608303204,262.41617608303204,262.4264543330064,263.4658010411076,space,1.0461588330799714,None,263.4671700410545,263.87657587469243,264.3305167910876,264.3113804580644,264.3133125411114,264.3305167910876,264.3305167910876,264.3305167910876,266.3672274160199,300,1,[2.0363987499149516],[2.036403541918844],p1,001,2025-11-12_18h22.21.983,Intentional Binding,,2025.1.1,None,2025-11-12 18h22.36.038209 +0530,
0.1,1000.0,exp,33,9,2,space,0.9271563329966739,None,100,1,[2.1237167089711875],[2.123721083975397],2,9,33,3,266.37621354102157,,266.36740916606504,266.37621354102157,267.3650612080237,267.3650612080237,267.3650612080237,268.2953338751104,space,0.9271563329966739,None,268.29683112504426,268.3983895417225,268.85135954106227,268.8326314580627,268.8345921250293,268.85135954106227,268.85135954106227,268.85135954106227,270.9753854580922,100,1,[2.1237167089711875],[2.123721083975397],p1,001,2025-11-12_18h22.21.983,Intentional Binding,,2025.1.1,None,2025-11-12 18h22.36.038209 +0530,
0.1,1000.0,exp,34,10,2,space,0.5277893339516595,None,50,1,[2.453335792059079],[2.45334054203704],2,10,34,9,270.97856075002346,,270.9755637500202,270.97856075002346,271.96628479100764,271.96628479100764,271.9763090830529,272.5000643330859,space,0.5277893339516595,None,272.5014574161032,272.61005141673763,273.063399958075,273.0443782500224,273.04626229102723,273.063399958075,273.063399958075,273.063399958075,275.5170564580476,50,1,[2.453335792059079],[2.45334054203704],p1,001,2025-11-12_18h22.21.983,Intentional Binding,,2025.1.1,None,2025-11-12 18h22.36.038209 +0530,
0.7,400.0,unexp,35,11,2,space,0.49932679103221744,None,600,1,[2.5734894999768585],[2.5734944159630686],2,11,35,2,275.5262380000204,,275.5172438750742,275.5262380000204,276.5156712080352,276.5156712080352,276.5156712080352,277.0275560830487,space,0.49932679103221744,None,277.0286994581111,277.73166254168996,278.18568220804445,278.16662033309694,278.1686962080421,278.18568220804445,278.18568220804445,278.18568220804445,280.7595204580575,600,1,[2.5734894999768585],[2.5734944159630686],p1,001,2025-11-12_18h22.21.983,Intentional Binding,,2025.1.1,None,2025-11-12 18h22.36.038209 +0530,
0.4,1000.0,exp,36,0,3,space,0.7448661669623107,None,200,1,[1.6711594590451568],[1.6711637090193108],3,0,36,10,280.7636520001106,,280.75970004103146,280.7636520001106,281.748643458006,281.748643458006,281.75955391605385,282.5004407080123,space,0.7448661669623107,None,282.50192620803136,282.91012612468717,283.3627873751102,283.3441985830432,283.3460491250735,283.3627873751102,283.3627873751102,283.3627873751102,285.03426104108803,200,1,[1.6711594590451568],[1.6711637090193108],p1,001,2025-11-12_18h22.21.983,Intentional Binding,,2025.1.1,None,2025-11-12 18h22.36.038209 +0530,
0.4,1000.0,exp,37,1,3,space,0.9550058749737218,None,300,1,[1.753127250005491],[1.7531316250097007],3,1,37,4,285.0426253330661,,285.0344405830838,285.0426253330661,286.0316393329995,286.0316393329995,286.0316393329995,286.9938821250107,space,0.9550058749737218,None,286.9950436250074,287.39297116670446,287.846416000044,287.8278828751063,287.8298650410725,287.846416000044,287.846416000044,287.846416000044,289.599861708004,300,1,[1.753127250005491],[1.7531316250097007],p1,001,2025-11-12_18h22.21.983,Intentional Binding,,2025.1.1,None,2025-11-12 18h22.36.038209 +0530,
0.7,400.0,unexp,38,2,3,space,0.6303457090398297,None,800,1,[2.8074316249694675],[2.80743641697336],3,2,38,2,289.60888229100965,,289.6000432081055,289.60888229100965,290.593246708042,290.593246708042,290.59917270811275,291.22839050006587,space,0.6303457090398297,None,291.2301218750654,291.9315771667209,292.3849034580635,292.36546766606625,292.36736129107885,292.3849034580635,292.3849034580635,292.3849034580635,295.19266470801085,800,1,[2.8074316249694675],[2.80743641697336],p1,001,2025-11-12_18h22.21.983,Intentional Binding,,2025.1.1,None,2025-11-12 18h22.36.038209 +0530,
0.7,1000.0,exp,39,3,3,space,0.7447412909241393,None,600,1,[2.312525084009394],[2.3125298749655485],3,3,39,5,295.1960250000702,,295.19285966607276,295.1960250000702,296.1827187080635,296.1827187080635,296.1929289160762,296.9332322500413,space,0.7447412909241393,None,296.93460341601167,297.6430279167291,298.09654370800126,298.0777745000087,298.0795946250437,298.09654370800126,298.09654370800126,298.09654370800126,300.40940787503496,600,1,[2.312525084009394],[2.3125298749655485],p1,001,2025-11-12_18h22.21.983,Intentional Binding,,2025.1.1,None,2025-11-12 18h22.36.038209 +0530,
0.1,1000.0,exp,40,4,3,space,0.895931874983944,None,100,1,[1.6206948340404779],[1.6206996670225635],3,4,40,6,300.4134782500332,,300.40958683309145,300.4134782500332,301.399414125015,301.399414125015,301.40964466601145,302.3000644160202,space,0.895931874983944,None,302.3016136660008,302.40961558273216,302.8625259581022,302.8440422080457,302.8460219160188,302.8625259581022,302.8625259581022,302.8625259581022,304.4835839160951,100,1,[1.6206948340404779],[1.6206996670225635],p1,001,2025-11-12_18h22.21.983,Intentional Binding,,2025.1.1,None,2025-11-12 18h22.36.038209 +0530,
0.7,1000.0,exp,41,5,3,space,1.0811336669139564,None,200,1,[2.4187879170058295],[2.4187922079581767],3,5,41,8,304.492500375025,,304.4837625831133,304.492500375025,305.48216833302286,305.48216833302286,305.48216833302286,306.56733308301773,space,1.0811336669139564,None,306.56888766610064,307.27609712473736,307.7312830000883,307.711003750097,307.7130069161067,307.7312830000883,307.7312830000883,307.7312830000883,310.150396375102,200,1,[2.4187879170058295],[2.4187922079581767],p1,001,2025-11-12_18h22.21.983,Intentional Binding,,2025.1.1,None,2025-11-12 18h22.36.038209 +0530,
0.7,1000.0,exp,42,6,3,space,2.4524140000576153,None,200,1,[1.5155479999957606],[1.5155527499737218],3,6,42,11,310.1592877500225,,310.15057812503073,310.1592877500225,311.14876658306457,311.14876658306457,311.14876658306457,313.6112932501128,space,2.4524140000576153,None,313.61303229106124,314.31361887470507,314.76760845805984,314.74848666600883,314.75041754101403,314.76760845805984,314.76760845805984,314.76760845805984,316.2834916251013,200,1,[1.5155479999957606],[1.5155527499737218],p1,001,2025-11-12_18h22.21.983,Intentional Binding,,2025.1.1,None,2025-11-12 18h22.36.038209 +0530,
0.4,1000.0,exp,43,7,3,space,0.6258562080329284,None,300,1,[1.4228685420239344],[1.4228728750022128],3,7,43,7,316.29237370810006,,316.2836706250673,316.29237370810006,317.2820792500861,317.2820792500861,317.2820792500861,317.91097545810044,space,0.6258562080329284,None,317.9127650830196,318.31454166671415,318.7684096660232,318.7493985410547,318.7515748330625,318.7684096660232,318.7684096660232,318.7684096660232,320.1916052500019,300,1,[1.4228685420239344],[1.4228728750022128],p1,001,2025-11-12_18h22.21.983,Intentional Binding,,2025.1.1,None,2025-11-12 18h22.36.038209 +0530,
0.1,1000.0,exp,44,8,3,space,0.7403615840012208,None,100,1,[4.737921249936335],[4.737926458008587],3,8,44,3,320.1948844160652,,320.19178729108535,320.1948844160652,321.18260425003245,321.18260425003245,321.19269691605587,321.92778020806145,space,0.7403615840012208,None,321.9298647500109,322.03112845769306,322.48650262504816,322.46600041608326,322.4683528750902,322.48650262504816,322.48650262504816,322.48650262504816,327.2247608330799,100,1,[4.737921249936335],[4.737926458008587],p1,001,2025-11-12_18h22.21.983,Intentional Binding,,2025.1.1,None,2025-11-12 18h22.36.038209 +0530,
0.1,400.0,unexp,45,9,3,space,1.0539799169637263,None,150,1,[5.763573125004768],[5.763577958918177],3,9,45,0,327.2279849580955,,327.2249757500831,327.2279849580955,328.21478125010617,328.21478125010617,328.22587941610254,329.2773647500435,space,1.0539799169637263,None,329.27861408307217,329.38035654178043,329.8357960000867,329.81515095802024,329.81732250005007,329.8357960000867,329.8357960000867,329.8357960000867,335.5997382909991,150,1,[5.763573125004768],[5.763577958918177],p1,001,2025-11-12_18h22.21.983,Intentional Binding,,2025.1.1,None,2025-11-12 18h22.36.038209 +0530,
0.4,400.0,unexp,46,10,3,space,1.4261532499222085,None,200,1,[8.372513249982148],[8.372518624993972],3,10,46,1,335.6089165410958,,335.59992458310444,335.6089165410958,336.5979031660827,336.5979031660827,336.5979031660827,338.0277686250629,space,1.4261532499222085,None,338.02968904108275,338.4309584997284,338.8852147500729,338.865402791067,338.8678615411045,338.8852147500729,338.8852147500729,338.8852147500729,347.25808758300263,200,1,[8.372513249982148],[8.372518624993972],p1,001,2025-11-12_18h22.21.983,Intentional Binding,,2025.1.1,None,2025-11-12 18h22.36.038209 +0530,
0.1,1000.0,exp,47,11,3,space,2.8730394169688225,None,200,1,[7.365238083060831],[7.365242416970432],3,11,47,9,347.26141245802864,,347.2582918750122,347.26141245802864,348.24878179107327,348.24878179107327,348.2592222080566,351.12708358303644,space,2.8730394169688225,None,351.1283345830161,351.22996095772055,351.68442820804194,351.66489725001156,351.66681187506765,351.68442820804194,351.68442820804194,351.68442820804194,359.0500105411047,200,1,[7.365238083060831],[7.365242416970432],p1,001,2025-11-12_18h22.21.983,Intentional Binding,,2025.1.1,None,2025-11-12 18h22.36.038209 +0530,
0.7,1000.0,exp,48,0,4,space,4.684592124889605,None,300,1,[2.249402332934551],[2.2494078329764307],4,0,48,5,359.0587552500656,,359.0501937500667,359.0587552500656,360.0483880410902,360.0483880410902,360.0483880410902,364.744209250086,space,4.684592124889605,None,364.74618704104796,365.4473101247024,365.9004097080324,365.8817307080608,365.88377825007774,365.9004097080324,365.9004097080324,365.9004097080324,368.15017037501093,300,1,[2.249402332934551],[2.2494078329764307],p1,001,2025-11-12_18h22.21.983,Intentional Binding,,2025.1.1,None,2025-11-12 18h22.36.038209 +0530,
0.1,400.0,unexp,49,1,4,space,2.6370851669926196,None,200,1,[2.554978916887194],[2.5549837918952107],4,1,49,0,368.1586746250978,,368.1503587081097,368.1586746250978,369.14837545808405,369.14837545808405,369.14837545808405,371.7936390830437,space,2.6370851669926196,None,371.79488500009757,371.8963609167297,372.3533272910863,372.3313315830892,372.3337456251029,372.3533272910863,372.3533272910863,372.3533272910863,374.90866279101465,200,1,[2.554978916887194],[2.5549837918952107],p1,001,2025-11-12_18h22.21.983,Intentional Binding,,2025.1.1,None,2025-11-12 18h22.36.038209 +0530,
0.1,1000.0,exp,50,2,4,space,2.8329795410390943,None,100,1,[2.168848625035025],[2.1688531669788063],4,2,50,6,374.91258058301173,,374.9088379160967,374.91258058301173,375.89836579107214,375.89836579107214,375.9089001250686,378.7327416660264,space,2.8329795410390943,None,378.73427137511317,378.84231974970703,379.2974769580178,379.27699008304626,379.2790383331012,379.2974769580178,379.2974769580178,379.2974769580178,381.4666685410775,100,1,[2.168848625035025],[2.1688531669788063],p1,001,2025-11-12_18h22.21.983,Intentional Binding,,2025.1.1,None,2025-11-12 18h22.36.038209 +0530,
0.1,1000.0,exp,51,3,4,space,2.9263287499779835,None,100,1,[1.8340562500525266],[1.834061749977991],4,3,51,3,381.4752349581104,,381.46684387500864,381.4752349581104,382.4648957500467,382.4648957500467,382.4648957500467,385.39413741603494,space,2.9263287499779835,None,385.3960007081041,385.494726374691,385.9487732501002,385.92937541601714,385.9314565000823,385.9487732501002,385.9487732501002,385.9487732501002,387.7831966250669,100,1,[1.8340562500525266],[1.834061749977991],p1,001,2025-11-12_18h22.21.983,Intentional Binding,,2025.1.1,None,2025-11-12 18h22.36.038209 +0530,
0.7,400.0,unexp,52,4,4,space,0.825365333002992,None,300,1,[3.8798749580746517],[3.879879957996309],4,4,52,2,387.7913982500322,,387.78337325004395,387.7913982500322,388.78163945802953,388.78163945802953,388.78163945802953,389.61015845800284,space,0.825365333002992,None,389.6120173750678,390.31317308271923,390.7690570000559,390.7483190000057,390.75172379100695,390.7690570000559,390.7690570000559,390.7690570000559,394.64928266603965,300,1,[3.8798749580746517],[3.879879957996309],p1,001,2025-11-12_18h22.21.983,Intentional Binding,,2025.1.1,None,2025-11-12 18h22.36.038209 +0530,
0.4,1000.0,exp,53,5,4,space,1.4432888749288395,None,200,1,[3.0576207090634853],[3.0576254170155153],4,5,53,7,394.6582522910321,,394.6494580830913,394.6582522910321,395.64857762504835,395.64857762504835,395.64857762504835,397.09397308307234,space,1.4432888749288395,None,397.09569358301815,397.49736016669,397.9502734160051,397.9312805410009,397.93341270810924,397.9502734160051,397.9502734160051,397.9502734160051,401.0082640410401,200,1,[3.0576207090634853],[3.0576254170155153],p1,001,2025-11-12_18h22.21.983,Intentional Binding,,2025.1.1,None,2025-11-12 18h22.36.038209 +0530,
0.7,1000.0,exp,54,6,4,space,0.482543290941976,None,100,1,[2.7526877080090344],[2.752692083013244],4,6,54,8,401.01204591605347,,401.00844029104337,401.01204591605347,401.99831716599874,401.99831716599874,402.0087687911,402.4824369160924,space,0.482543290941976,None,402.4835705830483,403.1920669577705,403.64665137510747,403.62649037502706,403.6285226660548,403.64665137510747,403.64665137510747,403.64665137510747,406.39966283307876,100,1,[2.7526877080090344],[2.752692083013244],p1,001,2025-11-12_18h22.21.983,Intentional Binding,,2025.1.1,None,2025-11-12 18h22.36.038209 +0530,
0.1,1000.0,exp,55,7,4,space,0.670803000102751,None,100,1,[1.857321250019595],[1.8573259159456939],4,7,55,9,406.4082745410269,,406.39983695803676,406.4082745410269,407.3978672910016,407.3978672910016,407.3978672910016,408.0772630830761,space,0.670803000102751,None,408.0787177500315,408.18024770770376,408.63442087511066,408.6151456250809,408.61719100002665,408.63442087511066,408.63442087511066,408.63442087511066,410.49212762503885,100,1,[1.857321250019595],[1.8573259159456939],p1,001,2025-11-12_18h22.21.983,Intentional Binding,,2025.1.1,None,2025-11-12 18h22.36.038209 +0530,
0.4,1000.0,exp,56,8,4,space,0.8844934590160847,None,150,1,[3.173018667032011],[3.1730235000140965],4,8,56,4,410.4958684160374,,410.4922990410123,410.4958684160374,411.4818762911018,411.4818762911018,411.49196833302267,412.3770469580777,space,0.8844934590160847,None,412.37871820805594,412.7807608746846,413.23512695811223,413.2153937910916,413.2174757500179,413.23512695811223,413.23512695811223,413.23512695811223,416.4084877501009,150,1,[3.173018667032011],[3.1730235000140965],p1,001,2025-11-12_18h22.21.983,Intentional Binding,,2025.1.1,None,2025-11-12 18h22.36.038209 +0530,
0.7,1000.0,exp,57,9,4,space,1.0212603339459747,None,700,1,[2.6484105410054326],[2.648415541043505],4,9,57,11,416.41240308305714,,416.40866375004407,416.41240308305714,417.3981234160019,417.3981234160019,417.4085953331087,418.42686191608664,space,1.0212603339459747,None,418.4284279580461,419.1304939577278,419.5839485410834,419.56464308302384,419.5667537500849,419.5839485410834,419.5839485410834,419.5839485410834,422.23270325001795,700,1,[2.6484105410054326],[2.648415541043505],p1,001,2025-11-12_18h22.21.983,Intentional Binding,,2025.1.1,None,2025-11-12 18h22.36.038209 +0530,
0.4,1000.0,exp,58,10,4,space,0.9244930839631706,None,600,1,[2.313802249962464],[2.3138063750229776],4,10,58,10,422.2415289580822,,422.2329348330386,422.2415289580822,423.23176808306016,423.23176808306016,423.23176808306016,424.160258583026,space,0.9244930839631706,None,424.1620909580961,424.56385429174793,425.01864333311096,424.99827529105823,425.000447416096,425.01864333311096,425.01864333311096,425.01864333311096,427.3327797910897,600,1,[2.313802249962464],[2.3138063750229776],p1,001,2025-11-12_18h22.21.983,Intentional Binding,,2025.1.1,None,2025-11-12 18h22.36.038209 +0530,
0.4,400.0,unexp,59,11,4,space,1.0805004169233143,None,500,1,[2.1443924999330193],[2.1443969160318375],4,11,59,1,427.3413310830947,,427.3330425830791,427.3413310830947,428.32951333303936,428.32951333303936,428.32951333303936,429.4153182080481,space,1.0805004169233143,None,429.41662083310075,429.8249899167024,430.2792852910934,430.2591087910114,430.261319625075,430.2792852910934,430.2792852910934,430.2792852910934,432.42401662503835,500,1,[2.1443924999330193],[2.1443969160318375],p1,001,2025-11-12_18h22.21.983,Intentional Binding,,2025.1.1,None,2025-11-12 18h22.36.038209 +0530,
0.7,400.0,unexp,60,0,5,space,1.1289477499667555,None,900,1,[2.5859978329390287],[2.586003041942604],5,0,60,2,432.42728516610805,,432.42420941602904,432.42728516610805,433.4151044160826,433.4151044160826,433.4250825830968,434.5488066250691,space,1.1289477499667555,None,434.5505099160364,435.2582662077077,435.71311158302706,435.6931274581002,435.6952351660002,435.71311158302706,435.71311158302706,435.71311158302706,438.2994576250203,900,1,[2.5859978329390287],[2.586003041942604],p1,001,2025-11-12_18h22.21.983,Intentional Binding,,2025.1.1,None,2025-11-12 18h22.36.038209 +0530,
0.1,1000.0,exp,61,1,5,space,0.7513332919916138,None,300,1,[2.836455999989994],[2.8364601669600233],5,1,61,6,438.30793241609354,,438.29963137500454,438.30793241609354,439.29760712501593,439.29760712501593,439.29760712501593,440.0601178751094,space,0.7513332919916138,None,440.061983874999,440.16650595766646,440.62188304110896,440.6013542080764,440.60341516602784,440.62188304110896,440.62188304110896,440.62188304110896,443.45869258302264,300,1,[2.836455999989994],[2.8364601669600233],p1,001,2025-11-12_18h22.21.983,Intentional Binding,,2025.1.1,None,2025-11-12 18h22.36.038209 +0530,
0.1,1000.0,exp,62,2,5,space,0.5947852920508012,None,200,1,[2.05320029205177],[2.053204750060104],5,2,62,3,443.4623723750701,,443.458870750037,443.4623723750701,444.44792770803906,444.44792770803906,444.45833029109053,445.0488855410367,space,0.5947852920508012,None,445.0502444161102,445.15835987468404,445.61176575010177,445.5927612500964,445.59470079105813,445.61176575010177,445.61176575010177,445.61176575010177,447.66530258301646,200,1,[2.05320029205177],[2.053204750060104],p1,001,2025-11-12_18h22.21.983,Intentional Binding,,2025.1.1,None,2025-11-12 18h22.36.038209 +0530,
0.7,1000.0,exp,63,3,5,space,1.2651580409146845,None,800,1,[2.2370812089648098],[2.2370858340291306],5,3,63,8,447.6734438330168,,447.6654796660878,447.6734438330168,448.6635781250661,448.6635781250661,448.6635781250661,449.9315340000903,space,1.2651580409146845,None,449.933349500061,450.64156195772034,451.0949275830062,451.076335416059,451.0783229160588,451.0949275830062,451.0949275830062,451.0949275830062,453.33237045805436,800,1,[2.2370812089648098],[2.2370858340291306],p1,001,2025-11-12_18h22.21.983,Intentional Binding,,2025.1.1,None,2025-11-12 18h22.36.038209 +0530,
0.7,1000.0,exp,64,4,5,space,5.979011874995194,None,500,1,[2.152675374993123],[2.1526799999410287],5,4,64,11,453.34094712510705,,453.3325616250513,453.34094712510705,454.3310714160325,454.3310714160325,454.3310714160325,460.31557395809796,space,5.979011874995194,None,460.31667962507345,461.024993374773,461.479251083103,461.4594711250393,461.4617077080766,461.479251083103,461.479251083103,461.479251083103,463.632285083062,500,1,[2.152675374993123],[2.1526799999410287],p1,001,2025-11-12_18h22.21.983,Intentional Binding,,2025.1.1,None,2025-11-12 18h22.36.038209 +0530,
0.4,1000.0,exp,65,5,5,space,0.9171520839445293,None,400,1,[4.595495666959323],[4.595500374911353],5,5,65,10,463.6400552080013,,463.6324602080276,463.6400552080013,464.63000750006177,464.63000750006177,464.63000750006177,465.54868025006726,space,0.9171520839445293,None,465.5502702910453,465.95830454171323,466.4119372080313,466.39261233306024,466.3946209580172,466.4119372080313,466.4119372080313,466.4119372080313,471.0078018750064,400,1,[4.595495666959323],[4.595500374911353],p1,001,2025-11-12_18h22.21.983,Intentional Binding,,2025.1.1,None,2025-11-12 18h22.36.038209 +0530,
0.7,1000.0,exp,66,6,5,space,0.5156737500801682,None,300,1,[3.419135457952507],[3.419140415964648],5,6,66,5,471.0110650830902,,471.0079773750622,471.0110650830902,471.99759570800234,471.99759570800234,472.0078464160906,472.5152134160744,space,0.5156737500801682,None,472.51677220803685,473.22464770771717,473.67910625005607,473.6591399580939,473.6612776250113,473.67910625005607,473.67910625005607,473.67910625005607,477.0986133750994,300,1,[3.419135457952507],[3.419140415964648],p1,001,2025-11-12_18h22.21.983,Intentional Binding,,2025.1.1,None,2025-11-12 18h22.36.038209 +0530,
0.4,400.0,unexp,67,7,5,space,1.2212714169872925,None,500,1,[2.1736748750554398],[2.173679667059332],5,7,67,1,477.10712504107505,,477.0988076250069,477.10712504107505,478.09671050007455,478.09671050007455,478.09671050007455,479.3258475410985,space,1.2212714169872925,None,479.32742666604463,479.72988795774677,480.1842225830769,480.16426120803226,480.16642545803916,480.1842225830769,480.1842225830769,480.1842225830769,482.35827712505125,500,1,[2.1736748750554398],[2.173679667059332],p1,001,2025-11-12_18h22.21.983,Intentional Binding,,2025.1.1,None,2025-11-12 18h22.36.038209 +0530,
0.4,1000.0,exp,68,8,5,space,0.464880375075154,None,400,1,[1.8694484590087086],[1.8694539590505883],5,8,68,4,482.36190754105337,,482.358479666058,482.36190754105337,483.3469345830381,483.3469345830381,483.3580385000678,483.8152166251093,space,0.464880375075154,None,483.81646279105917,484.22444129171004,484.6784601251129,484.65919837506954,484.6612228330923,484.6784601251129,484.6784601251129,484.6784601251129,486.5482892500004,400,1,[1.8694484590087086],[1.8694539590505883],p1,001,2025-11-12_18h22.21.983,Intentional Binding,,2025.1.1,None,2025-11-12 18h22.36.038209 +0530,
0.1,1000.0,exp,69,9,5,space,1.3812947910046205,None,100,1,[2.1196129999589175],[2.1196174999931827],5,9,69,9,486.55674187501427,,486.54846070799977,486.55674187501427,487.54737791605294,487.54737791605294,487.54737791605294,488.9316070410423,space,1.3812947910046205,None,488.93299845803995,489.04132041667276,489.49513587506954,489.4759472910082,489.4780561660882,489.49513587506954,489.49513587506954,489.49513587506954,491.61511375010014,100,1,[2.1196129999589175],[2.1196174999931827],p1,001,2025-11-12_18h22.21.983,Intentional Binding,,2025.1.1,None,2025-11-12 18h22.36.038209 +0530,
0.4,1000.0,exp,70,10,5,space,0.8180218340130523,None,300,1,[3.7604955839924514],[3.760499667027034],5,10,70,7,491.62307262502145,,491.61528862500563,491.62307262502145,492.61415800009854,492.61415800009854,492.61415800009854,493.44103000010364,space,0.8180218340130523,None,493.44190500001423,493.84149241674845,494.29709716606885,494.2758010410471,494.2784963330487,494.29709716606885,494.29709716606885,494.29709716606885,498.05796245799866,300,1,[3.7604955839924514],[3.760499667027034],p1,001,2025-11-12_18h22.21.983,Intentional Binding,,2025.1.1,None,2025-11-12 18h22.36.038209 +0530,
0.1,400.0,unexp,71,11,5,space,1.246549709001556,None,100,1,[2.011166292009875],[2.0111712500220165],5,11,71,0,498.06156354106497,,498.05814062501304,498.06156354106497,499.04780737508554,499.04780737508554,499.05784700007644,500.298572458094,space,1.246549709001556,None,500.2996791660553,500.40795504168295,500.8627600830514,500.8427045410499,500.84521400008816,500.8627600830514,500.8627600830514,500.8627600830514,502.874334708089,100,1,[2.011166292009875],[2.0111712500220165],p1,001,2025-11-12_18h22.21.983,Intentional Binding,,2025.1.1,None,2025-11-12 18h22.36.038209 +0530,
0.1,1000.0,exp,72,0,6,space,2.4298821670236066,None,200,1,[3.6203881659312174],[3.6203926659654826],6,0,72,3,502.8778868750669,,502.87451066600624,502.8778868750669,503.8644510410959,503.8644510410959,503.8744548331015,506.29841425002087,space,2.4298821670236066,None,506.299665208091,506.4078778327132,506.86105916602537,506.8423006660305,506.84433279104996,506.86105916602537,506.86105916602537,506.86105916602537,510.4817895410815,200,1,[3.6203881659312174],[3.6203926659654826],p1,001,2025-11-12_18h22.21.983,Intentional Binding,,2025.1.1,None,2025-11-12 18h22.36.038209 +0530,
0.4,1000.0,exp,73,1,6,space,0.6555460420204327,None,100,1,[1.8405804160283878],[1.8405860411003232],6,1,73,7,510.4898481660057,,510.4819752910407,510.4898481660057,511.4805420000339,511.4805420000339,511.4805420000339,512.1427697500912,space,0.6555460420204327,None,512.1449958330486,512.5464329167191,513.0005615000846,512.981084708008,512.9832547500264,513.0005615000846,513.0005615000846,513.0005615000846,514.8415319160558,100,1,[1.8405804160283878],[1.8405860411003232],p1,001,2025-11-12_18h22.21.983,Intentional Binding,,2025.1.1,None,2025-11-12 18h22.36.038209 +0530,
0.1,1000.0,exp,74,2,6,space,0.6401442080968991,None,50,1,[2.6065101249841973],[2.6065164579777047],6,2,74,9,514.845027500065,,514.8417121251114,514.845027500065,515.8308732910082,515.8308732910082,515.8409485830925,516.476255250047,space,0.6401442080968991,None,516.4779507080093,516.5798080827265,517.034192416002,517.0146570000798,517.0166501250351,517.034192416002,517.034192416002,517.034192416002,519.6410756660625,50,1,[2.6065101249841973],[2.6065164579777047],p1,001,2025-11-12_18h22.21.983,Intentional Binding,,2025.1.1,None,2025-11-12 18h22.36.038209 +0530,
0.4,1000.0,exp,75,3,6,space,0.3782130409963429,None,100,1,[1.5690508330008015],[1.569055208005011],6,3,75,4,519.6444796660217,,519.64125087508,519.6444796660217,520.6307491250336,520.6307491250336,520.6409962910693,521.014883875032,space,0.3782130409963429,None,521.0161184580065,521.4243369167127,521.8785476250341,521.8590960410656,521.8611941250274,521.8785476250341,521.8785476250341,521.8785476250341,523.4479554160498,100,1,[1.5690508330008015],[1.569055208005011],p1,001,2025-11-12_18h22.21.983,Intentional Binding,,2025.1.1,None,2025-11-12 18h22.36.038209 +0530,
0.1,400.0,unexp,76,4,6,space,0.8567463749786839,None,200,1,[1.6242947920691222],[1.6242995420470834],6,4,76,0,523.4563495410839,,523.4481270411052,523.4563495410839,524.4461597080808,524.4461597080808,524.4461597080808,525.3092935410095,space,0.8567463749786839,None,525.3107674580533,525.4116090827777,525.8665530410362,525.8464251660043,525.8485730000539,525.8665530410362,525.8665530410362,525.8665530410362,527.4912131660385,200,1,[1.6242947920691222],[1.6242995420470834],p1,001,2025-11-12_18h22.21.983,Intentional Binding,,2025.1.1,None,2025-11-12 18h22.36.038209 +0530,
0.7,1000.0,exp,77,5,6,space,1.085915792034939,None,700,1,[2.1053048329195008],[2.105309374979697],6,5,77,8,527.4949699160643,,527.4913892910117,527.4949699160643,528.4807099580066,528.4807099580066,528.4909807910444,529.5754205830162,space,1.085915792034939,None,529.5770385001088,530.2795019577645,530.7341138330521,530.7143860410433,530.7165913330391,530.7341138330521,530.7341138330521,530.7341138330521,532.8397732500453,700,1,[2.1053048329195008],[2.105309374979697],p1,001,2025-11-12_18h22.21.983,Intentional Binding,,2025.1.1,None,2025-11-12 18h22.36.038209 +0530,
0.4,1000.0,exp,78,6,6,space,0.9176424160832539,None,300,1,[1.4636803340399638],[1.463685250026174],6,6,78,10,532.8430263330229,,532.8399456250481,532.8430263330229,533.8308038751129,533.8308038751129,533.8408424160443,534.7589602500666,space,0.9176424160832539,None,534.7604722910328,535.1628931667112,535.6172275000717,535.5973938331008,535.5994487080025,535.6172275000717,535.6172275000717,535.6172275000717,537.0813205410959,300,1,[1.4636803340399638],[1.463685250026174],p1,001,2025-11-12_18h22.21.983,Intentional Binding,,2025.1.1,None,2025-11-12 18h22.36.038209 +0530,
0.7,1000.0,exp,79,7,6,space,0.7080802499549463,None,600,1,[2.206537999911234],[2.2065430419752374],6,7,79,11,537.0898017080035,,537.0814952910878,537.0898017080035,538.0804126251023,538.0804126251023,538.0804126251023,538.7921300410526,space,0.7080802499549463,None,538.7935802910943,539.4962352077166,539.9503702500369,539.930260083056,539.932497666101,539.9503702500369,539.9503702500369,539.9503702500369,542.1573298330186,600,1,[2.206537999911234],[2.2065430419752374],p1,001,2025-11-12_18h22.21.983,Intentional Binding,,2025.1.1,None,2025-11-12 18h22.36.038209 +0530,
0.7,1000.0,exp,80,8,6,space,3.7444542499724776,None,500,1,[2.7682007499970496],[2.7682057910133153],6,8,80,5,542.1606851250399,,542.1575097501045,542.1606851250399,543.1466487500584,543.1466487500584,543.1576426660176,546.8979662500788,space,3.7444542499724776,None,546.8992741251132,547.6072634576742,548.0625172080472,548.042157458025,548.0446526660817,548.0625172080472,548.0625172080472,548.0625172080472,550.8311096660327,500,1,[2.7682007499970496],[2.7682057910133153],p1,001,2025-11-12_18h22.21.983,Intentional Binding,,2025.1.1,None,2025-11-12 18h22.36.038209 +0530,
0.1,1000.0,exp,81,9,6,space,1.0442556659691036,None,100,1,[1.9898680420592427],[1.9898729169508442],6,9,81,6,550.8393077080837,,550.8312880831072,550.8393077080837,551.8292147910688,551.8292147910688,551.8292147910688,552.8760015410371,space,1.0442556659691036,None,552.8776478330838,552.9787552917298,553.433524500113,553.4137545000995,553.4156642080052,553.433524500113,553.433524500113,553.433524500113,555.4238630000036,100,1,[1.9898680420592427],[1.9898729169508442],p1,001,2025-11-12_18h22.21.983,Intentional Binding,,2025.1.1,None,2025-11-12 18h22.36.038209 +0530,
0.7,400.0,unexp,82,10,6,space,0.7056434999685735,None,400,1,[3.2393482089973986],[3.239352999953553],6,10,82,2,555.4270869160537,,555.4240391660715,555.4270869160537,556.4138671250548,556.4138671250548,556.4239084580913,557.1253309160238,space,0.7056434999685735,None,557.1269433751004,557.8294470827716,558.2840652500745,558.2642032910371,558.2663524580421,558.2840652500745,558.2840652500745,558.2840652500745,561.523852666025,400,1,[3.2393482089973986],[3.239352999953553],p1,001,2025-11-12_18h22.21.983,Intentional Binding,,2025.1.1,None,2025-11-12 18h22.36.038209 +0530,
0.4,400.0,unexp,83,11,6,space,1.2733930830145255,None,300,1,[2.707364375004545],[2.707369124982506],6,11,83,1,561.5272787080612,,561.5240286251064,561.5272787080612,562.5139801660553,562.5139801660553,562.5239390410716,563.792461416102,space,1.2733930830145255,None,563.7942334160907,564.195837916752,564.6496892910218,564.6305208330741,564.6326175000286,564.6496892910218,564.6496892910218,564.6496892910218,567.357473500073,300,1,[2.707364375004545],[2.707369124982506],p1,001,2025-11-12_18h22.21.983,Intentional Binding,,2025.1.1,None,2025-11-12 18h22.36.038209 +0530,
0.4,400.0,unexp,84,0,7,space,1.7799809579737484,None,300,1,[2.720491625019349],[2.7204965410055593],7,0,84,1,567.3612467910862,,567.3576471660053,567.3612467910862,568.3471350000473,568.3471350000473,568.3573350830702,570.1304054580396,space,1.7799809579737484,None,570.1315033750143,570.5295603327143,570.9852194580017,570.9644484580494,570.9673635830404,570.9852194580017,570.9852194580017,570.9852194580017,573.7060849160189,300,1,[2.720491625019349],[2.7204965410055593],p1,001,2025-11-12_18h22.21.983,Intentional Binding,,2025.1.1,None,2025-11-12 18h22.36.038209 +0530,
0.7,400.0,unexp,85,1,7,space,1.0410679579945281,None,500,1,[1.7888325839303434],[1.7888374170288444],7,1,85,2,573.7094379160553,,573.7062659160001,573.7094379160553,574.6970516250003,574.6970516250003,574.7072878330946,575.7416702080518,space,1.0410679579945281,None,575.7432837500237,576.4462161247541,576.9001569160027,576.8807097910903,576.882878750097,576.9001569160027,576.9001569160027,576.9001569160027,578.6893782910192,500,1,[1.7888325839303434],[1.7888374170288444],p1,001,2025-11-12_18h22.21.983,Intentional Binding,,2025.1.1,None,2025-11-12 18h22.36.038209 +0530,
0.7,1000.0,exp,86,2,7,space,0.8542307920288295,None,700,1,[2.1077960829716176],[2.1078011250356212],7,2,86,8,578.692614041036,,578.689556291094,578.692614041036,579.6797502910485,579.6797502910485,579.6903437500587,580.5424882080406,space,0.8542307920288295,None,580.5439455830492,581.2447500826713,581.69907362503,581.6794915409992,581.6816891250201,581.69907362503,581.69907362503,581.69907362503,583.8072849160526,700,1,[2.1077960829716176],[2.1078011250356212],p1,001,2025-11-12_18h22.21.983,Intentional Binding,,2025.1.1,None,2025-11-12 18h22.36.038209 +0530,
0.1,1000.0,exp,87,3,7,space,1.5199373749783263,None,100,1,[2.2400532090105116],[2.240057791932486],7,3,87,9,583.8106304580579,,583.8074595000362,583.8106304580579,584.7968168751104,584.7968168751104,584.8071165831061,586.3257009160006,space,1.5199373749783263,None,586.3274695830187,586.4291912497176,586.8823299580254,586.863170000026,586.8653570410097,586.8823299580254,586.8823299580254,586.8823299580254,589.1227472911123,100,1,[2.2400532090105116],[2.240057791932486],p1,001,2025-11-12_18h22.21.983,Intentional Binding,,2025.1.1,None,2025-11-12 18h22.36.038209 +0530,
0.4,1000.0,exp,88,4,7,space,1.4209830830805004,None,200,1,[3.7080614999867976],[3.7080666250549257],7,4,88,4,589.1259938750882,,589.1229335000971,589.1259938750882,590.1137294580694,590.1137294580694,590.1235287500313,591.5423709161114,space,1.4209830830805004,None,591.5443383750971,591.9445980827479,592.3984847500687,592.3794288330246,592.3814434160013,592.3984847500687,592.3984847500687,592.3984847500687,596.106916375109,200,1,[3.7080614999867976],[3.7080666250549257],p1,001,2025-11-12_18h22.21.983,Intentional Binding,,2025.1.1,None,2025-11-12 18h22.36.038209 +0530,
0.4,1000.0,exp,89,5,7,space,1.963562541990541,None,300,1,[1.911296125035733],[1.9113011659355834],7,5,89,10,596.110173041001,,596.1070962910308,596.110173041001,597.0969809161033,597.0969809161033,597.1071857910138,599.0639019160299,space,1.963562541990541,None,599.0651475409977,599.4736889997187,599.9286273330217,599.908218333032,599.9107915000059,599.9286273330217,599.9286273330217,599.9286273330217,601.8403605410131,300,1,[1.911296125035733],[1.9113011659355834],p1,001,2025-11-12_18h22.21.983,Intentional Binding,,2025.1.1,None,2025-11-12 18h22.36.038209 +0530,
0.1,400.0,unexp,90,6,7,space,0.9602596659678966,None,300,1,[3.3891580420313403],[3.3891630000434816],7,6,90,0,601.8438727500616,,601.8405463329982,601.8438727500616,602.8301618330879,602.8301618330879,602.8402738750447,603.7924864160595,space,0.9602596659678966,None,603.7946315000299,603.8948200416673,604.3504439160461,604.329654875095,604.3319320830051,604.3504439160461,604.3504439160461,604.3504439160461,607.7400425830856,300,1,[3.3891580420313403],[3.3891630000434816],p1,001,2025-11-12_18h22.21.983,Intentional Binding,,2025.1.1,None,2025-11-12 18h22.36.038209 +0530,
0.7,1000.0,exp,91,7,7,space,0.8188633329700679,None,700,1,[1.6959238330600783],[1.6959284580079839],7,7,91,5,607.743457625038,,607.7402209161082,607.743457625038,608.7294678330654,608.7294678330654,608.7387274580542,609.5584990410134,space,0.8188633329700679,None,609.5605191660579,610.2623957077196,610.7178275830811,610.6974579161033,610.6998202910181,610.7178275830811,610.7178275830811,610.7178275830811,612.4141319580376,700,1,[1.6959238330600783],[1.6959284580079839],p1,001,2025-11-12_18h22.21.983,Intentional Binding,,2025.1.1,None,2025-11-12 18h22.36.038209 +0530,
0.7,1000.0,exp,92,8,7,space,0.2796627499628812,None,800,1,[1.300607040990144],[1.3006119579076767],7,8,92,11,612.4219850000227,,612.4143156250939,612.4219850000227,613.4135297500761,613.4135297500761,613.4135297500761,613.6960177080473,space,0.2796627499628812,None,613.6974627081072,614.4066889166754,614.8623494580388,614.8418112910585,614.8439263330074,614.8623494580388,614.8623494580388,614.8623494580388,616.1633612080477,800,1,[1.300607040990144],[1.3006119579076767],p1,001,2025-11-12_18h22.21.983,Intentional Binding,,2025.1.1,None,2025-11-12 18h22.36.038209 +0530,
0.1,1000.0,exp,93,9,7,space,0.34871095896232873,None,100 ,1,[4.731795582920313],[4.731799915898591],7,9,93,3,616.1721369160805,,616.1635373330209,616.1721369160805,617.1566816250561,617.1566816250561,617.1632198330481,617.5083660830278,space,0.34871095896232873,None,617.5100825410336,617.6111151247208,618.064970791107,618.0458115410293,618.0480203750776,618.064970791107,618.064970791107,618.064970791107,622.7971340410877,100 ,1,[4.731795582920313],[4.731799915898591],p1,001,2025-11-12_18h22.21.983,Intentional Binding,,2025.1.1,None,2025-11-12 18h22.36.038209 +0530,
0.4,1000.0,exp,94,10,7,space,1.1843805409735069,None,400,1,[2.6909788750344887],[2.6909839160507545],7,10,94,7,622.8055351660587,,622.7973117911024,622.8055351660587,623.7965188750532,623.7965188750532,623.7965188750532,624.9920386660378,space,1.1843805409735069,None,624.9937890830915,625.3935889996976,625.8476474580821,625.8283190830844,625.8304046660196,625.8476474580821,625.8476474580821,625.8476474580821,628.5389916660497,400,1,[2.6909788750344887],[2.6909839160507545],p1,001,2025-11-12_18h22.21.983,Intentional Binding,,2025.1.1,None,2025-11-12 18h22.36.038209 +0530,
0.1,1000.0,exp,95,11,7,space,0.40685233392287046,None,200,1,[1.7290587909519672],[1.7290637500118464],7,11,95,6,628.5421797500458,,628.5391694999998,628.5421797500458,629.5299429580336,629.5299429580336,629.5399227910675,629.9409927080851,space,0.40685233392287046,None,629.9427570831031,630.0455798326914,630.5010763750179,630.4795378330164,630.4822820830159,630.5010763750179,630.5010763750179,630.5010763750179,632.2305657080142,200,1,[1.7290587909519672],[1.7290637500118464],p1,001,2025-11-12_18h22.21.983,Intentional Binding,,2025.1.1,None,2025-11-12 18h22.36.038209 +0530,
0.4,1000.0,exp,96,0,8,space,0.41997470892965794,None,200,1,[1.6640321250306442],[1.6640364170307294],8,0,96,10,632.2388283330947,,632.2307473330293,632.2388283330947,633.2297723750817,633.2297723750817,633.2297723750817,633.6584247500869,space,0.41997470892965794,None,633.6602272910532,634.0619506247497,634.5160913750296,634.4968352910364,634.4987972500967,634.5160913750296,634.5160913750296,634.5160913750296,636.1804845411098,200,1,[1.6640321250306442],[1.6640364170307294],p1,001,2025-11-12_18h22.21.983,Intentional Binding,,2025.1.1,None,2025-11-12 18h22.36.038209 +0530,
0.4,1000.0,exp,97,1,8,space,0.45169004204217345,None,400,1,[1.6394619579659775],[1.639466500026174],8,1,97,4,636.1891145830741,,636.1806584580336,636.1891145830741,637.1788480411051,637.1788480411051,637.1788480411051,637.6412975830026,space,0.45169004204217345,None,637.6430225830991,638.0453298746763,638.4991327080643,638.4793785830261,638.4814900000347,638.4991327080643,638.4991327080643,638.4991327080643,640.1389794580173,400,1,[1.6394619579659775],[1.639466500026174],p1,001,2025-11-12_18h22.21.983,Intentional Binding,,2025.1.1,None,2025-11-12 18h22.36.038209 +0530,
0.4,400.0,unexp,98,2,8,space,1.6690881249960512,None,300,1,[1.9059009159682319],[1.9059064579196274],8,2,98,1,640.1422670830507,,640.1391514580464,640.1422670830507,641.129571416066,641.129571416066,641.1400690000737,642.8079382500146,space,1.6690881249960512,None,642.8094313330948,643.2119539997695,643.6669797500363,643.6466916250065,643.6489041250898,643.6669797500363,643.6669797500363,643.6669797500363,645.5733149161097,300,1,[1.9059009159682319],[1.9059064579196274],p1,001,2025-11-12_18h22.21.983,Intentional Binding,,2025.1.1,None,2025-11-12 18h22.36.038209 +0530,
0.7,1000.0,exp,99,3,8,space,0.4301813340280205,None,800,1,[1.9026561670470983],[1.9026605830295011],8,3,99,8,645.5768142080633,,645.5734907910228,645.5768142080633,646.5632228330942,646.5632228330942,646.573259833036,646.9968152081128,space,0.4301813340280205,None,646.9981707910774,647.706691291711,648.1605759160593,648.140400708071,648.1424974160036,648.1605759160593,648.1605759160593,648.1605759160593,650.063599083107,800,1,[1.9026561670470983],[1.9026605830295011],p1,001,2025-11-12_18h22.21.983,Intentional Binding,,2025.1.1,None,2025-11-12 18h22.36.038209 +0530,
0.1,1000.0,exp,100,4,8,space,1.9033467910485342,None,400,1,[2.7801756670232862],[2.780180750065483],8,4,100,3,650.0719780831132,,650.0637768330052,650.0719780831132,651.0619584580418,651.0619584580418,651.0619584580418,652.9748629580718,space,1.9033467910485342,None,652.9768412500853,653.0785456246851,653.5328956660815,653.5133373750141,653.5154572500614,653.5328956660815,653.5328956660815,653.5328956660815,656.3134375000373,400,1,[2.7801756670232862],[2.780180750065483],p1,001,2025-11-12_18h22.21.983,Intentional Binding,,2025.1.1,None,2025-11-12 18h22.36.038209 +0530,
0.4,1000.0,exp,101,5,8,space,11.702082167030312,None,200 ,1,[4.207645416958258],[4.207650374970399],8,5,101,7,656.3215958750807,,656.3136167080374,656.3215958750807,657.3127001660177,657.3127001660177,657.3127001660177,669.0244969160995,space,11.702082167030312,None,669.0260387500748,669.4284011247257,669.882411000086,669.863051916007,669.865342166042,669.882411000086,669.882411000086,669.882411000086,674.0904307500459,200 ,1,[4.207645416958258],[4.207650374970399],p1,001,2025-11-12_18h22.21.983,Intentional Binding,,2025.1.1,None,2025-11-12 18h22.36.038209 +0530,
0.7,1000.0,exp,102,6,8,space,0.3284293750766665,None,300,1,[1.8124704170040786],[1.812475417042151],8,6,102,11,674.0942105830181,,674.090607500053,674.0942105830181,675.0795227910858,675.0795227910858,675.0897570831003,675.4135999580612,space,0.3284293750766665,None,675.4147333330475,676.1229236247639,676.5765099580167,676.557097083074,676.5590836250922,676.5765099580167,676.5765099580167,676.5765099580167,678.3893987910124,300,1,[1.8124704170040786],[1.812475417042151],p1,001,2025-11-12_18h22.21.983,Intentional Binding,,2025.1.1,None,2025-11-12 18h22.36.038209 +0530,
0.7,1000.0,exp,103,7,8,space,2.5385738749755546,None,300,1,[1.979458042071201],[1.979462958057411],8,7,103,5,678.3927910830826,,678.3895720830187,678.3927910830826,679.3794192500645,679.3794192500645,679.3894598330371,681.9248038330115,space,2.5385738749755546,None,681.9268156660255,682.6287034577147,683.0833673750749,683.0631379160332,683.0658076660475,683.0833673750749,683.0833673750749,683.0833673750749,685.0632084580138,300,1,[1.979458042071201],[1.979462958057411],p1,001,2025-11-12_18h22.21.983,Intentional Binding,,2025.1.1,None,2025-11-12 18h22.36.038209 +0530,
0.1,1000.0,exp,104,8,8,space,0.547432417050004,None,200,1,[1.6869315840303898],[1.686936334008351],8,8,104,9,685.0715275830589,,685.0633822910022,685.0715275830589,686.0627035410143,686.0627035410143,686.0627035410143,686.6134502911009,space,0.547432417050004,None,686.6148180000018,686.7147285417343,687.1689925410319,687.1495041250018,687.1515716250287,687.1689925410319,687.1689925410319,687.1689925410319,688.8562982500298,200,1,[1.6869315840303898],[1.686936334008351],p1,001,2025-11-12_18h22.21.983,Intentional Binding,,2025.1.1,None,2025-11-12 18h22.36.038209 +0530,
0.7,400.0,unexp,105,9,8,space,0.4921260830014944,None,400,1,[1.5453855000669137],[1.545390292070806],8,9,105,2,688.8597122910433,,688.8564728330821,688.8597122910433,689.8455722080544,689.8455722080544,689.8561717080884,690.3409235411091,space,0.4921260830014944,None,690.34247100004,691.0451259577569,691.5008677080041,691.4799307500944,691.4825771660544,691.5008677080041,691.5008677080041,691.5008677080041,693.0466279580723,400,1,[1.5453855000669137],[1.545390292070806],p1,001,2025-11-12_18h22.21.983,Intentional Binding,,2025.1.1,None,2025-11-12 18h22.36.038209 +0530,
0.1,1000.0,exp,106,10,8,space,0.8380384999327362,None,300,1,[2.0889931250130758],[2.0889978340128437],8,10,106,6,693.0545492500532,,693.0468110830989,693.0545492500532,694.0455860000802,694.0455860000802,694.0455860000802,694.8914274580311,space,0.8380384999327362,None,694.8933615410933,694.994014374741,695.4490733750863,695.4285725411028,695.4310201250482,695.4490733750863,695.4490733750863,695.4490733750863,697.5384445410455,300,1,[2.0889931250130758],[2.0889978340128437],p1,001,2025-11-12_18h22.21.983,Intentional Binding,,2025.1.1,None,2025-11-12 18h22.36.038209 +0530,
0.1,400.0,unexp,107,11,8,space,1.3322748340433463,None,400,1,[3.461021750001237],[3.4610263749491423],8,11,107,0,697.5417508330429,,697.5386187500553,697.5417508330429,698.5280420000199,698.5280420000199,698.539681541035,699.8632895830087,space,1.3322748340433463,None,699.8644592080964,699.9726897077092,700.4268973750295,700.4072917500744,700.4092943330761,700.4268973750295,700.4268973750295,700.4268973750295,703.8882837500423,400,1,[3.461021750001237],[3.4610263749491423],p1,001,2025-11-12_18h22.21.983,Intentional Binding,,2025.1.1,None,2025-11-12 18h22.36.038209 +0530,
0.7,1000.0,exp,108,0,9,space,0.01818154100328684,None,500,1,[4.514249874977395],[4.514254790963605],9,0,108,8,703.8915366251022,,703.8884592080722,703.8915366251022,704.879026333103,704.879026333103,704.8892949580913,704.9078590830322,space,0.01818154100328684,None,704.9095575410174,705.6113186247569,706.0653658750234,706.046078250045,706.04830129107,706.0653658750234,706.0653658750234,706.0653658750234,710.5799794580089,500,1,[4.514249874977395],[4.514254790963605],p1,001,2025-11-12_18h22.21.983,Intentional Binding,,2025.1.1,None,2025-11-12 18h22.36.038209 +0530,
0.7,1000.0,exp,109,1,9,space,1.8860914580291137,None,300,1,[3.4715578340692446],[3.4715632090810686],9,1,109,5,710.5882140410831,,710.5801588330651,710.5882140410831,711.5790087910136,711.5790087910136,711.5790087910136,713.4740430000238,space,1.8860914580291137,None,713.4749620410148,714.1787612076771,714.6339907080401,714.6137115410529,714.6156410831027,714.6339907080401,714.6339907080401,714.6339907080401,718.105951000005,300,1,[3.4715578340692446],[3.4715632090810686],p1,001,2025-11-12_18h22.21.983,Intentional Binding,,2025.1.1,None,2025-11-12 18h22.36.038209 +0530,
0.4,1000.0,exp,110,2,9,space,1.758701957995072,None,300,1,[2.4468565828865394],[2.4468616669764742],9,2,110,4,718.1098118750378,,718.1061885410454,718.1098118750378,719.1060745000141,719.1060745000141,719.1109962080372,720.8736299161101,space,1.758701957995072,None,720.8751906660618,721.2770039997451,721.732229083078,721.7118417500751,721.714333208045,721.732229083078,721.732229083078,721.732229083078,724.1794710000977,300,1,[2.4468565828865394],[2.4468616669764742],p1,001,2025-11-12_18h22.21.983,Intentional Binding,,2025.1.1,None,2025-11-12 18h22.36.038209 +0530,
0.7,1000.0,exp,111,3,9,space,1.547076707938686,None,700,1,[1.7935706250136718],[1.7935757910599932],9,3,111,11,724.18782512506,,724.1796949580312,724.18782512506,725.1786555410363,725.1786555410363,725.1786555410363,726.7309079160914,space,1.547076707938686,None,726.7325648750411,727.4393677496739,727.8955586660886,727.8745338750305,727.8773313330021,727.8955586660886,727.8955586660886,727.8955586660886,729.6895728330128,700,1,[1.7935706250136718],[1.7935757910599932],p1,001,2025-11-12_18h22.21.983,Intentional Binding,,2025.1.1,None,2025-11-12 18h22.36.038209 +0530,
0.4,1000.0,exp,112,4,9,space,5.1043973750201985,None,200,1,[2.3051768329460174],[2.3051815410144627],9,4,112,7,729.6931249580812,,729.6897603330435,729.6931249580812,730.6788901250111,730.6788901250111,730.6889036661014,735.7902545001125,space,5.1043973750201985,None,735.7919795000926,736.194562916706,736.6492565000663,736.629449708038,736.6315676250961,736.6492565000663,736.6492565000663,736.6492565000663,738.9547967910767,200,1,[2.3051768329460174],[2.3051815410144627],p1,001,2025-11-12_18h22.21.983,Intentional Binding,,2025.1.1,None,2025-11-12 18h22.36.038209 +0530,
0.1,1000.0,exp,113,5,9,space,1.1313540419796482,None,100,1,[1.8278663750970736],[1.8278721671085805],9,5,113,9,738.9580170410918,,738.9549730410799,738.9580170410918,739.9453829580452,739.9453829580452,739.9556543750223,741.0798317911103,space,1.1313540419796482,None,741.0816497500055,741.1805459167265,741.6344237910816,741.615163166076,741.6172759580659,741.6344237910816,741.6344237910816,741.6344237910816,743.4626712910831,100,1,[1.8278663750970736],[1.8278721671085805],p1,001,2025-11-12_18h22.21.983,Intentional Binding,,2025.1.1,None,2025-11-12 18h22.36.038209 +0530,
0.4,400.0,unexp,114,6,9,space,1.2688334590056911,None,200,1,[2.8223542500054464],[2.822359374957159],9,6,114,1,743.4712398330448,,743.4628418750362,743.4712398330448,744.4618984580738,744.4618984580738,744.4618984580738,745.7409911660943,space,1.2688334590056911,None,745.74350112502,746.1444420826776,746.5993345410097,746.5793746249983,746.5818345830776,746.5993345410097,746.5993345410097,746.5993345410097,749.4221129160142,200,1,[2.8223542500054464],[2.822359374957159],p1,001,2025-11-12_18h22.21.983,Intentional Binding,,2025.1.1,None,2025-11-12 18h22.36.038209 +0530,
0.4,1000.0,exp,115,7,9,space,2.0140131670050323,None,300,1,[5.112150041968562],[5.112154999980703],9,7,115,10,749.4254402080551,,749.4222910410026,749.4254402080551,750.4124722080305,750.4124722080305,750.4224375000922,752.4294137080433,space,2.0140131670050323,None,752.4307882910362,752.8390059577689,753.2930393751012,753.2735950000351,753.2757587080123,753.2930393751012,753.2930393751012,753.2930393751012,758.4055473330664,300,1,[5.112150041968562],[5.112154999980703],p1,001,2025-11-12_18h22.21.983,Intentional Binding,,2025.1.1,None,2025-11-12 18h22.36.038209 +0530,
0.1,1000.0,exp,116,8,9,space,2.4560037080664188,None,100,1,[1.7138541659805924],[1.7138586660148576],9,8,116,6,758.409049833077,,758.4057340410072,758.409049833077,759.3951894580387,759.3951894580387,759.4054442500928,761.8566076660063,space,2.4560037080664188,None,761.8584842910059,761.9608944167305,762.4157074580435,762.3956090410938,762.3974043750204,762.4157074580435,762.4157074580435,762.4157074580435,764.1299730000319,100,1,[1.7138541659805924],[1.7138586660148576],p1,001,2025-11-12_18h22.21.983,Intentional Binding,,2025.1.1,None,2025-11-12 18h22.36.038209 +0530,
0.1,1000.0,exp,117,9,9,space,1.2088898330694064,None,200,1,[2.013477792032063],[2.013482499984093],9,9,117,3,764.1382650410524,,764.130150583107,764.1382650410524,765.1392456250032,765.1392456250032,765.1392456250032,766.3570194580825,space,1.2088898330694064,None,766.3588768331101,766.4600444996652,766.9152513750596,766.8947100830264,766.8970039160922,766.9152513750596,766.9152513750596,766.9152513750596,768.929101958056,200,1,[2.013477792032063],[2.013482499984093],p1,001,2025-11-12_18h22.21.983,Intentional Binding,,2025.1.1,None,2025-11-12 18h22.36.038209 +0530,
0.1,400.0,unexp,118,10,9,space,0.5690020830370486,None,300,1,[1.398593166959472],[1.3985979999415576],9,10,118,0,768.9375777910464,,768.929327125079,768.9375777910464,769.9279025830328,769.9279025830328,769.9279025830328,770.5074967910768,space,0.5690020830370486,None,770.5096432500286,770.6082920417577,771.0632648750907,771.0430225410964,771.0452224580804,771.0632648750907,771.0632648750907,771.0632648750907,772.4622058750829,300,1,[1.398593166959472],[1.3985979999415576],p1,001,2025-11-12_18h22.21.983,Intentional Binding,,2025.1.1,None,2025-11-12 18h22.36.038209 +0530,
0.7,400.0,unexp,119,11,9,space,0.9866378749720752,None,600,1,[1.9039147919975221],[1.9039193339413032],9,11,119,2,772.4706957080634,,772.4623768330785,772.4706957080634,773.4612830000697,773.4612830000697,773.4612830000697,774.4565629160497,space,0.9866378749720752,None,774.4577837079996,775.1608480826874,775.6168115000473,775.5959092080593,775.5985665830085,775.6168115000473,775.6168115000473,775.6168115000473,777.5211086660856,600,1,[1.9039147919975221],[1.9039193339413032],p1,001,2025-11-12_18h22.21.983,Intentional Binding,,2025.1.1,None,2025-11-12 18h22.36.038209 +0530,
0.4,1000.0,exp,120,0,10,space,0.2868554999586195,None,400,1,[2.6726920410292223],[2.672696916037239],10,0,120,7,777.5244006660068,,777.5212905410444,777.5244006660068,778.5119412080385,778.5119412080385,778.5220071660588,778.8072632080875,space,0.2868554999586195,None,778.8087570000207,779.2094013747449,779.6653950411128,779.6444106660783,779.6468172500608,779.6653950411128,779.6653950411128,779.6653950411128,782.3385378750972,400,1,[2.6726920410292223],[2.672696916037239],p1,001,2025-11-12_18h22.21.983,Intentional Binding,,2025.1.1,None,2025-11-12 18h22.36.038209 +0530,
0.7,1000.0,exp,121,1,10,space,0.6857782910810784,None,800,1,[1.4551194589585066],[1.4551249590003863],10,1,121,5,782.342219458078,,782.3387135000667,782.342219458078,783.3277444581036,783.3277444581036,783.3387228751089,784.0240380830364,space,0.6857782910810784,None,784.0255540000508,784.7278575826824,785.1831545830937,785.1627700410318,785.1656786660897,785.1831545830937,785.1831545830937,785.1831545830937,786.6386543750996,800,1,[1.4551194589585066],[1.4551249590003863],p1,001,2025-11-12_18h22.21.983,Intentional Binding,,2025.1.1,None,2025-11-12 18h22.36.038209 +0530,
0.1,1000.0,exp,122,2,10,space,0.9120205000508577,None,300,1,[3.0275029169861227],[3.027507249964401],10,2,122,6,786.6419843750773,,786.6388336661039,786.6419843750773,787.628550458001,787.628550458001,787.6385572080035,788.5451583330287,space,0.9120205000508577,None,788.54661429103,788.6555283327509,789.1097883750917,789.0899675410474,789.0921707500238,789.1097883750917,789.1097883750917,789.1097883750917,792.1376700410619,300,1,[3.0275029169861227],[3.027507249964401],p1,001,2025-11-12_18h22.21.983,Intentional Binding,,2025.1.1,None,2025-11-12 18h22.36.038209 +0530,
0.4,1000.0,exp,123,3,10,space,0.5178285839501768,None,400,1,[2.3147130419965833],[2.3147188749862835],10,3,123,4,792.1409178330796,,792.1378525830805,792.1409178330796,793.1285656250548,793.1285656250548,793.1385329160839,793.6569799160352,space,0.5178285839501768,None,793.6589059160324,794.0597725416922,794.5146813330939,794.4947021660628,794.4969273750903,794.5146813330939,794.5146813330939,794.5146813330939,796.829786208109,400,1,[2.3147130419965833],[2.3147188749862835],p1,001,2025-11-12_18h22.21.983,Intentional Binding,,2025.1.1,None,2025-11-12 18h22.36.038209 +0530,
0.1,1000.0,exp,124,4,10,space,1.62532495893538,None,300,1,[1.8198223329382017],[1.8198272499721497],10,4,124,9,796.837201041053,,796.8299897910329,796.837201041053,797.8280140830902,797.8280140830902,797.8280140830902,799.4570339580532,space,1.62532495893538,None,799.4588552500354,799.5635845827094,800.0186056660023,799.9983611250063,800.0009315410862,800.0186056660023,800.0186056660023,800.0186056660023,801.8387976250378,300,1,[1.8198223329382017],[1.8198272499721497],p1,001,2025-11-12_18h22.21.983,Intentional Binding,,2025.1.1,None,2025-11-12 18h22.36.038209 +0530,
0.7,1000.0,exp,125,5,10,space,0.7416266249492764,None,900,1,[1.6558665831107646],[1.6558711250545457],10,5,125,11,801.8423304160824,,801.8389855410205,801.8423304160824,802.8288892500568,802.8288892500568,802.8385686250404,803.5745900000911,space,0.7416266249492764,None,803.5764527081046,804.2771952077203,804.7319125001086,804.711892958032,804.7134692500113,804.7319125001086,804.7319125001086,804.7319125001086,806.3881479999982,900,1,[1.6558665831107646],[1.6558711250545457],p1,001,2025-11-12_18h22.21.983,Intentional Binding,,2025.1.1,None,2025-11-12 18h22.36.038209 +0530,
0.1,1000.0,exp,126,6,10,space,3.0675380000611767,None,300,1,[2.5487848329357803],[2.5487890410004184],10,6,126,3,806.3914811250288,,806.3883328330703,806.3914811250288,807.3782720410964,807.3782720410964,807.388387208106,810.4570775000611,space,3.0675380000611767,None,810.4594979580725,810.5596244166993,811.0133832501015,810.9945212081075,810.9966963750776,811.0133832501015,811.0133832501015,811.0133832501015,813.5625269580632,300,1,[2.5487848329357803],[2.5487890410004184],p1,001,2025-11-12_18h22.21.983,Intentional Binding,,2025.1.1,None,2025-11-12 18h22.36.038209 +0530,
0.4,400.0,unexp,127,7,10,space,1.394621083047241,None,400,1,[2.946750500006601],[2.946755083044991],10,7,127,1,813.5702767500188,,813.5626987500582,813.5702767500188,814.5613315410446,814.5613315410446,814.5613315410446,815.9623837081017,space,1.394621083047241,None,815.9636963750236,816.3716106247778,816.8249295410933,816.8057901660213,816.8075667080702,816.8249295410933,816.8249295410933,816.8249295410933,819.7721045410726,400,1,[2.946750500006601],[2.946755083044991],p1,001,2025-11-12_18h22.21.983,Intentional Binding,,2025.1.1,None,2025-11-12 18h22.36.038209 +0530,
0.7,1000.0,exp,128,8,10,space,134.79055099992547,None,600,1,[4.654664292000234],[4.654668750008568],10,8,128,8,819.7754859580891,,819.7722767910454,819.7754859580891,820.7615017910721,820.7615017910721,820.7715547910193,955.5572785830591,space,134.79055099992547,None,955.5603007080499,956.2592236247767,956.7144164580386,956.693260833039,956.6957980830921,956.7144164580386,956.7144164580386,956.7144164580386,961.3694411250763,600,1,[4.654664292000234],[4.654668750008568],p1,001,2025-11-12_18h22.21.983,Intentional Binding,,2025.1.1,None,2025-11-12 18h22.36.038209 +0530,
0.4,1000.0,exp,129,9,10,space,1.918110250029713,None,500,1,[4.556584332953207],[4.556589416926727],10,9,129,10,961.3728273750748,,961.3697344160173,961.3728273750748,962.3604399580508,962.3604399580508,962.3704667080892,964.2888369580032,space,1.918110250029713,None,964.2907229160191,964.6920034577527,965.1471145410324,965.1269178331131,965.1293278330704,965.1471145410324,965.1471145410324,965.1471145410324,969.7041002500337,500,1,[4.556584332953207],[4.556589416926727],p1,001,2025-11-12_18h22.21.983,Intentional Binding,,2025.1.1,None,2025-11-12 18h22.36.038209 +0530,
0.1,400.0,unexp,130,10,10,space,0.8567321669543162,None,300,1,[3.515853291959502],[3.5158578329719603],10,10,130,0,969.7074720410164,,969.7042878330685,969.7074720410164,970.6935727080563,970.6935727080563,970.7035607910948,971.5554040831048,space,0.8567321669543162,None,971.5573629160644,971.6590257076934,972.1117850410519,972.0928798750974,972.0950646660058,972.1117850410519,972.1117850410519,972.1117850410519,975.6279924580595,300,1,[3.515853291959502],[3.5158578329719603],p1,001,2025-11-12_18h22.21.983,Intentional Binding,,2025.1.1,None,2025-11-12 18h22.36.038209 +0530,
0.7,400.0,unexp,131,11,10,space,0.4852847079746425,None,400,1,[3.596715833991766],[3.5967203750042245],10,11,131,2,975.6355250830529,,975.628163458081,975.6355250830529,976.6260175830685,976.6260175830685,976.6260175830685,977.1220449160319,space,0.4852847079746425,None,977.124030750012,977.8244142496881,978.2807150410954,978.2592870830558,978.2619969160296,978.2807150410954,978.2807150410954,978.2807150410954,981.87782075,400,1,[3.596715833991766],[3.5967203750042245],p1,001,2025-11-12_18h22.21.983,Intentional Binding,,2025.1.1,None,2025-11-12 18h22.36.038209 +0530,
0.1,1000.0,exp,132,0,11,space,0.7777657500701025,None,200,1,[1.6519088330678642],[1.6519130830420181],11,0,132,3,981.885541333002,,981.8779937500367,981.885541333002,982.8764680000022,982.8764680000022,982.8764680000022,983.6608159160241,space,0.7777657500701025,None,983.6622204580344,983.7702922496867,984.225255041034,984.2052372080507,984.2074015410617,984.225255041034,984.225255041034,984.225255041034,985.877537583001,200,1,[1.6519088330678642],[1.6519130830420181],p1,001,2025-11-12_18h22.21.983,Intentional Binding,,2025.1.1,None,2025-11-12 18h22.36.038209 +0530,
0.7,400.0,unexp,133,1,11,space,0.6646002909401432,None,300,1,[1.9273496660171077],[1.9273546249605715],11,1,133,2,985.8857925001066,,985.8777076250408,985.8857925001066,986.8764002911048,986.8764002911048,986.8764002911048,987.5442679580301,space,0.6646002909401432,None,987.5456048330525,988.2536045417112,988.7081445000367,988.6883496250957,988.6915068750968,988.7081445000367,988.7081445000367,988.7081445000367,990.6358432910638,300,1,[1.9273496660171077],[1.9273546249605715],p1,001,2025-11-12_18h22.21.983,Intentional Binding,,2025.1.1,None,2025-11-12 18h22.36.038209 +0530,
0.1,1000.0,exp,134,2,11,space,0.71721858298406,None,200,1,[1.6475999579997733],[1.64760462497361],11,2,134,9,990.6392398750177,,990.6360215001041,990.6392398750177,991.6266225830186,991.6266225830186,991.6366394161014,992.3545763751026,space,0.71721858298406,None,992.3557760830736,992.4590005417742,992.9126400410896,992.8934640000807,992.8956130830338,992.9126400410896,992.9126400410896,992.9126400410896,994.5605958329979,200,1,[1.6475999579997733],[1.64760462497361],p1,001,2025-11-12_18h22.21.983,Intentional Binding,,2025.1.1,None,2025-11-12 18h22.36.038209 +0530,
0.7,1000.0,exp,135,3,11,space,0.5230597499758005,None,700,1,[1.5644471250707284],[1.5644523750524968],11,3,135,8,994.5685552910436,,994.5607748330804,994.5685552910436,995.5587860000087,995.5587860000087,995.5587860000087,996.0887315830914,space,0.5230597499758005,None,996.0905603750143,996.7923172497578,997.2455944580724,997.2262540000957,997.2284659580328,997.2455944580724,997.2455944580724,997.2455944580724,998.8104040410835,700,1,[1.5644471250707284],[1.5644523750524968],p1,001,2025-11-12_18h22.21.983,Intentional Binding,,2025.1.1,None,2025-11-12 18h22.36.038209 +0530,
0.7,1000.0,exp,136,4,11,space,0.7576031669741496,None,700,1,[1.639896749984473],[1.6399011249886826],11,4,136,5,998.818973791087,,998.8105755411088,998.818973791087,999.8081361660734,999.8081361660734,999.8081361660734,1000.5716588330688,space,0.7576031669741496,None,1000.5731973750517,1001.2756561247554,1001.7288258750923,1001.7095678750193,1001.7117464160547,1001.7288258750923,1001.7288258750923,1001.7288258750923,1003.3690717080608,700,1,[1.639896749984473],[1.6399011249886826],p1,001,2025-11-12_18h22.21.983,Intentional Binding,,2025.1.1,None,2025-11-12 18h22.36.038209 +0530,
0.1,400.0,unexp,137,5,11,space,0.3387382500804961,None,200,1,[2.935171749908477],[2.9351762919686735],11,5,137,0,1003.3723802500172,,1003.3692452911055,1003.3723802500172,1004.3590334160253,1004.3590334160253,1004.3701720830286,1004.7047620830126,space,0.3387382500804961,None,1004.7067547501065,1004.8195032077531,1005.2754872080404,1005.2546377080726,1005.2572512500919,1005.2754872080404,1005.2754872080404,1005.2754872080404,1008.2110194580164,200,1,[2.935171749908477],[2.9351762919686735],p1,001,2025-11-12_18h22.21.983,Intentional Binding,,2025.1.1,None,2025-11-12 18h22.36.038209 +0530,
0.7,1000.0,exp,138,6,11,space,0.6457493749912828,None,800,1,[1.395365291973576],[1.3953741249861196],11,6,138,11,1008.2194823330501,,1008.2111986660166,1008.2194823330501,1009.2086435001111,1009.2086435001111,1009.2086435001111,1009.8606210830621,space,0.6457493749912828,None,1009.8621932080714,1010.5699904167016,1011.0240427081008,1011.0046305001015,1011.0068926250096,1011.0240427081008,1011.0240427081008,1011.0240427081008,1012.4197859580163,800,1,[1.395365291973576],[1.3953741249861196],p1,001,2025-11-12_18h22.21.983,Intentional Binding,,2025.1.1,None,2025-11-12 18h22.36.038209 +0530,
0.4,400.0,unexp,139,7,11,space,1.0453881249995902,None,300,1,[2.1619368330575526],[2.1619417500915006],11,7,139,1,1012.4229896661127,,1012.419961333042,1012.4229896661127,1013.4100397500442,1013.4100397500442,1013.4200572500704,1014.4598631251138,space,1.0453881249995902,None,1014.4612017080653,1014.8699000416711,1015.3244405000005,1015.3045871250797,1015.3068410000997,1015.3244405000005,1015.3244405000005,1015.3244405000005,1017.4867490410106,300,1,[2.1619368330575526],[2.1619417500915006],p1,001,2025-11-12_18h22.21.983,Intentional Binding,,2025.1.1,None,2025-11-12 18h22.36.038209 +0530,
0.1,1000.0,exp,140,8,11,space,1.098680958035402,None,200,1,[1.9207981249783188],[1.9208029169822112],11,8,140,6,1017.4902845410397,,1017.4869299581042,1017.4902845410397,1018.4748683330836,1018.4748683330836,1018.4865654160967,1019.5775169160916,space,1.098680958035402,None,1019.579053833033,1019.6865108326931,1020.1389561250107,1020.1204375410452,1020.1224369161064,1020.1389561250107,1020.1389561250107,1020.1389561250107,1022.0601462500636,200,1,[1.9207981249783188],[1.9208029169822112],p1,001,2025-11-12_18h22.21.983,Intentional Binding,,2025.1.1,None,2025-11-12 18h22.36.038209 +0530,
0.4,1000.0,exp,141,9,11,space,0.3119018749566749,None,400,1,[1.0803629589499906],[1.0803675840143114],11,9,141,7,1022.0683790410403,,1022.0603181250626,1022.0683790410403,1023.0532194160623,1023.0532194160623,1023.0595391250681,1023.3715267500374,space,0.3119018749566749,None,1023.3735729580512,1023.7752045826676,1024.2297787080752,1024.2099372911034,1024.211987375049,1024.2297787080752,1024.2297787080752,1024.2297787080752,1025.3105073750485,400,1,[1.0803629589499906],[1.0803675840143114],p1,001,2025-11-12_18h22.21.983,Intentional Binding,,2025.1.1,None,2025-11-12 18h22.36.038209 +0530,
0.4,1000.0,exp,142,10,11,space,0.5949192080879584,None,400,1,[1.2188551659928635],[1.2188610000303015],11,10,142,4,1025.3186016660184,,1025.310676000081,1025.3186016660184,1026.3091851660283,1026.3091851660283,1026.3091851660283,1026.9102336660726,space,0.5949192080879584,None,1026.9114249160048,1027.3202009577692,1027.774652541033,1027.7547372080153,1027.7570121660829,1027.774652541033,1027.774652541033,1027.774652541033,1028.993945333059,400,1,[1.2188551659928635],[1.2188610000303015],p1,001,2025-11-12_18h22.21.983,Intentional Binding,,2025.1.1,None,2025-11-12 18h22.36.038209 +0530,
0.4,1000.0,exp,143,11,11,space,1.0117748329648748,None,200,1,[4.678860499989241],[4.678865250083618],11,11,143,10,1029.002368916059,,1028.9941280831117,1029.002368916059,1029.9921790830558,1029.9921790830558,1029.9921790830558,1031.0107882081065,space,1.0117748329648748,None,1031.0122612080304,1031.4199816666699,1031.8740118750138,1031.854342833045,1031.8564495000755,1031.8740118750138,1031.8740118750138,1031.8740118750138,1036.5533217909979,200,1,[4.678860499989241],[4.678865250083618],p1,001,2025-11-12_18h22.21.983,Intentional Binding,,2025.1.1,None,2025-11-12 18h22.36.038209 +0530,
0.1,1000.0,exp,144,0,12,space,1.3848038329742849,None,300,1,[1.8559815830085427],[1.8559860830428079],12,0,144,9,1036.5568037910853,,1036.553508458077,1036.5568037910853,1037.5429644160904,1037.5429644160904,1037.5532361660153,1038.9382526250556,space,1.3848038329742849,None,1038.9400792079978,1039.041890041732,1039.4957625410752,1039.4765703750309,1039.478669583099,1039.4957625410752,1039.4957625410752,1039.4957625410752,1041.3520863330923,300,1,[1.8559815830085427],[1.8559860830428079],p1,001,2025-11-12_18h22.21.983,Intentional Binding,,2025.1.1,None,2025-11-12 18h22.36.038209 +0530,
0.7,1000.0,exp,145,1,12,space,2.834337666979991,None,400,1,[2.1809990840265527],[2.181004000012763],12,1,145,8,1041.355359875015,,1041.3522685000207,1041.355359875015,1042.3421503750142,1042.3421503750142,1042.3530446250224,1045.1882603330305,space,2.834337666979991,None,1045.1897856660653,1045.8917772496973,1046.3454129160382,1046.3257966251113,1046.3280012080213,1046.3454129160382,1046.3454129160382,1046.3454129160382,1048.5267797081033,400,1,[2.1809990840265527],[2.181004000012763],p1,001,2025-11-12_18h22.21.983,Intentional Binding,,2025.1.1,None,2025-11-12 18h22.36.038209 +0530,
0.4,400.0,unexp,146,2,12,space,2.8777854170184582,None,300,1,[1.9901379171060398],[1.9901425420539454],12,2,146,1,1048.5349709161092,,1048.5269540000008,1048.5349709161092,1049.5196937080473,1049.5196937080473,1049.5258775410475,1052.403864541091,space,2.8777854170184582,None,1052.4051082080696,1052.807458916741,1053.2622168330709,1053.2423837910173,1053.244680041098,1053.2622168330709,1053.2622168330709,1053.2622168330709,1055.2527431250783,300,1,[1.9901379171060398],[1.9901425420539454],p1,001,2025-11-12_18h22.21.983,Intentional Binding,,2025.1.1,None,2025-11-12 18h22.36.038209 +0530,
0.4,1000.0,exp,147,3,12,space,0.8027725419960916,None,300,1,[3.448066374985501],[3.4480713340453804],12,3,147,4,1055.255947166006,,1055.252915916033,1055.255947166006,1056.2425924160052,1056.2425924160052,1056.253055625013,1057.0541931660846,space,0.8027725419960916,None,1057.0557702080114,1057.4582013746879,1057.911640708102,1057.893141125096,1057.8951457500225,1057.911640708102,1057.911640708102,1057.911640708102,1061.360069291084,300,1,[3.448066374985501],[3.4480713340453804],p1,001,2025-11-12_18h22.21.983,Intentional Binding,,2025.1.1,None,2025-11-12 18h22.36.038209 +0530,
0.7,1000.0,exp,148,4,12,space,0.6430288749979809,None,200,1,[3.3637826250633225],[3.3637871249811724],12,4,148,11,1061.368542916025,,1061.3602473750943,1061.368542916025,1062.3590920410352,1062.3590920410352,1062.3590920410352,1063.004791625077,space,0.6430288749979809,None,1063.006681833067,1063.7082649997358,1064.1623603330227,1064.142959416029,1064.1451025831047,1064.1623603330227,1064.1623603330227,1064.1623603330227,1067.5265296250582,200,1,[3.3637826250633225],[3.3637871249811724],p1,001,2025-11-12_18h22.21.983,Intentional Binding,,2025.1.1,None,2025-11-12 18h22.36.038209 +0530,
0.7,1000.0,exp,149,5,12,space,1.7514980419073254,None,700,1,[1.5106300000334159],[1.5106348330155015],12,5,149,5,1067.5347960831132,,1067.5267065410735,1067.5347960831132,1068.5194307500497,1068.5194307500497,1068.5249087910634,1070.2773110000417,space,1.7514980419073254,None,1070.2783752080286,1070.9862787917411,1071.4421105410438,1071.4211987080052,1071.4239265000215,1071.4421105410438,1071.4421105410438,1071.4421105410438,1072.9531253330642,700,1,[1.5106300000334159],[1.5106348330155015],p1,001,2025-11-12_18h22.21.983,Intentional Binding,,2025.1.1,None,2025-11-12 18h22.36.038209 +0530,
0.1,1000.0,exp,150,6,12,space,10.778740667039528,None,200,1,[2.4170583329396322],[2.4170632919995114],12,6,150,3,1072.9567088331096,,1072.9532996250782,1072.9567088331096,1073.9416445411043,1073.9416445411043,1073.95287895808,1084.7270072080428,space,10.778740667039528,None,1084.7281748329988,1084.8361852496785,1085.2925668751122,1085.2709963750094,1085.273708624998,1085.2925668751122,1085.2925668751122,1085.2925668751122,1087.7100199999986,200,1,[2.4170583329396322],[2.4170632919995114],p1,001,2025-11-12_18h22.21.983,Intentional Binding,,2025.1.1,None,2025-11-12 18h22.36.038209 +0530,
0.1,400.0,unexp,151,7,12,space,1.3264197909738868,None,200,1,[3.688196500064805],[3.6882012500427663],12,7,151,0,1087.7178388331085,,1087.710199125111,1087.7178388331085,1088.7085894580232,1088.7085894580232,1088.7085894580232,1090.0378671250073,space,1.3264197909738868,None,1090.0395844581071,1090.1419762076732,1090.5963961250382,1090.5763610830763,1090.5786851660814,1090.5963961250382,1090.5963961250382,1090.5963961250382,1094.2849679160863,200,1,[3.688196500064805],[3.6882012500427663],p1,001,2025-11-12_18h22.21.983,Intentional Binding,,2025.1.1,None,2025-11-12 18h22.36.038209 +0530,
0.4,1000.0,exp,152,8,12,space,1.205049333977513,None,300,1,[2.990101832896471],[2.9901066669262946],12,8,152,10,1094.2882647500373,,1094.2851425410481,1094.2882647500373,1095.275910541066,1095.275910541066,1095.2858633750584,1096.4876991250785,space,1.205049333977513,None,1096.4897490410367,1096.8912949576663,1097.3456559580518,1097.3261280000443,1097.328296874999,1097.3456559580518,1097.3456559580518,1097.3456559580518,1100.3361984160729,300,1,[2.990101832896471],[2.9901066669262946],p1,001,2025-11-12_18h22.21.983,Intentional Binding,,2025.1.1,None,2025-11-12 18h22.36.038209 +0530,
0.1,1000.0,exp,153,9,12,space,1.867001457954757,None,200,1,[2.1233403749065474],[2.123345249914564],12,9,153,6,1100.3396594580263,,1100.3363712080754,1100.3396594580263,1101.3256475001108,1101.3256475001108,1101.3356604580767,1103.2044597910717,space,1.867001457954757,None,1103.2062806660542,1103.307956166744,1103.7620135410689,1103.7426374580245,1103.744895333075,1103.7620135410689,1103.7620135410689,1103.7620135410689,1105.885783500038,200,1,[2.1233403749065474],[2.123345249914564],p1,001,2025-11-12_18h22.21.983,Intentional Binding,,2025.1.1,None,2025-11-12 18h22.36.038209 +0530,
0.4,1000.0,exp,154,10,12,space,5.126335249980912,None,200,1,[2.063741874997504],[2.063746790983714],12,10,154,7,1105.8894495000131,,1105.8859756661113,1105.8894495000131,1106.8752768330742,1106.8752768330742,1106.8858498330228,1112.0037168330746,space,5.126335249980912,None,1112.005388291087,1112.408321416766,1112.861357958056,1112.8424399580108,1112.8445448750863,1112.861357958056,1112.861357958056,1112.861357958056,1114.9254899580264,200,1,[2.063741874997504],[2.063746790983714],p1,001,2025-11-12_18h22.21.983,Intentional Binding,,2025.1.1,None,2025-11-12 18h22.36.038209 +0530,
0.7,400.0,unexp,155,11,12,space,0.5667789169820026,None,700,1,[7.569844249985181],[7.569848250015639],12,11,155,2,1114.934336416074,,1114.9256709160982,1114.934336416074,1115.919115916011,1115.919115916011,1115.9251259160228,1116.4928680000594,space,0.5667789169820026,None,1116.4941961660516,1117.202426874723,1117.6558498750674,1117.636377583025,1117.638546125032,1117.6558498750674,1117.6558498750674,1117.6558498750674,1125.2260537910042,700,1,[7.569844249985181],[7.569848250015639],p1,001,2025-11-12_18h22.21.983,Intentional Binding,,2025.1.1,None,2025-11-12 18h22.36.038209 +0530,
0.1,1000.0,exp,156,0,13,space,1.0817561669973657,None,300,1,[1.623470333055593],[1.6234750000294298],13,0,156,9,1125.2344414580148,,1125.226226375089,1125.2344414580148,1126.21917200007,1126.21917200007,1126.22457691608,1127.3042292910395,space,1.0817561669973657,None,1127.3059248330537,1127.4064064577144,1127.8619985410478,1127.8414325000485,1127.8441330411006,1127.8619985410478,1127.8619985410478,1127.8619985410478,1129.485841958085,300,1,[1.623470333055593],[1.6234750000294298],p1,001,2025-11-12_18h22.21.983,Intentional Binding,,2025.1.1,None,2025-11-12 18h22.36.038209 +0530,
0.4,1000.0,exp,157,1,13,space,0.6897813329705968,None,300,1,[2.3980454999255016],[2.3980503749335185],13,1,157,4,1129.489230291103,,1129.486021583085,1129.489230291103,1130.4750606250018,1130.4750606250018,1130.4857610830804,1131.170909666107,space,0.6897813329705968,None,1131.173019958078,1131.5733896666827,1132.0281305829994,1132.0083289580652,1132.0105565000558,1132.0281305829994,1132.0281305829994,1132.0281305829994,1134.4265751250787,300,1,[2.3980454999255016],[2.3980503749335185],p1,001,2025-11-12_18h22.21.983,Intentional Binding,,2025.1.1,None,2025-11-12 18h22.36.038209 +0530,
0.7,1000.0,exp,158,2,13,space,8.189933666959405,None,500,1,[5.278520375024527],[5.2785251250024885],13,2,158,11,1134.434779791045,,1134.4267477079993,1134.434779791045,1135.4233922500862,1135.4233922500862,1135.4233922500862,1143.6202965410193,space,8.189933666959405,None,1143.621959083015,1144.3243487077455,1144.7805471250322,1144.7592128330143,1144.7619412910426,1144.7805471250322,1144.7805471250322,1144.7805471250322,1150.059445291059,500,1,[5.278520375024527],[5.2785251250024885],p1,001,2025-11-12_18h22.21.983,Intentional Binding,,2025.1.1,None,2025-11-12 18h22.36.038209 +0530,
0.1,1000.0,exp,159,3,13,space,1.731307459063828,None,300,1,[2.052504208055325],[2.0525093330070376],13,3,159,6,1150.067416750011,,1150.0596217500279,1150.067416750011,1151.0574872500729,1151.0574872500729,1151.0574872500729,1152.793072875007,space,1.731307459063828,None,1152.7943834580947,1152.9020877497426,1153.3565995410318,1153.3368763750186,1153.339047583053,1153.3565995410318,1153.3565995410318,1153.3565995410318,1155.409466791083,300,1,[2.052504208055325],[2.0525093330070376],p1,001,2025-11-12_18h22.21.983,Intentional Binding,,2025.1.1,None,2025-11-12 18h22.36.038209 +0530,
0.1,400.0,unexp,160,4,13,space,1.4740565000101924,None,300,1,[3.4304467500187457],[3.4304514590185136],13,4,160,0,1155.4177648751065,,1155.4096503331093,1155.4177648751065,1156.4075341250282,1156.4075341250282,1156.4075341250282,1157.887468708097,space,1.4740565000101924,None,1157.8893746250542,1157.9900284577782,1158.4450210410869,1158.424824125017,1158.4270256250165,1158.4450210410869,1158.4450210410869,1158.4450210410869,1161.8758855410852,300,1,[3.4304467500187457],[3.4304514590185136],p1,001,2025-11-12_18h22.21.983,Intentional Binding,,2025.1.1,None,2025-11-12 18h22.36.038209 +0530,
0.4,400.0,unexp,161,5,13,space,1.8086542909732088,None,300,1,[1.4897713749669492],[1.4897758750012144],13,5,161,1,1161.884611541056,,1161.8760577500798,1161.884611541056,1162.8748820000328,1162.8748820000328,1162.8748820000328,1164.687218750012,space,1.8086542909732088,None,1164.6892286250368,1165.0880972496855,1165.5441006250912,1165.5229592500255,1165.5256778750336,1165.5441006250912,1165.5441006250912,1165.5441006250912,1167.0342449580785,300,1,[1.4897713749669492],[1.4897758750012144],p1,001,2025-11-12_18h22.21.983,Intentional Binding,,2025.1.1,None,2025-11-12 18h22.36.038209 +0530,
0.7,1000.0,exp,162,6,13,space,0.8162879999727011,None,400,1,[16.74770641606301],[16.747711166040972],13,6,162,5,1167.0374801250873,,1167.0344173330814,1167.0374801250873,1168.0249739580322,1168.0249739580322,1168.0354437910719,1168.8538142080652,space,0.8162879999727011,None,1168.8556362501113,1169.5575884166794,1170.0112119161058,1169.9914897910785,1169.993696041056,1170.0112119161058,1170.0112119161058,1170.0112119161058,1186.75928729109,400,1,[16.74770641606301],[16.747711166040972],p1,001,2025-11-12_18h22.21.983,Intentional Binding,,2025.1.1,None,2025-11-12 18h22.36.038209 +0530,
0.4,1000.0,exp,163,7,13,space,1.3396683749742806,None,200,1,[2.3464028340531513],[2.3464080840349197],13,7,163,7,1186.7673188330373,,1186.759467958007,1186.7673188330373,1187.7578457910568,1187.7578457910568,1187.7578457910568,1189.103938791086,space,1.3396683749742806,None,1189.1055309160147,1189.5075062077415,1189.9623539160239,1189.9423074580263,1189.9446976250038,1189.9623539160239,1189.9623539160239,1189.9623539160239,1192.3091384160798,200,1,[2.3464028340531513],[2.3464080840349197],p1,001,2025-11-12_18h22.21.983,Intentional Binding,,2025.1.1,None,2025-11-12 18h22.36.038209 +0530,
0.7,1000.0,exp,164,8,13,space,5.778374290908687,None,200,1,[2.752139582997188],[2.7521443750010803],13,8,164,8,1192.3177694160258,,1192.309320041095,1192.3177694160258,1193.3079227081034,1193.3079227081034,1193.3079227081034,1199.0924262501067,space,5.778374290908687,None,1199.0935465410585,1199.801985457718,1200.2563041250687,1200.2363057500916,1200.2386782080866,1200.2563041250687,1200.2563041250687,1200.2563041250687,1203.008821166004,200,1,[2.752139582997188],[2.7521443750010803],p1,001,2025-11-12_18h22.21.983,Intentional Binding,,2025.1.1,None,2025-11-12 18h22.36.038209 +0530,
0.1,1000.0,exp,165,9,13,space,0.5814219169551507,None,100,1,[1.6126355830347165],[1.612640583072789],13,9,165,3,1203.0170775410952,,1203.008995583048,1203.0170775410952,1204.0078775000293,1204.0078775000293,1204.0078775000293,1204.5913074580021,space,0.5814219169551507,None,1204.5924145410536,1204.701503374676,1205.155341916019,1205.1362397910561,1205.1384487911128,1205.155341916019,1205.155341916019,1205.155341916019,1206.768399875029,100,1,[1.6126355830347165],[1.612640583072789],p1,001,2025-11-12_18h22.21.983,Intentional Binding,,2025.1.1,None,2025-11-12 18h22.36.038209 +0530,
0.7,400.0,unexp,166,10,13,space,0.35185666696634144,None,400,1,[2.247329792007804],[2.247334750019945],13,10,166,2,1206.7719254581025,,1206.7685776660219,1206.7719254581025,1207.7583457080182,1207.7583457080182,1207.7684204160469,1208.1196789580863,space,0.35185666696634144,None,1208.121152000036,1208.8238228747543,1209.2781903750729,1209.2584806660889,1209.2606932501076,1209.2781903750729,1209.2781903750729,1209.2781903750729,1211.525893000071,400,1,[2.247329792007804],[2.247334750019945],p1,001,2025-11-12_18h22.21.983,Intentional Binding,,2025.1.1,None,2025-11-12 18h22.36.038209 +0530,
0.4,1000.0,exp,167,11,13,space,0.6519566249335185,None,300,1,[1.4474214169895276],[1.447425999911502],13,11,167,10,1211.5340564580401,,1211.5260657500476,1211.5340564580401,1212.5241482910933,1212.5241482910933,1212.5241482910933,1213.1868293751031,space,0.6519566249335185,None,1213.1887233330635,1213.5893892917704,1214.044334541075,1214.0242665410042,1214.0269345830893,1214.044334541075,1214.044334541075,1214.044334541075,1215.4921232080087,300,1,[1.4474214169895276],[1.447425999911502],p1,001,2025-11-12_18h22.21.983,Intentional Binding,,2025.1.1,None,2025-11-12 18h22.36.038209 +0530,
0.1,1000.0,exp,168,0,14,space,0.3617855829652399,None,100,1,[1.5872697500744835],[1.5872740420745686],14,0,168,6,1215.5001865830272,,1215.4923100830056,1215.5001865830272,1216.4910766660469,1216.4910766660469,1216.4910766660469,1216.8588240001118,space,0.3617855829652399,None,1216.8599374160403,1216.968200249776,1217.4219250410097,1217.4029087501112,1217.4049660410965,1217.4219250410097,1217.4219250410097,1217.4219250410097,1219.0095596660394,100,1,[1.5872697500744835],[1.5872740420745686],p1,001,2025-11-12_18h22.21.983,Intentional Binding,,2025.1.1,None,2025-11-12 18h22.36.038209 +0530,
0.4,1000.0,exp,169,1,14,space,0.3320615829434246,None,100,1,[1.3367850410286337],[1.3367897080024704],14,1,169,7,1219.0175707080634,,1219.0097327500116,1219.0175707080634,1220.0079610830871,1220.0079610830871,1220.0079610830871,1220.351882708026,space,0.3320615829434246,None,1220.3533700000262,1220.7516522077533,1221.2050242500845,1221.1863744161092,1221.188467750093,1221.2050242500845,1221.2050242500845,1221.2050242500845,1222.5421625410672,100,1,[1.3367850410286337],[1.3367897080024704],p1,001,2025-11-12_18h22.21.983,Intentional Binding,,2025.1.1,None,2025-11-12 18h22.36.038209 +0530,
0.4,1000.0,exp,170,2,14,space,0.5124294169945642,None,100,1,[1.529583084047772],[1.5295888340333477],14,2,170,10,1222.550489083049,,1222.542335416074,1222.550489083049,1223.5403002080275,1223.5403002080275,1223.5403002080275,1224.058436457999,space,0.5124294169945642,None,1224.0594652500004,1224.4681850827221,1224.9219601250952,1224.9022592910333,1224.9045885000378,1224.9219601250952,1224.9219601250952,1224.9219601250952,1226.4519323330605,100,1,[1.529583084047772],[1.5295888340333477],p1,001,2025-11-12_18h22.21.983,Intentional Binding,,2025.1.1,None,2025-11-12 18h22.36.038209 +0530,
0.7,400.0,unexp,171,3,14,space,0.6753920000046492,None,700,1,[1.7635000840527937],[1.7635045839706436],14,3,171,2,1226.4557322910987,,1226.45216062502,1226.4557322910987,1227.441319791018,1227.441319791018,1227.4515248750104,1228.1202372501139,space,0.6753920000046492,None,1228.1219100831077,1228.8234420826814,1229.2778089580825,1229.2574782080483,1229.2596577500226,1229.2778089580825,1229.2778089580825,1229.2778089580825,1231.0416708330158,700,1,[1.7635000840527937],[1.7635045839706436],p1,001,2025-11-12_18h22.21.983,Intentional Binding,,2025.1.1,None,2025-11-12 18h22.36.038209 +0530,
0.1,1000.0,exp,172,4,14,space,1.5915254999417812,None,300,1,[3.1490605829749256],[3.1490652499487624],14,4,172,9,1231.050319250091,,1231.04185483302,1231.050319250091,1232.0410990410019,1232.0410990410019,1232.0410990410019,1233.6365164580056,space,1.5915254999417812,None,1233.6384634160204,1233.739233874778,1234.1926001250977,1234.1740097911097,1234.1759990830906,1234.1926001250977,1234.1926001250977,1234.1926001250977,1237.3420242080465,300,1,[3.1490605829749256],[3.1490652499487624],p1,001,2025-11-12_18h22.21.983,Intentional Binding,,2025.1.1,None,2025-11-12 18h22.36.038209 +0530,
0.4,1000.0,exp,173,5,14,space,1.888589582988061,None,300,1,[7.463633458944969],[7.463638167013414],14,5,173,4,1237.350220000022,,1237.3422053750837,1237.350220000022,1238.3409055410884,1238.3409055410884,1238.3409055410884,1240.2366517080227,space,1.888589582988061,None,1240.2385485410923,1240.6401854997423,1241.0941005831119,1241.0749810410198,1241.077137333108,1241.0941005831119,1241.0941005831119,1241.0941005831119,1248.558104958036,300,1,[7.463633458944969],[7.463638167013414],p1,001,2025-11-12_18h22.21.983,Intentional Binding,,2025.1.1,None,2025-11-12 18h22.36.038209 +0530,
0.7,1000.0,exp,174,6,14,space,2.347071042051539,None,700,1,[1.4161178750218824],[1.4161228339653462],14,6,174,8,1248.5668665000703,,1248.5582861250732,1248.5668665000703,1249.5512981660431,1249.5512981660431,1249.5573940000031,1251.9029830000363,space,2.347071042051539,None,1251.904833666049,1252.60580033268,1253.0584682500921,1253.0399935831083,1253.042094750097,1253.0584682500921,1253.0584682500921,1253.0584682500921,1254.474949708092,700,1,[1.4161178750218824],[1.4161228339653462],p1,001,2025-11-12_18h22.21.983,Intentional Binding,,2025.1.1,None,2025-11-12 18h22.36.038209 +0530,
0.4,400.0,unexp,175,7,14,space,0.7948513749288395,None,300,1,[2.0405891250120476],[2.0405947499675676],14,7,175,1,1254.4832146660192,,1254.475145500037,1254.4832146660192,1255.4723572500516,1255.4723572500516,1255.4723572500516,1256.269152166089,space,0.7948513749288395,None,1256.2706008329988,1256.6733439997226,1257.1271634580335,1257.1080445001135,1257.110066708061,1257.1271634580335,1257.1271634580335,1257.1271634580335,1259.1681758750929,300,1,[2.0405891250120476],[2.0405947499675676],p1,001,2025-11-12_18h22.21.983,Intentional Binding,,2025.1.1,None,2025-11-12 18h22.36.038209 +0530,
0.1,400.0,unexp,176,8,14,space,2.839023750042543,None,300,1,[3.196186500019394],[3.1961911669932306],14,8,176,0,1259.1717577080708,,1259.168406458106,1259.1717577080708,1260.1580723330844,1260.1580723330844,1260.1678645000793,1263.0028246250004,space,2.839023750042543,None,1263.0048645830248,1263.106207791778,1263.5615716250613,1263.5410104580224,1263.5436885410454,1263.5615716250613,1263.5615716250613,1263.5615716250613,1266.7581381250639,300,1,[3.196186500019394],[3.1961911669932306],p1,001,2025-11-12_18h22.21.983,Intentional Binding,,2025.1.1,None,2025-11-12 18h22.36.038209 +0530,
0.7,1000.0,exp,177,9,14,space,0.7574117080075666,None,700,1,[1.44027445896063],[1.4402801670366898],14,9,177,5,1266.7667545831064,,1266.758319708053,1266.7667545831064,1267.7575937081128,1267.7575937081128,1267.7575937081128,1268.5193321660627,space,0.7574117080075666,None,1268.5209575000918,1269.2222169166819,1269.6775995000498,1269.6572236251086,1269.6595040410757,1269.6775995000498,1269.6775995000498,1269.6775995000498,1271.1182421250269,700,1,[1.44027445896063],[1.4402801670366898],p1,001,2025-11-12_18h22.21.983,Intentional Binding,,2025.1.1,None,2025-11-12 18h22.36.038209 +0530,
0.1,1000.0,exp,178,10,14,space,0.8462240420049056,None,100,1,[1.6860818749992177],[1.6860863749170676],14,10,178,3,1271.1219510000665,,1271.1184199160198,1271.1219510000665,1272.1077046249993,1272.1077046249993,1272.1177743750159,1272.958321583108,space,0.8462240420049056,None,1272.9594669580692,1273.067639332676,1273.5223791660974,1273.5025100409985,1273.5046627910342,1273.5223791660974,1273.5223791660974,1273.5223791660974,1275.2088082500268,100,1,[1.6860818749992177],[1.6860863749170676],p1,001,2025-11-12_18h22.21.983,Intentional Binding,,2025.1.1,None,2025-11-12 18h22.36.038209 +0530,
0.7,1000.0,exp,179,11,14,space,0.5737210829975083,None,600,1,[1.9168287919601426],[1.9168333749985322],14,11,179,11,1275.216702583013,,1275.208980083,1275.216702583013,1276.207087625051,1276.207087625051,1276.207087625051,1276.7857061250834,space,0.5737210829975083,None,1276.7873556250706,1277.4879159577579,1277.94100470806,1277.9225193751045,1277.9246269580908,1277.94100470806,1277.94100470806,1277.94100470806,1279.8581985411001,600,1,[1.9168287919601426],[1.9168333749985322],p1,001,2025-11-12_18h22.21.983,Intentional Binding,,2025.1.1,None,2025-11-12 18h22.36.038209 +0530,
0.4,1000.0,exp,180,0,15,space,0.6065678329905495,None,300,1,[1.231321041006595],[1.231325582950376],15,0,180,7,1279.8661921661114,,1279.8583732501138,1279.8661921661114,1280.8574653750984,1280.8574653750984,1280.8574653750984,1281.469567666063,space,0.6065678329905495,None,1281.4709604160162,1281.8729904577524,1282.3271147080231,1282.3070900000166,1282.3092978330096,1282.3271147080231,1282.3271147080231,1282.3271147080231,1283.558786458103,300,1,[1.231321041006595],[1.231325582950376],p1,001,2025-11-12_18h22.21.983,Intentional Binding,,2025.1.1,None,2025-11-12 18h22.36.038209 +0530,
0.1,400.0,unexp,181,1,15,space,0.8103057499974966,None,200,1,[1.7230559169547632],[1.723060542019084],15,1,181,0,1283.56626112503,,1283.5589596250793,1283.56626112503,1284.557274040999,1284.557274040999,1284.557274040999,1285.3694537080592,space,0.8103057499974966,None,1285.3707843750017,1285.472941249671,1285.9264402911067,1285.9075786661124,1285.9095566250617,1285.9264402911067,1285.9264402911067,1285.9264402911067,1287.6498890831135,200,1,[1.7230559169547632],[1.723060542019084],p1,001,2025-11-12_18h22.21.983,Intentional Binding,,2025.1.1,None,2025-11-12 18h22.36.038209 +0530,
0.1,1000.0,exp,182,2,15,space,0.502646875102073,None,100,1,[1.4548002909868956],[1.4548055829945952],15,2,182,6,1287.6531158750877,,1287.6500632080715,1287.6531158750877,1288.640763708041,1288.640763708041,1288.6510196250165,1289.1528257910395,space,0.502646875102073,None,1289.1547052080277,1289.2562742496996,1289.711331041064,1289.6910610001069,1289.693200416048,1289.711331041064,1289.711331041064,1289.711331041064,1291.1664996660547,100,1,[1.4548002909868956],[1.4548055829945952],p1,001,2025-11-12_18h22.21.983,Intentional Binding,,2025.1.1,None,2025-11-12 18h22.36.038209 +0530,
0.7,1000.0,exp,183,3,15,space,0.6071103750728071,None,200,1,[12.205270083039068],[12.205274707986973],15,3,183,11,1291.1697867080802,,1291.166675665998,1291.1697867080802,1292.1573347500525,1292.1573347500525,1292.1674182080897,1292.769185791025,space,0.6071103750728071,None,1292.771238166024,1293.4727735417584,1293.9274051660905,1293.9075852910755,1293.9097055410966,1293.9274051660905,1293.9274051660905,1293.9274051660905,1306.1330416660057,200,1,[12.205270083039068],[12.205274707986973],p1,001,2025-11-12_18h22.21.983,Intentional Binding,,2025.1.1,None,2025-11-12 18h22.36.038209 +0530,
0.7,400.0,unexp,184,4,15,space,0.45129929098766297,None,700,1,[2.07427083409857],[2.0742755840765312],15,4,184,2,1306.1363189580152,,1306.1332197911106,1306.1363189580152,1307.1242028750712,1307.1242028750712,1307.1339734160574,1307.5860338330967,space,0.45129929098766297,None,1307.587852833094,1308.2886828747035,1308.742936499999,1308.723504625028,1308.7257473750506,1308.742936499999,1308.742936499999,1308.742936499999,1310.8176270830445,700,1,[2.07427083409857],[2.0742755840765312],p1,001,2025-11-12_18h22.21.983,Intentional Binding,,2025.1.1,None,2025-11-12 18h22.36.038209 +0530,
0.1,1000.0,exp,185,5,15,space,0.6973239170620218,None,200,1,[2.1461967079667374],[2.146201541996561],15,5,185,3,1310.821093791048,,1310.8177972910926,1310.821093791048,1311.8069746250985,1311.8069746250985,1311.817304416094,1312.5077760830754,space,0.6973239170620218,None,1312.5091412500478,1312.6172807496662,1313.0710645830259,1313.0520808330039,1313.0541898750234,1313.0710645830259,1313.0710645830259,1313.0710645830259,1315.2176184580894,200,1,[2.1461967079667374],[2.146201541996561],p1,001,2025-11-12_18h22.21.983,Intentional Binding,,2025.1.1,None,2025-11-12 18h22.36.038209 +0530,
0.4,1000.0,exp,186,6,15,space,0.938945583999157,None,300,1,[9.190907709067687],[9.190912459045649],15,6,186,10,1315.2213285830803,,1315.2177947500022,1315.2213285830803,1316.206380208023,1316.206380208023,1316.2173993750475,1317.1532118750038,space,0.938945583999157,None,1317.1547782910056,1317.5562708327236,1318.0094674160937,1317.9901193330297,1317.992278416059,1318.0094674160937,1318.0094674160937,1318.0094674160937,1327.2007518750615,300,1,[9.190907709067687],[9.190912459045649],p1,001,2025-11-12_18h22.21.983,Intentional Binding,,2025.1.1,None,2025-11-12 18h22.36.038209 +0530,
0.7,1000.0,exp,187,7,15,space,1.758316957973875,None,200,1,[2.45803545799572],[2.4580404580337927],15,7,187,8,1327.2043907500338,,1327.2009362500394,1327.2043907500338,1328.1904354160652,1328.1904354160652,1328.200506416033,1329.9529021660564,space,1.758316957973875,None,1329.9544574581087,1330.656083082726,1331.1084812910995,1331.0900100000435,1331.0920047080144,1331.1084812910995,1331.1084812910995,1331.1084812910995,1333.5669369579991,200,1,[2.45803545799572],[2.4580404580337927],p1,001,2025-11-12_18h22.21.983,Intentional Binding,,2025.1.1,None,2025-11-12 18h22.36.038209 +0530,
0.4,400.0,unexp,188,8,15,space,0.6880712090060115,None,400,1,[1.8734449159819633],[1.87344979098998],15,8,188,1,1333.5702524160733,,1333.5671114160214,1333.5702524160733,1334.556655708002,1334.556655708002,1334.5671719160164,1335.2523698330624,space,0.6880712090060115,None,1335.2543322910788,1335.6562209997248,1336.1103563330835,1336.0908240000717,1336.0940298750065,1336.1103563330835,1336.1103563330835,1336.1103563330835,1337.9841643751133,400,1,[1.8734449159819633],[1.87344979098998],p1,001,2025-11-12_18h22.21.983,Intentional Binding,,2025.1.1,None,2025-11-12 18h22.36.038209 +0530,
0.1,1000.0,exp,189,9,15,space,0.7208598329452798,None,200,1,[1.950056083034724],[1.950060792034492],15,9,189,9,1337.9876270830864,,1337.9843455830123,1337.9876270830864,1338.973764791037,1338.973764791037,1338.9837802080438,1339.70212275011,space,0.7208598329452798,None,1339.7039381250506,1339.803109666744,1340.2575462081004,1340.2377506660996,1340.2398953750962,1340.2575462081004,1340.2575462081004,1340.2575462081004,1342.2079739160836,200,1,[1.950056083034724],[1.950060792034492],p1,001,2025-11-12_18h22.21.983,Intentional Binding,,2025.1.1,None,2025-11-12 18h22.36.038209 +0530,
0.7,1000.0,exp,190,10,15,space,0.8862222919706255,None,600,1,[1.8164248749380931],[1.8164297079201788],15,10,190,5,1342.2166017499985,,1342.2081521250075,1342.2166017499985,1343.20627087506,1343.20627087506,1343.20627087506,1344.1029295410262,space,0.8862222919706255,None,1344.104457416106,1344.8048493747522,1345.2578628750052,1345.238677833113,1345.240719750058,1345.2578628750052,1345.2578628750052,1345.2578628750052,1347.0746566660237,600,1,[1.8164248749380931],[1.8164297079201788],p1,001,2025-11-12_18h22.21.983,Intentional Binding,,2025.1.1,None,2025-11-12 18h22.36.038209 +0530,
0.4,1000.0,exp,191,11,15,space,1.0361337499925867,None,200,1,[2.1472454169997945],[2.1472500419477],15,11,191,4,1347.0828993750038,,1347.0748437501024,1347.0828993750038,1348.0732785,1348.0732785,1348.0732785,1349.1183730410412,space,1.0361337499925867,None,1349.119805000024,1349.522537999732,1349.9764668750577,1349.9571030000225,1349.9592420000117,1349.9764668750577,1349.9764668750577,1349.9764668750577,1352.1241293750936,200,1,[2.1472454169997945],[2.1472500419477],p1,001,2025-11-12_18h22.21.983,Intentional Binding,,2025.1.1,None,2025-11-12 18h22.36.038209 +0530,
0.4,1000.0,exp,192,0,16,space,14.006798875052482,None,300,1,[2.406077833031304],[2.4060823330655694],16,0,192,4,1352.1327274159994,,1352.1243019161047,1352.1327274159994,1353.123386916006,1353.123386916006,1353.123386916006,1367.1356077080127,space,14.006798875052482,None,1367.1374022500822,1367.5390687497022,1367.9927178330254,1367.9739320410881,1367.9759400830371,1367.9927178330254,1367.9927178330254,1367.9927178330254,1370.3991689580726,300,1,[2.406077833031304],[2.4060823330655694],p1,001,2025-11-12_18h22.21.983,Intentional Binding,,2025.1.1,None,2025-11-12 18h22.36.038209 +0530,
0.1,1000.0,exp,193,1,16,space,0.49074916599784046,None,200,1,[1.257197666913271],[1.2572027089772746],16,1,193,3,1370.4023980000056,,1370.3993410000112,1370.4023980000056,1371.389942000038,1371.389942000038,1371.4002287910553,1371.8852280410938,space,0.49074916599784046,None,1371.886840916006,1371.9880936247685,1372.442548250081,1372.4228443331085,1372.4250959580531,1372.442548250081,1372.442548250081,1372.442548250081,1373.700167125091,200,1,[1.257197666913271],[1.2572027089772746],p1,001,2025-11-12_18h22.21.983,Intentional Binding,,2025.1.1,None,2025-11-12 18h22.36.038209 +0530,
0.1,400.0,unexp,194,2,16,space,0.7244238749844953,None,300,1,[1.4233637920115143],[1.4233687920495868],16,2,194,0,1373.7034812910715,,1373.7003373750485,1373.7034812910715,1374.6902474160306,1374.6902474160306,1374.7000613330165,1375.4181178750005,space,0.7244238749844953,None,1375.4196647910867,1375.5213522497254,1375.9760781250661,1375.9561975830002,1375.9584928750992,1375.9760781250661,1375.9760781250661,1375.9760781250661,1377.399805208086,300,1,[1.4233637920115143],[1.4233687920495868],p1,001,2025-11-12_18h22.21.983,Intentional Binding,,2025.1.1,None,2025-11-12 18h22.36.038209 +0530,
0.4,400.0,unexp,195,3,16,space,0.12983262503985316,None,200,1,[1.7124127090210095],[1.7124168750597164],16,3,195,1,1377.4032812080113,,1377.4000085410662,1377.4032812080113,1378.3898076250916,1378.3898076250916,1378.400278291083,1378.5241867910372,space,0.12983262503985316,None,1378.5257045830367,1378.9335267077588,1379.3866472080117,1379.3674993331078,1379.3694675000152,1379.3866472080117,1379.3866472080117,1379.3866472080117,1381.0994046250125,200,1,[1.7124127090210095],[1.7124168750597164],p1,001,2025-11-12_18h22.21.983,Intentional Binding,,2025.1.1,None,2025-11-12 18h22.36.038209 +0530,
0.7,1000.0,exp,196,4,16,space,0.46088150003924966,None,400,1,[2.1905622909544036],[2.1905673330184072],16,4,196,5,1381.1029537080321,,1381.0996095410082,1381.1029537080321,1382.0899181660498,1382.0899181660498,1382.100151041057,1382.5565740000457,space,0.46088150003924966,None,1382.5577144999988,1383.2556374166782,1383.709285666002,1383.6903689580504,1383.6923639581073,1383.709285666002,1383.709285666002,1383.709285666002,1385.9002142910613,400,1,[2.1905622909544036],[2.1905673330184072],p1,001,2025-11-12_18h22.21.983,Intentional Binding,,2025.1.1,None,2025-11-12 18h22.36.038209 +0530,
0.4,1000.0,exp,197,5,16,space,0.7815838750684634,None,300,1,[13.811852833023295],[13.811857292079367],16,5,197,10,1385.9036964160623,,1385.90038658306,1385.9036964160623,1386.8896993329981,1386.8896993329981,1386.9001302079996,1387.67427425005,space,0.7815838750684634,None,1387.6753588330466,1388.0835207916718,1388.536894666031,1388.5174864580622,1388.519512000028,1388.536894666031,1388.536894666031,1388.536894666031,1402.3490999160567,300,1,[13.811852833023295],[13.811857292079367],p1,001,2025-11-12_18h22.21.983,Intentional Binding,,2025.1.1,None,2025-11-12 18h22.36.038209 +0530,
0.7,400.0,unexp,198,6,16,space,0.6141234589740634,None,400,1,[1.5132825420005247],[1.5132877079304308],16,6,198,2,1402.3525430830196,,1402.3492946251063,1402.3525430830196,1403.3399282080354,1403.3399282080354,1403.3498831660254,1403.95760875009,space,0.6141234589740634,None,1403.9588270410895,1404.6666336666715,1405.119745041011,1405.1012275000103,1405.103230125038,1405.119745041011,1405.119745041011,1405.119745041011,1406.6333919580793,400,1,[1.5132825420005247],[1.5132877079304308],p1,001,2025-11-12_18h22.21.983,Intentional Binding,,2025.1.1,None,2025-11-12 18h22.36.038209 +0530,
0.1,1000.0,exp,199,7,16,space,2.427245083032176,None,300,1,[1.2952773340512067],[1.2952817500336096],16,7,199,6,1406.6367820410524,,1406.6335626250366,1406.6367820410524,1407.6226407081122,1407.6226407081122,1407.633189083077,1410.051208750112,space,2.427245083032176,None,1410.0528261660365,1410.157903207761,1410.6110933331074,1410.5921704580542,1410.5941447910154,1410.6110933331074,1410.6110933331074,1410.6110933331074,1411.906742125051,300,1,[1.2952773340512067],[1.2952817500336096],p1,001,2025-11-12_18h22.21.983,Intentional Binding,,2025.1.1,None,2025-11-12 18h22.36.038209 +0530,
0.4,1000.0,exp,200,8,16,space,0.3738514590077102,None,400,1,[2.1808706250740215],[2.1808748330222443],16,8,200,7,1411.9149825000204,,1411.9069120410131,1411.9149825000204,1412.8999675000086,1412.8999675000086,1412.9063278750982,1413.285040250048,space,0.3738514590077102,None,1413.2870562910102,1413.6886844577423,1414.1423886660486,1414.1226454160642,1414.1248429160332,1414.1423886660486,1414.1423886660486,1414.1423886660486,1416.3236262910068,400,1,[2.1808706250740215],[2.1808748330222443],p1,001,2025-11-12_18h22.21.983,Intentional Binding,,2025.1.1,None,2025-11-12 18h22.36.038209 +0530,
0.7,1000.0,exp,201,9,16,space,0.42285887501202524,None,400,1,[3.147000666009262],[3.1470049580093473],16,9,201,8,1416.331681791111,,1416.3237986250315,1416.331681791111,1417.3167049580952,1417.3167049580952,1417.322664000094,1417.7515632500872,space,0.42285887501202524,None,1417.753356958041,1418.4552689997402,1418.909881083062,1418.890159750008,1418.8924085830804,1418.909881083062,1418.909881083062,1418.909881083062,1422.0572537080152,400,1,[3.147000666009262],[3.1470049580093473],p1,001,2025-11-12_18h22.21.983,Intentional Binding,,2025.1.1,None,2025-11-12 18h22.36.038209 +0530,
0.1,1000.0,exp,202,10,16,space,0.5069647920317948,None,300,1,[1.7400137500371784],[1.740018291049637],16,10,202,9,1422.06484645803,,1422.0574338750448,1422.06484645803,1423.0557653330034,1423.0557653330034,1423.0557653330034,1423.5682063330896,space,0.5069647920317948,None,1423.5700283331098,1423.6709944167562,1424.124960333109,1424.1056633749977,1424.1078192910645,1424.124960333109,1424.124960333109,1424.124960333109,1425.865368166007,300,1,[1.7400137500371784],[1.740018291049637],p1,001,2025-11-12_18h22.21.983,Intentional Binding,,2025.1.1,None,2025-11-12 18h22.36.038209 +0530,
0.7,1000.0,exp,203,11,16,space,0.42042149999178946,None,500 ,1,[1.7132649160921574],[1.713269291096367],16,11,203,11,1425.868599291076,,1425.865539958002,1425.868599291076,1426.8564052080037,1426.8564052080037,1426.8665272910148,1427.2844574580668,space,0.42042149999178946,None,1427.2859487080714,1427.988484624719,1428.444007708109,1428.4231146250386,1428.4252651660936,1428.444007708109,1428.444007708109,1428.444007708109,1430.1576305830386,500 ,1,[1.7132649160921574],[1.713269291096367],p1,001,2025-11-12_18h22.21.983,Intentional Binding,,2025.1.1,None,2025-11-12 18h22.36.038209 +0530,
0.4,400.0,unexp,204,0,17,space,0.9072416250128299,None,600,1,[3.947204625001177],[3.947209334000945],17,0,204,1,1430.165301125031,,1430.157802166068,1430.165301125031,1431.1561593330698,1431.1561593330698,1431.1561593330698,1432.0678478750633,space,0.9072416250128299,None,1432.0694914160995,1432.4720027077167,1432.9256958330516,1432.9062828751048,1432.9084855000256,1432.9256958330516,1432.9256958330516,1432.9256958330516,1436.8732622500975,600,1,[3.947204625001177],[3.947209334000945],p1,001,2025-11-12_18h22.21.983,Intentional Binding,,2025.1.1,None,2025-11-12 18h22.36.038209 +0530,
0.7,400.0,unexp,205,1,17,space,1.0477746250107884,None,500,1,[5.551341708982363],[5.551346541964449],17,1,205,2,1436.8817357080989,,1436.8734371660976,1436.8817357080989,1437.8704713330371,1437.8704713330371,1437.8704713330371,1438.9238234160002,space,1.0477746250107884,None,1438.9250314160017,1439.6330389166872,1440.088334250031,1440.0676579580177,1440.0706925000995,1440.088334250031,1440.088334250031,1440.088334250031,1445.6400804161094,500,1,[5.551341708982363],[5.551346541964449],p1,001,2025-11-12_18h22.21.983,Intentional Binding,,2025.1.1,None,2025-11-12 18h22.36.038209 +0530,
0.7,1000.0,exp,206,2,17,space,0.737204333068803,None,600,1,[2.9062559999292716],[2.906260041985661],17,2,206,5,1445.6479587081121,,1445.6402553330408,1445.6479587081121,1446.6396505830344,1446.6396505830344,1446.6396505830344,1447.3843930410221,space,0.737204333068803,None,1447.385940750013,1448.0885131667058,1448.5418971250765,1448.522311125067,1448.5245379580883,1448.5418971250765,1448.5418971250765,1448.5418971250765,1451.4485312080942,600,1,[2.9062559999292716],[2.906260041985661],p1,001,2025-11-12_18h22.21.983,Intentional Binding,,2025.1.1,None,2025-11-12 18h22.36.038209 +0530,
0.4,1000.0,exp,207,3,17,space,0.4727651660796255,None,500,1,[2.256372750038281],[2.256377208046615],17,3,207,7,1451.4518247500528,,1451.4487072910415,1451.4518247500528,1452.4400608750293,1452.4400608750293,1452.4493716250872,1452.9179220830556,space,0.4727651660796255,None,1452.9197103750193,1453.3216051246893,1453.7750172910746,1453.755602833,1453.7577619580552,1453.7750172910746,1453.7750172910746,1453.7750172910746,1456.031773958006,500,1,[2.256372750038281],[2.256377208046615],p1,001,2025-11-12_18h22.21.983,Intentional Binding,,2025.1.1,None,2025-11-12 18h22.36.038209 +0530,
0.7,1000.0,exp,208,4,17,space,0.8912166670197621,None,700,1,[1.4044517920119688],[1.4044563330244273],17,4,208,8,1456.0350386661012,,1456.0319478750462,1456.0350386661012,1457.0225679581054,1457.0225679581054,1457.0329929580912,1457.917688375106,space,0.8912166670197621,None,1457.9195333330426,1458.6215910417416,1459.0768559160642,1459.0564230830641,1459.0585837910185,1459.0768559160642,1459.0768559160642,1459.0768559160642,1460.4816795410588,700,1,[1.4044517920119688],[1.4044563330244273],p1,001,2025-11-12_18h22.21.983,Intentional Binding,,2025.1.1,None,2025-11-12 18h22.36.038209 +0530,
0.1,1000.0,exp,209,5,17,space,0.7028923329198733,None,100,1,[1.640291374991648],[1.6402964580338448],17,5,209,6,1460.4849631660618,,1460.4818488330347,1460.4849631660618,1461.471733750077,1461.471733750077,1461.4826186660212,1462.184488875093,space,0.7028923329198733,None,1462.1863915830618,1462.2869406247667,1462.7422760000918,1462.7218652910087,1462.7240955410525,1462.7422760000918,1462.7422760000918,1462.7422760000918,1464.382932291017,100,1,[1.640291374991648],[1.6402964580338448],p1,001,2025-11-12_18h22.21.983,Intentional Binding,,2025.1.1,None,2025-11-12 18h22.36.038209 +0530,
0.1,1000.0,exp,210,6,17,space,0.6958720829570666,None,200,1,[1.5531254169763997],[1.5531302919844165],17,6,210,9,1464.3864869161043,,1464.3831119160168,1464.3864869161043,1465.3727015000768,1465.3727015000768,1465.3827049580868,1466.0736565000843,space,0.6958720829570666,None,1466.075212958036,1466.1737063327494,1466.6289653750136,1466.6085436251014,1466.610934541095,1466.6289653750136,1466.6289653750136,1466.6289653750136,1468.1824877080508,200,1,[1.5531254169763997],[1.5531302919844165],p1,001,2025-11-12_18h22.21.983,Intentional Binding,,2025.1.1,None,2025-11-12 18h22.36.038209 +0530,
0.1,1000.0,exp,211,7,17,space,0.806964416988194,None,200,1,[1.8466530420118943],[1.8466569170122966],17,7,211,3,1468.1859695410822,,1468.1826823330484,1468.1859695410822,1469.1724460410187,1469.1724460410187,1469.1826631660806,1469.984727416071,space,0.806964416988194,None,1469.9865673331078,1470.0868648747603,1470.542467708001,1470.5218865000643,1470.5243152501062,1470.542467708001,1470.542467708001,1470.542467708001,1472.3894962080522,200,1,[1.8466530420118943],[1.8466569170122966],p1,001,2025-11-12_18h22.21.983,Intentional Binding,,2025.1.1,None,2025-11-12 18h22.36.038209 +0530,
0.1,400.0,unexp,212,8,17,space,1.0265158329857513,None,300,1,[1.0991871670121327],[1.0991914169862866],17,8,212,0,1472.39807450003,,1472.3896776660113,1472.39807450003,1473.3828087080037,1473.3828087080037,1473.389226750005,1474.41705895809,space,1.0265158329857513,None,1474.4182643330423,1474.5200150417552,1474.974213166046,1474.9548388330732,1474.9569835000439,1474.974213166046,1474.974213166046,1474.974213166046,1476.0737687910441,300,1,[1.0991871670121327],[1.0991914169862866],p1,001,2025-11-12_18h22.21.983,Intentional Binding,,2025.1.1,None,2025-11-12 18h22.36.038209 +0530,
0.4,1000.0,exp,213,9,17,space,0.8056665420299396,None,300,1,[1.5733912920113653],[1.5733959580538794],17,9,213,10,1476.0818661251105,,1476.073941916111,1476.0818661251105,1477.0714347080793,1477.0714347080793,1477.0714347080793,1477.8844646660145,space,0.8056665420299396,None,1477.8863408750622,1478.2882968327651,1478.7424115000758,1478.7231040000916,1478.7251906250603,1478.7424115000758,1478.7424115000758,1478.7424115000758,1480.3161654160358,300,1,[1.5733912920113653],[1.5733959580538794],p1,001,2025-11-12_18h22.21.983,Intentional Binding,,2025.1.1,None,2025-11-12 18h22.36.038209 +0530,
0.7,1000.0,exp,214,10,17,space,2.2914202089887112,None,400,1,[2.514089333009906],[2.5140941669233143],17,10,214,11,1480.3200655000983,,1480.3163411660353,1480.3200655000983,1481.3056884580292,1481.3056884580292,1481.3159221250098,1483.6009853750002,space,2.2914202089887112,None,1483.6028015830088,1484.3047128747605,1484.7587138330564,1484.7396491660038,1484.7417224160163,1484.7587138330564,1484.7587138330564,1484.7587138330564,1487.2731708330102,400,1,[2.514089333009906],[2.5140941669233143],p1,001,2025-11-12_18h22.21.983,Intentional Binding,,2025.1.1,None,2025-11-12 18h22.36.038209 +0530,
0.4,1000.0,exp,215,11,17,space,0.5224419579608366,None,700,1,[1.4223557090153918],[1.422360458993353],17,11,215,4,1487.2817200830905,,1487.2733634160832,1487.2817200830905,1488.2715860001044,1488.2715860001044,1488.2715860001044,1488.8010232080705,space,0.5224419579608366,None,1488.8031473750016,1489.2045579166772,1489.6600988750579,1489.6394060000312,1489.6420053330949,1489.6600988750579,1489.6600988750579,1489.6600988750579,1491.0828217910603,700,1,[1.4223557090153918],[1.422360458993353],p1,001,2025-11-12_18h22.21.983,Intentional Binding,,2025.1.1,None,2025-11-12 18h22.36.038209 +0530,
0.4,400.0,unexp,216,0,18,space,1.383660624967888,None,200,1,[2.1308398329420015],[2.130844417028129],18,0,216,1,1491.08654441603,,1491.0829962081043,1491.08654441603,1492.072259208071,1492.072259208071,1492.0825260001002,1493.4674986660248,space,1.383660624967888,None,1493.4694045830984,1493.871120499742,1494.3255941250827,1494.3059255830012,1494.3079714160413,1494.3255941250827,1494.3255941250827,1494.3255941250827,1496.4567706250818,200,1,[2.1308398329420015],[2.130844417028129],p1,001,2025-11-12_18h22.21.983,Intentional Binding,,2025.1.1,None,2025-11-12 18h22.36.038209 +0530,
0.7,1000.0,exp,217,1,18,space,1.092510582995601,None,400,1,[3.5066787080140784],[3.5066838330822065],18,1,217,11,1496.464209083002,,1496.4569453330478,1496.464209083002,1497.4553122080397,1497.4553122080397,1497.4553122080397,1498.5510612500366,space,1.092510582995601,None,1498.5528259160928,1499.2545786667072,1499.7089356660144,1499.6894324161112,1499.6916014580056,1499.7089356660144,1499.7089356660144,1499.7089356660144,1503.2159802910173,400,1,[3.5066787080140784],[3.5066838330822065],p1,001,2025-11-12_18h22.21.983,Intentional Binding,,2025.1.1,None,2025-11-12 18h22.36.038209 +0530,
0.1,400.0,unexp,218,2,18,space,1.3358045840868726,None,200,1,[1.998866125009954],[1.9988705420400947],18,2,218,0,1503.2199522081064,,1503.2161592080956,1503.2199522081064,1504.2057321660686,1504.2057321660686,1504.215501708095,1505.5500367500354,space,1.3358045840868726,None,1505.5511985410703,1505.6530298327018,1506.1075415000087,1506.0878822500817,1506.0902047080453,1506.1075415000087,1506.1075415000087,1506.1075415000087,1508.1067513750168,200,1,[1.998866125009954],[1.9988705420400947],p1,001,2025-11-12_18h22.21.983,Intentional Binding,,2025.1.1,None,2025-11-12 18h22.36.038209 +0530,
0.4,1000.0,exp,219,3,18,space,1.1091595409670845,None,300,1,[2.7064884999999776],[2.7064929159823805],18,3,219,10,1508.115056041046,,1508.1069489580113,1508.115056041046,1509.1052121251123,1509.1052121251123,1509.1052121251123,1510.216899166,space,1.1091595409670845,None,1510.2185275410302,1510.6210782497112,1511.074433208094,1511.0551187080564,1511.0572510830825,1511.074433208094,1511.074433208094,1511.074433208094,1513.781265166006,300,1,[2.7064884999999776],[2.7064929159823805],p1,001,2025-11-12_18h22.21.983,Intentional Binding,,2025.1.1,None,2025-11-12 18h22.36.038209 +0530,
0.4,1000.0,exp,220,4,18,space,5.55323983298149,None,300,1,[5.096954875043593],[5.0969596250215545],18,4,220,4,1513.7845267910743,,1513.7814368751133,1513.7845267910743,1514.77183916606,1514.77183916606,1514.7822766250465,1520.3339978330769,space,5.55323983298149,None,1520.3358700410463,1520.7376273747689,1521.1920050410554,1521.1725870000664,1521.1747065000236,1521.1920050410554,1521.1920050410554,1521.1920050410554,1526.2893757080892,300,1,[5.096954875043593],[5.0969596250215545],p1,001,2025-11-12_18h22.21.983,Intentional Binding,,2025.1.1,None,2025-11-12 18h22.36.038209 +0530,
0.7,1000.0,exp,221,5,18,space,0.2220244579948485,None,700,1,[1.9065548749640584],[1.9065593329723924],18,5,221,8,1526.297324125073,,1526.2895498330472,1526.297324125073,1527.2876080001006,1527.2876080001006,1527.2876080001006,1527.516754125012,space,0.2220244579948485,None,1527.5183731660945,1528.221032374717,1528.675360791036,1528.655749208061,1528.6578776250826,1528.675360791036,1528.675360791036,1528.675360791036,1530.5822735000402,700,1,[1.9065548749640584],[1.9065593329723924],p1,001,2025-11-12_18h22.21.983,Intentional Binding,,2025.1.1,None,2025-11-12 18h22.36.038209 +0530,
0.1,1000.0,exp,222,6,18,space,0.46874987496994436,None,600,1,[2.547537292004563],[2.547541792038828],18,6,222,9,1530.5860195410205,,1530.5824437499978,1530.5860195410205,1531.5717645410914,1531.5717645410914,1531.5821001660079,1532.0504227080382,space,0.46874987496994436,None,1532.0520895000082,1532.1543190826817,1532.6079932500143,1532.588768250076,1532.5909603330074,1532.6079932500143,1532.6079932500143,1532.6079932500143,1535.1559462080477,600,1,[2.547537292004563],[2.547541792038828],p1,001,2025-11-12_18h22.21.983,Intentional Binding,,2025.1.1,None,2025-11-12 18h22.36.038209 +0530,
0.1,1000.0,exp,223,7,18,space,0.019809999968856573,None,200 ,1,[2.245233750087209],[2.2452384170610458],18,7,223,3,1535.164063958102,,1535.1561166660395,1535.164063958102,1536.148605208029,1536.148605208029,1536.154137791018,1536.1726847910322,space,0.019809999968856573,None,1536.1740166660165,1536.282031666666,1536.7369897080353,1536.7170834999997,1536.7193913330557,1536.7369897080353,1536.7369897080353,1536.7369897080353,1538.9825835830998,200 ,1,[2.245233750087209],[2.2452384170610458],p1,001,2025-11-12_18h22.21.983,Intentional Binding,,2025.1.1,None,2025-11-12 18h22.36.038209 +0530,
0.7,1000.0,exp,224,8,18,space,0.7831006249180064,None,300,1,[2.947166583966464],[2.947171041974798],18,8,224,5,1538.986340958043,,1538.9827539580874,1538.986340958043,1539.97220191604,1539.97220191604,1539.9821003330871,1540.7672040000325,space,0.7831006249180064,None,1540.7688485410763,1541.4708874576647,1541.9249064160977,1541.9055698330048,1541.907717416063,1541.9249064160977,1541.9249064160977,1541.9249064160977,1544.8724472080357,300,1,[2.947166583966464],[2.947171041974798],p1,001,2025-11-12_18h22.21.983,Intentional Binding,,2025.1.1,None,2025-11-12 18h22.36.038209 +0530,
0.4,1000.0,exp,225,9,18,space,0.9868090829113498,None,400,1,[4.212971166940406],[4.212975749978796],18,9,225,7,1544.8808754580095,,1544.8726170830196,1544.8808754580095,1545.8702287910273,1545.8702287910273,1545.8702287910273,1546.8663799581118,space,0.9868090829113498,None,1546.8676397500094,1547.270841291702,1547.725434333086,1547.7054895830806,1547.707624875009,1547.725434333086,1547.725434333086,1547.725434333086,1551.9387820831034,400,1,[4.212971166940406],[4.212975749978796],p1,001,2025-11-12_18h22.21.983,Intentional Binding,,2025.1.1,None,2025-11-12 18h22.36.038209 +0530,
0.1,1000.0,exp,226,10,18,space,3.4243280000519007,None,200,1,[1.6637983330292627],[1.6638031660113484],18,10,226,6,1551.947498583002,,1551.9389537500683,1551.947498583002,1552.9319747081026,1552.9319747081026,1552.9381151250564,1556.3666089160834,space,3.4243280000519007,None,1556.3682287080446,1556.4707113747174,1556.9248680000892,1556.9055969580077,1556.9077497500693,1556.9248680000892,1556.9248680000892,1556.9248680000892,1558.5890261660097,200,1,[1.6637983330292627],[1.6638031660113484],p1,001,2025-11-12_18h22.21.983,Intentional Binding,,2025.1.1,None,2025-11-12 18h22.36.038209 +0530,
0.7,400.0,unexp,227,11,18,space,2.4006595419486985,None,400,1,[3.4645117500331253],[3.4645160409854725],18,11,227,2,1558.597159750061,,1558.5892008331139,1558.597159750061,1559.5882368331077,1559.5882368331077,1559.5882368331077,1562.0004844160285,space,2.4006595419486985,None,1562.0024390000617,1562.7041008747804,1563.1578091660049,1563.138627291075,1563.1408553750953,1563.1578091660049,1563.1578091660049,1563.1578091660049,1566.6226719160331,400,1,[3.4645117500331253],[3.4645160409854725],p1,001,2025-11-12_18h22.21.983,Intentional Binding,,2025.1.1,None,2025-11-12 18h22.36.038209 +0530,
0.7,400.0,unexp,228,0,19,space,1.5503299579722807,None,200,1,[1.6617300000507385],[1.6617350419983268],19,0,228,2,1566.6310437910724,,1566.6228447500616,1566.6310437910724,1567.6204262910178,1567.6204262910178,1567.6204262910178,1569.1723413330037,space,1.5503299579722807,None,1569.1738977910718,1569.8819298326891,1570.3367105830694,1570.3166987081058,1570.3190033331048,1570.3367105830694,1570.3367105830694,1570.3367105830694,1571.9988069580868,200,1,[1.6617300000507385],[1.6617350419983268],p1,001,2025-11-12_18h22.21.983,Intentional Binding,,2025.1.1,None,2025-11-12 18h22.36.038209 +0530,
0.7,1000.0,exp,229,1,19,space,0.8689906660001725,None,300,1,[1.7075106661068276],[1.707515750080347],19,1,229,5,1572.0025547910482,,1571.9989888330456,1572.0025547910482,1572.9875514580635,1572.9875514580635,1572.9985835830448,1573.866923875059,space,0.8689906660001725,None,1573.8686935000587,1574.5704632077288,1575.02392354107,1575.0043394580716,1575.0065007080557,1575.02392354107,1575.02392354107,1575.02392354107,1576.7317965830443,300,1,[1.7075106661068276],[1.707515750080347],p1,001,2025-11-12_18h22.21.983,Intentional Binding,,2025.1.1,None,2025-11-12 18h22.36.038209 +0530,
0.4,1000.0,exp,230,2,19,space,1.3647173340432346,None,200,1,[3.428580917068757],[3.4285857500508428],19,2,230,7,1576.7351262500742,,1576.731966958032,1576.7351262500742,1577.7216682500439,1577.7216682500439,1577.7317043330986,1579.089088958106,space,1.3647173340432346,None,1579.0905968330335,1579.4983145417102,1579.9527578750858,1579.9331161250593,1579.9352391250432,1579.9527578750858,1579.9527578750858,1579.9527578750858,1583.381705250009,200,1,[3.428580917068757],[3.4285857500508428],p1,001,2025-11-12_18h22.21.983,Intentional Binding,,2025.1.1,None,2025-11-12 18h22.36.038209 +0530,
0.7,1000.0,exp,231,3,19,space,0.7078626659931615,None,600,1,[3.005879082949832],[3.0058835829840973],19,3,231,11,1583.3852135410998,,1583.381877750042,1583.3852135410998,1584.3712899580132,1584.3712899580132,1584.3815416661091,1585.08355416602,space,0.7078626659931615,None,1585.0850255410187,1585.786983166767,1586.2410372080049,1586.2211267501116,1586.2232804580126,1586.2410372080049,1586.2410372080049,1586.2410372080049,1589.247276625014,600,1,[3.005879082949832],[3.0058835829840973],p1,001,2025-11-12_18h22.21.983,Intentional Binding,,2025.1.1,None,2025-11-12 18h22.36.038209 +0530,
0.4,400.0,unexp,232,4,19,space,0.8054379589157179,None,500 ,1,[3.5151390419341624],[3.515144083998166],19,4,232,1,1589.2505935830995,,1589.2474571251078,1589.2505935830995,1590.2378782910528,1590.2378782910528,1590.2483536250656,1591.0501426660921,space,0.8054379589157179,None,1591.0520445830189,1591.4536923326707,1591.906253333087,1591.887761916034,1591.889712791075,1591.906253333087,1591.906253333087,1591.906253333087,1595.421774791088,500 ,1,[3.5151390419341624],[3.515144083998166],p1,001,2025-11-12_18h22.21.983,Intentional Binding,,2025.1.1,None,2025-11-12 18h22.36.038209 +0530,
0.1,1000.0,exp,233,5,19,space,1.3739522499963641,None,300,1,[2.413868041941896],[2.4138733339495957],19,5,233,3,1595.4306128330063,,1595.4219529160764,1595.4306128330063,1596.421054708073,1596.421054708073,1596.421054708073,1597.8000066661043,space,1.3739522499963641,None,1597.8020965830656,1597.9027394997577,1598.3578842080897,1598.3376087500947,1598.339888666058,1598.3578842080897,1598.3578842080897,1598.3578842080897,1600.772129625082,300,1,[2.413868041941896],[2.4138733339495957],p1,001,2025-11-12_18h22.21.983,Intentional Binding,,2025.1.1,None,2025-11-12 18h22.36.038209 +0530,
0.1,1000.0,exp,234,6,19,space,0.5209797080606222,None,100,1,[3.2729257920291275],[3.272930416977033],19,6,234,6,1600.7800010410137,,1600.772304500104,1600.7800010410137,1601.7708859581035,1601.7708859581035,1601.7708859581035,1602.3000102910446,space,0.5209797080606222,None,1602.3014477080433,1602.403497124735,1602.858062375104,1602.8376375000225,1602.8401004160987,1602.858062375104,1602.858062375104,1602.858062375104,1606.1313654580154,100,1,[3.2729257920291275],[3.272930416977033],p1,001,2025-11-12_18h22.21.983,Intentional Binding,,2025.1.1,None,2025-11-12 18h22.36.038209 +0530,
0.4,1000.0,exp,235,7,19,space,0.4110920410603285,None,400,1,[2.056274582981132],[2.056279332959093],19,7,235,4,1606.134984833072,,1606.1315447500674,1606.134984833072,1607.1216055410914,1607.1216055410914,1607.1313626250485,1607.5390972910682,space,0.4110920410603285,None,1607.5404752501054,1607.948157166775,1608.4022165830247,1608.3829767080024,1608.3850904160645,1608.4022165830247,1608.4022165830247,1608.4022165830247,1610.4589144580532,400,1,[2.056274582981132],[2.056279332959093],p1,001,2025-11-12_18h22.21.983,Intentional Binding,,2025.1.1,None,2025-11-12 18h22.36.038209 +0530,
0.4,1000.0,exp,236,8,19,space,0.4782095829723403,None,300,1,[3.2281085420399904],[3.2281130000483245],19,8,236,10,1610.4631542500574,,1610.4590957080945,1610.4631542500574,1611.4535035410663,1611.4535035410663,1611.4535035410663,1611.9384647500701,space,0.4782095829723403,None,1611.9398655000841,1612.3481484996776,1612.802226916072,1612.7826592500787,1612.78476937511,1612.802226916072,1612.802226916072,1612.802226916072,1616.0306993750855,300,1,[3.2281085420399904],[3.2281130000483245],p1,001,2025-11-12_18h22.21.983,Intentional Binding,,2025.1.1,None,2025-11-12 18h22.36.038209 +0530,
0.1,1000.0,exp,237,9,19,space,0.309347957954742,None,200,1,[1.5657099159434438],[1.5657147079473361],19,9,237,9,1616.0339286250528,,1616.0308707080549,1616.0339286250528,1617.02027812507,1617.02027812507,1617.0314792500576,1617.3331862910418,space,0.309347957954742,None,1617.3350443750387,1617.434962749776,1617.8884141250746,1617.8697223330382,1617.8717336250702,1617.8884141250746,1617.8884141250746,1617.8884141250746,1619.4544820830924,200,1,[1.5657099159434438],[1.5657147079473361],p1,001,2025-11-12_18h22.21.983,Intentional Binding,,2025.1.1,None,2025-11-12 18h22.36.038209 +0530,
0.7,1000.0,exp,238,10,19,space,0.7765139159746468,None,300,1,[2.3972679580328986],[2.397272458067164],19,10,238,8,1619.4631060410757,,1619.4546553330729,1619.4631060410757,1620.4479821660789,1620.4479821660789,1620.454306416097,1621.2328867911128,space,0.7765139159746468,None,1621.2345858750632,1621.9366885827078,1622.3911643750034,1622.371601416031,1622.3738646249985,1622.3911643750034,1622.3911643750034,1622.3911643750034,1624.7887910410063,300,1,[2.3972679580328986],[2.397272458067164],p1,001,2025-11-12_18h22.21.983,Intentional Binding,,2025.1.1,None,2025-11-12 18h22.36.038209 +0530,
0.1,400.0,unexp,239,11,19,space,1.1917152079986408,None,300,1,[2.548009541002102],[2.5480141249718145],19,11,239,0,1624.7968162910547,,1624.7889627910918,1624.7968162910547,1625.7875561660621,1625.7875561660621,1625.7875561660621,1626.9834974580444,space,1.1917152079986408,None,1626.9853416660335,1627.0858320827285,1627.540301791043,1627.520828541019,1627.5229468330508,1627.540301791043,1627.540301791043,1627.540301791043,1630.0887062500697,300,1,[2.548009541002102],[2.5480141249718145],p1,001,2025-11-12_18h22.21.983,Intentional Binding,,2025.1.1,None,2025-11-12 18h22.36.038209 +0530,
0.1,1000.0,exp,240,0,20,space,0.6837092500645667,None,200,1,[2.4743590829893947],[2.4743641250533983],20,0,240,9,1630.0971382500138,,1630.08887950005,1630.0971382500138,1631.0875319160987,1631.0875319160987,1631.0875319160987,1631.7833046250744,space,0.6837092500645667,None,1631.7852453750093,1631.8866980417554,1632.3396905000554,1632.3204690410057,1632.3225587910274,1632.3396905000554,1632.3396905000554,1632.3396905000554,1634.8144258750835,200,1,[2.4743590829893947],[2.4743641250533983],p1,001,2025-11-12_18h22.21.983,Intentional Binding,,2025.1.1,None,2025-11-12 18h22.36.038209 +0530,
0.7,1000.0,exp,241,1,20,space,0.7697939170757309,None,200,1,[2.5579353340435773],[2.557940124999732],20,1,241,11,1634.818256125087,,1634.8145965000149,1634.818256125087,1635.8034037910402,1635.8034037910402,1635.8145332500571,1636.5831298750127,space,0.7697939170757309,None,1636.5850602911087,1637.285354999771,1637.7397912910674,1637.7200949580874,1637.7222275410313,1637.7397912910674,1637.7397912910674,1637.7397912910674,1640.2980856660288,200,1,[2.5579353340435773],[2.557940124999732],p1,001,2025-11-12_18h22.21.983,Intentional Binding,,2025.1.1,None,2025-11-12 18h22.36.038209 +0530,
0.4,400.0,unexp,242,2,20,space,0.679638542002067,None,400,1,[1.3141157920472324],[1.314120625029318],20,2,242,1,1640.301480375114,,1640.2982556660427,1640.301480375114,1641.2883050000528,1641.2883050000528,1641.297719375114,1641.9718010000652,space,0.679638542002067,None,1641.9731953750597,1642.3812120417754,1642.8336536251009,1642.8150323750451,1642.8169858750189,1642.8336536251009,1642.8336536251009,1642.8336536251009,1644.1481342080515,400,1,[1.3141157920472324],[1.314120625029318],p1,001,2025-11-12_18h22.21.983,Intentional Binding,,2025.1.1,None,2025-11-12 18h22.36.038209 +0530,
0.4,1000.0,exp,243,3,20,space,0.47132325009442866,None,300,1,[1.5980161250336096],[1.5980208329856396],20,3,243,4,1644.1516497910488,,1644.1483063331107,1644.1516497910488,1645.1376442080364,1645.1376442080364,1645.1480893330881,1645.6157913330244,space,0.47132325009442866,None,1645.6173712080345,1646.0201576246802,1646.4738352500135,1646.4539122080896,1646.4561550409999,1646.4738352500135,1646.4738352500135,1646.4738352500135,1648.0721995000495,300,1,[1.5980161250336096],[1.5980208329856396],p1,001,2025-11-12_18h22.21.983,Intentional Binding,,2025.1.1,None,2025-11-12 18h22.36.038209 +0530,
0.1,400.0,unexp,244,4,20,space,0.4259004999184981,None,100,1,[1.6030629159649834],[1.6030675829388201],20,4,244,0,1648.080630625016,,1648.0723770410987,1648.080630625016,1649.0699320411077,1649.0699320411077,1649.0699320411077,1649.4996099160053,space,0.4259004999184981,None,1649.5011625830084,1649.6062332497133,1650.0598835831042,1650.0410813750932,1650.0431118330453,1650.0598835831042,1650.0598835831042,1650.0598835831042,1651.6633222911041,100,1,[1.6030629159649834],[1.6030675829388201],p1,001,2025-11-12_18h22.21.983,Intentional Binding,,2025.1.1,None,2025-11-12 18h22.36.038209 +0530,
0.4,1000.0,exp,245,5,20,space,0.35431329207494855,None,100,1,[1.6579265829641372],[1.6579316660063341],20,5,245,10,1651.6665707500651,,1651.6635215410497,1651.6665707500651,1652.6543373750756,1652.6543373750756,1652.664547207998,1653.0162737501087,space,0.35431329207494855,None,1653.0176027080743,1653.419856832774,1653.8730469160946,1653.8541883750586,1653.8561977080535,1653.8730469160946,1653.8730469160946,1653.8730469160946,1655.5313890000107,100,1,[1.6579265829641372],[1.6579316660063341],p1,001,2025-11-12_18h22.21.983,Intentional Binding,,2025.1.1,None,2025-11-12 18h22.36.038209 +0530,
0.7,400.0,unexp,246,6,20,space,0.49069029197562486,None,600,1,[1.3234245420899242],[1.3234291250118986],20,6,246,2,1655.5347990830196,,1655.5315717080375,1655.5347990830196,1656.5209390410455,1656.5209390410455,1656.5312140000751,1657.015652583097,space,0.49069029197562486,None,1657.0168608330423,1657.7199516246949,1658.1741274161031,1658.154001750052,1658.1562287500128,1658.1741274161031,1658.1741274161031,1658.1741274161031,1659.4979253750062,600,1,[1.3234245420899242],[1.3234291250118986],p1,001,2025-11-12_18h22.21.983,Intentional Binding,,2025.1.1,None,2025-11-12 18h22.36.038209 +0530,
0.7,1000.0,exp,247,7,20,space,0.6439455000218004,None,500,1,[1.6637477079639211],[1.663752582971938],20,7,247,8,1659.5015089580556,,1659.4980987081071,1659.5015089580556,1660.4865882500308,1660.4865882500308,1660.497711208067,1661.1326547500212,space,0.6439455000218004,None,1661.1346878750483,1661.836278874722,1662.2905446660006,1662.2712196659995,1662.273341583088,1662.2905446660006,1662.2905446660006,1662.2905446660006,1663.9546512500383,500,1,[1.6637477079639211],[1.663752582971938],p1,001,2025-11-12_18h22.21.983,Intentional Binding,,2025.1.1,None,2025-11-12 18h22.36.038209 +0530,
0.1,1000.0,exp,248,8,20,space,0.9775087500456721,None,100,1,[1.6689245000015944],[1.6689287920016795],20,8,248,6,1663.9630375410197,,1663.954831333016,1663.9630375410197,1664.953794250032,1664.953794250032,1664.953794250032,1665.9383690000977,space,0.9775087500456721,None,1665.9394947080873,1666.0478470826677,1666.502535958076,1666.4823755000252,1666.4846256250748,1666.502535958076,1666.502535958076,1666.502535958076,1668.1718235000735,100,1,[1.6689245000015944],[1.6689287920016795],p1,001,2025-11-12_18h22.21.983,Intentional Binding,,2025.1.1,None,2025-11-12 18h22.36.038209 +0530,
0.1,1000.0,exp,249,9,20,space,1.1530759159941226,None,300,1,[2.0973605839535594],[2.0973653339315206],20,9,249,3,1668.1804133330006,,1668.1719995000167,1668.1804133330006,1669.1703094160184,1669.1703094160184,1669.1703094160184,1670.3327055410482,space,1.1530759159941226,None,1670.3346588331042,1670.436472082689,1670.8900755411014,1670.8712110830238,1670.8733291660901,1670.8900755411014,1670.8900755411014,1670.8900755411014,1672.9878524580272,300,1,[2.0973605839535594],[2.0973653339315206],p1,001,2025-11-12_18h22.21.983,Intentional Binding,,2025.1.1,None,2025-11-12 18h22.36.038209 +0530,
0.7,1000.0,exp,250,10,20,space,2.025058291037567,None,200,1,[2.7978330840123817],[2.7978376670507714],20,10,250,5,1672.996556750033,,1672.988022916019,1672.996556750033,1673.987176500028,1673.987176500028,1673.987176500028,1676.0160442501074,space,2.025058291037567,None,1676.017982958001,1676.7196829167117,1677.1733327080728,1677.1544174160808,1677.156447583111,1677.1733327080728,1677.1733327080728,1677.1733327080728,1679.971532958094,200,1,[2.7978330840123817],[2.7978376670507714],p1,001,2025-11-12_18h22.21.983,Intentional Binding,,2025.1.1,None,2025-11-12 18h22.36.038209 +0530,
0.4,1000.0,exp,251,11,20,space,0.7078216669615358,None,300,1,[1.9563678749836981],[1.9563720419537276],20,11,251,7,1679.9797550000949,,1679.9717085830634,1679.9797550000949,1680.970127166016,1680.970127166016,1680.970127166016,1681.6828638750594,space,0.7078216669615358,None,1681.68424916605,1682.086136832779,1682.5398109160597,1682.5207422910025,1682.52277929103,1682.5398109160597,1682.5398109160597,1682.5398109160597,1684.4965538750403,300,1,[1.9563678749836981],[1.9563720419537276],p1,001,2025-11-12_18h22.21.983,Intentional Binding,,2025.1.1,None,2025-11-12 18h22.36.038209 +0530,
0.7,1000.0,exp,252,0,21,space,0.7679873750312254,None,400,1,[3.4796750410459936],[3.4796793330460787],21,0,252,11,1684.4998735000845,,1684.4967417500447,1684.4998735000845,1685.4879695000127,1685.4879695000127,1685.4974254580447,1686.2660199580714,space,0.7679873750312254,None,1686.2678382080048,1686.9698352077432,1687.4246905830223,1687.4052437910577,1687.4074416250223,1687.4246905830223,1687.4246905830223,1687.4246905830223,1690.9047324580606,400,1,[3.4796750410459936],[3.4796793330460787],p1,001,2025-11-12_18h22.21.983,Intentional Binding,,2025.1.1,None,2025-11-12 18h22.36.038209 +0530,
0.7,400.0,unexp,253,1,21,space,0.6643192500341684,None,300,1,[3.4780852909898385],[3.478090082993731],21,1,253,2,1690.9125280000735,,1690.904906416079,1690.9125280000735,1691.9034918330144,1691.9034918330144,1691.9034918330144,1692.5715409161057,space,0.6643192500341684,None,1692.5730762910098,1693.2808695417518,1693.7353440000443,1693.7153355000773,1693.7174149580533,1693.7353440000443,1693.7353440000443,1693.7353440000443,1697.2137965410948,300,1,[3.4780852909898385],[3.478090082993731],p1,001,2025-11-12_18h22.21.983,Intentional Binding,,2025.1.1,None,2025-11-12 18h22.36.038209 +0530,
0.4,1000.0,exp,254,2,21,space,0.5684894169680774,None,500,1,[2.1307134591042995],[2.1307182090822607],21,2,254,4,1697.2179445410147,,1697.2139732080977,1697.2179445410147,1698.2041513330769,1698.2041513330769,1698.2142107500695,1698.7823900000658,space,0.5684894169680774,None,1698.784234291059,1699.1862403327289,1699.639891375089,1699.6207006660989,1699.622766500106,1699.639891375089,1699.639891375089,1699.639891375089,1701.7710267080693,500,1,[2.1307134591042995],[2.1307182090822607],p1,001,2025-11-12_18h22.21.983,Intentional Binding,,2025.1.1,None,2025-11-12 18h22.36.038209 +0530,
0.7,1000.0,exp,255,3,21,space,1.8603853329550475,None,400,1,[2.531779667013325],[2.53178395901341],21,3,255,8,1701.7791943330085,,1701.7711982910987,1701.7791943330085,1702.7701886660652,1702.7701886660652,1702.7701886660652,1704.6325742080808,space,1.8603853329550475,None,1704.6345952081028,1705.3361072916925,1705.789182541077,1705.770073041087,1705.7721137080807,1705.789182541077,1705.789182541077,1705.789182541077,1708.3213280830532,400,1,[2.531779667013325],[2.53178395901341],p1,001,2025-11-12_18h22.21.983,Intentional Binding,,2025.1.1,None,2025-11-12 18h22.36.038209 +0530,
0.1,1000.0,exp,256,4,21,space,0.40103887498844415,None,100,1,[1.56334625009913],[1.5633513330249116],21,4,256,9,1708.3293964581098,,1708.321500500082,1708.3293964581098,1709.3202055410948,1709.3202055410948,1709.3202055410948,1709.7328090830706,space,0.40103887498844415,None,1709.7343754160684,1709.8360763326675,1710.2904579580063,1710.2700965410331,1710.2724591250299,1710.2904579580063,1710.2904579580063,1710.2904579580063,1711.8541785830166,100,1,[1.56334625009913],[1.5633513330249116],p1,001,2025-11-12_18h22.21.983,Intentional Binding,,2025.1.1,None,2025-11-12 18h22.36.038209 +0530,
0.4,1000.0,exp,257,5,21,space,0.5478540000040084,None,150,1,[2.3453651249874383],[2.345369750051759],21,5,257,7,1711.8629487080034,,1711.85435925005,1711.8629487080034,1712.853463833104,1712.853463833104,1712.853463833104,1713.4043062080164,space,0.5478540000040084,None,1713.405460458016,1713.8140224577548,1714.267160166055,1714.2483832500875,1714.2503557910677,1714.267160166055,1714.267160166055,1714.267160166055,1716.6128976250766,150,1,[2.3453651249874383],[2.345369750051759],p1,001,2025-11-12_18h22.21.983,Intentional Binding,,2025.1.1,None,2025-11-12 18h22.36.038209 +0530,
0.4,1000.0,exp,258,6,21,space,1.0049765839939937,None,400,1,[1.8988469999749213],[1.8988516249228269],21,6,258,10,1716.6161574160215,,1716.6130722910166,1716.6161574160215,1717.604272000026,1717.604272000026,1717.6139046660392,1718.6157310000854,space,1.0049765839939937,None,1718.6178030410083,1719.0199292076907,1719.472271541017,1719.4533730830299,1719.4554145410657,1719.472271541017,1719.472271541017,1719.472271541017,1721.3714622911066,400,1,[1.8988469999749213],[1.8988516249228269],p1,001,2025-11-12_18h22.21.983,Intentional Binding,,2025.1.1,None,2025-11-12 18h22.36.038209 +0530,
0.1,1000.0,exp,259,7,21,space,1.3132096249610186,None,200,1,[2.0945628330809996],[2.0945671250810847],21,7,259,3,1721.3797090000007,,1721.3716344580753,1721.3797090000007,1722.3698802910512,1722.3698802910512,1722.3698802910512,1723.6881462910678,space,1.3132096249610186,None,1723.6894229580648,1723.7971360827253,1724.251170250005,1724.2318954160437,1724.234046791098,1724.251170250005,1724.251170250005,1724.251170250005,1726.3461173330434,200,1,[2.0945628330809996],[2.0945671250810847],p1,001,2025-11-12_18h22.21.983,Intentional Binding,,2025.1.1,None,2025-11-12 18h22.36.038209 +0530,
0.1,400.0,unexp,260,8,21,space,0.9720752499997616,None,300,1,[2.173866375000216],[2.1738710830686614],21,8,260,0,1726.349351333105,,1726.3462898751022,1726.349351333105,1727.3368984580738,1727.3368984580738,1727.3469638751121,1728.3156793750823,space,0.9720752499997616,None,1728.317447166075,1728.4183280827167,1728.8730714160483,1728.853170166025,1728.8554851250956,1728.8730714160483,1728.8730714160483,1728.8730714160483,1731.0473486250266,300,1,[2.173866375000216],[2.1738710830686614],p1,001,2025-11-12_18h22.21.983,Intentional Binding,,2025.1.1,None,2025-11-12 18h22.36.038209 +0530,
0.4,400.0,unexp,261,9,21,space,0.8619032909628004,None,200,1,[1.9184578330023214],[1.9184627080103382],21,9,261,1,1731.0508630831027,,1731.047527250019,1731.0508630831027,1732.035925583099,1732.035925583099,1732.0470503750257,1732.9042694160016,space,0.8619032909628004,None,1732.905651875073,1733.313677499715,1733.7685011660215,1733.7482986660907,1733.7504019160988,1733.7685011660215,1733.7685011660215,1733.7685011660215,1735.687338541029,200,1,[1.9184578330023214],[1.9184627080103382],p1,001,2025-11-12_18h22.21.983,Intentional Binding,,2025.1.1,None,2025-11-12 18h22.36.038209 +0530,
0.1,1000.0,exp,262,10,21,space,22.94794187496882,None,100,1,[2.4769004159606993],[2.47690504102502],21,10,262,6,1735.6955038750311,,1735.687508000061,1735.6955038750311,1736.6864772080444,1736.6864772080444,1736.6864772080444,1759.63702920801,space,22.94794187496882,None,1759.6382179160137,1759.7471145827478,1760.201878291089,1760.1814107910031,1760.1838906659978,1760.201878291089,1760.201878291089,1760.201878291089,1762.6791547910543,100,1,[2.4769004159606993],[2.47690504102502],p1,001,2025-11-12_18h22.21.983,Intentional Binding,,2025.1.1,None,2025-11-12 18h22.36.038209 +0530,
0.7,1000.0,exp,263,11,21,space,1.584356583072804,None,400,1,[7.837682583951391],[7.8376997919986024],21,11,263,5,1762.6823713750346,,1762.6793292911025,1762.6823713750346,1763.670584708103,1763.670584708103,1763.6801640000194,1765.2649428750155,space,1.584356583072804,None,1765.266471458017,1765.9694497077182,1766.4243027080083,1766.4042880410561,1766.4065365830902,1766.4243027080083,1766.4243027080083,1766.4243027080083,1774.2623479580507,400,1,[7.837682583951391],[7.8376997919986024],p1,001,2025-11-12_18h22.21.983,Intentional Binding,,2025.1.1,None,2025-11-12 18h22.36.038209 +0530,
0.7,1000.0,exp,264,0,22,space,1.195210500038229,None,400,1,[2.319309832993895],[2.319314666907303],22,0,264,5,1774.2656352081103,,1774.2625425830483,1774.2656352081103,1775.2534887080546,1775.2534887080546,1775.2632835831027,1776.4541787500493,space,1.195210500038229,None,1776.4556310831103,1777.1635443326707,1777.6177753750235,1777.5974392500939,1777.5996692910558,1777.6177753750235,1777.6177753750235,1777.6177753750235,1779.9375349160982,400,1,[2.319309832993895],[2.319314666907303],p1,001,2025-11-12_18h22.21.983,Intentional Binding,,2025.1.1,None,2025-11-12 18h22.36.038209 +0530,
0.4,1000.0,exp,265,1,22,space,1.7792002080241218,None,300,1,[1.9867878330405802],[1.9867922080447897],22,1,265,10,1779.9457605830394,,1779.937736041029,1779.9457605830394,1780.936304083094,1780.936304083094,1780.936304083094,1782.7205376659986,space,1.7792002080241218,None,1782.721879625111,1783.1299804166813,1783.5838064580457,1783.5637352080084,1783.5659207080025,1783.5838064580457,1783.5838064580457,1783.5838064580457,1785.5709374160506,300,1,[1.9867878330405802],[1.9867922080447897],p1,001,2025-11-12_18h22.21.983,Intentional Binding,,2025.1.1,None,2025-11-12 18h22.36.038209 +0530,
0.7,1000.0,exp,266,2,22,space,2.269518750021234,None,700,1,[1.7135718750068918],[1.7135765419807285],22,2,266,11,1785.5783475410426,,1785.5711110000266,1785.5783475410426,1786.5687603330007,1786.5687603330007,1786.5687603330007,1788.8485403750092,space,2.269518750021234,None,1788.8506458330667,1789.5520250826996,1790.0063354161102,1789.9864377910271,1789.9887358330889,1790.0063354161102,1790.0063354161102,1790.0063354161102,1791.7202696250752,700,1,[1.7135718750068918],[1.7135765419807285],p1,001,2025-11-12_18h22.21.983,Intentional Binding,,2025.1.1,None,2025-11-12 18h22.36.038209 +0530,
0.4,400.0,unexp,267,3,22,space,17.477254667086527,None,200,1,[2.12692299997434],[2.1269280000124127],22,3,267,1,1791.7288868330652,,1791.720483708079,1791.7288868330652,1792.7195577080129,1792.7195577080129,1792.7195577080129,1810.2038138330681,space,17.477254667086527,None,1810.205045708106,1810.612914041678,1811.0691282910993,1811.047893375042,1811.050663583097,1811.0691282910993,1811.0691282910993,1811.0691282910993,1813.1964826250914,200,1,[2.12692299997434],[2.1269280000124127],p1,001,2025-11-12_18h22.21.983,Intentional Binding,,2025.1.1,None,2025-11-12 18h22.36.038209 +0530,
0.1,1000.0,exp,268,4,22,space,0.6710243750130758,None,300,1,[1.388277417048812],[1.388282167026773],22,4,268,6,1813.2002746250946,,1813.1966574580874,1813.2002746250946,1814.1853191250702,1814.1853191250702,1814.1962517501088,1814.8642823330592,space,0.6710243750130758,None,1814.8658871250227,1814.9674532077663,1815.424114375026,1815.4025569580263,1815.4055049580056,1815.424114375026,1815.424114375026,1815.424114375026,1816.8128150830744,300,1,[1.388277417048812],[1.388282167026773],p1,001,2025-11-12_18h22.21.983,Intentional Binding,,2025.1.1,None,2025-11-12 18h22.36.038209 +0530,
0.4,1000.0,exp,269,5,22,space,0.6425581669900566,None,400,1,[1.454797458020039],[1.4548020830843598],22,5,269,7,1816.816098375013,,1816.8129873330472,1816.816098375013,1817.8027729160385,1817.8027729160385,1817.8130219581071,1818.447685000021,space,0.6425581669900566,None,1818.4495747080073,1818.8518665827035,1819.3068472080631,1819.286773708067,1819.2890126249986,1819.3068472080631,1819.3068472080631,1819.3068472080631,1820.7619844580768,400,1,[1.454797458020039],[1.4548020830843598],p1,001,2025-11-12_18h22.21.983,Intentional Binding,,2025.1.1,None,2025-11-12 18h22.36.038209 +0530,
0.1,1000.0,exp,270,6,22,space,0.373479500063695,None,200,1,[1.5809169160202146],[1.5809215829940513],22,6,270,9,1820.7652592080412,,1820.762155708042,1820.7652592080412,1821.7526602080325,1821.7526602080325,1821.762926583062,1822.1314540830208,space,0.373479500063695,None,1822.1329425410368,1822.2350804997297,1822.6886162080336,1822.669089583098,1822.6713132500881,1822.6886162080336,1822.6886162080336,1822.6886162080336,1824.2698887080187,200,1,[1.5809169160202146],[1.5809215829940513],p1,001,2025-11-12_18h22.21.983,Intentional Binding,,2025.1.1,None,2025-11-12 18h22.36.038209 +0530,
0.1,1000.0,exp,271,7,22,space,0.6530043330276385,None,100,1,[1.7151669589802623],[1.7151712919585407],22,7,271,3,1824.2780222500442,,1824.2700635830406,1824.2780222500442,1825.2630229160422,1825.2630229160422,1825.2690686660353,1825.9186305000912,space,0.6530043330276385,None,1825.9197360830149,1826.017961374779,1826.4714181660675,1826.452038541087,1826.454262833111,1826.4714181660675,1826.4714181660675,1826.4714181660675,1828.1869600000791,100,1,[1.7151669589802623],[1.7151712919585407],p1,001,2025-11-12_18h22.21.983,Intentional Binding,,2025.1.1,None,2025-11-12 18h22.36.038209 +0530,
0.1,400.0,unexp,272,8,22,space,0.5229934999952093,None,500,1,[1.5983332919422537],[1.5983377499505877],22,8,272,0,1828.1954703330994,,1828.187130000093,1828.1954703330994,1829.1840750830015,1829.1840750830015,1829.1840750830015,1829.7139319580747,space,0.5229934999952093,None,1829.7150997080607,1829.8164665827683,1830.2715663330164,1830.251183083048,1830.2533446250018,1830.2715663330164,1830.2715663330164,1830.2715663330164,1831.870253625093,500,1,[1.5983332919422537],[1.5983377499505877],p1,001,2025-11-12_18h22.21.983,Intentional Binding,,2025.1.1,None,2025-11-12 18h22.36.038209 +0530,
0.7,1000.0,exp,273,9,22,space,0.4187210409436375,None,300,1,[1.0648246670607477],[1.0648293329868466],22,9,273,8,1831.8784315830562,,1831.8704265831038,1831.8784315830562,1832.8692152500153,1832.8692152500153,1832.8692152500153,1833.2975866660709,space,0.4187210409436375,None,1833.2990527080838,1834.0017701247164,1834.4546019580448,1834.4356103750179,1834.4375752910273,1834.4546019580448,1834.4546019580448,1834.4546019580448,1835.5198057080852,300,1,[1.0648246670607477],[1.0648293329868466],p1,001,2025-11-12_18h22.21.983,Intentional Binding,,2025.1.1,None,2025-11-12 18h22.36.038209 +0530,
0.7,400.0,unexp,274,10,22,space,0.3718753339489922,None,400,1,[1.8314089589985088],[1.8314132500672713],22,10,274,2,1835.5284955410752,,1835.5199787910096,1835.5284955410752,1836.5189896250376,1836.5189896250376,1836.5189896250376,1836.8980015830602,space,0.3718753339489922,None,1836.899771166034,1837.601564332672,1838.05465491605,1838.0356298330007,1838.0378455410246,1838.05465491605,1838.05465491605,1838.05465491605,1839.8864306660835,400,1,[1.8314089589985088],[1.8314132500672713],p1,001,2025-11-12_18h22.21.983,Intentional Binding,,2025.1.1,None,2025-11-12 18h22.36.038209 +0530,
0.4,1000.0,exp,275,11,22,space,0.8720300000859424,None,300,1,[2.4071809579618275],[2.4071858749957755],22,11,275,4,1839.8951047500595,,1839.8866142081097,1839.8951047500595,1840.8858142910758,1840.8858142910758,1840.8858142910758,1841.7646964160958,space,0.8720300000859424,None,1841.766240958008,1842.1683081247068,1842.6217143330723,1842.602249000105,1842.6044066660106,1842.6217143330723,1842.6217143330723,1842.6217143330723,1845.029270958039,300,1,[2.4071809579618275],[2.4071858749957755],p1,001,2025-11-12_18h22.21.983,Intentional Binding,,2025.1.1,None,2025-11-12 18h22.36.038209 +0530,
0.4,1000.0,exp,276,0,23,space,0.3134283749386668,None,500,1,[1.6531645000213757],[1.6531689580297098],23,0,276,10,1845.032832249999,,1845.0294450410875,1845.032832249999,1846.0192205830244,1846.0192205830244,1846.029655875056,1846.3372410830343,space,0.3134283749386668,None,1846.3385312081082,1846.7460905827504,1847.199481000076,1847.1806279160082,1847.18280900002,1847.199481000076,1847.199481000076,1847.199481000076,1848.8530210000463,500,1,[1.6531645000213757],[1.6531689580297098],p1,001,2025-11-12_18h22.21.983,Intentional Binding,,2025.1.1,None,2025-11-12 18h22.36.038209 +0530,
0.4,1000.0,exp,277,1,23,space,4.067021833965555,None,200,1,[2.7189018330536783],[2.7189066250575706],23,1,277,4,1848.8614469580352,,1848.8531933330232,1848.8614469580352,1849.846027041087,1849.846027041087,1849.8523150410037,1853.9199095000513,space,4.067021833965555,None,1853.9211190830683,1854.3294246247426,1854.784006250091,1854.7641182910884,1854.7661201660521,1854.784006250091,1854.784006250091,1854.784006250091,1857.503282125108,200,1,[2.7189018330536783],[2.7189066250575706],p1,001,2025-11-12_18h22.21.983,Intentional Binding,,2025.1.1,None,2025-11-12 18h22.36.038209 +0530,
0.4,400.0,unexp,278,2,23,space,1.7440137090161443,None,300,1,[1.8366959999548271],[1.8367008329369128],23,2,278,1,1857.5115352080902,,1857.5034541250207,1857.5115352080902,1858.5024299580837,1858.5024299580837,1858.5024299580837,1860.252387875109,space,1.7440137090161443,None,1860.2535232080845,1860.662474249668,1861.1156946250703,1861.0967182910535,1861.0988990830956,1861.1156946250703,1861.1156946250703,1861.1156946250703,1862.9527556250105,300,1,[1.8366959999548271],[1.8367008329369128],p1,001,2025-11-12_18h22.21.983,Intentional Binding,,2025.1.1,None,2025-11-12 18h22.36.038209 +0530,
0.4,1000.0,exp,279,3,23,space,1.4532427079975605,None,300,1,[1.5807218339759856],[1.5807263749884441],23,3,279,7,1862.9617956660222,,1862.95292733307,1862.9617956660222,1863.9512533750385,1863.9512533750385,1863.9512533750385,1865.41450850002,space,1.4532427079975605,None,1865.4159903750988,1865.8181282077605,1866.271798666101,1866.2520758330356,1866.2542849580059,1866.271798666101,1866.271798666101,1866.271798666101,1867.8528869580477,300,1,[1.5807218339759856],[1.5807263749884441],p1,001,2025-11-12_18h22.21.983,Intentional Binding,,2025.1.1,None,2025-11-12 18h22.36.038209 +0530,
0.7,400.0,unexp,280,4,23,space,2.636323667014949,None,200,1,[2.6447770829545334],[2.6447819579625502],23,4,280,2,1867.8615462500602,,1867.8530596250203,1867.8615462500602,1868.8460066660773,1868.8460066660773,1868.8523642501095,1871.486591041088,space,2.636323667014949,None,1871.4876890830928,1872.1959022917474,1872.6504589160904,1872.630785083049,1872.632972875028,1872.6504589160904,1872.6504589160904,1872.6504589160904,1875.2955936660292,200,1,[2.6447770829545334],[2.6447819579625502],p1,001,2025-11-12_18h22.21.983,Intentional Binding,,2025.1.1,None,2025-11-12 18h22.36.038209 +0530,
0.1,1000.0,exp,281,5,23,space,6.0476711669471115,None,300,1,[1.513405125006102],[1.513409832958132],23,5,281,9,1875.299308125046,,1875.295768000069,1875.299308125046,1876.2862724160077,1876.2862724160077,1876.2956967500504,1882.3361690830206,space,6.0476711669471115,None,1882.3372788750567,1882.4457537497549,1882.8990459580673,1882.8803395830328,1882.8823562080506,1882.8990459580673,1882.8990459580673,1882.8990459580673,1884.4128069580765,300,1,[1.513405125006102],[1.513409832958132],p1,001,2025-11-12_18h22.21.983,Intentional Binding,,2025.1.1,None,2025-11-12 18h22.36.038209 +0530,
0.1,1000.0,exp,282,6,23,space,1.0152706670342013,None,100,1,[2.585060750017874],[2.5850650831125677],23,6,282,3,1884.4162771661067,,1884.4129943751032,1884.4162771661067,1885.4022467910545,1885.4022467910545,1885.4124807080952,1886.4189599161036,space,1.0152706670342013,None,1886.4202784580411,1886.5289184997712,1886.9837115830742,1886.9638217911124,1886.9660041250754,1886.9837115830742,1886.9837115830742,1886.9837115830742,1889.5691490410827,100,1,[2.585060750017874],[2.5850650831125677],p1,001,2025-11-12_18h22.21.983,Intentional Binding,,2025.1.1,None,2025-11-12 18h22.36.038209 +0530,
0.1,400.0,unexp,283,7,23,space,0.462640666984953,None,200,1,[2.872577583999373],[2.872582291951403],23,7,283,0,1889.5777295830194,,1889.5693217910593,1889.5777295830194,1890.5623916661134,1890.5623916661134,1890.568910791073,1891.0306800410617,space,0.462640666984953,None,1891.032457916066,1891.1348205827564,1891.5892447910737,1891.5695789580932,1891.5715895000612,1891.5892447910737,1891.5892447910737,1891.5892447910737,1894.4622008330189,200,1,[2.872577583999373],[2.872582291951403],p1,001,2025-11-12_18h22.21.983,Intentional Binding,,2025.1.1,None,2025-11-12 18h22.36.038209 +0530,
0.7,1000.0,exp,284,8,23,space,0.5640452920924872,None,600,1,[1.3704297080403194],[1.370434332988225],23,8,284,5,1894.4661012500292,,1894.4623705410631,1894.4661012500292,1895.4512754580937,1895.4512754580937,1895.4623072081013,1896.0198023330886,space,0.5640452920924872,None,1896.0210571250645,1896.729098874672,1897.182540625101,1897.1635533750523,1897.1657920000143,1897.182540625101,1897.182540625101,1897.182540625101,1898.5533112910343,600,1,[1.3704297080403194],[1.370434332988225],p1,001,2025-11-12_18h22.21.983,Intentional Binding,,2025.1.1,None,2025-11-12 18h22.36.038209 +0530,
0.7,1000.0,exp,285,9,23,space,0.5341400420293212,None,600,1,[1.9556298750685528],[1.9556345830205828],23,9,285,8,1898.560753500089,,1898.5534800000023,1898.560753500089,1899.5519050830044,1899.5519050830044,1899.5519050830044,1900.0974239161005,space,0.5341400420293212,None,1900.0989521250594,1900.8011290417674,1901.2548365000403,1901.2358939161059,1901.2378781250445,1901.2548365000403,1901.2548365000403,1901.2548365000403,1903.210831791046,600,1,[1.9556298750685528],[1.9556345830205828],p1,001,2025-11-12_18h22.21.983,Intentional Binding,,2025.1.1,None,2025-11-12 18h22.36.038209 +0530,
0.7,1000.0,exp,286,10,23,space,0.28734962502494454,None,700,1,[1.6977121249074116],[1.6977167919976637],23,10,286,11,1903.2140921250684,,1903.2110297500622,1903.2140921250684,1904.2016770000337,1904.2016770000337,1904.2122037500376,1904.496821833076,space,0.28734962502494454,None,1904.4983475831104,1905.2009261247624,1905.6546176250558,1905.6355358330766,1905.6374867080012,1905.6546176250558,1905.6546176250558,1905.6546176250558,1907.3526968330843,700,1,[1.6977121249074116],[1.6977167919976637],p1,001,2025-11-12_18h22.21.983,Intentional Binding,,2025.1.1,None,2025-11-12 18h22.36.038209 +0530,
0.1,1000.0,exp,287,11,23,space,0.6643077499466017,None,200,1,[1.8629034579498693],[1.862908042035997],23,11,287,6,1907.3607345410855,,1907.3528679580195,1907.3607345410855,1908.351653541089,1908.351653541089,1908.351653541089,1909.019625750021,space,0.6643077499466017,None,1909.0211706251139,1909.1288111247743,1909.5820218330482,1909.5625540410401,1909.5646673330339,1909.5820218330482,1909.5820218330482,1909.5820218330482,1911.4453130000038,200,1,[1.8629034579498693],[1.862908042035997],p1,001,2025-11-12_18h22.21.983,Intentional Binding,,2025.1.1,None,2025-11-12 18h22.36.038209 +0530,
0.4,400.0,unexp,288,0,24,space,0.4454158330336213,None,400,1,[1.4456767500378191],[1.4456814579898492],24,0,288,1,1911.4486897080205,,1911.44548200001,1911.4486897080205,1912.4353911250364,1912.4353911250364,1912.4454634160502,1912.886387916049,space,0.4454158330336213,None,1912.8875424580183,1913.2953611247397,1913.7497061250033,1913.730154165998,1913.7322224579984,1913.7497061250033,1913.7497061250033,1913.7497061250033,1915.1957532080123,400,1,[1.4456767500378191],[1.4456814579898492],p1,001,2025-11-12_18h22.21.983,Intentional Binding,,2025.1.1,None,2025-11-12 18h22.36.038209 +0530,
0.4,1000.0,exp,289,1,24,space,0.2823451249860227,None,300,1,[1.814223708002828],[1.8142282920889556],24,1,289,7,1915.1993639580905,,1915.1959355410654,1915.1993639580905,1916.1843717080774,1916.1843717080774,1916.1955256250221,1916.4695031250594,space,0.2823451249860227,None,1916.471060333075,1916.8786950417018,1917.3311954580713,1917.312425791053,1917.3143942500465,1917.3311954580713,1917.3311954580713,1917.3311954580713,1919.1457762080245,300,1,[1.814223708002828],[1.8142282920889556],p1,001,2025-11-12_18h22.21.983,Intentional Binding,,2025.1.1,None,2025-11-12 18h22.36.038209 +0530,
0.7,400.0,unexp,290,2,24,space,0.5113483329769224,None,500,1,[1.9619636250426993],[1.9619688750244677],24,2,290,2,1919.1494842910906,,1919.1459462500643,1919.1494842910906,1920.13523158303,1920.13523158303,1920.1455766250147,1920.6525698330952,space,0.5113483329769224,None,1920.6536850830307,1921.3619522917472,1921.816273250035,1921.7968101250008,1921.7989440000383,1921.816273250035,1921.816273250035,1921.816273250035,1923.7786501660012,500,1,[1.9619636250426993],[1.9619688750244677],p1,001,2025-11-12_18h22.21.983,Intentional Binding,,2025.1.1,None,2025-11-12 18h22.36.038209 +0530,
0.4,1000.0,exp,291,3,24,space,1.481770584010519,None,400,1,[1.0887394580058753],[1.0887437919154763],24,3,291,10,1923.7821766251,,1923.778821041109,1923.7821766251,1924.7778085831087,1924.7778085831087,1924.7778085831087,1926.2637349580182,space,1.481770584010519,None,1926.26551450009,1926.6676422916973,1927.1220265830634,1927.1026206660317,1927.1049425000092,1927.1220265830634,1927.1220265830634,1927.1220265830634,1928.211144666071,400,1,[1.0887394580058753],[1.0887437919154763],p1,001,2025-11-12_18h22.21.983,Intentional Binding,,2025.1.1,None,2025-11-12 18h22.36.038209 +0530,
0.4,1000.0,exp,292,4,24,space,0.7245586250210181,None,200,1,[1.4719807499786839],[1.471985250012949],24,4,292,4,1928.2143535830546,,1928.2113203330664,1928.2143535830546,1929.2019106250955,1929.2019106250955,1929.211954208091,1929.9304797080113,space,0.7245586250210181,None,1929.9323140410706,1930.3342067497472,1930.78860829107,1930.7688432080904,1930.7719376661116,1930.78860829107,1930.78860829107,1930.78860829107,1932.2609705830691,200,1,[1.4719807499786839],[1.471985250012949],p1,001,2025-11-12_18h22.21.983,Intentional Binding,,2025.1.1,None,2025-11-12 18h22.36.038209 +0530,
0.1,1000.0,exp,293,5,24,space,1.6196382079506293,None,"100
",1,[3.6894364160252735],[3.689441332942806],24,5,293,6,1932.2643010410247,,1932.2611415410647,1932.2643010410247,1933.2516237080563,1933.2516237080563,1933.2621791660786,1934.8799817910185,space,1.6196382079506293,None,1934.8815442080377,1934.9843029997467,1935.4386306660017,1935.4190559580456,1935.4212374580093,1935.4386306660017,1935.4386306660017,1935.4386306660017,1939.1284526250092,"100
",1,[3.6894364160252735],[3.689441332942806],p1,001,2025-11-12_18h22.21.983,Intentional Binding,,2025.1.1,None,2025-11-12 18h22.36.038209 +0530,
0.1,1000.0,exp,294,6,24,space,1.1535182079533115,None,100,1,[1.414118458982557],[1.4141233749687672],24,6,294,9,1939.1319252910325,,1939.1286252500722,1939.1319252910325,1940.1186765000457,1940.1186765000457,1940.1287045000354,1941.2804070001002,space,1.1535182079533115,None,1941.2823027500417,1941.3832975826847,1941.8380108330166,1941.818083625054,1941.8202524580993,1941.8380108330166,1941.8380108330166,1941.8380108330166,1943.2524990410311,100,1,[1.414118458982557],[1.4141233749687672],p1,001,2025-11-12_18h22.21.983,Intentional Binding,,2025.1.1,None,2025-11-12 18h22.36.038209 +0530,
0.7,1000.0,exp,295,7,24,space,0.5248869999777526,None,400,1,[1.523368833004497],[1.5233732500346377],24,7,295,5,1943.2605436660815,,1943.2526697500143,1943.2605436660815,1944.251231250004,1944.251231250004,1944.251231250004,1944.7802439581137,space,0.5248869999777526,None,1944.7817363330396,1945.4839644997303,1945.9374342081137,1945.9177850830602,1945.920002625091,1945.9374342081137,1945.9374342081137,1945.9374342081137,1947.4611647500424,400,1,[1.523368833004497],[1.5233732500346377],p1,001,2025-11-12_18h22.21.983,Intentional Binding,,2025.1.1,None,2025-11-12 18h22.36.038209 +0530,
0.7,1000.0,exp,296,8,24,space,1.5773967079585418,None,200 ,1,[2.906638541026041],[2.9066432079998776],24,8,296,11,1947.4648485410726,,1947.4613507910399,1947.4648485410726,1948.450843291008,1948.450843291008,1948.461989708012,1950.0296802500961,space,1.5773967079585418,None,1950.0311461660312,1950.7339118327402,1951.1884449160425,1951.168897708063,1951.1710846250644,1951.1884449160425,1951.1884449160425,1951.1884449160425,1954.0954493330792,200 ,1,[2.906638541026041],[2.9066432079998776],p1,001,2025-11-12_18h22.21.983,Intentional Binding,,2025.1.1,None,2025-11-12 18h22.36.038209 +0530,
0.1,400.0,unexp,297,9,24,space,112.29193058295641,None,200,1,[3.6498195419553667],[3.6498244169633836],24,9,297,0,1954.0991881251102,,1954.0956236660713,1954.0991881251102,1955.0852223330876,1955.0852223330876,1955.095158791053,2067.3799690830056,space,112.29193058295641,None,2067.382314833114,2067.480127041756,2067.9349263750482,2067.914586375002,2067.9168383750366,2067.9349263750482,2067.9349263750482,2067.9349263750482,2071.585138416034,200,1,[3.6498195419553667],[3.6498244169633836],p1,001,2025-11-12_18h22.21.983,Intentional Binding,,2025.1.1,None,2025-11-12 18h22.36.038209 +0530,
0.1,1000.0,exp,298,10,24,space,0.4528287500143051,None,300,1,[10.685786791029386],[10.685792083037086],24,10,298,3,2071.5926680000266,,2071.5853382080095,2071.5926680000266,2072.5835339160403,2072.5835339160403,2072.5835339160403,2073.045300750062,space,0.4528287500143051,None,2073.046667041024,2073.150492624675,2073.6064262910513,2073.5847858330235,2073.5879362080013,2073.6064262910513,2073.6064262910513,2073.6064262910513,2084.2926697080256,300,1,[10.685786791029386],[10.685792083037086],p1,001,2025-11-12_18h22.21.983,Intentional Binding,,2025.1.1,None,2025-11-12 18h22.36.038209 +0530,
0.7,1000.0,exp,299,11,24,space,0.3607177500380203,None,500,1,[2.704617458046414],[2.7046489999629557],24,11,299,8,2084.29635245807,,2084.2931475830264,2084.29635245807,2085.283663875074,2085.283663875074,2085.2939741250593,2085.651580250007,space,0.3607177500380203,None,2085.6531731660943,2086.3609103327076,2086.8125017500715,2086.7948820000747,2086.796080708038,2086.8125017500715,2086.8125017500715,2086.8125017500715,2089.517824000097,500,1,[2.704617458046414],[2.7046489999629557],p1,001,2025-11-12_18h22.21.983,Intentional Binding,,2025.1.1,None,2025-11-12 18h22.36.038209 +0530,
0.4,1000.0,exp,300,0,25,space,0.6623908330220729,None,400,1,[2.998507625074126],[2.998513500089757],25,0,300,7,2089.5261318330886,,2089.519829125027,2089.5261318330886,2090.5157738750568,2090.5157738750568,2090.5157738750568,2091.1797640830046,space,0.6623908330220729,None,2091.1821000000928,2091.5824314577662,2092.046095875092,2092.0171685001114,2092.0193967500236,2092.046095875092,2092.046095875092,2092.046095875092,2095.045099125011,400,1,[2.998507625074126],[2.998513500089757],p1,001,2025-11-12_18h22.21.983,Intentional Binding,,2025.1.1,None,2025-11-12 18h22.36.038209 +0530,
0.7,1000.0,exp,301,1,25,space,0.3830387080088258,None,300,1,[3.0937582090264186],[3.0937627089442685],25,1,301,11,2095.0489902910776,,2095.045686250087,2095.0489902910776,2096.0442091251025,2096.0442091251025,2096.0498255830025,2096.4303141250275,space,0.3830387080088258,None,2096.433351833024,2097.133474999752,2097.590390291065,2097.5685090000043,2097.5711249160813,2097.590390291065,2097.590390291065,2097.590390291065,2100.6845181250246,300,1,[3.0937582090264186],[3.0937627089442685],p1,001,2025-11-12_18h22.21.983,Intentional Binding,,2025.1.1,None,2025-11-12 18h22.36.038209 +0530,
0.1,1000.0,exp,302,2,25,space,0.4034143330063671,None,300,1,[5.402464416925795],[5.402468791930005],25,2,302,3,2100.692941333051,,2100.6846919161035,2100.692941333051,2101.6835579581093,2101.6835579581093,2101.6835579581093,2102.095238625072,space,0.4034143330063671,None,2102.09689600009,2102.201904582737,2102.6567243750906,2102.6366902911104,2102.6388997910544,2102.6567243750906,2102.6567243750906,2102.6567243750906,2108.0595769160427,300,1,[5.402464416925795],[5.402468791930005],p1,001,2025-11-12_18h22.21.983,Intentional Binding,,2025.1.1,None,2025-11-12 18h22.36.038209 +0530,
0.4,400.0,unexp,303,3,25,space,2.236995083047077,None,400,1,[2.1314017500262707],[2.131406540982425],25,3,303,1,2108.0630998749984,,2108.0598410830135,2108.0630998749984,2109.050169666065,2109.050169666065,2109.0605310000246,2111.2949773330474,space,2.236995083047077,None,2111.296195208095,2111.6992205826723,2112.152441458078,2112.1334822500357,2112.1354920410085,2112.152441458078,2112.152441458078,2112.152441458078,2114.284237958025,400,1,[2.1314017500262707],[2.131406540982425],p1,001,2025-11-12_18h22.21.983,Intentional Binding,,2025.1.1,None,2025-11-12 18h22.36.038209 +0530,
0.7,1000.0,exp,304,4,25,space,9.514087292016484,None,400,1,[1.8560320830438286],[1.8560367079917341],25,4,304,5,2114.2923560410272,,2114.284418041003,2114.2923560410272,2115.2774327500956,2115.2774327500956,2115.283543416066,2124.7953097911086,space,9.514087292016484,None,2124.796800125041,2125.499264249757,2125.9538794161053,2125.9341631660936,2125.936477041105,2125.9538794161053,2125.9538794161053,2125.9538794161053,2127.810274166055,400,1,[1.8560320830438286],[1.8560367079917341],p1,001,2025-11-12_18h22.21.983,Intentional Binding,,2025.1.1,None,2025-11-12 18h22.36.038209 +0530,
0.1,400.0,unexp,305,5,25,space,0.6006194159854203,None,200,1,[3.1228777080541477],[3.122882333002053],25,5,305,0,2127.813505875063,,2127.810446583084,2127.813505875063,2128.8004701250466,2128.8004701250466,2128.810259250109,2129.411816875101,space,0.6006194159854203,None,2129.4135239160387,2129.5149674997124,2129.970230125007,2129.9499837500043,2129.9524217500584,2129.970230125007,2129.970230125007,2129.970230125007,2133.0934889160562,200,1,[3.1228777080541477],[3.122882333002053],p1,001,2025-11-12_18h22.21.983,Intentional Binding,,2025.1.1,None,2025-11-12 18h22.36.038209 +0530,
0.1,1000.0,exp,306,6,25,space,0.5706473339814693,None,200,1,[2.7905341659206897],[2.790538916015066],25,6,306,6,2133.0967915831134,,2133.093670875067,2133.0967915831134,2134.081860083039,2134.081860083039,2134.093608041061,2134.662137375097,space,0.5706473339814693,None,2134.663721458055,2134.7658492077067,2135.2192780830665,2135.2002868750133,2135.2022909580264,2135.2192780830665,2135.2192780830665,2135.2192780830665,2138.0102350410307,200,1,[2.7905341659206897],[2.790538916015066],p1,001,2025-11-12_18h22.21.983,Intentional Binding,,2025.1.1,None,2025-11-12 18h22.36.038209 +0530,
0.7,400.0,unexp,307,7,25,space,0.5521000829758123,None,300,1,[1.9992225000169128],[1.999228166998364],25,7,307,2,2138.013597708079,,2138.01040704106,2138.013597708079,2138.998767791083,2138.998767791083,2139.010189833003,2139.5621287500253,space,0.5521000829758123,None,2139.5640784160933,2140.2643751666806,2140.717893458088,2140.698594333022,2140.7006410410395,2140.717893458088,2140.717893458088,2140.717893458088,2142.717490583076,300,1,[1.9992225000169128],[1.999228166998364],p1,001,2025-11-12_18h22.21.983,Intentional Binding,,2025.1.1,None,2025-11-12 18h22.36.038209 +0530,
0.4,1000.0,exp,308,8,25,space,1.685446707997471,None,300,1,[2.5705017499858513],[2.5705060409381986],25,8,308,4,2142.725664708065,,2142.7176649580942,2142.725664708065,2143.716247500037,2143.716247500037,2143.716247500037,2145.411465791054,space,1.685446707997471,None,2145.4129214161076,2145.8156779996975,2146.271599291009,2146.2497572080465,2146.252402291051,2146.271599291009,2146.271599291009,2146.271599291009,2148.842468875111,300,1,[2.5705017499858513],[2.5705060409381986],p1,001,2025-11-12_18h22.21.983,Intentional Binding,,2025.1.1,None,2025-11-12 18h22.36.038209 +0530,
0.4,1000.0,exp,309,9,25,space,1.175362499896437,None,400,1,[27.223231999902055],[27.223236916936003],25,9,309,10,2148.845755333081,,2148.8426432081033,2148.845755333081,2149.8331697910326,2149.8331697910326,2149.843421041034,2151.012024458032,space,1.175362499896437,None,2151.0139193331124,2151.415371291751,2151.8695012080716,2151.849586125114,2151.851769541041,2151.8695012080716,2151.8695012080716,2151.8695012080716,2179.0931060410803,400,1,[27.223231999902055],[27.223236916936003],p1,001,2025-11-12_18h22.21.983,Intentional Binding,,2025.1.1,None,2025-11-12 18h22.36.038209 +0530,
0.1,1000.0,exp,310,10,25,space,0.804588875034824,None,200,1,[2.2482782910810784],[2.2482828750507906],25,10,310,9,2179.0965798330726,,2179.093292750069,2179.0965798330726,2180.082139208098,2180.082139208098,2180.0934102910105,2180.8951196250273,space,0.804588875034824,None,2180.8972320830217,2180.9976846246905,2181.4515057910467,2181.4324597910745,2181.434488333063,2181.4515057910467,2181.4515057910467,2181.4515057910467,2183.7002174160443,200,1,[2.2482782910810784],[2.2482828750507906],p1,001,2025-11-12_18h22.21.983,Intentional Binding,,2025.1.1,None,2025-11-12 18h22.36.038209 +0530,
0.7,1000.0,exp,311,11,25,space,2.315950374933891,None,500,1,[1.9485536250285804],[1.948567167040892],25,11,311,8,2183.708830458112,,2183.700387416058,2183.708830458112,2184.69972325,2184.69972325,2184.69972325,2187.028330875095,space,2.315950374933891,None,2187.0306865000166,2187.7312617496978,2188.184368458111,2188.1657611660194,2188.1678109160857,2188.184368458111,2188.184368458111,2188.184368458111,2190.133292375016,500,1,[1.9485536250285804],[1.948567167040892],p1,001,2025-11-12_18h22.21.983,Intentional Binding,,2025.1.1,None,2025-11-12 18h22.36.038209 +0530,
0.7,1000.0,exp,312,0,26,space,1.004986249958165,None,400,1,[1.8636327090207487],[1.8636374999769032],26,0,312,11,2190.1417508750455,,2190.1334614160005,2190.1417508750455,2191.126430625096,2191.126430625096,2191.132924125064,2192.14489062503,space,1.004986249958165,None,2192.1470704580424,2192.8484237917623,2193.3034976660274,2193.283315416076,2193.2856790000806,2193.3034976660274,2193.3034976660274,2193.3034976660274,2195.1675275410526,400,1,[1.8636327090207487],[1.8636374999769032],p1,001,2025-11-12_18h22.21.983,Intentional Binding,,2025.1.1,None,2025-11-12 18h22.36.038209 +0530,
0.1,1000.0,exp,313,1,26,space,1.4924382920144126,None,300,1,[2.0510599579429254],[2.0510645830072463],26,1,313,9,2195.1755983330077,,2195.167700375081,2195.1755983330077,2196.165980000049,2196.165980000049,2196.165980000049,2197.6624386660988,space,1.4924382920144126,None,2197.664414750063,2197.762305374669,2198.216173208086,2198.197231875034,2198.199258958106,2198.216173208086,2198.216173208086,2198.216173208086,2200.26762675005,300,1,[2.0510599579429254],[2.0510645830072463],p1,001,2025-11-12_18h22.21.983,Intentional Binding,,2025.1.1,None,2025-11-12 18h22.36.038209 +0530,
0.4,1000.0,exp,314,2,26,space,2.9988665420096368,None,300,1,[4.937966459081508],[4.93797154200729],26,2,314,4,2200.275410666014,,2200.2679292910034,2200.275410666014,2201.264359875,2201.264359875,2201.264359875,2204.2671283750096,space,2.9988665420096368,None,2204.268840958015,2204.6764030417585,2205.128507250105,2205.110213958076,2205.1118366250303,2205.128507250105,2205.128507250105,2205.128507250105,2210.066840750049,300,1,[4.937966459081508],[4.93797154200729],p1,001,2025-11-12_18h22.21.983,Intentional Binding,,2025.1.1,None,2025-11-12 18h22.36.038209 +0530,
0.1,1000.0,exp,315,3,26,space,1.3417704160092399,None,200,1,[2.665104459039867],[2.665108709014021],26,3,315,6,2210.0757707500597,,2210.0670140830334,2210.0757707500597,2211.065585583099,2211.065585583099,2211.065585583099,2212.4113462910755,space,1.3417704160092399,None,2212.413457541028,2212.5141398327582,2212.9680128750624,2212.9489746660693,2212.950931750005,2212.9680128750624,2212.9680128750624,2212.9680128750624,2215.6334755830467,200,1,[2.665104459039867],[2.665108709014021],p1,001,2025-11-12_18h22.21.983,Intentional Binding,,2025.1.1,None,2025-11-12 18h22.36.038209 +0530,
0.4,1000.0,exp,316,4,26,space,0.6174241669941694,None,300,1,[1.8557489579543471],[1.8557535000145435],26,4,316,7,2215.6413680830738,,2215.6336496250005,2215.6413680830738,2216.6317026250763,2216.6317026250763,2216.6317026250763,2217.261019083089,space,0.6174241669941694,None,2217.263137791073,2217.6652263746987,2218.119008791051,2218.100112916087,2218.102188333054,2218.119008791051,2218.119008791051,2218.119008791051,2219.9751278751064,300,1,[1.8557489579543471],[1.8557535000145435],p1,001,2025-11-12_18h22.21.983,Intentional Binding,,2025.1.1,None,2025-11-12 18h22.36.038209 +0530,
0.1,1000.0,exp,317,5,26,space,0.7074562499765307,None,100,1,[2.8409657089505345],[2.8409705420490354],26,5,317,3,2219.978407500079,,2219.975301166065,2219.978407500079,2220.9656937080435,2220.9656937080435,2220.976357208099,2221.677696000086,space,0.7074562499765307,None,2221.6793727080803,2221.781294124729,2222.235345125082,2222.215681875008,2222.2178027910413,2222.235345125082,2222.235345125082,2222.235345125082,2225.0767021659994,100,1,[2.8409657089505345],[2.8409705420490354],p1,001,2025-11-12_18h22.21.983,Intentional Binding,,2025.1.1,None,2025-11-12 18h22.36.038209 +0530,
0.7,400.0,unexp,318,6,26,space,0.4795393330277875,None,600,1,[2.486737292027101],[2.4867418750654906],26,6,318,2,2225.080572041101,,2225.076887250063,2225.080572041101,2226.0654197500553,2226.0654197500553,2226.0759780410444,2226.5490005410975,space,0.4795393330277875,None,2226.5501580000855,2227.248561207733,2227.704723083065,2227.683309000102,2227.6858008750714,2227.704723083065,2227.704723083065,2227.704723083065,2230.191821000073,600,1,[2.486737292027101],[2.4867418750654906],p1,001,2025-11-12_18h22.21.983,Intentional Binding,,2025.1.1,None,2025-11-12 18h22.36.038209 +0530,
0.4,1000.0,exp,319,7,26,space,0.8276652499334887,None,300,1,[1.9786420828895643],[1.9786466249497607],26,7,319,10,2230.195260666078,,2230.192000833107,2230.195260666078,2231.183377291076,2231.183377291076,2231.192534916103,2232.01730770804,space,0.8276652499334887,None,2232.0184884580085,2232.426188624759,2232.879745375016,2232.860757291084,2232.8628017910523,2232.879745375016,2232.879745375016,2232.879745375016,2234.8587293330347,300,1,[1.9786420828895643],[1.9786466249497607],p1,001,2025-11-12_18h22.21.983,Intentional Binding,,2025.1.1,None,2025-11-12 18h22.36.038209 +0530,
0.1,400.0,unexp,320,8,26,space,1.16806220903527,None,300,1,[10.140212125028484],[10.140216625062749],26,8,320,0,2234.8621316250646,,2234.8589411251014,2234.8621316250646,2235.8497109160526,2235.8497109160526,2235.859019958065,2237.0277888750425,space,1.16806220903527,None,2237.029748916044,2237.1304150417604,2237.584441208048,2237.5648771250853,2237.5669145000866,2237.584441208048,2237.584441208048,2237.584441208048,2247.7250038750935,300,1,[10.140212125028484],[10.140216625062749],p1,001,2025-11-12_18h22.21.983,Intentional Binding,,2025.1.1,None,2025-11-12 18h22.36.038209 +0530,
0.7,1000.0,exp,321,9,26,space,1.1935150839854032,None,500,1,[2.5969177910592407],[2.5969224580330774],26,9,321,5,2247.7283362080343,,2247.7252058330923,2247.7283362080343,2248.715660665999,2248.715660665999,2248.725671958062,2249.9223813330755,space,1.1935150839854032,None,2249.923383208108,2250.6258036667173,2251.078899208107,2251.060053666006,2251.062131166109,2251.078899208107,2251.078899208107,2251.078899208107,2253.6761981660966,500,1,[2.5969177910592407],[2.5969224580330774],p1,001,2025-11-12_18h22.21.983,Intentional Binding,,2025.1.1,None,2025-11-12 18h22.36.038209 +0530,
0.4,400.0,unexp,322,10,26,space,0.962112250039354,None,400,1,[1.9646988750901073],[1.9647036660462618],26,10,322,1,2253.679833958042,,2253.6763734160922,2253.679833958042,2254.665810583043,2254.665810583043,2254.6756014580606,2255.6326626660302,space,0.962112250039354,None,2255.6340285830665,2256.04259304173,2256.4941467500757,2256.4764564580983,2256.4781275410205,2256.4941467500757,2256.4941467500757,2256.4941467500757,2258.459220500081,400,1,[1.9646988750901073],[1.9647036660462618],p1,001,2025-11-12_18h22.21.983,Intentional Binding,,2025.1.1,None,2025-11-12 18h22.36.038209 +0530,
0.7,1000.0,exp,323,11,26,space,1.2157467500073835,None,300,1,[2.0456805829890072],[2.0456854170188308],26,11,323,8,2258.4625105410814,,2258.4593957910547,2258.4625105410814,2259.44813325,2259.44813325,2259.459099041065,2260.666893666028,space,1.2157467500073835,None,2260.6683487500995,2261.3761090827797,2261.829838833073,2261.810835000011,2261.8127982080914,2261.829838833073,2261.829838833073,2261.829838833073,2263.8759044581093,300,1,[2.0456805829890072],[2.0456854170188308],p1,001,2025-11-12_18h22.21.983,Intentional Binding,,2025.1.1,None,2025-11-12 18h22.36.038209 +0530,
0.7,1000.0,exp,324,0,27,space,0.43821954203303903,None,600,1,[1.1895101660629734],[1.189516165992245],27,0,324,8,2263.8794664160814,,2263.8760799580486,2263.8794664160814,2264.8656436660094,2264.8656436660094,2264.8758063330315,2265.311267583049,space,0.43821954203303903,None,2265.312582500046,2266.0149239997304,2266.469381666044,2266.4496328750392,2266.4518027910963,2266.469381666044,2266.469381666044,2266.469381666044,2267.6592733750585,600,1,[1.1895101660629734],[1.189516165992245],p1,001,2025-11-12_18h22.21.983,Intentional Binding,,2025.1.1,None,2025-11-12 18h22.36.038209 +0530,
0.1,1000.0,exp,325,1,27,space,0.8852667500032112,None,100,1,[2.432790874969214],[2.4327956249471754],27,1,325,3,2267.663072541007,,2267.6594730410725,2267.663072541007,2268.6492867500056,2268.6492867500056,2268.659085833002,2269.543937666109,space,0.8852667500032112,None,2269.5449485410936,2269.6461917496677,2270.09991012502,2270.0810226250906,2270.082771458081,2270.09991012502,2270.09991012502,2270.09991012502,2272.5330864160787,100,1,[2.432790874969214],[2.4327956249471754],p1,001,2025-11-12_18h22.21.983,Intentional Binding,,2025.1.1,None,2025-11-12 18h22.36.038209 +0530,
0.7,1000.0,exp,326,2,27,space,1.227302583050914,None,400,1,[1.786683916929178],[1.7866882499074563],27,2,326,5,2272.541179166059,,2272.533264833037,2272.541179166059,2273.5321872910718,2273.5321872910718,2273.5321872910718,2274.766708208015,space,1.227302583050914,None,2274.7679167500464,2275.476082582671,2275.9298663330264,2275.9105465410976,2275.912691750098,2275.9298663330264,2275.9298663330264,2275.9298663330264,2277.716904458008,400,1,[1.786683916929178],[1.7866882499074563],p1,001,2025-11-12_18h22.21.983,Intentional Binding,,2025.1.1,None,2025-11-12 18h22.36.038209 +0530,
0.7,400.0,unexp,327,3,27,space,0.8616270419443026,None,300,1,[2.2284243749454618],[2.228429374983534],27,3,327,2,2277.7242045830935,,2277.7170925830724,2277.7242045830935,2278.714732500026,2278.714732500026,2278.714732500026,2279.5835355831077,space,0.8616270419443026,None,2279.5851197500015,2280.292647332714,2280.747245416045,2280.727370000095,2280.72953429108,2280.747245416045,2280.747245416045,2280.747245416045,2282.9760874580825,300,1,[2.2284243749454618],[2.228429374983534],p1,001,2025-11-12_18h22.21.983,Intentional Binding,,2025.1.1,None,2025-11-12 18h22.36.038209 +0530,
0.1,400.0,unexp,328,4,27,space,1.5292577910004184,None,200,1,[2.2289226669818163],[2.228927292046137],27,4,328,0,2282.979857041035,,2282.9762696661055,2282.979857041035,2283.9651072500274,2283.9651072500274,2283.9757192910183,2285.500146666076,space,1.5292577910004184,None,2285.501369416015,2285.609163291698,2286.0619775831,2286.0432336250087,2286.0451896250015,2286.0619775831,2286.0619775831,2286.0619775831,2288.291267875,200,1,[2.2289226669818163],[2.228927292046137],p1,001,2025-11-12_18h22.21.983,Intentional Binding,,2025.1.1,None,2025-11-12 18h22.36.038209 +0530,
0.1,1000.0,exp,329,5,27,space,0.910096124978736,None,200,1,[4.628422584035434],[4.628427000017837],27,5,329,6,2288.294532541069,,2288.291441791109,2288.294532541069,2289.2826046660775,2289.2826046660775,2289.292383666034,2290.200537291006,space,0.910096124978736,None,2290.2019618330523,2290.3088003746857,2290.762354916078,2290.743075833074,2290.745217250078,2290.762354916078,2290.762354916078,2290.762354916078,2295.391128000105,200,1,[4.628422584035434],[4.628427000017837],p1,001,2025-11-12_18h22.21.983,Intentional Binding,,2025.1.1,None,2025-11-12 18h22.36.038209 +0530,
0.4,1000.0,exp,330,6,27,space,0.8124176670098677,None,300,1,[1.9382165839197114],[1.9382210419280455],27,6,330,7,2295.3943996250164,,2295.3913023750065,2295.3943996250164,2296.3806869580876,2296.3806869580876,2296.392165541067,2297.1997861660784,space,0.8124176670098677,None,2297.2008921250235,2297.609009041746,2298.061204666039,2298.0426001250744,2298.044508583029,2298.061204666039,2298.061204666039,2298.061204666039,2299.999780625105,300,1,[1.9382165839197114],[1.9382210419280455],p1,001,2025-11-12_18h22.21.983,Intentional Binding,,2025.1.1,None,2025-11-12 18h22.36.038209 +0530,
0.4,400.0,unexp,331,7,27,space,0.6605662090005353,None,200,1,[1.5564306660089642],[1.5564352499786764],27,7,331,1,2300.0076908750925,,2299.9999540410936,2300.0076908750925,2300.998396583018,2300.998396583018,2300.998396583018,2301.661105791107,space,0.6605662090005353,None,2301.6625660000136,2302.0644379577757,2302.5183049580082,2302.498237166088,2302.500364416046,2302.5183049580082,2302.5183049580082,2302.5183049580082,2304.07509633305,200,1,[1.5564306660089642],[1.5564352499786764],p1,001,2025-11-12_18h22.21.983,Intentional Binding,,2025.1.1,None,2025-11-12 18h22.36.038209 +0530,
0.4,1000.0,exp,332,8,27,space,0.38747404201421887,None,400,1,[1.573527375003323],[1.5735317920334637],27,8,332,4,2304.0784541250905,,2304.0752793330466,2304.0784541250905,2305.0654573750217,2305.0654573750217,2305.0754323330475,2305.460559375002,space,0.38747404201421887,None,2305.4620597910834,2305.8630733746727,2306.3175595001085,2306.297837500111,2306.3000127500854,2306.3175595001085,2306.3175595001085,2306.3175595001085,2307.891448083101,400,1,[1.573527375003323],[1.5735317920334637],p1,001,2025-11-12_18h22.21.983,Intentional Binding,,2025.1.1,None,2025-11-12 18h22.36.038209 +0530,
0.7,1000.0,exp,333,9,27,space,0.735463083954528,None,500,1,[2.2735628329683095],[2.273567833006382],27,9,333,11,2307.894650958013,,2307.8916402501054,2307.894650958013,2308.880286666099,2308.880286666099,2308.8920055410126,2309.6273592500947,space,0.735463083954528,None,2309.6290780410636,2310.3308689167648,2310.7844610410975,2310.7650593750877,2310.7672173330793,2310.7844610410975,2310.7844610410975,2310.7844610410975,2313.0584593330277,500,1,[2.2735628329683095],[2.273567833006382],p1,001,2025-11-12_18h22.21.983,Intentional Binding,,2025.1.1,None,2025-11-12 18h22.36.038209 +0530,
0.4,1000.0,exp,334,10,27,space,1.0997748749796301,None,200,1,[2.307624082895927],[2.3076291249599308],27,10,334,10,2313.062022750033,,2313.0586464580847,2313.062022750033,2314.0486543331062,2314.0486543331062,2314.058655791101,2315.1605145831127,space,1.0997748749796301,None,2315.1621484580683,2315.5641707496875,2316.017376750009,2315.998202832998,2316.000440666103,2316.017376750009,2316.017376750009,2316.017376750009,2318.3254297500243,200,1,[2.307624082895927],[2.3076291249599308],p1,001,2025-11-12_18h22.21.983,Intentional Binding,,2025.1.1,None,2025-11-12 18h22.36.038209 +0530,
0.1,1000.0,exp,335,11,27,space,1.0190832909429446,None,200,1,[2.6578239999944344],[2.6578287499723956],27,11,335,9,2318.329162625014,,2318.3256072080694,2318.329162625014,2319.3147161660017,2319.3147161660017,2319.32523716602,2320.3438244580757,space,1.0190832909429446,None,2320.3457332079997,2320.4475073327235,2320.900917250081,2320.882268583053,2320.8843210000778,2320.900917250081,2320.900917250081,2320.900917250081,2323.559159000055,200,1,[2.6578239999944344],[2.6578287499723956],p1,001,2025-11-12_18h22.21.983,Intentional Binding,,2025.1.1,None,2025-11-12 18h22.36.038209 +0530,
0.4,400.0,unexp,336,0,28,space,0.6445316660683602,None,300,1,[2.495903917006217],[2.4959087920142338],28,0,336,1,2323.562739166082,,2323.559331291006,2323.562739166082,2324.5478419160936,2324.5478419160936,2324.558749290998,2325.1992594581097,space,0.6445316660683602,None,2325.2005164580187,2325.608715541723,2326.0620993330376,2326.0432367500616,2326.045199166052,2326.0620993330376,2326.0620993330376,2326.0620993330376,2328.5584223750047,300,1,[2.495903917006217],[2.4959087920142338],p1,001,2025-11-12_18h22.21.983,Intentional Binding,,2025.1.1,None,2025-11-12 18h22.36.038209 +0530,
0.1,1000.0,exp,337,1,28,space,1.0727906660176814,None,100,1,[2.2226250000530854],[2.222629375057295],28,1,337,3,2328.561827375088,,2328.5585972500267,2328.561827375088,2329.548574875109,2329.548574875109,2329.558657708112,2330.6271362500265,space,1.0727906660176814,None,2330.62902750005,2330.7296892497147,2331.1846041250974,2331.1656762911007,2331.167806875077,2331.1846041250974,2331.1846041250974,2331.1846041250974,2333.4075945410877,100,1,[2.2226250000530854],[2.222629375057295],p1,001,2025-11-12_18h22.21.983,Intentional Binding,,2025.1.1,None,2025-11-12 18h22.36.038209 +0530,
0.1,400.0,unexp,338,2,28,space,3.3218713749665767,None,300,1,[2.6563429170055315],[2.656347917043604],28,2,338,0,2333.4108608750394,,2333.4077667500824,2333.4108608750394,2334.39805037505,2334.39805037505,2334.408497083001,2337.726687208051,space,3.3218713749665767,None,2337.7282788750017,2337.830726207762,2338.2850356251,2338.265361124999,2338.267547125113,2338.2850356251,2338.2850356251,2338.2850356251,2340.9418129160767,300,1,[2.6563429170055315],[2.656347917043604],p1,001,2025-11-12_18h22.21.983,Intentional Binding,,2025.1.1,None,2025-11-12 18h22.36.038209 +0530,
0.1,1000.0,exp,339,3,28,space,1.3996557920472696,None,100,1,[2.386844249907881],[2.3868489579763263],28,3,339,6,2340.945107500069,,2340.941985375015,2340.945107500069,2341.9308352080407,2341.9308352080407,2341.941729125101,2343.3327476250706,space,1.3996557920472696,None,2343.334293541033,2343.441830041764,2343.895619791001,2343.876399666071,2343.8785497080535,2343.895619791001,2343.895619791001,2343.895619791001,2346.2828061660985,100,1,[2.386844249907881],[2.3868489579763263],p1,001,2025-11-12_18h22.21.983,Intentional Binding,,2025.1.1,None,2025-11-12 18h22.36.038209 +0530,
0.4,1000.0,exp,340,4,28,space,0.7720530410297215,None,100,1,[2.1063845000462607],[2.106389292050153],28,4,340,7,2346.2909022910753,,2346.282977499999,2346.2909022910753,2347.2813381250016,2347.2813381250016,2347.2813381250016,2348.0599083330017,space,0.7720530410297215,None,2348.0610956250457,2348.4638421247405,2348.918855375028,2348.898644041037,2348.9008818330476,2348.918855375028,2348.918855375028,2348.918855375028,2351.0255980000366,100,1,[2.1063845000462607],[2.106389292050153],p1,001,2025-11-12_18h22.21.983,Intentional Binding,,2025.1.1,None,2025-11-12 18h22.36.038209 +0530,
0.4,1000.0,exp,341,5,28,space,0.714854291989468,None,200,1,[1.8207265000091866],[1.8207309159915894],28,5,341,10,2351.0293434160994,,2351.025769458036,2351.0293434160994,2352.014443625114,2352.014443625114,2352.0250100410776,2352.731819583103,space,0.714854291989468,None,2352.7331460000714,2353.141897416736,2353.5949852910126,2353.5758880410576,2353.5778374160873,2353.5949852910126,2353.5949852910126,2353.5949852910126,2355.4160609580576,200,1,[1.8207265000091866],[1.8207309159915894],p1,001,2025-11-12_18h22.21.983,Intentional Binding,,2025.1.1,None,2025-11-12 18h22.36.038209 +0530,
0.7,1000.0,exp,342,6,28,space,4.277287333039567,None,300,1,[3.555492707993835],[3.555497207911685],28,6,342,8,2355.424008333008,,2355.416232458083,2355.424008333008,2356.414080333081,2356.414080333081,2356.414080333081,2360.693457541056,space,4.277287333039567,None,2360.6949483751087,2361.3970502496854,2361.8514169580303,2361.8319897500332,2361.834244916099,2361.8514169580303,2361.8514169580303,2361.8514169580303,2365.4072604581015,300,1,[3.555492707993835],[3.555497207911685],p1,001,2025-11-12_18h22.21.983,Intentional Binding,,2025.1.1,None,2025-11-12 18h22.36.038209 +0530,
0.1,1000.0,exp,343,7,28,space,0.9337999160634354,None,300,1,[3.181360625079833],[3.1813654580619186],28,7,343,9,2365.4105142500484,,2365.4074351660674,2365.4105142500484,2366.397796791047,2366.397796791047,2366.4082600000547,2367.3432099160273,space,0.9337999160634354,None,2367.344712208025,2367.447120041765,2367.9000129580963,2367.8808741660323,2367.8830515830778,2367.9000129580963,2367.9000129580963,2367.9000129580963,2371.0817449580645,300,1,[3.181360625079833],[3.1813654580619186],p1,001,2025-11-12_18h22.21.983,Intentional Binding,,2025.1.1,None,2025-11-12 18h22.36.038209 +0530,
0.7,1000.0,exp,344,8,28,space,4.042656249948777,None,400,1,[6.296830416074954],[6.296835625078529],28,8,344,11,2371.090340750059,,2371.081932750065,2371.090340750059,2372.0747293750755,2372.0747293750755,2372.080526000005,2376.126103208051,space,4.042656249948777,None,2376.127298833104,2376.8303033327143,2377.2845165410545,2377.265000833082,2377.267130000051,2377.2845165410545,2377.2845165410545,2377.2845165410545,2383.5817107500043,400,1,[6.296830416074954],[6.296835625078529],p1,001,2025-11-12_18h22.21.983,Intentional Binding,,2025.1.1,None,2025-11-12 18h22.36.038209 +0530,
0.4,1000.0,exp,345,9,28,space,1.8970560409361497,None,300,1,[2.969499959028326],[2.9695070419693366],28,9,345,4,2383.590372666018,,2383.5818889160873,2383.590372666018,2384.580199875054,2384.580199875054,2384.580199875054,2386.4822395000374,space,1.8970560409361497,None,2386.4836671660887,2386.891277207706,2387.345563375042,2387.3262001250405,2387.3283270000247,2387.345563375042,2387.345563375042,2387.345563375042,2390.3154149160255,300,1,[2.969499959028326],[2.9695070419693366],p1,001,2025-11-12_18h22.21.983,Intentional Binding,,2025.1.1,None,2025-11-12 18h22.36.038209 +0530,
0.7,1000.0,exp,346,10,28,space,1.0616762500721961,None,300,1,[4.468490542029031],[4.468495916924439],28,10,346,5,2390.3232590000844,,2390.315595000051,2390.3232590000844,2391.314272583113,2391.314272583113,2391.314272583113,2392.3814642080106,space,1.0616762500721961,None,2392.3826042080764,2393.091578916709,2393.546475375071,2393.526283666026,2393.5286995000206,2393.546475375071,2393.546475375071,2393.546475375071,2398.015349208028,300,1,[4.468490542029031],[4.468495916924439],p1,001,2025-11-12_18h22.21.983,Intentional Binding,,2025.1.1,None,2025-11-12 18h22.36.038209 +0530,
0.7,400.0,unexp,347,11,28,space,1.2247780410107225,None,300,1,[2.0815224580001086],[2.081526916939765],28,11,347,2,2398.023484416073,,2398.015525916009,2398.023484416073,2399.0142380410107,2399.0142380410107,2399.0142380410107,2400.2432242080104,space,1.2247780410107225,None,2400.2452112500323,2400.9466542497435,2401.399848916102,2401.3807396250777,2401.382782166009,2401.399848916102,2401.399848916102,2401.399848916102,2403.481726124999,300,1,[2.0815224580001086],[2.081526916939765],p1,001,2025-11-12_18h22.21.983,Intentional Binding,,2025.1.1,None,2025-11-12 18h22.36.038209 +0530,
0.7,400.0,unexp,348,0,29,space,0.2780011249706149,None,700,1,[1.8464232499245554],[1.8464281659107655],29,0,348,2,2403.489663125016,,2403.481896833051,2403.489663125016,2404.4808024580125,2404.4808024580125,2404.4808024580125,2404.765189458034,space,0.2780011249706149,None,2404.7664899160154,2405.474628791741,2405.9279952080688,2405.909407250001,2405.9114522500895,2405.9279952080688,2405.9279952080688,2405.9279952080688,2407.774782708031,700,1,[1.8464232499245554],[1.8464281659107655],p1,001,2025-11-12_18h22.21.983,Intentional Binding,,2025.1.1,None,2025-11-12 18h22.36.038209 +0530,
0.4,400.0,unexp,349,1,29,space,0.6626039169495925,None,500,1,[2.1527276660781354],[2.152732041082345],29,1,349,1,2407.7781286661047,,2407.774959916016,2407.7781286661047,2408.76412329101,2408.76412329101,2408.7743439160986,2409.4310825410066,space,0.6626039169495925,None,2409.432489083032,2409.8411944996956,2410.2952267080545,2410.2760497910203,2410.2780387500534,2410.2952267080545,2410.2952267080545,2410.2952267080545,2412.4483508750563,500,1,[2.1527276660781354],[2.152732041082345],p1,001,2025-11-12_18h22.21.983,Intentional Binding,,2025.1.1,None,2025-11-12 18h22.36.038209 +0530,
0.7,1000.0,exp,350,2,29,space,1.0850590829504654,None,300,1,[2.473175458027981],[2.473180083092302],29,2,350,8,2412.4563210410997,,2412.4485221250216,2412.4563210410997,2413.4465108750155,2413.4465108750155,2413.4465108750155,2414.543154541054,space,1.0850590829504654,None,2414.5449924160494,2415.245471124716,2415.6996863750974,2415.6802229160676,2415.682252291008,2415.6996863750974,2415.6996863750974,2415.6996863750974,2418.173225916107,300,1,[2.473175458027981],[2.473180083092302],p1,001,2025-11-12_18h22.21.983,Intentional Binding,,2025.1.1,None,2025-11-12 18h22.36.038209 +0530,
0.1,1000.0,exp,351,3,29,space,0.725364041980356,None,200,1,[2.0891087090130895],[2.089113499969244],29,3,351,6,2418.176559958025,,2418.1734257080825,2418.176559958025,2419.164067625068,2419.164067625068,2419.1744680830743,2419.8929350000108,space,0.725364041980356,None,2419.8950226251036,2419.9966715417727,2420.451545583084,2420.431311541004,2420.433446208015,2420.451545583084,2420.451545583084,2420.451545583084,2422.5410247080727,200,1,[2.0891087090130895],[2.089113499969244],p1,001,2025-11-12_18h22.21.983,Intentional Binding,,2025.1.1,None,2025-11-12 18h22.36.038209 +0530,
0.7,1000.0,exp,352,4,29,space,1.790729791042395,None,300,1,[3.8478238750249147],[3.84782837505918],29,4,352,11,2422.5442234160146,,2422.5411944580264,2422.5442234160146,2423.5316377910785,2423.5316377910785,2423.541230583098,2425.3255455000326,space,1.790729791042395,None,2425.326830875012,2426.0286806247354,2426.4835500830086,2426.4634379160125,2426.465666916105,2426.4835500830086,2426.4835500830086,2426.4835500830086,2430.3317475831136,300,1,[3.8478238750249147],[3.84782837505918],p1,001,2025-11-12_18h22.21.983,Intentional Binding,,2025.1.1,None,2025-11-12 18h22.36.038209 +0530,
0.4,1000.0,exp,353,5,29,space,35.537167167058215,None,200,1,[2.029150874936022],[2.029156249947846],29,5,353,7,2430.3397183750058,,2430.3319997910876,2430.3397183750058,2431.330326291034,2431.330326291034,2431.330326291034,2466.876666416065,space,35.537167167058215,None,2466.8792638330488,2467.2795669166994,2467.7351522910176,2467.7140134160873,2467.7180516250664,2467.7351522910176,2467.7351522910176,2467.7351522910176,2469.7646771660075,200,1,[2.029150874936022],[2.029156249947846],p1,001,2025-11-12_18h22.21.983,Intentional Binding,,2025.1.1,None,2025-11-12 18h22.36.038209 +0530,
0.4,1000.0,exp,354,6,29,space,2.0022856250870973,None,100,1,[1.7474182080477476],[1.7474234170513228],29,6,354,10,2469.772891416098,,2469.7648671660572,2469.772891416098,2470.763658916112,2470.763658916112,2470.763658916112,2472.7752152080648,space,2.0022856250870973,None,2472.7772684160154,2473.1792406247155,2473.6330378330313,2473.6134509580443,2473.6156550000887,2473.6330378330313,2473.6330378330313,2473.6330378330313,2475.3808393750805,100,1,[1.7474182080477476],[1.7474234170513228],p1,001,2025-11-12_18h22.21.983,Intentional Binding,,2025.1.1,None,2025-11-12 18h22.36.038209 +0530,
0.1,1000.0,exp,355,7,29,space,0.42512316699139774,None,100,1,[1.6076388329965994],[1.6076435419963673],29,7,355,9,2475.3891752080526,,2475.3810134580126,2475.3891752080526,2476.373750750092,2476.373750750092,2476.379906166112,2476.808597125113,space,0.42512316699139774,None,2476.810213083052,2476.9126387497568,2477.3665370830568,2477.347470583045,2477.3494905000553,2477.3665370830568,2477.3665370830568,2477.3665370830568,2478.9745384580456,100,1,[1.6076388329965994],[1.6076435419963673],p1,001,2025-11-12_18h22.21.983,Intentional Binding,,2025.1.1,None,2025-11-12 18h22.36.038209 +0530,
0.1,1000.0,exp,356,8,29,space,0.2349875420331955,None,100,1,[1.0068805000046268],[1.0068855420686305],29,8,356,3,2478.978250208078,,2478.9747125830036,2478.978250208078,2479.963751916075,2479.963751916075,2479.9737743750447,2480.2091802910436,space,0.2349875420331955,None,2480.211102250032,2480.3128483327496,2480.7668912080117,2480.7475162910996,2480.7497015410336,2480.7668912080117,2480.7668912080117,2480.7668912080117,2481.774137708009,100,1,[1.0068805000046268],[1.0068855420686305],p1,001,2025-11-12_18h22.21.983,Intentional Binding,,2025.1.1,None,2025-11-12 18h22.36.038209 +0530,
0.4,1000.0,exp,357,9,29,space,0.232835041009821,None,100,1,[1.116556084016338],[1.1165608339942992],29,9,357,4,2481.777622875059,,2481.774309500004,2481.777622875059,2482.7637939160923,2482.7637939160923,2482.7738712080754,2483.0085804160917,space,0.232835041009821,None,2483.010604458046,2483.410788749756,2483.8641952910693,2483.8456195830368,2483.8476863750257,2483.8641952910693,2483.8641952910693,2483.8641952910693,2484.9811073750025,100,1,[1.116556084016338],[1.1165608339942992],p1,001,2025-11-12_18h22.21.983,Intentional Binding,,2025.1.1,None,2025-11-12 18h22.36.038209 +0530,
0.7,1000.0,exp,358,10,29,space,2.4824492500629276,None,400,1,[1.2371977909933776],[1.2372022909112275],29,10,358,5,2484.989326291019,,2484.9812810410513,2484.989326291019,2485.979192291037,2485.979192291037,2485.979192291037,2488.464237041073,space,2.4824492500629276,None,2488.4654093330028,2489.1738979167462,2489.6274709580466,2489.6084510410437,2489.610488375067,2489.6274709580466,2489.6274709580466,2489.6274709580466,2490.8650331660174,400,1,[1.2371977909933776],[1.2372022909112275],p1,001,2025-11-12_18h22.21.983,Intentional Binding,,2025.1.1,None,2025-11-12 18h22.36.038209 +0530,
0.1,400.0,unexp,359,11,29,space,0.5651568750618026,None,300,1,[1.6143862919416279],[1.6143916249275208],29,11,359,0,2490.8729662080295,,2490.865380291012,2490.8729662080295,2491.8633024160517,2491.8633024160517,2491.8633024160517,2492.4306317910086,space,0.5651568750618026,None,2492.432191500091,2492.5405882077216,2492.9946343330666,2492.9751459580148,2492.977515791077,2492.9946343330666,2492.9946343330666,2492.9946343330666,2494.6094112910796,300,1,[1.6143862919416279],[1.6143916249275208],p1,001,2025-11-12_18h22.21.983,Intentional Binding,,2025.1.1,None,2025-11-12 18h22.36.038209 +0530,
0.7,1000.0,exp,360,0,30,space,0.3754501669900492,None,500,1,[1.8946364170406014],[1.8946410421049222],30,0,360,11,2494.6227684160694,,2494.6095866661053,2494.6227684160694,2495.607083875104,2495.607083875104,2495.6116298330016,2495.9922287081135,space,0.3754501669900492,None,2495.9939832080854,2496.696551249774,2497.151794250007,2497.131282166112,2497.1333454160485,2497.151794250007,2497.151794250007,2497.151794250007,2499.0468142080354,500,1,[1.8946364170406014],[1.8946410421049222],p1,001,2025-11-12_18h22.21.983,Intentional Binding,,2025.1.1,None,2025-11-12 18h22.36.038209 +0530,
0.4,1000.0,exp,361,1,30,space,0.34905525005888194,None,400,1,[2.1197207079967484],[2.119725957978517],30,1,361,10,2499.0555652910843,,2499.046989375027,2499.0555652910843,2500.046185583109,2500.046185583109,2500.046185583109,2500.3988347080303,space,0.34905525005888194,None,2500.400404041051,2500.8076231667696,2501.2622878750553,2501.242119958042,2501.2443724580808,2501.2622878750553,2501.2622878750553,2501.2622878750553,2503.3824032910634,400,1,[2.1197207079967484],[2.119725957978517],p1,001,2025-11-12_18h22.21.983,Intentional Binding,,2025.1.1,None,2025-11-12 18h22.36.038209 +0530,
0.4,400.0,unexp,362,2,30,space,0.2352776249172166,None,400,1,[2.5460000410676003],[2.5460054160794243],30,2,362,1,2503.3889335410204,,2503.3828239580616,2503.3889335410204,2504.38003608305,2504.38003608305,2504.38003608305,2504.625587041024,space,0.2352776249172166,None,2504.6276284580817,2505.0297103747184,2505.484336416004,2505.464674000046,2505.46697233303,2505.484336416004,2505.484336416004,2505.484336416004,2508.0307092081057,400,1,[2.5460000410676003],[2.5460054160794243],p1,001,2025-11-12_18h22.21.983,Intentional Binding,,2025.1.1,None,2025-11-12 18h22.36.038209 +0530,
0.1,1000.0,exp,363,3,30,space,0.2320607090368867,None,200,1,[4.631351000047289],[4.6313559169648215],30,3,363,3,2508.0393967910204,,2508.030891250004,2508.0393967910204,2509.0239435000112,2509.0239435000112,2509.0304283330915,2509.2591131660156,space,0.2320607090368867,None,2509.2611125000985,2509.3629663327633,2509.815100583015,2509.796620500041,2509.7980978330597,2509.815100583015,2509.815100583015,2509.815100583015,2514.446821125108,200,1,[4.631351000047289],[4.6313559169648215],p1,001,2025-11-12_18h22.21.983,Intentional Binding,,2025.1.1,None,2025-11-12 18h22.36.038209 +0530,
0.1,400.0,unexp,364,4,30,space,0.24251829099375755,None,500,1,[5.204513957956806],[5.204518791055307],30,4,364,0,2514.455420375103,,2514.4469998750137,2514.455420375103,2515.440535666072,2515.440535666072,2515.4466888330644,2515.6921915410785,space,0.24251829099375755,None,2515.694226041087,2515.795932249694,2516.25062562502,2516.2297715410823,2516.2320084160892,2516.25062562502,2516.25062562502,2516.25062562502,2521.455543750082,500,1,[5.204513957956806],[5.204518791055307],p1,001,2025-11-12_18h22.21.983,Intentional Binding,,2025.1.1,None,2025-11-12 18h22.36.038209 +0530,
0.7,1000.0,exp,365,5,30,space,1.4548474170733243,None,600,1,[4.306797958095558],[4.306804332998581],30,5,365,8,2521.458846000023,,2521.4557562080445,2521.458846000023,2522.4469944160664,2522.4469944160664,2522.456757375039,2523.9083583330503,space,1.4548474170733243,None,2523.909619541024,2524.612377832706,2525.066545666079,2525.0468651660485,2525.0490673750173,2525.066545666079,2525.066545666079,2525.066545666079,2529.3737849160098,600,1,[4.306797958095558],[4.306804332998581],p1,001,2025-11-12_18h22.21.983,Intentional Binding,,2025.1.1,None,2025-11-12 18h22.36.038209 +0530,
0.1,1000.0,exp,366,6,30,space,0.8174822080181912,None,400,1,[1.5731208340730518],[1.5731256670551375],30,6,366,9,2529.377506541088,,2529.3739827080863,2529.377506541088,2530.3618777500233,2530.3618777500233,2530.389309875085,2531.19074816606,space,0.8174822080181912,None,2531.1921281660907,2531.300321457737,2531.758189541055,2531.7352904160507,2531.7381497910246,2531.758189541055,2531.758189541055,2531.758189541055,2533.3317400000524,400,1,[1.5731208340730518],[1.5731256670551375],p1,001,2025-11-12_18h22.21.983,Intentional Binding,,2025.1.1,None,2025-11-12 18h22.36.038209 +0530,
0.4,1000.0,exp,367,7,30,space,0.5476639999542385,None,500,1,[6.836093165911734],[6.836098332889378],30,7,367,4,2533.338545500068,,2533.332012083032,2533.338545500068,2534.3297481250484,2534.3297481250484,2534.3297481250484,2534.8802700000815,space,0.5476639999542385,None,2534.8823374160565,2535.2902435417677,2535.744333166047,2535.724435750046,2535.7266000000527,2535.744333166047,2535.744333166047,2535.744333166047,2542.5807804580545,500,1,[6.836093165911734],[6.836098332889378],p1,001,2025-11-12_18h22.21.983,Intentional Binding,,2025.1.1,None,2025-11-12 18h22.36.038209 +0530,
0.1,1000.0,exp,368,8,30,space,0.30328345799352974,None,300,1,[4.44835666695144],[4.448361916933209],30,8,368,6,2542.5889173330506,,2542.58096529101,2542.5889173330506,2543.579823041102,2543.579823041102,2543.579823041102,2543.8913496250752,space,0.30328345799352974,None,2543.8937286660075,2543.994804166669,2544.448717500083,2544.4289242080413,2544.4310155831045,2544.448717500083,2544.448717500083,2544.448717500083,2548.897446583025,300,1,[4.44835666695144],[4.448361916933209],p1,001,2025-11-12_18h22.21.983,Intentional Binding,,2025.1.1,None,2025-11-12 18h22.36.038209 +0530,
0.7,400.0,unexp,369,9,30,space,0.29279508301988244,None,800,1,[1.6065661660395563],[1.6065704580396414],30,9,369,2,2548.9056961250026,,2548.8976259160554,2548.9056961250026,2549.8954609580105,2549.8954609580105,2549.8954609580105,2550.1912221660605,space,0.29279508301988244,None,2550.1926851660246,2550.8944364997483,2551.348714666092,2551.3285706660245,2551.3307664580643,2551.348714666092,2551.348714666092,2551.348714666092,2552.9556370000355,800,1,[1.6065661660395563],[1.6065704580396414],p1,001,2025-11-12_18h22.21.983,Intentional Binding,,2025.1.1,None,2025-11-12 18h22.36.038209 +0530,
0.7,1000.0,exp,370,10,30,space,1.3859862090321258,None,500,1,[1.5980064580217004],[1.5980109580559656],30,10,370,5,2552.9588843750535,,2552.9558131250087,2552.9588843750535,2553.9463008750463,2553.9463008750463,2553.9567479580874,2555.341577500105,space,1.3859862090321258,None,2555.3433765830705,2556.045341832742,2556.4989754160633,2556.4795799161075,2556.481187666068,2556.4989754160633,2556.4989754160633,2556.4989754160633,2558.0973583330633,500,1,[1.5980064580217004],[1.5980109580559656],p1,001,2025-11-12_18h22.21.983,Intentional Binding,,2025.1.1,None,2025-11-12 18h22.36.038209 +0530,
0.4,1000.0,exp,371,11,30,space,0.2826812920393422,None,300,1,[1.5704572920221835],[1.5704628749517724],30,11,371,7,2558.1055195830995,,2558.0975351660745,2558.1055195830995,2559.0966164160054,2559.0966164160054,2559.0966164160054,2559.3805659160716,space,0.2826812920393422,None,2559.3817970410455,2559.790022207719,2560.242979625007,2560.223476833082,2560.225618666038,2560.242979625007,2560.242979625007,2560.242979625007,2561.8137953330297,300,1,[1.5704572920221835],[1.5704628749517724],p1,001,2025-11-12_18h22.21.983,Intentional Binding,,2025.1.1,None,2025-11-12 18h22.36.038209 +0530,
0.4,1000.0,exp,372,0,31,space,0.27716554200742394,None,300,1,[1.311663666041568],[1.3116686249850318],31,0,372,10,2561.8218112500617,,2561.8139826660044,2561.8218112500617,2562.813756416086,2562.813756416086,2562.813756416086,2563.0968265830306,space,0.27716554200742394,None,2563.098001791048,2563.5065057076904,2563.9608981250785,2563.940708875074,2563.9427757910453,2563.9608981250785,2563.9608981250785,2563.9608981250785,2565.272994625033,300,1,[1.311663666041568],[1.3116686249850318],p1,001,2025-11-12_18h22.21.983,Intentional Binding,,2025.1.1,None,2025-11-12 18h22.36.038209 +0530,
0.4,1000.0,exp,373,1,31,space,0.2510908329859376,None,200,1,[1.2797949999803677],[1.2797996250446886],31,1,373,7,2565.276958458009,,2565.2731679580174,2565.276958458009,2566.262846166035,2566.262846166035,2566.2733325000154,2566.5245760000544,space,0.2510908329859376,None,2566.525767166051,2566.9283849576645,2567.3833432910033,2567.3633924160386,2567.365709458012,2567.3833432910033,2567.3833432910033,2567.3833432910033,2568.663513666019,200,1,[1.2797949999803677],[1.2797996250446886],p1,001,2025-11-12_18h22.21.983,Intentional Binding,,2025.1.1,None,2025-11-12 18h22.36.038209 +0530,
0.1,1000.0,exp,374,2,31,space,0.274019708042033,None,200,1,[1.3222357080085203],[1.3222407079301775],31,2,374,6,2568.6715577500872,,2568.6636864580214,2568.6715577500872,2569.6632072910434,2569.6632072910434,2569.6632072910434,2569.9413009580458,space,0.274019708042033,None,2569.943011041032,2570.0439620827715,2570.500383708044,2570.4790376250166,2570.4815910410834,2570.500383708044,2570.500383708044,2570.500383708044,2571.8230477080215,200,1,[1.3222357080085203],[1.3222407079301775],p1,001,2025-11-12_18h22.21.983,Intentional Binding,,2025.1.1,None,2025-11-12 18h22.36.038209 +0530,
0.7,400.0,unexp,375,3,31,space,0.2652698749443516,None,600,1,[1.526977541972883],[1.5269822080153972],31,3,375,2,2571.8262782500824,,2571.823221333092,2571.8262782500824,2572.812543833046,2572.812543833046,2572.823277541087,2573.079755750019,space,0.2652698749443516,None,2573.0813422501087,2573.789913582678,2574.2446782500483,2574.224622875103,2574.2268654580694,2574.2446782500483,2574.2446782500483,2574.2446782500483,2575.772015750059,600,1,[1.526977541972883],[1.5269822080153972],p1,001,2025-11-12_18h22.21.983,Intentional Binding,,2025.1.1,None,2025-11-12 18h22.36.038209 +0530,
0.7,1000.0,exp,376,4,31,space,0.26276099996175617,None,400,1,[1.5048010419122875],[1.504805582924746],31,4,376,5,2575.775279916008,,2575.7721897910815,2575.775279916008,2576.7619177910965,2576.7619177910965,2576.7733920410974,2577.031650708057,space,0.26276099996175617,None,2577.0333532080986,2577.739827791757,2578.191841500113,2578.174363875063,2578.1759312080685,2578.191841500113,2578.191841500113,2578.191841500113,2579.6970416250406,400,1,[1.5048010419122875],[1.504805582924746],p1,001,2025-11-12_18h22.21.983,Intentional Binding,,2025.1.1,None,2025-11-12 18h22.36.038209 +0530,
0.1,1000.0,exp,377,5,31,space,0.2514019589871168,None,200,1,[2.172388916951604],[2.1723938749637455],31,5,377,3,2579.7052596660797,,2579.697217333014,2579.7052596660797,2580.695076791104,2580.695076791104,2580.695076791104,2580.959414250101,space,0.2514019589871168,None,2580.961336458102,2581.062356541694,2581.517005208065,2581.496665750048,2581.499080583104,2581.517005208065,2581.517005208065,2581.517005208065,2583.6897531660507,200,1,[2.172388916951604],[2.1723938749637455],p1,001,2025-11-12_18h22.21.983,Intentional Binding,,2025.1.1,None,2025-11-12 18h22.36.038209 +0530,
0.4,1000.0,exp,378,6,31,space,0.21687770809512585,None,200,1,[1.5921656669816002],[1.5921704999636859],31,6,378,4,2583.6931951660663,,2583.689924000064,2583.6931951660663,2584.6786472910317,2584.6786472910317,2584.6897919580806,2584.9082588331075,space,0.21687770809512585,None,2584.910205500084,2585.311154791682,2585.763793625054,2585.744185583084,2585.7456790410215,2585.763793625054,2585.763793625054,2585.763793625054,2587.356360833044,200,1,[1.5921656669816002],[1.5921704999636859],p1,001,2025-11-12_18h22.21.983,Intentional Binding,,2025.1.1,None,2025-11-12 18h22.36.038209 +0530,
0.7,1000.0,exp,379,7,31,space,0.26989270804915577,None,300,1,[4.7725875419564545],[4.772591750021093],31,7,379,11,2587.3599007501034,,2587.3565954160877,2587.3599007501034,2588.3454834161093,2588.3454834161093,2588.3564626660664,2588.624901333009,space,0.26989270804915577,None,2588.626529208035,2589.3283755416674,2589.7832364160568,2589.7633490830194,2589.7656004580203,2589.7832364160568,2589.7832364160568,2589.7832364160568,2594.5561986250104,300,1,[4.7725875419564545],[4.772591750021093],p1,001,2025-11-12_18h22.21.983,Intentional Binding,,2025.1.1,None,2025-11-12 18h22.36.038209 +0530,
0.1,400.0,unexp,380,8,31,space,0.4483267910545692,None,500,1,[1.635177458054386],[1.6351817500544712],31,8,380,0,2594.5594055830734,,2594.556370375096,2594.5594055830734,2595.545980875031,2595.545980875031,2595.5562767910305,2595.9967616660288,space,0.4483267910545692,None,2595.998149250052,2596.1063377076684,2596.561042166082,2596.540818166104,2596.543101416086,2596.561042166082,2596.561042166082,2596.561042166082,2598.1965824580984,500,1,[1.635177458054386],[1.6351817500544712],p1,001,2025-11-12_18h22.21.983,Intentional Binding,,2025.1.1,None,2025-11-12 18h22.36.038209 +0530,
0.1,1000.0,exp,381,9,31,space,1.718399874982424,None,600,1,[2.2034958329750225],[2.203500790987164],31,9,381,9,2598.204968083068,,2598.1967514581047,2598.204968083068,2599.1896827500314,2599.1896827500314,2599.195723083103,2600.9126571660163,space,1.718399874982424,None,2600.9141663330374,2601.022923916757,2601.4757944580633,2601.456660374999,2601.458662875113,2601.4757944580633,2601.4757944580633,2601.4757944580633,2603.679662416107,600,1,[2.2034958329750225],[2.203500790987164],p1,001,2025-11-12_18h22.21.983,Intentional Binding,,2025.1.1,None,2025-11-12 18h22.36.038209 +0530,
0.7,1000.0,exp,382,10,31,space,0.47010899998713285,None,600,1,[2.1515628329943866],[2.1515674160327762],31,10,382,8,2603.6883543330478,,2603.6798330830643,2603.6883543330478,2604.67281562509,2604.67281562509,2604.6791928330204,2605.14657695801,space,0.47010899998713285,None,2605.147927125101,2605.856200624669,2606.3115830830066,2606.2904580410104,2606.2929545410443,2606.3115830830066,2606.3115830830066,2606.3115830830066,2608.4635119161103,600,1,[2.1515628329943866],[2.1515674160327762],p1,001,2025-11-12_18h22.21.983,Intentional Binding,,2025.1.1,None,2025-11-12 18h22.36.038209 +0530,
0.4,400.0,unexp,383,11,31,space,0.32450954196974635,None,700,1,[1.6849975000368431],[1.68500237504486],31,11,383,1,2608.4713787500514,,2608.4636808331124,2608.4713787500514,2609.4624296250986,2609.4624296250986,2609.4624296250986,2609.790052541066,space,0.32450954196974635,None,2609.7909305409994,2610.1895024997107,2610.6444724580506,2610.6239616250386,2610.626177750062,2610.6444724580506,2610.6444724580506,2610.6444724580506,2612.3298301250907,700,1,[1.6849975000368431],[1.68500237504486],p1,001,2025-11-12_18h22.21.983,Intentional Binding,,2025.1.1,None,2025-11-12 18h22.36.038209 +0530,
0.4,400.0,unexp,384,0,32,space,0.2606629580259323,None,400,1,[2.0244064579019323],[2.024411291931756],32,0,384,1,2612.337797541055,,2612.329998750007,2612.337797541055,2613.3281533750705,2613.3281533750705,2613.3281533750705,2613.59067283303,space,0.2606629580259323,None,2613.5928680410143,2613.9948579166708,2614.448715375038,2614.4293242910644,2614.4313621660694,2614.448715375038,2614.448715375038,2614.448715375038,2616.4734873750713,400,1,[2.0244064579019323],[2.024411291931756],p1,001,2025-11-12_18h22.21.983,Intentional Binding,,2025.1.1,None,2025-11-12 18h22.36.038209 +0530,
0.1,400.0,unexp,385,1,32,space,0.6089234160026535,None,400,1,[1.5568460409995168],[1.5568508750293404],32,1,385,0,2616.4770966250217,,2616.4736639580224,2616.4770966250217,2617.4628077080706,2617.4628077080706,2617.4728485411033,2618.073696708074,space,0.6089234160026535,None,2618.0751216250937,2618.1780101247755,2618.6323119580047,2618.6128610830056,2618.6150640830165,2618.6323119580047,2618.6323119580047,2618.6323119580047,2620.1895740830805,400,1,[1.5568460409995168],[1.5568508750293404],p1,001,2025-11-12_18h22.21.983,Intentional Binding,,2025.1.1,None,2025-11-12 18h22.36.038209 +0530,
0.7,1000.0,exp,386,2,32,space,0.33089108392596245,None,500,1,[2.5937047499464825],[2.5937092079548165],32,2,386,11,2620.1935002910905,,2620.189744375064,2620.1935002910905,2621.1787735410035,2621.1787735410035,2621.189327250002,2621.513239041087,space,0.33089108392596245,None,2621.515104625025,2622.2226775827044,2622.6776549160713,2622.6576309580123,2622.6599200000055,2622.6776549160713,2622.6776549160713,2622.6776549160713,2625.2716991250636,500,1,[2.5937047499464825],[2.5937092079548165],p1,001,2025-11-12_18h22.21.983,Intentional Binding,,2025.1.1,None,2025-11-12 18h22.36.038209 +0530,
0.7,1000.0,exp,387,3,32,space,0.36295970901846886,None,500,1,[1.8443733340827748],[1.8443781250389293],32,3,387,8,2625.274948541075,,2625.2718772910303,2625.274948541075,2626.262595625012,2626.262595625012,2626.272610666114,2626.630024458049,space,0.36295970901846886,None,2626.6313426250126,2627.33926429175,2627.794628583011,2627.7741048750468,2627.7765165830497,2627.794628583011,2627.794628583011,2627.794628583011,2629.6393608750077,500,1,[1.8443733340827748],[1.8443781250389293],p1,001,2025-11-12_18h22.21.983,Intentional Binding,,2025.1.1,None,2025-11-12 18h22.36.038209 +0530,
0.7,1000.0,exp,388,4,32,space,0.5871817920124158,None,600,1,[5.630163124995306],[5.63016829197295],32,4,388,5,2629.6427473330405,,2629.6395383750787,2629.6427473330405,2630.6291753330734,2630.6291753330734,2630.6391648750287,2631.2244687080383,space,0.5871817920124158,None,2631.226456791046,2631.928081499708,2632.382161500049,2632.362041166052,2632.3642008330207,2632.382161500049,2632.382161500049,2632.382161500049,2638.0127046660054,600,1,[5.630163124995306],[5.63016829197295],p1,001,2025-11-12_18h22.21.983,Intentional Binding,,2025.1.1,None,2025-11-12 18h22.36.038209 +0530,
0.7,400.0,unexp,389,5,32,space,0.2872699579456821,None,700,1,[2.5468242920469493],[2.546829625032842],32,5,389,2,2638.0214993330883,,2638.012877500034,2638.0214993330883,2639.0120924160583,2639.0120924160583,2639.0120924160583,2639.30772195803,space,0.2872699579456821,None,2639.3097923330497,2640.0115169997484,2640.465811958071,2640.4461341660935,2640.448409958044,2640.465811958071,2640.465811958071,2640.465811958071,2643.0130145410076,700,1,[2.5468242920469493],[2.546829625032842],p1,001,2025-11-12_18h22.21.983,Intentional Binding,,2025.1.1,None,2025-11-12 18h22.36.038209 +0530,
0.1,1000.0,exp,390,6,32,space,0.3012496249284595,None,600,1,[8.231727208010852],[8.231731708045118],32,6,390,9,2643.0209633751074,,2643.0131933750818,2643.0209633751074,2644.011845333036,2644.011845333036,2644.011845333036,2644.324268458062,space,0.3012496249284595,None,2644.3263035001,2644.4278744577355,2644.8808993750717,2644.8619728330523,2644.864076333004,2644.8808993750717,2644.8808993750717,2644.8808993750717,2653.1130119160516,600,1,[8.231727208010852],[8.231731708045118],p1,001,2025-11-12_18h22.21.983,Intentional Binding,,2025.1.1,None,2025-11-12 18h22.36.038209 +0530,
0.4,1000.0,exp,391,7,32,space,0.907158917048946,None,400,1,[1.9100924580125138],[1.9100969170685858],32,7,391,4,2653.1218205830082,,2653.1131844160846,2653.1218205830082,2654.1117127910256,2654.1117127910256,2654.1117127910256,2655.0236720410176,space,0.907158917048946,None,2655.0251894580433,2655.4244224166655,2655.8777625000803,2655.8590961660957,2655.861096583074,2655.8777625000803,2655.8777625000803,2655.8777625000803,2657.7882037910167,400,1,[1.9100924580125138],[1.9100969170685858],p1,001,2025-11-12_18h22.21.983,Intentional Binding,,2025.1.1,None,2025-11-12 18h22.36.038209 +0530,
0.4,1000.0,exp,392,8,32,space,0.32361733296420425,None,500,1,[3.144802708993666],[3.1448072920320556],32,8,392,10,2657.7914874160197,,2657.788379583042,2657.7914874160197,2658.7791467080824,2658.7791467080824,2658.788988000015,2659.1066893750103,space,0.32361733296420425,None,2659.1077787500108,2659.505792832763,2659.9594284160994,2659.9404179580742,2659.9424467500066,2659.9594284160994,2659.9594284160994,2659.9594284160994,2663.1046205410967,500,1,[3.144802708993666],[3.1448072920320556],p1,001,2025-11-12_18h22.21.983,Intentional Binding,,2025.1.1,None,2025-11-12 18h22.36.038209 +0530,
0.4,1000.0,exp,393,9,32,space,0.3919616669882089,None,400,1,[2.122253624955192],[2.1222580829635262],32,9,393,7,2663.107882958022,,2663.104794291081,2663.107882958022,2664.0957671250217,2664.0957671250217,2664.1055165000726,2664.4909564160043,space,0.3919616669882089,None,2664.492340375087,2664.894488957773,2665.3485935410718,2665.3293434580555,2665.331384666031,2665.3485935410718,2665.3485935410718,2665.3485935410718,2667.4711943750735,400,1,[2.122253624955192],[2.1222580829635262],p1,001,2025-11-12_18h22.21.983,Intentional Binding,,2025.1.1,None,2025-11-12 18h22.36.038209 +0530,
0.1,1000.0,exp,394,10,32,space,0.4383620419539511,None,400,1,[1.389286041026935],[1.3892913330346346],32,10,394,3,2667.4744543751003,,2667.4713668751065,2667.4744543751003,2668.4623158751056,2668.4623158751056,2668.4723555000965,2668.9072978750337,space,0.4383620419539511,None,2668.9092084160075,2669.0101886246744,2669.4650566250784,2669.4451521250885,2669.4472265410004,2669.4650566250784,2669.4650566250784,2669.4650566250784,2670.8547261250205,400,1,[1.389286041026935],[1.3892913330346346],p1,001,2025-11-12_18h22.21.983,Intentional Binding,,2025.1.1,None,2025-11-12 18h22.36.038209 +0530,
0.1,1000.0,exp,395,11,32,space,0.32659454201348126,None,200,1,[3.2025815829401836],[3.2025855829706416],32,11,395,6,2670.857992541045,,2670.854899875005,2670.857992541045,2671.8458838750375,2671.8458838750375,2671.8556664580246,2672.179375708103,space,0.32659454201348126,None,2672.180783916032,2672.2890162077424,2672.743216208066,2672.723950000014,2672.7260890000034,2672.743216208066,2672.743216208066,2672.743216208066,2675.946158375009,200,1,[3.2025815829401836],[3.2025855829706416],p1,001,2025-11-12_18h22.21.983,Intentional Binding,,2025.1.1,None,2025-11-12 18h22.36.038209 +0530,
0.1,1000.0,exp,396,0,33,space,0.4110134580405429,None,400,1,[1.1809397910255939],[1.1809444159734994],33,0,396,9,2675.954801166081,,2675.9463366250275,2675.954801166081,2676.9433972080005,2676.9433972080005,2676.9433972080005,2677.357318500057,space,0.4110134580405429,None,2677.3588927080855,2677.4607365827,2677.915134666022,2677.8956459161127,2677.897857541102,2677.915134666022,2677.915134666022,2677.915134666022,2679.0964516660897,400,1,[1.1809397910255939],[1.1809444159734994],p1,001,2025-11-12_18h22.21.983,Intentional Binding,,2025.1.1,None,2025-11-12 18h22.36.038209 +0530,
0.1,1000.0,exp,397,1,33,space,0.30216245900373906,None,300,1,[2.0474511670181528],[2.047455959022045],33,1,397,6,2679.104691458051,,2679.0966231659986,2679.104691458051,2680.0949808330042,2680.0949808330042,2680.0949808330042,2680.407286166097,space,0.30216245900373906,None,2680.4091332081007,2680.510138249669,2680.964644208085,2680.9448420410044,2680.946963791037,2680.964644208085,2680.964644208085,2680.964644208085,2683.0125081660226,300,1,[2.0474511670181528],[2.047455959022045],p1,001,2025-11-12_18h22.21.983,Intentional Binding,,2025.1.1,None,2025-11-12 18h22.36.038209 +0530,
0.4,1000.0,exp,398,2,33,space,0.26123187504708767,None,300,1,[2.62129991594702],[2.621304541011341],33,2,398,7,2683.021203250042,,2683.0126859160373,2683.021203250042,2684.010971291107,2684.010971291107,2684.010971291107,2684.2740453750594,space,0.26123187504708767,None,2684.275558708003,2684.677984207698,2685.1327716660453,2685.112809500075,2685.1149745410075,2685.1327716660453,2685.1327716660453,2685.1327716660453,2687.754444375052,300,1,[2.62129991594702],[2.621304541011341],p1,001,2025-11-12_18h22.21.983,Intentional Binding,,2025.1.1,None,2025-11-12 18h22.36.038209 +0530,
0.4,400.0,unexp,399,3,33,space,0.3698037500726059,None,400,1,[182.60393079195637],[182.60393624997232],33,3,399,1,2687.7577004160266,,2687.754638500046,2687.7577004160266,2688.7452979160007,2688.7452979160007,2688.7555297910003,2689.1239336250583,space,0.3698037500726059,None,2689.1259303330444,2689.527586041779,2689.9819587080274,2689.9623380410485,2689.9645000410965,2689.9819587080274,2689.9819587080274,2689.9819587080274,2872.586265083053,400,1,[182.60393079195637],[182.60393624997232],p1,001,2025-11-12_18h22.21.983,Intentional Binding,,2025.1.1,None,2025-11-12 18h22.36.038209 +0530,
0.7,400.0,unexp,400,4,33,space,0.5693255419610068,None,700,1,[2.0403492079349235],[2.040354040917009],33,4,400,2,2872.5895430410746,,2872.586447166046,2872.5895430410746,2873.577446750016,2873.577446750016,2873.587157666101,2874.155194125022,space,0.5693255419610068,None,2874.1565135000274,2874.859333791716,2875.313017458073,2875.293797708,2875.295773833059,2875.313017458073,2875.313017458073,2875.313017458073,2877.3537949160673,700,1,[2.0403492079349235],[2.040354040917009],p1,001,2025-11-12_18h22.21.983,Intentional Binding,,2025.1.1,None,2025-11-12 18h22.36.038209 +0530,
0.7,1000.0,exp,401,5,33,space,0.3871419170172885,None,500,1,[1.5252752089872956],[1.525280125089921],33,5,401,5,2877.357226791093,,2877.3539676250657,2877.357226791093,2878.3436407500412,2878.3436407500412,2878.3538662500214,2878.7391126661096,space,0.3871419170172885,None,2878.7409293750534,2879.442138207673,2879.894592541037,2879.8761880410602,2879.8781230830355,2879.894592541037,2879.894592541037,2879.894592541037,2881.420252000098,500,1,[1.5252752089872956],[1.525280125089921],p1,001,2025-11-12_18h22.21.983,Intentional Binding,,2025.1.1,None,2025-11-12 18h22.36.038209 +0530,
0.4,1000.0,exp,402,6,33,space,0.5022199159720913,None,600,1,[2.256670332979411],[2.2566760409390554],33,6,402,4,2881.4234597911127,,2881.4204245000146,2881.4234597911127,2882.4104641251033,2882.4104641251033,2882.420529000112,2882.92225833307,space,0.5022199159720913,None,2882.9240414160304,2883.3259846667684,2883.780553125078,2883.759914416005,2883.762381458073,2883.780553125078,2883.780553125078,2883.780553125078,2886.0375844161026,600,1,[2.256670332979411],[2.2566760409390554],p1,001,2025-11-12_18h22.21.983,Intentional Binding,,2025.1.1,None,2025-11-12 18h22.36.038209 +0530,
0.7,1000.0,exp,403,7,33,space,0.27024091605562717,None,700,1,[1.2975083329947665],[1.2975127079989761],33,7,403,11,2886.0415533330524,,2886.0377606250113,2886.0415533330524,2887.0262689579977,2887.0262689579977,2887.036950583104,2887.3050072910264,space,0.27024091605562717,None,2887.30622079107,2888.0092775826965,2888.4629963330226,2888.4432745830854,2888.445465916069,2888.4629963330226,2888.4629963330226,2888.4629963330226,2889.7608703750884,700,1,[1.2975083329947665],[1.2975127079989761],p1,001,2025-11-12_18h22.21.983,Intentional Binding,,2025.1.1,None,2025-11-12 18h22.36.038209 +0530,
0.4,1000.0,exp,404,8,33,space,0.40868779201991856,None,500,1,[1.9313946249894798],[1.9313991670496762],33,8,404,10,2889.7692625410855,,2889.7610424580052,2889.7692625410855,2890.7597950830823,2890.7597950830823,2890.7597950830823,2891.1723066660343,space,0.40868779201991856,None,2891.174277000013,2891.5757835826994,2892.0289640000556,2892.010389083065,2892.0123818750726,2892.0289640000556,2892.0289640000556,2892.0289640000556,2893.960727250087,500,1,[1.9313946249894798],[1.9313991670496762],p1,001,2025-11-12_18h22.21.983,Intentional Binding,,2025.1.1,None,2025-11-12 18h22.36.038209 +0530,
0.1,400.0,unexp,405,9,33,space,0.37182037497404963,None,600,1,[2.5555422090692446],[2.555547917028889],33,9,405,0,2893.969339000061,,2893.96089925,2893.969339000061,2894.959510833025,2894.959510833025,2894.959510833025,2895.3384784579976,space,0.37182037497404963,None,2895.3397081251023,2895.443541124758,2895.8981807910604,2895.8783313330496,2895.8804082910065,2895.8981807910604,2895.8981807910604,2895.8981807910604,2898.454088291037,600,1,[2.5555422090692446],[2.555547917028889],p1,001,2025-11-12_18h22.21.983,Intentional Binding,,2025.1.1,None,2025-11-12 18h22.36.038209 +0530,
0.7,1000.0,exp,406,10,33,space,0.45020850002765656,None,600,1,[3.624395332997665],[3.6243999999715015],33,10,406,8,2898.4575317500858,,2898.454272208037,2898.4575317500858,2899.443045458058,2899.443045458058,2899.4537588329986,2899.905511458055,space,0.45020850002765656,None,2899.9074480000418,2900.608200207764,2901.0622672910104,2901.0431101660943,2901.04515012505,2901.0622672910104,2901.0622672910104,2901.0622672910104,2904.687025750056,600,1,[3.624395332997665],[3.6243999999715015],p1,001,2025-11-12_18h22.21.983,Intentional Binding,,2025.1.1,None,2025-11-12 18h22.36.038209 +0530,
0.1,1000.0,exp,407,11,33,space,0.4642540409695357,None,600,1,[5.619108749902807],[5.619113332941197],33,11,407,3,2904.690427625086,,2904.6871974160895,2904.690427625086,2905.676917750039,2905.676917750039,2905.6870054160245,2906.1434619580396,space,0.4642540409695357,None,2906.1448605410988,2906.253618457766,2906.707447041059,2906.687978583039,2906.689989958075,2906.707447041059,2906.707447041059,2906.707447041059,2912.3269104160136,600,1,[5.619108749902807],[5.619113332941197],p1,001,2025-11-12_18h22.21.983,Intentional Binding,,2025.1.1,None,2025-11-12 18h22.36.038209 +0530,
