25.5219 	INFO 	Loaded monitor calibration from ['2025_08_12 08:00']
25.6807 	INFO 	Using renderer 'Apple M2' for graphics
25.6807 	INFO 	OpenGL version supported by driver is 2..
25.7147 	EXP 	Created window1 = Window(allowGUI=True, allowStencil=True, autoLog=True, backendConf=UNKNOWN, backgroundFit=<method-wrapper '__getattribute__' of attributeSetter object at 0x14e782980>, backgroundImage=<method-wrapper '__getattribute__' of attributeSetter object at 0x14e7829e0>, bitsMode=UNKNOWN, blendMode='avg', bpc=(8, 8, 8), color=array([0, 0, 0]), colorSpace='rgb', depthBits=8, fullscr=True, gamma=None, gammaErrorPolicy='raise', infoMsg=UNKNOWN, lms=UNKNOWN, monitor=<psychopy.monitors.calibTools.Monitor object at 0x14e7cf310>, multiSample=False, name='window1', numSamples=2, pos=[np.float64(0.0), np.float64(0.0)], screen=0, size=array([2940, 1912]), stencilBits=8, stereo=False, title='PsychoPy', units='height', useFBO=True, useRetina=True, viewOri=0.0, viewPos=None, viewScale=None, waitBlanking=True, winType='pyglet')
25.7147 	EXP 	window1: backgroundImage = ''
25.7147 	EXP 	window1: backgroundFit = 'none'
26.0265 	EXP 	window1: Attempting to measure frame rate of screen (0) ...
26.0265 	EXP 	window1: recordFrameIntervals = False
26.2141 	EXP 	window1: recordFrameIntervals = True
27.0482 	WARNING 	Couldn't measure a consistent frame rate!
  - Is your graphics card set to sync to vertical blank?
  - Are you running other processes on your computer?

27.8744 	INFO 	keyboard.Keyboard is using ptb backend.
28.0613 	INFO 	keyboard.Keyboard is using ptb backend.
28.2320 	INFO 	Created stream for speaker device: Nirvana Crystl (2.0)
28.6933 	EXP 	Intentional Binding: status = STARTED
28.7138 	EXP 	Created fixation = ShapeStim(__class__=<class 'psychopy.visual.shape.ShapeStim'>, anchor=('center', 'center'), autoDraw=False, autoLog=True, closeShape=True, color=method-wrapper(...), colorSpace='rgb', contrast=None, depth=0.0, draggable=False, fillColor=array([1, 1, 1]), fillColorSpace='rgb', fillRGB=array([1, 1, 1]), interpolate=True, lineColor=array([1., 1., 1.]), lineColorSpace='rgb', lineRGB=array([1, 1, 1]), lineWidth=1.0, name='fixation', opacity=1, ori=0.0, pos=array([0., 0.]), size=array([0.2, 0.2]), units='height', vertices=ndarray(...), win=Window(...), windingRule=None)
28.7157 	EXP 	Created polygon = ShapeStim(__class__=<class 'psychopy.visual.shape.ShapeStim'>, anchor=('center', 'center'), autoDraw=False, autoLog=True, closeShape=True, color=method-wrapper(...), colorSpace='rgb', contrast=None, depth=-1.0, draggable=False, fillColor=array([-1.    ,  0.0039, -1.    ]), fillColorSpace='rgb', fillRGB=array([-1.    ,  0.0039, -1.    ]), interpolate=True, lineColor=array([-1.    ,  0.0039, -1.    ]), lineColorSpace='rgb', lineRGB=array([-1.    ,  0.0039, -1.    ]), lineWidth=1.0, name='polygon', opacity=1, ori=0.0, pos=array([0., 0.]), size=array([0.2, 0.2]), units='height', vertices=ndarray(...), win=Window(...), windingRule=None)
28.7158 	EXP 	sound_1: sampleRate = 44100
28.7158 	EXP 	sound_1: channels = None
28.7165 	EXP 	Sound sound_1 set volume 1.000
28.7503 	EXP 	Created text = TextStim(__class__=<class 'psychopy.visual.text.TextStim'>, alignHoriz=method-wrapper(...), alignText='center', alignVert=method-wrapper(...), anchorHoriz='center', anchorVert='center', antialias=True, autoDraw=False, autoLog=True, bold=False, color=array([1., 1., 1.]), colorSpace='rgb', contrast=1.0, depth=0.0, draggable=False, flipHoriz=False, flipVert=False, font='Arial', fontFiles=[], height=np.float64(0.05), italic=False, languageStyle='LTR', name='text', opacity=1, ori=0.0, pos=array([0. , 0.3]), rgb=UNKNOWN, text=str(...), units='height', win=Window(...), wrapWidth=1)
0.0107 	EXP 	textbox: autoLog = True
0.0158 	EXP 	Imported Conditions for Intentional Binding-2.xlsx as conditions, 12 conditions, 3 params
0.0195 	EXP 	New trial (rep=0, index=0): <Trial 0 (0 in rep 0) data={'delay': 0.1, 'freq': 400.0, 'conditions': 'unexp', 'thisN': 0, 'thisTrialN': 0, 'thisRepN': 0}>
0.0249 	EXP 	fixation: autoDraw = True
0.9947 	INFO 	Keyboard events cleared
0.9945 	EXP 	polygon: autoDraw = True
1.0170 	EXP 	fixation: autoDraw = False
8.2988 	EXP 	Device response: <KeyPress from None: t=8.01741612504702, value=space, duration=None>
8.2990 	EXP 	Device response: <KeyPress from None: t=8.01741612504702, value=space, duration=0.041722208028659225>
8.3084 	DATA 	Keypress: space
8.3130 	WARNING 	t of last frame was 293.51ms (=1/3)
8.3130 	EXP 	fixation: autoDraw = False
8.3130 	EXP 	polygon: autoDraw = False
8.3817 	EXP 	Sound sound_1 reached end of file
8.3983 	EXP 	Playing sound sound_1 on speaker Nirvana Crystl
8.8335 	EXP 	Sound sound_1 stopped
8.8651 	WARNING 	t of last frame was 181.63ms (=1/5)
8.8651 	EXP 	text: autoDraw = True
8.8651 	EXP 	textbox: autoDraw = True
12.7747 	DATA 	Keypress: 2
12.7755 	EXP 	Device response: <KeyPress from None: t=12.76155437505804, value=2, duration=None>
12.8164 	EXP 	Device response: <KeyPress from None: t=12.76155437505804, value=2, duration=0.05002379103098065>
12.9154 	DATA 	Keypress: 0
12.9160 	EXP 	Device response: <KeyPress from None: t=12.901305958046578, value=0, duration=None>
12.9796 	EXP 	Device response: <KeyPress from None: t=12.901305958046578, value=0, duration=0.06820479198358953>
13.0693 	DATA 	Keypress: 0
13.0697 	EXP 	Device response: <KeyPress from None: t=13.054315041052178, value=0, duration=None>
13.1442 	EXP 	Device response: <KeyPress from None: t=13.054315041052178, value=0, duration=0.08824816695414484>
15.6615 	DATA 	Mouse: Left button down, pos=(743,175)
15.6643 	EXP 	New trial (rep=0, index=1): <Trial 1 (1 in rep 0) data={'delay': 0.7, 'freq': 400.0, 'conditions': 'unexp', 'thisN': 1, 'thisTrialN': 1, 'thisRepN': 0}>
15.6673 	EXP 	text: autoDraw = False
15.6673 	EXP 	textbox: autoDraw = False
15.6673 	EXP 	fixation: autoDraw = True
15.8019 	DATA 	Mouse:  Left button up, pos=(743,175)
16.6625 	INFO 	Keyboard events cleared
16.6622 	EXP 	fixation: autoDraw = False
16.6622 	EXP 	polygon: autoDraw = True
20.6486 	EXP 	Device response: <KeyPress from None: t=20.637506708037108, value=space, duration=None>
20.6601 	DATA 	Keypress: space
20.6647 	EXP 	fixation: autoDraw = False
20.6647 	EXP 	polygon: autoDraw = False
20.7297 	EXP 	Device response: <KeyPress from None: t=20.637506708037108, value=space, duration=0.09006366704124957>
21.3340 	EXP 	Sound sound_1 reached end of file
21.3502 	EXP 	Playing sound sound_1 on speaker Nirvana Crystl
21.7846 	EXP 	Sound sound_1 stopped
21.8040 	WARNING 	t of last frame was 170.50ms (=1/5)
21.8040 	EXP 	text: autoDraw = True
21.8040 	EXP 	textbox: autoDraw = True
25.3109 	EXP 	Device response: <KeyPress from None: t=25.30792516609654, value=5, duration=None>
25.3216 	DATA 	Keypress: 5
25.3947 	EXP 	Device response: <KeyPress from None: t=25.30792516609654, value=5, duration=0.08034933393355459>
25.8463 	DATA 	Keypress: 0
25.8469 	EXP 	Device response: <KeyPress from None: t=25.835827250033617, value=0, duration=None>
25.8944 	EXP 	Device response: <KeyPress from None: t=25.835827250033617, value=0, duration=0.05624012497719377>
25.9515 	EXP 	Device response: <KeyPress from None: t=25.950930041028187, value=0, duration=None>
25.9629 	DATA 	Keypress: 0
26.0121 	EXP 	Device response: <KeyPress from None: t=25.950930041028187, value=0, duration=0.06019679200835526>
26.7791 	DATA 	Mouse: Left button down, pos=(743,175)
26.7800 	EXP 	New trial (rep=0, index=2): <Trial 2 (2 in rep 0) data={'delay': 0.1, 'freq': 1000.0, 'conditions': 'exp', 'thisN': 2, 'thisTrialN': 2, 'thisRepN': 0}>
26.7833 	EXP 	text: autoDraw = False
26.7833 	EXP 	textbox: autoDraw = False
26.7833 	EXP 	fixation: autoDraw = True
26.8985 	DATA 	Mouse:  Left button up, pos=(743,175)
27.7789 	INFO 	Keyboard events cleared
27.7787 	EXP 	fixation: autoDraw = False
27.7787 	EXP 	polygon: autoDraw = True
28.7350 	EXP 	Device response: <KeyPress from None: t=28.730852958047763, value=space, duration=None>
28.7423 	DATA 	Keypress: space
28.7471 	EXP 	fixation: autoDraw = False
28.7471 	EXP 	polygon: autoDraw = False
28.7796 	EXP 	Device response: <KeyPress from None: t=28.730852958047763, value=space, duration=0.04432441701646894>
28.8290 	EXP 	Sound sound_1 reached end of file
28.8453 	EXP 	Playing sound sound_1 on speaker Nirvana Crystl
29.2798 	EXP 	Sound sound_1 stopped
29.2995 	WARNING 	t of last frame was 170.94ms (=1/5)
29.2995 	EXP 	text: autoDraw = True
29.2995 	EXP 	textbox: autoDraw = True
32.6331 	DATA 	Keypress: 1
32.6338 	EXP 	Device response: <KeyPress from None: t=32.61873408302199, value=1, duration=None>
32.7121 	EXP 	Device response: <KeyPress from None: t=32.61873408302199, value=1, duration=0.09223579207900912>
33.0322 	DATA 	Keypress: 0
33.0369 	EXP 	Device response: <KeyPress from None: t=33.02867887506727, value=0, duration=None>
33.0960 	EXP 	Device response: <KeyPress from None: t=33.02867887506727, value=0, duration=0.06029458297416568>
33.1521 	EXP 	Device response: <KeyPress from None: t=33.15082279103808, value=0, duration=None>
33.1634 	DATA 	Keypress: 0
33.2113 	EXP 	Device response: <KeyPress from None: t=33.15082279103808, value=0, duration=0.052196625038050115>
33.5644 	DATA 	Mouse: Left button down, pos=(743,175)
33.5694 	EXP 	New trial (rep=0, index=3): <Trial 3 (3 in rep 0) data={'delay': 0.1, 'freq': 1000.0, 'conditions': 'exp', 'thisN': 3, 'thisTrialN': 3, 'thisRepN': 0}>
33.5771 	EXP 	text: autoDraw = False
33.5771 	EXP 	textbox: autoDraw = False
33.5771 	EXP 	fixation: autoDraw = True
33.6639 	DATA 	Mouse:  Left button up, pos=(743,175)
34.5680 	INFO 	Keyboard events cleared
34.5678 	EXP 	fixation: autoDraw = False
34.5678 	EXP 	polygon: autoDraw = True
36.1966 	EXP 	Device response: <KeyPress from None: t=36.19075808301568, value=space, duration=None>
36.2042 	DATA 	Keypress: space
36.2088 	EXP 	fixation: autoDraw = False
36.2088 	EXP 	polygon: autoDraw = False
36.2507 	EXP 	Device response: <KeyPress from None: t=36.19075808301568, value=space, duration=0.05616150004789233>
36.2839 	EXP 	Sound sound_1 reached end of file
36.3002 	EXP 	Playing sound sound_1 on speaker Nirvana Crystl
36.7338 	EXP 	Sound sound_1 stopped
36.7528 	WARNING 	Multiple dropped frames have occurred - I'll stop bothering you about them!
36.7527 	EXP 	text: autoDraw = True
36.7527 	EXP 	textbox: autoDraw = True
37.7841 	DATA 	Keypress: 1
37.7847 	EXP 	Device response: <KeyPress from None: t=37.7775800001109, value=1, duration=None>
37.8607 	EXP 	Device response: <KeyPress from None: t=37.7775800001109, value=1, duration=0.08031024993397295>
38.0509 	EXP 	Device response: <KeyPress from None: t=38.04860516602639, value=0, duration=None>
38.0534 	DATA 	Keypress: 0
38.1293 	EXP 	Device response: <KeyPress from None: t=38.04860516602639, value=0, duration=0.06818166701123118>
38.1968 	DATA 	Keypress: 0
38.1980 	EXP 	Device response: <KeyPress from None: t=38.18462400010321, value=0, duration=None>
38.2606 	EXP 	Device response: <KeyPress from None: t=38.18462400010321, value=0, duration=0.07226416596677154>
38.6779 	DATA 	Mouse: Left button down, pos=(743,175)
38.6784 	EXP 	New trial (rep=0, index=4): <Trial 4 (4 in rep 0) data={'delay': 0.1, 'freq': 1000.0, 'conditions': 'exp', 'thisN': 4, 'thisTrialN': 4, 'thisRepN': 0}>
38.6814 	EXP 	text: autoDraw = False
38.6814 	EXP 	textbox: autoDraw = False
38.6814 	EXP 	fixation: autoDraw = True
38.7690 	DATA 	Mouse:  Left button up, pos=(743,175)
39.5699 	DATA 	Mouse: wheel shift=(0,0), pos=(743,175)
39.5704 	DATA 	Mouse: wheel shift=(0,0), pos=(743,175)
39.5846 	DATA 	Mouse: wheel shift=(0,0), pos=(743,175)
39.5980 	DATA 	Mouse: wheel shift=(0,0), pos=(743,175)
39.6136 	DATA 	Mouse: wheel shift=(0,0), pos=(743,175)
39.6306 	DATA 	Mouse: wheel shift=(0,0), pos=(743,175)
39.6476 	DATA 	Mouse: wheel shift=(0,0), pos=(743,175)
39.6641 	DATA 	Mouse: wheel shift=(0,0), pos=(743,175)
39.6684 	INFO 	Keyboard events cleared
39.6682 	EXP 	polygon: autoDraw = True
39.6784 	EXP 	fixation: autoDraw = False
39.6805 	DATA 	Mouse: wheel shift=(0,0), pos=(743,175)
39.6980 	DATA 	Mouse: wheel shift=(0,0), pos=(743,175)
39.7146 	DATA 	Mouse: wheel shift=(0,0), pos=(743,175)
39.7338 	DATA 	Mouse: wheel shift=(0,0), pos=(743,175)
39.7478 	DATA 	Mouse: wheel shift=(0,0), pos=(743,175)
39.8304 	DATA 	Mouse: wheel shift=(0,0), pos=(743,175)
39.8478 	DATA 	Mouse: wheel shift=(0,0), pos=(743,175)
39.8644 	DATA 	Mouse: wheel shift=(0,0), pos=(743,175)
39.8805 	DATA 	Mouse: wheel shift=(0,0), pos=(743,175)
39.8971 	DATA 	Mouse: wheel shift=(0,0), pos=(743,175)
39.9146 	DATA 	Mouse: wheel shift=(0,0), pos=(743,175)
39.9314 	DATA 	Mouse: wheel shift=(0,0), pos=(743,175)
39.9471 	DATA 	Mouse: wheel shift=(0,0), pos=(743,175)
39.9479 	DATA 	Mouse: wheel shift=(0,0), pos=(743,175)
39.9652 	DATA 	Mouse: wheel shift=(0,0), pos=(743,175)
39.9799 	DATA 	Mouse: wheel shift=(0,0), pos=(743,175)
39.9974 	DATA 	Mouse: wheel shift=(0,0), pos=(743,175)
40.0141 	DATA 	Mouse: wheel shift=(0,0), pos=(747,175)
40.0306 	DATA 	Mouse: wheel shift=(0,0), pos=(753,175)
40.0470 	DATA 	Mouse: wheel shift=(0,0), pos=(753,175)
40.0639 	DATA 	Mouse: wheel shift=(0,0), pos=(753,175)
40.0804 	DATA 	Mouse: wheel shift=(0,0), pos=(753,175)
40.0979 	DATA 	Mouse: wheel shift=(0,0), pos=(753,175)
40.1136 	DATA 	Mouse: wheel shift=(0,0), pos=(753,175)
40.1302 	DATA 	Mouse: wheel shift=(0,0), pos=(753,175)
40.1470 	DATA 	Mouse: wheel shift=(0,0), pos=(753,175)
40.1645 	DATA 	Mouse: wheel shift=(0,0), pos=(753,175)
40.1803 	DATA 	Mouse: wheel shift=(1,0), pos=(753,175)
40.1971 	DATA 	Mouse: wheel shift=(0,0), pos=(753,175)
40.2144 	DATA 	Mouse: wheel shift=(0,0), pos=(753,175)
40.2299 	DATA 	Mouse: wheel shift=(0,0), pos=(753,175)
40.2469 	DATA 	Mouse: wheel shift=(0,0), pos=(753,175)
40.2646 	DATA 	Mouse: wheel shift=(1,0), pos=(753,175)
40.2809 	DATA 	Mouse: wheel shift=(0,0), pos=(753,175)
40.2975 	DATA 	Mouse: wheel shift=(0,0), pos=(753,175)
40.3136 	DATA 	Mouse: wheel shift=(0,0), pos=(753,175)
40.3314 	DATA 	Mouse: wheel shift=(0,0), pos=(753,175)
40.3477 	DATA 	Mouse: wheel shift=(0,0), pos=(753,175)
40.3637 	DATA 	Mouse: wheel shift=(0,0), pos=(753,175)
40.3798 	DATA 	Mouse: wheel shift=(0,0), pos=(753,175)
40.3970 	DATA 	Mouse: wheel shift=(0,0), pos=(753,175)
40.4308 	DATA 	Mouse: wheel shift=(0,0), pos=(753,175)
40.4469 	DATA 	Mouse: wheel shift=(0,0), pos=(753,175)
40.4638 	DATA 	Mouse: wheel shift=(0,0), pos=(753,175)
40.4813 	DATA 	Mouse: wheel shift=(0,0), pos=(753,175)
40.9129 	EXP 	Device response: <KeyPress from None: t=40.90453995810822, value=space, duration=None>
40.9199 	DATA 	Keypress: space
40.9245 	EXP 	fixation: autoDraw = False
40.9245 	EXP 	polygon: autoDraw = False
40.9828 	EXP 	Device response: <KeyPress from None: t=40.90453995810822, value=space, duration=0.07621791691053659>
41.0010 	EXP 	Sound sound_1 reached end of file
41.0173 	EXP 	Playing sound sound_1 on speaker Nirvana Crystl
41.4509 	EXP 	Sound sound_1 stopped
41.4694 	EXP 	text: autoDraw = True
41.4694 	EXP 	textbox: autoDraw = True
43.5116 	DATA 	Keypress: 1
43.5122 	EXP 	Device response: <KeyPress from None: t=43.501387375057675, value=1, duration=None>
43.5775 	EXP 	Device response: <KeyPress from None: t=43.501387375057675, value=1, duration=0.07145504094660282>
44.1315 	DATA 	Keypress: 0
44.1354 	EXP 	Device response: <KeyPress from None: t=44.1283647500677, value=0, duration=None>
44.1944 	EXP 	Device response: <KeyPress from None: t=44.1283647500677, value=0, duration=0.06043687497731298>
44.2656 	DATA 	Keypress: 0
44.2694 	EXP 	Device response: <KeyPress from None: t=44.262325957999565, value=0, duration=None>
44.3459 	EXP 	Device response: <KeyPress from None: t=44.262325957999565, value=0, duration=0.07249679206870496>
44.6538 	DATA 	Mouse: Left button down, pos=(753,175)
44.6543 	EXP 	New trial (rep=0, index=5): <Trial 5 (5 in rep 0) data={'delay': 0.7, 'freq': 1000.0, 'conditions': 'exp', 'thisN': 5, 'thisTrialN': 5, 'thisRepN': 0}>
44.6602 	EXP 	text: autoDraw = False
44.6602 	EXP 	textbox: autoDraw = False
44.6602 	EXP 	fixation: autoDraw = True
44.7983 	DATA 	Mouse:  Left button up, pos=(753,175)
45.6512 	INFO 	Keyboard events cleared
45.6511 	EXP 	fixation: autoDraw = False
45.6511 	EXP 	polygon: autoDraw = True
46.2355 	EXP 	Device response: <KeyPress from None: t=46.22940533305518, value=space, duration=None>
46.2425 	DATA 	Keypress: space
46.2473 	EXP 	fixation: autoDraw = False
46.2473 	EXP 	polygon: autoDraw = False
46.3299 	EXP 	Device response: <KeyPress from None: t=46.22940533305518, value=space, duration=0.08829500002320856>
46.9289 	EXP 	Sound sound_1 reached end of file
46.9452 	EXP 	Playing sound sound_1 on speaker Nirvana Crystl
47.3798 	EXP 	Sound sound_1 stopped
47.3993 	EXP 	text: autoDraw = True
47.3993 	EXP 	textbox: autoDraw = True
50.9940 	EXP 	Device response: <KeyPress from None: t=50.9890626660781, value=4, duration=None>
51.0022 	DATA 	Keypress: 4
51.1284 	EXP 	Device response: <KeyPress from None: t=50.9890626660781, value=4, duration=0.13792483392171562>
52.0779 	DATA 	Keypress: 0
52.0785 	EXP 	Device response: <KeyPress from None: t=52.07076458306983, value=0, duration=None>
52.1272 	EXP 	Device response: <KeyPress from None: t=52.07076458306983, value=0, duration=0.052200375008396804>
52.2358 	DATA 	Keypress: 0
52.2438 	EXP 	Device response: <KeyPress from None: t=52.23267858300824, value=0, duration=None>
52.3111 	EXP 	Device response: <KeyPress from None: t=52.23267858300824, value=0, duration=0.06836175010539591>
53.6786 	DATA 	Mouse: Left button down, pos=(753,175)
53.6795 	EXP 	New trial (rep=0, index=6): <Trial 6 (6 in rep 0) data={'delay': 0.4, 'freq': 1000.0, 'conditions': 'exp', 'thisN': 6, 'thisTrialN': 6, 'thisRepN': 0}>
53.6829 	EXP 	text: autoDraw = False
53.6829 	EXP 	textbox: autoDraw = False
53.6829 	EXP 	fixation: autoDraw = True
53.8017 	DATA 	Mouse:  Left button up, pos=(753,175)
54.6783 	INFO 	Keyboard events cleared
54.6782 	EXP 	fixation: autoDraw = False
54.6782 	EXP 	polygon: autoDraw = True
55.3464 	EXP 	Device response: <KeyPress from None: t=55.339884208049625, value=space, duration=None>
55.3540 	DATA 	Keypress: space
55.3586 	EXP 	fixation: autoDraw = False
55.3586 	EXP 	polygon: autoDraw = False
55.4301 	EXP 	Device response: <KeyPress from None: t=55.339884208049625, value=space, duration=0.08412012504413724>
55.7337 	EXP 	Sound sound_1 reached end of file
55.7501 	EXP 	Playing sound sound_1 on speaker Nirvana Crystl
56.1843 	EXP 	Sound sound_1 stopped
56.2028 	EXP 	text: autoDraw = True
56.2028 	EXP 	textbox: autoDraw = True
57.9325 	DATA 	Keypress: 3
57.9332 	EXP 	Device response: <KeyPress from None: t=57.91951975005213, value=3, duration=None>
58.0272 	EXP 	Device response: <KeyPress from None: t=57.91951975005213, value=3, duration=0.1043928749859333>
58.1946 	DATA 	Keypress: 0
58.1952 	EXP 	Device response: <KeyPress from None: t=58.18458379106596, value=0, duration=None>
58.2504 	EXP 	Device response: <KeyPress from None: t=58.18458379106596, value=0, duration=0.06028058403171599>
58.3278 	DATA 	Keypress: 0
58.3283 	EXP 	Device response: <KeyPress from None: t=58.31643866607919, value=0, duration=None>
58.3771 	EXP 	Device response: <KeyPress from None: t=58.31643866607919, value=0, duration=0.05635720898862928>
58.7987 	DATA 	Mouse: Left button down, pos=(753,175)
58.7991 	EXP 	New trial (rep=0, index=7): <Trial 7 (7 in rep 0) data={'delay': 0.7, 'freq': 1000.0, 'conditions': 'exp', 'thisN': 7, 'thisTrialN': 7, 'thisRepN': 0}>
58.8105 	EXP 	text: autoDraw = False
58.8105 	EXP 	textbox: autoDraw = False
58.8105 	EXP 	fixation: autoDraw = True
58.9300 	DATA 	Mouse:  Left button up, pos=(753,175)
59.7951 	INFO 	Keyboard events cleared
59.7950 	EXP 	polygon: autoDraw = True
59.7996 	EXP 	fixation: autoDraw = False
60.5022 	EXP 	Device response: <KeyPress from None: t=60.49851645808667, value=space, duration=None>
60.5097 	DATA 	Keypress: space
60.5139 	EXP 	fixation: autoDraw = False
60.5139 	EXP 	polygon: autoDraw = False
60.5964 	EXP 	Device response: <KeyPress from None: t=60.49851645808667, value=space, duration=0.0962083749473095>
61.1952 	EXP 	Sound sound_1 reached end of file
61.2116 	EXP 	Playing sound sound_1 on speaker Nirvana Crystl
61.6458 	EXP 	Sound sound_1 stopped
61.6643 	EXP 	text: autoDraw = True
61.6643 	EXP 	textbox: autoDraw = True
63.0447 	DATA 	Keypress: 3
63.0454 	EXP 	Device response: <KeyPress from None: t=63.0325525830267, value=3, duration=None>
63.1289 	EXP 	Device response: <KeyPress from None: t=63.0325525830267, value=3, duration=0.08826808305457234>
63.2938 	EXP 	Device response: <KeyPress from None: t=63.289508250076324, value=0, duration=None>
63.2956 	DATA 	Keypress: 0
63.3626 	EXP 	Device response: <KeyPress from None: t=63.289508250076324, value=0, duration=0.06430766603443772>
63.4277 	DATA 	Keypress: 0
63.4283 	EXP 	Device response: <KeyPress from None: t=63.42049395805225, value=0, duration=None>
63.5107 	EXP 	Device response: <KeyPress from None: t=63.42049395805225, value=0, duration=0.08028954197652638>
63.8282 	DATA 	Mouse: Left button down, pos=(753,175)
63.8293 	EXP 	New trial (rep=0, index=8): <Trial 8 (8 in rep 0) data={'delay': 0.4, 'freq': 400.0, 'conditions': 'unexp', 'thisN': 8, 'thisTrialN': 8, 'thisRepN': 0}>
63.8324 	EXP 	text: autoDraw = False
63.8324 	EXP 	textbox: autoDraw = False
63.8324 	EXP 	fixation: autoDraw = True
63.9468 	DATA 	Mouse:  Left button up, pos=(753,175)
64.8186 	INFO 	Keyboard events cleared
64.8184 	EXP 	polygon: autoDraw = True
64.8284 	EXP 	fixation: autoDraw = False
65.5297 	EXP 	Device response: <KeyPress from None: t=65.52735395811033, value=space, duration=None>
65.5367 	DATA 	Keypress: space
65.5414 	EXP 	fixation: autoDraw = False
65.5414 	EXP 	polygon: autoDraw = False
65.6132 	EXP 	Device response: <KeyPress from None: t=65.52735395811033, value=space, duration=0.08037791692186147>
65.9152 	EXP 	Sound sound_1 reached end of file
65.9315 	EXP 	Playing sound sound_1 on speaker Nirvana Crystl
66.3661 	EXP 	Sound sound_1 stopped
66.3854 	EXP 	text: autoDraw = True
66.3854 	EXP 	textbox: autoDraw = True
69.2674 	DATA 	Keypress: 7
69.2683 	EXP 	Device response: <KeyPress from None: t=69.25230500008911, value=7, duration=None>
69.3320 	EXP 	Device response: <KeyPress from None: t=69.25230500008911, value=7, duration=0.07631995796691626>
69.6654 	EXP 	Device response: <KeyPress from None: t=69.66433016606607, value=0, duration=None>
69.6681 	DATA 	Keypress: 0
69.7282 	EXP 	Device response: <KeyPress from None: t=69.66433016606607, value=0, duration=0.060293667018413544>
69.8109 	DATA 	Keypress: 0
69.8113 	EXP 	Device response: <KeyPress from None: t=69.80031129100826, value=0, duration=None>
69.8772 	EXP 	Device response: <KeyPress from None: t=69.80031129100826, value=0, duration=0.06818062509410083>
70.2605 	DATA 	Mouse: Left button down, pos=(753,175)
70.2610 	EXP 	New trial (rep=0, index=9): <Trial 9 (9 in rep 0) data={'delay': 0.4, 'freq': 1000.0, 'conditions': 'exp', 'thisN': 9, 'thisTrialN': 9, 'thisRepN': 0}>
70.2639 	EXP 	text: autoDraw = False
70.2639 	EXP 	textbox: autoDraw = False
70.2639 	EXP 	fixation: autoDraw = True
70.3982 	DATA 	Mouse:  Left button up, pos=(753,175)
71.2513 	INFO 	Keyboard events cleared
71.2511 	EXP 	polygon: autoDraw = True
71.2616 	EXP 	fixation: autoDraw = False
106.1301 	EXP 	Device response: <KeyPress from None: t=106.12707437505014, value=space, duration=None>
106.1395 	DATA 	Keypress: space
106.1445 	EXP 	fixation: autoDraw = False
106.1445 	EXP 	polygon: autoDraw = False
106.1965 	EXP 	Device response: <KeyPress from None: t=106.12707437505014, value=space, duration=0.0602917909855023>
106.5167 	EXP 	Sound sound_1 reached end of file
106.5330 	EXP 	Playing sound sound_1 on speaker Nirvana Crystl
106.9674 	EXP 	Sound sound_1 stopped
106.9864 	EXP 	text: autoDraw = True
106.9864 	EXP 	textbox: autoDraw = True
109.8024 	DATA 	Keypress: 3
109.8033 	EXP 	Device response: <KeyPress from None: t=109.79694333299994, value=3, duration=None>
109.8948 	EXP 	Device response: <KeyPress from None: t=109.79694333299994, value=3, duration=0.08838550001382828>
110.5107 	EXP 	Device response: <KeyPress from None: t=110.50900875008665, value=0, duration=None>
110.5155 	DATA 	Keypress: 0
110.5678 	EXP 	Device response: <KeyPress from None: t=110.50900875008665, value=0, duration=0.05235574999824166>
110.6434 	EXP 	Device response: <KeyPress from None: t=110.63805187505204, value=0, duration=None>
110.6464 	DATA 	Keypress: 0
110.7005 	EXP 	Device response: <KeyPress from None: t=110.63805187505204, value=0, duration=0.0602977080270648>
113.5028 	DATA 	Mouse: Left button down, pos=(753,175)
113.5101 	EXP 	New trial (rep=0, index=10): <Trial 10 (10 in rep 0) data={'delay': 0.7, 'freq': 1000.0, 'conditions': 'exp', 'thisN': 10, 'thisTrialN': 10, 'thisRepN': 0}>
113.5131 	EXP 	text: autoDraw = False
113.5131 	EXP 	textbox: autoDraw = False
113.5131 	EXP 	fixation: autoDraw = True
113.7303 	DATA 	Mouse:  Left button up, pos=(753,175)
114.5008 	INFO 	Keyboard events cleared
114.5006 	EXP 	polygon: autoDraw = True
114.5112 	EXP 	fixation: autoDraw = False
115.8296 	EXP 	Device response: <KeyPress from None: t=115.81978441600222, value=space, duration=None>
115.8372 	DATA 	Keypress: space
115.8421 	EXP 	fixation: autoDraw = False
115.8421 	EXP 	polygon: autoDraw = False
115.9009 	EXP 	Device response: <KeyPress from None: t=115.81978441600222, value=space, duration=0.07633533410262316>
116.5160 	EXP 	Sound sound_1 reached end of file
116.5324 	EXP 	Playing sound sound_1 on speaker Nirvana Crystl
116.9671 	EXP 	Sound sound_1 stopped
116.9865 	EXP 	text: autoDraw = True
116.9865 	EXP 	textbox: autoDraw = True
119.1020 	DATA 	Keypress: 7
119.1030 	EXP 	Device response: <KeyPress from None: t=119.09675737505313, value=7, duration=None>
119.1777 	EXP 	Device response: <KeyPress from None: t=119.09675737505313, value=7, duration=0.0723951660329476>
119.7010 	EXP 	Device response: <KeyPress from None: t=119.69674970803317, value=0, duration=None>
119.7044 	DATA 	Keypress: 0
119.7679 	EXP 	Device response: <KeyPress from None: t=119.69674970803317, value=0, duration=0.06435141700785607>
119.8437 	EXP 	Device response: <KeyPress from None: t=119.84170345810708, value=0, duration=None>
119.8465 	DATA 	Keypress: 0
119.9175 	EXP 	Device response: <KeyPress from None: t=119.84170345810708, value=0, duration=0.07241354195866734>
120.8790 	DATA 	Mouse: Left button down, pos=(781,193)
120.8857 	EXP 	New trial (rep=0, index=11): <Trial 11 (11 in rep 0) data={'delay': 0.4, 'freq': 1000.0, 'conditions': 'exp', 'thisN': 11, 'thisTrialN': 11, 'thisRepN': 0}>
120.8939 	EXP 	text: autoDraw = False
120.8939 	EXP 	textbox: autoDraw = False
120.8939 	EXP 	fixation: autoDraw = True
121.1866 	DATA 	Mouse:  Left button up, pos=(781,193)
121.8836 	INFO 	Keyboard events cleared
121.8835 	EXP 	fixation: autoDraw = False
121.8835 	EXP 	polygon: autoDraw = True
122.9630 	EXP 	Device response: <KeyPress from None: t=122.95872133306693, value=space, duration=None>
122.9706 	DATA 	Keypress: space
122.9756 	EXP 	fixation: autoDraw = False
122.9756 	EXP 	polygon: autoDraw = False
123.0294 	EXP 	Device response: <KeyPress from None: t=122.95872133306693, value=space, duration=0.06039045797660947>
123.3504 	EXP 	Sound sound_1 reached end of file
123.3667 	EXP 	Playing sound sound_1 on speaker Nirvana Crystl
123.8004 	EXP 	Sound sound_1 stopped
123.8189 	EXP 	text: autoDraw = True
123.8189 	EXP 	textbox: autoDraw = True
126.7320 	DATA 	Keypress: 3
126.7362 	EXP 	Device response: <KeyPress from None: t=126.72851054102648, value=3, duration=None>
126.7936 	EXP 	Device response: <KeyPress from None: t=126.72851054102648, value=3, duration=0.0643958339933306>
126.9850 	DATA 	Keypress: 0
126.9858 	EXP 	Device response: <KeyPress from None: t=126.9795473330887, value=0, duration=None>
127.0441 	EXP 	Device response: <KeyPress from None: t=126.9795473330887, value=0, duration=0.06029070797376335>
127.1353 	DATA 	Keypress: 0
127.1361 	EXP 	Device response: <KeyPress from None: t=127.12965866609011, value=0, duration=None>
127.1933 	EXP 	Device response: <KeyPress from None: t=127.12965866609011, value=0, duration=0.06025350000709295>
128.5433 	DATA 	Mouse: Right button down, pos=(804,191)
128.5440 	EXP 	New trial (rep=1, index=0): <Trial 12 (0 in rep 1) data={'delay': 0.7, 'freq': 400.0, 'conditions': 'unexp', 'thisN': 12, 'thisTrialN': 0, 'thisRepN': 1}>
128.5470 	EXP 	text: autoDraw = False
128.5470 	EXP 	textbox: autoDraw = False
128.5470 	EXP 	fixation: autoDraw = True
128.7299 	DATA 	Mouse:  Right button up, pos=(804,191)
129.5341 	INFO 	Keyboard events cleared
129.5339 	EXP 	polygon: autoDraw = True
129.5445 	EXP 	fixation: autoDraw = False
133.1680 	EXP 	Device response: <KeyPress from None: t=133.16654904105235, value=space, duration=None>
133.1754 	DATA 	Keypress: space
133.1801 	EXP 	fixation: autoDraw = False
133.1801 	EXP 	polygon: autoDraw = False
133.2461 	EXP 	Device response: <KeyPress from None: t=133.16654904105235, value=space, duration=0.06995737506076694>
133.8613 	EXP 	Sound sound_1 reached end of file
133.8776 	EXP 	Playing sound sound_1 on speaker Nirvana Crystl
134.3121 	EXP 	Sound sound_1 stopped
134.3314 	EXP 	text: autoDraw = True
134.3314 	EXP 	textbox: autoDraw = True
138.3179 	EXP 	Device response: <KeyPress from None: t=138.31628733302932, value=6, duration=None>
138.3321 	DATA 	Keypress: 6
138.3839 	EXP 	Device response: <KeyPress from None: t=138.31628733302932, value=6, duration=0.06605145800858736>
138.5774 	DATA 	Keypress: 0
138.5782 	EXP 	Device response: <KeyPress from None: t=138.57102204102557, value=0, duration=None>
138.6433 	EXP 	Device response: <KeyPress from None: t=138.57102204102557, value=0, duration=0.0681899170158431>
138.7175 	EXP 	Device response: <KeyPress from None: t=138.71597858308814, value=0, duration=None>
138.7204 	DATA 	Keypress: 0
138.7845 	EXP 	Device response: <KeyPress from None: t=138.71597858308814, value=0, duration=0.06426708295475692>
139.1377 	DATA 	Keypress: space
139.1430 	EXP 	Device response: <KeyPress from None: t=139.1338229160756, value=space, duration=None>
139.2508 	EXP 	Device response: <KeyPress from None: t=139.1338229160756, value=space, duration=0.11657650000415742>
141.4598 	DATA 	Mouse: Left button down, pos=(802,191)
141.4607 	EXP 	New trial (rep=1, index=1): <Trial 13 (1 in rep 1) data={'delay': 0.1, 'freq': 1000.0, 'conditions': 'exp', 'thisN': 13, 'thisTrialN': 1, 'thisRepN': 1}>
141.4642 	EXP 	text: autoDraw = False
141.4642 	EXP 	textbox: autoDraw = False
141.4642 	EXP 	fixation: autoDraw = True
141.6467 	DATA 	Mouse:  Left button up, pos=(801,191)
142.4507 	INFO 	Keyboard events cleared
142.4505 	EXP 	polygon: autoDraw = True
142.4609 	EXP 	fixation: autoDraw = False
143.1118 	EXP 	Device response: <KeyPress from None: t=143.1097505830694, value=space, duration=None>
143.1193 	DATA 	Keypress: space
143.1242 	EXP 	fixation: autoDraw = False
143.1242 	EXP 	polygon: autoDraw = False
143.1992 	EXP 	Sound sound_1 reached end of file
143.2156 	EXP 	Playing sound sound_1 on speaker Nirvana Crystl
143.2625 	EXP 	Device response: <KeyPress from None: t=143.1097505830694, value=space, duration=0.14905937493313104>
143.6502 	EXP 	Sound sound_1 stopped
143.6699 	EXP 	text: autoDraw = True
143.6699 	EXP 	textbox: autoDraw = True
144.6320 	DATA 	Keypress: 2
144.6364 	EXP 	Device response: <KeyPress from None: t=144.62670550006442, value=2, duration=None>
144.7514 	EXP 	Device response: <KeyPress from None: t=144.62670550006442, value=2, duration=0.12046791601460427>
145.0852 	DATA 	Keypress: 0
145.0860 	EXP 	Device response: <KeyPress from None: t=145.07787804107647, value=0, duration=None>
145.1341 	EXP 	Device response: <KeyPress from None: t=145.07787804107647, value=0, duration=0.05222529196180403>
145.2106 	DATA 	Keypress: 0
145.2114 	EXP 	Device response: <KeyPress from None: t=145.20281929103658, value=0, duration=None>
145.2847 	EXP 	Device response: <KeyPress from None: t=145.20281929103658, value=0, duration=0.07676954206544906>
146.2035 	DATA 	Mouse: Left button down, pos=(801,191)
146.2099 	EXP 	New trial (rep=1, index=2): <Trial 14 (2 in rep 1) data={'delay': 0.4, 'freq': 400.0, 'conditions': 'unexp', 'thisN': 14, 'thisTrialN': 2, 'thisRepN': 1}>
146.2128 	EXP 	text: autoDraw = False
146.2128 	EXP 	textbox: autoDraw = False
146.2128 	EXP 	fixation: autoDraw = True
146.4020 	DATA 	Mouse:  Left button up, pos=(801,191)
147.2011 	INFO 	Keyboard events cleared
147.2010 	EXP 	polygon: autoDraw = True
147.2109 	EXP 	fixation: autoDraw = False
148.6294 	EXP 	Device response: <KeyPress from None: t=148.62283354101237, value=space, duration=None>
148.6382 	DATA 	Keypress: space
148.6432 	EXP 	fixation: autoDraw = False
148.6432 	EXP 	polygon: autoDraw = False
148.6829 	EXP 	Device response: <KeyPress from None: t=148.62283354101237, value=space, duration=0.05611695908010006>
149.0161 	EXP 	Sound sound_1 reached end of file
149.0324 	EXP 	Playing sound sound_1 on speaker Nirvana Crystl
149.4664 	EXP 	Sound sound_1 stopped
149.4883 	EXP 	text: autoDraw = True
149.4883 	EXP 	textbox: autoDraw = True
150.7442 	DATA 	Keypress: 3
150.7453 	EXP 	Device response: <KeyPress from None: t=150.73579841607716, value=3, duration=None>
150.8444 	EXP 	Device response: <KeyPress from None: t=150.73579841607716, value=3, duration=0.10018433397635818>
151.2098 	EXP 	Device response: <KeyPress from None: t=151.20477637508884, value=0, duration=None>
151.2130 	DATA 	Keypress: 0
151.3006 	EXP 	Device response: <KeyPress from None: t=151.20477637508884, value=0, duration=0.09215549996588379>
151.3600 	EXP 	Device response: <KeyPress from None: t=151.3595210830681, value=0, duration=None>
151.3646 	DATA 	Keypress: 0
151.4439 	EXP 	Device response: <KeyPress from None: t=151.3595210830681, value=0, duration=0.07664954196661711>
152.0449 	DATA 	Mouse: Left button down, pos=(801,191)
152.0516 	EXP 	New trial (rep=1, index=3): <Trial 15 (3 in rep 1) data={'delay': 0.7, 'freq': 1000.0, 'conditions': 'exp', 'thisN': 15, 'thisTrialN': 3, 'thisRepN': 1}>
152.0605 	EXP 	text: autoDraw = False
152.0605 	EXP 	textbox: autoDraw = False
152.0605 	EXP 	fixation: autoDraw = True
152.1960 	DATA 	Mouse:  Left button up, pos=(801,191)
153.0506 	INFO 	Keyboard events cleared
153.0503 	EXP 	fixation: autoDraw = False
153.0503 	EXP 	polygon: autoDraw = True
153.0555 	DATA 	Keypress: space
153.7454 	EXP 	Device response: <KeyPress from None: t=153.7355452500051, value=space, duration=None>
153.7530 	DATA 	Keypress: space
153.7577 	EXP 	fixation: autoDraw = False
153.7577 	EXP 	polygon: autoDraw = False
153.7952 	EXP 	Device response: <KeyPress from None: t=153.7355452500051, value=space, duration=0.052412291057407856>
154.4319 	EXP 	Sound sound_1 reached end of file
154.4483 	EXP 	Playing sound sound_1 on speaker Nirvana Crystl
154.8829 	EXP 	Sound sound_1 stopped
154.9015 	EXP 	text: autoDraw = True
154.9015 	EXP 	textbox: autoDraw = True
156.3942 	DATA 	Keypress: 5
156.3951 	EXP 	Device response: <KeyPress from None: t=156.38556504109874, value=5, duration=None>
156.4604 	EXP 	Device response: <KeyPress from None: t=156.38556504109874, value=5, duration=0.07215229200664908>
156.5273 	DATA 	Keypress: 5
156.5281 	EXP 	Device response: <KeyPress from None: t=156.5185382500058, value=5, duration=None>
156.6101 	EXP 	Device response: <KeyPress from None: t=156.5185382500058, value=5, duration=0.08437654108274728>
156.8778 	EXP 	Device response: <KeyPress from None: t=156.874413750018, value=0, duration=None>
156.8811 	DATA 	Keypress: 0
156.9349 	EXP 	Device response: <KeyPress from None: t=156.874413750018, value=0, duration=0.056460458086803555>
157.5678 	DATA 	Mouse: Left button down, pos=(801,191)
157.5685 	EXP 	New trial (rep=1, index=4): <Trial 16 (4 in rep 1) data={'delay': 0.1, 'freq': 1000.0, 'conditions': 'exp', 'thisN': 16, 'thisTrialN': 4, 'thisRepN': 1}>
157.5772 	EXP 	text: autoDraw = False
157.5772 	EXP 	textbox: autoDraw = False
157.5772 	EXP 	fixation: autoDraw = True
157.7293 	DATA 	Mouse:  Left button up, pos=(801,191)
158.5675 	INFO 	Keyboard events cleared
158.5672 	EXP 	fixation: autoDraw = False
158.5672 	EXP 	polygon: autoDraw = True
159.6961 	EXP 	Device response: <KeyPress from None: t=159.69351908308454, value=space, duration=None>
159.7035 	DATA 	Keypress: space
159.7083 	EXP 	fixation: autoDraw = False
159.7083 	EXP 	polygon: autoDraw = False
159.7621 	EXP 	Device response: <KeyPress from None: t=159.69351908308454, value=space, duration=0.06426987494342029>
159.7821 	EXP 	Sound sound_1 reached end of file
159.7985 	EXP 	Playing sound sound_1 on speaker Nirvana Crystl
160.2331 	EXP 	Sound sound_1 stopped
160.2532 	EXP 	text: autoDraw = True
160.2532 	EXP 	textbox: autoDraw = True
161.1844 	EXP 	Device response: <KeyPress from None: t=161.1825207080692, value=1, duration=None>
161.1887 	DATA 	Keypress: 1
161.3175 	EXP 	Device response: <KeyPress from None: t=161.1825207080692, value=1, duration=0.1321387499338016>
161.6180 	EXP 	Device response: <KeyPress from None: t=161.6154918750981, value=0, duration=None>
161.6215 	DATA 	Keypress: 0
161.6934 	EXP 	Device response: <KeyPress from None: t=161.6154918750981, value=0, duration=0.07620029093232006>
161.7438 	DATA 	Keypress: 0
161.7446 	EXP 	Device response: <KeyPress from None: t=161.73442800005432, value=0, duration=None>
161.8101 	EXP 	Device response: <KeyPress from None: t=161.73442800005432, value=0, duration=0.06827699998393655>
162.6203 	DATA 	Mouse: Left button down, pos=(801,191)
162.6265 	EXP 	New trial (rep=1, index=5): <Trial 17 (5 in rep 1) data={'delay': 0.1, 'freq': 1000.0, 'conditions': 'exp', 'thisN': 17, 'thisTrialN': 5, 'thisRepN': 1}>
162.6295 	EXP 	text: autoDraw = False
162.6295 	EXP 	textbox: autoDraw = False
162.6295 	EXP 	fixation: autoDraw = True
162.7665 	DATA 	Mouse:  Left button up, pos=(801,191)
163.6169 	INFO 	Keyboard events cleared
163.6168 	EXP 	polygon: autoDraw = True
163.6273 	EXP 	fixation: autoDraw = False
164.8958 	EXP 	Device response: <KeyPress from None: t=164.88525670801755, value=space, duration=None>
164.9040 	DATA 	Keypress: space
164.9089 	EXP 	fixation: autoDraw = False
164.9089 	EXP 	polygon: autoDraw = False
164.9616 	EXP 	Device response: <KeyPress from None: t=164.88525670801755, value=space, duration=0.07240491698030382>
164.9819 	EXP 	Sound sound_1 reached end of file
164.9982 	EXP 	Playing sound sound_1 on speaker Nirvana Crystl
165.4321 	EXP 	Sound sound_1 stopped
165.4510 	EXP 	text: autoDraw = True
165.4510 	EXP 	textbox: autoDraw = True
166.2935 	EXP 	Device response: <KeyPress from None: t=166.29128762509208, value=1, duration=None>
166.2977 	DATA 	Keypress: 1
166.4004 	EXP 	Device response: <KeyPress from None: t=166.29128762509208, value=1, duration=0.10826458293013275>
166.7438 	EXP 	Device response: <KeyPress from None: t=166.74238987499848, value=0, duration=None>
166.7483 	DATA 	Keypress: 0
166.8004 	EXP 	Device response: <KeyPress from None: t=166.74238987499848, value=0, duration=0.056169041083194315>
166.8768 	EXP 	Device response: <KeyPress from None: t=166.876207791036, value=0, duration=None>
166.8812 	DATA 	Keypress: 0
166.9432 	EXP 	Device response: <KeyPress from None: t=166.876207791036, value=0, duration=0.06443433405365795>
167.5702 	DATA 	Mouse: Left button down, pos=(801,191)
167.5764 	EXP 	New trial (rep=1, index=6): <Trial 18 (6 in rep 1) data={'delay': 0.7, 'freq': 1000.0, 'conditions': 'exp', 'thisN': 18, 'thisTrialN': 6, 'thisRepN': 1}>
167.5795 	EXP 	text: autoDraw = False
167.5795 	EXP 	textbox: autoDraw = False
167.5795 	EXP 	fixation: autoDraw = True
167.7291 	DATA 	Mouse:  Left button up, pos=(801,191)
168.5672 	INFO 	Keyboard events cleared
168.5671 	EXP 	polygon: autoDraw = True
168.5774 	EXP 	fixation: autoDraw = False
171.0786 	EXP 	Device response: <KeyPress from None: t=171.07119629101362, value=space, duration=None>
171.0853 	DATA 	Keypress: space
171.0901 	EXP 	fixation: autoDraw = False
171.0901 	EXP 	polygon: autoDraw = False
171.1790 	EXP 	Device response: <KeyPress from None: t=171.07119629101362, value=space, duration=0.10039954201783985>
171.7657 	EXP 	Sound sound_1 reached end of file
171.7822 	EXP 	Playing sound sound_1 on speaker Nirvana Crystl
172.2169 	EXP 	Sound sound_1 stopped
172.2370 	EXP 	text: autoDraw = True
172.2370 	EXP 	textbox: autoDraw = True
173.7726 	DATA 	Keypress: 6
173.7773 	EXP 	Device response: <KeyPress from None: t=173.76802441605832, value=6, duration=None>
173.8671 	EXP 	Device response: <KeyPress from None: t=173.76802441605832, value=6, duration=0.09229774994309992>
174.2273 	DATA 	Keypress: 0
174.2282 	EXP 	Device response: <KeyPress from None: t=174.2180767080281, value=0, duration=None>
174.3006 	EXP 	Device response: <KeyPress from None: t=174.2180767080281, value=0, duration=0.07638108299579471>
174.3762 	EXP 	Device response: <KeyPress from None: t=174.3701418330893, value=0, duration=None>
174.3792 	DATA 	Keypress: 0
174.4779 	EXP 	Device response: <KeyPress from None: t=174.3701418330893, value=0, duration=0.08876833296380937>
175.0008 	DATA 	Mouse: Left button down, pos=(801,191)
175.0017 	EXP 	New trial (rep=1, index=7): <Trial 19 (7 in rep 1) data={'delay': 0.4, 'freq': 1000.0, 'conditions': 'exp', 'thisN': 19, 'thisTrialN': 7, 'thisRepN': 1}>
175.0104 	EXP 	text: autoDraw = False
175.0104 	EXP 	textbox: autoDraw = False
175.0104 	EXP 	fixation: autoDraw = True
175.1791 	DATA 	Mouse:  Left button up, pos=(801,191)
175.9999 	INFO 	Keyboard events cleared
175.9998 	EXP 	fixation: autoDraw = False
175.9998 	EXP 	polygon: autoDraw = True
177.7341 	EXP 	Device response: <KeyPress from None: t=177.72896279103588, value=space, duration=None>
177.7419 	DATA 	Keypress: space
177.7462 	EXP 	fixation: autoDraw = False
177.7462 	EXP 	polygon: autoDraw = False
177.8450 	EXP 	Device response: <KeyPress from None: t=177.72896279103588, value=space, duration=0.1042750000488013>
178.1277 	EXP 	Sound sound_1 reached end of file
178.1440 	EXP 	Playing sound sound_1 on speaker Nirvana Crystl
178.5788 	EXP 	Sound sound_1 stopped
178.5992 	EXP 	text: autoDraw = True
178.5992 	EXP 	textbox: autoDraw = True
179.6483 	DATA 	Keypress: 4
179.6527 	EXP 	Device response: <KeyPress from None: t=179.6431590000866, value=4, duration=None>
179.7165 	EXP 	Device response: <KeyPress from None: t=179.6431590000866, value=4, duration=0.07207820797339082>
180.0846 	DATA 	Keypress: 0
180.0855 	EXP 	Device response: <KeyPress from None: t=180.07802366605029, value=0, duration=None>
180.1100 	EXP 	Device response: <KeyPress from None: t=180.07802366605029, value=0, duration=0.024289209046401083>
180.1842 	EXP 	Device response: <KeyPress from None: t=180.18300687510055, value=0, duration=None>
180.1887 	DATA 	Keypress: 0
180.2766 	EXP 	Device response: <KeyPress from None: t=180.18300687510055, value=0, duration=0.08416274993214756>
180.7264 	DATA 	Mouse: Left button down, pos=(801,191)
180.7271 	EXP 	New trial (rep=1, index=8): <Trial 20 (8 in rep 1) data={'delay': 0.4, 'freq': 1000.0, 'conditions': 'exp', 'thisN': 20, 'thisTrialN': 8, 'thisRepN': 1}>
180.7311 	EXP 	text: autoDraw = False
180.7311 	EXP 	textbox: autoDraw = False
180.7311 	EXP 	fixation: autoDraw = True
180.8667 	DATA 	Mouse:  Left button up, pos=(801,191)
181.7175 	INFO 	Keyboard events cleared
181.7173 	EXP 	polygon: autoDraw = True
181.7272 	EXP 	fixation: autoDraw = False
183.0843 	EXP 	Device response: <KeyPress from None: t=183.07986829103902, value=space, duration=None>
183.0914 	DATA 	Keypress: space
183.0963 	EXP 	fixation: autoDraw = False
183.0963 	EXP 	polygon: autoDraw = False
183.1622 	EXP 	Device response: <KeyPress from None: t=183.07986829103902, value=space, duration=0.07238416699692607>
183.4773 	EXP 	Sound sound_1 reached end of file
183.4938 	EXP 	Playing sound sound_1 on speaker Nirvana Crystl
183.9284 	EXP 	Sound sound_1 stopped
183.9495 	EXP 	text: autoDraw = True
183.9495 	EXP 	textbox: autoDraw = True
184.7676 	EXP 	Device response: <KeyPress from None: t=184.76481883309316, value=2, duration=None>
184.7719 	DATA 	Keypress: 2
184.8672 	EXP 	Device response: <KeyPress from None: t=184.76481883309316, value=2, duration=0.0962484999326989>
185.1929 	EXP 	Device response: <KeyPress from None: t=185.18789700011257, value=0, duration=None>
185.1957 	DATA 	Keypress: 0
185.2178 	EXP 	Device response: <KeyPress from None: t=185.18789700011257, value=0, duration=0.024281499907374382>
185.3098 	EXP 	Device response: <KeyPress from None: t=185.3068222081056, value=0, duration=None>
185.3128 	DATA 	Keypress: 0
185.3765 	EXP 	Device response: <KeyPress from None: t=185.3068222081056, value=0, duration=0.060224291984923184>
185.9540 	DATA 	Mouse: Left button down, pos=(801,191)
185.9593 	EXP 	New trial (rep=1, index=9): <Trial 21 (9 in rep 1) data={'delay': 0.4, 'freq': 1000.0, 'conditions': 'exp', 'thisN': 21, 'thisTrialN': 9, 'thisRepN': 1}>
185.9623 	EXP 	text: autoDraw = False
185.9623 	EXP 	textbox: autoDraw = False
185.9623 	EXP 	fixation: autoDraw = True
186.1141 	DATA 	Mouse:  Left button up, pos=(801,191)
186.9508 	INFO 	Keyboard events cleared
186.9506 	EXP 	polygon: autoDraw = True
186.9604 	EXP 	fixation: autoDraw = False
188.5952 	EXP 	Device response: <KeyPress from None: t=188.58776558307, value=space, duration=None>
188.6028 	DATA 	Keypress: space
188.6076 	EXP 	fixation: autoDraw = False
188.6076 	EXP 	polygon: autoDraw = False
188.6621 	EXP 	Device response: <KeyPress from None: t=188.58776558307, value=space, duration=0.07229391695000231>
188.9824 	EXP 	Sound sound_1 reached end of file
188.9988 	EXP 	Playing sound sound_1 on speaker Nirvana Crystl
189.4331 	EXP 	Sound sound_1 stopped
189.4527 	EXP 	text: autoDraw = True
189.4527 	EXP 	textbox: autoDraw = True
190.0597 	EXP 	Device response: <KeyPress from None: t=190.05580858304165, value=3, duration=None>
190.0635 	DATA 	Keypress: 3
190.1438 	EXP 	Device response: <KeyPress from None: t=190.05580858304165, value=3, duration=0.08417279203422368>
190.5845 	DATA 	Keypress: 0
190.5854 	EXP 	Device response: <KeyPress from None: t=190.57883737504017, value=0, duration=None>
190.6431 	EXP 	Device response: <KeyPress from None: t=190.57883737504017, value=0, duration=0.05616891605313867>
190.7173 	EXP 	Device response: <KeyPress from None: t=190.71577741601504, value=0, duration=None>
190.7204 	DATA 	Keypress: 0
190.7933 	EXP 	Device response: <KeyPress from None: t=190.71577741601504, value=0, duration=0.07220170903019607>
191.3019 	DATA 	Mouse: Left button down, pos=(801,191)
191.3095 	EXP 	New trial (rep=1, index=10): <Trial 22 (10 in rep 1) data={'delay': 0.1, 'freq': 400.0, 'conditions': 'unexp', 'thisN': 22, 'thisTrialN': 10, 'thisRepN': 1}>
191.3126 	EXP 	text: autoDraw = False
191.3126 	EXP 	textbox: autoDraw = False
191.3126 	EXP 	fixation: autoDraw = True
191.4305 	DATA 	Mouse:  Left button up, pos=(801,191)
192.3001 	INFO 	Keyboard events cleared
192.3000 	EXP 	polygon: autoDraw = True
192.3104 	EXP 	fixation: autoDraw = False
193.7616 	EXP 	Device response: <KeyPress from None: t=193.759594416013, value=space, duration=None>
193.7697 	DATA 	Keypress: space
193.7749 	EXP 	fixation: autoDraw = False
193.7749 	EXP 	polygon: autoDraw = False
193.8285 	EXP 	Device response: <KeyPress from None: t=193.759594416013, value=space, duration=0.05638337507843971>
193.8482 	EXP 	Sound sound_1 reached end of file
193.8646 	EXP 	Playing sound sound_1 on speaker Nirvana Crystl
194.2983 	EXP 	Sound sound_1 stopped
194.3183 	EXP 	text: autoDraw = True
194.3183 	EXP 	textbox: autoDraw = True
197.6431 	EXP 	Device response: <KeyPress from None: t=197.64056291605812, value=3, duration=None>
197.6473 	DATA 	Keypress: 3
197.7436 	EXP 	Device response: <KeyPress from None: t=197.64056291605812, value=3, duration=0.09633924998342991>
199.3106 	DATA 	Keypress: backspace
199.3114 	EXP 	Device response: <KeyPress from None: t=199.2955506250728, value=backspace, duration=None>
199.3773 	EXP 	Device response: <KeyPress from None: t=199.2955506250728, value=backspace, duration=0.08034437499009073>
200.5937 	DATA 	Keypress: 1
200.5947 	EXP 	Device response: <KeyPress from None: t=200.58556479110848, value=1, duration=None>
200.6833 	EXP 	Device response: <KeyPress from None: t=200.58556479110848, value=1, duration=0.09631166700273752>
201.7844 	DATA 	Keypress: 5
201.7853 	EXP 	Device response: <KeyPress from None: t=201.77636441600043, value=5, duration=None>
201.8670 	EXP 	Device response: <KeyPress from None: t=201.77636441600043, value=5, duration=0.08427854208275676>
201.9704 	DATA 	Keypress: 9
201.9719 	EXP 	Device response: <KeyPress from None: t=201.95033125008922, value=9, duration=None>
201.9720 	EXP 	Device response: <KeyPress from None: t=201.95033125008922, value=9, duration=0.016399499960243702>
203.3929 	EXP 	Device response: <KeyPress from None: t=203.38736558309756, value=backspace, duration=None>
203.3958 	DATA 	Keypress: backspace
203.4097 	EXP 	Device response: <KeyPress from None: t=203.38736558309756, value=backspace, duration=0.01642591692507267>
203.8094 	EXP 	Device response: <KeyPress from None: t=203.80544962501153, value=0, duration=None>
203.8124 	DATA 	Keypress: 0
203.8597 	EXP 	Device response: <KeyPress from None: t=203.80544962501153, value=0, duration=0.05223875003866851>
204.8943 	DATA 	Mouse: Left button down, pos=(801,191)
204.9007 	EXP 	New trial (rep=1, index=11): <Trial 23 (11 in rep 1) data={'delay': 0.7, 'freq': 1000.0, 'conditions': 'exp', 'thisN': 23, 'thisTrialN': 11, 'thisRepN': 1}>
204.9098 	EXP 	text: autoDraw = False
204.9098 	EXP 	textbox: autoDraw = False
204.9098 	EXP 	fixation: autoDraw = True
205.0663 	DATA 	Mouse:  Left button up, pos=(801,191)
205.8999 	INFO 	Keyboard events cleared
205.8998 	EXP 	fixation: autoDraw = False
205.8998 	EXP 	polygon: autoDraw = True
207.3282 	EXP 	Device response: <KeyPress from None: t=207.31720950000454, value=space, duration=None>
207.3362 	DATA 	Keypress: space
207.3411 	EXP 	fixation: autoDraw = False
207.3411 	EXP 	polygon: autoDraw = False
207.3955 	EXP 	Device response: <KeyPress from None: t=207.31720950000454, value=space, duration=0.072495166095905>
208.0154 	EXP 	Sound sound_1 reached end of file
208.0318 	EXP 	Playing sound sound_1 on speaker Nirvana Crystl
208.4664 	EXP 	Sound sound_1 stopped
208.4852 	EXP 	text: autoDraw = True
208.4852 	EXP 	textbox: autoDraw = True
210.2179 	DATA 	Keypress: 2
210.2189 	EXP 	Device response: <KeyPress from None: t=210.21224041609094, value=2, duration=None>
210.3341 	EXP 	Device response: <KeyPress from None: t=210.21224041609094, value=2, duration=0.11722416698466986>
210.5936 	DATA 	Keypress: 0
210.5945 	EXP 	Device response: <KeyPress from None: t=210.5851548750652, value=0, duration=None>
210.6596 	EXP 	Device response: <KeyPress from None: t=210.5851548750652, value=0, duration=0.06856633303686976>
210.7338 	EXP 	Device response: <KeyPress from None: t=210.73133983300067, value=0, duration=None>
210.7367 	DATA 	Keypress: 0
210.8097 	EXP 	Device response: <KeyPress from None: t=210.73133983300067, value=0, duration=0.07224395801313221>
211.2943 	DATA 	Mouse: Left button down, pos=(801,191)
211.3009 	EXP 	New trial (rep=2, index=0): <Trial 24 (0 in rep 2) data={'delay': 0.7, 'freq': 1000.0, 'conditions': 'exp', 'thisN': 24, 'thisTrialN': 0, 'thisRepN': 2}>
211.3101 	EXP 	text: autoDraw = False
211.3101 	EXP 	textbox: autoDraw = False
211.3101 	EXP 	fixation: autoDraw = True
211.4668 	DATA 	Mouse:  Left button up, pos=(801,191)
212.2991 	INFO 	Keyboard events cleared
212.2989 	EXP 	fixation: autoDraw = False
212.2989 	EXP 	polygon: autoDraw = True
213.0839 	EXP 	Device response: <KeyPress from None: t=213.08217737509403, value=space, duration=None>
213.0906 	DATA 	Keypress: space
213.0959 	EXP 	fixation: autoDraw = False
213.0959 	EXP 	polygon: autoDraw = False
213.1787 	EXP 	Device response: <KeyPress from None: t=213.08217737509403, value=space, duration=0.0842368749435991>
213.7771 	EXP 	Sound sound_1 reached end of file
213.7935 	EXP 	Playing sound sound_1 on speaker Nirvana Crystl
214.2283 	EXP 	Sound sound_1 stopped
214.2479 	EXP 	text: autoDraw = True
214.2479 	EXP 	textbox: autoDraw = True
215.7680 	DATA 	Keypress: 7
215.7687 	EXP 	Device response: <KeyPress from None: t=215.7631575410487, value=7, duration=None>
215.8772 	EXP 	Device response: <KeyPress from None: t=215.7631575410487, value=7, duration=0.104186209035106>
216.1769 	DATA 	Keypress: 0
216.1778 	EXP 	Device response: <KeyPress from None: t=216.1681605000049, value=0, duration=None>
216.2596 	EXP 	Device response: <KeyPress from None: t=216.1681605000049, value=0, duration=0.08430337510071695>
216.3268 	DATA 	Keypress: 0
216.3276 	EXP 	Device response: <KeyPress from None: t=216.32008391607087, value=0, duration=None>
216.4003 	EXP 	Device response: <KeyPress from None: t=216.32008391607087, value=0, duration=0.072374084033072>
216.9177 	DATA 	Mouse: Left button down, pos=(801,191)
216.9184 	EXP 	New trial (rep=2, index=1): <Trial 25 (1 in rep 2) data={'delay': 0.4, 'freq': 400.0, 'conditions': 'unexp', 'thisN': 25, 'thisTrialN': 1, 'thisRepN': 2}>
216.9266 	EXP 	text: autoDraw = False
216.9266 	EXP 	textbox: autoDraw = False
216.9266 	EXP 	fixation: autoDraw = True
217.0957 	DATA 	Mouse:  Left button up, pos=(801,191)
217.9161 	INFO 	Keyboard events cleared
217.9159 	EXP 	fixation: autoDraw = False
217.9159 	EXP 	polygon: autoDraw = True
219.6619 	EXP 	Device response: <KeyPress from None: t=219.65907533303834, value=space, duration=None>
219.6697 	DATA 	Keypress: space
219.6746 	EXP 	fixation: autoDraw = False
219.6746 	EXP 	polygon: autoDraw = False
219.7667 	EXP 	Device response: <KeyPress from None: t=219.65907533303834, value=space, duration=0.10432845796458423>
220.0484 	EXP 	Sound sound_1 reached end of file
220.0648 	EXP 	Playing sound sound_1 on speaker Nirvana Crystl
220.4985 	EXP 	Sound sound_1 stopped
220.5176 	EXP 	text: autoDraw = True
220.5176 	EXP 	textbox: autoDraw = True
221.3426 	EXP 	Device response: <KeyPress from None: t=221.33692683302797, value=2, duration=None>
221.3470 	DATA 	Keypress: 2
221.4600 	EXP 	Device response: <KeyPress from None: t=221.33692683302797, value=2, duration=0.12037525000050664>
221.6592 	EXP 	Device response: <KeyPress from None: t=221.65405741601717, value=0, duration=None>
221.6625 	DATA 	Keypress: 0
221.7340 	EXP 	Device response: <KeyPress from None: t=221.65405741601717, value=0, duration=0.0721510840812698>
221.8002 	EXP 	Device response: <KeyPress from None: t=221.7989812910091, value=0, duration=None>
221.8045 	DATA 	Keypress: 0
221.8774 	EXP 	Device response: <KeyPress from None: t=221.7989812910091, value=0, duration=0.0682042920961976>
222.3259 	DATA 	Mouse: Left button down, pos=(801,191)
222.3267 	EXP 	New trial (rep=2, index=2): <Trial 26 (2 in rep 2) data={'delay': 0.4, 'freq': 1000.0, 'conditions': 'exp', 'thisN': 26, 'thisTrialN': 2, 'thisRepN': 2}>
222.3298 	EXP 	text: autoDraw = False
222.3298 	EXP 	textbox: autoDraw = False
222.3298 	EXP 	fixation: autoDraw = True
222.4787 	DATA 	Mouse:  Left button up, pos=(801,191)
223.3159 	INFO 	Keyboard events cleared
223.3157 	EXP 	polygon: autoDraw = True
223.3269 	EXP 	fixation: autoDraw = False
225.5169 	EXP 	Device response: <KeyPress from None: t=225.51588633307256, value=space, duration=None>
225.5236 	DATA 	Keypress: space
225.5285 	EXP 	fixation: autoDraw = False
225.5285 	EXP 	polygon: autoDraw = False
225.5783 	EXP 	Device response: <KeyPress from None: t=225.51588633307256, value=space, duration=0.0563583750044927>
225.9107 	EXP 	Sound sound_1 reached end of file
225.9270 	EXP 	Playing sound sound_1 on speaker Nirvana Crystl
226.3613 	EXP 	Sound sound_1 stopped
226.3804 	EXP 	text: autoDraw = True
226.3804 	EXP 	textbox: autoDraw = True
229.2505 	EXP 	Device response: <KeyPress from None: t=229.24988329107873, value=2, duration=None>
229.2546 	DATA 	Keypress: 2
229.3606 	EXP 	Device response: <KeyPress from None: t=229.24988329107873, value=2, duration=0.10429962503258139>
229.5267 	DATA 	Keypress: 0
229.5275 	EXP 	Device response: <KeyPress from None: t=229.51976141601335, value=0, duration=None>
229.5834 	EXP 	Device response: <KeyPress from None: t=229.51976141601335, value=0, duration=0.06028812506701797>
229.6593 	EXP 	Device response: <KeyPress from None: t=229.65574833308347, value=0, duration=None>
229.6623 	DATA 	Keypress: 0
229.7165 	EXP 	Device response: <KeyPress from None: t=229.65574833308347, value=0, duration=0.0602977080270648>
230.4182 	DATA 	Mouse: Left button down, pos=(801,191)
230.4259 	EXP 	New trial (rep=2, index=3): <Trial 27 (3 in rep 2) data={'delay': 0.7, 'freq': 1000.0, 'conditions': 'exp', 'thisN': 27, 'thisTrialN': 3, 'thisRepN': 2}>
230.4290 	EXP 	text: autoDraw = False
230.4290 	EXP 	textbox: autoDraw = False
230.4290 	EXP 	fixation: autoDraw = True
230.6120 	DATA 	Mouse:  Left button up, pos=(801,191)
231.4167 	INFO 	Keyboard events cleared
231.4165 	EXP 	polygon: autoDraw = True
231.4267 	EXP 	fixation: autoDraw = False
234.0286 	EXP 	Device response: <KeyPress from None: t=234.01568212499842, value=space, duration=None>
234.0361 	DATA 	Keypress: space
234.0409 	EXP 	fixation: autoDraw = False
234.0409 	EXP 	polygon: autoDraw = False
234.1283 	EXP 	Device response: <KeyPress from None: t=234.01568212499842, value=space, duration=0.1042998330667615>
234.7148 	EXP 	Sound sound_1 reached end of file
234.7312 	EXP 	Playing sound sound_1 on speaker Nirvana Crystl
235.1654 	EXP 	Sound sound_1 stopped
235.1843 	EXP 	text: autoDraw = True
235.1843 	EXP 	textbox: autoDraw = True
239.0433 	DATA 	Keypress: 4
239.0443 	EXP 	Device response: <KeyPress from None: t=239.03426012501586, value=4, duration=None>
239.0995 	EXP 	Device response: <KeyPress from None: t=239.03426012501586, value=4, duration=0.06189450004603714>
239.3773 	DATA 	Keypress: 0
239.3783 	EXP 	Device response: <KeyPress from None: t=239.36682541610207, value=0, duration=None>
239.4261 	EXP 	Device response: <KeyPress from None: t=239.36682541610207, value=0, duration=0.05234158399980515>
239.5097 	EXP 	Device response: <KeyPress from None: t=239.50581858307123, value=0, duration=None>
239.5128 	DATA 	Keypress: 0
239.5757 	EXP 	Device response: <KeyPress from None: t=239.50581858307123, value=0, duration=0.06445820804219693>
240.0934 	DATA 	Mouse: Left button down, pos=(801,191)
240.2593 	DATA 	Mouse:  Left button up, pos=(801,191)
240.7361 	DATA 	Mouse: Left button down, pos=(801,191)
240.7424 	EXP 	New trial (rep=2, index=4): <Trial 28 (4 in rep 2) data={'delay': 0.4, 'freq': 1000.0, 'conditions': 'exp', 'thisN': 28, 'thisTrialN': 4, 'thisRepN': 2}>
240.7454 	EXP 	text: autoDraw = False
240.7454 	EXP 	textbox: autoDraw = False
240.7454 	EXP 	fixation: autoDraw = True
240.8993 	DATA 	Mouse:  Left button up, pos=(801,191)
241.7332 	INFO 	Keyboard events cleared
241.7330 	EXP 	polygon: autoDraw = True
241.7432 	EXP 	fixation: autoDraw = False
242.5002 	EXP 	Device response: <KeyPress from None: t=242.49579141603317, value=space, duration=None>
242.5071 	DATA 	Keypress: space
242.5121 	EXP 	fixation: autoDraw = False
242.5121 	EXP 	polygon: autoDraw = False
242.5783 	EXP 	Device response: <KeyPress from None: t=242.49579141603317, value=space, duration=0.08036583405919373>
242.8939 	EXP 	Sound sound_1 reached end of file
242.9102 	EXP 	Playing sound sound_1 on speaker Nirvana Crystl
243.3445 	EXP 	Sound sound_1 stopped
243.3644 	EXP 	text: autoDraw = True
243.3644 	EXP 	textbox: autoDraw = True
244.0593 	EXP 	Device response: <KeyPress from None: t=244.05883791600354, value=3, duration=None>
244.0645 	DATA 	Keypress: 3
244.1498 	EXP 	Device response: <KeyPress from None: t=244.05883791600354, value=3, duration=0.0843028750969097>
244.4843 	DATA 	Keypress: 0
244.4851 	EXP 	Device response: <KeyPress from None: t=244.47883475001436, value=0, duration=None>
244.5594 	EXP 	Device response: <KeyPress from None: t=244.47883475001436, value=0, duration=0.07246329099871218>
244.6163 	EXP 	Device response: <KeyPress from None: t=244.6137758330442, value=0, duration=None>
244.6194 	DATA 	Keypress: 0
244.6929 	EXP 	Device response: <KeyPress from None: t=244.6137758330442, value=0, duration=0.07228379196021706>
245.1527 	DATA 	Mouse: Left button down, pos=(801,191)
245.1591 	EXP 	New trial (rep=2, index=5): <Trial 29 (5 in rep 2) data={'delay': 0.7, 'freq': 1000.0, 'conditions': 'exp', 'thisN': 29, 'thisTrialN': 5, 'thisRepN': 2}>
245.1621 	EXP 	text: autoDraw = False
245.1621 	EXP 	textbox: autoDraw = False
245.1621 	EXP 	fixation: autoDraw = True
245.2770 	DATA 	Mouse:  Left button up, pos=(801,191)
246.1496 	INFO 	Keyboard events cleared
246.1494 	EXP 	polygon: autoDraw = True
246.1598 	EXP 	fixation: autoDraw = False
249.1770 	EXP 	Device response: <KeyPress from None: t=249.16774379101116, value=space, duration=None>
249.1807 	DATA 	Keypress: space
249.1851 	EXP 	fixation: autoDraw = False
249.1851 	EXP 	polygon: autoDraw = False
249.2113 	EXP 	Device response: <KeyPress from None: t=249.16774379101116, value=space, duration=0.032255041995085776>
249.3283 	EXP 	Device response: <KeyPress from None: t=249.3165866250638, value=space, duration=None>
249.3341 	DATA 	Keypress: space
249.3608 	EXP 	Device response: <KeyPress from None: t=249.3165866250638, value=space, duration=0.03645574999973178>
249.8610 	EXP 	Sound sound_1 reached end of file
249.8773 	EXP 	Playing sound sound_1 on speaker Nirvana Crystl
250.3111 	EXP 	Sound sound_1 stopped
250.3350 	EXP 	text: autoDraw = True
250.3350 	EXP 	textbox: autoDraw = True
251.8091 	EXP 	Device response: <KeyPress from None: t=251.80552316608373, value=5, duration=None>
251.8130 	DATA 	Keypress: 5
251.8929 	EXP 	Device response: <KeyPress from None: t=251.80552316608373, value=5, duration=0.0834235840011388>
252.0998 	EXP 	Device response: <KeyPress from None: t=252.09559004101902, value=0, duration=None>
252.1029 	DATA 	Keypress: 0
252.1593 	EXP 	Device response: <KeyPress from None: t=252.09559004101902, value=0, duration=0.05637950007803738>
252.2265 	DATA 	Keypress: 0
252.2274 	EXP 	Device response: <KeyPress from None: t=252.21764175000135, value=0, duration=None>
252.2831 	EXP 	Device response: <KeyPress from None: t=252.21764175000135, value=0, duration=0.06433912506327033>
252.7423 	DATA 	Mouse: Left button down, pos=(801,191)
252.7432 	EXP 	New trial (rep=2, index=6): <Trial 30 (6 in rep 2) data={'delay': 0.1, 'freq': 1000.0, 'conditions': 'exp', 'thisN': 30, 'thisTrialN': 6, 'thisRepN': 2}>
252.7469 	EXP 	text: autoDraw = False
252.7469 	EXP 	textbox: autoDraw = False
252.7469 	EXP 	fixation: autoDraw = True
252.8950 	DATA 	Mouse:  Left button up, pos=(801,191)
253.7335 	INFO 	Keyboard events cleared
253.7334 	EXP 	polygon: autoDraw = True
253.7432 	EXP 	fixation: autoDraw = False
254.3615 	EXP 	Device response: <KeyPress from None: t=254.35051304101944, value=space, duration=None>
254.3691 	DATA 	Keypress: space
254.3741 	EXP 	fixation: autoDraw = False
254.3741 	EXP 	polygon: autoDraw = False
254.4160 	EXP 	Device response: <KeyPress from None: t=254.35051304101944, value=space, duration=0.06038158398587257>
254.4488 	EXP 	Sound sound_1 reached end of file
254.4651 	EXP 	Playing sound sound_1 on speaker Nirvana Crystl
254.8989 	EXP 	Sound sound_1 stopped
254.9173 	EXP 	text: autoDraw = True
254.9173 	EXP 	textbox: autoDraw = True
255.7013 	DATA 	Keypress: 1
255.7022 	EXP 	Device response: <KeyPress from None: t=255.6964678330114, value=1, duration=None>
255.7926 	EXP 	Device response: <KeyPress from None: t=255.6964678330114, value=1, duration=0.09241483302321285>
256.0102 	DATA 	Keypress: 0
256.0111 	EXP 	Device response: <KeyPress from None: t=256.00153970799875, value=0, duration=None>
256.0589 	EXP 	Device response: <KeyPress from None: t=256.00153970799875, value=0, duration=0.0482803750783205>
256.1091 	EXP 	Device response: <KeyPress from None: t=256.10640670801513, value=0, duration=None>
256.1121 	DATA 	Keypress: 0
256.1758 	EXP 	Device response: <KeyPress from None: t=256.10640670801513, value=0, duration=0.06842412508558482>
257.0592 	DATA 	Mouse: Left button down, pos=(801,191)
257.0599 	EXP 	New trial (rep=2, index=7): <Trial 31 (7 in rep 2) data={'delay': 0.1, 'freq': 400.0, 'conditions': 'unexp', 'thisN': 31, 'thisTrialN': 7, 'thisRepN': 2}>
257.0640 	EXP 	text: autoDraw = False
257.0640 	EXP 	textbox: autoDraw = False
257.0640 	EXP 	fixation: autoDraw = True
257.1770 	DATA 	Mouse:  Left button up, pos=(801,191)
258.0494 	INFO 	Keyboard events cleared
258.0493 	EXP 	polygon: autoDraw = True
258.0599 	EXP 	fixation: autoDraw = False
258.6452 	EXP 	Device response: <KeyPress from None: t=258.6384490830824, value=space, duration=None>
258.6528 	DATA 	Keypress: space
258.6578 	EXP 	fixation: autoDraw = False
258.6578 	EXP 	polygon: autoDraw = False
258.7166 	EXP 	Device response: <KeyPress from None: t=258.6384490830824, value=space, duration=0.07314054202288389>
258.7311 	EXP 	Sound sound_1 reached end of file
258.7474 	EXP 	Playing sound sound_1 on speaker Nirvana Crystl
259.1813 	EXP 	Sound sound_1 stopped
259.2012 	EXP 	text: autoDraw = True
259.2012 	EXP 	textbox: autoDraw = True
260.0927 	EXP 	Device response: <KeyPress from None: t=260.08735575003084, value=1, duration=None>
260.0965 	DATA 	Keypress: 1
260.1933 	EXP 	Device response: <KeyPress from None: t=260.08735575003084, value=1, duration=0.10064041602890939>
260.4259 	EXP 	Device response: <KeyPress from None: t=260.4253865410574, value=0, duration=None>
260.4344 	DATA 	Keypress: 0
260.4756 	EXP 	Device response: <KeyPress from None: t=260.4253865410574, value=0, duration=0.0483783750096336>
260.5430 	DATA 	Keypress: 0
260.5439 	EXP 	Device response: <KeyPress from None: t=260.5354500000831, value=0, duration=None>
260.6091 	EXP 	Device response: <KeyPress from None: t=260.5354500000831, value=0, duration=0.07231741596478969>
261.4254 	DATA 	Mouse: Left button down, pos=(801,191)
261.4262 	EXP 	New trial (rep=2, index=8): <Trial 32 (8 in rep 2) data={'delay': 0.4, 'freq': 1000.0, 'conditions': 'exp', 'thisN': 32, 'thisTrialN': 8, 'thisRepN': 2}>
261.4296 	EXP 	text: autoDraw = False
261.4296 	EXP 	textbox: autoDraw = False
261.4296 	EXP 	fixation: autoDraw = True
261.5634 	DATA 	Mouse:  Left button up, pos=(801,191)
262.4163 	INFO 	Keyboard events cleared
262.4162 	EXP 	polygon: autoDraw = True
262.4265 	EXP 	fixation: autoDraw = False
263.4657 	EXP 	Device response: <KeyPress from None: t=263.4623847081093, value=space, duration=None>
263.4725 	DATA 	Keypress: space
263.4782 	EXP 	fixation: autoDraw = False
263.4782 	EXP 	polygon: autoDraw = False
263.5447 	EXP 	Device response: <KeyPress from None: t=263.4623847081093, value=space, duration=0.07229695795103908>
263.8601 	EXP 	Sound sound_1 reached end of file
263.8766 	EXP 	Playing sound sound_1 on speaker Nirvana Crystl
264.3111 	EXP 	Sound sound_1 stopped
264.3305 	EXP 	text: autoDraw = True
264.3305 	EXP 	textbox: autoDraw = True
265.0598 	DATA 	Keypress: 3
265.0608 	EXP 	Device response: <KeyPress from None: t=265.0533881660085, value=3, duration=None>
265.1265 	EXP 	Device response: <KeyPress from None: t=265.0533881660085, value=3, duration=0.06414387503173202>
265.6007 	DATA 	Keypress: 0
265.6017 	EXP 	Device response: <KeyPress from None: t=265.59539562510327, value=0, duration=None>
265.6343 	EXP 	Device response: <KeyPress from None: t=265.59539562510327, value=0, duration=0.03243029094301164>
265.7171 	DATA 	Keypress: 0
265.7179 	EXP 	Device response: <KeyPress from None: t=265.7114272910403, value=0, duration=None>
265.7845 	EXP 	Device response: <KeyPress from None: t=265.7114272910403, value=0, duration=0.06422195897903293>
266.3666 	DATA 	Mouse: Left button down, pos=(801,191)
266.3674 	EXP 	New trial (rep=2, index=9): <Trial 33 (9 in rep 2) data={'delay': 0.1, 'freq': 1000.0, 'conditions': 'exp', 'thisN': 33, 'thisTrialN': 9, 'thisRepN': 2}>
266.3762 	EXP 	text: autoDraw = False
266.3762 	EXP 	textbox: autoDraw = False
266.3762 	EXP 	fixation: autoDraw = True
266.5282 	DATA 	Mouse:  Left button up, pos=(801,191)
267.3653 	INFO 	Keyboard events cleared
267.3651 	EXP 	fixation: autoDraw = False
267.3651 	EXP 	polygon: autoDraw = True
268.2951 	EXP 	Device response: <KeyPress from None: t=268.29229608306196, value=space, duration=None>
268.3022 	DATA 	Keypress: space
268.3071 	EXP 	fixation: autoDraw = False
268.3071 	EXP 	polygon: autoDraw = False
268.3821 	EXP 	Sound sound_1 reached end of file
268.3984 	EXP 	Playing sound sound_1 on speaker Nirvana Crystl
268.3949 	EXP 	Device response: <KeyPress from None: t=268.29229608306196, value=space, duration=0.09222691704053432>
268.8324 	EXP 	Sound sound_1 stopped
268.8514 	EXP 	text: autoDraw = True
268.8514 	EXP 	textbox: autoDraw = True
269.9496 	EXP 	Device response: <KeyPress from None: t=269.9464570831042, value=1, duration=None>
269.9534 	DATA 	Keypress: 1
270.0498 	EXP 	Device response: <KeyPress from None: t=269.9464570831042, value=1, duration=0.09605141694191843>
270.3340 	DATA 	Keypress: 0
270.3350 	EXP 	Device response: <KeyPress from None: t=270.3282464580843, value=0, duration=None>
270.4004 	EXP 	Device response: <KeyPress from None: t=270.3282464580843, value=0, duration=0.06832133291754872>
270.4589 	EXP 	Device response: <KeyPress from None: t=270.4560905410908, value=0, duration=None>
270.4634 	DATA 	Keypress: 0
270.5337 	EXP 	Device response: <KeyPress from None: t=270.4560905410908, value=0, duration=0.07235666702035815>
270.9690 	DATA 	Mouse: Left button down, pos=(801,191)
270.9755 	EXP 	New trial (rep=2, index=10): <Trial 34 (10 in rep 2) data={'delay': 0.1, 'freq': 1000.0, 'conditions': 'exp', 'thisN': 34, 'thisTrialN': 10, 'thisRepN': 2}>
270.9786 	EXP 	text: autoDraw = False
270.9786 	EXP 	textbox: autoDraw = False
270.9786 	EXP 	fixation: autoDraw = True
271.1324 	DATA 	Mouse:  Left button up, pos=(801,191)
271.9665 	INFO 	Keyboard events cleared
271.9663 	EXP 	polygon: autoDraw = True
271.9763 	EXP 	fixation: autoDraw = False
272.4999 	EXP 	Device response: <KeyPress from None: t=272.4941416250076, value=space, duration=None>
272.5068 	DATA 	Keypress: space
272.5117 	EXP 	fixation: autoDraw = False
272.5117 	EXP 	polygon: autoDraw = False
272.5937 	EXP 	Sound sound_1 reached end of file
272.6101 	EXP 	Playing sound sound_1 on speaker Nirvana Crystl
272.5952 	EXP 	Device response: <KeyPress from None: t=272.4941416250076, value=space, duration=0.08922841609455645>
273.0442 	EXP 	Sound sound_1 stopped
273.0634 	EXP 	text: autoDraw = True
273.0634 	EXP 	textbox: autoDraw = True
274.7308 	DATA 	Keypress: 5
274.7353 	EXP 	Device response: <KeyPress from None: t=274.725993791013, value=5, duration=None>
274.8160 	EXP 	Device response: <KeyPress from None: t=274.725993791013, value=5, duration=0.08443420904222876>
274.9922 	EXP 	Device response: <KeyPress from None: t=274.9891615830129, value=0, duration=None>
274.9965 	DATA 	Keypress: 0
275.0590 	EXP 	Device response: <KeyPress from None: t=274.9891615830129, value=0, duration=0.0681422920897603>
275.5164 	DATA 	Mouse: Left button down, pos=(801,191)
275.5172 	EXP 	New trial (rep=2, index=11): <Trial 35 (11 in rep 2) data={'delay': 0.7, 'freq': 400.0, 'conditions': 'unexp', 'thisN': 35, 'thisTrialN': 11, 'thisRepN': 2}>
275.5262 	EXP 	text: autoDraw = False
275.5262 	EXP 	textbox: autoDraw = False
275.5262 	EXP 	fixation: autoDraw = True
275.6297 	DATA 	Mouse:  Left button up, pos=(801,191)
276.0781 	EXP 	Device response: <KeyPress from None: t=276.07312120799907, value=space, duration=None>
276.0855 	DATA 	Keypress: space
276.1775 	EXP 	Device response: <KeyPress from None: t=276.07312120799907, value=space, duration=0.09625641710590571>
276.5158 	INFO 	Keyboard events cleared
276.5157 	EXP 	fixation: autoDraw = False
276.5157 	EXP 	polygon: autoDraw = True
277.0274 	EXP 	Device response: <KeyPress from None: t=277.01505316607654, value=space, duration=None>
277.0342 	DATA 	Keypress: space
277.0391 	EXP 	fixation: autoDraw = False
277.0391 	EXP 	polygon: autoDraw = False
277.0608 	EXP 	Device response: <KeyPress from None: t=277.01505316607654, value=space, duration=0.04332562501076609>
277.7153 	EXP 	Sound sound_1 reached end of file
277.7317 	EXP 	Playing sound sound_1 on speaker Nirvana Crystl
278.1664 	EXP 	Sound sound_1 stopped
278.1857 	EXP 	text: autoDraw = True
278.1857 	EXP 	textbox: autoDraw = True
279.8301 	DATA 	Keypress: 6
279.8347 	EXP 	Device response: <KeyPress from None: t=279.824883082998, value=6, duration=None>
279.8991 	EXP 	Device response: <KeyPress from None: t=279.824883082998, value=6, duration=0.0723229170544073>
280.1757 	EXP 	Device response: <KeyPress from None: t=280.16989225009456, value=0, duration=None>
280.1787 	DATA 	Keypress: 0
280.2425 	EXP 	Device response: <KeyPress from None: t=280.16989225009456, value=0, duration=0.06442495796363801>
280.3002 	DATA 	Keypress: 0
280.3011 	EXP 	Device response: <KeyPress from None: t=280.29296737501863, value=0, duration=None>
280.3663 	EXP 	Device response: <KeyPress from None: t=280.29296737501863, value=0, duration=0.068348583066836>
280.7589 	DATA 	Mouse: Left button down, pos=(801,191)
280.7597 	EXP 	New trial (rep=3, index=0): <Trial 36 (0 in rep 3) data={'delay': 0.4, 'freq': 1000.0, 'conditions': 'exp', 'thisN': 36, 'thisTrialN': 0, 'thisRepN': 3}>
280.7637 	EXP 	text: autoDraw = False
280.7637 	EXP 	textbox: autoDraw = False
280.7637 	EXP 	fixation: autoDraw = True
280.8963 	DATA 	Mouse:  Left button up, pos=(801,191)
281.7488 	INFO 	Keyboard events cleared
281.7486 	EXP 	polygon: autoDraw = True
281.7596 	EXP 	fixation: autoDraw = False
282.5003 	EXP 	Device response: <KeyPress from None: t=282.493591458071, value=space, duration=None>
282.5073 	DATA 	Keypress: space
282.5120 	EXP 	fixation: autoDraw = False
282.5120 	EXP 	polygon: autoDraw = False
282.5778 	EXP 	Device response: <KeyPress from None: t=282.493591458071, value=space, duration=0.07165208295919001>
282.8939 	EXP 	Sound sound_1 reached end of file
282.9101 	EXP 	Playing sound sound_1 on speaker Nirvana Crystl
283.3440 	EXP 	Sound sound_1 stopped
283.3628 	EXP 	text: autoDraw = True
283.3628 	EXP 	textbox: autoDraw = True
284.0836 	DATA 	Keypress: 2
284.0846 	EXP 	Device response: <KeyPress from None: t=284.07677154103294, value=2, duration=None>
284.1997 	EXP 	Device response: <KeyPress from None: t=284.07677154103294, value=2, duration=0.11644300003536046>
284.4339 	DATA 	Keypress: 0
284.4349 	EXP 	Device response: <KeyPress from None: t=284.4279232911067, value=0, duration=None>
284.5090 	EXP 	Device response: <KeyPress from None: t=284.4279232911067, value=0, duration=0.07630120893009007>
284.5668 	DATA 	Keypress: 0
284.5677 	EXP 	Device response: <KeyPress from None: t=284.5607797499979, value=0, duration=None>
284.6256 	EXP 	Device response: <KeyPress from None: t=284.5607797499979, value=0, duration=0.0644435411086306>
285.0277 	DATA 	Mouse: Left button down, pos=(801,191)
285.0344 	EXP 	New trial (rep=3, index=1): <Trial 37 (1 in rep 3) data={'delay': 0.4, 'freq': 1000.0, 'conditions': 'exp', 'thisN': 37, 'thisTrialN': 1, 'thisRepN': 3}>
285.0426 	EXP 	text: autoDraw = False
285.0426 	EXP 	textbox: autoDraw = False
285.0426 	EXP 	fixation: autoDraw = True
285.1100 	DATA 	Mouse:  Left button up, pos=(801,191)
286.0318 	INFO 	Keyboard events cleared
286.0316 	EXP 	fixation: autoDraw = False
286.0316 	EXP 	polygon: autoDraw = True
286.9937 	EXP 	Device response: <KeyPress from None: t=286.98671762505546, value=space, duration=None>
287.0007 	DATA 	Keypress: space
287.0058 	EXP 	fixation: autoDraw = False
287.0058 	EXP 	polygon: autoDraw = False
287.0778 	EXP 	Device response: <KeyPress from None: t=286.98671762505546, value=space, duration=0.08449208305682987>
287.3766 	EXP 	Sound sound_1 reached end of file
287.3930 	EXP 	Playing sound sound_1 on speaker Nirvana Crystl
287.8276 	EXP 	Sound sound_1 stopped
287.8464 	EXP 	text: autoDraw = True
287.8464 	EXP 	textbox: autoDraw = True
288.4174 	DATA 	Keypress: 3
288.4185 	EXP 	Device response: <KeyPress from None: t=288.41168845805805, value=3, duration=None>
288.5092 	EXP 	Device response: <KeyPress from None: t=288.41168845805805, value=3, duration=0.09636791702359915>
288.9096 	DATA 	Keypress: 0
288.9106 	EXP 	Device response: <KeyPress from None: t=288.9008076660102, value=0, duration=None>
288.9758 	EXP 	Device response: <KeyPress from None: t=288.9008076660102, value=0, duration=0.06829808407928795>
289.0428 	DATA 	Keypress: 0
289.0436 	EXP 	Device response: <KeyPress from None: t=289.0326793330023, value=0, duration=None>
289.1163 	EXP 	Device response: <KeyPress from None: t=289.0326793330023, value=0, duration=0.08034395810682327>
289.5935 	DATA 	Mouse: Left button down, pos=(801,191)
289.6000 	EXP 	New trial (rep=3, index=2): <Trial 38 (2 in rep 3) data={'delay': 0.7, 'freq': 400.0, 'conditions': 'unexp', 'thisN': 38, 'thisTrialN': 2, 'thisRepN': 3}>
289.6089 	EXP 	text: autoDraw = False
289.6089 	EXP 	textbox: autoDraw = False
289.6089 	EXP 	fixation: autoDraw = True
289.7434 	DATA 	Mouse:  Left button up, pos=(801,191)
290.5934 	INFO 	Keyboard events cleared
290.5932 	EXP 	polygon: autoDraw = True
290.5992 	EXP 	fixation: autoDraw = False
291.2281 	EXP 	Device response: <KeyPress from None: t=291.2236795000499, value=space, duration=None>
291.2354 	DATA 	Keypress: space
291.2406 	EXP 	fixation: autoDraw = False
291.2406 	EXP 	polygon: autoDraw = False
291.2997 	EXP 	Device response: <KeyPress from None: t=291.2236795000499, value=space, duration=0.07284000003710389>
291.9152 	EXP 	Sound sound_1 reached end of file
291.9316 	EXP 	Playing sound sound_1 on speaker Nirvana Crystl
292.3652 	EXP 	Sound sound_1 stopped
292.3849 	EXP 	text: autoDraw = True
292.3849 	EXP 	textbox: autoDraw = True
294.2238 	DATA 	Keypress: 8
294.2272 	EXP 	Device response: <KeyPress from None: t=294.20968533307314, value=8, duration=None>
294.2921 	EXP 	Device response: <KeyPress from None: t=294.20968533307314, value=8, duration=0.07212533301208168>
294.5932 	DATA 	Keypress: 0
294.5941 	EXP 	Device response: <KeyPress from None: t=294.58359229110647, value=0, duration=None>
294.6497 	EXP 	Device response: <KeyPress from None: t=294.58359229110647, value=0, duration=0.06038541696034372>
294.7161 	EXP 	Device response: <KeyPress from None: t=294.7126168750692, value=0, duration=None>
294.7190 	DATA 	Keypress: 0
294.7925 	EXP 	Device response: <KeyPress from None: t=294.7126168750692, value=0, duration=0.07232858298812062>
295.1920 	DATA 	Mouse: Left button down, pos=(801,191)
295.1928 	EXP 	New trial (rep=3, index=3): <Trial 39 (3 in rep 3) data={'delay': 0.7, 'freq': 1000.0, 'conditions': 'exp', 'thisN': 39, 'thisTrialN': 3, 'thisRepN': 3}>
295.1960 	EXP 	text: autoDraw = False
295.1960 	EXP 	textbox: autoDraw = False
295.1960 	EXP 	fixation: autoDraw = True
295.3268 	DATA 	Mouse:  Left button up, pos=(801,191)
296.1829 	INFO 	Keyboard events cleared
296.1827 	EXP 	polygon: autoDraw = True
296.1929 	EXP 	fixation: autoDraw = False
296.9330 	EXP 	Device response: <KeyPress from None: t=296.9275186660234, value=space, duration=None>
296.9398 	DATA 	Keypress: space
296.9451 	EXP 	fixation: autoDraw = False
296.9451 	EXP 	polygon: autoDraw = False
297.0163 	EXP 	Device response: <KeyPress from None: t=296.9275186660234, value=space, duration=0.08429933397565037>
297.6267 	EXP 	Sound sound_1 reached end of file
297.6430 	EXP 	Playing sound sound_1 on speaker Nirvana Crystl
298.0776 	EXP 	Sound sound_1 stopped
298.0965 	EXP 	text: autoDraw = True
298.0965 	EXP 	textbox: autoDraw = True
298.8339 	DATA 	Keypress: 6
298.8349 	EXP 	Device response: <KeyPress from None: t=298.8274282501079, value=6, duration=None>
298.9097 	EXP 	Device response: <KeyPress from None: t=298.8274282501079, value=6, duration=0.07228574994951487>
299.3419 	EXP 	Device response: <KeyPress from None: t=299.3365097080823, value=0, duration=None>
299.3452 	DATA 	Keypress: 0
299.4327 	EXP 	Device response: <KeyPress from None: t=299.3365097080823, value=0, duration=0.09235883294604719>
299.5252 	EXP 	Device response: <KeyPress from None: t=299.523476958042, value=0, duration=None>
299.5283 	DATA 	Keypress: 0
299.5752 	EXP 	Device response: <KeyPress from None: t=299.523476958042, value=0, duration=0.048387167043983936>
300.4087 	DATA 	Mouse: Left button down, pos=(801,191)
300.4095 	EXP 	New trial (rep=3, index=4): <Trial 40 (4 in rep 3) data={'delay': 0.1, 'freq': 1000.0, 'conditions': 'exp', 'thisN': 40, 'thisTrialN': 4, 'thisRepN': 3}>
300.4135 	EXP 	text: autoDraw = False
300.4135 	EXP 	textbox: autoDraw = False
300.4135 	EXP 	fixation: autoDraw = True
300.5598 	DATA 	Mouse:  Left button up, pos=(801,191)
301.3996 	INFO 	Keyboard events cleared
301.3994 	EXP 	polygon: autoDraw = True
301.4096 	EXP 	fixation: autoDraw = False
302.2999 	EXP 	Device response: <KeyPress from None: t=302.2954043330392, value=space, duration=None>
302.3072 	DATA 	Keypress: space
302.3120 	EXP 	fixation: autoDraw = False
302.3120 	EXP 	polygon: autoDraw = False
302.3933 	EXP 	Sound sound_1 reached end of file
302.4096 	EXP 	Playing sound sound_1 on speaker Nirvana Crystl
302.3948 	EXP 	Device response: <KeyPress from None: t=302.2954043330392, value=space, duration=0.08827883296180516>
302.8438 	EXP 	Sound sound_1 stopped
302.8625 	EXP 	text: autoDraw = True
302.8625 	EXP 	textbox: autoDraw = True
303.6255 	EXP 	Device response: <KeyPress from None: t=303.62337470811326, value=1, duration=None>
303.6296 	DATA 	Keypress: 1
303.7325 	EXP 	Device response: <KeyPress from None: t=303.62337470811326, value=1, duration=0.10840554197784513>
303.8593 	EXP 	Device response: <KeyPress from None: t=303.8573280830169, value=0, duration=None>
303.8633 	DATA 	Keypress: 0
303.9158 	EXP 	Device response: <KeyPress from None: t=303.8573280830169, value=0, duration=0.05245954205747694>
303.9758 	EXP 	Device response: <KeyPress from None: t=303.9744347500382, value=0, duration=None>
303.9798 	DATA 	Keypress: 0
304.0597 	EXP 	Device response: <KeyPress from None: t=303.9744347500382, value=0, duration=0.08038583304733038>
304.4829 	DATA 	Mouse: Left button down, pos=(801,191)
304.4837 	EXP 	New trial (rep=3, index=5): <Trial 41 (5 in rep 3) data={'delay': 0.7, 'freq': 1000.0, 'conditions': 'exp', 'thisN': 41, 'thisTrialN': 5, 'thisRepN': 3}>
304.4925 	EXP 	text: autoDraw = False
304.4925 	EXP 	textbox: autoDraw = False
304.4925 	EXP 	fixation: autoDraw = True
304.6276 	DATA 	Mouse:  Left button up, pos=(801,191)
305.4823 	INFO 	Keyboard events cleared
305.4822 	EXP 	fixation: autoDraw = False
305.4822 	EXP 	polygon: autoDraw = True
306.5671 	EXP 	Device response: <KeyPress from None: t=306.563362875022, value=space, duration=None>
306.5743 	DATA 	Keypress: space
306.5788 	EXP 	fixation: autoDraw = False
306.5788 	EXP 	polygon: autoDraw = False
306.6768 	EXP 	Device response: <KeyPress from None: t=306.563362875022, value=space, duration=0.10439741599839181>
307.2598 	EXP 	Sound sound_1 reached end of file
307.2761 	EXP 	Playing sound sound_1 on speaker Nirvana Crystl
307.7108 	EXP 	Sound sound_1 stopped
307.7313 	EXP 	text: autoDraw = True
307.7313 	EXP 	textbox: autoDraw = True
308.9920 	EXP 	Device response: <KeyPress from None: t=308.99033125001006, value=2, duration=None>
308.9972 	DATA 	Keypress: 2
309.0926 	EXP 	Device response: <KeyPress from None: t=308.99033125001006, value=2, duration=0.10049233306199312>
309.5163 	EXP 	Device response: <KeyPress from None: t=309.5143676660955, value=0, duration=None>
309.5195 	DATA 	Keypress: 0
309.5931 	EXP 	Device response: <KeyPress from None: t=309.5143676660955, value=0, duration=0.07215549994725734>
309.6598 	DATA 	Keypress: 0
309.6605 	EXP 	Device response: <KeyPress from None: t=309.6533246251056, value=0, duration=None>
309.7160 	EXP 	Device response: <KeyPress from None: t=309.6533246251056, value=0, duration=0.05623229092452675>
310.1452 	DATA 	Mouse: Left button down, pos=(801,191)
310.1505 	EXP 	New trial (rep=3, index=6): <Trial 42 (6 in rep 3) data={'delay': 0.7, 'freq': 1000.0, 'conditions': 'exp', 'thisN': 42, 'thisTrialN': 6, 'thisRepN': 3}>
310.1593 	EXP 	text: autoDraw = False
310.1593 	EXP 	textbox: autoDraw = False
310.1593 	EXP 	fixation: autoDraw = True
310.2946 	DATA 	Mouse:  Left button up, pos=(801,191)
311.1489 	INFO 	Keyboard events cleared
311.1488 	EXP 	fixation: autoDraw = False
311.1488 	EXP 	polygon: autoDraw = True
313.6110 	EXP 	Device response: <KeyPress from None: t=313.60123420809396, value=space, duration=None>
313.6184 	DATA 	Keypress: space
313.6234 	EXP 	fixation: autoDraw = False
313.6234 	EXP 	polygon: autoDraw = False
313.6774 	EXP 	Device response: <KeyPress from None: t=313.60123420809396, value=space, duration=0.07236587500665337>
314.2972 	EXP 	Sound sound_1 reached end of file
314.3136 	EXP 	Playing sound sound_1 on speaker Nirvana Crystl
314.7483 	EXP 	Sound sound_1 stopped
314.7676 	EXP 	text: autoDraw = True
314.7676 	EXP 	textbox: autoDraw = True
315.3715 	DATA 	Keypress: 2
315.3922 	EXP 	Device response: <KeyPress from None: t=315.36708170804195, value=2, duration=None>
315.4923 	EXP 	Device response: <KeyPress from None: t=315.36708170804195, value=2, duration=0.12031029199715704>
315.6589 	EXP 	Device response: <KeyPress from None: t=315.65819091605954, value=0, duration=None>
315.6634 	DATA 	Keypress: 0
315.7258 	EXP 	Device response: <KeyPress from None: t=315.65819091605954, value=0, duration=0.060181458946317434>
315.7991 	EXP 	Device response: <KeyPress from None: t=315.7981472500833, value=0, duration=None>
315.8032 	DATA 	Keypress: 0
315.8822 	EXP 	Device response: <KeyPress from None: t=315.7981472500833, value=0, duration=0.08018541592173278>
316.2789 	DATA 	Mouse: Left button down, pos=(801,191)
316.2836 	EXP 	New trial (rep=3, index=7): <Trial 43 (7 in rep 3) data={'delay': 0.4, 'freq': 1000.0, 'conditions': 'exp', 'thisN': 43, 'thisTrialN': 7, 'thisRepN': 3}>
316.2924 	EXP 	text: autoDraw = False
316.2924 	EXP 	textbox: autoDraw = False
316.2924 	EXP 	fixation: autoDraw = True
316.4278 	DATA 	Mouse:  Left button up, pos=(801,191)
317.2822 	INFO 	Keyboard events cleared
317.2821 	EXP 	fixation: autoDraw = False
317.2821 	EXP 	polygon: autoDraw = True
317.9108 	EXP 	Device response: <KeyPress from None: t=317.90799116611015, value=space, duration=None>
317.9182 	DATA 	Keypress: space
317.9231 	EXP 	fixation: autoDraw = False
317.9231 	EXP 	polygon: autoDraw = False
318.0324 	EXP 	Device response: <KeyPress from None: t=317.90799116611015, value=space, duration=0.12044708395842463>
318.2981 	EXP 	Sound sound_1 reached end of file
318.3145 	EXP 	Playing sound sound_1 on speaker Nirvana Crystl
318.7492 	EXP 	Sound sound_1 stopped
318.7684 	EXP 	text: autoDraw = True
318.7684 	EXP 	textbox: autoDraw = True
319.3082 	EXP 	Device response: <KeyPress from None: t=319.3050911660539, value=3, duration=None>
319.3123 	DATA 	Keypress: 3
319.4096 	EXP 	Device response: <KeyPress from None: t=319.3050911660539, value=3, duration=0.09630754205863923>
319.6090 	EXP 	Device response: <KeyPress from None: t=319.6050876250956, value=0, duration=None>
319.6118 	DATA 	Keypress: 0
319.6759 	EXP 	Device response: <KeyPress from None: t=319.6050876250956, value=0, duration=0.06418062490411103>
319.7423 	EXP 	Device response: <KeyPress from None: t=319.7410619580187, value=0, duration=None>
319.7465 	DATA 	Keypress: 0
319.8088 	EXP 	Device response: <KeyPress from None: t=319.7410619580187, value=0, duration=0.06035166699439287>
320.1841 	DATA 	Mouse: Left button down, pos=(801,191)
320.1917 	EXP 	New trial (rep=3, index=8): <Trial 44 (8 in rep 3) data={'delay': 0.1, 'freq': 1000.0, 'conditions': 'exp', 'thisN': 44, 'thisTrialN': 8, 'thisRepN': 3}>
320.1949 	EXP 	text: autoDraw = False
320.1949 	EXP 	textbox: autoDraw = False
320.1949 	EXP 	fixation: autoDraw = True
320.3090 	DATA 	Mouse:  Left button up, pos=(801,191)
321.1827 	INFO 	Keyboard events cleared
321.1826 	EXP 	polygon: autoDraw = True
321.1927 	EXP 	fixation: autoDraw = False
321.9275 	EXP 	Device response: <KeyPress from None: t=321.9230276250746, value=space, duration=None>
321.9354 	DATA 	Keypress: space
321.9404 	EXP 	fixation: autoDraw = False
321.9404 	EXP 	polygon: autoDraw = False
322.0148 	EXP 	Sound sound_1 reached end of file
322.0311 	EXP 	Playing sound sound_1 on speaker Nirvana Crystl
322.0277 	EXP 	Device response: <KeyPress from None: t=321.9230276250746, value=space, duration=0.09617712500039488>
322.4657 	EXP 	Sound sound_1 stopped
322.4865 	EXP 	text: autoDraw = True
322.4865 	EXP 	textbox: autoDraw = True
323.0801 	DATA 	Keypress: 1
323.0847 	EXP 	Device response: <KeyPress from None: t=323.0749730410753, value=1, duration=None>
323.2083 	EXP 	Device response: <KeyPress from None: t=323.0749730410753, value=1, duration=0.12422174995299429>
323.4001 	DATA 	Keypress: 9
323.4011 	EXP 	Device response: <KeyPress from None: t=323.3929872910958, value=9, duration=None>
323.4427 	EXP 	Device response: <KeyPress from None: t=323.3929872910958, value=9, duration=0.04032724990975112>
325.1325 	EXP 	Device response: <KeyPress from None: t=325.12993662501685, value=backspace, duration=None>
325.1351 	DATA 	Keypress: backspace
325.2164 	EXP 	Device response: <KeyPress from None: t=325.12993662501685, value=backspace, duration=0.08028508303686976>
326.5004 	DATA 	Keypress: 0
326.5015 	EXP 	Device response: <KeyPress from None: t=326.49292595800944, value=0, duration=None>
326.5493 	EXP 	Device response: <KeyPress from None: t=326.49292595800944, value=0, duration=0.052318125031888485>
326.6084 	EXP 	Device response: <KeyPress from None: t=326.6038982500322, value=0, duration=None>
326.6114 	DATA 	Keypress: 0
326.6829 	EXP 	Device response: <KeyPress from None: t=326.6038982500322, value=0, duration=0.07221687503624707>
327.2178 	DATA 	Mouse: Left button down, pos=(801,191)
327.2249 	EXP 	New trial (rep=3, index=9): <Trial 45 (9 in rep 3) data={'delay': 0.1, 'freq': 400.0, 'conditions': 'unexp', 'thisN': 45, 'thisTrialN': 9, 'thisRepN': 3}>
327.2280 	EXP 	text: autoDraw = False
327.2280 	EXP 	textbox: autoDraw = False
327.2280 	EXP 	fixation: autoDraw = True
327.3608 	DATA 	Mouse:  Left button up, pos=(801,191)
328.2149 	INFO 	Keyboard events cleared
328.2148 	EXP 	polygon: autoDraw = True
328.2259 	EXP 	fixation: autoDraw = False
329.2772 	EXP 	Device response: <KeyPress from None: t=329.268828875036, value=space, duration=None>
329.2846 	DATA 	Keypress: space
329.2896 	EXP 	fixation: autoDraw = False
329.2896 	EXP 	polygon: autoDraw = False
329.3441 	EXP 	Device response: <KeyPress from None: t=329.268828875036, value=space, duration=0.07239204098004848>
329.3640 	EXP 	Sound sound_1 reached end of file
329.3804 	EXP 	Playing sound sound_1 on speaker Nirvana Crystl
329.8149 	EXP 	Sound sound_1 stopped
329.8358 	EXP 	text: autoDraw = True
329.8358 	EXP 	textbox: autoDraw = True
333.6998 	EXP 	Device response: <KeyPress from None: t=333.6964900410967, value=1, duration=None>
333.7040 	DATA 	Keypress: 1
333.8089 	EXP 	Device response: <KeyPress from None: t=333.6964900410967, value=1, duration=0.10998058400582522>
334.5250 	EXP 	Device response: <KeyPress from None: t=334.5191876250319, value=5, duration=None>
334.5284 	DATA 	Keypress: 5
334.6085 	EXP 	Device response: <KeyPress from None: t=334.5191876250319, value=5, duration=0.08887624996714294>
334.9326 	EXP 	Device response: <KeyPress from None: t=334.92905666609295, value=0, duration=None>
334.9356 	DATA 	Keypress: 0
335.0254 	EXP 	Device response: <KeyPress from None: t=334.92905666609295, value=0, duration=0.08838054200168699>
335.5991 	DATA 	Mouse: Left button down, pos=(801,191)
335.5999 	EXP 	New trial (rep=3, index=10): <Trial 46 (10 in rep 3) data={'delay': 0.4, 'freq': 400.0, 'conditions': 'unexp', 'thisN': 46, 'thisTrialN': 10, 'thisRepN': 3}>
335.6089 	EXP 	text: autoDraw = False
335.6089 	EXP 	textbox: autoDraw = False
335.6089 	EXP 	fixation: autoDraw = True
335.7097 	DATA 	Mouse:  Left button up, pos=(801,191)
336.5981 	INFO 	Keyboard events cleared
336.5979 	EXP 	fixation: autoDraw = False
336.5979 	EXP 	polygon: autoDraw = True
338.0275 	EXP 	Device response: <KeyPress from None: t=338.02412470802665, value=space, duration=None>
338.0354 	DATA 	Keypress: space
338.0404 	EXP 	fixation: autoDraw = False
338.0404 	EXP 	polygon: autoDraw = False
338.1274 	EXP 	Device response: <KeyPress from None: t=338.02412470802665, value=space, duration=0.09221620799507946>
338.4146 	EXP 	Sound sound_1 reached end of file
338.4310 	EXP 	Playing sound sound_1 on speaker Nirvana Crystl
338.8651 	EXP 	Sound sound_1 stopped
338.8852 	EXP 	text: autoDraw = True
338.8852 	EXP 	textbox: autoDraw = True
346.0917 	EXP 	Device response: <KeyPress from None: t=346.0883128331043, value=2, duration=None>
346.0957 	DATA 	Keypress: 2
346.1755 	EXP 	Device response: <KeyPress from None: t=346.0883128331043, value=2, duration=0.077888207975775>
346.4830 	DATA 	Keypress: 0
346.4840 	EXP 	Device response: <KeyPress from None: t=346.47688791609835, value=0, duration=None>
346.5592 	EXP 	Device response: <KeyPress from None: t=346.47688791609835, value=0, duration=0.07228495890740305>
346.6154 	EXP 	Device response: <KeyPress from None: t=346.61506229103543, value=0, duration=None>
346.6196 	DATA 	Keypress: 0
346.6823 	EXP 	Device response: <KeyPress from None: t=346.61506229103543, value=0, duration=0.0601965420646593>
347.2511 	DATA 	Mouse: Left button down, pos=(801,191)
347.2583 	EXP 	New trial (rep=3, index=11): <Trial 47 (11 in rep 3) data={'delay': 0.1, 'freq': 1000.0, 'conditions': 'exp', 'thisN': 47, 'thisTrialN': 11, 'thisRepN': 3}>
347.2614 	EXP 	text: autoDraw = False
347.2614 	EXP 	textbox: autoDraw = False
347.2614 	EXP 	fixation: autoDraw = True
347.4142 	DATA 	Mouse:  Left button up, pos=(801,191)
348.2489 	INFO 	Keyboard events cleared
348.2488 	EXP 	polygon: autoDraw = True
348.2592 	EXP 	fixation: autoDraw = False
351.1269 	EXP 	Device response: <KeyPress from None: t=351.121886500041, value=space, duration=None>
351.1354 	DATA 	Keypress: space
351.1443 	EXP 	fixation: autoDraw = False
351.1443 	EXP 	polygon: autoDraw = False
351.2136 	EXP 	Sound sound_1 reached end of file
351.2300 	EXP 	Playing sound sound_1 on speaker Nirvana Crystl
351.2145 	EXP 	Device response: <KeyPress from None: t=351.121886500041, value=space, duration=0.08831575000658631>
351.6647 	EXP 	Sound sound_1 stopped
351.6844 	EXP 	text: autoDraw = True
351.6844 	EXP 	textbox: autoDraw = True
354.4250 	EXP 	Device response: <KeyPress from None: t=354.42082775000017, value=2, duration=None>
354.4293 	DATA 	Keypress: 2
354.5154 	EXP 	Device response: <KeyPress from None: t=354.42082775000017, value=2, duration=0.09229370800312608>
354.8587 	EXP 	Device response: <KeyPress from None: t=354.8557178330375, value=0, duration=None>
354.8617 	DATA 	Keypress: 0
354.9417 	EXP 	Device response: <KeyPress from None: t=354.8557178330375, value=0, duration=0.07645820803008974>
354.9991 	EXP 	Device response: <KeyPress from None: t=354.9967002910562, value=0, duration=None>
355.0020 	DATA 	Keypress: 0
355.0490 	EXP 	Device response: <KeyPress from None: t=354.9967002910562, value=0, duration=0.0484070839593187>
355.4084 	EXP 	Device response: <KeyPress from None: t=355.4048137910431, value=space, duration=None>
355.4117 	DATA 	Keypress: space
355.5417 	EXP 	Device response: <KeyPress from None: t=355.4048137910431, value=space, duration=0.1362750839907676>
357.5997 	DATA 	Keypress: backspace
357.6005 	EXP 	Device response: <KeyPress from None: t=357.59279391600285, value=backspace, duration=None>
357.6657 	EXP 	Device response: <KeyPress from None: t=357.59279391600285, value=backspace, duration=0.06813958403654397>
359.0432 	DATA 	Mouse: Left button down, pos=(801,191)
359.0502 	EXP 	New trial (rep=4, index=0): <Trial 48 (0 in rep 4) data={'delay': 0.7, 'freq': 1000.0, 'conditions': 'exp', 'thisN': 48, 'thisTrialN': 0, 'thisRepN': 4}>
359.0588 	EXP 	text: autoDraw = False
359.0588 	EXP 	textbox: autoDraw = False
359.0588 	EXP 	fixation: autoDraw = True
359.2439 	DATA 	Mouse:  Left button up, pos=(801,191)
360.0485 	INFO 	Keyboard events cleared
360.0484 	EXP 	fixation: autoDraw = False
360.0484 	EXP 	polygon: autoDraw = True
364.7439 	EXP 	Device response: <KeyPress from None: t=364.7330364160007, value=space, duration=None>
364.7519 	DATA 	Keypress: space
364.7570 	EXP 	fixation: autoDraw = False
364.7570 	EXP 	polygon: autoDraw = False
364.8106 	EXP 	Device response: <KeyPress from None: t=364.7330364160007, value=space, duration=0.07011225004680455>
365.4310 	EXP 	Sound sound_1 reached end of file
365.4473 	EXP 	Playing sound sound_1 on speaker Nirvana Crystl
365.8815 	EXP 	Sound sound_1 stopped
365.9004 	EXP 	text: autoDraw = True
365.9004 	EXP 	textbox: autoDraw = True
366.8256 	DATA 	Keypress: 3
366.8267 	EXP 	Device response: <KeyPress from None: t=366.8176822080277, value=3, duration=None>
366.9091 	EXP 	Device response: <KeyPress from None: t=366.8176822080277, value=3, duration=0.08436479198280722>
367.1490 	EXP 	Device response: <KeyPress from None: t=367.1447176660877, value=0, duration=None>
367.1521 	DATA 	Keypress: 0
367.2087 	EXP 	Device response: <KeyPress from None: t=367.1447176660877, value=0, duration=0.056336874957196414>
367.2754 	DATA 	Keypress: 0
367.2763 	EXP 	Device response: <KeyPress from None: t=367.26771562499925, value=0, duration=None>
367.3247 	EXP 	Device response: <KeyPress from None: t=367.26771562499925, value=0, duration=0.05624841607641429>
368.1432 	DATA 	Mouse: Left button down, pos=(801,191)
368.1503 	EXP 	New trial (rep=4, index=1): <Trial 49 (1 in rep 4) data={'delay': 0.1, 'freq': 400.0, 'conditions': 'unexp', 'thisN': 49, 'thisTrialN': 1, 'thisRepN': 4}>
368.1587 	EXP 	text: autoDraw = False
368.1587 	EXP 	textbox: autoDraw = False
368.1587 	EXP 	fixation: autoDraw = True
368.3449 	DATA 	Mouse:  Left button up, pos=(801,191)
369.1485 	INFO 	Keyboard events cleared
369.1484 	EXP 	fixation: autoDraw = False
369.1484 	EXP 	polygon: autoDraw = True
371.7935 	EXP 	Device response: <KeyPress from None: t=371.7855303750839, value=space, duration=None>
371.8011 	DATA 	Keypress: space
371.8061 	EXP 	fixation: autoDraw = False
371.8061 	EXP 	polygon: autoDraw = False
371.8645 	EXP 	Device response: <KeyPress from None: t=371.7855303750839, value=space, duration=0.0762230409309268>
371.8799 	EXP 	Sound sound_1 reached end of file
371.8964 	EXP 	Playing sound sound_1 on speaker Nirvana Crystl
372.3311 	EXP 	Sound sound_1 stopped
372.3533 	EXP 	text: autoDraw = True
372.3533 	EXP 	textbox: autoDraw = True
373.7826 	EXP 	Device response: <KeyPress from None: t=373.77852604107466, value=2, duration=None>
373.7868 	DATA 	Keypress: 2
373.8817 	EXP 	Device response: <KeyPress from None: t=373.77852604107466, value=2, duration=0.10018279193900526>
374.0663 	DATA 	Keypress: 0
374.0673 	EXP 	Device response: <KeyPress from None: t=374.0594012500951, value=0, duration=None>
374.1252 	EXP 	Device response: <KeyPress from None: t=374.0594012500951, value=0, duration=0.05637512495741248>
374.1994 	DATA 	Keypress: 0
374.2003 	EXP 	Device response: <KeyPress from None: t=374.1925552081084, value=0, duration=None>
374.2583 	EXP 	Device response: <KeyPress from None: t=374.1925552081084, value=0, duration=0.05628291692119092>
374.9080 	DATA 	Mouse: Left button down, pos=(801,191)
374.9088 	EXP 	New trial (rep=4, index=2): <Trial 50 (2 in rep 4) data={'delay': 0.1, 'freq': 1000.0, 'conditions': 'exp', 'thisN': 50, 'thisTrialN': 2, 'thisRepN': 4}>
374.9126 	EXP 	text: autoDraw = False
374.9126 	EXP 	textbox: autoDraw = False
374.9126 	EXP 	fixation: autoDraw = True
375.0593 	DATA 	Mouse:  Left button up, pos=(801,191)
375.8985 	INFO 	Keyboard events cleared
375.8984 	EXP 	polygon: autoDraw = True
375.9089 	EXP 	fixation: autoDraw = False
378.7325 	EXP 	Device response: <KeyPress from None: t=378.731398416101, value=space, duration=None>
378.7398 	DATA 	Keypress: space
378.7447 	EXP 	fixation: autoDraw = False
378.7447 	EXP 	polygon: autoDraw = False
378.7936 	EXP 	Device response: <KeyPress from None: t=378.731398416101, value=space, duration=0.05633083393331617>
378.8260 	EXP 	Sound sound_1 reached end of file
378.8423 	EXP 	Playing sound sound_1 on speaker Nirvana Crystl
379.2768 	EXP 	Sound sound_1 stopped
379.2975 	EXP 	text: autoDraw = True
379.2975 	EXP 	textbox: autoDraw = True
380.4913 	EXP 	Device response: <KeyPress from None: t=380.48931062500924, value=1, duration=None>
380.4955 	DATA 	Keypress: 1
380.5985 	EXP 	Device response: <KeyPress from None: t=380.48931062500924, value=1, duration=0.10859316599089652>
380.7926 	DATA 	Keypress: 0
380.7936 	EXP 	Device response: <KeyPress from None: t=380.7853979161009, value=0, duration=None>
380.8422 	EXP 	Device response: <KeyPress from None: t=380.7853979161009, value=0, duration=0.0481582919601351>
380.9081 	EXP 	Device response: <KeyPress from None: t=380.9033370410325, value=0, duration=None>
380.9109 	DATA 	Keypress: 0
380.9820 	EXP 	Device response: <KeyPress from None: t=380.9033370410325, value=0, duration=0.07234833401162177>
381.4599 	DATA 	Mouse: Left button down, pos=(801,191)
381.4668 	EXP 	New trial (rep=4, index=3): <Trial 51 (3 in rep 4) data={'delay': 0.1, 'freq': 1000.0, 'conditions': 'exp', 'thisN': 51, 'thisTrialN': 3, 'thisRepN': 4}>
381.4752 	EXP 	text: autoDraw = False
381.4752 	EXP 	textbox: autoDraw = False
381.4752 	EXP 	fixation: autoDraw = True
381.6274 	DATA 	Mouse:  Left button up, pos=(801,191)
382.4650 	INFO 	Keyboard events cleared
382.4649 	EXP 	fixation: autoDraw = False
382.4649 	EXP 	polygon: autoDraw = True
385.3938 	EXP 	Device response: <KeyPress from None: t=385.39128412504215, value=space, duration=None>
385.4016 	DATA 	Keypress: space
385.4067 	EXP 	fixation: autoDraw = False
385.4067 	EXP 	polygon: autoDraw = False
385.4655 	EXP 	Device response: <KeyPress from None: t=385.39128412504215, value=space, duration=0.0681722080335021>
385.4783 	EXP 	Sound sound_1 reached end of file
385.4947 	EXP 	Playing sound sound_1 on speaker Nirvana Crystl
385.9292 	EXP 	Sound sound_1 stopped
385.9488 	EXP 	text: autoDraw = True
385.9488 	EXP 	textbox: autoDraw = True
386.7581 	EXP 	Device response: <KeyPress from None: t=386.75712795800064, value=1, duration=None>
386.7623 	DATA 	Keypress: 1
386.8582 	EXP 	Device response: <KeyPress from None: t=386.75712795800064, value=1, duration=0.10029137507081032>
387.0490 	EXP 	Device response: <KeyPress from None: t=387.046846000012, value=0, duration=None>
387.0518 	DATA 	Keypress: 0
387.1159 	EXP 	Device response: <KeyPress from None: t=387.046846000012, value=0, duration=0.06365308305248618>
387.1823 	EXP 	Device response: <KeyPress from None: t=387.1791358750779, value=0, duration=None>
387.1852 	DATA 	Keypress: 0
387.2415 	EXP 	Device response: <KeyPress from None: t=387.1791358750779, value=0, duration=0.06026487494818866>
387.7764 	DATA 	Mouse: Left button down, pos=(801,191)
387.7833 	EXP 	New trial (rep=4, index=4): <Trial 52 (4 in rep 4) data={'delay': 0.7, 'freq': 400.0, 'conditions': 'unexp', 'thisN': 52, 'thisTrialN': 4, 'thisRepN': 4}>
387.7914 	EXP 	text: autoDraw = False
387.7914 	EXP 	textbox: autoDraw = False
387.7914 	EXP 	fixation: autoDraw = True
387.8918 	DATA 	Mouse:  Left button up, pos=(801,191)
388.7818 	INFO 	Keyboard events cleared
388.7816 	EXP 	fixation: autoDraw = False
388.7816 	EXP 	polygon: autoDraw = True
389.6100 	EXP 	Device response: <KeyPress from None: t=389.60707666608505, value=space, duration=None>
389.6174 	DATA 	Keypress: space
389.6224 	EXP 	fixation: autoDraw = False
389.6224 	EXP 	polygon: autoDraw = False
389.6771 	EXP 	Device response: <KeyPress from None: t=389.60707666608505, value=space, duration=0.06836216698866338>
390.2968 	EXP 	Sound sound_1 reached end of file
390.3132 	EXP 	Playing sound sound_1 on speaker Nirvana Crystl
390.7481 	EXP 	Sound sound_1 stopped
390.7691 	EXP 	text: autoDraw = True
390.7691 	EXP 	textbox: autoDraw = True
393.2503 	DATA 	Keypress: 3
393.2513 	EXP 	Device response: <KeyPress from None: t=393.2420659160707, value=3, duration=None>
393.3487 	EXP 	Device response: <KeyPress from None: t=393.2420659160707, value=3, duration=0.10032587498426437>
393.6756 	DATA 	Keypress: 0
393.6765 	EXP 	Device response: <KeyPress from None: t=393.66805545811076, value=0, duration=None>
393.7753 	EXP 	Device response: <KeyPress from None: t=393.66805545811076, value=0, duration=0.10019329190254211>
393.8416 	EXP 	Device response: <KeyPress from None: t=393.83796354103833, value=0, duration=None>
393.8443 	DATA 	Keypress: 0
393.9321 	EXP 	Device response: <KeyPress from None: t=393.83796354103833, value=0, duration=0.08829433401115239>
394.6486 	DATA 	Mouse: Left button down, pos=(801,191)
394.6494 	EXP 	New trial (rep=4, index=5): <Trial 53 (5 in rep 4) data={'delay': 0.4, 'freq': 1000.0, 'conditions': 'exp', 'thisN': 53, 'thisTrialN': 5, 'thisRepN': 4}>
394.6583 	EXP 	text: autoDraw = False
394.6583 	EXP 	textbox: autoDraw = False
394.6583 	EXP 	fixation: autoDraw = True
394.8439 	DATA 	Mouse:  Left button up, pos=(801,191)
395.6488 	INFO 	Keyboard events cleared
395.6486 	EXP 	fixation: autoDraw = False
395.6486 	EXP 	polygon: autoDraw = True
397.0937 	EXP 	Device response: <KeyPress from None: t=397.09196558303665, value=space, duration=None>
397.1013 	DATA 	Keypress: space
397.1063 	EXP 	fixation: autoDraw = False
397.1063 	EXP 	polygon: autoDraw = False
397.1438 	EXP 	Device response: <KeyPress from None: t=397.09196558303665, value=space, duration=0.04831633297726512>
397.4809 	EXP 	Sound sound_1 reached end of file
397.4974 	EXP 	Playing sound sound_1 on speaker Nirvana Crystl
397.9311 	EXP 	Sound sound_1 stopped
397.9503 	EXP 	text: autoDraw = True
397.9503 	EXP 	textbox: autoDraw = True
400.0498 	DATA 	Keypress: 2
400.0509 	EXP 	Device response: <KeyPress from None: t=400.0447804160649, value=2, duration=None>
400.1422 	EXP 	Device response: <KeyPress from None: t=400.0447804160649, value=2, duration=0.08841029193717986>
400.4159 	DATA 	Keypress: 0
400.4169 	EXP 	Device response: <KeyPress from None: t=400.4109285000013, value=0, duration=None>
400.4823 	EXP 	Device response: <KeyPress from None: t=400.4109285000013, value=0, duration=0.06431491603143513>
400.5489 	EXP 	Device response: <KeyPress from None: t=400.5468178750016, value=0, duration=None>
400.5518 	DATA 	Keypress: 0
400.6082 	EXP 	Device response: <KeyPress from None: t=400.5468178750016, value=0, duration=0.060281291021965444>
401.0075 	DATA 	Mouse: Left button down, pos=(801,191)
401.0084 	EXP 	New trial (rep=4, index=6): <Trial 54 (6 in rep 4) data={'delay': 0.7, 'freq': 1000.0, 'conditions': 'exp', 'thisN': 54, 'thisTrialN': 6, 'thisRepN': 4}>
401.0120 	EXP 	text: autoDraw = False
401.0120 	EXP 	textbox: autoDraw = False
401.0120 	EXP 	fixation: autoDraw = True
401.0756 	DATA 	Mouse:  Left button up, pos=(801,191)
401.9985 	INFO 	Keyboard events cleared
401.9983 	EXP 	polygon: autoDraw = True
402.0088 	EXP 	fixation: autoDraw = False
402.4823 	EXP 	Device response: <KeyPress from None: t=402.4809256660519, value=space, duration=None>
402.4889 	DATA 	Keypress: space
402.4941 	EXP 	fixation: autoDraw = False
402.4941 	EXP 	polygon: autoDraw = False
402.5477 	EXP 	Device response: <KeyPress from None: t=402.4809256660519, value=space, duration=0.06423870904836804>
403.1757 	EXP 	Sound sound_1 reached end of file
403.1921 	EXP 	Playing sound sound_1 on speaker Nirvana Crystl
403.6263 	EXP 	Sound sound_1 stopped
403.6467 	EXP 	text: autoDraw = True
403.6467 	EXP 	textbox: autoDraw = True
405.3044 	DATA 	Keypress: 1
405.3248 	EXP 	Device response: <KeyPress from None: t=405.29964587499853, value=1, duration=None>
405.4317 	EXP 	Device response: <KeyPress from None: t=405.29964587499853, value=1, duration=0.12930912501178682>
405.6985 	EXP 	Device response: <KeyPress from None: t=405.6966886660084, value=0, duration=None>
405.7016 	DATA 	Keypress: 0
405.7747 	EXP 	Device response: <KeyPress from None: t=405.6966886660084, value=0, duration=0.06836941710207611>
405.8414 	EXP 	Device response: <KeyPress from None: t=405.8386290000053, value=0, duration=None>
405.8442 	DATA 	Keypress: 0
405.9321 	EXP 	Device response: <KeyPress from None: t=405.8386290000053, value=0, duration=0.09236637502908707>
406.3928 	DATA 	Mouse: Left button down, pos=(801,191)
406.3998 	EXP 	New trial (rep=4, index=7): <Trial 55 (7 in rep 4) data={'delay': 0.1, 'freq': 1000.0, 'conditions': 'exp', 'thisN': 55, 'thisTrialN': 7, 'thisRepN': 4}>
406.4083 	EXP 	text: autoDraw = False
406.4083 	EXP 	textbox: autoDraw = False
406.4083 	EXP 	fixation: autoDraw = True
406.5088 	DATA 	Mouse:  Left button up, pos=(801,191)
407.3980 	INFO 	Keyboard events cleared
407.3979 	EXP 	fixation: autoDraw = False
407.3979 	EXP 	polygon: autoDraw = True
408.0770 	EXP 	Device response: <KeyPress from None: t=408.0687284161104, value=space, duration=None>
408.0840 	DATA 	Keypress: space
408.0890 	EXP 	fixation: autoDraw = False
408.0890 	EXP 	polygon: autoDraw = False
408.1308 	EXP 	Device response: <KeyPress from None: t=408.0687284161104, value=space, duration=0.06079224997665733>
408.1638 	EXP 	Sound sound_1 reached end of file
408.1802 	EXP 	Playing sound sound_1 on speaker Nirvana Crystl
408.6149 	EXP 	Sound sound_1 stopped
408.6344 	EXP 	text: autoDraw = True
408.6344 	EXP 	textbox: autoDraw = True
409.5334 	DATA 	Keypress: 1
409.5345 	EXP 	Device response: <KeyPress from None: t=409.52857129101176, value=1, duration=None>
409.6321 	EXP 	Device response: <KeyPress from None: t=409.52857129101176, value=1, duration=0.0972519590286538>
409.8422 	DATA 	Keypress: 0
409.8432 	EXP 	Device response: <KeyPress from None: t=409.8355644160183, value=0, duration=None>
409.9247 	EXP 	Device response: <KeyPress from None: t=409.8355644160183, value=0, duration=0.08868466701824218>
409.9821 	EXP 	Device response: <KeyPress from None: t=409.97864729107823, value=0, duration=None>
409.9849 	DATA 	Keypress: 0
410.0484 	EXP 	Device response: <KeyPress from None: t=409.97864729107823, value=0, duration=0.06826800003182143>
410.4914 	DATA 	Mouse: Left button down, pos=(801,191)
410.4923 	EXP 	New trial (rep=4, index=8): <Trial 56 (8 in rep 4) data={'delay': 0.4, 'freq': 1000.0, 'conditions': 'exp', 'thisN': 56, 'thisTrialN': 8, 'thisRepN': 4}>
410.4959 	EXP 	text: autoDraw = False
410.4959 	EXP 	textbox: autoDraw = False
410.4959 	EXP 	fixation: autoDraw = True
410.6088 	DATA 	Mouse:  Left button up, pos=(801,191)
411.4820 	INFO 	Keyboard events cleared
411.4819 	EXP 	polygon: autoDraw = True
411.4920 	EXP 	fixation: autoDraw = False
412.3768 	EXP 	Device response: <KeyPress from None: t=412.36642700002994, value=space, duration=None>
412.3841 	DATA 	Keypress: space
412.3892 	EXP 	fixation: autoDraw = False
412.3892 	EXP 	polygon: autoDraw = False
412.4263 	EXP 	Device response: <KeyPress from None: t=412.36642700002994, value=space, duration=0.05244437500368804>
412.7643 	EXP 	Sound sound_1 reached end of file
412.7808 	EXP 	Playing sound sound_1 on speaker Nirvana Crystl
413.2152 	EXP 	Sound sound_1 stopped
413.2351 	EXP 	text: autoDraw = True
413.2351 	EXP 	textbox: autoDraw = True
414.2913 	EXP 	Device response: <KeyPress from None: t=414.290531000006, value=1, duration=None>
414.2956 	DATA 	Keypress: 1
414.3916 	EXP 	Device response: <KeyPress from None: t=414.290531000006, value=1, duration=0.09626295801717788>
415.4413 	EXP 	Device response: <KeyPress from None: t=415.4374312500004, value=5, duration=None>
415.4447 	DATA 	Keypress: 5
415.5246 	EXP 	Device response: <KeyPress from None: t=415.4374312500004, value=5, duration=0.08440900000277907>
415.5912 	EXP 	Device response: <KeyPress from None: t=415.5895390410442, value=0, duration=None>
415.5956 	DATA 	Keypress: 0
415.6826 	EXP 	Device response: <KeyPress from None: t=415.5895390410442, value=0, duration=0.08830104197841138>
416.4078 	DATA 	Mouse: Left button down, pos=(801,191)
416.4086 	EXP 	New trial (rep=4, index=9): <Trial 57 (9 in rep 4) data={'delay': 0.7, 'freq': 1000.0, 'conditions': 'exp', 'thisN': 57, 'thisTrialN': 9, 'thisRepN': 4}>
416.4124 	EXP 	text: autoDraw = False
416.4124 	EXP 	textbox: autoDraw = False
416.4124 	EXP 	fixation: autoDraw = True
416.5941 	DATA 	Mouse:  Left button up, pos=(801,191)
417.3983 	INFO 	Keyboard events cleared
417.3981 	EXP 	polygon: autoDraw = True
417.4086 	EXP 	fixation: autoDraw = False
418.4267 	EXP 	Device response: <KeyPress from None: t=418.4194401249988, value=space, duration=None>
418.4339 	DATA 	Keypress: space
418.4389 	EXP 	fixation: autoDraw = False
418.4389 	EXP 	polygon: autoDraw = False
418.4931 	EXP 	Device response: <KeyPress from None: t=418.4194401249988, value=space, duration=0.0683885000180453>
419.1141 	EXP 	Sound sound_1 reached end of file
419.1305 	EXP 	Playing sound sound_1 on speaker Nirvana Crystl
419.5644 	EXP 	Sound sound_1 stopped
419.5839 	EXP 	text: autoDraw = True
419.5839 	EXP 	textbox: autoDraw = True
421.2253 	DATA 	Keypress: 7
421.2264 	EXP 	Device response: <KeyPress from None: t=421.2192740000319, value=7, duration=None>
421.2981 	EXP 	Device response: <KeyPress from None: t=421.2192740000319, value=7, duration=0.07646970800124109>
421.6089 	DATA 	Keypress: 0
421.6099 	EXP 	Device response: <KeyPress from None: t=421.5992241660133, value=0, duration=None>
421.6645 	EXP 	Device response: <KeyPress from None: t=421.5992241660133, value=0, duration=0.06367808405775577>
421.7420 	DATA 	Keypress: 0
421.7429 	EXP 	Device response: <KeyPress from None: t=421.73241116607096, value=0, duration=None>
421.7988 	EXP 	Device response: <KeyPress from None: t=421.73241116607096, value=0, duration=0.060198292019777>
422.2320 	DATA 	Mouse: Left button down, pos=(801,191)
422.2329 	EXP 	New trial (rep=4, index=10): <Trial 58 (10 in rep 4) data={'delay': 0.4, 'freq': 1000.0, 'conditions': 'exp', 'thisN': 58, 'thisTrialN': 10, 'thisRepN': 4}>
422.2415 	EXP 	text: autoDraw = False
422.2415 	EXP 	textbox: autoDraw = False
422.2415 	EXP 	fixation: autoDraw = True
422.3755 	DATA 	Mouse:  Left button up, pos=(801,191)
423.2319 	INFO 	Keyboard events cleared
423.2318 	EXP 	fixation: autoDraw = False
423.2318 	EXP 	polygon: autoDraw = True
424.1600 	EXP 	Device response: <KeyPress from None: t=424.15632512501907, value=space, duration=None>
424.1675 	DATA 	Keypress: space
424.1727 	EXP 	fixation: autoDraw = False
424.1727 	EXP 	polygon: autoDraw = False
424.2094 	EXP 	Device response: <KeyPress from None: t=424.15632512501907, value=space, duration=0.0484008330386132>
424.5474 	EXP 	Sound sound_1 reached end of file
424.5639 	EXP 	Playing sound sound_1 on speaker Nirvana Crystl
424.9980 	EXP 	Sound sound_1 stopped
425.0186 	EXP 	text: autoDraw = True
425.0186 	EXP 	textbox: autoDraw = True
426.4037 	DATA 	Keypress: 6
426.4056 	EXP 	Device response: <KeyPress from None: t=426.3961864580633, value=6, duration=None>
426.4747 	EXP 	Device response: <KeyPress from None: t=426.3961864580633, value=6, duration=0.07637816702481359>
426.6750 	EXP 	Device response: <KeyPress from None: t=426.674275541096, value=0, duration=None>
426.6801 	DATA 	Keypress: 0
426.7658 	EXP 	Device response: <KeyPress from None: t=426.674275541096, value=0, duration=0.0843327499460429>
426.8157 	DATA 	Keypress: 0
426.8167 	EXP 	Device response: <KeyPress from None: t=426.8102936251089, value=0, duration=None>
426.8811 	EXP 	Device response: <KeyPress from None: t=426.8102936251089, value=0, duration=0.06819016591180116>
427.3274 	DATA 	Mouse: Left button down, pos=(801,191)
427.3330 	EXP 	New trial (rep=4, index=11): <Trial 59 (11 in rep 4) data={'delay': 0.4, 'freq': 400.0, 'conditions': 'unexp', 'thisN': 59, 'thisTrialN': 11, 'thisRepN': 4}>
427.3413 	EXP 	text: autoDraw = False
427.3413 	EXP 	textbox: autoDraw = False
427.3413 	EXP 	fixation: autoDraw = True
427.4750 	DATA 	Mouse:  Left button up, pos=(801,191)
428.3297 	INFO 	Keyboard events cleared
428.3295 	EXP 	fixation: autoDraw = False
428.3295 	EXP 	polygon: autoDraw = True
429.4152 	EXP 	Device response: <KeyPress from None: t=429.4100778750144, value=space, duration=None>
429.4235 	DATA 	Keypress: space
429.4281 	EXP 	fixation: autoDraw = False
429.4281 	EXP 	polygon: autoDraw = False
429.4805 	EXP 	Device response: <KeyPress from None: t=429.4100778750144, value=space, duration=0.06842625001445413>
429.8086 	EXP 	Sound sound_1 reached end of file
429.8250 	EXP 	Playing sound sound_1 on speaker Nirvana Crystl
430.2589 	EXP 	Sound sound_1 stopped
430.2793 	EXP 	text: autoDraw = True
430.2793 	EXP 	textbox: autoDraw = True
431.3742 	EXP 	Device response: <KeyPress from None: t=431.37114295805804, value=5, duration=None>
431.3785 	DATA 	Keypress: 5
431.4576 	EXP 	Device response: <KeyPress from None: t=431.37114295805804, value=5, duration=0.08341954194474965>
431.7823 	DATA 	Keypress: 0
431.7833 	EXP 	Device response: <KeyPress from None: t=431.77521545800846, value=0, duration=None>
431.8658 	EXP 	Device response: <KeyPress from None: t=431.77521545800846, value=0, duration=0.08414520800579339>
431.9321 	DATA 	Keypress: 0
431.9331 	EXP 	Device response: <KeyPress from None: t=431.92604641604703, value=0, duration=None>
432.0080 	EXP 	Device response: <KeyPress from None: t=431.92604641604703, value=0, duration=0.08034362504258752>
432.4168 	DATA 	Mouse: Left button down, pos=(801,191)
432.4242 	EXP 	New trial (rep=5, index=0): <Trial 60 (0 in rep 5) data={'delay': 0.7, 'freq': 400.0, 'conditions': 'unexp', 'thisN': 60, 'thisTrialN': 0, 'thisRepN': 5}>
432.4273 	EXP 	text: autoDraw = False
432.4273 	EXP 	textbox: autoDraw = False
432.4273 	EXP 	fixation: autoDraw = True
432.5587 	DATA 	Mouse:  Left button up, pos=(801,191)
433.4152 	INFO 	Keyboard events cleared
433.4151 	EXP 	polygon: autoDraw = True
433.4251 	EXP 	fixation: autoDraw = False
434.5486 	EXP 	Device response: <KeyPress from None: t=434.5441081250319, value=space, duration=None>
434.5559 	DATA 	Keypress: space
434.5609 	EXP 	fixation: autoDraw = False
434.5609 	EXP 	polygon: autoDraw = False
434.5615 	EXP 	Device response: <KeyPress from None: t=434.5441081250319, value=space, duration=0.016300750081427395>
435.2419 	EXP 	Sound sound_1 reached end of file
435.2583 	EXP 	Playing sound sound_1 on speaker Nirvana Crystl
435.6929 	EXP 	Sound sound_1 stopped
435.7131 	EXP 	text: autoDraw = True
435.7131 	EXP 	textbox: autoDraw = True
436.8653 	EXP 	Device response: <KeyPress from None: t=436.86394525005016, value=9, duration=None>
436.8691 	DATA 	Keypress: 9
436.9577 	EXP 	Device response: <KeyPress from None: t=436.86394525005016, value=9, duration=0.08924716606270522>
437.0421 	DATA 	Keypress: 0
437.0430 	EXP 	Device response: <KeyPress from None: t=437.0320076250937, value=0, duration=None>
437.1246 	EXP 	Device response: <KeyPress from None: t=437.0320076250937, value=0, duration=0.08836012496612966>
437.1917 	DATA 	Keypress: 0
437.1926 	EXP 	Device response: <KeyPress from None: t=437.18496129103005, value=0, duration=None>
437.2579 	EXP 	Device response: <KeyPress from None: t=437.18496129103005, value=0, duration=0.0683665000833571>
438.2927 	DATA 	Mouse: Left button down, pos=(797,185)
438.2996 	EXP 	New trial (rep=5, index=1): <Trial 61 (1 in rep 5) data={'delay': 0.1, 'freq': 1000.0, 'conditions': 'exp', 'thisN': 61, 'thisTrialN': 1, 'thisRepN': 5}>
438.3079 	EXP 	text: autoDraw = False
438.3079 	EXP 	textbox: autoDraw = False
438.3079 	EXP 	fixation: autoDraw = True
438.4645 	DATA 	Mouse:  Left button up, pos=(797,185)
439.2977 	INFO 	Keyboard events cleared
439.2976 	EXP 	fixation: autoDraw = False
439.2976 	EXP 	polygon: autoDraw = True
440.0598 	EXP 	Device response: <KeyPress from None: t=440.04899783304427, value=space, duration=None>
440.0675 	DATA 	Keypress: space
440.0725 	EXP 	fixation: autoDraw = False
440.0725 	EXP 	polygon: autoDraw = False
440.1432 	EXP 	Device response: <KeyPress from None: t=440.04899783304427, value=space, duration=0.08820095798000693>
440.1501 	EXP 	Sound sound_1 reached end of file
440.1665 	EXP 	Playing sound sound_1 on speaker Nirvana Crystl
440.6012 	EXP 	Sound sound_1 stopped
440.6219 	EXP 	text: autoDraw = True
440.6219 	EXP 	textbox: autoDraw = True
441.6467 	DATA 	Keypress: 3
441.6512 	EXP 	Device response: <KeyPress from None: t=441.6417967500165, value=3, duration=None>
441.7413 	EXP 	Device response: <KeyPress from None: t=441.6417967500165, value=3, duration=0.09639062499627471>
442.0650 	EXP 	Device response: <KeyPress from None: t=442.0609882910503, value=0, duration=None>
442.0678 	DATA 	Keypress: 0
442.1146 	EXP 	Device response: <KeyPress from None: t=442.0609882910503, value=0, duration=0.05224612494930625>
442.1820 	DATA 	Keypress: 0
442.1830 	EXP 	Device response: <KeyPress from None: t=442.17494145804085, value=0, duration=None>
442.2413 	EXP 	Device response: <KeyPress from None: t=442.17494145804085, value=0, duration=0.06020120799075812>
442.6748 	DATA 	Mouse: Left button down, pos=(797,185)
442.8081 	DATA 	Mouse:  Left button up, pos=(797,185)
443.4580 	DATA 	Mouse: Left button down, pos=(797,185)
443.4588 	EXP 	New trial (rep=5, index=2): <Trial 62 (2 in rep 5) data={'delay': 0.1, 'freq': 1000.0, 'conditions': 'exp', 'thisN': 62, 'thisTrialN': 2, 'thisRepN': 5}>
443.4624 	EXP 	text: autoDraw = False
443.4624 	EXP 	textbox: autoDraw = False
443.4624 	EXP 	fixation: autoDraw = True
443.5617 	DATA 	Mouse:  Left button up, pos=(797,185)
444.4481 	INFO 	Keyboard events cleared
444.4479 	EXP 	polygon: autoDraw = True
444.4583 	EXP 	fixation: autoDraw = False
445.0488 	EXP 	Device response: <KeyPress from None: t=445.04278162505943, value=space, duration=None>
445.0561 	DATA 	Keypress: space
445.0607 	EXP 	fixation: autoDraw = False
445.0607 	EXP 	polygon: autoDraw = False
445.1098 	EXP 	Device response: <KeyPress from None: t=445.04278162505943, value=space, duration=0.06432574999053031>
445.1420 	EXP 	Sound sound_1 reached end of file
445.1584 	EXP 	Playing sound sound_1 on speaker Nirvana Crystl
445.5926 	EXP 	Sound sound_1 stopped
445.6118 	EXP 	text: autoDraw = True
445.6118 	EXP 	textbox: autoDraw = True
446.1654 	EXP 	Device response: <KeyPress from None: t=446.1638330410933, value=2, duration=None>
446.1694 	DATA 	Keypress: 2
446.2651 	EXP 	Device response: <KeyPress from None: t=446.1638330410933, value=2, duration=0.10033716692123562>
446.6313 	EXP 	Device response: <KeyPress from None: t=446.6287476250436, value=0, duration=None>
446.6343 	DATA 	Keypress: 0
446.6915 	EXP 	Device response: <KeyPress from None: t=446.6287476250436, value=0, duration=0.05638545798137784>
446.7645 	EXP 	Device response: <KeyPress from None: t=446.7616612080019, value=0, duration=None>
446.7674 	DATA 	Keypress: 0
446.8248 	EXP 	Device response: <KeyPress from None: t=446.7616612080019, value=0, duration=0.05653641710523516>
447.6608 	DATA 	Mouse: Left button down, pos=(797,185)
447.6654 	EXP 	New trial (rep=5, index=3): <Trial 63 (3 in rep 5) data={'delay': 0.7, 'freq': 1000.0, 'conditions': 'exp', 'thisN': 63, 'thisTrialN': 3, 'thisRepN': 5}>
447.6734 	EXP 	text: autoDraw = False
447.6734 	EXP 	textbox: autoDraw = False
447.6734 	EXP 	fixation: autoDraw = True
447.8308 	DATA 	Mouse:  Left button up, pos=(797,185)
448.6637 	INFO 	Keyboard events cleared
448.6636 	EXP 	fixation: autoDraw = False
448.6636 	EXP 	polygon: autoDraw = True
449.9314 	EXP 	Device response: <KeyPress from None: t=449.9287972910097, value=space, duration=None>
449.9389 	DATA 	Keypress: space
449.9441 	EXP 	fixation: autoDraw = False
449.9441 	EXP 	polygon: autoDraw = False
449.9793 	EXP 	Device response: <KeyPress from None: t=449.9287972910097, value=space, duration=0.04812766704708338>
450.6252 	EXP 	Sound sound_1 reached end of file
450.6416 	EXP 	Playing sound sound_1 on speaker Nirvana Crystl
451.0761 	EXP 	Sound sound_1 stopped
451.0949 	EXP 	text: autoDraw = True
451.0949 	EXP 	textbox: autoDraw = True
452.3998 	DATA 	Keypress: 8
452.4010 	EXP 	Device response: <KeyPress from None: t=452.3921831250191, value=8, duration=None>
452.4818 	EXP 	Device response: <KeyPress from None: t=452.3921831250191, value=8, duration=0.08380891603883356>
452.5745 	EXP 	Device response: <KeyPress from None: t=452.5706263750326, value=0, duration=None>
452.5775 	DATA 	Keypress: 0
452.6820 	EXP 	Device response: <KeyPress from None: t=452.5706263750326, value=0, duration=0.10437604098115116>
452.7528 	DATA 	Keypress: 0
452.7574 	EXP 	Device response: <KeyPress from None: t=452.748786916025, value=0, duration=None>
452.8141 	EXP 	Device response: <KeyPress from None: t=452.748786916025, value=0, duration=0.06482116703409702>
453.3256 	DATA 	Mouse: Left button down, pos=(797,185)
453.3325 	EXP 	New trial (rep=5, index=4): <Trial 64 (4 in rep 5) data={'delay': 0.7, 'freq': 1000.0, 'conditions': 'exp', 'thisN': 64, 'thisTrialN': 4, 'thisRepN': 5}>
453.3409 	EXP 	text: autoDraw = False
453.3409 	EXP 	textbox: autoDraw = False
453.3409 	EXP 	fixation: autoDraw = True
453.4784 	DATA 	Mouse:  Left button up, pos=(797,185)
454.3312 	INFO 	Keyboard events cleared
454.3311 	EXP 	fixation: autoDraw = False
454.3311 	EXP 	polygon: autoDraw = True
460.3154 	EXP 	Device response: <KeyPress from None: t=460.3101412910037, value=space, duration=None>
460.3224 	DATA 	Keypress: space
460.3273 	EXP 	fixation: autoDraw = False
460.3273 	EXP 	polygon: autoDraw = False
460.3757 	EXP 	Device response: <KeyPress from None: t=460.3101412910037, value=space, duration=0.057647042092867196>
461.0086 	EXP 	Sound sound_1 reached end of file
461.0250 	EXP 	Playing sound sound_1 on speaker Nirvana Crystl
461.4593 	EXP 	Sound sound_1 stopped
461.4793 	EXP 	text: autoDraw = True
461.4793 	EXP 	textbox: autoDraw = True
462.6535 	DATA 	Keypress: 5
462.6743 	EXP 	Device response: <KeyPress from None: t=462.64830920810346, value=5, duration=None>
462.7311 	EXP 	Device response: <KeyPress from None: t=462.64830920810346, value=5, duration=0.0804347499506548>
462.9814 	EXP 	Device response: <KeyPress from None: t=462.9802419580519, value=0, duration=None>
462.9857 	DATA 	Keypress: 0
463.0406 	EXP 	Device response: <KeyPress from None: t=462.9802419580519, value=0, duration=0.05632754205726087>
463.0985 	EXP 	Device response: <KeyPress from None: t=463.0972221660195, value=0, duration=None>
463.1029 	DATA 	Keypress: 0
463.1652 	EXP 	Device response: <KeyPress from None: t=463.0972221660195, value=0, duration=0.06042774999514222>
463.6316 	DATA 	Mouse: Left button down, pos=(797,185)
463.6324 	EXP 	New trial (rep=5, index=5): <Trial 65 (5 in rep 5) data={'delay': 0.4, 'freq': 1000.0, 'conditions': 'exp', 'thisN': 65, 'thisTrialN': 5, 'thisRepN': 5}>
463.6401 	EXP 	text: autoDraw = False
463.6401 	EXP 	textbox: autoDraw = False
463.6401 	EXP 	fixation: autoDraw = True
463.7617 	DATA 	Mouse:  Left button up, pos=(797,185)
464.6301 	INFO 	Keyboard events cleared
464.6300 	EXP 	fixation: autoDraw = False
464.6300 	EXP 	polygon: autoDraw = True
465.5485 	EXP 	Device response: <KeyPress from None: t=465.547209750046, value=space, duration=None>
465.5558 	DATA 	Keypress: space
465.5606 	EXP 	fixation: autoDraw = False
465.5606 	EXP 	polygon: autoDraw = False
465.6136 	EXP 	Device response: <KeyPress from None: t=465.547209750046, value=space, duration=0.06463970802724361>
465.9419 	EXP 	Sound sound_1 reached end of file
465.9583 	EXP 	Playing sound sound_1 on speaker Nirvana Crystl
466.3924 	EXP 	Sound sound_1 stopped
466.4119 	EXP 	text: autoDraw = True
466.4119 	EXP 	textbox: autoDraw = True
468.7793 	DATA 	Keypress: 4
468.7836 	EXP 	Device response: <KeyPress from None: t=468.77424541604705, value=4, duration=None>
468.8476 	EXP 	Device response: <KeyPress from None: t=468.77424541604705, value=4, duration=0.07215908402577043>
469.0823 	DATA 	Keypress: 0
469.0833 	EXP 	Device response: <KeyPress from None: t=469.07420820801053, value=0, duration=None>
469.1315 	EXP 	Device response: <KeyPress from None: t=469.07420820801053, value=0, duration=0.05630612501408905>
469.2074 	EXP 	Device response: <KeyPress from None: t=469.2070484160213, value=0, duration=None>
469.2121 	DATA 	Keypress: 0
469.2481 	EXP 	Device response: <KeyPress from None: t=469.2070484160213, value=0, duration=0.03644079202786088>
471.0070 	DATA 	Mouse: Left button down, pos=(797,185)
471.0079 	EXP 	New trial (rep=5, index=6): <Trial 66 (6 in rep 5) data={'delay': 0.7, 'freq': 1000.0, 'conditions': 'exp', 'thisN': 66, 'thisTrialN': 6, 'thisRepN': 5}>
471.0111 	EXP 	text: autoDraw = False
471.0111 	EXP 	textbox: autoDraw = False
471.0111 	EXP 	fixation: autoDraw = True
471.1584 	DATA 	Mouse:  Left button up, pos=(797,185)
471.9978 	INFO 	Keyboard events cleared
471.9976 	EXP 	polygon: autoDraw = True
472.0078 	EXP 	fixation: autoDraw = False
472.5150 	EXP 	Device response: <KeyPress from None: t=472.51334408309776, value=space, duration=None>
472.5223 	DATA 	Keypress: space
472.5272 	EXP 	fixation: autoDraw = False
472.5272 	EXP 	polygon: autoDraw = False
472.5929 	EXP 	Device response: <KeyPress from None: t=472.51334408309776, value=space, duration=0.07611695793457329>
473.2083 	EXP 	Sound sound_1 reached end of file
473.2246 	EXP 	Playing sound sound_1 on speaker Nirvana Crystl
473.6589 	EXP 	Sound sound_1 stopped
473.6791 	EXP 	text: autoDraw = True
473.6791 	EXP 	textbox: autoDraw = True
475.9992 	DATA 	Keypress: 3
476.0003 	EXP 	Device response: <KeyPress from None: t=475.99298262503, value=3, duration=None>
476.0807 	EXP 	Device response: <KeyPress from None: t=475.99298262503, value=3, duration=0.08425295806955546>
476.3083 	DATA 	Keypress: 0
476.3093 	EXP 	Device response: <KeyPress from None: t=476.2990325000137, value=0, duration=None>
476.3643 	EXP 	Device response: <KeyPress from None: t=476.2990325000137, value=0, duration=0.06436641607433558>
476.4414 	DATA 	Keypress: 0
476.4424 	EXP 	Device response: <KeyPress from None: t=476.4340384580428, value=0, duration=None>
476.4973 	EXP 	Device response: <KeyPress from None: t=476.4340384580428, value=0, duration=0.060252416995354>
477.0978 	DATA 	Mouse: Left button down, pos=(797,185)
477.0988 	EXP 	New trial (rep=5, index=7): <Trial 67 (7 in rep 5) data={'delay': 0.4, 'freq': 400.0, 'conditions': 'unexp', 'thisN': 67, 'thisTrialN': 7, 'thisRepN': 5}>
477.1071 	EXP 	text: autoDraw = False
477.1071 	EXP 	textbox: autoDraw = False
477.1071 	EXP 	fixation: autoDraw = True
477.2447 	DATA 	Mouse:  Left button up, pos=(797,185)
478.0968 	INFO 	Keyboard events cleared
478.0967 	EXP 	fixation: autoDraw = False
478.0967 	EXP 	polygon: autoDraw = True
479.3257 	EXP 	Device response: <KeyPress from None: t=479.31803295807913, value=space, duration=None>
479.3328 	DATA 	Keypress: space
479.3380 	EXP 	fixation: autoDraw = False
479.3380 	EXP 	polygon: autoDraw = False
479.4096 	EXP 	Device response: <KeyPress from None: t=479.31803295807913, value=space, duration=0.08024979196488857>
479.7135 	EXP 	Sound sound_1 reached end of file
479.7299 	EXP 	Playing sound sound_1 on speaker Nirvana Crystl
480.1640 	EXP 	Sound sound_1 stopped
480.1842 	EXP 	text: autoDraw = True
480.1842 	EXP 	textbox: autoDraw = True
481.4405 	EXP 	Device response: <KeyPress from None: t=481.4368656660663, value=5, duration=None>
481.4447 	DATA 	Keypress: 5
481.5242 	EXP 	Device response: <KeyPress from None: t=481.4368656660663, value=5, duration=0.08436945895664394>
481.7408 	EXP 	Device response: <KeyPress from None: t=481.7401213750709, value=0, duration=None>
481.7451 	DATA 	Keypress: 0
481.8075 	EXP 	Device response: <KeyPress from None: t=481.7401213750709, value=0, duration=0.0648319999454543>
481.8748 	DATA 	Keypress: 0
481.8757 	EXP 	Device response: <KeyPress from None: t=481.8677642910043, value=0, duration=None>
481.9142 	EXP 	Device response: <KeyPress from None: t=481.8677642910043, value=0, duration=0.04447441699448973>
482.3575 	DATA 	Mouse: Left button down, pos=(797,185)
482.3584 	EXP 	New trial (rep=5, index=8): <Trial 68 (8 in rep 5) data={'delay': 0.4, 'freq': 1000.0, 'conditions': 'exp', 'thisN': 68, 'thisTrialN': 8, 'thisRepN': 5}>
482.3619 	EXP 	text: autoDraw = False
482.3619 	EXP 	textbox: autoDraw = False
482.3619 	EXP 	fixation: autoDraw = True
482.5111 	DATA 	Mouse:  Left button up, pos=(797,185)
483.3471 	INFO 	Keyboard events cleared
483.3469 	EXP 	polygon: autoDraw = True
483.3580 	EXP 	fixation: autoDraw = False
483.8151 	EXP 	Device response: <KeyPress from None: t=483.8118729580892, value=space, duration=None>
483.8219 	DATA 	Keypress: space
483.8271 	EXP 	fixation: autoDraw = False
483.8271 	EXP 	polygon: autoDraw = False
483.9095 	EXP 	Device response: <KeyPress from None: t=483.8118729580892, value=space, duration=0.08819562499411404>
484.2080 	EXP 	Sound sound_1 reached end of file
484.2244 	EXP 	Playing sound sound_1 on speaker Nirvana Crystl
484.6590 	EXP 	Sound sound_1 stopped
484.6785 	EXP 	text: autoDraw = True
484.6785 	EXP 	textbox: autoDraw = True
485.4813 	EXP 	Device response: <KeyPress from None: t=485.4788245410891, value=4, duration=None>
485.4855 	DATA 	Keypress: 4
485.5579 	EXP 	Device response: <KeyPress from None: t=485.4788245410891, value=4, duration=0.07231170893646777>
485.9249 	DATA 	Keypress: 0
485.9259 	EXP 	Device response: <KeyPress from None: t=485.91788233304396, value=0, duration=None>
485.9744 	EXP 	Device response: <KeyPress from None: t=485.91788233304396, value=0, duration=0.048149375012144446>
486.0410 	EXP 	Device response: <KeyPress from None: t=486.036658625002, value=0, duration=None>
486.0438 	DATA 	Keypress: 0
486.1077 	EXP 	Device response: <KeyPress from None: t=486.036658625002, value=0, duration=0.06448579102288932>
486.5437 	DATA 	Mouse: Left button down, pos=(797,185)
486.5484 	EXP 	New trial (rep=5, index=9): <Trial 69 (9 in rep 5) data={'delay': 0.1, 'freq': 1000.0, 'conditions': 'exp', 'thisN': 69, 'thisTrialN': 9, 'thisRepN': 5}>
486.5567 	EXP 	text: autoDraw = False
486.5567 	EXP 	textbox: autoDraw = False
486.5567 	EXP 	fixation: autoDraw = True
486.6909 	DATA 	Mouse:  Left button up, pos=(797,185)
487.5476 	INFO 	Keyboard events cleared
487.5474 	EXP 	fixation: autoDraw = False
487.5474 	EXP 	polygon: autoDraw = True
488.9314 	EXP 	Device response: <KeyPress from None: t=488.9287484160159, value=space, duration=None>
488.9386 	DATA 	Keypress: space
488.9436 	EXP 	fixation: autoDraw = False
488.9436 	EXP 	polygon: autoDraw = False
489.0250 	EXP 	Sound sound_1 reached end of file
489.0413 	EXP 	Playing sound sound_1 on speaker Nirvana Crystl
489.0424 	EXP 	Device response: <KeyPress from None: t=488.9287484160159, value=space, duration=0.10823558398988098>
489.4758 	EXP 	Sound sound_1 stopped
489.4951 	EXP 	text: autoDraw = True
489.4951 	EXP 	textbox: autoDraw = True
490.5787 	DATA 	Keypress: 1
490.5834 	EXP 	Device response: <KeyPress from None: t=490.57466433302034, value=1, duration=None>
490.6740 	EXP 	Device response: <KeyPress from None: t=490.57466433302034, value=1, duration=0.09638462506700307>
490.9148 	DATA 	Keypress: 0
490.9158 	EXP 	Device response: <KeyPress from None: t=490.9076147910673, value=0, duration=None>
490.9813 	EXP 	Device response: <KeyPress from None: t=490.9076147910673, value=0, duration=0.06834962498396635>
491.0478 	DATA 	Keypress: 0
491.0487 	EXP 	Device response: <KeyPress from None: t=491.0426727500744, value=0, duration=None>
491.1140 	EXP 	Device response: <KeyPress from None: t=491.0426727500744, value=0, duration=0.06829416600521654>
491.6091 	DATA 	Mouse: Left button down, pos=(797,185)
491.6153 	EXP 	New trial (rep=5, index=10): <Trial 70 (10 in rep 5) data={'delay': 0.4, 'freq': 1000.0, 'conditions': 'exp', 'thisN': 70, 'thisTrialN': 10, 'thisRepN': 5}>
491.6231 	EXP 	text: autoDraw = False
491.6231 	EXP 	textbox: autoDraw = False
491.6231 	EXP 	fixation: autoDraw = True
491.7762 	DATA 	Mouse:  Left button up, pos=(797,185)
492.6143 	INFO 	Keyboard events cleared
492.6142 	EXP 	fixation: autoDraw = False
492.6142 	EXP 	polygon: autoDraw = True
493.4409 	EXP 	Device response: <KeyPress from None: t=493.432239875081, value=space, duration=None>
493.4469 	DATA 	Keypress: space
493.4515 	EXP 	fixation: autoDraw = False
493.4515 	EXP 	polygon: autoDraw = False
493.5258 	EXP 	Device response: <KeyPress from None: t=493.432239875081, value=space, duration=0.08370495797134936>
493.8252 	EXP 	Sound sound_1 reached end of file
493.8415 	EXP 	Playing sound sound_1 on speaker Nirvana Crystl
494.2755 	EXP 	Sound sound_1 stopped
494.2971 	EXP 	text: autoDraw = True
494.2971 	EXP 	textbox: autoDraw = True
495.1081 	EXP 	Device response: <KeyPress from None: t=495.10649870801717, value=3, duration=None>
495.1129 	DATA 	Keypress: 3
495.1907 	EXP 	Device response: <KeyPress from None: t=495.10649870801717, value=3, duration=0.08031616709195077>
495.7829 	DATA 	Keypress: 0
495.7844 	EXP 	Device response: <KeyPress from None: t=495.7754852910293, value=0, duration=None>
495.8483 	EXP 	Device response: <KeyPress from None: t=495.7754852910293, value=0, duration=0.06911045906599611>
495.9239 	EXP 	Device response: <KeyPress from None: t=495.92354087508284, value=0, duration=None>
495.9292 	DATA 	Keypress: 0
495.9822 	EXP 	Device response: <KeyPress from None: t=495.92354087508284, value=0, duration=0.05224266601726413>
497.1980 	DATA 	Mouse: Left button down, pos=(797,185)
497.3438 	DATA 	Mouse:  Left button up, pos=(797,185)
498.0572 	DATA 	Mouse: Left button down, pos=(797,185)
498.0581 	EXP 	New trial (rep=5, index=11): <Trial 71 (11 in rep 5) data={'delay': 0.1, 'freq': 400.0, 'conditions': 'unexp', 'thisN': 71, 'thisTrialN': 11, 'thisRepN': 5}>
498.0616 	EXP 	text: autoDraw = False
498.0616 	EXP 	textbox: autoDraw = False
498.0616 	EXP 	fixation: autoDraw = True
498.2082 	DATA 	Mouse:  Left button up, pos=(797,185)
499.0479 	INFO 	Keyboard events cleared
499.0478 	EXP 	polygon: autoDraw = True
499.0578 	EXP 	fixation: autoDraw = False
500.2984 	EXP 	Device response: <KeyPress from None: t=500.29440787504427, value=space, duration=None>
500.3053 	DATA 	Keypress: space
500.3103 	EXP 	fixation: autoDraw = False
500.3103 	EXP 	polygon: autoDraw = False
500.3916 	EXP 	Sound sound_1 reached end of file
500.4080 	EXP 	Playing sound sound_1 on speaker Nirvana Crystl
500.3931 	EXP 	Device response: <KeyPress from None: t=500.29440787504427, value=space, duration=0.08832116599660367>
500.8425 	EXP 	Sound sound_1 stopped
500.8628 	EXP 	text: autoDraw = True
500.8628 	EXP 	textbox: autoDraw = True
501.9654 	DATA 	Keypress: 1
501.9667 	EXP 	Device response: <KeyPress from None: t=501.95933487510774, value=1, duration=None>
502.0745 	EXP 	Device response: <KeyPress from None: t=501.95933487510774, value=1, duration=0.10846608295105398>
502.2978 	EXP 	Device response: <KeyPress from None: t=502.29545887501445, value=0, duration=None>
502.3008 	DATA 	Keypress: 0
502.3569 	EXP 	Device response: <KeyPress from None: t=502.29545887501445, value=0, duration=0.056271833018399775>
502.4247 	DATA 	Keypress: 0
502.4257 	EXP 	Device response: <KeyPress from None: t=502.416280958103, value=0, duration=None>
502.4816 	EXP 	Device response: <KeyPress from None: t=502.416280958103, value=0, duration=0.06034554191865027>
502.8736 	DATA 	Mouse: Left button down, pos=(797,185)
502.8745 	EXP 	New trial (rep=6, index=0): <Trial 72 (0 in rep 6) data={'delay': 0.1, 'freq': 1000.0, 'conditions': 'exp', 'thisN': 72, 'thisTrialN': 0, 'thisRepN': 6}>
502.8779 	EXP 	text: autoDraw = False
502.8779 	EXP 	textbox: autoDraw = False
502.8779 	EXP 	fixation: autoDraw = True
503.0279 	DATA 	Mouse:  Left button up, pos=(797,185)
503.8646 	INFO 	Keyboard events cleared
503.8645 	EXP 	polygon: autoDraw = True
503.8745 	EXP 	fixation: autoDraw = False
506.2983 	EXP 	Device response: <KeyPress from None: t=506.2943983330624, value=space, duration=None>
506.3056 	DATA 	Keypress: space
506.3103 	EXP 	fixation: autoDraw = False
506.3103 	EXP 	polygon: autoDraw = False
506.3643 	EXP 	Device response: <KeyPress from None: t=506.2943983330624, value=space, duration=0.06420029199216515>
506.3915 	EXP 	Sound sound_1 reached end of file
506.4079 	EXP 	Playing sound sound_1 on speaker Nirvana Crystl
506.8421 	EXP 	Sound sound_1 stopped
506.8611 	EXP 	text: autoDraw = True
506.8611 	EXP 	textbox: autoDraw = True
509.3819 	EXP 	Device response: <KeyPress from None: t=509.3791474580066, value=2, duration=None>
509.3862 	DATA 	Keypress: 2
509.5146 	EXP 	Device response: <KeyPress from None: t=509.3791474580066, value=2, duration=0.12843912502285093>
509.7743 	DATA 	Keypress: 0
509.7753 	EXP 	Device response: <KeyPress from None: t=509.76521954103373, value=0, duration=None>
509.8411 	EXP 	Device response: <KeyPress from None: t=509.76521954103373, value=0, duration=0.06826712505426258>
509.9073 	EXP 	Device response: <KeyPress from None: t=509.904250874999, value=0, duration=None>
509.9100 	DATA 	Keypress: 0
509.9569 	EXP 	Device response: <KeyPress from None: t=509.904250874999, value=0, duration=0.048271291074343026>
510.4755 	DATA 	Mouse: Left button down, pos=(797,185)
510.4819 	EXP 	New trial (rep=6, index=1): <Trial 73 (1 in rep 6) data={'delay': 0.4, 'freq': 1000.0, 'conditions': 'exp', 'thisN': 73, 'thisTrialN': 1, 'thisRepN': 6}>
510.4898 	EXP 	text: autoDraw = False
510.4898 	EXP 	textbox: autoDraw = False
510.4898 	EXP 	fixation: autoDraw = True
510.6083 	DATA 	Mouse:  Left button up, pos=(797,185)
511.4807 	INFO 	Keyboard events cleared
511.4805 	EXP 	fixation: autoDraw = False
511.4805 	EXP 	polygon: autoDraw = True
512.1425 	EXP 	Device response: <KeyPress from None: t=512.1361562500242, value=space, duration=None>
512.1503 	DATA 	Keypress: space
512.1554 	EXP 	fixation: autoDraw = False
512.1554 	EXP 	polygon: autoDraw = False
512.1970 	EXP 	Device response: <KeyPress from None: t=512.1361562500242, value=space, duration=0.05635162501130253>
512.5300 	EXP 	Sound sound_1 reached end of file
512.5464 	EXP 	Playing sound sound_1 on speaker Nirvana Crystl
512.9809 	EXP 	Sound sound_1 stopped
513.0006 	EXP 	text: autoDraw = True
513.0006 	EXP 	textbox: autoDraw = True
513.8149 	EXP 	Device response: <KeyPress from None: t=513.8121915830998, value=1, duration=None>
513.8188 	DATA 	Keypress: 1
513.9146 	EXP 	Device response: <KeyPress from None: t=513.8121915830998, value=1, duration=0.09623391693457961>
514.1412 	DATA 	Keypress: 0
514.1422 	EXP 	Device response: <KeyPress from None: t=514.133210833068, value=0, duration=None>
514.1969 	EXP 	Device response: <KeyPress from None: t=514.133210833068, value=0, duration=0.060243707965128124>
514.2804 	EXP 	Device response: <KeyPress from None: t=514.2780697500566, value=0, duration=None>
514.2833 	DATA 	Keypress: 0
514.3240 	EXP 	Device response: <KeyPress from None: t=514.2780697500566, value=0, duration=0.04437466594390571>
514.8407 	DATA 	Mouse: Left button down, pos=(797,185)
514.8417 	EXP 	New trial (rep=6, index=2): <Trial 74 (2 in rep 6) data={'delay': 0.1, 'freq': 1000.0, 'conditions': 'exp', 'thisN': 74, 'thisTrialN': 2, 'thisRepN': 6}>
514.8450 	EXP 	text: autoDraw = False
514.8450 	EXP 	textbox: autoDraw = False
514.8450 	EXP 	fixation: autoDraw = True
514.9945 	DATA 	Mouse:  Left button up, pos=(797,185)
515.8311 	INFO 	Keyboard events cleared
515.8309 	EXP 	polygon: autoDraw = True
515.8409 	EXP 	fixation: autoDraw = False
516.4760 	EXP 	Device response: <KeyPress from None: t=516.4710914581083, value=space, duration=None>
516.4845 	DATA 	Keypress: space
516.4898 	EXP 	fixation: autoDraw = False
516.4898 	EXP 	polygon: autoDraw = False
516.5634 	EXP 	Sound sound_1 reached end of file
516.5798 	EXP 	Playing sound sound_1 on speaker Nirvana Crystl
516.5760 	EXP 	Device response: <KeyPress from None: t=516.4710914581083, value=space, duration=0.10031908296514302>
517.0145 	EXP 	Sound sound_1 stopped
517.0342 	EXP 	text: autoDraw = True
517.0342 	EXP 	textbox: autoDraw = True
518.7411 	DATA 	Keypress: 5
518.7422 	EXP 	Device response: <KeyPress from None: t=518.7340825831052, value=5, duration=None>
518.8471 	EXP 	Device response: <KeyPress from None: t=518.7340825831052, value=5, duration=0.11217120790388435>
519.0647 	DATA 	Keypress: 0
519.0657 	EXP 	Device response: <KeyPress from None: t=519.0569215000141, value=0, duration=None>
519.1405 	EXP 	Device response: <KeyPress from None: t=519.0569215000141, value=0, duration=0.08037587499711663>
519.6403 	DATA 	Mouse: Left button down, pos=(797,185)
519.6412 	EXP 	New trial (rep=6, index=3): <Trial 75 (3 in rep 6) data={'delay': 0.4, 'freq': 1000.0, 'conditions': 'exp', 'thisN': 75, 'thisTrialN': 3, 'thisRepN': 6}>
519.6445 	EXP 	text: autoDraw = False
519.6445 	EXP 	textbox: autoDraw = False
519.6445 	EXP 	fixation: autoDraw = True
519.7612 	DATA 	Mouse:  Left button up, pos=(797,185)
520.6309 	INFO 	Keyboard events cleared
520.6307 	EXP 	polygon: autoDraw = True
520.6410 	EXP 	fixation: autoDraw = False
521.0147 	EXP 	Device response: <KeyPress from None: t=521.0090171660995, value=space, duration=None>
521.0216 	DATA 	Keypress: space
521.0267 	EXP 	fixation: autoDraw = False
521.0267 	EXP 	polygon: autoDraw = False
521.1260 	EXP 	Device response: <KeyPress from None: t=521.0090171660995, value=space, duration=0.10425070894416422>
521.4080 	EXP 	Sound sound_1 reached end of file
521.4243 	EXP 	Playing sound sound_1 on speaker Nirvana Crystl
521.8589 	EXP 	Sound sound_1 stopped
521.8785 	EXP 	text: autoDraw = True
521.8785 	EXP 	textbox: autoDraw = True
522.4987 	DATA 	Keypress: 1
522.4998 	EXP 	Device response: <KeyPress from None: t=522.4938952081138, value=1, duration=None>
522.5639 	EXP 	Device response: <KeyPress from None: t=522.4938952081138, value=1, duration=0.06833204196300358>
522.8072 	EXP 	Device response: <KeyPress from None: t=522.8059314161073, value=0, duration=None>
522.8115 	DATA 	Keypress: 0
522.8642 	EXP 	Device response: <KeyPress from None: t=522.8059314161073, value=0, duration=0.052169083966873586>
522.9412 	DATA 	Keypress: 0
522.9422 	EXP 	Device response: <KeyPress from None: t=522.9308240410173, value=0, duration=None>
522.9973 	EXP 	Device response: <KeyPress from None: t=522.9308240410173, value=0, duration=0.0604276250815019>
523.4434 	DATA 	Mouse: Left button down, pos=(797,185)
523.4481 	EXP 	New trial (rep=6, index=4): <Trial 76 (4 in rep 6) data={'delay': 0.1, 'freq': 400.0, 'conditions': 'unexp', 'thisN': 76, 'thisTrialN': 4, 'thisRepN': 6}>
523.4563 	EXP 	text: autoDraw = False
523.4563 	EXP 	textbox: autoDraw = False
523.4563 	EXP 	fixation: autoDraw = True
523.5913 	DATA 	Mouse:  Left button up, pos=(797,185)
524.4463 	INFO 	Keyboard events cleared
524.4462 	EXP 	fixation: autoDraw = False
524.4462 	EXP 	polygon: autoDraw = True
525.3090 	EXP 	Device response: <KeyPress from None: t=525.3029612910468, value=space, duration=None>
525.3161 	DATA 	Keypress: space
525.3211 	EXP 	fixation: autoDraw = False
525.3211 	EXP 	polygon: autoDraw = False
525.3758 	EXP 	Device response: <KeyPress from None: t=525.3029612910468, value=space, duration=0.06416937499307096>
525.3952 	EXP 	Sound sound_1 reached end of file
525.4116 	EXP 	Playing sound sound_1 on speaker Nirvana Crystl
525.8462 	EXP 	Sound sound_1 stopped
525.8666 	EXP 	text: autoDraw = True
525.8666 	EXP 	textbox: autoDraw = True
526.5197 	DATA 	Keypress: 2
526.5405 	EXP 	Device response: <KeyPress from None: t=526.5147885830374, value=2, duration=None>
526.6144 	EXP 	Device response: <KeyPress from None: t=526.5147885830374, value=2, duration=0.09222841705195606>
526.8638 	EXP 	Device response: <KeyPress from None: t=526.860754541005, value=0, duration=None>
526.8667 	DATA 	Keypress: 0
526.9308 	EXP 	Device response: <KeyPress from None: t=526.860754541005, value=0, duration=0.06842695910017937>
527.0068 	EXP 	Device response: <KeyPress from None: t=527.0028512499994, value=0, duration=None>
527.0098 	DATA 	Keypress: 0
527.0647 	EXP 	Device response: <KeyPress from None: t=527.0028512499994, value=0, duration=0.060306208091787994>
527.4904 	DATA 	Mouse: Left button down, pos=(797,185)
527.4914 	EXP 	New trial (rep=6, index=5): <Trial 77 (5 in rep 6) data={'delay': 0.7, 'freq': 1000.0, 'conditions': 'exp', 'thisN': 77, 'thisTrialN': 5, 'thisRepN': 6}>
527.4950 	EXP 	text: autoDraw = False
527.4950 	EXP 	textbox: autoDraw = False
527.4950 	EXP 	fixation: autoDraw = True
527.6245 	DATA 	Mouse:  Left button up, pos=(797,185)
528.4809 	INFO 	Keyboard events cleared
528.4807 	EXP 	polygon: autoDraw = True
528.4910 	EXP 	fixation: autoDraw = False
529.5752 	EXP 	Device response: <KeyPress from None: t=529.5666887500556, value=space, duration=None>
529.5824 	DATA 	Keypress: space
529.5873 	EXP 	fixation: autoDraw = False
529.5873 	EXP 	polygon: autoDraw = False
529.6253 	EXP 	Device response: <KeyPress from None: t=529.5666887500556, value=space, duration=0.05639504105783999>
530.2631 	EXP 	Sound sound_1 reached end of file
530.2795 	EXP 	Playing sound sound_1 on speaker Nirvana Crystl
530.7142 	EXP 	Sound sound_1 stopped
530.7341 	EXP 	text: autoDraw = True
530.7341 	EXP 	textbox: autoDraw = True
531.9734 	EXP 	Device response: <KeyPress from None: t=531.9697404580656, value=7, duration=None>
531.9772 	DATA 	Keypress: 7
532.0646 	EXP 	Device response: <KeyPress from None: t=531.9697404580656, value=7, duration=0.08829562494065613>
532.2141 	EXP 	Device response: <KeyPress from None: t=532.2136385000776, value=0, duration=None>
532.2188 	DATA 	Keypress: 0
532.2907 	EXP 	Device response: <KeyPress from None: t=532.2136385000776, value=0, duration=0.06840274995192885>
532.3574 	DATA 	Keypress: 0
532.3584 	EXP 	Device response: <KeyPress from None: t=532.3476311250124, value=0, duration=None>
532.4236 	EXP 	Device response: <KeyPress from None: t=532.3476311250124, value=0, duration=0.07226512499619275>
532.8338 	DATA 	Mouse: Left button down, pos=(796,181)
532.8399 	EXP 	New trial (rep=6, index=6): <Trial 78 (6 in rep 6) data={'delay': 0.4, 'freq': 1000.0, 'conditions': 'exp', 'thisN': 78, 'thisTrialN': 6, 'thisRepN': 6}>
532.8430 	EXP 	text: autoDraw = False
532.8430 	EXP 	textbox: autoDraw = False
532.8430 	EXP 	fixation: autoDraw = True
532.9074 	DATA 	Mouse:  Left button up, pos=(796,181)
533.8309 	INFO 	Keyboard events cleared
533.8308 	EXP 	polygon: autoDraw = True
533.8408 	EXP 	fixation: autoDraw = False
534.7588 	EXP 	Device response: <KeyPress from None: t=534.7485010410892, value=space, duration=None>
534.7662 	DATA 	Keypress: space
534.7712 	EXP 	fixation: autoDraw = False
534.7712 	EXP 	polygon: autoDraw = False
534.8257 	EXP 	Device response: <KeyPress from None: t=534.7485010410892, value=space, duration=0.07554799993522465>
535.1465 	EXP 	Sound sound_1 reached end of file
535.1629 	EXP 	Playing sound sound_1 on speaker Nirvana Crystl
535.5972 	EXP 	Sound sound_1 stopped
535.6172 	EXP 	text: autoDraw = True
535.6172 	EXP 	textbox: autoDraw = True
536.1736 	EXP 	Device response: <KeyPress from None: t=536.1706982500618, value=3, duration=None>
536.1774 	DATA 	Keypress: 3
536.2404 	EXP 	Device response: <KeyPress from None: t=536.1706982500618, value=3, duration=0.06825500004924834>
536.5144 	DATA 	Keypress: 0
536.5155 	EXP 	Device response: <KeyPress from None: t=536.5074710410554, value=0, duration=None>
536.5807 	EXP 	Device response: <KeyPress from None: t=536.5074710410554, value=0, duration=0.07239437499083579>
536.6572 	EXP 	Device response: <KeyPress from None: t=536.6545459580375, value=0, duration=None>
536.6601 	DATA 	Keypress: 0
536.7077 	EXP 	Device response: <KeyPress from None: t=536.6545459580375, value=0, duration=0.044427833054214716>
537.0806 	DATA 	Mouse: Left button down, pos=(796,181)
537.0815 	EXP 	New trial (rep=6, index=7): <Trial 79 (7 in rep 6) data={'delay': 0.7, 'freq': 1000.0, 'conditions': 'exp', 'thisN': 79, 'thisTrialN': 7, 'thisRepN': 6}>
537.0898 	EXP 	text: autoDraw = False
537.0898 	EXP 	textbox: autoDraw = False
537.0898 	EXP 	fixation: autoDraw = True
537.1576 	DATA 	Mouse:  Left button up, pos=(796,181)
538.0806 	INFO 	Keyboard events cleared
538.0804 	EXP 	fixation: autoDraw = False
538.0804 	EXP 	polygon: autoDraw = True
538.7919 	EXP 	Device response: <KeyPress from None: t=538.7885592500679, value=space, duration=None>
538.7991 	DATA 	Keypress: space
538.8040 	EXP 	fixation: autoDraw = False
538.8040 	EXP 	polygon: autoDraw = False
538.8590 	EXP 	Device response: <KeyPress from None: t=538.7885592500679, value=space, duration=0.06020929093938321>
539.4798 	EXP 	Sound sound_1 reached end of file
539.4962 	EXP 	Playing sound sound_1 on speaker Nirvana Crystl
539.9300 	EXP 	Sound sound_1 stopped
539.9504 	EXP 	text: autoDraw = True
539.9504 	EXP 	textbox: autoDraw = True
540.9704 	DATA 	Keypress: 6
540.9757 	EXP 	Device response: <KeyPress from None: t=540.9654004580807, value=6, duration=None>
541.0476 	EXP 	Device response: <KeyPress from None: t=540.9654004580807, value=6, duration=0.07675516698509455>
541.2479 	DATA 	Keypress: 0
541.2489 	EXP 	Device response: <KeyPress from None: t=541.2415157910436, value=0, duration=None>
541.3070 	EXP 	Device response: <KeyPress from None: t=541.2415157910436, value=0, duration=0.06433479196857661>
541.3412 	DATA 	Keypress: 0
541.3422 	EXP 	Device response: <KeyPress from None: t=541.3314659580356, value=0, duration=None>
541.4141 	EXP 	Device response: <KeyPress from None: t=541.3314659580356, value=0, duration=0.08037833299022168>
542.1565 	DATA 	Mouse: Left button down, pos=(796,181)
542.1575 	EXP 	New trial (rep=6, index=8): <Trial 80 (8 in rep 6) data={'delay': 0.7, 'freq': 1000.0, 'conditions': 'exp', 'thisN': 80, 'thisTrialN': 8, 'thisRepN': 6}>
542.1607 	EXP 	text: autoDraw = False
542.1607 	EXP 	textbox: autoDraw = False
542.1607 	EXP 	fixation: autoDraw = True
542.2409 	DATA 	Mouse:  Left button up, pos=(796,181)
543.1468 	INFO 	Keyboard events cleared
543.1466 	EXP 	polygon: autoDraw = True
543.1576 	EXP 	fixation: autoDraw = False
546.8978 	EXP 	Device response: <KeyPress from None: t=546.8911557079991, value=space, duration=None>
546.9055 	DATA 	Keypress: space
546.9100 	EXP 	fixation: autoDraw = False
546.9100 	EXP 	polygon: autoDraw = False
546.9415 	EXP 	Device response: <KeyPress from None: t=546.8911557079991, value=space, duration=0.04594987502787262>
547.5909 	EXP 	Sound sound_1 reached end of file
547.6073 	EXP 	Playing sound sound_1 on speaker Nirvana Crystl
548.0419 	EXP 	Sound sound_1 stopped
548.0625 	EXP 	text: autoDraw = True
548.0625 	EXP 	textbox: autoDraw = True
549.0153 	DATA 	Keypress: 5
549.0165 	EXP 	Device response: <KeyPress from None: t=549.0098455410916, value=5, duration=None>
549.0969 	EXP 	Device response: <KeyPress from None: t=549.0098455410916, value=5, duration=0.08413854194805026>
549.3645 	DATA 	Keypress: 0
549.3655 	EXP 	Device response: <KeyPress from None: t=549.3587113330141, value=0, duration=None>
549.4303 	EXP 	Device response: <KeyPress from None: t=549.3587113330141, value=0, duration=0.06862091703806072>
549.4901 	EXP 	Device response: <KeyPress from None: t=549.4887839580188, value=0, duration=None>
549.4946 	DATA 	Keypress: 0
549.5639 	EXP 	Device response: <KeyPress from None: t=549.4887839580188, value=0, duration=0.07222283305600286>
549.9471 	DATA 	Mouse: Left button down, pos=(796,181)
550.0438 	DATA 	Mouse:  Left button up, pos=(796,181)
550.8265 	DATA 	Mouse: Left button down, pos=(796,181)
550.8312 	EXP 	New trial (rep=6, index=9): <Trial 81 (9 in rep 6) data={'delay': 0.1, 'freq': 1000.0, 'conditions': 'exp', 'thisN': 81, 'thisTrialN': 9, 'thisRepN': 6}>
550.8393 	EXP 	text: autoDraw = False
550.8393 	EXP 	textbox: autoDraw = False
550.8393 	EXP 	fixation: autoDraw = True
550.9745 	DATA 	Mouse:  Left button up, pos=(796,181)
551.8295 	INFO 	Keyboard events cleared
551.8292 	EXP 	fixation: autoDraw = False
551.8292 	EXP 	polygon: autoDraw = True
552.8757 	EXP 	Device response: <KeyPress from None: t=552.8735706660664, value=space, duration=None>
552.8844 	DATA 	Keypress: space
552.8897 	EXP 	fixation: autoDraw = False
552.8897 	EXP 	polygon: autoDraw = False
552.9292 	EXP 	Device response: <KeyPress from None: t=552.8735706660664, value=space, duration=0.05242437496781349>
552.9625 	EXP 	Sound sound_1 reached end of file
552.9788 	EXP 	Playing sound sound_1 on speaker Nirvana Crystl
553.4135 	EXP 	Sound sound_1 stopped
553.4335 	EXP 	text: autoDraw = True
553.4335 	EXP 	textbox: autoDraw = True
554.5476 	EXP 	Device response: <KeyPress from None: t=554.5457460411126, value=1, duration=None>
554.5521 	DATA 	Keypress: 1
554.6306 	EXP 	Device response: <KeyPress from None: t=554.5457460411126, value=1, duration=0.08421420899685472>
554.8302 	EXP 	Device response: <KeyPress from None: t=554.8295352080604, value=0, duration=None>
554.8345 	DATA 	Keypress: 0
554.8899 	EXP 	Device response: <KeyPress from None: t=554.8295352080604, value=0, duration=0.056422166991978884>
554.9566 	EXP 	Device response: <KeyPress from None: t=554.9526695410023, value=0, duration=None>
554.9594 	DATA 	Keypress: 0
555.0304 	EXP 	Device response: <KeyPress from None: t=554.9526695410023, value=0, duration=0.07627016701735556>
555.4231 	DATA 	Mouse: Left button down, pos=(796,181)
555.4240 	EXP 	New trial (rep=6, index=10): <Trial 82 (10 in rep 6) data={'delay': 0.7, 'freq': 400.0, 'conditions': 'unexp', 'thisN': 82, 'thisTrialN': 10, 'thisRepN': 6}>
555.4271 	EXP 	text: autoDraw = False
555.4271 	EXP 	textbox: autoDraw = False
555.4271 	EXP 	fixation: autoDraw = True
555.5072 	DATA 	Mouse:  Left button up, pos=(796,181)
556.4140 	INFO 	Keyboard events cleared
556.4139 	EXP 	polygon: autoDraw = True
556.4239 	EXP 	fixation: autoDraw = False
557.1251 	EXP 	Device response: <KeyPress from None: t=557.1195742500713, value=space, duration=None>
557.1325 	DATA 	Keypress: space
557.1375 	EXP 	fixation: autoDraw = False
557.1375 	EXP 	polygon: autoDraw = False
557.1914 	EXP 	Device response: <KeyPress from None: t=557.1195742500713, value=space, duration=0.06441329093649983>
557.8131 	EXP 	Sound sound_1 reached end of file
557.8294 	EXP 	Playing sound sound_1 on speaker Nirvana Crystl
558.2640 	EXP 	Sound sound_1 stopped
558.2841 	EXP 	text: autoDraw = True
558.2841 	EXP 	textbox: autoDraw = True
560.7077 	DATA 	Keypress: 4
560.7089 	EXP 	Device response: <KeyPress from None: t=560.7005633331137, value=4, duration=None>
560.8068 	EXP 	Device response: <KeyPress from None: t=560.7005633331137, value=4, duration=0.09609845792874694>
560.8976 	DATA 	Keypress: 0
560.8985 	EXP 	Device response: <KeyPress from None: t=560.8925087500829, value=0, duration=None>
560.9467 	EXP 	Device response: <KeyPress from None: t=560.8925087500829, value=0, duration=0.05236237496137619>
561.0136 	EXP 	Device response: <KeyPress from None: t=561.0125085411128, value=0, duration=None>
561.0179 	DATA 	Keypress: 0
561.0736 	EXP 	Device response: <KeyPress from None: t=561.0125085411128, value=0, duration=0.06025208393111825>
561.5231 	DATA 	Mouse: Left button down, pos=(796,181)
561.5240 	EXP 	New trial (rep=6, index=11): <Trial 83 (11 in rep 6) data={'delay': 0.4, 'freq': 400.0, 'conditions': 'unexp', 'thisN': 83, 'thisTrialN': 11, 'thisRepN': 6}>
561.5273 	EXP 	text: autoDraw = False
561.5273 	EXP 	textbox: autoDraw = False
561.5273 	EXP 	fixation: autoDraw = True
561.6437 	DATA 	Mouse:  Left button up, pos=(796,181)
562.5141 	INFO 	Keyboard events cleared
562.5140 	EXP 	polygon: autoDraw = True
562.5239 	EXP 	fixation: autoDraw = False
563.7922 	EXP 	Device response: <KeyPress from None: t=563.7874412910314, value=space, duration=None>
563.7996 	DATA 	Keypress: space
563.8049 	EXP 	fixation: autoDraw = False
563.8049 	EXP 	polygon: autoDraw = False
563.8469 	EXP 	Device response: <KeyPress from None: t=563.7874412910314, value=space, duration=0.05622949998360127>
564.1794 	EXP 	Sound sound_1 reached end of file
564.1958 	EXP 	Playing sound sound_1 on speaker Nirvana Crystl
564.6303 	EXP 	Sound sound_1 stopped
564.6497 	EXP 	text: autoDraw = True
564.6497 	EXP 	textbox: autoDraw = True
566.2147 	EXP 	Device response: <KeyPress from None: t=566.2133990000002, value=3, duration=None>
566.2188 	DATA 	Keypress: 3
566.3234 	EXP 	Device response: <KeyPress from None: t=566.2133990000002, value=3, duration=0.10823295800946653>
566.6406 	DATA 	Keypress: 0
566.6416 	EXP 	Device response: <KeyPress from None: t=566.6333734580548, value=0, duration=None>
566.6804 	EXP 	Device response: <KeyPress from None: t=566.6333734580548, value=0, duration=0.044251500046812>
566.7738 	DATA 	Keypress: 0
566.7747 	EXP 	Device response: <KeyPress from None: t=566.7653580410406, value=0, duration=None>
566.8308 	EXP 	Device response: <KeyPress from None: t=566.7653580410406, value=0, duration=0.060336041962727904>
567.3567 	DATA 	Mouse: Left button down, pos=(796,181)
567.3576 	EXP 	New trial (rep=7, index=0): <Trial 84 (0 in rep 7) data={'delay': 0.4, 'freq': 400.0, 'conditions': 'unexp', 'thisN': 84, 'thisTrialN': 0, 'thisRepN': 7}>
567.3612 	EXP 	text: autoDraw = False
567.3612 	EXP 	textbox: autoDraw = False
567.3612 	EXP 	fixation: autoDraw = True
567.5256 	DATA 	Mouse:  Left button up, pos=(796,181)
568.3473 	INFO 	Keyboard events cleared
568.3471 	EXP 	polygon: autoDraw = True
568.3573 	EXP 	fixation: autoDraw = False
570.1303 	EXP 	Device response: <KeyPress from None: t=570.1271663330263, value=space, duration=None>
570.1369 	DATA 	Keypress: space
570.1425 	EXP 	fixation: autoDraw = False
570.1425 	EXP 	polygon: autoDraw = False
570.1748 	EXP 	Device response: <KeyPress from None: t=570.1271663330263, value=space, duration=0.03724708303343505>
570.5131 	EXP 	Sound sound_1 reached end of file
570.5296 	EXP 	Playing sound sound_1 on speaker Nirvana Crystl
570.9641 	EXP 	Sound sound_1 stopped
570.9852 	EXP 	text: autoDraw = True
570.9852 	EXP 	textbox: autoDraw = True
572.4988 	DATA 	Keypress: 3
572.5000 	EXP 	Device response: <KeyPress from None: t=572.4912367080105, value=3, duration=None>
572.5906 	EXP 	Device response: <KeyPress from None: t=572.4912367080105, value=3, duration=0.09233524999581277>
572.9143 	DATA 	Keypress: 0
572.9153 	EXP 	Device response: <KeyPress from None: t=572.9080841250252, value=0, duration=None>
572.9736 	EXP 	Device response: <KeyPress from None: t=572.9080841250252, value=0, duration=0.056428999989293516>
573.0468 	EXP 	Device response: <KeyPress from None: t=573.0452610830544, value=0, duration=None>
573.0495 	DATA 	Keypress: 0
573.1071 	EXP 	Device response: <KeyPress from None: t=573.0452610830544, value=0, duration=0.05629979202058166>
573.6982 	DATA 	Mouse: Left button down, pos=(796,181)
573.7062 	EXP 	New trial (rep=7, index=1): <Trial 85 (1 in rep 7) data={'delay': 0.7, 'freq': 400.0, 'conditions': 'unexp', 'thisN': 85, 'thisTrialN': 1, 'thisRepN': 7}>
573.7094 	EXP 	text: autoDraw = False
573.7094 	EXP 	textbox: autoDraw = False
573.7094 	EXP 	fixation: autoDraw = True
573.8241 	DATA 	Mouse:  Left button up, pos=(796,181)
574.6972 	INFO 	Keyboard events cleared
574.6971 	EXP 	polygon: autoDraw = True
574.7073 	EXP 	fixation: autoDraw = False
575.7415 	EXP 	Device response: <KeyPress from None: t=575.7381734580267, value=space, duration=None>
575.7488 	DATA 	Keypress: space
575.7537 	EXP 	fixation: autoDraw = False
575.7537 	EXP 	polygon: autoDraw = False
575.7951 	EXP 	Device response: <KeyPress from None: t=575.7381734580267, value=space, duration=0.0522753749974072>
576.4298 	EXP 	Sound sound_1 reached end of file
576.4462 	EXP 	Playing sound sound_1 on speaker Nirvana Crystl
576.8805 	EXP 	Sound sound_1 stopped
576.9002 	EXP 	text: autoDraw = True
576.9002 	EXP 	textbox: autoDraw = True
577.8404 	DATA 	Keypress: 5
577.8416 	EXP 	Device response: <KeyPress from None: t=577.8319807080552, value=5, duration=None>
577.9299 	EXP 	Device response: <KeyPress from None: t=577.8319807080552, value=5, duration=0.09645787498448044>
578.1147 	DATA 	Keypress: 0
578.1158 	EXP 	Device response: <KeyPress from None: t=578.1079737500986, value=0, duration=None>
578.1730 	EXP 	Device response: <KeyPress from None: t=578.1079737500986, value=0, duration=0.06045858294237405>
578.2396 	EXP 	Device response: <KeyPress from None: t=578.2340731250588, value=0, duration=None>
578.2425 	DATA 	Keypress: 0
578.3073 	EXP 	Device response: <KeyPress from None: t=578.2340731250588, value=0, duration=0.06836116604972631>
578.6816 	DATA 	Mouse: Left button down, pos=(796,181)
578.6895 	EXP 	New trial (rep=7, index=2): <Trial 86 (2 in rep 7) data={'delay': 0.7, 'freq': 1000.0, 'conditions': 'exp', 'thisN': 86, 'thisTrialN': 2, 'thisRepN': 7}>
578.6926 	EXP 	text: autoDraw = False
578.6926 	EXP 	textbox: autoDraw = False
578.6926 	EXP 	fixation: autoDraw = True
578.8242 	DATA 	Mouse:  Left button up, pos=(796,181)
579.6799 	INFO 	Keyboard events cleared
579.6798 	EXP 	polygon: autoDraw = True
579.6903 	EXP 	fixation: autoDraw = False
580.5422 	EXP 	Device response: <KeyPress from None: t=580.5340536250733, value=space, duration=None>
580.5494 	DATA 	Keypress: space
580.5543 	EXP 	fixation: autoDraw = False
580.5543 	EXP 	polygon: autoDraw = False
580.5957 	EXP 	Device response: <KeyPress from None: t=580.5340536250733, value=space, duration=0.06029604095965624>
581.2283 	EXP 	Sound sound_1 reached end of file
581.2448 	EXP 	Playing sound sound_1 on speaker Nirvana Crystl
581.6792 	EXP 	Sound sound_1 stopped
581.6991 	EXP 	text: autoDraw = True
581.6991 	EXP 	textbox: autoDraw = True
582.8901 	EXP 	Device response: <KeyPress from None: t=582.8868971250486, value=7, duration=None>
582.8939 	DATA 	Keypress: 7
582.9808 	EXP 	Device response: <KeyPress from None: t=582.8868971250486, value=7, duration=0.08855229103937745>
583.2078 	DATA 	Keypress: 0
583.2088 	EXP 	Device response: <KeyPress from None: t=583.1968280830188, value=0, duration=None>
583.2897 	EXP 	Device response: <KeyPress from None: t=583.1968280830188, value=0, duration=0.09240299998782575>
583.3809 	DATA 	Keypress: 0
583.3819 	EXP 	Device response: <KeyPress from None: t=583.3760302080773, value=0, duration=None>
583.4306 	EXP 	Device response: <KeyPress from None: t=583.3760302080773, value=0, duration=0.048272249987348914>
583.8065 	DATA 	Mouse: Left button down, pos=(796,181)
583.8074 	EXP 	New trial (rep=7, index=3): <Trial 87 (3 in rep 7) data={'delay': 0.1, 'freq': 1000.0, 'conditions': 'exp', 'thisN': 87, 'thisTrialN': 3, 'thisRepN': 7}>
583.8106 	EXP 	text: autoDraw = False
583.8106 	EXP 	textbox: autoDraw = False
583.8106 	EXP 	fixation: autoDraw = True
583.9239 	DATA 	Mouse:  Left button up, pos=(796,181)
584.7970 	INFO 	Keyboard events cleared
584.7968 	EXP 	polygon: autoDraw = True
584.8071 	EXP 	fixation: autoDraw = False
586.3254 	EXP 	Device response: <KeyPress from None: t=586.3168033330003, value=space, duration=None>
586.3329 	DATA 	Keypress: space
586.3379 	EXP 	fixation: autoDraw = False
586.3379 	EXP 	polygon: autoDraw = False
586.3579 	EXP 	Device response: <KeyPress from None: t=586.3168033330003, value=space, duration=0.04026070807594806>
586.4128 	EXP 	Sound sound_1 reached end of file
586.4292 	EXP 	Playing sound sound_1 on speaker Nirvana Crystl
586.8629 	EXP 	Sound sound_1 stopped
586.8823 	EXP 	text: autoDraw = True
586.8823 	EXP 	textbox: autoDraw = True
588.0027 	DATA 	Keypress: 1
588.0070 	EXP 	Device response: <KeyPress from None: t=587.9977785410592, value=1, duration=None>
588.1235 	EXP 	Device response: <KeyPress from None: t=587.9977785410592, value=1, duration=0.1162399590248242>
588.4632 	EXP 	Device response: <KeyPress from None: t=588.4608647910645, value=0, duration=None>
588.4661 	DATA 	Keypress: 0
588.5306 	EXP 	Device response: <KeyPress from None: t=588.4608647910645, value=0, duration=0.0643186669331044>
588.5963 	EXP 	Device response: <KeyPress from None: t=588.5937443330185, value=0, duration=None>
588.5992 	DATA 	Keypress: 0
588.6730 	EXP 	Device response: <KeyPress from None: t=588.5937443330185, value=0, duration=0.0764317080611363>
589.1164 	DATA 	Mouse: Left button down, pos=(796,181)
589.1229 	EXP 	New trial (rep=7, index=4): <Trial 88 (4 in rep 7) data={'delay': 0.4, 'freq': 1000.0, 'conditions': 'exp', 'thisN': 88, 'thisTrialN': 4, 'thisRepN': 7}>
589.1260 	EXP 	text: autoDraw = False
589.1260 	EXP 	textbox: autoDraw = False
589.1260 	EXP 	fixation: autoDraw = True
589.2238 	DATA 	Mouse:  Left button up, pos=(796,181)
590.1139 	INFO 	Keyboard events cleared
590.1137 	EXP 	polygon: autoDraw = True
590.1235 	EXP 	fixation: autoDraw = False
591.5421 	EXP 	Device response: <KeyPress from None: t=591.5347796661081, value=space, duration=None>
591.5503 	DATA 	Keypress: space
591.5555 	EXP 	fixation: autoDraw = False
591.5555 	EXP 	polygon: autoDraw = False
591.6085 	EXP 	Device response: <KeyPress from None: t=591.5347796661081, value=space, duration=0.06868887494783849>
591.9282 	EXP 	Sound sound_1 reached end of file
591.9446 	EXP 	Playing sound sound_1 on speaker Nirvana Crystl
592.3792 	EXP 	Sound sound_1 stopped
592.3985 	EXP 	text: autoDraw = True
592.3985 	EXP 	textbox: autoDraw = True
595.1470 	DATA 	Keypress: 2
595.1526 	EXP 	Device response: <KeyPress from None: t=595.1416470000986, value=2, duration=None>
595.2396 	EXP 	Device response: <KeyPress from None: t=595.1416470000986, value=2, duration=0.09627916594035923>
595.5132 	EXP 	Device response: <KeyPress from None: t=595.5117036660668, value=0, duration=None>
595.5161 	DATA 	Keypress: 0
595.5640 	EXP 	Device response: <KeyPress from None: t=595.5117036660668, value=0, duration=0.04815191694069654>
595.6471 	DATA 	Keypress: 0
595.6481 	EXP 	Device response: <KeyPress from None: t=595.6416757500265, value=0, duration=None>
595.7069 	EXP 	Device response: <KeyPress from None: t=595.6416757500265, value=0, duration=0.05629529105499387>
596.1061 	DATA 	Mouse: Left button down, pos=(796,181)
596.1071 	EXP 	New trial (rep=7, index=5): <Trial 89 (5 in rep 7) data={'delay': 0.4, 'freq': 1000.0, 'conditions': 'exp', 'thisN': 89, 'thisTrialN': 5, 'thisRepN': 7}>
596.1102 	EXP 	text: autoDraw = False
596.1102 	EXP 	textbox: autoDraw = False
596.1102 	EXP 	fixation: autoDraw = True
596.2238 	DATA 	Mouse:  Left button up, pos=(796,181)
597.0972 	INFO 	Keyboard events cleared
597.0970 	EXP 	polygon: autoDraw = True
597.1072 	EXP 	fixation: autoDraw = False
599.0637 	EXP 	Device response: <KeyPress from None: t=599.0606116250856, value=space, duration=None>
599.0720 	DATA 	Keypress: space
599.0768 	EXP 	fixation: autoDraw = False
599.0768 	EXP 	polygon: autoDraw = False
599.1250 	EXP 	Device response: <KeyPress from None: t=599.0606116250856, value=space, duration=0.05228770792018622>
599.4574 	EXP 	Sound sound_1 reached end of file
599.4737 	EXP 	Playing sound sound_1 on speaker Nirvana Crystl
599.9078 	EXP 	Sound sound_1 stopped
599.9286 	EXP 	text: autoDraw = True
599.9286 	EXP 	textbox: autoDraw = True
600.6286 	DATA 	Keypress: 3
600.6329 	EXP 	Device response: <KeyPress from None: t=600.623568625073, value=3, duration=None>
600.7143 	EXP 	Device response: <KeyPress from None: t=600.623568625073, value=3, duration=0.08420383301563561>
601.2231 	EXP 	Device response: <KeyPress from None: t=601.218554000021, value=0, duration=None>
601.2264 	DATA 	Keypress: 0
601.2745 	EXP 	Device response: <KeyPress from None: t=601.218554000021, value=0, duration=0.04824770800769329>
601.3507 	DATA 	Keypress: 0
601.3560 	EXP 	Device response: <KeyPress from None: t=601.3463974160841, value=0, duration=None>
601.4138 	EXP 	Device response: <KeyPress from None: t=601.3463974160841, value=0, duration=0.0603809169260785>
601.8396 	DATA 	Mouse: Left button down, pos=(796,181)
601.8405 	EXP 	New trial (rep=7, index=6): <Trial 90 (6 in rep 7) data={'delay': 0.1, 'freq': 400.0, 'conditions': 'unexp', 'thisN': 90, 'thisTrialN': 6, 'thisRepN': 7}>
601.8439 	EXP 	text: autoDraw = False
601.8439 	EXP 	textbox: autoDraw = False
601.8439 	EXP 	fixation: autoDraw = True
601.9403 	DATA 	Mouse:  Left button up, pos=(796,181)
602.8303 	INFO 	Keyboard events cleared
602.8302 	EXP 	polygon: autoDraw = True
602.8403 	EXP 	fixation: autoDraw = False
603.7922 	EXP 	Device response: <KeyPress from None: t=603.7904854160734, value=space, duration=None>
603.8016 	DATA 	Keypress: space
603.8070 	EXP 	fixation: autoDraw = False
603.8070 	EXP 	polygon: autoDraw = False
603.8250 	EXP 	Device response: <KeyPress from None: t=603.7904854160734, value=space, duration=0.032369958935305476>
603.8784 	EXP 	Sound sound_1 reached end of file
603.8948 	EXP 	Playing sound sound_1 on speaker Nirvana Crystl
604.3294 	EXP 	Sound sound_1 stopped
604.3504 	EXP 	text: autoDraw = True
604.3504 	EXP 	textbox: autoDraw = True
606.6736 	DATA 	Keypress: 3
606.6748 	EXP 	Device response: <KeyPress from None: t=606.6662966250442, value=3, duration=None>
606.7569 	EXP 	Device response: <KeyPress from None: t=606.6662966250442, value=3, duration=0.08447020803578198>
607.1730 	EXP 	Device response: <KeyPress from None: t=607.1723727080971, value=0, duration=None>
607.1779 	DATA 	Keypress: 0
607.2230 	EXP 	Device response: <KeyPress from None: t=607.1723727080971, value=0, duration=0.048351041972637177>
607.2941 	DATA 	Keypress: 0
607.2982 	EXP 	Device response: <KeyPress from None: t=607.289395458065, value=0, duration=None>
607.3565 	EXP 	Device response: <KeyPress from None: t=607.289395458065, value=0, duration=0.06032262498047203>
607.7393 	DATA 	Mouse: Left button down, pos=(796,181)
607.7402 	EXP 	New trial (rep=7, index=7): <Trial 91 (7 in rep 7) data={'delay': 0.7, 'freq': 1000.0, 'conditions': 'exp', 'thisN': 91, 'thisTrialN': 7, 'thisRepN': 7}>
607.7435 	EXP 	text: autoDraw = False
607.7435 	EXP 	textbox: autoDraw = False
607.7435 	EXP 	fixation: autoDraw = True
607.8569 	DATA 	Mouse:  Left button up, pos=(796,181)
608.7297 	INFO 	Keyboard events cleared
608.7295 	EXP 	polygon: autoDraw = True
608.7387 	EXP 	fixation: autoDraw = False
609.5583 	EXP 	Device response: <KeyPress from None: t=609.5484076660359, value=space, duration=None>
609.5676 	DATA 	Keypress: space
609.5730 	EXP 	fixation: autoDraw = False
609.5730 	EXP 	polygon: autoDraw = False
609.6079 	EXP 	Device response: <KeyPress from None: t=609.5484076660359, value=space, duration=0.0481595000019297>
610.2460 	EXP 	Sound sound_1 reached end of file
610.2624 	EXP 	Playing sound sound_1 on speaker Nirvana Crystl
610.6971 	EXP 	Sound sound_1 stopped
610.7178 	EXP 	text: autoDraw = True
610.7178 	EXP 	textbox: autoDraw = True
611.5060 	EXP 	Device response: <KeyPress from None: t=611.5003049160587, value=7, duration=None>
611.5104 	DATA 	Keypress: 7
611.5801 	EXP 	Device response: <KeyPress from None: t=611.5003049160587, value=7, duration=0.07622370903845876>
611.8110 	DATA 	Keypress: 0
611.8153 	EXP 	Device response: <KeyPress from None: t=611.8061710410984, value=0, duration=None>
611.8902 	EXP 	Device response: <KeyPress from None: t=611.8061710410984, value=0, duration=0.07631649996619672>
611.9570 	DATA 	Keypress: 0
611.9580 	EXP 	Device response: <KeyPress from None: t=611.9471835830482, value=0, duration=None>
612.0237 	EXP 	Device response: <KeyPress from None: t=611.9471835830482, value=0, duration=0.06839220796246082>
612.4101 	DATA 	Mouse: Left button down, pos=(796,181)
612.4143 	EXP 	New trial (rep=7, index=8): <Trial 92 (8 in rep 7) data={'delay': 0.7, 'freq': 1000.0, 'conditions': 'exp', 'thisN': 92, 'thisTrialN': 8, 'thisRepN': 7}>
612.4220 	EXP 	text: autoDraw = False
612.4220 	EXP 	textbox: autoDraw = False
612.4220 	EXP 	fixation: autoDraw = True
612.4761 	DATA 	Mouse:  Left button up, pos=(796,181)
613.4137 	INFO 	Keyboard events cleared
613.4135 	EXP 	fixation: autoDraw = False
613.4135 	EXP 	polygon: autoDraw = True
613.6958 	EXP 	Device response: <KeyPress from None: t=613.6932521660347, value=space, duration=None>
613.7026 	DATA 	Keypress: space
613.7082 	EXP 	fixation: autoDraw = False
613.7082 	EXP 	polygon: autoDraw = False
613.7570 	EXP 	Device response: <KeyPress from None: t=613.6932521660347, value=space, duration=0.052295083994977176>
614.3903 	EXP 	Sound sound_1 reached end of file
614.4067 	EXP 	Playing sound sound_1 on speaker Nirvana Crystl
614.8415 	EXP 	Sound sound_1 stopped
614.8623 	EXP 	text: autoDraw = True
614.8623 	EXP 	textbox: autoDraw = True
615.2901 	DATA 	Keypress: 8
615.2913 	EXP 	Device response: <KeyPress from None: t=615.2832189580658, value=8, duration=None>
615.3565 	EXP 	Device response: <KeyPress from None: t=615.2832189580658, value=8, duration=0.06834462494589388>
615.4797 	EXP 	Device response: <KeyPress from None: t=615.478247791063, value=0, duration=None>
615.4827 	DATA 	Keypress: 0
615.5897 	EXP 	Device response: <KeyPress from None: t=615.478247791063, value=0, duration=0.10822495899628848>
615.6600 	DATA 	Keypress: 0
615.6646 	EXP 	Device response: <KeyPress from None: t=615.6560997500783, value=0, duration=None>
615.7133 	EXP 	Device response: <KeyPress from None: t=615.6560997500783, value=0, duration=0.05627895798534155>
616.1626 	DATA 	Mouse: Left button down, pos=(796,181)
616.1635 	EXP 	New trial (rep=7, index=9): <Trial 93 (9 in rep 7) data={'delay': 0.1, 'freq': 1000.0, 'conditions': 'exp', 'thisN': 93, 'thisTrialN': 9, 'thisRepN': 7}>
616.1721 	EXP 	text: autoDraw = False
616.1721 	EXP 	textbox: autoDraw = False
616.1721 	EXP 	fixation: autoDraw = True
616.2737 	DATA 	Mouse:  Left button up, pos=(796,181)
617.1569 	INFO 	Keyboard events cleared
617.1567 	EXP 	polygon: autoDraw = True
617.1632 	EXP 	fixation: autoDraw = False
617.5081 	EXP 	Device response: <KeyPress from None: t=617.5054881250253, value=space, duration=None>
617.5157 	DATA 	Keypress: space
617.5209 	EXP 	fixation: autoDraw = False
617.5209 	EXP 	polygon: autoDraw = False
617.5746 	EXP 	Device response: <KeyPress from None: t=617.5054881250253, value=space, duration=0.05597170803230256>
617.5947 	EXP 	Sound sound_1 reached end of file
617.6111 	EXP 	Playing sound sound_1 on speaker Nirvana Crystl
618.0456 	EXP 	Sound sound_1 stopped
618.0650 	EXP 	text: autoDraw = True
618.0650 	EXP 	textbox: autoDraw = True
618.9192 	DATA 	Keypress: 1
618.9235 	EXP 	Device response: <KeyPress from None: t=618.9150834160391, value=1, duration=None>
619.0138 	EXP 	Device response: <KeyPress from None: t=618.9150834160391, value=1, duration=0.0922182920621708>
619.2896 	EXP 	Device response: <KeyPress from None: t=619.2851062910631, value=0, duration=None>
619.2926 	DATA 	Keypress: 0
619.3401 	EXP 	Device response: <KeyPress from None: t=619.2851062910631, value=0, duration=0.04837091697845608>
619.4062 	EXP 	Device response: <KeyPress from None: t=619.4051187080331, value=0, duration=None>
619.4105 	DATA 	Keypress: 0
619.4564 	EXP 	Device response: <KeyPress from None: t=619.4051187080331, value=0, duration=0.044282958027906716>
620.1063 	EXP 	Device response: <KeyPress from None: t=620.1031196661061, value=space, duration=None>
620.1092 	DATA 	Keypress: space
620.1469 	EXP 	Device response: <KeyPress from None: t=620.1031196661061, value=space, duration=0.04019404191058129>
622.7910 	DATA 	Mouse: Left button down, pos=(796,181)
622.7973 	EXP 	New trial (rep=7, index=10): <Trial 94 (10 in rep 7) data={'delay': 0.4, 'freq': 1000.0, 'conditions': 'exp', 'thisN': 94, 'thisTrialN': 10, 'thisRepN': 7}>
622.8055 	EXP 	text: autoDraw = False
622.8055 	EXP 	textbox: autoDraw = False
622.8055 	EXP 	fixation: autoDraw = True
622.8899 	DATA 	Mouse:  Left button up, pos=(796,181)
623.7966 	INFO 	Keyboard events cleared
623.7965 	EXP 	fixation: autoDraw = False
623.7965 	EXP 	polygon: autoDraw = True
624.9918 	EXP 	Device response: <KeyPress from None: t=624.9809380410006, value=space, duration=None>
625.0002 	DATA 	Keypress: space
625.0053 	EXP 	fixation: autoDraw = False
625.0053 	EXP 	polygon: autoDraw = False
625.0407 	EXP 	Device response: <KeyPress from None: t=624.9809380410006, value=space, duration=0.05648833408486098>
625.3772 	EXP 	Sound sound_1 reached end of file
625.3936 	EXP 	Playing sound sound_1 on speaker Nirvana Crystl
625.8281 	EXP 	Sound sound_1 stopped
625.8476 	EXP 	text: autoDraw = True
625.8476 	EXP 	textbox: autoDraw = True
626.2650 	DATA 	Keypress: 4
626.2662 	EXP 	Device response: <KeyPress from None: t=626.2597980831051, value=4, duration=None>
626.3403 	EXP 	Device response: <KeyPress from None: t=626.2597980831051, value=4, duration=0.0724697079276666>
626.6632 	EXP 	Device response: <KeyPress from None: t=626.6608437501127, value=0, duration=None>
626.6662 	DATA 	Keypress: 0
626.7136 	EXP 	Device response: <KeyPress from None: t=626.6608437501127, value=0, duration=0.048303999938070774>
626.7896 	EXP 	Device response: <KeyPress from None: t=626.7867839160608, value=0, duration=None>
626.7926 	DATA 	Keypress: 0
626.8395 	EXP 	Device response: <KeyPress from None: t=626.7867839160608, value=0, duration=0.05233841703739017>
628.5327 	DATA 	Mouse: Left button down, pos=(802,196)
628.5391 	EXP 	New trial (rep=7, index=11): <Trial 95 (11 in rep 7) data={'delay': 0.1, 'freq': 1000.0, 'conditions': 'exp', 'thisN': 95, 'thisTrialN': 11, 'thisRepN': 7}>
628.5422 	EXP 	text: autoDraw = False
628.5422 	EXP 	textbox: autoDraw = False
628.5422 	EXP 	fixation: autoDraw = True
628.6915 	DATA 	Mouse:  Left button up, pos=(802,196)
629.5301 	INFO 	Keyboard events cleared
629.5299 	EXP 	polygon: autoDraw = True
629.5399 	EXP 	fixation: autoDraw = False
629.9408 	EXP 	Device response: <KeyPress from None: t=629.9368488750188, value=space, duration=None>
629.9488 	DATA 	Keypress: space
629.9537 	EXP 	fixation: autoDraw = False
629.9537 	EXP 	polygon: autoDraw = False
629.9958 	EXP 	Device response: <KeyPress from None: t=629.9368488750188, value=space, duration=0.05626162502449006>
630.0292 	EXP 	Sound sound_1 reached end of file
630.0456 	EXP 	Playing sound sound_1 on speaker Nirvana Crystl
630.4792 	EXP 	Sound sound_1 stopped
630.5011 	EXP 	text: autoDraw = True
630.5011 	EXP 	textbox: autoDraw = True
631.2224 	EXP 	Device response: <KeyPress from None: t=631.2188195410417, value=2, duration=None>
631.2268 	DATA 	Keypress: 2
631.3299 	EXP 	Device response: <KeyPress from None: t=631.2188195410417, value=2, duration=0.10926279204431921>
631.5394 	EXP 	Device response: <KeyPress from None: t=631.5338725830661, value=0, duration=None>
631.5424 	DATA 	Keypress: 0
631.5962 	EXP 	Device response: <KeyPress from None: t=631.5338725830661, value=0, duration=0.06021179200615734>
631.6562 	EXP 	Device response: <KeyPress from None: t=631.6536670830101, value=0, duration=None>
631.6591 	DATA 	Keypress: 0
631.7230 	EXP 	Device response: <KeyPress from None: t=631.6536670830101, value=0, duration=0.06036808306816965>
632.2298 	DATA 	Mouse: Left button down, pos=(802,196)
632.2307 	EXP 	New trial (rep=8, index=0): <Trial 96 (0 in rep 8) data={'delay': 0.4, 'freq': 1000.0, 'conditions': 'exp', 'thisN': 96, 'thisTrialN': 0, 'thisRepN': 8}>
632.2388 	EXP 	text: autoDraw = False
632.2388 	EXP 	textbox: autoDraw = False
632.2388 	EXP 	fixation: autoDraw = True
632.3403 	DATA 	Mouse:  Left button up, pos=(802,196)
633.2299 	INFO 	Keyboard events cleared
633.2298 	EXP 	fixation: autoDraw = False
633.2298 	EXP 	polygon: autoDraw = True
633.6581 	EXP 	Device response: <KeyPress from None: t=633.6498058750294, value=space, duration=None>
633.6657 	DATA 	Keypress: space
633.6707 	EXP 	fixation: autoDraw = False
633.6707 	EXP 	polygon: autoDraw = False
633.7248 	EXP 	Device response: <KeyPress from None: t=633.6498058750294, value=space, duration=0.06828266603406519>
634.0456 	EXP 	Sound sound_1 reached end of file
634.0620 	EXP 	Playing sound sound_1 on speaker Nirvana Crystl
634.4966 	EXP 	Sound sound_1 stopped
634.5161 	EXP 	text: autoDraw = True
634.5161 	EXP 	textbox: autoDraw = True
634.9471 	EXP 	Device response: <KeyPress from None: t=634.9466638331069, value=2, duration=None>
634.9509 	DATA 	Keypress: 2
635.0294 	EXP 	Device response: <KeyPress from None: t=634.9466638331069, value=2, duration=0.08033191692084074>
635.4963 	EXP 	Device response: <KeyPress from None: t=635.4947778750211, value=0, duration=None>
635.4993 	DATA 	Keypress: 0
635.5566 	EXP 	Device response: <KeyPress from None: t=635.4947778750211, value=0, duration=0.052154208067804575>
635.6302 	DATA 	Keypress: 0
635.6312 	EXP 	Device response: <KeyPress from None: t=635.6246962500736, value=0, duration=None>
635.6899 	EXP 	Device response: <KeyPress from None: t=635.6246962500736, value=0, duration=0.0563554159598425>
636.1740 	DATA 	Mouse: Left button down, pos=(802,196)
636.1806 	EXP 	New trial (rep=8, index=1): <Trial 97 (1 in rep 8) data={'delay': 0.4, 'freq': 1000.0, 'conditions': 'exp', 'thisN': 97, 'thisTrialN': 1, 'thisRepN': 8}>
636.1891 	EXP 	text: autoDraw = False
636.1891 	EXP 	textbox: autoDraw = False
636.1891 	EXP 	fixation: autoDraw = True
636.3071 	DATA 	Mouse:  Left button up, pos=(802,196)
637.1790 	INFO 	Keyboard events cleared
637.1788 	EXP 	fixation: autoDraw = False
637.1788 	EXP 	polygon: autoDraw = True
637.6411 	EXP 	Device response: <KeyPress from None: t=637.6306018331088, value=space, duration=None>
637.6489 	DATA 	Keypress: space
637.6541 	EXP 	fixation: autoDraw = False
637.6541 	EXP 	polygon: autoDraw = False
637.6910 	EXP 	Device response: <KeyPress from None: t=637.6306018331088, value=space, duration=0.05239729199092835>
638.0290 	EXP 	Sound sound_1 reached end of file
638.0453 	EXP 	Playing sound sound_1 on speaker Nirvana Crystl
638.4792 	EXP 	Sound sound_1 stopped
638.4991 	EXP 	text: autoDraw = True
638.4991 	EXP 	textbox: autoDraw = True
639.3056 	EXP 	Device response: <KeyPress from None: t=639.3035972081125, value=4, duration=None>
639.3098 	DATA 	Keypress: 4
639.3895 	EXP 	Device response: <KeyPress from None: t=639.3035972081125, value=4, duration=0.08036004193127155>
639.5891 	EXP 	Device response: <KeyPress from None: t=639.5836548330262, value=0, duration=None>
639.5919 	DATA 	Keypress: 0
639.6400 	EXP 	Device response: <KeyPress from None: t=639.5836548330262, value=0, duration=0.04829120798967779>
639.7068 	DATA 	Keypress: 0
639.7077 	EXP 	Device response: <KeyPress from None: t=639.7005552910268, value=0, duration=None>
639.7733 	EXP 	Device response: <KeyPress from None: t=639.7005552910268, value=0, duration=0.06443374999798834>
640.1336 	DATA 	Mouse: Left button down, pos=(802,196)
640.1391 	EXP 	New trial (rep=8, index=2): <Trial 98 (2 in rep 8) data={'delay': 0.4, 'freq': 400.0, 'conditions': 'unexp', 'thisN': 98, 'thisTrialN': 2, 'thisRepN': 8}>
640.1423 	EXP 	text: autoDraw = False
640.1423 	EXP 	textbox: autoDraw = False
640.1423 	EXP 	fixation: autoDraw = True
640.2571 	DATA 	Mouse:  Left button up, pos=(802,196)
641.1297 	INFO 	Keyboard events cleared
641.1296 	EXP 	polygon: autoDraw = True
641.1401 	EXP 	fixation: autoDraw = False
642.8078 	EXP 	Device response: <KeyPress from None: t=642.7987169160042, value=space, duration=None>
642.8149 	DATA 	Keypress: space
642.8201 	EXP 	fixation: autoDraw = False
642.8201 	EXP 	polygon: autoDraw = False
642.8247 	EXP 	Device response: <KeyPress from None: t=642.7987169160042, value=space, duration=0.024174834019504488>
643.1955 	EXP 	Sound sound_1 reached end of file
643.2120 	EXP 	Playing sound sound_1 on speaker Nirvana Crystl
643.6465 	EXP 	Sound sound_1 stopped
643.6670 	EXP 	text: autoDraw = True
643.6670 	EXP 	textbox: autoDraw = True
644.6231 	DATA 	Keypress: 3
644.6242 	EXP 	Device response: <KeyPress from None: t=644.6142442080891, value=3, duration=None>
644.7066 	EXP 	Device response: <KeyPress from None: t=644.6142442080891, value=3, duration=0.08749016700312495>
644.9556 	EXP 	Device response: <KeyPress from None: t=644.9514857080067, value=0, duration=None>
644.9584 	DATA 	Keypress: 0
645.0057 	EXP 	Device response: <KeyPress from None: t=644.9514857080067, value=0, duration=0.05226920801214874>
645.0724 	EXP 	Device response: <KeyPress from None: t=645.0680548331002, value=0, duration=None>
645.0752 	DATA 	Keypress: 0
645.1392 	EXP 	Device response: <KeyPress from None: t=645.0680548331002, value=0, duration=0.06776295800227672>
645.5725 	DATA 	Mouse: Left button down, pos=(802,196)
645.5735 	EXP 	New trial (rep=8, index=3): <Trial 99 (3 in rep 8) data={'delay': 0.7, 'freq': 1000.0, 'conditions': 'exp', 'thisN': 99, 'thisTrialN': 3, 'thisRepN': 8}>
645.5768 	EXP 	text: autoDraw = False
645.5768 	EXP 	textbox: autoDraw = False
645.5768 	EXP 	fixation: autoDraw = True
645.6930 	DATA 	Mouse:  Left button up, pos=(802,196)
646.5634 	INFO 	Keyboard events cleared
646.5632 	EXP 	polygon: autoDraw = True
646.5733 	EXP 	fixation: autoDraw = False
646.9966 	EXP 	Device response: <KeyPress from None: t=646.9934646250913, value=space, duration=None>
647.0035 	DATA 	Keypress: space
647.0087 	EXP 	fixation: autoDraw = False
647.0087 	EXP 	polygon: autoDraw = False
647.0408 	EXP 	Device response: <KeyPress from None: t=646.9934646250913, value=space, duration=0.03645254101138562>
647.6904 	EXP 	Sound sound_1 reached end of file
647.7067 	EXP 	Playing sound sound_1 on speaker Nirvana Crystl
648.1402 	EXP 	Sound sound_1 stopped
648.1606 	EXP 	text: autoDraw = True
648.1606 	EXP 	textbox: autoDraw = True
649.2300 	EXP 	Device response: <KeyPress from None: t=649.2273000830319, value=8, duration=None>
649.2342 	DATA 	Keypress: 8
649.3234 	EXP 	Device response: <KeyPress from None: t=649.2273000830319, value=8, duration=0.08839008305221796>
649.4228 	EXP 	Device response: <KeyPress from None: t=649.4214416660834, value=0, duration=None>
649.4271 	DATA 	Keypress: 0
649.5065 	EXP 	Device response: <KeyPress from None: t=649.4214416660834, value=0, duration=0.08028583391569555>
649.5902 	DATA 	Keypress: 0
649.5911 	EXP 	Device response: <KeyPress from None: t=649.5803528750548, value=0, duration=None>
649.6465 	EXP 	Device response: <KeyPress from None: t=649.5803528750548, value=0, duration=0.06037558300886303>
650.0589 	DATA 	Mouse: Left button down, pos=(802,196)
650.0637 	EXP 	New trial (rep=8, index=4): <Trial 100 (4 in rep 8) data={'delay': 0.1, 'freq': 1000.0, 'conditions': 'exp', 'thisN': 100, 'thisTrialN': 4, 'thisRepN': 8}>
650.0720 	EXP 	text: autoDraw = False
650.0720 	EXP 	textbox: autoDraw = False
650.0720 	EXP 	fixation: autoDraw = True
650.1899 	DATA 	Mouse:  Left button up, pos=(802,196)
651.0621 	INFO 	Keyboard events cleared
651.0620 	EXP 	fixation: autoDraw = False
651.0620 	EXP 	polygon: autoDraw = True
652.9746 	EXP 	Device response: <KeyPress from None: t=652.965371041093, value=space, duration=None>
652.9822 	DATA 	Keypress: space
652.9872 	EXP 	fixation: autoDraw = False
652.9872 	EXP 	polygon: autoDraw = False
653.0074 	EXP 	Device response: <KeyPress from None: t=652.965371041093, value=space, duration=0.040244208998046815>
653.0622 	EXP 	Sound sound_1 reached end of file
653.0785 	EXP 	Playing sound sound_1 on speaker Nirvana Crystl
653.5131 	EXP 	Sound sound_1 stopped
653.5329 	EXP 	text: autoDraw = True
653.5329 	EXP 	textbox: autoDraw = True
655.3480 	DATA 	Keypress: 4
655.3560 	EXP 	Device response: <KeyPress from None: t=655.343286166084, value=4, duration=None>
655.4315 	EXP 	Device response: <KeyPress from None: t=655.343286166084, value=4, duration=0.08428633399307728>
655.6967 	EXP 	Device response: <KeyPress from None: t=655.6961609580321, value=0, duration=None>
655.7005 	DATA 	Keypress: 0
655.7632 	EXP 	Device response: <KeyPress from None: t=655.6961609580321, value=0, duration=0.06446050002705306>
655.8398 	DATA 	Keypress: 0
655.8408 	EXP 	Device response: <KeyPress from None: t=655.8301246660994, value=0, duration=None>
655.8960 	EXP 	Device response: <KeyPress from None: t=655.8301246660994, value=0, duration=0.06033924990333617>
656.3127 	DATA 	Mouse: Left button down, pos=(802,196)
656.3136 	EXP 	New trial (rep=8, index=5): <Trial 101 (5 in rep 8) data={'delay': 0.4, 'freq': 1000.0, 'conditions': 'exp', 'thisN': 101, 'thisTrialN': 5, 'thisRepN': 8}>
656.3216 	EXP 	text: autoDraw = False
656.3216 	EXP 	textbox: autoDraw = False
656.3216 	EXP 	fixation: autoDraw = True
656.4263 	DATA 	Mouse:  Left button up, pos=(802,196)
657.3128 	INFO 	Keyboard events cleared
657.3127 	EXP 	fixation: autoDraw = False
657.3127 	EXP 	polygon: autoDraw = True
669.0243 	EXP 	Device response: <KeyPress from None: t=669.0148440831108, value=space, duration=None>
669.0320 	DATA 	Keypress: space
669.0372 	EXP 	fixation: autoDraw = False
669.0372 	EXP 	polygon: autoDraw = False
669.0739 	EXP 	Device response: <KeyPress from None: t=669.0148440831108, value=space, duration=0.057742124889045954>
669.4120 	EXP 	Sound sound_1 reached end of file
669.4284 	EXP 	Playing sound sound_1 on speaker Nirvana Crystl
669.8628 	EXP 	Sound sound_1 stopped
669.8824 	EXP 	text: autoDraw = True
669.8824 	EXP 	textbox: autoDraw = True
670.6970 	EXP 	Device response: <KeyPress from None: t=670.6961712500779, value=2, duration=None>
670.7013 	DATA 	Keypress: 2
670.8059 	EXP 	Device response: <KeyPress from None: t=670.6961712500779, value=2, duration=0.10433479095809162>
671.2143 	DATA 	Keypress: 0
671.2153 	EXP 	Device response: <KeyPress from None: t=671.207073250087, value=0, duration=None>
671.2641 	EXP 	Device response: <KeyPress from None: t=671.207073250087, value=0, duration=0.05635516601614654>
671.3503 	DATA 	Keypress: 0
671.3554 	EXP 	Device response: <KeyPress from None: t=671.3460434160661, value=0, duration=None>
671.4064 	EXP 	Device response: <KeyPress from None: t=671.3460434160661, value=0, duration=0.052413291996344924>
672.6334 	DATA 	Keypress: space
672.6387 	EXP 	Device response: <KeyPress from None: t=672.6290396250552, value=space, duration=None>
672.6629 	EXP 	Device response: <KeyPress from None: t=672.6290396250552, value=space, duration=0.028295082971453667>
674.0897 	DATA 	Mouse: Left button down, pos=(802,196)
674.0906 	EXP 	New trial (rep=8, index=6): <Trial 102 (6 in rep 8) data={'delay': 0.7, 'freq': 1000.0, 'conditions': 'exp', 'thisN': 102, 'thisTrialN': 6, 'thisRepN': 8}>
674.0942 	EXP 	text: autoDraw = False
674.0942 	EXP 	textbox: autoDraw = False
674.0942 	EXP 	fixation: autoDraw = True
674.2393 	DATA 	Mouse:  Left button up, pos=(802,196)
674.8740 	EXP 	Device response: <KeyPress from None: t=674.8710352081107, value=space, duration=None>
674.8800 	DATA 	Keypress: space
674.9303 	EXP 	Device response: <KeyPress from None: t=674.8710352081107, value=space, duration=0.052389707998372614>
675.0797 	INFO 	Keyboard events cleared
675.0795 	EXP 	polygon: autoDraw = True
675.0898 	EXP 	fixation: autoDraw = False
675.4135 	EXP 	Device response: <KeyPress from None: t=675.4080006250879, value=space, duration=None>
675.4204 	DATA 	Keypress: space
675.4255 	EXP 	fixation: autoDraw = False
675.4255 	EXP 	polygon: autoDraw = False
675.4571 	EXP 	Device response: <KeyPress from None: t=675.4080006250879, value=space, duration=0.04431179095990956>
676.1066 	EXP 	Sound sound_1 reached end of file
676.1229 	EXP 	Playing sound sound_1 on speaker Nirvana Crystl
676.5569 	EXP 	Sound sound_1 stopped
676.5765 	EXP 	text: autoDraw = True
676.5765 	EXP 	textbox: autoDraw = True
677.3060 	DATA 	Keypress: 3
677.3071 	EXP 	Device response: <KeyPress from None: t=677.299914916046, value=3, duration=None>
677.3898 	EXP 	Device response: <KeyPress from None: t=677.299914916046, value=3, duration=0.08040066703688353>
677.6299 	DATA 	Keypress: 0
677.6309 	EXP 	Device response: <KeyPress from None: t=677.6229807500495, value=0, duration=None>
677.6966 	EXP 	Device response: <KeyPress from None: t=677.6229807500495, value=0, duration=0.06832983298227191>
677.7628 	EXP 	Device response: <KeyPress from None: t=677.7599064160604, value=0, duration=None>
677.7656 	DATA 	Keypress: 0
677.8299 	EXP 	Device response: <KeyPress from None: t=677.7599064160604, value=0, duration=0.06445995904505253>
678.3886 	DATA 	Mouse: Left button down, pos=(802,196)
678.3895 	EXP 	New trial (rep=8, index=7): <Trial 103 (7 in rep 8) data={'delay': 0.7, 'freq': 1000.0, 'conditions': 'exp', 'thisN': 103, 'thisTrialN': 7, 'thisRepN': 8}>
678.3928 	EXP 	text: autoDraw = False
678.3928 	EXP 	textbox: autoDraw = False
678.3928 	EXP 	fixation: autoDraw = True
678.5231 	DATA 	Mouse:  Left button up, pos=(802,196)
679.3795 	INFO 	Keyboard events cleared
679.3794 	EXP 	polygon: autoDraw = True
679.3895 	EXP 	fixation: autoDraw = False
681.9245 	EXP 	Device response: <KeyPress from None: t=681.9180483750533, value=space, duration=None>
681.9335 	DATA 	Keypress: space
681.9388 	EXP 	fixation: autoDraw = False
681.9388 	EXP 	polygon: autoDraw = False
681.9738 	EXP 	Device response: <KeyPress from None: t=681.9180483750533, value=space, duration=0.05226662498898804>
682.6123 	EXP 	Sound sound_1 reached end of file
682.6287 	EXP 	Playing sound sound_1 on speaker Nirvana Crystl
683.0628 	EXP 	Sound sound_1 stopped
683.0834 	EXP 	text: autoDraw = True
683.0834 	EXP 	textbox: autoDraw = True
684.2642 	DATA 	Keypress: 3
684.2654 	EXP 	Device response: <KeyPress from None: t=684.2578742500627, value=3, duration=None>
684.3553 	EXP 	Device response: <KeyPress from None: t=684.2578742500627, value=3, duration=0.08819741604384035>
684.4221 	EXP 	Device response: <KeyPress from None: t=684.4179062501062, value=0, duration=None>
684.4252 	DATA 	Keypress: 0
684.4961 	EXP 	Device response: <KeyPress from None: t=684.4179062501062, value=0, duration=0.07630966592114419>
684.5725 	EXP 	Device response: <KeyPress from None: t=684.5688779581105, value=0, duration=None>
684.5755 	DATA 	Keypress: 0
684.6386 	EXP 	Device response: <KeyPress from None: t=684.5688779581105, value=0, duration=0.06433808291330934>
685.0624 	DATA 	Mouse: Left button down, pos=(802,196)
685.0633 	EXP 	New trial (rep=8, index=8): <Trial 104 (8 in rep 8) data={'delay': 0.1, 'freq': 1000.0, 'conditions': 'exp', 'thisN': 104, 'thisTrialN': 8, 'thisRepN': 8}>
685.0715 	EXP 	text: autoDraw = False
685.0715 	EXP 	textbox: autoDraw = False
685.0715 	EXP 	fixation: autoDraw = True
685.1899 	DATA 	Mouse:  Left button up, pos=(802,196)
686.0629 	INFO 	Keyboard events cleared
686.0627 	EXP 	fixation: autoDraw = False
686.0627 	EXP 	polygon: autoDraw = True
686.6133 	EXP 	Device response: <KeyPress from None: t=686.6101969580632, value=space, duration=None>
686.6205 	DATA 	Keypress: space
686.6252 	EXP 	fixation: autoDraw = False
686.6252 	EXP 	polygon: autoDraw = False
686.6910 	EXP 	Device response: <KeyPress from None: t=686.6101969580632, value=space, duration=0.07211179204750806>
686.6983 	EXP 	Sound sound_1 reached end of file
686.7147 	EXP 	Playing sound sound_1 on speaker Nirvana Crystl
687.1493 	EXP 	Sound sound_1 stopped
687.1690 	EXP 	text: autoDraw = True
687.1690 	EXP 	textbox: autoDraw = True
687.9556 	EXP 	Device response: <KeyPress from None: t=687.9538158330834, value=2, duration=None>
687.9596 	DATA 	Keypress: 2
688.0631 	EXP 	Device response: <KeyPress from None: t=687.9538158330834, value=2, duration=0.10832508292514831>
688.2895 	DATA 	Keypress: 0
688.2905 	EXP 	Device response: <KeyPress from None: t=688.2808018330252, value=0, duration=None>
688.3463 	EXP 	Device response: <KeyPress from None: t=688.2808018330252, value=0, duration=0.06031445797998458>
688.4229 	DATA 	Keypress: 0
688.4239 	EXP 	Device response: <KeyPress from None: t=688.412757541053, value=0, duration=None>
688.4796 	EXP 	Device response: <KeyPress from None: t=688.412757541053, value=0, duration=0.060334417037665844>
688.8555 	DATA 	Mouse: Left button down, pos=(802,196)
688.8564 	EXP 	New trial (rep=8, index=9): <Trial 105 (9 in rep 8) data={'delay': 0.7, 'freq': 400.0, 'conditions': 'unexp', 'thisN': 105, 'thisTrialN': 9, 'thisRepN': 8}>
688.8597 	EXP 	text: autoDraw = False
688.8597 	EXP 	textbox: autoDraw = False
688.8597 	EXP 	fixation: autoDraw = True
688.9729 	DATA 	Mouse:  Left button up, pos=(802,196)
689.8457 	INFO 	Keyboard events cleared
689.8456 	EXP 	polygon: autoDraw = True
689.8562 	EXP 	fixation: autoDraw = False
690.3407 	EXP 	Device response: <KeyPress from None: t=690.3377582080429, value=space, duration=None>
690.3481 	DATA 	Keypress: space
690.3532 	EXP 	fixation: autoDraw = False
690.3532 	EXP 	polygon: autoDraw = False
690.3953 	EXP 	Device response: <KeyPress from None: t=690.3377582080429, value=space, duration=0.0522437080508098>
691.0288 	EXP 	Sound sound_1 reached end of file
691.0451 	EXP 	Playing sound sound_1 on speaker Nirvana Crystl
691.4795 	EXP 	Sound sound_1 stopped
691.5009 	EXP 	text: autoDraw = True
691.5009 	EXP 	textbox: autoDraw = True
692.1300 	EXP 	Device response: <KeyPress from None: t=692.1277122910833, value=4, duration=None>
692.1340 	DATA 	Keypress: 4
692.2058 	EXP 	Device response: <KeyPress from None: t=692.1277122910833, value=4, duration=0.07617441692855209>
692.4395 	DATA 	Keypress: 0
692.4405 	EXP 	Device response: <KeyPress from None: t=692.4316660000477, value=0, duration=None>
692.4887 	EXP 	Device response: <KeyPress from None: t=692.4316660000477, value=0, duration=0.0563129159854725>
692.5722 	EXP 	Device response: <KeyPress from None: t=692.5716282910435, value=0, duration=None>
692.5766 	DATA 	Keypress: 0
692.6124 	EXP 	Device response: <KeyPress from None: t=692.5716282910435, value=0, duration=0.04036591702606529>
693.0404 	DATA 	Mouse: Left button down, pos=(802,196)
693.0468 	EXP 	New trial (rep=8, index=10): <Trial 106 (10 in rep 8) data={'delay': 0.1, 'freq': 1000.0, 'conditions': 'exp', 'thisN': 106, 'thisTrialN': 10, 'thisRepN': 8}>
693.0545 	EXP 	text: autoDraw = False
693.0545 	EXP 	textbox: autoDraw = False
693.0545 	EXP 	fixation: autoDraw = True
693.1729 	DATA 	Mouse:  Left button up, pos=(802,196)
694.0458 	INFO 	Keyboard events cleared
694.0456 	EXP 	fixation: autoDraw = False
694.0456 	EXP 	polygon: autoDraw = True
694.8911 	EXP 	Device response: <KeyPress from None: t=694.8836913330015, value=space, duration=None>
694.8995 	DATA 	Keypress: space
694.9047 	EXP 	fixation: autoDraw = False
694.9047 	EXP 	polygon: autoDraw = False
694.9403 	EXP 	Device response: <KeyPress from None: t=694.8836913330015, value=space, duration=0.04834525007754564>
694.9776 	EXP 	Sound sound_1 reached end of file
694.9940 	EXP 	Playing sound sound_1 on speaker Nirvana Crystl
695.4283 	EXP 	Sound sound_1 stopped
695.4491 	EXP 	text: autoDraw = True
695.4491 	EXP 	textbox: autoDraw = True
696.5940 	DATA 	Keypress: 3
696.5988 	EXP 	Device response: <KeyPress from None: t=696.5885807910236, value=3, duration=None>
696.6964 	EXP 	Device response: <KeyPress from None: t=696.5885807910236, value=3, duration=0.10030570905655622>
696.8724 	EXP 	Device response: <KeyPress from None: t=696.8714837910375, value=0, duration=None>
696.8767 	DATA 	Keypress: 0
696.9462 	EXP 	Device response: <KeyPress from None: t=696.8714837910375, value=0, duration=0.06829199998173863>
697.0051 	EXP 	Device response: <KeyPress from None: t=697.0004838330206, value=0, duration=None>
697.0083 	DATA 	Keypress: 0
697.0718 	EXP 	Device response: <KeyPress from None: t=697.0004838330206, value=0, duration=0.06837504205759615>
697.5326 	DATA 	Mouse: Left button down, pos=(802,196)
697.5386 	EXP 	New trial (rep=8, index=11): <Trial 107 (11 in rep 8) data={'delay': 0.1, 'freq': 400.0, 'conditions': 'unexp', 'thisN': 107, 'thisTrialN': 11, 'thisRepN': 8}>
697.5418 	EXP 	text: autoDraw = False
697.5418 	EXP 	textbox: autoDraw = False
697.5418 	EXP 	fixation: autoDraw = True
697.6096 	DATA 	Mouse:  Left button up, pos=(802,196)
698.5282 	INFO 	Keyboard events cleared
698.5280 	EXP 	polygon: autoDraw = True
698.5397 	EXP 	fixation: autoDraw = False
699.8631 	EXP 	Device response: <KeyPress from None: t=699.8603881250601, value=space, duration=None>
699.8700 	DATA 	Keypress: space
699.8751 	EXP 	fixation: autoDraw = False
699.8751 	EXP 	polygon: autoDraw = False
699.9459 	EXP 	Device response: <KeyPress from None: t=699.8603881250601, value=space, duration=0.08032774995081127>
699.9562 	EXP 	Sound sound_1 reached end of file
699.9727 	EXP 	Playing sound sound_1 on speaker Nirvana Crystl
700.4071 	EXP 	Sound sound_1 stopped
700.4269 	EXP 	text: autoDraw = True
700.4269 	EXP 	textbox: autoDraw = True
702.9556 	EXP 	Device response: <KeyPress from None: t=702.9534203330986, value=4, duration=None>
702.9596 	DATA 	Keypress: 4
703.0229 	EXP 	Device response: <KeyPress from None: t=702.9534203330986, value=4, duration=0.06018866691738367>
703.2890 	EXP 	Device response: <KeyPress from None: t=703.2883720000973, value=0, duration=None>
703.2919 	DATA 	Keypress: 0
703.3633 	EXP 	Device response: <KeyPress from None: t=703.2883720000973, value=0, duration=0.06826870795339346>
703.4301 	DATA 	Keypress: 0
703.4311 	EXP 	Device response: <KeyPress from None: t=703.4244197080843, value=0, duration=None>
703.4893 	EXP 	Device response: <KeyPress from None: t=703.4244197080843, value=0, duration=0.05633362499065697>
703.8805 	DATA 	Mouse: Left button down, pos=(802,196)
703.8884 	EXP 	New trial (rep=9, index=0): <Trial 108 (0 in rep 9) data={'delay': 0.7, 'freq': 1000.0, 'conditions': 'exp', 'thisN': 108, 'thisTrialN': 0, 'thisRepN': 9}>
703.8915 	EXP 	text: autoDraw = False
703.8915 	EXP 	textbox: autoDraw = False
703.8915 	EXP 	fixation: autoDraw = True
703.9726 	DATA 	Mouse:  Left button up, pos=(802,196)
704.8792 	INFO 	Keyboard events cleared
704.8790 	EXP 	polygon: autoDraw = True
704.8893 	EXP 	fixation: autoDraw = False
704.9076 	EXP 	Device response: <KeyPress from None: t=704.8972779160831, value=space, duration=None>
704.9149 	DATA 	Keypress: space
704.9200 	EXP 	fixation: autoDraw = False
704.9200 	EXP 	polygon: autoDraw = False
704.9402 	EXP 	Device response: <KeyPress from None: t=704.8972779160831, value=space, duration=0.028488333919085562>
705.5949 	EXP 	Sound sound_1 reached end of file
705.6113 	EXP 	Playing sound sound_1 on speaker Nirvana Crystl
706.0458 	EXP 	Sound sound_1 stopped
706.0654 	EXP 	text: autoDraw = True
706.0654 	EXP 	textbox: autoDraw = True
707.0899 	DATA 	Keypress: 5
707.0911 	EXP 	Device response: <KeyPress from None: t=707.0762976660626, value=5, duration=None>
707.1723 	EXP 	Device response: <KeyPress from None: t=707.0762976660626, value=5, duration=0.08844258403405547>
707.4562 	DATA 	Keypress: 0
707.4572 	EXP 	Device response: <KeyPress from None: t=707.4503803750267, value=0, duration=None>
707.5393 	EXP 	Device response: <KeyPress from None: t=707.4503803750267, value=0, duration=0.08026441605761647>
707.6126 	DATA 	Keypress: 0
707.6136 	EXP 	Device response: <KeyPress from None: t=707.6082371660741, value=0, duration=None>
707.6718 	EXP 	Device response: <KeyPress from None: t=707.6082371660741, value=0, duration=0.06033870903775096>
710.5739 	DATA 	Mouse: Left button down, pos=(802,196)
710.5801 	EXP 	New trial (rep=9, index=1): <Trial 109 (1 in rep 9) data={'delay': 0.7, 'freq': 1000.0, 'conditions': 'exp', 'thisN': 109, 'thisTrialN': 1, 'thisRepN': 9}>
710.5882 	EXP 	text: autoDraw = False
710.5882 	EXP 	textbox: autoDraw = False
710.5882 	EXP 	fixation: autoDraw = True
710.6392 	DATA 	Mouse:  Left button up, pos=(802,196)
711.5792 	INFO 	Keyboard events cleared
711.5790 	EXP 	fixation: autoDraw = False
711.5790 	EXP 	polygon: autoDraw = True
713.4739 	EXP 	Device response: <KeyPress from None: t=713.465171791031, value=space, duration=None>
713.4788 	DATA 	Keypress: space
713.4829 	EXP 	fixation: autoDraw = False
713.4829 	EXP 	polygon: autoDraw = False
713.5399 	EXP 	Device response: <KeyPress from None: t=713.465171791031, value=space, duration=0.07222258404362947>
714.1625 	EXP 	Sound sound_1 reached end of file
714.1788 	EXP 	Playing sound sound_1 on speaker Nirvana Crystl
714.6135 	EXP 	Sound sound_1 stopped
714.6340 	EXP 	text: autoDraw = True
714.6340 	EXP 	textbox: autoDraw = True
715.9890 	EXP 	Device response: <KeyPress from None: t=715.9869900410995, value=3, duration=None>
715.9933 	DATA 	Keypress: 3
716.0629 	EXP 	Device response: <KeyPress from None: t=715.9869900410995, value=3, duration=0.07241895899642259>
716.2726 	DATA 	Keypress: 0
716.2737 	EXP 	Device response: <KeyPress from None: t=716.2631197910523, value=0, duration=None>
716.3226 	EXP 	Device response: <KeyPress from None: t=716.2631197910523, value=0, duration=0.05229458399116993>
716.4059 	DATA 	Keypress: 0
716.4069 	EXP 	Device response: <KeyPress from None: t=716.3991332080914, value=0, duration=None>
716.4556 	EXP 	Device response: <KeyPress from None: t=716.3991332080914, value=0, duration=0.048161957995034754>
718.1049 	DATA 	Mouse: Left button down, pos=(845,216)
718.1061 	EXP 	New trial (rep=9, index=2): <Trial 110 (2 in rep 9) data={'delay': 0.4, 'freq': 1000.0, 'conditions': 'exp', 'thisN': 110, 'thisTrialN': 2, 'thisRepN': 9}>
718.1098 	EXP 	text: autoDraw = False
718.1098 	EXP 	textbox: autoDraw = False
718.1098 	EXP 	fixation: autoDraw = True
718.2792 	DATA 	Mouse:  Left button up, pos=(845,216)
719.1062 	INFO 	Keyboard events cleared
719.1061 	EXP 	polygon: autoDraw = True
719.1110 	EXP 	fixation: autoDraw = False
720.8735 	EXP 	Device response: <KeyPress from None: t=720.8648491660133, value=space, duration=None>
720.8808 	DATA 	Keypress: space
720.8860 	EXP 	fixation: autoDraw = False
720.8860 	EXP 	polygon: autoDraw = False
720.9463 	EXP 	Device response: <KeyPress from None: t=720.8648491660133, value=space, duration=0.07636141707189381>
721.2606 	EXP 	Sound sound_1 reached end of file
721.2770 	EXP 	Playing sound sound_1 on speaker Nirvana Crystl
721.7116 	EXP 	Sound sound_1 stopped
721.7322 	EXP 	text: autoDraw = True
721.7322 	EXP 	textbox: autoDraw = True
722.5387 	EXP 	Device response: <KeyPress from None: t=722.5339700410841, value=3, duration=None>
722.5432 	DATA 	Keypress: 3
722.6391 	EXP 	Device response: <KeyPress from None: t=722.5339700410841, value=3, duration=0.09628183394670486>
722.8394 	DATA 	Keypress: 0
722.8406 	EXP 	Device response: <KeyPress from None: t=722.8288528750418, value=0, duration=None>
722.8888 	EXP 	Device response: <KeyPress from None: t=722.8288528750418, value=0, duration=0.057129165972582996>
722.9726 	DATA 	Keypress: 0
722.9736 	EXP 	Device response: <KeyPress from None: t=722.9629303331021, value=0, duration=None>
723.0287 	EXP 	Device response: <KeyPress from None: t=722.9629303331021, value=0, duration=0.06424249999690801>
724.1786 	DATA 	Mouse: Left button down, pos=(839,188)
724.1797 	EXP 	New trial (rep=9, index=3): <Trial 111 (3 in rep 9) data={'delay': 0.7, 'freq': 1000.0, 'conditions': 'exp', 'thisN': 111, 'thisTrialN': 3, 'thisRepN': 9}>
724.1878 	EXP 	text: autoDraw = False
724.1878 	EXP 	textbox: autoDraw = False
724.1878 	EXP 	fixation: autoDraw = True
724.3748 	DATA 	Mouse:  Left button up, pos=(839,188)
725.1789 	INFO 	Keyboard events cleared
725.1787 	EXP 	fixation: autoDraw = False
725.1787 	EXP 	polygon: autoDraw = True
726.7307 	EXP 	Device response: <KeyPress from None: t=726.72583166603, value=space, duration=None>
726.7397 	DATA 	Keypress: space
726.7451 	EXP 	fixation: autoDraw = False
726.7451 	EXP 	polygon: autoDraw = False
726.7946 	EXP 	Device response: <KeyPress from None: t=726.72583166603, value=space, duration=0.06425329204648733>
727.4230 	EXP 	Sound sound_1 reached end of file
727.4394 	EXP 	Playing sound sound_1 on speaker Nirvana Crystl
727.8742 	EXP 	Sound sound_1 stopped
727.8956 	EXP 	text: autoDraw = True
727.8956 	EXP 	textbox: autoDraw = True
728.7476 	EXP 	Device response: <KeyPress from None: t=728.7458413330605, value=7, duration=None>
728.7526 	DATA 	Keypress: 7
728.8390 	EXP 	Device response: <KeyPress from None: t=728.7458413330605, value=7, duration=0.09213737503159791>
729.0473 	DATA 	Keypress: 0
729.0486 	EXP 	Device response: <KeyPress from None: t=729.0396870831028, value=0, duration=None>
729.1299 	EXP 	Device response: <KeyPress from None: t=729.0396870831028, value=0, duration=0.08431074989493936>
729.1971 	DATA 	Keypress: 0
729.1983 	EXP 	Device response: <KeyPress from None: t=729.1897877911106, value=0, duration=None>
729.2556 	EXP 	Device response: <KeyPress from None: t=729.1897877911106, value=0, duration=0.06421824998687953>
729.6887 	DATA 	Mouse: Left button down, pos=(839,188)
729.6897 	EXP 	New trial (rep=9, index=4): <Trial 112 (4 in rep 9) data={'delay': 0.4, 'freq': 1000.0, 'conditions': 'exp', 'thisN': 112, 'thisTrialN': 4, 'thisRepN': 9}>
729.6931 	EXP 	text: autoDraw = False
729.6931 	EXP 	textbox: autoDraw = False
729.6931 	EXP 	fixation: autoDraw = True
729.8090 	DATA 	Mouse:  Left button up, pos=(839,188)
730.6791 	INFO 	Keyboard events cleared
730.6789 	EXP 	polygon: autoDraw = True
730.6889 	EXP 	fixation: autoDraw = False
735.7901 	EXP 	Device response: <KeyPress from None: t=735.7833672910929, value=space, duration=None>
735.7987 	DATA 	Keypress: space
735.8041 	EXP 	fixation: autoDraw = False
735.8041 	EXP 	polygon: autoDraw = False
735.8050 	EXP 	Device response: <KeyPress from None: t=735.7833672910929, value=space, duration=0.017979917000047863>
736.1782 	EXP 	Sound sound_1 reached end of file
736.1946 	EXP 	Playing sound sound_1 on speaker Nirvana Crystl
736.6293 	EXP 	Sound sound_1 stopped
736.6493 	EXP 	text: autoDraw = True
736.6493 	EXP 	textbox: autoDraw = True
737.7806 	DATA 	Keypress: 2
737.7817 	EXP 	Device response: <KeyPress from None: t=737.7740102910902, value=2, duration=None>
737.8793 	EXP 	Device response: <KeyPress from None: t=737.7740102910902, value=2, duration=0.10017458396032453>
737.9556 	DATA 	Keypress: 0
737.9566 	EXP 	Device response: <KeyPress from None: t=737.9490654160036, value=0, duration=None>
738.0222 	EXP 	Device response: <KeyPress from None: t=737.9490654160036, value=0, duration=0.0642295420402661>
738.1051 	EXP 	Device response: <KeyPress from None: t=738.1019933751086, value=0, duration=None>
738.1079 	DATA 	Keypress: 0
738.1629 	EXP 	Device response: <KeyPress from None: t=738.1019933751086, value=0, duration=0.060288332984782755>
738.9485 	DATA 	Mouse: Left button down, pos=(839,188)
738.9549 	EXP 	New trial (rep=9, index=5): <Trial 113 (5 in rep 9) data={'delay': 0.1, 'freq': 1000.0, 'conditions': 'exp', 'thisN': 113, 'thisTrialN': 5, 'thisRepN': 9}>
738.9580 	EXP 	text: autoDraw = False
738.9580 	EXP 	textbox: autoDraw = False
738.9580 	EXP 	fixation: autoDraw = True
739.0728 	DATA 	Mouse:  Left button up, pos=(839,188)
739.9455 	INFO 	Keyboard events cleared
739.9454 	EXP 	polygon: autoDraw = True
739.9557 	EXP 	fixation: autoDraw = False
741.0797 	EXP 	Device response: <KeyPress from None: t=741.0767996250652, value=space, duration=None>
741.0875 	DATA 	Keypress: space
741.0921 	EXP 	fixation: autoDraw = False
741.0921 	EXP 	polygon: autoDraw = False
741.1572 	EXP 	Device response: <KeyPress from None: t=741.0767996250652, value=space, duration=0.07647245796397328>
741.1641 	EXP 	Sound sound_1 reached end of file
741.1805 	EXP 	Playing sound sound_1 on speaker Nirvana Crystl
741.6150 	EXP 	Sound sound_1 stopped
741.6344 	EXP 	text: autoDraw = True
741.6344 	EXP 	textbox: autoDraw = True
742.5050 	EXP 	Device response: <KeyPress from None: t=742.5041434160667, value=1, duration=None>
742.5094 	DATA 	Keypress: 1
742.5887 	EXP 	Device response: <KeyPress from None: t=742.5041434160667, value=1, duration=0.08007100003305823>
742.8061 	DATA 	Keypress: 0
742.8072 	EXP 	Device response: <KeyPress from None: t=742.7959977911087, value=0, duration=None>
742.8625 	EXP 	Device response: <KeyPress from None: t=742.7959977911087, value=0, duration=0.06005570897832513>
742.9295 	DATA 	Keypress: 0
742.9304 	EXP 	Device response: <KeyPress from None: t=742.9238685000455, value=0, duration=None>
743.0057 	EXP 	Device response: <KeyPress from None: t=742.9238685000455, value=0, duration=0.07221454102545977>
743.4619 	DATA 	Mouse: Left button down, pos=(839,188)
743.4628 	EXP 	New trial (rep=9, index=6): <Trial 114 (6 in rep 9) data={'delay': 0.4, 'freq': 400.0, 'conditions': 'unexp', 'thisN': 114, 'thisTrialN': 6, 'thisRepN': 9}>
743.4712 	EXP 	text: autoDraw = False
743.4712 	EXP 	textbox: autoDraw = False
743.4712 	EXP 	fixation: autoDraw = True
743.6058 	DATA 	Mouse:  Left button up, pos=(839,188)
744.4620 	INFO 	Keyboard events cleared
744.4619 	EXP 	fixation: autoDraw = False
744.4619 	EXP 	polygon: autoDraw = True
745.7407 	EXP 	Device response: <KeyPress from None: t=745.7307905000634, value=space, duration=None>
745.7503 	DATA 	Keypress: space
745.7558 	EXP 	fixation: autoDraw = False
745.7558 	EXP 	polygon: autoDraw = False
745.8065 	EXP 	Device response: <KeyPress from None: t=745.7307905000634, value=space, duration=0.06425458297599107>
746.1281 	EXP 	Sound sound_1 reached end of file
746.1444 	EXP 	Playing sound sound_1 on speaker Nirvana Crystl
746.5791 	EXP 	Sound sound_1 stopped
746.5993 	EXP 	text: autoDraw = True
746.5993 	EXP 	textbox: autoDraw = True
747.7717 	EXP 	Device response: <KeyPress from None: t=747.7677412080811, value=2, duration=None>
747.7761 	DATA 	Keypress: 2
747.8626 	EXP 	Device response: <KeyPress from None: t=747.7677412080811, value=2, duration=0.08816704200580716>
748.0383 	EXP 	Device response: <KeyPress from None: t=748.0357364580268, value=0, duration=None>
748.0431 	DATA 	Keypress: 0
748.1049 	EXP 	Device response: <KeyPress from None: t=748.0357364580268, value=0, duration=0.06819124997127801>
748.1804 	DATA 	Keypress: 0
748.1815 	EXP 	Device response: <KeyPress from None: t=748.1736654581036, value=0, duration=None>
748.2643 	EXP 	Device response: <KeyPress from None: t=748.1736654581036, value=0, duration=0.08440158294979483>
749.4213 	DATA 	Mouse: Left button down, pos=(827,178)
749.4223 	EXP 	New trial (rep=9, index=7): <Trial 115 (7 in rep 9) data={'delay': 0.4, 'freq': 1000.0, 'conditions': 'exp', 'thisN': 115, 'thisTrialN': 7, 'thisRepN': 9}>
749.4254 	EXP 	text: autoDraw = False
749.4254 	EXP 	textbox: autoDraw = False
749.4254 	EXP 	fixation: autoDraw = True
749.5952 	DATA 	Mouse:  Left button up, pos=(827,178)
750.4127 	INFO 	Keyboard events cleared
750.4125 	EXP 	polygon: autoDraw = True
750.4224 	EXP 	fixation: autoDraw = False
752.4292 	EXP 	Device response: <KeyPress from None: t=752.4265584580135, value=space, duration=None>
752.4365 	DATA 	Keypress: space
752.4412 	EXP 	fixation: autoDraw = False
752.4412 	EXP 	polygon: autoDraw = False
752.4906 	EXP 	Device response: <KeyPress from None: t=752.4265584580135, value=space, duration=0.05284370807930827>
752.8227 	EXP 	Sound sound_1 reached end of file
752.8390 	EXP 	Playing sound sound_1 on speaker Nirvana Crystl
753.2734 	EXP 	Sound sound_1 stopped
753.2930 	EXP 	text: autoDraw = True
753.2930 	EXP 	textbox: autoDraw = True
757.4465 	EXP 	Device response: <KeyPress from None: t=757.4426871660398, value=3, duration=None>
757.4509 	DATA 	Keypress: 3
757.5218 	EXP 	Device response: <KeyPress from None: t=757.4426871660398, value=3, duration=0.07404895906802267>
757.7294 	DATA 	Keypress: 0
757.7305 	EXP 	Device response: <KeyPress from None: t=757.7222685411107, value=0, duration=None>
757.7883 	EXP 	Device response: <KeyPress from None: t=757.7222685411107, value=0, duration=0.0564642499666661>
757.8556 	DATA 	Keypress: 0
757.8566 	EXP 	Device response: <KeyPress from None: t=757.8482909160666, value=0, duration=None>
757.9379 	EXP 	Device response: <KeyPress from None: t=757.8482909160666, value=0, duration=0.08029549999628216>
758.4048 	DATA 	Mouse: Left button down, pos=(827,178)
758.4057 	EXP 	New trial (rep=9, index=8): <Trial 116 (8 in rep 9) data={'delay': 0.1, 'freq': 1000.0, 'conditions': 'exp', 'thisN': 116, 'thisTrialN': 8, 'thisRepN': 9}>
758.4090 	EXP 	text: autoDraw = False
758.4090 	EXP 	textbox: autoDraw = False
758.4090 	EXP 	fixation: autoDraw = True
758.5392 	DATA 	Mouse:  Left button up, pos=(827,178)
759.3954 	INFO 	Keyboard events cleared
759.3952 	EXP 	polygon: autoDraw = True
759.4054 	EXP 	fixation: autoDraw = False
761.8564 	EXP 	Device response: <KeyPress from None: t=761.8512624161085, value=space, duration=None>
761.8642 	DATA 	Keypress: space
761.8700 	EXP 	fixation: autoDraw = False
761.8700 	EXP 	polygon: autoDraw = False
761.9063 	EXP 	Device response: <KeyPress from None: t=761.8512624161085, value=space, duration=0.05232645897194743>
761.9445 	EXP 	Sound sound_1 reached end of file
761.9609 	EXP 	Playing sound sound_1 on speaker Nirvana Crystl
762.3953 	EXP 	Sound sound_1 stopped
762.4157 	EXP 	text: autoDraw = True
762.4157 	EXP 	textbox: autoDraw = True
763.0723 	DATA 	Keypress: 1
763.0735 	EXP 	Device response: <KeyPress from None: t=763.0633002910763, value=1, duration=None>
763.1725 	EXP 	Device response: <KeyPress from None: t=763.0633002910763, value=1, duration=0.10019833396654576>
763.3889 	DATA 	Keypress: 0
763.3899 	EXP 	Device response: <KeyPress from None: t=763.3791382500203, value=0, duration=None>
763.4214 	EXP 	Device response: <KeyPress from None: t=763.3791382500203, value=0, duration=0.040338125079870224>
763.4952 	EXP 	Device response: <KeyPress from None: t=763.4943479161011, value=0, duration=None>
763.4994 	DATA 	Keypress: 0
763.5714 	EXP 	Device response: <KeyPress from None: t=763.4943479161011, value=0, duration=0.06817829189822078>
764.1233 	DATA 	Mouse: Left button down, pos=(827,178)
764.1301 	EXP 	New trial (rep=9, index=9): <Trial 117 (9 in rep 9) data={'delay': 0.1, 'freq': 1000.0, 'conditions': 'exp', 'thisN': 117, 'thisTrialN': 9, 'thisRepN': 9}>
764.1383 	EXP 	text: autoDraw = False
764.1383 	EXP 	textbox: autoDraw = False
764.1383 	EXP 	fixation: autoDraw = True
764.2559 	DATA 	Mouse:  Left button up, pos=(827,178)
765.1394 	INFO 	Keyboard events cleared
765.1392 	EXP 	fixation: autoDraw = False
765.1392 	EXP 	polygon: autoDraw = True
766.3568 	EXP 	Device response: <KeyPress from None: t=766.348188416101, value=space, duration=None>
766.3658 	DATA 	Keypress: space
766.3709 	EXP 	fixation: autoDraw = False
766.3709 	EXP 	polygon: autoDraw = False
766.4231 	EXP 	Device response: <KeyPress from None: t=766.348188416101, value=space, duration=0.06430654192809016>
766.4436 	EXP 	Sound sound_1 reached end of file
766.4600 	EXP 	Playing sound sound_1 on speaker Nirvana Crystl
766.8945 	EXP 	Sound sound_1 stopped
766.9153 	EXP 	text: autoDraw = True
766.9153 	EXP 	textbox: autoDraw = True
767.8716 	EXP 	Device response: <KeyPress from None: t=767.8700812080642, value=2, duration=None>
767.8756 	DATA 	Keypress: 2
768.0124 	EXP 	Device response: <KeyPress from None: t=767.8700812080642, value=2, duration=0.1363628749968484>
768.2493 	DATA 	Keypress: 0
768.2546 	EXP 	Device response: <KeyPress from None: t=768.2451539160684, value=0, duration=None>
768.3046 	EXP 	Device response: <KeyPress from None: t=768.2451539160684, value=0, duration=0.05628424999304116>
768.4053 	DATA 	Keypress: 0
768.4063 	EXP 	Device response: <KeyPress from None: t=768.3950547910063, value=0, duration=None>
768.4287 	EXP 	Device response: <KeyPress from None: t=768.3950547910063, value=0, duration=0.028445125091820955>
768.9282 	DATA 	Mouse: Left button down, pos=(827,178)
768.9293 	EXP 	New trial (rep=9, index=10): <Trial 118 (10 in rep 9) data={'delay': 0.1, 'freq': 400.0, 'conditions': 'unexp', 'thisN': 118, 'thisTrialN': 10, 'thisRepN': 9}>
768.9376 	EXP 	text: autoDraw = False
768.9376 	EXP 	textbox: autoDraw = False
768.9376 	EXP 	fixation: autoDraw = True
769.0087 	DATA 	Mouse:  Left button up, pos=(827,178)
769.9281 	INFO 	Keyboard events cleared
769.9279 	EXP 	fixation: autoDraw = False
769.9279 	EXP 	polygon: autoDraw = True
770.5072 	EXP 	Device response: <KeyPress from None: t=770.4969859580742, value=space, duration=None>
770.5153 	DATA 	Keypress: space
770.5205 	EXP 	fixation: autoDraw = False
770.5205 	EXP 	polygon: autoDraw = False
770.5788 	EXP 	Device response: <KeyPress from None: t=770.4969859580742, value=space, duration=0.07667645800393075>
770.5919 	EXP 	Sound sound_1 reached end of file
770.6083 	EXP 	Playing sound sound_1 on speaker Nirvana Crystl
771.0428 	EXP 	Sound sound_1 stopped
771.0633 	EXP 	text: autoDraw = True
771.0633 	EXP 	textbox: autoDraw = True
771.6053 	DATA 	Keypress: 3
771.6063 	EXP 	Device response: <KeyPress from None: t=771.5969837910961, value=3, duration=None>
771.6784 	EXP 	Device response: <KeyPress from None: t=771.5969837910961, value=3, duration=0.08039949997328222>
771.8712 	EXP 	Device response: <KeyPress from None: t=771.8679297500057, value=0, duration=None>
771.8754 	DATA 	Keypress: 0
771.9449 	EXP 	Device response: <KeyPress from None: t=771.8679297500057, value=0, duration=0.07647512503899634>
772.0221 	DATA 	Keypress: 0
772.0230 	EXP 	Device response: <KeyPress from None: t=772.0130965000717, value=0, duration=None>
772.0783 	EXP 	Device response: <KeyPress from None: t=772.0130965000717, value=0, duration=0.06417675002012402>
772.4577 	DATA 	Mouse: Left button down, pos=(827,178)
772.4623 	EXP 	New trial (rep=9, index=11): <Trial 119 (11 in rep 9) data={'delay': 0.7, 'freq': 400.0, 'conditions': 'unexp', 'thisN': 119, 'thisTrialN': 11, 'thisRepN': 9}>
772.4707 	EXP 	text: autoDraw = False
772.4707 	EXP 	textbox: autoDraw = False
772.4707 	EXP 	fixation: autoDraw = True
772.5554 	DATA 	Mouse:  Left button up, pos=(827,178)
773.4615 	INFO 	Keyboard events cleared
773.4613 	EXP 	fixation: autoDraw = False
773.4613 	EXP 	polygon: autoDraw = True
774.4564 	EXP 	Device response: <KeyPress from None: t=774.4480043330695, value=space, duration=None>
774.4644 	DATA 	Keypress: space
774.4697 	EXP 	fixation: autoDraw = False
774.4697 	EXP 	polygon: autoDraw = False
774.5228 	EXP 	Device response: <KeyPress from None: t=774.4480043330695, value=space, duration=0.06424829200841486>
775.1445 	EXP 	Sound sound_1 reached end of file
775.1608 	EXP 	Playing sound sound_1 on speaker Nirvana Crystl
775.5955 	EXP 	Sound sound_1 stopped
775.6168 	EXP 	text: autoDraw = True
775.6168 	EXP 	textbox: autoDraw = True
776.3763 	DATA 	Keypress: 6
776.3811 	EXP 	Device response: <KeyPress from None: t=776.3718121250859, value=6, duration=None>
776.4552 	EXP 	Device response: <KeyPress from None: t=776.3718121250859, value=6, duration=0.08038258296437562>
776.7214 	EXP 	Device response: <KeyPress from None: t=776.7189112911001, value=0, duration=None>
776.7257 	DATA 	Keypress: 0
776.8217 	EXP 	Device response: <KeyPress from None: t=776.7189112911001, value=0, duration=0.10020679200533777>
776.8885 	EXP 	Device response: <KeyPress from None: t=776.8858221661067, value=0, duration=None>
776.8913 	DATA 	Keypress: 0
776.9734 	EXP 	Device response: <KeyPress from None: t=776.8858221661067, value=0, duration=0.07643687492236495>
777.5137 	DATA 	Mouse: Left button down, pos=(827,178)
777.5212 	EXP 	New trial (rep=10, index=0): <Trial 120 (0 in rep 10) data={'delay': 0.4, 'freq': 1000.0, 'conditions': 'exp', 'thisN': 120, 'thisTrialN': 0, 'thisRepN': 10}>
777.5244 	EXP 	text: autoDraw = False
777.5244 	EXP 	textbox: autoDraw = False
777.5244 	EXP 	fixation: autoDraw = True
777.6388 	DATA 	Mouse:  Left button up, pos=(827,178)
778.5121 	INFO 	Keyboard events cleared
778.5119 	EXP 	polygon: autoDraw = True
778.5220 	EXP 	fixation: autoDraw = False
778.8070 	EXP 	Device response: <KeyPress from None: t=778.7988663750002, value=space, duration=None>
778.8139 	EXP 	fixation: autoDraw = False
778.8139 	EXP 	polygon: autoDraw = False
778.8192 	DATA 	Keypress: space
778.8735 	EXP 	Device response: <KeyPress from None: t=778.7988663750002, value=space, duration=0.07224416604731232>
779.1930 	EXP 	Sound sound_1 reached end of file
779.2094 	EXP 	Playing sound sound_1 on speaker Nirvana Crystl
779.6441 	EXP 	Sound sound_1 stopped
779.6654 	EXP 	text: autoDraw = True
779.6654 	EXP 	textbox: autoDraw = True
780.0768 	DATA 	Keypress: 4
780.0812 	EXP 	Device response: <KeyPress from None: t=780.0718603330897, value=4, duration=None>
780.1553 	EXP 	Device response: <KeyPress from None: t=780.0718603330897, value=4, duration=0.08031558291986585>
780.3927 	EXP 	Device response: <KeyPress from None: t=780.3127962080762, value=0, duration=None>
780.3928 	EXP 	Device response: <KeyPress from None: t=780.3127962080762, value=0, duration=0.05239366693422198>
780.4544 	EXP 	Device response: <KeyPress from None: t=780.4509036660893, value=0, duration=None>
780.4594 	DATA 	Keypress: 0
780.5463 	EXP 	Device response: <KeyPress from None: t=780.4509036660893, value=0, duration=0.08821737498510629>
781.7962 	DATA 	Keypress: 0
781.7973 	EXP 	Device response: <KeyPress from None: t=781.7908195001073, value=0, duration=None>
781.8618 	EXP 	Device response: <KeyPress from None: t=781.7908195001073, value=0, duration=0.06819770799484104>
782.3377 	DATA 	Mouse: Left button down, pos=(827,178)
782.3387 	EXP 	New trial (rep=10, index=1): <Trial 121 (1 in rep 10) data={'delay': 0.7, 'freq': 1000.0, 'conditions': 'exp', 'thisN': 121, 'thisTrialN': 1, 'thisRepN': 10}>
782.3422 	EXP 	text: autoDraw = False
782.3422 	EXP 	textbox: autoDraw = False
782.3422 	EXP 	fixation: autoDraw = True
782.5073 	DATA 	Mouse:  Left button up, pos=(827,178)
783.3279 	INFO 	Keyboard events cleared
783.3277 	EXP 	polygon: autoDraw = True
783.3387 	EXP 	fixation: autoDraw = False
784.0238 	EXP 	Device response: <KeyPress from None: t=784.0135775411036, value=space, duration=None>
784.0312 	DATA 	Keypress: space
784.0364 	EXP 	fixation: autoDraw = False
784.0364 	EXP 	polygon: autoDraw = False
784.0727 	EXP 	Device response: <KeyPress from None: t=784.0135775411036, value=space, duration=0.05148458399344236>
784.7115 	EXP 	Sound sound_1 reached end of file
784.7279 	EXP 	Playing sound sound_1 on speaker Nirvana Crystl
785.1625 	EXP 	Sound sound_1 stopped
785.1832 	EXP 	text: autoDraw = True
785.1832 	EXP 	textbox: autoDraw = True
785.3929 	DATA 	Keypress: 8
785.3978 	EXP 	Device response: <KeyPress from None: t=785.3877410000423, value=8, duration=None>
785.4888 	EXP 	Device response: <KeyPress from None: t=785.3877410000423, value=8, duration=0.09221258305478841>
785.5591 	DATA 	Keypress: 0
785.5638 	EXP 	Device response: <KeyPress from None: t=785.5546565830009, value=0, duration=None>
785.6619 	EXP 	Device response: <KeyPress from None: t=785.5546565830009, value=0, duration=0.10431058309040964>
785.7391 	DATA 	Keypress: 0
785.7401 	EXP 	Device response: <KeyPress from None: t=785.7297480410198, value=0, duration=None>
785.8119 	EXP 	Device response: <KeyPress from None: t=785.7297480410198, value=0, duration=0.08025225007440895>
786.6379 	DATA 	Mouse: Left button down, pos=(827,178)
786.6388 	EXP 	New trial (rep=10, index=2): <Trial 122 (2 in rep 10) data={'delay': 0.1, 'freq': 1000.0, 'conditions': 'exp', 'thisN': 122, 'thisTrialN': 2, 'thisRepN': 10}>
786.6420 	EXP 	text: autoDraw = False
786.6420 	EXP 	textbox: autoDraw = False
786.6420 	EXP 	fixation: autoDraw = True
786.8289 	DATA 	Mouse:  Left button up, pos=(827,178)
787.6287 	INFO 	Keyboard events cleared
787.6286 	EXP 	polygon: autoDraw = True
787.6386 	EXP 	fixation: autoDraw = False
788.5450 	EXP 	Device response: <KeyPress from None: t=788.5406442080857, value=space, duration=None>
788.5527 	DATA 	Keypress: space
788.5576 	EXP 	fixation: autoDraw = False
788.5576 	EXP 	polygon: autoDraw = False
788.5895 	EXP 	Device response: <KeyPress from None: t=788.5406442080857, value=space, duration=0.044243291951715946>
788.6392 	EXP 	Sound sound_1 reached end of file
788.6555 	EXP 	Playing sound sound_1 on speaker Nirvana Crystl
789.0897 	EXP 	Sound sound_1 stopped
789.1098 	EXP 	text: autoDraw = True
789.1098 	EXP 	textbox: autoDraw = True
791.1213 	EXP 	Device response: <KeyPress from None: t=791.1174747080076, value=3, duration=None>
791.1255 	DATA 	Keypress: 3
791.2126 	EXP 	Device response: <KeyPress from None: t=791.1174747080076, value=3, duration=0.08831808308605105>
791.4955 	DATA 	Keypress: 0
791.4966 	EXP 	Device response: <KeyPress from None: t=791.4905660001095, value=0, duration=None>
791.5545 	EXP 	Device response: <KeyPress from None: t=791.4905660001095, value=0, duration=0.06048004096373916>
791.6216 	EXP 	Device response: <KeyPress from None: t=791.6185711660655, value=0, duration=None>
791.6244 	DATA 	Keypress: 0
791.7048 	EXP 	Device response: <KeyPress from None: t=791.6185711660655, value=0, duration=0.07623679202515632>
792.1318 	DATA 	Mouse: Left button down, pos=(827,178)
792.1378 	EXP 	New trial (rep=10, index=3): <Trial 123 (3 in rep 10) data={'delay': 0.4, 'freq': 1000.0, 'conditions': 'exp', 'thisN': 123, 'thisTrialN': 3, 'thisRepN': 10}>
792.1409 	EXP 	text: autoDraw = False
792.1409 	EXP 	textbox: autoDraw = False
792.1409 	EXP 	fixation: autoDraw = True
792.2723 	DATA 	Mouse:  Left button up, pos=(827,178)
793.1287 	INFO 	Keyboard events cleared
793.1286 	EXP 	polygon: autoDraw = True
793.1385 	EXP 	fixation: autoDraw = False
793.6567 	EXP 	Device response: <KeyPress from None: t=793.6464541250607, value=space, duration=None>
793.6644 	DATA 	Keypress: space
793.6694 	EXP 	fixation: autoDraw = False
793.6694 	EXP 	polygon: autoDraw = False
793.7231 	EXP 	Device response: <KeyPress from None: t=793.6464541250607, value=space, duration=0.07238316594157368>
794.0434 	EXP 	Sound sound_1 reached end of file
794.0598 	EXP 	Playing sound sound_1 on speaker Nirvana Crystl
794.4945 	EXP 	Sound sound_1 stopped
794.5147 	EXP 	text: autoDraw = True
794.5147 	EXP 	textbox: autoDraw = True
795.9124 	EXP 	Device response: <KeyPress from None: t=795.9115185410483, value=4, duration=None>
795.9176 	DATA 	Keypress: 4
795.9955 	EXP 	Device response: <KeyPress from None: t=795.9115185410483, value=4, duration=0.07704995898529887>
796.2389 	DATA 	Keypress: 0
796.2399 	EXP 	Device response: <KeyPress from None: t=796.2294852500781, value=0, duration=None>
796.3216 	EXP 	Device response: <KeyPress from None: t=796.2294852500781, value=0, duration=0.08454941597301513>
796.3782 	EXP 	Device response: <KeyPress from None: t=796.3753423331073, value=0, duration=None>
796.3810 	DATA 	Keypress: 0
796.4452 	EXP 	Device response: <KeyPress from None: t=796.3753423331073, value=0, duration=0.06885745795443654>
796.8229 	DATA 	Mouse: Left button down, pos=(825,178)
796.8299 	EXP 	New trial (rep=10, index=4): <Trial 124 (4 in rep 10) data={'delay': 0.1, 'freq': 1000.0, 'conditions': 'exp', 'thisN': 124, 'thisTrialN': 4, 'thisRepN': 10}>
796.8372 	EXP 	text: autoDraw = False
796.8372 	EXP 	textbox: autoDraw = False
796.8372 	EXP 	fixation: autoDraw = True
796.9418 	DATA 	Mouse:  Left button up, pos=(825,177)
797.8282 	INFO 	Keyboard events cleared
797.8280 	EXP 	fixation: autoDraw = False
797.8280 	EXP 	polygon: autoDraw = True
799.4568 	EXP 	Device response: <KeyPress from None: t=799.4534030000214, value=space, duration=None>
799.4653 	DATA 	Keypress: space
799.4706 	EXP 	fixation: autoDraw = False
799.4706 	EXP 	polygon: autoDraw = False
799.5400 	EXP 	Device response: <KeyPress from None: t=799.4534030000214, value=space, duration=0.08042708307038993>
799.5472 	EXP 	Sound sound_1 reached end of file
799.5636 	EXP 	Playing sound sound_1 on speaker Nirvana Crystl
799.9981 	EXP 	Sound sound_1 stopped
800.0186 	EXP 	text: autoDraw = True
800.0186 	EXP 	textbox: autoDraw = True
800.7883 	EXP 	Device response: <KeyPress from None: t=800.7872862910153, value=3, duration=None>
800.7928 	DATA 	Keypress: 3
800.8887 	EXP 	Device response: <KeyPress from None: t=800.7872862910153, value=3, duration=0.09240791702177376>
801.1389 	DATA 	Keypress: 0
801.1400 	EXP 	Device response: <KeyPress from None: t=801.131366583053, value=0, duration=None>
801.2119 	EXP 	Device response: <KeyPress from None: t=801.131366583053, value=0, duration=0.07631570799276233>
801.2885 	DATA 	Keypress: 0
801.2895 	EXP 	Device response: <KeyPress from None: t=801.2803495000117, value=0, duration=None>
801.3551 	EXP 	Device response: <KeyPress from None: t=801.2803495000117, value=0, duration=0.06834204099141061>
801.8380 	DATA 	Mouse: Left button down, pos=(825,177)
801.8389 	EXP 	New trial (rep=10, index=5): <Trial 125 (5 in rep 10) data={'delay': 0.7, 'freq': 1000.0, 'conditions': 'exp', 'thisN': 125, 'thisTrialN': 5, 'thisRepN': 10}>
801.8423 	EXP 	text: autoDraw = False
801.8423 	EXP 	textbox: autoDraw = False
801.8423 	EXP 	fixation: autoDraw = True
801.9889 	DATA 	Mouse:  Left button up, pos=(825,177)
802.8290 	INFO 	Keyboard events cleared
802.8289 	EXP 	polygon: autoDraw = True
802.8386 	EXP 	fixation: autoDraw = False
803.5743 	EXP 	Device response: <KeyPress from None: t=803.5705750000197, value=space, duration=None>
803.5820 	DATA 	Keypress: space
803.5870 	EXP 	fixation: autoDraw = False
803.5870 	EXP 	polygon: autoDraw = False
803.6567 	EXP 	Device response: <KeyPress from None: t=803.5705750000197, value=space, duration=0.084058583015576>
804.2608 	EXP 	Sound sound_1 reached end of file
804.2772 	EXP 	Playing sound sound_1 on speaker Nirvana Crystl
804.7117 	EXP 	Sound sound_1 stopped
804.7319 	EXP 	text: autoDraw = True
804.7319 	EXP 	textbox: autoDraw = True
805.5380 	EXP 	Device response: <KeyPress from None: t=805.5352451250656, value=9, duration=None>
805.5424 	DATA 	Keypress: 9
805.6383 	EXP 	Device response: <KeyPress from None: t=805.5352451250656, value=9, duration=0.09621187497396022>
805.7125 	DATA 	Keypress: 0
805.7135 	EXP 	Device response: <KeyPress from None: t=805.7051317080623, value=0, duration=None>
805.8119 	EXP 	Device response: <KeyPress from None: t=805.7051317080623, value=0, duration=0.10055645799729973>
805.8717 	DATA 	Keypress: 0
805.8727 	EXP 	Device response: <KeyPress from None: t=805.863165250048, value=0, duration=None>
805.9618 	EXP 	Device response: <KeyPress from None: t=805.863165250048, value=0, duration=0.0924062499543652>
806.3874 	DATA 	Mouse: Left button down, pos=(825,177)
806.3883 	EXP 	New trial (rep=10, index=6): <Trial 126 (6 in rep 10) data={'delay': 0.1, 'freq': 1000.0, 'conditions': 'exp', 'thisN': 126, 'thisTrialN': 6, 'thisRepN': 10}>
806.3915 	EXP 	text: autoDraw = False
806.3915 	EXP 	textbox: autoDraw = False
806.3915 	EXP 	fixation: autoDraw = True
806.5389 	DATA 	Mouse:  Left button up, pos=(825,177)
807.3784 	INFO 	Keyboard events cleared
807.3783 	EXP 	polygon: autoDraw = True
807.3884 	EXP 	fixation: autoDraw = False
810.4567 	EXP 	Device response: <KeyPress from None: t=810.4458677500952, value=space, duration=None>
810.4651 	DATA 	Keypress: space
810.4703 	EXP 	fixation: autoDraw = False
810.4703 	EXP 	polygon: autoDraw = False
810.4892 	EXP 	Device response: <KeyPress from None: t=810.4458677500952, value=space, duration=0.0394504580181092>
810.5432 	EXP 	Sound sound_1 reached end of file
810.5596 	EXP 	Playing sound sound_1 on speaker Nirvana Crystl
810.9943 	EXP 	Sound sound_1 stopped
811.0134 	EXP 	text: autoDraw = True
811.0134 	EXP 	textbox: autoDraw = True
812.7219 	DATA 	Keypress: 3
812.7230 	EXP 	Device response: <KeyPress from None: t=812.7157174580498, value=3, duration=None>
812.8119 	EXP 	Device response: <KeyPress from None: t=812.7157174580498, value=3, duration=0.09156850003637373>
812.9054 	DATA 	Keypress: 0
812.9064 	EXP 	Device response: <KeyPress from None: t=812.8991298750043, value=0, duration=None>
812.9715 	EXP 	Device response: <KeyPress from None: t=812.8991298750043, value=0, duration=0.06427341606467962>
813.0389 	DATA 	Keypress: 0
813.0396 	EXP 	Device response: <KeyPress from None: t=813.0331531660631, value=0, duration=None>
813.0880 	EXP 	Device response: <KeyPress from None: t=813.0331531660631, value=0, duration=0.048770416993647814>
813.5563 	DATA 	Mouse: Left button down, pos=(825,181)
813.5627 	EXP 	New trial (rep=10, index=7): <Trial 127 (7 in rep 10) data={'delay': 0.4, 'freq': 400.0, 'conditions': 'unexp', 'thisN': 127, 'thisTrialN': 7, 'thisRepN': 10}>
813.5703 	EXP 	text: autoDraw = False
813.5703 	EXP 	textbox: autoDraw = False
813.5703 	EXP 	fixation: autoDraw = True
813.6885 	DATA 	Mouse:  Left button up, pos=(825,181)
814.5615 	INFO 	Keyboard events cleared
814.5613 	EXP 	fixation: autoDraw = False
814.5613 	EXP 	polygon: autoDraw = True
815.9622 	EXP 	Device response: <KeyPress from None: t=815.9560092911124, value=space, duration=None>
815.9698 	DATA 	Keypress: space
815.9744 	EXP 	fixation: autoDraw = False
815.9744 	EXP 	polygon: autoDraw = False
816.0449 	EXP 	Device response: <KeyPress from None: t=815.9560092911124, value=space, duration=0.08441429189406335>
816.3553 	EXP 	Sound sound_1 reached end of file
816.3716 	EXP 	Playing sound sound_1 on speaker Nirvana Crystl
816.8056 	EXP 	Sound sound_1 stopped
816.8249 	EXP 	text: autoDraw = True
816.8249 	EXP 	textbox: autoDraw = True
818.3545 	EXP 	Device response: <KeyPress from None: t=818.3519337910693, value=4, duration=None>
818.3588 	DATA 	Keypress: 4
818.4618 	EXP 	Device response: <KeyPress from None: t=818.3519337910693, value=4, duration=0.10424404195509851>
818.7256 	DATA 	Keypress: 0
818.7298 	EXP 	Device response: <KeyPress from None: t=818.7209202080267, value=0, duration=None>
818.7947 	EXP 	Device response: <KeyPress from None: t=818.7209202080267, value=0, duration=0.0722758750198409>
819.0456 	DATA 	Keypress: 0
819.0466 	EXP 	Device response: <KeyPress from None: t=819.0409458330832, value=0, duration=None>
819.1280 	EXP 	Device response: <KeyPress from None: t=819.0409458330832, value=0, duration=0.0842843329301104>
819.7713 	DATA 	Mouse: Left button down, pos=(825,181)
819.7722 	EXP 	New trial (rep=10, index=8): <Trial 128 (8 in rep 10) data={'delay': 0.7, 'freq': 1000.0, 'conditions': 'exp', 'thisN': 128, 'thisTrialN': 8, 'thisRepN': 10}>
819.7755 	EXP 	text: autoDraw = False
819.7755 	EXP 	textbox: autoDraw = False
819.7755 	EXP 	fixation: autoDraw = True
819.9403 	DATA 	Mouse:  Left button up, pos=(825,181)
820.7617 	INFO 	Keyboard events cleared
820.7615 	EXP 	polygon: autoDraw = True
820.7716 	EXP 	fixation: autoDraw = False
955.5568 	EXP 	Device response: <KeyPress from None: t=955.5521123750368, value=space, duration=None>
955.5663 	EXP 	fixation: autoDraw = False
955.5663 	EXP 	polygon: autoDraw = False
955.5716 	DATA 	Keypress: space
955.6047 	EXP 	Device response: <KeyPress from None: t=955.5521123750368, value=space, duration=0.0500069580739364>
956.2428 	EXP 	Sound sound_1 reached end of file
956.2592 	EXP 	Playing sound sound_1 on speaker Nirvana Crystl
956.6931 	EXP 	Sound sound_1 stopped
956.7144 	EXP 	text: autoDraw = True
956.7144 	EXP 	textbox: autoDraw = True
957.2952 	DATA 	Keypress: 6
957.2964 	EXP 	Device response: <KeyPress from None: t=957.2878557500662, value=6, duration=None>
957.3705 	EXP 	Device response: <KeyPress from None: t=957.2878557500662, value=6, duration=0.07297266600653529>
957.7042 	DATA 	Keypress: 0
957.7052 	EXP 	Device response: <KeyPress from None: t=957.6946611660533, value=0, duration=None>
957.7604 	EXP 	Device response: <KeyPress from None: t=957.6946611660533, value=0, duration=0.06044641695916653>
957.8200 	EXP 	Device response: <KeyPress from None: t=957.8196255411021, value=0, duration=None>
957.8242 	DATA 	Keypress: 0
957.9040 	EXP 	Device response: <KeyPress from None: t=957.8196255411021, value=0, duration=0.0763822499429807>
961.3635 	DATA 	Mouse: Left button down, pos=(778,172)
961.3697 	EXP 	New trial (rep=10, index=9): <Trial 129 (9 in rep 10) data={'delay': 0.4, 'freq': 1000.0, 'conditions': 'exp', 'thisN': 129, 'thisTrialN': 9, 'thisRepN': 10}>
961.3728 	EXP 	text: autoDraw = False
961.3728 	EXP 	textbox: autoDraw = False
961.3728 	EXP 	fixation: autoDraw = True
961.5604 	DATA 	Mouse:  Left button up, pos=(778,172)
962.3607 	INFO 	Keyboard events cleared
962.3604 	EXP 	polygon: autoDraw = True
962.3705 	EXP 	fixation: autoDraw = False
964.2886 	EXP 	Device response: <KeyPress from None: t=964.2786150830798, value=space, duration=None>
964.2976 	DATA 	Keypress: space
964.3029 	EXP 	fixation: autoDraw = False
964.3029 	EXP 	polygon: autoDraw = False
964.3212 	EXP 	Device response: <KeyPress from None: t=964.2786150830798, value=space, duration=0.04034233302809298>
964.6756 	EXP 	Sound sound_1 reached end of file
964.6920 	EXP 	Playing sound sound_1 on speaker Nirvana Crystl
965.1266 	EXP 	Sound sound_1 stopped
965.1471 	EXP 	text: autoDraw = True
965.1471 	EXP 	textbox: autoDraw = True
966.9785 	DATA 	Keypress: 5
966.9798 	EXP 	Device response: <KeyPress from None: t=966.9705601250753, value=5, duration=None>
967.0697 	EXP 	Device response: <KeyPress from None: t=966.9705601250753, value=5, duration=0.09621520794462413>
967.2277 	DATA 	Keypress: 0
967.2287 	EXP 	Device response: <KeyPress from None: t=967.2225828750525, value=0, duration=None>
967.3099 	EXP 	Device response: <KeyPress from None: t=967.2225828750525, value=0, duration=0.084182208054699>
967.3529 	EXP 	Device response: <KeyPress from None: t=967.3514096660074, value=0, duration=None>
967.3572 	DATA 	Keypress: 0
967.4206 	EXP 	Device response: <KeyPress from None: t=967.3514096660074, value=0, duration=0.06045087508391589>
967.5532 	EXP 	Device response: <KeyPress from None: t=967.5495309580583, value=0, duration=None>
967.5560 	DATA 	Keypress: 0
967.5940 	EXP 	Device response: <KeyPress from None: t=967.5495309580583, value=0, duration=0.04027795803267509>
968.9364 	EXP 	Device response: <KeyPress from None: t=968.9355534160277, value=backspace, duration=None>
968.9435 	DATA 	Keypress: backspace
969.0034 	EXP 	Device response: <KeyPress from None: t=968.9355534160277, value=backspace, duration=0.06415733403991908>
969.7033 	DATA 	Mouse: Left button down, pos=(778,172)
969.7043 	EXP 	New trial (rep=10, index=10): <Trial 130 (10 in rep 10) data={'delay': 0.1, 'freq': 400.0, 'conditions': 'unexp', 'thisN': 130, 'thisTrialN': 10, 'thisRepN': 10}>
969.7075 	EXP 	text: autoDraw = False
969.7075 	EXP 	textbox: autoDraw = False
969.7075 	EXP 	fixation: autoDraw = True
969.8890 	DATA 	Mouse:  Left button up, pos=(778,172)
970.6937 	INFO 	Keyboard events cleared
970.6936 	EXP 	polygon: autoDraw = True
970.7036 	EXP 	fixation: autoDraw = False
971.5551 	EXP 	Device response: <KeyPress from None: t=971.5503548750421, value=space, duration=None>
971.5631 	DATA 	Keypress: space
971.5683 	EXP 	fixation: autoDraw = False
971.5683 	EXP 	polygon: autoDraw = False
971.6047 	EXP 	Device response: <KeyPress from None: t=971.5503548750421, value=space, duration=0.048450791044160724>
971.6426 	EXP 	Sound sound_1 reached end of file
971.6590 	EXP 	Playing sound sound_1 on speaker Nirvana Crystl
972.0926 	EXP 	Sound sound_1 stopped
972.1118 	EXP 	text: autoDraw = True
972.1118 	EXP 	textbox: autoDraw = True
974.9036 	DATA 	Keypress: 3
974.9047 	EXP 	Device response: <KeyPress from None: t=974.8962414580164, value=3, duration=None>
974.9938 	EXP 	Device response: <KeyPress from None: t=974.8962414580164, value=3, duration=0.09236400004010648>
975.1031 	EXP 	Device response: <KeyPress from None: t=975.1023950830568, value=0, duration=None>
975.1074 	DATA 	Keypress: 0
975.1607 	EXP 	Device response: <KeyPress from None: t=975.1023950830568, value=0, duration=0.052206333028152585>
975.2194 	EXP 	Device response: <KeyPress from None: t=975.2162335410248, value=0, duration=None>
975.2238 	DATA 	Keypress: 0
975.2864 	EXP 	Device response: <KeyPress from None: t=975.2162335410248, value=0, duration=0.06833987508434802>
975.6234 	DATA 	Mouse: Left button down, pos=(778,172)
975.6281 	EXP 	New trial (rep=10, index=11): <Trial 131 (11 in rep 10) data={'delay': 0.7, 'freq': 400.0, 'conditions': 'unexp', 'thisN': 131, 'thisTrialN': 11, 'thisRepN': 10}>
975.6355 	EXP 	text: autoDraw = False
975.6355 	EXP 	textbox: autoDraw = False
975.6355 	EXP 	fixation: autoDraw = True
975.7889 	DATA 	Mouse:  Left button up, pos=(778,172)
976.6262 	INFO 	Keyboard events cleared
976.6260 	EXP 	fixation: autoDraw = False
976.6260 	EXP 	polygon: autoDraw = True
977.1218 	EXP 	Device response: <KeyPress from None: t=977.111363416072, value=space, duration=None>
977.1294 	DATA 	Keypress: space
977.1345 	EXP 	fixation: autoDraw = False
977.1345 	EXP 	polygon: autoDraw = False
977.1711 	EXP 	Device response: <KeyPress from None: t=977.111363416072, value=space, duration=0.05634237499907613>
977.8080 	EXP 	Sound sound_1 reached end of file
977.8244 	EXP 	Playing sound sound_1 on speaker Nirvana Crystl
978.2590 	EXP 	Sound sound_1 stopped
978.2807 	EXP 	text: autoDraw = True
978.2807 	EXP 	textbox: autoDraw = True
978.9913 	DATA 	Keypress: 3
978.9962 	EXP 	Device response: <KeyPress from None: t=978.9861423750408, value=3, duration=None>
979.0873 	EXP 	Device response: <KeyPress from None: t=978.9861423750408, value=3, duration=0.09246654098387808>
979.2710 	DATA 	Keypress: 0
979.2719 	EXP 	Device response: <KeyPress from None: t=979.2652713330463, value=0, duration=None>
979.2941 	EXP 	Device response: <KeyPress from None: t=979.2652713330463, value=0, duration=0.028294250019825995>
980.3271 	DATA 	Keypress: backspace
980.3279 	EXP 	Device response: <KeyPress from None: t=980.3201190830441, value=backspace, duration=None>
980.3860 	EXP 	Device response: <KeyPress from None: t=980.3201190830441, value=backspace, duration=0.05632987502031028>
980.4605 	DATA 	Keypress: backspace
980.4612 	EXP 	Device response: <KeyPress from None: t=980.4541897081072, value=backspace, duration=None>
980.5109 	EXP 	Device response: <KeyPress from None: t=980.4541897081072, value=backspace, duration=0.05625658296048641>
980.9450 	DATA 	Keypress: 4
980.9458 	EXP 	Device response: <KeyPress from None: t=980.9401276250137, value=4, duration=None>
981.0370 	EXP 	Device response: <KeyPress from None: t=980.9401276250137, value=4, duration=0.08843620808329433>
981.2861 	EXP 	Device response: <KeyPress from None: t=981.2822299581021, value=0, duration=None>
981.2890 	DATA 	Keypress: 0
981.3366 	EXP 	Device response: <KeyPress from None: t=981.2822299581021, value=0, duration=0.052471332950517535>
981.4099 	EXP 	Device response: <KeyPress from None: t=981.4092567500193, value=0, duration=None>
981.4140 	DATA 	Keypress: 0
981.4703 	EXP 	Device response: <KeyPress from None: t=981.4092567500193, value=0, duration=0.05632125004194677>
981.8715 	DATA 	Mouse: Left button down, pos=(778,172)
981.8780 	EXP 	New trial (rep=11, index=0): <Trial 132 (0 in rep 11) data={'delay': 0.1, 'freq': 1000.0, 'conditions': 'exp', 'thisN': 132, 'thisTrialN': 0, 'thisRepN': 11}>
981.8855 	EXP 	text: autoDraw = False
981.8855 	EXP 	textbox: autoDraw = False
981.8855 	EXP 	fixation: autoDraw = True
982.0042 	DATA 	Mouse:  Left button up, pos=(778,172)
982.8766 	INFO 	Keyboard events cleared
982.8765 	EXP 	fixation: autoDraw = False
982.8765 	EXP 	polygon: autoDraw = True
983.6606 	EXP 	Device response: <KeyPress from None: t=983.6542896660976, value=space, duration=None>
983.6680 	DATA 	Keypress: space
983.6727 	EXP 	fixation: autoDraw = False
983.6727 	EXP 	polygon: autoDraw = False
983.7213 	EXP 	Device response: <KeyPress from None: t=983.6542896660976, value=space, duration=0.06015229190234095>
983.7539 	EXP 	Sound sound_1 reached end of file
983.7703 	EXP 	Playing sound sound_1 on speaker Nirvana Crystl
984.2050 	EXP 	Sound sound_1 stopped
984.2253 	EXP 	text: autoDraw = True
984.2253 	EXP 	textbox: autoDraw = True
985.0103 	EXP 	Device response: <KeyPress from None: t=985.0080053750426, value=2, duration=None>
985.0142 	DATA 	Keypress: 2
985.1436 	EXP 	Device response: <KeyPress from None: t=985.0080053750426, value=2, duration=0.13242625002749264>
985.2403 	DATA 	Keypress: 0
985.2451 	EXP 	Device response: <KeyPress from None: t=985.2360209580511, value=0, duration=None>
985.2941 	EXP 	Device response: <KeyPress from None: t=985.2360209580511, value=0, duration=0.05292612500488758>
985.3765 	EXP 	Device response: <KeyPress from None: t=985.374184416025, value=0, duration=None>
985.3794 	DATA 	Keypress: 0
985.4369 	EXP 	Device response: <KeyPress from None: t=985.374184416025, value=0, duration=0.05627083405852318>
985.8727 	DATA 	Mouse: Left button down, pos=(778,172)
985.8777 	EXP 	New trial (rep=11, index=1): <Trial 133 (1 in rep 11) data={'delay': 0.7, 'freq': 400.0, 'conditions': 'unexp', 'thisN': 133, 'thisTrialN': 1, 'thisRepN': 11}>
985.8858 	EXP 	text: autoDraw = False
985.8858 	EXP 	textbox: autoDraw = False
985.8858 	EXP 	fixation: autoDraw = True
986.0221 	DATA 	Mouse:  Left button up, pos=(778,172)
986.8766 	INFO 	Keyboard events cleared
986.8764 	EXP 	fixation: autoDraw = False
986.8764 	EXP 	polygon: autoDraw = True
987.5441 	EXP 	Device response: <KeyPress from None: t=987.5410575410351, value=space, duration=None>
987.5511 	DATA 	Keypress: space
987.5559 	EXP 	fixation: autoDraw = False
987.5559 	EXP 	polygon: autoDraw = False
987.6050 	EXP 	Device response: <KeyPress from None: t=987.5410575410351, value=space, duration=0.0523180840536952>
988.2373 	EXP 	Sound sound_1 reached end of file
988.2536 	EXP 	Playing sound sound_1 on speaker Nirvana Crystl
988.6882 	EXP 	Sound sound_1 stopped
988.7081 	EXP 	text: autoDraw = True
988.7081 	EXP 	textbox: autoDraw = True
989.6866 	DATA 	Keypress: 3
989.6877 	EXP 	Device response: <KeyPress from None: t=989.679892333108, value=3, duration=None>
989.7859 	EXP 	Device response: <KeyPress from None: t=989.679892333108, value=3, duration=0.09629449993371964>
990.0035 	DATA 	Keypress: 0
990.0046 	EXP 	Device response: <KeyPress from None: t=989.9969120000023, value=0, duration=None>
990.0604 	EXP 	Device response: <KeyPress from None: t=989.9969120000023, value=0, duration=0.056477125035598874>
990.1535 	DATA 	Keypress: 0
990.1545 	EXP 	Device response: <KeyPress from None: t=990.1438777500298, value=0, duration=None>
990.2036 	EXP 	Device response: <KeyPress from None: t=990.1438777500298, value=0, duration=0.052322415984235704>
990.6281 	DATA 	Mouse: Left button down, pos=(778,172)
990.6360 	EXP 	New trial (rep=11, index=2): <Trial 134 (2 in rep 11) data={'delay': 0.1, 'freq': 1000.0, 'conditions': 'exp', 'thisN': 134, 'thisTrialN': 2, 'thisRepN': 11}>
990.6392 	EXP 	text: autoDraw = False
990.6392 	EXP 	textbox: autoDraw = False
990.6392 	EXP 	fixation: autoDraw = True
990.7567 	DATA 	Mouse:  Left button up, pos=(778,172)
991.6268 	INFO 	Keyboard events cleared
991.6266 	EXP 	polygon: autoDraw = True
991.6366 	EXP 	fixation: autoDraw = False
992.3544 	EXP 	Device response: <KeyPress from None: t=992.3439094159985, value=space, duration=None>
992.3613 	DATA 	Keypress: space
992.3664 	EXP 	fixation: autoDraw = False
992.3664 	EXP 	polygon: autoDraw = False
992.4046 	EXP 	Device response: <KeyPress from None: t=992.3439094159985, value=space, duration=0.04833375010639429>
992.4426 	EXP 	Sound sound_1 reached end of file
992.4590 	EXP 	Playing sound sound_1 on speaker Nirvana Crystl
992.8933 	EXP 	Sound sound_1 stopped
992.9126 	EXP 	text: autoDraw = True
992.9126 	EXP 	textbox: autoDraw = True
993.6943 	EXP 	Device response: <KeyPress from None: t=993.6909119160846, value=2, duration=None>
993.6985 	DATA 	Keypress: 2
993.8202 	EXP 	Device response: <KeyPress from None: t=993.6909119160846, value=2, duration=0.12032462493516505>
993.9773 	DATA 	Keypress: 0
993.9783 	EXP 	Device response: <KeyPress from None: t=993.9729314580327, value=0, duration=None>
994.0261 	EXP 	Device response: <KeyPress from None: t=993.9729314580327, value=0, duration=0.05238083307631314>
994.1205 	DATA 	Keypress: 0
994.1215 	EXP 	Device response: <KeyPress from None: t=994.1107334580738, value=0, duration=None>
994.1599 	EXP 	Device response: <KeyPress from None: t=994.1107334580738, value=0, duration=0.04755174997262657>
994.5560 	DATA 	Mouse: Left button down, pos=(778,172)
994.5607 	EXP 	New trial (rep=11, index=3): <Trial 135 (3 in rep 11) data={'delay': 0.7, 'freq': 1000.0, 'conditions': 'exp', 'thisN': 135, 'thisTrialN': 3, 'thisRepN': 11}>
994.5686 	EXP 	text: autoDraw = False
994.5686 	EXP 	textbox: autoDraw = False
994.5686 	EXP 	fixation: autoDraw = True
994.7206 	DATA 	Mouse:  Left button up, pos=(778,172)
995.5589 	INFO 	Keyboard events cleared
995.5588 	EXP 	fixation: autoDraw = False
995.5588 	EXP 	polygon: autoDraw = True
996.0885 	EXP 	Device response: <KeyPress from None: t=996.0819077910855, value=space, duration=None>
996.0959 	DATA 	Keypress: space
996.1010 	EXP 	fixation: autoDraw = False
996.1010 	EXP 	polygon: autoDraw = False
996.1253 	EXP 	Device response: <KeyPress from None: t=996.0819077910855, value=space, duration=0.04030716698616743>
996.7759 	EXP 	Sound sound_1 reached end of file
996.7923 	EXP 	Playing sound sound_1 on speaker Nirvana Crystl
997.2260 	EXP 	Sound sound_1 stopped
997.2456 	EXP 	text: autoDraw = True
997.2456 	EXP 	textbox: autoDraw = True
997.9534 	DATA 	Keypress: 7
997.9546 	EXP 	Device response: <KeyPress from None: t=997.9467125410447, value=7, duration=None>
998.0526 	EXP 	Device response: <KeyPress from None: t=997.9467125410447, value=7, duration=0.10034783405717462>
998.2360 	EXP 	Device response: <KeyPress from None: t=998.2307091660332, value=0, duration=None>
998.2391 	DATA 	Keypress: 0
998.3363 	EXP 	Device response: <KeyPress from None: t=998.2307091660332, value=0, duration=0.10070404200814664>
998.4096 	EXP 	Device response: <KeyPress from None: t=998.4086867080769, value=0, duration=None>
998.4125 	DATA 	Keypress: 0
998.4867 	EXP 	Device response: <KeyPress from None: t=998.4086867080769, value=0, duration=0.0682822079397738>
998.8096 	DATA 	Mouse: Left button down, pos=(778,172)
998.8105 	EXP 	New trial (rep=11, index=4): <Trial 136 (4 in rep 11) data={'delay': 0.7, 'freq': 1000.0, 'conditions': 'exp', 'thisN': 136, 'thisTrialN': 4, 'thisRepN': 11}>
998.8190 	EXP 	text: autoDraw = False
998.8190 	EXP 	textbox: autoDraw = False
998.8190 	EXP 	fixation: autoDraw = True
998.9538 	DATA 	Mouse:  Left button up, pos=(778,172)
999.8083 	INFO 	Keyboard events cleared
999.8081 	EXP 	fixation: autoDraw = False
999.8081 	EXP 	polygon: autoDraw = True
1000.5714 	EXP 	Device response: <KeyPress from None: t=1000.5658023750875, value=space, duration=None>
1000.5785 	DATA 	Keypress: space
1000.5836 	EXP 	fixation: autoDraw = False
1000.5836 	EXP 	polygon: autoDraw = False
1000.6551 	EXP 	Device response: <KeyPress from None: t=1000.5658023750875, value=space, duration=0.08434545795898885>
1001.2592 	EXP 	Sound sound_1 reached end of file
1001.2757 	EXP 	Playing sound sound_1 on speaker Nirvana Crystl
1001.7093 	EXP 	Sound sound_1 stopped
1001.7288 	EXP 	text: autoDraw = True
1001.7288 	EXP 	textbox: autoDraw = True
1002.4522 	EXP 	Device response: <KeyPress from None: t=1002.4506721660728, value=7, duration=None>
1002.4564 	DATA 	Keypress: 7
1002.5435 	EXP 	Device response: <KeyPress from None: t=1002.4506721660728, value=7, duration=0.08834158396348357>
1002.7270 	DATA 	Keypress: 0
1002.7280 	EXP 	Device response: <KeyPress from None: t=1002.7206833329983, value=0, duration=None>
1002.8196 	EXP 	Device response: <KeyPress from None: t=1002.7206833329983, value=0, duration=0.0962481671012938>
1002.8763 	EXP 	Device response: <KeyPress from None: t=1002.8746265830705, value=0, duration=None>
1002.8790 	DATA 	Keypress: 0
1002.9604 	EXP 	Device response: <KeyPress from None: t=1002.8746265830705, value=0, duration=0.0804223750019446>
1003.3612 	DATA 	Mouse: Left button down, pos=(778,172)
1003.3692 	EXP 	New trial (rep=11, index=5): <Trial 137 (5 in rep 11) data={'delay': 0.1, 'freq': 400.0, 'conditions': 'unexp', 'thisN': 137, 'thisTrialN': 5, 'thisRepN': 11}>
1003.3724 	EXP 	text: autoDraw = False
1003.3724 	EXP 	textbox: autoDraw = False
1003.3724 	EXP 	fixation: autoDraw = True
1003.4869 	DATA 	Mouse:  Left button up, pos=(778,172)
1004.3592 	INFO 	Keyboard events cleared
1004.3590 	EXP 	polygon: autoDraw = True
1004.3702 	EXP 	fixation: autoDraw = False
1004.7045 	EXP 	Device response: <KeyPress from None: t=1004.6978259161115, value=space, duration=None>
1004.7111 	DATA 	Keypress: space
1004.7150 	EXP 	fixation: autoDraw = False
1004.7150 	EXP 	polygon: autoDraw = False
1004.7237 	EXP 	Device response: <KeyPress from None: t=1004.6978259161115, value=space, duration=0.02436287491582334>
1004.7714 	EXP 	Device response: <KeyPress from None: t=1004.7675365000032, value=space, duration=None>
1004.7773 	DATA 	Keypress: space
1004.8031 	EXP 	Sound sound_1 reached end of file
1004.8195 	EXP 	Playing sound sound_1 on speaker Nirvana Crystl
1004.8381 	EXP 	Device response: <KeyPress from None: t=1004.7675365000032, value=space, duration=0.06044725002720952>
1005.2543 	EXP 	Sound sound_1 stopped
1005.2755 	EXP 	text: autoDraw = True
1005.2755 	EXP 	textbox: autoDraw = True
1006.3362 	EXP 	Device response: <KeyPress from None: t=1006.3329327080864, value=2, duration=None>
1006.3405 	DATA 	Keypress: 2
1006.4204 	EXP 	Device response: <KeyPress from None: t=1006.3329327080864, value=2, duration=0.08001399994827807>
1006.7195 	EXP 	Device response: <KeyPress from None: t=1006.7185522500658, value=0, duration=None>
1006.7238 	DATA 	Keypress: 0
1006.8103 	EXP 	Device response: <KeyPress from None: t=1006.7185522500658, value=0, duration=0.0843357079429552>
1006.8937 	DATA 	Keypress: 0
1006.8946 	EXP 	Device response: <KeyPress from None: t=1006.8864874580177, value=0, duration=None>
1006.9358 	EXP 	Device response: <KeyPress from None: t=1006.8864874580177, value=0, duration=0.04844262509141117>
1008.2058 	DATA 	Mouse: Left button down, pos=(778,172)
1008.2112 	EXP 	New trial (rep=11, index=6): <Trial 138 (6 in rep 11) data={'delay': 0.7, 'freq': 1000.0, 'conditions': 'exp', 'thisN': 138, 'thisTrialN': 6, 'thisRepN': 11}>
1008.2195 	EXP 	text: autoDraw = False
1008.2195 	EXP 	textbox: autoDraw = False
1008.2195 	EXP 	fixation: autoDraw = True
1008.3540 	DATA 	Mouse:  Left button up, pos=(778,172)
1009.2088 	INFO 	Keyboard events cleared
1009.2086 	EXP 	fixation: autoDraw = False
1009.2086 	EXP 	polygon: autoDraw = True
1009.8604 	EXP 	Device response: <KeyPress from None: t=1009.8544675000012, value=space, duration=None>
1009.8681 	DATA 	Keypress: space
1009.8727 	EXP 	fixation: autoDraw = False
1009.8727 	EXP 	polygon: autoDraw = False
1009.9041 	EXP 	Device response: <KeyPress from None: t=1009.8544675000012, value=space, duration=0.048421583021990955>
1010.5536 	EXP 	Sound sound_1 reached end of file
1010.5700 	EXP 	Playing sound sound_1 on speaker Nirvana Crystl
1011.0044 	EXP 	Sound sound_1 stopped
1011.0240 	EXP 	text: autoDraw = True
1011.0240 	EXP 	textbox: autoDraw = True
1011.6285 	DATA 	Keypress: 8
1011.6297 	EXP 	Device response: <KeyPress from None: t=1011.6234712910373, value=8, duration=None>
1011.7025 	EXP 	Device response: <KeyPress from None: t=1011.6234712910373, value=8, duration=0.07621500000823289>
1011.8536 	DATA 	Keypress: 0
1011.8548 	EXP 	Device response: <KeyPress from None: t=1011.8433377500623, value=0, duration=None>
1011.9365 	EXP 	Device response: <KeyPress from None: t=1011.8433377500623, value=0, duration=0.08444154099561274>
1012.0033 	DATA 	Keypress: 0
1012.0043 	EXP 	Device response: <KeyPress from None: t=1011.9973794160178, value=0, duration=None>
1012.0595 	EXP 	Device response: <KeyPress from None: t=1011.9973794160178, value=0, duration=0.06032566702924669>
1012.4190 	DATA 	Mouse: Left button down, pos=(778,172)
1012.4199 	EXP 	New trial (rep=11, index=7): <Trial 139 (7 in rep 11) data={'delay': 0.4, 'freq': 400.0, 'conditions': 'unexp', 'thisN': 139, 'thisTrialN': 7, 'thisRepN': 11}>
1012.4230 	EXP 	text: autoDraw = False
1012.4230 	EXP 	textbox: autoDraw = False
1012.4230 	EXP 	fixation: autoDraw = True
1012.5368 	DATA 	Mouse:  Left button up, pos=(778,172)
1013.4102 	INFO 	Keyboard events cleared
1013.4100 	EXP 	polygon: autoDraw = True
1013.4201 	EXP 	fixation: autoDraw = False
1014.4597 	EXP 	Device response: <KeyPress from None: t=1014.4554800830083, value=space, duration=None>
1014.4671 	DATA 	Keypress: space
1014.4724 	EXP 	fixation: autoDraw = False
1014.4724 	EXP 	polygon: autoDraw = False
1014.5264 	EXP 	Device response: <KeyPress from None: t=1014.4554800830083, value=space, duration=0.0682745830854401>
1014.8535 	EXP 	Sound sound_1 reached end of file
1014.8699 	EXP 	Playing sound sound_1 on speaker Nirvana Crystl
1015.3044 	EXP 	Sound sound_1 stopped
1015.3244 	EXP 	text: autoDraw = True
1015.3244 	EXP 	textbox: autoDraw = True
1016.4643 	DATA 	Keypress: 3
1016.4714 	EXP 	Device response: <KeyPress from None: t=1016.4603496250929, value=3, duration=None>
1016.5525 	EXP 	Device response: <KeyPress from None: t=1016.4603496250929, value=3, duration=0.08825212495867163>
1016.8429 	EXP 	Device response: <KeyPress from None: t=1016.8422622081125, value=0, duration=None>
1016.8471 	DATA 	Keypress: 0
1016.9196 	EXP 	Device response: <KeyPress from None: t=1016.8422622081125, value=0, duration=0.07634599995799363>
1017.0028 	EXP 	Device response: <KeyPress from None: t=1017.0014215001138, value=0, duration=None>
1017.0069 	DATA 	Keypress: 0
1017.0763 	EXP 	Device response: <KeyPress from None: t=1017.0014215001138, value=0, duration=0.07221854093950242>
1017.4860 	DATA 	Mouse: Left button down, pos=(778,172)
1017.4869 	EXP 	New trial (rep=11, index=8): <Trial 140 (8 in rep 11) data={'delay': 0.1, 'freq': 1000.0, 'conditions': 'exp', 'thisN': 140, 'thisTrialN': 8, 'thisRepN': 11}>
1017.4903 	EXP 	text: autoDraw = False
1017.4903 	EXP 	textbox: autoDraw = False
1017.4903 	EXP 	fixation: autoDraw = True
1017.6196 	DATA 	Mouse:  Left button up, pos=(778,172)
1018.4750 	INFO 	Keyboard events cleared
1018.4749 	EXP 	polygon: autoDraw = True
1018.4866 	EXP 	fixation: autoDraw = False
1019.5773 	EXP 	Device response: <KeyPress from None: t=1019.5736118330387, value=space, duration=None>
1019.5845 	DATA 	Keypress: space
1019.5892 	EXP 	fixation: autoDraw = False
1019.5892 	EXP 	polygon: autoDraw = False
1019.6383 	EXP 	Device response: <KeyPress from None: t=1019.5736118330387, value=space, duration=0.05608300003223121>
1019.6701 	EXP 	Sound sound_1 reached end of file
1019.6865 	EXP 	Playing sound sound_1 on speaker Nirvana Crystl
1020.1202 	EXP 	Sound sound_1 stopped
1020.1390 	EXP 	text: autoDraw = True
1020.1390 	EXP 	textbox: autoDraw = True
1021.0944 	DATA 	Keypress: 2
1021.0955 	EXP 	Device response: <KeyPress from None: t=1021.0882935830159, value=2, duration=None>
1021.2097 	EXP 	Device response: <KeyPress from None: t=1021.0882935830159, value=2, duration=0.12021912506315857>
1021.4863 	EXP 	Device response: <KeyPress from None: t=1021.4832840830786, value=0, duration=None>
1021.4892 	DATA 	Keypress: 0
1021.5267 	EXP 	Device response: <KeyPress from None: t=1021.4832840830786, value=0, duration=0.03616925003007054>
1021.6096 	EXP 	Device response: <KeyPress from None: t=1021.6082232081098, value=0, duration=None>
1021.6124 	DATA 	Keypress: 0
1021.6694 	EXP 	Device response: <KeyPress from None: t=1021.6082232081098, value=0, duration=0.056269166991114616>
1022.0594 	DATA 	Mouse: Left button down, pos=(778,172)
1022.0603 	EXP 	New trial (rep=11, index=9): <Trial 141 (9 in rep 11) data={'delay': 0.4, 'freq': 1000.0, 'conditions': 'exp', 'thisN': 141, 'thisTrialN': 9, 'thisRepN': 11}>
1022.0684 	EXP 	text: autoDraw = False
1022.0684 	EXP 	textbox: autoDraw = False
1022.0684 	EXP 	fixation: autoDraw = True
1022.1395 	DATA 	Mouse:  Left button up, pos=(778,172)
1023.0534 	INFO 	Keyboard events cleared
1023.0532 	EXP 	polygon: autoDraw = True
1023.0595 	EXP 	fixation: autoDraw = False
1023.3712 	EXP 	Device response: <KeyPress from None: t=1023.3651933330111, value=space, duration=None>
1023.3790 	DATA 	Keypress: space
1023.3840 	EXP 	fixation: autoDraw = False
1023.3840 	EXP 	polygon: autoDraw = False
1023.4041 	EXP 	Device response: <KeyPress from None: t=1023.3651933330111, value=space, duration=0.036314958008006215>
1023.7588 	EXP 	Sound sound_1 reached end of file
1023.7752 	EXP 	Playing sound sound_1 on speaker Nirvana Crystl
1024.2097 	EXP 	Sound sound_1 stopped
1024.2298 	EXP 	text: autoDraw = True
1024.2298 	EXP 	textbox: autoDraw = True
1024.4862 	DATA 	Keypress: 4
1024.4873 	EXP 	Device response: <KeyPress from None: t=1024.4798223330872, value=4, duration=None>
1024.5700 	EXP 	Device response: <KeyPress from None: t=1024.4798223330872, value=4, duration=0.08369912498164922>
1024.7434 	DATA 	Keypress: 0
1024.7444 	EXP 	Device response: <KeyPress from None: t=1024.7381061250344, value=0, duration=None>
1024.8036 	EXP 	Device response: <KeyPress from None: t=1024.7381061250344, value=0, duration=0.056409250013530254>
1024.8595 	EXP 	Device response: <KeyPress from None: t=1024.858094333089, value=0, duration=None>
1024.8621 	DATA 	Keypress: 0
1024.9097 	EXP 	Device response: <KeyPress from None: t=1024.858094333089, value=0, duration=0.04827799997292459>
1025.3058 	DATA 	Mouse: Left button down, pos=(778,172)
1025.3106 	EXP 	New trial (rep=11, index=10): <Trial 142 (10 in rep 11) data={'delay': 0.4, 'freq': 1000.0, 'conditions': 'exp', 'thisN': 142, 'thisTrialN': 10, 'thisRepN': 11}>
1025.3186 	EXP 	text: autoDraw = False
1025.3186 	EXP 	textbox: autoDraw = False
1025.3186 	EXP 	fixation: autoDraw = True
1025.3697 	DATA 	Mouse:  Left button up, pos=(778,172)
1026.3094 	INFO 	Keyboard events cleared
1026.3092 	EXP 	fixation: autoDraw = False
1026.3092 	EXP 	polygon: autoDraw = True
1026.9101 	EXP 	Device response: <KeyPress from None: t=1026.904201541096, value=space, duration=None>
1026.9172 	DATA 	Keypress: space
1026.9223 	EXP 	fixation: autoDraw = False
1026.9223 	EXP 	polygon: autoDraw = False
1026.9540 	EXP 	Device response: <KeyPress from None: t=1026.904201541096, value=space, duration=0.03619187499862164>
1027.3039 	EXP 	Sound sound_1 reached end of file
1027.3202 	EXP 	Playing sound sound_1 on speaker Nirvana Crystl
1027.7545 	EXP 	Sound sound_1 stopped
1027.7747 	EXP 	text: autoDraw = True
1027.7747 	EXP 	textbox: autoDraw = True
1028.1599 	EXP 	Device response: <KeyPress from None: t=1028.1591300830478, value=4, duration=None>
1028.1638 	DATA 	Keypress: 4
1028.2367 	EXP 	Device response: <KeyPress from None: t=1028.1591300830478, value=4, duration=0.07234654203057289>
1028.4759 	EXP 	Device response: <KeyPress from None: t=1028.475005291053, value=0, duration=None>
1028.4788 	DATA 	Keypress: 0
1028.5360 	EXP 	Device response: <KeyPress from None: t=1028.475005291053, value=0, duration=0.06028508394956589>
1028.6202 	DATA 	Keypress: 0
1028.6212 	EXP 	Device response: <KeyPress from None: t=1028.6101148331072, value=0, duration=None>
1028.6595 	EXP 	Device response: <KeyPress from None: t=1028.6101148331072, value=0, duration=0.04817449999973178>
1028.9931 	DATA 	Mouse: Left button down, pos=(778,172)
1028.9941 	EXP 	New trial (rep=11, index=11): <Trial 143 (11 in rep 11) data={'delay': 0.4, 'freq': 1000.0, 'conditions': 'exp', 'thisN': 143, 'thisTrialN': 11, 'thisRepN': 11}>
1029.0024 	EXP 	text: autoDraw = False
1029.0024 	EXP 	textbox: autoDraw = False
1029.0024 	EXP 	fixation: autoDraw = True
1029.0703 	DATA 	Mouse:  Left button up, pos=(778,172)
1029.9924 	INFO 	Keyboard events cleared
1029.9922 	EXP 	fixation: autoDraw = False
1029.9922 	EXP 	polygon: autoDraw = True
1031.0106 	EXP 	Device response: <KeyPress from None: t=1031.004044833011, value=space, duration=None>
1031.0176 	DATA 	Keypress: space
1031.0224 	EXP 	fixation: autoDraw = False
1031.0224 	EXP 	polygon: autoDraw = False
1031.0540 	EXP 	Device response: <KeyPress from None: t=1031.004044833011, value=space, duration=0.040743458084762096>
1031.4037 	EXP 	Sound sound_1 reached end of file
1031.4200 	EXP 	Playing sound sound_1 on speaker Nirvana Crystl
1031.8542 	EXP 	Sound sound_1 stopped
1031.8740 	EXP 	text: autoDraw = True
1031.8740 	EXP 	textbox: autoDraw = True
1033.3523 	EXP 	Device response: <KeyPress from None: t=1033.3468822500436, value=1, duration=None>
1033.3567 	DATA 	Keypress: 1
1033.4688 	EXP 	Device response: <KeyPress from None: t=1033.3468822500436, value=1, duration=0.11236137500964105>
1035.1600 	DATA 	Keypress: backspace
1035.1609 	EXP 	Device response: <KeyPress from None: t=1035.152948333067, value=backspace, duration=None>
1035.2359 	EXP 	Device response: <KeyPress from None: t=1035.152948333067, value=backspace, duration=0.08030979195609689>
1035.4076 	DATA 	Keypress: 2
1035.4119 	EXP 	Device response: <KeyPress from None: t=1035.4029359580018, value=2, duration=None>
1035.5196 	EXP 	Device response: <KeyPress from None: t=1035.4029359580018, value=2, duration=0.11622241709847003>
1035.8194 	EXP 	Device response: <KeyPress from None: t=1035.8179355410393, value=0, duration=None>
1035.8235 	DATA 	Keypress: 0
1035.8861 	EXP 	Device response: <KeyPress from None: t=1035.8179355410393, value=0, duration=0.06417366699315608>
1035.9699 	DATA 	Keypress: 0
1035.9709 	EXP 	Device response: <KeyPress from None: t=1035.962980833021, value=0, duration=None>
1036.0367 	EXP 	Device response: <KeyPress from None: t=1035.962980833021, value=0, duration=0.06831458304077387>
1036.5525 	DATA 	Mouse: Left button down, pos=(778,172)
1036.5535 	EXP 	New trial (rep=12, index=0): <Trial 144 (0 in rep 12) data={'delay': 0.1, 'freq': 1000.0, 'conditions': 'exp', 'thisN': 144, 'thisTrialN': 0, 'thisRepN': 12}>
1036.5568 	EXP 	text: autoDraw = False
1036.5568 	EXP 	textbox: autoDraw = False
1036.5568 	EXP 	fixation: autoDraw = True
1036.7047 	DATA 	Mouse:  Left button up, pos=(778,172)
1037.5431 	INFO 	Keyboard events cleared
1037.5430 	EXP 	polygon: autoDraw = True
1037.5532 	EXP 	fixation: autoDraw = False
1038.9380 	EXP 	Device response: <KeyPress from None: t=1038.9278236660175, value=space, duration=None>
1038.9454 	DATA 	Keypress: space
1038.9507 	EXP 	fixation: autoDraw = False
1038.9507 	EXP 	polygon: autoDraw = False
1038.9553 	EXP 	Device response: <KeyPress from None: t=1038.9278236660175, value=space, duration=0.0242663340177387>
1039.0255 	EXP 	Sound sound_1 reached end of file
1039.0419 	EXP 	Playing sound sound_1 on speaker Nirvana Crystl
1039.4764 	EXP 	Sound sound_1 stopped
1039.4958 	EXP 	text: autoDraw = True
1039.4958 	EXP 	textbox: autoDraw = True
1040.1934 	EXP 	Device response: <KeyPress from None: t=1040.1909114581067, value=3, duration=None>
1040.1973 	DATA 	Keypress: 3
1040.2760 	EXP 	Device response: <KeyPress from None: t=1040.1909114581067, value=3, duration=0.08424599992576987>
1040.5193 	EXP 	Device response: <KeyPress from None: t=1040.5158570000203, value=0, duration=None>
1040.5221 	DATA 	Keypress: 0
1040.5855 	EXP 	Device response: <KeyPress from None: t=1040.5158570000203, value=0, duration=0.06040929106529802>
1040.6700 	DATA 	Keypress: 0
1040.6709 	EXP 	Device response: <KeyPress from None: t=1040.6628236660035, value=0, duration=None>
1040.6923 	EXP 	Device response: <KeyPress from None: t=1040.6628236660035, value=0, duration=0.02837029204238206>
1041.3462 	DATA 	Mouse: Left button down, pos=(778,172)
1041.3522 	EXP 	New trial (rep=12, index=1): <Trial 145 (1 in rep 12) data={'delay': 0.7, 'freq': 1000.0, 'conditions': 'exp', 'thisN': 145, 'thisTrialN': 1, 'thisRepN': 12}>
1041.3554 	EXP 	text: autoDraw = False
1041.3554 	EXP 	textbox: autoDraw = False
1041.3554 	EXP 	fixation: autoDraw = True
1041.4866 	DATA 	Mouse:  Left button up, pos=(778,172)
1042.3424 	INFO 	Keyboard events cleared
1042.3422 	EXP 	polygon: autoDraw = True
1042.3530 	EXP 	fixation: autoDraw = False
1045.1880 	EXP 	Device response: <KeyPress from None: t=1045.1765732500935, value=space, duration=None>
1045.1954 	DATA 	Keypress: space
1045.2004 	EXP 	fixation: autoDraw = False
1045.2004 	EXP 	polygon: autoDraw = False
1045.2207 	EXP 	Device response: <KeyPress from None: t=1045.1765732500935, value=space, duration=0.032464707968756557>
1045.8753 	EXP 	Sound sound_1 reached end of file
1045.8918 	EXP 	Playing sound sound_1 on speaker Nirvana Crystl
1046.3256 	EXP 	Sound sound_1 stopped
1046.3454 	EXP 	text: autoDraw = True
1046.3454 	EXP 	textbox: autoDraw = True
1047.1978 	DATA 	Keypress: 4
1047.2031 	EXP 	Device response: <KeyPress from None: t=1047.1936033751117, value=4, duration=None>
1047.2866 	EXP 	Device response: <KeyPress from None: t=1047.1936033751117, value=4, duration=0.08438966597896069>
1047.5933 	DATA 	Keypress: 0
1047.5943 	EXP 	Device response: <KeyPress from None: t=1047.5865312500391, value=0, duration=None>
1047.6530 	EXP 	Device response: <KeyPress from None: t=1047.5865312500391, value=0, duration=0.06036695803049952>
1047.7426 	EXP 	Device response: <KeyPress from None: t=1047.7395312080625, value=0, duration=None>
1047.7456 	DATA 	Keypress: 0
1047.7859 	EXP 	Device response: <KeyPress from None: t=1047.7395312080625, value=0, duration=0.044355624937452376>
1048.5260 	DATA 	Mouse: Left button down, pos=(778,172)
1048.5269 	EXP 	New trial (rep=12, index=2): <Trial 146 (2 in rep 12) data={'delay': 0.4, 'freq': 400.0, 'conditions': 'unexp', 'thisN': 146, 'thisTrialN': 2, 'thisRepN': 12}>
1048.5350 	EXP 	text: autoDraw = False
1048.5350 	EXP 	textbox: autoDraw = False
1048.5350 	EXP 	fixation: autoDraw = True
1048.6867 	DATA 	Mouse:  Left button up, pos=(778,172)
1049.5199 	INFO 	Keyboard events cleared
1049.5197 	EXP 	polygon: autoDraw = True
1049.5259 	EXP 	fixation: autoDraw = False
1052.4037 	EXP 	Device response: <KeyPress from None: t=1052.397558625089, value=space, duration=None>
1052.4111 	DATA 	Keypress: space
1052.4162 	EXP 	fixation: autoDraw = False
1052.4162 	EXP 	polygon: autoDraw = False
1052.4370 	EXP 	Device response: <KeyPress from None: t=1052.397558625089, value=space, duration=0.02833079092670232>
1052.7911 	EXP 	Sound sound_1 reached end of file
1052.8075 	EXP 	Playing sound sound_1 on speaker Nirvana Crystl
1053.2421 	EXP 	Sound sound_1 stopped
1053.2622 	EXP 	text: autoDraw = True
1053.2622 	EXP 	textbox: autoDraw = True
1054.3186 	EXP 	Device response: <KeyPress from None: t=1054.3167554161046, value=3, duration=None>
1054.3228 	DATA 	Keypress: 3
1054.4025 	EXP 	Device response: <KeyPress from None: t=1054.3167554161046, value=3, duration=0.08409704198129475>
1054.6099 	DATA 	Keypress: 0
1054.6109 	EXP 	Device response: <KeyPress from None: t=1054.6024971250445, value=0, duration=None>
1054.6525 	EXP 	Device response: <KeyPress from None: t=1054.6024971250445, value=0, duration=0.04826483305078>
1054.7426 	EXP 	Device response: <KeyPress from None: t=1054.7405487500364, value=0, duration=None>
1054.7455 	DATA 	Keypress: 0
1054.8024 	EXP 	Device response: <KeyPress from None: t=1054.7405487500364, value=0, duration=0.060238500009290874>
1055.2519 	DATA 	Mouse: Left button down, pos=(778,172)
1055.2529 	EXP 	New trial (rep=12, index=3): <Trial 147 (3 in rep 12) data={'delay': 0.4, 'freq': 1000.0, 'conditions': 'exp', 'thisN': 147, 'thisTrialN': 3, 'thisRepN': 12}>
1055.2559 	EXP 	text: autoDraw = False
1055.2559 	EXP 	textbox: autoDraw = False
1055.2559 	EXP 	fixation: autoDraw = True
1055.3864 	DATA 	Mouse:  Left button up, pos=(778,172)
1056.2427 	INFO 	Keyboard events cleared
1056.2426 	EXP 	polygon: autoDraw = True
1056.2531 	EXP 	fixation: autoDraw = False
1057.0540 	EXP 	Device response: <KeyPress from None: t=1057.0454252080526, value=space, duration=None>
1057.0615 	DATA 	Keypress: space
1057.0665 	EXP 	fixation: autoDraw = False
1057.0665 	EXP 	polygon: autoDraw = False
1057.0907 	EXP 	Device response: <KeyPress from None: t=1057.0454252080526, value=space, duration=0.044346958049573004>
1057.4418 	EXP 	Sound sound_1 reached end of file
1057.4582 	EXP 	Playing sound sound_1 on speaker Nirvana Crystl
1057.8929 	EXP 	Sound sound_1 stopped
1057.9116 	EXP 	text: autoDraw = True
1057.9116 	EXP 	textbox: autoDraw = True
1060.3779 	DATA 	Keypress: 3
1060.3790 	EXP 	Device response: <KeyPress from None: t=1060.3712778330082, value=3, duration=None>
1060.4693 	EXP 	Device response: <KeyPress from None: t=1060.3712778330082, value=3, duration=0.09240775008220226>
1060.6759 	EXP 	Device response: <KeyPress from None: t=1060.6723322500475, value=0, duration=None>
1060.6788 	DATA 	Keypress: 0
1060.7258 	EXP 	Device response: <KeyPress from None: t=1060.6723322500475, value=0, duration=0.05227337498217821>
1060.8094 	EXP 	Device response: <KeyPress from None: t=1060.807247125078, value=0, duration=None>
1060.8122 	DATA 	Keypress: 0
1060.8695 	EXP 	Device response: <KeyPress from None: t=1060.807247125078, value=0, duration=0.056296249967999756>
1061.3593 	DATA 	Mouse: Left button down, pos=(778,172)
1061.3602 	EXP 	New trial (rep=12, index=4): <Trial 148 (4 in rep 12) data={'delay': 0.7, 'freq': 1000.0, 'conditions': 'exp', 'thisN': 148, 'thisTrialN': 4, 'thisRepN': 12}>
1061.3685 	EXP 	text: autoDraw = False
1061.3685 	EXP 	textbox: autoDraw = False
1061.3685 	EXP 	fixation: autoDraw = True
1061.4561 	DATA 	Mouse:  Left button up, pos=(778,172)
1062.3593 	INFO 	Keyboard events cleared
1062.3591 	EXP 	fixation: autoDraw = False
1062.3591 	EXP 	polygon: autoDraw = True
1063.0045 	EXP 	Device response: <KeyPress from None: t=1063.0021904580062, value=space, duration=None>
1063.0121 	DATA 	Keypress: space
1063.0171 	EXP 	fixation: autoDraw = False
1063.0171 	EXP 	polygon: autoDraw = False
1063.0711 	EXP 	Device response: <KeyPress from None: t=1063.0021904580062, value=space, duration=0.06042883300688118>
1063.6919 	EXP 	Sound sound_1 reached end of file
1063.7083 	EXP 	Playing sound sound_1 on speaker Nirvana Crystl
1064.1427 	EXP 	Sound sound_1 stopped
1064.1624 	EXP 	text: autoDraw = True
1064.1624 	EXP 	textbox: autoDraw = True
1066.3581 	DATA 	Keypress: 2
1066.3625 	EXP 	Device response: <KeyPress from None: t=1066.353201083024, value=2, duration=None>
1066.5027 	EXP 	Device response: <KeyPress from None: t=1066.353201083024, value=2, duration=0.14030908304266632>
1066.7426 	EXP 	Device response: <KeyPress from None: t=1066.7412710830104, value=0, duration=None>
1066.7456 	DATA 	Keypress: 0
1066.8025 	EXP 	Device response: <KeyPress from None: t=1066.7412710830104, value=0, duration=0.052523542079143226>
1066.8927 	EXP 	Device response: <KeyPress from None: t=1066.89018962509, value=0, duration=None>
1066.8955 	DATA 	Keypress: 0
1066.9526 	EXP 	Device response: <KeyPress from None: t=1066.89018962509, value=0, duration=0.05233783298172057>
1067.5258 	DATA 	Mouse: Left button down, pos=(778,172)
1067.5267 	EXP 	New trial (rep=12, index=5): <Trial 149 (5 in rep 12) data={'delay': 0.7, 'freq': 1000.0, 'conditions': 'exp', 'thisN': 149, 'thisTrialN': 5, 'thisRepN': 12}>
1067.5348 	EXP 	text: autoDraw = False
1067.5348 	EXP 	textbox: autoDraw = False
1067.5348 	EXP 	fixation: autoDraw = True
1067.6698 	DATA 	Mouse:  Left button up, pos=(778,172)
1068.5196 	INFO 	Keyboard events cleared
1068.5194 	EXP 	polygon: autoDraw = True
1068.5249 	EXP 	fixation: autoDraw = False
1070.2772 	EXP 	Device response: <KeyPress from None: t=1070.2709930000128, value=space, duration=None>
1070.2856 	DATA 	Keypress: space
1070.2901 	EXP 	fixation: autoDraw = False
1070.2901 	EXP 	polygon: autoDraw = False
1070.3041 	EXP 	Device response: <KeyPress from None: t=1070.2709930000128, value=space, duration=0.020300665986724198>
1070.9700 	EXP 	Sound sound_1 reached end of file
1070.9863 	EXP 	Playing sound sound_1 on speaker Nirvana Crystl
1071.4209 	EXP 	Sound sound_1 stopped
1071.4421 	EXP 	text: autoDraw = True
1071.4421 	EXP 	textbox: autoDraw = True
1072.0319 	DATA 	Keypress: 7
1072.0524 	EXP 	Device response: <KeyPress from None: t=1072.0269840001129, value=7, duration=None>
1072.1093 	EXP 	Device response: <KeyPress from None: t=1072.0269840001129, value=7, duration=0.08030079095624387>
1072.2857 	EXP 	Device response: <KeyPress from None: t=1072.28209891601, value=0, duration=None>
1072.2886 	DATA 	Keypress: 0
1072.3691 	EXP 	Device response: <KeyPress from None: t=1072.28209891601, value=0, duration=0.08416650001890957>
1072.4353 	EXP 	Device response: <KeyPress from None: t=1072.431071333005, value=0, duration=None>
1072.4382 	DATA 	Keypress: 0
1072.5024 	EXP 	Device response: <KeyPress from None: t=1072.431071333005, value=0, duration=0.06819666700903326>
1072.9524 	DATA 	Mouse: Left button down, pos=(778,172)
1072.9533 	EXP 	New trial (rep=12, index=6): <Trial 150 (6 in rep 12) data={'delay': 0.1, 'freq': 1000.0, 'conditions': 'exp', 'thisN': 150, 'thisTrialN': 6, 'thisRepN': 12}>
1072.9567 	EXP 	text: autoDraw = False
1072.9567 	EXP 	textbox: autoDraw = False
1072.9567 	EXP 	fixation: autoDraw = True
1073.0395 	DATA 	Mouse:  Left button up, pos=(778,172)
1073.9418 	INFO 	Keyboard events cleared
1073.9416 	EXP 	polygon: autoDraw = True
1073.9529 	EXP 	fixation: autoDraw = False
1084.7269 	EXP 	Device response: <KeyPress from None: t=1084.7204482080415, value=space, duration=None>
1084.7347 	DATA 	Keypress: space
1084.7394 	EXP 	fixation: autoDraw = False
1084.7394 	EXP 	polygon: autoDraw = False
1084.7919 	EXP 	Device response: <KeyPress from None: t=1084.7204482080415, value=space, duration=0.06590120797045529>
1084.8199 	EXP 	Sound sound_1 reached end of file
1084.8362 	EXP 	Playing sound sound_1 on speaker Nirvana Crystl
1085.2707 	EXP 	Sound sound_1 stopped
1085.2926 	EXP 	text: autoDraw = True
1085.2926 	EXP 	textbox: autoDraw = True
1086.3772 	DATA 	Keypress: 2
1086.3784 	EXP 	Device response: <KeyPress from None: t=1086.3721219160361, value=2, duration=None>
1086.4764 	EXP 	Device response: <KeyPress from None: t=1086.3721219160361, value=2, duration=0.09629254206083715>
1086.7592 	EXP 	Device response: <KeyPress from None: t=1086.7560339160264, value=0, duration=None>
1086.7624 	DATA 	Keypress: 0
1086.8090 	EXP 	Device response: <KeyPress from None: t=1086.7560339160264, value=0, duration=0.05247624998446554>
1086.8930 	DATA 	Keypress: 0
1086.8940 	EXP 	Device response: <KeyPress from None: t=1086.8880998330424, value=0, duration=None>
1086.9518 	EXP 	Device response: <KeyPress from None: t=1086.8880998330424, value=0, duration=0.06033691705670208>
1087.7092 	DATA 	Mouse: Left button down, pos=(778,172)
1087.7102 	EXP 	New trial (rep=12, index=7): <Trial 151 (7 in rep 12) data={'delay': 0.1, 'freq': 400.0, 'conditions': 'unexp', 'thisN': 151, 'thisTrialN': 7, 'thisRepN': 12}>
1087.7178 	EXP 	text: autoDraw = False
1087.7178 	EXP 	textbox: autoDraw = False
1087.7178 	EXP 	fixation: autoDraw = True
1087.8876 	DATA 	Mouse:  Left button up, pos=(778,172)
1088.7087 	INFO 	Keyboard events cleared
1088.7086 	EXP 	fixation: autoDraw = False
1088.7086 	EXP 	polygon: autoDraw = True
1090.0376 	EXP 	Device response: <KeyPress from None: t=1090.035070541082, value=space, duration=None>
1090.0465 	DATA 	Keypress: space
1090.0519 	EXP 	fixation: autoDraw = False
1090.0519 	EXP 	polygon: autoDraw = False
1090.1256 	EXP 	Sound sound_1 reached end of file
1090.1420 	EXP 	Playing sound sound_1 on speaker Nirvana Crystl
1090.1378 	EXP 	Device response: <KeyPress from None: t=1090.035070541082, value=space, duration=0.09637599997222424>
1090.5761 	EXP 	Sound sound_1 stopped
1090.5964 	EXP 	text: autoDraw = True
1090.5964 	EXP 	textbox: autoDraw = True
1092.8688 	EXP 	Device response: <KeyPress from None: t=1092.8668575000484, value=2, duration=None>
1092.8727 	DATA 	Keypress: 2
1092.9690 	EXP 	Device response: <KeyPress from None: t=1092.8668575000484, value=2, duration=0.10034600005019456>
1093.1020 	EXP 	Device response: <KeyPress from None: t=1093.0990475830622, value=0, duration=None>
1093.1047 	DATA 	Keypress: 0
1093.1689 	EXP 	Device response: <KeyPress from None: t=1093.0990475830622, value=0, duration=0.06425900000613183>
1093.2519 	EXP 	Device response: <KeyPress from None: t=1093.2478494161041, value=0, duration=None>
1093.2550 	DATA 	Keypress: 0
1093.3020 	EXP 	Device response: <KeyPress from None: t=1093.2478494161041, value=0, duration=0.052346874959766865>
1094.2793 	DATA 	Mouse: Left button down, pos=(776,166)
1094.2851 	EXP 	New trial (rep=12, index=8): <Trial 152 (8 in rep 12) data={'delay': 0.4, 'freq': 1000.0, 'conditions': 'exp', 'thisN': 152, 'thisTrialN': 8, 'thisRepN': 12}>
1094.2883 	EXP 	text: autoDraw = False
1094.2883 	EXP 	textbox: autoDraw = False
1094.2883 	EXP 	fixation: autoDraw = True
1094.4546 	DATA 	Mouse:  Left button up, pos=(776,165)
1095.2761 	INFO 	Keyboard events cleared
1095.2759 	EXP 	polygon: autoDraw = True
1095.2859 	EXP 	fixation: autoDraw = False
1096.4874 	EXP 	Device response: <KeyPress from None: t=1096.4810200000647, value=space, duration=None>
1096.4956 	DATA 	Keypress: space
1096.5008 	EXP 	fixation: autoDraw = False
1096.5008 	EXP 	polygon: autoDraw = False
1096.5370 	EXP 	Device response: <KeyPress from None: t=1096.4810200000647, value=space, duration=0.052263749996200204>
1096.8750 	EXP 	Sound sound_1 reached end of file
1096.8913 	EXP 	Playing sound sound_1 on speaker Nirvana Crystl
1097.3259 	EXP 	Sound sound_1 stopped
1097.3457 	EXP 	text: autoDraw = True
1097.3457 	EXP 	textbox: autoDraw = True
1098.5184 	EXP 	Device response: <KeyPress from None: t=1098.5128743330715, value=3, duration=None>
1098.5228 	DATA 	Keypress: 3
1098.6030 	EXP 	Device response: <KeyPress from None: t=1098.5128743330715, value=3, duration=0.08031091699376702>
1098.7525 	DATA 	Keypress: 0
1098.7535 	EXP 	Device response: <KeyPress from None: t=1098.7427176251076, value=0, duration=None>
1098.8092 	EXP 	Device response: <KeyPress from None: t=1098.7427176251076, value=0, duration=0.06051629094872624>
1098.9196 	DATA 	Keypress: 0
1098.9206 	EXP 	Device response: <KeyPress from None: t=1098.9108535830164, value=0, duration=None>
1098.9685 	EXP 	Device response: <KeyPress from None: t=1098.9108535830164, value=0, duration=0.05620045808609575>
1100.3354 	DATA 	Mouse: Left button down, pos=(776,165)
1100.3363 	EXP 	New trial (rep=12, index=9): <Trial 153 (9 in rep 12) data={'delay': 0.1, 'freq': 1000.0, 'conditions': 'exp', 'thisN': 153, 'thisTrialN': 9, 'thisRepN': 12}>
1100.3397 	EXP 	text: autoDraw = False
1100.3397 	EXP 	textbox: autoDraw = False
1100.3397 	EXP 	fixation: autoDraw = True
1100.5044 	DATA 	Mouse:  Left button up, pos=(776,165)
1101.3258 	INFO 	Keyboard events cleared
1101.3256 	EXP 	polygon: autoDraw = True
1101.3357 	EXP 	fixation: autoDraw = False
1103.2042 	EXP 	Device response: <KeyPress from None: t=1103.1926983330632, value=space, duration=None>
1103.2121 	DATA 	Keypress: space
1103.2173 	EXP 	fixation: autoDraw = False
1103.2173 	EXP 	polygon: autoDraw = False
1103.2368 	EXP 	Device response: <KeyPress from None: t=1103.1926983330632, value=space, duration=0.03643700003158301>
1103.2916 	EXP 	Sound sound_1 reached end of file
1103.3080 	EXP 	Playing sound sound_1 on speaker Nirvana Crystl
1103.7424 	EXP 	Sound sound_1 stopped
1103.7620 	EXP 	text: autoDraw = True
1103.7620 	EXP 	textbox: autoDraw = True
1104.8017 	EXP 	Device response: <KeyPress from None: t=1104.796601000009, value=2, duration=None>
1104.8057 	DATA 	Keypress: 2
1104.9023 	EXP 	Device response: <KeyPress from None: t=1104.796601000009, value=2, duration=0.09645537508185953>
1105.1185 	EXP 	Device response: <KeyPress from None: t=1105.1137553330045, value=0, duration=None>
1105.1214 	DATA 	Keypress: 0
1105.1692 	EXP 	Device response: <KeyPress from None: t=1105.1137553330045, value=0, duration=0.048238208051770926>
1105.2596 	EXP 	Device response: <KeyPress from None: t=1105.2577377080452, value=0, duration=None>
1105.2626 	DATA 	Keypress: 0
1105.3016 	EXP 	Device response: <KeyPress from None: t=1105.2577377080452, value=0, duration=0.04083700000774115>
1105.8850 	DATA 	Mouse: Left button down, pos=(776,165)
1105.8859 	EXP 	New trial (rep=12, index=10): <Trial 154 (10 in rep 12) data={'delay': 0.4, 'freq': 1000.0, 'conditions': 'exp', 'thisN': 154, 'thisTrialN': 10, 'thisRepN': 12}>
1105.8894 	EXP 	text: autoDraw = False
1105.8894 	EXP 	textbox: autoDraw = False
1105.8894 	EXP 	fixation: autoDraw = True
1106.0027 	DATA 	Mouse:  Left button up, pos=(776,165)
1106.8754 	INFO 	Keyboard events cleared
1106.8753 	EXP 	polygon: autoDraw = True
1106.8858 	EXP 	fixation: autoDraw = False
1112.0035 	EXP 	Device response: <KeyPress from None: t=1112.0016663330607, value=space, duration=None>
1112.0117 	DATA 	Keypress: space
1112.0170 	EXP 	fixation: autoDraw = False
1112.0170 	EXP 	polygon: autoDraw = False
1112.0366 	EXP 	Device response: <KeyPress from None: t=1112.0016663330607, value=space, duration=0.03373704198747873>
1112.3920 	EXP 	Sound sound_1 reached end of file
1112.4083 	EXP 	Playing sound sound_1 on speaker Nirvana Crystl
1112.8422 	EXP 	Sound sound_1 stopped
1112.8614 	EXP 	text: autoDraw = True
1112.8614 	EXP 	textbox: autoDraw = True
1114.1525 	DATA 	Keypress: 2
1114.1537 	EXP 	Device response: <KeyPress from None: t=1114.145051208092, value=2, duration=None>
1114.2422 	EXP 	Device response: <KeyPress from None: t=1114.145051208092, value=2, duration=0.09643483301624656>
1114.3597 	DATA 	Keypress: 0
1114.3607 	EXP 	Device response: <KeyPress from None: t=1114.353993666009, value=0, duration=None>
1114.4083 	EXP 	Device response: <KeyPress from None: t=1114.353993666009, value=0, duration=0.052237375057302415>
1114.4928 	DATA 	Keypress: 0
1114.4938 	EXP 	Device response: <KeyPress from None: t=1114.488006166066, value=0, duration=None>
1114.5524 	EXP 	Device response: <KeyPress from None: t=1114.488006166066, value=0, duration=0.0563447920139879>
1114.9247 	DATA 	Mouse: Left button down, pos=(776,165)
1114.9256 	EXP 	New trial (rep=12, index=11): <Trial 155 (11 in rep 12) data={'delay': 0.7, 'freq': 400.0, 'conditions': 'unexp', 'thisN': 155, 'thisTrialN': 11, 'thisRepN': 12}>
1114.9343 	EXP 	text: autoDraw = False
1114.9343 	EXP 	textbox: autoDraw = False
1114.9343 	EXP 	fixation: autoDraw = True
1115.0528 	DATA 	Mouse:  Left button up, pos=(776,165)
1115.9193 	INFO 	Keyboard events cleared
1115.9191 	EXP 	polygon: autoDraw = True
1115.9251 	EXP 	fixation: autoDraw = False
1116.4927 	EXP 	Device response: <KeyPress from None: t=1116.485979625024, value=space, duration=None>
1116.4997 	DATA 	Keypress: space
1116.5048 	EXP 	fixation: autoDraw = False
1116.5048 	EXP 	polygon: autoDraw = False
1116.5709 	EXP 	Device response: <KeyPress from None: t=1116.485979625024, value=space, duration=0.07634849997702986>
1117.1861 	EXP 	Sound sound_1 reached end of file
1117.2024 	EXP 	Playing sound sound_1 on speaker Nirvana Crystl
1117.6362 	EXP 	Sound sound_1 stopped
1117.6558 	EXP 	text: autoDraw = True
1117.6558 	EXP 	textbox: autoDraw = True
1118.2027 	DATA 	Keypress: 7
1118.2039 	EXP 	Device response: <KeyPress from None: t=1118.1968665410532, value=7, duration=None>
1118.2685 	EXP 	Device response: <KeyPress from None: t=1118.1968665410532, value=7, duration=0.06826491700485349>
1118.5689 	DATA 	Keypress: 0
1118.5700 	EXP 	Device response: <KeyPress from None: t=1118.5609274581075, value=0, duration=None>
1118.6521 	EXP 	Device response: <KeyPress from None: t=1118.5609274581075, value=0, duration=0.08824745798483491>
1118.7524 	DATA 	Keypress: 0
1118.7534 	EXP 	Device response: <KeyPress from None: t=1118.7448732081102, value=0, duration=None>
1118.8019 	EXP 	Device response: <KeyPress from None: t=1118.7448732081102, value=0, duration=0.052239166921935976>
1119.4187 	DATA 	Mouse: Left button down, pos=(776,165)
1119.5422 	DATA 	Mouse:  Left button up, pos=(776,165)
1125.2215 	DATA 	Mouse: Left button down, pos=(783,180)
1125.2262 	EXP 	New trial (rep=13, index=0): <Trial 156 (0 in rep 13) data={'delay': 0.1, 'freq': 1000.0, 'conditions': 'exp', 'thisN': 156, 'thisTrialN': 0, 'thisRepN': 13}>
1125.2344 	EXP 	text: autoDraw = False
1125.2344 	EXP 	textbox: autoDraw = False
1125.2344 	EXP 	fixation: autoDraw = True
1125.4543 	DATA 	Mouse:  Left button up, pos=(783,180)
1126.2193 	INFO 	Keyboard events cleared
1126.2192 	EXP 	polygon: autoDraw = True
1126.2246 	EXP 	fixation: autoDraw = False
1127.3039 	EXP 	Device response: <KeyPress from None: t=1127.3009856250137, value=space, duration=None>
1127.3127 	DATA 	Keypress: space
1127.3180 	EXP 	fixation: autoDraw = False
1127.3180 	EXP 	polygon: autoDraw = False
1127.3755 	EXP 	Device response: <KeyPress from None: t=1127.3009856250137, value=space, duration=0.07222387508954853>
1127.3900 	EXP 	Sound sound_1 reached end of file
1127.4064 	EXP 	Playing sound sound_1 on speaker Nirvana Crystl
1127.8412 	EXP 	Sound sound_1 stopped
1127.8620 	EXP 	text: autoDraw = True
1127.8620 	EXP 	textbox: autoDraw = True
1128.4092 	EXP 	Device response: <KeyPress from None: t=1128.4068040830316, value=3, duration=None>
1128.4135 	DATA 	Keypress: 3
1128.4852 	EXP 	Device response: <KeyPress from None: t=1128.4068040830316, value=3, duration=0.0762852500192821>
1128.8191 	DATA 	Keypress: 0
1128.8201 	EXP 	Device response: <KeyPress from None: t=1128.8108230830403, value=0, duration=None>
1128.8685 	EXP 	Device response: <KeyPress from None: t=1128.8108230830403, value=0, duration=0.051343000028282404>
1128.9429 	DATA 	Keypress: 0
1128.9439 	EXP 	Device response: <KeyPress from None: t=1128.9377862910042, value=0, duration=None>
1128.9926 	EXP 	Device response: <KeyPress from None: t=1128.9377862910042, value=0, duration=0.048318250104784966>
1129.4851 	DATA 	Mouse: Left button down, pos=(783,180)
1129.4860 	EXP 	New trial (rep=13, index=1): <Trial 157 (1 in rep 13) data={'delay': 0.4, 'freq': 1000.0, 'conditions': 'exp', 'thisN': 157, 'thisTrialN': 1, 'thisRepN': 13}>
1129.4892 	EXP 	text: autoDraw = False
1129.4892 	EXP 	textbox: autoDraw = False
1129.4892 	EXP 	fixation: autoDraw = True
1129.6189 	DATA 	Mouse:  Left button up, pos=(783,180)
1130.4752 	INFO 	Keyboard events cleared
1130.4751 	EXP 	polygon: autoDraw = True
1130.4858 	EXP 	fixation: autoDraw = False
1131.1706 	EXP 	Device response: <KeyPress from None: t=1131.1648979580496, value=space, duration=None>
1131.1794 	DATA 	Keypress: space
1131.1846 	EXP 	fixation: autoDraw = False
1131.1846 	EXP 	polygon: autoDraw = False
1131.2201 	EXP 	Device response: <KeyPress from None: t=1131.1648979580496, value=space, duration=0.0522344580385834>
1131.5570 	EXP 	Sound sound_1 reached end of file
1131.5734 	EXP 	Playing sound sound_1 on speaker Nirvana Crystl
1132.0081 	EXP 	Sound sound_1 stopped
1132.0281 	EXP 	text: autoDraw = True
1132.0281 	EXP 	textbox: autoDraw = True
1133.3361 	DATA 	Keypress: 3
1133.3371 	EXP 	Device response: <KeyPress from None: t=1133.3298667500494, value=3, duration=None>
1133.4358 	EXP 	Device response: <KeyPress from None: t=1133.3298667500494, value=3, duration=0.09614004101604223>
1133.7365 	DATA 	Keypress: 0
1133.7373 	EXP 	Device response: <KeyPress from None: t=1133.7307777910028, value=0, duration=None>
1133.7927 	EXP 	Device response: <KeyPress from None: t=1133.7307777910028, value=0, duration=0.05616995901800692>
1133.8694 	DATA 	Keypress: 0
1133.8703 	EXP 	Device response: <KeyPress from None: t=1133.8616702080471, value=0, duration=None>
1133.9189 	EXP 	Device response: <KeyPress from None: t=1133.8616702080471, value=0, duration=0.05642875004559755>
1134.4258 	DATA 	Mouse: Left button down, pos=(783,180)
1134.4267 	EXP 	New trial (rep=13, index=2): <Trial 158 (2 in rep 13) data={'delay': 0.7, 'freq': 1000.0, 'conditions': 'exp', 'thisN': 158, 'thisTrialN': 2, 'thisRepN': 13}>
1134.4348 	EXP 	text: autoDraw = False
1134.4348 	EXP 	textbox: autoDraw = False
1134.4348 	EXP 	fixation: autoDraw = True
1134.5024 	DATA 	Mouse:  Left button up, pos=(783,180)
1135.4236 	INFO 	Keyboard events cleared
1135.4234 	EXP 	fixation: autoDraw = False
1135.4234 	EXP 	polygon: autoDraw = True
1143.6201 	EXP 	Device response: <KeyPress from None: t=1143.6133980000159, value=space, duration=None>
1143.6289 	DATA 	Keypress: space
1143.6343 	EXP 	fixation: autoDraw = False
1143.6343 	EXP 	polygon: autoDraw = False
1143.6530 	EXP 	Device response: <KeyPress from None: t=1143.6133980000159, value=space, duration=0.038016541046090424>
1144.3079 	EXP 	Sound sound_1 reached end of file
1144.3243 	EXP 	Playing sound sound_1 on speaker Nirvana Crystl
1144.7589 	EXP 	Sound sound_1 stopped
1144.7805 	EXP 	text: autoDraw = True
1144.7805 	EXP 	textbox: autoDraw = True
1146.1695 	DATA 	Keypress: 5
1146.1705 	EXP 	Device response: <KeyPress from None: t=1146.1639730411116, value=5, duration=None>
1146.2516 	EXP 	Device response: <KeyPress from None: t=1146.1639730411116, value=5, duration=0.08433787489775568>
1146.5106 	DATA 	Keypress: 0
1146.5118 	EXP 	Device response: <KeyPress from None: t=1146.5019915830344, value=0, duration=None>
1146.5686 	EXP 	Device response: <KeyPress from None: t=1146.5019915830344, value=0, duration=0.06029037502594292>
1146.6311 	DATA 	Keypress: 0
1146.6521 	EXP 	Device response: <KeyPress from None: t=1146.6268306660932, value=0, duration=None>
1146.6939 	EXP 	Device response: <KeyPress from None: t=1146.6268306660932, value=0, duration=0.06451237492728978>
1150.0532 	DATA 	Mouse: Left button down, pos=(783,180)
1150.0596 	EXP 	New trial (rep=13, index=3): <Trial 159 (3 in rep 13) data={'delay': 0.1, 'freq': 1000.0, 'conditions': 'exp', 'thisN': 159, 'thisTrialN': 3, 'thisRepN': 13}>
1150.0674 	EXP 	text: autoDraw = False
1150.0674 	EXP 	textbox: autoDraw = False
1150.0674 	EXP 	fixation: autoDraw = True
1150.2375 	DATA 	Mouse:  Left button up, pos=(783,180)
1151.0576 	INFO 	Keyboard events cleared
1151.0575 	EXP 	fixation: autoDraw = False
1151.0575 	EXP 	polygon: autoDraw = True
1152.7929 	EXP 	Device response: <KeyPress from None: t=1152.7888580000727, value=space, duration=None>
1152.8002 	DATA 	Keypress: space
1152.8047 	EXP 	fixation: autoDraw = False
1152.8047 	EXP 	polygon: autoDraw = False
1152.8532 	EXP 	Device response: <KeyPress from None: t=1152.7888580000727, value=space, duration=0.05622762499842793>
1152.8858 	EXP 	Sound sound_1 reached end of file
1152.9021 	EXP 	Playing sound sound_1 on speaker Nirvana Crystl
1153.3367 	EXP 	Sound sound_1 stopped
1153.3566 	EXP 	text: autoDraw = True
1153.3566 	EXP 	textbox: autoDraw = True
1154.4227 	DATA 	Keypress: 3
1154.4275 	EXP 	Device response: <KeyPress from None: t=1154.4177025411045, value=3, duration=None>
1154.5250 	EXP 	Device response: <KeyPress from None: t=1154.4177025411045, value=3, duration=0.10430133389309049>
1154.7021 	DATA 	Keypress: 0
1154.7031 	EXP 	Device response: <KeyPress from None: t=1154.694768333109, value=0, duration=None>
1154.7418 	EXP 	Device response: <KeyPress from None: t=1154.694768333109, value=0, duration=0.04430287494324148>
1154.8184 	EXP 	Device response: <KeyPress from None: t=1154.8166680000722, value=0, duration=None>
1154.8211 	DATA 	Keypress: 0
1154.8750 	EXP 	Device response: <KeyPress from None: t=1154.8166680000722, value=0, duration=0.0563310410361737>
1155.4033 	DATA 	Mouse: Left button down, pos=(783,180)
1155.4096 	EXP 	New trial (rep=13, index=4): <Trial 160 (4 in rep 13) data={'delay': 0.1, 'freq': 400.0, 'conditions': 'unexp', 'thisN': 160, 'thisTrialN': 4, 'thisRepN': 13}>
1155.4178 	EXP 	text: autoDraw = False
1155.4178 	EXP 	textbox: autoDraw = False
1155.4178 	EXP 	fixation: autoDraw = True
1155.5389 	DATA 	Mouse:  Left button up, pos=(783,180)
1156.4077 	INFO 	Keyboard events cleared
1156.4075 	EXP 	fixation: autoDraw = False
1156.4075 	EXP 	polygon: autoDraw = True
1157.8872 	EXP 	Device response: <KeyPress from None: t=1157.881674541044, value=space, duration=None>
1157.8948 	DATA 	Keypress: space
1157.9001 	EXP 	fixation: autoDraw = False
1157.9001 	EXP 	polygon: autoDraw = False
1157.9365 	EXP 	Device response: <KeyPress from None: t=1157.881674541044, value=space, duration=0.05237462499644607>
1157.9737 	EXP 	Sound sound_1 reached end of file
1157.9900 	EXP 	Playing sound sound_1 on speaker Nirvana Crystl
1158.4246 	EXP 	Sound sound_1 stopped
1158.4450 	EXP 	text: autoDraw = True
1158.4450 	EXP 	textbox: autoDraw = True
1160.4342 	EXP 	Device response: <KeyPress from None: t=1160.4326264160918, value=3, duration=None>
1160.4384 	DATA 	Keypress: 3
1160.5257 	EXP 	Device response: <KeyPress from None: t=1160.4326264160918, value=3, duration=0.08838487497996539>
1160.9025 	DATA 	Keypress: 0
1160.9035 	EXP 	Device response: <KeyPress from None: t=1160.8926386660896, value=0, duration=None>
1160.9521 	EXP 	Device response: <KeyPress from None: t=1160.8926386660896, value=0, duration=0.05625883396714926>
1161.0259 	DATA 	Keypress: 0
1161.0269 	EXP 	Device response: <KeyPress from None: t=1161.020615708083, value=0, duration=None>
1161.0750 	EXP 	Device response: <KeyPress from None: t=1161.020615708083, value=0, duration=0.052374916966073215>
1161.8751 	DATA 	Mouse: Left button down, pos=(783,180)
1161.8760 	EXP 	New trial (rep=13, index=5): <Trial 161 (5 in rep 13) data={'delay': 0.4, 'freq': 400.0, 'conditions': 'unexp', 'thisN': 161, 'thisTrialN': 5, 'thisRepN': 13}>
1161.8846 	EXP 	text: autoDraw = False
1161.8846 	EXP 	textbox: autoDraw = False
1161.8846 	EXP 	fixation: autoDraw = True
1162.0191 	DATA 	Mouse:  Left button up, pos=(783,180)
1162.8750 	INFO 	Keyboard events cleared
1162.8749 	EXP 	fixation: autoDraw = False
1162.8749 	EXP 	polygon: autoDraw = True
1164.6869 	EXP 	Device response: <KeyPress from None: t=1164.683601666009, value=space, duration=None>
1164.6950 	DATA 	Keypress: space
1164.7001 	EXP 	fixation: autoDraw = False
1164.7001 	EXP 	polygon: autoDraw = False
1164.7364 	EXP 	Device response: <KeyPress from None: t=1164.683601666009, value=space, duration=0.04828454204834998>
1165.0718 	EXP 	Sound sound_1 reached end of file
1165.0881 	EXP 	Playing sound sound_1 on speaker Nirvana Crystl
1165.5227 	EXP 	Sound sound_1 stopped
1165.5441 	EXP 	text: autoDraw = True
1165.5441 	EXP 	textbox: autoDraw = True
1166.1848 	EXP 	Device response: <KeyPress from None: t=1166.1824035410536, value=3, duration=None>
1166.1887 	DATA 	Keypress: 3
1166.2848 	EXP 	Device response: <KeyPress from None: t=1166.1824035410536, value=3, duration=0.09247637505177408>
1166.4525 	DATA 	Keypress: 0
1166.4535 	EXP 	Device response: <KeyPress from None: t=1166.4428543751128, value=0, duration=None>
1166.5089 	EXP 	Device response: <KeyPress from None: t=1166.4428543751128, value=0, duration=0.06001999997533858>
1166.5681 	EXP 	Device response: <KeyPress from None: t=1166.5644510830753, value=0, duration=None>
1166.5710 	DATA 	Keypress: 0
1166.6345 	EXP 	Device response: <KeyPress from None: t=1166.5644510830753, value=0, duration=0.06441629200708121>
1167.0265 	DATA 	Mouse: Left button down, pos=(783,180)
1167.0344 	EXP 	New trial (rep=13, index=6): <Trial 162 (6 in rep 13) data={'delay': 0.7, 'freq': 1000.0, 'conditions': 'exp', 'thisN': 162, 'thisTrialN': 6, 'thisRepN': 13}>
1167.0375 	EXP 	text: autoDraw = False
1167.0375 	EXP 	textbox: autoDraw = False
1167.0375 	EXP 	fixation: autoDraw = True
1167.1516 	DATA 	Mouse:  Left button up, pos=(783,180)
1168.0251 	INFO 	Keyboard events cleared
1168.0250 	EXP 	polygon: autoDraw = True
1168.0354 	EXP 	fixation: autoDraw = False
1168.8535 	EXP 	Device response: <KeyPress from None: t=1168.841312958044, value=space, duration=None>
1168.8612 	DATA 	Keypress: space
1168.8662 	EXP 	fixation: autoDraw = False
1168.8662 	EXP 	polygon: autoDraw = False
1168.9030 	EXP 	Device response: <KeyPress from None: t=1168.841312958044, value=space, duration=0.05250758305191994>
1169.5412 	EXP 	Sound sound_1 reached end of file
1169.5576 	EXP 	Playing sound sound_1 on speaker Nirvana Crystl
1169.9913 	EXP 	Sound sound_1 stopped
1170.0112 	EXP 	text: autoDraw = True
1170.0112 	EXP 	textbox: autoDraw = True
1171.6010 	EXP 	Device response: <KeyPress from None: t=1171.5973204580368, value=4, duration=None>
1171.6053 	DATA 	Keypress: 4
1171.7018 	EXP 	Device response: <KeyPress from None: t=1171.5973204580368, value=4, duration=0.09638008300680667>
1171.8251 	EXP 	Device response: <KeyPress from None: t=1171.8224460000638, value=0, duration=None>
1171.8278 	DATA 	Keypress: 0
1171.8754 	EXP 	Device response: <KeyPress from None: t=1171.8224460000638, value=0, duration=0.048150665941648185>
1171.9594 	DATA 	Keypress: 0
1171.9601 	EXP 	Device response: <KeyPress from None: t=1171.9553879160667, value=0, duration=None>
1172.0255 	EXP 	Device response: <KeyPress from None: t=1171.9553879160667, value=0, duration=0.06420749996323138>
1186.7532 	DATA 	Mouse: Left button down, pos=(783,180)
1186.7594 	EXP 	New trial (rep=13, index=7): <Trial 163 (7 in rep 13) data={'delay': 0.4, 'freq': 1000.0, 'conditions': 'exp', 'thisN': 163, 'thisTrialN': 7, 'thisRepN': 13}>
1186.7673 	EXP 	text: autoDraw = False
1186.7673 	EXP 	textbox: autoDraw = False
1186.7673 	EXP 	fixation: autoDraw = True
1186.9871 	DATA 	Mouse:  Left button up, pos=(783,180)
1187.7580 	INFO 	Keyboard events cleared
1187.7578 	EXP 	fixation: autoDraw = False
1187.7578 	EXP 	polygon: autoDraw = True
1189.1037 	EXP 	Device response: <KeyPress from None: t=1189.0975805410417, value=space, duration=None>
1189.1125 	DATA 	Keypress: space
1189.1180 	EXP 	fixation: autoDraw = False
1189.1180 	EXP 	polygon: autoDraw = False
1189.1571 	EXP 	Device response: <KeyPress from None: t=1189.0975805410417, value=space, duration=0.05627283395733684>
1189.4911 	EXP 	Sound sound_1 reached end of file
1189.5075 	EXP 	Playing sound sound_1 on speaker Nirvana Crystl
1189.9421 	EXP 	Sound sound_1 stopped
1189.9624 	EXP 	text: autoDraw = True
1189.9624 	EXP 	textbox: autoDraw = True
1190.9472 	DATA 	Keypress: 2
1190.9682 	EXP 	Device response: <KeyPress from None: t=1190.9423970830394, value=2, duration=None>
1191.0519 	EXP 	Device response: <KeyPress from None: t=1190.9423970830394, value=2, duration=0.10046041698660702>
1191.3417 	EXP 	Device response: <KeyPress from None: t=1191.3385199160548, value=0, duration=None>
1191.3446 	DATA 	Keypress: 0
1191.3915 	EXP 	Device response: <KeyPress from None: t=1191.3385199160548, value=0, duration=0.05232562497258186>
1191.4846 	EXP 	Device response: <KeyPress from None: t=1191.483525541029, value=0, duration=None>
1191.4888 	DATA 	Keypress: 0
1191.5252 	EXP 	Device response: <KeyPress from None: t=1191.483525541029, value=0, duration=0.03620550001505762>
1192.3026 	DATA 	Mouse: Left button down, pos=(783,180)
1192.3093 	EXP 	New trial (rep=13, index=8): <Trial 164 (8 in rep 13) data={'delay': 0.7, 'freq': 1000.0, 'conditions': 'exp', 'thisN': 164, 'thisTrialN': 8, 'thisRepN': 13}>
1192.3178 	EXP 	text: autoDraw = False
1192.3178 	EXP 	textbox: autoDraw = False
1192.3178 	EXP 	fixation: autoDraw = True
1192.4688 	DATA 	Mouse:  Left button up, pos=(783,180)
1193.3081 	INFO 	Keyboard events cleared
1193.3079 	EXP 	fixation: autoDraw = False
1193.3079 	EXP 	polygon: autoDraw = True
1199.0923 	EXP 	Device response: <KeyPress from None: t=1199.0863511660136, value=space, duration=None>
1199.0991 	DATA 	Keypress: space
1199.1041 	EXP 	fixation: autoDraw = False
1199.1041 	EXP 	polygon: autoDraw = False
1199.1401 	EXP 	Device response: <KeyPress from None: t=1199.0863511660136, value=space, duration=0.05243008409161121>
1199.7857 	EXP 	Sound sound_1 reached end of file
1199.8020 	EXP 	Playing sound sound_1 on speaker Nirvana Crystl
1200.2360 	EXP 	Sound sound_1 stopped
1200.2563 	EXP 	text: autoDraw = True
1200.2563 	EXP 	textbox: autoDraw = True
1201.3091 	EXP 	Device response: <KeyPress from None: t=1201.3084287500242, value=2, duration=None>
1201.3134 	DATA 	Keypress: 2
1201.4176 	EXP 	Device response: <KeyPress from None: t=1201.3084287500242, value=2, duration=0.10426479100715369>
1201.5673 	EXP 	Device response: <KeyPress from None: t=1201.5634736660868, value=0, duration=None>
1201.5702 	DATA 	Keypress: 0
1201.6182 	EXP 	Device response: <KeyPress from None: t=1201.5634736660868, value=0, duration=0.0521989589324221>
1201.7013 	EXP 	Device response: <KeyPress from None: t=1201.6993346660165, value=0, duration=None>
1201.7056 	DATA 	Keypress: 0
1201.7587 	EXP 	Device response: <KeyPress from None: t=1201.6993346660165, value=0, duration=0.052383042057044804>
1203.0081 	DATA 	Mouse: Left button down, pos=(798,193)
1203.0090 	EXP 	New trial (rep=13, index=9): <Trial 165 (9 in rep 13) data={'delay': 0.1, 'freq': 1000.0, 'conditions': 'exp', 'thisN': 165, 'thisTrialN': 9, 'thisRepN': 13}>
1203.0171 	EXP 	text: autoDraw = False
1203.0171 	EXP 	textbox: autoDraw = False
1203.0171 	EXP 	fixation: autoDraw = True
1203.1687 	DATA 	Mouse:  Left button up, pos=(798,193)
1204.0081 	INFO 	Keyboard events cleared
1204.0079 	EXP 	fixation: autoDraw = False
1204.0079 	EXP 	polygon: autoDraw = True
1204.5912 	EXP 	Device response: <KeyPress from None: t=1204.5893733750563, value=space, duration=None>
1204.5981 	DATA 	Keypress: space
1204.6035 	EXP 	fixation: autoDraw = False
1204.6035 	EXP 	polygon: autoDraw = False
1204.6359 	EXP 	Device response: <KeyPress from None: t=1204.5893733750563, value=space, duration=0.0443012909963727>
1204.6851 	EXP 	Sound sound_1 reached end of file
1204.7015 	EXP 	Playing sound sound_1 on speaker Nirvana Crystl
1205.1360 	EXP 	Sound sound_1 stopped
1205.1553 	EXP 	text: autoDraw = True
1205.1553 	EXP 	textbox: autoDraw = True
1205.9507 	EXP 	Device response: <KeyPress from None: t=1205.9471845410299, value=1, duration=None>
1205.9547 	DATA 	Keypress: 1
1206.0413 	EXP 	Device response: <KeyPress from None: t=1205.9471845410299, value=1, duration=0.0923420840408653>
1206.2257 	DATA 	Keypress: 0
1206.2267 	EXP 	Device response: <KeyPress from None: t=1206.2213817910524, value=0, duration=None>
1206.2844 	EXP 	Device response: <KeyPress from None: t=1206.2213817910524, value=0, duration=0.060223500011488795>
1206.3578 	EXP 	Device response: <KeyPress from None: t=1206.3542869160883, value=0, duration=None>
1206.3607 	DATA 	Keypress: 0
1206.4085 	EXP 	Device response: <KeyPress from None: t=1206.3542869160883, value=0, duration=0.05220687494147569>
1206.7676 	DATA 	Mouse: Left button down, pos=(798,193)
1206.7685 	EXP 	New trial (rep=13, index=10): <Trial 166 (10 in rep 13) data={'delay': 0.7, 'freq': 400.0, 'conditions': 'unexp', 'thisN': 166, 'thisTrialN': 10, 'thisRepN': 13}>
1206.7719 	EXP 	text: autoDraw = False
1206.7719 	EXP 	textbox: autoDraw = False
1206.7719 	EXP 	fixation: autoDraw = True
1206.8851 	DATA 	Mouse:  Left button up, pos=(798,193)
1207.7585 	INFO 	Keyboard events cleared
1207.7583 	EXP 	polygon: autoDraw = True
1207.7684 	EXP 	fixation: autoDraw = False
1208.1195 	EXP 	Device response: <KeyPress from None: t=1208.1102567500202, value=space, duration=None>
1208.1269 	DATA 	Keypress: space
1208.1320 	EXP 	fixation: autoDraw = False
1208.1320 	EXP 	polygon: autoDraw = False
1208.1693 	EXP 	Device response: <KeyPress from None: t=1208.1102567500202, value=space, duration=0.05620658304542303>
1208.8074 	EXP 	Sound sound_1 reached end of file
1208.8238 	EXP 	Playing sound sound_1 on speaker Nirvana Crystl
1209.2582 	EXP 	Sound sound_1 stopped
1209.2782 	EXP 	text: autoDraw = True
1209.2782 	EXP 	textbox: autoDraw = True
1210.4680 	DATA 	Keypress: 4
1210.4692 	EXP 	Device response: <KeyPress from None: t=1210.4611949580722, value=4, duration=None>
1210.5517 	EXP 	Device response: <KeyPress from None: t=1210.4611949580722, value=4, duration=0.08436899993102998>
1210.7952 	DATA 	Keypress: 0
1210.8008 	EXP 	Device response: <KeyPress from None: t=1210.791185750044, value=0, duration=None>
1210.8583 	EXP 	Device response: <KeyPress from None: t=1210.791185750044, value=0, duration=0.06022975000087172>
1210.9515 	DATA 	Keypress: 0
1210.9525 	EXP 	Device response: <KeyPress from None: t=1210.9442272080341, value=0, duration=None>
1210.9746 	EXP 	Device response: <KeyPress from None: t=1210.9442272080341, value=0, duration=0.02428570797201246>
1211.5195 	DATA 	Mouse: Left button down, pos=(798,193)
1211.5260 	EXP 	New trial (rep=13, index=11): <Trial 167 (11 in rep 13) data={'delay': 0.4, 'freq': 1000.0, 'conditions': 'exp', 'thisN': 167, 'thisTrialN': 11, 'thisRepN': 13}>
1211.5341 	EXP 	text: autoDraw = False
1211.5341 	EXP 	textbox: autoDraw = False
1211.5341 	EXP 	fixation: autoDraw = True
1211.6687 	DATA 	Mouse:  Left button up, pos=(798,193)
1212.5243 	INFO 	Keyboard events cleared
1212.5241 	EXP 	fixation: autoDraw = False
1212.5241 	EXP 	polygon: autoDraw = True
1213.1866 	EXP 	Device response: <KeyPress from None: t=1213.1761637500022, value=space, duration=None>
1213.1944 	DATA 	Keypress: space
1213.1993 	EXP 	fixation: autoDraw = False
1213.1993 	EXP 	polygon: autoDraw = False
1213.2406 	EXP 	Device response: <KeyPress from None: t=1213.1761637500022, value=space, duration=0.06015504105016589>
1213.5731 	EXP 	Sound sound_1 reached end of file
1213.5894 	EXP 	Playing sound sound_1 on speaker Nirvana Crystl
1214.0240 	EXP 	Sound sound_1 stopped
1214.0443 	EXP 	text: autoDraw = True
1214.0443 	EXP 	textbox: autoDraw = True
1214.6267 	DATA 	Keypress: 3
1214.6279 	EXP 	Device response: <KeyPress from None: t=1214.6211367910728, value=3, duration=None>
1214.7017 	EXP 	Device response: <KeyPress from None: t=1214.6211367910728, value=3, duration=0.07282358396332711>
1214.9189 	DATA 	Keypress: 0
1214.9199 	EXP 	Device response: <KeyPress from None: t=1214.9121092910646, value=0, duration=None>
1214.9850 	EXP 	Device response: <KeyPress from None: t=1214.9121092910646, value=0, duration=0.06418300000950694>
1215.0679 	EXP 	Device response: <KeyPress from None: t=1215.0630792500451, value=0, duration=None>
1215.0706 	DATA 	Keypress: 0
1215.1247 	EXP 	Device response: <KeyPress from None: t=1215.0630792500451, value=0, duration=0.060320583055727184>
1215.4875 	DATA 	Mouse: Left button down, pos=(798,193)
1215.4923 	EXP 	New trial (rep=14, index=0): <Trial 168 (0 in rep 14) data={'delay': 0.1, 'freq': 1000.0, 'conditions': 'exp', 'thisN': 168, 'thisTrialN': 0, 'thisRepN': 14}>
1215.5002 	EXP 	text: autoDraw = False
1215.5002 	EXP 	textbox: autoDraw = False
1215.5002 	EXP 	fixation: autoDraw = True
1215.5544 	DATA 	Mouse:  Left button up, pos=(798,193)
1216.4912 	INFO 	Keyboard events cleared
1216.4911 	EXP 	fixation: autoDraw = False
1216.4911 	EXP 	polygon: autoDraw = True
1216.8587 	EXP 	Device response: <KeyPress from None: t=1216.8529334160266, value=space, duration=None>
1216.8652 	DATA 	Keypress: space
1216.8704 	EXP 	fixation: autoDraw = False
1216.8704 	EXP 	polygon: autoDraw = False
1216.9066 	EXP 	Device response: <KeyPress from None: t=1216.8529334160266, value=space, duration=0.052621499984525144>
1216.9519 	EXP 	Sound sound_1 reached end of file
1216.9682 	EXP 	Playing sound sound_1 on speaker Nirvana Crystl
1217.4027 	EXP 	Sound sound_1 stopped
1217.4219 	EXP 	text: autoDraw = True
1217.4219 	EXP 	textbox: autoDraw = True
1218.2016 	DATA 	Keypress: 1
1218.2029 	EXP 	Device response: <KeyPress from None: t=1218.1940336660482, value=1, duration=None>
1218.3011 	EXP 	Device response: <KeyPress from None: t=1218.1940336660482, value=1, duration=0.10428095899987966>
1218.4841 	EXP 	Device response: <KeyPress from None: t=1218.4819540000753, value=0, duration=None>
1218.4880 	DATA 	Keypress: 0
1218.5430 	EXP 	Device response: <KeyPress from None: t=1218.4819540000753, value=0, duration=0.05636312498245388>
1218.6348 	DATA 	Keypress: 0
1218.6359 	EXP 	Device response: <KeyPress from None: t=1218.6268917080015, value=0, duration=None>
1218.6688 	EXP 	Device response: <KeyPress from None: t=1218.6268917080015, value=0, duration=0.03235787502489984>
1219.0029 	DATA 	Mouse: Left button down, pos=(798,193)
1219.0097 	EXP 	New trial (rep=14, index=1): <Trial 169 (1 in rep 14) data={'delay': 0.4, 'freq': 1000.0, 'conditions': 'exp', 'thisN': 169, 'thisTrialN': 1, 'thisRepN': 14}>
1219.0176 	EXP 	text: autoDraw = False
1219.0176 	EXP 	textbox: autoDraw = False
1219.0176 	EXP 	fixation: autoDraw = True
1219.1352 	DATA 	Mouse:  Left button up, pos=(798,193)
1220.0081 	INFO 	Keyboard events cleared
1220.0080 	EXP 	fixation: autoDraw = False
1220.0080 	EXP 	polygon: autoDraw = True
1220.3409 	EXP 	Device response: <KeyPress from None: t=1220.3400806660065, value=space, duration=None>
1220.3588 	DATA 	Keypress: space
1220.3638 	EXP 	fixation: autoDraw = False
1220.3638 	EXP 	polygon: autoDraw = False
1220.4030 	EXP 	Device response: <KeyPress from None: t=1220.3400806660065, value=space, duration=0.06011458404827863>
1220.7353 	EXP 	Sound sound_1 reached end of file
1220.7517 	EXP 	Playing sound sound_1 on speaker Nirvana Crystl
1221.1862 	EXP 	Sound sound_1 stopped
1221.2050 	EXP 	text: autoDraw = True
1221.2050 	EXP 	textbox: autoDraw = True
1221.6176 	EXP 	Device response: <KeyPress from None: t=1221.6159401660552, value=1, duration=None>
1221.6217 	DATA 	Keypress: 1
1221.7254 	EXP 	Device response: <KeyPress from None: t=1221.6159401660552, value=1, duration=0.10429116699378937>
1221.9340 	EXP 	Device response: <KeyPress from None: t=1221.9299421660835, value=0, duration=None>
1221.9368 	DATA 	Keypress: 0
1221.9909 	EXP 	Device response: <KeyPress from None: t=1221.9299421660835, value=0, duration=0.06034554191865027>
1222.0673 	EXP 	Device response: <KeyPress from None: t=1222.0629213330103, value=0, duration=None>
1222.0700 	DATA 	Keypress: 0
1222.1179 	EXP 	Device response: <KeyPress from None: t=1222.0629213330103, value=0, duration=0.04829570802394301>
1222.5361 	DATA 	Mouse: Left button down, pos=(798,193)
1222.5423 	EXP 	New trial (rep=14, index=2): <Trial 170 (2 in rep 14) data={'delay': 0.4, 'freq': 1000.0, 'conditions': 'exp', 'thisN': 170, 'thisTrialN': 2, 'thisRepN': 14}>
1222.5505 	EXP 	text: autoDraw = False
1222.5505 	EXP 	textbox: autoDraw = False
1222.5505 	EXP 	fixation: autoDraw = True
1222.6517 	DATA 	Mouse:  Left button up, pos=(798,193)
1223.5404 	INFO 	Keyboard events cleared
1223.5403 	EXP 	fixation: autoDraw = False
1223.5403 	EXP 	polygon: autoDraw = True
1224.0583 	EXP 	Device response: <KeyPress from None: t=1224.0527945000213, value=space, duration=None>
1224.0658 	DATA 	Keypress: space
1224.0705 	EXP 	fixation: autoDraw = False
1224.0705 	EXP 	polygon: autoDraw = False
1224.1067 	EXP 	Device response: <KeyPress from None: t=1224.0527945000213, value=space, duration=0.052380666020326316>
1224.4519 	EXP 	Sound sound_1 reached end of file
1224.4682 	EXP 	Playing sound sound_1 on speaker Nirvana Crystl
1224.9020 	EXP 	Sound sound_1 stopped
1224.9220 	EXP 	text: autoDraw = True
1224.9220 	EXP 	textbox: autoDraw = True
1225.5256 	EXP 	Device response: <KeyPress from None: t=1225.5239080000902, value=1, duration=None>
1225.5300 	DATA 	Keypress: 1
1225.6342 	EXP 	Device response: <KeyPress from None: t=1225.5239080000902, value=1, duration=0.10817783290985972>
1225.9077 	EXP 	Device response: <KeyPress from None: t=1225.906733125099, value=0, duration=None>
1225.9105 	DATA 	Keypress: 0
1225.9677 	EXP 	Device response: <KeyPress from None: t=1225.906733125099, value=0, duration=0.05632645799778402>
1226.0425 	DATA 	Keypress: 0
1226.0435 	EXP 	Device response: <KeyPress from None: t=1226.036737000104, value=0, duration=None>
1226.1012 	EXP 	Device response: <KeyPress from None: t=1226.036737000104, value=0, duration=0.056314249988645315>
1226.4511 	DATA 	Mouse: Left button down, pos=(798,193)
1226.4521 	EXP 	New trial (rep=14, index=3): <Trial 171 (3 in rep 14) data={'delay': 0.7, 'freq': 400.0, 'conditions': 'unexp', 'thisN': 171, 'thisTrialN': 3, 'thisRepN': 14}>
1226.4557 	EXP 	text: autoDraw = False
1226.4557 	EXP 	textbox: autoDraw = False
1226.4557 	EXP 	fixation: autoDraw = True
1226.5351 	DATA 	Mouse:  Left button up, pos=(798,193)
1227.4415 	INFO 	Keyboard events cleared
1227.4413 	EXP 	polygon: autoDraw = True
1227.4515 	EXP 	fixation: autoDraw = False
1228.1199 	EXP 	Device response: <KeyPress from None: t=1228.1167694580508, value=space, duration=None>
1228.1274 	DATA 	Keypress: space
1228.1326 	EXP 	fixation: autoDraw = False
1228.1326 	EXP 	polygon: autoDraw = False
1228.1738 	EXP 	Device response: <KeyPress from None: t=1228.1167694580508, value=space, duration=0.052316625020466745>
1228.8071 	EXP 	Sound sound_1 reached end of file
1228.8234 	EXP 	Playing sound sound_1 on speaker Nirvana Crystl
1229.2573 	EXP 	Sound sound_1 stopped
1229.2778 	EXP 	text: autoDraw = True
1229.2778 	EXP 	textbox: autoDraw = True
1230.1919 	EXP 	Device response: <KeyPress from None: t=1230.1885898750043, value=7, duration=None>
1230.1957 	DATA 	Keypress: 7
1230.2682 	EXP 	Device response: <KeyPress from None: t=1230.1885898750043, value=7, duration=0.07239129103254527>
1230.4619 	DATA 	Keypress: 0
1230.4673 	EXP 	Device response: <KeyPress from None: t=1230.4577427910408, value=0, duration=None>
1230.5682 	EXP 	Device response: <KeyPress from None: t=1230.4577427910408, value=0, duration=0.10048220900353044>
1230.6250 	DATA 	Keypress: 0
1230.6260 	EXP 	Device response: <KeyPress from None: t=1230.6195862910245, value=0, duration=None>
1230.7076 	EXP 	Device response: <KeyPress from None: t=1230.6195862910245, value=0, duration=0.08450304204598069>
1231.0371 	DATA 	Mouse: Left button down, pos=(798,193)
1231.0418 	EXP 	New trial (rep=14, index=4): <Trial 172 (4 in rep 14) data={'delay': 0.1, 'freq': 1000.0, 'conditions': 'exp', 'thisN': 172, 'thisTrialN': 4, 'thisRepN': 14}>
1231.0503 	EXP 	text: autoDraw = False
1231.0503 	EXP 	textbox: autoDraw = False
1231.0503 	EXP 	fixation: autoDraw = True
1231.1180 	DATA 	Mouse:  Left button up, pos=(798,193)
1232.0413 	INFO 	Keyboard events cleared
1232.0411 	EXP 	fixation: autoDraw = False
1232.0411 	EXP 	polygon: autoDraw = True
1233.6363 	EXP 	Device response: <KeyPress from None: t=1233.6326834160136, value=space, duration=None>
1233.6439 	DATA 	Keypress: space
1233.6490 	EXP 	fixation: autoDraw = False
1233.6490 	EXP 	polygon: autoDraw = False
1233.6861 	EXP 	Device response: <KeyPress from None: t=1233.6326834160136, value=space, duration=0.05214849999174476>
1233.7228 	EXP 	Sound sound_1 reached end of file
1233.7392 	EXP 	Playing sound sound_1 on speaker Nirvana Crystl
1234.1738 	EXP 	Sound sound_1 stopped
1234.1926 	EXP 	text: autoDraw = True
1234.1926 	EXP 	textbox: autoDraw = True
1236.5426 	DATA 	Keypress: 3
1236.5437 	EXP 	Device response: <KeyPress from None: t=1236.5364608750679, value=3, duration=None>
1236.6180 	EXP 	Device response: <KeyPress from None: t=1236.5364608750679, value=3, duration=0.07241262495517731>
1236.7352 	DATA 	Keypress: 0
1236.7363 	EXP 	Device response: <KeyPress from None: t=1236.7255859581055, value=0, duration=None>
1236.7843 	EXP 	Device response: <KeyPress from None: t=1236.7255859581055, value=0, duration=0.05621754191815853>
1236.8676 	EXP 	Device response: <KeyPress from None: t=1236.8654590831138, value=0, duration=None>
1236.8706 	DATA 	Keypress: 0
1236.9252 	EXP 	Device response: <KeyPress from None: t=1236.8654590831138, value=0, duration=0.05245724995620549>
1237.3413 	DATA 	Mouse: Left button down, pos=(798,193)
1237.3422 	EXP 	New trial (rep=14, index=5): <Trial 173 (5 in rep 14) data={'delay': 0.4, 'freq': 1000.0, 'conditions': 'exp', 'thisN': 173, 'thisTrialN': 5, 'thisRepN': 14}>
1237.3502 	EXP 	text: autoDraw = False
1237.3502 	EXP 	textbox: autoDraw = False
1237.3502 	EXP 	fixation: autoDraw = True
1237.4214 	DATA 	Mouse:  Left button up, pos=(798,193)
1238.3410 	INFO 	Keyboard events cleared
1238.3409 	EXP 	fixation: autoDraw = False
1238.3409 	EXP 	polygon: autoDraw = True
1240.2364 	EXP 	Device response: <KeyPress from None: t=1240.2295552080031, value=space, duration=None>
1240.2440 	DATA 	Keypress: space
1240.2490 	EXP 	fixation: autoDraw = False
1240.2490 	EXP 	polygon: autoDraw = False
1240.2913 	EXP 	Device response: <KeyPress from None: t=1240.2295552080031, value=space, duration=0.05623391701374203>
1240.6238 	EXP 	Sound sound_1 reached end of file
1240.6402 	EXP 	Playing sound sound_1 on speaker Nirvana Crystl
1241.0748 	EXP 	Sound sound_1 stopped
1241.0941 	EXP 	text: autoDraw = True
1241.0941 	EXP 	textbox: autoDraw = True
1247.5514 	DATA 	Keypress: 3
1247.5526 	EXP 	Device response: <KeyPress from None: t=1247.5428899580147, value=3, duration=None>
1247.6175 	EXP 	Device response: <KeyPress from None: t=1247.5428899580147, value=3, duration=0.07002333307173103>
1247.8586 	DATA 	Keypress: 0
1247.8596 	EXP 	Device response: <KeyPress from None: t=1247.8524397501023, value=0, duration=None>
1247.9179 	EXP 	Device response: <KeyPress from None: t=1247.8524397501023, value=0, duration=0.056428832933306694>
1247.9749 	DATA 	Keypress: 0
1247.9758 	EXP 	Device response: <KeyPress from None: t=1247.9686036660569, value=0, duration=None>
1248.0340 	EXP 	Device response: <KeyPress from None: t=1247.9686036660569, value=0, duration=0.06422687496524304>
1248.5521 	DATA 	Mouse: Left button down, pos=(798,193)
1248.5582 	EXP 	New trial (rep=14, index=6): <Trial 174 (6 in rep 14) data={'delay': 0.7, 'freq': 1000.0, 'conditions': 'exp', 'thisN': 174, 'thisTrialN': 6, 'thisRepN': 14}>
1248.5669 	EXP 	text: autoDraw = False
1248.5669 	EXP 	textbox: autoDraw = False
1248.5669 	EXP 	fixation: autoDraw = True
1248.6012 	DATA 	Mouse:  Left button up, pos=(798,193)
1249.5515 	INFO 	Keyboard events cleared
1249.5513 	EXP 	polygon: autoDraw = True
1249.5574 	EXP 	fixation: autoDraw = False
1251.9027 	EXP 	Device response: <KeyPress from None: t=1251.8984833750874, value=space, duration=None>
1251.9102 	DATA 	Keypress: space
1251.9165 	EXP 	fixation: autoDraw = False
1251.9165 	EXP 	polygon: autoDraw = False
1251.9570 	EXP 	Device response: <KeyPress from None: t=1251.8984833750874, value=space, duration=0.05628374998923391>
1252.5894 	EXP 	Sound sound_1 reached end of file
1252.6058 	EXP 	Playing sound sound_1 on speaker Nirvana Crystl
1253.0398 	EXP 	Sound sound_1 stopped
1253.0585 	EXP 	text: autoDraw = True
1253.0585 	EXP 	textbox: autoDraw = True
1253.3762 	DATA 	Keypress: 7
1253.3773 	EXP 	Device response: <KeyPress from None: t=1253.3714451250853, value=7, duration=None>
1253.4418 	EXP 	Device response: <KeyPress from None: t=1253.3714451250853, value=7, duration=0.06436404096893966>
1253.6182 	DATA 	Keypress: 0
1253.6192 	EXP 	Device response: <KeyPress from None: t=1253.609390166006, value=0, duration=None>
1253.6840 	EXP 	Device response: <KeyPress from None: t=1253.609390166006, value=0, duration=0.07222887501120567>
1253.7506 	EXP 	Device response: <KeyPress from None: t=1253.74732654111, value=0, duration=None>
1253.7534 	DATA 	Keypress: 0
1253.8175 	EXP 	Device response: <KeyPress from None: t=1253.74732654111, value=0, duration=0.0684211669722572>
1254.4742 	DATA 	Mouse: Left button down, pos=(798,193)
1254.4751 	EXP 	New trial (rep=14, index=7): <Trial 175 (7 in rep 14) data={'delay': 0.4, 'freq': 400.0, 'conditions': 'unexp', 'thisN': 175, 'thisTrialN': 7, 'thisRepN': 14}>
1254.4832 	EXP 	text: autoDraw = False
1254.4832 	EXP 	textbox: autoDraw = False
1254.4832 	EXP 	fixation: autoDraw = True
1254.5877 	DATA 	Mouse:  Left button up, pos=(798,193)
1255.4725 	INFO 	Keyboard events cleared
1255.4724 	EXP 	fixation: autoDraw = False
1255.4724 	EXP 	polygon: autoDraw = True
1256.2690 	EXP 	Device response: <KeyPress from None: t=1256.2672717500245, value=space, duration=None>
1256.2760 	DATA 	Keypress: space
1256.2810 	EXP 	fixation: autoDraw = False
1256.2810 	EXP 	polygon: autoDraw = False
1256.3189 	EXP 	Device response: <KeyPress from None: t=1256.2672717500245, value=space, duration=0.04838420799933374>
1256.6569 	EXP 	Sound sound_1 reached end of file
1256.6733 	EXP 	Playing sound sound_1 on speaker Nirvana Crystl
1257.1078 	EXP 	Sound sound_1 stopped
1257.1272 	EXP 	text: autoDraw = True
1257.1272 	EXP 	textbox: autoDraw = True
1258.4234 	DATA 	Keypress: 3
1258.4278 	EXP 	Device response: <KeyPress from None: t=1258.4182980410988, value=3, duration=None>
1258.5078 	EXP 	Device response: <KeyPress from None: t=1258.4182980410988, value=3, duration=0.0882200839696452>
1258.6240 	EXP 	Device response: <KeyPress from None: t=1258.6212697500596, value=0, duration=None>
1258.6269 	DATA 	Keypress: 0
1258.6915 	EXP 	Device response: <KeyPress from None: t=1258.6212697500596, value=0, duration=0.06826979096513242>
1258.7616 	DATA 	Keypress: 0
1258.7670 	EXP 	Device response: <KeyPress from None: t=1258.7571353330277, value=0, duration=None>
1258.8346 	EXP 	Device response: <KeyPress from None: t=1258.7571353330277, value=0, duration=0.07239450002089143>
1259.1674 	DATA 	Mouse: Left button down, pos=(798,193)
1259.1684 	EXP 	New trial (rep=14, index=8): <Trial 176 (8 in rep 14) data={'delay': 0.1, 'freq': 400.0, 'conditions': 'unexp', 'thisN': 176, 'thisTrialN': 8, 'thisRepN': 14}>
1259.1718 	EXP 	text: autoDraw = False
1259.1718 	EXP 	textbox: autoDraw = False
1259.1718 	EXP 	fixation: autoDraw = True
1259.2682 	DATA 	Mouse:  Left button up, pos=(798,193)
1260.1582 	INFO 	Keyboard events cleared
1260.1581 	EXP 	polygon: autoDraw = True
1260.1679 	EXP 	fixation: autoDraw = False
1263.0026 	EXP 	Device response: <KeyPress from None: t=1262.9971621250734, value=space, duration=None>
1263.0104 	DATA 	Keypress: space
1263.0155 	EXP 	fixation: autoDraw = False
1263.0155 	EXP 	polygon: autoDraw = False
1263.0523 	EXP 	Device response: <KeyPress from None: t=1262.9971621250734, value=space, duration=0.04835499997716397>
1263.0899 	EXP 	Sound sound_1 reached end of file
1263.1062 	EXP 	Playing sound sound_1 on speaker Nirvana Crystl
1263.5408 	EXP 	Sound sound_1 stopped
1263.5616 	EXP 	text: autoDraw = True
1263.5616 	EXP 	textbox: autoDraw = True
1265.6172 	EXP 	Device response: <KeyPress from None: t=1265.6160565830069, value=3, duration=None>
1265.6215 	DATA 	Keypress: 3
1265.6918 	EXP 	Device response: <KeyPress from None: t=1265.6160565830069, value=3, duration=0.07227170804981142>
1266.0008 	EXP 	Device response: <KeyPress from None: t=1265.9991019160952, value=0, duration=None>
1266.0037 	DATA 	Keypress: 0
1266.0669 	EXP 	Device response: <KeyPress from None: t=1265.9991019160952, value=0, duration=0.06429895898327231>
1266.1414 	DATA 	Keypress: 0
1266.1423 	EXP 	Device response: <KeyPress from None: t=1266.1351183330407, value=0, duration=None>
1266.2010 	EXP 	Device response: <KeyPress from None: t=1266.1351183330407, value=0, duration=0.05632037506438792>
1266.7534 	DATA 	Mouse: Left button down, pos=(798,193)
1266.7583 	EXP 	New trial (rep=14, index=9): <Trial 177 (9 in rep 14) data={'delay': 0.7, 'freq': 1000.0, 'conditions': 'exp', 'thisN': 177, 'thisTrialN': 9, 'thisRepN': 14}>
1266.7668 	EXP 	text: autoDraw = False
1266.7668 	EXP 	textbox: autoDraw = False
1266.7668 	EXP 	fixation: autoDraw = True
1266.8880 	DATA 	Mouse:  Left button up, pos=(798,193)
1267.7578 	INFO 	Keyboard events cleared
1267.7576 	EXP 	fixation: autoDraw = False
1267.7576 	EXP 	polygon: autoDraw = True
1268.5191 	EXP 	Device response: <KeyPress from None: t=1268.5150729160523, value=space, duration=None>
1268.5277 	DATA 	Keypress: space
1268.5331 	EXP 	fixation: autoDraw = False
1268.5331 	EXP 	polygon: autoDraw = False
1268.5687 	EXP 	Device response: <KeyPress from None: t=1268.5150729160523, value=space, duration=0.048442292027175426>
1269.2058 	EXP 	Sound sound_1 reached end of file
1269.2222 	EXP 	Playing sound sound_1 on speaker Nirvana Crystl
1269.6570 	EXP 	Sound sound_1 stopped
1269.6776 	EXP 	text: autoDraw = True
1269.6776 	EXP 	textbox: autoDraw = True
1270.1578 	EXP 	Device response: <KeyPress from None: t=1270.157022291096, value=7, duration=None>
1270.1618 	DATA 	Keypress: 7
1270.2505 	EXP 	Device response: <KeyPress from None: t=1270.157022291096, value=7, duration=0.08830104197841138>
1270.4178 	DATA 	Keypress: 0
1270.4188 	EXP 	Device response: <KeyPress from None: t=1270.4099579160102, value=0, duration=None>
1270.5173 	EXP 	Device response: <KeyPress from None: t=1270.4099579160102, value=0, duration=0.10443529207259417>
1270.5840 	EXP 	Device response: <KeyPress from None: t=1270.5810332080582, value=0, duration=None>
1270.5869 	DATA 	Keypress: 0
1270.6744 	EXP 	Device response: <KeyPress from None: t=1270.5810332080582, value=0, duration=0.09236345801036805>
1271.1175 	DATA 	Mouse: Left button down, pos=(798,193)
1271.1184 	EXP 	New trial (rep=14, index=10): <Trial 178 (10 in rep 14) data={'delay': 0.1, 'freq': 1000.0, 'conditions': 'exp', 'thisN': 178, 'thisTrialN': 10, 'thisRepN': 14}>
1271.1220 	EXP 	text: autoDraw = False
1271.1220 	EXP 	textbox: autoDraw = False
1271.1220 	EXP 	fixation: autoDraw = True
1271.2854 	DATA 	Mouse:  Left button up, pos=(798,193)
1272.1078 	INFO 	Keyboard events cleared
1272.1077 	EXP 	polygon: autoDraw = True
1272.1178 	EXP 	fixation: autoDraw = False
1272.9582 	EXP 	Device response: <KeyPress from None: t=1272.9539805001114, value=space, duration=None>
1272.9650 	DATA 	Keypress: space
1272.9701 	EXP 	fixation: autoDraw = False
1272.9701 	EXP 	polygon: autoDraw = False
1273.0233 	EXP 	Device response: <KeyPress from None: t=1272.9539805001114, value=space, duration=0.0649695829488337>
1273.0512 	EXP 	Sound sound_1 reached end of file
1273.0676 	EXP 	Playing sound sound_1 on speaker Nirvana Crystl
1273.5023 	EXP 	Sound sound_1 stopped
1273.5224 	EXP 	text: autoDraw = True
1273.5224 	EXP 	textbox: autoDraw = True
1274.2834 	EXP 	Device response: <KeyPress from None: t=1274.2789254160598, value=1, duration=None>
1274.2877 	DATA 	Keypress: 1
1274.3908 	EXP 	Device response: <KeyPress from None: t=1274.2789254160598, value=1, duration=0.10824079194571823>
1274.5678 	DATA 	Keypress: 0
1274.5688 	EXP 	Device response: <KeyPress from None: t=1274.5598526250105, value=0, duration=None>
1274.6412 	EXP 	Device response: <KeyPress from None: t=1274.5598526250105, value=0, duration=0.07625816599465907>
1274.7184 	DATA 	Keypress: 0
1274.7194 	EXP 	Device response: <KeyPress from None: t=1274.7078242910793, value=0, duration=None>
1274.8006 	EXP 	Device response: <KeyPress from None: t=1274.7078242910793, value=0, duration=0.08832608396187425>
1275.2024 	DATA 	Mouse: Left button down, pos=(798,193)
1275.2089 	EXP 	New trial (rep=14, index=11): <Trial 179 (11 in rep 14) data={'delay': 0.7, 'freq': 1000.0, 'conditions': 'exp', 'thisN': 179, 'thisTrialN': 11, 'thisRepN': 14}>
1275.2167 	EXP 	text: autoDraw = False
1275.2167 	EXP 	textbox: autoDraw = False
1275.2167 	EXP 	fixation: autoDraw = True
1275.3179 	DATA 	Mouse:  Left button up, pos=(798,193)
1276.2073 	INFO 	Keyboard events cleared
1276.2071 	EXP 	fixation: autoDraw = False
1276.2071 	EXP 	polygon: autoDraw = True
1276.7855 	EXP 	Device response: <KeyPress from None: t=1276.78087245801, value=space, duration=None>
1276.7928 	DATA 	Keypress: space
1276.7978 	EXP 	fixation: autoDraw = False
1276.7978 	EXP 	polygon: autoDraw = False
1276.8693 	EXP 	Device response: <KeyPress from None: t=1276.78087245801, value=space, duration=0.07630170800257474>
1277.4715 	EXP 	Sound sound_1 reached end of file
1277.4879 	EXP 	Playing sound sound_1 on speaker Nirvana Crystl
1277.9223 	EXP 	Sound sound_1 stopped
1277.9410 	EXP 	text: autoDraw = True
1277.9410 	EXP 	textbox: autoDraw = True
1278.8667 	EXP 	Device response: <KeyPress from None: t=1278.8616720830323, value=6, duration=None>
1278.8705 	DATA 	Keypress: 6
1278.9506 	EXP 	Device response: <KeyPress from None: t=1278.8616720830323, value=6, duration=0.08846504206303507>
1279.1509 	DATA 	Keypress: 0
1279.1520 	EXP 	Device response: <KeyPress from None: t=1279.1437157080509, value=0, duration=None>
1279.2411 	EXP 	Device response: <KeyPress from None: t=1279.1437157080509, value=0, duration=0.09237249998841435>
1279.3171 	EXP 	Device response: <KeyPress from None: t=1279.3147519580089, value=0, duration=None>
1279.3200 	DATA 	Keypress: 0
1279.4010 	EXP 	Device response: <KeyPress from None: t=1279.3147519580089, value=0, duration=0.07629300002008677>
1279.8521 	DATA 	Mouse: Left button down, pos=(798,193)
1279.8583 	EXP 	New trial (rep=15, index=0): <Trial 180 (0 in rep 15) data={'delay': 0.4, 'freq': 1000.0, 'conditions': 'exp', 'thisN': 180, 'thisTrialN': 0, 'thisRepN': 15}>
1279.8662 	EXP 	text: autoDraw = False
1279.8662 	EXP 	textbox: autoDraw = False
1279.8662 	EXP 	fixation: autoDraw = True
1280.0016 	DATA 	Mouse:  Left button up, pos=(798,193)
1280.8576 	INFO 	Keyboard events cleared
1280.8575 	EXP 	fixation: autoDraw = False
1280.8575 	EXP 	polygon: autoDraw = True
1281.4693 	EXP 	Device response: <KeyPress from None: t=1281.4641030411003, value=space, duration=None>
1281.4764 	DATA 	Keypress: space
1281.4815 	EXP 	fixation: autoDraw = False
1281.4815 	EXP 	polygon: autoDraw = False
1281.5358 	EXP 	Device response: <KeyPress from None: t=1281.4641030411003, value=space, duration=0.06404887500684708>
1281.8566 	EXP 	Sound sound_1 reached end of file
1281.8730 	EXP 	Playing sound sound_1 on speaker Nirvana Crystl
1282.3069 	EXP 	Sound sound_1 stopped
1282.3271 	EXP 	text: autoDraw = True
1282.3271 	EXP 	textbox: autoDraw = True
1282.6253 	DATA 	Keypress: 3
1282.6264 	EXP 	Device response: <KeyPress from None: t=1282.6196119580418, value=3, duration=None>
1282.7176 	EXP 	Device response: <KeyPress from None: t=1282.6196119580418, value=3, duration=0.0883025829680264>
1282.9340 	EXP 	Device response: <KeyPress from None: t=1282.93172375008, value=0, duration=None>
1282.9381 	DATA 	Keypress: 0
1283.0006 	EXP 	Device response: <KeyPress from None: t=1282.93172375008, value=0, duration=0.06819849996827543>
1283.0672 	EXP 	Device response: <KeyPress from None: t=1283.0646962911123, value=0, duration=None>
1283.0699 	DATA 	Keypress: 0
1283.1345 	EXP 	Device response: <KeyPress from None: t=1283.0646962911123, value=0, duration=0.06033429189119488>
1283.5523 	DATA 	Mouse: Left button down, pos=(798,193)
1283.5589 	EXP 	New trial (rep=15, index=1): <Trial 181 (1 in rep 15) data={'delay': 0.1, 'freq': 400.0, 'conditions': 'unexp', 'thisN': 181, 'thisTrialN': 1, 'thisRepN': 15}>
1283.5663 	EXP 	text: autoDraw = False
1283.5663 	EXP 	textbox: autoDraw = False
1283.5663 	EXP 	fixation: autoDraw = True
1283.7013 	DATA 	Mouse:  Left button up, pos=(798,193)
1284.5574 	INFO 	Keyboard events cleared
1284.5573 	EXP 	fixation: autoDraw = False
1284.5573 	EXP 	polygon: autoDraw = True
1285.3692 	EXP 	Device response: <KeyPress from None: t=1285.3676465410972, value=space, duration=None>
1285.3764 	DATA 	Keypress: space
1285.3815 	EXP 	fixation: autoDraw = False
1285.3815 	EXP 	polygon: autoDraw = False
1285.4565 	EXP 	Sound sound_1 reached end of file
1285.4729 	EXP 	Playing sound sound_1 on speaker Nirvana Crystl
1285.4692 	EXP 	Device response: <KeyPress from None: t=1285.3676465410972, value=space, duration=0.09638620901387185>
1285.9074 	EXP 	Sound sound_1 stopped
1285.9264 	EXP 	text: autoDraw = True
1285.9264 	EXP 	textbox: autoDraw = True
1286.6337 	EXP 	Device response: <KeyPress from None: t=1286.6306677910034, value=2, duration=None>
1286.6380 	DATA 	Keypress: 2
1286.7170 	EXP 	Device response: <KeyPress from None: t=1286.6306677910034, value=2, duration=0.08425420906860381>
1286.9847 	DATA 	Keypress: 0
1286.9858 	EXP 	Device response: <KeyPress from None: t=1286.9776828330941, value=0, duration=None>
1287.0334 	EXP 	Device response: <KeyPress from None: t=1286.9776828330941, value=0, duration=0.052267708000727>
1287.1176 	DATA 	Keypress: 0
1287.1185 	EXP 	Device response: <KeyPress from None: t=1287.1075275000185, value=0, duration=None>
1287.1676 	EXP 	Device response: <KeyPress from None: t=1287.1075275000185, value=0, duration=0.05232150002848357>
1287.6426 	DATA 	Mouse: Left button down, pos=(798,193)
1287.6500 	EXP 	New trial (rep=15, index=2): <Trial 182 (2 in rep 15) data={'delay': 0.1, 'freq': 1000.0, 'conditions': 'exp', 'thisN': 182, 'thisTrialN': 2, 'thisRepN': 15}>
1287.6531 	EXP 	text: autoDraw = False
1287.6531 	EXP 	textbox: autoDraw = False
1287.6531 	EXP 	fixation: autoDraw = True
1287.7677 	DATA 	Mouse:  Left button up, pos=(798,193)
1288.6409 	INFO 	Keyboard events cleared
1288.6408 	EXP 	polygon: autoDraw = True
1288.6510 	EXP 	fixation: autoDraw = False
1289.1526 	EXP 	Device response: <KeyPress from None: t=1289.1434627081035, value=space, duration=None>
1289.1601 	DATA 	Keypress: space
1289.1652 	EXP 	fixation: autoDraw = False
1289.1652 	EXP 	polygon: autoDraw = False
1289.2187 	EXP 	Device response: <KeyPress from None: t=1289.1434627081035, value=space, duration=0.06855491700116545>
1289.2398 	EXP 	Sound sound_1 reached end of file
1289.2563 	EXP 	Playing sound sound_1 on speaker Nirvana Crystl
1289.6909 	EXP 	Sound sound_1 stopped
1289.7113 	EXP 	text: autoDraw = True
1289.7113 	EXP 	textbox: autoDraw = True
1290.3001 	EXP 	Device response: <KeyPress from None: t=1290.29451616609, value=1, duration=None>
1290.3043 	DATA 	Keypress: 1
1290.4073 	EXP 	Device response: <KeyPress from None: t=1290.29451616609, value=1, duration=0.11231137497816235>
1290.6012 	DATA 	Keypress: 0
1290.6022 	EXP 	Device response: <KeyPress from None: t=1290.5935534160817, value=0, duration=None>
1290.6670 	EXP 	Device response: <KeyPress from None: t=1290.5935534160817, value=0, duration=0.06838800001423806>
1290.7406 	EXP 	Device response: <KeyPress from None: t=1290.7374499581056, value=0, duration=None>
1290.7435 	DATA 	Keypress: 0
1290.8009 	EXP 	Device response: <KeyPress from None: t=1290.7374499581056, value=0, duration=0.056398874963633716>
1291.1588 	DATA 	Mouse: Left button down, pos=(798,193)
1291.1666 	EXP 	New trial (rep=15, index=3): <Trial 183 (3 in rep 15) data={'delay': 0.7, 'freq': 1000.0, 'conditions': 'exp', 'thisN': 183, 'thisTrialN': 3, 'thisRepN': 15}>
1291.1698 	EXP 	text: autoDraw = False
1291.1698 	EXP 	textbox: autoDraw = False
1291.1698 	EXP 	fixation: autoDraw = True
1291.2847 	DATA 	Mouse:  Left button up, pos=(798,193)
1292.1575 	INFO 	Keyboard events cleared
1292.1573 	EXP 	polygon: autoDraw = True
1292.1674 	EXP 	fixation: autoDraw = False
1292.7689 	EXP 	Device response: <KeyPress from None: t=1292.7645104581024, value=space, duration=None>
1292.7766 	DATA 	Keypress: space
1292.7816 	EXP 	fixation: autoDraw = False
1292.7816 	EXP 	polygon: autoDraw = False
1292.8358 	EXP 	Device response: <KeyPress from None: t=1292.7645104581024, value=space, duration=0.060309541993774474>
1293.4565 	EXP 	Sound sound_1 reached end of file
1293.4728 	EXP 	Playing sound sound_1 on speaker Nirvana Crystl
1293.9074 	EXP 	Sound sound_1 stopped
1293.9274 	EXP 	text: autoDraw = True
1293.9274 	EXP 	textbox: autoDraw = True
1295.1254 	DATA 	Keypress: 2
1295.1265 	EXP 	Device response: <KeyPress from None: t=1295.1204830000643, value=2, duration=None>
1295.2177 	EXP 	Device response: <KeyPress from None: t=1295.1204830000643, value=2, duration=0.08827479102183133>
1295.4747 	DATA 	Keypress: 0
1295.4757 	EXP 	Device response: <KeyPress from None: t=1295.4673415410798, value=0, duration=None>
1295.5244 	EXP 	Device response: <KeyPress from None: t=1295.4673415410798, value=0, duration=0.05228754202835262>
1295.6009 	DATA 	Keypress: 0
1295.6018 	EXP 	Device response: <KeyPress from None: t=1295.591516125016, value=0, duration=None>
1295.6575 	EXP 	Device response: <KeyPress from None: t=1295.591516125016, value=0, duration=0.06010395800694823>
1306.1250 	DATA 	Mouse: Left button down, pos=(798,193)
1306.1332 	EXP 	New trial (rep=15, index=4): <Trial 184 (4 in rep 15) data={'delay': 0.7, 'freq': 400.0, 'conditions': 'unexp', 'thisN': 184, 'thisTrialN': 4, 'thisRepN': 15}>
1306.1363 	EXP 	text: autoDraw = False
1306.1363 	EXP 	textbox: autoDraw = False
1306.1363 	EXP 	fixation: autoDraw = True
1306.2859 	DATA 	Mouse:  Left button up, pos=(798,193)
1306.7350 	EXP 	Device response: <KeyPress from None: t=1306.727392041008, value=space, duration=None>
1306.7410 	DATA 	Keypress: space
1306.8027 	EXP 	Device response: <KeyPress from None: t=1306.727392041008, value=space, duration=0.07236408407334238>
1307.1243 	INFO 	Keyboard events cleared
1307.1242 	EXP 	polygon: autoDraw = True
1307.1340 	EXP 	fixation: autoDraw = False
1307.5858 	EXP 	Device response: <KeyPress from None: t=1307.5755532910116, value=space, duration=None>
1307.5938 	DATA 	Keypress: space
1307.5989 	EXP 	fixation: autoDraw = False
1307.5989 	EXP 	polygon: autoDraw = False
1307.6386 	EXP 	Device response: <KeyPress from None: t=1307.5755532910116, value=space, duration=0.06029054208192974>
1308.2723 	EXP 	Sound sound_1 reached end of file
1308.2887 	EXP 	Playing sound sound_1 on speaker Nirvana Crystl
1308.7233 	EXP 	Sound sound_1 stopped
1308.7429 	EXP 	text: autoDraw = True
1308.7429 	EXP 	textbox: autoDraw = True
1309.8413 	EXP 	Device response: <KeyPress from None: t=1309.8392904580105, value=7, duration=None>
1309.8454 	DATA 	Keypress: 7
1309.9174 	EXP 	Device response: <KeyPress from None: t=1309.8392904580105, value=7, duration=0.07244225009344518>
1310.1578 	DATA 	Keypress: 0
1310.1588 	EXP 	Device response: <KeyPress from None: t=1310.1513289581053, value=0, duration=None>
1310.2336 	EXP 	Device response: <KeyPress from None: t=1310.1513289581053, value=0, duration=0.07235766691155732>
1310.2903 	EXP 	Device response: <KeyPress from None: t=1310.2894446660066, value=0, duration=None>
1310.2946 	DATA 	Keypress: 0
1310.3570 	EXP 	Device response: <KeyPress from None: t=1310.2894446660066, value=0, duration=0.06429208407644182>
1310.8169 	DATA 	Mouse: Left button down, pos=(798,193)
1310.8178 	EXP 	New trial (rep=15, index=5): <Trial 185 (5 in rep 15) data={'delay': 0.1, 'freq': 1000.0, 'conditions': 'exp', 'thisN': 185, 'thisTrialN': 5, 'thisRepN': 15}>
1310.8211 	EXP 	text: autoDraw = False
1310.8211 	EXP 	textbox: autoDraw = False
1310.8211 	EXP 	fixation: autoDraw = True
1310.9174 	DATA 	Mouse:  Left button up, pos=(798,193)
1311.8071 	INFO 	Keyboard events cleared
1311.8070 	EXP 	polygon: autoDraw = True
1311.8173 	EXP 	fixation: autoDraw = False
1312.5076 	EXP 	Device response: <KeyPress from None: t=1312.5043670830783, value=space, duration=None>
1312.5145 	DATA 	Keypress: space
1312.5198 	EXP 	fixation: autoDraw = False
1312.5198 	EXP 	polygon: autoDraw = False
1312.5730 	EXP 	Device response: <KeyPress from None: t=1312.5043670830783, value=space, duration=0.0642419169889763>
1312.6009 	EXP 	Sound sound_1 reached end of file
1312.6173 	EXP 	Playing sound sound_1 on speaker Nirvana Crystl
1313.0519 	EXP 	Sound sound_1 stopped
1313.0711 	EXP 	text: autoDraw = True
1313.0711 	EXP 	textbox: autoDraw = True
1314.1668 	EXP 	Device response: <KeyPress from None: t=1314.163338458049, value=2, duration=None>
1314.1707 	DATA 	Keypress: 2
1314.2738 	EXP 	Device response: <KeyPress from None: t=1314.163338458049, value=2, duration=0.108810874982737>
1314.5247 	DATA 	Keypress: 0
1314.5257 	EXP 	Device response: <KeyPress from None: t=1314.5183036250528, value=0, duration=None>
1314.5736 	EXP 	Device response: <KeyPress from None: t=1314.5183036250528, value=0, duration=0.05225299997255206>
1314.6577 	DATA 	Keypress: 0
1314.6586 	EXP 	Device response: <KeyPress from None: t=1314.6522845830768, value=0, duration=None>
1314.7171 	EXP 	Device response: <KeyPress from None: t=1314.6522845830768, value=0, duration=0.056324042030610144>
1315.2169 	DATA 	Mouse: Left button down, pos=(798,193)
1315.2178 	EXP 	New trial (rep=15, index=6): <Trial 186 (6 in rep 15) data={'delay': 0.4, 'freq': 1000.0, 'conditions': 'exp', 'thisN': 186, 'thisTrialN': 6, 'thisRepN': 15}>
1315.2213 	EXP 	text: autoDraw = False
1315.2213 	EXP 	textbox: autoDraw = False
1315.2213 	EXP 	fixation: autoDraw = True
1315.3345 	DATA 	Mouse:  Left button up, pos=(798,193)
1316.2065 	INFO 	Keyboard events cleared
1316.2064 	EXP 	polygon: autoDraw = True
1316.2174 	EXP 	fixation: autoDraw = False
1317.1529 	EXP 	Device response: <KeyPress from None: t=1317.145382125047, value=space, duration=None>
1317.1601 	DATA 	Keypress: space
1317.1653 	EXP 	fixation: autoDraw = False
1317.1653 	EXP 	polygon: autoDraw = False
1317.2014 	EXP 	Device response: <KeyPress from None: t=1317.145382125047, value=space, duration=0.05210695799905807>
1317.5399 	EXP 	Sound sound_1 reached end of file
1317.5563 	EXP 	Playing sound sound_1 on speaker Nirvana Crystl
1317.9899 	EXP 	Sound sound_1 stopped
1318.0095 	EXP 	text: autoDraw = True
1318.0095 	EXP 	textbox: autoDraw = True
1318.6366 	DATA 	Keypress: 3
1318.6429 	EXP 	Device response: <KeyPress from None: t=1318.6331172080245, value=3, duration=None>
1318.7405 	EXP 	Device response: <KeyPress from None: t=1318.6331172080245, value=3, duration=0.10430062504019588>
1319.1012 	DATA 	Keypress: 0
1319.1022 	EXP 	Device response: <KeyPress from None: t=1319.0941753330408, value=0, duration=None>
1319.1501 	EXP 	Device response: <KeyPress from None: t=1319.0941753330408, value=0, duration=0.0522137499647215>
1319.2245 	DATA 	Keypress: 0
1319.2255 	EXP 	Device response: <KeyPress from None: t=1319.217078958056, value=0, duration=None>
1319.2837 	EXP 	Device response: <KeyPress from None: t=1319.217078958056, value=0, duration=0.060322499950416386>
1327.1999 	DATA 	Mouse: Left button down, pos=(798,193)
1327.2009 	EXP 	New trial (rep=15, index=7): <Trial 187 (7 in rep 15) data={'delay': 0.7, 'freq': 1000.0, 'conditions': 'exp', 'thisN': 187, 'thisTrialN': 7, 'thisRepN': 15}>
1327.2044 	EXP 	text: autoDraw = False
1327.2044 	EXP 	textbox: autoDraw = False
1327.2044 	EXP 	fixation: autoDraw = True
1327.3043 	DATA 	Mouse:  Left button up, pos=(798,193)
1328.1906 	INFO 	Keyboard events cleared
1328.1904 	EXP 	polygon: autoDraw = True
1328.2005 	EXP 	fixation: autoDraw = False
1329.9526 	EXP 	Device response: <KeyPress from None: t=1329.9488182080677, value=space, duration=None>
1329.9607 	DATA 	Keypress: space
1329.9660 	EXP 	fixation: autoDraw = False
1329.9660 	EXP 	polygon: autoDraw = False
1330.0017 	EXP 	Device response: <KeyPress from None: t=1329.9488182080677, value=space, duration=0.048387749935500324>
1330.6397 	EXP 	Sound sound_1 reached end of file
1330.6561 	EXP 	Playing sound sound_1 on speaker Nirvana Crystl
1331.0898 	EXP 	Sound sound_1 stopped
1331.1085 	EXP 	text: autoDraw = True
1331.1085 	EXP 	textbox: autoDraw = True
1331.9501 	EXP 	Device response: <KeyPress from None: t=1331.9478363330709, value=2, duration=None>
1331.9541 	DATA 	Keypress: 2
1332.0507 	EXP 	Device response: <KeyPress from None: t=1331.9478363330709, value=2, duration=0.09630949993152171>
1332.3006 	DATA 	Keypress: 0
1332.3016 	EXP 	Device response: <KeyPress from None: t=1332.2927580830874, value=0, duration=None>
1332.3504 	EXP 	Device response: <KeyPress from None: t=1332.2927580830874, value=0, duration=0.048445167019963264>
1332.4065 	EXP 	Device response: <KeyPress from None: t=1332.403776750085, value=0, duration=None>
1332.4095 	DATA 	Keypress: 0
1332.4736 	EXP 	Device response: <KeyPress from None: t=1332.403776750085, value=0, duration=0.06828383298125118>
1333.5661 	DATA 	Mouse: Left button down, pos=(798,193)
1333.5671 	EXP 	New trial (rep=15, index=8): <Trial 188 (8 in rep 15) data={'delay': 0.4, 'freq': 400.0, 'conditions': 'unexp', 'thisN': 188, 'thisTrialN': 8, 'thisRepN': 15}>
1333.5703 	EXP 	text: autoDraw = False
1333.5703 	EXP 	textbox: autoDraw = False
1333.5703 	EXP 	fixation: autoDraw = True
1333.6839 	DATA 	Mouse:  Left button up, pos=(798,193)
1334.5568 	INFO 	Keyboard events cleared
1334.5567 	EXP 	polygon: autoDraw = True
1334.5672 	EXP 	fixation: autoDraw = False
1335.2521 	EXP 	Device response: <KeyPress from None: t=1335.2447963750456, value=space, duration=None>
1335.2601 	DATA 	Keypress: space
1335.2651 	EXP 	fixation: autoDraw = False
1335.2651 	EXP 	polygon: autoDraw = False
1335.2885 	EXP 	Device response: <KeyPress from None: t=1335.2447963750456, value=space, duration=0.040314665995538235>
1335.6398 	EXP 	Sound sound_1 reached end of file
1335.6562 	EXP 	Playing sound sound_1 on speaker Nirvana Crystl
1336.0906 	EXP 	Sound sound_1 stopped
1336.1104 	EXP 	text: autoDraw = True
1336.1104 	EXP 	textbox: autoDraw = True
1336.5507 	DATA 	Keypress: 4
1336.5519 	EXP 	Device response: <KeyPress from None: t=1336.543829125003, value=4, duration=None>
1336.6572 	EXP 	Device response: <KeyPress from None: t=1336.543829125003, value=4, duration=0.11223425006028265>
1336.8835 	EXP 	Device response: <KeyPress from None: t=1336.8827609580476, value=0, duration=None>
1336.8877 	DATA 	Keypress: 0
1336.9334 	EXP 	Device response: <KeyPress from None: t=1336.8827609580476, value=0, duration=0.048267749953083694>
1337.0176 	DATA 	Keypress: 0
1337.0183 	EXP 	Device response: <KeyPress from None: t=1337.0127712910762, value=0, duration=None>
1337.0735 	EXP 	Device response: <KeyPress from None: t=1337.0127712910762, value=0, duration=0.060332249966450036>
1337.9834 	DATA 	Mouse: Left button down, pos=(798,193)
1337.9843 	EXP 	New trial (rep=15, index=9): <Trial 189 (9 in rep 15) data={'delay': 0.1, 'freq': 1000.0, 'conditions': 'exp', 'thisN': 189, 'thisTrialN': 9, 'thisRepN': 15}>
1337.9876 	EXP 	text: autoDraw = False
1337.9876 	EXP 	textbox: autoDraw = False
1337.9876 	EXP 	fixation: autoDraw = True
1338.1344 	DATA 	Mouse:  Left button up, pos=(798,193)
1338.9739 	INFO 	Keyboard events cleared
1338.9738 	EXP 	polygon: autoDraw = True
1338.9838 	EXP 	fixation: autoDraw = False
1339.7019 	EXP 	Device response: <KeyPress from None: t=1339.6946765830508, value=space, duration=None>
1339.7094 	DATA 	Keypress: space
1339.7145 	EXP 	fixation: autoDraw = False
1339.7145 	EXP 	polygon: autoDraw = False
1339.7686 	EXP 	Device response: <KeyPress from None: t=1339.6946765830508, value=space, duration=0.07222529198043048>
1339.7867 	EXP 	Sound sound_1 reached end of file
1339.8031 	EXP 	Playing sound sound_1 on speaker Nirvana Crystl
1340.2375 	EXP 	Sound sound_1 stopped
1340.2575 	EXP 	text: autoDraw = True
1340.2575 	EXP 	textbox: autoDraw = True
1341.1625 	DATA 	Keypress: 2
1341.1834 	EXP 	Device response: <KeyPress from None: t=1341.1575559580233, value=2, duration=None>
1341.2666 	EXP 	Device response: <KeyPress from None: t=1341.1575559580233, value=2, duration=0.10840975004248321>
1341.5508 	DATA 	Keypress: 0
1341.5519 	EXP 	Device response: <KeyPress from None: t=1341.5426382910227, value=0, duration=None>
1341.5999 	EXP 	Device response: <KeyPress from None: t=1341.5426382910227, value=0, duration=0.05222520907409489>
1341.6735 	EXP 	Device response: <KeyPress from None: t=1341.671568416059, value=0, duration=None>
1341.6763 	DATA 	Keypress: 0
1341.7500 	EXP 	Device response: <KeyPress from None: t=1341.671568416059, value=0, duration=0.07634295895695686>
1342.2072 	DATA 	Mouse: Left button down, pos=(798,193)
1342.2081 	EXP 	New trial (rep=15, index=10): <Trial 190 (10 in rep 15) data={'delay': 0.7, 'freq': 1000.0, 'conditions': 'exp', 'thisN': 190, 'thisTrialN': 10, 'thisRepN': 15}>
1342.2166 	EXP 	text: autoDraw = False
1342.2166 	EXP 	textbox: autoDraw = False
1342.2166 	EXP 	fixation: autoDraw = True
1342.3508 	DATA 	Mouse:  Left button up, pos=(798,193)
1343.2064 	INFO 	Keyboard events cleared
1343.2063 	EXP 	fixation: autoDraw = False
1343.2063 	EXP 	polygon: autoDraw = True
1344.1027 	EXP 	Device response: <KeyPress from None: t=1344.0925630830461, value=space, duration=None>
1344.1100 	DATA 	Keypress: space
1344.1149 	EXP 	fixation: autoDraw = False
1344.1149 	EXP 	polygon: autoDraw = False
1344.1682 	EXP 	Device response: <KeyPress from None: t=1344.0925630830461, value=space, duration=0.06903179199434817>
1344.7885 	EXP 	Sound sound_1 reached end of file
1344.8048 	EXP 	Playing sound sound_1 on speaker Nirvana Crystl
1345.2385 	EXP 	Sound sound_1 stopped
1345.2579 	EXP 	text: autoDraw = True
1345.2579 	EXP 	textbox: autoDraw = True
1346.2175 	EXP 	Device response: <KeyPress from None: t=1346.2155794160208, value=6, duration=None>
1346.2225 	DATA 	Keypress: 6
1346.3075 	EXP 	Device response: <KeyPress from None: t=1346.2155794160208, value=6, duration=0.08828004205133766>
1346.4910 	DATA 	Keypress: 0
1346.4920 	EXP 	Device response: <KeyPress from None: t=1346.4835117080947, value=0, duration=None>
1346.5336 	EXP 	Device response: <KeyPress from None: t=1346.4835117080947, value=0, duration=0.04825833300128579>
1346.5998 	EXP 	Device response: <KeyPress from None: t=1346.5994036660995, value=0, duration=None>
1346.6040 	DATA 	Keypress: 0
1346.6666 	EXP 	Device response: <KeyPress from None: t=1346.5994036660995, value=0, duration=0.06445395899936557>
1347.0739 	DATA 	Mouse: Left button down, pos=(798,193)
1347.0748 	EXP 	New trial (rep=15, index=11): <Trial 191 (11 in rep 15) data={'delay': 0.4, 'freq': 1000.0, 'conditions': 'exp', 'thisN': 191, 'thisTrialN': 11, 'thisRepN': 15}>
1347.0829 	EXP 	text: autoDraw = False
1347.0829 	EXP 	textbox: autoDraw = False
1347.0829 	EXP 	fixation: autoDraw = True
1347.1841 	DATA 	Mouse:  Left button up, pos=(798,193)
1348.0734 	INFO 	Keyboard events cleared
1348.0733 	EXP 	fixation: autoDraw = False
1348.0733 	EXP 	polygon: autoDraw = True
1349.1182 	EXP 	Device response: <KeyPress from None: t=1349.1094745410373, value=space, duration=None>
1349.1252 	DATA 	Keypress: space
1349.1302 	EXP 	fixation: autoDraw = False
1349.1302 	EXP 	polygon: autoDraw = False
1349.1680 	EXP 	Device response: <KeyPress from None: t=1349.1094745410373, value=space, duration=0.048295042011886835>
1349.5062 	EXP 	Sound sound_1 reached end of file
1349.5225 	EXP 	Playing sound sound_1 on speaker Nirvana Crystl
1349.9569 	EXP 	Sound sound_1 stopped
1349.9765 	EXP 	text: autoDraw = True
1349.9765 	EXP 	textbox: autoDraw = True
1350.7503 	DATA 	Keypress: 2
1350.7513 	EXP 	Device response: <KeyPress from None: t=1350.743436666089, value=2, duration=None>
1350.8500 	EXP 	Device response: <KeyPress from None: t=1350.743436666089, value=2, duration=0.10419308394193649>
1351.1737 	EXP 	Device response: <KeyPress from None: t=1351.1724654160207, value=0, duration=None>
1351.1778 	DATA 	Keypress: 0
1351.2333 	EXP 	Device response: <KeyPress from None: t=1351.1724654160207, value=0, duration=0.05224525008816272>
1351.2998 	EXP 	Device response: <KeyPress from None: t=1351.2973972500768, value=0, duration=None>
1351.3028 	DATA 	Keypress: 0
1351.3672 	EXP 	Device response: <KeyPress from None: t=1351.2973972500768, value=0, duration=0.060303375008516014>
1352.1234 	DATA 	Mouse: Left button down, pos=(798,193)
1352.1243 	EXP 	New trial (rep=16, index=0): <Trial 192 (0 in rep 16) data={'delay': 0.4, 'freq': 1000.0, 'conditions': 'exp', 'thisN': 192, 'thisTrialN': 0, 'thisRepN': 16}>
1352.1327 	EXP 	text: autoDraw = False
1352.1327 	EXP 	textbox: autoDraw = False
1352.1327 	EXP 	fixation: autoDraw = True
1352.2855 	DATA 	Mouse:  Left button up, pos=(798,193)
1353.1235 	INFO 	Keyboard events cleared
1353.1234 	EXP 	fixation: autoDraw = False
1353.1234 	EXP 	polygon: autoDraw = True
1367.1353 	EXP 	Device response: <KeyPress from None: t=1367.1302439580904, value=space, duration=None>
1367.1432 	DATA 	Keypress: space
1367.1483 	EXP 	fixation: autoDraw = False
1367.1483 	EXP 	polygon: autoDraw = False
1367.2020 	EXP 	Device response: <KeyPress from None: t=1367.1302439580904, value=space, duration=0.06205387494992465>
1367.5226 	EXP 	Sound sound_1 reached end of file
1367.5391 	EXP 	Playing sound sound_1 on speaker Nirvana Crystl
1367.9737 	EXP 	Sound sound_1 stopped
1367.9927 	EXP 	text: autoDraw = True
1367.9927 	EXP 	textbox: autoDraw = True
1369.3659 	EXP 	Device response: <KeyPress from None: t=1369.3649136250606, value=3, duration=None>
1369.3701 	DATA 	Keypress: 3
1369.4567 	EXP 	Device response: <KeyPress from None: t=1369.3649136250606, value=3, duration=0.08830504096113145>
1369.7330 	EXP 	Device response: <KeyPress from None: t=1369.7308048330015, value=0, duration=None>
1369.7373 	DATA 	Keypress: 0
1369.8002 	EXP 	Device response: <KeyPress from None: t=1369.7308048330015, value=0, duration=0.060428000055253506>
1369.8663 	EXP 	Device response: <KeyPress from None: t=1369.8627484580502, value=0, duration=None>
1369.8690 	DATA 	Keypress: 0
1369.9163 	EXP 	Device response: <KeyPress from None: t=1369.8627484580502, value=0, duration=0.05245066701900214>
1370.3933 	DATA 	Mouse: Left button down, pos=(798,193)
1370.3993 	EXP 	New trial (rep=16, index=1): <Trial 193 (1 in rep 16) data={'delay': 0.1, 'freq': 1000.0, 'conditions': 'exp', 'thisN': 193, 'thisTrialN': 1, 'thisRepN': 16}>
1370.4024 	EXP 	text: autoDraw = False
1370.4024 	EXP 	textbox: autoDraw = False
1370.4024 	EXP 	fixation: autoDraw = True
1370.5340 	DATA 	Mouse:  Left button up, pos=(798,193)
1371.3901 	INFO 	Keyboard events cleared
1371.3899 	EXP 	polygon: autoDraw = True
1371.4002 	EXP 	fixation: autoDraw = False
1371.8850 	EXP 	Device response: <KeyPress from None: t=1371.880749541102, value=space, duration=None>
1371.8923 	DATA 	Keypress: space
1371.8973 	EXP 	fixation: autoDraw = False
1371.8973 	EXP 	polygon: autoDraw = False
1371.9513 	EXP 	Device response: <KeyPress from None: t=1371.880749541102, value=space, duration=0.06098383397329599>
1371.9717 	EXP 	Sound sound_1 reached end of file
1371.9881 	EXP 	Playing sound sound_1 on speaker Nirvana Crystl
1372.4226 	EXP 	Sound sound_1 stopped
1372.4425 	EXP 	text: autoDraw = True
1372.4425 	EXP 	textbox: autoDraw = True
1372.8247 	DATA 	Keypress: 2
1372.8259 	EXP 	Device response: <KeyPress from None: t=1372.8207743330859, value=2, duration=None>
1372.9165 	EXP 	Device response: <KeyPress from None: t=1372.8207743330859, value=2, duration=0.09248029196169227>
1373.1001 	DATA 	Keypress: 0
1373.1011 	EXP 	Device response: <KeyPress from None: t=1373.0907120000338, value=0, duration=None>
1373.1572 	EXP 	Device response: <KeyPress from None: t=1373.0907120000338, value=0, duration=0.06442741607315838>
1373.2165 	EXP 	Device response: <KeyPress from None: t=1373.214839625056, value=0, duration=None>
1373.2210 	DATA 	Keypress: 0
1373.2900 	EXP 	Device response: <KeyPress from None: t=1373.214839625056, value=0, duration=0.072232750011608>
1373.6994 	DATA 	Mouse: Left button down, pos=(798,193)
1373.7003 	EXP 	New trial (rep=16, index=2): <Trial 194 (2 in rep 16) data={'delay': 0.1, 'freq': 400.0, 'conditions': 'unexp', 'thisN': 194, 'thisTrialN': 2, 'thisRepN': 16}>
1373.7035 	EXP 	text: autoDraw = False
1373.7035 	EXP 	textbox: autoDraw = False
1373.7035 	EXP 	fixation: autoDraw = True
1373.8336 	DATA 	Mouse:  Left button up, pos=(798,193)
1374.6904 	INFO 	Keyboard events cleared
1374.6902 	EXP 	polygon: autoDraw = True
1374.7001 	EXP 	fixation: autoDraw = False
1375.4179 	EXP 	Device response: <KeyPress from None: t=1375.4147366660181, value=space, duration=None>
1375.4252 	DATA 	Keypress: space
1375.4302 	EXP 	fixation: autoDraw = False
1375.4302 	EXP 	polygon: autoDraw = False
1375.4851 	EXP 	Device response: <KeyPress from None: t=1375.4147366660181, value=space, duration=0.06035725004039705>
1375.5050 	EXP 	Sound sound_1 reached end of file
1375.5214 	EXP 	Playing sound sound_1 on speaker Nirvana Crystl
1375.9560 	EXP 	Sound sound_1 stopped
1375.9761 	EXP 	text: autoDraw = True
1375.9761 	EXP 	textbox: autoDraw = True
1376.3164 	EXP 	Device response: <KeyPress from None: t=1376.3147701660637, value=3, duration=None>
1376.3205 	DATA 	Keypress: 3
1376.4075 	EXP 	Device response: <KeyPress from None: t=1376.3147701660637, value=3, duration=0.08825770893599838>
1376.6171 	DATA 	Keypress: 0
1376.6180 	EXP 	Device response: <KeyPress from None: t=1376.6086800410412, value=0, duration=None>
1376.6740 	EXP 	Device response: <KeyPress from None: t=1376.6086800410412, value=0, duration=0.06036741705611348>
1376.7494 	EXP 	Device response: <KeyPress from None: t=1376.743652666104, value=0, duration=None>
1376.7523 	DATA 	Keypress: 0
1376.8234 	EXP 	Device response: <KeyPress from None: t=1376.743652666104, value=0, duration=0.07624162500724196>
1377.3991 	DATA 	Mouse: Left button down, pos=(798,193)
1377.4000 	EXP 	New trial (rep=16, index=3): <Trial 195 (3 in rep 16) data={'delay': 0.4, 'freq': 400.0, 'conditions': 'unexp', 'thisN': 195, 'thisTrialN': 3, 'thisRepN': 16}>
1377.4033 	EXP 	text: autoDraw = False
1377.4033 	EXP 	textbox: autoDraw = False
1377.4033 	EXP 	fixation: autoDraw = True
1377.5195 	DATA 	Mouse:  Left button up, pos=(798,193)
1378.3899 	INFO 	Keyboard events cleared
1378.3898 	EXP 	polygon: autoDraw = True
1378.4003 	EXP 	fixation: autoDraw = False
1378.5240 	EXP 	Device response: <KeyPress from None: t=1378.5196962910704, value=space, duration=None>
1378.5312 	DATA 	Keypress: space
1378.5360 	EXP 	fixation: autoDraw = False
1378.5360 	EXP 	polygon: autoDraw = False
1378.5675 	EXP 	Device response: <KeyPress from None: t=1378.5196962910704, value=space, duration=0.045279250014573336>
1378.9172 	EXP 	Sound sound_1 reached end of file
1378.9335 	EXP 	Playing sound sound_1 on speaker Nirvana Crystl
1379.3673 	EXP 	Sound sound_1 stopped
1379.3866 	EXP 	text: autoDraw = True
1379.3866 	EXP 	textbox: autoDraw = True
1380.3834 	DATA 	Keypress: 2
1380.3845 	EXP 	Device response: <KeyPress from None: t=1380.3756930410163, value=2, duration=None>
1380.4502 	EXP 	Device response: <KeyPress from None: t=1380.3756930410163, value=2, duration=0.06830400007311255>
1380.5828 	EXP 	Device response: <KeyPress from None: t=1380.577692666091, value=0, duration=None>
1380.5857 	DATA 	Keypress: 0
1380.6406 	EXP 	Device response: <KeyPress from None: t=1380.577692666091, value=0, duration=0.05618112499359995>
1380.7062 	EXP 	Device response: <KeyPress from None: t=1380.7046415830264, value=0, duration=None>
1380.7091 	DATA 	Keypress: 0
1380.7834 	EXP 	Device response: <KeyPress from None: t=1380.7046415830264, value=0, duration=0.07219366705976427>
1381.0914 	DATA 	Mouse: Left button down, pos=(798,193)
1381.0996 	EXP 	New trial (rep=16, index=4): <Trial 196 (4 in rep 16) data={'delay': 0.7, 'freq': 1000.0, 'conditions': 'exp', 'thisN': 196, 'thisTrialN': 4, 'thisRepN': 16}>
1381.1030 	EXP 	text: autoDraw = False
1381.1030 	EXP 	textbox: autoDraw = False
1381.1030 	EXP 	fixation: autoDraw = True
1381.1668 	DATA 	Mouse:  Left button up, pos=(798,193)
1382.0901 	INFO 	Keyboard events cleared
1382.0899 	EXP 	polygon: autoDraw = True
1382.1002 	EXP 	fixation: autoDraw = False
1382.5564 	EXP 	Device response: <KeyPress from None: t=1382.5508524160832, value=space, duration=None>
1382.5629 	DATA 	Keypress: space
1382.5686 	EXP 	fixation: autoDraw = False
1382.5686 	EXP 	polygon: autoDraw = False
1382.6180 	EXP 	Device response: <KeyPress from None: t=1382.5508524160832, value=space, duration=0.05700974992942065>
1383.2392 	EXP 	Sound sound_1 reached end of file
1383.2556 	EXP 	Playing sound sound_1 on speaker Nirvana Crystl
1383.6902 	EXP 	Sound sound_1 stopped
1383.7093 	EXP 	text: autoDraw = True
1383.7093 	EXP 	textbox: autoDraw = True
1384.5047 	DATA 	Keypress: 4
1384.5095 	EXP 	Device response: <KeyPress from None: t=1384.4994391250657, value=4, duration=None>
1384.5567 	EXP 	Device response: <KeyPress from None: t=1384.4994391250657, value=4, duration=0.0564290409674868>
1385.0661 	EXP 	Device response: <KeyPress from None: t=1385.0655313330935, value=0, duration=None>
1385.0708 	DATA 	Keypress: 0
1385.1233 	EXP 	Device response: <KeyPress from None: t=1385.0655313330935, value=0, duration=0.05635450000409037>
1385.1832 	DATA 	Keypress: 0
1385.1841 	EXP 	Device response: <KeyPress from None: t=1385.1764042080613, value=0, duration=None>
1385.2492 	EXP 	Device response: <KeyPress from None: t=1385.1764042080613, value=0, duration=0.0684048329712823>
1385.8994 	DATA 	Mouse: Left button down, pos=(798,193)
1385.9003 	EXP 	New trial (rep=16, index=5): <Trial 197 (5 in rep 16) data={'delay': 0.4, 'freq': 1000.0, 'conditions': 'exp', 'thisN': 197, 'thisTrialN': 5, 'thisRepN': 16}>
1385.9037 	EXP 	text: autoDraw = False
1385.9037 	EXP 	textbox: autoDraw = False
1385.9037 	EXP 	fixation: autoDraw = True
1386.0168 	DATA 	Mouse:  Left button up, pos=(798,193)
1386.8898 	INFO 	Keyboard events cleared
1386.8897 	EXP 	polygon: autoDraw = True
1386.9001 	EXP 	fixation: autoDraw = False
1387.6741 	EXP 	Device response: <KeyPress from None: t=1387.6713383750757, value=space, duration=None>
1387.6810 	DATA 	Keypress: space
1387.6858 	EXP 	fixation: autoDraw = False
1387.6858 	EXP 	polygon: autoDraw = False
1387.7509 	EXP 	Device response: <KeyPress from None: t=1387.6713383750757, value=space, duration=0.07535379100590944>
1388.0672 	EXP 	Sound sound_1 reached end of file
1388.0835 	EXP 	Playing sound sound_1 on speaker Nirvana Crystl
1388.5173 	EXP 	Sound sound_1 stopped
1388.5369 	EXP 	text: autoDraw = True
1388.5369 	EXP 	textbox: autoDraw = True
1391.1784 	DATA 	Keypress: 3
1391.1833 	EXP 	Device response: <KeyPress from None: t=1391.173490208108, value=3, duration=None>
1391.2662 	EXP 	Device response: <KeyPress from None: t=1391.173490208108, value=3, duration=0.08818533294834197>
1391.3828 	EXP 	Device response: <KeyPress from None: t=1391.3792884160066, value=0, duration=None>
1391.3856 	DATA 	Keypress: 0
1391.4401 	EXP 	Device response: <KeyPress from None: t=1391.3792884160066, value=0, duration=0.056522584054619074>
1391.5169 	DATA 	Keypress: 0
1391.5178 	EXP 	Device response: <KeyPress from None: t=1391.5103666660143, value=0, duration=None>
1391.5824 	EXP 	Device response: <KeyPress from None: t=1391.5103666660143, value=0, duration=0.06832804204896092>
1402.3435 	DATA 	Mouse: Left button down, pos=(798,193)
1402.3492 	EXP 	New trial (rep=16, index=6): <Trial 198 (6 in rep 16) data={'delay': 0.7, 'freq': 400.0, 'conditions': 'unexp', 'thisN': 198, 'thisTrialN': 6, 'thisRepN': 16}>
1402.3525 	EXP 	text: autoDraw = False
1402.3525 	EXP 	textbox: autoDraw = False
1402.3525 	EXP 	fixation: autoDraw = True
1402.4836 	DATA 	Mouse:  Left button up, pos=(798,193)
1403.0512 	EXP 	Device response: <KeyPress from None: t=1403.0441677080235, value=space, duration=None>
1403.0570 	DATA 	Keypress: space
1403.1177 	EXP 	Device response: <KeyPress from None: t=1403.0441677080235, value=space, duration=0.06417195801623166>
1403.3401 	INFO 	Keyboard events cleared
1403.3399 	EXP 	polygon: autoDraw = True
1403.3499 	EXP 	fixation: autoDraw = False
1403.9575 	EXP 	Device response: <KeyPress from None: t=1403.9541070000269, value=space, duration=None>
1403.9651 	DATA 	Keypress: space
1403.9696 	EXP 	fixation: autoDraw = False
1403.9696 	EXP 	polygon: autoDraw = False
1404.0008 	EXP 	Device response: <KeyPress from None: t=1403.9541070000269, value=space, duration=0.040397666045464575>
1404.6503 	EXP 	Sound sound_1 reached end of file
1404.6666 	EXP 	Playing sound sound_1 on speaker Nirvana Crystl
1405.1010 	EXP 	Sound sound_1 stopped
1405.1197 	EXP 	text: autoDraw = True
1405.1197 	EXP 	textbox: autoDraw = True
1405.8089 	DATA 	Keypress: 4
1405.8102 	EXP 	Device response: <KeyPress from None: t=1405.8041174580576, value=4, duration=None>
1405.8908 	EXP 	Device response: <KeyPress from None: t=1405.8041174580576, value=4, duration=0.08028800005558878>
1406.0994 	EXP 	Device response: <KeyPress from None: t=1406.0969548750436, value=0, duration=None>
1406.1030 	DATA 	Keypress: 0
1406.1577 	EXP 	Device response: <KeyPress from None: t=1406.0969548750436, value=0, duration=0.05243516596965492>
1406.2285 	DATA 	Keypress: 0
1406.2498 	EXP 	Device response: <KeyPress from None: t=1406.2237005410716, value=0, duration=None>
1406.2902 	EXP 	Device response: <KeyPress from None: t=1406.2237005410716, value=0, duration=0.06368691695388407>
1406.6326 	DATA 	Mouse: Left button down, pos=(798,193)
1406.6335 	EXP 	New trial (rep=16, index=7): <Trial 199 (7 in rep 16) data={'delay': 0.1, 'freq': 1000.0, 'conditions': 'exp', 'thisN': 199, 'thisTrialN': 7, 'thisRepN': 16}>
1406.6368 	EXP 	text: autoDraw = False
1406.6368 	EXP 	textbox: autoDraw = False
1406.6368 	EXP 	fixation: autoDraw = True
1406.7667 	DATA 	Mouse:  Left button up, pos=(798,193)
1407.6228 	INFO 	Keyboard events cleared
1407.6226 	EXP 	polygon: autoDraw = True
1407.6332 	EXP 	fixation: autoDraw = False
1408.8840 	EXP 	Device response: <KeyPress from None: t=1408.8749047080055, value=3, duration=None>
1408.8895 	DATA 	Keypress: 3
1408.9736 	EXP 	Device response: <KeyPress from None: t=1408.8749047080055, value=3, duration=0.09644741704687476>
1410.0510 	EXP 	Device response: <KeyPress from None: t=1410.049956041039, value=space, duration=None>
1410.0582 	DATA 	Keypress: space
1410.0632 	EXP 	fixation: autoDraw = False
1410.0632 	EXP 	polygon: autoDraw = False
1410.1347 	EXP 	Device response: <KeyPress from None: t=1410.049956041039, value=space, duration=0.07225829199887812>
1410.1415 	EXP 	Sound sound_1 reached end of file
1410.1579 	EXP 	Playing sound sound_1 on speaker Nirvana Crystl
1410.5920 	EXP 	Sound sound_1 stopped
1410.6111 	EXP 	text: autoDraw = True
1410.6111 	EXP 	textbox: autoDraw = True
1410.9167 	DATA 	Keypress: 3
1410.9178 	EXP 	Device response: <KeyPress from None: t=1410.909881083062, value=3, duration=None>
1411.0167 	EXP 	Device response: <KeyPress from None: t=1410.909881083062, value=3, duration=0.1009588330052793>
1411.1994 	EXP 	Device response: <KeyPress from None: t=1411.196847208077, value=0, duration=None>
1411.2025 	DATA 	Keypress: 0
1411.2570 	EXP 	Device response: <KeyPress from None: t=1411.196847208077, value=0, duration=0.056408582953736186>
1411.3235 	EXP 	Device response: <KeyPress from None: t=1411.3209217500407, value=0, duration=None>
1411.3266 	DATA 	Keypress: 0
1411.3907 	EXP 	Device response: <KeyPress from None: t=1411.3209217500407, value=0, duration=0.06442220800090581>
1411.9022 	DATA 	Mouse: Left button down, pos=(798,193)
1411.9069 	EXP 	New trial (rep=16, index=8): <Trial 200 (8 in rep 16) data={'delay': 0.4, 'freq': 1000.0, 'conditions': 'exp', 'thisN': 200, 'thisTrialN': 8, 'thisRepN': 16}>
1411.9150 	EXP 	text: autoDraw = False
1411.9150 	EXP 	textbox: autoDraw = False
1411.9150 	EXP 	fixation: autoDraw = True
1412.0502 	DATA 	Mouse:  Left button up, pos=(798,193)
1412.9002 	INFO 	Keyboard events cleared
1412.9000 	EXP 	polygon: autoDraw = True
1412.9063 	EXP 	fixation: autoDraw = False
1413.2848 	EXP 	Device response: <KeyPress from None: t=1413.2738945001038, value=space, duration=None>
1413.2926 	DATA 	Keypress: space
1413.2975 	EXP 	fixation: autoDraw = False
1413.2975 	EXP 	polygon: autoDraw = False
1413.3175 	EXP 	Device response: <KeyPress from None: t=1413.2738945001038, value=space, duration=0.03229066589847207>
1413.6723 	EXP 	Sound sound_1 reached end of file
1413.6887 	EXP 	Playing sound sound_1 on speaker Nirvana Crystl
1414.1224 	EXP 	Sound sound_1 stopped
1414.1424 	EXP 	text: autoDraw = True
1414.1424 	EXP 	textbox: autoDraw = True
1414.8322 	EXP 	Device response: <KeyPress from None: t=1414.8267777500441, value=4, duration=None>
1414.8361 	DATA 	Keypress: 4
1414.9161 	EXP 	Device response: <KeyPress from None: t=1414.8267777500441, value=4, duration=0.08442199998535216>
1415.1170 	DATA 	Keypress: 0
1415.1180 	EXP 	Device response: <KeyPress from None: t=1415.1067365830531, value=0, duration=None>
1415.2399 	EXP 	Device response: <KeyPress from None: t=1415.1067365830531, value=0, duration=0.1284694999922067>
1415.3401 	DATA 	Keypress: 0
1415.3410 	EXP 	Device response: <KeyPress from None: t=1415.3338961250847, value=0, duration=None>
1415.3831 	EXP 	Device response: <KeyPress from None: t=1415.3338961250847, value=0, duration=0.04027283296454698>
1416.3176 	DATA 	Mouse: Left button down, pos=(798,193)
1416.3238 	EXP 	New trial (rep=16, index=9): <Trial 201 (9 in rep 16) data={'delay': 0.7, 'freq': 1000.0, 'conditions': 'exp', 'thisN': 201, 'thisTrialN': 9, 'thisRepN': 16}>
1416.3317 	EXP 	text: autoDraw = False
1416.3317 	EXP 	textbox: autoDraw = False
1416.3317 	EXP 	fixation: autoDraw = True
1416.4500 	DATA 	Mouse:  Left button up, pos=(798,193)
1417.3169 	INFO 	Keyboard events cleared
1417.3167 	EXP 	polygon: autoDraw = True
1417.3227 	EXP 	fixation: autoDraw = False
1417.7513 	EXP 	Device response: <KeyPress from None: t=1417.7396405410254, value=space, duration=None>
1417.7590 	DATA 	Keypress: space
1417.7641 	EXP 	fixation: autoDraw = False
1417.7641 	EXP 	polygon: autoDraw = False
1417.8177 	EXP 	Device response: <KeyPress from None: t=1417.7396405410254, value=space, duration=0.0686144590144977>
1418.4388 	EXP 	Sound sound_1 reached end of file
1418.4553 	EXP 	Playing sound sound_1 on speaker Nirvana Crystl
1418.8899 	EXP 	Sound sound_1 stopped
1418.9099 	EXP 	text: autoDraw = True
1418.9099 	EXP 	textbox: autoDraw = True
1419.1331 	DATA 	Keypress: 2
1419.1343 	EXP 	Device response: <KeyPress from None: t=1419.1247808330227, value=2, duration=None>
1419.2498 	EXP 	Device response: <KeyPress from None: t=1419.1247808330227, value=2, duration=0.11628908303100616>
1419.4993 	EXP 	Device response: <KeyPress from None: t=1419.4966648750706, value=0, duration=None>
1419.5022 	DATA 	Keypress: 0
1419.5566 	EXP 	Device response: <KeyPress from None: t=1419.4966648750706, value=0, duration=0.05237162497360259>
1419.6199 	DATA 	Keypress: 0
1419.6247 	EXP 	Device response: <KeyPress from None: t=1419.6157181250164, value=0, duration=None>
1419.6898 	EXP 	Device response: <KeyPress from None: t=1419.6157181250164, value=0, duration=0.07238270808011293>
1420.5497 	DATA 	Keypress: backspace
1420.5504 	EXP 	Device response: <KeyPress from None: t=1420.5416383330012, value=backspace, duration=None>
1420.5990 	EXP 	Device response: <KeyPress from None: t=1420.5416383330012, value=backspace, duration=0.05640058300923556>
1420.6726 	EXP 	Device response: <KeyPress from None: t=1420.6716647910653, value=backspace, duration=None>
1420.6753 	DATA 	Keypress: backspace
1420.7391 	EXP 	Device response: <KeyPress from None: t=1420.6716647910653, value=backspace, duration=0.06428466702345759>
1420.7991 	EXP 	Device response: <KeyPress from None: t=1420.7977425830904, value=backspace, duration=None>
1420.8027 	DATA 	Keypress: backspace
1420.8653 	EXP 	Device response: <KeyPress from None: t=1420.7977425830904, value=backspace, duration=0.06016804196406156>
1421.1329 	DATA 	Keypress: 4
1421.1340 	EXP 	Device response: <KeyPress from None: t=1421.1257293330273, value=4, duration=None>
1421.2233 	EXP 	Device response: <KeyPress from None: t=1421.1257293330273, value=4, duration=0.09229695808608085>
1421.3730 	EXP 	Device response: <KeyPress from None: t=1421.370745958062, value=0, duration=None>
1421.3760 	DATA 	Keypress: 0
1421.3999 	EXP 	Device response: <KeyPress from None: t=1421.370745958062, value=0, duration=0.024294332950375974>
1421.4833 	DATA 	Keypress: 0
1421.4843 	EXP 	Device response: <KeyPress from None: t=1421.4757456660736, value=0, duration=None>
1421.5399 	EXP 	Device response: <KeyPress from None: t=1421.4757456660736, value=0, duration=0.0602527919691056>
1422.0511 	DATA 	Mouse: Left button down, pos=(798,193)
1422.0574 	EXP 	New trial (rep=16, index=10): <Trial 202 (10 in rep 16) data={'delay': 0.1, 'freq': 1000.0, 'conditions': 'exp', 'thisN': 202, 'thisTrialN': 10, 'thisRepN': 16}>
1422.0648 	EXP 	text: autoDraw = False
1422.0648 	EXP 	textbox: autoDraw = False
1422.0648 	EXP 	fixation: autoDraw = True
1422.1665 	DATA 	Mouse:  Left button up, pos=(798,193)
1423.0559 	INFO 	Keyboard events cleared
1423.0558 	EXP 	fixation: autoDraw = False
1423.0558 	EXP 	polygon: autoDraw = True
1423.5679 	EXP 	Device response: <KeyPress from None: t=1423.5627947500907, value=space, duration=None>
1423.5755 	DATA 	Keypress: space
1423.5805 	EXP 	fixation: autoDraw = False
1423.5805 	EXP 	polygon: autoDraw = False
1423.6342 	EXP 	Device response: <KeyPress from None: t=1423.5627947500907, value=space, duration=0.06417604093439877>
1423.6546 	EXP 	Sound sound_1 reached end of file
1423.6710 	EXP 	Playing sound sound_1 on speaker Nirvana Crystl
1424.1054 	EXP 	Sound sound_1 stopped
1424.1250 	EXP 	text: autoDraw = True
1424.1250 	EXP 	textbox: autoDraw = True
1425.0545 	DATA 	Keypress: 3
1425.0587 	EXP 	Device response: <KeyPress from None: t=1425.0496249160497, value=3, duration=None>
1425.1328 	EXP 	Device response: <KeyPress from None: t=1425.0496249160497, value=3, duration=0.08027925004716963>
1425.3492 	EXP 	Device response: <KeyPress from None: t=1425.3456370830536, value=0, duration=None>
1425.3522 	DATA 	Keypress: 0
1425.3990 	EXP 	Device response: <KeyPress from None: t=1425.3456370830536, value=0, duration=0.052218041964806616>
1425.4726 	EXP 	Device response: <KeyPress from None: t=1425.4705799580552, value=0, duration=None>
1425.4756 	DATA 	Keypress: 0
1425.5395 	EXP 	Device response: <KeyPress from None: t=1425.4705799580552, value=0, duration=0.06837820797227323>
1425.8577 	DATA 	Mouse: Left button down, pos=(798,193)
1425.8655 	EXP 	New trial (rep=16, index=11): <Trial 203 (11 in rep 16) data={'delay': 0.7, 'freq': 1000.0, 'conditions': 'exp', 'thisN': 203, 'thisTrialN': 11, 'thisRepN': 16}>
1425.8686 	EXP 	text: autoDraw = False
1425.8686 	EXP 	textbox: autoDraw = False
1425.8686 	EXP 	fixation: autoDraw = True
1425.9498 	DATA 	Mouse:  Left button up, pos=(798,193)
1426.8565 	INFO 	Keyboard events cleared
1426.8564 	EXP 	polygon: autoDraw = True
1426.8665 	EXP 	fixation: autoDraw = False
1427.2843 	EXP 	Device response: <KeyPress from None: t=1427.2768821250647, value=space, duration=None>
1427.2912 	DATA 	Keypress: space
1427.2962 	EXP 	fixation: autoDraw = False
1427.2962 	EXP 	polygon: autoDraw = False
1427.3340 	EXP 	Device response: <KeyPress from None: t=1427.2768821250647, value=space, duration=0.05203741602599621>
1427.9721 	EXP 	Sound sound_1 reached end of file
1427.9885 	EXP 	Playing sound sound_1 on speaker Nirvana Crystl
1428.4229 	EXP 	Sound sound_1 stopped
1428.4440 	EXP 	text: autoDraw = True
1428.4440 	EXP 	textbox: autoDraw = True
1428.7987 	EXP 	Device response: <KeyPress from None: t=1428.794559708098, value=5, duration=None>
1428.8025 	DATA 	Keypress: 5
1428.8559 	EXP 	Device response: <KeyPress from None: t=1428.794559708098, value=5, duration=0.06021737493574619>
1429.3072 	DATA 	Keypress: 0
1429.3082 	EXP 	Device response: <KeyPress from None: t=1429.3015917500015, value=0, duration=None>
1429.3666 	EXP 	Device response: <KeyPress from None: t=1429.3015917500015, value=0, duration=0.06025591609068215>
1429.4393 	EXP 	Device response: <KeyPress from None: t=1429.435516041005, value=0, duration=None>
1429.4423 	DATA 	Keypress: 0
1429.4999 	EXP 	Device response: <KeyPress from None: t=1429.435516041005, value=0, duration=0.05633833410684019>
1429.7161 	EXP 	Device response: <KeyPress from None: t=1429.7145575410686, value=space, duration=None>
1429.7203 	DATA 	Keypress: space
1429.7729 	EXP 	Device response: <KeyPress from None: t=1429.7145575410686, value=space, duration=0.05630891700275242>
1430.1511 	DATA 	Mouse: Left button down, pos=(798,193)
1430.1578 	EXP 	New trial (rep=17, index=0): <Trial 204 (0 in rep 17) data={'delay': 0.4, 'freq': 400.0, 'conditions': 'unexp', 'thisN': 204, 'thisTrialN': 0, 'thisRepN': 17}>
1430.1653 	EXP 	text: autoDraw = False
1430.1653 	EXP 	textbox: autoDraw = False
1430.1653 	EXP 	fixation: autoDraw = True
1430.2163 	DATA 	Mouse:  Left button up, pos=(798,193)
1431.1564 	INFO 	Keyboard events cleared
1431.1562 	EXP 	fixation: autoDraw = False
1431.1562 	EXP 	polygon: autoDraw = True
1432.0676 	EXP 	Device response: <KeyPress from None: t=1432.0634762910195, value=space, duration=None>
1432.0752 	DATA 	Keypress: space
1432.0801 	EXP 	fixation: autoDraw = False
1432.0801 	EXP 	polygon: autoDraw = False
1432.1344 	EXP 	Device response: <KeyPress from None: t=1432.0634762910195, value=space, duration=0.0683022920275107>
1432.4556 	EXP 	Sound sound_1 reached end of file
1432.4720 	EXP 	Playing sound sound_1 on speaker Nirvana Crystl
1432.9061 	EXP 	Sound sound_1 stopped
1432.9257 	EXP 	text: autoDraw = True
1432.9257 	EXP 	textbox: autoDraw = True
1434.9543 	DATA 	Keypress: 6
1434.9585 	EXP 	Device response: <KeyPress from None: t=1434.949232166051, value=6, duration=None>
1435.0160 	EXP 	Device response: <KeyPress from None: t=1434.949232166051, value=6, duration=0.06447137496434152>
1435.3371 	DATA 	Keypress: 0
1435.3415 	EXP 	Device response: <KeyPress from None: t=1435.332371500088, value=0, duration=None>
1435.4066 	EXP 	Device response: <KeyPress from None: t=1435.332371500088, value=0, duration=0.06833837495651096>
1435.4560 	EXP 	Device response: <KeyPress from None: t=1435.4544141660444, value=0, duration=None>
1435.4589 	DATA 	Keypress: 0
1435.5325 	EXP 	Device response: <KeyPress from None: t=1435.4544141660444, value=0, duration=0.06820691702887416>
1435.8494 	DATA 	Mouse: Left button down, pos=(788,317)
1435.9840 	DATA 	Mouse:  Left button up, pos=(788,317)
1436.8725 	DATA 	Mouse: Left button down, pos=(774,198)
1436.8734 	EXP 	New trial (rep=17, index=1): <Trial 205 (1 in rep 17) data={'delay': 0.7, 'freq': 400.0, 'conditions': 'unexp', 'thisN': 205, 'thisTrialN': 1, 'thisRepN': 17}>
1436.8817 	EXP 	text: autoDraw = False
1436.8817 	EXP 	textbox: autoDraw = False
1436.8817 	EXP 	fixation: autoDraw = True
1437.0197 	DATA 	Mouse:  Left button up, pos=(774,198)
1437.8707 	INFO 	Keyboard events cleared
1437.8705 	EXP 	fixation: autoDraw = False
1437.8705 	EXP 	polygon: autoDraw = True
1438.9237 	EXP 	Device response: <KeyPress from None: t=1438.9183207080932, value=space, duration=None>
1438.9315 	DATA 	Keypress: space
1438.9362 	EXP 	fixation: autoDraw = False
1438.9362 	EXP 	polygon: autoDraw = False
1438.9848 	EXP 	Device response: <KeyPress from None: t=1438.9183207080932, value=space, duration=0.05233533296268433>
1439.6167 	EXP 	Sound sound_1 reached end of file
1439.6330 	EXP 	Playing sound sound_1 on speaker Nirvana Crystl
1440.0674 	EXP 	Sound sound_1 stopped
1440.0883 	EXP 	text: autoDraw = True
1440.0883 	EXP 	textbox: autoDraw = True
1444.6737 	EXP 	Device response: <KeyPress from None: t=1444.671423291089, value=5, duration=None>
1444.6780 	DATA 	Keypress: 5
1444.7726 	EXP 	Device response: <KeyPress from None: t=1444.671423291089, value=5, duration=0.09796795900911093>
1444.9060 	EXP 	Device response: <KeyPress from None: t=1444.903008082998, value=0, duration=None>
1444.9088 	DATA 	Keypress: 0
1444.9562 	EXP 	Device response: <KeyPress from None: t=1444.903008082998, value=0, duration=0.05244229210074991>
1445.0334 	DATA 	Keypress: 0
1445.0344 	EXP 	Device response: <KeyPress from None: t=1445.0251595000736, value=0, duration=None>
1445.0819 	EXP 	Device response: <KeyPress from None: t=1445.0251595000736, value=0, duration=0.04815937497187406>
1445.6393 	DATA 	Mouse: Left button down, pos=(774,198)
1445.6402 	EXP 	New trial (rep=17, index=2): <Trial 206 (2 in rep 17) data={'delay': 0.7, 'freq': 1000.0, 'conditions': 'exp', 'thisN': 206, 'thisTrialN': 2, 'thisRepN': 17}>
1445.6480 	EXP 	text: autoDraw = False
1445.6480 	EXP 	textbox: autoDraw = False
1445.6480 	EXP 	fixation: autoDraw = True
1445.7025 	DATA 	Mouse:  Left button up, pos=(774,198)
1446.6398 	INFO 	Keyboard events cleared
1446.6397 	EXP 	fixation: autoDraw = False
1446.6397 	EXP 	polygon: autoDraw = True
1447.3842 	EXP 	Device response: <KeyPress from None: t=1447.376905583078, value=space, duration=None>
1447.3916 	DATA 	Keypress: space
1447.3968 	EXP 	fixation: autoDraw = False
1447.3968 	EXP 	polygon: autoDraw = False
1447.4338 	EXP 	Device response: <KeyPress from None: t=1447.376905583078, value=space, duration=0.052432416938245296>
1448.0721 	EXP 	Sound sound_1 reached end of file
1448.0885 	EXP 	Playing sound sound_1 on speaker Nirvana Crystl
1448.5221 	EXP 	Sound sound_1 stopped
1448.5419 	EXP 	text: autoDraw = True
1448.5419 	EXP 	textbox: autoDraw = True
1449.7826 	DATA 	Keypress: 6
1449.7838 	EXP 	Device response: <KeyPress from None: t=1449.7760030830977, value=6, duration=None>
1449.8492 	EXP 	Device response: <KeyPress from None: t=1449.7760030830977, value=6, duration=0.07214895798824728>
1450.1825 	EXP 	Device response: <KeyPress from None: t=1450.1780486250063, value=0, duration=None>
1450.1853 	DATA 	Keypress: 0
1450.2572 	EXP 	Device response: <KeyPress from None: t=1450.1780486250063, value=0, duration=0.07228954101447016>
1450.3161 	DATA 	Keypress: 0
1450.3170 	EXP 	Device response: <KeyPress from None: t=1450.3088793330826, value=0, duration=None>
1450.3903 	EXP 	Device response: <KeyPress from None: t=1450.3088793330826, value=0, duration=0.07641674997285008>
1450.8326 	DATA 	Mouse: Left button down, pos=(774,198)
1450.9520 	DATA 	Mouse:  Left button up, pos=(774,198)
1451.4413 	DATA 	Mouse: Left button down, pos=(774,198)
1451.4487 	EXP 	New trial (rep=17, index=3): <Trial 207 (3 in rep 17) data={'delay': 0.4, 'freq': 1000.0, 'conditions': 'exp', 'thisN': 207, 'thisTrialN': 3, 'thisRepN': 17}>
1451.4518 	EXP 	text: autoDraw = False
1451.4518 	EXP 	textbox: autoDraw = False
1451.4518 	EXP 	fixation: autoDraw = True
1451.6179 	DATA 	Mouse:  Left button up, pos=(774,198)
1452.4402 	INFO 	Keyboard events cleared
1452.4401 	EXP 	polygon: autoDraw = True
1452.4494 	EXP 	fixation: autoDraw = False
1452.9177 	EXP 	Device response: <KeyPress from None: t=1452.912884041085, value=space, duration=None>
1452.9253 	DATA 	Keypress: space
1452.9304 	EXP 	fixation: autoDraw = False
1452.9304 	EXP 	polygon: autoDraw = False
1452.9839 	EXP 	Device response: <KeyPress from None: t=1452.912884041085, value=space, duration=0.06049199996050447>
1453.3052 	EXP 	Sound sound_1 reached end of file
1453.3216 	EXP 	Playing sound sound_1 on speaker Nirvana Crystl
1453.7554 	EXP 	Sound sound_1 stopped
1453.7750 	EXP 	text: autoDraw = True
1453.7750 	EXP 	textbox: autoDraw = True
1454.8323 	EXP 	Device response: <KeyPress from None: t=1454.8289696660358, value=5, duration=None>
1454.8362 	DATA 	Keypress: 5
1454.8992 	EXP 	Device response: <KeyPress from None: t=1454.8289696660358, value=5, duration=0.06812570907641202>
1455.2989 	EXP 	Device response: <KeyPress from None: t=1455.2937881660182, value=0, duration=None>
1455.3018 	DATA 	Keypress: 0
1455.3662 	EXP 	Device response: <KeyPress from None: t=1455.2937881660182, value=0, duration=0.06437583407387137>
1455.4156 	EXP 	Device response: <KeyPress from None: t=1455.4128207910107, value=0, duration=None>
1455.4186 	DATA 	Keypress: 0
1455.4897 	EXP 	Device response: <KeyPress from None: t=1455.4128207910107, value=0, duration=0.07637529203202575>
1456.0243 	DATA 	Mouse: Left button down, pos=(774,198)
1456.0319 	EXP 	New trial (rep=17, index=4): <Trial 208 (4 in rep 17) data={'delay': 0.7, 'freq': 1000.0, 'conditions': 'exp', 'thisN': 208, 'thisTrialN': 4, 'thisRepN': 17}>
1456.0350 	EXP 	text: autoDraw = False
1456.0350 	EXP 	textbox: autoDraw = False
1456.0350 	EXP 	fixation: autoDraw = True
1456.1659 	DATA 	Mouse:  Left button up, pos=(774,198)
1457.0227 	INFO 	Keyboard events cleared
1457.0226 	EXP 	polygon: autoDraw = True
1457.0330 	EXP 	fixation: autoDraw = False
1457.9174 	EXP 	Device response: <KeyPress from None: t=1457.913845583098, value=space, duration=None>
1457.9249 	DATA 	Keypress: space
1457.9299 	EXP 	fixation: autoDraw = False
1457.9299 	EXP 	polygon: autoDraw = False
1457.9840 	EXP 	Device response: <KeyPress from None: t=1457.913845583098, value=space, duration=0.068133374908939>
1458.6051 	EXP 	Sound sound_1 reached end of file
1458.6216 	EXP 	Playing sound sound_1 on speaker Nirvana Crystl
1459.0562 	EXP 	Sound sound_1 stopped
1459.0769 	EXP 	text: autoDraw = True
1459.0769 	EXP 	textbox: autoDraw = True
1459.5731 	EXP 	Device response: <KeyPress from None: t=1459.570796291111, value=7, duration=None>
1459.5773 	DATA 	Keypress: 7
1459.6495 	EXP 	Device response: <KeyPress from None: t=1459.570796291111, value=7, duration=0.07230883394367993>
1459.8827 	DATA 	Keypress: 0
1459.8837 	EXP 	Device response: <KeyPress from None: t=1459.876175750047, value=0, duration=None>
1459.9567 	EXP 	Device response: <KeyPress from None: t=1459.876175750047, value=0, duration=0.07590433303266764>
1460.0237 	DATA 	Keypress: 0
1460.0246 	EXP 	Device response: <KeyPress from None: t=1460.0177479580743, value=0, duration=None>
1460.0995 	EXP 	Device response: <KeyPress from None: t=1460.0177479580743, value=0, duration=0.07228191697504371>
1460.4755 	DATA 	Mouse: Left button down, pos=(774,198)
1460.4818 	EXP 	New trial (rep=17, index=5): <Trial 209 (5 in rep 17) data={'delay': 0.1, 'freq': 1000.0, 'conditions': 'exp', 'thisN': 209, 'thisTrialN': 5, 'thisRepN': 17}>
1460.4850 	EXP 	text: autoDraw = False
1460.4850 	EXP 	textbox: autoDraw = False
1460.4850 	EXP 	fixation: autoDraw = True
1460.5829 	DATA 	Mouse:  Left button up, pos=(774,198)
1461.4719 	INFO 	Keyboard events cleared
1461.4717 	EXP 	polygon: autoDraw = True
1461.4826 	EXP 	fixation: autoDraw = False
1462.1842 	EXP 	Device response: <KeyPress from None: t=1462.1746731660096, value=space, duration=None>
1462.1917 	DATA 	Keypress: space
1462.1966 	EXP 	fixation: autoDraw = False
1462.1966 	EXP 	polygon: autoDraw = False
1462.2557 	EXP 	Device response: <KeyPress from None: t=1462.1746731660096, value=space, duration=0.07645170902833343>
1462.2705 	EXP 	Sound sound_1 reached end of file
1462.2869 	EXP 	Playing sound sound_1 on speaker Nirvana Crystl
1462.7216 	EXP 	Sound sound_1 stopped
1462.7423 	EXP 	text: autoDraw = True
1462.7423 	EXP 	textbox: autoDraw = True
1463.5320 	EXP 	Device response: <KeyPress from None: t=1463.5286569580203, value=1, duration=None>
1463.5362 	DATA 	Keypress: 1
1463.6229 	EXP 	Device response: <KeyPress from None: t=1463.5286569580203, value=1, duration=0.08822483301628381>
1463.8523 	DATA 	Keypress: 0
1463.8568 	EXP 	Device response: <KeyPress from None: t=1463.8484742910368, value=0, duration=None>
1463.9156 	EXP 	Device response: <KeyPress from None: t=1463.8484742910368, value=0, duration=0.060381249990314245>
1463.9834 	DATA 	Keypress: 0
1463.9843 	EXP 	Device response: <KeyPress from None: t=1463.9776274580508, value=0, duration=None>
1464.0655 	EXP 	Device response: <KeyPress from None: t=1463.9776274580508, value=0, duration=0.08430541702546179>
1464.3822 	DATA 	Mouse: Left button down, pos=(774,198)
1464.3831 	EXP 	New trial (rep=17, index=6): <Trial 210 (6 in rep 17) data={'delay': 0.1, 'freq': 1000.0, 'conditions': 'exp', 'thisN': 210, 'thisTrialN': 6, 'thisRepN': 17}>
1464.3865 	EXP 	text: autoDraw = False
1464.3865 	EXP 	textbox: autoDraw = False
1464.3865 	EXP 	fixation: autoDraw = True
1464.4689 	DATA 	Mouse:  Left button up, pos=(774,198)
1465.3729 	INFO 	Keyboard events cleared
1465.3727 	EXP 	polygon: autoDraw = True
1465.3827 	EXP 	fixation: autoDraw = False
1466.0735 	EXP 	Device response: <KeyPress from None: t=1466.0686331660254, value=space, duration=None>
1466.0817 	DATA 	Keypress: space
1466.0861 	EXP 	fixation: autoDraw = False
1466.0861 	EXP 	polygon: autoDraw = False
1466.1384 	EXP 	Device response: <KeyPress from None: t=1466.0686331660254, value=space, duration=0.06816825002897531>
1466.1573 	EXP 	Sound sound_1 reached end of file
1466.1737 	EXP 	Playing sound sound_1 on speaker Nirvana Crystl
1466.6083 	EXP 	Sound sound_1 stopped
1466.6290 	EXP 	text: autoDraw = True
1466.6290 	EXP 	textbox: autoDraw = True
1467.1655 	EXP 	Device response: <KeyPress from None: t=1467.1645717500942, value=2, duration=None>
1467.1696 	DATA 	Keypress: 2
1467.2660 	EXP 	Device response: <KeyPress from None: t=1467.1645717500942, value=2, duration=0.09220516600180417>
1467.5486 	EXP 	Device response: <KeyPress from None: t=1467.54745237506, value=0, duration=None>
1467.5529 	DATA 	Keypress: 0
1467.6157 	EXP 	Device response: <KeyPress from None: t=1467.54745237506, value=0, duration=0.060371374944224954>
1467.6987 	EXP 	Device response: <KeyPress from None: t=1467.6945239159977, value=0, duration=None>
1467.7018 	DATA 	Keypress: 0
1467.7732 	EXP 	Device response: <KeyPress from None: t=1467.6945239159977, value=0, duration=0.07223625003825873>
1468.1817 	DATA 	Mouse: Left button down, pos=(774,198)
1468.1826 	EXP 	New trial (rep=17, index=7): <Trial 211 (7 in rep 17) data={'delay': 0.1, 'freq': 1000.0, 'conditions': 'exp', 'thisN': 211, 'thisTrialN': 7, 'thisRepN': 17}>
1468.1860 	EXP 	text: autoDraw = False
1468.1860 	EXP 	textbox: autoDraw = False
1468.1860 	EXP 	fixation: autoDraw = True
1468.2497 	DATA 	Mouse:  Left button up, pos=(774,198)
1469.1726 	INFO 	Keyboard events cleared
1469.1724 	EXP 	polygon: autoDraw = True
1469.1827 	EXP 	fixation: autoDraw = False
1469.9845 	EXP 	Device response: <KeyPress from None: t=1469.9794713750016, value=space, duration=None>
1469.9925 	DATA 	Keypress: space
1469.9978 	EXP 	fixation: autoDraw = False
1469.9978 	EXP 	polygon: autoDraw = False
1470.0507 	EXP 	Device response: <KeyPress from None: t=1469.9794713750016, value=space, duration=0.0602249160874635>
1470.0705 	EXP 	Sound sound_1 reached end of file
1470.0869 	EXP 	Playing sound sound_1 on speaker Nirvana Crystl
1470.5216 	EXP 	Sound sound_1 stopped
1470.5425 	EXP 	text: autoDraw = True
1470.5425 	EXP 	textbox: autoDraw = True
1470.9994 	DATA 	Keypress: 2
1471.0006 	EXP 	Device response: <KeyPress from None: t=1470.99048258306, value=2, duration=None>
1471.0986 	EXP 	Device response: <KeyPress from None: t=1470.99048258306, value=2, duration=0.10435279202647507>
1471.2597 	DATA 	Keypress: 0
1471.2652 	EXP 	Device response: <KeyPress from None: t=1471.2554938331014, value=0, duration=None>
1471.3158 	EXP 	Device response: <KeyPress from None: t=1471.2554938331014, value=0, duration=0.052334749954752624>
1471.3824 	EXP 	Device response: <KeyPress from None: t=1471.380491875112, value=0, duration=None>
1471.3866 	DATA 	Keypress: 0
1471.4652 	EXP 	Device response: <KeyPress from None: t=1471.380491875112, value=0, duration=0.08033674990292639>
1471.8219 	DATA 	Mouse: Left button down, pos=(774,198)
1471.8888 	DATA 	Mouse:  Left button up, pos=(774,198)
1472.3834 	DATA 	Mouse: Left button down, pos=(774,198)
1472.3896 	EXP 	New trial (rep=17, index=8): <Trial 212 (8 in rep 17) data={'delay': 0.1, 'freq': 400.0, 'conditions': 'unexp', 'thisN': 212, 'thisTrialN': 8, 'thisRepN': 17}>
1472.3981 	EXP 	text: autoDraw = False
1472.3981 	EXP 	textbox: autoDraw = False
1472.3981 	EXP 	fixation: autoDraw = True
1472.5164 	DATA 	Mouse:  Left button up, pos=(774,198)
1473.3830 	INFO 	Keyboard events cleared
1473.3828 	EXP 	polygon: autoDraw = True
1473.3892 	EXP 	fixation: autoDraw = False
1474.4169 	EXP 	Device response: <KeyPress from None: t=1474.409403083031, value=space, duration=None>
1474.4237 	DATA 	Keypress: space
1474.4287 	EXP 	fixation: autoDraw = False
1474.4287 	EXP 	polygon: autoDraw = False
1474.4839 	EXP 	Device response: <KeyPress from None: t=1474.409403083031, value=space, duration=0.06428462499752641>
1474.5036 	EXP 	Sound sound_1 reached end of file
1474.5200 	EXP 	Playing sound sound_1 on speaker Nirvana Crystl
1474.9546 	EXP 	Sound sound_1 stopped
1474.9742 	EXP 	text: autoDraw = True
1474.9742 	EXP 	textbox: autoDraw = True
1475.2332 	EXP 	Device response: <KeyPress from None: t=1475.2313732911134, value=3, duration=None>
1475.2379 	DATA 	Keypress: 3
1475.3323 	EXP 	Device response: <KeyPress from None: t=1475.2313732911134, value=3, duration=0.09631441696546972>
1475.5163 	DATA 	Keypress: 0
1475.5173 	EXP 	Device response: <KeyPress from None: t=1475.5062282080762, value=0, duration=None>
1475.5738 	EXP 	Device response: <KeyPress from None: t=1475.5062282080762, value=0, duration=0.06033179198857397>
1475.6396 	DATA 	Keypress: 0
1475.6406 	EXP 	Device response: <KeyPress from None: t=1475.6333694159985, value=0, duration=None>
1475.7152 	EXP 	Device response: <KeyPress from None: t=1475.6333694159985, value=0, duration=0.0722065840382129>
1476.0673 	DATA 	Mouse: Left button down, pos=(774,198)
1476.0739 	EXP 	New trial (rep=17, index=9): <Trial 213 (9 in rep 17) data={'delay': 0.4, 'freq': 1000.0, 'conditions': 'exp', 'thisN': 213, 'thisTrialN': 9, 'thisRepN': 17}>
1476.0819 	EXP 	text: autoDraw = False
1476.0819 	EXP 	textbox: autoDraw = False
1476.0819 	EXP 	fixation: autoDraw = True
1476.1328 	DATA 	Mouse:  Left button up, pos=(774,198)
1477.0717 	INFO 	Keyboard events cleared
1477.0714 	EXP 	fixation: autoDraw = False
1477.0714 	EXP 	polygon: autoDraw = True
1477.8842 	EXP 	Device response: <KeyPress from None: t=1477.8772086250829, value=space, duration=None>
1477.8921 	DATA 	Keypress: space
1477.8973 	EXP 	fixation: autoDraw = False
1477.8973 	EXP 	polygon: autoDraw = False
1477.9338 	EXP 	Device response: <KeyPress from None: t=1477.8772086250829, value=space, duration=0.052450374932959676>
1478.2719 	EXP 	Sound sound_1 reached end of file
1478.2883 	EXP 	Playing sound sound_1 on speaker Nirvana Crystl
1478.7229 	EXP 	Sound sound_1 stopped
1478.7424 	EXP 	text: autoDraw = True
1478.7424 	EXP 	textbox: autoDraw = True
1479.6149 	EXP 	Device response: <KeyPress from None: t=1479.6142912911018, value=3, duration=None>
1479.6205 	DATA 	Keypress: 3
1479.7063 	EXP 	Device response: <KeyPress from None: t=1479.6142912911018, value=3, duration=0.08428116689901799>
1479.8328 	DATA 	Keypress: 0
1479.8338 	EXP 	Device response: <KeyPress from None: t=1479.8222742500948, value=0, duration=None>
1479.8729 	EXP 	Device response: <KeyPress from None: t=1479.8222742500948, value=0, duration=0.04435908293817192>
1479.9391 	EXP 	Device response: <KeyPress from None: t=1479.936155833071, value=0, duration=None>
1479.9418 	DATA 	Keypress: 0
1480.0234 	EXP 	Device response: <KeyPress from None: t=1479.936155833071, value=0, duration=0.08030949998646975>
1480.3154 	DATA 	Mouse: Left button down, pos=(774,198)
1480.3163 	EXP 	New trial (rep=17, index=10): <Trial 214 (10 in rep 17) data={'delay': 0.7, 'freq': 1000.0, 'conditions': 'exp', 'thisN': 214, 'thisTrialN': 10, 'thisRepN': 17}>
1480.3201 	EXP 	text: autoDraw = False
1480.3201 	EXP 	textbox: autoDraw = False
1480.3201 	EXP 	fixation: autoDraw = True
1480.3661 	DATA 	Mouse:  Left button up, pos=(774,198)
1481.3059 	INFO 	Keyboard events cleared
1481.3057 	EXP 	polygon: autoDraw = True
1481.3159 	EXP 	fixation: autoDraw = False
1483.6007 	EXP 	Device response: <KeyPress from None: t=1483.597164500039, value=space, duration=None>
1483.6084 	DATA 	Keypress: space
1483.6136 	EXP 	fixation: autoDraw = False
1483.6136 	EXP 	polygon: autoDraw = False
1483.6511 	EXP 	Device response: <KeyPress from None: t=1483.597164500039, value=space, duration=0.048341750050894916>
1484.2883 	EXP 	Sound sound_1 reached end of file
1484.3047 	EXP 	Playing sound sound_1 on speaker Nirvana Crystl
1484.7394 	EXP 	Sound sound_1 stopped
1484.7587 	EXP 	text: autoDraw = True
1484.7587 	EXP 	textbox: autoDraw = True
1486.5663 	DATA 	Keypress: 4
1486.5674 	EXP 	Device response: <KeyPress from None: t=1486.5591111250687, value=4, duration=None>
1486.6652 	EXP 	Device response: <KeyPress from None: t=1486.5591111250687, value=4, duration=0.09621441597118974>
1486.7564 	DATA 	Keypress: 0
1486.7572 	EXP 	Device response: <KeyPress from None: t=1486.7520898750518, value=0, duration=None>
1486.8154 	EXP 	Device response: <KeyPress from None: t=1486.7520898750518, value=0, duration=0.06033450004179031>
1486.8895 	DATA 	Keypress: 0
1486.8904 	EXP 	Device response: <KeyPress from None: t=1486.883118250058, value=0, duration=None>
1486.9564 	EXP 	Device response: <KeyPress from None: t=1486.883118250058, value=0, duration=0.06831958296243101>
1487.2724 	DATA 	Mouse: Left button down, pos=(774,198)
1487.2733 	EXP 	New trial (rep=17, index=11): <Trial 215 (11 in rep 17) data={'delay': 0.4, 'freq': 1000.0, 'conditions': 'exp', 'thisN': 215, 'thisTrialN': 11, 'thisRepN': 17}>
1487.2817 	EXP 	text: autoDraw = False
1487.2817 	EXP 	textbox: autoDraw = False
1487.2817 	EXP 	fixation: autoDraw = True
1487.3160 	DATA 	Mouse:  Left button up, pos=(774,198)
1488.2717 	INFO 	Keyboard events cleared
1488.2716 	EXP 	fixation: autoDraw = False
1488.2716 	EXP 	polygon: autoDraw = True
1488.8008 	EXP 	Device response: <KeyPress from None: t=1488.7940795830218, value=space, duration=None>
1488.8084 	DATA 	Keypress: space
1488.8136 	EXP 	fixation: autoDraw = False
1488.8136 	EXP 	polygon: autoDraw = False
1488.8509 	EXP 	Device response: <KeyPress from None: t=1488.7940795830218, value=space, duration=0.044148750021122396>
1489.1882 	EXP 	Sound sound_1 reached end of file
1489.2046 	EXP 	Playing sound sound_1 on speaker Nirvana Crystl
1489.6391 	EXP 	Sound sound_1 stopped
1489.6601 	EXP 	text: autoDraw = True
1489.6601 	EXP 	textbox: autoDraw = True
1490.1483 	EXP 	Device response: <KeyPress from None: t=1490.145060083014, value=7, duration=None>
1490.1523 	DATA 	Keypress: 7
1490.2154 	EXP 	Device response: <KeyPress from None: t=1490.145060083014, value=7, duration=0.06813916703686118>
1490.4652 	EXP 	Device response: <KeyPress from None: t=1490.4610414160416, value=0, duration=None>
1490.4682 	DATA 	Keypress: 0
1490.5389 	EXP 	Device response: <KeyPress from None: t=1490.4610414160416, value=0, duration=0.07621029205620289>
1490.6059 	EXP 	Device response: <KeyPress from None: t=1490.602983291028, value=0, duration=None>
1490.6088 	DATA 	Keypress: 0
1490.6820 	EXP 	Device response: <KeyPress from None: t=1490.602983291028, value=0, duration=0.0762348750140518>
1491.0821 	DATA 	Mouse: Left button down, pos=(774,198)
1491.0830 	EXP 	New trial (rep=18, index=0): <Trial 216 (0 in rep 18) data={'delay': 0.4, 'freq': 400.0, 'conditions': 'unexp', 'thisN': 216, 'thisTrialN': 0, 'thisRepN': 18}>
1491.0865 	EXP 	text: autoDraw = False
1491.0865 	EXP 	textbox: autoDraw = False
1491.0865 	EXP 	fixation: autoDraw = True
1491.1326 	DATA 	Mouse:  Left button up, pos=(774,198)
1492.0724 	INFO 	Keyboard events cleared
1492.0723 	EXP 	polygon: autoDraw = True
1492.0825 	EXP 	fixation: autoDraw = False
1493.4672 	EXP 	Device response: <KeyPress from None: t=1493.4559717080556, value=space, duration=None>
1493.4747 	DATA 	Keypress: space
1493.4799 	EXP 	fixation: autoDraw = False
1493.4799 	EXP 	polygon: autoDraw = False
1493.5043 	EXP 	Device response: <KeyPress from None: t=1493.4559717080556, value=space, duration=0.044169000000692904>
1493.8547 	EXP 	Sound sound_1 reached end of file
1493.8711 	EXP 	Playing sound sound_1 on speaker Nirvana Crystl
1494.3057 	EXP 	Sound sound_1 stopped
1494.3256 	EXP 	text: autoDraw = True
1494.3256 	EXP 	textbox: autoDraw = True
1495.1904 	DATA 	Keypress: 2
1495.1916 	EXP 	Device response: <KeyPress from None: t=1495.1839856660226, value=2, duration=None>
1495.2658 	EXP 	Device response: <KeyPress from None: t=1495.1839856660226, value=2, duration=0.0803147500846535>
1495.5153 	EXP 	Device response: <KeyPress from None: t=1495.5099377080332, value=0, duration=None>
1495.5183 	DATA 	Keypress: 0
1495.5722 	EXP 	Device response: <KeyPress from None: t=1495.5099377080332, value=0, duration=0.060323167010210454>
1495.6562 	DATA 	Keypress: 0
1495.6571 	EXP 	Device response: <KeyPress from None: t=1495.650908208103, value=0, duration=None>
1495.7224 	EXP 	Device response: <KeyPress from None: t=1495.650908208103, value=0, duration=0.06423516699578613>
1496.4505 	DATA 	Mouse: Left button down, pos=(774,198)
1496.4569 	EXP 	New trial (rep=18, index=1): <Trial 217 (1 in rep 18) data={'delay': 0.7, 'freq': 1000.0, 'conditions': 'exp', 'thisN': 217, 'thisTrialN': 1, 'thisRepN': 18}>
1496.4642 	EXP 	text: autoDraw = False
1496.4642 	EXP 	textbox: autoDraw = False
1496.4642 	EXP 	fixation: autoDraw = True
1496.5159 	DATA 	Mouse:  Left button up, pos=(774,198)
1497.4555 	INFO 	Keyboard events cleared
1497.4553 	EXP 	fixation: autoDraw = False
1497.4553 	EXP 	polygon: autoDraw = True
1498.5508 	EXP 	Device response: <KeyPress from None: t=1498.5478931660764, value=space, duration=None>
1498.5582 	DATA 	Keypress: space
1498.5632 	EXP 	fixation: autoDraw = False
1498.5632 	EXP 	polygon: autoDraw = False
1498.6172 	EXP 	Device response: <KeyPress from None: t=1498.5478931660764, value=space, duration=0.05620666698087007>
1499.2382 	EXP 	Sound sound_1 reached end of file
1499.2546 	EXP 	Playing sound sound_1 on speaker Nirvana Crystl
1499.6892 	EXP 	Sound sound_1 stopped
1499.7089 	EXP 	text: autoDraw = True
1499.7089 	EXP 	textbox: autoDraw = True
1501.0276 	DATA 	Keypress: 4
1501.0324 	EXP 	Device response: <KeyPress from None: t=1501.0226743750973, value=4, duration=None>
1501.1160 	EXP 	Device response: <KeyPress from None: t=1501.0226743750973, value=4, duration=0.08844212500844151>
1501.3494 	DATA 	Keypress: 0
1501.3503 	EXP 	Device response: <KeyPress from None: t=1501.3438052500132, value=0, duration=None>
1501.4159 	EXP 	Device response: <KeyPress from None: t=1501.3438052500132, value=0, duration=0.06434633303433657>
1501.4890 	EXP 	Device response: <KeyPress from None: t=1501.4877727910643, value=0, duration=None>
1501.4919 	DATA 	Keypress: 0
1501.5659 	EXP 	Device response: <KeyPress from None: t=1501.4877727910643, value=0, duration=0.07240008399821818>
1503.2152 	DATA 	Mouse: Left button down, pos=(774,198)
1503.2161 	EXP 	New trial (rep=18, index=2): <Trial 218 (2 in rep 18) data={'delay': 0.1, 'freq': 400.0, 'conditions': 'unexp', 'thisN': 218, 'thisTrialN': 2, 'thisRepN': 18}>
1503.2200 	EXP 	text: autoDraw = False
1503.2200 	EXP 	textbox: autoDraw = False
1503.2200 	EXP 	fixation: autoDraw = True
1503.2662 	DATA 	Mouse:  Left button up, pos=(774,198)
1504.2059 	INFO 	Keyboard events cleared
1504.2057 	EXP 	polygon: autoDraw = True
1504.2155 	EXP 	fixation: autoDraw = False
1505.5499 	EXP 	Device response: <KeyPress from None: t=1505.541588375112, value=space, duration=None>
1505.5567 	DATA 	Keypress: space
1505.5617 	EXP 	fixation: autoDraw = False
1505.5617 	EXP 	polygon: autoDraw = False
1505.6172 	EXP 	Device response: <KeyPress from None: t=1505.541588375112, value=space, duration=0.07237899990286678>
1505.6366 	EXP 	Sound sound_1 reached end of file
1505.6530 	EXP 	Playing sound sound_1 on speaker Nirvana Crystl
1506.0877 	EXP 	Sound sound_1 stopped
1506.1075 	EXP 	text: autoDraw = True
1506.1075 	EXP 	textbox: autoDraw = True
1506.9986 	EXP 	Device response: <KeyPress from None: t=1506.9956422080286, value=2, duration=None>
1507.0025 	DATA 	Keypress: 2
1507.1153 	EXP 	Device response: <KeyPress from None: t=1506.9956422080286, value=2, duration=0.11628391698468477>
1507.2895 	EXP 	Device response: <KeyPress from None: t=1507.2876690410776, value=0, duration=None>
1507.2924 	DATA 	Keypress: 0
1507.3550 	EXP 	Device response: <KeyPress from None: t=1507.2876690410776, value=0, duration=0.06424687500111759>
1507.4328 	DATA 	Keypress: 0
1507.4337 	EXP 	Device response: <KeyPress from None: t=1507.4237810000777, value=0, duration=None>
1507.4891 	EXP 	Device response: <KeyPress from None: t=1507.4237810000777, value=0, duration=0.060148583026602864>
1508.1002 	DATA 	Mouse: Left button down, pos=(774,198)
1508.1069 	EXP 	New trial (rep=18, index=3): <Trial 219 (3 in rep 18) data={'delay': 0.4, 'freq': 1000.0, 'conditions': 'exp', 'thisN': 219, 'thisTrialN': 3, 'thisRepN': 18}>
1508.1151 	EXP 	text: autoDraw = False
1508.1151 	EXP 	textbox: autoDraw = False
1508.1151 	EXP 	fixation: autoDraw = True
1508.1660 	DATA 	Mouse:  Left button up, pos=(774,198)
1509.1054 	INFO 	Keyboard events cleared
1509.1052 	EXP 	fixation: autoDraw = False
1509.1052 	EXP 	polygon: autoDraw = True
1510.2167 	EXP 	Device response: <KeyPress from None: t=1510.2144440410193, value=space, duration=None>
1510.2240 	DATA 	Keypress: space
1510.2291 	EXP 	fixation: autoDraw = False
1510.2291 	EXP 	polygon: autoDraw = False
1510.2664 	EXP 	Device response: <KeyPress from None: t=1510.2144440410193, value=space, duration=0.04046616703271866>
1510.6047 	EXP 	Sound sound_1 reached end of file
1510.6211 	EXP 	Playing sound sound_1 on speaker Nirvana Crystl
1511.0549 	EXP 	Sound sound_1 stopped
1511.0744 	EXP 	text: autoDraw = True
1511.0744 	EXP 	textbox: autoDraw = True
1512.9069 	DATA 	Keypress: 3
1512.9080 	EXP 	Device response: <KeyPress from None: t=1512.89935362502, value=3, duration=None>
1512.9986 	EXP 	Device response: <KeyPress from None: t=1512.89935362502, value=3, duration=0.09642491606064141>
1513.1652 	EXP 	Device response: <KeyPress from None: t=1513.1634567080764, value=0, duration=None>
1513.1693 	DATA 	Keypress: 0
1513.1883 	EXP 	Device response: <KeyPress from None: t=1513.1634567080764, value=0, duration=0.020354375010356307>
1513.2690 	DATA 	Keypress: 0
1513.2737 	EXP 	Device response: <KeyPress from None: t=1513.2654746660264, value=0, duration=None>
1513.3324 	EXP 	Device response: <KeyPress from None: t=1513.2654746660264, value=0, duration=0.06035016698297113>
1513.7753 	DATA 	Mouse: Left button down, pos=(774,198)
1513.7814 	EXP 	New trial (rep=18, index=4): <Trial 220 (4 in rep 18) data={'delay': 0.4, 'freq': 1000.0, 'conditions': 'exp', 'thisN': 220, 'thisTrialN': 4, 'thisRepN': 18}>
1513.7845 	EXP 	text: autoDraw = False
1513.7845 	EXP 	textbox: autoDraw = False
1513.7845 	EXP 	fixation: autoDraw = True
1513.8321 	DATA 	Mouse:  Left button up, pos=(774,198)
1514.7720 	INFO 	Keyboard events cleared
1514.7718 	EXP 	polygon: autoDraw = True
1514.7823 	EXP 	fixation: autoDraw = False
1520.3337 	EXP 	Device response: <KeyPress from None: t=1520.3251433330588, value=space, duration=None>
1520.3413 	DATA 	Keypress: space
1520.3463 	EXP 	fixation: autoDraw = False
1520.3463 	EXP 	polygon: autoDraw = False
1520.3472 	EXP 	Device response: <KeyPress from None: t=1520.3251433330588, value=space, duration=0.01801754196640104>
1520.7212 	EXP 	Sound sound_1 reached end of file
1520.7376 	EXP 	Playing sound sound_1 on speaker Nirvana Crystl
1521.1724 	EXP 	Sound sound_1 stopped
1521.1920 	EXP 	text: autoDraw = True
1521.1920 	EXP 	textbox: autoDraw = True
1522.5984 	EXP 	Device response: <KeyPress from None: t=1522.5957454580348, value=2, duration=None>
1522.6026 	DATA 	Keypress: 2
1522.6889 	EXP 	Device response: <KeyPress from None: t=1522.5957454580348, value=2, duration=0.0882730419980362>
1522.7825 	DATA 	Keypress: 0
1522.7834 	EXP 	Device response: <KeyPress from None: t=1522.7748078330187, value=0, duration=None>
1522.8318 	EXP 	Device response: <KeyPress from None: t=1522.7748078330187, value=0, duration=0.056163417058996856>
1522.9150 	EXP 	Device response: <KeyPress from None: t=1522.911853416008, value=0, duration=None>
1522.9177 	DATA 	Keypress: 0
1522.9816 	EXP 	Device response: <KeyPress from None: t=1522.911853416008, value=0, duration=0.068112334003672>
1523.9653 	DATA 	Keypress: backspace
1523.9660 	EXP 	Device response: <KeyPress from None: t=1523.959614375024, value=backspace, duration=None>
1524.0324 	EXP 	Device response: <KeyPress from None: t=1523.959614375024, value=backspace, duration=0.06472133297938854>
1524.1153 	DATA 	Keypress: backspace
1524.1160 	EXP 	Device response: <KeyPress from None: t=1524.105774458032, value=backspace, duration=None>
1524.1720 	EXP 	Device response: <KeyPress from None: t=1524.105774458032, value=backspace, duration=0.06432937504723668>
1524.2559 	DATA 	Keypress: backspace
1524.2566 	EXP 	Device response: <KeyPress from None: t=1524.249740041094, value=backspace, duration=None>
1524.2994 	EXP 	Device response: <KeyPress from None: t=1524.249740041094, value=backspace, duration=0.04441191698424518>
1525.1401 	DATA 	Keypress: 3
1525.1411 	EXP 	Device response: <KeyPress from None: t=1525.1347630410455, value=3, duration=None>
1525.2480 	EXP 	Device response: <KeyPress from None: t=1525.1347630410455, value=3, duration=0.10428741702344269>
1525.4822 	DATA 	Keypress: 0
1525.4832 	EXP 	Device response: <KeyPress from None: t=1525.4737326250179, value=0, duration=None>
1525.5315 	EXP 	Device response: <KeyPress from None: t=1525.4737326250179, value=0, duration=0.05634337500669062>
1525.6055 	EXP 	Device response: <KeyPress from None: t=1525.6037327910308, value=0, duration=None>
1525.6083 	DATA 	Keypress: 0
1525.6647 	EXP 	Device response: <KeyPress from None: t=1525.6037327910308, value=0, duration=0.05618112499359995>
1526.2886 	DATA 	Mouse: Left button down, pos=(774,198)
1526.2895 	EXP 	New trial (rep=18, index=5): <Trial 221 (5 in rep 18) data={'delay': 0.7, 'freq': 1000.0, 'conditions': 'exp', 'thisN': 221, 'thisTrialN': 5, 'thisRepN': 18}>
1526.2973 	EXP 	text: autoDraw = False
1526.2973 	EXP 	textbox: autoDraw = False
1526.2973 	EXP 	fixation: autoDraw = True
1526.4324 	DATA 	Mouse:  Left button up, pos=(774,198)
1527.2878 	INFO 	Keyboard events cleared
1527.2876 	EXP 	fixation: autoDraw = False
1527.2876 	EXP 	polygon: autoDraw = True
1527.5166 	EXP 	Device response: <KeyPress from None: t=1527.509697958012, value=space, duration=None>
1527.5238 	DATA 	Keypress: space
1527.5290 	EXP 	fixation: autoDraw = False
1527.5290 	EXP 	polygon: autoDraw = False
1527.5665 	EXP 	Device response: <KeyPress from None: t=1527.509697958012, value=space, duration=0.05133991700131446>
1528.2046 	EXP 	Sound sound_1 reached end of file
1528.2210 	EXP 	Playing sound sound_1 on speaker Nirvana Crystl
1528.6555 	EXP 	Sound sound_1 stopped
1528.6754 	EXP 	text: autoDraw = True
1528.6754 	EXP 	textbox: autoDraw = True
1529.5744 	EXP 	Device response: <KeyPress from None: t=1529.5716185830534, value=7, duration=None>
1529.5790 	DATA 	Keypress: 7
1529.6484 	EXP 	Device response: <KeyPress from None: t=1529.5716185830534, value=7, duration=0.06818887498229742>
1529.8829 	DATA 	Keypress: 0
1529.8840 	EXP 	Device response: <KeyPress from None: t=1529.8724234160036, value=0, duration=None>
1529.9482 	EXP 	Device response: <KeyPress from None: t=1529.8724234160036, value=0, duration=0.06851704209111631>
1530.0146 	EXP 	Device response: <KeyPress from None: t=1530.0106550410856, value=0, duration=None>
1530.0176 	DATA 	Keypress: 0
1530.0891 	EXP 	Device response: <KeyPress from None: t=1530.0106550410856, value=0, duration=0.07616170891560614>
1530.5815 	DATA 	Mouse: Left button down, pos=(774,198)
1530.5824 	EXP 	New trial (rep=18, index=6): <Trial 222 (6 in rep 18) data={'delay': 0.1, 'freq': 1000.0, 'conditions': 'exp', 'thisN': 222, 'thisTrialN': 6, 'thisRepN': 18}>
1530.5860 	EXP 	text: autoDraw = False
1530.5860 	EXP 	textbox: autoDraw = False
1530.5860 	EXP 	fixation: autoDraw = True
1530.6823 	DATA 	Mouse:  Left button up, pos=(774,198)
1531.5719 	INFO 	Keyboard events cleared
1531.5718 	EXP 	polygon: autoDraw = True
1531.5821 	EXP 	fixation: autoDraw = False
1532.0502 	EXP 	Device response: <KeyPress from None: t=1532.0405739580747, value=space, duration=None>
1532.0574 	DATA 	Keypress: space
1532.0624 	EXP 	fixation: autoDraw = False
1532.0624 	EXP 	polygon: autoDraw = False
1532.0874 	EXP 	Device response: <KeyPress from None: t=1532.0405739580747, value=space, duration=0.0448177499929443>
1532.1379 	EXP 	Sound sound_1 reached end of file
1532.1543 	EXP 	Playing sound sound_1 on speaker Nirvana Crystl
1532.5886 	EXP 	Sound sound_1 stopped
1532.6080 	EXP 	text: autoDraw = True
1532.6080 	EXP 	textbox: autoDraw = True
1534.0733 	DATA 	Keypress: 6
1534.0744 	EXP 	Device response: <KeyPress from None: t=1534.0655372911133, value=6, duration=None>
1534.1321 	EXP 	Device response: <KeyPress from None: t=1534.0655372911133, value=6, duration=0.06035920896101743>
1534.5561 	DATA 	Keypress: 0
1534.5571 	EXP 	Device response: <KeyPress from None: t=1534.5504652910167, value=0, duration=None>
1534.6154 	EXP 	Device response: <KeyPress from None: t=1534.5504652910167, value=0, duration=0.05623250000644475>
1534.6762 	DATA 	Keypress: 0
1534.6812 	EXP 	Device response: <KeyPress from None: t=1534.6723615830997, value=0, duration=None>
1534.7555 	EXP 	Device response: <KeyPress from None: t=1534.6723615830997, value=0, duration=0.07642912492156029>
1535.1552 	DATA 	Mouse: Left button down, pos=(774,198)
1535.1561 	EXP 	New trial (rep=18, index=7): <Trial 223 (7 in rep 18) data={'delay': 0.1, 'freq': 1000.0, 'conditions': 'exp', 'thisN': 223, 'thisTrialN': 7, 'thisRepN': 18}>
1535.1641 	EXP 	text: autoDraw = False
1535.1641 	EXP 	textbox: autoDraw = False
1535.1641 	EXP 	fixation: autoDraw = True
1535.2656 	DATA 	Mouse:  Left button up, pos=(774,198)
1536.1488 	INFO 	Keyboard events cleared
1536.1486 	EXP 	polygon: autoDraw = True
1536.1541 	EXP 	fixation: autoDraw = False
1536.1725 	EXP 	Device response: <KeyPress from None: t=1536.168480583001, value=space, duration=None>
1536.1794 	DATA 	Keypress: space
1536.1847 	EXP 	fixation: autoDraw = False
1536.1847 	EXP 	polygon: autoDraw = False
1536.2389 	EXP 	Device response: <KeyPress from None: t=1536.168480583001, value=space, duration=0.06428700010292232>
1536.2657 	EXP 	Sound sound_1 reached end of file
1536.2820 	EXP 	Playing sound sound_1 on speaker Nirvana Crystl
1536.7168 	EXP 	Sound sound_1 stopped
1536.7370 	EXP 	text: autoDraw = True
1536.7370 	EXP 	textbox: autoDraw = True
1537.5395 	EXP 	Device response: <KeyPress from None: t=1537.53736200009, value=2, duration=None>
1537.5438 	DATA 	Keypress: 2
1537.6323 	EXP 	Device response: <KeyPress from None: t=1537.53736200009, value=2, duration=0.08832766592968255>
1537.8493 	DATA 	Keypress: 0
1537.8503 	EXP 	Device response: <KeyPress from None: t=1537.8402869580314, value=0, duration=None>
1537.8981 	EXP 	Device response: <KeyPress from None: t=1537.8402869580314, value=0, duration=0.056603292003273964>
1537.9646 	EXP 	Device response: <KeyPress from None: t=1537.9612789580133, value=0, duration=None>
1537.9688 	DATA 	Keypress: 0
1538.0391 	EXP 	Device response: <KeyPress from None: t=1537.9612789580133, value=0, duration=0.07243712502531707>
1538.2718 	EXP 	Device response: <KeyPress from None: t=1538.2704830000876, value=space, duration=None>
1538.2747 	DATA 	Keypress: space
1538.3217 	EXP 	Device response: <KeyPress from None: t=1538.2704830000876, value=space, duration=0.04893391591031104>
1538.9818 	DATA 	Mouse: Left button down, pos=(774,198)
1538.9827 	EXP 	New trial (rep=18, index=8): <Trial 224 (8 in rep 18) data={'delay': 0.7, 'freq': 1000.0, 'conditions': 'exp', 'thisN': 224, 'thisTrialN': 8, 'thisRepN': 18}>
1538.9863 	EXP 	text: autoDraw = False
1538.9863 	EXP 	textbox: autoDraw = False
1538.9863 	EXP 	fixation: autoDraw = True
1539.0658 	DATA 	Mouse:  Left button up, pos=(774,198)
1539.9723 	INFO 	Keyboard events cleared
1539.9722 	EXP 	polygon: autoDraw = True
1539.9821 	EXP 	fixation: autoDraw = False
1540.7669 	EXP 	Device response: <KeyPress from None: t=1540.7553623330314, value=space, duration=None>
1540.7744 	DATA 	Keypress: space
1540.7793 	EXP 	fixation: autoDraw = False
1540.7793 	EXP 	polygon: autoDraw = False
1540.8164 	EXP 	Device response: <KeyPress from None: t=1540.7553623330314, value=space, duration=0.048284332966431975>
1541.4545 	EXP 	Sound sound_1 reached end of file
1541.4709 	EXP 	Playing sound sound_1 on speaker Nirvana Crystl
1541.9054 	EXP 	Sound sound_1 stopped
1541.9249 	EXP 	text: autoDraw = True
1541.9249 	EXP 	textbox: autoDraw = True
1544.0153 	DATA 	Keypress: 3
1544.0164 	EXP 	Device response: <KeyPress from None: t=1544.0061400410486, value=3, duration=None>
1544.0884 	EXP 	Device response: <KeyPress from None: t=1544.0061400410486, value=3, duration=0.08036070899106562>
1544.2648 	EXP 	Device response: <KeyPress from None: t=1544.2612628330244, value=0, duration=None>
1544.2678 	DATA 	Keypress: 0
1544.3319 	EXP 	Device response: <KeyPress from None: t=1544.2612628330244, value=0, duration=0.06431254197377712>
1544.3984 	EXP 	Device response: <KeyPress from None: t=1544.394755166024, value=0, duration=None>
1544.4013 	DATA 	Keypress: 0
1544.4723 	EXP 	Device response: <KeyPress from None: t=1544.394755166024, value=0, duration=0.07168045907747>
1544.8664 	DATA 	Mouse: Left button down, pos=(774,198)
1544.8726 	EXP 	New trial (rep=18, index=9): <Trial 225 (9 in rep 18) data={'delay': 0.4, 'freq': 1000.0, 'conditions': 'exp', 'thisN': 225, 'thisTrialN': 9, 'thisRepN': 18}>
1544.8809 	EXP 	text: autoDraw = False
1544.8809 	EXP 	textbox: autoDraw = False
1544.8809 	EXP 	fixation: autoDraw = True
1544.9318 	DATA 	Mouse:  Left button up, pos=(774,198)
1545.8704 	INFO 	Keyboard events cleared
1545.8702 	EXP 	fixation: autoDraw = False
1545.8702 	EXP 	polygon: autoDraw = True
1546.8662 	EXP 	Device response: <KeyPress from None: t=1546.857110291021, value=space, duration=None>
1546.8737 	DATA 	Keypress: space
1546.8787 	EXP 	fixation: autoDraw = False
1546.8787 	EXP 	polygon: autoDraw = False
1546.8996 	EXP 	Device response: <KeyPress from None: t=1546.857110291021, value=space, duration=0.03645487502217293>
1547.2544 	EXP 	Sound sound_1 reached end of file
1547.2708 	EXP 	Playing sound sound_1 on speaker Nirvana Crystl
1547.7053 	EXP 	Sound sound_1 stopped
1547.7254 	EXP 	text: autoDraw = True
1547.7254 	EXP 	textbox: autoDraw = True
1551.0862 	DATA 	Keypress: 4
1551.0911 	EXP 	Device response: <KeyPress from None: t=1551.082006166107, value=4, duration=None>
1551.1554 	EXP 	Device response: <KeyPress from None: t=1551.082006166107, value=4, duration=0.06606908398680389>
1551.2482 	EXP 	Device response: <KeyPress from None: t=1551.243800208089, value=0, duration=None>
1551.2511 	DATA 	Keypress: 0
1551.3059 	EXP 	Device response: <KeyPress from None: t=1551.243800208089, value=0, duration=0.05615616694558412>
1551.3892 	DATA 	Keypress: 0
1551.3902 	EXP 	Device response: <KeyPress from None: t=1551.3827000410529, value=0, duration=None>
1551.4487 	EXP 	Device response: <KeyPress from None: t=1551.3827000410529, value=0, duration=0.05634191702120006>
1551.9380 	DATA 	Mouse: Left button down, pos=(774,198)
1551.9389 	EXP 	New trial (rep=18, index=10): <Trial 226 (10 in rep 18) data={'delay': 0.1, 'freq': 1000.0, 'conditions': 'exp', 'thisN': 226, 'thisTrialN': 10, 'thisRepN': 18}>
1551.9475 	EXP 	text: autoDraw = False
1551.9475 	EXP 	textbox: autoDraw = False
1551.9475 	EXP 	fixation: autoDraw = True
1552.0016 	DATA 	Mouse:  Left button up, pos=(774,198)
1552.9322 	INFO 	Keyboard events cleared
1552.9320 	EXP 	polygon: autoDraw = True
1552.9381 	EXP 	fixation: autoDraw = False
1556.3664 	EXP 	Device response: <KeyPress from None: t=1556.3563803751022, value=space, duration=None>
1556.3737 	DATA 	Keypress: space
1556.3790 	EXP 	fixation: autoDraw = False
1556.3790 	EXP 	polygon: autoDraw = False
1556.3839 	EXP 	Device response: <KeyPress from None: t=1556.3563803751022, value=space, duration=0.026128374971449375>
1556.4543 	EXP 	Sound sound_1 reached end of file
1556.4707 	EXP 	Playing sound sound_1 on speaker Nirvana Crystl
1556.9054 	EXP 	Sound sound_1 stopped
1556.9249 	EXP 	text: autoDraw = True
1556.9249 	EXP 	textbox: autoDraw = True
1557.7444 	DATA 	Keypress: 2
1557.7646 	EXP 	Device response: <KeyPress from None: t=1557.739043333102, value=2, duration=None>
1557.8321 	EXP 	Device response: <KeyPress from None: t=1557.739043333102, value=2, duration=0.08429774991236627>
1557.9892 	DATA 	Keypress: 0
1557.9904 	EXP 	Device response: <KeyPress from None: t=1557.984042875003, value=0, duration=None>
1558.0382 	EXP 	Device response: <KeyPress from None: t=1557.984042875003, value=0, duration=0.05219550000037998>
1558.1086 	DATA 	Keypress: 0
1558.1146 	EXP 	Device response: <KeyPress from None: t=1558.1050203330815, value=0, duration=None>
1558.1714 	EXP 	Device response: <KeyPress from None: t=1558.1050203330815, value=0, duration=0.06434704200364649>
1558.5882 	DATA 	Mouse: Left button down, pos=(774,198)
1558.5892 	EXP 	New trial (rep=18, index=11): <Trial 227 (11 in rep 18) data={'delay': 0.7, 'freq': 400.0, 'conditions': 'unexp', 'thisN': 227, 'thisTrialN': 11, 'thisRepN': 18}>
1558.5972 	EXP 	text: autoDraw = False
1558.5972 	EXP 	textbox: autoDraw = False
1558.5972 	EXP 	fixation: autoDraw = True
1558.6652 	DATA 	Mouse:  Left button up, pos=(774,198)
1559.5884 	INFO 	Keyboard events cleared
1559.5882 	EXP 	fixation: autoDraw = False
1559.5882 	EXP 	polygon: autoDraw = True
1562.0002 	EXP 	Device response: <KeyPress from None: t=1561.9889534580288, value=space, duration=None>
1562.0082 	DATA 	Keypress: space
1562.0133 	EXP 	fixation: autoDraw = False
1562.0133 	EXP 	polygon: autoDraw = False
1562.0497 	EXP 	Device response: <KeyPress from None: t=1561.9889534580288, value=space, duration=0.05630591697990894>
1562.6877 	EXP 	Sound sound_1 reached end of file
1562.7041 	EXP 	Playing sound sound_1 on speaker Nirvana Crystl
1563.1384 	EXP 	Sound sound_1 stopped
1563.1578 	EXP 	text: autoDraw = True
1563.1578 	EXP 	textbox: autoDraw = True
1565.8146 	EXP 	Device response: <KeyPress from None: t=1565.8128917081049, value=4, duration=None>
1565.8185 	DATA 	Keypress: 4
1565.8979 	EXP 	Device response: <KeyPress from None: t=1565.8128917081049, value=4, duration=0.08418299991171807>
1565.9812 	EXP 	Device response: <KeyPress from None: t=1565.9797784161055, value=0, duration=None>
1565.9845 	DATA 	Keypress: 0
1566.0483 	EXP 	Device response: <KeyPress from None: t=1565.9797784161055, value=0, duration=0.06031170894857496>
1566.1219 	EXP 	Device response: <KeyPress from None: t=1566.1209150410723, value=0, duration=None>
1566.1253 	DATA 	Keypress: 0
1566.1818 	EXP 	Device response: <KeyPress from None: t=1566.1209150410723, value=0, duration=0.056152959004975855>
1566.6163 	DATA 	Mouse: Left button down, pos=(774,198)
1566.6228 	EXP 	New trial (rep=19, index=0): <Trial 228 (0 in rep 19) data={'delay': 0.7, 'freq': 400.0, 'conditions': 'unexp', 'thisN': 228, 'thisTrialN': 0, 'thisRepN': 19}>
1566.6310 	EXP 	text: autoDraw = False
1566.6310 	EXP 	textbox: autoDraw = False
1566.6310 	EXP 	fixation: autoDraw = True
1566.7322 	DATA 	Mouse:  Left button up, pos=(774,198)
1567.6206 	INFO 	Keyboard events cleared
1567.6204 	EXP 	fixation: autoDraw = False
1567.6204 	EXP 	polygon: autoDraw = True
1569.1722 	EXP 	Device response: <KeyPress from None: t=1569.1708112910856, value=space, duration=None>
1569.1798 	DATA 	Keypress: space
1569.1846 	EXP 	fixation: autoDraw = False
1569.1846 	EXP 	polygon: autoDraw = False
1569.2159 	EXP 	Device response: <KeyPress from None: t=1569.1708112910856, value=space, duration=0.040295999962836504>
1569.8656 	EXP 	Sound sound_1 reached end of file
1569.8819 	EXP 	Playing sound sound_1 on speaker Nirvana Crystl
1570.3165 	EXP 	Sound sound_1 stopped
1570.3367 	EXP 	text: autoDraw = True
1570.3367 	EXP 	textbox: autoDraw = True
1571.0480 	EXP 	Device response: <KeyPress from None: t=1571.045710416045, value=2, duration=None>
1571.0519 	DATA 	Keypress: 2
1571.1481 	EXP 	Device response: <KeyPress from None: t=1571.045710416045, value=2, duration=0.10027791699394584>
1571.3651 	DATA 	Keypress: 0
1571.3661 	EXP 	Device response: <KeyPress from None: t=1571.3557612081058, value=0, duration=None>
1571.4223 	EXP 	Device response: <KeyPress from None: t=1571.3557612081058, value=0, duration=0.0602331249974668>
1571.4983 	EXP 	Device response: <KeyPress from None: t=1571.4946658750996, value=0, duration=None>
1571.5012 	DATA 	Keypress: 0
1571.5557 	EXP 	Device response: <KeyPress from None: t=1571.4946658750996, value=0, duration=0.05639166594482958>
1571.9980 	DATA 	Mouse: Left button down, pos=(774,198)
1571.9990 	EXP 	New trial (rep=19, index=1): <Trial 229 (1 in rep 19) data={'delay': 0.7, 'freq': 1000.0, 'conditions': 'exp', 'thisN': 229, 'thisTrialN': 1, 'thisRepN': 19}>
1572.0026 	EXP 	text: autoDraw = False
1572.0026 	EXP 	textbox: autoDraw = False
1572.0026 	EXP 	fixation: autoDraw = True
1572.0684 	DATA 	Mouse:  Left button up, pos=(774,198)
1572.9877 	INFO 	Keyboard events cleared
1572.9876 	EXP 	polygon: autoDraw = True
1572.9986 	EXP 	fixation: autoDraw = False
1573.8667 	EXP 	Device response: <KeyPress from None: t=1573.8566011660732, value=space, duration=None>
1573.8740 	DATA 	Keypress: space
1573.8789 	EXP 	fixation: autoDraw = False
1573.8789 	EXP 	polygon: autoDraw = False
1573.9161 	EXP 	Device response: <KeyPress from None: t=1573.8566011660732, value=space, duration=0.04837754194159061>
1574.5540 	EXP 	Sound sound_1 reached end of file
1574.5705 	EXP 	Playing sound sound_1 on speaker Nirvana Crystl
1575.0041 	EXP 	Sound sound_1 stopped
1575.0239 	EXP 	text: autoDraw = True
1575.0239 	EXP 	textbox: autoDraw = True
1575.8565 	DATA 	Keypress: 3
1575.8575 	EXP 	Device response: <KeyPress from None: t=1575.8514915410196, value=3, duration=None>
1575.9314 	EXP 	Device response: <KeyPress from None: t=1575.8514915410196, value=3, duration=0.07646925002336502>
1576.1655 	DATA 	Keypress: 0
1576.1665 	EXP 	Device response: <KeyPress from None: t=1576.1555510410108, value=0, duration=None>
1576.2145 	EXP 	Device response: <KeyPress from None: t=1576.1555510410108, value=0, duration=0.05632662505377084>
1576.2810 	EXP 	Device response: <KeyPress from None: t=1576.276525333058, value=0, duration=None>
1576.2839 	DATA 	Keypress: 0
1576.3481 	EXP 	Device response: <KeyPress from None: t=1576.276525333058, value=0, duration=0.06441483297385275>
1576.7310 	DATA 	Mouse: Left button down, pos=(774,198)
1576.7319 	EXP 	New trial (rep=19, index=2): <Trial 230 (2 in rep 19) data={'delay': 0.4, 'freq': 1000.0, 'conditions': 'exp', 'thisN': 230, 'thisTrialN': 2, 'thisRepN': 19}>
1576.7351 	EXP 	text: autoDraw = False
1576.7351 	EXP 	textbox: autoDraw = False
1576.7351 	EXP 	fixation: autoDraw = True
1576.8012 	DATA 	Mouse:  Left button up, pos=(774,198)
1577.7218 	INFO 	Keyboard events cleared
1577.7217 	EXP 	polygon: autoDraw = True
1577.7317 	EXP 	fixation: autoDraw = False
1579.0889 	EXP 	Device response: <KeyPress from None: t=1579.0864410001086, value=space, duration=None>
1579.0963 	DATA 	Keypress: space
1579.1010 	EXP 	fixation: autoDraw = False
1579.1010 	EXP 	polygon: autoDraw = False
1579.1498 	EXP 	Device response: <KeyPress from None: t=1579.0864410001086, value=space, duration=0.06027654092758894>
1579.4820 	EXP 	Sound sound_1 reached end of file
1579.4983 	EXP 	Playing sound sound_1 on speaker Nirvana Crystl
1579.9329 	EXP 	Sound sound_1 stopped
1579.9528 	EXP 	text: autoDraw = True
1579.9528 	EXP 	textbox: autoDraw = True
1582.1730 	DATA 	Keypress: 2
1582.1742 	EXP 	Device response: <KeyPress from None: t=1582.1673761249986, value=2, duration=None>
1582.2550 	EXP 	Device response: <KeyPress from None: t=1582.1673761249986, value=2, duration=0.08440179110039026>
1582.7652 	DATA 	Keypress: 0
1582.7662 	EXP 	Device response: <KeyPress from None: t=1582.7573485000758, value=0, duration=None>
1582.8151 	EXP 	Device response: <KeyPress from None: t=1582.7573485000758, value=0, duration=0.04842854093294591>
1582.8813 	EXP 	Device response: <KeyPress from None: t=1582.8784220410744, value=0, duration=None>
1582.8840 	DATA 	Keypress: 0
1582.9377 	EXP 	Device response: <KeyPress from None: t=1582.8784220410744, value=0, duration=0.056288041989319026>
1583.3809 	DATA 	Mouse: Left button down, pos=(774,198)
1583.3818 	EXP 	New trial (rep=19, index=3): <Trial 231 (3 in rep 19) data={'delay': 0.7, 'freq': 1000.0, 'conditions': 'exp', 'thisN': 231, 'thisTrialN': 3, 'thisRepN': 19}>
1583.3852 	EXP 	text: autoDraw = False
1583.3852 	EXP 	textbox: autoDraw = False
1583.3852 	EXP 	fixation: autoDraw = True
1583.4344 	DATA 	Mouse:  Left button up, pos=(774,198)
1584.3714 	INFO 	Keyboard events cleared
1584.3713 	EXP 	polygon: autoDraw = True
1584.3815 	EXP 	fixation: autoDraw = False
1585.0833 	EXP 	Device response: <KeyPress from None: t=1585.0792187910993, value=space, duration=None>
1585.0907 	DATA 	Keypress: space
1585.0957 	EXP 	fixation: autoDraw = False
1585.0957 	EXP 	polygon: autoDraw = False
1585.1160 	EXP 	Device response: <KeyPress from None: t=1585.0792187910993, value=space, duration=0.03248370892833918>
1585.7705 	EXP 	Sound sound_1 reached end of file
1585.7870 	EXP 	Playing sound sound_1 on speaker Nirvana Crystl
1586.2209 	EXP 	Sound sound_1 stopped
1586.2410 	EXP 	text: autoDraw = True
1586.2410 	EXP 	textbox: autoDraw = True
1586.9728 	DATA 	Keypress: 7
1586.9738 	EXP 	Device response: <KeyPress from None: t=1586.9672683750978, value=7, duration=None>
1587.0380 	EXP 	Device response: <KeyPress from None: t=1586.9672683750978, value=7, duration=0.06842695793602616>
1588.0975 	EXP 	Device response: <KeyPress from None: t=1588.0933407500852, value=backspace, duration=None>
1588.0999 	DATA 	Keypress: backspace
1588.1810 	EXP 	Device response: <KeyPress from None: t=1588.0933407500852, value=backspace, duration=0.08515245793387294>
1588.5397 	DATA 	Keypress: 6
1588.5408 	EXP 	Device response: <KeyPress from None: t=1588.533337791101, value=6, duration=None>
1588.6310 	EXP 	Device response: <KeyPress from None: t=1588.533337791101, value=6, duration=0.09623483393806964>
1588.7153 	DATA 	Keypress: 0
1588.7162 	EXP 	Device response: <KeyPress from None: t=1588.705277208006, value=0, duration=None>
1588.7547 	EXP 	Device response: <KeyPress from None: t=1588.705277208006, value=0, duration=0.04832854203414172>
1588.8312 	EXP 	Device response: <KeyPress from None: t=1588.8268485410372, value=0, duration=None>
1588.8339 	DATA 	Keypress: 0
1588.8879 	EXP 	Device response: <KeyPress from None: t=1588.8268485410372, value=0, duration=0.05967054201755673>
1589.2401 	DATA 	Mouse: Left button down, pos=(774,198)
1589.2474 	EXP 	New trial (rep=19, index=4): <Trial 232 (4 in rep 19) data={'delay': 0.4, 'freq': 400.0, 'conditions': 'unexp', 'thisN': 232, 'thisTrialN': 4, 'thisRepN': 19}>
1589.2506 	EXP 	text: autoDraw = False
1589.2506 	EXP 	textbox: autoDraw = False
1589.2506 	EXP 	fixation: autoDraw = True
1589.3652 	DATA 	Mouse:  Left button up, pos=(774,198)
1590.2380 	INFO 	Keyboard events cleared
1590.2379 	EXP 	polygon: autoDraw = True
1590.2484 	EXP 	fixation: autoDraw = False
1591.0499 	EXP 	Device response: <KeyPress from None: t=1591.0433842500206, value=space, duration=None>
1591.0575 	DATA 	Keypress: space
1591.0625 	EXP 	fixation: autoDraw = False
1591.0625 	EXP 	polygon: autoDraw = False
1591.1046 	EXP 	Device response: <KeyPress from None: t=1591.0433842500206, value=space, duration=0.060195333091542125>
1591.4373 	EXP 	Sound sound_1 reached end of file
1591.4537 	EXP 	Playing sound sound_1 on speaker Nirvana Crystl
1591.8876 	EXP 	Sound sound_1 stopped
1591.9063 	EXP 	text: autoDraw = True
1591.9063 	EXP 	textbox: autoDraw = True
1593.1307 	EXP 	Device response: <KeyPress from None: t=1593.1251946660923, value=5, duration=None>
1593.1345 	DATA 	Keypress: 5
1593.1885 	EXP 	Device response: <KeyPress from None: t=1593.1251946660923, value=5, duration=0.05633216700516641>
1593.5649 	DATA 	Keypress: 0
1593.5659 	EXP 	Device response: <KeyPress from None: t=1593.5581709580729, value=0, duration=None>
1593.6222 	EXP 	Device response: <KeyPress from None: t=1593.5581709580729, value=0, duration=0.060374374967068434>
1593.6810 	EXP 	Device response: <KeyPress from None: t=1593.6790943330852, value=0, duration=None>
1593.6853 	DATA 	Keypress: 0
1593.7382 	EXP 	Device response: <KeyPress from None: t=1593.6790943330852, value=0, duration=0.05635166692081839>
1594.5886 	DATA 	Keypress: space
1594.5897 	EXP 	Device response: <KeyPress from None: t=1594.5831726250472, value=space, duration=None>
1594.6312 	EXP 	Device response: <KeyPress from None: t=1594.5831726250472, value=space, duration=0.04417949996422976>
1595.4210 	DATA 	Mouse: Left button down, pos=(774,198)
1595.4219 	EXP 	New trial (rep=19, index=5): <Trial 233 (5 in rep 19) data={'delay': 0.1, 'freq': 1000.0, 'conditions': 'exp', 'thisN': 233, 'thisTrialN': 5, 'thisRepN': 19}>
1595.4306 	EXP 	text: autoDraw = False
1595.4306 	EXP 	textbox: autoDraw = False
1595.4306 	EXP 	fixation: autoDraw = True
1595.5653 	DATA 	Mouse:  Left button up, pos=(774,198)
1596.4212 	INFO 	Keyboard events cleared
1596.4211 	EXP 	fixation: autoDraw = False
1596.4211 	EXP 	polygon: autoDraw = True
1597.7997 	EXP 	Device response: <KeyPress from None: t=1597.7950673330342, value=space, duration=None>
1597.8082 	DATA 	Keypress: space
1597.8134 	EXP 	fixation: autoDraw = False
1597.8134 	EXP 	polygon: autoDraw = False
1597.8666 	EXP 	Device response: <KeyPress from None: t=1597.7950673330342, value=space, duration=0.06434649997390807>
1597.8863 	EXP 	Sound sound_1 reached end of file
1597.9027 	EXP 	Playing sound sound_1 on speaker Nirvana Crystl
1598.3374 	EXP 	Sound sound_1 stopped
1598.3579 	EXP 	text: autoDraw = True
1598.3579 	EXP 	textbox: autoDraw = True
1599.6549 	EXP 	Device response: <KeyPress from None: t=1599.654057500069, value=3, duration=None>
1599.6590 	DATA 	Keypress: 3
1599.7309 	EXP 	Device response: <KeyPress from None: t=1599.654057500069, value=3, duration=0.07620604103431106>
1600.0387 	DATA 	Keypress: 0
1600.0398 	EXP 	Device response: <KeyPress from None: t=1600.0320028330898, value=0, duration=None>
1600.0979 	EXP 	Device response: <KeyPress from None: t=1600.0320028330898, value=0, duration=0.056298207957297564>
1600.1645 	EXP 	Device response: <KeyPress from None: t=1600.1610890410375, value=0, duration=None>
1600.1673 	DATA 	Keypress: 0
1600.2305 	EXP 	Device response: <KeyPress from None: t=1600.1610890410375, value=0, duration=0.06026404199656099>
1600.7659 	DATA 	Mouse: Left button down, pos=(773,209)
1600.7723 	EXP 	New trial (rep=19, index=6): <Trial 234 (6 in rep 19) data={'delay': 0.1, 'freq': 1000.0, 'conditions': 'exp', 'thisN': 234, 'thisTrialN': 6, 'thisRepN': 19}>
1600.7800 	EXP 	text: autoDraw = False
1600.7800 	EXP 	textbox: autoDraw = False
1600.7800 	EXP 	fixation: autoDraw = True
1600.8817 	DATA 	Mouse:  Left button up, pos=(773,209)
1601.7710 	INFO 	Keyboard events cleared
1601.7709 	EXP 	fixation: autoDraw = False
1601.7709 	EXP 	polygon: autoDraw = True
1602.2997 	EXP 	Device response: <KeyPress from None: t=1602.2919287910918, value=space, duration=None>
1602.3077 	DATA 	Keypress: space
1602.3129 	EXP 	fixation: autoDraw = False
1602.3129 	EXP 	polygon: autoDraw = False
1602.3491 	EXP 	Device response: <KeyPress from None: t=1602.2919287910918, value=space, duration=0.04842933395411819>
1602.3872 	EXP 	Sound sound_1 reached end of file
1602.4035 	EXP 	Playing sound sound_1 on speaker Nirvana Crystl
1602.8374 	EXP 	Sound sound_1 stopped
1602.8581 	EXP 	text: autoDraw = True
1602.8581 	EXP 	textbox: autoDraw = True
1605.3941 	DATA 	Keypress: 1
1605.3997 	EXP 	Device response: <KeyPress from None: t=1605.3888369160704, value=1, duration=None>
1605.4881 	EXP 	Device response: <KeyPress from None: t=1605.3888369160704, value=1, duration=0.09631958394311368>
1605.6250 	DATA 	Keypress: 0
1605.6306 	EXP 	Device response: <KeyPress from None: t=1605.6208039580379, value=0, duration=None>
1605.6885 	EXP 	Device response: <KeyPress from None: t=1605.6208039580379, value=0, duration=0.06049087503924966>
1605.7651 	DATA 	Keypress: 0
1605.7660 	EXP 	Device response: <KeyPress from None: t=1605.7559330000076, value=0, duration=None>
1605.8215 	EXP 	Device response: <KeyPress from None: t=1605.7559330000076, value=0, duration=0.0601498750038445>
1606.1306 	DATA 	Mouse: Left button down, pos=(773,209)
1606.1315 	EXP 	New trial (rep=19, index=7): <Trial 235 (7 in rep 19) data={'delay': 0.4, 'freq': 1000.0, 'conditions': 'exp', 'thisN': 235, 'thisTrialN': 7, 'thisRepN': 19}>
1606.1350 	EXP 	text: autoDraw = False
1606.1350 	EXP 	textbox: autoDraw = False
1606.1350 	EXP 	fixation: autoDraw = True
1606.2014 	DATA 	Mouse:  Left button up, pos=(773,209)
1606.7218 	EXP 	Device response: <KeyPress from None: t=1606.7179553330643, value=space, duration=None>
1606.7274 	DATA 	Keypress: space
1606.7823 	EXP 	Device response: <KeyPress from None: t=1606.7179553330643, value=space, duration=0.05637899995781481>
1607.1218 	INFO 	Keyboard events cleared
1607.1216 	EXP 	polygon: autoDraw = True
1607.1314 	EXP 	fixation: autoDraw = False
1607.5389 	EXP 	Device response: <KeyPress from None: t=1607.5327616661089, value=space, duration=None>
1607.5459 	DATA 	Keypress: space
1607.5506 	EXP 	fixation: autoDraw = False
1607.5506 	EXP 	polygon: autoDraw = False
1607.5822 	EXP 	Device response: <KeyPress from None: t=1607.5327616661089, value=space, duration=0.048439124948345125>
1607.9318 	EXP 	Sound sound_1 reached end of file
1607.9482 	EXP 	Playing sound sound_1 on speaker Nirvana Crystl
1608.3828 	EXP 	Sound sound_1 stopped
1608.4022 	EXP 	text: autoDraw = True
1608.4022 	EXP 	textbox: autoDraw = True
1609.2063 	DATA 	Keypress: 4
1609.2074 	EXP 	Device response: <KeyPress from None: t=1609.1997087500058, value=4, duration=None>
1609.2808 	EXP 	Device response: <KeyPress from None: t=1609.1997087500058, value=4, duration=0.08033187501132488>
1609.4880 	EXP 	Device response: <KeyPress from None: t=1609.484809625079, value=0, duration=None>
1609.4909 	DATA 	Keypress: 0
1609.5377 	EXP 	Device response: <KeyPress from None: t=1609.484809625079, value=0, duration=0.05226570798549801>
1609.6143 	EXP 	Device response: <KeyPress from None: t=1609.6118250410073, value=0, duration=None>
1609.6172 	DATA 	Keypress: 0
1609.6814 	EXP 	Device response: <KeyPress from None: t=1609.6118250410073, value=0, duration=0.06023037503473461>
1610.0378 	DATA 	Mouse: Left button down, pos=(773,209)
1610.1473 	DATA 	Mouse:  Left button up, pos=(773,209)
1610.4581 	DATA 	Mouse: Left button down, pos=(773,209)
1610.4591 	EXP 	New trial (rep=19, index=8): <Trial 236 (8 in rep 19) data={'delay': 0.4, 'freq': 1000.0, 'conditions': 'exp', 'thisN': 236, 'thisTrialN': 8, 'thisRepN': 19}>
1610.4632 	EXP 	text: autoDraw = False
1610.4632 	EXP 	textbox: autoDraw = False
1610.4632 	EXP 	fixation: autoDraw = True
1610.5986 	DATA 	Mouse:  Left button up, pos=(773,209)
1611.4536 	INFO 	Keyboard events cleared
1611.4535 	EXP 	fixation: autoDraw = False
1611.4535 	EXP 	polygon: autoDraw = True
1611.9383 	EXP 	Device response: <KeyPress from None: t=1611.9317688330775, value=space, duration=None>
1611.9456 	DATA 	Keypress: space
1611.9506 	EXP 	fixation: autoDraw = False
1611.9506 	EXP 	polygon: autoDraw = False
1611.9860 	EXP 	Device response: <KeyPress from None: t=1611.9317688330775, value=space, duration=0.052556667011231184>
1612.3318 	EXP 	Sound sound_1 reached end of file
1612.3481 	EXP 	Playing sound sound_1 on speaker Nirvana Crystl
1612.7825 	EXP 	Sound sound_1 stopped
1612.8022 	EXP 	text: autoDraw = True
1612.8022 	EXP 	textbox: autoDraw = True
1613.4393 	DATA 	Keypress: 3
1613.4404 	EXP 	Device response: <KeyPress from None: t=1613.4336107081035, value=3, duration=None>
1613.5315 	EXP 	Device response: <KeyPress from None: t=1613.4336107081035, value=3, duration=0.0883992079179734>
1613.7647 	DATA 	Keypress: 0
1613.7657 	EXP 	Device response: <KeyPress from None: t=1613.7572030411102, value=0, duration=None>
1613.8150 	EXP 	Device response: <KeyPress from None: t=1613.7572030411102, value=0, duration=0.05190783389844>
1613.8881 	DATA 	Keypress: 0
1613.8891 	EXP 	Device response: <KeyPress from None: t=1613.8835935000097, value=0, duration=None>
1613.9547 	EXP 	Device response: <KeyPress from None: t=1613.8835935000097, value=0, duration=0.06444258301053196>
1616.0235 	DATA 	Mouse: Left button down, pos=(764,161)
1616.0308 	EXP 	New trial (rep=19, index=9): <Trial 237 (9 in rep 19) data={'delay': 0.1, 'freq': 1000.0, 'conditions': 'exp', 'thisN': 237, 'thisTrialN': 9, 'thisRepN': 19}>
1616.0339 	EXP 	text: autoDraw = False
1616.0339 	EXP 	textbox: autoDraw = False
1616.0339 	EXP 	fixation: autoDraw = True
1616.2215 	DATA 	Mouse:  Left button up, pos=(764,161)
1617.0204 	INFO 	Keyboard events cleared
1617.0203 	EXP 	polygon: autoDraw = True
1617.0315 	EXP 	fixation: autoDraw = False
1617.3329 	EXP 	Device response: <KeyPress from None: t=1617.3296765410341, value=space, duration=None>
1617.3408 	DATA 	Keypress: space
1617.3459 	EXP 	fixation: autoDraw = False
1617.3459 	EXP 	polygon: autoDraw = False
1617.3995 	EXP 	Device response: <KeyPress from None: t=1617.3296765410341, value=space, duration=0.06431008398067206>
1617.4186 	EXP 	Sound sound_1 reached end of file
1617.4350 	EXP 	Playing sound sound_1 on speaker Nirvana Crystl
1617.8695 	EXP 	Sound sound_1 stopped
1617.8884 	EXP 	text: autoDraw = True
1617.8884 	EXP 	textbox: autoDraw = True
1618.5389 	DATA 	Keypress: 2
1618.5401 	EXP 	Device response: <KeyPress from None: t=1618.533621291048, value=2, duration=None>
1618.6143 	EXP 	Device response: <KeyPress from None: t=1618.533621291048, value=2, duration=0.07636679196730256>
1618.8052 	DATA 	Keypress: 0
1618.8061 	EXP 	Device response: <KeyPress from None: t=1618.8007782910718, value=0, duration=None>
1618.8547 	EXP 	Device response: <KeyPress from None: t=1618.8007782910718, value=0, duration=0.04864499997347593>
1618.9139 	EXP 	Device response: <KeyPress from None: t=1618.911492583109, value=0, duration=None>
1618.9166 	DATA 	Keypress: 0
1618.9979 	EXP 	Device response: <KeyPress from None: t=1618.911492583109, value=0, duration=0.07631587493233383>
1619.4537 	DATA 	Mouse: Left button down, pos=(793,219)
1619.4546 	EXP 	New trial (rep=19, index=10): <Trial 238 (10 in rep 19) data={'delay': 0.7, 'freq': 1000.0, 'conditions': 'exp', 'thisN': 238, 'thisTrialN': 10, 'thisRepN': 19}>
1619.4631 	EXP 	text: autoDraw = False
1619.4631 	EXP 	textbox: autoDraw = False
1619.4631 	EXP 	fixation: autoDraw = True
1619.5984 	DATA 	Mouse:  Left button up, pos=(793,219)
1620.4482 	INFO 	Keyboard events cleared
1620.4480 	EXP 	polygon: autoDraw = True
1620.4543 	EXP 	fixation: autoDraw = False
1621.2327 	EXP 	Device response: <KeyPress from None: t=1621.2245851660846, value=space, duration=None>
1621.2400 	DATA 	Keypress: space
1621.2450 	EXP 	fixation: autoDraw = False
1621.2450 	EXP 	polygon: autoDraw = False
1621.3211 	EXP 	Device response: <KeyPress from None: t=1621.2245851660846, value=space, duration=0.09252412500791252>
1621.9203 	EXP 	Sound sound_1 reached end of file
1621.9367 	EXP 	Playing sound sound_1 on speaker Nirvana Crystl
1622.3714 	EXP 	Sound sound_1 stopped
1622.3912 	EXP 	text: autoDraw = True
1622.3912 	EXP 	textbox: autoDraw = True
1623.7473 	EXP 	Device response: <KeyPress from None: t=1623.743520500022, value=3, duration=None>
1623.7515 	DATA 	Keypress: 3
1623.8208 	EXP 	Device response: <KeyPress from None: t=1623.743520500022, value=3, duration=0.0761628330219537>
1624.1810 	EXP 	Device response: <KeyPress from None: t=1624.1764175000135, value=0, duration=None>
1624.1838 	DATA 	Keypress: 0
1624.2476 	EXP 	Device response: <KeyPress from None: t=1624.1764175000135, value=0, duration=0.06439183303155005>
1624.3145 	DATA 	Keypress: 0
1624.3154 	EXP 	Device response: <KeyPress from None: t=1624.3054327910068, value=0, duration=None>
1624.3714 	EXP 	Device response: <KeyPress from None: t=1624.3054327910068, value=0, duration=0.0644082500366494>
1624.7826 	DATA 	Mouse: Left button down, pos=(793,219)
1624.7889 	EXP 	New trial (rep=19, index=11): <Trial 239 (11 in rep 19) data={'delay': 0.1, 'freq': 400.0, 'conditions': 'unexp', 'thisN': 239, 'thisTrialN': 11, 'thisRepN': 19}>
1624.7968 	EXP 	text: autoDraw = False
1624.7968 	EXP 	textbox: autoDraw = False
1624.7968 	EXP 	fixation: autoDraw = True
1624.9310 	DATA 	Mouse:  Left button up, pos=(793,219)
1625.7877 	INFO 	Keyboard events cleared
1625.7876 	EXP 	fixation: autoDraw = False
1625.7876 	EXP 	polygon: autoDraw = True
1626.9832 	EXP 	Device response: <KeyPress from None: t=1626.9793221660657, value=space, duration=None>
1626.9910 	DATA 	Keypress: space
1626.9962 	EXP 	fixation: autoDraw = False
1626.9962 	EXP 	polygon: autoDraw = False
1627.0369 	EXP 	Device response: <KeyPress from None: t=1626.9793221660657, value=space, duration=0.05237049993593246>
1627.0695 	EXP 	Sound sound_1 reached end of file
1627.0858 	EXP 	Playing sound sound_1 on speaker Nirvana Crystl
1627.5206 	EXP 	Sound sound_1 stopped
1627.5403 	EXP 	text: autoDraw = True
1627.5403 	EXP 	textbox: autoDraw = True
1629.0141 	EXP 	Device response: <KeyPress from None: t=1629.0113566250075, value=3, duration=None>
1629.0180 	DATA 	Keypress: 3
1629.0981 	EXP 	Device response: <KeyPress from None: t=1629.0113566250075, value=3, duration=0.07629387499764562>
1629.3808 	EXP 	Device response: <KeyPress from None: t=1629.3802385000745, value=0, duration=None>
1629.3853 	DATA 	Keypress: 0
1629.4547 	EXP 	Device response: <KeyPress from None: t=1629.3802385000745, value=0, duration=0.06846600002609193>
1629.5304 	EXP 	Device response: <KeyPress from None: t=1629.5262257080758, value=0, duration=None>
1629.5332 	DATA 	Keypress: 0
1629.5879 	EXP 	Device response: <KeyPress from None: t=1629.5262257080758, value=0, duration=0.05635912495199591>
1630.0879 	DATA 	Mouse: Left button down, pos=(793,219)
1630.0888 	EXP 	New trial (rep=20, index=0): <Trial 240 (0 in rep 20) data={'delay': 0.1, 'freq': 1000.0, 'conditions': 'exp', 'thisN': 240, 'thisTrialN': 0, 'thisRepN': 20}>
1630.0971 	EXP 	text: autoDraw = False
1630.0971 	EXP 	textbox: autoDraw = False
1630.0971 	EXP 	fixation: autoDraw = True
1630.2348 	DATA 	Mouse:  Left button up, pos=(793,219)
1631.0877 	INFO 	Keyboard events cleared
1631.0875 	EXP 	fixation: autoDraw = False
1631.0875 	EXP 	polygon: autoDraw = True
1631.7830 	EXP 	Device response: <KeyPress from None: t=1631.771291708108, value=space, duration=None>
1631.7906 	DATA 	Keypress: space
1631.7956 	EXP 	fixation: autoDraw = False
1631.7956 	EXP 	polygon: autoDraw = False
1631.8155 	EXP 	Device response: <KeyPress from None: t=1631.771291708108, value=space, duration=0.03235716698691249>
1631.8703 	EXP 	Sound sound_1 reached end of file
1631.8867 	EXP 	Playing sound sound_1 on speaker Nirvana Crystl
1632.3203 	EXP 	Sound sound_1 stopped
1632.3397 	EXP 	text: autoDraw = True
1632.3397 	EXP 	textbox: autoDraw = True
1634.0687 	DATA 	Keypress: 2
1634.0735 	EXP 	Device response: <KeyPress from None: t=1634.063829000108, value=2, duration=None>
1634.1639 	EXP 	Device response: <KeyPress from None: t=1634.063829000108, value=2, duration=0.09562312497291714>
1634.2479 	DATA 	Keypress: 0
1634.2491 	EXP 	Device response: <KeyPress from None: t=1634.2391651250655, value=0, duration=None>
1634.2899 	EXP 	Device response: <KeyPress from None: t=1634.2391651250655, value=0, duration=0.044448790955357254>
1634.3647 	DATA 	Keypress: 0
1634.3659 	EXP 	Device response: <KeyPress from None: t=1634.3571164160967, value=0, duration=None>
1634.4225 	EXP 	Device response: <KeyPress from None: t=1634.3571164160967, value=0, duration=0.06444645894225687>
1634.8136 	DATA 	Mouse: Left button down, pos=(793,219)
1634.8146 	EXP 	New trial (rep=20, index=1): <Trial 241 (1 in rep 20) data={'delay': 0.7, 'freq': 1000.0, 'conditions': 'exp', 'thisN': 241, 'thisTrialN': 1, 'thisRepN': 20}>
1634.8183 	EXP 	text: autoDraw = False
1634.8183 	EXP 	textbox: autoDraw = False
1634.8183 	EXP 	fixation: autoDraw = True
1634.9815 	DATA 	Mouse:  Left button up, pos=(793,219)
1635.8035 	INFO 	Keyboard events cleared
1635.8034 	EXP 	polygon: autoDraw = True
1635.8145 	EXP 	fixation: autoDraw = False
1636.5829 	EXP 	Device response: <KeyPress from None: t=1636.5732440000866, value=space, duration=None>
1636.5904 	DATA 	Keypress: space
1636.5953 	EXP 	fixation: autoDraw = False
1636.5953 	EXP 	polygon: autoDraw = False
1636.6326 	EXP 	Device response: <KeyPress from None: t=1636.5732440000866, value=space, duration=0.05629854102153331>
1637.2689 	EXP 	Sound sound_1 reached end of file
1637.2854 	EXP 	Playing sound sound_1 on speaker Nirvana Crystl
1637.7199 	EXP 	Sound sound_1 stopped
1637.7398 	EXP 	text: autoDraw = True
1637.7398 	EXP 	textbox: autoDraw = True
1638.8973 	EXP 	Device response: <KeyPress from None: t=1638.8960831250297, value=2, duration=None>
1638.9011 	DATA 	Keypress: 2
1638.9814 	EXP 	Device response: <KeyPress from None: t=1638.8960831250297, value=2, duration=0.08032770804129541>
1639.2481 	DATA 	Keypress: 0
1639.2492 	EXP 	Device response: <KeyPress from None: t=1639.2396163330413, value=0, duration=None>
1639.3145 	EXP 	Device response: <KeyPress from None: t=1639.2396163330413, value=0, duration=0.06769820803310722>
1639.3808 	EXP 	Device response: <KeyPress from None: t=1639.3791238750564, value=0, duration=None>
1639.3851 	DATA 	Keypress: 0
1639.4379 	EXP 	Device response: <KeyPress from None: t=1639.3791238750564, value=0, duration=0.05633941595442593>
1640.2973 	DATA 	Mouse: Left button down, pos=(793,219)
1640.2982 	EXP 	New trial (rep=20, index=2): <Trial 242 (2 in rep 20) data={'delay': 0.4, 'freq': 400.0, 'conditions': 'unexp', 'thisN': 242, 'thisTrialN': 2, 'thisRepN': 20}>
1640.3015 	EXP 	text: autoDraw = False
1640.3015 	EXP 	textbox: autoDraw = False
1640.3015 	EXP 	fixation: autoDraw = True
1640.4831 	DATA 	Mouse:  Left button up, pos=(793,219)
1641.2885 	INFO 	Keyboard events cleared
1641.2883 	EXP 	polygon: autoDraw = True
1641.2977 	EXP 	fixation: autoDraw = False
1641.9716 	EXP 	Device response: <KeyPress from None: t=1641.968026000075, value=space, duration=None>
1641.9787 	DATA 	Keypress: space
1641.9836 	EXP 	fixation: autoDraw = False
1641.9836 	EXP 	polygon: autoDraw = False
1642.0545 	EXP 	Device response: <KeyPress from None: t=1641.968026000075, value=space, duration=0.08036258292850107>
1642.3649 	EXP 	Sound sound_1 reached end of file
1642.3812 	EXP 	Playing sound sound_1 on speaker Nirvana Crystl
1642.8148 	EXP 	Sound sound_1 stopped
1642.8337 	EXP 	text: autoDraw = True
1642.8337 	EXP 	textbox: autoDraw = True
1643.3061 	DATA 	Keypress: 4
1643.3072 	EXP 	Device response: <KeyPress from None: t=1643.2999502080493, value=4, duration=None>
1643.4146 	EXP 	Device response: <KeyPress from None: t=1643.2999502080493, value=4, duration=0.1083971670595929>
1643.6147 	DATA 	Keypress: 0
1643.6157 	EXP 	Device response: <KeyPress from None: t=1643.609045875026, value=0, duration=None>
1643.6642 	EXP 	Device response: <KeyPress from None: t=1643.609045875026, value=0, duration=0.05227091605775058>
1643.7252 	DATA 	Keypress: 0
1643.7307 	EXP 	Device response: <KeyPress from None: t=1643.720932666096, value=0, duration=None>
1643.7979 	EXP 	Device response: <KeyPress from None: t=1643.720932666096, value=0, duration=0.06840045901481062>
1644.1474 	DATA 	Mouse: Left button down, pos=(793,219)
1644.1483 	EXP 	New trial (rep=20, index=3): <Trial 243 (3 in rep 20) data={'delay': 0.4, 'freq': 1000.0, 'conditions': 'exp', 'thisN': 243, 'thisTrialN': 3, 'thisRepN': 20}>
1644.1516 	EXP 	text: autoDraw = False
1644.1516 	EXP 	textbox: autoDraw = False
1644.1516 	EXP 	fixation: autoDraw = True
1644.3163 	DATA 	Mouse:  Left button up, pos=(793,219)
1645.1378 	INFO 	Keyboard events cleared
1645.1376 	EXP 	polygon: autoDraw = True
1645.1481 	EXP 	fixation: autoDraw = False
1645.6156 	EXP 	Device response: <KeyPress from None: t=1645.6090138331056, value=space, duration=None>
1645.6231 	DATA 	Keypress: space
1645.6281 	EXP 	fixation: autoDraw = False
1645.6281 	EXP 	polygon: autoDraw = False
1645.6822 	EXP 	Device response: <KeyPress from None: t=1645.6090138331056, value=space, duration=0.06433258298784494>
1646.0037 	EXP 	Sound sound_1 reached end of file
1646.0202 	EXP 	Playing sound sound_1 on speaker Nirvana Crystl
1646.4537 	EXP 	Sound sound_1 stopped
1646.4738 	EXP 	text: autoDraw = True
1646.4738 	EXP 	textbox: autoDraw = True
1647.2226 	DATA 	Keypress: 3
1647.2235 	EXP 	Device response: <KeyPress from None: t=1647.2178877500119, value=3, duration=None>
1647.2971 	EXP 	Device response: <KeyPress from None: t=1647.2178877500119, value=3, duration=0.07642625004518777>
1647.4969 	EXP 	Device response: <KeyPress from None: t=1647.4939360830467, value=0, duration=None>
1647.4999 	DATA 	Keypress: 0
1647.5639 	EXP 	Device response: <KeyPress from None: t=1647.4939360830467, value=0, duration=0.06023629195988178>
1647.6307 	EXP 	Device response: <KeyPress from None: t=1647.6259426660836, value=0, duration=None>
1647.6336 	DATA 	Keypress: 0
1647.6884 	EXP 	Device response: <KeyPress from None: t=1647.6259426660836, value=0, duration=0.05631058395374566>
1648.0671 	DATA 	Mouse: Left button down, pos=(793,219)
1648.0723 	EXP 	New trial (rep=20, index=4): <Trial 244 (4 in rep 20) data={'delay': 0.1, 'freq': 400.0, 'conditions': 'unexp', 'thisN': 244, 'thisTrialN': 4, 'thisRepN': 20}>
1648.0806 	EXP 	text: autoDraw = False
1648.0806 	EXP 	textbox: autoDraw = False
1648.0806 	EXP 	fixation: autoDraw = True
1648.1982 	DATA 	Mouse:  Left button up, pos=(793,219)
1649.0701 	INFO 	Keyboard events cleared
1649.0699 	EXP 	fixation: autoDraw = False
1649.0699 	EXP 	polygon: autoDraw = True
1649.4993 	EXP 	Device response: <KeyPress from None: t=1649.4958944580285, value=space, duration=None>
1649.5065 	DATA 	Keypress: space
1649.5115 	EXP 	fixation: autoDraw = False
1649.5115 	EXP 	polygon: autoDraw = False
1649.5826 	EXP 	Device response: <KeyPress from None: t=1649.4958944580285, value=space, duration=0.0762347080744803>
1649.5898 	EXP 	Sound sound_1 reached end of file
1649.6062 	EXP 	Playing sound sound_1 on speaker Nirvana Crystl
1650.0409 	EXP 	Sound sound_1 stopped
1650.0599 	EXP 	text: autoDraw = True
1650.0599 	EXP 	textbox: autoDraw = True
1650.7712 	EXP 	Device response: <KeyPress from None: t=1650.7688894160092, value=1, duration=None>
1650.7754 	DATA 	Keypress: 1
1650.8883 	EXP 	Device response: <KeyPress from None: t=1650.7688894160092, value=1, duration=0.11224775004666299>
1651.0471 	EXP 	Device response: <KeyPress from None: t=1651.044781750068, value=0, duration=None>
1651.0499 	DATA 	Keypress: 0
1651.1304 	EXP 	Device response: <KeyPress from None: t=1651.044781750068, value=0, duration=0.08439862495288253>
1651.2048 	EXP 	Device response: <KeyPress from None: t=1651.2018166660564, value=0, duration=None>
1651.2078 	DATA 	Keypress: 0
1651.2635 	EXP 	Device response: <KeyPress from None: t=1651.2018166660564, value=0, duration=0.05631704197730869>
1651.6557 	DATA 	Mouse: Left button down, pos=(793,219)
1651.6635 	EXP 	New trial (rep=20, index=5): <Trial 245 (5 in rep 20) data={'delay': 0.4, 'freq': 1000.0, 'conditions': 'exp', 'thisN': 245, 'thisTrialN': 5, 'thisRepN': 20}>
1651.6666 	EXP 	text: autoDraw = False
1651.6666 	EXP 	textbox: autoDraw = False
1651.6666 	EXP 	fixation: autoDraw = True
1651.7845 	DATA 	Mouse:  Left button up, pos=(793,219)
1652.6545 	INFO 	Keyboard events cleared
1652.6543 	EXP 	polygon: autoDraw = True
1652.6645 	EXP 	fixation: autoDraw = False
1653.0160 	EXP 	Device response: <KeyPress from None: t=1653.0087038330967, value=space, duration=None>
1653.0229 	DATA 	Keypress: space
1653.0279 	EXP 	fixation: autoDraw = False
1653.0279 	EXP 	polygon: autoDraw = False
1653.1044 	EXP 	Device response: <KeyPress from None: t=1653.0087038330967, value=space, duration=0.09242100000847131>
1653.4036 	EXP 	Sound sound_1 reached end of file
1653.4199 	EXP 	Playing sound sound_1 on speaker Nirvana Crystl
1653.8540 	EXP 	Sound sound_1 stopped
1653.8730 	EXP 	text: autoDraw = True
1653.8730 	EXP 	textbox: autoDraw = True
1654.7137 	EXP 	Device response: <KeyPress from None: t=1654.7077813750366, value=1, duration=None>
1654.7180 	DATA 	Keypress: 1
1654.8213 	EXP 	Device response: <KeyPress from None: t=1654.7077813750366, value=1, duration=0.10822220798581839>
1655.0145 	EXP 	Device response: <KeyPress from None: t=1655.0116961660096, value=0, duration=None>
1655.0176 	DATA 	Keypress: 0
1655.0710 	EXP 	Device response: <KeyPress from None: t=1655.0116961660096, value=0, duration=0.05234925006516278>
1655.1480 	DATA 	Keypress: 0
1655.1490 	EXP 	Device response: <KeyPress from None: t=1655.1407138330396, value=0, duration=None>
1655.1972 	EXP 	Device response: <KeyPress from None: t=1655.1407138330396, value=0, duration=0.052421375061385334>
1655.5306 	DATA 	Mouse: Left button down, pos=(793,219)
1655.5315 	EXP 	New trial (rep=20, index=6): <Trial 246 (6 in rep 20) data={'delay': 0.7, 'freq': 400.0, 'conditions': 'unexp', 'thisN': 246, 'thisTrialN': 6, 'thisRepN': 20}>
1655.5348 	EXP 	text: autoDraw = False
1655.5348 	EXP 	textbox: autoDraw = False
1655.5348 	EXP 	fixation: autoDraw = True
1655.6645 	DATA 	Mouse:  Left button up, pos=(793,219)
1656.5211 	INFO 	Keyboard events cleared
1656.5209 	EXP 	polygon: autoDraw = True
1656.5312 	EXP 	fixation: autoDraw = False
1657.0155 	EXP 	Device response: <KeyPress from None: t=1657.0116837500827, value=space, duration=None>
1657.0224 	DATA 	Keypress: space
1657.0274 	EXP 	fixation: autoDraw = False
1657.0274 	EXP 	polygon: autoDraw = False
1657.0992 	EXP 	Device response: <KeyPress from None: t=1657.0116837500827, value=space, duration=0.07634220796171576>
1657.7036 	EXP 	Sound sound_1 reached end of file
1657.7200 	EXP 	Playing sound sound_1 on speaker Nirvana Crystl
1658.1538 	EXP 	Sound sound_1 stopped
1658.1741 	EXP 	text: autoDraw = True
1658.1741 	EXP 	textbox: autoDraw = True
1658.5472 	EXP 	Device response: <KeyPress from None: t=1658.546524083009, value=6, duration=None>
1658.5513 	DATA 	Keypress: 6
1658.6213 	EXP 	Device response: <KeyPress from None: t=1658.546524083009, value=6, duration=0.06844741699751467>
1658.8638 	EXP 	Device response: <KeyPress from None: t=1658.860595666105, value=0, duration=None>
1658.8665 	DATA 	Keypress: 0
1658.9473 	EXP 	Device response: <KeyPress from None: t=1658.860595666105, value=0, duration=0.08434574992861599>
1659.0247 	DATA 	Keypress: 0
1659.0301 	EXP 	Device response: <KeyPress from None: t=1659.0207037910586, value=0, duration=None>
1659.0973 	EXP 	Device response: <KeyPress from None: t=1659.0207037910586, value=0, duration=0.07615558395627886>
1659.4972 	DATA 	Mouse: Left button down, pos=(793,219)
1659.4981 	EXP 	New trial (rep=20, index=7): <Trial 247 (7 in rep 20) data={'delay': 0.7, 'freq': 1000.0, 'conditions': 'exp', 'thisN': 247, 'thisTrialN': 7, 'thisRepN': 20}>
1659.5015 	EXP 	text: autoDraw = False
1659.5015 	EXP 	textbox: autoDraw = False
1659.5015 	EXP 	fixation: autoDraw = True
1659.6482 	DATA 	Mouse:  Left button up, pos=(793,219)
1660.4868 	INFO 	Keyboard events cleared
1660.4866 	EXP 	polygon: autoDraw = True
1660.4977 	EXP 	fixation: autoDraw = False
1661.1324 	EXP 	Device response: <KeyPress from None: t=1661.1306105410913, value=space, duration=None>
1661.1399 	DATA 	Keypress: space
1661.1449 	EXP 	fixation: autoDraw = False
1661.1449 	EXP 	polygon: autoDraw = False
1661.1867 	EXP 	Device response: <KeyPress from None: t=1661.1306105410913, value=space, duration=0.05234212498180568>
1661.8199 	EXP 	Sound sound_1 reached end of file
1661.8363 	EXP 	Playing sound sound_1 on speaker Nirvana Crystl
1662.2710 	EXP 	Sound sound_1 stopped
1662.2905 	EXP 	text: autoDraw = True
1662.2905 	EXP 	textbox: autoDraw = True
1663.0211 	EXP 	Device response: <KeyPress from None: t=1663.0174493330996, value=5, duration=None>
1663.0250 	DATA 	Keypress: 5
1663.0807 	EXP 	Device response: <KeyPress from None: t=1663.0174493330996, value=5, duration=0.060573166934773326>
1663.4208 	EXP 	Device response: <KeyPress from None: t=1663.4194557910087, value=0, duration=None>
1663.4237 	DATA 	Keypress: 0
1663.4873 	EXP 	Device response: <KeyPress from None: t=1663.4194557910087, value=0, duration=0.06438062503002584>
1663.5373 	EXP 	Device response: <KeyPress from None: t=1663.5364866660675, value=0, duration=None>
1663.5401 	DATA 	Keypress: 0
1663.5971 	EXP 	Device response: <KeyPress from None: t=1663.5364866660675, value=0, duration=0.06027154193725437>
1663.9539 	DATA 	Mouse: Left button down, pos=(793,219)
1663.9548 	EXP 	New trial (rep=20, index=8): <Trial 248 (8 in rep 20) data={'delay': 0.1, 'freq': 1000.0, 'conditions': 'exp', 'thisN': 248, 'thisTrialN': 8, 'thisRepN': 20}>
1663.9630 	EXP 	text: autoDraw = False
1663.9630 	EXP 	textbox: autoDraw = False
1663.9630 	EXP 	fixation: autoDraw = True
1664.1178 	DATA 	Mouse:  Left button up, pos=(793,219)
1664.9540 	INFO 	Keyboard events cleared
1664.9538 	EXP 	fixation: autoDraw = False
1664.9538 	EXP 	polygon: autoDraw = True
1665.9382 	EXP 	Device response: <KeyPress from None: t=1665.9313674160512, value=space, duration=None>
1665.9448 	DATA 	Keypress: space
1665.9500 	EXP 	fixation: autoDraw = False
1665.9500 	EXP 	polygon: autoDraw = False
1666.0043 	EXP 	Device response: <KeyPress from None: t=1665.9313674160512, value=space, duration=0.06833508401177824>
1666.0315 	EXP 	Sound sound_1 reached end of file
1666.0478 	EXP 	Playing sound sound_1 on speaker Nirvana Crystl
1666.4822 	EXP 	Sound sound_1 stopped
1666.5025 	EXP 	text: autoDraw = True
1666.5025 	EXP 	textbox: autoDraw = True
1667.2880 	EXP 	Device response: <KeyPress from None: t=1667.287379541085, value=1, duration=None>
1667.2922 	DATA 	Keypress: 1
1667.3803 	EXP 	Device response: <KeyPress from None: t=1667.287379541085, value=1, duration=0.09226075001060963>
1667.6053 	DATA 	Keypress: 0
1667.6063 	EXP 	Device response: <KeyPress from None: t=1667.6004450001055, value=0, duration=None>
1667.6540 	EXP 	Device response: <KeyPress from None: t=1667.6004450001055, value=0, duration=0.052213040995411575>
1667.7216 	DATA 	Keypress: 0
1667.7225 	EXP 	Device response: <KeyPress from None: t=1667.7144285000395, value=0, duration=None>
1667.7872 	EXP 	Device response: <KeyPress from None: t=1667.7144285000395, value=0, duration=0.07223245804198086>
1668.1650 	DATA 	Mouse: Left button down, pos=(793,219)
1668.1720 	EXP 	New trial (rep=20, index=9): <Trial 249 (9 in rep 20) data={'delay': 0.1, 'freq': 1000.0, 'conditions': 'exp', 'thisN': 249, 'thisTrialN': 9, 'thisRepN': 20}>
1668.1804 	EXP 	text: autoDraw = False
1668.1804 	EXP 	textbox: autoDraw = False
1668.1804 	EXP 	fixation: autoDraw = True
1668.3148 	DATA 	Mouse:  Left button up, pos=(793,219)
1669.1704 	INFO 	Keyboard events cleared
1669.1703 	EXP 	fixation: autoDraw = False
1669.1703 	EXP 	polygon: autoDraw = True
1670.3324 	EXP 	Device response: <KeyPress from None: t=1670.3234404160175, value=space, duration=None>
1670.3400 	DATA 	Keypress: space
1670.3452 	EXP 	fixation: autoDraw = False
1670.3452 	EXP 	polygon: autoDraw = False
1670.3989 	EXP 	Device response: <KeyPress from None: t=1670.3234404160175, value=space, duration=0.06430370907764882>
1670.4201 	EXP 	Sound sound_1 reached end of file
1670.4365 	EXP 	Playing sound sound_1 on speaker Nirvana Crystl
1670.8710 	EXP 	Sound sound_1 stopped
1670.8901 	EXP 	text: autoDraw = True
1670.8901 	EXP 	textbox: autoDraw = True
1672.1637 	EXP 	Device response: <KeyPress from None: t=1672.1603642500704, value=3, duration=None>
1672.1676 	DATA 	Keypress: 3
1672.2379 	EXP 	Device response: <KeyPress from None: t=1672.1603642500704, value=3, duration=0.07230758294463158>
1672.4480 	DATA 	Keypress: 0
1672.4490 	EXP 	Device response: <KeyPress from None: t=1672.4392300411128, value=0, duration=None>
1672.5134 	EXP 	Device response: <KeyPress from None: t=1672.4392300411128, value=0, duration=0.06435345893260092>
1672.5706 	EXP 	Device response: <KeyPress from None: t=1672.5682959581027, value=0, duration=None>
1672.5735 	DATA 	Keypress: 0
1672.6373 	EXP 	Device response: <KeyPress from None: t=1672.5682959581027, value=0, duration=0.0683760829269886>
1672.9871 	DATA 	Mouse: Left button down, pos=(793,219)
1672.9880 	EXP 	New trial (rep=20, index=10): <Trial 250 (10 in rep 20) data={'delay': 0.7, 'freq': 1000.0, 'conditions': 'exp', 'thisN': 250, 'thisTrialN': 10, 'thisRepN': 20}>
1672.9966 	EXP 	text: autoDraw = False
1672.9966 	EXP 	textbox: autoDraw = False
1672.9966 	EXP 	fixation: autoDraw = True
1673.1314 	DATA 	Mouse:  Left button up, pos=(793,219)
1673.9873 	INFO 	Keyboard events cleared
1673.9872 	EXP 	fixation: autoDraw = False
1673.9872 	EXP 	polygon: autoDraw = True
1676.0158 	EXP 	Device response: <KeyPress from None: t=1676.0122860410484, value=space, duration=None>
1676.0233 	DATA 	Keypress: space
1676.0284 	EXP 	fixation: autoDraw = False
1676.0284 	EXP 	polygon: autoDraw = False
1676.0657 	EXP 	Device response: <KeyPress from None: t=1676.0122860410484, value=space, duration=0.04834387497976422>
1676.7032 	EXP 	Sound sound_1 reached end of file
1676.7197 	EXP 	Playing sound sound_1 on speaker Nirvana Crystl
1677.1542 	EXP 	Sound sound_1 stopped
1677.1733 	EXP 	text: autoDraw = True
1677.1733 	EXP 	textbox: autoDraw = True
1679.0300 	EXP 	Device response: <KeyPress from None: t=1679.0241829160368, value=2, duration=None>
1679.0340 	DATA 	Keypress: 2
1679.1204 	EXP 	Device response: <KeyPress from None: t=1679.0241829160368, value=2, duration=0.09218533406965435>
1679.3976 	DATA 	Keypress: 0
1679.3986 	EXP 	Device response: <KeyPress from None: t=1679.3891843330348, value=0, duration=None>
1679.4547 	EXP 	Device response: <KeyPress from None: t=1679.3891843330348, value=0, duration=0.0603368750307709>
1679.5212 	DATA 	Keypress: 0
1679.5221 	EXP 	Device response: <KeyPress from None: t=1679.5152183750179, value=0, duration=None>
1679.5803 	EXP 	Device response: <KeyPress from None: t=1679.5152183750179, value=0, duration=0.06414941605180502>
1679.9671 	DATA 	Mouse: Left button down, pos=(793,219)
1679.9717 	EXP 	New trial (rep=20, index=11): <Trial 251 (11 in rep 20) data={'delay': 0.4, 'freq': 1000.0, 'conditions': 'exp', 'thisN': 251, 'thisTrialN': 11, 'thisRepN': 20}>
1679.9798 	EXP 	text: autoDraw = False
1679.9798 	EXP 	textbox: autoDraw = False
1679.9798 	EXP 	fixation: autoDraw = True
1680.1145 	DATA 	Mouse:  Left button up, pos=(793,219)
1680.9703 	INFO 	Keyboard events cleared
1680.9701 	EXP 	fixation: autoDraw = False
1680.9701 	EXP 	polygon: autoDraw = True
1681.6826 	EXP 	Device response: <KeyPress from None: t=1681.6780259580119, value=space, duration=None>
1681.6898 	DATA 	Keypress: space
1681.6949 	EXP 	fixation: autoDraw = False
1681.6949 	EXP 	polygon: autoDraw = False
1681.7318 	EXP 	Device response: <KeyPress from None: t=1681.6780259580119, value=space, duration=0.04873208305798471>
1682.0697 	EXP 	Sound sound_1 reached end of file
1682.0861 	EXP 	Playing sound sound_1 on speaker Nirvana Crystl
1682.5205 	EXP 	Sound sound_1 stopped
1682.5398 	EXP 	text: autoDraw = True
1682.5398 	EXP 	textbox: autoDraw = True
1683.0644 	DATA 	Keypress: 3
1683.0655 	EXP 	Device response: <KeyPress from None: t=1683.0569581660675, value=3, duration=None>
1683.1476 	EXP 	Device response: <KeyPress from None: t=1683.0569581660675, value=3, duration=0.08445579197723418>
1683.3212 	DATA 	Keypress: 0
1683.3222 	EXP 	Device response: <KeyPress from None: t=1683.314090166008, value=0, duration=None>
1683.3803 	EXP 	Device response: <KeyPress from None: t=1683.314090166008, value=0, duration=0.05625737505033612>
1683.4304 	EXP 	Device response: <KeyPress from None: t=1683.4300467080902, value=0, duration=None>
1683.4346 	DATA 	Keypress: 0
1683.5142 	EXP 	Device response: <KeyPress from None: t=1683.4300467080902, value=0, duration=0.07691616693045944>
1683.8471 	DATA 	Mouse: Left button down, pos=(793,219)
1683.9467 	DATA 	Mouse:  Left button up, pos=(793,219)
1684.4905 	DATA 	Mouse: Left button down, pos=(793,219)
1684.4967 	EXP 	New trial (rep=21, index=0): <Trial 252 (0 in rep 21) data={'delay': 0.7, 'freq': 1000.0, 'conditions': 'exp', 'thisN': 252, 'thisTrialN': 0, 'thisRepN': 21}>
1684.4999 	EXP 	text: autoDraw = False
1684.4999 	EXP 	textbox: autoDraw = False
1684.4999 	EXP 	fixation: autoDraw = True
1684.6312 	DATA 	Mouse:  Left button up, pos=(793,219)
1685.4881 	INFO 	Keyboard events cleared
1685.4880 	EXP 	polygon: autoDraw = True
1685.4974 	EXP 	fixation: autoDraw = False
1686.2658 	EXP 	Device response: <KeyPress from None: t=1686.2560136660468, value=space, duration=None>
1686.2734 	DATA 	Keypress: space
1686.2784 	EXP 	fixation: autoDraw = False
1686.2784 	EXP 	polygon: autoDraw = False
1686.3318 	EXP 	Device response: <KeyPress from None: t=1686.2560136660468, value=space, duration=0.06842604198027402>
1686.9539 	EXP 	Sound sound_1 reached end of file
1686.9698 	EXP 	Playing sound sound_1 on speaker Nirvana Crystl
1687.4050 	EXP 	Sound sound_1 stopped
1687.4247 	EXP 	text: autoDraw = True
1687.4247 	EXP 	textbox: autoDraw = True
1688.4631 	EXP 	Device response: <KeyPress from None: t=1688.4598602910992, value=3, duration=None>
1688.4673 	DATA 	Keypress: 3
1688.5544 	EXP 	Device response: <KeyPress from None: t=1688.4598602910992, value=3, duration=0.0884206669870764>
1689.6141 	DATA 	Keypress: backspace
1689.6149 	EXP 	Device response: <KeyPress from None: t=1689.606829041033, value=backspace, duration=None>
1689.6718 	EXP 	Device response: <KeyPress from None: t=1689.606829041033, value=backspace, duration=0.06443566700909287>
1690.0051 	DATA 	Keypress: 4
1690.0061 	EXP 	Device response: <KeyPress from None: t=1689.998954083072, value=4, duration=None>
1690.0970 	EXP 	Device response: <KeyPress from None: t=1689.998954083072, value=4, duration=0.08813912502955645>
1690.2880 	DATA 	Keypress: 0
1690.2890 	EXP 	Device response: <KeyPress from None: t=1690.2829600831028, value=0, duration=None>
1690.3375 	EXP 	Device response: <KeyPress from None: t=1690.2829600831028, value=0, duration=0.048269499908201396>
1690.3969 	EXP 	Device response: <KeyPress from None: t=1690.395826083026, value=0, duration=None>
1690.4012 	DATA 	Keypress: 0
1690.4636 	EXP 	Device response: <KeyPress from None: t=1690.395826083026, value=0, duration=0.06431966705713421>
1690.9000 	DATA 	Mouse: Left button down, pos=(793,219)
1690.9049 	EXP 	New trial (rep=21, index=1): <Trial 253 (1 in rep 21) data={'delay': 0.7, 'freq': 400.0, 'conditions': 'unexp', 'thisN': 253, 'thisTrialN': 1, 'thisRepN': 21}>
1690.9125 	EXP 	text: autoDraw = False
1690.9125 	EXP 	textbox: autoDraw = False
1690.9125 	EXP 	fixation: autoDraw = True
1691.0142 	DATA 	Mouse:  Left button up, pos=(793,219)
1691.9036 	INFO 	Keyboard events cleared
1691.9035 	EXP 	fixation: autoDraw = False
1691.9035 	EXP 	polygon: autoDraw = True
1692.5714 	EXP 	Device response: <KeyPress from None: t=1692.5678725830512, value=space, duration=None>
1692.5786 	DATA 	Keypress: space
1692.5831 	EXP 	fixation: autoDraw = False
1692.5831 	EXP 	polygon: autoDraw = False
1692.6373 	EXP 	Device response: <KeyPress from None: t=1692.5678725830512, value=space, duration=0.06829791702330112>
1693.2645 	EXP 	Sound sound_1 reached end of file
1693.2809 	EXP 	Playing sound sound_1 on speaker Nirvana Crystl
1693.7151 	EXP 	Sound sound_1 stopped
1693.7353 	EXP 	text: autoDraw = True
1693.7353 	EXP 	textbox: autoDraw = True
1696.3386 	DATA 	Keypress: 3
1696.3397 	EXP 	Device response: <KeyPress from None: t=1696.3337597911013, value=3, duration=None>
1696.4210 	EXP 	Device response: <KeyPress from None: t=1696.3337597911013, value=3, duration=0.08035470894537866>
1696.6213 	DATA 	Keypress: 0
1696.6223 	EXP 	Device response: <KeyPress from None: t=1696.6136314161122, value=0, duration=None>
1696.6802 	EXP 	Device response: <KeyPress from None: t=1696.6136314161122, value=0, duration=0.06435754196718335>
1696.7633 	EXP 	Device response: <KeyPress from None: t=1696.7607665410032, value=0, duration=None>
1696.7675 	DATA 	Keypress: 0
1696.8304 	EXP 	Device response: <KeyPress from None: t=1696.7607665410032, value=0, duration=0.06823012500535697>
1697.2130 	DATA 	Mouse: Left button down, pos=(793,219)
1697.2139 	EXP 	New trial (rep=21, index=2): <Trial 254 (2 in rep 21) data={'delay': 0.4, 'freq': 1000.0, 'conditions': 'exp', 'thisN': 254, 'thisTrialN': 2, 'thisRepN': 21}>
1697.2179 	EXP 	text: autoDraw = False
1697.2179 	EXP 	textbox: autoDraw = False
1697.2179 	EXP 	fixation: autoDraw = True
1697.3644 	DATA 	Mouse:  Left button up, pos=(793,219)
1698.2043 	INFO 	Keyboard events cleared
1698.2042 	EXP 	polygon: autoDraw = True
1698.2142 	EXP 	fixation: autoDraw = False
1698.7821 	EXP 	Device response: <KeyPress from None: t=1698.7727008330403, value=space, duration=None>
1698.7896 	DATA 	Keypress: space
1698.7946 	EXP 	fixation: autoDraw = False
1698.7946 	EXP 	polygon: autoDraw = False
1698.8318 	EXP 	Device response: <KeyPress from None: t=1698.7727008330403, value=space, duration=0.052378542022779584>
1699.1698 	EXP 	Sound sound_1 reached end of file
1699.1862 	EXP 	Playing sound sound_1 on speaker Nirvana Crystl
1699.6205 	EXP 	Sound sound_1 stopped
1699.6399 	EXP 	text: autoDraw = True
1699.6399 	EXP 	textbox: autoDraw = True
1700.7218 	EXP 	Device response: <KeyPress from None: t=1700.7193792500766, value=5, duration=None>
1700.7259 	DATA 	Keypress: 5
1700.7974 	EXP 	Device response: <KeyPress from None: t=1700.7193792500766, value=5, duration=0.07159175002016127>
1701.1974 	DATA 	Keypress: 0
1701.1985 	EXP 	Device response: <KeyPress from None: t=1701.1875935000135, value=0, duration=None>
1701.2543 	EXP 	Device response: <KeyPress from None: t=1701.1875935000135, value=0, duration=0.060372833046130836>
1701.3132 	EXP 	Device response: <KeyPress from None: t=1701.3086740000872, value=0, duration=None>
1701.3161 	DATA 	Keypress: 0
1701.3807 	EXP 	Device response: <KeyPress from None: t=1701.3086740000872, value=0, duration=0.06427787500433624>
1701.7703 	DATA 	Mouse: Left button down, pos=(793,219)
1701.7712 	EXP 	New trial (rep=21, index=3): <Trial 255 (3 in rep 21) data={'delay': 0.7, 'freq': 1000.0, 'conditions': 'exp', 'thisN': 255, 'thisTrialN': 3, 'thisRepN': 21}>
1701.7792 	EXP 	text: autoDraw = False
1701.7792 	EXP 	textbox: autoDraw = False
1701.7792 	EXP 	fixation: autoDraw = True
1701.9143 	DATA 	Mouse:  Left button up, pos=(793,219)
1702.7703 	INFO 	Keyboard events cleared
1702.7702 	EXP 	fixation: autoDraw = False
1702.7702 	EXP 	polygon: autoDraw = True
1704.6323 	EXP 	Device response: <KeyPress from None: t=1704.630634458037, value=space, duration=None>
1704.6402 	DATA 	Keypress: space
1704.6453 	EXP 	fixation: autoDraw = False
1704.6453 	EXP 	polygon: autoDraw = False
1704.6817 	EXP 	Device response: <KeyPress from None: t=1704.630634458037, value=space, duration=0.04818604199681431>
1705.3197 	EXP 	Sound sound_1 reached end of file
1705.3361 	EXP 	Playing sound sound_1 on speaker Nirvana Crystl
1705.7698 	EXP 	Sound sound_1 stopped
1705.7892 	EXP 	text: autoDraw = True
1705.7892 	EXP 	textbox: autoDraw = True
1706.8377 	EXP 	Device response: <KeyPress from None: t=1706.83442191605, value=4, duration=None>
1706.8417 	DATA 	Keypress: 4
1706.9134 	EXP 	Device response: <KeyPress from None: t=1706.83442191605, value=4, duration=0.07641116704326123>
1707.1208 	DATA 	Keypress: 0
1707.1217 	EXP 	Device response: <KeyPress from None: t=1707.1155546660302, value=0, duration=None>
1707.1703 	EXP 	Device response: <KeyPress from None: t=1707.1155546660302, value=0, duration=0.052156500052660704>
1707.2371 	EXP 	Device response: <KeyPress from None: t=1707.2345486660488, value=0, duration=None>
1707.2399 	DATA 	Keypress: 0
1707.2968 	EXP 	Device response: <KeyPress from None: t=1707.2345486660488, value=0, duration=0.05620904196985066>
1708.3153 	DATA 	Mouse: Left button down, pos=(793,219)
1708.3215 	EXP 	New trial (rep=21, index=4): <Trial 256 (4 in rep 21) data={'delay': 0.1, 'freq': 1000.0, 'conditions': 'exp', 'thisN': 256, 'thisTrialN': 4, 'thisRepN': 21}>
1708.3294 	EXP 	text: autoDraw = False
1708.3294 	EXP 	textbox: autoDraw = False
1708.3294 	EXP 	fixation: autoDraw = True
1708.4474 	DATA 	Mouse:  Left button up, pos=(793,219)
1709.3204 	INFO 	Keyboard events cleared
1709.3202 	EXP 	fixation: autoDraw = False
1709.3202 	EXP 	polygon: autoDraw = True
1709.7325 	EXP 	Device response: <KeyPress from None: t=1709.7213202500716, value=space, duration=None>
1709.7412 	DATA 	Keypress: space
1709.7465 	EXP 	fixation: autoDraw = False
1709.7465 	EXP 	polygon: autoDraw = False
1709.7815 	EXP 	Device response: <KeyPress from None: t=1709.7213202500716, value=space, duration=0.0525172499474138>
1709.8197 	EXP 	Sound sound_1 reached end of file
1709.8361 	EXP 	Playing sound sound_1 on speaker Nirvana Crystl
1710.2699 	EXP 	Sound sound_1 stopped
1710.2905 	EXP 	text: autoDraw = True
1710.2905 	EXP 	textbox: autoDraw = True
1711.0468 	EXP 	Device response: <KeyPress from None: t=1711.0444270410808, value=1, duration=None>
1711.0507 	DATA 	Keypress: 1
1711.1540 	EXP 	Device response: <KeyPress from None: t=1711.0444270410808, value=1, duration=0.10433649993501604>
1711.3210 	DATA 	Keypress: 0
1711.3220 	EXP 	Device response: <KeyPress from None: t=1711.3134404160082, value=0, duration=None>
1711.3705 	EXP 	Device response: <KeyPress from None: t=1711.3134404160082, value=0, duration=0.05630179203581065>
1711.4417 	DATA 	Keypress: 0
1711.4464 	EXP 	Device response: <KeyPress from None: t=1711.4372809580527, value=0, duration=None>
1711.4966 	EXP 	Device response: <KeyPress from None: t=1711.4372809580527, value=0, duration=0.0565095420461148>
1711.8534 	DATA 	Mouse: Left button down, pos=(793,219)
1711.8543 	EXP 	New trial (rep=21, index=5): <Trial 257 (5 in rep 21) data={'delay': 0.4, 'freq': 1000.0, 'conditions': 'exp', 'thisN': 257, 'thisTrialN': 5, 'thisRepN': 21}>
1711.8629 	EXP 	text: autoDraw = False
1711.8629 	EXP 	textbox: autoDraw = False
1711.8629 	EXP 	fixation: autoDraw = True
1711.9807 	DATA 	Mouse:  Left button up, pos=(793,219)
1712.8536 	INFO 	Keyboard events cleared
1712.8535 	EXP 	fixation: autoDraw = False
1712.8535 	EXP 	polygon: autoDraw = True
1713.4041 	EXP 	Device response: <KeyPress from None: t=1713.4013725410914, value=space, duration=None>
1713.4109 	DATA 	Keypress: space
1713.4160 	EXP 	fixation: autoDraw = False
1713.4160 	EXP 	polygon: autoDraw = False
1713.4652 	EXP 	Device response: <KeyPress from None: t=1713.4013725410914, value=space, duration=0.05227958399336785>
1713.7977 	EXP 	Sound sound_1 reached end of file
1713.8140 	EXP 	Playing sound sound_1 on speaker Nirvana Crystl
1714.2482 	EXP 	Sound sound_1 stopped
1714.2672 	EXP 	text: autoDraw = True
1714.2672 	EXP 	textbox: autoDraw = True
1714.8543 	EXP 	Device response: <KeyPress from None: t=1714.8532558750594, value=1, duration=None>
1714.8583 	DATA 	Keypress: 1
1714.9542 	EXP 	Device response: <KeyPress from None: t=1714.8532558750594, value=1, duration=0.09633445797953755>
1715.6199 	EXP 	Device response: <KeyPress from None: t=1715.6171684580622, value=5, duration=None>
1715.6230 	DATA 	Keypress: 5
1715.6970 	EXP 	Device response: <KeyPress from None: t=1715.6171684580622, value=5, duration=0.07233454193919897>
1716.1206 	EXP 	Device response: <KeyPress from None: t=1716.1192331661005, value=0, duration=None>
1716.1248 	DATA 	Keypress: 0
1716.1867 	EXP 	Device response: <KeyPress from None: t=1716.1192331661005, value=0, duration=0.06429941696114838>
1716.6051 	DATA 	Mouse: Left button down, pos=(793,219)
1716.6130 	EXP 	New trial (rep=21, index=6): <Trial 258 (6 in rep 21) data={'delay': 0.4, 'freq': 1000.0, 'conditions': 'exp', 'thisN': 258, 'thisTrialN': 6, 'thisRepN': 21}>
1716.6162 	EXP 	text: autoDraw = False
1716.6162 	EXP 	textbox: autoDraw = False
1716.6162 	EXP 	fixation: autoDraw = True
1716.6971 	DATA 	Mouse:  Left button up, pos=(793,219)
1717.6045 	INFO 	Keyboard events cleared
1717.6043 	EXP 	polygon: autoDraw = True
1717.6139 	EXP 	fixation: autoDraw = False
1718.6155 	EXP 	Device response: <KeyPress from None: t=1718.609327375074, value=space, duration=None>
1718.6235 	DATA 	Keypress: space
1718.6287 	EXP 	fixation: autoDraw = False
1718.6287 	EXP 	polygon: autoDraw = False
1718.6650 	EXP 	Device response: <KeyPress from None: t=1718.609327375074, value=space, duration=0.052186875022016466>
1719.0036 	EXP 	Sound sound_1 reached end of file
1719.0199 	EXP 	Playing sound sound_1 on speaker Nirvana Crystl
1719.4532 	EXP 	Sound sound_1 stopped
1719.4723 	EXP 	text: autoDraw = True
1719.4723 	EXP 	textbox: autoDraw = True
1720.4805 	DATA 	Keypress: 4
1720.4817 	EXP 	Device response: <KeyPress from None: t=1720.472138416022, value=4, duration=None>
1720.5636 	EXP 	Device response: <KeyPress from None: t=1720.472138416022, value=4, duration=0.08838208403903991>
1720.7804 	DATA 	Keypress: 0
1720.7814 	EXP 	Device response: <KeyPress from None: t=1720.7721877910662, value=0, duration=None>
1720.8372 	EXP 	Device response: <KeyPress from None: t=1720.7721877910662, value=0, duration=0.06023520894814283>
1720.9135 	EXP 	Device response: <KeyPress from None: t=1720.9131417080062, value=0, duration=None>
1720.9179 	DATA 	Keypress: 0
1720.9806 	EXP 	Device response: <KeyPress from None: t=1720.9131417080062, value=0, duration=0.06038120808079839>
1721.3666 	DATA 	Mouse: Left button down, pos=(793,219)
1721.3716 	EXP 	New trial (rep=21, index=7): <Trial 259 (7 in rep 21) data={'delay': 0.1, 'freq': 1000.0, 'conditions': 'exp', 'thisN': 259, 'thisTrialN': 7, 'thisRepN': 21}>
1721.3797 	EXP 	text: autoDraw = False
1721.3797 	EXP 	textbox: autoDraw = False
1721.3797 	EXP 	fixation: autoDraw = True
1721.4642 	DATA 	Mouse:  Left button up, pos=(793,219)
1722.3700 	INFO 	Keyboard events cleared
1722.3699 	EXP 	fixation: autoDraw = False
1722.3699 	EXP 	polygon: autoDraw = True
1723.6880 	EXP 	Device response: <KeyPress from None: t=1723.6831535410602, value=space, duration=None>
1723.6948 	DATA 	Keypress: space
1723.6997 	EXP 	fixation: autoDraw = False
1723.6997 	EXP 	polygon: autoDraw = False
1723.7181 	EXP 	Device response: <KeyPress from None: t=1723.6831535410602, value=space, duration=0.032255791942588985>
1723.7808 	EXP 	Sound sound_1 reached end of file
1723.7971 	EXP 	Playing sound sound_1 on speaker Nirvana Crystl
1724.2317 	EXP 	Sound sound_1 stopped
1724.2512 	EXP 	text: autoDraw = True
1724.2512 	EXP 	textbox: autoDraw = True
1725.1374 	EXP 	Device response: <KeyPress from None: t=1725.1351594580337, value=2, duration=None>
1725.1413 	DATA 	Keypress: 2
1725.2372 	EXP 	Device response: <KeyPress from None: t=1725.1351594580337, value=2, duration=0.10026179207488894>
1725.4633 	EXP 	Device response: <KeyPress from None: t=1725.4620865411125, value=0, duration=None>
1725.4677 	DATA 	Keypress: 0
1725.5376 	EXP 	Device response: <KeyPress from None: t=1725.4620865411125, value=0, duration=0.06830720894504339>
1725.8634 	EXP 	Device response: <KeyPress from None: t=1725.8620045410935, value=0, duration=None>
1725.8675 	DATA 	Keypress: 0
1725.9630 	EXP 	Device response: <KeyPress from None: t=1725.8620045410935, value=0, duration=0.09644216694869101>
1726.3395 	DATA 	Mouse: Left button down, pos=(793,219)
1726.3463 	EXP 	New trial (rep=21, index=8): <Trial 260 (8 in rep 21) data={'delay': 0.1, 'freq': 400.0, 'conditions': 'unexp', 'thisN': 260, 'thisTrialN': 8, 'thisRepN': 21}>
1726.3494 	EXP 	text: autoDraw = False
1726.3494 	EXP 	textbox: autoDraw = False
1726.3494 	EXP 	fixation: autoDraw = True
1726.4806 	DATA 	Mouse:  Left button up, pos=(793,219)
1727.3371 	INFO 	Keyboard events cleared
1727.3369 	EXP 	polygon: autoDraw = True
1727.3470 	EXP 	fixation: autoDraw = False
1728.3154 	EXP 	Device response: <KeyPress from None: t=1728.3090355000459, value=space, duration=None>
1728.3229 	DATA 	Keypress: space
1728.3279 	EXP 	fixation: autoDraw = False
1728.3279 	EXP 	polygon: autoDraw = False
1728.3653 	EXP 	Device response: <KeyPress from None: t=1728.3090355000459, value=space, duration=0.04429083305876702>
1728.4019 	EXP 	Sound sound_1 reached end of file
1728.4183 	EXP 	Playing sound sound_1 on speaker Nirvana Crystl
1728.8529 	EXP 	Sound sound_1 stopped
1728.8731 	EXP 	text: autoDraw = True
1728.8731 	EXP 	textbox: autoDraw = True
1729.4465 	EXP 	Device response: <KeyPress from None: t=1729.4410043330863, value=3, duration=None>
1729.4507 	DATA 	Keypress: 3
1729.5380 	EXP 	Device response: <KeyPress from None: t=1729.4410043330863, value=3, duration=0.09238295792602003>
1729.8643 	DATA 	Keypress: 0
1729.8651 	EXP 	Device response: <KeyPress from None: t=1729.8578861251008, value=0, duration=None>
1729.9138 	EXP 	Device response: <KeyPress from None: t=1729.8578861251008, value=0, duration=0.04832850000821054>
1729.9876 	DATA 	Keypress: 0
1729.9885 	EXP 	Device response: <KeyPress from None: t=1729.9809522500727, value=0, duration=None>
1730.0466 	EXP 	Device response: <KeyPress from None: t=1729.9809522500727, value=0, duration=0.06035974994301796>
1731.0466 	DATA 	Mouse: Left button down, pos=(793,219)
1731.0475 	EXP 	New trial (rep=21, index=9): <Trial 261 (9 in rep 21) data={'delay': 0.4, 'freq': 400.0, 'conditions': 'unexp', 'thisN': 261, 'thisTrialN': 9, 'thisRepN': 21}>
1731.0509 	EXP 	text: autoDraw = False
1731.0509 	EXP 	textbox: autoDraw = False
1731.0509 	EXP 	fixation: autoDraw = True
1731.1975 	DATA 	Mouse:  Left button up, pos=(793,219)
1732.0361 	INFO 	Keyboard events cleared
1732.0359 	EXP 	polygon: autoDraw = True
1732.0471 	EXP 	fixation: autoDraw = False
1732.9041 	EXP 	Device response: <KeyPress from None: t=1732.8978829160333, value=space, duration=None>
1732.9111 	DATA 	Keypress: space
1732.9159 	EXP 	fixation: autoDraw = False
1732.9159 	EXP 	polygon: autoDraw = False
1732.9646 	EXP 	Device response: <KeyPress from None: t=1732.8978829160333, value=space, duration=0.056386791984550655>
1733.2973 	EXP 	Sound sound_1 reached end of file
1733.3137 	EXP 	Playing sound sound_1 on speaker Nirvana Crystl
1733.7481 	EXP 	Sound sound_1 stopped
1733.7685 	EXP 	text: autoDraw = True
1733.7685 	EXP 	textbox: autoDraw = True
1734.6633 	EXP 	Device response: <KeyPress from None: t=1734.6628256660188, value=2, duration=None>
1734.6676 	DATA 	Keypress: 2
1734.7639 	EXP 	Device response: <KeyPress from None: t=1734.6628256660188, value=2, duration=0.09232725005131215>
1735.0038 	DATA 	Keypress: 0
1735.0048 	EXP 	Device response: <KeyPress from None: t=1734.996714625042, value=0, duration=None>
1735.0637 	EXP 	Device response: <KeyPress from None: t=1734.996714625042, value=0, duration=0.05644966603722423>
1735.1133 	EXP 	Device response: <KeyPress from None: t=1735.1128564580576, value=0, duration=None>
1735.1175 	DATA 	Keypress: 0
1735.1872 	EXP 	Device response: <KeyPress from None: t=1735.1128564580576, value=0, duration=0.0681808750377968>
1735.6866 	DATA 	Mouse: Left button down, pos=(793,219)
1735.6875 	EXP 	New trial (rep=21, index=10): <Trial 262 (10 in rep 21) data={'delay': 0.1, 'freq': 1000.0, 'conditions': 'exp', 'thisN': 262, 'thisTrialN': 10, 'thisRepN': 21}>
1735.6955 	EXP 	text: autoDraw = False
1735.6955 	EXP 	textbox: autoDraw = False
1735.6955 	EXP 	fixation: autoDraw = True
1735.8140 	DATA 	Mouse:  Left button up, pos=(793,219)
1736.6866 	INFO 	Keyboard events cleared
1736.6865 	EXP 	fixation: autoDraw = False
1736.6865 	EXP 	polygon: autoDraw = True
1759.6369 	EXP 	Device response: <KeyPress from None: t=1759.6344712499995, value=space, duration=None>
1759.6449 	DATA 	Keypress: space
1759.6498 	EXP 	fixation: autoDraw = False
1759.6498 	EXP 	polygon: autoDraw = False
1759.6986 	EXP 	Device response: <KeyPress from None: t=1759.6344712499995, value=space, duration=0.05393016606103629>
1759.7308 	EXP 	Sound sound_1 reached end of file
1759.7471 	EXP 	Playing sound sound_1 on speaker Nirvana Crystl
1760.1811 	EXP 	Sound sound_1 stopped
1760.2019 	EXP 	text: autoDraw = True
1760.2019 	EXP 	textbox: autoDraw = True
1761.1469 	DATA 	Keypress: 1
1761.1481 	EXP 	Device response: <KeyPress from None: t=1761.1390512500657, value=1, duration=None>
1761.2467 	EXP 	Device response: <KeyPress from None: t=1761.1390512500657, value=1, duration=0.1002262500114739>
1761.4797 	EXP 	Device response: <KeyPress from None: t=1761.47512800002, value=0, duration=None>
1761.4826 	DATA 	Keypress: 0
1761.5200 	EXP 	Device response: <KeyPress from None: t=1761.47512800002, value=0, duration=0.04429150000214577>
1761.6034 	EXP 	Device response: <KeyPress from None: t=1761.6021498331102, value=0, duration=None>
1761.6063 	DATA 	Keypress: 0
1761.6705 	EXP 	Device response: <KeyPress from None: t=1761.6021498331102, value=0, duration=0.06416058295872062>
1762.6729 	DATA 	Mouse: Left button down, pos=(793,219)
1762.6793 	EXP 	New trial (rep=21, index=11): <Trial 263 (11 in rep 21) data={'delay': 0.7, 'freq': 1000.0, 'conditions': 'exp', 'thisN': 263, 'thisTrialN': 11, 'thisRepN': 21}>
1762.6824 	EXP 	text: autoDraw = False
1762.6824 	EXP 	textbox: autoDraw = False
1762.6824 	EXP 	fixation: autoDraw = True
1762.7970 	DATA 	Mouse:  Left button up, pos=(793,219)
1763.6708 	INFO 	Keyboard events cleared
1763.6706 	EXP 	polygon: autoDraw = True
1763.6802 	EXP 	fixation: autoDraw = False
1765.2648 	EXP 	Device response: <KeyPress from None: t=1765.255010166089, value=space, duration=None>
1765.2725 	DATA 	Keypress: space
1765.2776 	EXP 	fixation: autoDraw = False
1765.2776 	EXP 	polygon: autoDraw = False
1765.3019 	EXP 	Device response: <KeyPress from None: t=1765.255010166089, value=space, duration=0.04419741698075086>
1765.9531 	EXP 	Sound sound_1 reached end of file
1765.9694 	EXP 	Playing sound sound_1 on speaker Nirvana Crystl
1766.4040 	EXP 	Sound sound_1 stopped
1766.4243 	EXP 	text: autoDraw = True
1766.4243 	EXP 	textbox: autoDraw = True
1766.8550 	DATA 	Keypress: 4
1766.8562 	EXP 	Device response: <KeyPress from None: t=1766.848836875055, value=4, duration=None>
1766.9299 	EXP 	Device response: <KeyPress from None: t=1766.848836875055, value=4, duration=0.07242491596844047>
1767.2629 	EXP 	Device response: <KeyPress from None: t=1767.2599167911103, value=0, duration=None>
1767.2660 	DATA 	Keypress: 0
1767.3036 	EXP 	Device response: <KeyPress from None: t=1767.2599167911103, value=0, duration=0.04029058397281915>
1767.3805 	DATA 	Keypress: 0
1767.3815 	EXP 	Device response: <KeyPress from None: t=1767.371974458103, value=0, duration=None>
1767.4367 	EXP 	Device response: <KeyPress from None: t=1767.371974458103, value=0, duration=0.06027575000189245>
1774.2564 	DATA 	Mouse: Left button down, pos=(761,190)
1774.2625 	EXP 	New trial (rep=22, index=0): <Trial 264 (0 in rep 22) data={'delay': 0.7, 'freq': 1000.0, 'conditions': 'exp', 'thisN': 264, 'thisTrialN': 0, 'thisRepN': 22}>
1774.2656 	EXP 	text: autoDraw = False
1774.2656 	EXP 	textbox: autoDraw = False
1774.2656 	EXP 	fixation: autoDraw = True
1774.4198 	DATA 	Mouse:  Left button up, pos=(761,190)
1775.2537 	INFO 	Keyboard events cleared
1775.2535 	EXP 	polygon: autoDraw = True
1775.2633 	EXP 	fixation: autoDraw = False
1776.4540 	EXP 	Device response: <KeyPress from None: t=1776.4487630000804, value=space, duration=None>
1776.4616 	DATA 	Keypress: space
1776.4662 	EXP 	fixation: autoDraw = False
1776.4662 	EXP 	polygon: autoDraw = False
1776.5151 	EXP 	Device response: <KeyPress from None: t=1776.4487630000804, value=space, duration=0.060282999998889863>
1777.1473 	EXP 	Sound sound_1 reached end of file
1777.1635 	EXP 	Playing sound sound_1 on speaker Nirvana Crystl
1777.5972 	EXP 	Sound sound_1 stopped
1777.6178 	EXP 	text: autoDraw = True
1777.6178 	EXP 	textbox: autoDraw = True
1778.6302 	DATA 	Keypress: 4
1778.6314 	EXP 	Device response: <KeyPress from None: t=1778.6227071250323, value=4, duration=None>
1778.7034 	EXP 	Device response: <KeyPress from None: t=1778.6227071250323, value=4, duration=0.0762000409886241>
1778.9627 	EXP 	Device response: <KeyPress from None: t=1778.9576833330793, value=0, duration=None>
1778.9656 	DATA 	Keypress: 0
1779.0369 	EXP 	Device response: <KeyPress from None: t=1778.9576833330793, value=0, duration=0.07231970794964582>
1779.0963 	EXP 	Device response: <KeyPress from None: t=1779.0956999160117, value=0, duration=None>
1779.1005 	DATA 	Keypress: 0
1779.1795 	EXP 	Device response: <KeyPress from None: t=1779.0956999160117, value=0, duration=0.08029020903632045>
1779.9367 	DATA 	Mouse: Left button down, pos=(761,190)
1779.9377 	EXP 	New trial (rep=22, index=1): <Trial 265 (1 in rep 22) data={'delay': 0.4, 'freq': 1000.0, 'conditions': 'exp', 'thisN': 265, 'thisTrialN': 1, 'thisRepN': 22}>
1779.9458 	EXP 	text: autoDraw = False
1779.9458 	EXP 	textbox: autoDraw = False
1779.9458 	EXP 	fixation: autoDraw = True
1780.1151 	DATA 	Mouse:  Left button up, pos=(761,190)
1780.9364 	INFO 	Keyboard events cleared
1780.9363 	EXP 	fixation: autoDraw = False
1780.9363 	EXP 	polygon: autoDraw = True
1782.7204 	EXP 	Device response: <KeyPress from None: t=1782.7155559581006, value=space, duration=None>
1782.7275 	DATA 	Keypress: space
1782.7323 	EXP 	fixation: autoDraw = False
1782.7323 	EXP 	polygon: autoDraw = False
1782.7811 	EXP 	Device response: <KeyPress from None: t=1782.7155559581006, value=space, duration=0.0642358330078423>
1783.1136 	EXP 	Sound sound_1 reached end of file
1783.1300 	EXP 	Playing sound sound_1 on speaker Nirvana Crystl
1783.5635 	EXP 	Sound sound_1 stopped
1783.5838 	EXP 	text: autoDraw = True
1783.5838 	EXP 	textbox: autoDraw = True
1784.6374 	EXP 	Device response: <KeyPress from None: t=1784.636508375057, value=3, duration=None>
1784.6418 	DATA 	Keypress: 3
1784.7203 	EXP 	Device response: <KeyPress from None: t=1784.636508375057, value=3, duration=0.07623529096599668>
1784.9968 	DATA 	Keypress: 0
1784.9978 	EXP 	Device response: <KeyPress from None: t=1784.98741375003, value=0, duration=None>
1785.0462 	EXP 	Device response: <KeyPress from None: t=1784.98741375003, value=0, duration=0.05637708306312561>
1785.1202 	DATA 	Keypress: 0
1785.1211 	EXP 	Device response: <KeyPress from None: t=1785.1155226250412, value=0, duration=None>
1785.1962 	EXP 	Device response: <KeyPress from None: t=1785.1155226250412, value=0, duration=0.07228620804380625>
1785.5647 	DATA 	Mouse: Left button down, pos=(761,190)
1785.5711 	EXP 	New trial (rep=22, index=2): <Trial 266 (2 in rep 22) data={'delay': 0.7, 'freq': 1000.0, 'conditions': 'exp', 'thisN': 266, 'thisTrialN': 2, 'thisRepN': 22}>
1785.5783 	EXP 	text: autoDraw = False
1785.5783 	EXP 	textbox: autoDraw = False
1785.5783 	EXP 	fixation: autoDraw = True
1785.6464 	DATA 	Mouse:  Left button up, pos=(761,190)
1786.5689 	INFO 	Keyboard events cleared
1786.5688 	EXP 	fixation: autoDraw = False
1786.5688 	EXP 	polygon: autoDraw = True
1788.8483 	EXP 	Device response: <KeyPress from None: t=1788.8383382080356, value=space, duration=None>
1788.8563 	DATA 	Keypress: space
1788.8614 	EXP 	fixation: autoDraw = False
1788.8614 	EXP 	polygon: autoDraw = False
1788.9364 	EXP 	Device response: <KeyPress from None: t=1788.8383382080356, value=space, duration=0.09243595798034221>
1789.5357 	EXP 	Sound sound_1 reached end of file
1789.5520 	EXP 	Playing sound sound_1 on speaker Nirvana Crystl
1789.9862 	EXP 	Sound sound_1 stopped
1790.0063 	EXP 	text: autoDraw = True
1790.0063 	EXP 	textbox: autoDraw = True
1790.7762 	DATA 	Keypress: 7
1790.7814 	EXP 	Device response: <KeyPress from None: t=1790.7706729160855, value=7, duration=None>
1790.8468 	EXP 	Device response: <KeyPress from None: t=1790.7706729160855, value=7, duration=0.06790058396290988>
1791.0202 	DATA 	Keypress: 0
1791.0212 	EXP 	Device response: <KeyPress from None: t=1791.0144041660242, value=0, duration=None>
1791.0962 	EXP 	Device response: <KeyPress from None: t=1791.0144041660242, value=0, duration=0.08038491697516292>
1791.1804 	DATA 	Keypress: 0
1791.1814 	EXP 	Device response: <KeyPress from None: t=1791.1723132911138, value=0, duration=None>
1791.2460 	EXP 	Device response: <KeyPress from None: t=1791.1723132911138, value=0, duration=0.07239633391145617>
1791.7195 	DATA 	Mouse: Left button down, pos=(761,190)
1791.7204 	EXP 	New trial (rep=22, index=3): <Trial 267 (3 in rep 22) data={'delay': 0.4, 'freq': 400.0, 'conditions': 'unexp', 'thisN': 267, 'thisTrialN': 3, 'thisRepN': 22}>
1791.7289 	EXP 	text: autoDraw = False
1791.7289 	EXP 	textbox: autoDraw = False
1791.7289 	EXP 	fixation: autoDraw = True
1791.8335 	DATA 	Mouse:  Left button up, pos=(761,190)
1792.7197 	INFO 	Keyboard events cleared
1792.7196 	EXP 	fixation: autoDraw = False
1792.7196 	EXP 	polygon: autoDraw = True
1810.2037 	EXP 	Device response: <KeyPress from None: t=1810.19687875011, value=space, duration=None>
1810.2110 	DATA 	Keypress: space
1810.2156 	EXP 	fixation: autoDraw = False
1810.2156 	EXP 	polygon: autoDraw = False
1810.2640 	EXP 	Device response: <KeyPress from None: t=1810.19687875011, value=space, duration=0.061972082941792905>
1810.5965 	EXP 	Sound sound_1 reached end of file
1810.6129 	EXP 	Playing sound sound_1 on speaker Nirvana Crystl
1811.0476 	EXP 	Sound sound_1 stopped
1811.0691 	EXP 	text: autoDraw = True
1811.0691 	EXP 	textbox: autoDraw = True
1812.0966 	EXP 	Device response: <KeyPress from None: t=1812.0924268329982, value=2, duration=None>
1812.1012 	DATA 	Keypress: 2
1812.1798 	EXP 	Device response: <KeyPress from None: t=1812.0924268329982, value=2, duration=0.08049766707699746>
1812.4049 	DATA 	Keypress: 0
1812.4062 	EXP 	Device response: <KeyPress from None: t=1812.3995135830482, value=0, duration=None>
1812.4625 	EXP 	Device response: <KeyPress from None: t=1812.3995135830482, value=0, duration=0.060206167050637305>
1812.5365 	EXP 	Device response: <KeyPress from None: t=1812.5356062080245, value=0, duration=None>
1812.5401 	DATA 	Keypress: 0
1812.5883 	EXP 	Device response: <KeyPress from None: t=1812.5356062080245, value=0, duration=0.04411170806270093>
1813.1956 	DATA 	Mouse: Left button down, pos=(761,190)
1813.1966 	EXP 	New trial (rep=22, index=4): <Trial 268 (4 in rep 22) data={'delay': 0.1, 'freq': 1000.0, 'conditions': 'exp', 'thisN': 268, 'thisTrialN': 4, 'thisRepN': 22}>
1813.2003 	EXP 	text: autoDraw = False
1813.2003 	EXP 	textbox: autoDraw = False
1813.2003 	EXP 	fixation: autoDraw = True
1813.3300 	DATA 	Mouse:  Left button up, pos=(761,190)
1814.1855 	INFO 	Keyboard events cleared
1814.1853 	EXP 	polygon: autoDraw = True
1814.1963 	EXP 	fixation: autoDraw = False
1814.8641 	EXP 	Device response: <KeyPress from None: t=1814.8563933330588, value=space, duration=None>
1814.8714 	DATA 	Keypress: space
1814.8764 	EXP 	fixation: autoDraw = False
1814.8764 	EXP 	polygon: autoDraw = False
1814.9362 	EXP 	Device response: <KeyPress from None: t=1814.8563933330588, value=space, duration=0.07624833297450095>
1814.9511 	EXP 	Sound sound_1 reached end of file
1814.9675 	EXP 	Playing sound sound_1 on speaker Nirvana Crystl
1815.4022 	EXP 	Sound sound_1 stopped
1815.4241 	EXP 	text: autoDraw = True
1815.4241 	EXP 	textbox: autoDraw = True
1815.9791 	EXP 	Device response: <KeyPress from None: t=1815.977385541075, value=3, duration=None>
1815.9832 	DATA 	Keypress: 3
1816.0795 	EXP 	Device response: <KeyPress from None: t=1815.977385541075, value=3, duration=0.0922706249402836>
1816.2703 	DATA 	Keypress: 0
1816.2714 	EXP 	Device response: <KeyPress from None: t=1816.2624196660472, value=0, duration=None>
1816.3197 	EXP 	Device response: <KeyPress from None: t=1816.2624196660472, value=0, duration=0.05637679202482104>
1816.3867 	DATA 	Keypress: 0
1816.3876 	EXP 	Device response: <KeyPress from None: t=1816.3814381660195, value=0, duration=None>
1816.4533 	EXP 	Device response: <KeyPress from None: t=1816.3814381660195, value=0, duration=0.06429050001315773>
1816.8121 	DATA 	Mouse: Left button down, pos=(761,190)
1816.8129 	EXP 	New trial (rep=22, index=5): <Trial 269 (5 in rep 22) data={'delay': 0.4, 'freq': 1000.0, 'conditions': 'exp', 'thisN': 269, 'thisTrialN': 5, 'thisRepN': 22}>
1816.8161 	EXP 	text: autoDraw = False
1816.8161 	EXP 	textbox: autoDraw = False
1816.8161 	EXP 	fixation: autoDraw = True
1816.9298 	DATA 	Mouse:  Left button up, pos=(761,190)
1817.8029 	INFO 	Keyboard events cleared
1817.8028 	EXP 	polygon: autoDraw = True
1817.8130 	EXP 	fixation: autoDraw = False
1818.4475 	EXP 	Device response: <KeyPress from None: t=1818.4453850830905, value=space, duration=None>
1818.4551 	DATA 	Keypress: space
1818.4601 	EXP 	fixation: autoDraw = False
1818.4601 	EXP 	polygon: autoDraw = False
1818.4806 	EXP 	Device response: <KeyPress from None: t=1818.4453850830905, value=space, duration=0.02839345799293369>
1818.8355 	EXP 	Sound sound_1 reached end of file
1818.8519 	EXP 	Playing sound sound_1 on speaker Nirvana Crystl
1819.2865 	EXP 	Sound sound_1 stopped
1819.3068 	EXP 	text: autoDraw = True
1819.3068 	EXP 	textbox: autoDraw = True
1819.9367 	EXP 	Device response: <KeyPress from None: t=1819.9353687500115, value=4, duration=None>
1819.9405 	DATA 	Keypress: 4
1820.0132 	EXP 	Device response: <KeyPress from None: t=1819.9353687500115, value=4, duration=0.0722587910713628>
1820.2371 	DATA 	Keypress: 0
1820.2381 	EXP 	Device response: <KeyPress from None: t=1820.231369416113, value=0, duration=None>
1820.3026 	EXP 	Device response: <KeyPress from None: t=1820.231369416113, value=0, duration=0.06426208396442235>
1820.3628 	DATA 	Keypress: 0
1820.3638 	EXP 	Device response: <KeyPress from None: t=1820.356252333033, value=0, duration=None>
1820.4196 	EXP 	Device response: <KeyPress from None: t=1820.356252333033, value=0, duration=0.056415416998788714>
1820.7545 	DATA 	Mouse: Left button down, pos=(761,190)
1820.7621 	EXP 	New trial (rep=22, index=6): <Trial 270 (6 in rep 22) data={'delay': 0.1, 'freq': 1000.0, 'conditions': 'exp', 'thisN': 270, 'thisTrialN': 6, 'thisRepN': 22}>
1820.7653 	EXP 	text: autoDraw = False
1820.7653 	EXP 	textbox: autoDraw = False
1820.7653 	EXP 	fixation: autoDraw = True
1820.8797 	DATA 	Mouse:  Left button up, pos=(761,190)
1821.7528 	INFO 	Keyboard events cleared
1821.7527 	EXP 	polygon: autoDraw = True
1821.7629 	EXP 	fixation: autoDraw = False
1822.1312 	EXP 	Device response: <KeyPress from None: t=1822.1262137501035, value=space, duration=None>
1822.1386 	DATA 	Keypress: space
1822.1438 	EXP 	fixation: autoDraw = False
1822.1438 	EXP 	polygon: autoDraw = False
1822.1807 	EXP 	Device response: <KeyPress from None: t=1822.1262137501035, value=space, duration=0.044431665912270546>
1822.2186 	EXP 	Sound sound_1 reached end of file
1822.2351 	EXP 	Playing sound sound_1 on speaker Nirvana Crystl
1822.6689 	EXP 	Sound sound_1 stopped
1822.6886 	EXP 	text: autoDraw = True
1822.6886 	EXP 	textbox: autoDraw = True
1823.4872 	DATA 	Keypress: 2
1823.4883 	EXP 	Device response: <KeyPress from None: t=1823.4822416660609, value=2, duration=None>
1823.5700 	EXP 	Device response: <KeyPress from None: t=1823.4822416660609, value=2, duration=0.08030454197432846>
1823.7970 	DATA 	Keypress: 0
1823.7980 	EXP 	Device response: <KeyPress from None: t=1823.7892920000013, value=0, duration=None>
1823.8526 	EXP 	Device response: <KeyPress from None: t=1823.7892920000013, value=0, duration=0.056144791073165834>
1823.9129 	DATA 	Keypress: 0
1823.9139 	EXP 	Device response: <KeyPress from None: t=1823.9042187910527, value=0, duration=None>
1823.9787 	EXP 	Device response: <KeyPress from None: t=1823.9042187910527, value=0, duration=0.07228558405768126>
1824.2691 	DATA 	Mouse: Left button down, pos=(761,190)
1824.2700 	EXP 	New trial (rep=22, index=7): <Trial 271 (7 in rep 22) data={'delay': 0.1, 'freq': 1000.0, 'conditions': 'exp', 'thisN': 271, 'thisTrialN': 7, 'thisRepN': 22}>
1824.2780 	EXP 	text: autoDraw = False
1824.2780 	EXP 	textbox: autoDraw = False
1824.2780 	EXP 	fixation: autoDraw = True
1824.3660 	DATA 	Mouse:  Left button up, pos=(761,190)
1825.2632 	INFO 	Keyboard events cleared
1825.2630 	EXP 	polygon: autoDraw = True
1825.2691 	EXP 	fixation: autoDraw = False
1825.9185 	EXP 	Device response: <KeyPress from None: t=1825.916113208048, value=space, duration=None>
1825.9253 	DATA 	Keypress: space
1825.9311 	EXP 	fixation: autoDraw = False
1825.9311 	EXP 	polygon: autoDraw = False
1825.9682 	EXP 	Device response: <KeyPress from None: t=1825.916113208048, value=space, duration=0.04829525004606694>
1826.0015 	EXP 	Sound sound_1 reached end of file
1826.0180 	EXP 	Playing sound sound_1 on speaker Nirvana Crystl
1826.4518 	EXP 	Sound sound_1 stopped
1826.4714 	EXP 	text: autoDraw = True
1826.4714 	EXP 	textbox: autoDraw = True
1827.2709 	DATA 	Keypress: 1
1827.2721 	EXP 	Device response: <KeyPress from None: t=1827.2631557910936, value=1, duration=None>
1827.3455 	EXP 	Device response: <KeyPress from None: t=1827.2631557910936, value=1, duration=0.07237783400341868>
1827.6621 	EXP 	Device response: <KeyPress from None: t=1827.6591018750332, value=0, duration=None>
1827.6666 	DATA 	Keypress: 0
1827.7121 	EXP 	Device response: <KeyPress from None: t=1827.6591018750332, value=0, duration=0.04827662499155849>
1827.7795 	DATA 	Keypress: 0
1827.7805 	EXP 	Device response: <KeyPress from None: t=1827.77019083302, value=0, duration=None>
1827.8363 	EXP 	Device response: <KeyPress from None: t=1827.77019083302, value=0, duration=0.06016550003550947>
1828.1805 	DATA 	Mouse: Left button down, pos=(761,190)
1828.1871 	EXP 	New trial (rep=22, index=8): <Trial 272 (8 in rep 22) data={'delay': 0.1, 'freq': 400.0, 'conditions': 'unexp', 'thisN': 272, 'thisTrialN': 8, 'thisRepN': 22}>
1828.1955 	EXP 	text: autoDraw = False
1828.1955 	EXP 	textbox: autoDraw = False
1828.1955 	EXP 	fixation: autoDraw = True
1828.2464 	DATA 	Mouse:  Left button up, pos=(761,190)
1829.1842 	INFO 	Keyboard events cleared
1829.1841 	EXP 	fixation: autoDraw = False
1829.1841 	EXP 	polygon: autoDraw = True
1829.7138 	EXP 	Device response: <KeyPress from None: t=1829.707130499999, value=space, duration=None>
1829.7204 	DATA 	Keypress: space
1829.7255 	EXP 	fixation: autoDraw = False
1829.7255 	EXP 	polygon: autoDraw = False
1829.7808 	EXP 	Device response: <KeyPress from None: t=1829.707130499999, value=space, duration=0.07220529101323336>
1829.8000 	EXP 	Sound sound_1 reached end of file
1829.8165 	EXP 	Playing sound sound_1 on speaker Nirvana Crystl
1830.2510 	EXP 	Sound sound_1 stopped
1830.2716 	EXP 	text: autoDraw = True
1830.2716 	EXP 	textbox: autoDraw = True
1831.0708 	DATA 	Keypress: 5
1831.0718 	EXP 	Device response: <KeyPress from None: t=1831.064982041018, value=5, duration=None>
1831.1357 	EXP 	Device response: <KeyPress from None: t=1831.064982041018, value=5, duration=0.06834854208864272>
1831.3632 	DATA 	Keypress: 0
1831.3642 	EXP 	Device response: <KeyPress from None: t=1831.3530417080037, value=0, duration=None>
1831.4124 	EXP 	Device response: <KeyPress from None: t=1831.3530417080037, value=0, duration=0.056330749997869134>
1831.4798 	DATA 	Keypress: 0
1831.4807 	EXP 	Device response: <KeyPress from None: t=1831.4731137080817, value=0, duration=None>
1831.5365 	EXP 	Device response: <KeyPress from None: t=1831.4731137080817, value=0, duration=0.056319541996344924>
1831.8641 	DATA 	Mouse: Left button down, pos=(761,190)
1831.8704 	EXP 	New trial (rep=22, index=9): <Trial 273 (9 in rep 22) data={'delay': 0.7, 'freq': 1000.0, 'conditions': 'exp', 'thisN': 273, 'thisTrialN': 9, 'thisRepN': 22}>
1831.8784 	EXP 	text: autoDraw = False
1831.8784 	EXP 	textbox: autoDraw = False
1831.8784 	EXP 	fixation: autoDraw = True
1831.9959 	DATA 	Mouse:  Left button up, pos=(761,190)
1832.8694 	INFO 	Keyboard events cleared
1832.8692 	EXP 	fixation: autoDraw = False
1832.8692 	EXP 	polygon: autoDraw = True
1833.2974 	EXP 	Device response: <KeyPress from None: t=1833.2879981660517, value=space, duration=None>
1833.3043 	DATA 	Keypress: space
1833.3093 	EXP 	fixation: autoDraw = False
1833.3093 	EXP 	polygon: autoDraw = False
1833.3473 	EXP 	Device response: <KeyPress from None: t=1833.2879981660517, value=space, duration=0.04826375003904104>
1833.9855 	EXP 	Sound sound_1 reached end of file
1834.0018 	EXP 	Playing sound sound_1 on speaker Nirvana Crystl
1834.4354 	EXP 	Sound sound_1 stopped
1834.4546 	EXP 	text: autoDraw = True
1834.4546 	EXP 	textbox: autoDraw = True
1834.8540 	DATA 	Keypress: 3
1834.8551 	EXP 	Device response: <KeyPress from None: t=1834.8478915410815, value=3, duration=None>
1834.9461 	EXP 	Device response: <KeyPress from None: t=1834.8478915410815, value=3, duration=0.0883132090093568>
1835.0198 	DATA 	Keypress: 0
1835.0207 	EXP 	Device response: <KeyPress from None: t=1835.014988458017, value=0, duration=None>
1835.0694 	EXP 	Device response: <KeyPress from None: t=1835.014988458017, value=0, duration=0.0522169170435518>
1835.1364 	DATA 	Keypress: 0
1835.1374 	EXP 	Device response: <KeyPress from None: t=1835.1300315000117, value=0, duration=None>
1835.1953 	EXP 	Device response: <KeyPress from None: t=1835.1300315000117, value=0, duration=0.06030041608028114>
1835.5159 	DATA 	Mouse: Left button down, pos=(761,190)
1835.5199 	EXP 	New trial (rep=22, index=10): <Trial 274 (10 in rep 22) data={'delay': 0.7, 'freq': 400.0, 'conditions': 'unexp', 'thisN': 274, 'thisTrialN': 10, 'thisRepN': 22}>
1835.5285 	EXP 	text: autoDraw = False
1835.5285 	EXP 	textbox: autoDraw = False
1835.5285 	EXP 	fixation: autoDraw = True
1835.6158 	DATA 	Mouse:  Left button up, pos=(761,190)
1836.5191 	INFO 	Keyboard events cleared
1836.5190 	EXP 	fixation: autoDraw = False
1836.5190 	EXP 	polygon: autoDraw = True
1836.8977 	EXP 	Device response: <KeyPress from None: t=1836.8909142500488, value=space, duration=None>
1836.9054 	DATA 	Keypress: space
1836.9104 	EXP 	fixation: autoDraw = False
1836.9104 	EXP 	polygon: autoDraw = False
1836.9472 	EXP 	Device response: <KeyPress from None: t=1836.8909142500488, value=space, duration=0.04836004099342972>
1837.5851 	EXP 	Sound sound_1 reached end of file
1837.6016 	EXP 	Playing sound sound_1 on speaker Nirvana Crystl
1838.0354 	EXP 	Sound sound_1 stopped
1838.0547 	EXP 	text: autoDraw = True
1838.0547 	EXP 	textbox: autoDraw = True
1839.0630 	DATA 	Keypress: 4
1839.0641 	EXP 	Device response: <KeyPress from None: t=1839.056768041104, value=4, duration=None>
1839.1358 	EXP 	Device response: <KeyPress from None: t=1839.056768041104, value=4, duration=0.07641533389687538>
1839.3624 	EXP 	Device response: <KeyPress from None: t=1839.3618170410627, value=0, duration=None>
1839.3666 	DATA 	Keypress: 0
1839.4293 	EXP 	Device response: <KeyPress from None: t=1839.3618170410627, value=0, duration=0.0603896250249818>
1839.4857 	EXP 	Device response: <KeyPress from None: t=1839.4828063750174, value=0, duration=None>
1839.4885 	DATA 	Keypress: 0
1839.5530 	EXP 	Device response: <KeyPress from None: t=1839.4828063750174, value=0, duration=0.06428012507967651>
1839.8819 	DATA 	Mouse: Left button down, pos=(761,190)
1839.8866 	EXP 	New trial (rep=22, index=11): <Trial 275 (11 in rep 22) data={'delay': 0.4, 'freq': 1000.0, 'conditions': 'exp', 'thisN': 275, 'thisTrialN': 11, 'thisRepN': 22}>
1839.8951 	EXP 	text: autoDraw = False
1839.8951 	EXP 	textbox: autoDraw = False
1839.8951 	EXP 	fixation: autoDraw = True
1839.9461 	DATA 	Mouse:  Left button up, pos=(761,190)
1840.8859 	INFO 	Keyboard events cleared
1840.8858 	EXP 	fixation: autoDraw = False
1840.8858 	EXP 	polygon: autoDraw = True
1841.7644 	EXP 	Device response: <KeyPress from None: t=1841.7578962501138, value=space, duration=None>
1841.7716 	DATA 	Keypress: space
1841.7766 	EXP 	fixation: autoDraw = False
1841.7766 	EXP 	polygon: autoDraw = False
1841.8137 	EXP 	Device response: <KeyPress from None: t=1841.7578962501138, value=space, duration=0.05228687496855855>
1842.1519 	EXP 	Sound sound_1 reached end of file
1842.1683 	EXP 	Playing sound sound_1 on speaker Nirvana Crystl
1842.6020 	EXP 	Sound sound_1 stopped
1842.6217 	EXP 	text: autoDraw = True
1842.6217 	EXP 	textbox: autoDraw = True
1844.2620 	EXP 	Device response: <KeyPress from None: t=1844.2587639580015, value=3, duration=None>
1844.2662 	DATA 	Keypress: 3
1844.3693 	EXP 	Device response: <KeyPress from None: t=1844.2587639580015, value=3, duration=0.10822875006124377>
1844.5123 	EXP 	Device response: <KeyPress from None: t=1844.5097046660958, value=0, duration=None>
1844.5152 	DATA 	Keypress: 0
1844.5689 	EXP 	Device response: <KeyPress from None: t=1844.5097046660958, value=0, duration=0.056291499990038574>
1844.6291 	EXP 	Device response: <KeyPress from None: t=1844.6278000411112, value=0, duration=None>
1844.6333 	DATA 	Keypress: 0
1844.7024 	EXP 	Device response: <KeyPress from None: t=1844.6278000411112, value=0, duration=0.07218337489757687>
1845.0285 	DATA 	Mouse: Left button down, pos=(761,190)
1845.0294 	EXP 	New trial (rep=23, index=0): <Trial 276 (0 in rep 23) data={'delay': 0.4, 'freq': 1000.0, 'conditions': 'exp', 'thisN': 276, 'thisTrialN': 0, 'thisRepN': 23}>
1845.0328 	EXP 	text: autoDraw = False
1845.0328 	EXP 	textbox: autoDraw = False
1845.0328 	EXP 	fixation: autoDraw = True
1845.0962 	DATA 	Mouse:  Left button up, pos=(761,190)
1846.0194 	INFO 	Keyboard events cleared
1846.0192 	EXP 	polygon: autoDraw = True
1846.0297 	EXP 	fixation: autoDraw = False
1846.3370 	EXP 	Device response: <KeyPress from None: t=1846.3327034580288, value=space, duration=None>
1846.3440 	DATA 	Keypress: space
1846.3486 	EXP 	fixation: autoDraw = False
1846.3486 	EXP 	polygon: autoDraw = False
1846.3805 	EXP 	Device response: <KeyPress from None: t=1846.3327034580288, value=space, duration=0.04503183299675584>
1846.7298 	EXP 	Sound sound_1 reached end of file
1846.7461 	EXP 	Playing sound sound_1 on speaker Nirvana Crystl
1847.1804 	EXP 	Sound sound_1 stopped
1847.1995 	EXP 	text: autoDraw = True
1847.1995 	EXP 	textbox: autoDraw = True
1848.0198 	EXP 	Device response: <KeyPress from None: t=1848.0176845410606, value=5, duration=None>
1848.0236 	DATA 	Keypress: 5
1848.1200 	EXP 	Device response: <KeyPress from None: t=1848.0176845410606, value=5, duration=0.09621724998578429>
1848.2621 	EXP 	Device response: <KeyPress from None: t=1848.2595834580716, value=0, duration=None>
1848.2650 	DATA 	Keypress: 0
1848.3296 	EXP 	Device response: <KeyPress from None: t=1848.2595834580716, value=0, duration=0.060342957964167>
1848.3828 	DATA 	Keypress: 0
1848.3877 	EXP 	Device response: <KeyPress from None: t=1848.378606125014, value=0, duration=None>
1848.4455 	EXP 	Device response: <KeyPress from None: t=1848.378606125014, value=0, duration=0.06425879104062915>
1848.8470 	DATA 	Mouse: Left button down, pos=(761,190)
1848.8532 	EXP 	New trial (rep=23, index=1): <Trial 277 (1 in rep 23) data={'delay': 0.4, 'freq': 1000.0, 'conditions': 'exp', 'thisN': 277, 'thisTrialN': 1, 'thisRepN': 23}>
1848.8614 	EXP 	text: autoDraw = False
1848.8614 	EXP 	textbox: autoDraw = False
1848.8614 	EXP 	fixation: autoDraw = True
1848.9459 	DATA 	Mouse:  Left button up, pos=(761,190)
1849.8462 	INFO 	Keyboard events cleared
1849.8460 	EXP 	polygon: autoDraw = True
1849.8523 	EXP 	fixation: autoDraw = False
1853.9198 	EXP 	Device response: <KeyPress from None: t=1853.9131312500685, value=space, duration=None>
1853.9266 	DATA 	Keypress: space
1853.9316 	EXP 	fixation: autoDraw = False
1853.9316 	EXP 	polygon: autoDraw = False
1853.9636 	EXP 	Device response: <KeyPress from None: t=1853.9131312500685, value=space, duration=0.037971416022628546>
1854.3131 	EXP 	Sound sound_1 reached end of file
1854.3294 	EXP 	Playing sound sound_1 on speaker Nirvana Crystl
1854.7639 	EXP 	Sound sound_1 stopped
1854.7840 	EXP 	text: autoDraw = True
1854.7840 	EXP 	textbox: autoDraw = True
1856.6202 	EXP 	Device response: <KeyPress from None: t=1856.618775500101, value=2, duration=None>
1856.6243 	DATA 	Keypress: 2
1856.7124 	EXP 	Device response: <KeyPress from None: t=1856.618775500101, value=2, duration=0.08427179092541337>
1856.8787 	EXP 	Device response: <KeyPress from None: t=1856.8776602910366, value=0, duration=None>
1856.8828 	DATA 	Keypress: 0
1856.9462 	EXP 	Device response: <KeyPress from None: t=1856.8776602910366, value=0, duration=0.060388042009435594>
1857.0793 	DATA 	Keypress: 0
1857.0803 	EXP 	Device response: <KeyPress from None: t=1857.071723666042, value=0, duration=None>
1857.1190 	EXP 	Device response: <KeyPress from None: t=1857.071723666042, value=0, duration=0.044237834052182734>
1857.4972 	DATA 	Mouse: Left button down, pos=(761,190)
1857.5034 	EXP 	New trial (rep=23, index=2): <Trial 278 (2 in rep 23) data={'delay': 0.4, 'freq': 400.0, 'conditions': 'unexp', 'thisN': 278, 'thisTrialN': 2, 'thisRepN': 23}>
1857.5115 	EXP 	text: autoDraw = False
1857.5115 	EXP 	textbox: autoDraw = False
1857.5115 	EXP 	fixation: autoDraw = True
1857.5456 	DATA 	Mouse:  Left button up, pos=(761,190)
1858.5026 	INFO 	Keyboard events cleared
1858.5024 	EXP 	fixation: autoDraw = False
1858.5024 	EXP 	polygon: autoDraw = True
1860.2522 	EXP 	Device response: <KeyPress from None: t=1860.246505875024, value=space, duration=None>
1860.2597 	DATA 	Keypress: space
1860.2650 	EXP 	fixation: autoDraw = False
1860.2650 	EXP 	polygon: autoDraw = False
1860.2968 	EXP 	Device response: <KeyPress from None: t=1860.246505875024, value=space, duration=0.04848845803644508>
1860.6461 	EXP 	Sound sound_1 reached end of file
1860.6625 	EXP 	Playing sound sound_1 on speaker Nirvana Crystl
1861.0965 	EXP 	Sound sound_1 stopped
1861.1157 	EXP 	text: autoDraw = True
1861.1157 	EXP 	textbox: autoDraw = True
1861.6782 	EXP 	Device response: <KeyPress from None: t=1861.6746272910386, value=3, duration=None>
1861.6828 	DATA 	Keypress: 3
1861.7791 	EXP 	Device response: <KeyPress from None: t=1861.6746272910386, value=3, duration=0.09634112496860325>
1861.9459 	DATA 	Keypress: 0
1861.9469 	EXP 	Device response: <KeyPress from None: t=1861.936506500002, value=0, duration=None>
1862.0028 	EXP 	Device response: <KeyPress from None: t=1861.936506500002, value=0, duration=0.06030216603539884>
1862.0787 	EXP 	Device response: <KeyPress from None: t=1862.0774905830622, value=0, duration=None>
1862.0815 	DATA 	Keypress: 0
1862.1360 	EXP 	Device response: <KeyPress from None: t=1862.0774905830622, value=0, duration=0.056487750029191375>
1862.9481 	DATA 	Mouse: Left button down, pos=(761,190)
1862.9529 	EXP 	New trial (rep=23, index=3): <Trial 279 (3 in rep 23) data={'delay': 0.4, 'freq': 1000.0, 'conditions': 'exp', 'thisN': 279, 'thisTrialN': 3, 'thisRepN': 23}>
1862.9618 	EXP 	text: autoDraw = False
1862.9618 	EXP 	textbox: autoDraw = False
1862.9618 	EXP 	fixation: autoDraw = True
1863.0464 	DATA 	Mouse:  Left button up, pos=(761,190)
1863.9514 	INFO 	Keyboard events cleared
1863.9513 	EXP 	fixation: autoDraw = False
1863.9513 	EXP 	polygon: autoDraw = True
1865.4142 	EXP 	Device response: <KeyPress from None: t=1865.4045569580048, value=space, duration=None>
1865.4215 	DATA 	Keypress: space
1865.4267 	EXP 	fixation: autoDraw = False
1865.4267 	EXP 	polygon: autoDraw = False
1865.4681 	EXP 	Device response: <KeyPress from None: t=1865.4045569580048, value=space, duration=0.06027745804749429>
1865.8017 	EXP 	Sound sound_1 reached end of file
1865.8181 	EXP 	Playing sound sound_1 on speaker Nirvana Crystl
1866.2518 	EXP 	Sound sound_1 stopped
1866.2718 	EXP 	text: autoDraw = True
1866.2718 	EXP 	textbox: autoDraw = True
1867.0119 	EXP 	Device response: <KeyPress from None: t=1867.0074747080216, value=3, duration=None>
1867.0158 	DATA 	Keypress: 3
1867.0794 	EXP 	Device response: <KeyPress from None: t=1867.0074747080216, value=3, duration=0.06432583299465477>
1867.2529 	DATA 	Keypress: 0
1867.2539 	EXP 	Device response: <KeyPress from None: t=1867.245350375073, value=0, duration=None>
1867.3116 	EXP 	Device response: <KeyPress from None: t=1867.245350375073, value=0, duration=0.05640200001653284>
1867.3785 	EXP 	Device response: <KeyPress from None: t=1867.3744453330291, value=0, duration=None>
1867.3814 	DATA 	Keypress: 0
1867.4362 	EXP 	Device response: <KeyPress from None: t=1867.3744453330291, value=0, duration=0.05632733297534287>
1867.8484 	DATA 	Mouse: Left button down, pos=(761,190)
1867.8530 	EXP 	New trial (rep=23, index=4): <Trial 280 (4 in rep 23) data={'delay': 0.7, 'freq': 400.0, 'conditions': 'unexp', 'thisN': 280, 'thisTrialN': 4, 'thisRepN': 23}>
1867.8615 	EXP 	text: autoDraw = False
1867.8615 	EXP 	textbox: autoDraw = False
1867.8615 	EXP 	fixation: autoDraw = True
1867.9628 	DATA 	Mouse:  Left button up, pos=(761,190)
1868.8462 	INFO 	Keyboard events cleared
1868.8460 	EXP 	polygon: autoDraw = True
1868.8524 	EXP 	fixation: autoDraw = False
1871.4865 	EXP 	Device response: <KeyPress from None: t=1871.4824100830592, value=space, duration=None>
1871.4930 	DATA 	Keypress: space
1871.4983 	EXP 	fixation: autoDraw = False
1871.4983 	EXP 	polygon: autoDraw = False
1871.5134 	EXP 	Device response: <KeyPress from None: t=1871.4824100830592, value=space, duration=0.02829687495250255>
1872.1796 	EXP 	Sound sound_1 reached end of file
1872.1959 	EXP 	Playing sound sound_1 on speaker Nirvana Crystl
1872.6306 	EXP 	Sound sound_1 stopped
1872.6505 	EXP 	text: autoDraw = True
1872.6505 	EXP 	textbox: autoDraw = True
1874.5077 	DATA 	Keypress: 2
1874.5126 	EXP 	Device response: <KeyPress from None: t=1874.503334625042, value=2, duration=None>
1874.5959 	EXP 	Device response: <KeyPress from None: t=1874.503334625042, value=2, duration=0.08829604100901634>
1874.7019 	EXP 	Device response: <KeyPress from None: t=1874.7012787910644, value=0, duration=None>
1874.7063 	DATA 	Keypress: 0
1874.7528 	EXP 	Device response: <KeyPress from None: t=1874.7012787910644, value=0, duration=0.044375209021382034>
1874.8187 	EXP 	Device response: <KeyPress from None: t=1874.8172552500619, value=0, duration=None>
1874.8215 	DATA 	Keypress: 0
1874.8793 	EXP 	Device response: <KeyPress from None: t=1874.8172552500619, value=0, duration=0.05625795794185251>
1875.2948 	DATA 	Mouse: Left button down, pos=(761,190)
1875.2957 	EXP 	New trial (rep=23, index=5): <Trial 281 (5 in rep 23) data={'delay': 0.1, 'freq': 1000.0, 'conditions': 'exp', 'thisN': 281, 'thisTrialN': 5, 'thisRepN': 23}>
1875.2993 	EXP 	text: autoDraw = False
1875.2993 	EXP 	textbox: autoDraw = False
1875.2993 	EXP 	fixation: autoDraw = True
1875.3296 	DATA 	Mouse:  Left button up, pos=(761,190)
1876.2865 	INFO 	Keyboard events cleared
1876.2863 	EXP 	polygon: autoDraw = True
1876.2957 	EXP 	fixation: autoDraw = False
1882.3360 	EXP 	Device response: <KeyPress from None: t=1882.334013625048, value=space, duration=None>
1882.3426 	DATA 	Keypress: space
1882.3478 	EXP 	fixation: autoDraw = False
1882.3478 	EXP 	polygon: autoDraw = False
1882.3799 	EXP 	Device response: <KeyPress from None: t=1882.334013625048, value=space, duration=0.03390216606203467>
1882.4294 	EXP 	Sound sound_1 reached end of file
1882.4458 	EXP 	Playing sound sound_1 on speaker Nirvana Crystl
1882.8801 	EXP 	Sound sound_1 stopped
1882.8990 	EXP 	text: autoDraw = True
1882.8990 	EXP 	textbox: autoDraw = True
1883.4118 	EXP 	Device response: <KeyPress from None: t=1883.4106692080386, value=3, duration=None>
1883.4161 	DATA 	Keypress: 3
1883.5028 	EXP 	Device response: <KeyPress from None: t=1883.4106692080386, value=3, duration=0.08833529206458479>
1883.7624 	DATA 	Keypress: 0
1883.7634 	EXP 	Device response: <KeyPress from None: t=1883.7525635830825, value=0, duration=None>
1883.8117 	EXP 	Device response: <KeyPress from None: t=1883.7525635830825, value=0, duration=0.05641454202122986>
1883.8854 	EXP 	Device response: <KeyPress from None: t=1883.8826071660733, value=0, duration=None>
1883.8881 	DATA 	Keypress: 0
1883.9458 	EXP 	Device response: <KeyPress from None: t=1883.8826071660733, value=0, duration=0.05638774996623397>
1884.4121 	DATA 	Mouse: Left button down, pos=(761,190)
1884.4130 	EXP 	New trial (rep=23, index=6): <Trial 282 (6 in rep 23) data={'delay': 0.1, 'freq': 1000.0, 'conditions': 'exp', 'thisN': 282, 'thisTrialN': 6, 'thisRepN': 23}>
1884.4163 	EXP 	text: autoDraw = False
1884.4163 	EXP 	textbox: autoDraw = False
1884.4163 	EXP 	fixation: autoDraw = True
1884.5461 	DATA 	Mouse:  Left button up, pos=(761,190)
1885.4024 	INFO 	Keyboard events cleared
1885.4022 	EXP 	polygon: autoDraw = True
1885.4125 	EXP 	fixation: autoDraw = False
1886.4188 	EXP 	Device response: <KeyPress from None: t=1886.4175728750415, value=space, duration=None>
1886.4258 	DATA 	Keypress: space
1886.4312 	EXP 	fixation: autoDraw = False
1886.4312 	EXP 	polygon: autoDraw = False
1886.4802 	EXP 	Device response: <KeyPress from None: t=1886.4175728750415, value=space, duration=0.05627449997700751>
1886.5125 	EXP 	Sound sound_1 reached end of file
1886.5289 	EXP 	Playing sound sound_1 on speaker Nirvana Crystl
1886.9636 	EXP 	Sound sound_1 stopped
1886.9837 	EXP 	text: autoDraw = True
1886.9837 	EXP 	textbox: autoDraw = True
1887.4619 	EXP 	Device response: <KeyPress from None: t=1887.4594415830215, value=4, duration=None>
1887.4662 	DATA 	Keypress: 4
1887.5691 	EXP 	Device response: <KeyPress from None: t=1887.4594415830215, value=4, duration=0.10444262507371604>
1888.3521 	EXP 	Device response: <KeyPress from None: t=1888.3507464160211, value=backspace, duration=None>
1888.3560 	DATA 	Keypress: backspace
1888.4281 	EXP 	Device response: <KeyPress from None: t=1888.3507464160211, value=backspace, duration=0.07596899999771267>
1888.7028 	EXP 	Device response: <KeyPress from None: t=1888.7005457080668, value=1, duration=None>
1888.7070 	DATA 	Keypress: 1
1888.8283 	EXP 	Device response: <KeyPress from None: t=1888.7005457080668, value=1, duration=0.12424291693605483>
1888.9956 	DATA 	Keypress: 0
1888.9966 	EXP 	Device response: <KeyPress from None: t=1888.985427500098, value=0, duration=None>
1889.0351 	EXP 	Device response: <KeyPress from None: t=1888.985427500098, value=0, duration=0.04842437501065433>
1889.1019 	EXP 	Device response: <KeyPress from None: t=1889.1005394160748, value=0, duration=None>
1889.1059 	DATA 	Keypress: 0
1889.1620 	EXP 	Device response: <KeyPress from None: t=1889.1005394160748, value=0, duration=0.06037874997127801>
1889.5649 	DATA 	Mouse: Left button down, pos=(761,190)
1889.5693 	EXP 	New trial (rep=23, index=7): <Trial 283 (7 in rep 23) data={'delay': 0.1, 'freq': 400.0, 'conditions': 'unexp', 'thisN': 283, 'thisTrialN': 7, 'thisRepN': 23}>
1889.5777 	EXP 	text: autoDraw = False
1889.5777 	EXP 	textbox: autoDraw = False
1889.5777 	EXP 	fixation: autoDraw = True
1889.6790 	DATA 	Mouse:  Left button up, pos=(761,190)
1890.5626 	INFO 	Keyboard events cleared
1890.5624 	EXP 	polygon: autoDraw = True
1890.5689 	EXP 	fixation: autoDraw = False
1891.0304 	EXP 	Device response: <KeyPress from None: t=1891.025126833003, value=space, duration=None>
1891.0379 	DATA 	Keypress: space
1891.0429 	EXP 	fixation: autoDraw = False
1891.0429 	EXP 	polygon: autoDraw = False
1891.0676 	EXP 	Device response: <KeyPress from None: t=1891.025126833003, value=space, duration=0.0406202080193907>
1891.1184 	EXP 	Sound sound_1 reached end of file
1891.1348 	EXP 	Playing sound sound_1 on speaker Nirvana Crystl
1891.5693 	EXP 	Sound sound_1 stopped
1891.5892 	EXP 	text: autoDraw = True
1891.5892 	EXP 	textbox: autoDraw = True
1892.6128 	EXP 	Device response: <KeyPress from None: t=1892.609443500056, value=2, duration=None>
1892.6173 	DATA 	Keypress: 2
1892.6949 	EXP 	Device response: <KeyPress from None: t=1892.609443500056, value=2, duration=0.08030233299359679>
1892.9724 	DATA 	Keypress: 0
1892.9782 	EXP 	Device response: <KeyPress from None: t=1892.9683327500243, value=0, duration=None>
1893.0289 	EXP 	Device response: <KeyPress from None: t=1892.9683327500243, value=0, duration=0.052364708040840924>
1893.9115 	EXP 	Device response: <KeyPress from None: t=1893.9073296251008, value=0, duration=None>
1893.9144 	DATA 	Keypress: 0
1893.9689 	EXP 	Device response: <KeyPress from None: t=1893.9073296251008, value=0, duration=0.056418915977701545>
1894.4614 	DATA 	Mouse: Left button down, pos=(761,190)
1894.4623 	EXP 	New trial (rep=23, index=8): <Trial 284 (8 in rep 23) data={'delay': 0.7, 'freq': 1000.0, 'conditions': 'exp', 'thisN': 284, 'thisTrialN': 8, 'thisRepN': 23}>
1894.4661 	EXP 	text: autoDraw = False
1894.4661 	EXP 	textbox: autoDraw = False
1894.4661 	EXP 	fixation: autoDraw = True
1894.5794 	DATA 	Mouse:  Left button up, pos=(761,190)
1895.4514 	INFO 	Keyboard events cleared
1895.4513 	EXP 	polygon: autoDraw = True
1895.4623 	EXP 	fixation: autoDraw = False
1896.0196 	EXP 	Device response: <KeyPress from None: t=1896.0153737080982, value=space, duration=None>
1896.0266 	DATA 	Keypress: space
1896.0314 	EXP 	fixation: autoDraw = False
1896.0314 	EXP 	polygon: autoDraw = False
1896.0968 	EXP 	Device response: <KeyPress from None: t=1896.0153737080982, value=space, duration=0.0682367499684915>
1896.7128 	EXP 	Sound sound_1 reached end of file
1896.7291 	EXP 	Playing sound sound_1 on speaker Nirvana Crystl
1897.1633 	EXP 	Sound sound_1 stopped
1897.1825 	EXP 	text: autoDraw = True
1897.1825 	EXP 	textbox: autoDraw = True
1897.5921 	DATA 	Keypress: 6
1897.5971 	EXP 	Device response: <KeyPress from None: t=1897.5871954160975, value=6, duration=None>
1897.6619 	EXP 	Device response: <KeyPress from None: t=1897.5871954160975, value=6, duration=0.07232558401301503>
1897.9623 	DATA 	Keypress: 0
1897.9634 	EXP 	Device response: <KeyPress from None: t=1897.9542652081, value=0, duration=None>
1898.0359 	EXP 	Device response: <KeyPress from None: t=1897.9542652081, value=0, duration=0.07639483292587101>
1898.0961 	DATA 	Keypress: 0
1898.0970 	EXP 	Device response: <KeyPress from None: t=1898.0861812500516, value=0, duration=None>
1898.1690 	EXP 	Device response: <KeyPress from None: t=1898.0861812500516, value=0, duration=0.07643300003837794>
1898.5470 	DATA 	Mouse: Left button down, pos=(761,190)
1898.5534 	EXP 	New trial (rep=23, index=9): <Trial 285 (9 in rep 23) data={'delay': 0.7, 'freq': 1000.0, 'conditions': 'exp', 'thisN': 285, 'thisTrialN': 9, 'thisRepN': 23}>
1898.5608 	EXP 	text: autoDraw = False
1898.5608 	EXP 	textbox: autoDraw = False
1898.5608 	EXP 	fixation: autoDraw = True
1898.6961 	DATA 	Mouse:  Left button up, pos=(761,190)
1899.5520 	INFO 	Keyboard events cleared
1899.5519 	EXP 	fixation: autoDraw = False
1899.5519 	EXP 	polygon: autoDraw = True
1900.0972 	EXP 	Device response: <KeyPress from None: t=1900.086102875066, value=space, duration=None>
1900.1043 	DATA 	Keypress: space
1900.1093 	EXP 	fixation: autoDraw = False
1900.1093 	EXP 	polygon: autoDraw = False
1900.1971 	EXP 	Device response: <KeyPress from None: t=1900.086102875066, value=space, duration=0.10450020793359727>
1900.7847 	EXP 	Sound sound_1 reached end of file
1900.8011 	EXP 	Playing sound sound_1 on speaker Nirvana Crystl
1901.2357 	EXP 	Sound sound_1 stopped
1901.2548 	EXP 	text: autoDraw = True
1901.2548 	EXP 	textbox: autoDraw = True
1901.6696 	EXP 	Device response: <KeyPress from None: t=1901.668243583059, value=6, duration=None>
1901.6738 	DATA 	Keypress: 6
1901.7456 	EXP 	Device response: <KeyPress from None: t=1901.668243583059, value=6, duration=0.06815887498669326>
1902.3956 	DATA 	Keypress: 0
1902.3966 	EXP 	Device response: <KeyPress from None: t=1902.388200041023, value=0, duration=None>
1902.4450 	EXP 	Device response: <KeyPress from None: t=1902.388200041023, value=0, duration=0.056288084015250206>
1902.5117 	EXP 	Device response: <KeyPress from None: t=1902.5090866660466, value=0, duration=None>
1902.5147 	DATA 	Keypress: 0
1902.5687 	EXP 	Device response: <KeyPress from None: t=1902.5090866660466, value=0, duration=0.05630100006237626>
1903.2040 	DATA 	Mouse: Left button down, pos=(761,190)
1903.2110 	EXP 	New trial (rep=23, index=10): <Trial 286 (10 in rep 23) data={'delay': 0.7, 'freq': 1000.0, 'conditions': 'exp', 'thisN': 286, 'thisTrialN': 10, 'thisRepN': 23}>
1903.2141 	EXP 	text: autoDraw = False
1903.2141 	EXP 	textbox: autoDraw = False
1903.2141 	EXP 	fixation: autoDraw = True
1903.3460 	DATA 	Mouse:  Left button up, pos=(761,190)
1904.2018 	INFO 	Keyboard events cleared
1904.2017 	EXP 	polygon: autoDraw = True
1904.2122 	EXP 	fixation: autoDraw = False
1904.4966 	EXP 	Device response: <KeyPress from None: t=1904.4890827910276, value=space, duration=None>
1904.5037 	DATA 	Keypress: space
1904.5086 	EXP 	fixation: autoDraw = False
1904.5086 	EXP 	polygon: autoDraw = False
1904.5465 	EXP 	Device response: <KeyPress from None: t=1904.4890827910276, value=space, duration=0.04434704198502004>
1905.1845 	EXP 	Sound sound_1 reached end of file
1905.2009 	EXP 	Playing sound sound_1 on speaker Nirvana Crystl
1905.6353 	EXP 	Sound sound_1 stopped
1905.6546 	EXP 	text: autoDraw = True
1905.6546 	EXP 	textbox: autoDraw = True
1906.5080 	DATA 	Keypress: 7
1906.5124 	EXP 	Device response: <KeyPress from None: t=1906.5030881250277, value=7, duration=None>
1906.5785 	EXP 	Device response: <KeyPress from None: t=1906.5030881250277, value=7, duration=0.07238937506917864>
1906.7694 	DATA 	Keypress: 0
1906.7704 	EXP 	Device response: <KeyPress from None: t=1906.7640759160277, value=0, duration=None>
1906.8451 	EXP 	Device response: <KeyPress from None: t=1906.7640759160277, value=0, duration=0.08019212505314499>
1906.9020 	EXP 	Device response: <KeyPress from None: t=1906.8999855000293, value=0, duration=None>
1906.9047 	DATA 	Keypress: 0
1906.9859 	EXP 	Device response: <KeyPress from None: t=1906.8999855000293, value=0, duration=0.08029133302625269>
1907.3519 	DATA 	Mouse: Left button down, pos=(761,190)
1907.3528 	EXP 	New trial (rep=23, index=11): <Trial 287 (11 in rep 23) data={'delay': 0.1, 'freq': 1000.0, 'conditions': 'exp', 'thisN': 287, 'thisTrialN': 11, 'thisRepN': 23}>
1907.3607 	EXP 	text: autoDraw = False
1907.3607 	EXP 	textbox: autoDraw = False
1907.3607 	EXP 	fixation: autoDraw = True
1907.4821 	DATA 	Mouse:  Left button up, pos=(761,190)
1908.3518 	INFO 	Keyboard events cleared
1908.3517 	EXP 	fixation: autoDraw = False
1908.3517 	EXP 	polygon: autoDraw = True
1909.0194 	EXP 	Device response: <KeyPress from None: t=1909.016023291042, value=space, duration=None>
1909.0266 	DATA 	Keypress: space
1909.0312 	EXP 	fixation: autoDraw = False
1909.0312 	EXP 	polygon: autoDraw = False
1909.0856 	EXP 	Device response: <KeyPress from None: t=1909.016023291042, value=space, duration=0.06434158398769796>
1909.1124 	EXP 	Sound sound_1 reached end of file
1909.1288 	EXP 	Playing sound sound_1 on speaker Nirvana Crystl
1909.5623 	EXP 	Sound sound_1 stopped
1909.5820 	EXP 	text: autoDraw = True
1909.5820 	EXP 	textbox: autoDraw = True
1910.6699 	EXP 	Device response: <KeyPress from None: t=1910.6689976661, value=2, duration=None>
1910.6740 	DATA 	Keypress: 2
1910.7620 	EXP 	Device response: <KeyPress from None: t=1910.6689976661, value=2, duration=0.08431549998931587>
1910.9360 	DATA 	Keypress: 0
1910.9370 	EXP 	Device response: <KeyPress from None: t=1910.9302154580364, value=0, duration=None>
1910.9952 	EXP 	Device response: <KeyPress from None: t=1910.9302154580364, value=0, duration=0.060114167048595846>
1911.0629 	DATA 	Keypress: 0
1911.0639 	EXP 	Device response: <KeyPress from None: t=1911.0548688330455, value=0, duration=None>
1911.1289 	EXP 	Device response: <KeyPress from None: t=1911.0548688330455, value=0, duration=0.06433329195715487>
1911.4445 	DATA 	Mouse: Left button down, pos=(761,190)
1911.4454 	EXP 	New trial (rep=24, index=0): <Trial 288 (0 in rep 24) data={'delay': 0.4, 'freq': 400.0, 'conditions': 'unexp', 'thisN': 288, 'thisTrialN': 0, 'thisRepN': 24}>
1911.4487 	EXP 	text: autoDraw = False
1911.4487 	EXP 	textbox: autoDraw = False
1911.4487 	EXP 	fixation: autoDraw = True
1911.5623 	DATA 	Mouse:  Left button up, pos=(761,190)
1912.4356 	INFO 	Keyboard events cleared
1912.4354 	EXP 	polygon: autoDraw = True
1912.4455 	EXP 	fixation: autoDraw = False
1912.8862 	EXP 	Device response: <KeyPress from None: t=1912.8808694160543, value=space, duration=None>
1912.8929 	DATA 	Keypress: space
1912.8980 	EXP 	fixation: autoDraw = False
1912.8980 	EXP 	polygon: autoDraw = False
1912.9636 	EXP 	Device response: <KeyPress from None: t=1912.8808694160543, value=space, duration=0.07636504201218486>
1913.2789 	EXP 	Sound sound_1 reached end of file
1913.2954 	EXP 	Playing sound sound_1 on speaker Nirvana Crystl
1913.7300 	EXP 	Sound sound_1 stopped
1913.7497 	EXP 	text: autoDraw = True
1913.7497 	EXP 	textbox: autoDraw = True
1914.3416 	DATA 	Keypress: 4
1914.3472 	EXP 	Device response: <KeyPress from None: t=1914.336765416083, value=4, duration=None>
1914.4354 	EXP 	Device response: <KeyPress from None: t=1914.336765416083, value=4, duration=0.09243804193101823>
1914.5851 	EXP 	Device response: <KeyPress from None: t=1914.5828103750246, value=0, duration=None>
1914.5880 	DATA 	Keypress: 0
1914.6447 	EXP 	Device response: <KeyPress from None: t=1914.5828103750246, value=0, duration=0.060392500017769635>
1914.7116 	EXP 	Device response: <KeyPress from None: t=1914.7107981661102, value=0, duration=None>
1914.7159 	DATA 	Keypress: 0
1914.7856 	EXP 	Device response: <KeyPress from None: t=1914.7107981661102, value=0, duration=0.07238658389542252>
1915.1950 	DATA 	Mouse: Left button down, pos=(761,190)
1915.1959 	EXP 	New trial (rep=24, index=1): <Trial 289 (1 in rep 24) data={'delay': 0.4, 'freq': 1000.0, 'conditions': 'exp', 'thisN': 289, 'thisTrialN': 1, 'thisRepN': 24}>
1915.1994 	EXP 	text: autoDraw = False
1915.1994 	EXP 	textbox: autoDraw = False
1915.1994 	EXP 	fixation: autoDraw = True
1915.3293 	DATA 	Mouse:  Left button up, pos=(761,190)
1916.1845 	INFO 	Keyboard events cleared
1916.1844 	EXP 	polygon: autoDraw = True
1916.1955 	EXP 	fixation: autoDraw = False
1916.4693 	EXP 	Device response: <KeyPress from None: t=1916.4667641660199, value=space, duration=None>
1916.4767 	DATA 	Keypress: space
1916.4813 	EXP 	fixation: autoDraw = False
1916.4813 	EXP 	polygon: autoDraw = False
1916.5469 	EXP 	Device response: <KeyPress from None: t=1916.4667641660199, value=space, duration=0.07240012509282678>
1916.8623 	EXP 	Sound sound_1 reached end of file
1916.8787 	EXP 	Playing sound sound_1 on speaker Nirvana Crystl
1917.3122 	EXP 	Sound sound_1 stopped
1917.3312 	EXP 	text: autoDraw = True
1917.3312 	EXP 	textbox: autoDraw = True
1918.2660 	DATA 	Keypress: 3
1918.2707 	EXP 	Device response: <KeyPress from None: t=1918.260774375056, value=3, duration=None>
1918.3450 	EXP 	Device response: <KeyPress from None: t=1918.260774375056, value=3, duration=0.08032562502194196>
1918.5026 	DATA 	Keypress: 0
1918.5036 	EXP 	Device response: <KeyPress from None: t=1918.4978186250664, value=0, duration=None>
1918.5688 	EXP 	Device response: <KeyPress from None: t=1918.4978186250664, value=0, duration=0.06429749995004386>
1918.6458 	DATA 	Keypress: 0
1918.6467 	EXP 	Device response: <KeyPress from None: t=1918.6376594160683, value=0, duration=None>
1918.6953 	EXP 	Device response: <KeyPress from None: t=1918.6376594160683, value=0, duration=0.05250604194588959>
1919.1450 	DATA 	Mouse: Left button down, pos=(761,190)
1919.1459 	EXP 	New trial (rep=24, index=2): <Trial 290 (2 in rep 24) data={'delay': 0.7, 'freq': 400.0, 'conditions': 'unexp', 'thisN': 290, 'thisTrialN': 2, 'thisRepN': 24}>
1919.1495 	EXP 	text: autoDraw = False
1919.1495 	EXP 	textbox: autoDraw = False
1919.1495 	EXP 	fixation: autoDraw = True
1919.2458 	DATA 	Mouse:  Left button up, pos=(761,190)
1920.1354 	INFO 	Keyboard events cleared
1920.1352 	EXP 	polygon: autoDraw = True
1920.1456 	EXP 	fixation: autoDraw = False
1920.6524 	EXP 	Device response: <KeyPress from None: t=1920.6466347080423, value=space, duration=None>
1920.6590 	DATA 	Keypress: space
1920.6643 	EXP 	fixation: autoDraw = False
1920.6643 	EXP 	polygon: autoDraw = False
1920.7190 	EXP 	Device response: <KeyPress from None: t=1920.6466347080423, value=space, duration=0.06849258299916983>
1921.3455 	EXP 	Sound sound_1 reached end of file
1921.3620 	EXP 	Playing sound sound_1 on speaker Nirvana Crystl
1921.7966 	EXP 	Sound sound_1 stopped
1921.8163 	EXP 	text: autoDraw = True
1921.8163 	EXP 	textbox: autoDraw = True
1922.6946 	EXP 	Device response: <KeyPress from None: t=1922.6907671660883, value=5, duration=None>
1922.6989 	DATA 	Keypress: 5
1922.7686 	EXP 	Device response: <KeyPress from None: t=1922.6907671660883, value=5, duration=0.07615545892622322>
1923.2360 	DATA 	Keypress: 0
1923.2370 	EXP 	Device response: <KeyPress from None: t=1923.2296940831002, value=0, duration=None>
1923.2778 	EXP 	Device response: <KeyPress from None: t=1923.2296940831002, value=0, duration=0.04432470793835819>
1923.3448 	EXP 	Device response: <KeyPress from None: t=1923.3426012910204, value=0, duration=None>
1923.3477 	DATA 	Keypress: 0
1923.4188 	EXP 	Device response: <KeyPress from None: t=1923.3426012910204, value=0, duration=0.07238383404910564>
1923.7779 	DATA 	Mouse: Left button down, pos=(761,190)
1923.7788 	EXP 	New trial (rep=24, index=3): <Trial 291 (3 in rep 24) data={'delay': 0.4, 'freq': 1000.0, 'conditions': 'exp', 'thisN': 291, 'thisTrialN': 3, 'thisRepN': 24}>
1923.7822 	EXP 	text: autoDraw = False
1923.7822 	EXP 	textbox: autoDraw = False
1923.7822 	EXP 	fixation: autoDraw = True
1923.9118 	DATA 	Mouse:  Left button up, pos=(761,190)
1924.7781 	INFO 	Keyboard events cleared
1924.7778 	EXP 	fixation: autoDraw = False
1924.7778 	EXP 	polygon: autoDraw = True
1926.2635 	EXP 	Device response: <KeyPress from None: t=1926.259684125078, value=space, duration=None>
1926.2726 	DATA 	Keypress: space
1926.2781 	EXP 	fixation: autoDraw = False
1926.2781 	EXP 	polygon: autoDraw = False
1926.3129 	EXP 	Device response: <KeyPress from None: t=1926.259684125078, value=space, duration=0.05222800001502037>
1926.6512 	EXP 	Sound sound_1 reached end of file
1926.6676 	EXP 	Playing sound sound_1 on speaker Nirvana Crystl
1927.1024 	EXP 	Sound sound_1 stopped
1927.1220 	EXP 	text: autoDraw = True
1927.1220 	EXP 	textbox: autoDraw = True
1927.4944 	EXP 	Device response: <KeyPress from None: t=1927.490620458033, value=4, duration=None>
1927.4987 	DATA 	Keypress: 4
1927.5689 	EXP 	Device response: <KeyPress from None: t=1927.490620458033, value=4, duration=0.07620954199228436>
1927.7191 	DATA 	Keypress: 0
1927.7202 	EXP 	Device response: <KeyPress from None: t=1927.711616625078, value=0, duration=None>
1927.7689 	EXP 	Device response: <KeyPress from None: t=1927.711616625078, value=0, duration=0.05631358292885125>
1927.8324 	DATA 	Keypress: 0
1927.8367 	EXP 	Device response: <KeyPress from None: t=1927.8284032080555, value=0, duration=None>
1927.9019 	EXP 	Device response: <KeyPress from None: t=1927.8284032080555, value=0, duration=0.07251095795072615>
1928.2041 	DATA 	Mouse: Left button down, pos=(761,190)
1928.2113 	EXP 	New trial (rep=24, index=4): <Trial 292 (4 in rep 24) data={'delay': 0.4, 'freq': 1000.0, 'conditions': 'exp', 'thisN': 292, 'thisTrialN': 4, 'thisRepN': 24}>
1928.2144 	EXP 	text: autoDraw = False
1928.2144 	EXP 	textbox: autoDraw = False
1928.2144 	EXP 	fixation: autoDraw = True
1928.3123 	DATA 	Mouse:  Left button up, pos=(761,190)
1929.2021 	INFO 	Keyboard events cleared
1929.2019 	EXP 	polygon: autoDraw = True
1929.2120 	EXP 	fixation: autoDraw = False
1929.9302 	EXP 	Device response: <KeyPress from None: t=1929.926540125045, value=space, duration=None>
1929.9377 	DATA 	Keypress: space
1929.9428 	EXP 	fixation: autoDraw = False
1929.9428 	EXP 	polygon: autoDraw = False
1929.9842 	EXP 	Device response: <KeyPress from None: t=1929.926540125045, value=space, duration=0.05626679095439613>
1930.3178 	EXP 	Sound sound_1 reached end of file
1930.3342 	EXP 	Playing sound sound_1 on speaker Nirvana Crystl
1930.7687 	EXP 	Sound sound_1 stopped
1930.7886 	EXP 	text: autoDraw = True
1930.7886 	EXP 	textbox: autoDraw = True
1931.3953 	DATA 	Keypress: 2
1931.3964 	EXP 	Device response: <KeyPress from None: t=1931.3885146660032, value=2, duration=None>
1931.5121 	EXP 	Device response: <KeyPress from None: t=1931.3885146660032, value=2, duration=0.11631108401343226>
1931.6788 	DATA 	Keypress: 0
1931.6798 	EXP 	Device response: <KeyPress from None: t=1931.6714317080332, value=0, duration=None>
1931.7282 	EXP 	Device response: <KeyPress from None: t=1931.6714317080332, value=0, duration=0.056353542022407055>
1931.7947 	EXP 	Device response: <KeyPress from None: t=1931.7915344160283, value=0, duration=None>
1931.7975 	DATA 	Keypress: 0
1931.8856 	EXP 	Device response: <KeyPress from None: t=1931.7915344160283, value=0, duration=0.0882348750019446>
1932.2534 	DATA 	Mouse: Left button down, pos=(761,190)
1932.2611 	EXP 	New trial (rep=24, index=5): <Trial 293 (5 in rep 24) data={'delay': 0.1, 'freq': 1000.0, 'conditions': 'exp', 'thisN': 293, 'thisTrialN': 5, 'thisRepN': 24}>
1932.2643 	EXP 	text: autoDraw = False
1932.2643 	EXP 	textbox: autoDraw = False
1932.2643 	EXP 	fixation: autoDraw = True
1932.3453 	DATA 	Mouse:  Left button up, pos=(761,190)
1933.2518 	INFO 	Keyboard events cleared
1933.2516 	EXP 	polygon: autoDraw = True
1933.2622 	EXP 	fixation: autoDraw = False
1934.8798 	EXP 	Device response: <KeyPress from None: t=1934.8713157080347, value=space, duration=None>
1934.8868 	DATA 	Keypress: space
1934.8919 	EXP 	fixation: autoDraw = False
1934.8919 	EXP 	polygon: autoDraw = False
1934.9344 	EXP 	Device response: <KeyPress from None: t=1934.8713157080347, value=space, duration=0.06042191700544208>
1934.9679 	EXP 	Sound sound_1 reached end of file
1934.9843 	EXP 	Playing sound sound_1 on speaker Nirvana Crystl
1935.4188 	EXP 	Sound sound_1 stopped
1935.4386 	EXP 	text: autoDraw = True
1935.4386 	EXP 	textbox: autoDraw = True
1936.2364 	DATA 	Keypress: 1
1936.2375 	EXP 	Device response: <KeyPress from None: t=1936.2303887500893, value=1, duration=None>
1936.3122 	EXP 	Device response: <KeyPress from None: t=1936.2303887500893, value=1, duration=0.07228245795704424>
1936.9618 	EXP 	Device response: <KeyPress from None: t=1936.9603573750937, value=0, duration=None>
1936.9662 	DATA 	Keypress: 0
1937.0187 	EXP 	Device response: <KeyPress from None: t=1936.9603573750937, value=0, duration=0.05228387494571507>
1937.0957 	DATA 	Keypress: 0
1937.0966 	EXP 	Device response: <KeyPress from None: t=1937.086268208106, value=0, duration=None>
1937.1448 	EXP 	Device response: <KeyPress from None: t=1937.086268208106, value=0, duration=0.05628866690676659>
1937.6015 	EXP 	Device response: <KeyPress from None: t=1937.6002384580206, value=return, duration=None>
1937.6089 	DATA 	Keypress: return
1937.6787 	EXP 	Device response: <KeyPress from None: t=1937.6002384580206, value=return, duration=0.07253070804290473>
1939.1277 	DATA 	Mouse: Left button down, pos=(772,162)
1939.1286 	EXP 	New trial (rep=24, index=6): <Trial 294 (6 in rep 24) data={'delay': 0.1, 'freq': 1000.0, 'conditions': 'exp', 'thisN': 294, 'thisTrialN': 6, 'thisRepN': 24}>
1939.1319 	EXP 	text: autoDraw = False
1939.1319 	EXP 	textbox: autoDraw = False
1939.1319 	EXP 	fixation: autoDraw = True
1939.3136 	DATA 	Mouse:  Left button up, pos=(772,162)
1940.1188 	INFO 	Keyboard events cleared
1940.1187 	EXP 	polygon: autoDraw = True
1940.1287 	EXP 	fixation: autoDraw = False
1941.2801 	EXP 	Device response: <KeyPress from None: t=1941.2722651660442, value=space, duration=None>
1941.2880 	DATA 	Keypress: space
1941.2933 	EXP 	fixation: autoDraw = False
1941.2933 	EXP 	polygon: autoDraw = False
1941.3466 	EXP 	Device response: <KeyPress from None: t=1941.2722651660442, value=space, duration=0.0687715420499444>
1941.3669 	EXP 	Sound sound_1 reached end of file
1941.3833 	EXP 	Playing sound sound_1 on speaker Nirvana Crystl
1941.8179 	EXP 	Sound sound_1 stopped
1941.8380 	EXP 	text: autoDraw = True
1941.8380 	EXP 	textbox: autoDraw = True
1942.4531 	DATA 	Keypress: 1
1942.4542 	EXP 	Device response: <KeyPress from None: t=1942.4471120830858, value=1, duration=None>
1942.5449 	EXP 	Device response: <KeyPress from None: t=1942.4471120830858, value=1, duration=0.09648537496104836>
1942.7445 	EXP 	Device response: <KeyPress from None: t=1942.7422135410598, value=0, duration=None>
1942.7488 	DATA 	Keypress: 0
1942.8123 	EXP 	Device response: <KeyPress from None: t=1942.7422135410598, value=0, duration=0.06031541700940579>
1942.8684 	EXP 	Device response: <KeyPress from None: t=1942.8661233331077, value=0, duration=None>
1942.8711 	DATA 	Keypress: 0
1942.9282 	EXP 	Device response: <KeyPress from None: t=1942.8661233331077, value=0, duration=0.060334499925374985>
1943.2517 	DATA 	Mouse: Left button down, pos=(793,221)
1943.2526 	EXP 	New trial (rep=24, index=7): <Trial 295 (7 in rep 24) data={'delay': 0.7, 'freq': 1000.0, 'conditions': 'exp', 'thisN': 295, 'thisTrialN': 7, 'thisRepN': 24}>
1943.2605 	EXP 	text: autoDraw = False
1943.2605 	EXP 	textbox: autoDraw = False
1943.2605 	EXP 	fixation: autoDraw = True
1943.3957 	DATA 	Mouse:  Left button up, pos=(793,221)
1944.2514 	INFO 	Keyboard events cleared
1944.2512 	EXP 	fixation: autoDraw = False
1944.2512 	EXP 	polygon: autoDraw = True
1944.7800 	EXP 	Device response: <KeyPress from None: t=1944.7761782910675, value=space, duration=None>
1944.7865 	DATA 	Keypress: space
1944.7911 	EXP 	fixation: autoDraw = False
1944.7911 	EXP 	polygon: autoDraw = False
1944.8629 	EXP 	Device response: <KeyPress from None: t=1944.7761782910675, value=space, duration=0.08031533402390778>
1945.4676 	EXP 	Sound sound_1 reached end of file
1945.4840 	EXP 	Playing sound sound_1 on speaker Nirvana Crystl
1945.9176 	EXP 	Sound sound_1 stopped
1945.9374 	EXP 	text: autoDraw = True
1945.9374 	EXP 	textbox: autoDraw = True
1946.2530 	DATA 	Keypress: 4
1946.2541 	EXP 	Device response: <KeyPress from None: t=1946.248154083034, value=4, duration=None>
1946.3114 	EXP 	Device response: <KeyPress from None: t=1946.248154083034, value=4, duration=0.060384292039088905>
1946.6615 	EXP 	Device response: <KeyPress from None: t=1946.6600315410178, value=0, duration=None>
1946.6658 	DATA 	Keypress: 0
1946.7113 	EXP 	Device response: <KeyPress from None: t=1946.6600315410178, value=0, duration=0.0484551670961082>
1946.7781 	EXP 	Device response: <KeyPress from None: t=1946.7751654580934, value=0, duration=None>
1946.7811 	DATA 	Keypress: 0
1946.8610 	EXP 	Device response: <KeyPress from None: t=1946.7751654580934, value=0, duration=0.0761541249230504>
1947.4531 	DATA 	Mouse: Left button down, pos=(793,221)
1947.4613 	EXP 	New trial (rep=24, index=8): <Trial 296 (8 in rep 24) data={'delay': 0.7, 'freq': 1000.0, 'conditions': 'exp', 'thisN': 296, 'thisTrialN': 8, 'thisRepN': 24}>
1947.4648 	EXP 	text: autoDraw = False
1947.4648 	EXP 	textbox: autoDraw = False
1947.4648 	EXP 	fixation: autoDraw = True
1947.5956 	DATA 	Mouse:  Left button up, pos=(793,221)
1948.4510 	INFO 	Keyboard events cleared
1948.4508 	EXP 	polygon: autoDraw = True
1948.4620 	EXP 	fixation: autoDraw = False
1950.0295 	EXP 	Device response: <KeyPress from None: t=1950.0282964160433, value=space, duration=None>
1950.0365 	DATA 	Keypress: space
1950.0416 	EXP 	fixation: autoDraw = False
1950.0416 	EXP 	polygon: autoDraw = False
1950.1184 	EXP 	Device response: <KeyPress from None: t=1950.0282964160433, value=space, duration=0.08800554205663502>
1950.7175 	EXP 	Sound sound_1 reached end of file
1950.7339 	EXP 	Playing sound sound_1 on speaker Nirvana Crystl
1951.1687 	EXP 	Sound sound_1 stopped
1951.1884 	EXP 	text: autoDraw = True
1951.1884 	EXP 	textbox: autoDraw = True
1951.8026 	EXP 	Device response: <KeyPress from None: t=1951.7999182500644, value=2, duration=None>
1951.8065 	DATA 	Keypress: 2
1951.8856 	EXP 	Device response: <KeyPress from None: t=1951.7999182500644, value=2, duration=0.08037270803470165>
1952.0117 	EXP 	Device response: <KeyPress from None: t=1952.008930791053, value=0, duration=None>
1952.0146 	DATA 	Keypress: 0
1952.0685 	EXP 	Device response: <KeyPress from None: t=1952.008930791053, value=0, duration=0.052390833967365324>
1952.1447 	EXP 	Device response: <KeyPress from None: t=1952.1409248750424, value=0, duration=None>
1952.1475 	DATA 	Keypress: 0
1952.2109 	EXP 	Device response: <KeyPress from None: t=1952.1409248750424, value=0, duration=0.06441362504847348>
1952.9452 	DATA 	Keypress: space
1952.9463 	EXP 	Device response: <KeyPress from None: t=1952.9348895000294, value=space, duration=None>
1952.9844 	EXP 	Device response: <KeyPress from None: t=1952.9348895000294, value=space, duration=0.0484760410618037>
1954.0947 	DATA 	Mouse: Left button down, pos=(782,183)
1954.0956 	EXP 	New trial (rep=24, index=9): <Trial 297 (9 in rep 24) data={'delay': 0.1, 'freq': 400.0, 'conditions': 'unexp', 'thisN': 297, 'thisTrialN': 9, 'thisRepN': 24}>
1954.0992 	EXP 	text: autoDraw = False
1954.0992 	EXP 	textbox: autoDraw = False
1954.0992 	EXP 	fixation: autoDraw = True
1954.1288 	DATA 	Mouse:  Left button up, pos=(782,183)
1955.0854 	INFO 	Keyboard events cleared
1955.0852 	EXP 	polygon: autoDraw = True
1955.0952 	EXP 	fixation: autoDraw = False
2067.3796 	EXP 	Device response: <KeyPress from None: t=2067.377208083053, value=space, duration=None>
2067.3910 	DATA 	Keypress: space
2067.3973 	EXP 	fixation: autoDraw = False
2067.3973 	EXP 	polygon: autoDraw = False
2067.4280 	EXP 	Device response: <KeyPress from None: t=2067.377208083053, value=space, duration=0.04969387501478195>
2067.4637 	EXP 	Sound sound_1 reached end of file
2067.4801 	EXP 	Playing sound sound_1 on speaker Nirvana Crystl
2067.9144 	EXP 	Sound sound_1 stopped
2067.9349 	EXP 	text: autoDraw = True
2067.9349 	EXP 	textbox: autoDraw = True
2069.6515 	EXP 	Device response: <KeyPress from None: t=2069.6505555830663, value=2, duration=None>
2069.6558 	DATA 	Keypress: 2
2069.7515 	EXP 	Device response: <KeyPress from None: t=2069.6505555830663, value=2, duration=0.09627662494312972>
2070.2277 	DATA 	Keypress: 0
2070.2288 	EXP 	Device response: <KeyPress from None: t=2070.220682166051, value=0, duration=None>
2070.2850 	EXP 	Device response: <KeyPress from None: t=2070.220682166051, value=0, duration=0.060286959051154554>
2070.4337 	EXP 	Device response: <KeyPress from None: t=2070.4306077080546, value=0, duration=None>
2070.4367 	DATA 	Keypress: 0
2070.4834 	EXP 	Device response: <KeyPress from None: t=2070.4306077080546, value=0, duration=0.0522438749903813>
2071.5807 	DATA 	Mouse: Left button down, pos=(782,183)
2071.5853 	EXP 	New trial (rep=24, index=10): <Trial 298 (10 in rep 24) data={'delay': 0.1, 'freq': 1000.0, 'conditions': 'exp', 'thisN': 298, 'thisTrialN': 10, 'thisRepN': 24}>
2071.5927 	EXP 	text: autoDraw = False
2071.5927 	EXP 	textbox: autoDraw = False
2071.5927 	EXP 	fixation: autoDraw = True
2071.6942 	DATA 	Mouse:  Left button up, pos=(782,183)
2072.5837 	INFO 	Keyboard events cleared
2072.5835 	EXP 	fixation: autoDraw = False
2072.5835 	EXP 	polygon: autoDraw = True
2073.0451 	EXP 	Device response: <KeyPress from None: t=2073.0364394580247, value=space, duration=None>
2073.0510 	DATA 	Keypress: space
2073.0551 	EXP 	fixation: autoDraw = False
2073.0551 	EXP 	polygon: autoDraw = False
2073.1286 	EXP 	Device response: <KeyPress from None: t=2073.0364394580247, value=space, duration=0.08037254202645272>
2073.1341 	EXP 	Sound sound_1 reached end of file
2073.1505 	EXP 	Playing sound sound_1 on speaker Nirvana Crystl
2073.5843 	EXP 	Sound sound_1 stopped
2073.6064 	EXP 	text: autoDraw = True
2073.6064 	EXP 	textbox: autoDraw = True
2082.6019 	EXP 	Device response: <KeyPress from None: t=2082.599014916108, value=3, duration=None>
2082.6068 	DATA 	Keypress: 3
2082.6841 	EXP 	Device response: <KeyPress from None: t=2082.599014916108, value=3, duration=0.08190120896324515>
2082.9771 	EXP 	Device response: <KeyPress from None: t=2082.971541250008, value=0, duration=None>
2082.9800 	DATA 	Keypress: 0
2083.0615 	EXP 	Device response: <KeyPress from None: t=2082.971541250008, value=0, duration=0.08040762506425381>
2083.1274 	DATA 	Keypress: 0
2083.1284 	EXP 	Device response: <KeyPress from None: t=2083.1176522501046, value=0, duration=None>
2083.2097 	EXP 	Device response: <KeyPress from None: t=2083.1176522501046, value=0, duration=0.08817308291327208>
2084.2858 	DATA 	Mouse: Left button down, pos=(782,183)
2084.2931 	EXP 	New trial (rep=24, index=11): <Trial 299 (11 in rep 24) data={'delay': 0.7, 'freq': 1000.0, 'conditions': 'exp', 'thisN': 299, 'thisTrialN': 11, 'thisRepN': 24}>
2084.2964 	EXP 	text: autoDraw = False
2084.2964 	EXP 	textbox: autoDraw = False
2084.2964 	EXP 	fixation: autoDraw = True
2084.4112 	DATA 	Mouse:  Left button up, pos=(782,183)
2085.2839 	INFO 	Keyboard events cleared
2085.2837 	EXP 	polygon: autoDraw = True
2085.2940 	EXP 	fixation: autoDraw = False
2085.6514 	EXP 	Device response: <KeyPress from None: t=2085.6444628750905, value=space, duration=None>
2085.6589 	DATA 	Keypress: space
2085.6635 	EXP 	fixation: autoDraw = False
2085.6635 	EXP 	polygon: autoDraw = False
2085.7294 	EXP 	Device response: <KeyPress from None: t=2085.6444628750905, value=space, duration=0.07228874997235835>
2086.3445 	EXP 	Sound sound_1 reached end of file
2086.3609 	EXP 	Playing sound sound_1 on speaker Nirvana Crystl
2086.7947 	EXP 	Sound sound_1 stopped
2086.8125 	EXP 	text: autoDraw = True
2086.8125 	EXP 	textbox: autoDraw = True
2088.4882 	EXP 	Device response: <KeyPress from None: t=2088.484543458093, value=5, duration=None>
2088.5003 	DATA 	Keypress: 5
2088.5828 	EXP 	Device response: <KeyPress from None: t=2088.484543458093, value=5, duration=0.08426591695751995>
2088.8816 	DATA 	Keypress: 0
2088.8845 	EXP 	Device response: <KeyPress from None: t=2088.8544152911054, value=0, duration=None>
2088.9278 	EXP 	Device response: <KeyPress from None: t=2088.8544152911054, value=0, duration=0.07223670894745737>
2089.0004 	DATA 	Keypress: 0
2089.0032 	EXP 	Device response: <KeyPress from None: t=2088.9914799160324, value=0, duration=None>
2089.0788 	EXP 	Device response: <KeyPress from None: t=2088.9914799160324, value=0, duration=0.07231454201973975>
2089.5146 	DATA 	Mouse: Left button down, pos=(782,183)
2089.5195 	EXP 	New trial (rep=25, index=0): <Trial 300 (0 in rep 25) data={'delay': 0.4, 'freq': 1000.0, 'conditions': 'exp', 'thisN': 300, 'thisTrialN': 0, 'thisRepN': 25}>
2089.5261 	EXP 	text: autoDraw = False
2089.5261 	EXP 	textbox: autoDraw = False
2089.5261 	EXP 	fixation: autoDraw = True
2089.6281 	DATA 	Mouse:  Left button up, pos=(782,183)
2090.5161 	INFO 	Keyboard events cleared
2090.5158 	EXP 	fixation: autoDraw = False
2090.5158 	EXP 	polygon: autoDraw = True
2091.1795 	EXP 	Device response: <KeyPress from None: t=2091.1782895410433, value=space, duration=None>
2091.1887 	DATA 	Keypress: space
2091.2111 	EXP 	fixation: autoDraw = False
2091.2111 	EXP 	polygon: autoDraw = False
2091.2623 	EXP 	Device response: <KeyPress from None: t=2091.1782895410433, value=space, duration=0.07233045902103186>
2091.5662 	EXP 	Sound sound_1 reached end of file
2091.5824 	EXP 	Playing sound sound_1 on speaker Nirvana Crystl
2092.0168 	EXP 	Sound sound_1 stopped
2092.0461 	EXP 	text: autoDraw = True
2092.0461 	EXP 	textbox: autoDraw = True
2093.5766 	DATA 	Keypress: 4
2093.5870 	EXP 	Device response: <KeyPress from None: t=2093.567233000067, value=4, duration=None>
2093.6478 	EXP 	Device response: <KeyPress from None: t=2093.567233000067, value=4, duration=0.0764041249640286>
2093.9516 	EXP 	Device response: <KeyPress from None: t=2093.947392333066, value=0, duration=None>
2093.9557 	DATA 	Keypress: 0
2094.0283 	EXP 	Device response: <KeyPress from None: t=2093.947392333066, value=0, duration=0.07214670802932233>
2094.1036 	DATA 	Keypress: 0
2094.1050 	EXP 	Device response: <KeyPress from None: t=2094.0943068750203, value=0, duration=None>
2094.1700 	EXP 	Device response: <KeyPress from None: t=2094.0943068750203, value=0, duration=0.07235520798712969>
2095.0434 	DATA 	Mouse: Left button down, pos=(782,183)
2095.0456 	EXP 	New trial (rep=25, index=1): <Trial 301 (1 in rep 25) data={'delay': 0.7, 'freq': 1000.0, 'conditions': 'exp', 'thisN': 301, 'thisTrialN': 1, 'thisRepN': 25}>
2095.0490 	EXP 	text: autoDraw = False
2095.0490 	EXP 	textbox: autoDraw = False
2095.0490 	EXP 	fixation: autoDraw = True
2095.1441 	DATA 	Mouse:  Left button up, pos=(782,183)
2096.0445 	INFO 	Keyboard events cleared
2096.0442 	EXP 	polygon: autoDraw = True
2096.0498 	EXP 	fixation: autoDraw = False
2096.4300 	EXP 	Device response: <KeyPress from None: t=2096.4273095410317, value=space, duration=None>
2096.4421 	DATA 	Keypress: space
2096.4475 	EXP 	fixation: autoDraw = False
2096.4475 	EXP 	polygon: autoDraw = False
2096.5178 	EXP 	Device response: <KeyPress from None: t=2096.4273095410317, value=space, duration=0.08821483398787677>
2097.1173 	EXP 	Sound sound_1 reached end of file
2097.1335 	EXP 	Playing sound sound_1 on speaker Nirvana Crystl
2097.5682 	EXP 	Sound sound_1 stopped
2097.5904 	EXP 	text: autoDraw = True
2097.5904 	EXP 	textbox: autoDraw = True
2099.2775 	DATA 	Keypress: 3
2099.2788 	EXP 	Device response: <KeyPress from None: t=2099.2692606250057, value=3, duration=None>
2099.3603 	EXP 	Device response: <KeyPress from None: t=2099.2692606250057, value=3, duration=0.08821491606067866>
2099.6671 	EXP 	Device response: <KeyPress from None: t=2099.6652563750977, value=0, duration=None>
2099.6701 	DATA 	Keypress: 0
2099.7764 	EXP 	Device response: <KeyPress from None: t=2099.6652563750977, value=0, duration=0.10833758290391415>
2099.8670 	EXP 	Device response: <KeyPress from None: t=2099.865145750111, value=0, duration=None>
2099.8698 	DATA 	Keypress: 0
2099.9274 	EXP 	Device response: <KeyPress from None: t=2099.865145750111, value=0, duration=0.05226799997035414>
2100.6799 	DATA 	Mouse: Left button down, pos=(782,183)
2100.6847 	EXP 	New trial (rep=25, index=2): <Trial 302 (2 in rep 25) data={'delay': 0.1, 'freq': 1000.0, 'conditions': 'exp', 'thisN': 302, 'thisTrialN': 2, 'thisRepN': 25}>
2100.6929 	EXP 	text: autoDraw = False
2100.6929 	EXP 	textbox: autoDraw = False
2100.6929 	EXP 	fixation: autoDraw = True
2100.8110 	DATA 	Mouse:  Left button up, pos=(782,183)
2101.6837 	INFO 	Keyboard events cleared
2101.6836 	EXP 	fixation: autoDraw = False
2101.6836 	EXP 	polygon: autoDraw = True
2102.0951 	EXP 	Device response: <KeyPress from None: t=2102.087045958033, value=space, duration=None>
2102.1025 	DATA 	Keypress: space
2102.1073 	EXP 	fixation: autoDraw = False
2102.1073 	EXP 	polygon: autoDraw = False
2102.1785 	EXP 	Device response: <KeyPress from None: t=2102.087045958033, value=space, duration=0.08844550000503659>
2102.1855 	EXP 	Sound sound_1 reached end of file
2102.2019 	EXP 	Playing sound sound_1 on speaker Nirvana Crystl
2102.6365 	EXP 	Sound sound_1 stopped
2102.6567 	EXP 	text: autoDraw = True
2102.6567 	EXP 	textbox: autoDraw = True
2106.4429 	EXP 	Device response: <KeyPress from None: t=2106.437705166056, value=3, duration=None>
2106.4471 	DATA 	Keypress: 3
2106.5005 	EXP 	Device response: <KeyPress from None: t=2106.437705166056, value=3, duration=0.06192775000818074>
2106.9809 	DATA 	Keypress: 0
2106.9858 	EXP 	Device response: <KeyPress from None: t=2106.97725658305, value=0, duration=None>
2107.0665 	EXP 	Device response: <KeyPress from None: t=2106.97725658305, value=0, duration=0.088492332957685>
2107.4170 	EXP 	Device response: <KeyPress from None: t=2107.416351416032, value=0, duration=None>
2107.4214 	DATA 	Keypress: 0
2107.4671 	EXP 	Device response: <KeyPress from None: t=2107.416351416032, value=0, duration=0.048350750003010035>
2108.0535 	DATA 	Mouse: Left button down, pos=(782,183)
2108.0598 	EXP 	New trial (rep=25, index=3): <Trial 303 (3 in rep 25) data={'delay': 0.4, 'freq': 400.0, 'conditions': 'unexp', 'thisN': 303, 'thisTrialN': 3, 'thisRepN': 25}>
2108.0631 	EXP 	text: autoDraw = False
2108.0631 	EXP 	textbox: autoDraw = False
2108.0631 	EXP 	fixation: autoDraw = True
2108.1942 	DATA 	Mouse:  Left button up, pos=(782,183)
2109.0503 	INFO 	Keyboard events cleared
2109.0502 	EXP 	polygon: autoDraw = True
2109.0605 	EXP 	fixation: autoDraw = False
2111.2948 	EXP 	Device response: <KeyPress from None: t=2111.2872254160466, value=space, duration=None>
2111.3017 	DATA 	Keypress: space
2111.3066 	EXP 	fixation: autoDraw = False
2111.3066 	EXP 	polygon: autoDraw = False
2111.3787 	EXP 	Device response: <KeyPress from None: t=2111.2872254160466, value=space, duration=0.08830029203090817>
2111.6828 	EXP 	Sound sound_1 reached end of file
2111.6992 	EXP 	Playing sound sound_1 on speaker Nirvana Crystl
2112.1333 	EXP 	Sound sound_1 stopped
2112.1524 	EXP 	text: autoDraw = True
2112.1524 	EXP 	textbox: autoDraw = True
2112.9432 	EXP 	Device response: <KeyPress from None: t=2112.941244958085, value=4, duration=None>
2112.9471 	DATA 	Keypress: 4
2113.0098 	EXP 	Device response: <KeyPress from None: t=2112.941244958085, value=4, duration=0.0642080829711631>
2113.5334 	EXP 	Device response: <KeyPress from None: t=2113.5301346660126, value=0, duration=None>
2113.5364 	DATA 	Keypress: 0
2113.6101 	EXP 	Device response: <KeyPress from None: t=2113.5301346660126, value=0, duration=0.07633512502070516>
2113.6770 	DATA 	Keypress: 0
2113.6780 	EXP 	Device response: <KeyPress from None: t=2113.6702632911038, value=0, duration=None>
2113.7438 	EXP 	Device response: <KeyPress from None: t=2113.6702632911038, value=0, duration=0.06426741695031524>
2114.2834 	DATA 	Mouse: Left button down, pos=(782,183)
2114.2844 	EXP 	New trial (rep=25, index=4): <Trial 304 (4 in rep 25) data={'delay': 0.7, 'freq': 1000.0, 'conditions': 'exp', 'thisN': 304, 'thisTrialN': 4, 'thisRepN': 25}>
2114.2924 	EXP 	text: autoDraw = False
2114.2924 	EXP 	textbox: autoDraw = False
2114.2924 	EXP 	fixation: autoDraw = True
2114.4441 	DATA 	Mouse:  Left button up, pos=(782,183)
2115.2776 	INFO 	Keyboard events cleared
2115.2774 	EXP 	polygon: autoDraw = True
2115.2835 	EXP 	fixation: autoDraw = False
2124.7951 	EXP 	Device response: <KeyPress from None: t=2124.79160712508, value=space, duration=None>
2124.8034 	DATA 	Keypress: space
2124.8088 	EXP 	fixation: autoDraw = False
2124.8088 	EXP 	polygon: autoDraw = False
2124.8613 	EXP 	Device response: <KeyPress from None: t=2124.79160712508, value=space, duration=0.0578453749185428>
2125.4829 	EXP 	Sound sound_1 reached end of file
2125.4993 	EXP 	Playing sound sound_1 on speaker Nirvana Crystl
2125.9339 	EXP 	Sound sound_1 stopped
2125.9539 	EXP 	text: autoDraw = True
2125.9539 	EXP 	textbox: autoDraw = True
2126.7596 	EXP 	Device response: <KeyPress from None: t=2126.757175541017, value=4, duration=None>
2126.7639 	DATA 	Keypress: 4
2126.8168 	EXP 	Device response: <KeyPress from None: t=2126.757175541017, value=4, duration=0.05635466706007719>
2127.2512 	DATA 	Keypress: 0
2127.2523 	EXP 	Device response: <KeyPress from None: t=2127.244201375055, value=0, duration=None>
2127.3023 	EXP 	Device response: <KeyPress from None: t=2127.244201375055, value=0, duration=0.05223220796324313>
2127.3600 	EXP 	Device response: <KeyPress from None: t=2127.3571239160374, value=0, duration=None>
2127.3629 	DATA 	Keypress: 0
2127.4340 	EXP 	Device response: <KeyPress from None: t=2127.3571239160374, value=0, duration=0.07240462501067668>
2127.8095 	DATA 	Mouse: Left button down, pos=(782,183)
2127.8104 	EXP 	New trial (rep=25, index=5): <Trial 305 (5 in rep 25) data={'delay': 0.1, 'freq': 400.0, 'conditions': 'unexp', 'thisN': 305, 'thisTrialN': 5, 'thisRepN': 25}>
2127.8135 	EXP 	text: autoDraw = False
2127.8135 	EXP 	textbox: autoDraw = False
2127.8135 	EXP 	fixation: autoDraw = True
2127.9439 	DATA 	Mouse:  Left button up, pos=(782,183)
2128.8006 	INFO 	Keyboard events cleared
2128.8005 	EXP 	polygon: autoDraw = True
2128.8103 	EXP 	fixation: autoDraw = False
2129.4117 	EXP 	Device response: <KeyPress from None: t=2129.4011535410536, value=space, duration=None>
2129.4189 	DATA 	Keypress: space
2129.4241 	EXP 	fixation: autoDraw = False
2129.4241 	EXP 	polygon: autoDraw = False
2129.4612 	EXP 	Device response: <KeyPress from None: t=2129.4011535410536, value=space, duration=0.052415709011256695>
2129.4986 	EXP 	Sound sound_1 reached end of file
2129.5150 	EXP 	Playing sound sound_1 on speaker Nirvana Crystl
2129.9498 	EXP 	Sound sound_1 stopped
2129.9702 	EXP 	text: autoDraw = True
2129.9702 	EXP 	textbox: autoDraw = True
2130.6069 	DATA 	Keypress: 2
2130.6115 	EXP 	Device response: <KeyPress from None: t=2130.6021244580625, value=2, duration=None>
2130.6770 	EXP 	Device response: <KeyPress from None: t=2130.6021244580625, value=2, duration=0.06818429194390774>
2131.1438 	DATA 	Keypress: 9
2131.1448 	EXP 	Device response: <KeyPress from None: t=2131.1360685001127, value=9, duration=None>
2131.1927 	EXP 	Device response: <KeyPress from None: t=2131.1360685001127, value=9, duration=0.052318874979391694>
2132.1527 	DATA 	Keypress: backspace
2132.1536 	EXP 	Device response: <KeyPress from None: t=2132.143071541097, value=backspace, duration=None>
2132.2004 	EXP 	Device response: <KeyPress from None: t=2132.143071541097, value=backspace, duration=0.05301095894537866>
2132.4594 	EXP 	Device response: <KeyPress from None: t=2132.4542877910426, value=0, duration=None>
2132.4623 	DATA 	Keypress: 0
2132.5094 	EXP 	Device response: <KeyPress from None: t=2132.4542877910426, value=0, duration=0.05198458395898342>
2132.5665 	EXP 	Device response: <KeyPress from None: t=2132.5660326660145, value=0, duration=None>
2132.5708 	DATA 	Keypress: 0
2132.6270 	EXP 	Device response: <KeyPress from None: t=2132.5660326660145, value=0, duration=0.05633116699755192>
2133.0927 	DATA 	Mouse: Left button down, pos=(782,183)
2133.0936 	EXP 	New trial (rep=25, index=6): <Trial 306 (6 in rep 25) data={'delay': 0.1, 'freq': 1000.0, 'conditions': 'exp', 'thisN': 306, 'thisTrialN': 6, 'thisRepN': 25}>
2133.0968 	EXP 	text: autoDraw = False
2133.0968 	EXP 	textbox: autoDraw = False
2133.0968 	EXP 	fixation: autoDraw = True
2133.2455 	DATA 	Mouse:  Left button up, pos=(782,183)
2134.0820 	INFO 	Keyboard events cleared
2134.0819 	EXP 	polygon: autoDraw = True
2134.0936 	EXP 	fixation: autoDraw = False
2134.6619 	EXP 	Device response: <KeyPress from None: t=2134.6525586250937, value=space, duration=None>
2134.6709 	DATA 	Keypress: space
2134.6759 	EXP 	fixation: autoDraw = False
2134.6759 	EXP 	polygon: autoDraw = False
2134.7114 	EXP 	Device response: <KeyPress from None: t=2134.6525586250937, value=space, duration=0.047675207955762744>
2134.7495 	EXP 	Sound sound_1 reached end of file
2134.7658 	EXP 	Playing sound sound_1 on speaker Nirvana Crystl
2135.2001 	EXP 	Sound sound_1 stopped
2135.2193 	EXP 	text: autoDraw = True
2135.2193 	EXP 	textbox: autoDraw = True
2136.2007 	EXP 	Device response: <KeyPress from None: t=2136.1979515830753, value=2, duration=None>
2136.2049 	DATA 	Keypress: 2
2136.2600 	EXP 	Device response: <KeyPress from None: t=2136.1979515830753, value=2, duration=0.052328874939121306>
2137.1104 	DATA 	Keypress: 0
2137.1115 	EXP 	Device response: <KeyPress from None: t=2137.1018188750604, value=0, duration=None>
2137.1594 	EXP 	Device response: <KeyPress from None: t=2137.1018188750604, value=0, duration=0.05642949999310076>
2137.2261 	EXP 	Device response: <KeyPress from None: t=2137.220994333038, value=0, duration=None>
2137.2290 	DATA 	Keypress: 0
2137.2832 	EXP 	Device response: <KeyPress from None: t=2137.220994333038, value=0, duration=0.06028674996923655>
2138.0094 	DATA 	Mouse: Left button down, pos=(782,183)
2138.0104 	EXP 	New trial (rep=25, index=7): <Trial 307 (7 in rep 25) data={'delay': 0.7, 'freq': 400.0, 'conditions': 'unexp', 'thisN': 307, 'thisTrialN': 7, 'thisRepN': 25}>
2138.0136 	EXP 	text: autoDraw = False
2138.0136 	EXP 	textbox: autoDraw = False
2138.0136 	EXP 	fixation: autoDraw = True
2138.1440 	DATA 	Mouse:  Left button up, pos=(782,183)
2138.9989 	INFO 	Keyboard events cleared
2138.9988 	EXP 	polygon: autoDraw = True
2139.0102 	EXP 	fixation: autoDraw = False
2139.5619 	EXP 	Device response: <KeyPress from None: t=2139.550925416057, value=space, duration=None>
2139.5696 	DATA 	Keypress: space
2139.5747 	EXP 	fixation: autoDraw = False
2139.5747 	EXP 	polygon: autoDraw = False
2139.6331 	EXP 	Device response: <KeyPress from None: t=2139.550925416057, value=space, duration=0.08031341701280326>
2140.2479 	EXP 	Sound sound_1 reached end of file
2140.2644 	EXP 	Playing sound sound_1 on speaker Nirvana Crystl
2140.6984 	EXP 	Sound sound_1 stopped
2140.7179 	EXP 	text: autoDraw = True
2140.7179 	EXP 	textbox: autoDraw = True
2141.2846 	DATA 	Keypress: 3
2141.2857 	EXP 	Device response: <KeyPress from None: t=2141.2767739160918, value=3, duration=None>
2141.3437 	EXP 	Device response: <KeyPress from None: t=2141.2767739160918, value=3, duration=0.060299791977740824>
2142.0265 	EXP 	Device response: <KeyPress from None: t=2142.0218478750903, value=0, duration=None>
2142.0297 	DATA 	Keypress: 0
2142.0765 	EXP 	Device response: <KeyPress from None: t=2142.0218478750903, value=0, duration=0.05224429094232619>
2142.1498 	EXP 	Device response: <KeyPress from None: t=2142.1467355000786, value=0, duration=None>
2142.1525 	DATA 	Keypress: 0
2142.2171 	EXP 	Device response: <KeyPress from None: t=2142.1467355000786, value=0, duration=0.06447354098781943>
2142.7114 	DATA 	Mouse: Left button down, pos=(782,183)
2142.7176 	EXP 	New trial (rep=25, index=8): <Trial 308 (8 in rep 25) data={'delay': 0.4, 'freq': 1000.0, 'conditions': 'exp', 'thisN': 308, 'thisTrialN': 8, 'thisRepN': 25}>
2142.7257 	EXP 	text: autoDraw = False
2142.7257 	EXP 	textbox: autoDraw = False
2142.7257 	EXP 	fixation: autoDraw = True
2142.8270 	DATA 	Mouse:  Left button up, pos=(782,183)
2143.7164 	INFO 	Keyboard events cleared
2143.7162 	EXP 	fixation: autoDraw = False
2143.7162 	EXP 	polygon: autoDraw = True
2145.4113 	EXP 	Device response: <KeyPress from None: t=2145.4017626660643, value=space, duration=None>
2145.4186 	DATA 	Keypress: space
2145.4245 	EXP 	fixation: autoDraw = False
2145.4245 	EXP 	polygon: autoDraw = False
2145.4255 	EXP 	Device response: <KeyPress from None: t=2145.4017626660643, value=space, duration=0.0163237500237301>
2145.7994 	EXP 	Sound sound_1 reached end of file
2145.8157 	EXP 	Playing sound sound_1 on speaker Nirvana Crystl
2146.2495 	EXP 	Sound sound_1 stopped
2146.2716 	EXP 	text: autoDraw = True
2146.2716 	EXP 	textbox: autoDraw = True
2147.5172 	EXP 	Device response: <KeyPress from None: t=2147.5157530410215, value=3, duration=None>
2147.5216 	DATA 	Keypress: 3
2147.5928 	EXP 	Device response: <KeyPress from None: t=2147.5157530410215, value=3, duration=0.07633041706867516>
2148.1666 	EXP 	Device response: <KeyPress from None: t=2148.1647908330197, value=0, duration=None>
2148.1695 	DATA 	Keypress: 0
2148.2268 	EXP 	Device response: <KeyPress from None: t=2148.1647908330197, value=0, duration=0.056308083003386855>
2148.2928 	EXP 	Device response: <KeyPress from None: t=2148.2897111250786, value=0, duration=None>
2148.2957 	DATA 	Keypress: 0
2148.3593 	EXP 	Device response: <KeyPress from None: t=2148.2897111250786, value=0, duration=0.060312415938824415>
2148.8361 	DATA 	Mouse: Left button down, pos=(782,183)
2148.8426 	EXP 	New trial (rep=25, index=9): <Trial 309 (9 in rep 25) data={'delay': 0.4, 'freq': 1000.0, 'conditions': 'exp', 'thisN': 309, 'thisTrialN': 9, 'thisRepN': 25}>
2148.8458 	EXP 	text: autoDraw = False
2148.8458 	EXP 	textbox: autoDraw = False
2148.8458 	EXP 	fixation: autoDraw = True
2149.0160 	DATA 	Mouse:  Left button up, pos=(782,183)
2149.8333 	INFO 	Keyboard events cleared
2149.8332 	EXP 	polygon: autoDraw = True
2149.8434 	EXP 	fixation: autoDraw = False
2151.0118 	EXP 	Device response: <KeyPress from None: t=2151.008588124998, value=space, duration=None>
2151.0197 	DATA 	Keypress: space
2151.0248 	EXP 	fixation: autoDraw = False
2151.0248 	EXP 	polygon: autoDraw = False
2151.0649 	EXP 	Device response: <KeyPress from None: t=2151.008588124998, value=space, duration=0.05235008301679045>
2151.3990 	EXP 	Sound sound_1 reached end of file
2151.4154 	EXP 	Playing sound sound_1 on speaker Nirvana Crystl
2151.8494 	EXP 	Sound sound_1 stopped
2151.8695 	EXP 	text: autoDraw = True
2151.8695 	EXP 	textbox: autoDraw = True
2176.8427 	EXP 	Device response: <KeyPress from None: t=2176.8399136250373, value=4, duration=None>
2176.8466 	DATA 	Keypress: 4
2176.9102 	EXP 	Device response: <KeyPress from None: t=2176.8399136250373, value=4, duration=0.0643427079776302>
2177.5433 	DATA 	Keypress: 0
2177.5444 	EXP 	Device response: <KeyPress from None: t=2177.536821708083, value=0, duration=None>
2177.5999 	EXP 	Device response: <KeyPress from None: t=2177.536821708083, value=0, duration=0.06098920793738216>
2177.6926 	EXP 	Device response: <KeyPress from None: t=2177.6918545830995, value=0, duration=None>
2177.6969 	DATA 	Keypress: 0
2177.7496 	EXP 	Device response: <KeyPress from None: t=2177.6918545830995, value=0, duration=0.05648299993481487>
2179.0923 	DATA 	Mouse: Left button down, pos=(765,211)
2179.0933 	EXP 	New trial (rep=25, index=10): <Trial 310 (10 in rep 25) data={'delay': 0.1, 'freq': 1000.0, 'conditions': 'exp', 'thisN': 310, 'thisTrialN': 10, 'thisRepN': 25}>
2179.0966 	EXP 	text: autoDraw = False
2179.0966 	EXP 	textbox: autoDraw = False
2179.0966 	EXP 	fixation: autoDraw = True
2179.2833 	DATA 	Mouse:  Left button up, pos=(765,211)
2180.0823 	INFO 	Keyboard events cleared
2180.0821 	EXP 	polygon: autoDraw = True
2180.0934 	EXP 	fixation: autoDraw = False
2180.8948 	EXP 	Device response: <KeyPress from None: t=2180.8867773331003, value=space, duration=None>
2180.9030 	DATA 	Keypress: space
2180.9081 	EXP 	fixation: autoDraw = False
2180.9081 	EXP 	polygon: autoDraw = False
2180.9616 	EXP 	Device response: <KeyPress from None: t=2180.8867773331003, value=space, duration=0.07235224999021739>
2180.9813 	EXP 	Sound sound_1 reached end of file
2180.9977 	EXP 	Playing sound sound_1 on speaker Nirvana Crystl
2181.4323 	EXP 	Sound sound_1 stopped
2181.4515 	EXP 	text: autoDraw = True
2181.4515 	EXP 	textbox: autoDraw = True
2182.3058 	DATA 	Keypress: 2
2182.3115 	EXP 	Device response: <KeyPress from None: t=2182.3007919579977, value=2, duration=None>
2182.3662 	EXP 	Device response: <KeyPress from None: t=2182.3007919579977, value=2, duration=0.06429112504702061>
2182.9093 	EXP 	Device response: <KeyPress from None: t=2182.9048537500203, value=0, duration=None>
2182.9121 	DATA 	Keypress: 0
2182.9770 	EXP 	Device response: <KeyPress from None: t=2182.9048537500203, value=0, duration=0.0642633750103414>
2183.0333 	DATA 	Keypress: 0
2183.0342 	EXP 	Device response: <KeyPress from None: t=2183.027768833097, value=0, duration=None>
2183.1099 	EXP 	Device response: <KeyPress from None: t=2183.027768833097, value=0, duration=0.07222562492825091>
2183.6994 	DATA 	Mouse: Left button down, pos=(765,211)
2183.7004 	EXP 	New trial (rep=25, index=11): <Trial 311 (11 in rep 25) data={'delay': 0.7, 'freq': 1000.0, 'conditions': 'exp', 'thisN': 311, 'thisTrialN': 11, 'thisRepN': 25}>
2183.7088 	EXP 	text: autoDraw = False
2183.7088 	EXP 	textbox: autoDraw = False
2183.7088 	EXP 	fixation: autoDraw = True
2183.8269 	DATA 	Mouse:  Left button up, pos=(765,211)
2184.6999 	INFO 	Keyboard events cleared
2184.6997 	EXP 	fixation: autoDraw = False
2184.6997 	EXP 	polygon: autoDraw = True
2187.0280 	EXP 	Device response: <KeyPress from None: t=2187.0157432080014, value=space, duration=None>
2187.0365 	DATA 	Keypress: space
2187.0417 	EXP 	fixation: autoDraw = False
2187.0417 	EXP 	polygon: autoDraw = False
2187.0772 	EXP 	Device response: <KeyPress from None: t=2187.0157432080014, value=space, duration=0.05633795808535069>
2187.7149 	EXP 	Sound sound_1 reached end of file
2187.7313 	EXP 	Playing sound sound_1 on speaker Nirvana Crystl
2188.1655 	EXP 	Sound sound_1 stopped
2188.1844 	EXP 	text: autoDraw = True
2188.1844 	EXP 	textbox: autoDraw = True
2189.0139 	DATA 	Keypress: 5
2189.0189 	EXP 	Device response: <KeyPress from None: t=2189.0085401660763, value=5, duration=None>
2189.0831 	EXP 	Device response: <KeyPress from None: t=2189.0085401660763, value=5, duration=0.06830774992704391>
2189.5765 	DATA 	Keypress: 0
2189.5775 	EXP 	Device response: <KeyPress from None: t=2189.568580500083, value=0, duration=None>
2189.6257 	EXP 	Device response: <KeyPress from None: t=2189.568580500083, value=0, duration=0.05638462502975017>
2189.6823 	EXP 	Device response: <KeyPress from None: t=2189.6795180001063, value=0, duration=None>
2189.6852 	DATA 	Keypress: 0
2189.7664 	EXP 	Device response: <KeyPress from None: t=2189.6795180001063, value=0, duration=0.08031266590114683>
2190.1292 	DATA 	Mouse: Left button down, pos=(765,211)
2190.1334 	EXP 	New trial (rep=26, index=0): <Trial 312 (0 in rep 26) data={'delay': 0.7, 'freq': 1000.0, 'conditions': 'exp', 'thisN': 312, 'thisTrialN': 0, 'thisRepN': 26}>
2190.1418 	EXP 	text: autoDraw = False
2190.1418 	EXP 	textbox: autoDraw = False
2190.1418 	EXP 	fixation: autoDraw = True
2190.2796 	DATA 	Mouse:  Left button up, pos=(765,211)
2191.1267 	INFO 	Keyboard events cleared
2191.1264 	EXP 	polygon: autoDraw = True
2191.1329 	EXP 	fixation: autoDraw = False
2192.1446 	EXP 	Device response: <KeyPress from None: t=2192.1315082500223, value=space, duration=None>
2192.1523 	DATA 	Keypress: space
2192.1571 	EXP 	fixation: autoDraw = False
2192.1571 	EXP 	polygon: autoDraw = False
2192.1942 	EXP 	Device response: <KeyPress from None: t=2192.1315082500223, value=space, duration=0.06032562500331551>
2192.8321 	EXP 	Sound sound_1 reached end of file
2192.8484 	EXP 	Playing sound sound_1 on speaker Nirvana Crystl
2193.2831 	EXP 	Sound sound_1 stopped
2193.3035 	EXP 	text: autoDraw = True
2193.3035 	EXP 	textbox: autoDraw = True
2194.0498 	EXP 	Device response: <KeyPress from None: t=2194.0474415830104, value=4, duration=None>
2194.0537 	DATA 	Keypress: 4
2194.1095 	EXP 	Device response: <KeyPress from None: t=2194.0474415830104, value=4, duration=0.06041550007648766>
2194.5597 	DATA 	Keypress: 0
2194.5607 	EXP 	Device response: <KeyPress from None: t=2194.550519875018, value=0, duration=None>
2194.6094 	EXP 	Device response: <KeyPress from None: t=2194.550519875018, value=0, duration=0.05227237509097904>
2194.6933 	DATA 	Keypress: 0
2194.6942 	EXP 	Device response: <KeyPress from None: t=2194.6845030410914, value=0, duration=None>
2194.7425 	EXP 	Device response: <KeyPress from None: t=2194.6845030410914, value=0, duration=0.056365666911005974>
2195.1610 	DATA 	Mouse: Left button down, pos=(765,211)
2195.1677 	EXP 	New trial (rep=26, index=1): <Trial 313 (1 in rep 26) data={'delay': 0.1, 'freq': 1000.0, 'conditions': 'exp', 'thisN': 313, 'thisTrialN': 1, 'thisRepN': 26}>
2195.1756 	EXP 	text: autoDraw = False
2195.1756 	EXP 	textbox: autoDraw = False
2195.1756 	EXP 	fixation: autoDraw = True
2195.2606 	DATA 	Mouse:  Left button up, pos=(765,211)
2196.1661 	INFO 	Keyboard events cleared
2196.1660 	EXP 	fixation: autoDraw = False
2196.1660 	EXP 	polygon: autoDraw = True
2197.6622 	EXP 	Device response: <KeyPress from None: t=2197.6584788750624, value=space, duration=None>
2197.6705 	DATA 	Keypress: space
2197.6756 	EXP 	fixation: autoDraw = False
2197.6756 	EXP 	polygon: autoDraw = False
2197.7332 	EXP 	Device response: <KeyPress from None: t=2197.6584788750624, value=space, duration=0.06873370800167322>
2197.7459 	EXP 	Sound sound_1 reached end of file
2197.7623 	EXP 	Playing sound sound_1 on speaker Nirvana Crystl
2198.1970 	EXP 	Sound sound_1 stopped
2198.2162 	EXP 	text: autoDraw = True
2198.2162 	EXP 	textbox: autoDraw = True
2198.9703 	DATA 	Keypress: 3
2198.9716 	EXP 	Device response: <KeyPress from None: t=2198.964468582999, value=3, duration=None>
2199.0261 	EXP 	Device response: <KeyPress from None: t=2198.964468582999, value=3, duration=0.06021395802963525>
2199.5106 	DATA 	Keypress: 0
2199.5120 	EXP 	Device response: <KeyPress from None: t=2199.5023813750595, value=0, duration=None>
2199.5423 	EXP 	Device response: <KeyPress from None: t=2199.5023813750595, value=0, duration=0.03634045796934515>
2199.6256 	EXP 	Device response: <KeyPress from None: t=2199.6233383750077, value=0, duration=None>
2199.6299 	DATA 	Keypress: 0
2199.6925 	EXP 	Device response: <KeyPress from None: t=2199.6233383750077, value=0, duration=0.06836066604591906>
2200.2630 	DATA 	Mouse: Left button down, pos=(765,211)
2200.2679 	EXP 	New trial (rep=26, index=2): <Trial 314 (2 in rep 26) data={'delay': 0.4, 'freq': 1000.0, 'conditions': 'exp', 'thisN': 314, 'thisTrialN': 2, 'thisRepN': 26}>
2200.2754 	EXP 	text: autoDraw = False
2200.2754 	EXP 	textbox: autoDraw = False
2200.2754 	EXP 	fixation: autoDraw = True
2200.4443 	DATA 	Mouse:  Left button up, pos=(765,211)
2201.2646 	INFO 	Keyboard events cleared
2201.2644 	EXP 	fixation: autoDraw = False
2201.2644 	EXP 	polygon: autoDraw = True
2204.2670 	EXP 	Device response: <KeyPress from None: t=2204.263306708075, value=space, duration=None>
2204.2751 	DATA 	Keypress: space
2204.2796 	EXP 	fixation: autoDraw = False
2204.2796 	EXP 	polygon: autoDraw = False
2204.3105 	EXP 	Device response: <KeyPress from None: t=2204.263306708075, value=space, duration=0.04037175001576543>
2204.6601 	EXP 	Sound sound_1 reached end of file
2204.6764 	EXP 	Playing sound sound_1 on speaker Nirvana Crystl
2205.1100 	EXP 	Sound sound_1 stopped
2205.1285 	EXP 	text: autoDraw = True
2205.1285 	EXP 	textbox: autoDraw = True
2208.7504 	EXP 	Device response: <KeyPress from None: t=2208.7498593330383, value=3, duration=None>
2208.7547 	DATA 	Keypress: 3
2208.7924 	EXP 	Device response: <KeyPress from None: t=2208.7498593330383, value=3, duration=0.041975875035859644>
2209.2426 	EXP 	Device response: <KeyPress from None: t=2209.237560833106, value=0, duration=None>
2209.2466 	DATA 	Keypress: 0
2209.3178 	EXP 	Device response: <KeyPress from None: t=2209.237560833106, value=0, duration=0.07224541692994535>
2209.4018 	DATA 	Keypress: 0
2209.4030 	EXP 	Device response: <KeyPress from None: t=2209.393539291108, value=0, duration=None>
2209.4503 	EXP 	Device response: <KeyPress from None: t=2209.393539291108, value=0, duration=0.05630554188974202>
2210.0603 	DATA 	Mouse: Left button down, pos=(765,211)
2210.0670 	EXP 	New trial (rep=26, index=3): <Trial 315 (3 in rep 26) data={'delay': 0.1, 'freq': 1000.0, 'conditions': 'exp', 'thisN': 315, 'thisTrialN': 3, 'thisRepN': 26}>
2210.0758 	EXP 	text: autoDraw = False
2210.0758 	EXP 	textbox: autoDraw = False
2210.0758 	EXP 	fixation: autoDraw = True
2210.2267 	DATA 	Mouse:  Left button up, pos=(765,211)
2211.0657 	INFO 	Keyboard events cleared
2211.0656 	EXP 	fixation: autoDraw = False
2211.0656 	EXP 	polygon: autoDraw = True
2212.4111 	EXP 	Device response: <KeyPress from None: t=2212.407412541099, value=space, duration=None>
2212.4190 	DATA 	Keypress: space
2212.4241 	EXP 	fixation: autoDraw = False
2212.4241 	EXP 	polygon: autoDraw = False
2212.4776 	EXP 	Device response: <KeyPress from None: t=2212.407412541099, value=space, duration=0.06834649993106723>
2212.4977 	EXP 	Sound sound_1 reached end of file
2212.5141 	EXP 	Playing sound sound_1 on speaker Nirvana Crystl
2212.9488 	EXP 	Sound sound_1 stopped
2212.9680 	EXP 	text: autoDraw = True
2212.9680 	EXP 	textbox: autoDraw = True
2214.0754 	EXP 	Device response: <KeyPress from None: t=2214.0724057500483, value=2, duration=None>
2214.0794 	DATA 	Keypress: 2
2214.1589 	EXP 	Device response: <KeyPress from None: t=2214.0724057500483, value=2, duration=0.08423074998427182>
2214.8099 	DATA 	Keypress: 0
2214.8110 	EXP 	Device response: <KeyPress from None: t=2214.803378333105, value=0, duration=None>
2214.8666 	EXP 	Device response: <KeyPress from None: t=2214.803378333105, value=0, duration=0.05619983293581754>
2214.9420 	EXP 	Device response: <KeyPress from None: t=2214.940297166002, value=0, duration=None>
2214.9464 	DATA 	Keypress: 0
2215.0093 	EXP 	Device response: <KeyPress from None: t=2214.940297166002, value=0, duration=0.06043725006747991>
2215.6273 	DATA 	Mouse: Left button down, pos=(765,211)
2215.6336 	EXP 	New trial (rep=26, index=4): <Trial 316 (4 in rep 26) data={'delay': 0.4, 'freq': 1000.0, 'conditions': 'exp', 'thisN': 316, 'thisTrialN': 4, 'thisRepN': 26}>
2215.6414 	EXP 	text: autoDraw = False
2215.6414 	EXP 	textbox: autoDraw = False
2215.6414 	EXP 	fixation: autoDraw = True
2215.8131 	DATA 	Mouse:  Left button up, pos=(765,211)
2216.6319 	INFO 	Keyboard events cleared
2216.6317 	EXP 	fixation: autoDraw = False
2216.6317 	EXP 	polygon: autoDraw = True
2217.2608 	EXP 	Device response: <KeyPress from None: t=2217.2492044580868, value=space, duration=None>
2217.2687 	DATA 	Keypress: space
2217.2738 	EXP 	fixation: autoDraw = False
2217.2738 	EXP 	polygon: autoDraw = False
2217.3442 	EXP 	Device response: <KeyPress from None: t=2217.2492044580868, value=space, duration=0.09239374997559935>
2217.6488 	EXP 	Sound sound_1 reached end of file
2217.6652 	EXP 	Playing sound sound_1 on speaker Nirvana Crystl
2218.0999 	EXP 	Sound sound_1 stopped
2218.1190 	EXP 	text: autoDraw = True
2218.1190 	EXP 	textbox: autoDraw = True
2218.6921 	EXP 	Device response: <KeyPress from None: t=2218.690269041108, value=3, duration=None>
2218.6962 	DATA 	Keypress: 3
2218.7593 	EXP 	Device response: <KeyPress from None: t=2218.690269041108, value=3, duration=0.06436587497591972>
2219.2754 	EXP 	Device response: <KeyPress from None: t=2219.2722763330676, value=0, duration=None>
2219.2784 	DATA 	Keypress: 0
2219.3422 	EXP 	Device response: <KeyPress from None: t=2219.2722763330676, value=0, duration=0.06828470795881003>
2219.4160 	EXP 	Device response: <KeyPress from None: t=2219.4131795410067, value=0, duration=None>
2219.4189 	DATA 	Keypress: 0
2219.4926 	EXP 	Device response: <KeyPress from None: t=2219.4131795410067, value=0, duration=0.07641679199878126>
2219.9676 	DATA 	Mouse: Left button down, pos=(765,211)
2219.9753 	EXP 	New trial (rep=26, index=5): <Trial 317 (5 in rep 26) data={'delay': 0.1, 'freq': 1000.0, 'conditions': 'exp', 'thisN': 317, 'thisTrialN': 5, 'thisRepN': 26}>
2219.9784 	EXP 	text: autoDraw = False
2219.9784 	EXP 	textbox: autoDraw = False
2219.9784 	EXP 	fixation: autoDraw = True
2220.0762 	DATA 	Mouse:  Left button up, pos=(765,211)
2220.9659 	INFO 	Keyboard events cleared
2220.9657 	EXP 	polygon: autoDraw = True
2220.9764 	EXP 	fixation: autoDraw = False
2221.6775 	EXP 	Device response: <KeyPress from None: t=2221.673227500054, value=space, duration=None>
2221.6849 	DATA 	Keypress: space
2221.6899 	EXP 	fixation: autoDraw = False
2221.6899 	EXP 	polygon: autoDraw = False
2221.7440 	EXP 	Device response: <KeyPress from None: t=2221.673227500054, value=space, duration=0.060294165974482894>
2221.7649 	EXP 	Sound sound_1 reached end of file
2221.7813 	EXP 	Playing sound sound_1 on speaker Nirvana Crystl
2222.2154 	EXP 	Sound sound_1 stopped
2222.2353 	EXP 	text: autoDraw = True
2222.2353 	EXP 	textbox: autoDraw = True
2222.9253 	EXP 	Device response: <KeyPress from None: t=2222.9221895830706, value=1, duration=None>
2222.9292 	DATA 	Keypress: 1
2222.9998 	EXP 	Device response: <KeyPress from None: t=2222.9221895830706, value=1, duration=0.07314466696698219>
2223.4757 	EXP 	Device response: <KeyPress from None: t=2223.4741336660227, value=0, duration=None>
2223.4787 	DATA 	Keypress: 0
2223.5332 	EXP 	Device response: <KeyPress from None: t=2223.4741336660227, value=0, duration=0.052248166990466416>
2223.5965 	DATA 	Keypress: 0
2223.6011 	EXP 	Device response: <KeyPress from None: t=2223.593188250088, value=0, duration=None>
2223.6753 	EXP 	Device response: <KeyPress from None: t=2223.593188250088, value=0, duration=0.08025387499947101>
2224.2825 	DATA 	Mouse: Left button down, pos=(765,211)
2224.3657 	DATA 	Mouse:  Left button up, pos=(765,211)
2225.0759 	DATA 	Mouse: Left button down, pos=(765,211)
2225.0768 	EXP 	New trial (rep=26, index=6): <Trial 318 (6 in rep 26) data={'delay': 0.7, 'freq': 400.0, 'conditions': 'unexp', 'thisN': 318, 'thisTrialN': 6, 'thisRepN': 26}>
2225.0806 	EXP 	text: autoDraw = False
2225.0806 	EXP 	textbox: autoDraw = False
2225.0806 	EXP 	fixation: autoDraw = True
2225.2122 	DATA 	Mouse:  Left button up, pos=(765,211)
2226.0656 	INFO 	Keyboard events cleared
2226.0654 	EXP 	polygon: autoDraw = True
2226.0760 	EXP 	fixation: autoDraw = False
2226.5488 	EXP 	Device response: <KeyPress from None: t=2226.5450405410957, value=space, duration=None>
2226.5565 	DATA 	Keypress: space
2226.5623 	EXP 	fixation: autoDraw = False
2226.5623 	EXP 	polygon: autoDraw = False
2226.6104 	EXP 	Device response: <KeyPress from None: t=2226.5450405410957, value=space, duration=0.06044349994044751>
2227.2322 	EXP 	Sound sound_1 reached end of file
2227.2486 	EXP 	Playing sound sound_1 on speaker Nirvana Crystl
2227.6831 	EXP 	Sound sound_1 stopped
2227.7047 	EXP 	text: autoDraw = True
2227.7047 	EXP 	textbox: autoDraw = True
2228.9999 	EXP 	Device response: <KeyPress from None: t=2228.997953333077, value=6, duration=None>
2229.0039 	DATA 	Keypress: 6
2229.0760 	EXP 	Device response: <KeyPress from None: t=2228.997953333077, value=6, duration=0.07240720803383738>
2229.5090 	EXP 	Device response: <KeyPress from None: t=2229.5050733750686, value=0, duration=None>
2229.5123 	DATA 	Keypress: 0
2229.5670 	EXP 	Device response: <KeyPress from None: t=2229.5050733750686, value=0, duration=0.05629887501709163>
2229.6321 	EXP 	Device response: <KeyPress from None: t=2229.629943458014, value=0, duration=None>
2229.6350 	DATA 	Keypress: 0
2229.6991 	EXP 	Device response: <KeyPress from None: t=2229.629943458014, value=0, duration=0.06845841708127409>
2230.1840 	DATA 	Mouse: Left button down, pos=(765,211)
2230.1920 	EXP 	New trial (rep=26, index=7): <Trial 319 (7 in rep 26) data={'delay': 0.4, 'freq': 1000.0, 'conditions': 'exp', 'thisN': 319, 'thisTrialN': 7, 'thisRepN': 26}>
2230.1953 	EXP 	text: autoDraw = False
2230.1953 	EXP 	textbox: autoDraw = False
2230.1953 	EXP 	fixation: autoDraw = True
2230.3297 	DATA 	Mouse:  Left button up, pos=(765,211)
2231.1836 	INFO 	Keyboard events cleared
2231.1834 	EXP 	polygon: autoDraw = True
2231.1925 	EXP 	fixation: autoDraw = False
2232.0172 	EXP 	Device response: <KeyPress from None: t=2232.011113791028, value=space, duration=None>
2232.0245 	DATA 	Keypress: space
2232.0297 	EXP 	fixation: autoDraw = False
2232.0297 	EXP 	polygon: autoDraw = False
2232.0604 	EXP 	Device response: <KeyPress from None: t=2232.011113791028, value=space, duration=0.03604325000196695>
2232.4099 	EXP 	Sound sound_1 reached end of file
2232.4262 	EXP 	Playing sound sound_1 on speaker Nirvana Crystl
2232.8605 	EXP 	Sound sound_1 stopped
2232.8797 	EXP 	text: autoDraw = True
2232.8797 	EXP 	textbox: autoDraw = True
2233.5718 	DATA 	Keypress: 3
2233.5924 	EXP 	Device response: <KeyPress from None: t=2233.5668061660836, value=3, duration=None>
2233.6421 	EXP 	Device response: <KeyPress from None: t=2233.5668061660836, value=3, duration=0.07235195895191282>
2234.1501 	DATA 	Keypress: 0
2234.1512 	EXP 	Device response: <KeyPress from None: t=2234.1449329580646, value=0, duration=None>
2234.2328 	EXP 	Device response: <KeyPress from None: t=2234.1449329580646, value=0, duration=0.08054879202973098>
2234.2753 	EXP 	Device response: <KeyPress from None: t=2234.2748925000196, value=0, duration=None>
2234.2798 	DATA 	Keypress: 0
2234.3660 	EXP 	Device response: <KeyPress from None: t=2234.2748925000196, value=0, duration=0.088410250027664>
2234.8501 	DATA 	Mouse: Left button down, pos=(765,211)
2234.8589 	EXP 	New trial (rep=26, index=8): <Trial 320 (8 in rep 26) data={'delay': 0.1, 'freq': 400.0, 'conditions': 'unexp', 'thisN': 320, 'thisTrialN': 8, 'thisRepN': 26}>
2234.8621 	EXP 	text: autoDraw = False
2234.8621 	EXP 	textbox: autoDraw = False
2234.8621 	EXP 	fixation: autoDraw = True
2234.9927 	DATA 	Mouse:  Left button up, pos=(765,211)
2235.8499 	INFO 	Keyboard events cleared
2235.8497 	EXP 	polygon: autoDraw = True
2235.8590 	EXP 	fixation: autoDraw = False
2237.0275 	EXP 	Device response: <KeyPress from None: t=2237.0178390000947, value=space, duration=None>
2237.0356 	DATA 	Keypress: space
2237.0406 	EXP 	fixation: autoDraw = False
2237.0406 	EXP 	polygon: autoDraw = False
2237.0769 	EXP 	Device response: <KeyPress from None: t=2237.0178390000947, value=space, duration=0.052383082918822765>
2237.1140 	EXP 	Sound sound_1 reached end of file
2237.1304 	EXP 	Playing sound sound_1 on speaker Nirvana Crystl
2237.5646 	EXP 	Sound sound_1 stopped
2237.5844 	EXP 	text: autoDraw = True
2237.5844 	EXP 	textbox: autoDraw = True
2239.2674 	DATA 	Keypress: 3
2239.2686 	EXP 	Device response: <KeyPress from None: t=2239.2618035410997, value=3, duration=None>
2239.3493 	EXP 	Device response: <KeyPress from None: t=2239.2618035410997, value=3, duration=0.08025266695767641>
2240.0152 	EXP 	Device response: <KeyPress from None: t=2240.0117675410584, value=0, duration=None>
2240.0180 	DATA 	Keypress: 0
2240.0755 	EXP 	Device response: <KeyPress from None: t=2240.0117675410584, value=0, duration=0.0604095000308007>
2240.1323 	EXP 	Device response: <KeyPress from None: t=2240.129799416056, value=0, duration=None>
2240.1350 	DATA 	Keypress: 0
2240.2093 	EXP 	Device response: <KeyPress from None: t=2240.129799416056, value=0, duration=0.07235095894429833>
2247.7184 	DATA 	Mouse: Left button down, pos=(765,211)
2247.7252 	EXP 	New trial (rep=26, index=9): <Trial 321 (9 in rep 26) data={'delay': 0.7, 'freq': 1000.0, 'conditions': 'exp', 'thisN': 321, 'thisTrialN': 9, 'thisRepN': 26}>
2247.7283 	EXP 	text: autoDraw = False
2247.7283 	EXP 	textbox: autoDraw = False
2247.7283 	EXP 	fixation: autoDraw = True
2247.8594 	DATA 	Mouse:  Left button up, pos=(765,211)
2248.7158 	INFO 	Keyboard events cleared
2248.7157 	EXP 	polygon: autoDraw = True
2248.7257 	EXP 	fixation: autoDraw = False
2249.9105 	EXP 	Device response: <KeyPress from None: t=2249.9092387499986, value=space, duration=None>
2249.9169 	DATA 	Keypress: space
2249.9280 	EXP 	fixation: autoDraw = False
2249.9280 	EXP 	polygon: autoDraw = False
2249.9768 	EXP 	Device response: <KeyPress from None: t=2249.9092387499986, value=space, duration=0.06436562503222376>
2250.6095 	EXP 	Sound sound_1 reached end of file
2250.6258 	EXP 	Playing sound sound_1 on speaker Nirvana Crystl
2251.0598 	EXP 	Sound sound_1 stopped
2251.0789 	EXP 	text: autoDraw = True
2251.0789 	EXP 	textbox: autoDraw = True
2252.4049 	DATA 	Keypress: 5
2252.4256 	EXP 	Device response: <KeyPress from None: t=2252.4000482500996, value=5, duration=None>
2252.4587 	EXP 	Device response: <KeyPress from None: t=2252.4000482500996, value=5, duration=0.05634349992033094>
2252.8921 	EXP 	Device response: <KeyPress from None: t=2252.8901760410517, value=0, duration=None>
2252.8965 	DATA 	Keypress: 0
2252.9491 	EXP 	Device response: <KeyPress from None: t=2252.8901760410517, value=0, duration=0.05235720903147012>
2253.0320 	EXP 	Device response: <KeyPress from None: t=2253.0282198750647, value=0, duration=None>
2253.0347 	DATA 	Keypress: 0
2253.0825 	EXP 	Device response: <KeyPress from None: t=2253.0282198750647, value=0, duration=0.04816166602540761>
2253.6754 	DATA 	Mouse: Left button down, pos=(765,211)
2253.6763 	EXP 	New trial (rep=26, index=10): <Trial 322 (10 in rep 26) data={'delay': 0.4, 'freq': 400.0, 'conditions': 'unexp', 'thisN': 322, 'thisTrialN': 10, 'thisRepN': 26}>
2253.6798 	EXP 	text: autoDraw = False
2253.6798 	EXP 	textbox: autoDraw = False
2253.6798 	EXP 	fixation: autoDraw = True
2253.8432 	DATA 	Mouse:  Left button up, pos=(765,211)
2254.6660 	INFO 	Keyboard events cleared
2254.6658 	EXP 	polygon: autoDraw = True
2254.6756 	EXP 	fixation: autoDraw = False
2255.6325 	EXP 	Device response: <KeyPress from None: t=2255.6279953330522, value=space, duration=None>
2255.6396 	DATA 	Keypress: space
2255.6446 	EXP 	fixation: autoDraw = False
2255.6446 	EXP 	polygon: autoDraw = False
2255.6808 	EXP 	Device response: <KeyPress from None: t=2255.6279953330522, value=space, duration=0.04829962505027652>
2256.0263 	EXP 	Sound sound_1 reached end of file
2256.0426 	EXP 	Playing sound sound_1 on speaker Nirvana Crystl
2256.4763 	EXP 	Sound sound_1 stopped
2256.4941 	EXP 	text: autoDraw = True
2256.4941 	EXP 	textbox: autoDraw = True
2257.1829 	EXP 	Device response: <KeyPress from None: t=2257.1810195000144, value=4, duration=None>
2257.1872 	DATA 	Keypress: 4
2257.2424 	EXP 	Device response: <KeyPress from None: t=2257.1810195000144, value=4, duration=0.06030191609170288>
2257.7486 	EXP 	Device response: <KeyPress from None: t=2257.7450942500727, value=0, duration=None>
2257.7515 	DATA 	Keypress: 0
2257.8154 	EXP 	Device response: <KeyPress from None: t=2257.7450942500727, value=0, duration=0.06427470792550594>
2257.8917 	EXP 	Device response: <KeyPress from None: t=2257.888078583055, value=0, duration=None>
2257.8945 	DATA 	Keypress: 0
2257.9488 	EXP 	Device response: <KeyPress from None: t=2257.888078583055, value=0, duration=0.05631495802663267>
2258.4585 	DATA 	Mouse: Left button down, pos=(765,211)
2258.4594 	EXP 	New trial (rep=26, index=11): <Trial 323 (11 in rep 26) data={'delay': 0.7, 'freq': 1000.0, 'conditions': 'exp', 'thisN': 323, 'thisTrialN': 11, 'thisRepN': 26}>
2258.4625 	EXP 	text: autoDraw = False
2258.4625 	EXP 	textbox: autoDraw = False
2258.4625 	EXP 	fixation: autoDraw = True
2258.5929 	DATA 	Mouse:  Left button up, pos=(765,211)
2259.4483 	INFO 	Keyboard events cleared
2259.4481 	EXP 	polygon: autoDraw = True
2259.4591 	EXP 	fixation: autoDraw = False
2260.6667 	EXP 	Device response: <KeyPress from None: t=2260.6639514160343, value=space, duration=None>
2260.6740 	DATA 	Keypress: space
2260.6788 	EXP 	fixation: autoDraw = False
2260.6788 	EXP 	polygon: autoDraw = False
2260.7347 	EXP 	Device response: <KeyPress from None: t=2260.6639514160343, value=space, duration=0.06834704207722098>
2261.3598 	EXP 	Sound sound_1 reached end of file
2261.3761 	EXP 	Playing sound sound_1 on speaker Nirvana Crystl
2261.8106 	EXP 	Sound sound_1 stopped
2261.8298 	EXP 	text: autoDraw = True
2261.8298 	EXP 	textbox: autoDraw = True
2262.6092 	DATA 	Keypress: 3
2262.6103 	EXP 	Device response: <KeyPress from None: t=2262.601821750053, value=3, duration=None>
2262.6657 	EXP 	Device response: <KeyPress from None: t=2262.601821750053, value=3, duration=0.06041329097934067>
2263.2752 	EXP 	Device response: <KeyPress from None: t=2263.2699747080915, value=0, duration=None>
2263.2782 	DATA 	Keypress: 0
2263.3329 	EXP 	Device response: <KeyPress from None: t=2263.2699747080915, value=0, duration=0.05615541699808091>
2263.3966 	DATA 	Keypress: 0
2263.4010 	EXP 	Device response: <KeyPress from None: t=2263.391926125041, value=0, duration=None>
2263.4662 	EXP 	Device response: <KeyPress from None: t=2263.391926125041, value=0, duration=0.06818895798642188>
2263.8751 	DATA 	Mouse: Left button down, pos=(765,211)
2263.8760 	EXP 	New trial (rep=27, index=0): <Trial 324 (0 in rep 27) data={'delay': 0.7, 'freq': 1000.0, 'conditions': 'exp', 'thisN': 324, 'thisTrialN': 0, 'thisRepN': 27}>
2263.8795 	EXP 	text: autoDraw = False
2263.8795 	EXP 	textbox: autoDraw = False
2263.8795 	EXP 	fixation: autoDraw = True
2263.9959 	DATA 	Mouse:  Left button up, pos=(765,211)
2264.8658 	INFO 	Keyboard events cleared
2264.8656 	EXP 	polygon: autoDraw = True
2264.8758 	EXP 	fixation: autoDraw = False
2265.3110 	EXP 	Device response: <KeyPress from None: t=2265.3039236250333, value=space, duration=None>
2265.3181 	DATA 	Keypress: space
2265.3230 	EXP 	fixation: autoDraw = False
2265.3230 	EXP 	polygon: autoDraw = False
2265.3936 	EXP 	Device response: <KeyPress from None: t=2265.3039236250333, value=space, duration=0.08432066603563726>
2265.9985 	EXP 	Sound sound_1 reached end of file
2266.0149 	EXP 	Playing sound sound_1 on speaker Nirvana Crystl
2266.4494 	EXP 	Sound sound_1 stopped
2266.4694 	EXP 	text: autoDraw = True
2266.4694 	EXP 	textbox: autoDraw = True
2266.6261 	DATA 	Keypress: 6
2266.6272 	EXP 	Device response: <KeyPress from None: t=2266.6149492500117, value=6, duration=None>
2266.6922 	EXP 	Device response: <KeyPress from None: t=2266.6149492500117, value=6, duration=0.0681980000808835>
2267.0252 	EXP 	Device response: <KeyPress from None: t=2267.024834791082, value=0, duration=None>
2267.0296 	DATA 	Keypress: 0
2267.0586 	EXP 	Device response: <KeyPress from None: t=2267.024834791082, value=0, duration=0.03226574999280274>
2267.1291 	DATA 	Keypress: 0
2267.1338 	EXP 	Device response: <KeyPress from None: t=2267.1256981251063, value=0, duration=None>
2267.2089 	EXP 	Device response: <KeyPress from None: t=2267.1256981251063, value=0, duration=0.08035195793490857>
2267.6585 	DATA 	Mouse: Left button down, pos=(765,211)
2267.6594 	EXP 	New trial (rep=27, index=1): <Trial 325 (1 in rep 27) data={'delay': 0.1, 'freq': 1000.0, 'conditions': 'exp', 'thisN': 325, 'thisTrialN': 1, 'thisRepN': 27}>
2267.6631 	EXP 	text: autoDraw = False
2267.6631 	EXP 	textbox: autoDraw = False
2267.6631 	EXP 	fixation: autoDraw = True
2267.8097 	DATA 	Mouse:  Left button up, pos=(765,211)
2268.6495 	INFO 	Keyboard events cleared
2268.6493 	EXP 	polygon: autoDraw = True
2268.6591 	EXP 	fixation: autoDraw = False
2269.5438 	EXP 	Device response: <KeyPress from None: t=2269.5346347501036, value=space, duration=None>
2269.5508 	DATA 	Keypress: space
2269.5560 	EXP 	fixation: autoDraw = False
2269.5560 	EXP 	polygon: autoDraw = False
2269.5771 	EXP 	Device response: <KeyPress from None: t=2269.5346347501036, value=space, duration=0.040383624960668385>
2269.6298 	EXP 	Sound sound_1 reached end of file
2269.6462 	EXP 	Playing sound sound_1 on speaker Nirvana Crystl
2270.0808 	EXP 	Sound sound_1 stopped
2270.0999 	EXP 	text: autoDraw = True
2270.0999 	EXP 	textbox: autoDraw = True
2271.4418 	EXP 	Device response: <KeyPress from None: t=2271.4366413330426, value=1, duration=None>
2271.4462 	DATA 	Keypress: 1
2271.5087 	EXP 	Device response: <KeyPress from None: t=2271.4366413330426, value=1, duration=0.06844154198188335>
2271.9920 	EXP 	Device response: <KeyPress from None: t=2271.9896965411026, value=0, duration=None>
2271.9971 	DATA 	Keypress: 0
2272.0834 	EXP 	Device response: <KeyPress from None: t=2271.9896965411026, value=0, duration=0.08868724992498755>
2272.1426 	DATA 	Keypress: 0
2272.1436 	EXP 	Device response: <KeyPress from None: t=2272.1326554160332, value=0, duration=None>
2272.2087 	EXP 	Device response: <KeyPress from None: t=2272.1326554160332, value=0, duration=0.06838779198005795>
2272.5269 	DATA 	Mouse: Left button down, pos=(765,211)
2272.5332 	EXP 	New trial (rep=27, index=2): <Trial 326 (2 in rep 27) data={'delay': 0.7, 'freq': 1000.0, 'conditions': 'exp', 'thisN': 326, 'thisTrialN': 2, 'thisRepN': 27}>
2272.5412 	EXP 	text: autoDraw = False
2272.5412 	EXP 	textbox: autoDraw = False
2272.5412 	EXP 	fixation: autoDraw = True
2272.6590 	DATA 	Mouse:  Left button up, pos=(765,211)
2273.5324 	INFO 	Keyboard events cleared
2273.5322 	EXP 	fixation: autoDraw = False
2273.5322 	EXP 	polygon: autoDraw = True
2274.7666 	EXP 	Device response: <KeyPress from None: t=2274.759558291058, value=space, duration=None>
2274.7743 	DATA 	Keypress: space
2274.7789 	EXP 	fixation: autoDraw = False
2274.7789 	EXP 	polygon: autoDraw = False
2274.8315 	EXP 	Device response: <KeyPress from None: t=2274.759558291058, value=space, duration=0.0683776669902727>
2275.4598 	EXP 	Sound sound_1 reached end of file
2275.4761 	EXP 	Playing sound sound_1 on speaker Nirvana Crystl
2275.9103 	EXP 	Sound sound_1 stopped
2275.9299 	EXP 	text: autoDraw = True
2275.9299 	EXP 	textbox: autoDraw = True
2276.4508 	DATA 	Keypress: 4
2276.4520 	EXP 	Device response: <KeyPress from None: t=2276.4446288330946, value=4, duration=None>
2276.5162 	EXP 	Device response: <KeyPress from None: t=2276.4446288330946, value=4, duration=0.06825695792213082>
2277.0092 	DATA 	Keypress: 0
2277.0102 	EXP 	Device response: <KeyPress from None: t=2276.9995008331025, value=0, duration=None>
2277.0585 	EXP 	Device response: <KeyPress from None: t=2276.9995008331025, value=0, duration=0.05630720790941268>
2277.1317 	EXP 	Device response: <KeyPress from None: t=2277.1306814580457, value=0, duration=None>
2277.1358 	DATA 	Keypress: 0
2277.1920 	EXP 	Device response: <KeyPress from None: t=2277.1306814580457, value=0, duration=0.060223542037419975>
2277.7122 	DATA 	Mouse: Left button down, pos=(765,211)
2277.7171 	EXP 	New trial (rep=27, index=3): <Trial 327 (3 in rep 27) data={'delay': 0.7, 'freq': 400.0, 'conditions': 'unexp', 'thisN': 327, 'thisTrialN': 3, 'thisRepN': 27}>
2277.7242 	EXP 	text: autoDraw = False
2277.7242 	EXP 	textbox: autoDraw = False
2277.7242 	EXP 	fixation: autoDraw = True
2277.8596 	DATA 	Mouse:  Left button up, pos=(765,211)
2278.7149 	INFO 	Keyboard events cleared
2278.7147 	EXP 	fixation: autoDraw = False
2278.7147 	EXP 	polygon: autoDraw = True
2279.5834 	EXP 	Device response: <KeyPress from None: t=2279.5764136250364, value=space, duration=None>
2279.5913 	DATA 	Keypress: space
2279.5958 	EXP 	fixation: autoDraw = False
2279.5958 	EXP 	polygon: autoDraw = False
2279.6478 	EXP 	Device response: <KeyPress from None: t=2279.5764136250364, value=space, duration=0.06842241599224508>
2280.2764 	EXP 	Sound sound_1 reached end of file
2280.2926 	EXP 	Playing sound sound_1 on speaker Nirvana Crystl
2280.7271 	EXP 	Sound sound_1 stopped
2280.7472 	EXP 	text: autoDraw = True
2280.7472 	EXP 	textbox: autoDraw = True
2281.5584 	EXP 	Device response: <KeyPress from None: t=2281.5545287500136, value=3, duration=None>
2281.5626 	DATA 	Keypress: 3
2281.6487 	EXP 	Device response: <KeyPress from None: t=2281.5545287500136, value=3, duration=0.0922222500666976>
2282.2083 	EXP 	Device response: <KeyPress from None: t=2282.2026160410605, value=0, duration=None>
2282.2113 	DATA 	Keypress: 0
2282.2593 	EXP 	Device response: <KeyPress from None: t=2282.2026160410605, value=0, duration=0.04825841705314815>
2282.3325 	DATA 	Keypress: 0
2282.3335 	EXP 	Device response: <KeyPress from None: t=2282.3263853751123, value=0, duration=None>
2282.4089 	EXP 	Device response: <KeyPress from None: t=2282.3263853751123, value=0, duration=0.07228716590907425>
2282.9753 	DATA 	Mouse: Left button down, pos=(765,211)
2282.9762 	EXP 	New trial (rep=27, index=4): <Trial 328 (4 in rep 27) data={'delay': 0.1, 'freq': 400.0, 'conditions': 'unexp', 'thisN': 328, 'thisTrialN': 4, 'thisRepN': 27}>
2282.9799 	EXP 	text: autoDraw = False
2282.9799 	EXP 	textbox: autoDraw = False
2282.9799 	EXP 	fixation: autoDraw = True
2283.1292 	DATA 	Mouse:  Left button up, pos=(765,211)
2283.9653 	INFO 	Keyboard events cleared
2283.9651 	EXP 	polygon: autoDraw = True
2283.9757 	EXP 	fixation: autoDraw = False
2285.5000 	EXP 	Device response: <KeyPress from None: t=2285.4944194160635, value=space, duration=None>
2285.5068 	DATA 	Keypress: space
2285.5115 	EXP 	fixation: autoDraw = False
2285.5115 	EXP 	polygon: autoDraw = False
2285.5599 	EXP 	Device response: <KeyPress from None: t=2285.4944194160635, value=space, duration=0.05223675002343953>
2285.5929 	EXP 	Sound sound_1 reached end of file
2285.6092 	EXP 	Playing sound sound_1 on speaker Nirvana Crystl
2286.0430 	EXP 	Sound sound_1 stopped
2286.0620 	EXP 	text: autoDraw = True
2286.0620 	EXP 	textbox: autoDraw = True
2286.9604 	DATA 	Keypress: 2
2286.9619 	EXP 	Device response: <KeyPress from None: t=2286.9413736250717, value=2, duration=None>
2287.0252 	EXP 	Device response: <KeyPress from None: t=2286.9413736250717, value=2, duration=0.08035175001714379>
2287.5662 	DATA 	Keypress: 0
2287.5673 	EXP 	Device response: <KeyPress from None: t=2287.561317958054, value=0, duration=None>
2287.6254 	EXP 	Device response: <KeyPress from None: t=2287.561317958054, value=0, duration=0.05641783296596259>
2287.6831 	DATA 	Keypress: 0
2287.6841 	EXP 	Device response: <KeyPress from None: t=2287.6783402910223, value=0, duration=None>
2287.7656 	EXP 	Device response: <KeyPress from None: t=2287.6783402910223, value=0, duration=0.08423825004138052>
2288.2855 	DATA 	Mouse: Left button down, pos=(765,211)
2288.2914 	EXP 	New trial (rep=27, index=5): <Trial 329 (5 in rep 27) data={'delay': 0.1, 'freq': 1000.0, 'conditions': 'exp', 'thisN': 329, 'thisTrialN': 5, 'thisRepN': 27}>
2288.2945 	EXP 	text: autoDraw = False
2288.2945 	EXP 	textbox: autoDraw = False
2288.2945 	EXP 	fixation: autoDraw = True
2288.4438 	DATA 	Mouse:  Left button up, pos=(765,211)
2289.2827 	INFO 	Keyboard events cleared
2289.2826 	EXP 	polygon: autoDraw = True
2289.2924 	EXP 	fixation: autoDraw = False
2290.1941 	EXP 	Device response: <KeyPress from None: t=2290.1927582910284, value=space, duration=None>
2290.2072 	DATA 	Keypress: space
2290.2118 	EXP 	fixation: autoDraw = False
2290.2118 	EXP 	polygon: autoDraw = False
2290.2602 	EXP 	Device response: <KeyPress from None: t=2290.1927582910284, value=space, duration=0.06389191700145602>
2290.2924 	EXP 	Sound sound_1 reached end of file
2290.3088 	EXP 	Playing sound sound_1 on speaker Nirvana Crystl
2290.7429 	EXP 	Sound sound_1 stopped
2290.7624 	EXP 	text: autoDraw = True
2290.7624 	EXP 	textbox: autoDraw = True
2291.5212 	DATA 	Keypress: 2
2291.5420 	EXP 	Device response: <KeyPress from None: t=2291.516152125085, value=2, duration=None>
2291.5914 	EXP 	Device response: <KeyPress from None: t=2291.516152125085, value=2, duration=0.07245145796332508>
2292.2752 	EXP 	Device response: <KeyPress from None: t=2292.272134333034, value=0, duration=None>
2292.2785 	DATA 	Keypress: 0
2292.3822 	EXP 	Device response: <KeyPress from None: t=2292.272134333034, value=0, duration=0.1084422500571236>
2292.4490 	EXP 	Device response: <KeyPress from None: t=2292.4471540000523, value=0, duration=None>
2292.4520 	DATA 	Keypress: 0
2292.5246 	EXP 	Device response: <KeyPress from None: t=2292.4471540000523, value=0, duration=0.06832425005268306>
2295.3836 	DATA 	Mouse: Left button down, pos=(765,211)
2295.3913 	EXP 	New trial (rep=27, index=6): <Trial 330 (6 in rep 27) data={'delay': 0.4, 'freq': 1000.0, 'conditions': 'exp', 'thisN': 330, 'thisTrialN': 6, 'thisRepN': 27}>
2295.3944 	EXP 	text: autoDraw = False
2295.3944 	EXP 	textbox: autoDraw = False
2295.3944 	EXP 	fixation: autoDraw = True
2295.5260 	DATA 	Mouse:  Left button up, pos=(765,211)
2296.3808 	INFO 	Keyboard events cleared
2296.3807 	EXP 	polygon: autoDraw = True
2296.3922 	EXP 	fixation: autoDraw = False
2297.1996 	EXP 	Device response: <KeyPress from None: t=2297.193159208051, value=space, duration=None>
2297.2064 	DATA 	Keypress: space
2297.2113 	EXP 	fixation: autoDraw = False
2297.2113 	EXP 	polygon: autoDraw = False
2297.2430 	EXP 	Device response: <KeyPress from None: t=2297.193159208051, value=space, duration=0.04059987503569573>
2297.5927 	EXP 	Sound sound_1 reached end of file
2297.6090 	EXP 	Playing sound sound_1 on speaker Nirvana Crystl
2298.0424 	EXP 	Sound sound_1 stopped
2298.0612 	EXP 	text: autoDraw = True
2298.0612 	EXP 	textbox: autoDraw = True
2298.6281 	DATA 	Keypress: 3
2298.6343 	EXP 	Device response: <KeyPress from None: t=2298.624062750023, value=3, duration=None>
2298.6923 	EXP 	Device response: <KeyPress from None: t=2298.624062750023, value=3, duration=0.06034741608891636>
2299.2825 	DATA 	Keypress: 0
2299.2835 	EXP 	Device response: <KeyPress from None: t=2299.2750876659993, value=0, duration=None>
2299.3587 	EXP 	Device response: <KeyPress from None: t=2299.2750876659993, value=0, duration=0.07627387507818639>
2299.4318 	EXP 	Device response: <KeyPress from None: t=2299.4300506660948, value=0, duration=None>
2299.4346 	DATA 	Keypress: 0
2299.4991 	EXP 	Device response: <KeyPress from None: t=2299.4300506660948, value=0, duration=0.06433933391235769>
2299.9935 	DATA 	Mouse: Left button down, pos=(765,211)
2299.9999 	EXP 	New trial (rep=27, index=7): <Trial 331 (7 in rep 27) data={'delay': 0.4, 'freq': 400.0, 'conditions': 'unexp', 'thisN': 331, 'thisTrialN': 7, 'thisRepN': 27}>
2300.0077 	EXP 	text: autoDraw = False
2300.0077 	EXP 	textbox: autoDraw = False
2300.0077 	EXP 	fixation: autoDraw = True
2300.1484 	DATA 	Mouse:  Left button up, pos=(765,211)
2300.9986 	INFO 	Keyboard events cleared
2300.9984 	EXP 	fixation: autoDraw = False
2300.9984 	EXP 	polygon: autoDraw = True
2301.6608 	EXP 	Device response: <KeyPress from None: t=2301.6590452500386, value=space, duration=None>
2301.6680 	DATA 	Keypress: space
2301.6730 	EXP 	fixation: autoDraw = False
2301.6730 	EXP 	polygon: autoDraw = False
2301.7438 	EXP 	Device response: <KeyPress from None: t=2301.6590452500386, value=space, duration=0.07215445803012699>
2302.0480 	EXP 	Sound sound_1 reached end of file
2302.0644 	EXP 	Playing sound sound_1 on speaker Nirvana Crystl
2302.4980 	EXP 	Sound sound_1 stopped
2302.5183 	EXP 	text: autoDraw = True
2302.5183 	EXP 	textbox: autoDraw = True
2302.9581 	EXP 	Device response: <KeyPress from None: t=2302.9540252080187, value=2, duration=None>
2302.9620 	DATA 	Keypress: 2
2303.0324 	EXP 	Device response: <KeyPress from None: t=2302.9540252080187, value=2, duration=0.07218704198021442>
2303.4985 	EXP 	Device response: <KeyPress from None: t=2303.4979756250978, value=0, duration=None>
2303.5030 	DATA 	Keypress: 0
2303.5751 	EXP 	Device response: <KeyPress from None: t=2303.4979756250978, value=0, duration=0.07634879101533443>
2303.6321 	EXP 	Device response: <KeyPress from None: t=2303.629995291005, value=0, duration=None>
2303.6351 	DATA 	Keypress: 0
2303.7083 	EXP 	Device response: <KeyPress from None: t=2303.629995291005, value=0, duration=0.07614704209845513>
2304.0626 	DATA 	Mouse: Left button down, pos=(765,211)
2304.0752 	EXP 	New trial (rep=27, index=8): <Trial 332 (8 in rep 27) data={'delay': 0.4, 'freq': 1000.0, 'conditions': 'exp', 'thisN': 332, 'thisTrialN': 8, 'thisRepN': 27}>
2304.0785 	EXP 	text: autoDraw = False
2304.0785 	EXP 	textbox: autoDraw = False
2304.0785 	EXP 	fixation: autoDraw = True
2304.1936 	DATA 	Mouse:  Left button up, pos=(765,211)
2305.0656 	INFO 	Keyboard events cleared
2305.0655 	EXP 	polygon: autoDraw = True
2305.0754 	EXP 	fixation: autoDraw = False
2305.4603 	EXP 	Device response: <KeyPress from None: t=2305.4529965000693, value=space, duration=None>
2305.4678 	DATA 	Keypress: space
2305.4727 	EXP 	fixation: autoDraw = False
2305.4727 	EXP 	polygon: autoDraw = False
2305.5098 	EXP 	Device response: <KeyPress from None: t=2305.4529965000693, value=space, duration=0.05238270794507116>
2305.8467 	EXP 	Sound sound_1 reached end of file
2305.8631 	EXP 	Playing sound sound_1 on speaker Nirvana Crystl
2306.2976 	EXP 	Sound sound_1 stopped
2306.3176 	EXP 	text: autoDraw = True
2306.3176 	EXP 	textbox: autoDraw = True
2306.7051 	DATA 	Keypress: 4
2306.7097 	EXP 	Device response: <KeyPress from None: t=2306.700944541022, value=4, duration=None>
2306.7583 	EXP 	Device response: <KeyPress from None: t=2306.700944541022, value=4, duration=0.052285209065303206>
2307.2425 	DATA 	Keypress: 0
2307.2435 	EXP 	Device response: <KeyPress from None: t=2307.236789958086, value=0, duration=None>
2307.2912 	EXP 	Device response: <KeyPress from None: t=2307.236789958086, value=0, duration=0.05235858296509832>
2307.3625 	DATA 	Keypress: 0
2307.3670 	EXP 	Device response: <KeyPress from None: t=2307.358793125022, value=0, duration=None>
2307.4316 	EXP 	Device response: <KeyPress from None: t=2307.358793125022, value=0, duration=0.07240312499925494>
2307.8843 	DATA 	Mouse: Left button down, pos=(765,211)
2307.8916 	EXP 	New trial (rep=27, index=9): <Trial 333 (9 in rep 27) data={'delay': 0.7, 'freq': 1000.0, 'conditions': 'exp', 'thisN': 333, 'thisTrialN': 9, 'thisRepN': 27}>
2307.8947 	EXP 	text: autoDraw = False
2307.8947 	EXP 	textbox: autoDraw = False
2307.8947 	EXP 	fixation: autoDraw = True
2308.0255 	DATA 	Mouse:  Left button up, pos=(765,211)
2308.8804 	INFO 	Keyboard events cleared
2308.8803 	EXP 	polygon: autoDraw = True
2308.8920 	EXP 	fixation: autoDraw = False
2309.6271 	EXP 	Device response: <KeyPress from None: t=2309.61580150004, value=space, duration=None>
2309.6346 	DATA 	Keypress: space
2309.6398 	EXP 	fixation: autoDraw = False
2309.6398 	EXP 	polygon: autoDraw = False
2309.6821 	EXP 	Device response: <KeyPress from None: t=2309.61580150004, value=space, duration=0.060214375029318035>
2310.3145 	EXP 	Sound sound_1 reached end of file
2310.3309 	EXP 	Playing sound sound_1 on speaker Nirvana Crystl
2310.7648 	EXP 	Sound sound_1 stopped
2310.7845 	EXP 	text: autoDraw = True
2310.7845 	EXP 	textbox: autoDraw = True
2311.7286 	DATA 	Keypress: 5
2311.7300 	EXP 	Device response: <KeyPress from None: t=2311.7196875830414, value=5, duration=None>
2311.7997 	EXP 	Device response: <KeyPress from None: t=2311.7196875830414, value=5, duration=0.07227916701231152>
2312.3094 	DATA 	Keypress: 0
2312.3104 	EXP 	Device response: <KeyPress from None: t=2312.3038218331058, value=0, duration=None>
2312.3415 	EXP 	Device response: <KeyPress from None: t=2312.3038218331058, value=0, duration=0.03618066699709743>
2312.4156 	DATA 	Keypress: 0
2312.4166 	EXP 	Device response: <KeyPress from None: t=2312.4087669580476, value=0, duration=None>
2312.4825 	EXP 	Device response: <KeyPress from None: t=2312.4087669580476, value=0, duration=0.06819691695272923>
2313.0577 	DATA 	Mouse: Left button down, pos=(765,211)
2313.0586 	EXP 	New trial (rep=27, index=10): <Trial 334 (10 in rep 27) data={'delay': 0.4, 'freq': 1000.0, 'conditions': 'exp', 'thisN': 334, 'thisTrialN': 10, 'thisRepN': 27}>
2313.0620 	EXP 	text: autoDraw = False
2313.0620 	EXP 	textbox: autoDraw = False
2313.0620 	EXP 	fixation: autoDraw = True
2313.2100 	DATA 	Mouse:  Left button up, pos=(765,211)
2314.0488 	INFO 	Keyboard events cleared
2314.0487 	EXP 	polygon: autoDraw = True
2314.0587 	EXP 	fixation: autoDraw = False
2315.1603 	EXP 	Device response: <KeyPress from None: t=2315.1484875410097, value=space, duration=None>
2315.1680 	DATA 	Keypress: space
2315.1732 	EXP 	fixation: autoDraw = False
2315.1732 	EXP 	polygon: autoDraw = False
2315.2098 	EXP 	Device response: <KeyPress from None: t=2315.1484875410097, value=space, duration=0.05578654201235622>
2315.5478 	EXP 	Sound sound_1 reached end of file
2315.5642 	EXP 	Playing sound sound_1 on speaker Nirvana Crystl
2315.9980 	EXP 	Sound sound_1 stopped
2316.0174 	EXP 	text: autoDraw = True
2316.0174 	EXP 	textbox: autoDraw = True
2316.7491 	EXP 	Device response: <KeyPress from None: t=2316.7465714160353, value=2, duration=None>
2316.7533 	DATA 	Keypress: 2
2316.8254 	EXP 	Device response: <KeyPress from None: t=2316.7465714160353, value=2, duration=0.07236445904709399>
2317.4327 	DATA 	Keypress: 0
2317.4337 	EXP 	Device response: <KeyPress from None: t=2317.4276792081073, value=0, duration=None>
2317.4922 	EXP 	Device response: <KeyPress from None: t=2317.4276792081073, value=0, duration=0.060141207999549806>
2317.5580 	EXP 	Device response: <KeyPress from None: t=2317.554648833, value=0, duration=None>
2317.5609 	DATA 	Keypress: 0
2317.6158 	EXP 	Device response: <KeyPress from None: t=2317.554648833, value=0, duration=0.056250125053338706>
2318.3247 	DATA 	Mouse: Left button down, pos=(765,211)
2318.3256 	EXP 	New trial (rep=27, index=11): <Trial 335 (11 in rep 27) data={'delay': 0.1, 'freq': 1000.0, 'conditions': 'exp', 'thisN': 335, 'thisTrialN': 11, 'thisRepN': 27}>
2318.3292 	EXP 	text: autoDraw = False
2318.3292 	EXP 	textbox: autoDraw = False
2318.3292 	EXP 	fixation: autoDraw = True
2318.4783 	DATA 	Mouse:  Left button up, pos=(765,211)
2319.3149 	INFO 	Keyboard events cleared
2319.3147 	EXP 	polygon: autoDraw = True
2319.3252 	EXP 	fixation: autoDraw = False
2320.3436 	EXP 	Device response: <KeyPress from None: t=2320.3338577910326, value=space, duration=None>
2320.3511 	DATA 	Keypress: space
2320.3562 	EXP 	fixation: autoDraw = False
2320.3562 	EXP 	polygon: autoDraw = False
2320.3987 	EXP 	Device response: <KeyPress from None: t=2320.3338577910326, value=space, duration=0.0600457499967888>
2320.4311 	EXP 	Sound sound_1 reached end of file
2320.4475 	EXP 	Playing sound sound_1 on speaker Nirvana Crystl
2320.8821 	EXP 	Sound sound_1 stopped
2320.9009 	EXP 	text: autoDraw = True
2320.9009 	EXP 	textbox: autoDraw = True
2322.1745 	EXP 	Device response: <KeyPress from None: t=2322.1703314160695, value=2, duration=None>
2322.1783 	DATA 	Keypress: 2
2322.2744 	EXP 	Device response: <KeyPress from None: t=2322.1703314160695, value=2, duration=0.09954816696699709>
2322.8659 	DATA 	Keypress: 0
2322.8669 	EXP 	Device response: <KeyPress from None: t=2322.860405708081, value=0, duration=None>
2322.9421 	EXP 	Device response: <KeyPress from None: t=2322.860405708081, value=0, duration=0.07242816698271781>
2322.9989 	DATA 	Keypress: 0
2322.9998 	EXP 	Device response: <KeyPress from None: t=2322.9914944580523, value=0, duration=None>
2323.0749 	EXP 	Device response: <KeyPress from None: t=2322.9914944580523, value=0, duration=0.08035237505100667>
2323.5584 	DATA 	Mouse: Left button down, pos=(765,211)
2323.5593 	EXP 	New trial (rep=28, index=0): <Trial 336 (0 in rep 28) data={'delay': 0.4, 'freq': 400.0, 'conditions': 'unexp', 'thisN': 336, 'thisTrialN': 0, 'thisRepN': 28}>
2323.5627 	EXP 	text: autoDraw = False
2323.5627 	EXP 	textbox: autoDraw = False
2323.5627 	EXP 	fixation: autoDraw = True
2323.6916 	DATA 	Mouse:  Left button up, pos=(765,211)
2324.5481 	INFO 	Keyboard events cleared
2324.5478 	EXP 	polygon: autoDraw = True
2324.5587 	EXP 	fixation: autoDraw = False
2325.1991 	EXP 	Device response: <KeyPress from None: t=2325.192456916091, value=space, duration=None>
2325.2058 	DATA 	Keypress: space
2325.2110 	EXP 	fixation: autoDraw = False
2325.2110 	EXP 	polygon: autoDraw = False
2325.2936 	EXP 	Device response: <KeyPress from None: t=2325.192456916091, value=space, duration=0.0883119999198243>
2325.5924 	EXP 	Sound sound_1 reached end of file
2325.6087 	EXP 	Playing sound sound_1 on speaker Nirvana Crystl
2326.0430 	EXP 	Sound sound_1 stopped
2326.0621 	EXP 	text: autoDraw = True
2326.0621 	EXP 	textbox: autoDraw = True
2327.1490 	EXP 	Device response: <KeyPress from None: t=2327.1462972910376, value=3, duration=None>
2327.1528 	DATA 	Keypress: 3
2327.2321 	EXP 	Device response: <KeyPress from None: t=2327.1462972910376, value=3, duration=0.08030233404133469>
2327.7083 	EXP 	Device response: <KeyPress from None: t=2327.7072879160987, value=0, duration=None>
2327.7127 	DATA 	Keypress: 0
2327.7651 	EXP 	Device response: <KeyPress from None: t=2327.7072879160987, value=0, duration=0.052299416973255575>
2327.8415 	EXP 	Device response: <KeyPress from None: t=2327.840327375103, value=0, duration=None>
2327.8456 	DATA 	Keypress: 0
2327.9316 	EXP 	Device response: <KeyPress from None: t=2327.840327375103, value=0, duration=0.0883114580065012>
2328.5577 	DATA 	Mouse: Left button down, pos=(765,211)
2328.5586 	EXP 	New trial (rep=28, index=1): <Trial 337 (1 in rep 28) data={'delay': 0.1, 'freq': 1000.0, 'conditions': 'exp', 'thisN': 337, 'thisTrialN': 1, 'thisRepN': 28}>
2328.5618 	EXP 	text: autoDraw = False
2328.5618 	EXP 	textbox: autoDraw = False
2328.5618 	EXP 	fixation: autoDraw = True
2328.7269 	DATA 	Mouse:  Left button up, pos=(765,211)
2329.5487 	INFO 	Keyboard events cleared
2329.5486 	EXP 	polygon: autoDraw = True
2329.5587 	EXP 	fixation: autoDraw = False
2330.6269 	EXP 	Device response: <KeyPress from None: t=2330.6214259160915, value=space, duration=None>
2330.6345 	DATA 	Keypress: space
2330.6395 	EXP 	fixation: autoDraw = False
2330.6395 	EXP 	polygon: autoDraw = False
2330.6936 	EXP 	Device response: <KeyPress from None: t=2330.6214259160915, value=space, duration=0.06041724991519004>
2330.7133 	EXP 	Sound sound_1 reached end of file
2330.7297 	EXP 	Playing sound sound_1 on speaker Nirvana Crystl
2331.1655 	EXP 	Sound sound_1 stopped
2331.1846 	EXP 	text: autoDraw = True
2331.1846 	EXP 	textbox: autoDraw = True
2331.9743 	EXP 	Device response: <KeyPress from None: t=2331.9684563750634, value=1, duration=None>
2331.9782 	DATA 	Keypress: 1
2332.0586 	EXP 	Device response: <KeyPress from None: t=2331.9684563750634, value=1, duration=0.08008879097178578>
2332.7154 	EXP 	Device response: <KeyPress from None: t=2332.7132872910006, value=0, duration=None>
2332.7184 	DATA 	Keypress: 0
2332.7824 	EXP 	Device response: <KeyPress from None: t=2332.7132872910006, value=0, duration=0.06417983409482986>
2332.8491 	DATA 	Keypress: 0
2332.8501 	EXP 	Device response: <KeyPress from None: t=2332.8422463750467, value=0, duration=None>
2332.9319 	EXP 	Device response: <KeyPress from None: t=2332.8422463750467, value=0, duration=0.0842105409828946>
2333.4012 	DATA 	Mouse: Left button down, pos=(765,211)
2333.4077 	EXP 	New trial (rep=28, index=2): <Trial 338 (2 in rep 28) data={'delay': 0.1, 'freq': 400.0, 'conditions': 'unexp', 'thisN': 338, 'thisTrialN': 2, 'thisRepN': 28}>
2333.4109 	EXP 	text: autoDraw = False
2333.4109 	EXP 	textbox: autoDraw = False
2333.4109 	EXP 	fixation: autoDraw = True
2333.5594 	DATA 	Mouse:  Left button up, pos=(765,211)
2334.3982 	INFO 	Keyboard events cleared
2334.3981 	EXP 	polygon: autoDraw = True
2334.4085 	EXP 	fixation: autoDraw = False
2337.7265 	EXP 	Device response: <KeyPress from None: t=2337.7199781250674, value=space, duration=None>
2337.7343 	DATA 	Keypress: space
2337.7392 	EXP 	fixation: autoDraw = False
2337.7392 	EXP 	polygon: autoDraw = False
2337.7769 	EXP 	Device response: <KeyPress from None: t=2337.7199781250674, value=space, duration=0.05013600003439933>
2337.8143 	EXP 	Sound sound_1 reached end of file
2337.8307 	EXP 	Playing sound sound_1 on speaker Nirvana Crystl
2338.2651 	EXP 	Sound sound_1 stopped
2338.2850 	EXP 	text: autoDraw = True
2338.2850 	EXP 	textbox: autoDraw = True
2339.6037 	DATA 	Keypress: 3
2339.6089 	EXP 	Device response: <KeyPress from None: t=2339.598547083093, value=3, duration=None>
2339.6823 	EXP 	Device response: <KeyPress from None: t=2339.598547083093, value=3, duration=0.07640145800542086>
2340.2748 	EXP 	Device response: <KeyPress from None: t=2340.2736314160284, value=0, duration=None>
2340.2779 	DATA 	Keypress: 0
2340.3418 	EXP 	Device response: <KeyPress from None: t=2340.2736314160284, value=0, duration=0.06017700000666082>
2340.4087 	DATA 	Keypress: 0
2340.4097 	EXP 	Device response: <KeyPress from None: t=2340.3994877500227, value=0, duration=None>
2340.4751 	EXP 	Device response: <KeyPress from None: t=2340.3994877500227, value=0, duration=0.06848608306609094>
2340.9410 	DATA 	Mouse: Left button down, pos=(765,211)
2340.9419 	EXP 	New trial (rep=28, index=3): <Trial 339 (3 in rep 28) data={'delay': 0.1, 'freq': 1000.0, 'conditions': 'exp', 'thisN': 339, 'thisTrialN': 3, 'thisRepN': 28}>
2340.9451 	EXP 	text: autoDraw = False
2340.9451 	EXP 	textbox: autoDraw = False
2340.9451 	EXP 	fixation: autoDraw = True
2341.0617 	DATA 	Mouse:  Left button up, pos=(765,211)
2341.9311 	INFO 	Keyboard events cleared
2341.9308 	EXP 	polygon: autoDraw = True
2341.9417 	EXP 	fixation: autoDraw = False
2343.3326 	EXP 	Device response: <KeyPress from None: t=2343.3305699580815, value=space, duration=None>
2343.3397 	DATA 	Keypress: space
2343.3442 	EXP 	fixation: autoDraw = False
2343.3442 	EXP 	polygon: autoDraw = False
2343.3759 	EXP 	Device response: <KeyPress from None: t=2343.3305699580815, value=space, duration=0.04433624993544072>
2343.4255 	EXP 	Sound sound_1 reached end of file
2343.4418 	EXP 	Playing sound sound_1 on speaker Nirvana Crystl
2343.8762 	EXP 	Sound sound_1 stopped
2343.8956 	EXP 	text: autoDraw = True
2343.8956 	EXP 	textbox: autoDraw = True
2344.6955 	DATA 	Keypress: 1
2344.7002 	EXP 	Device response: <KeyPress from None: t=2344.690426250105, value=1, duration=None>
2344.7820 	EXP 	Device response: <KeyPress from None: t=2344.690426250105, value=1, duration=0.08446179097518325>
2345.4752 	DATA 	Keypress: 0
2345.4762 	EXP 	Device response: <KeyPress from None: t=2345.465492541087, value=0, duration=None>
2345.5319 	EXP 	Device response: <KeyPress from None: t=2345.465492541087, value=0, duration=0.0603265839163214>
2345.6155 	DATA 	Keypress: 0
2345.6164 	EXP 	Device response: <KeyPress from None: t=2345.6085141251097, value=0, duration=None>
2345.6655 	EXP 	Device response: <KeyPress from None: t=2345.6085141251097, value=0, duration=0.05219691595993936>
2346.2778 	DATA 	Mouse: Left button down, pos=(765,211)
2346.2829 	EXP 	New trial (rep=28, index=4): <Trial 340 (4 in rep 28) data={'delay': 0.4, 'freq': 1000.0, 'conditions': 'exp', 'thisN': 340, 'thisTrialN': 4, 'thisRepN': 28}>
2346.2909 	EXP 	text: autoDraw = False
2346.2909 	EXP 	textbox: autoDraw = False
2346.2909 	EXP 	fixation: autoDraw = True
2346.4437 	DATA 	Mouse:  Left button up, pos=(765,211)
2347.2815 	INFO 	Keyboard events cleared
2347.2813 	EXP 	fixation: autoDraw = False
2347.2813 	EXP 	polygon: autoDraw = True
2348.0598 	EXP 	Device response: <KeyPress from None: t=2348.0534475410823, value=space, duration=None>
2348.0669 	DATA 	Keypress: space
2348.0719 	EXP 	fixation: autoDraw = False
2348.0719 	EXP 	polygon: autoDraw = False
2348.1262 	EXP 	Device response: <KeyPress from None: t=2348.0534475410823, value=space, duration=0.06030570901930332>
2348.4474 	EXP 	Sound sound_1 reached end of file
2348.4638 	EXP 	Playing sound sound_1 on speaker Nirvana Crystl
2348.8984 	EXP 	Sound sound_1 stopped
2348.9189 	EXP 	text: autoDraw = True
2348.9189 	EXP 	textbox: autoDraw = True
2349.5575 	EXP 	Device response: <KeyPress from None: t=2349.5543419161113, value=1, duration=None>
2349.5617 	DATA 	Keypress: 1
2349.6321 	EXP 	Device response: <KeyPress from None: t=2349.5543419161113, value=1, duration=0.07226929196622223>
2350.3090 	DATA 	Keypress: 0
2350.3100 	EXP 	Device response: <KeyPress from None: t=2350.299277000013, value=0, duration=None>
2350.3412 	EXP 	Device response: <KeyPress from None: t=2350.299277000013, value=0, duration=0.040430041030049324>
2350.4147 	EXP 	Device response: <KeyPress from None: t=2350.41240166605, value=0, duration=None>
2350.4177 	DATA 	Keypress: 0
2350.4909 	EXP 	Device response: <KeyPress from None: t=2350.41240166605, value=0, duration=0.06913070904556662>
2351.0249 	DATA 	Mouse: Left button down, pos=(765,211)
2351.0257 	EXP 	New trial (rep=28, index=5): <Trial 341 (5 in rep 28) data={'delay': 0.4, 'freq': 1000.0, 'conditions': 'exp', 'thisN': 341, 'thisTrialN': 5, 'thisRepN': 28}>
2351.0293 	EXP 	text: autoDraw = False
2351.0293 	EXP 	textbox: autoDraw = False
2351.0293 	EXP 	fixation: autoDraw = True
2351.1756 	DATA 	Mouse:  Left button up, pos=(765,211)
2352.0146 	INFO 	Keyboard events cleared
2352.0144 	EXP 	polygon: autoDraw = True
2352.0250 	EXP 	fixation: autoDraw = False
2352.7316 	EXP 	Device response: <KeyPress from None: t=2352.729357458069, value=space, duration=None>
2352.7386 	DATA 	Keypress: space
2352.7438 	EXP 	fixation: autoDraw = False
2352.7438 	EXP 	polygon: autoDraw = False
2352.7760 	EXP 	Device response: <KeyPress from None: t=2352.729357458069, value=space, duration=0.04435674997512251>
2353.1256 	EXP 	Sound sound_1 reached end of file
2353.1419 	EXP 	Playing sound sound_1 on speaker Nirvana Crystl
2353.5757 	EXP 	Sound sound_1 stopped
2353.5950 	EXP 	text: autoDraw = True
2353.5950 	EXP 	textbox: autoDraw = True
2354.1623 	DATA 	Keypress: 2
2354.1671 	EXP 	Device response: <KeyPress from None: t=2354.157169833081, value=2, duration=None>
2354.2147 	EXP 	Device response: <KeyPress from None: t=2354.157169833081, value=2, duration=0.05646100000012666>
2354.7420 	DATA 	Keypress: 0
2354.7431 	EXP 	Device response: <KeyPress from None: t=2354.7333157910034, value=0, duration=None>
2354.7915 	EXP 	Device response: <KeyPress from None: t=2354.7333157910034, value=0, duration=0.048239042051136494>
2354.8480 	EXP 	Device response: <KeyPress from None: t=2354.8471890831133, value=0, duration=None>
2354.8520 	DATA 	Keypress: 0
2354.9147 	EXP 	Device response: <KeyPress from None: t=2354.8471890831133, value=0, duration=0.06438624998554587>
2355.4097 	DATA 	Mouse: Left button down, pos=(765,211)
2355.4162 	EXP 	New trial (rep=28, index=6): <Trial 342 (6 in rep 28) data={'delay': 0.7, 'freq': 1000.0, 'conditions': 'exp', 'thisN': 342, 'thisTrialN': 6, 'thisRepN': 28}>
2355.4240 	EXP 	text: autoDraw = False
2355.4240 	EXP 	textbox: autoDraw = False
2355.4240 	EXP 	fixation: autoDraw = True
2355.5454 	DATA 	Mouse:  Left button up, pos=(765,211)
2356.4143 	INFO 	Keyboard events cleared
2356.4141 	EXP 	fixation: autoDraw = False
2356.4141 	EXP 	polygon: autoDraw = True
2360.6932 	EXP 	Device response: <KeyPress from None: t=2360.691448291065, value=space, duration=None>
2360.7009 	DATA 	Keypress: space
2360.7060 	EXP 	fixation: autoDraw = False
2360.7060 	EXP 	polygon: autoDraw = False
2360.7594 	EXP 	Device response: <KeyPress from None: t=2360.691448291065, value=space, duration=0.057804042007774115>
2361.3807 	EXP 	Sound sound_1 reached end of file
2361.3971 	EXP 	Playing sound sound_1 on speaker Nirvana Crystl
2361.8318 	EXP 	Sound sound_1 stopped
2361.8514 	EXP 	text: autoDraw = True
2361.8514 	EXP 	textbox: autoDraw = True
2363.4998 	DATA 	Keypress: 3
2363.5009 	EXP 	Device response: <KeyPress from None: t=2363.49386425002, value=3, duration=None>
2363.5753 	EXP 	Device response: <KeyPress from None: t=2363.49386425002, value=3, duration=0.07222254108637571>
2364.1581 	EXP 	Device response: <KeyPress from None: t=2364.152719500009, value=0, duration=None>
2364.1610 	DATA 	Keypress: 0
2364.2154 	EXP 	Device response: <KeyPress from None: t=2364.152719500009, value=0, duration=0.0563491249922663>
2364.3490 	DATA 	Keypress: 0
2364.3500 	EXP 	Device response: <KeyPress from None: t=2364.3418375831097, value=0, duration=None>
2364.3916 	EXP 	Device response: <KeyPress from None: t=2364.3418375831097, value=0, duration=0.044514874927699566>
2365.4012 	DATA 	Mouse: Left button down, pos=(765,211)
2365.4074 	EXP 	New trial (rep=28, index=7): <Trial 343 (7 in rep 28) data={'delay': 0.1, 'freq': 1000.0, 'conditions': 'exp', 'thisN': 343, 'thisTrialN': 7, 'thisRepN': 28}>
2365.4105 	EXP 	text: autoDraw = False
2365.4105 	EXP 	textbox: autoDraw = False
2365.4105 	EXP 	fixation: autoDraw = True
2365.5416 	DATA 	Mouse:  Left button up, pos=(765,211)
2366.3980 	INFO 	Keyboard events cleared
2366.3978 	EXP 	polygon: autoDraw = True
2366.4083 	EXP 	fixation: autoDraw = False
2367.3430 	EXP 	Device response: <KeyPress from None: t=2367.331654041074, value=space, duration=None>
2367.3503 	DATA 	Keypress: space
2367.3555 	EXP 	fixation: autoDraw = False
2367.3555 	EXP 	polygon: autoDraw = False
2367.3928 	EXP 	Device response: <KeyPress from None: t=2367.331654041074, value=space, duration=0.052451208932325244>
2367.4308 	EXP 	Sound sound_1 reached end of file
2367.4471 	EXP 	Playing sound sound_1 on speaker Nirvana Crystl
2367.8807 	EXP 	Sound sound_1 stopped
2367.9000 	EXP 	text: autoDraw = True
2367.9000 	EXP 	textbox: autoDraw = True
2369.3998 	DATA 	Keypress: 3
2369.4009 	EXP 	Device response: <KeyPress from None: t=2369.3926049160073, value=3, duration=None>
2369.4740 	EXP 	Device response: <KeyPress from None: t=2369.3926049160073, value=3, duration=0.07232841709628701>
2370.0247 	EXP 	Device response: <KeyPress from None: t=2370.021719916025, value=0, duration=None>
2370.0277 	DATA 	Keypress: 0
2370.0812 	EXP 	Device response: <KeyPress from None: t=2370.021719916025, value=0, duration=0.056222292012535036>
2370.1477 	EXP 	Device response: <KeyPress from None: t=2370.146575250081, value=0, duration=None>
2370.1505 	DATA 	Keypress: 0
2370.2318 	EXP 	Device response: <KeyPress from None: t=2370.146575250081, value=0, duration=0.08031987491995096>
2371.0810 	DATA 	Mouse: Left button down, pos=(765,211)
2371.0819 	EXP 	New trial (rep=28, index=8): <Trial 344 (8 in rep 28) data={'delay': 0.7, 'freq': 1000.0, 'conditions': 'exp', 'thisN': 344, 'thisTrialN': 8, 'thisRepN': 28}>
2371.0903 	EXP 	text: autoDraw = False
2371.0903 	EXP 	textbox: autoDraw = False
2371.0903 	EXP 	fixation: autoDraw = True
2371.2254 	DATA 	Mouse:  Left button up, pos=(765,211)
2372.0749 	INFO 	Keyboard events cleared
2372.0747 	EXP 	polygon: autoDraw = True
2372.0805 	EXP 	fixation: autoDraw = False
2374.5931 	EXP 	Device response: <KeyPress from None: t=2374.5906088750344, value=2, duration=None>
2374.5993 	DATA 	Keypress: 2
2374.6927 	EXP 	Device response: <KeyPress from None: t=2374.5906088750344, value=2, duration=0.09268633299507201>
2376.1260 	EXP 	Device response: <KeyPress from None: t=2376.1174589580623, value=space, duration=None>
2376.1328 	DATA 	Keypress: space
2376.1376 	EXP 	fixation: autoDraw = False
2376.1376 	EXP 	polygon: autoDraw = False
2376.2146 	EXP 	Device response: <KeyPress from None: t=2376.1174589580623, value=space, duration=0.0924292920390144>
2376.8139 	EXP 	Sound sound_1 reached end of file
2376.8303 	EXP 	Playing sound sound_1 on speaker Nirvana Crystl
2377.2648 	EXP 	Sound sound_1 stopped
2377.2845 	EXP 	text: autoDraw = True
2377.2845 	EXP 	textbox: autoDraw = True
2381.1328 	DATA 	Keypress: 4
2381.1340 	EXP 	Device response: <KeyPress from None: t=2381.126723583089, value=4, duration=None>
2381.1977 	EXP 	Device response: <KeyPress from None: t=2381.126723583089, value=4, duration=0.06990166695322841>
2381.8748 	DATA 	Keypress: 0
2381.8759 	EXP 	Device response: <KeyPress from None: t=2381.8672842080705, value=0, duration=None>
2381.9409 	EXP 	Device response: <KeyPress from None: t=2381.8672842080705, value=0, duration=0.06432100001256913>
2382.0246 	DATA 	Keypress: 0
2382.0255 	EXP 	Device response: <KeyPress from None: t=2382.018366666045, value=0, duration=None>
2382.0644 	EXP 	Device response: <KeyPress from None: t=2382.018366666045, value=0, duration=0.04023587505798787>
2383.5757 	DATA 	Mouse: Left button down, pos=(765,211)
2383.5819 	EXP 	New trial (rep=28, index=9): <Trial 345 (9 in rep 28) data={'delay': 0.4, 'freq': 1000.0, 'conditions': 'exp', 'thisN': 345, 'thisTrialN': 9, 'thisRepN': 28}>
2383.5904 	EXP 	text: autoDraw = False
2383.5904 	EXP 	textbox: autoDraw = False
2383.5904 	EXP 	fixation: autoDraw = True
2383.7431 	DATA 	Mouse:  Left button up, pos=(765,211)
2384.5804 	INFO 	Keyboard events cleared
2384.5802 	EXP 	fixation: autoDraw = False
2384.5802 	EXP 	polygon: autoDraw = True
2386.4820 	EXP 	Device response: <KeyPress from None: t=2386.477346666041, value=space, duration=None>
2386.4897 	DATA 	Keypress: space
2386.4942 	EXP 	fixation: autoDraw = False
2386.4942 	EXP 	polygon: autoDraw = False
2386.5426 	EXP 	Device response: <KeyPress from None: t=2386.477346666041, value=space, duration=0.06414454197511077>
2386.8749 	EXP 	Sound sound_1 reached end of file
2386.8913 	EXP 	Playing sound sound_1 on speaker Nirvana Crystl
2387.3260 	EXP 	Sound sound_1 stopped
2387.3456 	EXP 	text: autoDraw = True
2387.3456 	EXP 	textbox: autoDraw = True
2388.5909 	EXP 	Device response: <KeyPress from None: t=2388.5861626251135, value=3, duration=None>
2388.5951 	DATA 	Keypress: 3
2388.6489 	EXP 	Device response: <KeyPress from None: t=2388.5861626251135, value=3, duration=0.05640566593501717>
2389.1914 	DATA 	Keypress: 0
2389.1925 	EXP 	Device response: <KeyPress from None: t=2389.183252000017, value=0, duration=None>
2389.2405 	EXP 	Device response: <KeyPress from None: t=2389.183252000017, value=0, duration=0.05225541605614126>
2389.3155 	DATA 	Keypress: 0
2389.3165 	EXP 	Device response: <KeyPress from None: t=2389.3071096250787, value=0, duration=None>
2389.3740 	EXP 	Device response: <KeyPress from None: t=2389.3071096250787, value=0, duration=0.06438250001519918>
2390.3091 	DATA 	Mouse: Left button down, pos=(765,211)
2390.3156 	EXP 	New trial (rep=28, index=10): <Trial 346 (10 in rep 28) data={'delay': 0.7, 'freq': 1000.0, 'conditions': 'exp', 'thisN': 346, 'thisTrialN': 10, 'thisRepN': 28}>
2390.3233 	EXP 	text: autoDraw = False
2390.3233 	EXP 	textbox: autoDraw = False
2390.3233 	EXP 	fixation: autoDraw = True
2390.4974 	DATA 	Mouse:  Left button up, pos=(765,211)
2391.3144 	INFO 	Keyboard events cleared
2391.3143 	EXP 	fixation: autoDraw = False
2391.3143 	EXP 	polygon: autoDraw = True
2392.3813 	EXP 	Device response: <KeyPress from None: t=2392.3760176250944, value=space, duration=None>
2392.3889 	DATA 	Keypress: space
2392.3945 	EXP 	fixation: autoDraw = False
2392.3945 	EXP 	polygon: autoDraw = False
2392.4478 	EXP 	Device response: <KeyPress from None: t=2392.3760176250944, value=space, duration=0.06852345797233284>
2393.0753 	EXP 	Sound sound_1 reached end of file
2393.0916 	EXP 	Playing sound sound_1 on speaker Nirvana Crystl
2393.5260 	EXP 	Sound sound_1 stopped
2393.5465 	EXP 	text: autoDraw = True
2393.5465 	EXP 	textbox: autoDraw = True
2394.4747 	DATA 	Keypress: 3
2394.4758 	EXP 	Device response: <KeyPress from None: t=2394.4680007500574, value=3, duration=None>
2394.5414 	EXP 	Device response: <KeyPress from None: t=2394.4680007500574, value=3, duration=0.06443074997514486>
2395.1915 	DATA 	Keypress: 0
2395.1926 	EXP 	Device response: <KeyPress from None: t=2395.182098958059, value=0, duration=None>
2395.2739 	EXP 	Device response: <KeyPress from None: t=2395.182098958059, value=0, duration=0.0882864169543609>
2395.6611 	DATA 	Keypress: 0
2395.6658 	EXP 	Device response: <KeyPress from None: t=2395.658003666089, value=0, duration=None>
2395.7479 	EXP 	Device response: <KeyPress from None: t=2395.658003666089, value=0, duration=0.08877349994145334>
2398.0091 	DATA 	Mouse: Left button down, pos=(765,211)
2398.0155 	EXP 	New trial (rep=28, index=11): <Trial 347 (11 in rep 28) data={'delay': 0.7, 'freq': 400.0, 'conditions': 'unexp', 'thisN': 347, 'thisTrialN': 11, 'thisRepN': 28}>
2398.0235 	EXP 	text: autoDraw = False
2398.0235 	EXP 	textbox: autoDraw = False
2398.0235 	EXP 	fixation: autoDraw = True
2398.1933 	DATA 	Mouse:  Left button up, pos=(765,211)
2399.0144 	INFO 	Keyboard events cleared
2399.0142 	EXP 	fixation: autoDraw = False
2399.0142 	EXP 	polygon: autoDraw = True
2400.2429 	EXP 	Device response: <KeyPress from None: t=2400.239077291102, value=space, duration=None>
2400.2512 	DATA 	Keypress: space
2400.2562 	EXP 	fixation: autoDraw = False
2400.2562 	EXP 	polygon: autoDraw = False
2400.2922 	EXP 	Device response: <KeyPress from None: t=2400.239077291102, value=space, duration=0.04424962494522333>
2400.9303 	EXP 	Sound sound_1 reached end of file
2400.9467 	EXP 	Playing sound sound_1 on speaker Nirvana Crystl
2401.3805 	EXP 	Sound sound_1 stopped
2401.3998 	EXP 	text: autoDraw = True
2401.3998 	EXP 	textbox: autoDraw = True
2402.2071 	EXP 	Device response: <KeyPress from None: t=2402.2019565000664, value=3, duration=None>
2402.2113 	DATA 	Keypress: 3
2402.2742 	EXP 	Device response: <KeyPress from None: t=2402.2019565000664, value=3, duration=0.06417829100973904>
2402.7909 	EXP 	Device response: <KeyPress from None: t=2402.788852166035, value=0, duration=None>
2402.7952 	DATA 	Keypress: 0
2402.8576 	EXP 	Device response: <KeyPress from None: t=2402.788852166035, value=0, duration=0.06024716701358557>
2402.9404 	EXP 	Device response: <KeyPress from None: t=2402.9367750000674, value=0, duration=None>
2402.9431 	DATA 	Keypress: 0
2403.0071 	EXP 	Device response: <KeyPress from None: t=2402.9367750000674, value=0, duration=0.06036129093263298>
2403.4772 	DATA 	Mouse: Left button down, pos=(765,211)
2403.4819 	EXP 	New trial (rep=29, index=0): <Trial 348 (0 in rep 29) data={'delay': 0.7, 'freq': 400.0, 'conditions': 'unexp', 'thisN': 348, 'thisTrialN': 0, 'thisRepN': 29}>
2403.4897 	EXP 	text: autoDraw = False
2403.4897 	EXP 	textbox: autoDraw = False
2403.4897 	EXP 	fixation: autoDraw = True
2403.6251 	DATA 	Mouse:  Left button up, pos=(765,211)
2404.4809 	INFO 	Keyboard events cleared
2404.4808 	EXP 	fixation: autoDraw = False
2404.4808 	EXP 	polygon: autoDraw = True
2404.7650 	EXP 	Device response: <KeyPress from None: t=2404.7588588750223, value=space, duration=None>
2404.7719 	DATA 	Keypress: space
2404.7769 	EXP 	fixation: autoDraw = False
2404.7769 	EXP 	polygon: autoDraw = False
2404.8429 	EXP 	Device response: <KeyPress from None: t=2404.7588588750223, value=space, duration=0.0762845000717789>
2405.4583 	EXP 	Sound sound_1 reached end of file
2405.4746 	EXP 	Playing sound sound_1 on speaker Nirvana Crystl
2405.9092 	EXP 	Sound sound_1 stopped
2405.9280 	EXP 	text: autoDraw = True
2405.9280 	EXP 	textbox: autoDraw = True
2406.3243 	DATA 	Keypress: 7
2406.3255 	EXP 	Device response: <KeyPress from None: t=2406.31672279106, value=7, duration=None>
2406.3740 	EXP 	Device response: <KeyPress from None: t=2406.31672279106, value=7, duration=0.05635008402168751>
2406.8148 	DATA 	Keypress: 0
2406.8159 	EXP 	Device response: <KeyPress from None: t=2406.8078306660755, value=0, duration=None>
2406.8811 	EXP 	Device response: <KeyPress from None: t=2406.8078306660755, value=0, duration=0.06816083402372897>
2406.9241 	EXP 	Device response: <KeyPress from None: t=2406.9228615830652, value=0, duration=None>
2406.9282 	DATA 	Keypress: 0
2406.9980 	EXP 	Device response: <KeyPress from None: t=2406.9228615830652, value=0, duration=0.06896208296529949>
2407.7740 	DATA 	Mouse: Left button down, pos=(765,211)
2407.7749 	EXP 	New trial (rep=29, index=1): <Trial 349 (1 in rep 29) data={'delay': 0.4, 'freq': 400.0, 'conditions': 'unexp', 'thisN': 349, 'thisTrialN': 1, 'thisRepN': 29}>
2407.7781 	EXP 	text: autoDraw = False
2407.7781 	EXP 	textbox: autoDraw = False
2407.7781 	EXP 	fixation: autoDraw = True
2407.9250 	DATA 	Mouse:  Left button up, pos=(765,211)
2408.7643 	INFO 	Keyboard events cleared
2408.7641 	EXP 	polygon: autoDraw = True
2408.7743 	EXP 	fixation: autoDraw = False
2409.4309 	EXP 	Device response: <KeyPress from None: t=2409.426784708048, value=space, duration=None>
2409.4379 	DATA 	Keypress: space
2409.4432 	EXP 	fixation: autoDraw = False
2409.4432 	EXP 	polygon: autoDraw = False
2409.4922 	EXP 	Device response: <KeyPress from None: t=2409.426784708048, value=space, duration=0.06026787497103214>
2409.8248 	EXP 	Sound sound_1 reached end of file
2409.8412 	EXP 	Playing sound sound_1 on speaker Nirvana Crystl
2410.2759 	EXP 	Sound sound_1 stopped
2410.2952 	EXP 	text: autoDraw = True
2410.2952 	EXP 	textbox: autoDraw = True
2410.9410 	DATA 	Keypress: 5
2410.9421 	EXP 	Device response: <KeyPress from None: t=2410.9337406250415, value=5, duration=None>
2410.9980 	EXP 	Device response: <KeyPress from None: t=2410.9337406250415, value=5, duration=0.06029441603459418>
2411.4318 	DATA 	Keypress: 0
2411.4329 	EXP 	Device response: <KeyPress from None: t=2411.4266233330127, value=0, duration=None>
2411.5072 	EXP 	Device response: <KeyPress from None: t=2411.4266233330127, value=0, duration=0.0763667500577867>
2411.5407 	EXP 	Device response: <KeyPress from None: t=2411.537763625034, value=0, duration=None>
2411.5436 	DATA 	Keypress: 0
2411.6243 	EXP 	Device response: <KeyPress from None: t=2411.537763625034, value=0, duration=0.08424545801244676>
2412.4438 	DATA 	Mouse: Left button down, pos=(765,211)
2412.4485 	EXP 	New trial (rep=29, index=2): <Trial 350 (2 in rep 29) data={'delay': 0.7, 'freq': 1000.0, 'conditions': 'exp', 'thisN': 350, 'thisTrialN': 2, 'thisRepN': 29}>
2412.4563 	EXP 	text: autoDraw = False
2412.4563 	EXP 	textbox: autoDraw = False
2412.4563 	EXP 	fixation: autoDraw = True
2412.5913 	DATA 	Mouse:  Left button up, pos=(765,211)
2413.4466 	INFO 	Keyboard events cleared
2413.4465 	EXP 	fixation: autoDraw = False
2413.4465 	EXP 	polygon: autoDraw = True
2414.5429 	EXP 	Device response: <KeyPress from None: t=2414.531624416006, value=space, duration=None>
2414.5505 	DATA 	Keypress: space
2414.5556 	EXP 	fixation: autoDraw = False
2414.5556 	EXP 	polygon: autoDraw = False
2414.5754 	EXP 	Device response: <KeyPress from None: t=2414.531624416006, value=space, duration=0.040396250085905194>
2415.2291 	EXP 	Sound sound_1 reached end of file
2415.2455 	EXP 	Playing sound sound_1 on speaker Nirvana Crystl
2415.6800 	EXP 	Sound sound_1 stopped
2415.6997 	EXP 	text: autoDraw = True
2415.6997 	EXP 	textbox: autoDraw = True
2416.8405 	EXP 	Device response: <KeyPress from None: t=2416.8384568750625, value=3, duration=None>
2416.8444 	DATA 	Keypress: 3
2416.9074 	EXP 	Device response: <KeyPress from None: t=2416.8384568750625, value=3, duration=0.0683060409501195>
2417.4911 	DATA 	Keypress: 0
2417.4922 	EXP 	Device response: <KeyPress from None: t=2417.482691791025, value=0, duration=None>
2417.5573 	EXP 	Device response: <KeyPress from None: t=2417.482691791025, value=0, duration=0.064678292023018>
2417.6243 	DATA 	Keypress: 0
2417.6253 	EXP 	Device response: <KeyPress from None: t=2417.6185832500923, value=0, duration=None>
2417.6913 	EXP 	Device response: <KeyPress from None: t=2417.6185832500923, value=0, duration=0.0642023750115186>
2418.1651 	DATA 	Mouse: Left button down, pos=(771,211)
2418.1734 	EXP 	New trial (rep=29, index=3): <Trial 351 (3 in rep 29) data={'delay': 0.1, 'freq': 1000.0, 'conditions': 'exp', 'thisN': 351, 'thisTrialN': 3, 'thisRepN': 29}>
2418.1766 	EXP 	text: autoDraw = False
2418.1766 	EXP 	textbox: autoDraw = False
2418.1766 	EXP 	fixation: autoDraw = True
2418.3432 	DATA 	Mouse:  Left button up, pos=(774,212)
2419.1642 	INFO 	Keyboard events cleared
2419.1641 	EXP 	polygon: autoDraw = True
2419.1745 	EXP 	fixation: autoDraw = False
2419.8927 	EXP 	Device response: <KeyPress from None: t=2419.8894953330746, value=space, duration=None>
2419.9006 	DATA 	Keypress: space
2419.9057 	EXP 	fixation: autoDraw = False
2419.9057 	EXP 	polygon: autoDraw = False
2419.9803 	EXP 	Sound sound_1 reached end of file
2419.9967 	EXP 	Playing sound sound_1 on speaker Nirvana Crystl
2419.9966 	EXP 	Device response: <KeyPress from None: t=2419.8894953330746, value=space, duration=0.10434995801188052>
2420.4311 	EXP 	Sound sound_1 stopped
2420.4515 	EXP 	text: autoDraw = True
2420.4515 	EXP 	textbox: autoDraw = True
2421.3153 	EXP 	Device response: <KeyPress from None: t=2421.3145284580532, value=2, duration=None>
2421.3194 	DATA 	Keypress: 2
2421.3808 	EXP 	Device response: <KeyPress from None: t=2421.3145284580532, value=2, duration=0.06430483295116574>
2421.8912 	DATA 	Keypress: 0
2421.8922 	EXP 	Device response: <KeyPress from None: t=2421.881330958102, value=0, duration=None>
2421.9409 	EXP 	Device response: <KeyPress from None: t=2421.881330958102, value=0, duration=0.05247833300381899>
2422.0154 	DATA 	Keypress: 0
2422.0164 	EXP 	Device response: <KeyPress from None: t=2422.0104685000842, value=0, duration=None>
2422.0741 	EXP 	Device response: <KeyPress from None: t=2422.0104685000842, value=0, duration=0.057262790971435606>
2422.5403 	DATA 	Mouse: Left button down, pos=(774,212)
2422.5412 	EXP 	New trial (rep=29, index=4): <Trial 352 (4 in rep 29) data={'delay': 0.7, 'freq': 1000.0, 'conditions': 'exp', 'thisN': 352, 'thisTrialN': 4, 'thisRepN': 29}>
2422.5442 	EXP 	text: autoDraw = False
2422.5442 	EXP 	textbox: autoDraw = False
2422.5442 	EXP 	fixation: autoDraw = True
2422.6749 	DATA 	Mouse:  Left button up, pos=(774,212)
2423.5318 	INFO 	Keyboard events cleared
2423.5316 	EXP 	polygon: autoDraw = True
2423.5412 	EXP 	fixation: autoDraw = False
2425.3254 	EXP 	Device response: <KeyPress from None: t=2425.3224360410823, value=space, duration=None>
2425.3327 	DATA 	Keypress: space
2425.3378 	EXP 	fixation: autoDraw = False
2425.3378 	EXP 	polygon: autoDraw = False
2425.3797 	EXP 	Device response: <KeyPress from None: t=2425.3224360410823, value=space, duration=0.052211959031410515>
2426.0123 	EXP 	Sound sound_1 reached end of file
2426.0287 	EXP 	Playing sound sound_1 on speaker Nirvana Crystl
2426.4632 	EXP 	Sound sound_1 stopped
2426.4836 	EXP 	text: autoDraw = True
2426.4836 	EXP 	textbox: autoDraw = True
2427.9617 	DATA 	Keypress: 3
2427.9666 	EXP 	Device response: <KeyPress from None: t=2427.9564992079977, value=3, duration=None>
2428.0307 	EXP 	Device response: <KeyPress from None: t=2427.9564992079977, value=3, duration=0.07216758304275572>
2428.5645 	DATA 	Keypress: 0
2428.5655 	EXP 	Device response: <KeyPress from None: t=2428.5591992500704, value=0, duration=None>
2428.6409 	EXP 	Device response: <KeyPress from None: t=2428.5591992500704, value=0, duration=0.07235495804343373>
2428.6808 	EXP 	Device response: <KeyPress from None: t=2428.6802540000062, value=0, duration=None>
2428.6850 	DATA 	Keypress: 0
2428.7816 	EXP 	Device response: <KeyPress from None: t=2428.6802540000062, value=0, duration=0.09624725009780377>
2430.3254 	DATA 	Mouse: Left button down, pos=(774,212)
2430.3320 	EXP 	New trial (rep=29, index=5): <Trial 353 (5 in rep 29) data={'delay': 0.4, 'freq': 1000.0, 'conditions': 'exp', 'thisN': 353, 'thisTrialN': 5, 'thisRepN': 29}>
2430.3397 	EXP 	text: autoDraw = False
2430.3397 	EXP 	textbox: autoDraw = False
2430.3397 	EXP 	fixation: autoDraw = True
2430.4916 	DATA 	Mouse:  Left button up, pos=(774,212)
2431.3305 	INFO 	Keyboard events cleared
2431.3303 	EXP 	fixation: autoDraw = False
2431.3303 	EXP 	polygon: autoDraw = True
2466.8762 	EXP 	Device response: <KeyPress from None: t=2466.867553875083, value=space, duration=None>
2466.8863 	DATA 	Keypress: space
2466.8917 	EXP 	fixation: autoDraw = False
2466.8917 	EXP 	polygon: autoDraw = False
2466.9585 	EXP 	Device response: <KeyPress from None: t=2466.867553875083, value=space, duration=0.08193558291532099>
2467.2633 	EXP 	Sound sound_1 reached end of file
2467.2796 	EXP 	Playing sound sound_1 on speaker Nirvana Crystl
2467.7138 	EXP 	Sound sound_1 stopped
2467.7352 	EXP 	text: autoDraw = True
2467.7352 	EXP 	textbox: autoDraw = True
2468.7563 	EXP 	Device response: <KeyPress from None: t=2468.755115375039, value=2, duration=None>
2468.7606 	DATA 	Keypress: 2
2468.8470 	EXP 	Device response: <KeyPress from None: t=2468.755115375039, value=2, duration=0.08820083306636661>
2468.8977 	DATA 	Keypress: 0
2468.8988 	EXP 	Device response: <KeyPress from None: t=2468.890115291113, value=0, duration=None>
2468.9573 	EXP 	Device response: <KeyPress from None: t=2468.890115291113, value=0, duration=0.06433091696817428>
2469.0241 	DATA 	Keypress: 0
2469.0251 	EXP 	Device response: <KeyPress from None: t=2469.016016291105, value=0, duration=None>
2469.0979 	EXP 	Device response: <KeyPress from None: t=2469.016016291105, value=0, duration=0.07650024991016835>
2469.7583 	DATA 	Mouse: Left button down, pos=(725,218)
2469.7648 	EXP 	New trial (rep=29, index=6): <Trial 354 (6 in rep 29) data={'delay': 0.4, 'freq': 1000.0, 'conditions': 'exp', 'thisN': 354, 'thisTrialN': 6, 'thisRepN': 29}>
2469.7729 	EXP 	text: autoDraw = False
2469.7729 	EXP 	textbox: autoDraw = False
2469.7729 	EXP 	fixation: autoDraw = True
2469.8589 	DATA 	Mouse:  Left button up, pos=(725,218)
2470.7639 	INFO 	Keyboard events cleared
2470.7637 	EXP 	fixation: autoDraw = False
2470.7637 	EXP 	polygon: autoDraw = True
2472.7750 	EXP 	Device response: <KeyPress from None: t=2472.7660147910938, value=space, duration=None>
2472.7828 	DATA 	Keypress: space
2472.7879 	EXP 	fixation: autoDraw = False
2472.7879 	EXP 	polygon: autoDraw = False
2472.9470 	EXP 	Device response: <KeyPress from None: t=2472.7660147910938, value=space, duration=0.17636470892466605>
2473.1628 	EXP 	Sound sound_1 reached end of file
2473.1792 	EXP 	Playing sound sound_1 on speaker Nirvana Crystl
2473.6132 	EXP 	Sound sound_1 stopped
2473.6330 	EXP 	text: autoDraw = True
2473.6330 	EXP 	textbox: autoDraw = True
2474.4240 	DATA 	Keypress: 1
2474.4252 	EXP 	Device response: <KeyPress from None: t=2474.4168947500875, value=1, duration=None>
2474.5144 	EXP 	Device response: <KeyPress from None: t=2474.4168947500875, value=1, duration=0.09244529099669307>
2474.5510 	DATA 	Keypress: 0
2474.5564 	EXP 	Device response: <KeyPress from None: t=2474.5468705830863, value=0, duration=None>
2474.6140 	EXP 	Device response: <KeyPress from None: t=2474.5468705830863, value=0, duration=0.06028633296955377>
2474.6744 	DATA 	Keypress: 0
2474.6753 	EXP 	Device response: <KeyPress from None: t=2474.6649881250923, value=0, duration=None>
2474.7477 	EXP 	Device response: <KeyPress from None: t=2474.6649881250923, value=0, duration=0.07637449994217604>
2475.3799 	DATA 	Mouse: Left button down, pos=(739,191)
2475.3810 	EXP 	New trial (rep=29, index=7): <Trial 355 (7 in rep 29) data={'delay': 0.1, 'freq': 1000.0, 'conditions': 'exp', 'thisN': 355, 'thisTrialN': 7, 'thisRepN': 29}>
2475.3892 	EXP 	text: autoDraw = False
2475.3892 	EXP 	textbox: autoDraw = False
2475.3892 	EXP 	fixation: autoDraw = True
2475.4938 	DATA 	Mouse:  Left button up, pos=(738,191)
2476.3740 	INFO 	Keyboard events cleared
2476.3738 	EXP 	polygon: autoDraw = True
2476.3799 	EXP 	fixation: autoDraw = False
2476.8084 	EXP 	Device response: <KeyPress from None: t=2476.7989507500315, value=space, duration=None>
2476.8158 	DATA 	Keypress: space
2476.8209 	EXP 	fixation: autoDraw = False
2476.8209 	EXP 	polygon: autoDraw = False
2476.8963 	EXP 	Sound sound_1 reached end of file
2476.9126 	EXP 	Playing sound sound_1 on speaker Nirvana Crystl
2476.8974 	EXP 	Device response: <KeyPress from None: t=2476.7989507500315, value=space, duration=0.09668987500481308>
2477.3473 	EXP 	Sound sound_1 stopped
2477.3665 	EXP 	text: autoDraw = True
2477.3665 	EXP 	textbox: autoDraw = True
2478.0734 	EXP 	Device response: <KeyPress from None: t=2478.070838500047, value=1, duration=None>
2478.0773 	DATA 	Keypress: 1
2478.1909 	EXP 	Device response: <KeyPress from None: t=2478.070838500047, value=1, duration=0.11240466602612287>
2478.3402 	EXP 	Device response: <KeyPress from None: t=2478.33978137502, value=0, duration=None>
2478.3446 	DATA 	Keypress: 0
2478.4137 	EXP 	Device response: <KeyPress from None: t=2478.33978137502, value=0, duration=0.07249137503094971>
2478.4803 	EXP 	Device response: <KeyPress from None: t=2478.4798886250937, value=0, duration=None>
2478.4845 	DATA 	Keypress: 0
2478.5739 	EXP 	Device response: <KeyPress from None: t=2478.4798886250937, value=0, duration=0.0843447499210015>
2478.9738 	DATA 	Mouse: Left button down, pos=(738,191)
2478.9747 	EXP 	New trial (rep=29, index=8): <Trial 356 (8 in rep 29) data={'delay': 0.1, 'freq': 1000.0, 'conditions': 'exp', 'thisN': 356, 'thisTrialN': 8, 'thisRepN': 29}>
2478.9783 	EXP 	text: autoDraw = False
2478.9783 	EXP 	textbox: autoDraw = False
2478.9783 	EXP 	fixation: autoDraw = True
2479.0909 	DATA 	Mouse:  Left button up, pos=(738,191)
2479.9639 	INFO 	Keyboard events cleared
2479.9638 	EXP 	polygon: autoDraw = True
2479.9738 	EXP 	fixation: autoDraw = False
2480.2089 	EXP 	Device response: <KeyPress from None: t=2480.198797750054, value=space, duration=None>
2480.2172 	DATA 	Keypress: space
2480.2222 	EXP 	fixation: autoDraw = False
2480.2222 	EXP 	polygon: autoDraw = False
2480.2964 	EXP 	Sound sound_1 reached end of file
2480.3128 	EXP 	Playing sound sound_1 on speaker Nirvana Crystl
2480.3140 	EXP 	Device response: <KeyPress from None: t=2480.198797750054, value=space, duration=0.10906629101373255>
2480.7473 	EXP 	Sound sound_1 stopped
2480.7669 	EXP 	text: autoDraw = True
2480.7669 	EXP 	textbox: autoDraw = True
2481.1487 	DATA 	Keypress: 1
2481.1495 	EXP 	Device response: <KeyPress from None: t=2481.143863416044, value=1, duration=None>
2481.2902 	EXP 	Device response: <KeyPress from None: t=2481.143863416044, value=1, duration=0.14424637495540082>
2481.3443 	DATA 	Keypress: 0
2481.3486 	EXP 	Device response: <KeyPress from None: t=2481.339717374998, value=0, duration=None>
2481.4142 	EXP 	Device response: <KeyPress from None: t=2481.339717374998, value=0, duration=0.06830770801752806>
2481.4731 	EXP 	Device response: <KeyPress from None: t=2481.4688782501034, value=0, duration=None>
2481.4760 	DATA 	Keypress: 0
2481.5404 	EXP 	Device response: <KeyPress from None: t=2481.4688782501034, value=0, duration=0.06433654099237174>
2481.7734 	DATA 	Mouse: Left button down, pos=(738,191)
2481.7743 	EXP 	New trial (rep=29, index=9): <Trial 357 (9 in rep 29) data={'delay': 0.4, 'freq': 1000.0, 'conditions': 'exp', 'thisN': 357, 'thisTrialN': 9, 'thisRepN': 29}>
2481.7776 	EXP 	text: autoDraw = False
2481.7776 	EXP 	textbox: autoDraw = False
2481.7776 	EXP 	fixation: autoDraw = True
2481.8740 	DATA 	Mouse:  Left button up, pos=(738,191)
2482.7639 	INFO 	Keyboard events cleared
2482.7638 	EXP 	polygon: autoDraw = True
2482.7739 	EXP 	fixation: autoDraw = False
2483.0084 	EXP 	Device response: <KeyPress from None: t=2482.996678791009, value=space, duration=None>
2483.0159 	DATA 	Keypress: space
2483.0208 	EXP 	fixation: autoDraw = False
2483.0208 	EXP 	polygon: autoDraw = False
2483.0922 	EXP 	Device response: <KeyPress from None: t=2482.996678791009, value=space, duration=0.0885958750732243>
2483.3943 	EXP 	Sound sound_1 reached end of file
2483.4108 	EXP 	Playing sound sound_1 on speaker Nirvana Crystl
2483.8454 	EXP 	Sound sound_1 stopped
2483.8642 	EXP 	text: autoDraw = True
2483.8642 	EXP 	textbox: autoDraw = True
2484.2397 	EXP 	Device response: <KeyPress from None: t=2484.234829291003, value=1, duration=None>
2484.2441 	DATA 	Keypress: 1
2484.3474 	EXP 	Device response: <KeyPress from None: t=2484.234829291003, value=1, duration=0.10823804209940135>
2484.4733 	EXP 	Device response: <KeyPress from None: t=2484.472793791094, value=0, duration=None>
2484.4776 	DATA 	Keypress: 0
2484.5305 	EXP 	Device response: <KeyPress from None: t=2484.472793791094, value=0, duration=0.05630275001749396>
2484.5904 	EXP 	Device response: <KeyPress from None: t=2484.5877078750636, value=0, duration=None>
2484.5932 	DATA 	Keypress: 0
2484.6741 	EXP 	Device response: <KeyPress from None: t=2484.5877078750636, value=0, duration=0.08037362503819168>
2484.9770 	DATA 	Mouse: Left button down, pos=(738,191)
2484.9812 	EXP 	New trial (rep=29, index=10): <Trial 358 (10 in rep 29) data={'delay': 0.7, 'freq': 1000.0, 'conditions': 'exp', 'thisN': 358, 'thisTrialN': 10, 'thisRepN': 29}>
2484.9893 	EXP 	text: autoDraw = False
2484.9893 	EXP 	textbox: autoDraw = False
2484.9893 	EXP 	fixation: autoDraw = True
2485.0906 	DATA 	Mouse:  Left button up, pos=(738,191)
2485.8256 	EXP 	Device response: <KeyPress from None: t=2485.8227647080785, value=space, duration=None>
2485.8318 	DATA 	Keypress: space
2485.9087 	EXP 	Device response: <KeyPress from None: t=2485.8227647080785, value=space, duration=0.08422579197213054>
2485.9794 	INFO 	Keyboard events cleared
2485.9792 	EXP 	fixation: autoDraw = False
2485.9792 	EXP 	polygon: autoDraw = True
2488.4641 	EXP 	Device response: <KeyPress from None: t=2488.4617130410625, value=space, duration=None>
2488.4710 	DATA 	Keypress: space
2488.4765 	EXP 	fixation: autoDraw = False
2488.4765 	EXP 	polygon: autoDraw = False
2488.5751 	EXP 	Device response: <KeyPress from None: t=2488.4617130410625, value=space, duration=0.10431041696574539>
2489.1575 	EXP 	Sound sound_1 reached end of file
2489.1739 	EXP 	Playing sound sound_1 on speaker Nirvana Crystl
2489.6082 	EXP 	Sound sound_1 stopped
2489.6275 	EXP 	text: autoDraw = True
2489.6275 	EXP 	textbox: autoDraw = True
2490.2571 	DATA 	Keypress: 4
2490.2582 	EXP 	Device response: <KeyPress from None: t=2490.2496358751087, value=4, duration=None>
2490.3474 	EXP 	Device response: <KeyPress from None: t=2490.2496358751087, value=4, duration=0.09231695788912475>
2490.4400 	EXP 	Device response: <KeyPress from None: t=2490.4375680410303, value=0, duration=None>
2490.4428 	DATA 	Keypress: 0
2490.5067 	EXP 	Device response: <KeyPress from None: t=2490.4375680410303, value=0, duration=0.06835891702212393>
2490.5730 	EXP 	Device response: <KeyPress from None: t=2490.568580333027, value=0, duration=None>
2490.5759 	DATA 	Keypress: 0
2490.6398 	EXP 	Device response: <KeyPress from None: t=2490.568580333027, value=0, duration=0.06831012503243983>
2490.8585 	DATA 	Mouse: Left button down, pos=(738,191)
2490.8653 	EXP 	New trial (rep=29, index=11): <Trial 359 (11 in rep 29) data={'delay': 0.1, 'freq': 400.0, 'conditions': 'unexp', 'thisN': 359, 'thisTrialN': 11, 'thisRepN': 29}>
2490.8730 	EXP 	text: autoDraw = False
2490.8730 	EXP 	textbox: autoDraw = False
2490.8730 	EXP 	fixation: autoDraw = True
2490.9909 	DATA 	Mouse:  Left button up, pos=(738,191)
2491.8636 	INFO 	Keyboard events cleared
2491.8633 	EXP 	fixation: autoDraw = False
2491.8633 	EXP 	polygon: autoDraw = True
2492.4305 	EXP 	Device response: <KeyPress from None: t=2492.4285555001115, value=space, duration=None>
2492.4388 	DATA 	Keypress: space
2492.4436 	EXP 	fixation: autoDraw = False
2492.4436 	EXP 	polygon: autoDraw = False
2492.5243 	EXP 	Sound sound_1 reached end of file
2492.5406 	EXP 	Playing sound sound_1 on speaker Nirvana Crystl
2492.5975 	EXP 	Device response: <KeyPress from None: t=2492.4285555001115, value=space, duration=0.16429562494158745>
2492.9749 	EXP 	Sound sound_1 stopped
2492.9946 	EXP 	text: autoDraw = True
2492.9946 	EXP 	textbox: autoDraw = True
2494.0565 	EXP 	Device response: <KeyPress from None: t=2494.0535672910046, value=3, duration=None>
2494.0610 	DATA 	Keypress: 3
2494.1232 	EXP 	Device response: <KeyPress from None: t=2494.0535672910046, value=3, duration=0.06832366704475135>
2494.1732 	EXP 	Device response: <KeyPress from None: t=2494.1723939580843, value=0, duration=None>
2494.1764 	DATA 	Keypress: 0
2494.2321 	EXP 	Device response: <KeyPress from None: t=2494.1723939580843, value=0, duration=0.056315750000067055>
2494.2820 	EXP 	Device response: <KeyPress from None: t=2494.279430791037, value=0, duration=None>
2494.2849 	DATA 	Keypress: 0
2494.3729 	EXP 	Device response: <KeyPress from None: t=2494.279430791037, value=0, duration=0.08430099999532104>
2494.6086 	DATA 	Mouse: Left button down, pos=(738,191)
2494.6095 	EXP 	New trial (rep=30, index=0): <Trial 360 (0 in rep 30) data={'delay': 0.7, 'freq': 1000.0, 'conditions': 'exp', 'thisN': 360, 'thisTrialN': 0, 'thisRepN': 30}>
2494.6228 	EXP 	text: autoDraw = False
2494.6228 	EXP 	textbox: autoDraw = False
2494.6228 	EXP 	fixation: autoDraw = True
2494.7105 	DATA 	Mouse:  Left button up, pos=(738,191)
2495.6072 	INFO 	Keyboard events cleared
2495.6071 	EXP 	polygon: autoDraw = True
2495.6116 	EXP 	fixation: autoDraw = False
2495.9919 	EXP 	Device response: <KeyPress from None: t=2495.9825886250474, value=space, duration=None>
2495.9993 	DATA 	Keypress: space
2496.0046 	EXP 	fixation: autoDraw = False
2496.0046 	EXP 	polygon: autoDraw = False
2496.1307 	EXP 	Device response: <KeyPress from None: t=2495.9825886250474, value=space, duration=0.1441913329763338>
2496.6801 	EXP 	Sound sound_1 reached end of file
2496.6966 	EXP 	Playing sound sound_1 on speaker Nirvana Crystl
2497.1311 	EXP 	Sound sound_1 stopped
2497.1518 	EXP 	text: autoDraw = True
2497.1518 	EXP 	textbox: autoDraw = True
2498.5227 	EXP 	Device response: <KeyPress from None: t=2498.5184287501033, value=5, duration=None>
2498.5272 	DATA 	Keypress: 5
2498.5806 	EXP 	Device response: <KeyPress from None: t=2498.5184287501033, value=5, duration=0.056200790917500854>
2498.6398 	EXP 	Device response: <KeyPress from None: t=2498.639318875037, value=0, duration=None>
2498.6443 	DATA 	Keypress: 0
2498.6971 	EXP 	Device response: <KeyPress from None: t=2498.639318875037, value=0, duration=0.052712125005200505>
2498.7570 	DATA 	Keypress: 0
2498.7579 	EXP 	Device response: <KeyPress from None: t=2498.749371166108, value=0, duration=None>
2498.8400 	EXP 	Device response: <KeyPress from None: t=2498.749371166108, value=0, duration=0.08427595894318074>
2499.0460 	DATA 	Mouse: Left button down, pos=(738,191)
2499.0470 	EXP 	New trial (rep=30, index=1): <Trial 361 (1 in rep 30) data={'delay': 0.4, 'freq': 1000.0, 'conditions': 'exp', 'thisN': 361, 'thisTrialN': 1, 'thisRepN': 30}>
2499.0556 	EXP 	text: autoDraw = False
2499.0556 	EXP 	textbox: autoDraw = False
2499.0556 	EXP 	fixation: autoDraw = True
2499.1741 	DATA 	Mouse:  Left button up, pos=(738,191)
2500.0464 	INFO 	Keyboard events cleared
2500.0462 	EXP 	fixation: autoDraw = False
2500.0462 	EXP 	polygon: autoDraw = True
2500.3987 	EXP 	Device response: <KeyPress from None: t=2500.395322416094, value=space, duration=None>
2500.4068 	DATA 	Keypress: space
2500.4112 	EXP 	fixation: autoDraw = False
2500.4112 	EXP 	polygon: autoDraw = False
2500.4755 	EXP 	Device response: <KeyPress from None: t=2500.395322416094, value=space, duration=0.06833466701209545>
2500.7912 	EXP 	Sound sound_1 reached end of file
2500.8076 	EXP 	Playing sound sound_1 on speaker Nirvana Crystl
2501.2419 	EXP 	Sound sound_1 stopped
2501.2623 	EXP 	text: autoDraw = True
2501.2623 	EXP 	textbox: autoDraw = True
2502.8335 	DATA 	Keypress: 4
2502.8347 	EXP 	Device response: <KeyPress from None: t=2502.8282360830344, value=4, duration=None>
2502.9067 	EXP 	Device response: <KeyPress from None: t=2502.8282360830344, value=4, duration=0.07641841704025865>
2502.9620 	EXP 	Device response: <KeyPress from None: t=2502.9513872500975, value=0, duration=None>
2502.9657 	DATA 	Keypress: 0
2503.0232 	EXP 	Device response: <KeyPress from None: t=2502.9513872500975, value=0, duration=0.06814708292949945>
2503.0744 	DATA 	Keypress: 0
2503.0757 	EXP 	Device response: <KeyPress from None: t=2503.067339625093, value=0, duration=None>
2503.1569 	EXP 	Device response: <KeyPress from None: t=2503.067339625093, value=0, duration=0.08874720800668001>
2503.3751 	DATA 	Mouse: Left button down, pos=(738,191)
2503.3828 	EXP 	New trial (rep=30, index=2): <Trial 362 (2 in rep 30) data={'delay': 0.4, 'freq': 400.0, 'conditions': 'unexp', 'thisN': 362, 'thisTrialN': 2, 'thisRepN': 30}>
2503.3889 	EXP 	text: autoDraw = False
2503.3889 	EXP 	textbox: autoDraw = False
2503.3889 	EXP 	fixation: autoDraw = True
2503.4933 	DATA 	Mouse:  Left button up, pos=(738,191)
2504.3802 	INFO 	Keyboard events cleared
2504.3800 	EXP 	fixation: autoDraw = False
2504.3800 	EXP 	polygon: autoDraw = True
2504.6253 	EXP 	Device response: <KeyPress from None: t=2504.615380291012, value=space, duration=None>
2504.6337 	DATA 	Keypress: space
2504.6389 	EXP 	fixation: autoDraw = False
2504.6389 	EXP 	polygon: autoDraw = False
2504.7130 	EXP 	Device response: <KeyPress from None: t=2504.615380291012, value=space, duration=0.09643208410125226>
2505.0133 	EXP 	Sound sound_1 reached end of file
2505.0297 	EXP 	Playing sound sound_1 on speaker Nirvana Crystl
2505.4644 	EXP 	Sound sound_1 stopped
2505.4843 	EXP 	text: autoDraw = True
2505.4843 	EXP 	textbox: autoDraw = True
2507.3894 	EXP 	Device response: <KeyPress from None: t=2507.385194625007, value=4, duration=None>
2507.3936 	DATA 	Keypress: 4
2507.4800 	EXP 	Device response: <KeyPress from None: t=2507.385194625007, value=4, duration=0.09235479100607336>
2507.5807 	DATA 	Keypress: 0
2507.5817 	EXP 	Device response: <KeyPress from None: t=2507.575188500108, value=0, duration=None>
2507.6569 	EXP 	Device response: <KeyPress from None: t=2507.575188500108, value=0, duration=0.07221954094711691>
2507.7237 	DATA 	Keypress: 0
2507.7246 	EXP 	Device response: <KeyPress from None: t=2507.7141314580804, value=0, duration=None>
2507.8067 	EXP 	Device response: <KeyPress from None: t=2507.7141314580804, value=0, duration=0.08439604192972183>
2508.0267 	DATA 	Mouse: Left button down, pos=(738,191)
2508.0309 	EXP 	New trial (rep=30, index=3): <Trial 363 (3 in rep 30) data={'delay': 0.1, 'freq': 1000.0, 'conditions': 'exp', 'thisN': 363, 'thisTrialN': 3, 'thisRepN': 30}>
2508.0394 	EXP 	text: autoDraw = False
2508.0394 	EXP 	textbox: autoDraw = False
2508.0394 	EXP 	fixation: autoDraw = True
2508.1576 	DATA 	Mouse:  Left button up, pos=(738,191)
2509.0242 	INFO 	Keyboard events cleared
2509.0239 	EXP 	polygon: autoDraw = True
2509.0304 	EXP 	fixation: autoDraw = False
2509.2588 	EXP 	Device response: <KeyPress from None: t=2509.2561108750524, value=space, duration=None>
2509.2666 	DATA 	Keypress: space
2509.2717 	EXP 	fixation: autoDraw = False
2509.2717 	EXP 	polygon: autoDraw = False
2509.3466 	EXP 	Sound sound_1 reached end of file
2509.3630 	EXP 	Playing sound sound_1 on speaker Nirvana Crystl
2509.3755 	EXP 	Device response: <KeyPress from None: t=2509.2561108750524, value=space, duration=0.11734500003512949>
2509.7964 	EXP 	Sound sound_1 stopped
2509.8151 	EXP 	text: autoDraw = True
2509.8151 	EXP 	textbox: autoDraw = True
2512.4229 	EXP 	Device response: <KeyPress from None: t=2512.4200252500596, value=2, duration=None>
2512.4271 	DATA 	Keypress: 2
2512.5232 	EXP 	Device response: <KeyPress from None: t=2512.4200252500596, value=2, duration=0.1003654160303995>
2512.8506 	DATA 	Keypress: 9
2512.8561 	EXP 	Device response: <KeyPress from None: t=2512.845975083066, value=9, duration=None>
2512.9230 	EXP 	Device response: <KeyPress from None: t=2512.845975083066, value=9, duration=0.07635195797774941>
2512.9807 	DATA 	Keypress: 9
2512.9817 	EXP 	Device response: <KeyPress from None: t=2512.975084458012, value=9, duration=None>
2513.0566 	EXP 	Device response: <KeyPress from None: t=2512.975084458012, value=9, duration=0.08071737503632903>
2513.5563 	EXP 	Device response: <KeyPress from None: t=2513.552571291104, value=backspace, duration=None>
2513.5589 	DATA 	Keypress: backspace
2513.6295 	EXP 	Device response: <KeyPress from None: t=2513.552571291104, value=backspace, duration=0.07585599995218217>
2513.7064 	DATA 	Keypress: backspace
2513.7072 	EXP 	Device response: <KeyPress from None: t=2513.6990698330337, value=backspace, duration=None>
2513.7728 	EXP 	Device response: <KeyPress from None: t=2513.6990698330337, value=backspace, duration=0.07238566700834781>
2513.9571 	DATA 	Keypress: 0
2513.9580 	EXP 	Device response: <KeyPress from None: t=2513.951111375005, value=0, duration=None>
2514.0398 	EXP 	Device response: <KeyPress from None: t=2513.951111375005, value=0, duration=0.08024925005156547>
2514.0970 	DATA 	Keypress: 0
2514.0979 	EXP 	Device response: <KeyPress from None: t=2514.090035000001, value=0, duration=None>
2514.1802 	EXP 	Device response: <KeyPress from None: t=2514.090035000001, value=0, duration=0.08433583308942616>
2514.4461 	DATA 	Mouse: Left button down, pos=(738,191)
2514.4470 	EXP 	New trial (rep=30, index=4): <Trial 364 (4 in rep 30) data={'delay': 0.1, 'freq': 400.0, 'conditions': 'unexp', 'thisN': 364, 'thisTrialN': 4, 'thisRepN': 30}>
2514.4554 	EXP 	text: autoDraw = False
2514.4554 	EXP 	textbox: autoDraw = False
2514.4554 	EXP 	fixation: autoDraw = True
2514.5737 	DATA 	Mouse:  Left button up, pos=(738,191)
2515.4408 	INFO 	Keyboard events cleared
2515.4405 	EXP 	polygon: autoDraw = True
2515.4467 	EXP 	fixation: autoDraw = False
2515.6919 	EXP 	Device response: <KeyPress from None: t=2515.6831402910175, value=space, duration=None>
2515.7002 	DATA 	Keypress: space
2515.7055 	EXP 	fixation: autoDraw = False
2515.7055 	EXP 	polygon: autoDraw = False
2515.7796 	EXP 	Sound sound_1 reached end of file
2515.7959 	EXP 	Playing sound sound_1 on speaker Nirvana Crystl
2515.7804 	EXP 	Device response: <KeyPress from None: t=2515.6831402910175, value=space, duration=0.0922222500666976>
2516.2295 	EXP 	Sound sound_1 stopped
2516.2506 	EXP 	text: autoDraw = True
2516.2506 	EXP 	textbox: autoDraw = True
2518.8061 	EXP 	Device response: <KeyPress from None: t=2518.8029497910757, value=3, duration=None>
2518.8101 	DATA 	Keypress: 3
2518.8906 	EXP 	Device response: <KeyPress from None: t=2518.8029497910757, value=3, duration=0.08036462496966124>
2518.9472 	DATA 	Keypress: 0
2518.9482 	EXP 	Device response: <KeyPress from None: t=2518.9409528750693, value=0, duration=None>
2519.0061 	EXP 	Device response: <KeyPress from None: t=2518.9409528750693, value=0, duration=0.06432954093907028>
2519.0774 	DATA 	Keypress: 0
2519.0818 	EXP 	Device response: <KeyPress from None: t=2519.0738561250037, value=0, duration=None>
2519.1640 	EXP 	Device response: <KeyPress from None: t=2519.0738561250037, value=0, duration=0.08849641610868275>
2520.0306 	DATA 	Keypress: backspace
2520.0315 	EXP 	Device response: <KeyPress from None: t=2520.0249682500726, value=backspace, duration=None>
2520.0730 	EXP 	Device response: <KeyPress from None: t=2520.0249682500726, value=backspace, duration=0.04429595801047981>
2520.1808 	DATA 	Keypress: backspace
2520.1816 	EXP 	Device response: <KeyPress from None: t=2520.172905915999, value=backspace, duration=None>
2520.2403 	EXP 	Device response: <KeyPress from None: t=2520.172905915999, value=backspace, duration=0.060314209084026515>
2520.3233 	EXP 	Device response: <KeyPress from None: t=2520.3179731660057, value=backspace, duration=None>
2520.3257 	DATA 	Keypress: backspace
2520.3811 	EXP 	Device response: <KeyPress from None: t=2520.3179731660057, value=backspace, duration=0.05627170903608203>
2520.4604 	DATA 	Keypress: backspace
2520.4648 	EXP 	Device response: <KeyPress from None: t=2520.455895208055, value=backspace, duration=None>
2520.5398 	EXP 	Device response: <KeyPress from None: t=2520.455895208055, value=backspace, duration=0.07631433301139623>
2520.8148 	DATA 	Keypress: 5
2520.8159 	EXP 	Device response: <KeyPress from None: t=2520.807974083, value=5, duration=None>
2520.9134 	EXP 	Device response: <KeyPress from None: t=2520.807974083, value=5, duration=0.10437316703610122>
2520.9404 	DATA 	Keypress: 0
2520.9413 	EXP 	Device response: <KeyPress from None: t=2520.93394300004, value=0, duration=None>
2521.0071 	EXP 	Device response: <KeyPress from None: t=2520.93394300004, value=0, duration=0.06505487498361617>
2521.0814 	DATA 	Keypress: 0
2521.0824 	EXP 	Device response: <KeyPress from None: t=2521.0748625000706, value=0, duration=None>
2521.1566 	EXP 	Device response: <KeyPress from None: t=2521.0748625000706, value=0, duration=0.0804324159398675>
2521.4485 	DATA 	Mouse: Left button down, pos=(738,191)
2521.4557 	EXP 	New trial (rep=30, index=5): <Trial 365 (5 in rep 30) data={'delay': 0.7, 'freq': 1000.0, 'conditions': 'exp', 'thisN': 365, 'thisTrialN': 5, 'thisRepN': 30}>
2521.4588 	EXP 	text: autoDraw = False
2521.4588 	EXP 	textbox: autoDraw = False
2521.4588 	EXP 	fixation: autoDraw = True
2521.5737 	DATA 	Mouse:  Left button up, pos=(738,191)
2522.4472 	INFO 	Keyboard events cleared
2522.4470 	EXP 	polygon: autoDraw = True
2522.4568 	EXP 	fixation: autoDraw = False
2523.0919 	EXP 	Device response: <KeyPress from None: t=2523.0828703331063, value=n, duration=None>
2523.1295 	DATA 	Keypress: n
2523.1572 	EXP 	Device response: <KeyPress from None: t=2523.0828703331063, value=n, duration=0.06907270790543407>
2523.9082 	EXP 	Device response: <KeyPress from None: t=2523.901910833083, value=space, duration=None>
2523.9148 	DATA 	Keypress: space
2523.9196 	EXP 	fixation: autoDraw = False
2523.9196 	EXP 	polygon: autoDraw = False
2523.9796 	EXP 	Device response: <KeyPress from None: t=2523.901910833083, value=space, duration=0.07628395792562515>
2524.5960 	EXP 	Sound sound_1 reached end of file
2524.6124 	EXP 	Playing sound sound_1 on speaker Nirvana Crystl
2525.0466 	EXP 	Sound sound_1 stopped
2525.0665 	EXP 	text: autoDraw = True
2525.0665 	EXP 	textbox: autoDraw = True
2528.7235 	EXP 	Device response: <KeyPress from None: t=2528.7226317500463, value=6, duration=None>
2528.7279 	DATA 	Keypress: 6
2528.8230 	EXP 	Device response: <KeyPress from None: t=2528.7226317500463, value=6, duration=0.092361000017263>
2528.9404 	DATA 	Keypress: 0
2528.9416 	EXP 	Device response: <KeyPress from None: t=2528.934711583075, value=0, duration=None>
2529.0064 	EXP 	Device response: <KeyPress from None: t=2528.934711583075, value=0, duration=0.06817462493199855>
2529.0636 	EXP 	Device response: <KeyPress from None: t=2529.0619780000998, value=0, duration=None>
2529.0668 	DATA 	Keypress: 0
2529.1469 	EXP 	Device response: <KeyPress from None: t=2529.0619780000998, value=0, duration=0.08405279100406915>
2529.3683 	DATA 	Mouse: Left button down, pos=(740,196)
2529.3739 	EXP 	New trial (rep=30, index=6): <Trial 366 (6 in rep 30) data={'delay': 0.1, 'freq': 1000.0, 'conditions': 'exp', 'thisN': 366, 'thisTrialN': 6, 'thisRepN': 30}>
2529.3775 	EXP 	text: autoDraw = False
2529.3775 	EXP 	textbox: autoDraw = False
2529.3775 	EXP 	fixation: autoDraw = True
2529.4904 	DATA 	Mouse:  Left button up, pos=(740,196)
2530.3622 	INFO 	Keyboard events cleared
2530.3619 	EXP 	polygon: autoDraw = True
2530.3893 	EXP 	fixation: autoDraw = False
2531.1906 	EXP 	Device response: <KeyPress from None: t=2531.1795027910266, value=space, duration=None>
2531.1973 	DATA 	Keypress: space
2531.2012 	EXP 	fixation: autoDraw = False
2531.2012 	EXP 	polygon: autoDraw = False
2531.2839 	EXP 	Sound sound_1 reached end of file
2531.3003 	EXP 	Playing sound sound_1 on speaker Nirvana Crystl
2531.2846 	EXP 	Device response: <KeyPress from None: t=2531.1795027910266, value=space, duration=0.09637662500608712>
2531.7349 	EXP 	Sound sound_1 stopped
2531.7582 	EXP 	text: autoDraw = True
2531.7582 	EXP 	textbox: autoDraw = True
2532.6654 	DATA 	Keypress: 4
2532.6666 	EXP 	Device response: <KeyPress from None: t=2532.658642416005, value=4, duration=None>
2532.7393 	EXP 	Device response: <KeyPress from None: t=2532.658642416005, value=4, duration=0.07637187500949949>
2532.8397 	EXP 	Device response: <KeyPress from None: t=2532.838540125056, value=0, duration=None>
2532.8439 	DATA 	Keypress: 0
2532.9066 	EXP 	Device response: <KeyPress from None: t=2532.838540125056, value=0, duration=0.060401540948078036>
2532.9740 	DATA 	Keypress: 0
2532.9750 	EXP 	Device response: <KeyPress from None: t=2532.96350208309, value=0, duration=None>
2533.0566 	EXP 	Device response: <KeyPress from None: t=2532.96350208309, value=0, duration=0.08450300002004951>
2533.3251 	DATA 	Mouse: Left button down, pos=(740,196)
2533.3320 	EXP 	New trial (rep=30, index=7): <Trial 367 (7 in rep 30) data={'delay': 0.4, 'freq': 1000.0, 'conditions': 'exp', 'thisN': 367, 'thisTrialN': 7, 'thisRepN': 30}>
2533.3385 	EXP 	text: autoDraw = False
2533.3385 	EXP 	textbox: autoDraw = False
2533.3385 	EXP 	fixation: autoDraw = True
2533.4403 	DATA 	Mouse:  Left button up, pos=(740,196)
2534.3299 	INFO 	Keyboard events cleared
2534.3297 	EXP 	fixation: autoDraw = False
2534.3297 	EXP 	polygon: autoDraw = True
2534.8801 	EXP 	Device response: <KeyPress from None: t=2534.8774686660618, value=space, duration=None>
2534.8885 	DATA 	Keypress: space
2534.8932 	EXP 	fixation: autoDraw = False
2534.8932 	EXP 	polygon: autoDraw = False
2535.0413 	EXP 	Device response: <KeyPress from None: t=2534.8774686660618, value=space, duration=0.15650241693947464>
2535.2740 	EXP 	Sound sound_1 reached end of file
2535.2902 	EXP 	Playing sound sound_1 on speaker Nirvana Crystl
2535.7242 	EXP 	Sound sound_1 stopped
2535.7443 	EXP 	text: autoDraw = True
2535.7443 	EXP 	textbox: autoDraw = True
2542.0405 	DATA 	Keypress: 5
2542.0418 	EXP 	Device response: <KeyPress from None: t=2542.033560291049, value=5, duration=None>
2542.0900 	EXP 	Device response: <KeyPress from None: t=2542.033560291049, value=5, duration=0.05353379203006625>
2542.0976 	EXP 	Device response: <KeyPress from None: t=2542.0952146250056, value=0, duration=None>
2542.1003 	DATA 	Keypress: 0
2542.1473 	EXP 	Device response: <KeyPress from None: t=2542.0952146250056, value=0, duration=0.04832241602707654>
2542.2237 	DATA 	Keypress: 0
2542.2245 	EXP 	Device response: <KeyPress from None: t=2542.2182349580107, value=0, duration=None>
2542.2969 	EXP 	Device response: <KeyPress from None: t=2542.2182349580107, value=0, duration=0.07295833306852728>
2542.5747 	DATA 	Mouse: Left button down, pos=(740,196)
2542.5809 	EXP 	New trial (rep=30, index=8): <Trial 368 (8 in rep 30) data={'delay': 0.1, 'freq': 1000.0, 'conditions': 'exp', 'thisN': 368, 'thisTrialN': 8, 'thisRepN': 30}>
2542.5889 	EXP 	text: autoDraw = False
2542.5889 	EXP 	textbox: autoDraw = False
2542.5889 	EXP 	fixation: autoDraw = True
2542.6901 	DATA 	Mouse:  Left button up, pos=(740,196)
2543.5800 	INFO 	Keyboard events cleared
2543.5798 	EXP 	fixation: autoDraw = False
2543.5798 	EXP 	polygon: autoDraw = True
2543.8912 	EXP 	Device response: <KeyPress from None: t=2543.8831728330115, value=space, duration=None>
2543.8997 	DATA 	Keypress: space
2543.9048 	EXP 	fixation: autoDraw = False
2543.9048 	EXP 	polygon: autoDraw = False
2543.9784 	EXP 	Sound sound_1 reached end of file
2543.9948 	EXP 	Playing sound sound_1 on speaker Nirvana Crystl
2544.0081 	EXP 	Device response: <KeyPress from None: t=2543.8831728330115, value=space, duration=0.11231479200068861>
2544.4287 	EXP 	Sound sound_1 stopped
2544.4487 	EXP 	text: autoDraw = True
2544.4487 	EXP 	textbox: autoDraw = True
2548.3063 	DATA 	Keypress: 3
2548.3075 	EXP 	Device response: <KeyPress from None: t=2548.2987037500134, value=3, duration=None>
2548.3900 	EXP 	Device response: <KeyPress from None: t=2548.2987037500134, value=3, duration=0.08201662509236485>
2548.4506 	DATA 	Keypress: 0
2548.4558 	EXP 	Device response: <KeyPress from None: t=2548.4462984160054, value=0, duration=None>
2548.5129 	EXP 	Device response: <KeyPress from None: t=2548.4462984160054, value=0, duration=0.06440341705456376>
2548.5733 	DATA 	Keypress: 0
2548.5743 	EXP 	Device response: <KeyPress from None: t=2548.563361000037, value=0, duration=None>
2548.6562 	EXP 	Device response: <KeyPress from None: t=2548.563361000037, value=0, duration=0.09237583307549357>
2548.8927 	DATA 	Mouse: Left button down, pos=(740,196)
2548.8976 	EXP 	New trial (rep=30, index=9): <Trial 369 (9 in rep 30) data={'delay': 0.7, 'freq': 400.0, 'conditions': 'unexp', 'thisN': 369, 'thisTrialN': 9, 'thisRepN': 30}>
2548.9057 	EXP 	text: autoDraw = False
2548.9057 	EXP 	textbox: autoDraw = False
2548.9057 	EXP 	fixation: autoDraw = True
2549.0584 	DATA 	Mouse:  Left button up, pos=(740,196)
2549.8956 	INFO 	Keyboard events cleared
2549.8955 	EXP 	fixation: autoDraw = False
2549.8955 	EXP 	polygon: autoDraw = True
2550.1910 	EXP 	Device response: <KeyPress from None: t=2550.1883197081042, value=space, duration=None>
2550.1983 	DATA 	Keypress: space
2550.2035 	EXP 	fixation: autoDraw = False
2550.2035 	EXP 	polygon: autoDraw = False
2550.2914 	EXP 	Device response: <KeyPress from None: t=2550.1883197081042, value=space, duration=0.10045783291570842>
2550.8780 	EXP 	Sound sound_1 reached end of file
2550.8944 	EXP 	Playing sound sound_1 on speaker Nirvana Crystl
2551.3284 	EXP 	Sound sound_1 stopped
2551.3487 	EXP 	text: autoDraw = True
2551.3487 	EXP 	textbox: autoDraw = True
2552.3056 	EXP 	Device response: <KeyPress from None: t=2552.301534750033, value=8, duration=None>
2552.3099 	DATA 	Keypress: 8
2552.3566 	EXP 	Device response: <KeyPress from None: t=2552.301534750033, value=8, duration=0.0481969160027802>
2552.5068 	DATA 	Keypress: 0
2552.5078 	EXP 	Device response: <KeyPress from None: t=2552.4972613330465, value=0, duration=None>
2552.5726 	EXP 	Device response: <KeyPress from None: t=2552.4972613330465, value=0, duration=0.07244791695848107>
2552.6228 	EXP 	Device response: <KeyPress from None: t=2552.621224041097, value=0, duration=None>
2552.6270 	DATA 	Keypress: 0
2552.7067 	EXP 	Device response: <KeyPress from None: t=2552.621224041097, value=0, duration=0.07641633390448987>
2552.9492 	DATA 	Mouse: Left button down, pos=(740,196)
2552.9558 	EXP 	New trial (rep=30, index=10): <Trial 370 (10 in rep 30) data={'delay': 0.7, 'freq': 1000.0, 'conditions': 'exp', 'thisN': 370, 'thisTrialN': 10, 'thisRepN': 30}>
2552.9589 	EXP 	text: autoDraw = False
2552.9589 	EXP 	textbox: autoDraw = False
2552.9589 	EXP 	fixation: autoDraw = True
2553.0734 	DATA 	Mouse:  Left button up, pos=(740,196)
2553.9464 	INFO 	Keyboard events cleared
2553.9463 	EXP 	polygon: autoDraw = True
2553.9567 	EXP 	fixation: autoDraw = False
2555.3413 	EXP 	Device response: <KeyPress from None: t=2555.332337125088, value=space, duration=None>
2555.3487 	DATA 	Keypress: space
2555.3537 	EXP 	fixation: autoDraw = False
2555.3537 	EXP 	polygon: autoDraw = False
2555.4464 	EXP 	Device response: <KeyPress from None: t=2555.332337125088, value=space, duration=0.11227204091846943>
2556.0289 	EXP 	Sound sound_1 reached end of file
2556.0453 	EXP 	Playing sound sound_1 on speaker Nirvana Crystl
2556.4794 	EXP 	Sound sound_1 stopped
2556.4990 	EXP 	text: autoDraw = True
2556.4990 	EXP 	textbox: autoDraw = True
2557.5274 	DATA 	Keypress: 5
2557.5322 	EXP 	Device response: <KeyPress from None: t=2557.5221577910706, value=5, duration=None>
2557.5969 	EXP 	Device response: <KeyPress from None: t=2557.5221577910706, value=5, duration=0.06842487503308803>
2557.6903 	DATA 	Keypress: 0
2557.6912 	EXP 	Device response: <KeyPress from None: t=2557.6802150410367, value=0, duration=None>
2557.7396 	EXP 	Device response: <KeyPress from None: t=2557.6802150410367, value=0, duration=0.05619004205800593>
2557.7966 	EXP 	Device response: <KeyPress from None: t=2557.7942796660354, value=0, duration=None>
2557.7994 	DATA 	Keypress: 0
2557.8726 	EXP 	Device response: <KeyPress from None: t=2557.7942796660354, value=0, duration=0.07624266704078764>
2558.0912 	DATA 	Mouse: Left button down, pos=(740,196)
2558.0975 	EXP 	New trial (rep=30, index=11): <Trial 371 (11 in rep 30) data={'delay': 0.4, 'freq': 1000.0, 'conditions': 'exp', 'thisN': 371, 'thisTrialN': 11, 'thisRepN': 30}>
2558.1055 	EXP 	text: autoDraw = False
2558.1055 	EXP 	textbox: autoDraw = False
2558.1055 	EXP 	fixation: autoDraw = True
2558.2070 	DATA 	Mouse:  Left button up, pos=(740,196)
2559.0968 	INFO 	Keyboard events cleared
2559.0966 	EXP 	fixation: autoDraw = False
2559.0966 	EXP 	polygon: autoDraw = True
2559.3804 	EXP 	Device response: <KeyPress from None: t=2559.3793574580923, value=space, duration=None>
2559.3882 	DATA 	Keypress: space
2559.3928 	EXP 	fixation: autoDraw = False
2559.3928 	EXP 	polygon: autoDraw = False
2559.4915 	EXP 	Device response: <KeyPress from None: t=2559.3793574580923, value=space, duration=0.10813729197252542>
2559.7737 	EXP 	Sound sound_1 reached end of file
2559.7900 	EXP 	Playing sound sound_1 on speaker Nirvana Crystl
2560.2232 	EXP 	Sound sound_1 stopped
2560.2430 	EXP 	text: autoDraw = True
2560.2430 	EXP 	textbox: autoDraw = True
2561.2725 	EXP 	Device response: <KeyPress from None: t=2561.2700979580404, value=3, duration=None>
2561.2785 	DATA 	Keypress: 3
2561.3392 	EXP 	Device response: <KeyPress from None: t=2561.2700979580404, value=3, duration=0.06821854203008115>
2561.3970 	DATA 	Keypress: 0
2561.3981 	EXP 	Device response: <KeyPress from None: t=2561.3900986660738, value=0, duration=None>
2561.4557 	EXP 	Device response: <KeyPress from None: t=2561.3900986660738, value=0, duration=0.05626254202798009>
2561.5237 	DATA 	Keypress: 0
2561.5249 	EXP 	Device response: <KeyPress from None: t=2561.516018291004, value=0, duration=None>
2561.5897 	EXP 	Device response: <KeyPress from None: t=2561.516018291004, value=0, duration=0.06841708405409008>
2561.8076 	DATA 	Mouse: Left button down, pos=(740,196)
2561.8139 	EXP 	New trial (rep=31, index=0): <Trial 372 (0 in rep 31) data={'delay': 0.4, 'freq': 1000.0, 'conditions': 'exp', 'thisN': 372, 'thisTrialN': 0, 'thisRepN': 31}>
2561.8218 	EXP 	text: autoDraw = False
2561.8218 	EXP 	textbox: autoDraw = False
2561.8218 	EXP 	fixation: autoDraw = True
2561.9233 	DATA 	Mouse:  Left button up, pos=(740,196)
2562.8140 	INFO 	Keyboard events cleared
2562.8138 	EXP 	fixation: autoDraw = False
2562.8138 	EXP 	polygon: autoDraw = True
2563.0967 	EXP 	Device response: <KeyPress from None: t=2563.091002625064, value=space, duration=None>
2563.1040 	DATA 	Keypress: space
2563.1091 	EXP 	fixation: autoDraw = False
2563.1091 	EXP 	polygon: autoDraw = False
2563.1916 	EXP 	Device response: <KeyPress from None: t=2563.091002625064, value=space, duration=0.08827537496108562>
2563.4902 	EXP 	Sound sound_1 reached end of file
2563.5065 	EXP 	Playing sound sound_1 on speaker Nirvana Crystl
2563.9405 	EXP 	Sound sound_1 stopped
2563.9609 	EXP 	text: autoDraw = True
2563.9609 	EXP 	textbox: autoDraw = True
2564.6939 	DATA 	Keypress: 3
2564.6988 	EXP 	Device response: <KeyPress from None: t=2564.6890572500415, value=3, duration=None>
2564.7801 	EXP 	Device response: <KeyPress from None: t=2564.6890572500415, value=3, duration=0.0842865000013262>
2564.8627 	EXP 	Device response: <KeyPress from None: t=2564.8609298750525, value=0, duration=None>
2564.8655 	DATA 	Keypress: 0
2564.9129 	EXP 	Device response: <KeyPress from None: t=2564.8609298750525, value=0, duration=0.04844704095739871>
2564.9809 	DATA 	Keypress: 0
2564.9819 	EXP 	Device response: <KeyPress from None: t=2564.975009750109, value=0, duration=None>
2565.0633 	EXP 	Device response: <KeyPress from None: t=2564.975009750109, value=0, duration=0.0803562079090625>
2565.2722 	DATA 	Mouse: Left button down, pos=(740,196)
2565.2731 	EXP 	New trial (rep=31, index=1): <Trial 373 (1 in rep 31) data={'delay': 0.4, 'freq': 1000.0, 'conditions': 'exp', 'thisN': 373, 'thisTrialN': 1, 'thisRepN': 31}>
2565.2770 	EXP 	text: autoDraw = False
2565.2770 	EXP 	textbox: autoDraw = False
2565.2770 	EXP 	fixation: autoDraw = True
2565.3594 	DATA 	Mouse:  Left button up, pos=(740,196)
2566.2630 	INFO 	Keyboard events cleared
2566.2628 	EXP 	polygon: autoDraw = True
2566.2733 	EXP 	fixation: autoDraw = False
2566.5244 	EXP 	Device response: <KeyPress from None: t=2566.5140153330285, value=space, duration=None>
2566.5312 	DATA 	Keypress: space
2566.5359 	EXP 	fixation: autoDraw = False
2566.5359 	EXP 	polygon: autoDraw = False
2566.6412 	EXP 	Device response: <KeyPress from None: t=2566.5140153330285, value=space, duration=0.12466904206667095>
2566.9120 	EXP 	Sound sound_1 reached end of file
2566.9284 	EXP 	Playing sound sound_1 on speaker Nirvana Crystl
2567.3631 	EXP 	Sound sound_1 stopped
2567.3833 	EXP 	text: autoDraw = True
2567.3833 	EXP 	textbox: autoDraw = True
2568.0467 	EXP 	Device response: <KeyPress from None: t=2568.043000875041, value=2, duration=None>
2568.0507 	DATA 	Keypress: 2
2568.1296 	EXP 	Device response: <KeyPress from None: t=2568.043000875041, value=2, duration=0.08419062499888241>
2568.1957 	EXP 	Device response: <KeyPress from None: t=2568.1929010000313, value=0, duration=None>
2568.1984 	DATA 	Keypress: 0
2568.2561 	EXP 	Device response: <KeyPress from None: t=2568.1929010000313, value=0, duration=0.05645708297379315>
2568.3127 	EXP 	Device response: <KeyPress from None: t=2568.30992150004, value=0, duration=None>
2568.3156 	DATA 	Keypress: 0
2568.3890 	EXP 	Device response: <KeyPress from None: t=2568.30992150004, value=0, duration=0.07623366604093462>
2568.6574 	DATA 	Mouse: Left button down, pos=(740,196)
2568.6636 	EXP 	New trial (rep=31, index=2): <Trial 374 (2 in rep 31) data={'delay': 0.1, 'freq': 1000.0, 'conditions': 'exp', 'thisN': 374, 'thisTrialN': 2, 'thisRepN': 31}>
2568.6716 	EXP 	text: autoDraw = False
2568.6716 	EXP 	textbox: autoDraw = False
2568.6716 	EXP 	fixation: autoDraw = True
2568.7560 	DATA 	Mouse:  Left button up, pos=(740,196)
2569.6634 	INFO 	Keyboard events cleared
2569.6632 	EXP 	fixation: autoDraw = False
2569.6632 	EXP 	polygon: autoDraw = True
2569.9411 	EXP 	Device response: <KeyPress from None: t=2569.937304208055, value=space, duration=None>
2569.9501 	DATA 	Keypress: space
2569.9555 	EXP 	fixation: autoDraw = False
2569.9555 	EXP 	polygon: autoDraw = False
2569.9911 	EXP 	Device response: <KeyPress from None: t=2569.937304208055, value=space, duration=0.05190325004514307>
2570.0276 	EXP 	Sound sound_1 reached end of file
2570.0440 	EXP 	Playing sound sound_1 on speaker Nirvana Crystl
2570.4787 	EXP 	Sound sound_1 stopped
2570.5004 	EXP 	text: autoDraw = True
2570.5004 	EXP 	textbox: autoDraw = True
2571.2738 	DATA 	Keypress: 2
2571.2750 	EXP 	Device response: <KeyPress from None: t=2571.2658785000676, value=2, duration=None>
2571.3392 	EXP 	Device response: <KeyPress from None: t=2571.2658785000676, value=2, duration=0.06426616595126688>
2571.3973 	DATA 	Keypress: 0
2571.3985 	EXP 	Device response: <KeyPress from None: t=2571.3924522910966, value=0, duration=None>
2571.4468 	EXP 	Device response: <KeyPress from None: t=2571.3924522910966, value=0, duration=0.05167791701387614>
2571.5134 	EXP 	Device response: <KeyPress from None: t=2571.511920707999, value=0, duration=None>
2571.5167 	DATA 	Keypress: 0
2571.5970 	EXP 	Device response: <KeyPress from None: t=2571.511920707999, value=0, duration=0.08026408310979605>
2571.8223 	DATA 	Mouse: Left button down, pos=(740,196)
2571.8232 	EXP 	New trial (rep=31, index=3): <Trial 375 (3 in rep 31) data={'delay': 0.7, 'freq': 400.0, 'conditions': 'unexp', 'thisN': 375, 'thisTrialN': 3, 'thisRepN': 31}>
2571.8263 	EXP 	text: autoDraw = False
2571.8263 	EXP 	textbox: autoDraw = False
2571.8263 	EXP 	fixation: autoDraw = True
2571.9399 	DATA 	Mouse:  Left button up, pos=(740,196)
2572.8127 	INFO 	Keyboard events cleared
2572.8125 	EXP 	polygon: autoDraw = True
2572.8233 	EXP 	fixation: autoDraw = False
2573.0796 	EXP 	Device response: <KeyPress from None: t=2573.0778937500436, value=space, duration=None>
2573.0875 	DATA 	Keypress: space
2573.0927 	EXP 	fixation: autoDraw = False
2573.0927 	EXP 	polygon: autoDraw = False
2573.2239 	EXP 	Device response: <KeyPress from None: t=2573.0778937500436, value=space, duration=0.13634612504392862>
2573.7736 	EXP 	Sound sound_1 reached end of file
2573.7899 	EXP 	Playing sound sound_1 on speaker Nirvana Crystl
2574.2244 	EXP 	Sound sound_1 stopped
2574.2447 	EXP 	text: autoDraw = True
2574.2447 	EXP 	textbox: autoDraw = True
2575.0722 	EXP 	Device response: <KeyPress from None: t=2575.07071204111, value=6, duration=None>
2575.0763 	DATA 	Keypress: 6
2575.1800 	EXP 	Device response: <KeyPress from None: t=2575.07071204111, value=6, duration=0.1043930419255048>
2575.2668 	DATA 	Keypress: 0
2575.2722 	EXP 	Device response: <KeyPress from None: t=2575.263797166059, value=0, duration=None>
2575.3223 	EXP 	Device response: <KeyPress from None: t=2575.263797166059, value=0, duration=0.056293333997018635>
2575.4057 	EXP 	Device response: <KeyPress from None: t=2575.4027525000274, value=0, duration=None>
2575.4088 	DATA 	Keypress: 0
2575.4889 	EXP 	Device response: <KeyPress from None: t=2575.4027525000274, value=0, duration=0.07626975001767278>
2575.7642 	DATA 	Mouse: Left button down, pos=(740,196)
2575.7722 	EXP 	New trial (rep=31, index=4): <Trial 376 (4 in rep 31) data={'delay': 0.7, 'freq': 1000.0, 'conditions': 'exp', 'thisN': 376, 'thisTrialN': 4, 'thisRepN': 31}>
2575.7753 	EXP 	text: autoDraw = False
2575.7753 	EXP 	textbox: autoDraw = False
2575.7753 	EXP 	fixation: autoDraw = True
2575.8733 	DATA 	Mouse:  Left button up, pos=(740,196)
2576.7621 	INFO 	Keyboard events cleared
2576.7619 	EXP 	polygon: autoDraw = True
2576.7734 	EXP 	fixation: autoDraw = False
2577.0315 	EXP 	Device response: <KeyPress from None: t=2577.024753125035, value=space, duration=None>
2577.0399 	DATA 	Keypress: space
2577.0441 	EXP 	fixation: autoDraw = False
2577.0441 	EXP 	polygon: autoDraw = False
2577.1082 	EXP 	Device response: <KeyPress from None: t=2577.024753125035, value=space, duration=0.07630154106300324>
2577.7235 	EXP 	Sound sound_1 reached end of file
2577.7398 	EXP 	Playing sound sound_1 on speaker Nirvana Crystl
2578.1742 	EXP 	Sound sound_1 stopped
2578.1918 	EXP 	text: autoDraw = True
2578.1918 	EXP 	textbox: autoDraw = True
2579.1230 	DATA 	Keypress: 4
2579.1242 	EXP 	Device response: <KeyPress from None: t=2579.1157550830394, value=4, duration=None>
2579.1732 	EXP 	Device response: <KeyPress from None: t=2579.1157550830394, value=4, duration=0.052326375036500394>
2579.2393 	EXP 	Device response: <KeyPress from None: t=2579.2386761250673, value=0, duration=None>
2579.2436 	DATA 	Keypress: 0
2579.3139 	EXP 	Device response: <KeyPress from None: t=2579.2386761250673, value=0, duration=0.06818670802749693>
2579.3638 	DATA 	Keypress: 0
2579.3648 	EXP 	Device response: <KeyPress from None: t=2579.3587529161014, value=0, duration=None>
2579.4466 	EXP 	Device response: <KeyPress from None: t=2579.3587529161014, value=0, duration=0.08422066690400243>
2579.6909 	DATA 	Mouse: Left button down, pos=(740,196)
2579.6972 	EXP 	New trial (rep=31, index=5): <Trial 377 (5 in rep 31) data={'delay': 0.1, 'freq': 1000.0, 'conditions': 'exp', 'thisN': 377, 'thisTrialN': 5, 'thisRepN': 31}>
2579.7053 	EXP 	text: autoDraw = False
2579.7053 	EXP 	textbox: autoDraw = False
2579.7053 	EXP 	fixation: autoDraw = True
2579.7899 	DATA 	Mouse:  Left button up, pos=(740,196)
2580.6952 	INFO 	Keyboard events cleared
2580.6951 	EXP 	fixation: autoDraw = False
2580.6951 	EXP 	polygon: autoDraw = True
2580.9591 	EXP 	Device response: <KeyPress from None: t=2580.946539250086, value=space, duration=None>
2580.9668 	DATA 	Keypress: space
2580.9721 	EXP 	fixation: autoDraw = False
2580.9721 	EXP 	polygon: autoDraw = False
2581.0403 	EXP 	Device response: <KeyPress from None: t=2580.946539250086, value=space, duration=0.08900829101912677>
2581.0459 	EXP 	Sound sound_1 reached end of file
2581.0624 	EXP 	Playing sound sound_1 on speaker Nirvana Crystl
2581.4964 	EXP 	Sound sound_1 stopped
2581.5170 	EXP 	text: autoDraw = True
2581.5170 	EXP 	textbox: autoDraw = True
2583.0723 	EXP 	Device response: <KeyPress from None: t=2583.066511625075, value=2, duration=None>
2583.0775 	DATA 	Keypress: 2
2583.1466 	EXP 	Device response: <KeyPress from None: t=2583.066511625075, value=2, duration=0.07239920797292143>
2583.2138 	DATA 	Keypress: 0
2583.2148 	EXP 	Device response: <KeyPress from None: t=2583.2076178330462, value=0, duration=None>
2583.2726 	EXP 	Device response: <KeyPress from None: t=2583.2076178330462, value=0, duration=0.06037320801988244>
2583.3432 	DATA 	Keypress: 0
2583.3479 	EXP 	Device response: <KeyPress from None: t=2583.339496083092, value=0, duration=None>
2583.4294 	EXP 	Device response: <KeyPress from None: t=2583.339496083092, value=0, duration=0.0884551249910146>
2583.6890 	DATA 	Mouse: Left button down, pos=(740,196)
2583.6899 	EXP 	New trial (rep=31, index=6): <Trial 378 (6 in rep 31) data={'delay': 0.4, 'freq': 1000.0, 'conditions': 'exp', 'thisN': 378, 'thisTrialN': 6, 'thisRepN': 31}>
2583.6932 	EXP 	text: autoDraw = False
2583.6932 	EXP 	textbox: autoDraw = False
2583.6932 	EXP 	fixation: autoDraw = True
2583.7927 	DATA 	Mouse:  Left button up, pos=(740,196)
2584.6788 	INFO 	Keyboard events cleared
2584.6786 	EXP 	polygon: autoDraw = True
2584.6898 	EXP 	fixation: autoDraw = False
2584.9080 	EXP 	Device response: <KeyPress from None: t=2584.8955737081124, value=space, duration=None>
2584.9156 	DATA 	Keypress: space
2584.9214 	EXP 	fixation: autoDraw = False
2584.9214 	EXP 	polygon: autoDraw = False
2585.0442 	EXP 	Device response: <KeyPress from None: t=2584.8955737081124, value=space, duration=0.14493970794137567>
2585.2947 	EXP 	Sound sound_1 reached end of file
2585.3112 	EXP 	Playing sound sound_1 on speaker Nirvana Crystl
2585.7440 	EXP 	Sound sound_1 stopped
2585.7638 	EXP 	text: autoDraw = True
2585.7638 	EXP 	textbox: autoDraw = True
2586.7386 	EXP 	Device response: <KeyPress from None: t=2586.736486833077, value=2, duration=None>
2586.7429 	DATA 	Keypress: 2
2586.8228 	EXP 	Device response: <KeyPress from None: t=2586.736486833077, value=2, duration=0.07634954201057553>
2586.9055 	EXP 	Device response: <KeyPress from None: t=2586.900568625075, value=0, duration=None>
2586.9084 	DATA 	Keypress: 0
2586.9622 	EXP 	Device response: <KeyPress from None: t=2586.900568625075, value=0, duration=0.06030091596767306>
2587.0231 	DATA 	Keypress: 0
2587.0241 	EXP 	Device response: <KeyPress from None: t=2587.0135643751128, value=0, duration=None>
2587.1130 	EXP 	Device response: <KeyPress from None: t=2587.0135643751128, value=0, duration=0.09216449991799891>
2587.3554 	DATA 	Mouse: Left button down, pos=(740,196)
2587.3566 	EXP 	New trial (rep=31, index=7): <Trial 379 (7 in rep 31) data={'delay': 0.7, 'freq': 1000.0, 'conditions': 'exp', 'thisN': 379, 'thisTrialN': 7, 'thisRepN': 31}>
2587.3599 	EXP 	text: autoDraw = False
2587.3599 	EXP 	textbox: autoDraw = False
2587.3599 	EXP 	fixation: autoDraw = True
2587.4731 	DATA 	Mouse:  Left button up, pos=(740,196)
2588.3457 	INFO 	Keyboard events cleared
2588.3455 	EXP 	polygon: autoDraw = True
2588.3565 	EXP 	fixation: autoDraw = False
2588.6246 	EXP 	Device response: <KeyPress from None: t=2588.6154517080868, value=space, duration=None>
2588.6320 	DATA 	Keypress: space
2588.6369 	EXP 	fixation: autoDraw = False
2588.6369 	EXP 	polygon: autoDraw = False
2588.7409 	EXP 	Device response: <KeyPress from None: t=2588.6154517080868, value=space, duration=0.12039645796176046>
2589.3120 	EXP 	Sound sound_1 reached end of file
2589.3284 	EXP 	Playing sound sound_1 on speaker Nirvana Crystl
2589.7631 	EXP 	Sound sound_1 stopped
2589.7832 	EXP 	text: autoDraw = True
2589.7832 	EXP 	textbox: autoDraw = True
2590.5062 	EXP 	Device response: <KeyPress from None: t=2590.5024710410507, value=2, duration=None>
2590.5105 	DATA 	Keypress: 2
2590.5397 	EXP 	Device response: <KeyPress from None: t=2590.5024710410507, value=2, duration=0.028319583972916007>
2590.9395 	EXP 	Device response: <KeyPress from None: t=2590.936350416043, value=backspace, duration=None>
2590.9445 	DATA 	Keypress: backspace
2591.0388 	EXP 	Device response: <KeyPress from None: t=2590.936350416043, value=backspace, duration=0.09643325000070035>
2591.4437 	DATA 	Keypress: 3
2591.4484 	EXP 	Device response: <KeyPress from None: t=2591.4393065830227, value=3, duration=None>
2591.5226 	EXP 	Device response: <KeyPress from None: t=2591.4393065830227, value=3, duration=0.0803227920550853>
2591.6890 	EXP 	Device response: <KeyPress from None: t=2591.686306333053, value=0, duration=None>
2591.6919 	DATA 	Keypress: 0
2591.7391 	EXP 	Device response: <KeyPress from None: t=2591.686306333053, value=0, duration=0.0524326249724254>
2591.7960 	EXP 	Device response: <KeyPress from None: t=2591.7954555411125, value=0, duration=None>
2591.8003 	DATA 	Keypress: 0
2591.8893 	EXP 	Device response: <KeyPress from None: t=2591.7954555411125, value=0, duration=0.08834529190789908>
2592.3558 	EXP 	Device response: <KeyPress from None: t=2592.3533770000795, value=space, duration=None>
2592.3588 	DATA 	Keypress: space
2592.4896 	EXP 	Device response: <KeyPress from None: t=2592.3533770000795, value=space, duration=0.1284834579564631>
2593.1797 	EXP 	Device response: <KeyPress from None: t=2593.176272291108, value=backspace, duration=None>
2593.1825 	DATA 	Keypress: backspace
2593.2560 	EXP 	Device response: <KeyPress from None: t=2593.176272291108, value=backspace, duration=0.07638145890086889>
2593.5294 	DATA 	Mouse: Left button down, pos=(740,196)
2593.6456 	DATA 	Mouse:  Left button up, pos=(740,196)
2594.5554 	DATA 	Mouse: Left button down, pos=(740,196)
2594.5563 	EXP 	New trial (rep=31, index=8): <Trial 380 (8 in rep 31) data={'delay': 0.1, 'freq': 400.0, 'conditions': 'unexp', 'thisN': 380, 'thisTrialN': 8, 'thisRepN': 31}>
2594.5594 	EXP 	text: autoDraw = False
2594.5594 	EXP 	textbox: autoDraw = False
2594.5594 	EXP 	fixation: autoDraw = True
2594.6563 	DATA 	Mouse:  Left button up, pos=(740,196)
2595.5461 	INFO 	Keyboard events cleared
2595.5460 	EXP 	polygon: autoDraw = True
2595.5563 	EXP 	fixation: autoDraw = False
2595.9966 	EXP 	Device response: <KeyPress from None: t=2595.994367166073, value=space, duration=None>
2596.0045 	DATA 	Keypress: space
2596.0092 	EXP 	fixation: autoDraw = False
2596.0092 	EXP 	polygon: autoDraw = False
2596.0900 	EXP 	Sound sound_1 reached end of file
2596.1063 	EXP 	Playing sound sound_1 on speaker Nirvana Crystl
2596.1631 	EXP 	Device response: <KeyPress from None: t=2595.994367166073, value=space, duration=0.16415233397856355>
2596.5406 	EXP 	Sound sound_1 stopped
2596.5610 	EXP 	text: autoDraw = True
2596.5610 	EXP 	textbox: autoDraw = True
2597.5645 	DATA 	Keypress: 5
2597.5656 	EXP 	Device response: <KeyPress from None: t=2597.559176625102, value=5, duration=None>
2597.6559 	EXP 	Device response: <KeyPress from None: t=2597.559176625102, value=5, duration=0.08829595800489187>
2597.7559 	EXP 	Device response: <KeyPress from None: t=2597.753676000051, value=0, duration=None>
2597.7587 	DATA 	Keypress: 0
2597.8134 	EXP 	Device response: <KeyPress from None: t=2597.753676000051, value=0, duration=0.055926791043020785>
2597.8801 	DATA 	Keypress: 0
2597.8810 	EXP 	Device response: <KeyPress from None: t=2597.8741702080006, value=0, duration=None>
2597.9557 	EXP 	Device response: <KeyPress from None: t=2597.8741702080006, value=0, duration=0.08042825001757592>
2598.1918 	DATA 	Mouse: Left button down, pos=(740,196)
2598.1967 	EXP 	New trial (rep=31, index=9): <Trial 381 (9 in rep 31) data={'delay': 0.1, 'freq': 1000.0, 'conditions': 'exp', 'thisN': 381, 'thisTrialN': 9, 'thisRepN': 31}>
2598.2050 	EXP 	text: autoDraw = False
2598.2050 	EXP 	textbox: autoDraw = False
2598.2050 	EXP 	fixation: autoDraw = True
2598.2894 	DATA 	Mouse:  Left button up, pos=(740,196)
2599.1899 	INFO 	Keyboard events cleared
2599.1897 	EXP 	polygon: autoDraw = True
2599.1957 	EXP 	fixation: autoDraw = False
2600.9125 	EXP 	Device response: <KeyPress from None: t=2600.9081621660152, value=space, duration=None>
2600.9197 	DATA 	Keypress: space
2600.9248 	EXP 	fixation: autoDraw = False
2600.9248 	EXP 	polygon: autoDraw = False
2601.0066 	EXP 	Sound sound_1 reached end of file
2601.0229 	EXP 	Playing sound sound_1 on speaker Nirvana Crystl
2601.0248 	EXP 	Device response: <KeyPress from None: t=2600.9081621660152, value=space, duration=0.10827054199762642>
2601.4564 	EXP 	Sound sound_1 stopped
2601.4758 	EXP 	text: autoDraw = True
2601.4758 	EXP 	textbox: autoDraw = True
2602.9720 	EXP 	Device response: <KeyPress from None: t=2602.9689970830223, value=6, duration=None>
2602.9759 	DATA 	Keypress: 6
2603.0791 	EXP 	Device response: <KeyPress from None: t=2602.9689970830223, value=6, duration=0.10737495799548924>
2603.2731 	DATA 	Keypress: 0
2603.2741 	EXP 	Device response: <KeyPress from None: t=2603.2681082501076, value=0, duration=None>
2603.3302 	EXP 	Device response: <KeyPress from None: t=2603.2681082501076, value=0, duration=0.05635941599030048>
2603.3890 	EXP 	Device response: <KeyPress from None: t=2603.3861009160755, value=0, duration=None>
2603.3921 	DATA 	Keypress: 0
2603.4580 	EXP 	Device response: <KeyPress from None: t=2603.3861009160755, value=0, duration=0.0643613749416545>
2603.6789 	DATA 	Mouse: Left button down, pos=(740,196)
2603.6798 	EXP 	New trial (rep=31, index=10): <Trial 382 (10 in rep 31) data={'delay': 0.7, 'freq': 1000.0, 'conditions': 'exp', 'thisN': 382, 'thisTrialN': 10, 'thisRepN': 31}>
2603.6884 	EXP 	text: autoDraw = False
2603.6884 	EXP 	textbox: autoDraw = False
2603.6884 	EXP 	fixation: autoDraw = True
2603.7928 	DATA 	Mouse:  Left button up, pos=(740,196)
2604.6730 	INFO 	Keyboard events cleared
2604.6728 	EXP 	polygon: autoDraw = True
2604.6792 	EXP 	fixation: autoDraw = False
2605.1464 	EXP 	Device response: <KeyPress from None: t=2605.1430107080378, value=space, duration=None>
2605.1547 	DATA 	Keypress: space
2605.1593 	EXP 	fixation: autoDraw = False
2605.1593 	EXP 	polygon: autoDraw = False
2605.2580 	EXP 	Device response: <KeyPress from None: t=2605.1430107080378, value=space, duration=0.10850912507157773>
2605.8399 	EXP 	Sound sound_1 reached end of file
2605.8562 	EXP 	Playing sound sound_1 on speaker Nirvana Crystl
2606.2903 	EXP 	Sound sound_1 stopped
2606.3116 	EXP 	text: autoDraw = True
2606.3116 	EXP 	textbox: autoDraw = True
2607.9391 	EXP 	Device response: <KeyPress from None: t=2607.9368820000673, value=6, duration=None>
2607.9431 	DATA 	Keypress: 6
2608.0395 	EXP 	Device response: <KeyPress from None: t=2607.9368820000673, value=6, duration=0.0964997080154717>
2608.0731 	DATA 	Keypress: 0
2608.0740 	EXP 	Device response: <KeyPress from None: t=2608.068076208001, value=0, duration=None>
2608.1220 	EXP 	Device response: <KeyPress from None: t=2608.068076208001, value=0, duration=0.05229258304461837>
2608.1891 	EXP 	Device response: <KeyPress from None: t=2608.186027541058, value=0, duration=None>
2608.1919 	DATA 	Keypress: 0
2608.2554 	EXP 	Device response: <KeyPress from None: t=2608.186027541058, value=0, duration=0.06833708402700722>
2608.4574 	DATA 	Mouse: Left button down, pos=(740,196)
2608.4636 	EXP 	New trial (rep=31, index=11): <Trial 383 (11 in rep 31) data={'delay': 0.4, 'freq': 400.0, 'conditions': 'unexp', 'thisN': 383, 'thisTrialN': 11, 'thisRepN': 31}>
2608.4714 	EXP 	text: autoDraw = False
2608.4714 	EXP 	textbox: autoDraw = False
2608.4714 	EXP 	fixation: autoDraw = True
2608.5558 	DATA 	Mouse:  Left button up, pos=(740,196)
2609.4626 	INFO 	Keyboard events cleared
2609.4624 	EXP 	fixation: autoDraw = False
2609.4624 	EXP 	polygon: autoDraw = True
2609.7899 	EXP 	Device response: <KeyPress from None: t=2609.786990833003, value=space, duration=None>
2609.7953 	DATA 	Keypress: space
2609.8009 	EXP 	fixation: autoDraw = False
2609.8009 	EXP 	polygon: autoDraw = False
2609.8965 	EXP 	Device response: <KeyPress from None: t=2609.786990833003, value=space, duration=0.10832358303014189>
2610.1732 	EXP 	Sound sound_1 reached end of file
2610.1895 	EXP 	Playing sound sound_1 on speaker Nirvana Crystl
2610.6237 	EXP 	Sound sound_1 stopped
2610.6445 	EXP 	text: autoDraw = True
2610.6445 	EXP 	textbox: autoDraw = True
2611.6889 	EXP 	Device response: <KeyPress from None: t=2611.687852666015, value=7, duration=None>
2611.6931 	DATA 	Keypress: 7
2611.7623 	EXP 	Device response: <KeyPress from None: t=2611.687852666015, value=7, duration=0.07233075005933642>
2611.8997 	DATA 	Keypress: 0
2611.9051 	EXP 	Device response: <KeyPress from None: t=2611.895988541073, value=0, duration=None>
2611.9557 	EXP 	Device response: <KeyPress from None: t=2611.895988541073, value=0, duration=0.056352208950556815>
2612.0131 	DATA 	Keypress: 0
2612.0140 	EXP 	Device response: <KeyPress from None: t=2612.008685708046, value=0, duration=None>
2612.0887 	EXP 	Device response: <KeyPress from None: t=2612.008685708046, value=0, duration=0.07944462506566197>
2612.3238 	DATA 	Mouse: Left button down, pos=(740,196)
2612.3300 	EXP 	New trial (rep=32, index=0): <Trial 384 (0 in rep 32) data={'delay': 0.4, 'freq': 400.0, 'conditions': 'unexp', 'thisN': 384, 'thisTrialN': 0, 'thisRepN': 32}>
2612.3378 	EXP 	text: autoDraw = False
2612.3378 	EXP 	textbox: autoDraw = False
2612.3378 	EXP 	fixation: autoDraw = True
2612.4396 	DATA 	Mouse:  Left button up, pos=(740,196)
2613.3284 	INFO 	Keyboard events cleared
2613.3282 	EXP 	fixation: autoDraw = False
2613.3282 	EXP 	polygon: autoDraw = True
2613.5905 	EXP 	Device response: <KeyPress from None: t=2613.588898833026, value=space, duration=None>
2613.5985 	DATA 	Keypress: space
2613.6042 	EXP 	fixation: autoDraw = False
2613.6042 	EXP 	polygon: autoDraw = False
2613.7075 	EXP 	Device response: <KeyPress from None: t=2613.588898833026, value=space, duration=0.11637041706126183>
2613.9785 	EXP 	Sound sound_1 reached end of file
2613.9949 	EXP 	Playing sound sound_1 on speaker Nirvana Crystl
2614.4291 	EXP 	Sound sound_1 stopped
2614.4487 	EXP 	text: autoDraw = True
2614.4487 	EXP 	textbox: autoDraw = True
2615.9052 	EXP 	Device response: <KeyPress from None: t=2615.9008436660515, value=4, duration=None>
2615.9093 	DATA 	Keypress: 4
2615.9723 	EXP 	Device response: <KeyPress from None: t=2615.9008436660515, value=4, duration=0.06839879194740206>
2616.0632 	DATA 	Keypress: 0
2616.0642 	EXP 	Device response: <KeyPress from None: t=2616.057899666019, value=0, duration=None>
2616.1125 	EXP 	Device response: <KeyPress from None: t=2616.057899666019, value=0, duration=0.05233508406672627>
2616.1722 	EXP 	Device response: <KeyPress from None: t=2616.171791000059, value=0, duration=None>
2616.1763 	DATA 	Keypress: 0
2616.2630 	EXP 	Device response: <KeyPress from None: t=2616.171791000059, value=0, duration=0.0842878749826923>
2616.4727 	DATA 	Mouse: Left button down, pos=(740,196)
2616.4736 	EXP 	New trial (rep=32, index=1): <Trial 385 (1 in rep 32) data={'delay': 0.1, 'freq': 400.0, 'conditions': 'unexp', 'thisN': 385, 'thisTrialN': 1, 'thisRepN': 32}>
2616.4771 	EXP 	text: autoDraw = False
2616.4771 	EXP 	textbox: autoDraw = False
2616.4771 	EXP 	fixation: autoDraw = True
2616.5898 	DATA 	Mouse:  Left button up, pos=(740,196)
2617.4630 	INFO 	Keyboard events cleared
2617.4628 	EXP 	polygon: autoDraw = True
2617.4728 	EXP 	fixation: autoDraw = False
2618.0735 	EXP 	Device response: <KeyPress from None: t=2618.0717904160265, value=space, duration=None>
2618.0807 	DATA 	Keypress: space
2618.0858 	EXP 	fixation: autoDraw = False
2618.0858 	EXP 	polygon: autoDraw = False
2618.1616 	EXP 	Sound sound_1 reached end of file
2618.1780 	EXP 	Playing sound sound_1 on speaker Nirvana Crystl
2618.1912 	EXP 	Device response: <KeyPress from None: t=2618.0717904160265, value=space, duration=0.11245245905593038>
2618.6126 	EXP 	Sound sound_1 stopped
2618.6323 	EXP 	text: autoDraw = True
2618.6323 	EXP 	textbox: autoDraw = True
2619.6638 	DATA 	Keypress: 4
2619.6648 	EXP 	Device response: <KeyPress from None: t=2619.656647708034, value=4, duration=None>
2619.7223 	EXP 	Device response: <KeyPress from None: t=2619.656647708034, value=4, duration=0.06030850007664412>
2619.7894 	DATA 	Keypress: 0
2619.7904 	EXP 	Device response: <KeyPress from None: t=2619.782618875033, value=0, duration=None>
2619.8455 	EXP 	Device response: <KeyPress from None: t=2619.782618875033, value=0, duration=0.056382875074632466>
2619.9090 	DATA 	Keypress: 0
2619.9138 	EXP 	Device response: <KeyPress from None: t=2619.905671750079, value=0, duration=None>
2619.9963 	EXP 	Device response: <KeyPress from None: t=2619.905671750079, value=0, duration=0.08442479092627764>
2620.1888 	DATA 	Mouse: Left button down, pos=(740,196)
2620.1897 	EXP 	New trial (rep=32, index=2): <Trial 386 (2 in rep 32) data={'delay': 0.7, 'freq': 1000.0, 'conditions': 'exp', 'thisN': 386, 'thisTrialN': 2, 'thisRepN': 32}>
2620.1935 	EXP 	text: autoDraw = False
2620.1935 	EXP 	textbox: autoDraw = False
2620.1935 	EXP 	fixation: autoDraw = True
2620.2595 	DATA 	Mouse:  Left button up, pos=(740,196)
2621.1789 	INFO 	Keyboard events cleared
2621.1788 	EXP 	polygon: autoDraw = True
2621.1893 	EXP 	fixation: autoDraw = False
2621.5131 	EXP 	Device response: <KeyPress from None: t=2621.5097313750302, value=space, duration=None>
2621.5204 	DATA 	Keypress: space
2621.5257 	EXP 	fixation: autoDraw = False
2621.5257 	EXP 	polygon: autoDraw = False
2621.6404 	EXP 	Device response: <KeyPress from None: t=2621.5097313750302, value=space, duration=0.1209292080020532>
2622.2063 	EXP 	Sound sound_1 reached end of file
2622.2227 	EXP 	Playing sound sound_1 on speaker Nirvana Crystl
2622.6574 	EXP 	Sound sound_1 stopped
2622.6777 	EXP 	text: autoDraw = True
2622.6777 	EXP 	textbox: autoDraw = True
2624.6632 	EXP 	Device response: <KeyPress from None: t=2624.659529583063, value=5, duration=None>
2624.6676 	DATA 	Keypress: 5
2624.7462 	EXP 	Device response: <KeyPress from None: t=2624.659529583063, value=5, duration=0.08030962501652539>
2624.8129 	DATA 	Keypress: 0
2624.8138 	EXP 	Device response: <KeyPress from None: t=2624.8056633330416, value=0, duration=None>
2624.8722 	EXP 	Device response: <KeyPress from None: t=2624.8056633330416, value=0, duration=0.06417704198975116>
2624.9464 	DATA 	Keypress: 0
2624.9473 	EXP 	Device response: <KeyPress from None: t=2624.9406547910767, value=0, duration=None>
2625.0221 	EXP 	Device response: <KeyPress from None: t=2624.9406547910767, value=0, duration=0.0802019169786945>
2625.2654 	DATA 	Mouse: Left button down, pos=(740,196)
2625.2718 	EXP 	New trial (rep=32, index=3): <Trial 387 (3 in rep 32) data={'delay': 0.7, 'freq': 1000.0, 'conditions': 'exp', 'thisN': 387, 'thisTrialN': 3, 'thisRepN': 32}>
2625.2749 	EXP 	text: autoDraw = False
2625.2749 	EXP 	textbox: autoDraw = False
2625.2749 	EXP 	fixation: autoDraw = True
2625.3891 	DATA 	Mouse:  Left button up, pos=(740,196)
2626.2628 	INFO 	Keyboard events cleared
2626.2626 	EXP 	polygon: autoDraw = True
2626.2726 	EXP 	fixation: autoDraw = False
2626.6299 	EXP 	Device response: <KeyPress from None: t=2626.625628875103, value=space, duration=None>
2626.6378 	DATA 	Keypress: space
2626.6424 	EXP 	fixation: autoDraw = False
2626.6424 	EXP 	polygon: autoDraw = False
2626.6902 	EXP 	Device response: <KeyPress from None: t=2626.625628875103, value=space, duration=0.05617270793300122>
2627.3229 	EXP 	Sound sound_1 reached end of file
2627.3393 	EXP 	Playing sound sound_1 on speaker Nirvana Crystl
2627.7739 	EXP 	Sound sound_1 stopped
2627.7946 	EXP 	text: autoDraw = True
2627.7946 	EXP 	textbox: autoDraw = True
2628.9639 	DATA 	Keypress: 5
2628.9651 	EXP 	Device response: <KeyPress from None: t=2628.956438583089, value=5, duration=None>
2629.0297 	EXP 	Device response: <KeyPress from None: t=2628.956438583089, value=5, duration=0.06844708300195634>
2629.0953 	EXP 	Device response: <KeyPress from None: t=2629.0945864160312, value=0, duration=None>
2629.0982 	DATA 	Keypress: 0
2629.1623 	EXP 	Device response: <KeyPress from None: t=2629.0945864160312, value=0, duration=0.06424220907501876>
2629.2290 	EXP 	Device response: <KeyPress from None: t=2629.226410625037, value=0, duration=None>
2629.2318 	DATA 	Keypress: 0
2629.3125 	EXP 	Device response: <KeyPress from None: t=2629.226410625037, value=0, duration=0.0844684160547331>
2629.6386 	DATA 	Mouse: Left button down, pos=(740,196)
2629.6395 	EXP 	New trial (rep=32, index=4): <Trial 388 (4 in rep 32) data={'delay': 0.7, 'freq': 1000.0, 'conditions': 'exp', 'thisN': 388, 'thisTrialN': 4, 'thisRepN': 32}>
2629.6427 	EXP 	text: autoDraw = False
2629.6427 	EXP 	textbox: autoDraw = False
2629.6427 	EXP 	fixation: autoDraw = True
2629.7560 	DATA 	Mouse:  Left button up, pos=(740,196)
2630.6294 	INFO 	Keyboard events cleared
2630.6292 	EXP 	polygon: autoDraw = True
2630.6392 	EXP 	fixation: autoDraw = False
2631.2242 	EXP 	Device response: <KeyPress from None: t=2631.2164275000105, value=space, duration=None>
2631.2320 	DATA 	Keypress: space
2631.2372 	EXP 	fixation: autoDraw = False
2631.2372 	EXP 	polygon: autoDraw = False
2631.3576 	EXP 	Device response: <KeyPress from None: t=2631.2164275000105, value=space, duration=0.13249833299778402>
2631.9117 	EXP 	Sound sound_1 reached end of file
2631.9281 	EXP 	Playing sound sound_1 on speaker Nirvana Crystl
2632.3618 	EXP 	Sound sound_1 stopped
2632.3822 	EXP 	text: autoDraw = True
2632.3822 	EXP 	textbox: autoDraw = True
2634.2220 	EXP 	Device response: <KeyPress from None: t=2634.2184371660696, value=4, duration=None>
2634.2262 	DATA 	Keypress: 4
2634.3131 	EXP 	Device response: <KeyPress from None: t=2634.2184371660696, value=4, duration=0.08824620896484703>
2634.3390 	EXP 	Device response: <KeyPress from None: t=2634.334448416019, value=0, duration=None>
2634.3419 	DATA 	Keypress: 0
2634.4054 	EXP 	Device response: <KeyPress from None: t=2634.334448416019, value=0, duration=0.06828087498433888>
2634.4793 	EXP 	Device response: <KeyPress from None: t=2634.477336625103, value=0, duration=None>
2634.4822 	DATA 	Keypress: 0
2634.5891 	EXP 	Device response: <KeyPress from None: t=2634.477336625103, value=0, duration=0.10443137492984533>
2635.2498 	DATA 	Keypress: equal
2635.2513 	EXP 	Device response: <KeyPress from None: t=2635.2315170000074, value=equal, duration=None>
2635.3050 	EXP 	Device response: <KeyPress from None: t=2635.2315170000074, value=equal, duration=0.06815112510230392>
2635.3930 	DATA 	Keypress: equal
2635.3976 	EXP 	Device response: <KeyPress from None: t=2635.388386333012, value=equal, duration=None>
2635.4626 	EXP 	Device response: <KeyPress from None: t=2635.388386333012, value=equal, duration=0.07235416700132191>
2635.5455 	EXP 	Device response: <KeyPress from None: t=2635.5443950000918, value=equal, duration=None>
2635.5485 	DATA 	Keypress: equal
2635.5957 	EXP 	Device response: <KeyPress from None: t=2635.5443950000918, value=equal, duration=0.048272041021846235>
2635.6721 	EXP 	Device response: <KeyPress from None: t=2635.6714165830053, value=equal, duration=None>
2635.6765 	DATA 	Keypress: equal
2635.7386 	EXP 	Device response: <KeyPress from None: t=2635.6714165830053, value=equal, duration=0.06431129202246666>
2635.9960 	DATA 	Keypress: backspace
2635.9968 	EXP 	Device response: <KeyPress from None: t=2635.990444541094, value=backspace, duration=None>
2636.9969 	EXP 	Device response: <KeyPress from None: t=2635.990444541094, value=backspace, duration=1.000189624959603>
2637.4142 	DATA 	Keypress: 6
2637.4153 	EXP 	Device response: <KeyPress from None: t=2637.408391291043, value=6, duration=None>
2637.5462 	EXP 	Device response: <KeyPress from None: t=2637.408391291043, value=6, duration=0.13233741698786616>
2637.5627 	DATA 	Keypress: 0
2637.5636 	EXP 	Device response: <KeyPress from None: t=2637.555338041042, value=0, duration=None>
2637.6059 	EXP 	Device response: <KeyPress from None: t=2637.555338041042, value=0, duration=0.04451812501065433>
2637.6553 	EXP 	Device response: <KeyPress from None: t=2637.653212666046, value=0, duration=None>
2637.6594 	DATA 	Keypress: 0
2637.7554 	EXP 	Device response: <KeyPress from None: t=2637.653212666046, value=0, duration=0.10048833396285772>
2638.0119 	DATA 	Mouse: Left button down, pos=(740,196)
2638.0128 	EXP 	New trial (rep=32, index=5): <Trial 389 (5 in rep 32) data={'delay': 0.7, 'freq': 400.0, 'conditions': 'unexp', 'thisN': 389, 'thisTrialN': 5, 'thisRepN': 32}>
2638.0215 	EXP 	text: autoDraw = False
2638.0215 	EXP 	textbox: autoDraw = False
2638.0215 	EXP 	fixation: autoDraw = True
2638.1397 	DATA 	Mouse:  Left button up, pos=(740,196)
2639.0123 	INFO 	Keyboard events cleared
2639.0121 	EXP 	fixation: autoDraw = False
2639.0121 	EXP 	polygon: autoDraw = True
2639.3075 	EXP 	Device response: <KeyPress from None: t=2639.299423041055, value=space, duration=None>
2639.3173 	DATA 	Keypress: space
2639.3223 	EXP 	fixation: autoDraw = False
2639.3223 	EXP 	polygon: autoDraw = False
2639.4071 	EXP 	Device response: <KeyPress from None: t=2639.299423041055, value=space, duration=0.10422208404634148>
2639.9951 	EXP 	Sound sound_1 reached end of file
2640.0115 	EXP 	Playing sound sound_1 on speaker Nirvana Crystl
2640.4459 	EXP 	Sound sound_1 stopped
2640.4658 	EXP 	text: autoDraw = True
2640.4658 	EXP 	textbox: autoDraw = True
2642.1830 	DATA 	Keypress: 7
2642.2057 	EXP 	Device response: <KeyPress from None: t=2642.179136041086, value=7, duration=None>
2642.2625 	EXP 	Device response: <KeyPress from None: t=2642.179136041086, value=7, duration=0.08030654198955745>
2642.3623 	EXP 	Device response: <KeyPress from None: t=2642.3612819160335, value=0, duration=None>
2642.3652 	DATA 	Keypress: 0
2642.4289 	EXP 	Device response: <KeyPress from None: t=2642.3612819160335, value=0, duration=0.0642484170384705>
2642.4887 	EXP 	Device response: <KeyPress from None: t=2642.4881938750623, value=0, duration=None>
2642.4930 	DATA 	Keypress: 0
2642.5722 	EXP 	Device response: <KeyPress from None: t=2642.4881938750623, value=0, duration=0.07634487503673881>
2643.0068 	DATA 	Mouse: Left button down, pos=(740,196)
2643.0132 	EXP 	New trial (rep=32, index=6): <Trial 390 (6 in rep 32) data={'delay': 0.1, 'freq': 1000.0, 'conditions': 'exp', 'thisN': 390, 'thisTrialN': 6, 'thisRepN': 32}>
2643.0210 	EXP 	text: autoDraw = False
2643.0210 	EXP 	textbox: autoDraw = False
2643.0210 	EXP 	fixation: autoDraw = True
2643.1060 	DATA 	Mouse:  Left button up, pos=(740,196)
2644.0120 	INFO 	Keyboard events cleared
2644.0118 	EXP 	fixation: autoDraw = False
2644.0118 	EXP 	polygon: autoDraw = True
2644.3240 	EXP 	Device response: <KeyPress from None: t=2644.3131512500113, value=space, duration=None>
2644.3316 	DATA 	Keypress: space
2644.3366 	EXP 	fixation: autoDraw = False
2644.3366 	EXP 	polygon: autoDraw = False
2644.4115 	EXP 	Sound sound_1 reached end of file
2644.4279 	EXP 	Playing sound sound_1 on speaker Nirvana Crystl
2644.4407 	EXP 	Device response: <KeyPress from None: t=2644.3131512500113, value=space, duration=0.12099670805037022>
2644.8618 	EXP 	Sound sound_1 stopped
2644.8809 	EXP 	text: autoDraw = True
2644.8809 	EXP 	textbox: autoDraw = True
2652.0296 	EXP 	Device response: <KeyPress from None: t=2652.0263335410273, value=6, duration=None>
2652.0334 	DATA 	Keypress: 6
2652.1216 	EXP 	Device response: <KeyPress from None: t=2652.0263335410273, value=6, duration=0.08593825006391853>
2652.1886 	EXP 	Device response: <KeyPress from None: t=2652.187998041045, value=0, duration=None>
2652.1927 	DATA 	Keypress: 0
2652.2387 	EXP 	Device response: <KeyPress from None: t=2652.187998041045, value=0, duration=0.04826808406505734>
2652.3060 	DATA 	Keypress: 0
2652.3070 	EXP 	Device response: <KeyPress from None: t=2652.2968953750096, value=0, duration=None>
2652.3891 	EXP 	Device response: <KeyPress from None: t=2652.2968953750096, value=0, duration=0.0844388750847429>
2653.1122 	DATA 	Mouse: Left button down, pos=(740,196)
2653.1131 	EXP 	New trial (rep=32, index=7): <Trial 391 (7 in rep 32) data={'delay': 0.4, 'freq': 1000.0, 'conditions': 'exp', 'thisN': 391, 'thisTrialN': 7, 'thisRepN': 32}>
2653.1218 	EXP 	text: autoDraw = False
2653.1218 	EXP 	textbox: autoDraw = False
2653.1218 	EXP 	fixation: autoDraw = True
2653.2394 	DATA 	Mouse:  Left button up, pos=(740,196)
2654.1119 	INFO 	Keyboard events cleared
2654.1117 	EXP 	fixation: autoDraw = False
2654.1117 	EXP 	polygon: autoDraw = True
2655.0235 	EXP 	Device response: <KeyPress from None: t=2655.0189447500743, value=space, duration=None>
2655.0307 	DATA 	Keypress: space
2655.0358 	EXP 	fixation: autoDraw = False
2655.0358 	EXP 	polygon: autoDraw = False
2655.0780 	EXP 	Device response: <KeyPress from None: t=2655.0189447500743, value=space, duration=0.05701091594528407>
2655.4078 	EXP 	Sound sound_1 reached end of file
2655.4244 	EXP 	Playing sound sound_1 on speaker Nirvana Crystl
2655.8589 	EXP 	Sound sound_1 stopped
2655.8778 	EXP 	text: autoDraw = True
2655.8778 	EXP 	textbox: autoDraw = True
2657.1723 	DATA 	Keypress: 4
2657.1735 	EXP 	Device response: <KeyPress from None: t=2657.1649399161106, value=4, duration=None>
2657.2386 	EXP 	Device response: <KeyPress from None: t=2657.1649399161106, value=4, duration=0.07220316689927131>
2657.3557 	DATA 	Keypress: 0
2657.3566 	EXP 	Device response: <KeyPress from None: t=2657.348853125004, value=0, duration=None>
2657.4218 	EXP 	Device response: <KeyPress from None: t=2657.348853125004, value=0, duration=0.07229887507855892>
2657.4719 	EXP 	Device response: <KeyPress from None: t=2657.4698765410576, value=0, duration=None>
2657.4749 	DATA 	Keypress: 0
2657.5453 	EXP 	Device response: <KeyPress from None: t=2657.4698765410576, value=0, duration=0.07229104195721447>
2657.7801 	DATA 	Mouse: Left button down, pos=(740,196)
2657.7883 	EXP 	New trial (rep=32, index=8): <Trial 392 (8 in rep 32) data={'delay': 0.4, 'freq': 1000.0, 'conditions': 'exp', 'thisN': 392, 'thisTrialN': 8, 'thisRepN': 32}>
2657.7915 	EXP 	text: autoDraw = False
2657.7915 	EXP 	textbox: autoDraw = False
2657.7915 	EXP 	fixation: autoDraw = True
2657.8557 	DATA 	Mouse:  Left button up, pos=(740,196)
2658.3573 	EXP 	Device response: <KeyPress from None: t=2658.351914625033, value=space, duration=None>
2658.3636 	DATA 	Keypress: space
2658.4741 	EXP 	Device response: <KeyPress from None: t=2658.351914625033, value=space, duration=0.11930108303204179>
2658.7793 	INFO 	Keyboard events cleared
2658.7791 	EXP 	polygon: autoDraw = True
2658.7890 	EXP 	fixation: autoDraw = False
2659.0794 	EXP 	Device response: <KeyPress from None: t=2659.0749838750344, value=n, duration=None>
2659.0852 	DATA 	Keypress: n
2659.1065 	EXP 	Device response: <KeyPress from None: t=2659.102818708052, value=space, duration=None>
2659.1112 	DATA 	Keypress: space
2659.1153 	EXP 	fixation: autoDraw = False
2659.1153 	EXP 	polygon: autoDraw = False
2659.1566 	EXP 	Device response: <KeyPress from None: t=2659.102818708052, value=space, duration=0.03998745803255588>
2659.2072 	EXP 	Device response: <KeyPress from None: t=2659.0749838750344, value=n, duration=0.1241837500128895>
2659.4895 	EXP 	Sound sound_1 reached end of file
2659.5058 	EXP 	Playing sound sound_1 on speaker Nirvana Crystl
2659.9402 	EXP 	Sound sound_1 stopped
2659.9594 	EXP 	text: autoDraw = True
2659.9594 	EXP 	textbox: autoDraw = True
2661.6895 	DATA 	Keypress: 5
2661.6904 	EXP 	Device response: <KeyPress from None: t=2661.6838183330838, value=5, duration=None>
2661.7719 	EXP 	Device response: <KeyPress from None: t=2661.6838183330838, value=5, duration=0.08429345802869648>
2661.8290 	EXP 	Device response: <KeyPress from None: t=2661.8277219580486, value=minus, duration=None>
2661.8403 	DATA 	Keypress: minus
2661.8793 	EXP 	Device response: <KeyPress from None: t=2661.8277219580486, value=minus, duration=0.04420574998948723>
2661.9553 	EXP 	Device response: <KeyPress from None: t=2661.953831333085, value=0, duration=None>
2661.9594 	DATA 	Keypress: 0
2662.0122 	EXP 	Device response: <KeyPress from None: t=2661.953831333085, value=0, duration=0.05217520799487829>
2662.2385 	EXP 	Device response: <KeyPress from None: t=2662.2367248330265, value=backspace, duration=None>
2662.2425 	DATA 	Keypress: backspace
2662.2960 	EXP 	Device response: <KeyPress from None: t=2662.2367248330265, value=backspace, duration=0.052248749998398125>
2662.3626 	DATA 	Keypress: backspace
2662.3631 	EXP 	Device response: <KeyPress from None: t=2662.358733333065, value=backspace, duration=None>
2662.4286 	EXP 	Device response: <KeyPress from None: t=2662.358733333065, value=backspace, duration=0.06825174996629357>
2662.5788 	EXP 	Device response: <KeyPress from None: t=2662.5757699580863, value=0, duration=None>
2662.5817 	DATA 	Keypress: 0
2662.6453 	EXP 	Device response: <KeyPress from None: t=2662.5757699580863, value=0, duration=0.06837583298329264>
2662.7160 	DATA 	Keypress: 0
2662.7214 	EXP 	Device response: <KeyPress from None: t=2662.711818708107, value=0, duration=None>
2662.7953 	EXP 	Device response: <KeyPress from None: t=2662.711818708107, value=0, duration=0.08026712492574006>
2663.0971 	DATA 	Mouse: Left button down, pos=(740,196)
2663.1048 	EXP 	New trial (rep=32, index=9): <Trial 393 (9 in rep 32) data={'delay': 0.4, 'freq': 1000.0, 'conditions': 'exp', 'thisN': 393, 'thisTrialN': 9, 'thisRepN': 32}>
2663.1079 	EXP 	text: autoDraw = False
2663.1079 	EXP 	textbox: autoDraw = False
2663.1079 	EXP 	fixation: autoDraw = True
2663.2061 	DATA 	Mouse:  Left button up, pos=(740,196)
2664.0959 	INFO 	Keyboard events cleared
2664.0958 	EXP 	polygon: autoDraw = True
2664.1055 	EXP 	fixation: autoDraw = False
2664.4907 	EXP 	Device response: <KeyPress from None: t=2664.4877837080276, value=space, duration=None>
2664.4978 	DATA 	Keypress: space
2664.5029 	EXP 	fixation: autoDraw = False
2664.5029 	EXP 	polygon: autoDraw = False
2664.6073 	EXP 	Device response: <KeyPress from None: t=2664.4877837080276, value=space, duration=0.11231566697824746>
2664.8781 	EXP 	Sound sound_1 reached end of file
2664.8945 	EXP 	Playing sound sound_1 on speaker Nirvana Crystl
2665.3291 	EXP 	Sound sound_1 stopped
2665.3486 	EXP 	text: autoDraw = True
2665.3486 	EXP 	textbox: autoDraw = True
2666.9725 	DATA 	Keypress: 4
2666.9736 	EXP 	Device response: <KeyPress from None: t=2666.9646497910144, value=4, duration=None>
2667.0214 	EXP 	Device response: <KeyPress from None: t=2666.9646497910144, value=4, duration=0.05223808402661234>
2667.0621 	EXP 	Device response: <KeyPress from None: t=2667.061703791027, value=0, duration=None>
2667.0661 	DATA 	Keypress: 0
2667.1117 	EXP 	Device response: <KeyPress from None: t=2667.061703791027, value=0, duration=0.04831175005529076>
2667.1723 	DATA 	Keypress: 0
2667.1733 	EXP 	Device response: <KeyPress from None: t=2667.16460716608, value=0, duration=None>
2667.2624 	EXP 	Device response: <KeyPress from None: t=2667.16460716608, value=0, duration=0.09225849993526936>
2667.4635 	DATA 	Mouse: Left button down, pos=(740,196)
2667.4713 	EXP 	New trial (rep=32, index=10): <Trial 394 (10 in rep 32) data={'delay': 0.1, 'freq': 1000.0, 'conditions': 'exp', 'thisN': 394, 'thisTrialN': 10, 'thisRepN': 32}>
2667.4745 	EXP 	text: autoDraw = False
2667.4745 	EXP 	textbox: autoDraw = False
2667.4745 	EXP 	fixation: autoDraw = True
2667.5557 	DATA 	Mouse:  Left button up, pos=(740,196)
2668.4624 	INFO 	Keyboard events cleared
2668.4623 	EXP 	polygon: autoDraw = True
2668.4724 	EXP 	fixation: autoDraw = False
2668.9070 	EXP 	Device response: <KeyPress from None: t=2668.9007320830133, value=space, duration=None>
2668.9146 	DATA 	Keypress: space
2668.9197 	EXP 	fixation: autoDraw = False
2668.9197 	EXP 	polygon: autoDraw = False
2668.9738 	EXP 	Device response: <KeyPress from None: t=2668.9007320830133, value=space, duration=0.06822524999734014>
2668.9938 	EXP 	Sound sound_1 reached end of file
2669.0102 	EXP 	Playing sound sound_1 on speaker Nirvana Crystl
2669.4449 	EXP 	Sound sound_1 stopped
2669.4651 	EXP 	text: autoDraw = True
2669.4651 	EXP 	textbox: autoDraw = True
2670.2216 	EXP 	Device response: <KeyPress from None: t=2670.2175446250476, value=4, duration=None>
2670.2258 	DATA 	Keypress: 4
2670.2957 	EXP 	Device response: <KeyPress from None: t=2670.2175446250476, value=4, duration=0.07237874995917082>
2670.4262 	DATA 	Keypress: 0
2670.4303 	EXP 	Device response: <KeyPress from None: t=2670.421582500101, value=0, duration=None>
2670.4793 	EXP 	Device response: <KeyPress from None: t=2670.421582500101, value=0, duration=0.052250082953833044>
2670.5385 	EXP 	Device response: <KeyPress from None: t=2670.5374575000023, value=0, duration=None>
2670.5428 	DATA 	Keypress: 0
2670.6223 	EXP 	Device response: <KeyPress from None: t=2670.5374575000023, value=0, duration=0.07637462508864701>
2670.8486 	DATA 	Mouse: Left button down, pos=(740,196)
2670.8549 	EXP 	New trial (rep=32, index=11): <Trial 395 (11 in rep 32) data={'delay': 0.1, 'freq': 1000.0, 'conditions': 'exp', 'thisN': 395, 'thisTrialN': 11, 'thisRepN': 32}>
2670.8580 	EXP 	text: autoDraw = False
2670.8580 	EXP 	textbox: autoDraw = False
2670.8580 	EXP 	fixation: autoDraw = True
2670.9052 	DATA 	Mouse:  Left button up, pos=(740,196)
2671.8460 	INFO 	Keyboard events cleared
2671.8459 	EXP 	polygon: autoDraw = True
2671.8557 	EXP 	fixation: autoDraw = False
2672.1792 	EXP 	Device response: <KeyPress from None: t=2672.1725405000616, value=space, duration=None>
2672.1861 	DATA 	Keypress: space
2672.1913 	EXP 	fixation: autoDraw = False
2672.1913 	EXP 	polygon: autoDraw = False
2672.2727 	EXP 	Sound sound_1 reached end of file
2672.2890 	EXP 	Playing sound sound_1 on speaker Nirvana Crystl
2672.2791 	EXP 	Device response: <KeyPress from None: t=2672.1725405000616, value=space, duration=0.10419629095122218>
2672.7237 	EXP 	Sound sound_1 stopped
2672.7432 	EXP 	text: autoDraw = True
2672.7432 	EXP 	textbox: autoDraw = True
2674.3712 	EXP 	Device response: <KeyPress from None: t=2674.3663916660007, value=2, duration=None>
2674.3754 	DATA 	Keypress: 2
2674.4723 	EXP 	Device response: <KeyPress from None: t=2674.3663916660007, value=2, duration=0.10032137506641448>
2674.5718 	EXP 	Device response: <KeyPress from None: t=2674.567396208062, value=0, duration=None>
2674.5747 	DATA 	Keypress: 0
2674.6217 	EXP 	Device response: <KeyPress from None: t=2674.567396208062, value=0, duration=0.05225237493868917>
2674.6787 	EXP 	Device response: <KeyPress from None: t=2674.675475291093, value=0, duration=None>
2674.6815 	DATA 	Keypress: 0
2674.7624 	EXP 	Device response: <KeyPress from None: t=2674.675475291093, value=0, duration=0.08033074997365475>
2675.0112 	DATA 	Mouse: Left button down, pos=(740,196)
2675.0883 	DATA 	Mouse:  Left button up, pos=(740,196)
2675.9398 	DATA 	Mouse: Left button down, pos=(740,196)
2675.9463 	EXP 	New trial (rep=33, index=0): <Trial 396 (0 in rep 33) data={'delay': 0.1, 'freq': 1000.0, 'conditions': 'exp', 'thisN': 396, 'thisTrialN': 0, 'thisRepN': 33}>
2675.9548 	EXP 	text: autoDraw = False
2675.9548 	EXP 	textbox: autoDraw = False
2675.9548 	EXP 	fixation: autoDraw = True
2676.0393 	DATA 	Mouse:  Left button up, pos=(740,196)
2676.9436 	INFO 	Keyboard events cleared
2676.9434 	EXP 	fixation: autoDraw = False
2676.9434 	EXP 	polygon: autoDraw = True
2677.3571 	EXP 	Device response: <KeyPress from None: t=2677.3544721660437, value=space, duration=None>
2677.3647 	DATA 	Keypress: space
2677.3701 	EXP 	fixation: autoDraw = False
2677.3701 	EXP 	polygon: autoDraw = False
2677.4443 	EXP 	Sound sound_1 reached end of file
2677.4607 	EXP 	Playing sound sound_1 on speaker Nirvana Crystl
2677.4789 	EXP 	Device response: <KeyPress from None: t=2677.3544721660437, value=space, duration=0.1203379170037806>
2677.8954 	EXP 	Sound sound_1 stopped
2677.9151 	EXP 	text: autoDraw = True
2677.9151 	EXP 	textbox: autoDraw = True
2678.4914 	DATA 	Keypress: 4
2678.4976 	EXP 	Device response: <KeyPress from None: t=2678.4872871250845, value=4, duration=None>
2678.5618 	EXP 	Device response: <KeyPress from None: t=2678.4872871250845, value=4, duration=0.07236629095859826>
2678.6547 	EXP 	Device response: <KeyPress from None: t=2678.65344933304, value=0, duration=None>
2678.6591 	DATA 	Keypress: 0
2678.7220 	EXP 	Device response: <KeyPress from None: t=2678.65344933304, value=0, duration=0.06811724998988211>
2678.7791 	DATA 	Keypress: 0
2678.7801 	EXP 	Device response: <KeyPress from None: t=2678.77337041602, value=0, duration=None>
2678.8619 	EXP 	Device response: <KeyPress from None: t=2678.77337041602, value=0, duration=0.0882390420883894>
2679.0957 	DATA 	Mouse: Left button down, pos=(740,196)
2679.0966 	EXP 	New trial (rep=33, index=1): <Trial 397 (1 in rep 33) data={'delay': 0.1, 'freq': 1000.0, 'conditions': 'exp', 'thisN': 397, 'thisTrialN': 1, 'thisRepN': 33}>
2679.1047 	EXP 	text: autoDraw = False
2679.1047 	EXP 	textbox: autoDraw = False
2679.1047 	EXP 	fixation: autoDraw = True
2679.2226 	DATA 	Mouse:  Left button up, pos=(740,196)
2680.0951 	INFO 	Keyboard events cleared
2680.0950 	EXP 	fixation: autoDraw = False
2680.0950 	EXP 	polygon: autoDraw = True
2680.4070 	EXP 	Device response: <KeyPress from None: t=2680.397214750061, value=space, duration=None>
2680.4145 	DATA 	Keypress: space
2680.4195 	EXP 	fixation: autoDraw = False
2680.4195 	EXP 	polygon: autoDraw = False
2680.4938 	EXP 	Sound sound_1 reached end of file
2680.5101 	EXP 	Playing sound sound_1 on speaker Nirvana Crystl
2680.5072 	EXP 	Device response: <KeyPress from None: t=2680.397214750061, value=space, duration=0.10449149995110929>
2680.9446 	EXP 	Sound sound_1 stopped
2680.9646 	EXP 	text: autoDraw = True
2680.9646 	EXP 	textbox: autoDraw = True
2681.3044 	EXP 	Device response: <KeyPress from None: t=2681.300347500015, value=4, duration=None>
2681.3086 	DATA 	Keypress: 4
2681.3717 	EXP 	Device response: <KeyPress from None: t=2681.300347500015, value=4, duration=0.06834241608157754>
2681.9288 	DATA 	Keypress: backspace
2681.9296 	EXP 	Device response: <KeyPress from None: t=2681.923307958059, value=backspace, duration=None>
2682.0045 	EXP 	Device response: <KeyPress from None: t=2681.923307958059, value=backspace, duration=0.07223204197362065>
2682.3885 	DATA 	Keypress: 3
2682.3895 	EXP 	Device response: <KeyPress from None: t=2682.382149083074, value=3, duration=None>
2682.4623 	EXP 	Device response: <KeyPress from None: t=2682.382149083074, value=3, duration=0.07537954195868224>
2682.5721 	DATA 	Keypress: 0
2682.5731 	EXP 	Device response: <KeyPress from None: t=2682.5653636660427, value=0, duration=None>
2682.6292 	EXP 	Device response: <KeyPress from None: t=2682.5653636660427, value=0, duration=0.05623537499923259>
2682.6929 	DATA 	Keypress: 0
2682.6973 	EXP 	Device response: <KeyPress from None: t=2682.688206333085, value=0, duration=None>
2682.7718 	EXP 	Device response: <KeyPress from None: t=2682.688206333085, value=0, duration=0.08040958293713629>
2683.0118 	DATA 	Mouse: Left button down, pos=(740,196)
2683.0126 	EXP 	New trial (rep=33, index=2): <Trial 398 (2 in rep 33) data={'delay': 0.4, 'freq': 1000.0, 'conditions': 'exp', 'thisN': 398, 'thisTrialN': 2, 'thisRepN': 33}>
2683.0212 	EXP 	text: autoDraw = False
2683.0212 	EXP 	textbox: autoDraw = False
2683.0212 	EXP 	fixation: autoDraw = True
2683.1086 	DATA 	Mouse:  Left button up, pos=(740,196)
2684.0111 	INFO 	Keyboard events cleared
2684.0110 	EXP 	fixation: autoDraw = False
2684.0110 	EXP 	polygon: autoDraw = True
2684.2737 	EXP 	Device response: <KeyPress from None: t=2684.2722629581112, value=space, duration=None>
2684.2808 	DATA 	Keypress: space
2684.2858 	EXP 	fixation: autoDraw = False
2684.2858 	EXP 	polygon: autoDraw = False
2684.2867 	EXP 	Device response: <KeyPress from None: t=2684.2801788330544, value=n, duration=None>
2684.2905 	DATA 	Keypress: n
2684.3097 	EXP 	Device response: <KeyPress from None: t=2684.2801788330544, value=n, duration=0.027978957979939878>
2684.3570 	EXP 	Device response: <KeyPress from None: t=2684.2722629581112, value=space, duration=0.07225758291315287>
2684.6616 	EXP 	Sound sound_1 reached end of file
2684.6780 	EXP 	Playing sound sound_1 on speaker Nirvana Crystl
2685.1126 	EXP 	Sound sound_1 stopped
2685.1328 	EXP 	text: autoDraw = True
2685.1328 	EXP 	textbox: autoDraw = True
2687.1546 	EXP 	Device response: <KeyPress from None: t=2687.151207125047, value=3, duration=None>
2687.1585 	DATA 	Keypress: 3
2687.2391 	EXP 	Device response: <KeyPress from None: t=2687.151207125047, value=3, duration=0.08033729100134224>
2687.2548 	EXP 	Device response: <KeyPress from None: t=2687.2531833751127, value=0, duration=None>
2687.2576 	DATA 	Keypress: 0
2687.3217 	EXP 	Device response: <KeyPress from None: t=2687.2531833751127, value=0, duration=0.06418708292767406>
2687.3711 	EXP 	Device response: <KeyPress from None: t=2687.36811358307, value=0, duration=None>
2687.3755 	DATA 	Keypress: 0
2687.4792 	EXP 	Device response: <KeyPress from None: t=2687.36811358307, value=0, duration=0.10439441702328622>
2687.7483 	DATA 	Mouse: Left button down, pos=(740,196)
2687.7546 	EXP 	New trial (rep=33, index=3): <Trial 399 (3 in rep 33) data={'delay': 0.4, 'freq': 400.0, 'conditions': 'unexp', 'thisN': 399, 'thisTrialN': 3, 'thisRepN': 33}>
2687.7577 	EXP 	text: autoDraw = False
2687.7577 	EXP 	textbox: autoDraw = False
2687.7577 	EXP 	fixation: autoDraw = True
2687.8556 	DATA 	Mouse:  Left button up, pos=(740,196)
2688.7455 	INFO 	Keyboard events cleared
2688.7453 	EXP 	polygon: autoDraw = True
2688.7555 	EXP 	fixation: autoDraw = False
2689.1237 	EXP 	Device response: <KeyPress from None: t=2689.1151635000715, value=space, duration=None>
2689.1312 	DATA 	Keypress: space
2689.1362 	EXP 	fixation: autoDraw = False
2689.1362 	EXP 	polygon: autoDraw = False
2689.2599 	EXP 	Device response: <KeyPress from None: t=2689.1151635000715, value=space, duration=0.14024562493432313>
2689.5112 	EXP 	Sound sound_1 reached end of file
2689.5276 	EXP 	Playing sound sound_1 on speaker Nirvana Crystl
2689.9621 	EXP 	Sound sound_1 stopped
2689.9820 	EXP 	text: autoDraw = True
2689.9820 	EXP 	textbox: autoDraw = True
2717.8042 	EXP 	Device response: <KeyPress from None: t=2717.7989641251042, value=4, duration=None>
2717.8081 	DATA 	Keypress: 4
2717.8720 	EXP 	Device response: <KeyPress from None: t=2717.7989641251042, value=4, duration=0.0659031659597531>
2717.9125 	DATA 	Keypress: 0
2717.9134 	EXP 	Device response: <KeyPress from None: t=2717.9077475410886, value=0, duration=None>
2717.9716 	EXP 	Device response: <KeyPress from None: t=2717.9077475410886, value=0, duration=0.06024587491992861>
2718.0383 	EXP 	Device response: <KeyPress from None: t=2718.0336558331037, value=0, duration=None>
2718.0410 	DATA 	Keypress: 0
2718.1212 	EXP 	Device response: <KeyPress from None: t=2718.0336558331037, value=0, duration=0.08434274990577251>
2869.5867 	EXP 	Device response: <KeyPress from None: t=2869.580376375001, value=return, duration=None>
2869.5921 	DATA 	Keypress: return
2869.6371 	EXP 	Device response: <KeyPress from None: t=2869.580376375001, value=return, duration=0.04999066609889269>
2871.8044 	DATA 	Keypress: backspace
2871.8053 	EXP 	Device response: <KeyPress from None: t=2871.796900458052, value=backspace, duration=None>
2871.8871 	EXP 	Device response: <KeyPress from None: t=2871.796900458052, value=backspace, duration=0.08431408298201859>
2872.5788 	DATA 	Mouse: Left button down, pos=(740,200)
2872.5864 	EXP 	New trial (rep=33, index=4): <Trial 400 (4 in rep 33) data={'delay': 0.7, 'freq': 400.0, 'conditions': 'unexp', 'thisN': 400, 'thisTrialN': 4, 'thisRepN': 33}>
2872.5895 	EXP 	text: autoDraw = False
2872.5895 	EXP 	textbox: autoDraw = False
2872.5895 	EXP 	fixation: autoDraw = True
2872.7041 	DATA 	Mouse:  Left button up, pos=(740,200)
2873.5776 	INFO 	Keyboard events cleared
2873.5774 	EXP 	polygon: autoDraw = True
2873.5872 	EXP 	fixation: autoDraw = False
2874.1550 	EXP 	Device response: <KeyPress from None: t=2874.146841583075, value=space, duration=None>
2874.1623 	DATA 	Keypress: space
2874.1673 	EXP 	fixation: autoDraw = False
2874.1673 	EXP 	polygon: autoDraw = False
2874.2884 	EXP 	Device response: <KeyPress from None: t=2874.146841583075, value=space, duration=0.13235458300914615>
2874.8431 	EXP 	Sound sound_1 reached end of file
2874.8593 	EXP 	Playing sound sound_1 on speaker Nirvana Crystl
2875.2936 	EXP 	Sound sound_1 stopped
2875.3130 	EXP 	text: autoDraw = True
2875.3130 	EXP 	textbox: autoDraw = True
2876.5030 	EXP 	Device response: <KeyPress from None: t=2876.5008207500214, value=7, duration=None>
2876.5073 	DATA 	Keypress: 7
2876.5863 	EXP 	Device response: <KeyPress from None: t=2876.5008207500214, value=7, duration=0.07626662508118898>
2876.8608 	DATA 	Keypress: 0
2876.8618 	EXP 	Device response: <KeyPress from None: t=2876.8537484160624, value=0, duration=None>
2876.9035 	EXP 	Device response: <KeyPress from None: t=2876.8537484160624, value=0, duration=0.048445167019963264>
2876.9710 	DATA 	Keypress: 0
2876.9719 	EXP 	Device response: <KeyPress from None: t=2876.9628361250507, value=0, duration=None>
2877.0370 	EXP 	Device response: <KeyPress from None: t=2876.9628361250507, value=0, duration=0.07125320797786117>
2877.3530 	DATA 	Mouse: Left button down, pos=(740,200)
2877.3539 	EXP 	New trial (rep=33, index=5): <Trial 401 (5 in rep 33) data={'delay': 0.7, 'freq': 1000.0, 'conditions': 'exp', 'thisN': 401, 'thisTrialN': 5, 'thisRepN': 33}>
2877.3572 	EXP 	text: autoDraw = False
2877.3572 	EXP 	textbox: autoDraw = False
2877.3572 	EXP 	fixation: autoDraw = True
2877.4404 	DATA 	Mouse:  Left button up, pos=(740,200)
2878.3438 	INFO 	Keyboard events cleared
2878.3436 	EXP 	polygon: autoDraw = True
2878.3539 	EXP 	fixation: autoDraw = False
2878.7388 	EXP 	Device response: <KeyPress from None: t=2878.730845250073, value=space, duration=None>
2878.7463 	DATA 	Keypress: space
2878.7514 	EXP 	fixation: autoDraw = False
2878.7514 	EXP 	polygon: autoDraw = False
2878.8549 	EXP 	Device response: <KeyPress from None: t=2878.730845250073, value=space, duration=0.1122331660008058>
2879.4257 	EXP 	Sound sound_1 reached end of file
2879.4421 	EXP 	Playing sound sound_1 on speaker Nirvana Crystl
2879.8760 	EXP 	Sound sound_1 stopped
2879.8946 	EXP 	text: autoDraw = True
2879.8946 	EXP 	textbox: autoDraw = True
2880.7696 	EXP 	Device response: <KeyPress from None: t=2880.7648399160244, value=5, duration=None>
2880.7738 	DATA 	Keypress: 5
2880.8540 	EXP 	Device response: <KeyPress from None: t=2880.7648399160244, value=5, duration=0.08010404207743704>
2880.9441 	DATA 	Keypress: 0
2880.9451 	EXP 	Device response: <KeyPress from None: t=2880.939654750051, value=0, duration=None>
2881.0107 	EXP 	Device response: <KeyPress from None: t=2880.939654750051, value=0, duration=0.0645041250390932>
2881.0708 	DATA 	Keypress: 0
2881.0718 	EXP 	Device response: <KeyPress from None: t=2881.0606697500916, value=0, duration=None>
2881.1371 	EXP 	Device response: <KeyPress from None: t=2881.0606697500916, value=0, duration=0.0683879159623757>
2881.4195 	DATA 	Mouse: Left button down, pos=(740,200)
2881.4204 	EXP 	New trial (rep=33, index=6): <Trial 402 (6 in rep 33) data={'delay': 0.4, 'freq': 1000.0, 'conditions': 'exp', 'thisN': 402, 'thisTrialN': 6, 'thisRepN': 33}>
2881.4235 	EXP 	text: autoDraw = False
2881.4235 	EXP 	textbox: autoDraw = False
2881.4235 	EXP 	fixation: autoDraw = True
2881.5204 	DATA 	Mouse:  Left button up, pos=(740,200)
2882.4106 	INFO 	Keyboard events cleared
2882.4105 	EXP 	polygon: autoDraw = True
2882.4205 	EXP 	fixation: autoDraw = False
2882.9220 	EXP 	Device response: <KeyPress from None: t=2882.912743041059, value=space, duration=None>
2882.9303 	DATA 	Keypress: space
2882.9354 	EXP 	fixation: autoDraw = False
2882.9354 	EXP 	polygon: autoDraw = False
2883.0217 	EXP 	Device response: <KeyPress from None: t=2882.912743041059, value=space, duration=0.10426287504378706>
2883.3096 	EXP 	Sound sound_1 reached end of file
2883.3260 	EXP 	Playing sound sound_1 on speaker Nirvana Crystl
2883.7597 	EXP 	Sound sound_1 stopped
2883.7806 	EXP 	text: autoDraw = True
2883.7806 	EXP 	textbox: autoDraw = True
2885.1366 	EXP 	Device response: <KeyPress from None: t=2885.133658458013, value=6, duration=None>
2885.1405 	DATA 	Keypress: 6
2885.2367 	EXP 	Device response: <KeyPress from None: t=2885.133658458013, value=6, duration=0.10031287500169128>
2885.3118 	DATA 	Keypress: 0
2885.3130 	EXP 	Device response: <KeyPress from None: t=2885.305546166026, value=0, duration=None>
2885.3779 	EXP 	Device response: <KeyPress from None: t=2885.305546166026, value=0, duration=0.06840645906049758>
2885.4610 	DATA 	Keypress: 0
2885.4620 	EXP 	Device response: <KeyPress from None: t=2885.4536871660966, value=0, duration=None>
2885.5033 	EXP 	Device response: <KeyPress from None: t=2885.4536871660966, value=0, duration=0.04432641691528261>
2886.0368 	DATA 	Mouse: Left button down, pos=(740,200)
2886.0377 	EXP 	New trial (rep=33, index=7): <Trial 403 (7 in rep 33) data={'delay': 0.7, 'freq': 1000.0, 'conditions': 'exp', 'thisN': 403, 'thisTrialN': 7, 'thisRepN': 33}>
2886.0416 	EXP 	text: autoDraw = False
2886.0416 	EXP 	textbox: autoDraw = False
2886.0416 	EXP 	fixation: autoDraw = True
2886.2058 	DATA 	Mouse:  Left button up, pos=(740,200)
2887.0264 	INFO 	Keyboard events cleared
2887.0263 	EXP 	polygon: autoDraw = True
2887.0370 	EXP 	fixation: autoDraw = False
2887.3049 	EXP 	Device response: <KeyPress from None: t=2887.296571416082, value=space, duration=None>
2887.3120 	DATA 	Keypress: space
2887.3173 	EXP 	fixation: autoDraw = False
2887.3173 	EXP 	polygon: autoDraw = False
2887.4051 	EXP 	Device response: <KeyPress from None: t=2887.296571416082, value=space, duration=0.10022891697008163>
2887.9929 	EXP 	Sound sound_1 reached end of file
2888.0093 	EXP 	Playing sound sound_1 on speaker Nirvana Crystl
2888.4430 	EXP 	Sound sound_1 stopped
2888.4630 	EXP 	text: autoDraw = True
2888.4630 	EXP 	textbox: autoDraw = True
2889.1695 	EXP 	Device response: <KeyPress from None: t=2889.166470166063, value=7, duration=None>
2889.1734 	DATA 	Keypress: 7
2889.2705 	EXP 	Device response: <KeyPress from None: t=2889.166470166063, value=7, duration=0.09627637499943376>
2889.2780 	EXP 	Device response: <KeyPress from None: t=2889.2775683330838, value=0, duration=None>
2889.2822 	DATA 	Keypress: 0
2889.3534 	EXP 	Device response: <KeyPress from None: t=2889.2775683330838, value=0, duration=0.07223137491382658>
2889.4267 	EXP 	Device response: <KeyPress from None: t=2889.4246268330608, value=0, duration=None>
2889.4296 	DATA 	Keypress: 0
2889.5034 	EXP 	Device response: <KeyPress from None: t=2889.4246268330608, value=0, duration=0.07616620801854879>
2889.7548 	DATA 	Mouse: Left button down, pos=(740,203)
2889.7610 	EXP 	New trial (rep=33, index=8): <Trial 404 (8 in rep 33) data={'delay': 0.4, 'freq': 1000.0, 'conditions': 'exp', 'thisN': 404, 'thisTrialN': 8, 'thisRepN': 33}>
2889.7693 	EXP 	text: autoDraw = False
2889.7693 	EXP 	textbox: autoDraw = False
2889.7693 	EXP 	fixation: autoDraw = True
2889.9044 	DATA 	Mouse:  Left button up, pos=(740,203)
2890.7599 	INFO 	Keyboard events cleared
2890.7598 	EXP 	fixation: autoDraw = False
2890.7598 	EXP 	polygon: autoDraw = True
2891.1720 	EXP 	Device response: <KeyPress from None: t=2891.168539500097, value=space, duration=None>
2891.1796 	DATA 	Keypress: space
2891.1848 	EXP 	fixation: autoDraw = False
2891.1848 	EXP 	polygon: autoDraw = False
2891.2603 	EXP 	Device response: <KeyPress from None: t=2891.168539500097, value=space, duration=0.08826245798263699>
2891.5594 	EXP 	Sound sound_1 reached end of file
2891.5758 	EXP 	Playing sound sound_1 on speaker Nirvana Crystl
2892.0102 	EXP 	Sound sound_1 stopped
2892.0290 	EXP 	text: autoDraw = True
2892.0290 	EXP 	textbox: autoDraw = True
2893.3617 	DATA 	Keypress: 5
2893.3628 	EXP 	Device response: <KeyPress from None: t=2893.35729616601, value=5, duration=None>
2893.4104 	EXP 	Device response: <KeyPress from None: t=2893.35729616601, value=5, duration=0.05251645902171731>
2893.5107 	DATA 	Keypress: 0
2893.5117 	EXP 	Device response: <KeyPress from None: t=2893.505407583085, value=0, duration=None>
2893.5768 	EXP 	Device response: <KeyPress from None: t=2893.505407583085, value=0, duration=0.06834883301053196>
2893.6600 	EXP 	Device response: <KeyPress from None: t=2893.6593610830605, value=0, duration=None>
2893.6642 	DATA 	Keypress: 0
2893.7109 	EXP 	Device response: <KeyPress from None: t=2893.6593610830605, value=0, duration=0.044308166950941086>
2893.9566 	DATA 	Mouse: Left button down, pos=(740,203)
2893.9609 	EXP 	New trial (rep=33, index=9): <Trial 405 (9 in rep 33) data={'delay': 0.1, 'freq': 400.0, 'conditions': 'unexp', 'thisN': 405, 'thisTrialN': 9, 'thisRepN': 33}>
2893.9693 	EXP 	text: autoDraw = False
2893.9693 	EXP 	textbox: autoDraw = False
2893.9693 	EXP 	fixation: autoDraw = True
2894.0708 	DATA 	Mouse:  Left button up, pos=(740,203)
2894.9597 	INFO 	Keyboard events cleared
2894.9595 	EXP 	fixation: autoDraw = False
2894.9595 	EXP 	polygon: autoDraw = True
2895.3383 	EXP 	Device response: <KeyPress from None: t=2895.33139175002, value=space, duration=None>
2895.3451 	DATA 	Keypress: space
2895.3501 	EXP 	fixation: autoDraw = False
2895.3501 	EXP 	polygon: autoDraw = False
2895.4216 	EXP 	Device response: <KeyPress from None: t=2895.33139175002, value=space, duration=0.08823179104365408>
2895.4271 	EXP 	Sound sound_1 reached end of file
2895.4435 	EXP 	Playing sound sound_1 on speaker Nirvana Crystl
2895.8781 	EXP 	Sound sound_1 stopped
2895.8982 	EXP 	text: autoDraw = True
2895.8982 	EXP 	textbox: autoDraw = True
2897.2192 	EXP 	Device response: <KeyPress from None: t=2897.218416541, value=6, duration=None>
2897.2234 	DATA 	Keypress: 6
2897.3273 	EXP 	Device response: <KeyPress from None: t=2897.218416541, value=6, duration=0.10427033400628716>
2897.3611 	DATA 	Keypress: 0
2897.3621 	EXP 	Device response: <KeyPress from None: t=2897.3572618750622, value=0, duration=None>
2897.4365 	EXP 	Device response: <KeyPress from None: t=2897.3572618750622, value=0, duration=0.07645537494681776>
2897.9937 	EXP 	Device response: <KeyPress from None: t=2897.9903867500834, value=0, duration=None>
2897.9967 	DATA 	Keypress: 0
2898.1197 	EXP 	Device response: <KeyPress from None: t=2897.9903867500834, value=0, duration=0.1287225829437375>
2898.4533 	DATA 	Mouse: Left button down, pos=(746,203)
2898.4542 	EXP 	New trial (rep=33, index=10): <Trial 406 (10 in rep 33) data={'delay': 0.7, 'freq': 1000.0, 'conditions': 'exp', 'thisN': 406, 'thisTrialN': 10, 'thisRepN': 33}>
2898.4575 	EXP 	text: autoDraw = False
2898.4575 	EXP 	textbox: autoDraw = False
2898.4575 	EXP 	fixation: autoDraw = True
2898.6041 	DATA 	Mouse:  Left button up, pos=(746,203)
2899.4432 	INFO 	Keyboard events cleared
2899.4430 	EXP 	polygon: autoDraw = True
2899.4538 	EXP 	fixation: autoDraw = False
2899.9053 	EXP 	Device response: <KeyPress from None: t=2899.893311541062, value=space, duration=None>
2899.9128 	DATA 	Keypress: space
2899.9180 	EXP 	fixation: autoDraw = False
2899.9180 	EXP 	polygon: autoDraw = False
2900.0269 	EXP 	Device response: <KeyPress from None: t=2899.893311541062, value=space, duration=0.13230687496252358>
2900.5918 	EXP 	Sound sound_1 reached end of file
2900.6082 	EXP 	Playing sound sound_1 on speaker Nirvana Crystl
2901.0429 	EXP 	Sound sound_1 stopped
2901.0623 	EXP 	text: autoDraw = True
2901.0623 	EXP 	textbox: autoDraw = True
2904.1531 	EXP 	Device response: <KeyPress from None: t=2904.1501395000378, value=6, duration=None>
2904.1570 	DATA 	Keypress: 6
2904.2439 	EXP 	Device response: <KeyPress from None: t=2904.1501395000378, value=6, duration=0.08699724997859448>
2904.2526 	EXP 	Device response: <KeyPress from None: t=2904.2492017500335, value=0, duration=None>
2904.2555 	DATA 	Keypress: 0
2904.3106 	EXP 	Device response: <KeyPress from None: t=2904.2492017500335, value=0, duration=0.05635891598649323>
2904.3775 	DATA 	Keypress: 0
2904.3785 	EXP 	Device response: <KeyPress from None: t=2904.3702427500393, value=0, duration=None>
2904.4360 	EXP 	Device response: <KeyPress from None: t=2904.3702427500393, value=0, duration=0.05617724999319762>
2904.6863 	DATA 	Mouse: Left button down, pos=(746,203)
2904.6872 	EXP 	New trial (rep=33, index=11): <Trial 407 (11 in rep 33) data={'delay': 0.1, 'freq': 1000.0, 'conditions': 'exp', 'thisN': 407, 'thisTrialN': 11, 'thisRepN': 33}>
2904.6904 	EXP 	text: autoDraw = False
2904.6904 	EXP 	textbox: autoDraw = False
2904.6904 	EXP 	fixation: autoDraw = True
2904.8389 	DATA 	Mouse:  Left button up, pos=(746,203)
2905.6771 	INFO 	Keyboard events cleared
2905.6769 	EXP 	polygon: autoDraw = True
2905.6870 	EXP 	fixation: autoDraw = False
2906.1433 	EXP 	Device response: <KeyPress from None: t=2906.1412209160626, value=space, duration=None>
2906.1502 	DATA 	Keypress: space
2906.1556 	EXP 	fixation: autoDraw = False
2906.1556 	EXP 	polygon: autoDraw = False
2906.2373 	EXP 	Sound sound_1 reached end of file
2906.2536 	EXP 	Playing sound sound_1 on speaker Nirvana Crystl
2906.2711 	EXP 	Device response: <KeyPress from None: t=2906.1412209160626, value=space, duration=0.12817179202102125>
2906.6877 	EXP 	Sound sound_1 stopped
2906.7074 	EXP 	text: autoDraw = True
2906.7074 	EXP 	textbox: autoDraw = True
2911.7192 	EXP 	Device response: <KeyPress from None: t=2911.7169480411103, value=6, duration=None>
2911.7235 	DATA 	Keypress: 6
2911.7938 	EXP 	Device response: <KeyPress from None: t=2911.7169480411103, value=6, duration=0.06984558398835361>
2911.8534 	DATA 	Keypress: 0
2911.8544 	EXP 	Device response: <KeyPress from None: t=2911.84649395803, value=0, duration=None>
2911.9197 	EXP 	Device response: <KeyPress from None: t=2911.84649395803, value=0, duration=0.06847529206424952>
2912.0040 	DATA 	Keypress: 0
2912.0050 	EXP 	Device response: <KeyPress from None: t=2911.996496333042, value=0, duration=None>
2912.0597 	EXP 	Device response: <KeyPress from None: t=2911.996496333042, value=0, duration=0.06031812506262213>
2912.3224 	DATA 	Mouse: Left button down, pos=(746,203)
2912.3359 	EXP 	text: autoDraw = False
2912.3359 	EXP 	textbox: autoDraw = False
2912.3359 	EXP 	Intentional Binding: status = STOPPED
2912.4789 	INFO 	saved data to '/Users/vineesmacbook/Desktop/PsychoPy/Intentional Binding/data/p1_Intentional Binding_2025-11-12_18h22.21.983.csv'
2912.4894 	INFO 	saved data to /Users/vineesmacbook/Desktop/PsychoPy/Intentional Binding/data/p1_Intentional Binding_2025-11-12_18h22.21.983.psydat
2912.4902 	DATA 	Mouse:  Left button up, pos=(746,203)
2913.1200 	WARNING 	Stopping key buffers but this could be dangerous ifother keyboards rely on the same.
2913.1207 	WARNING 	Stopping key buffers but this could be dangerous ifother keyboards rely on the same.
