42.5539 	INFO 	Loaded monitor calibration from ['2025_08_12 08:00']
42.8186 	INFO 	Using renderer 'Apple M2' for graphics
42.8186 	INFO 	OpenGL version supported by driver is 2..
42.8732 	EXP 	Created window1 = Window(allowGUI=True, allowStencil=False, autoLog=True, backendConf=UNKNOWN, backgroundFit=<method-wrapper '__getattribute__' of attributeSetter object at 0x14c3cf8b0>, backgroundImage=<method-wrapper '__getattribute__' of attributeSetter object at 0x14c3cf850>, bitsMode=UNKNOWN, blendMode='avg', bpc=(8, 8, 8), color=array([0.0039, 0.0039, 0.0039]), colorSpace='rgb', depthBits=8, fullscr=True, gamma=None, gammaErrorPolicy='raise', infoMsg=UNKNOWN, lms=UNKNOWN, monitor=<psychopy.monitors.calibTools.Monitor object at 0x14c5365f0>, multiSample=False, name='window1', numSamples=2, pos=[np.float64(0.0), np.float64(0.0)], screen=0, size=array([2940, 1912]), stencilBits=0, stereo=False, title='PsychoPy', units='height', useFBO=True, useRetina=True, viewOri=0.0, viewPos=None, viewScale=None, waitBlanking=True, winType='pyglet')
42.8733 	EXP 	window1: backgroundImage = ''
42.8733 	EXP 	window1: backgroundFit = 'none'
43.4292 	EXP 	window1: Attempting to measure frame rate of screen (0) ...
43.4292 	EXP 	window1: recordFrameIntervals = False
43.8303 	EXP 	window1: recordFrameIntervals = True
44.6642 	WARNING 	Couldn't measure a consistent frame rate!
  - Is your graphics card set to sync to vertical blank?
  - Are you running other processes on your computer?

45.9093 	INFO 	keyboard.Keyboard is using ptb backend.
46.2586 	INFO 	keyboard.Keyboard is using ptb backend.
46.2587 	EXP 	Phase 2 Canli Replication: status = STARTED
46.3389 	EXP 	Created text_2 = TextStim(__class__=<class 'psychopy.visual.text.TextStim'>, alignHoriz=method-wrapper(...), alignText='center', alignVert=method-wrapper(...), anchorHoriz='center', anchorVert='center', antialias=True, autoDraw=False, autoLog=True, bold=False, color=array([1., 1., 1.]), colorSpace='rgb', contrast=1.0, depth=0.0, draggable=False, flipHoriz=False, flipVert=False, font='Arial', fontFiles=[], height=np.float64(0.04), italic=False, languageStyle='LTR', name='text_2', opacity=1, ori=0.0, pos=array([0., 0.]), rgb=UNKNOWN, text=str(...), units='height', win=Window(...), wrapWidth=1)
46.3446 	EXP 	Created fixation = ShapeStim(__class__=<class 'psychopy.visual.shape.ShapeStim'>, anchor=('center', 'center'), autoDraw=False, autoLog=True, closeShape=True, color=method-wrapper(...), colorSpace='rgb', contrast=None, depth=-1.0, draggable=False, fillColor=array([1, 1, 1]), fillColorSpace='rgb', fillRGB=array([1, 1, 1]), interpolate=True, lineColor=array([1., 1., 1.]), lineColorSpace='rgb', lineRGB=array([1, 1, 1]), lineWidth=1.0, name='fixation', opacity=1, ori=0.0, pos=array([0., 0.]), size=array([0.05, 0.05]), units='height', vertices=ndarray(...), win=Window(...), windingRule=None)
46.3843 	EXP 	Created stim_image = ImageStim(__class__=<class 'psychopy.visual.image.ImageStim'>, anchor=('center', 'center'), autoLog=True, color=array([1., 1., 1.]), colorSpace='rgb', contrast=1.0, depth=-2.0, draggable=False, flipHoriz=np.False_, flipVert=np.False_, image='default.png', interpolate=True, mask=None, maskParams=None, name='stim_image', opacity=1, ori=0.0, pos=array([0., 0.]), size=array([0.5, 0.5]), texRes=128.0, units='height', win=Window(...))
46.3921 	EXP 	Created text = TextStim(__class__=<class 'psychopy.visual.text.TextStim'>, alignHoriz=method-wrapper(...), alignText='center', alignVert=method-wrapper(...), anchorHoriz='center', anchorVert='center', antialias=True, autoDraw=False, autoLog=True, bold=False, color=array([1., 1., 1.]), colorSpace='rgb', contrast=1.0, depth=-3.0, draggable=False, flipHoriz=False, flipVert=False, font='Arial', fontFiles=[], height=np.float64(0.05), italic=False, languageStyle='LTR', name='text', opacity=1, ori=0.0, pos=array([0.  , 0.15]), rgb=UNKNOWN, text='Have you seen this image before?', units='height', win=Window(...), wrapWidth=1)
46.3933 	EXP 	Created remember_box = Rect(__class__=<class 'psychopy.visual.rect.Rect'>, anchor=('center', 'center'), autoDraw=False, autoLog=True, closeShape=True, color=method-wrapper(...), colorSpace='rgb', contrast=None, depth=-4.0, draggable=False, fillColor=array([1, 1, 1]), fillColorSpace='rgb', fillRGB=array([1, 1, 1]), interpolate=True, lineColor=array([1., 1., 1.]), lineColorSpace='rgb', lineRGB=array([1, 1, 1]), lineWidth=1.0, name='remember_box', opacity=1, ori=0.0, pos=array([-0.4, -0.3]), size=array([0.35, 0.1 ]), units='height', vertices=ndarray(...), win=Window(...))
46.3944 	EXP 	Created familiar_box = Rect(__class__=<class 'psychopy.visual.rect.Rect'>, anchor=('center', 'center'), autoDraw=False, autoLog=True, closeShape=True, color=method-wrapper(...), colorSpace='rgb', contrast=None, depth=-5.0, draggable=False, fillColor=array([1, 1, 1]), fillColorSpace='rgb', fillRGB=array([1, 1, 1]), interpolate=True, lineColor=array([1., 1., 1.]), lineColorSpace='rgb', lineRGB=array([1, 1, 1]), lineWidth=1.0, name='familiar_box', opacity=1, ori=0.0, pos=array([ 0. , -0.3]), size=array([0.35, 0.1 ]), units='height', vertices=ndarray(...), win=Window(...))
46.3956 	EXP 	Created forgotten_box = Rect(__class__=<class 'psychopy.visual.rect.Rect'>, anchor=('center', 'center'), autoDraw=False, autoLog=True, closeShape=True, color=method-wrapper(...), colorSpace='rgb', contrast=None, depth=-6.0, draggable=False, fillColor=array([1, 1, 1]), fillColorSpace='rgb', fillRGB=array([1, 1, 1]), interpolate=True, lineColor=array([1., 1., 1.]), lineColorSpace='rgb', lineRGB=array([1, 1, 1]), lineWidth=1.0, name='forgotten_box', opacity=1, ori=0.0, pos=array([ 0.4, -0.3]), size=array([0.35, 0.1 ]), units='height', vertices=ndarray(...), win=Window(...))
46.3982 	EXP 	Created remember_text = TextStim(__class__=<class 'psychopy.visual.text.TextStim'>, alignHoriz=method-wrapper(...), alignText='center', alignVert=method-wrapper(...), anchorHoriz='center', anchorVert='center', antialias=True, autoDraw=False, autoLog=True, bold=False, color=array([-1., -1., -1.]), colorSpace='rgb', contrast=1.0, depth=-7.0, draggable=False, flipHoriz=False, flipVert=False, font='Arial', fontFiles=[], height=np.float64(0.05), italic=False, languageStyle='LTR', name='remember_text', opacity=1, ori=0.0, pos=array([-0.4, -0.3]), rgb=UNKNOWN, text='Remembered', units='height', win=Window(...), wrapWidth=1)
46.4004 	EXP 	Created familiar_text = TextStim(__class__=<class 'psychopy.visual.text.TextStim'>, alignHoriz=method-wrapper(...), alignText='center', alignVert=method-wrapper(...), anchorHoriz='center', anchorVert='center', antialias=True, autoDraw=False, autoLog=True, bold=False, color=array([-1., -1., -1.]), colorSpace='rgb', contrast=1.0, depth=-8.0, draggable=False, flipHoriz=False, flipVert=False, font='Arial', fontFiles=[], height=np.float64(0.05), italic=False, languageStyle='LTR', name='familiar_text', opacity=1, ori=0.0, pos=array([ 0. , -0.3]), rgb=UNKNOWN, text='Familiar', units='height', win=Window(...), wrapWidth=1)
46.4022 	EXP 	Created forgotten_text = TextStim(__class__=<class 'psychopy.visual.text.TextStim'>, alignHoriz=method-wrapper(...), alignText='center', alignVert=method-wrapper(...), anchorHoriz='center', anchorVert='center', antialias=True, autoDraw=False, autoLog=True, bold=False, color=array([-1., -1., -1.]), colorSpace='rgb', contrast=1.0, depth=-9.0, draggable=False, flipHoriz=False, flipVert=False, font='Arial', fontFiles=[], height=np.float64(0.05), italic=False, languageStyle='LTR', name='forgotten_text', opacity=1, ori=0.0, pos=array([ 0.4, -0.3]), rgb=UNKNOWN, text='Forgotten', units='height', win=Window(...), wrapWidth=1)
46.4062 	EXP 	Created thanks = TextStim(__class__=<class 'psychopy.visual.text.TextStim'>, alignHoriz=method-wrapper(...), alignText='center', alignVert=method-wrapper(...), anchorHoriz='center', anchorVert='center', antialias=True, autoDraw=False, autoLog=True, bold=False, color=array([1., 1., 1.]), colorSpace='rgb', contrast=1.0, depth=0.0, draggable=False, flipHoriz=False, flipVert=False, font='Arial', fontFiles=[], height=np.float64(0.05), italic=False, languageStyle='LTR', name='thanks', opacity=1, ori=0.0, pos=array([0., 0.]), rgb=UNKNOWN, text='Thank you for taking part in the experiment!', units='height', win=Window(...), wrapWidth=1)
0.3485 	EXP 	Device response: <KeyPress from None: t=-0.4647150840610266, value=f2, duration=None>
0.3486 	EXP 	Device response: <KeyPress from None: t=-0.4647150840610266, value=f2, duration=0.06020812503993511>
0.3669 	INFO 	Keyboard events cleared
0.3669 	WARNING 	t of last frame was 356.02ms (=1/2)
0.3669 	EXP 	text_2: autoDraw = True
11.5924 	EXP 	Device response: <KeyPress from None: t=11.583799915970303, value=space, duration=None>
11.6310 	EXP 	Imported phase2_conditions - Sheet1.csv as conditions, 72 conditions, 2 params
11.6356 	EXP 	New trial (rep=0, index=0): <Trial 0 (0 in rep 0) data={'image_name': 'Dirt 1.jpg', 'condition': 'old', 'thisN': 0, 'thisTrialN': 0, 'thisRepN': 0}>
11.6642 	EXP 	Device response: <KeyPress from None: t=11.583799915970303, value=space, duration=0.06990079197566956>
11.6948 	DATA 	Keypress: space
11.7002 	WARNING 	t of last frame was 108.66ms (=1/9)
11.7002 	EXP 	text_2: autoDraw = False
11.7002 	EXP 	stim_image: image = 'phase2_images/Dirt 1.jpg'
11.7002 	EXP 	fixation: autoDraw = True
12.6106 	WARNING 	t of last frame was 30.48ms (=1/32)
12.6106 	EXP 	stim_image: autoDraw = True
12.6951 	EXP 	fixation: autoDraw = False
15.6325 	WARNING 	t of last frame was 51.32ms (=1/19)
15.6325 	EXP 	text: autoDraw = True
15.6325 	EXP 	remember_box: autoDraw = True
15.6325 	EXP 	familiar_box: autoDraw = True
15.6325 	EXP 	forgotten_box: autoDraw = True
15.6325 	EXP 	remember_text: autoDraw = True
15.6325 	EXP 	familiar_text: autoDraw = True
15.6325 	EXP 	forgotten_text: autoDraw = True
15.6404 	EXP 	stim_image: autoDraw = False
21.1758 	DATA 	Mouse: Left button down, pos=(989,227)
21.1853 	EXP 	fixation: autoDraw = False
21.1853 	EXP 	stim_image: autoDraw = False
21.1853 	EXP 	text: autoDraw = False
21.1853 	EXP 	remember_box: autoDraw = False
21.1853 	EXP 	familiar_box: autoDraw = False
21.1853 	EXP 	forgotten_box: autoDraw = False
21.1853 	EXP 	remember_text: autoDraw = False
21.1853 	EXP 	familiar_text: autoDraw = False
21.1853 	EXP 	forgotten_text: autoDraw = False
21.1853 	EXP 	forgotten_box: fillColor = 'blue'
21.4444 	DATA 	Mouse:  Left button up, pos=(989,227)
21.4858 	EXP 	New trial (rep=0, index=1): <Trial 1 (1 in rep 0) data={'image_name': 'Snake 4.jpg', 'condition': 'new', 'thisN': 1, 'thisTrialN': 1, 'thisRepN': 0}>
21.5004 	WARNING 	Multiple dropped frames have occurred - I'll stop bothering you about them!
21.5004 	EXP 	remember_box: fillColor = <class 'numpy.ndarray'>
21.5004 	EXP 	familiar_box: fillColor = <class 'numpy.ndarray'>
21.5004 	EXP 	forgotten_box: fillColor = <class 'numpy.ndarray'>
21.5004 	EXP 	stim_image: image = 'phase2_images/Snake 4.jpg'
21.5004 	EXP 	fixation: autoDraw = True
22.4802 	EXP 	stim_image: autoDraw = True
22.4972 	EXP 	fixation: autoDraw = False
25.4745 	EXP 	stim_image: autoDraw = False
25.4845 	EXP 	text: autoDraw = True
25.4845 	EXP 	remember_box: autoDraw = True
25.4845 	EXP 	familiar_box: autoDraw = True
25.4845 	EXP 	forgotten_box: autoDraw = True
25.4845 	EXP 	remember_text: autoDraw = True
25.4845 	EXP 	familiar_text: autoDraw = True
25.4845 	EXP 	forgotten_text: autoDraw = True
35.4254 	DATA 	Mouse: Left button down, pos=(1068,202)
35.4313 	EXP 	fixation: autoDraw = False
35.4313 	EXP 	stim_image: autoDraw = False
35.4313 	EXP 	text: autoDraw = False
35.4313 	EXP 	remember_box: autoDraw = False
35.4313 	EXP 	familiar_box: autoDraw = False
35.4313 	EXP 	forgotten_box: autoDraw = False
35.4313 	EXP 	remember_text: autoDraw = False
35.4313 	EXP 	familiar_text: autoDraw = False
35.4313 	EXP 	forgotten_text: autoDraw = False
35.4313 	EXP 	forgotten_box: fillColor = 'blue'
35.6243 	DATA 	Mouse:  Left button up, pos=(1068,202)
35.7317 	EXP 	New trial (rep=0, index=2): <Trial 2 (2 in rep 0) data={'image_name': 'Car 1.jpg', 'condition': 'old', 'thisN': 2, 'thisTrialN': 2, 'thisRepN': 0}>
35.7442 	EXP 	remember_box: fillColor = <class 'numpy.ndarray'>
35.7442 	EXP 	familiar_box: fillColor = <class 'numpy.ndarray'>
35.7442 	EXP 	forgotten_box: fillColor = <class 'numpy.ndarray'>
35.7442 	EXP 	stim_image: image = 'phase2_images/Car 1.jpg'
35.7442 	EXP 	fixation: autoDraw = True
36.7308 	EXP 	stim_image: autoDraw = True
36.7412 	EXP 	fixation: autoDraw = False
39.7247 	EXP 	stim_image: autoDraw = False
39.7331 	EXP 	text: autoDraw = True
39.7331 	EXP 	remember_box: autoDraw = True
39.7331 	EXP 	familiar_box: autoDraw = True
39.7331 	EXP 	forgotten_box: autoDraw = True
39.7331 	EXP 	remember_text: autoDraw = True
39.7331 	EXP 	familiar_text: autoDraw = True
39.7331 	EXP 	forgotten_text: autoDraw = True
45.5427 	DATA 	Mouse: Left button down, pos=(673,204)
45.5575 	EXP 	fixation: autoDraw = False
45.5575 	EXP 	stim_image: autoDraw = False
45.5575 	EXP 	text: autoDraw = False
45.5575 	EXP 	remember_box: autoDraw = False
45.5575 	EXP 	familiar_box: autoDraw = False
45.5575 	EXP 	forgotten_box: autoDraw = False
45.5575 	EXP 	remember_text: autoDraw = False
45.5575 	EXP 	familiar_text: autoDraw = False
45.5575 	EXP 	forgotten_text: autoDraw = False
45.5575 	EXP 	familiar_box: fillColor = 'blue'
45.8036 	DATA 	Mouse:  Left button up, pos=(673,204)
45.8581 	EXP 	New trial (rep=0, index=3): <Trial 3 (3 in rep 0) data={'image_name': 'Feces 1.jpg', 'condition': 'new', 'thisN': 3, 'thisTrialN': 3, 'thisRepN': 0}>
45.8707 	EXP 	remember_box: fillColor = <class 'numpy.ndarray'>
45.8707 	EXP 	familiar_box: fillColor = <class 'numpy.ndarray'>
45.8707 	EXP 	forgotten_box: fillColor = <class 'numpy.ndarray'>
45.8707 	EXP 	stim_image: image = 'phase2_images/Feces 1.jpg'
45.8707 	EXP 	fixation: autoDraw = True
46.8460 	EXP 	stim_image: autoDraw = True
46.8614 	EXP 	fixation: autoDraw = False
49.8490 	EXP 	stim_image: autoDraw = False
49.8490 	EXP 	text: autoDraw = True
49.8490 	EXP 	remember_box: autoDraw = True
49.8490 	EXP 	familiar_box: autoDraw = True
49.8490 	EXP 	forgotten_box: autoDraw = True
49.8490 	EXP 	remember_text: autoDraw = True
49.8490 	EXP 	familiar_text: autoDraw = True
49.8490 	EXP 	forgotten_text: autoDraw = True
51.2512 	DATA 	Mouse: Left button down, pos=(969,199)
51.2603 	EXP 	fixation: autoDraw = False
51.2603 	EXP 	stim_image: autoDraw = False
51.2603 	EXP 	text: autoDraw = False
51.2603 	EXP 	remember_box: autoDraw = False
51.2603 	EXP 	familiar_box: autoDraw = False
51.2603 	EXP 	forgotten_box: autoDraw = False
51.2603 	EXP 	remember_text: autoDraw = False
51.2603 	EXP 	familiar_text: autoDraw = False
51.2603 	EXP 	forgotten_text: autoDraw = False
51.2603 	EXP 	forgotten_box: fillColor = 'blue'
51.4854 	DATA 	Mouse:  Left button up, pos=(969,199)
51.5607 	EXP 	New trial (rep=0, index=4): <Trial 4 (4 in rep 0) data={'image_name': 'Alcohol 6.jpg', 'condition': 'old', 'thisN': 4, 'thisTrialN': 4, 'thisRepN': 0}>
51.5715 	EXP 	remember_box: fillColor = <class 'numpy.ndarray'>
51.5715 	EXP 	familiar_box: fillColor = <class 'numpy.ndarray'>
51.5715 	EXP 	forgotten_box: fillColor = <class 'numpy.ndarray'>
51.5715 	EXP 	stim_image: image = 'phase2_images/Alcohol 6.jpg'
51.5715 	EXP 	fixation: autoDraw = True
52.5578 	EXP 	stim_image: autoDraw = True
52.5619 	EXP 	fixation: autoDraw = False
55.5445 	EXP 	stim_image: autoDraw = False
55.5575 	EXP 	text: autoDraw = True
55.5575 	EXP 	remember_box: autoDraw = True
55.5575 	EXP 	familiar_box: autoDraw = True
55.5575 	EXP 	forgotten_box: autoDraw = True
55.5575 	EXP 	remember_text: autoDraw = True
55.5575 	EXP 	familiar_text: autoDraw = True
55.5575 	EXP 	forgotten_text: autoDraw = True
57.5245 	DATA 	Mouse: Left button down, pos=(450,203)
57.5310 	EXP 	fixation: autoDraw = False
57.5310 	EXP 	stim_image: autoDraw = False
57.5310 	EXP 	text: autoDraw = False
57.5310 	EXP 	remember_box: autoDraw = False
57.5310 	EXP 	familiar_box: autoDraw = False
57.5310 	EXP 	forgotten_box: autoDraw = False
57.5310 	EXP 	remember_text: autoDraw = False
57.5310 	EXP 	familiar_text: autoDraw = False
57.5310 	EXP 	forgotten_text: autoDraw = False
57.5310 	EXP 	remember_box: fillColor = 'blue'
57.7249 	DATA 	Mouse:  Left button up, pos=(450,203)
57.8315 	EXP 	New trial (rep=0, index=5): <Trial 5 (5 in rep 0) data={'image_name': 'Pig 2.jpg', 'condition': 'old', 'thisN': 5, 'thisTrialN': 5, 'thisRepN': 0}>
57.8440 	EXP 	remember_box: fillColor = <class 'numpy.ndarray'>
57.8440 	EXP 	familiar_box: fillColor = <class 'numpy.ndarray'>
57.8440 	EXP 	forgotten_box: fillColor = <class 'numpy.ndarray'>
57.8440 	EXP 	stim_image: image = 'phase2_images/Pig 2.jpg'
57.8440 	EXP 	fixation: autoDraw = True
58.8319 	EXP 	stim_image: autoDraw = True
58.8411 	EXP 	fixation: autoDraw = False
61.8236 	EXP 	text: autoDraw = True
61.8236 	EXP 	remember_box: autoDraw = True
61.8236 	EXP 	familiar_box: autoDraw = True
61.8236 	EXP 	forgotten_box: autoDraw = True
61.8236 	EXP 	remember_text: autoDraw = True
61.8236 	EXP 	familiar_text: autoDraw = True
61.8236 	EXP 	forgotten_text: autoDraw = True
61.8315 	EXP 	stim_image: autoDraw = False
63.3495 	DATA 	Mouse: Left button down, pos=(393,197)
63.3617 	EXP 	fixation: autoDraw = False
63.3617 	EXP 	stim_image: autoDraw = False
63.3617 	EXP 	text: autoDraw = False
63.3617 	EXP 	remember_box: autoDraw = False
63.3617 	EXP 	familiar_box: autoDraw = False
63.3617 	EXP 	forgotten_box: autoDraw = False
63.3617 	EXP 	remember_text: autoDraw = False
63.3617 	EXP 	familiar_text: autoDraw = False
63.3617 	EXP 	forgotten_text: autoDraw = False
63.3617 	EXP 	remember_box: fillColor = 'blue'
63.6005 	DATA 	Mouse:  Left button up, pos=(392,197)
63.6622 	EXP 	New trial (rep=0, index=6): <Trial 6 (6 in rep 0) data={'image_name': 'Gazing 2.jpg', 'condition': 'old', 'thisN': 6, 'thisTrialN': 6, 'thisRepN': 0}>
63.6721 	EXP 	remember_box: fillColor = <class 'numpy.ndarray'>
63.6721 	EXP 	familiar_box: fillColor = <class 'numpy.ndarray'>
63.6721 	EXP 	forgotten_box: fillColor = <class 'numpy.ndarray'>
63.6721 	EXP 	stim_image: image = 'phase2_images/Gazing 2.jpg'
63.6721 	EXP 	fixation: autoDraw = True
64.6577 	EXP 	stim_image: autoDraw = True
64.6632 	EXP 	fixation: autoDraw = False
67.6440 	EXP 	stim_image: autoDraw = False
67.6660 	EXP 	text: autoDraw = True
67.6660 	EXP 	remember_box: autoDraw = True
67.6660 	EXP 	familiar_box: autoDraw = True
67.6660 	EXP 	forgotten_box: autoDraw = True
67.6660 	EXP 	remember_text: autoDraw = True
67.6660 	EXP 	familiar_text: autoDraw = True
67.6660 	EXP 	forgotten_text: autoDraw = True
68.7649 	DATA 	Mouse: Left button down, pos=(379,193)
68.7740 	EXP 	fixation: autoDraw = False
68.7740 	EXP 	stim_image: autoDraw = False
68.7740 	EXP 	text: autoDraw = False
68.7740 	EXP 	remember_box: autoDraw = False
68.7740 	EXP 	familiar_box: autoDraw = False
68.7740 	EXP 	forgotten_box: autoDraw = False
68.7740 	EXP 	remember_text: autoDraw = False
68.7740 	EXP 	familiar_text: autoDraw = False
68.7740 	EXP 	forgotten_text: autoDraw = False
68.7740 	EXP 	remember_box: fillColor = 'blue'
69.0553 	DATA 	Mouse:  Left button up, pos=(379,193)
69.0746 	EXP 	New trial (rep=0, index=7): <Trial 7 (7 in rep 0) data={'image_name': 'Lion 1.jpg', 'condition': 'new', 'thisN': 7, 'thisTrialN': 7, 'thisRepN': 0}>
69.0869 	EXP 	remember_box: fillColor = <class 'numpy.ndarray'>
69.0869 	EXP 	familiar_box: fillColor = <class 'numpy.ndarray'>
69.0869 	EXP 	forgotten_box: fillColor = <class 'numpy.ndarray'>
69.0869 	EXP 	stim_image: image = 'phase2_images/Lion 1.jpg'
69.0869 	EXP 	fixation: autoDraw = True
70.0638 	EXP 	stim_image: autoDraw = True
70.0788 	EXP 	fixation: autoDraw = False
73.0659 	EXP 	stim_image: autoDraw = False
73.0659 	EXP 	text: autoDraw = True
73.0659 	EXP 	remember_box: autoDraw = True
73.0659 	EXP 	familiar_box: autoDraw = True
73.0659 	EXP 	forgotten_box: autoDraw = True
73.0659 	EXP 	remember_text: autoDraw = True
73.0659 	EXP 	familiar_text: autoDraw = True
73.0659 	EXP 	forgotten_text: autoDraw = True
73.7251 	DATA 	Mouse: Left button down, pos=(417,226)
73.7314 	EXP 	fixation: autoDraw = False
73.7314 	EXP 	stim_image: autoDraw = False
73.7314 	EXP 	text: autoDraw = False
73.7314 	EXP 	remember_box: autoDraw = False
73.7314 	EXP 	familiar_box: autoDraw = False
73.7314 	EXP 	forgotten_box: autoDraw = False
73.7314 	EXP 	remember_text: autoDraw = False
73.7314 	EXP 	familiar_text: autoDraw = False
73.7314 	EXP 	forgotten_text: autoDraw = False
73.7314 	EXP 	remember_box: fillColor = 'blue'
73.9358 	DATA 	Mouse:  Left button up, pos=(417,226)
74.0319 	EXP 	New trial (rep=0, index=8): <Trial 8 (8 in rep 0) data={'image_name': 'Cold 6', 'condition': 'new', 'thisN': 8, 'thisTrialN': 8, 'thisRepN': 0}>
74.0330 	WARNING 	Requested image 'phase2_images/Cold 6' not found but similar filename 'phase2_images/Cold 6.jpg' exists. This will be used instead but changing the filename is advised.
74.0427 	EXP 	remember_box: fillColor = <class 'numpy.ndarray'>
74.0427 	EXP 	familiar_box: fillColor = <class 'numpy.ndarray'>
74.0427 	EXP 	forgotten_box: fillColor = <class 'numpy.ndarray'>
74.0427 	EXP 	stim_image: image = 'phase2_images/Cold 6'
74.0427 	EXP 	fixation: autoDraw = True
75.0316 	EXP 	stim_image: autoDraw = True
75.0406 	EXP 	fixation: autoDraw = False
78.0327 	EXP 	stim_image: autoDraw = False
78.0327 	EXP 	text: autoDraw = True
78.0327 	EXP 	remember_box: autoDraw = True
78.0327 	EXP 	familiar_box: autoDraw = True
78.0327 	EXP 	forgotten_box: autoDraw = True
78.0327 	EXP 	remember_text: autoDraw = True
78.0327 	EXP 	familiar_text: autoDraw = True
78.0327 	EXP 	forgotten_text: autoDraw = True
80.0967 	DATA 	Mouse: Left button down, pos=(981,204)
80.1070 	EXP 	fixation: autoDraw = False
80.1070 	EXP 	stim_image: autoDraw = False
80.1070 	EXP 	text: autoDraw = False
80.1070 	EXP 	remember_box: autoDraw = False
80.1070 	EXP 	familiar_box: autoDraw = False
80.1070 	EXP 	forgotten_box: autoDraw = False
80.1070 	EXP 	remember_text: autoDraw = False
80.1070 	EXP 	familiar_text: autoDraw = False
80.1070 	EXP 	forgotten_text: autoDraw = False
80.1070 	EXP 	forgotten_box: fillColor = 'blue'
80.3566 	DATA 	Mouse:  Left button up, pos=(981,204)
80.4075 	EXP 	New trial (rep=0, index=9): <Trial 9 (9 in rep 0) data={'image_name': 'Rafting 6.jpg', 'condition': 'old', 'thisN': 9, 'thisTrialN': 9, 'thisRepN': 0}>
80.4207 	EXP 	remember_box: fillColor = <class 'numpy.ndarray'>
80.4207 	EXP 	familiar_box: fillColor = <class 'numpy.ndarray'>
80.4207 	EXP 	forgotten_box: fillColor = <class 'numpy.ndarray'>
80.4207 	EXP 	stim_image: image = 'phase2_images/Rafting 6.jpg'
80.4207 	EXP 	fixation: autoDraw = True
81.3979 	EXP 	stim_image: autoDraw = True
81.4119 	EXP 	fixation: autoDraw = False
84.4002 	EXP 	stim_image: autoDraw = False
84.4002 	EXP 	text: autoDraw = True
84.4002 	EXP 	remember_box: autoDraw = True
84.4002 	EXP 	familiar_box: autoDraw = True
84.4002 	EXP 	forgotten_box: autoDraw = True
84.4002 	EXP 	remember_text: autoDraw = True
84.4002 	EXP 	familiar_text: autoDraw = True
84.4002 	EXP 	forgotten_text: autoDraw = True
85.3318 	DATA 	Mouse: Left button down, pos=(498,207)
85.3390 	EXP 	fixation: autoDraw = False
85.3390 	EXP 	stim_image: autoDraw = False
85.3390 	EXP 	text: autoDraw = False
85.3390 	EXP 	remember_box: autoDraw = False
85.3390 	EXP 	familiar_box: autoDraw = False
85.3390 	EXP 	forgotten_box: autoDraw = False
85.3390 	EXP 	remember_text: autoDraw = False
85.3390 	EXP 	familiar_text: autoDraw = False
85.3390 	EXP 	forgotten_text: autoDraw = False
85.3390 	EXP 	remember_box: fillColor = 'blue'
85.5494 	DATA 	Mouse:  Left button up, pos=(498,207)
85.6395 	EXP 	New trial (rep=0, index=10): <Trial 10 (10 in rep 0) data={'image_name': 'Horse racing 1.jpg', 'condition': 'new', 'thisN': 10, 'thisTrialN': 10, 'thisRepN': 0}>
85.6517 	EXP 	remember_box: fillColor = <class 'numpy.ndarray'>
85.6517 	EXP 	familiar_box: fillColor = <class 'numpy.ndarray'>
85.6517 	EXP 	forgotten_box: fillColor = <class 'numpy.ndarray'>
85.6517 	EXP 	stim_image: image = 'phase2_images/Horse racing 1.jpg'
85.6517 	EXP 	fixation: autoDraw = True
86.6311 	EXP 	stim_image: autoDraw = True
86.6443 	EXP 	fixation: autoDraw = False
89.6326 	EXP 	stim_image: autoDraw = False
89.6326 	EXP 	text: autoDraw = True
89.6326 	EXP 	remember_box: autoDraw = True
89.6326 	EXP 	familiar_box: autoDraw = True
89.6326 	EXP 	forgotten_box: autoDraw = True
89.6326 	EXP 	remember_text: autoDraw = True
89.6326 	EXP 	familiar_text: autoDraw = True
89.6326 	EXP 	forgotten_text: autoDraw = True
90.6617 	DATA 	Mouse: Left button down, pos=(1007,235)
90.6738 	EXP 	fixation: autoDraw = False
90.6738 	EXP 	stim_image: autoDraw = False
90.6738 	EXP 	text: autoDraw = False
90.6738 	EXP 	remember_box: autoDraw = False
90.6738 	EXP 	familiar_box: autoDraw = False
90.6738 	EXP 	forgotten_box: autoDraw = False
90.6738 	EXP 	remember_text: autoDraw = False
90.6738 	EXP 	familiar_text: autoDraw = False
90.6738 	EXP 	forgotten_text: autoDraw = False
90.6738 	EXP 	forgotten_box: fillColor = 'blue'
90.8694 	DATA 	Mouse:  Left button up, pos=(1007,235)
90.9742 	EXP 	New trial (rep=0, index=11): <Trial 11 (11 in rep 0) data={'image_name': 'Band 1.jpg', 'condition': 'old', 'thisN': 11, 'thisTrialN': 11, 'thisRepN': 0}>
90.9865 	EXP 	remember_box: fillColor = <class 'numpy.ndarray'>
90.9865 	EXP 	familiar_box: fillColor = <class 'numpy.ndarray'>
90.9865 	EXP 	forgotten_box: fillColor = <class 'numpy.ndarray'>
90.9865 	EXP 	stim_image: image = 'phase2_images/Band 1.jpg'
90.9865 	EXP 	fixation: autoDraw = True
91.9643 	EXP 	stim_image: autoDraw = True
91.9796 	EXP 	fixation: autoDraw = False
94.9651 	EXP 	stim_image: autoDraw = False
94.9651 	EXP 	text: autoDraw = True
94.9651 	EXP 	remember_box: autoDraw = True
94.9651 	EXP 	familiar_box: autoDraw = True
94.9651 	EXP 	forgotten_box: autoDraw = True
94.9651 	EXP 	remember_text: autoDraw = True
94.9651 	EXP 	familiar_text: autoDraw = True
94.9651 	EXP 	forgotten_text: autoDraw = True
96.5645 	DATA 	Mouse: Left button down, pos=(468,203)
96.5736 	EXP 	fixation: autoDraw = False
96.5736 	EXP 	stim_image: autoDraw = False
96.5736 	EXP 	text: autoDraw = False
96.5736 	EXP 	remember_box: autoDraw = False
96.5736 	EXP 	familiar_box: autoDraw = False
96.5736 	EXP 	forgotten_box: autoDraw = False
96.5736 	EXP 	remember_text: autoDraw = False
96.5736 	EXP 	familiar_text: autoDraw = False
96.5736 	EXP 	forgotten_text: autoDraw = False
96.5736 	EXP 	remember_box: fillColor = 'blue'
96.7667 	DATA 	Mouse:  Left button up, pos=(468,203)
96.8740 	EXP 	New trial (rep=0, index=12): <Trial 12 (12 in rep 0) data={'image_name': 'Rocks 1.jpg', 'condition': 'new', 'thisN': 12, 'thisTrialN': 12, 'thisRepN': 0}>
96.8859 	EXP 	remember_box: fillColor = <class 'numpy.ndarray'>
96.8859 	EXP 	familiar_box: fillColor = <class 'numpy.ndarray'>
96.8859 	EXP 	forgotten_box: fillColor = <class 'numpy.ndarray'>
96.8859 	EXP 	stim_image: image = 'phase2_images/Rocks 1.jpg'
96.8859 	EXP 	fixation: autoDraw = True
97.8636 	EXP 	stim_image: autoDraw = True
97.8785 	EXP 	fixation: autoDraw = False
100.8570 	EXP 	stim_image: autoDraw = False
100.8652 	EXP 	text: autoDraw = True
100.8652 	EXP 	remember_box: autoDraw = True
100.8652 	EXP 	familiar_box: autoDraw = True
100.8652 	EXP 	forgotten_box: autoDraw = True
100.8652 	EXP 	remember_text: autoDraw = True
100.8652 	EXP 	familiar_text: autoDraw = True
100.8652 	EXP 	forgotten_text: autoDraw = True
102.4249 	DATA 	Mouse: Left button down, pos=(1005,148)
102.4306 	EXP 	fixation: autoDraw = False
102.4306 	EXP 	stim_image: autoDraw = False
102.4306 	EXP 	text: autoDraw = False
102.4306 	EXP 	remember_box: autoDraw = False
102.4306 	EXP 	familiar_box: autoDraw = False
102.4306 	EXP 	forgotten_box: autoDraw = False
102.4306 	EXP 	remember_text: autoDraw = False
102.4306 	EXP 	familiar_text: autoDraw = False
102.4306 	EXP 	forgotten_text: autoDraw = False
102.4306 	EXP 	forgotten_box: fillColor = 'blue'
102.6419 	DATA 	Mouse:  Left button up, pos=(1005,148)
102.7311 	EXP 	New trial (rep=0, index=13): <Trial 13 (13 in rep 0) data={'image_name': 'Bear 2.jpg', 'condition': 'old', 'thisN': 13, 'thisTrialN': 13, 'thisRepN': 0}>
102.7425 	EXP 	remember_box: fillColor = <class 'numpy.ndarray'>
102.7425 	EXP 	familiar_box: fillColor = <class 'numpy.ndarray'>
102.7425 	EXP 	forgotten_box: fillColor = <class 'numpy.ndarray'>
102.7425 	EXP 	stim_image: image = 'phase2_images/Bear 2.jpg'
102.7425 	EXP 	fixation: autoDraw = True
103.7239 	EXP 	stim_image: autoDraw = True
103.7409 	EXP 	fixation: autoDraw = False
106.7118 	EXP 	stim_image: autoDraw = False
106.7324 	EXP 	text: autoDraw = True
106.7324 	EXP 	remember_box: autoDraw = True
106.7324 	EXP 	familiar_box: autoDraw = True
106.7324 	EXP 	forgotten_box: autoDraw = True
106.7324 	EXP 	remember_text: autoDraw = True
106.7324 	EXP 	familiar_text: autoDraw = True
106.7324 	EXP 	forgotten_text: autoDraw = True
107.5749 	DATA 	Mouse: Left button down, pos=(473,215)
107.5815 	EXP 	fixation: autoDraw = False
107.5815 	EXP 	stim_image: autoDraw = False
107.5815 	EXP 	text: autoDraw = False
107.5815 	EXP 	remember_box: autoDraw = False
107.5815 	EXP 	familiar_box: autoDraw = False
107.5815 	EXP 	forgotten_box: autoDraw = False
107.5815 	EXP 	remember_text: autoDraw = False
107.5815 	EXP 	familiar_text: autoDraw = False
107.5815 	EXP 	forgotten_text: autoDraw = False
107.5815 	EXP 	remember_box: fillColor = 'blue'
107.7442 	DATA 	Mouse:  Left button up, pos=(473,215)
107.8820 	EXP 	New trial (rep=0, index=14): <Trial 14 (14 in rep 0) data={'image_name': 'Performance 2.jpg', 'condition': 'old', 'thisN': 14, 'thisTrialN': 14, 'thisRepN': 0}>
107.8939 	EXP 	remember_box: fillColor = <class 'numpy.ndarray'>
107.8939 	EXP 	familiar_box: fillColor = <class 'numpy.ndarray'>
107.8939 	EXP 	forgotten_box: fillColor = <class 'numpy.ndarray'>
107.8939 	EXP 	stim_image: image = 'phase2_images/Performance 2.jpg'
107.8939 	EXP 	fixation: autoDraw = True
108.8810 	EXP 	stim_image: autoDraw = True
108.8904 	EXP 	fixation: autoDraw = False
111.8845 	EXP 	stim_image: autoDraw = False
111.8845 	EXP 	text: autoDraw = True
111.8845 	EXP 	remember_box: autoDraw = True
111.8845 	EXP 	familiar_box: autoDraw = True
111.8845 	EXP 	forgotten_box: autoDraw = True
111.8845 	EXP 	remember_text: autoDraw = True
111.8845 	EXP 	familiar_text: autoDraw = True
111.8845 	EXP 	forgotten_text: autoDraw = True
114.1678 	DATA 	Mouse: Left button down, pos=(762,217)
114.1760 	EXP 	fixation: autoDraw = False
114.1760 	EXP 	stim_image: autoDraw = False
114.1760 	EXP 	text: autoDraw = False
114.1760 	EXP 	remember_box: autoDraw = False
114.1760 	EXP 	familiar_box: autoDraw = False
114.1760 	EXP 	forgotten_box: autoDraw = False
114.1760 	EXP 	remember_text: autoDraw = False
114.1760 	EXP 	familiar_text: autoDraw = False
114.1760 	EXP 	forgotten_text: autoDraw = False
114.1760 	EXP 	familiar_box: fillColor = 'blue'
114.3766 	DATA 	Mouse:  Left button up, pos=(762,217)
114.4764 	EXP 	New trial (rep=0, index=15): <Trial 15 (15 in rep 0) data={'image_name': 'Bubble 2.jpg', 'condition': 'old', 'thisN': 15, 'thisTrialN': 15, 'thisRepN': 0}>
114.4882 	EXP 	remember_box: fillColor = <class 'numpy.ndarray'>
114.4882 	EXP 	familiar_box: fillColor = <class 'numpy.ndarray'>
114.4882 	EXP 	forgotten_box: fillColor = <class 'numpy.ndarray'>
114.4882 	EXP 	stim_image: image = 'phase2_images/Bubble 2.jpg'
114.4882 	EXP 	fixation: autoDraw = True
115.4723 	EXP 	stim_image: autoDraw = True
115.4785 	EXP 	fixation: autoDraw = False
118.4605 	EXP 	stim_image: autoDraw = False
118.4736 	EXP 	text: autoDraw = True
118.4736 	EXP 	remember_box: autoDraw = True
118.4736 	EXP 	familiar_box: autoDraw = True
118.4736 	EXP 	forgotten_box: autoDraw = True
118.4736 	EXP 	remember_text: autoDraw = True
118.4736 	EXP 	familiar_text: autoDraw = True
118.4736 	EXP 	forgotten_text: autoDraw = True
121.4082 	DATA 	Mouse: Left button down, pos=(639,204)
121.4146 	EXP 	fixation: autoDraw = False
121.4146 	EXP 	stim_image: autoDraw = False
121.4146 	EXP 	text: autoDraw = False
121.4146 	EXP 	remember_box: autoDraw = False
121.4146 	EXP 	familiar_box: autoDraw = False
121.4146 	EXP 	forgotten_box: autoDraw = False
121.4146 	EXP 	remember_text: autoDraw = False
121.4146 	EXP 	familiar_text: autoDraw = False
121.4146 	EXP 	forgotten_text: autoDraw = False
121.4146 	EXP 	familiar_box: fillColor = 'blue'
121.5949 	DATA 	Mouse:  Left button up, pos=(639,204)
121.7151 	EXP 	New trial (rep=0, index=16): <Trial 16 (16 in rep 0) data={'image_name': 'Skyscraper 1.jpg', 'condition': 'old', 'thisN': 16, 'thisTrialN': 16, 'thisRepN': 0}>
121.7287 	EXP 	remember_box: fillColor = <class 'numpy.ndarray'>
121.7287 	EXP 	familiar_box: fillColor = <class 'numpy.ndarray'>
121.7287 	EXP 	forgotten_box: fillColor = <class 'numpy.ndarray'>
121.7287 	EXP 	stim_image: image = 'phase2_images/Skyscraper 1.jpg'
121.7287 	EXP 	fixation: autoDraw = True
122.7105 	EXP 	stim_image: autoDraw = True
122.7269 	EXP 	fixation: autoDraw = False
123.9644 	DATA 	Mouse: Left button down, pos=(691,349)
124.1762 	DATA 	Mouse:  Left button up, pos=(691,349)
125.7070 	EXP 	stim_image: autoDraw = False
125.7165 	EXP 	text: autoDraw = True
125.7165 	EXP 	remember_box: autoDraw = True
125.7165 	EXP 	familiar_box: autoDraw = True
125.7165 	EXP 	forgotten_box: autoDraw = True
125.7165 	EXP 	remember_text: autoDraw = True
125.7165 	EXP 	familiar_text: autoDraw = True
125.7165 	EXP 	forgotten_text: autoDraw = True
127.2907 	DATA 	Mouse: Left button down, pos=(677,217)
127.2965 	EXP 	fixation: autoDraw = False
127.2965 	EXP 	stim_image: autoDraw = False
127.2965 	EXP 	text: autoDraw = False
127.2965 	EXP 	remember_box: autoDraw = False
127.2965 	EXP 	familiar_box: autoDraw = False
127.2965 	EXP 	forgotten_box: autoDraw = False
127.2965 	EXP 	remember_text: autoDraw = False
127.2965 	EXP 	familiar_text: autoDraw = False
127.2965 	EXP 	forgotten_text: autoDraw = False
127.2965 	EXP 	familiar_box: fillColor = 'blue'
127.5113 	DATA 	Mouse:  Left button up, pos=(677,217)
127.5970 	EXP 	New trial (rep=0, index=17): <Trial 17 (17 in rep 0) data={'image_name': 'Street 3.jpg', 'condition': 'new', 'thisN': 17, 'thisTrialN': 17, 'thisRepN': 0}>
127.6086 	EXP 	remember_box: fillColor = <class 'numpy.ndarray'>
127.6086 	EXP 	familiar_box: fillColor = <class 'numpy.ndarray'>
127.6086 	EXP 	forgotten_box: fillColor = <class 'numpy.ndarray'>
127.6086 	EXP 	stim_image: image = 'phase2_images/Street 3.jpg'
127.6086 	EXP 	fixation: autoDraw = True
128.5978 	EXP 	stim_image: autoDraw = True
128.6069 	EXP 	fixation: autoDraw = False
131.5992 	EXP 	stim_image: autoDraw = False
131.5992 	EXP 	text: autoDraw = True
131.5992 	EXP 	remember_box: autoDraw = True
131.5992 	EXP 	familiar_box: autoDraw = True
131.5992 	EXP 	forgotten_box: autoDraw = True
131.5992 	EXP 	remember_text: autoDraw = True
131.5992 	EXP 	familiar_text: autoDraw = True
131.5992 	EXP 	forgotten_text: autoDraw = True
132.7893 	DATA 	Mouse: Left button down, pos=(1016,176)
132.7950 	EXP 	fixation: autoDraw = False
132.7950 	EXP 	stim_image: autoDraw = False
132.7950 	EXP 	text: autoDraw = False
132.7950 	EXP 	remember_box: autoDraw = False
132.7950 	EXP 	familiar_box: autoDraw = False
132.7950 	EXP 	forgotten_box: autoDraw = False
132.7950 	EXP 	remember_text: autoDraw = False
132.7950 	EXP 	familiar_text: autoDraw = False
132.7950 	EXP 	forgotten_text: autoDraw = False
132.7950 	EXP 	forgotten_box: fillColor = 'blue'
132.9800 	DATA 	Mouse:  Left button up, pos=(1016,176)
133.0955 	EXP 	New trial (rep=0, index=18): <Trial 18 (18 in rep 0) data={'image_name': 'Acorns 3.jpg', 'condition': 'old', 'thisN': 18, 'thisTrialN': 18, 'thisRepN': 0}>
133.1062 	EXP 	remember_box: fillColor = <class 'numpy.ndarray'>
133.1062 	EXP 	familiar_box: fillColor = <class 'numpy.ndarray'>
133.1062 	EXP 	forgotten_box: fillColor = <class 'numpy.ndarray'>
133.1062 	EXP 	stim_image: image = 'phase2_images/Acorns 3.jpg'
133.1062 	EXP 	fixation: autoDraw = True
134.0910 	EXP 	stim_image: autoDraw = True
134.0953 	EXP 	fixation: autoDraw = False
135.1757 	DATA 	Mouse: Left button down, pos=(747,329)
135.3595 	DATA 	Mouse:  Left button up, pos=(747,329)
137.0790 	EXP 	stim_image: autoDraw = False
137.0887 	EXP 	text: autoDraw = True
137.0887 	EXP 	remember_box: autoDraw = True
137.0887 	EXP 	familiar_box: autoDraw = True
137.0887 	EXP 	forgotten_box: autoDraw = True
137.0887 	EXP 	remember_text: autoDraw = True
137.0887 	EXP 	familiar_text: autoDraw = True
137.0887 	EXP 	forgotten_text: autoDraw = True
141.3583 	DATA 	Mouse: Left button down, pos=(1028,201)
141.3734 	EXP 	fixation: autoDraw = False
141.3734 	EXP 	stim_image: autoDraw = False
141.3734 	EXP 	text: autoDraw = False
141.3734 	EXP 	remember_box: autoDraw = False
141.3734 	EXP 	familiar_box: autoDraw = False
141.3734 	EXP 	forgotten_box: autoDraw = False
141.3734 	EXP 	remember_text: autoDraw = False
141.3734 	EXP 	familiar_text: autoDraw = False
141.3734 	EXP 	forgotten_text: autoDraw = False
141.3734 	EXP 	forgotten_box: fillColor = 'blue'
141.5280 	DATA 	Mouse:  Left button up, pos=(1028,201)
141.6739 	EXP 	New trial (rep=0, index=19): <Trial 19 (19 in rep 0) data={'image_name': 'Plane crash 3.jpg', 'condition': 'old', 'thisN': 19, 'thisTrialN': 19, 'thisRepN': 0}>
141.6863 	EXP 	remember_box: fillColor = <class 'numpy.ndarray'>
141.6863 	EXP 	familiar_box: fillColor = <class 'numpy.ndarray'>
141.6863 	EXP 	forgotten_box: fillColor = <class 'numpy.ndarray'>
141.6863 	EXP 	stim_image: image = 'phase2_images/Plane crash 3.jpg'
141.6863 	EXP 	fixation: autoDraw = True
142.6632 	EXP 	stim_image: autoDraw = True
142.6787 	EXP 	fixation: autoDraw = False
145.6666 	EXP 	stim_image: autoDraw = False
145.6666 	EXP 	text: autoDraw = True
145.6666 	EXP 	remember_box: autoDraw = True
145.6666 	EXP 	familiar_box: autoDraw = True
145.6666 	EXP 	forgotten_box: autoDraw = True
145.6666 	EXP 	remember_text: autoDraw = True
145.6666 	EXP 	familiar_text: autoDraw = True
145.6666 	EXP 	forgotten_text: autoDraw = True
148.4079 	DATA 	Mouse: Left button down, pos=(465,157)
148.4140 	EXP 	fixation: autoDraw = False
148.4140 	EXP 	stim_image: autoDraw = False
148.4140 	EXP 	text: autoDraw = False
148.4140 	EXP 	remember_box: autoDraw = False
148.4140 	EXP 	familiar_box: autoDraw = False
148.4140 	EXP 	forgotten_box: autoDraw = False
148.4140 	EXP 	remember_text: autoDraw = False
148.4140 	EXP 	familiar_text: autoDraw = False
148.4140 	EXP 	forgotten_text: autoDraw = False
148.4140 	EXP 	remember_box: fillColor = 'blue'
148.6135 	DATA 	Mouse:  Left button up, pos=(465,157)
148.7146 	EXP 	New trial (rep=0, index=20): <Trial 20 (20 in rep 0) data={'image_name': 'Exercise 3.jpg', 'condition': 'old', 'thisN': 20, 'thisTrialN': 20, 'thisRepN': 0}>
148.7271 	EXP 	remember_box: fillColor = <class 'numpy.ndarray'>
148.7271 	EXP 	familiar_box: fillColor = <class 'numpy.ndarray'>
148.7271 	EXP 	forgotten_box: fillColor = <class 'numpy.ndarray'>
148.7271 	EXP 	stim_image: image = 'phase2_images/Exercise 3.jpg'
148.7271 	EXP 	fixation: autoDraw = True
149.7130 	EXP 	stim_image: autoDraw = True
149.7233 	EXP 	fixation: autoDraw = False
152.7159 	EXP 	stim_image: autoDraw = False
152.7159 	EXP 	text: autoDraw = True
152.7159 	EXP 	remember_box: autoDraw = True
152.7159 	EXP 	familiar_box: autoDraw = True
152.7159 	EXP 	forgotten_box: autoDraw = True
152.7159 	EXP 	remember_text: autoDraw = True
152.7159 	EXP 	familiar_text: autoDraw = True
152.7159 	EXP 	forgotten_text: autoDraw = True
154.0266 	DATA 	Mouse: Left button down, pos=(444,192)
154.0398 	EXP 	fixation: autoDraw = False
154.0398 	EXP 	stim_image: autoDraw = False
154.0398 	EXP 	text: autoDraw = False
154.0398 	EXP 	remember_box: autoDraw = False
154.0398 	EXP 	familiar_box: autoDraw = False
154.0398 	EXP 	forgotten_box: autoDraw = False
154.0398 	EXP 	remember_text: autoDraw = False
154.0398 	EXP 	familiar_text: autoDraw = False
154.0398 	EXP 	forgotten_text: autoDraw = False
154.0398 	EXP 	remember_box: fillColor = 'blue'
154.2607 	DATA 	Mouse:  Left button up, pos=(444,192)
154.3403 	EXP 	New trial (rep=0, index=21): <Trial 21 (21 in rep 0) data={'image_name': 'Sad face 9.jpg', 'condition': 'new', 'thisN': 21, 'thisTrialN': 21, 'thisRepN': 0}>
154.3503 	EXP 	remember_box: fillColor = <class 'numpy.ndarray'>
154.3503 	EXP 	familiar_box: fillColor = <class 'numpy.ndarray'>
154.3503 	EXP 	forgotten_box: fillColor = <class 'numpy.ndarray'>
154.3503 	EXP 	stim_image: image = 'phase2_images/Sad face 9.jpg'
154.3503 	EXP 	fixation: autoDraw = True
155.3308 	EXP 	stim_image: autoDraw = True
155.3446 	EXP 	fixation: autoDraw = False
157.6758 	DATA 	Mouse: Left button down, pos=(575,446)
157.8924 	DATA 	Mouse:  Left button up, pos=(575,446)
158.3325 	EXP 	stim_image: autoDraw = False
158.3325 	EXP 	text: autoDraw = True
158.3325 	EXP 	remember_box: autoDraw = True
158.3325 	EXP 	familiar_box: autoDraw = True
158.3325 	EXP 	forgotten_box: autoDraw = True
158.3325 	EXP 	remember_text: autoDraw = True
158.3325 	EXP 	familiar_text: autoDraw = True
158.3325 	EXP 	forgotten_text: autoDraw = True
160.4903 	DATA 	Mouse: Left button down, pos=(1001,206)
160.4958 	EXP 	fixation: autoDraw = False
160.4958 	EXP 	stim_image: autoDraw = False
160.4958 	EXP 	text: autoDraw = False
160.4958 	EXP 	remember_box: autoDraw = False
160.4958 	EXP 	familiar_box: autoDraw = False
160.4958 	EXP 	forgotten_box: autoDraw = False
160.4958 	EXP 	remember_text: autoDraw = False
160.4958 	EXP 	familiar_text: autoDraw = False
160.4958 	EXP 	forgotten_text: autoDraw = False
160.4958 	EXP 	forgotten_box: fillColor = 'blue'
160.6892 	DATA 	Mouse:  Left button up, pos=(1001,206)
160.7962 	EXP 	New trial (rep=0, index=22): <Trial 22 (22 in rep 0) data={'image_name': 'Tornado 1.jpg', 'condition': 'old', 'thisN': 22, 'thisTrialN': 22, 'thisRepN': 0}>
160.8083 	EXP 	remember_box: fillColor = <class 'numpy.ndarray'>
160.8083 	EXP 	familiar_box: fillColor = <class 'numpy.ndarray'>
160.8083 	EXP 	forgotten_box: fillColor = <class 'numpy.ndarray'>
160.8083 	EXP 	stim_image: image = 'phase2_images/Tornado 1.jpg'
160.8083 	EXP 	fixation: autoDraw = True
161.7897 	EXP 	stim_image: autoDraw = True
161.8068 	EXP 	fixation: autoDraw = False
164.7791 	EXP 	stim_image: autoDraw = False
164.7887 	EXP 	text: autoDraw = True
164.7887 	EXP 	remember_box: autoDraw = True
164.7887 	EXP 	familiar_box: autoDraw = True
164.7887 	EXP 	forgotten_box: autoDraw = True
164.7887 	EXP 	remember_text: autoDraw = True
164.7887 	EXP 	familiar_text: autoDraw = True
164.7887 	EXP 	forgotten_text: autoDraw = True
172.3077 	DATA 	Mouse: Left button down, pos=(330,182)
172.3134 	EXP 	fixation: autoDraw = False
172.3134 	EXP 	stim_image: autoDraw = False
172.3134 	EXP 	text: autoDraw = False
172.3134 	EXP 	remember_box: autoDraw = False
172.3134 	EXP 	familiar_box: autoDraw = False
172.3134 	EXP 	forgotten_box: autoDraw = False
172.3134 	EXP 	remember_text: autoDraw = False
172.3134 	EXP 	familiar_text: autoDraw = False
172.3134 	EXP 	forgotten_text: autoDraw = False
172.3134 	EXP 	remember_box: fillColor = 'blue'
172.5427 	DATA 	Mouse:  Left button up, pos=(330,182)
172.6139 	EXP 	New trial (rep=0, index=23): <Trial 23 (23 in rep 0) data={'image_name': 'Ferret 1.jpg', 'condition': 'new', 'thisN': 23, 'thisTrialN': 23, 'thisRepN': 0}>
172.6265 	EXP 	remember_box: fillColor = <class 'numpy.ndarray'>
172.6265 	EXP 	familiar_box: fillColor = <class 'numpy.ndarray'>
172.6265 	EXP 	forgotten_box: fillColor = <class 'numpy.ndarray'>
172.6265 	EXP 	stim_image: image = 'phase2_images/Ferret 1.jpg'
172.6265 	EXP 	fixation: autoDraw = True
173.6127 	EXP 	stim_image: autoDraw = True
173.6231 	EXP 	fixation: autoDraw = False
176.6066 	EXP 	stim_image: autoDraw = False
176.6161 	EXP 	text: autoDraw = True
176.6161 	EXP 	remember_box: autoDraw = True
176.6161 	EXP 	familiar_box: autoDraw = True
176.6161 	EXP 	forgotten_box: autoDraw = True
176.6161 	EXP 	remember_text: autoDraw = True
176.6161 	EXP 	familiar_text: autoDraw = True
176.6161 	EXP 	forgotten_text: autoDraw = True
177.7764 	DATA 	Mouse: Left button down, pos=(1063,194)
177.7896 	EXP 	fixation: autoDraw = False
177.7896 	EXP 	stim_image: autoDraw = False
177.7896 	EXP 	text: autoDraw = False
177.7896 	EXP 	remember_box: autoDraw = False
177.7896 	EXP 	familiar_box: autoDraw = False
177.7896 	EXP 	forgotten_box: autoDraw = False
177.7896 	EXP 	remember_text: autoDraw = False
177.7896 	EXP 	familiar_text: autoDraw = False
177.7896 	EXP 	forgotten_text: autoDraw = False
177.7896 	EXP 	forgotten_box: fillColor = 'blue'
177.9783 	DATA 	Mouse:  Left button up, pos=(1063,194)
178.0901 	EXP 	New trial (rep=0, index=24): <Trial 24 (24 in rep 0) data={'image_name': 'Police 2.jpg', 'condition': 'old', 'thisN': 24, 'thisTrialN': 24, 'thisRepN': 0}>
178.1012 	EXP 	remember_box: fillColor = <class 'numpy.ndarray'>
178.1012 	EXP 	familiar_box: fillColor = <class 'numpy.ndarray'>
178.1012 	EXP 	forgotten_box: fillColor = <class 'numpy.ndarray'>
178.1012 	EXP 	stim_image: image = 'phase2_images/Police 2.jpg'
178.1012 	EXP 	fixation: autoDraw = True
179.0805 	EXP 	stim_image: autoDraw = True
179.0943 	EXP 	fixation: autoDraw = False
182.0836 	EXP 	stim_image: autoDraw = False
182.0836 	EXP 	text: autoDraw = True
182.0836 	EXP 	remember_box: autoDraw = True
182.0836 	EXP 	familiar_box: autoDraw = True
182.0836 	EXP 	forgotten_box: autoDraw = True
182.0836 	EXP 	remember_text: autoDraw = True
182.0836 	EXP 	familiar_text: autoDraw = True
182.0836 	EXP 	forgotten_text: autoDraw = True
183.4595 	DATA 	Mouse: Left button down, pos=(428,199)
183.4730 	EXP 	fixation: autoDraw = False
183.4730 	EXP 	stim_image: autoDraw = False
183.4730 	EXP 	text: autoDraw = False
183.4730 	EXP 	remember_box: autoDraw = False
183.4730 	EXP 	familiar_box: autoDraw = False
183.4730 	EXP 	forgotten_box: autoDraw = False
183.4730 	EXP 	remember_text: autoDraw = False
183.4730 	EXP 	familiar_text: autoDraw = False
183.4730 	EXP 	forgotten_text: autoDraw = False
183.4730 	EXP 	remember_box: fillColor = 'blue'
183.6338 	DATA 	Mouse:  Left button up, pos=(428,199)
183.7734 	EXP 	New trial (rep=0, index=25): <Trial 25 (25 in rep 0) data={'image_name': 'Animal carcass 1.jpg', 'condition': 'old', 'thisN': 25, 'thisTrialN': 25, 'thisRepN': 0}>
183.7873 	EXP 	remember_box: fillColor = <class 'numpy.ndarray'>
183.7873 	EXP 	familiar_box: fillColor = <class 'numpy.ndarray'>
183.7873 	EXP 	forgotten_box: fillColor = <class 'numpy.ndarray'>
183.7873 	EXP 	stim_image: image = 'phase2_images/Animal carcass 1.jpg'
183.7873 	EXP 	fixation: autoDraw = True
184.7623 	EXP 	stim_image: autoDraw = True
184.7782 	EXP 	fixation: autoDraw = False
187.7565 	EXP 	stim_image: autoDraw = False
187.7645 	EXP 	text: autoDraw = True
187.7645 	EXP 	remember_box: autoDraw = True
187.7645 	EXP 	familiar_box: autoDraw = True
187.7645 	EXP 	forgotten_box: autoDraw = True
187.7645 	EXP 	remember_text: autoDraw = True
187.7645 	EXP 	familiar_text: autoDraw = True
187.7645 	EXP 	forgotten_text: autoDraw = True
189.0244 	DATA 	Mouse: Left button down, pos=(462,217)
189.0304 	EXP 	fixation: autoDraw = False
189.0304 	EXP 	stim_image: autoDraw = False
189.0304 	EXP 	text: autoDraw = False
189.0304 	EXP 	remember_box: autoDraw = False
189.0304 	EXP 	familiar_box: autoDraw = False
189.0304 	EXP 	forgotten_box: autoDraw = False
189.0304 	EXP 	remember_text: autoDraw = False
189.0304 	EXP 	familiar_text: autoDraw = False
189.0304 	EXP 	forgotten_text: autoDraw = False
189.0304 	EXP 	remember_box: fillColor = 'blue'
189.2251 	DATA 	Mouse:  Left button up, pos=(462,217)
189.3310 	EXP 	New trial (rep=0, index=26): <Trial 26 (26 in rep 0) data={'image_name': 'Severed finger 1.jpg', 'condition': 'old', 'thisN': 26, 'thisTrialN': 26, 'thisRepN': 0}>
189.3428 	EXP 	remember_box: fillColor = <class 'numpy.ndarray'>
189.3428 	EXP 	familiar_box: fillColor = <class 'numpy.ndarray'>
189.3428 	EXP 	forgotten_box: fillColor = <class 'numpy.ndarray'>
189.3428 	EXP 	stim_image: image = 'phase2_images/Severed finger 1.jpg'
189.3428 	EXP 	fixation: autoDraw = True
190.3292 	EXP 	stim_image: autoDraw = True
190.3398 	EXP 	fixation: autoDraw = False
192.1629 	DATA 	Mouse: Left button down, pos=(588,337)
192.4418 	DATA 	Mouse:  Left button up, pos=(588,337)
193.3232 	EXP 	stim_image: autoDraw = False
193.3315 	EXP 	text: autoDraw = True
193.3315 	EXP 	remember_box: autoDraw = True
193.3315 	EXP 	familiar_box: autoDraw = True
193.3315 	EXP 	forgotten_box: autoDraw = True
193.3315 	EXP 	remember_text: autoDraw = True
193.3315 	EXP 	familiar_text: autoDraw = True
193.3315 	EXP 	forgotten_text: autoDraw = True
195.1573 	DATA 	Mouse: Left button down, pos=(466,206)
195.1636 	EXP 	fixation: autoDraw = False
195.1636 	EXP 	stim_image: autoDraw = False
195.1636 	EXP 	text: autoDraw = False
195.1636 	EXP 	remember_box: autoDraw = False
195.1636 	EXP 	familiar_box: autoDraw = False
195.1636 	EXP 	forgotten_box: autoDraw = False
195.1636 	EXP 	remember_text: autoDraw = False
195.1636 	EXP 	familiar_text: autoDraw = False
195.1636 	EXP 	forgotten_text: autoDraw = False
195.1636 	EXP 	remember_box: fillColor = 'blue'
195.3774 	DATA 	Mouse:  Left button up, pos=(466,206)
195.4641 	EXP 	New trial (rep=0, index=27): <Trial 27 (27 in rep 0) data={'image_name': 'Prison 2.jpg', 'condition': 'new', 'thisN': 27, 'thisTrialN': 27, 'thisRepN': 0}>
195.4740 	EXP 	remember_box: fillColor = <class 'numpy.ndarray'>
195.4740 	EXP 	familiar_box: fillColor = <class 'numpy.ndarray'>
195.4740 	EXP 	forgotten_box: fillColor = <class 'numpy.ndarray'>
195.4740 	EXP 	stim_image: image = 'phase2_images/Prison 2.jpg'
195.4740 	EXP 	fixation: autoDraw = True
196.4636 	EXP 	fixation: autoDraw = False
196.4636 	EXP 	stim_image: autoDraw = True
197.5484 	DATA 	Mouse: Left button down, pos=(669,460)
197.7582 	DATA 	Mouse:  Left button up, pos=(669,460)
199.4650 	EXP 	stim_image: autoDraw = False
199.4650 	EXP 	text: autoDraw = True
199.4650 	EXP 	remember_box: autoDraw = True
199.4650 	EXP 	familiar_box: autoDraw = True
199.4650 	EXP 	forgotten_box: autoDraw = True
199.4650 	EXP 	remember_text: autoDraw = True
199.4650 	EXP 	familiar_text: autoDraw = True
199.4650 	EXP 	forgotten_text: autoDraw = True
201.1401 	DATA 	Mouse: Left button down, pos=(1240,192)
201.1466 	EXP 	fixation: autoDraw = False
201.1466 	EXP 	stim_image: autoDraw = False
201.1466 	EXP 	text: autoDraw = False
201.1466 	EXP 	remember_box: autoDraw = False
201.1466 	EXP 	familiar_box: autoDraw = False
201.1466 	EXP 	forgotten_box: autoDraw = False
201.1466 	EXP 	remember_text: autoDraw = False
201.1466 	EXP 	familiar_text: autoDraw = False
201.1466 	EXP 	forgotten_text: autoDraw = False
201.1466 	EXP 	forgotten_box: fillColor = 'blue'
201.3827 	DATA 	Mouse:  Left button up, pos=(1240,192)
201.4470 	EXP 	New trial (rep=0, index=28): <Trial 28 (28 in rep 0) data={'image_name': 'Feces 2.jpg', 'condition': 'old', 'thisN': 28, 'thisTrialN': 28, 'thisRepN': 0}>
201.4600 	EXP 	remember_box: fillColor = <class 'numpy.ndarray'>
201.4600 	EXP 	familiar_box: fillColor = <class 'numpy.ndarray'>
201.4600 	EXP 	forgotten_box: fillColor = <class 'numpy.ndarray'>
201.4600 	EXP 	stim_image: image = 'phase2_images/Feces 2.jpg'
201.4600 	EXP 	fixation: autoDraw = True
202.4461 	EXP 	stim_image: autoDraw = True
202.4565 	EXP 	fixation: autoDraw = False
203.7478 	DATA 	Mouse: Left button down, pos=(913,365)
204.0130 	DATA 	Mouse:  Left button up, pos=(913,365)
205.4480 	EXP 	stim_image: autoDraw = False
205.4480 	EXP 	text: autoDraw = True
205.4480 	EXP 	remember_box: autoDraw = True
205.4480 	EXP 	familiar_box: autoDraw = True
205.4480 	EXP 	forgotten_box: autoDraw = True
205.4480 	EXP 	remember_text: autoDraw = True
205.4480 	EXP 	familiar_text: autoDraw = True
205.4480 	EXP 	forgotten_text: autoDraw = True
205.4794 	DATA 	Mouse: Left button down, pos=(784,300)
205.6971 	DATA 	Mouse:  Left button up, pos=(784,300)
207.1894 	DATA 	Mouse: Left button down, pos=(1039,202)
207.1947 	EXP 	fixation: autoDraw = False
207.1947 	EXP 	stim_image: autoDraw = False
207.1947 	EXP 	text: autoDraw = False
207.1947 	EXP 	remember_box: autoDraw = False
207.1947 	EXP 	familiar_box: autoDraw = False
207.1947 	EXP 	forgotten_box: autoDraw = False
207.1947 	EXP 	remember_text: autoDraw = False
207.1947 	EXP 	familiar_text: autoDraw = False
207.1947 	EXP 	forgotten_text: autoDraw = False
207.3799 	DATA 	Mouse:  Left button up, pos=(1039,202)
207.4952 	EXP 	New trial (rep=0, index=29): <Trial 29 (29 in rep 0) data={'image_name': 'Cat 12.jpg', 'condition': 'old', 'thisN': 29, 'thisTrialN': 29, 'thisRepN': 0}>
207.5070 	EXP 	remember_box: fillColor = <class 'numpy.ndarray'>
207.5070 	EXP 	familiar_box: fillColor = <class 'numpy.ndarray'>
207.5070 	EXP 	forgotten_box: fillColor = <class 'numpy.ndarray'>
207.5070 	EXP 	stim_image: image = 'phase2_images/Cat 12.jpg'
207.5070 	EXP 	fixation: autoDraw = True
208.4965 	EXP 	fixation: autoDraw = False
208.4965 	EXP 	stim_image: autoDraw = True
211.0420 	DATA 	Mouse: Left button down, pos=(578,408)
211.2566 	DATA 	Mouse:  Left button up, pos=(578,408)
211.4882 	EXP 	text: autoDraw = True
211.4882 	EXP 	remember_box: autoDraw = True
211.4882 	EXP 	familiar_box: autoDraw = True
211.4882 	EXP 	forgotten_box: autoDraw = True
211.4882 	EXP 	remember_text: autoDraw = True
211.4882 	EXP 	familiar_text: autoDraw = True
211.4882 	EXP 	forgotten_text: autoDraw = True
211.4958 	EXP 	stim_image: autoDraw = False
213.0900 	DATA 	Mouse: Left button down, pos=(436,207)
213.0958 	EXP 	fixation: autoDraw = False
213.0958 	EXP 	stim_image: autoDraw = False
213.0958 	EXP 	text: autoDraw = False
213.0958 	EXP 	remember_box: autoDraw = False
213.0958 	EXP 	familiar_box: autoDraw = False
213.0958 	EXP 	forgotten_box: autoDraw = False
213.0958 	EXP 	remember_text: autoDraw = False
213.0958 	EXP 	familiar_text: autoDraw = False
213.0958 	EXP 	forgotten_text: autoDraw = False
213.0958 	EXP 	remember_box: fillColor = 'blue'
213.2715 	DATA 	Mouse:  Left button up, pos=(436,207)
213.3964 	EXP 	New trial (rep=0, index=30): <Trial 30 (30 in rep 0) data={'image_name': 'Car crash 2.jpg', 'condition': 'old', 'thisN': 30, 'thisTrialN': 30, 'thisRepN': 0}>
213.4105 	EXP 	remember_box: fillColor = <class 'numpy.ndarray'>
213.4105 	EXP 	familiar_box: fillColor = <class 'numpy.ndarray'>
213.4105 	EXP 	forgotten_box: fillColor = <class 'numpy.ndarray'>
213.4105 	EXP 	stim_image: image = 'phase2_images/Car crash 2.jpg'
213.4105 	EXP 	fixation: autoDraw = True
214.3954 	EXP 	stim_image: autoDraw = True
214.4061 	EXP 	fixation: autoDraw = False
216.0251 	DATA 	Mouse: Left button down, pos=(682,418)
216.2582 	DATA 	Mouse:  Left button up, pos=(682,418)
217.3893 	EXP 	stim_image: autoDraw = False
217.3984 	EXP 	text: autoDraw = True
217.3984 	EXP 	remember_box: autoDraw = True
217.3984 	EXP 	familiar_box: autoDraw = True
217.3984 	EXP 	forgotten_box: autoDraw = True
217.3984 	EXP 	remember_text: autoDraw = True
217.3984 	EXP 	familiar_text: autoDraw = True
217.3984 	EXP 	forgotten_text: autoDraw = True
218.4920 	DATA 	Mouse: Left button down, pos=(484,246)
218.6740 	DATA 	Mouse:  Left button up, pos=(484,246)
219.7401 	DATA 	Mouse: Left button down, pos=(457,179)
219.7451 	EXP 	fixation: autoDraw = False
219.7451 	EXP 	stim_image: autoDraw = False
219.7451 	EXP 	text: autoDraw = False
219.7451 	EXP 	remember_box: autoDraw = False
219.7451 	EXP 	familiar_box: autoDraw = False
219.7451 	EXP 	forgotten_box: autoDraw = False
219.7451 	EXP 	remember_text: autoDraw = False
219.7451 	EXP 	familiar_text: autoDraw = False
219.7451 	EXP 	forgotten_text: autoDraw = False
219.9304 	DATA 	Mouse:  Left button up, pos=(457,179)
220.0456 	EXP 	New trial (rep=0, index=31): <Trial 31 (31 in rep 0) data={'image_name': 'Thunderstorm 10.jpg', 'condition': 'new', 'thisN': 31, 'thisTrialN': 31, 'thisRepN': 0}>
220.0566 	EXP 	remember_box: fillColor = <class 'numpy.ndarray'>
220.0566 	EXP 	familiar_box: fillColor = <class 'numpy.ndarray'>
220.0566 	EXP 	forgotten_box: fillColor = <class 'numpy.ndarray'>
220.0566 	EXP 	stim_image: image = 'phase2_images/Thunderstorm 10.jpg'
220.0566 	EXP 	fixation: autoDraw = True
221.0455 	EXP 	fixation: autoDraw = False
221.0455 	EXP 	stim_image: autoDraw = True
221.9138 	DATA 	Mouse: Left button down, pos=(574,293)
222.1414 	DATA 	Mouse:  Left button up, pos=(574,293)
224.0478 	EXP 	stim_image: autoDraw = False
224.0478 	EXP 	text: autoDraw = True
224.0478 	EXP 	remember_box: autoDraw = True
224.0478 	EXP 	familiar_box: autoDraw = True
224.0478 	EXP 	forgotten_box: autoDraw = True
224.0478 	EXP 	remember_text: autoDraw = True
224.0478 	EXP 	familiar_text: autoDraw = True
224.0478 	EXP 	forgotten_text: autoDraw = True
224.9145 	DATA 	Mouse: Left button down, pos=(380,170)
224.9212 	EXP 	fixation: autoDraw = False
224.9212 	EXP 	stim_image: autoDraw = False
224.9212 	EXP 	text: autoDraw = False
224.9212 	EXP 	remember_box: autoDraw = False
224.9212 	EXP 	familiar_box: autoDraw = False
224.9212 	EXP 	forgotten_box: autoDraw = False
224.9212 	EXP 	remember_text: autoDraw = False
224.9212 	EXP 	familiar_text: autoDraw = False
224.9212 	EXP 	forgotten_text: autoDraw = False
224.9212 	EXP 	remember_box: fillColor = 'blue'
225.1141 	DATA 	Mouse:  Left button up, pos=(380,170)
225.2216 	EXP 	New trial (rep=0, index=32): <Trial 32 (32 in rep 0) data={'image_name': 'Dead bodies 1.jpg', 'condition': 'old', 'thisN': 32, 'thisTrialN': 32, 'thisRepN': 0}>
225.2344 	EXP 	remember_box: fillColor = <class 'numpy.ndarray'>
225.2344 	EXP 	familiar_box: fillColor = <class 'numpy.ndarray'>
225.2344 	EXP 	forgotten_box: fillColor = <class 'numpy.ndarray'>
225.2344 	EXP 	stim_image: image = 'phase2_images/Dead bodies 1.jpg'
225.2344 	EXP 	fixation: autoDraw = True
226.2127 	EXP 	stim_image: autoDraw = True
226.2275 	EXP 	fixation: autoDraw = False
227.6256 	DATA 	Mouse: Left button down, pos=(609,377)
227.8411 	DATA 	Mouse:  Left button up, pos=(609,377)
229.2060 	EXP 	stim_image: autoDraw = False
229.2162 	EXP 	text: autoDraw = True
229.2162 	EXP 	remember_box: autoDraw = True
229.2162 	EXP 	familiar_box: autoDraw = True
229.2162 	EXP 	forgotten_box: autoDraw = True
229.2162 	EXP 	remember_text: autoDraw = True
229.2162 	EXP 	familiar_text: autoDraw = True
229.2162 	EXP 	forgotten_text: autoDraw = True
230.3323 	DATA 	Mouse: Left button down, pos=(445,211)
230.3431 	EXP 	fixation: autoDraw = False
230.3431 	EXP 	stim_image: autoDraw = False
230.3431 	EXP 	text: autoDraw = False
230.3431 	EXP 	remember_box: autoDraw = False
230.3431 	EXP 	familiar_box: autoDraw = False
230.3431 	EXP 	forgotten_box: autoDraw = False
230.3431 	EXP 	remember_text: autoDraw = False
230.3431 	EXP 	familiar_text: autoDraw = False
230.3431 	EXP 	forgotten_text: autoDraw = False
230.3431 	EXP 	remember_box: fillColor = 'blue'
230.5422 	DATA 	Mouse:  Left button up, pos=(445,211)
230.6436 	EXP 	New trial (rep=0, index=33): <Trial 33 (33 in rep 0) data={'image_name': 'Snow 3.jpg', 'condition': 'old', 'thisN': 33, 'thisTrialN': 33, 'thisRepN': 0}>
230.6554 	EXP 	remember_box: fillColor = <class 'numpy.ndarray'>
230.6554 	EXP 	familiar_box: fillColor = <class 'numpy.ndarray'>
230.6554 	EXP 	forgotten_box: fillColor = <class 'numpy.ndarray'>
230.6554 	EXP 	stim_image: image = 'phase2_images/Snow 3.jpg'
230.6554 	EXP 	fixation: autoDraw = True
231.6392 	EXP 	stim_image: autoDraw = True
231.6455 	EXP 	fixation: autoDraw = False
234.6265 	EXP 	stim_image: autoDraw = False
234.6394 	EXP 	text: autoDraw = True
234.6394 	EXP 	remember_box: autoDraw = True
234.6394 	EXP 	familiar_box: autoDraw = True
234.6394 	EXP 	forgotten_box: autoDraw = True
234.6394 	EXP 	remember_text: autoDraw = True
234.6394 	EXP 	familiar_text: autoDraw = True
234.6394 	EXP 	forgotten_text: autoDraw = True
234.6736 	DATA 	Mouse: Left button down, pos=(642,366)
234.8793 	DATA 	Mouse:  Left button up, pos=(642,366)
237.2657 	DATA 	Mouse: Left button down, pos=(643,206)
237.2756 	EXP 	fixation: autoDraw = False
237.2756 	EXP 	stim_image: autoDraw = False
237.2756 	EXP 	text: autoDraw = False
237.2756 	EXP 	remember_box: autoDraw = False
237.2756 	EXP 	familiar_box: autoDraw = False
237.2756 	EXP 	forgotten_box: autoDraw = False
237.2756 	EXP 	remember_text: autoDraw = False
237.2756 	EXP 	familiar_text: autoDraw = False
237.2756 	EXP 	forgotten_text: autoDraw = False
237.4673 	DATA 	Mouse:  Left button up, pos=(643,206)
237.5761 	EXP 	New trial (rep=0, index=34): <Trial 34 (34 in rep 0) data={'image_name': 'Child labor 2.jpg', 'condition': 'old', 'thisN': 34, 'thisTrialN': 34, 'thisRepN': 0}>
237.5887 	EXP 	remember_box: fillColor = <class 'numpy.ndarray'>
237.5887 	EXP 	familiar_box: fillColor = <class 'numpy.ndarray'>
237.5887 	EXP 	forgotten_box: fillColor = <class 'numpy.ndarray'>
237.5887 	EXP 	stim_image: image = 'phase2_images/Child labor 2.jpg'
237.5887 	EXP 	fixation: autoDraw = True
238.5726 	EXP 	stim_image: autoDraw = True
238.5771 	EXP 	fixation: autoDraw = False
240.7971 	DATA 	Mouse: Left button down, pos=(552,342)
240.9576 	DATA 	Mouse:  Left button up, pos=(552,342)
241.5615 	EXP 	stim_image: autoDraw = False
241.5721 	EXP 	text: autoDraw = True
241.5721 	EXP 	remember_box: autoDraw = True
241.5721 	EXP 	familiar_box: autoDraw = True
241.5721 	EXP 	forgotten_box: autoDraw = True
241.5721 	EXP 	remember_text: autoDraw = True
241.5721 	EXP 	familiar_text: autoDraw = True
241.5721 	EXP 	forgotten_text: autoDraw = True
243.0758 	DATA 	Mouse: Left button down, pos=(450,202)
243.0890 	EXP 	fixation: autoDraw = False
243.0890 	EXP 	stim_image: autoDraw = False
243.0890 	EXP 	text: autoDraw = False
243.0890 	EXP 	remember_box: autoDraw = False
243.0890 	EXP 	familiar_box: autoDraw = False
243.0890 	EXP 	forgotten_box: autoDraw = False
243.0890 	EXP 	remember_text: autoDraw = False
243.0890 	EXP 	familiar_text: autoDraw = False
243.0890 	EXP 	forgotten_text: autoDraw = False
243.0890 	EXP 	remember_box: fillColor = 'blue'
243.2611 	DATA 	Mouse:  Left button up, pos=(450,202)
243.3895 	EXP 	New trial (rep=0, index=35): <Trial 35 (35 in rep 0) data={'image_name': 'Garbage dump 2.jpg', 'condition': 'new', 'thisN': 35, 'thisTrialN': 35, 'thisRepN': 0}>
243.4018 	EXP 	remember_box: fillColor = <class 'numpy.ndarray'>
243.4018 	EXP 	familiar_box: fillColor = <class 'numpy.ndarray'>
243.4018 	EXP 	forgotten_box: fillColor = <class 'numpy.ndarray'>
243.4018 	EXP 	stim_image: image = 'phase2_images/Garbage dump 2.jpg'
243.4018 	EXP 	fixation: autoDraw = True
244.3797 	EXP 	stim_image: autoDraw = True
244.3937 	EXP 	fixation: autoDraw = False
245.0762 	DATA 	Mouse: Left button down, pos=(450,202)
245.2419 	DATA 	Mouse:  Left button up, pos=(450,202)
246.3078 	DATA 	Mouse: Left button down, pos=(452,202)
246.5146 	DATA 	Mouse:  Left button up, pos=(453,202)
247.3813 	EXP 	stim_image: autoDraw = False
247.3813 	EXP 	text: autoDraw = True
247.3813 	EXP 	remember_box: autoDraw = True
247.3813 	EXP 	familiar_box: autoDraw = True
247.3813 	EXP 	forgotten_box: autoDraw = True
247.3813 	EXP 	remember_text: autoDraw = True
247.3813 	EXP 	familiar_text: autoDraw = True
247.3813 	EXP 	forgotten_text: autoDraw = True
249.0406 	DATA 	Mouse: Left button down, pos=(448,190)
249.0477 	EXP 	fixation: autoDraw = False
249.0477 	EXP 	stim_image: autoDraw = False
249.0477 	EXP 	text: autoDraw = False
249.0477 	EXP 	remember_box: autoDraw = False
249.0477 	EXP 	familiar_box: autoDraw = False
249.0477 	EXP 	forgotten_box: autoDraw = False
249.0477 	EXP 	remember_text: autoDraw = False
249.0477 	EXP 	familiar_text: autoDraw = False
249.0477 	EXP 	forgotten_text: autoDraw = False
249.0477 	EXP 	remember_box: fillColor = 'blue'
249.2110 	DATA 	Mouse:  Left button up, pos=(448,190)
249.3482 	EXP 	New trial (rep=0, index=36): <Trial 36 (36 in rep 0) data={'image_name': 'Shark 8.jpg', 'condition': 'old', 'thisN': 36, 'thisTrialN': 36, 'thisRepN': 0}>
249.3607 	EXP 	remember_box: fillColor = <class 'numpy.ndarray'>
249.3607 	EXP 	familiar_box: fillColor = <class 'numpy.ndarray'>
249.3607 	EXP 	forgotten_box: fillColor = <class 'numpy.ndarray'>
249.3607 	EXP 	stim_image: image = 'phase2_images/Shark 8.jpg'
249.3607 	EXP 	fixation: autoDraw = True
250.3465 	EXP 	stim_image: autoDraw = True
250.3560 	EXP 	fixation: autoDraw = False
251.5920 	DATA 	Mouse: Left button down, pos=(489,360)
251.8243 	DATA 	Mouse:  Left button up, pos=(489,360)
253.3488 	EXP 	stim_image: autoDraw = False
253.3488 	EXP 	text: autoDraw = True
253.3488 	EXP 	remember_box: autoDraw = True
253.3488 	EXP 	familiar_box: autoDraw = True
253.3488 	EXP 	forgotten_box: autoDraw = True
253.3488 	EXP 	remember_text: autoDraw = True
253.3488 	EXP 	familiar_text: autoDraw = True
253.3488 	EXP 	forgotten_text: autoDraw = True
254.3905 	DATA 	Mouse: Left button down, pos=(433,187)
254.4058 	EXP 	fixation: autoDraw = False
254.4058 	EXP 	stim_image: autoDraw = False
254.4058 	EXP 	text: autoDraw = False
254.4058 	EXP 	remember_box: autoDraw = False
254.4058 	EXP 	familiar_box: autoDraw = False
254.4058 	EXP 	forgotten_box: autoDraw = False
254.4058 	EXP 	remember_text: autoDraw = False
254.4058 	EXP 	familiar_text: autoDraw = False
254.4058 	EXP 	forgotten_text: autoDraw = False
254.4058 	EXP 	remember_box: fillColor = 'blue'
254.5743 	DATA 	Mouse:  Left button up, pos=(433,187)
254.7063 	EXP 	New trial (rep=0, index=37): <Trial 37 (37 in rep 0) data={'image_name': 'Cockroach 1.jpg', 'condition': 'old', 'thisN': 37, 'thisTrialN': 37, 'thisRepN': 0}>
254.7179 	EXP 	remember_box: fillColor = <class 'numpy.ndarray'>
254.7179 	EXP 	familiar_box: fillColor = <class 'numpy.ndarray'>
254.7179 	EXP 	forgotten_box: fillColor = <class 'numpy.ndarray'>
254.7179 	EXP 	stim_image: image = 'phase2_images/Cockroach 1.jpg'
254.7179 	EXP 	fixation: autoDraw = True
255.6963 	EXP 	stim_image: autoDraw = True
255.7091 	EXP 	fixation: autoDraw = False
257.5963 	DATA 	Mouse: Left button down, pos=(433,187)
257.8241 	DATA 	Mouse:  Left button up, pos=(433,187)
258.6891 	EXP 	stim_image: autoDraw = False
258.6968 	EXP 	text: autoDraw = True
258.6968 	EXP 	remember_box: autoDraw = True
258.6968 	EXP 	familiar_box: autoDraw = True
258.6968 	EXP 	forgotten_box: autoDraw = True
258.6968 	EXP 	remember_text: autoDraw = True
258.6968 	EXP 	familiar_text: autoDraw = True
258.6968 	EXP 	forgotten_text: autoDraw = True
260.3066 	DATA 	Mouse: Left button down, pos=(425,158)
260.3121 	EXP 	fixation: autoDraw = False
260.3121 	EXP 	stim_image: autoDraw = False
260.3121 	EXP 	text: autoDraw = False
260.3121 	EXP 	remember_box: autoDraw = False
260.3121 	EXP 	familiar_box: autoDraw = False
260.3121 	EXP 	forgotten_box: autoDraw = False
260.3121 	EXP 	remember_text: autoDraw = False
260.3121 	EXP 	familiar_text: autoDraw = False
260.3121 	EXP 	forgotten_text: autoDraw = False
260.3121 	EXP 	remember_box: fillColor = 'blue'
260.5168 	DATA 	Mouse:  Left button up, pos=(425,158)
260.6125 	EXP 	New trial (rep=0, index=38): <Trial 38 (38 in rep 0) data={'image_name': 'Dog 24.jpg', 'condition': 'old', 'thisN': 38, 'thisTrialN': 38, 'thisRepN': 0}>
260.6244 	EXP 	remember_box: fillColor = <class 'numpy.ndarray'>
260.6244 	EXP 	familiar_box: fillColor = <class 'numpy.ndarray'>
260.6244 	EXP 	forgotten_box: fillColor = <class 'numpy.ndarray'>
260.6244 	EXP 	stim_image: image = 'phase2_images/Dog 24.jpg'
260.6244 	EXP 	fixation: autoDraw = True
261.6133 	EXP 	stim_image: autoDraw = True
261.6225 	EXP 	fixation: autoDraw = False
263.0479 	DATA 	Mouse: Left button down, pos=(425,158)
263.2254 	DATA 	Mouse:  Left button up, pos=(425,158)
264.6162 	EXP 	stim_image: autoDraw = False
264.6162 	EXP 	text: autoDraw = True
264.6162 	EXP 	remember_box: autoDraw = True
264.6162 	EXP 	familiar_box: autoDraw = True
264.6162 	EXP 	forgotten_box: autoDraw = True
264.6162 	EXP 	remember_text: autoDraw = True
264.6162 	EXP 	familiar_text: autoDraw = True
264.6162 	EXP 	forgotten_text: autoDraw = True
265.2561 	DATA 	Mouse: Left button down, pos=(648,194)
265.2617 	EXP 	fixation: autoDraw = False
265.2617 	EXP 	stim_image: autoDraw = False
265.2617 	EXP 	text: autoDraw = False
265.2617 	EXP 	remember_box: autoDraw = False
265.2617 	EXP 	familiar_box: autoDraw = False
265.2617 	EXP 	forgotten_box: autoDraw = False
265.2617 	EXP 	remember_text: autoDraw = False
265.2617 	EXP 	familiar_text: autoDraw = False
265.2617 	EXP 	forgotten_text: autoDraw = False
265.2617 	EXP 	familiar_box: fillColor = 'blue'
265.4517 	DATA 	Mouse:  Left button up, pos=(648,194)
265.5622 	EXP 	New trial (rep=0, index=39): <Trial 39 (39 in rep 0) data={'image_name': 'Solar panel 1.jpg', 'condition': 'old', 'thisN': 39, 'thisTrialN': 39, 'thisRepN': 0}>
265.5748 	EXP 	remember_box: fillColor = <class 'numpy.ndarray'>
265.5748 	EXP 	familiar_box: fillColor = <class 'numpy.ndarray'>
265.5748 	EXP 	forgotten_box: fillColor = <class 'numpy.ndarray'>
265.5748 	EXP 	stim_image: image = 'phase2_images/Solar panel 1.jpg'
265.5748 	EXP 	fixation: autoDraw = True
266.5621 	EXP 	stim_image: autoDraw = True
266.5724 	EXP 	fixation: autoDraw = False
268.4581 	DATA 	Mouse: Left button down, pos=(528,292)
268.6904 	DATA 	Mouse:  Left button up, pos=(528,292)
269.5541 	EXP 	stim_image: autoDraw = False
269.5541 	EXP 	text: autoDraw = True
269.5541 	EXP 	remember_box: autoDraw = True
269.5541 	EXP 	familiar_box: autoDraw = True
269.5541 	EXP 	forgotten_box: autoDraw = True
269.5541 	EXP 	remember_text: autoDraw = True
269.5541 	EXP 	familiar_text: autoDraw = True
269.5541 	EXP 	forgotten_text: autoDraw = True
270.2625 	DATA 	Mouse: Left button down, pos=(477,210)
270.2723 	EXP 	fixation: autoDraw = False
270.2723 	EXP 	stim_image: autoDraw = False
270.2723 	EXP 	text: autoDraw = False
270.2723 	EXP 	remember_box: autoDraw = False
270.2723 	EXP 	familiar_box: autoDraw = False
270.2723 	EXP 	forgotten_box: autoDraw = False
270.2723 	EXP 	remember_text: autoDraw = False
270.2723 	EXP 	familiar_text: autoDraw = False
270.2723 	EXP 	forgotten_text: autoDraw = False
270.2723 	EXP 	remember_box: fillColor = 'blue'
270.4071 	DATA 	Mouse:  Left button up, pos=(477,210)
270.5727 	EXP 	New trial (rep=0, index=40): <Trial 40 (40 in rep 0) data={'image_name': 'School 1.jpg', 'condition': 'old', 'thisN': 40, 'thisTrialN': 40, 'thisRepN': 0}>
270.5841 	EXP 	remember_box: fillColor = <class 'numpy.ndarray'>
270.5841 	EXP 	familiar_box: fillColor = <class 'numpy.ndarray'>
270.5841 	EXP 	forgotten_box: fillColor = <class 'numpy.ndarray'>
270.5841 	EXP 	stim_image: image = 'phase2_images/School 1.jpg'
270.5841 	EXP 	fixation: autoDraw = True
271.5628 	EXP 	stim_image: autoDraw = True
271.5755 	EXP 	fixation: autoDraw = False
273.3426 	DATA 	Mouse: Left button down, pos=(566,297)
273.5424 	DATA 	Mouse:  Left button up, pos=(566,297)
274.5640 	EXP 	stim_image: autoDraw = False
274.5640 	EXP 	text: autoDraw = True
274.5640 	EXP 	remember_box: autoDraw = True
274.5640 	EXP 	familiar_box: autoDraw = True
274.5640 	EXP 	forgotten_box: autoDraw = True
274.5640 	EXP 	remember_text: autoDraw = True
274.5640 	EXP 	familiar_text: autoDraw = True
274.5640 	EXP 	forgotten_text: autoDraw = True
277.4084 	DATA 	Mouse: Left button down, pos=(636,194)
277.4223 	EXP 	fixation: autoDraw = False
277.4223 	EXP 	stim_image: autoDraw = False
277.4223 	EXP 	text: autoDraw = False
277.4223 	EXP 	remember_box: autoDraw = False
277.4223 	EXP 	familiar_box: autoDraw = False
277.4223 	EXP 	forgotten_box: autoDraw = False
277.4223 	EXP 	remember_text: autoDraw = False
277.4223 	EXP 	familiar_text: autoDraw = False
277.4223 	EXP 	forgotten_text: autoDraw = False
277.4223 	EXP 	familiar_box: fillColor = 'blue'
277.6085 	DATA 	Mouse:  Left button up, pos=(636,194)
277.7226 	EXP 	New trial (rep=0, index=41): <Trial 41 (41 in rep 0) data={'image_name': 'Spider 2.jpg', 'condition': 'old', 'thisN': 41, 'thisTrialN': 41, 'thisRepN': 0}>
277.7345 	EXP 	remember_box: fillColor = <class 'numpy.ndarray'>
277.7345 	EXP 	familiar_box: fillColor = <class 'numpy.ndarray'>
277.7345 	EXP 	forgotten_box: fillColor = <class 'numpy.ndarray'>
277.7345 	EXP 	stim_image: image = 'phase2_images/Spider 2.jpg'
277.7345 	EXP 	fixation: autoDraw = True
278.7124 	EXP 	stim_image: autoDraw = True
278.7250 	EXP 	fixation: autoDraw = False
279.8584 	DATA 	Mouse: Left button down, pos=(634,322)
280.0792 	DATA 	Mouse:  Left button up, pos=(634,322)
281.7156 	EXP 	stim_image: autoDraw = False
281.7156 	EXP 	text: autoDraw = True
281.7156 	EXP 	remember_box: autoDraw = True
281.7156 	EXP 	familiar_box: autoDraw = True
281.7156 	EXP 	forgotten_box: autoDraw = True
281.7156 	EXP 	remember_text: autoDraw = True
281.7156 	EXP 	familiar_text: autoDraw = True
281.7156 	EXP 	forgotten_text: autoDraw = True
283.5069 	DATA 	Mouse: Left button down, pos=(1080,213)
283.5128 	EXP 	fixation: autoDraw = False
283.5128 	EXP 	stim_image: autoDraw = False
283.5128 	EXP 	text: autoDraw = False
283.5128 	EXP 	remember_box: autoDraw = False
283.5128 	EXP 	familiar_box: autoDraw = False
283.5128 	EXP 	forgotten_box: autoDraw = False
283.5128 	EXP 	remember_text: autoDraw = False
283.5128 	EXP 	familiar_text: autoDraw = False
283.5128 	EXP 	forgotten_text: autoDraw = False
283.5128 	EXP 	forgotten_box: fillColor = 'blue'
283.6710 	DATA 	Mouse:  Left button up, pos=(1080,213)
283.8132 	EXP 	New trial (rep=0, index=42): <Trial 42 (42 in rep 0) data={'image_name': 'Soldiers 8.jpg', 'condition': 'old', 'thisN': 42, 'thisTrialN': 42, 'thisRepN': 0}>
283.8246 	EXP 	remember_box: fillColor = <class 'numpy.ndarray'>
283.8246 	EXP 	familiar_box: fillColor = <class 'numpy.ndarray'>
283.8246 	EXP 	forgotten_box: fillColor = <class 'numpy.ndarray'>
283.8246 	EXP 	stim_image: image = 'phase2_images/Soldiers 8.jpg'
283.8246 	EXP 	fixation: autoDraw = True
284.8128 	EXP 	stim_image: autoDraw = True
284.8222 	EXP 	fixation: autoDraw = False
287.8138 	EXP 	stim_image: autoDraw = False
287.8138 	EXP 	text: autoDraw = True
287.8138 	EXP 	remember_box: autoDraw = True
287.8138 	EXP 	familiar_box: autoDraw = True
287.8138 	EXP 	forgotten_box: autoDraw = True
287.8138 	EXP 	remember_text: autoDraw = True
287.8138 	EXP 	familiar_text: autoDraw = True
287.8138 	EXP 	forgotten_text: autoDraw = True
290.1977 	DATA 	Mouse: Left button down, pos=(421,211)
290.2040 	EXP 	fixation: autoDraw = False
290.2040 	EXP 	stim_image: autoDraw = False
290.2040 	EXP 	text: autoDraw = False
290.2040 	EXP 	remember_box: autoDraw = False
290.2040 	EXP 	familiar_box: autoDraw = False
290.2040 	EXP 	forgotten_box: autoDraw = False
290.2040 	EXP 	remember_text: autoDraw = False
290.2040 	EXP 	familiar_text: autoDraw = False
290.2040 	EXP 	forgotten_text: autoDraw = False
290.2040 	EXP 	remember_box: fillColor = 'blue'
290.4550 	DATA 	Mouse:  Left button up, pos=(421,211)
290.5044 	EXP 	New trial (rep=0, index=43): <Trial 43 (43 in rep 0) data={'image_name': 'Wedding 12.jpg', 'condition': 'old', 'thisN': 43, 'thisTrialN': 43, 'thisRepN': 0}>
290.5166 	EXP 	remember_box: fillColor = <class 'numpy.ndarray'>
290.5166 	EXP 	familiar_box: fillColor = <class 'numpy.ndarray'>
290.5166 	EXP 	forgotten_box: fillColor = <class 'numpy.ndarray'>
290.5166 	EXP 	stim_image: image = 'phase2_images/Wedding 12.jpg'
290.5166 	EXP 	fixation: autoDraw = True
291.4954 	EXP 	stim_image: autoDraw = True
291.5117 	EXP 	fixation: autoDraw = False
294.4888 	EXP 	stim_image: autoDraw = False
294.4974 	EXP 	text: autoDraw = True
294.4974 	EXP 	remember_box: autoDraw = True
294.4974 	EXP 	familiar_box: autoDraw = True
294.4974 	EXP 	forgotten_box: autoDraw = True
294.4974 	EXP 	remember_text: autoDraw = True
294.4974 	EXP 	familiar_text: autoDraw = True
294.4974 	EXP 	forgotten_text: autoDraw = True
295.2232 	DATA 	Mouse: Left button down, pos=(448,196)
295.2292 	EXP 	fixation: autoDraw = False
295.2292 	EXP 	stim_image: autoDraw = False
295.2292 	EXP 	text: autoDraw = False
295.2292 	EXP 	remember_box: autoDraw = False
295.2292 	EXP 	familiar_box: autoDraw = False
295.2292 	EXP 	forgotten_box: autoDraw = False
295.2292 	EXP 	remember_text: autoDraw = False
295.2292 	EXP 	familiar_text: autoDraw = False
295.2292 	EXP 	forgotten_text: autoDraw = False
295.2292 	EXP 	remember_box: fillColor = 'blue'
295.5049 	DATA 	Mouse:  Left button up, pos=(448,196)
295.5295 	EXP 	New trial (rep=0, index=44): <Trial 44 (44 in rep 0) data={'image_name': 'Shot 3.jpg', 'condition': 'old', 'thisN': 44, 'thisTrialN': 44, 'thisRepN': 0}>
295.5397 	EXP 	remember_box: fillColor = <class 'numpy.ndarray'>
295.5397 	EXP 	familiar_box: fillColor = <class 'numpy.ndarray'>
295.5397 	EXP 	forgotten_box: fillColor = <class 'numpy.ndarray'>
295.5397 	EXP 	stim_image: image = 'phase2_images/Shot 3.jpg'
295.5397 	EXP 	fixation: autoDraw = True
296.5282 	EXP 	fixation: autoDraw = False
296.5282 	EXP 	stim_image: autoDraw = True
299.5302 	EXP 	stim_image: autoDraw = False
299.5302 	EXP 	text: autoDraw = True
299.5302 	EXP 	remember_box: autoDraw = True
299.5302 	EXP 	familiar_box: autoDraw = True
299.5302 	EXP 	forgotten_box: autoDraw = True
299.5302 	EXP 	remember_text: autoDraw = True
299.5302 	EXP 	familiar_text: autoDraw = True
299.5302 	EXP 	forgotten_text: autoDraw = True
300.3550 	DATA 	Mouse: Left button down, pos=(448,196)
300.3605 	EXP 	fixation: autoDraw = False
300.3605 	EXP 	stim_image: autoDraw = False
300.3605 	EXP 	text: autoDraw = False
300.3605 	EXP 	remember_box: autoDraw = False
300.3605 	EXP 	familiar_box: autoDraw = False
300.3605 	EXP 	forgotten_box: autoDraw = False
300.3605 	EXP 	remember_text: autoDraw = False
300.3605 	EXP 	familiar_text: autoDraw = False
300.3605 	EXP 	forgotten_text: autoDraw = False
300.3605 	EXP 	remember_box: fillColor = 'blue'
300.5847 	DATA 	Mouse:  Left button up, pos=(448,196)
300.6610 	EXP 	New trial (rep=0, index=45): <Trial 45 (45 in rep 0) data={'image_name': 'Crow 1.jpg', 'condition': 'new', 'thisN': 45, 'thisTrialN': 45, 'thisRepN': 0}>
300.6712 	EXP 	remember_box: fillColor = <class 'numpy.ndarray'>
300.6712 	EXP 	familiar_box: fillColor = <class 'numpy.ndarray'>
300.6712 	EXP 	forgotten_box: fillColor = <class 'numpy.ndarray'>
300.6712 	EXP 	stim_image: image = 'phase2_images/Crow 1.jpg'
300.6712 	EXP 	fixation: autoDraw = True
301.6618 	EXP 	fixation: autoDraw = False
301.6618 	EXP 	stim_image: autoDraw = True
304.6540 	EXP 	stim_image: autoDraw = False
304.6540 	EXP 	text: autoDraw = True
304.6540 	EXP 	remember_box: autoDraw = True
304.6540 	EXP 	familiar_box: autoDraw = True
304.6540 	EXP 	forgotten_box: autoDraw = True
304.6540 	EXP 	remember_text: autoDraw = True
304.6540 	EXP 	familiar_text: autoDraw = True
304.6540 	EXP 	forgotten_text: autoDraw = True
305.0487 	DATA 	Mouse: Left button down, pos=(735,199)
305.0586 	EXP 	fixation: autoDraw = False
305.0586 	EXP 	stim_image: autoDraw = False
305.0586 	EXP 	text: autoDraw = False
305.0586 	EXP 	remember_box: autoDraw = False
305.0586 	EXP 	familiar_box: autoDraw = False
305.0586 	EXP 	forgotten_box: autoDraw = False
305.0586 	EXP 	remember_text: autoDraw = False
305.0586 	EXP 	familiar_text: autoDraw = False
305.0586 	EXP 	forgotten_text: autoDraw = False
305.0586 	EXP 	familiar_box: fillColor = 'blue'
305.3395 	DATA 	Mouse:  Left button up, pos=(735,200)
305.3591 	EXP 	New trial (rep=0, index=46): <Trial 46 (46 in rep 0) data={'image_name': 'Bloody knife 1.jpg', 'condition': 'new', 'thisN': 46, 'thisTrialN': 46, 'thisRepN': 0}>
305.3715 	EXP 	remember_box: fillColor = <class 'numpy.ndarray'>
305.3715 	EXP 	familiar_box: fillColor = <class 'numpy.ndarray'>
305.3715 	EXP 	forgotten_box: fillColor = <class 'numpy.ndarray'>
305.3715 	EXP 	stim_image: image = 'phase2_images/Bloody knife 1.jpg'
305.3715 	EXP 	fixation: autoDraw = True
306.3555 	EXP 	stim_image: autoDraw = True
306.3602 	EXP 	fixation: autoDraw = False
309.3432 	EXP 	stim_image: autoDraw = False
309.3551 	EXP 	text: autoDraw = True
309.3551 	EXP 	remember_box: autoDraw = True
309.3551 	EXP 	familiar_box: autoDraw = True
309.3551 	EXP 	forgotten_box: autoDraw = True
309.3551 	EXP 	remember_text: autoDraw = True
309.3551 	EXP 	familiar_text: autoDraw = True
309.3551 	EXP 	forgotten_text: autoDraw = True
311.4565 	DATA 	Mouse: Left button down, pos=(1005,222)
311.4629 	EXP 	fixation: autoDraw = False
311.4629 	EXP 	stim_image: autoDraw = False
311.4629 	EXP 	text: autoDraw = False
311.4629 	EXP 	remember_box: autoDraw = False
311.4629 	EXP 	familiar_box: autoDraw = False
311.4629 	EXP 	forgotten_box: autoDraw = False
311.4629 	EXP 	remember_text: autoDraw = False
311.4629 	EXP 	familiar_text: autoDraw = False
311.4629 	EXP 	forgotten_text: autoDraw = False
311.4629 	EXP 	forgotten_box: fillColor = 'blue'
311.7076 	DATA 	Mouse:  Left button up, pos=(1005,222)
311.7634 	EXP 	New trial (rep=0, index=47): <Trial 47 (47 in rep 0) data={'image_name': 'Ambulance 1.jpg', 'condition': 'old', 'thisN': 47, 'thisTrialN': 47, 'thisRepN': 0}>
311.7752 	EXP 	remember_box: fillColor = <class 'numpy.ndarray'>
311.7752 	EXP 	familiar_box: fillColor = <class 'numpy.ndarray'>
311.7752 	EXP 	forgotten_box: fillColor = <class 'numpy.ndarray'>
311.7752 	EXP 	stim_image: image = 'phase2_images/Ambulance 1.jpg'
311.7752 	EXP 	fixation: autoDraw = True
312.7608 	EXP 	stim_image: autoDraw = True
312.7720 	EXP 	fixation: autoDraw = False
315.7650 	EXP 	stim_image: autoDraw = False
315.7650 	EXP 	text: autoDraw = True
315.7650 	EXP 	remember_box: autoDraw = True
315.7650 	EXP 	familiar_box: autoDraw = True
315.7650 	EXP 	forgotten_box: autoDraw = True
315.7650 	EXP 	remember_text: autoDraw = True
315.7650 	EXP 	familiar_text: autoDraw = True
315.7650 	EXP 	forgotten_text: autoDraw = True
316.5602 	DATA 	Mouse: Left button down, pos=(451,193)
316.5718 	EXP 	fixation: autoDraw = False
316.5718 	EXP 	stim_image: autoDraw = False
316.5718 	EXP 	text: autoDraw = False
316.5718 	EXP 	remember_box: autoDraw = False
316.5718 	EXP 	familiar_box: autoDraw = False
316.5718 	EXP 	forgotten_box: autoDraw = False
316.5718 	EXP 	remember_text: autoDraw = False
316.5718 	EXP 	familiar_text: autoDraw = False
316.5718 	EXP 	forgotten_text: autoDraw = False
316.5718 	EXP 	remember_box: fillColor = 'blue'
316.7850 	DATA 	Mouse:  Left button up, pos=(451,193)
316.8723 	EXP 	New trial (rep=0, index=48): <Trial 48 (48 in rep 0) data={'image_name': 'Fire 9.jpg', 'condition': 'old', 'thisN': 48, 'thisTrialN': 48, 'thisRepN': 0}>
316.8842 	EXP 	remember_box: fillColor = <class 'numpy.ndarray'>
316.8842 	EXP 	familiar_box: fillColor = <class 'numpy.ndarray'>
316.8842 	EXP 	forgotten_box: fillColor = <class 'numpy.ndarray'>
316.8842 	EXP 	stim_image: image = 'phase2_images/Fire 9.jpg'
316.8842 	EXP 	fixation: autoDraw = True
317.8619 	EXP 	stim_image: autoDraw = True
317.8769 	EXP 	fixation: autoDraw = False
320.8552 	EXP 	stim_image: autoDraw = False
320.8658 	EXP 	text: autoDraw = True
320.8658 	EXP 	remember_box: autoDraw = True
320.8658 	EXP 	familiar_box: autoDraw = True
320.8658 	EXP 	forgotten_box: autoDraw = True
320.8658 	EXP 	remember_text: autoDraw = True
320.8658 	EXP 	familiar_text: autoDraw = True
320.8658 	EXP 	forgotten_text: autoDraw = True
323.0730 	DATA 	Mouse: Left button down, pos=(480,219)
323.0792 	EXP 	fixation: autoDraw = False
323.0792 	EXP 	stim_image: autoDraw = False
323.0792 	EXP 	text: autoDraw = False
323.0792 	EXP 	remember_box: autoDraw = False
323.0792 	EXP 	familiar_box: autoDraw = False
323.0792 	EXP 	forgotten_box: autoDraw = False
323.0792 	EXP 	remember_text: autoDraw = False
323.0792 	EXP 	familiar_text: autoDraw = False
323.0792 	EXP 	forgotten_text: autoDraw = False
323.0792 	EXP 	remember_box: fillColor = 'blue'
323.3332 	DATA 	Mouse:  Left button up, pos=(480,220)
323.3798 	EXP 	New trial (rep=0, index=49): <Trial 49 (49 in rep 0) data={'image_name': 'Bark 6.jpg', 'condition': 'old', 'thisN': 49, 'thisTrialN': 49, 'thisRepN': 0}>
323.3919 	EXP 	remember_box: fillColor = <class 'numpy.ndarray'>
323.3919 	EXP 	familiar_box: fillColor = <class 'numpy.ndarray'>
323.3919 	EXP 	forgotten_box: fillColor = <class 'numpy.ndarray'>
323.3919 	EXP 	stim_image: image = 'phase2_images/Bark 6.jpg'
323.3919 	EXP 	fixation: autoDraw = True
324.3786 	EXP 	stim_image: autoDraw = True
324.3885 	EXP 	fixation: autoDraw = False
326.9134 	DATA 	Mouse: Left button down, pos=(485,250)
327.1409 	DATA 	Mouse:  Left button up, pos=(485,250)
327.3798 	EXP 	stim_image: autoDraw = False
327.3798 	EXP 	text: autoDraw = True
327.3798 	EXP 	remember_box: autoDraw = True
327.3798 	EXP 	familiar_box: autoDraw = True
327.3798 	EXP 	forgotten_box: autoDraw = True
327.3798 	EXP 	remember_text: autoDraw = True
327.3798 	EXP 	familiar_text: autoDraw = True
327.3798 	EXP 	forgotten_text: autoDraw = True
328.4461 	DATA 	Mouse: Left button down, pos=(455,183)
328.4542 	EXP 	fixation: autoDraw = False
328.4542 	EXP 	stim_image: autoDraw = False
328.4542 	EXP 	text: autoDraw = False
328.4542 	EXP 	remember_box: autoDraw = False
328.4542 	EXP 	familiar_box: autoDraw = False
328.4542 	EXP 	forgotten_box: autoDraw = False
328.4542 	EXP 	remember_text: autoDraw = False
328.4542 	EXP 	familiar_text: autoDraw = False
328.4542 	EXP 	forgotten_text: autoDraw = False
328.4542 	EXP 	remember_box: fillColor = 'blue'
328.6786 	DATA 	Mouse:  Left button up, pos=(455,183)
328.7546 	EXP 	New trial (rep=0, index=50): <Trial 50 (50 in rep 0) data={'image_name': 'Explosion 5.jpg', 'condition': 'new', 'thisN': 50, 'thisTrialN': 50, 'thisRepN': 0}>
328.7665 	EXP 	remember_box: fillColor = <class 'numpy.ndarray'>
328.7665 	EXP 	familiar_box: fillColor = <class 'numpy.ndarray'>
328.7665 	EXP 	forgotten_box: fillColor = <class 'numpy.ndarray'>
328.7665 	EXP 	stim_image: image = 'phase2_images/Explosion 5.jpg'
328.7665 	EXP 	fixation: autoDraw = True
329.7455 	EXP 	stim_image: autoDraw = True
329.7597 	EXP 	fixation: autoDraw = False
332.7483 	EXP 	stim_image: autoDraw = False
332.7483 	EXP 	text: autoDraw = True
332.7483 	EXP 	remember_box: autoDraw = True
332.7483 	EXP 	familiar_box: autoDraw = True
332.7483 	EXP 	forgotten_box: autoDraw = True
332.7483 	EXP 	remember_text: autoDraw = True
332.7483 	EXP 	familiar_text: autoDraw = True
332.7483 	EXP 	forgotten_text: autoDraw = True
333.8420 	DATA 	Mouse: Left button down, pos=(482,208)
333.8535 	EXP 	fixation: autoDraw = False
333.8535 	EXP 	stim_image: autoDraw = False
333.8535 	EXP 	text: autoDraw = False
333.8535 	EXP 	remember_box: autoDraw = False
333.8535 	EXP 	familiar_box: autoDraw = False
333.8535 	EXP 	forgotten_box: autoDraw = False
333.8535 	EXP 	remember_text: autoDraw = False
333.8535 	EXP 	familiar_text: autoDraw = False
333.8535 	EXP 	forgotten_text: autoDraw = False
333.8535 	EXP 	remember_box: fillColor = 'blue'
334.0355 	DATA 	Mouse:  Left button up, pos=(482,208)
334.1540 	EXP 	New trial (rep=0, index=51): <Trial 51 (51 in rep 0) data={'image_name': 'Dog attack 3.jpg', 'condition': 'old', 'thisN': 51, 'thisTrialN': 51, 'thisRepN': 0}>
334.1665 	EXP 	remember_box: fillColor = <class 'numpy.ndarray'>
334.1665 	EXP 	familiar_box: fillColor = <class 'numpy.ndarray'>
334.1665 	EXP 	forgotten_box: fillColor = <class 'numpy.ndarray'>
334.1665 	EXP 	stim_image: image = 'phase2_images/Dog attack 3.jpg'
334.1665 	EXP 	fixation: autoDraw = True
335.1460 	EXP 	stim_image: autoDraw = True
335.1577 	EXP 	fixation: autoDraw = False
337.1254 	DATA 	Mouse: Left button down, pos=(595,357)
337.3569 	DATA 	Mouse:  Left button up, pos=(595,357)
338.1480 	EXP 	stim_image: autoDraw = False
338.1480 	EXP 	text: autoDraw = True
338.1480 	EXP 	remember_box: autoDraw = True
338.1480 	EXP 	familiar_box: autoDraw = True
338.1480 	EXP 	forgotten_box: autoDraw = True
338.1480 	EXP 	remember_text: autoDraw = True
338.1480 	EXP 	familiar_text: autoDraw = True
338.1480 	EXP 	forgotten_text: autoDraw = True
339.8301 	DATA 	Mouse: Left button down, pos=(364,193)
339.8370 	EXP 	fixation: autoDraw = False
339.8370 	EXP 	stim_image: autoDraw = False
339.8370 	EXP 	text: autoDraw = False
339.8370 	EXP 	remember_box: autoDraw = False
339.8370 	EXP 	familiar_box: autoDraw = False
339.8370 	EXP 	forgotten_box: autoDraw = False
339.8370 	EXP 	remember_text: autoDraw = False
339.8370 	EXP 	familiar_text: autoDraw = False
339.8370 	EXP 	forgotten_text: autoDraw = False
339.8370 	EXP 	remember_box: fillColor = 'blue'
340.0323 	DATA 	Mouse:  Left button up, pos=(364,193)
340.1374 	EXP 	New trial (rep=0, index=52): <Trial 52 (52 in rep 0) data={'image_name': 'Astronaut 2', 'condition': 'new', 'thisN': 52, 'thisTrialN': 52, 'thisRepN': 0}>
340.1389 	WARNING 	Requested image 'phase2_images/Astronaut 2' not found but similar filename 'phase2_images/Astronaut 2.jpg' exists. This will be used instead but changing the filename is advised.
340.1492 	EXP 	remember_box: fillColor = <class 'numpy.ndarray'>
340.1492 	EXP 	familiar_box: fillColor = <class 'numpy.ndarray'>
340.1492 	EXP 	forgotten_box: fillColor = <class 'numpy.ndarray'>
340.1492 	EXP 	stim_image: image = 'phase2_images/Astronaut 2'
340.1492 	EXP 	fixation: autoDraw = True
341.1275 	EXP 	stim_image: autoDraw = True
341.1435 	EXP 	fixation: autoDraw = False
342.9749 	DATA 	Mouse: Left button down, pos=(437,244)
343.1906 	DATA 	Mouse:  Left button up, pos=(437,244)
344.1216 	EXP 	stim_image: autoDraw = False
344.1294 	EXP 	text: autoDraw = True
344.1294 	EXP 	remember_box: autoDraw = True
344.1294 	EXP 	familiar_box: autoDraw = True
344.1294 	EXP 	forgotten_box: autoDraw = True
344.1294 	EXP 	remember_text: autoDraw = True
344.1294 	EXP 	familiar_text: autoDraw = True
344.1294 	EXP 	forgotten_text: autoDraw = True
346.6942 	DATA 	Mouse: Left button down, pos=(1154,168)
346.7050 	EXP 	fixation: autoDraw = False
346.7050 	EXP 	stim_image: autoDraw = False
346.7050 	EXP 	text: autoDraw = False
346.7050 	EXP 	remember_box: autoDraw = False
346.7050 	EXP 	familiar_box: autoDraw = False
346.7050 	EXP 	forgotten_box: autoDraw = False
346.7050 	EXP 	remember_text: autoDraw = False
346.7050 	EXP 	familiar_text: autoDraw = False
346.7050 	EXP 	forgotten_text: autoDraw = False
346.7050 	EXP 	forgotten_box: fillColor = 'blue'
346.8791 	DATA 	Mouse:  Left button up, pos=(1154,169)
347.0054 	EXP 	New trial (rep=0, index=53): <Trial 53 (53 in rep 0) data={'image_name': 'Jail 1.jpg', 'condition': 'new', 'thisN': 53, 'thisTrialN': 53, 'thisRepN': 0}>
347.0167 	EXP 	remember_box: fillColor = <class 'numpy.ndarray'>
347.0167 	EXP 	familiar_box: fillColor = <class 'numpy.ndarray'>
347.0167 	EXP 	forgotten_box: fillColor = <class 'numpy.ndarray'>
347.0167 	EXP 	stim_image: image = 'phase2_images/Jail 1.jpg'
347.0167 	EXP 	fixation: autoDraw = True
347.9938 	EXP 	stim_image: autoDraw = True
348.0100 	EXP 	fixation: autoDraw = False
350.9881 	EXP 	stim_image: autoDraw = False
350.9970 	EXP 	text: autoDraw = True
350.9970 	EXP 	remember_box: autoDraw = True
350.9970 	EXP 	familiar_box: autoDraw = True
350.9970 	EXP 	forgotten_box: autoDraw = True
350.9970 	EXP 	remember_text: autoDraw = True
350.9970 	EXP 	familiar_text: autoDraw = True
350.9970 	EXP 	forgotten_text: autoDraw = True
353.0052 	DATA 	Mouse: Left button down, pos=(1154,168)
353.0108 	EXP 	fixation: autoDraw = False
353.0108 	EXP 	stim_image: autoDraw = False
353.0108 	EXP 	text: autoDraw = False
353.0108 	EXP 	remember_box: autoDraw = False
353.0108 	EXP 	familiar_box: autoDraw = False
353.0108 	EXP 	forgotten_box: autoDraw = False
353.0108 	EXP 	remember_text: autoDraw = False
353.0108 	EXP 	familiar_text: autoDraw = False
353.0108 	EXP 	forgotten_text: autoDraw = False
353.0108 	EXP 	forgotten_box: fillColor = 'blue'
353.2090 	DATA 	Mouse:  Left button up, pos=(1154,168)
353.3112 	EXP 	New trial (rep=0, index=54): <Trial 54 (54 in rep 0) data={'image_name': 'Statue 2.jpg', 'condition': 'new', 'thisN': 54, 'thisTrialN': 54, 'thisRepN': 0}>
353.3232 	EXP 	remember_box: fillColor = <class 'numpy.ndarray'>
353.3232 	EXP 	familiar_box: fillColor = <class 'numpy.ndarray'>
353.3232 	EXP 	forgotten_box: fillColor = <class 'numpy.ndarray'>
353.3232 	EXP 	stim_image: image = 'phase2_images/Statue 2.jpg'
353.3232 	EXP 	fixation: autoDraw = True
354.3113 	EXP 	stim_image: autoDraw = True
354.3216 	EXP 	fixation: autoDraw = False
357.3151 	EXP 	stim_image: autoDraw = False
357.3151 	EXP 	text: autoDraw = True
357.3151 	EXP 	remember_box: autoDraw = True
357.3151 	EXP 	familiar_box: autoDraw = True
357.3151 	EXP 	forgotten_box: autoDraw = True
357.3151 	EXP 	remember_text: autoDraw = True
357.3151 	EXP 	familiar_text: autoDraw = True
357.3151 	EXP 	forgotten_text: autoDraw = True
358.4469 	DATA 	Mouse: Left button down, pos=(1154,168)
358.4537 	EXP 	fixation: autoDraw = False
358.4537 	EXP 	stim_image: autoDraw = False
358.4537 	EXP 	text: autoDraw = False
358.4537 	EXP 	remember_box: autoDraw = False
358.4537 	EXP 	familiar_box: autoDraw = False
358.4537 	EXP 	forgotten_box: autoDraw = False
358.4537 	EXP 	remember_text: autoDraw = False
358.4537 	EXP 	familiar_text: autoDraw = False
358.4537 	EXP 	forgotten_text: autoDraw = False
358.4537 	EXP 	forgotten_box: fillColor = 'blue'
358.5743 	DATA 	Mouse:  Left button up, pos=(1154,168)
358.7542 	EXP 	New trial (rep=0, index=55): <Trial 55 (55 in rep 0) data={'image_name': 'Sidewalk 2.jpg', 'condition': 'old', 'thisN': 55, 'thisTrialN': 55, 'thisRepN': 0}>
358.7653 	EXP 	remember_box: fillColor = <class 'numpy.ndarray'>
358.7653 	EXP 	familiar_box: fillColor = <class 'numpy.ndarray'>
358.7653 	EXP 	forgotten_box: fillColor = <class 'numpy.ndarray'>
358.7653 	EXP 	stim_image: image = 'phase2_images/Sidewalk 2.jpg'
358.7653 	EXP 	fixation: autoDraw = True
359.7458 	EXP 	stim_image: autoDraw = True
359.7595 	EXP 	fixation: autoDraw = False
362.7481 	EXP 	stim_image: autoDraw = False
362.7481 	EXP 	text: autoDraw = True
362.7481 	EXP 	remember_box: autoDraw = True
362.7481 	EXP 	familiar_box: autoDraw = True
362.7481 	EXP 	forgotten_box: autoDraw = True
362.7481 	EXP 	remember_text: autoDraw = True
362.7481 	EXP 	familiar_text: autoDraw = True
362.7481 	EXP 	forgotten_text: autoDraw = True
363.4708 	DATA 	Mouse: Left button down, pos=(1154,168)
363.4764 	EXP 	fixation: autoDraw = False
363.4764 	EXP 	stim_image: autoDraw = False
363.4764 	EXP 	text: autoDraw = False
363.4764 	EXP 	remember_box: autoDraw = False
363.4764 	EXP 	familiar_box: autoDraw = False
363.4764 	EXP 	forgotten_box: autoDraw = False
363.4764 	EXP 	remember_text: autoDraw = False
363.4764 	EXP 	familiar_text: autoDraw = False
363.4764 	EXP 	forgotten_text: autoDraw = False
363.4764 	EXP 	forgotten_box: fillColor = 'blue'
363.6802 	DATA 	Mouse:  Left button up, pos=(1154,168)
363.7769 	EXP 	New trial (rep=0, index=56): <Trial 56 (56 in rep 0) data={'image_name': 'Plane crash 1.jpg', 'condition': 'old', 'thisN': 56, 'thisTrialN': 56, 'thisRepN': 0}>
363.7874 	EXP 	remember_box: fillColor = <class 'numpy.ndarray'>
363.7874 	EXP 	familiar_box: fillColor = <class 'numpy.ndarray'>
363.7874 	EXP 	forgotten_box: fillColor = <class 'numpy.ndarray'>
363.7874 	EXP 	stim_image: image = 'phase2_images/Plane crash 1.jpg'
363.7874 	EXP 	fixation: autoDraw = True
364.7713 	EXP 	stim_image: autoDraw = True
364.7773 	EXP 	fixation: autoDraw = False
366.5256 	DATA 	Mouse: Left button down, pos=(713,199)
366.7234 	DATA 	Mouse:  Left button up, pos=(713,199)
367.7603 	EXP 	stim_image: autoDraw = False
367.7701 	EXP 	text: autoDraw = True
367.7701 	EXP 	remember_box: autoDraw = True
367.7701 	EXP 	familiar_box: autoDraw = True
367.7701 	EXP 	forgotten_box: autoDraw = True
367.7701 	EXP 	remember_text: autoDraw = True
367.7701 	EXP 	familiar_text: autoDraw = True
367.7701 	EXP 	forgotten_text: autoDraw = True
369.3552 	DATA 	Mouse: Left button down, pos=(389,211)
369.3610 	EXP 	fixation: autoDraw = False
369.3610 	EXP 	stim_image: autoDraw = False
369.3610 	EXP 	text: autoDraw = False
369.3610 	EXP 	remember_box: autoDraw = False
369.3610 	EXP 	familiar_box: autoDraw = False
369.3610 	EXP 	forgotten_box: autoDraw = False
369.3610 	EXP 	remember_text: autoDraw = False
369.3610 	EXP 	familiar_text: autoDraw = False
369.3610 	EXP 	forgotten_text: autoDraw = False
369.3610 	EXP 	remember_box: fillColor = 'blue'
369.5608 	DATA 	Mouse:  Left button up, pos=(388,211)
369.6615 	EXP 	New trial (rep=0, index=57): <Trial 57 (57 in rep 0) data={'image_name': 'Football player 1.jpg', 'condition': 'old', 'thisN': 57, 'thisTrialN': 57, 'thisRepN': 0}>
369.6738 	EXP 	remember_box: fillColor = <class 'numpy.ndarray'>
369.6738 	EXP 	familiar_box: fillColor = <class 'numpy.ndarray'>
369.6738 	EXP 	forgotten_box: fillColor = <class 'numpy.ndarray'>
369.6738 	EXP 	stim_image: image = 'phase2_images/Football player 1.jpg'
369.6738 	EXP 	fixation: autoDraw = True
370.6548 	EXP 	stim_image: autoDraw = True
370.6715 	EXP 	fixation: autoDraw = False
373.6430 	EXP 	stim_image: autoDraw = False
373.6635 	EXP 	text: autoDraw = True
373.6635 	EXP 	remember_box: autoDraw = True
373.6635 	EXP 	familiar_box: autoDraw = True
373.6635 	EXP 	forgotten_box: autoDraw = True
373.6635 	EXP 	remember_text: autoDraw = True
373.6635 	EXP 	familiar_text: autoDraw = True
373.6635 	EXP 	forgotten_text: autoDraw = True
374.5228 	DATA 	Mouse: Left button down, pos=(384,178)
374.5295 	EXP 	fixation: autoDraw = False
374.5295 	EXP 	stim_image: autoDraw = False
374.5295 	EXP 	text: autoDraw = False
374.5295 	EXP 	remember_box: autoDraw = False
374.5295 	EXP 	familiar_box: autoDraw = False
374.5295 	EXP 	forgotten_box: autoDraw = False
374.5295 	EXP 	remember_text: autoDraw = False
374.5295 	EXP 	familiar_text: autoDraw = False
374.5295 	EXP 	forgotten_text: autoDraw = False
374.5295 	EXP 	remember_box: fillColor = 'blue'
374.6681 	DATA 	Mouse:  Left button up, pos=(384,178)
374.8301 	EXP 	New trial (rep=0, index=58): <Trial 58 (58 in rep 0) data={'image_name': 'Dog 31.jpg', 'condition': 'new', 'thisN': 58, 'thisTrialN': 58, 'thisRepN': 0}>
374.8423 	EXP 	remember_box: fillColor = <class 'numpy.ndarray'>
374.8423 	EXP 	familiar_box: fillColor = <class 'numpy.ndarray'>
374.8423 	EXP 	forgotten_box: fillColor = <class 'numpy.ndarray'>
374.8423 	EXP 	stim_image: image = 'phase2_images/Dog 31.jpg'
374.8423 	EXP 	fixation: autoDraw = True
375.8271 	EXP 	stim_image: autoDraw = True
375.8380 	EXP 	fixation: autoDraw = False
377.4241 	DATA 	Mouse: Left button down, pos=(662,304)
377.6455 	DATA 	Mouse:  Left button up, pos=(662,304)
378.8215 	EXP 	stim_image: autoDraw = False
378.8293 	EXP 	text: autoDraw = True
378.8293 	EXP 	remember_box: autoDraw = True
378.8293 	EXP 	familiar_box: autoDraw = True
378.8293 	EXP 	forgotten_box: autoDraw = True
378.8293 	EXP 	remember_text: autoDraw = True
378.8293 	EXP 	familiar_text: autoDraw = True
378.8293 	EXP 	forgotten_text: autoDraw = True
379.6950 	DATA 	Mouse: Left button down, pos=(1058,234)
379.7034 	EXP 	fixation: autoDraw = False
379.7034 	EXP 	stim_image: autoDraw = False
379.7034 	EXP 	text: autoDraw = False
379.7034 	EXP 	remember_box: autoDraw = False
379.7034 	EXP 	familiar_box: autoDraw = False
379.7034 	EXP 	forgotten_box: autoDraw = False
379.7034 	EXP 	remember_text: autoDraw = False
379.7034 	EXP 	familiar_text: autoDraw = False
379.7034 	EXP 	forgotten_text: autoDraw = False
379.7034 	EXP 	forgotten_box: fillColor = 'blue'
379.8979 	DATA 	Mouse:  Left button up, pos=(1058,234)
380.0039 	EXP 	New trial (rep=0, index=59): <Trial 59 (59 in rep 0) data={'image_name': 'Toast 1', 'condition': 'new', 'thisN': 59, 'thisTrialN': 59, 'thisRepN': 0}>
380.0041 	WARNING 	Requested image 'phase2_images/Toast 1' not found but similar filename 'phase2_images/Toast 1.jpg' exists. This will be used instead but changing the filename is advised.
380.0144 	EXP 	remember_box: fillColor = <class 'numpy.ndarray'>
380.0144 	EXP 	familiar_box: fillColor = <class 'numpy.ndarray'>
380.0144 	EXP 	forgotten_box: fillColor = <class 'numpy.ndarray'>
380.0144 	EXP 	stim_image: image = 'phase2_images/Toast 1'
380.0144 	EXP 	fixation: autoDraw = True
380.9946 	EXP 	stim_image: autoDraw = True
381.0090 	EXP 	fixation: autoDraw = False
383.9880 	EXP 	stim_image: autoDraw = False
383.9968 	EXP 	text: autoDraw = True
383.9968 	EXP 	remember_box: autoDraw = True
383.9968 	EXP 	familiar_box: autoDraw = True
383.9968 	EXP 	forgotten_box: autoDraw = True
383.9968 	EXP 	remember_text: autoDraw = True
383.9968 	EXP 	familiar_text: autoDraw = True
383.9968 	EXP 	forgotten_text: autoDraw = True
385.5766 	DATA 	Mouse: Left button down, pos=(1075,197)
385.5878 	EXP 	fixation: autoDraw = False
385.5878 	EXP 	stim_image: autoDraw = False
385.5878 	EXP 	text: autoDraw = False
385.5878 	EXP 	remember_box: autoDraw = False
385.5878 	EXP 	familiar_box: autoDraw = False
385.5878 	EXP 	forgotten_box: autoDraw = False
385.5878 	EXP 	remember_text: autoDraw = False
385.5878 	EXP 	familiar_text: autoDraw = False
385.5878 	EXP 	forgotten_text: autoDraw = False
385.5878 	EXP 	forgotten_box: fillColor = 'blue'
385.8021 	DATA 	Mouse:  Left button up, pos=(1075,197)
385.8882 	EXP 	New trial (rep=0, index=60): <Trial 60 (60 in rep 0) data={'image_name': 'War 8.jpg', 'condition': 'old', 'thisN': 60, 'thisTrialN': 60, 'thisRepN': 0}>
385.8982 	EXP 	remember_box: fillColor = <class 'numpy.ndarray'>
385.8982 	EXP 	familiar_box: fillColor = <class 'numpy.ndarray'>
385.8982 	EXP 	forgotten_box: fillColor = <class 'numpy.ndarray'>
385.8982 	EXP 	stim_image: image = 'phase2_images/War 8.jpg'
385.8982 	EXP 	fixation: autoDraw = True
386.8785 	EXP 	stim_image: autoDraw = True
386.8929 	EXP 	fixation: autoDraw = False
388.0088 	DATA 	Mouse: Left button down, pos=(986,289)
388.1742 	DATA 	Mouse:  Left button up, pos=(986,289)
389.8801 	EXP 	stim_image: autoDraw = False
389.8801 	EXP 	text: autoDraw = True
389.8801 	EXP 	remember_box: autoDraw = True
389.8801 	EXP 	familiar_box: autoDraw = True
389.8801 	EXP 	forgotten_box: autoDraw = True
389.8801 	EXP 	remember_text: autoDraw = True
389.8801 	EXP 	familiar_text: autoDraw = True
389.8801 	EXP 	forgotten_text: autoDraw = True
390.2891 	DATA 	Mouse: Left button down, pos=(357,156)
390.2948 	EXP 	fixation: autoDraw = False
390.2948 	EXP 	stim_image: autoDraw = False
390.2948 	EXP 	text: autoDraw = False
390.2948 	EXP 	remember_box: autoDraw = False
390.2948 	EXP 	familiar_box: autoDraw = False
390.2948 	EXP 	forgotten_box: autoDraw = False
390.2948 	EXP 	remember_text: autoDraw = False
390.2948 	EXP 	familiar_text: autoDraw = False
390.2948 	EXP 	forgotten_text: autoDraw = False
390.2948 	EXP 	remember_box: fillColor = 'blue'
390.4568 	DATA 	Mouse:  Left button up, pos=(357,156)
390.5954 	EXP 	New trial (rep=0, index=61): <Trial 61 (61 in rep 0) data={'image_name': 'Stingray 2.jpg', 'condition': 'old', 'thisN': 61, 'thisTrialN': 61, 'thisRepN': 0}>
390.6051 	EXP 	remember_box: fillColor = <class 'numpy.ndarray'>
390.6051 	EXP 	familiar_box: fillColor = <class 'numpy.ndarray'>
390.6051 	EXP 	forgotten_box: fillColor = <class 'numpy.ndarray'>
390.6051 	EXP 	stim_image: image = 'phase2_images/Stingray 2.jpg'
390.6051 	EXP 	fixation: autoDraw = True
391.5942 	EXP 	fixation: autoDraw = False
391.5942 	EXP 	stim_image: autoDraw = True
394.5961 	EXP 	stim_image: autoDraw = False
394.5961 	EXP 	text: autoDraw = True
394.5961 	EXP 	remember_box: autoDraw = True
394.5961 	EXP 	familiar_box: autoDraw = True
394.5961 	EXP 	forgotten_box: autoDraw = True
394.5961 	EXP 	remember_text: autoDraw = True
394.5961 	EXP 	familiar_text: autoDraw = True
394.5961 	EXP 	forgotten_text: autoDraw = True
396.4207 	DATA 	Mouse: Left button down, pos=(1022,178)
396.4263 	EXP 	fixation: autoDraw = False
396.4263 	EXP 	stim_image: autoDraw = False
396.4263 	EXP 	text: autoDraw = False
396.4263 	EXP 	remember_box: autoDraw = False
396.4263 	EXP 	familiar_box: autoDraw = False
396.4263 	EXP 	forgotten_box: autoDraw = False
396.4263 	EXP 	remember_text: autoDraw = False
396.4263 	EXP 	familiar_text: autoDraw = False
396.4263 	EXP 	forgotten_text: autoDraw = False
396.4263 	EXP 	forgotten_box: fillColor = 'blue'
396.6454 	DATA 	Mouse:  Left button up, pos=(1022,178)
396.7267 	EXP 	New trial (rep=0, index=62): <Trial 62 (62 in rep 0) data={'image_name': 'War 6.jpg', 'condition': 'old', 'thisN': 62, 'thisTrialN': 62, 'thisRepN': 0}>
396.7376 	EXP 	remember_box: fillColor = <class 'numpy.ndarray'>
396.7376 	EXP 	familiar_box: fillColor = <class 'numpy.ndarray'>
396.7376 	EXP 	forgotten_box: fillColor = <class 'numpy.ndarray'>
396.7376 	EXP 	stim_image: image = 'phase2_images/War 6.jpg'
396.7376 	EXP 	fixation: autoDraw = True
397.7213 	EXP 	stim_image: autoDraw = True
397.7265 	EXP 	fixation: autoDraw = False
400.7086 	EXP 	stim_image: autoDraw = False
400.7300 	EXP 	text: autoDraw = True
400.7300 	EXP 	remember_box: autoDraw = True
400.7300 	EXP 	familiar_box: autoDraw = True
400.7300 	EXP 	forgotten_box: autoDraw = True
400.7300 	EXP 	remember_text: autoDraw = True
400.7300 	EXP 	familiar_text: autoDraw = True
400.7300 	EXP 	forgotten_text: autoDraw = True
401.5046 	DATA 	Mouse: Left button down, pos=(833,203)
401.5106 	EXP 	fixation: autoDraw = False
401.5106 	EXP 	stim_image: autoDraw = False
401.5106 	EXP 	text: autoDraw = False
401.5106 	EXP 	remember_box: autoDraw = False
401.5106 	EXP 	familiar_box: autoDraw = False
401.5106 	EXP 	forgotten_box: autoDraw = False
401.5106 	EXP 	remember_text: autoDraw = False
401.5106 	EXP 	familiar_text: autoDraw = False
401.5106 	EXP 	forgotten_text: autoDraw = False
401.5106 	EXP 	familiar_box: fillColor = 'blue'
401.7133 	DATA 	Mouse:  Left button up, pos=(833,203)
401.8110 	EXP 	New trial (rep=0, index=63): <Trial 63 (63 in rep 0) data={'image_name': 'Dead bodies 2.jpg', 'condition': 'new', 'thisN': 63, 'thisTrialN': 63, 'thisRepN': 0}>
401.8231 	EXP 	remember_box: fillColor = <class 'numpy.ndarray'>
401.8231 	EXP 	familiar_box: fillColor = <class 'numpy.ndarray'>
401.8231 	EXP 	forgotten_box: fillColor = <class 'numpy.ndarray'>
401.8231 	EXP 	stim_image: image = 'phase2_images/Dead bodies 2.jpg'
401.8231 	EXP 	fixation: autoDraw = True
402.8045 	EXP 	stim_image: autoDraw = True
402.8211 	EXP 	fixation: autoDraw = False
405.7932 	EXP 	stim_image: autoDraw = False
405.8132 	EXP 	text: autoDraw = True
405.8132 	EXP 	remember_box: autoDraw = True
405.8132 	EXP 	familiar_box: autoDraw = True
405.8132 	EXP 	forgotten_box: autoDraw = True
405.8132 	EXP 	remember_text: autoDraw = True
405.8132 	EXP 	familiar_text: autoDraw = True
405.8132 	EXP 	forgotten_text: autoDraw = True
406.8562 	DATA 	Mouse: Left button down, pos=(975,175)
406.8626 	EXP 	fixation: autoDraw = False
406.8626 	EXP 	stim_image: autoDraw = False
406.8626 	EXP 	text: autoDraw = False
406.8626 	EXP 	remember_box: autoDraw = False
406.8626 	EXP 	familiar_box: autoDraw = False
406.8626 	EXP 	forgotten_box: autoDraw = False
406.8626 	EXP 	remember_text: autoDraw = False
406.8626 	EXP 	familiar_text: autoDraw = False
406.8626 	EXP 	forgotten_text: autoDraw = False
406.8626 	EXP 	forgotten_box: fillColor = 'blue'
407.0737 	DATA 	Mouse:  Left button up, pos=(975,175)
407.1630 	EXP 	New trial (rep=0, index=64): <Trial 64 (64 in rep 0) data={'image_name': 'Building 2.jpg', 'condition': 'new', 'thisN': 64, 'thisTrialN': 64, 'thisRepN': 0}>
407.1743 	EXP 	remember_box: fillColor = <class 'numpy.ndarray'>
407.1743 	EXP 	familiar_box: fillColor = <class 'numpy.ndarray'>
407.1743 	EXP 	forgotten_box: fillColor = <class 'numpy.ndarray'>
407.1743 	EXP 	stim_image: image = 'phase2_images/Building 2.jpg'
407.1743 	EXP 	fixation: autoDraw = True
408.1602 	EXP 	stim_image: autoDraw = True
408.1712 	EXP 	fixation: autoDraw = False
411.1544 	EXP 	stim_image: autoDraw = False
411.1633 	EXP 	text: autoDraw = True
411.1633 	EXP 	remember_box: autoDraw = True
411.1633 	EXP 	familiar_box: autoDraw = True
411.1633 	EXP 	forgotten_box: autoDraw = True
411.1633 	EXP 	remember_text: autoDraw = True
411.1633 	EXP 	familiar_text: autoDraw = True
411.1633 	EXP 	forgotten_text: autoDraw = True
411.6538 	DATA 	Mouse: Left button down, pos=(972,182)
411.6598 	EXP 	fixation: autoDraw = False
411.6598 	EXP 	stim_image: autoDraw = False
411.6598 	EXP 	text: autoDraw = False
411.6598 	EXP 	remember_box: autoDraw = False
411.6598 	EXP 	familiar_box: autoDraw = False
411.6598 	EXP 	forgotten_box: autoDraw = False
411.6598 	EXP 	remember_text: autoDraw = False
411.6598 	EXP 	familiar_text: autoDraw = False
411.6598 	EXP 	forgotten_text: autoDraw = False
411.6598 	EXP 	forgotten_box: fillColor = 'blue'
411.8507 	DATA 	Mouse:  Left button up, pos=(972,182)
411.9602 	EXP 	New trial (rep=0, index=65): <Trial 65 (65 in rep 0) data={'image_name': 'Gun 5.jpg', 'condition': 'old', 'thisN': 65, 'thisTrialN': 65, 'thisRepN': 0}>
411.9709 	EXP 	remember_box: fillColor = <class 'numpy.ndarray'>
411.9709 	EXP 	familiar_box: fillColor = <class 'numpy.ndarray'>
411.9709 	EXP 	forgotten_box: fillColor = <class 'numpy.ndarray'>
411.9709 	EXP 	stim_image: image = 'phase2_images/Gun 5.jpg'
411.9709 	EXP 	fixation: autoDraw = True
412.9546 	EXP 	stim_image: autoDraw = True
412.9592 	EXP 	fixation: autoDraw = False
415.9422 	EXP 	stim_image: autoDraw = False
415.9640 	EXP 	text: autoDraw = True
415.9640 	EXP 	remember_box: autoDraw = True
415.9640 	EXP 	familiar_box: autoDraw = True
415.9640 	EXP 	forgotten_box: autoDraw = True
415.9640 	EXP 	remember_text: autoDraw = True
415.9640 	EXP 	familiar_text: autoDraw = True
415.9640 	EXP 	forgotten_text: autoDraw = True
418.1553 	DATA 	Mouse: Left button down, pos=(489,171)
418.1612 	EXP 	fixation: autoDraw = False
418.1612 	EXP 	stim_image: autoDraw = False
418.1612 	EXP 	text: autoDraw = False
418.1612 	EXP 	remember_box: autoDraw = False
418.1612 	EXP 	familiar_box: autoDraw = False
418.1612 	EXP 	forgotten_box: autoDraw = False
418.1612 	EXP 	remember_text: autoDraw = False
418.1612 	EXP 	familiar_text: autoDraw = False
418.1612 	EXP 	forgotten_text: autoDraw = False
418.1612 	EXP 	remember_box: fillColor = 'blue'
418.3234 	DATA 	Mouse:  Left button up, pos=(489,171)
418.4617 	EXP 	New trial (rep=0, index=66): <Trial 66 (66 in rep 0) data={'image_name': 'Pigeon 6.jpg', 'condition': 'old', 'thisN': 66, 'thisTrialN': 66, 'thisRepN': 0}>
418.4751 	EXP 	remember_box: fillColor = <class 'numpy.ndarray'>
418.4751 	EXP 	familiar_box: fillColor = <class 'numpy.ndarray'>
418.4751 	EXP 	forgotten_box: fillColor = <class 'numpy.ndarray'>
418.4751 	EXP 	stim_image: image = 'phase2_images/Pigeon 6.jpg'
418.4751 	EXP 	fixation: autoDraw = True
419.4622 	EXP 	stim_image: autoDraw = True
419.4712 	EXP 	fixation: autoDraw = False
421.5627 	DATA 	Mouse: Left button down, pos=(489,171)
421.7911 	DATA 	Mouse:  Left button up, pos=(489,171)
422.4628 	EXP 	stim_image: autoDraw = False
422.4628 	EXP 	text: autoDraw = True
422.4628 	EXP 	remember_box: autoDraw = True
422.4628 	EXP 	familiar_box: autoDraw = True
422.4628 	EXP 	forgotten_box: autoDraw = True
422.4628 	EXP 	remember_text: autoDraw = True
422.4628 	EXP 	familiar_text: autoDraw = True
422.4628 	EXP 	forgotten_text: autoDraw = True
423.0292 	DATA 	Mouse: Left button down, pos=(489,171)
423.0362 	EXP 	fixation: autoDraw = False
423.0362 	EXP 	stim_image: autoDraw = False
423.0362 	EXP 	text: autoDraw = False
423.0362 	EXP 	remember_box: autoDraw = False
423.0362 	EXP 	familiar_box: autoDraw = False
423.0362 	EXP 	forgotten_box: autoDraw = False
423.0362 	EXP 	remember_text: autoDraw = False
423.0362 	EXP 	familiar_text: autoDraw = False
423.0362 	EXP 	forgotten_text: autoDraw = False
423.0362 	EXP 	remember_box: fillColor = 'blue'
423.2359 	DATA 	Mouse:  Left button up, pos=(489,171)
423.3367 	EXP 	New trial (rep=0, index=67): <Trial 67 (67 in rep 0) data={'image_name': 'Car accident 2.jpg', 'condition': 'old', 'thisN': 67, 'thisTrialN': 67, 'thisRepN': 0}>
423.3475 	EXP 	remember_box: fillColor = <class 'numpy.ndarray'>
423.3475 	EXP 	familiar_box: fillColor = <class 'numpy.ndarray'>
423.3475 	EXP 	forgotten_box: fillColor = <class 'numpy.ndarray'>
423.3475 	EXP 	stim_image: image = 'phase2_images/Car accident 2.jpg'
423.3475 	EXP 	fixation: autoDraw = True
424.3269 	EXP 	stim_image: autoDraw = True
424.3439 	EXP 	fixation: autoDraw = False
427.3290 	EXP 	stim_image: autoDraw = False
427.3290 	EXP 	text: autoDraw = True
427.3290 	EXP 	remember_box: autoDraw = True
427.3290 	EXP 	familiar_box: autoDraw = True
427.3290 	EXP 	forgotten_box: autoDraw = True
427.3290 	EXP 	remember_text: autoDraw = True
427.3290 	EXP 	familiar_text: autoDraw = True
427.3290 	EXP 	forgotten_text: autoDraw = True
428.1283 	DATA 	Mouse: Left button down, pos=(715,167)
428.1360 	EXP 	fixation: autoDraw = False
428.1360 	EXP 	stim_image: autoDraw = False
428.1360 	EXP 	text: autoDraw = False
428.1360 	EXP 	remember_box: autoDraw = False
428.1360 	EXP 	familiar_box: autoDraw = False
428.1360 	EXP 	forgotten_box: autoDraw = False
428.1360 	EXP 	remember_text: autoDraw = False
428.1360 	EXP 	familiar_text: autoDraw = False
428.1360 	EXP 	forgotten_text: autoDraw = False
428.1360 	EXP 	familiar_box: fillColor = 'blue'
428.3357 	DATA 	Mouse:  Left button up, pos=(714,165)
428.4364 	EXP 	New trial (rep=0, index=68): <Trial 68 (68 in rep 0) data={'image_name': 'Grass 6.jpg', 'condition': 'old', 'thisN': 68, 'thisTrialN': 68, 'thisRepN': 0}>
428.4475 	EXP 	remember_box: fillColor = <class 'numpy.ndarray'>
428.4475 	EXP 	familiar_box: fillColor = <class 'numpy.ndarray'>
428.4475 	EXP 	forgotten_box: fillColor = <class 'numpy.ndarray'>
428.4475 	EXP 	stim_image: image = 'phase2_images/Grass 6.jpg'
428.4475 	EXP 	fixation: autoDraw = True
429.4275 	EXP 	stim_image: autoDraw = True
429.4439 	EXP 	fixation: autoDraw = False
432.4288 	EXP 	stim_image: autoDraw = False
432.4288 	EXP 	text: autoDraw = True
432.4288 	EXP 	remember_box: autoDraw = True
432.4288 	EXP 	familiar_box: autoDraw = True
432.4288 	EXP 	forgotten_box: autoDraw = True
432.4288 	EXP 	remember_text: autoDraw = True
432.4288 	EXP 	familiar_text: autoDraw = True
432.4288 	EXP 	forgotten_text: autoDraw = True
433.2732 	DATA 	Mouse: Left button down, pos=(441,201)
433.2876 	EXP 	fixation: autoDraw = False
433.2876 	EXP 	stim_image: autoDraw = False
433.2876 	EXP 	text: autoDraw = False
433.2876 	EXP 	remember_box: autoDraw = False
433.2876 	EXP 	familiar_box: autoDraw = False
433.2876 	EXP 	forgotten_box: autoDraw = False
433.2876 	EXP 	remember_text: autoDraw = False
433.2876 	EXP 	familiar_text: autoDraw = False
433.2876 	EXP 	forgotten_text: autoDraw = False
433.2876 	EXP 	remember_box: fillColor = 'blue'
433.4892 	DATA 	Mouse:  Left button up, pos=(441,201)
433.5881 	EXP 	New trial (rep=0, index=69): <Trial 69 (69 in rep 0) data={'image_name': 'Timber 2.jpg', 'condition': 'new', 'thisN': 69, 'thisTrialN': 69, 'thisRepN': 0}>
433.6000 	EXP 	remember_box: fillColor = <class 'numpy.ndarray'>
433.6000 	EXP 	familiar_box: fillColor = <class 'numpy.ndarray'>
433.6000 	EXP 	forgotten_box: fillColor = <class 'numpy.ndarray'>
433.6000 	EXP 	stim_image: image = 'phase2_images/Timber 2.jpg'
433.6000 	EXP 	fixation: autoDraw = True
434.5773 	EXP 	stim_image: autoDraw = True
434.5935 	EXP 	fixation: autoDraw = False
437.5804 	EXP 	stim_image: autoDraw = False
437.5804 	EXP 	text: autoDraw = True
437.5804 	EXP 	remember_box: autoDraw = True
437.5804 	EXP 	familiar_box: autoDraw = True
437.5804 	EXP 	forgotten_box: autoDraw = True
437.5804 	EXP 	remember_text: autoDraw = True
437.5804 	EXP 	familiar_text: autoDraw = True
437.5804 	EXP 	forgotten_text: autoDraw = True
438.4534 	DATA 	Mouse: Left button down, pos=(627,180)
438.4592 	EXP 	fixation: autoDraw = False
438.4592 	EXP 	stim_image: autoDraw = False
438.4592 	EXP 	text: autoDraw = False
438.4592 	EXP 	remember_box: autoDraw = False
438.4592 	EXP 	familiar_box: autoDraw = False
438.4592 	EXP 	forgotten_box: autoDraw = False
438.4592 	EXP 	remember_text: autoDraw = False
438.4592 	EXP 	familiar_text: autoDraw = False
438.4592 	EXP 	forgotten_text: autoDraw = False
438.4592 	EXP 	familiar_box: fillColor = 'blue'
438.6371 	DATA 	Mouse:  Left button up, pos=(627,180)
438.7597 	EXP 	New trial (rep=0, index=70): <Trial 70 (70 in rep 0) data={'image_name': 'Orangutan 1.jpg', 'condition': 'old', 'thisN': 70, 'thisTrialN': 70, 'thisRepN': 0}>
438.7710 	EXP 	remember_box: fillColor = <class 'numpy.ndarray'>
438.7710 	EXP 	familiar_box: fillColor = <class 'numpy.ndarray'>
438.7710 	EXP 	forgotten_box: fillColor = <class 'numpy.ndarray'>
438.7710 	EXP 	stim_image: image = 'phase2_images/Orangutan 1.jpg'
438.7710 	EXP 	fixation: autoDraw = True
439.7543 	EXP 	stim_image: autoDraw = True
439.7608 	EXP 	fixation: autoDraw = False
442.7422 	EXP 	stim_image: autoDraw = False
442.7534 	EXP 	text: autoDraw = True
442.7534 	EXP 	remember_box: autoDraw = True
442.7534 	EXP 	familiar_box: autoDraw = True
442.7534 	EXP 	forgotten_box: autoDraw = True
442.7534 	EXP 	remember_text: autoDraw = True
442.7534 	EXP 	familiar_text: autoDraw = True
442.7534 	EXP 	forgotten_text: autoDraw = True
443.9549 	DATA 	Mouse: Left button down, pos=(405,194)
443.9608 	EXP 	fixation: autoDraw = False
443.9608 	EXP 	stim_image: autoDraw = False
443.9608 	EXP 	text: autoDraw = False
443.9608 	EXP 	remember_box: autoDraw = False
443.9608 	EXP 	familiar_box: autoDraw = False
443.9608 	EXP 	forgotten_box: autoDraw = False
443.9608 	EXP 	remember_text: autoDraw = False
443.9608 	EXP 	familiar_text: autoDraw = False
443.9608 	EXP 	forgotten_text: autoDraw = False
443.9608 	EXP 	remember_box: fillColor = 'blue'
444.1715 	DATA 	Mouse:  Left button up, pos=(405,194)
444.2613 	EXP 	New trial (rep=0, index=71): <Trial 71 (71 in rep 0) data={'image_name': 'Frustrated pose 2.jpg', 'condition': 'new', 'thisN': 71, 'thisTrialN': 71, 'thisRepN': 0}>
444.2716 	EXP 	remember_box: fillColor = <class 'numpy.ndarray'>
444.2716 	EXP 	familiar_box: fillColor = <class 'numpy.ndarray'>
444.2716 	EXP 	forgotten_box: fillColor = <class 'numpy.ndarray'>
444.2716 	EXP 	stim_image: image = 'phase2_images/Frustrated pose 2.jpg'
444.2716 	EXP 	fixation: autoDraw = True
445.2599 	EXP 	fixation: autoDraw = False
445.2599 	EXP 	stim_image: autoDraw = True
448.2623 	EXP 	stim_image: autoDraw = False
448.2623 	EXP 	text: autoDraw = True
448.2623 	EXP 	remember_box: autoDraw = True
448.2623 	EXP 	familiar_box: autoDraw = True
448.2623 	EXP 	forgotten_box: autoDraw = True
448.2623 	EXP 	remember_text: autoDraw = True
448.2623 	EXP 	familiar_text: autoDraw = True
448.2623 	EXP 	forgotten_text: autoDraw = True
449.5082 	DATA 	Mouse: Left button down, pos=(1020,163)
449.5191 	EXP 	fixation: autoDraw = False
449.5191 	EXP 	stim_image: autoDraw = False
449.5191 	EXP 	text: autoDraw = False
449.5191 	EXP 	remember_box: autoDraw = False
449.5191 	EXP 	familiar_box: autoDraw = False
449.5191 	EXP 	forgotten_box: autoDraw = False
449.5191 	EXP 	remember_text: autoDraw = False
449.5191 	EXP 	familiar_text: autoDraw = False
449.5191 	EXP 	forgotten_text: autoDraw = False
449.5191 	EXP 	forgotten_box: fillColor = 'blue'
449.7089 	DATA 	Mouse:  Left button up, pos=(1020,163)
449.8250 	EXP 	remember_box: fillColor = <class 'numpy.ndarray'>
449.8250 	EXP 	familiar_box: fillColor = <class 'numpy.ndarray'>
449.8250 	EXP 	forgotten_box: fillColor = <class 'numpy.ndarray'>
449.8250 	EXP 	thanks: autoDraw = True
450.8208 	EXP 	thanks: autoDraw = False
450.8208 	EXP 	thanks: autoDraw = False
450.8210 	EXP 	Phase 2 Canli Replication: status = STOPPED
450.8635 	INFO 	saved data to '/Users/vineesmacbook/Desktop/PsychoPy/Solo Project/data/fazila_Phase 2 Canli Replication_2025-11-13_12h33.20.674.csv'
450.8688 	INFO 	saved data to /Users/vineesmacbook/Desktop/PsychoPy/Solo Project/data/fazila_Phase 2 Canli Replication_2025-11-13_12h33.20.674.psydat
451.1950 	WARNING 	Stopping key buffers but this could be dangerous ifother keyboards rely on the same.
451.1951 	WARNING 	Stopping key buffers but this could be dangerous ifother keyboards rely on the same.
