45.6024 	INFO 	Loaded monitor calibration from ['2025_08_12 08:00']
45.8679 	INFO 	Using renderer 'Apple M2' for graphics
45.8680 	INFO 	OpenGL version supported by driver is 2..
45.9145 	EXP 	Created window1 = Window(allowGUI=True, allowStencil=False, autoLog=True, backendConf=UNKNOWN, backgroundFit=<method-wrapper '__getattribute__' of attributeSetter object at 0x150331780>, backgroundImage=<method-wrapper '__getattribute__' of attributeSetter object at 0x150331720>, bitsMode=UNKNOWN, blendMode='avg', bpc=(8, 8, 8), color=array([0.0039, 0.0039, 0.0039]), colorSpace='rgb', depthBits=8, fullscr=True, gamma=None, gammaErrorPolicy='raise', infoMsg=UNKNOWN, lms=UNKNOWN, monitor=<psychopy.monitors.calibTools.Monitor object at 0x15049e5f0>, multiSample=False, name='window1', numSamples=2, pos=[np.float64(0.0), np.float64(0.0)], screen=0, size=array([2940, 1912]), stencilBits=0, stereo=False, title='PsychoPy', units='height', useFBO=True, useRetina=True, viewOri=0.0, viewPos=None, viewScale=None, waitBlanking=True, winType='pyglet')
45.9146 	EXP 	window1: backgroundImage = ''
45.9146 	EXP 	window1: backgroundFit = 'none'
46.4689 	EXP 	window1: Attempting to measure frame rate of screen (0) ...
46.4689 	EXP 	window1: recordFrameIntervals = False
46.6814 	EXP 	window1: recordFrameIntervals = True
47.5155 	WARNING 	Couldn't measure a consistent frame rate!
  - Is your graphics card set to sync to vertical blank?
  - Are you running other processes on your computer?

48.7955 	INFO 	keyboard.Keyboard is using ptb backend.
49.1396 	INFO 	keyboard.Keyboard is using ptb backend.
49.1397 	EXP 	Phase 2 Canli Replication: status = STARTED
49.2172 	EXP 	Created text_2 = TextStim(__class__=<class 'psychopy.visual.text.TextStim'>, alignHoriz=method-wrapper(...), alignText='center', alignVert=method-wrapper(...), anchorHoriz='center', anchorVert='center', antialias=True, autoDraw=False, autoLog=True, bold=False, color=array([1., 1., 1.]), colorSpace='rgb', contrast=1.0, depth=0.0, draggable=False, flipHoriz=False, flipVert=False, font='Arial', fontFiles=[], height=np.float64(0.04), italic=False, languageStyle='LTR', name='text_2', opacity=1, ori=0.0, pos=array([0., 0.]), rgb=UNKNOWN, text=str(...), units='height', win=Window(...), wrapWidth=1)
49.2227 	EXP 	Created fixation = ShapeStim(__class__=<class 'psychopy.visual.shape.ShapeStim'>, anchor=('center', 'center'), autoDraw=False, autoLog=True, closeShape=True, color=method-wrapper(...), colorSpace='rgb', contrast=None, depth=-1.0, draggable=False, fillColor=array([1, 1, 1]), fillColorSpace='rgb', fillRGB=array([1, 1, 1]), interpolate=True, lineColor=array([1., 1., 1.]), lineColorSpace='rgb', lineRGB=array([1, 1, 1]), lineWidth=1.0, name='fixation', opacity=1, ori=0.0, pos=array([0., 0.]), size=array([0.05, 0.05]), units='height', vertices=ndarray(...), win=Window(...), windingRule=None)
49.2664 	EXP 	Created stim_image = ImageStim(__class__=<class 'psychopy.visual.image.ImageStim'>, anchor=('center', 'center'), autoLog=True, color=array([1., 1., 1.]), colorSpace='rgb', contrast=1.0, depth=-2.0, draggable=False, flipHoriz=np.False_, flipVert=np.False_, image='default.png', interpolate=True, mask=None, maskParams=None, name='stim_image', opacity=1, ori=0.0, pos=array([0., 0.]), size=array([0.5, 0.5]), texRes=128.0, units='height', win=Window(...))
49.2740 	EXP 	Created text = TextStim(__class__=<class 'psychopy.visual.text.TextStim'>, alignHoriz=method-wrapper(...), alignText='center', alignVert=method-wrapper(...), anchorHoriz='center', anchorVert='center', antialias=True, autoDraw=False, autoLog=True, bold=False, color=array([1., 1., 1.]), colorSpace='rgb', contrast=1.0, depth=-3.0, draggable=False, flipHoriz=False, flipVert=False, font='Arial', fontFiles=[], height=np.float64(0.05), italic=False, languageStyle='LTR', name='text', opacity=1, ori=0.0, pos=array([0.  , 0.15]), rgb=UNKNOWN, text='Have you seen this image before?', units='height', win=Window(...), wrapWidth=1)
49.2752 	EXP 	Created remember_box = Rect(__class__=<class 'psychopy.visual.rect.Rect'>, anchor=('center', 'center'), autoDraw=False, autoLog=True, closeShape=True, color=method-wrapper(...), colorSpace='rgb', contrast=None, depth=-4.0, draggable=False, fillColor=array([1, 1, 1]), fillColorSpace='rgb', fillRGB=array([1, 1, 1]), interpolate=True, lineColor=array([1., 1., 1.]), lineColorSpace='rgb', lineRGB=array([1, 1, 1]), lineWidth=1.0, name='remember_box', opacity=1, ori=0.0, pos=array([-0.4, -0.3]), size=array([0.35, 0.1 ]), units='height', vertices=ndarray(...), win=Window(...))
49.2764 	EXP 	Created familiar_box = Rect(__class__=<class 'psychopy.visual.rect.Rect'>, anchor=('center', 'center'), autoDraw=False, autoLog=True, closeShape=True, color=method-wrapper(...), colorSpace='rgb', contrast=None, depth=-5.0, draggable=False, fillColor=array([1, 1, 1]), fillColorSpace='rgb', fillRGB=array([1, 1, 1]), interpolate=True, lineColor=array([1., 1., 1.]), lineColorSpace='rgb', lineRGB=array([1, 1, 1]), lineWidth=1.0, name='familiar_box', opacity=1, ori=0.0, pos=array([ 0. , -0.3]), size=array([0.35, 0.1 ]), units='height', vertices=ndarray(...), win=Window(...))
49.2774 	EXP 	Created forgotten_box = Rect(__class__=<class 'psychopy.visual.rect.Rect'>, anchor=('center', 'center'), autoDraw=False, autoLog=True, closeShape=True, color=method-wrapper(...), colorSpace='rgb', contrast=None, depth=-6.0, draggable=False, fillColor=array([1, 1, 1]), fillColorSpace='rgb', fillRGB=array([1, 1, 1]), interpolate=True, lineColor=array([1., 1., 1.]), lineColorSpace='rgb', lineRGB=array([1, 1, 1]), lineWidth=1.0, name='forgotten_box', opacity=1, ori=0.0, pos=array([ 0.4, -0.3]), size=array([0.35, 0.1 ]), units='height', vertices=ndarray(...), win=Window(...))
49.2800 	EXP 	Created remember_text = TextStim(__class__=<class 'psychopy.visual.text.TextStim'>, alignHoriz=method-wrapper(...), alignText='center', alignVert=method-wrapper(...), anchorHoriz='center', anchorVert='center', antialias=True, autoDraw=False, autoLog=True, bold=False, color=array([-1., -1., -1.]), colorSpace='rgb', contrast=1.0, depth=-7.0, draggable=False, flipHoriz=False, flipVert=False, font='Arial', fontFiles=[], height=np.float64(0.05), italic=False, languageStyle='LTR', name='remember_text', opacity=1, ori=0.0, pos=array([-0.4, -0.3]), rgb=UNKNOWN, text='Remembered', units='height', win=Window(...), wrapWidth=1)
49.2821 	EXP 	Created familiar_text = TextStim(__class__=<class 'psychopy.visual.text.TextStim'>, alignHoriz=method-wrapper(...), alignText='center', alignVert=method-wrapper(...), anchorHoriz='center', anchorVert='center', antialias=True, autoDraw=False, autoLog=True, bold=False, color=array([-1., -1., -1.]), colorSpace='rgb', contrast=1.0, depth=-8.0, draggable=False, flipHoriz=False, flipVert=False, font='Arial', fontFiles=[], height=np.float64(0.05), italic=False, languageStyle='LTR', name='familiar_text', opacity=1, ori=0.0, pos=array([ 0. , -0.3]), rgb=UNKNOWN, text='Familiar', units='height', win=Window(...), wrapWidth=1)
49.2839 	EXP 	Created forgotten_text = TextStim(__class__=<class 'psychopy.visual.text.TextStim'>, alignHoriz=method-wrapper(...), alignText='center', alignVert=method-wrapper(...), anchorHoriz='center', anchorVert='center', antialias=True, autoDraw=False, autoLog=True, bold=False, color=array([-1., -1., -1.]), colorSpace='rgb', contrast=1.0, depth=-9.0, draggable=False, flipHoriz=False, flipVert=False, font='Arial', fontFiles=[], height=np.float64(0.05), italic=False, languageStyle='LTR', name='forgotten_text', opacity=1, ori=0.0, pos=array([ 0.4, -0.3]), rgb=UNKNOWN, text='Forgotten', units='height', win=Window(...), wrapWidth=1)
49.2879 	EXP 	Created thanks = TextStim(__class__=<class 'psychopy.visual.text.TextStim'>, alignHoriz=method-wrapper(...), alignText='center', alignVert=method-wrapper(...), anchorHoriz='center', anchorVert='center', antialias=True, autoDraw=False, autoLog=True, bold=False, color=array([1., 1., 1.]), colorSpace='rgb', contrast=1.0, depth=0.0, draggable=False, flipHoriz=False, flipVert=False, font='Arial', fontFiles=[], height=np.float64(0.05), italic=False, languageStyle='LTR', name='thanks', opacity=1, ori=0.0, pos=array([0., 0.]), rgb=UNKNOWN, text='Thank you for taking part in the experiment!', units='height', win=Window(...), wrapWidth=1)
0.0189 	INFO 	Keyboard events cleared
0.0188 	EXP 	text_2: autoDraw = True
1.4089 	EXP 	Device response: <KeyPress from None: t=1.1333942910423502, value=f2, duration=None>
1.4091 	EXP 	Device response: <KeyPress from None: t=1.1333942910423502, value=f2, duration=0.049178791930899024>
1.4092 	EXP 	Device response: <KeyPress from None: t=1.280203083064407, value=f2, duration=None>
1.4093 	EXP 	Device response: <KeyPress from None: t=1.280203083064407, value=f2, duration=0.06433279195334762>
1.4144 	WARNING 	t of last frame was 267.88ms (=1/3)
1.4436 	EXP 	Device response: <KeyPress from None: t=1.4323744160356, value=f2, duration=None>
1.5153 	EXP 	Device response: <KeyPress from None: t=1.4323744160356, value=f2, duration=0.07238362496718764>
2.4012 	EXP 	Device response: <KeyPress from None: t=2.3983587080147117, value=f2, duration=None>
2.4632 	EXP 	Device response: <KeyPress from None: t=2.3983587080147117, value=f2, duration=0.05619100003968924>
2.5527 	EXP 	Device response: <KeyPress from None: t=2.5481998750474304, value=f2, duration=None>
2.5773 	WARNING 	t of last frame was 25.92ms (=1/38)
2.6115 	EXP 	Device response: <KeyPress from None: t=2.5481998750474304, value=f2, duration=0.06040804099757224>
2.6961 	EXP 	Device response: <KeyPress from None: t=2.6922941660741344, value=f2, duration=None>
2.7616 	EXP 	Device response: <KeyPress from None: t=2.6922941660741344, value=f2, duration=0.06031591689679772>
2.8294 	EXP 	Device response: <KeyPress from None: t=2.826206458033994, value=f2, duration=None>
2.9021 	EXP 	Device response: <KeyPress from None: t=2.826206458033994, value=f2, duration=0.06828720797784626>
2.9716 	EXP 	Device response: <KeyPress from None: t=2.962279750034213, value=f2, duration=None>
3.0477 	EXP 	Device response: <KeyPress from None: t=2.962279750034213, value=f2, duration=0.0722154580289498>
3.1212 	WARNING 	t of last frame was 23.56ms (=1/42)
3.1217 	EXP 	Device response: <KeyPress from None: t=3.1053106660256162, value=f2, duration=None>
3.1985 	EXP 	Device response: <KeyPress from None: t=3.1053106660256162, value=f2, duration=0.08027845900505781>
3.2687 	EXP 	Device response: <KeyPress from None: t=3.267292874981649, value=f2, duration=None>
3.2939 	WARNING 	t of last frame was 26.43ms (=1/37)
3.3354 	EXP 	Device response: <KeyPress from None: t=3.267292874981649, value=f2, duration=0.06026412500068545>
3.5625 	EXP 	Device response: <KeyPress from None: t=3.5611542080296203, value=f2, duration=None>
3.6112 	EXP 	Device response: <KeyPress from None: t=3.5611542080296203, value=f2, duration=0.04055358294863254>
3.6849 	EXP 	Device response: <KeyPress from None: t=3.6802772079827264, value=f2, duration=None>
3.7106 	WARNING 	Multiple dropped frames have occurred - I'll stop bothering you about them!
3.7611 	EXP 	Device response: <KeyPress from None: t=3.6802772079827264, value=f2, duration=0.06826775008812547>
26.3137 	DATA 	Mouse: wheel shift=(0,0), pos=(781,282)
26.3292 	DATA 	Mouse: wheel shift=(0,0), pos=(781,282)
26.3464 	DATA 	Mouse: wheel shift=(0,0), pos=(781,282)
26.3630 	DATA 	Mouse: wheel shift=(0,1), pos=(781,282)
26.3799 	DATA 	Mouse: wheel shift=(0,1), pos=(781,282)
26.3969 	DATA 	Mouse: wheel shift=(0,1), pos=(781,282)
26.4132 	DATA 	Mouse: wheel shift=(0,1), pos=(781,282)
26.4297 	DATA 	Mouse: wheel shift=(0,1), pos=(781,282)
26.4465 	DATA 	Mouse: wheel shift=(0,1), pos=(781,282)
26.4632 	DATA 	Mouse: wheel shift=(0,0), pos=(781,282)
26.4798 	DATA 	Mouse: wheel shift=(0,0), pos=(781,282)
26.4971 	DATA 	Mouse: wheel shift=(0,0), pos=(781,282)
26.5131 	DATA 	Mouse: wheel shift=(0,0), pos=(781,282)
26.5296 	DATA 	Mouse: wheel shift=(0,0), pos=(781,282)
26.5464 	DATA 	Mouse: wheel shift=(0,0), pos=(781,282)
26.5470 	DATA 	Mouse: wheel shift=(0,0), pos=(781,282)
26.5641 	DATA 	Mouse: wheel shift=(0,0), pos=(781,282)
26.5791 	DATA 	Mouse: wheel shift=(0,0), pos=(781,282)
26.5963 	DATA 	Mouse: wheel shift=(0,0), pos=(781,282)
26.6130 	DATA 	Mouse: wheel shift=(0,0), pos=(781,282)
26.6307 	DATA 	Mouse: wheel shift=(0,0), pos=(781,282)
26.6466 	DATA 	Mouse: wheel shift=(0,0), pos=(781,282)
26.6639 	DATA 	Mouse: wheel shift=(0,0), pos=(781,282)
26.6802 	DATA 	Mouse: wheel shift=(0,0), pos=(781,282)
26.6963 	DATA 	Mouse: wheel shift=(0,0), pos=(781,282)
26.7130 	DATA 	Mouse: wheel shift=(0,0), pos=(781,282)
26.7297 	DATA 	Mouse: wheel shift=(0,0), pos=(781,282)
26.7464 	DATA 	Mouse: wheel shift=(0,0), pos=(781,282)
26.7629 	DATA 	Mouse: wheel shift=(0,0), pos=(781,282)
26.7805 	DATA 	Mouse: wheel shift=(0,0), pos=(781,282)
26.7969 	DATA 	Mouse: wheel shift=(0,1), pos=(781,282)
26.8130 	DATA 	Mouse: wheel shift=(0,0), pos=(781,282)
26.8297 	DATA 	Mouse: wheel shift=(0,0), pos=(781,282)
26.8469 	DATA 	Mouse: wheel shift=(0,0), pos=(781,282)
26.8477 	DATA 	Mouse: wheel shift=(0,0), pos=(781,282)
35.7200 	DATA 	Mouse: Left button down, pos=(1070,485)
35.9533 	DATA 	Mouse:  Left button up, pos=(1070,485)
36.9977 	DATA 	Mouse: Left button down, pos=(1070,485)
37.4324 	DATA 	Mouse:  Left button up, pos=(1070,485)
43.2788 	EXP 	Device response: <KeyPress from None: t=43.276331749977544, value=space, duration=None>
43.3096 	EXP 	Imported phase2_conditions - Sheet1.csv as conditions, 72 conditions, 2 params
43.3118 	EXP 	New trial (rep=0, index=0): <Trial 0 (0 in rep 0) data={'image_name': 'Frustrated pose 2.jpg', 'condition': 'new', 'thisN': 0, 'thisTrialN': 0, 'thisRepN': 0}>
43.3257 	EXP 	Device response: <KeyPress from None: t=43.276331749977544, value=space, duration=0.0339820000808686>
43.3379 	DATA 	Keypress: space
43.3430 	EXP 	text_2: autoDraw = False
43.3430 	EXP 	stim_image: image = 'phase2_images/Frustrated pose 2.jpg'
43.3430 	EXP 	fixation: autoDraw = True
44.2763 	EXP 	stim_image: autoDraw = True
44.3331 	EXP 	fixation: autoDraw = False
47.2658 	EXP 	stim_image: autoDraw = False
47.2926 	EXP 	text: autoDraw = True
47.2926 	EXP 	remember_box: autoDraw = True
47.2926 	EXP 	familiar_box: autoDraw = True
47.2926 	EXP 	forgotten_box: autoDraw = True
47.2926 	EXP 	remember_text: autoDraw = True
47.2926 	EXP 	familiar_text: autoDraw = True
47.2926 	EXP 	forgotten_text: autoDraw = True
49.2006 	DATA 	Mouse: Left button down, pos=(770,194)
49.2096 	EXP 	fixation: autoDraw = False
49.2096 	EXP 	stim_image: autoDraw = False
49.2096 	EXP 	text: autoDraw = False
49.2096 	EXP 	remember_box: autoDraw = False
49.2096 	EXP 	familiar_box: autoDraw = False
49.2096 	EXP 	forgotten_box: autoDraw = False
49.2096 	EXP 	remember_text: autoDraw = False
49.2096 	EXP 	familiar_text: autoDraw = False
49.2096 	EXP 	forgotten_text: autoDraw = False
49.2096 	EXP 	familiar_box: fillColor = 'blue'
49.4344 	DATA 	Mouse:  Left button up, pos=(770,194)
49.5100 	EXP 	New trial (rep=0, index=1): <Trial 1 (1 in rep 0) data={'image_name': 'Cold 6', 'condition': 'new', 'thisN': 1, 'thisTrialN': 1, 'thisRepN': 0}>
49.5116 	WARNING 	Requested image 'phase2_images/Cold 6' not found but similar filename 'phase2_images/Cold 6.jpg' exists. This will be used instead but changing the filename is advised.
49.5228 	EXP 	remember_box: fillColor = <class 'numpy.ndarray'>
49.5228 	EXP 	familiar_box: fillColor = <class 'numpy.ndarray'>
49.5228 	EXP 	forgotten_box: fillColor = <class 'numpy.ndarray'>
49.5228 	EXP 	stim_image: image = 'phase2_images/Cold 6'
49.5228 	EXP 	fixation: autoDraw = True
50.5003 	EXP 	stim_image: autoDraw = True
50.5164 	EXP 	fixation: autoDraw = False
53.4941 	EXP 	stim_image: autoDraw = False
53.5055 	EXP 	text: autoDraw = True
53.5055 	EXP 	remember_box: autoDraw = True
53.5055 	EXP 	familiar_box: autoDraw = True
53.5055 	EXP 	forgotten_box: autoDraw = True
53.5055 	EXP 	remember_text: autoDraw = True
53.5055 	EXP 	familiar_text: autoDraw = True
53.5055 	EXP 	forgotten_text: autoDraw = True
56.4618 	DATA 	Mouse: Left button down, pos=(978,201)
56.4769 	EXP 	fixation: autoDraw = False
56.4769 	EXP 	stim_image: autoDraw = False
56.4769 	EXP 	text: autoDraw = False
56.4769 	EXP 	remember_box: autoDraw = False
56.4769 	EXP 	familiar_box: autoDraw = False
56.4769 	EXP 	forgotten_box: autoDraw = False
56.4769 	EXP 	remember_text: autoDraw = False
56.4769 	EXP 	familiar_text: autoDraw = False
56.4769 	EXP 	forgotten_text: autoDraw = False
56.4769 	EXP 	forgotten_box: fillColor = 'blue'
56.6785 	DATA 	Mouse:  Left button up, pos=(978,201)
56.7773 	EXP 	New trial (rep=0, index=2): <Trial 2 (2 in rep 0) data={'image_name': 'Dog 24.jpg', 'condition': 'old', 'thisN': 2, 'thisTrialN': 2, 'thisRepN': 0}>
56.7893 	EXP 	remember_box: fillColor = <class 'numpy.ndarray'>
56.7893 	EXP 	familiar_box: fillColor = <class 'numpy.ndarray'>
56.7893 	EXP 	forgotten_box: fillColor = <class 'numpy.ndarray'>
56.7893 	EXP 	stim_image: image = 'phase2_images/Dog 24.jpg'
56.7893 	EXP 	fixation: autoDraw = True
57.7673 	EXP 	stim_image: autoDraw = True
57.7825 	EXP 	fixation: autoDraw = False
60.7604 	EXP 	stim_image: autoDraw = False
60.7706 	EXP 	text: autoDraw = True
60.7706 	EXP 	remember_box: autoDraw = True
60.7706 	EXP 	familiar_box: autoDraw = True
60.7706 	EXP 	forgotten_box: autoDraw = True
60.7706 	EXP 	remember_text: autoDraw = True
60.7706 	EXP 	familiar_text: autoDraw = True
60.7706 	EXP 	forgotten_text: autoDraw = True
62.8345 	DATA 	Mouse: Left button down, pos=(457,191)
62.8490 	EXP 	fixation: autoDraw = False
62.8490 	EXP 	stim_image: autoDraw = False
62.8490 	EXP 	text: autoDraw = False
62.8490 	EXP 	remember_box: autoDraw = False
62.8490 	EXP 	familiar_box: autoDraw = False
62.8490 	EXP 	forgotten_box: autoDraw = False
62.8490 	EXP 	remember_text: autoDraw = False
62.8490 	EXP 	familiar_text: autoDraw = False
62.8490 	EXP 	forgotten_text: autoDraw = False
62.8490 	EXP 	remember_box: fillColor = 'blue'
63.0519 	DATA 	Mouse:  Left button up, pos=(457,191)
63.1494 	EXP 	New trial (rep=0, index=3): <Trial 3 (3 in rep 0) data={'image_name': 'Plane crash 1.jpg', 'condition': 'old', 'thisN': 3, 'thisTrialN': 3, 'thisRepN': 0}>
63.1606 	EXP 	remember_box: fillColor = <class 'numpy.ndarray'>
63.1606 	EXP 	familiar_box: fillColor = <class 'numpy.ndarray'>
63.1606 	EXP 	forgotten_box: fillColor = <class 'numpy.ndarray'>
63.1606 	EXP 	stim_image: image = 'phase2_images/Plane crash 1.jpg'
63.1606 	EXP 	fixation: autoDraw = True
64.1437 	EXP 	stim_image: autoDraw = True
64.1493 	EXP 	fixation: autoDraw = False
67.1319 	EXP 	stim_image: autoDraw = False
67.1424 	EXP 	text: autoDraw = True
67.1424 	EXP 	remember_box: autoDraw = True
67.1424 	EXP 	familiar_box: autoDraw = True
67.1424 	EXP 	forgotten_box: autoDraw = True
67.1424 	EXP 	remember_text: autoDraw = True
67.1424 	EXP 	familiar_text: autoDraw = True
67.1424 	EXP 	forgotten_text: autoDraw = True
68.7118 	DATA 	Mouse: Left button down, pos=(447,184)
68.7269 	EXP 	fixation: autoDraw = False
68.7269 	EXP 	stim_image: autoDraw = False
68.7269 	EXP 	text: autoDraw = False
68.7269 	EXP 	remember_box: autoDraw = False
68.7269 	EXP 	familiar_box: autoDraw = False
68.7269 	EXP 	forgotten_box: autoDraw = False
68.7269 	EXP 	remember_text: autoDraw = False
68.7269 	EXP 	familiar_text: autoDraw = False
68.7269 	EXP 	forgotten_text: autoDraw = False
68.7269 	EXP 	remember_box: fillColor = 'blue'
68.9281 	DATA 	Mouse:  Left button up, pos=(447,184)
69.0273 	EXP 	New trial (rep=0, index=4): <Trial 4 (4 in rep 0) data={'image_name': 'Rafting 6.jpg', 'condition': 'old', 'thisN': 4, 'thisTrialN': 4, 'thisRepN': 0}>
69.0402 	EXP 	remember_box: fillColor = <class 'numpy.ndarray'>
69.0402 	EXP 	familiar_box: fillColor = <class 'numpy.ndarray'>
69.0402 	EXP 	forgotten_box: fillColor = <class 'numpy.ndarray'>
69.0402 	EXP 	stim_image: image = 'phase2_images/Rafting 6.jpg'
69.0402 	EXP 	fixation: autoDraw = True
70.0169 	EXP 	stim_image: autoDraw = True
70.0324 	EXP 	fixation: autoDraw = False
73.0104 	EXP 	stim_image: autoDraw = False
73.0210 	EXP 	text: autoDraw = True
73.0210 	EXP 	remember_box: autoDraw = True
73.0210 	EXP 	familiar_box: autoDraw = True
73.0210 	EXP 	forgotten_box: autoDraw = True
73.0210 	EXP 	remember_text: autoDraw = True
73.0210 	EXP 	familiar_text: autoDraw = True
73.0210 	EXP 	forgotten_text: autoDraw = True
75.1640 	DATA 	Mouse: Left button down, pos=(1051,200)
75.1757 	EXP 	fixation: autoDraw = False
75.1757 	EXP 	stim_image: autoDraw = False
75.1757 	EXP 	text: autoDraw = False
75.1757 	EXP 	remember_box: autoDraw = False
75.1757 	EXP 	familiar_box: autoDraw = False
75.1757 	EXP 	forgotten_box: autoDraw = False
75.1757 	EXP 	remember_text: autoDraw = False
75.1757 	EXP 	familiar_text: autoDraw = False
75.1757 	EXP 	forgotten_text: autoDraw = False
75.1757 	EXP 	forgotten_box: fillColor = 'blue'
75.3905 	DATA 	Mouse:  Left button up, pos=(1051,200)
75.4762 	EXP 	New trial (rep=0, index=5): <Trial 5 (5 in rep 0) data={'image_name': 'Bloody knife 1.jpg', 'condition': 'new', 'thisN': 5, 'thisTrialN': 5, 'thisRepN': 0}>
75.4889 	EXP 	remember_box: fillColor = <class 'numpy.ndarray'>
75.4889 	EXP 	familiar_box: fillColor = <class 'numpy.ndarray'>
75.4889 	EXP 	forgotten_box: fillColor = <class 'numpy.ndarray'>
75.4889 	EXP 	stim_image: image = 'phase2_images/Bloody knife 1.jpg'
75.4889 	EXP 	fixation: autoDraw = True
76.4671 	EXP 	stim_image: autoDraw = True
76.4828 	EXP 	fixation: autoDraw = False
79.4702 	EXP 	stim_image: autoDraw = False
79.4702 	EXP 	text: autoDraw = True
79.4702 	EXP 	remember_box: autoDraw = True
79.4702 	EXP 	familiar_box: autoDraw = True
79.4702 	EXP 	forgotten_box: autoDraw = True
79.4702 	EXP 	remember_text: autoDraw = True
79.4702 	EXP 	familiar_text: autoDraw = True
79.4702 	EXP 	forgotten_text: autoDraw = True
80.3845 	DATA 	Mouse: Left button down, pos=(463,156)
80.3921 	EXP 	fixation: autoDraw = False
80.3921 	EXP 	stim_image: autoDraw = False
80.3921 	EXP 	text: autoDraw = False
80.3921 	EXP 	remember_box: autoDraw = False
80.3921 	EXP 	familiar_box: autoDraw = False
80.3921 	EXP 	forgotten_box: autoDraw = False
80.3921 	EXP 	remember_text: autoDraw = False
80.3921 	EXP 	familiar_text: autoDraw = False
80.3921 	EXP 	forgotten_text: autoDraw = False
80.3921 	EXP 	remember_box: fillColor = 'blue'
80.5833 	DATA 	Mouse:  Left button up, pos=(463,156)
80.6925 	EXP 	New trial (rep=0, index=6): <Trial 6 (6 in rep 0) data={'image_name': 'Band 1.jpg', 'condition': 'old', 'thisN': 6, 'thisTrialN': 6, 'thisRepN': 0}>
80.7052 	EXP 	remember_box: fillColor = <class 'numpy.ndarray'>
80.7052 	EXP 	familiar_box: fillColor = <class 'numpy.ndarray'>
80.7052 	EXP 	forgotten_box: fillColor = <class 'numpy.ndarray'>
80.7052 	EXP 	stim_image: image = 'phase2_images/Band 1.jpg'
80.7052 	EXP 	fixation: autoDraw = True
81.6834 	EXP 	stim_image: autoDraw = True
81.6996 	EXP 	fixation: autoDraw = False
84.6877 	EXP 	stim_image: autoDraw = False
84.6877 	EXP 	text: autoDraw = True
84.6877 	EXP 	remember_box: autoDraw = True
84.6877 	EXP 	familiar_box: autoDraw = True
84.6877 	EXP 	forgotten_box: autoDraw = True
84.6877 	EXP 	remember_text: autoDraw = True
84.6877 	EXP 	familiar_text: autoDraw = True
84.6877 	EXP 	forgotten_text: autoDraw = True
85.7311 	DATA 	Mouse: Left button down, pos=(741,207)
85.7419 	EXP 	fixation: autoDraw = False
85.7419 	EXP 	stim_image: autoDraw = False
85.7419 	EXP 	text: autoDraw = False
85.7419 	EXP 	remember_box: autoDraw = False
85.7419 	EXP 	familiar_box: autoDraw = False
85.7419 	EXP 	forgotten_box: autoDraw = False
85.7419 	EXP 	remember_text: autoDraw = False
85.7419 	EXP 	familiar_text: autoDraw = False
85.7419 	EXP 	forgotten_text: autoDraw = False
85.7419 	EXP 	familiar_box: fillColor = 'blue'
85.9470 	DATA 	Mouse:  Left button up, pos=(741,207)
86.0423 	EXP 	New trial (rep=0, index=7): <Trial 7 (7 in rep 0) data={'image_name': 'Explosion 5.jpg', 'condition': 'new', 'thisN': 7, 'thisTrialN': 7, 'thisRepN': 0}>
86.0530 	EXP 	remember_box: fillColor = <class 'numpy.ndarray'>
86.0530 	EXP 	familiar_box: fillColor = <class 'numpy.ndarray'>
86.0530 	EXP 	forgotten_box: fillColor = <class 'numpy.ndarray'>
86.0530 	EXP 	stim_image: image = 'phase2_images/Explosion 5.jpg'
86.0530 	EXP 	fixation: autoDraw = True
87.0341 	EXP 	stim_image: autoDraw = True
87.0480 	EXP 	fixation: autoDraw = False
90.0368 	EXP 	stim_image: autoDraw = False
90.0368 	EXP 	text: autoDraw = True
90.0368 	EXP 	remember_box: autoDraw = True
90.0368 	EXP 	familiar_box: autoDraw = True
90.0368 	EXP 	forgotten_box: autoDraw = True
90.0368 	EXP 	remember_text: autoDraw = True
90.0368 	EXP 	familiar_text: autoDraw = True
90.0368 	EXP 	forgotten_text: autoDraw = True
92.6858 	DATA 	Mouse: Left button down, pos=(1048,202)
92.6970 	EXP 	fixation: autoDraw = False
92.6970 	EXP 	stim_image: autoDraw = False
92.6970 	EXP 	text: autoDraw = False
92.6970 	EXP 	remember_box: autoDraw = False
92.6970 	EXP 	familiar_box: autoDraw = False
92.6970 	EXP 	forgotten_box: autoDraw = False
92.6970 	EXP 	remember_text: autoDraw = False
92.6970 	EXP 	familiar_text: autoDraw = False
92.6970 	EXP 	forgotten_text: autoDraw = False
92.6970 	EXP 	forgotten_box: fillColor = 'blue'
92.8716 	DATA 	Mouse:  Left button up, pos=(1048,202)
92.9974 	EXP 	New trial (rep=0, index=8): <Trial 8 (8 in rep 0) data={'image_name': 'School 1.jpg', 'condition': 'old', 'thisN': 8, 'thisTrialN': 8, 'thisRepN': 0}>
93.0116 	EXP 	remember_box: fillColor = <class 'numpy.ndarray'>
93.0116 	EXP 	familiar_box: fillColor = <class 'numpy.ndarray'>
93.0116 	EXP 	forgotten_box: fillColor = <class 'numpy.ndarray'>
93.0116 	EXP 	stim_image: image = 'phase2_images/School 1.jpg'
93.0116 	EXP 	fixation: autoDraw = True
93.9981 	EXP 	stim_image: autoDraw = True
94.0097 	EXP 	fixation: autoDraw = False
96.9951 	EXP 	stim_image: autoDraw = False
96.9951 	EXP 	text: autoDraw = True
96.9951 	EXP 	remember_box: autoDraw = True
96.9951 	EXP 	familiar_box: autoDraw = True
96.9951 	EXP 	forgotten_box: autoDraw = True
96.9951 	EXP 	remember_text: autoDraw = True
96.9951 	EXP 	familiar_text: autoDraw = True
96.9951 	EXP 	forgotten_text: autoDraw = True
98.1102 	DATA 	Mouse: Left button down, pos=(658,185)
98.1161 	EXP 	fixation: autoDraw = False
98.1161 	EXP 	stim_image: autoDraw = False
98.1161 	EXP 	text: autoDraw = False
98.1161 	EXP 	remember_box: autoDraw = False
98.1161 	EXP 	familiar_box: autoDraw = False
98.1161 	EXP 	forgotten_box: autoDraw = False
98.1161 	EXP 	remember_text: autoDraw = False
98.1161 	EXP 	familiar_text: autoDraw = False
98.1161 	EXP 	forgotten_text: autoDraw = False
98.1161 	EXP 	familiar_box: fillColor = 'blue'
98.3181 	DATA 	Mouse:  Left button up, pos=(658,185)
98.4166 	EXP 	New trial (rep=0, index=9): <Trial 9 (9 in rep 0) data={'image_name': 'Soldiers 8.jpg', 'condition': 'old', 'thisN': 9, 'thisTrialN': 9, 'thisRepN': 0}>
98.4281 	EXP 	remember_box: fillColor = <class 'numpy.ndarray'>
98.4281 	EXP 	familiar_box: fillColor = <class 'numpy.ndarray'>
98.4281 	EXP 	forgotten_box: fillColor = <class 'numpy.ndarray'>
98.4281 	EXP 	stim_image: image = 'phase2_images/Soldiers 8.jpg'
98.4281 	EXP 	fixation: autoDraw = True
99.4101 	EXP 	stim_image: autoDraw = True
99.4267 	EXP 	fixation: autoDraw = False
102.3992 	EXP 	stim_image: autoDraw = False
102.4093 	EXP 	text: autoDraw = True
102.4093 	EXP 	remember_box: autoDraw = True
102.4093 	EXP 	familiar_box: autoDraw = True
102.4093 	EXP 	forgotten_box: autoDraw = True
102.4093 	EXP 	remember_text: autoDraw = True
102.4093 	EXP 	familiar_text: autoDraw = True
102.4093 	EXP 	forgotten_text: autoDraw = True
103.1606 	DATA 	Mouse: Left button down, pos=(431,158)
103.1666 	EXP 	fixation: autoDraw = False
103.1666 	EXP 	stim_image: autoDraw = False
103.1666 	EXP 	text: autoDraw = False
103.1666 	EXP 	remember_box: autoDraw = False
103.1666 	EXP 	familiar_box: autoDraw = False
103.1666 	EXP 	forgotten_box: autoDraw = False
103.1666 	EXP 	remember_text: autoDraw = False
103.1666 	EXP 	familiar_text: autoDraw = False
103.1666 	EXP 	forgotten_text: autoDraw = False
103.1666 	EXP 	remember_box: fillColor = 'blue'
103.3589 	DATA 	Mouse:  Left button up, pos=(431,158)
103.4671 	EXP 	New trial (rep=0, index=10): <Trial 10 (10 in rep 0) data={'image_name': 'Acorns 3.jpg', 'condition': 'old', 'thisN': 10, 'thisTrialN': 10, 'thisRepN': 0}>
103.4787 	EXP 	remember_box: fillColor = <class 'numpy.ndarray'>
103.4787 	EXP 	familiar_box: fillColor = <class 'numpy.ndarray'>
103.4787 	EXP 	forgotten_box: fillColor = <class 'numpy.ndarray'>
103.4787 	EXP 	stim_image: image = 'phase2_images/Acorns 3.jpg'
103.4787 	EXP 	fixation: autoDraw = True
104.4599 	EXP 	stim_image: autoDraw = True
104.4765 	EXP 	fixation: autoDraw = False
107.4489 	EXP 	stim_image: autoDraw = False
107.4703 	EXP 	text: autoDraw = True
107.4703 	EXP 	remember_box: autoDraw = True
107.4703 	EXP 	familiar_box: autoDraw = True
107.4703 	EXP 	forgotten_box: autoDraw = True
107.4703 	EXP 	remember_text: autoDraw = True
107.4703 	EXP 	familiar_text: autoDraw = True
107.4703 	EXP 	forgotten_text: autoDraw = True
108.2770 	DATA 	Mouse: Left button down, pos=(1015,161)
108.2825 	EXP 	fixation: autoDraw = False
108.2825 	EXP 	stim_image: autoDraw = False
108.2825 	EXP 	text: autoDraw = False
108.2825 	EXP 	remember_box: autoDraw = False
108.2825 	EXP 	familiar_box: autoDraw = False
108.2825 	EXP 	forgotten_box: autoDraw = False
108.2825 	EXP 	remember_text: autoDraw = False
108.2825 	EXP 	familiar_text: autoDraw = False
108.2825 	EXP 	forgotten_text: autoDraw = False
108.2825 	EXP 	forgotten_box: fillColor = 'blue'
108.4621 	DATA 	Mouse:  Left button up, pos=(1015,161)
108.5829 	EXP 	New trial (rep=0, index=11): <Trial 11 (11 in rep 0) data={'image_name': 'Stingray 2.jpg', 'condition': 'old', 'thisN': 11, 'thisTrialN': 11, 'thisRepN': 0}>
108.5937 	EXP 	remember_box: fillColor = <class 'numpy.ndarray'>
108.5937 	EXP 	familiar_box: fillColor = <class 'numpy.ndarray'>
108.5937 	EXP 	forgotten_box: fillColor = <class 'numpy.ndarray'>
108.5937 	EXP 	stim_image: image = 'phase2_images/Stingray 2.jpg'
108.5937 	EXP 	fixation: autoDraw = True
109.5767 	EXP 	stim_image: autoDraw = True
109.5828 	EXP 	fixation: autoDraw = False
112.5660 	EXP 	stim_image: autoDraw = False
112.5755 	EXP 	text: autoDraw = True
112.5755 	EXP 	remember_box: autoDraw = True
112.5755 	EXP 	familiar_box: autoDraw = True
112.5755 	EXP 	forgotten_box: autoDraw = True
112.5755 	EXP 	remember_text: autoDraw = True
112.5755 	EXP 	familiar_text: autoDraw = True
112.5755 	EXP 	forgotten_text: autoDraw = True
113.5111 	DATA 	Mouse: Left button down, pos=(468,173)
113.5178 	EXP 	fixation: autoDraw = False
113.5178 	EXP 	stim_image: autoDraw = False
113.5178 	EXP 	text: autoDraw = False
113.5178 	EXP 	remember_box: autoDraw = False
113.5178 	EXP 	familiar_box: autoDraw = False
113.5178 	EXP 	forgotten_box: autoDraw = False
113.5178 	EXP 	remember_text: autoDraw = False
113.5178 	EXP 	familiar_text: autoDraw = False
113.5178 	EXP 	forgotten_text: autoDraw = False
113.5178 	EXP 	remember_box: fillColor = 'blue'
113.7288 	DATA 	Mouse:  Left button up, pos=(468,173)
113.8182 	EXP 	New trial (rep=0, index=12): <Trial 12 (12 in rep 0) data={'image_name': 'Astronaut 2', 'condition': 'new', 'thisN': 12, 'thisTrialN': 12, 'thisRepN': 0}>
113.8184 	WARNING 	Requested image 'phase2_images/Astronaut 2' not found but similar filename 'phase2_images/Astronaut 2.jpg' exists. This will be used instead but changing the filename is advised.
113.8293 	EXP 	remember_box: fillColor = <class 'numpy.ndarray'>
113.8293 	EXP 	familiar_box: fillColor = <class 'numpy.ndarray'>
113.8293 	EXP 	forgotten_box: fillColor = <class 'numpy.ndarray'>
113.8293 	EXP 	stim_image: image = 'phase2_images/Astronaut 2'
113.8293 	EXP 	fixation: autoDraw = True
114.8173 	EXP 	stim_image: autoDraw = True
114.8264 	EXP 	fixation: autoDraw = False
117.8199 	EXP 	stim_image: autoDraw = False
117.8199 	EXP 	text: autoDraw = True
117.8199 	EXP 	remember_box: autoDraw = True
117.8199 	EXP 	familiar_box: autoDraw = True
117.8199 	EXP 	forgotten_box: autoDraw = True
117.8199 	EXP 	remember_text: autoDraw = True
117.8199 	EXP 	familiar_text: autoDraw = True
117.8199 	EXP 	forgotten_text: autoDraw = True
118.6495 	DATA 	Mouse: Left button down, pos=(1023,168)
118.6596 	EXP 	fixation: autoDraw = False
118.6596 	EXP 	stim_image: autoDraw = False
118.6596 	EXP 	text: autoDraw = False
118.6596 	EXP 	remember_box: autoDraw = False
118.6596 	EXP 	familiar_box: autoDraw = False
118.6596 	EXP 	forgotten_box: autoDraw = False
118.6596 	EXP 	remember_text: autoDraw = False
118.6596 	EXP 	familiar_text: autoDraw = False
118.6596 	EXP 	forgotten_text: autoDraw = False
118.6596 	EXP 	forgotten_box: fillColor = 'blue'
118.8486 	DATA 	Mouse:  Left button up, pos=(1023,168)
118.9601 	EXP 	New trial (rep=0, index=13): <Trial 13 (13 in rep 0) data={'image_name': 'Building 2.jpg', 'condition': 'new', 'thisN': 13, 'thisTrialN': 13, 'thisRepN': 0}>
118.9713 	EXP 	remember_box: fillColor = <class 'numpy.ndarray'>
118.9713 	EXP 	familiar_box: fillColor = <class 'numpy.ndarray'>
118.9713 	EXP 	forgotten_box: fillColor = <class 'numpy.ndarray'>
118.9713 	EXP 	stim_image: image = 'phase2_images/Building 2.jpg'
118.9713 	EXP 	fixation: autoDraw = True
119.9510 	EXP 	stim_image: autoDraw = True
119.9655 	EXP 	fixation: autoDraw = False
122.9532 	EXP 	stim_image: autoDraw = False
122.9532 	EXP 	text: autoDraw = True
122.9532 	EXP 	remember_box: autoDraw = True
122.9532 	EXP 	familiar_box: autoDraw = True
122.9532 	EXP 	forgotten_box: autoDraw = True
122.9532 	EXP 	remember_text: autoDraw = True
122.9532 	EXP 	familiar_text: autoDraw = True
122.9532 	EXP 	forgotten_text: autoDraw = True
123.6519 	DATA 	Mouse: Left button down, pos=(1053,147)
123.6645 	EXP 	fixation: autoDraw = False
123.6645 	EXP 	stim_image: autoDraw = False
123.6645 	EXP 	text: autoDraw = False
123.6645 	EXP 	remember_box: autoDraw = False
123.6645 	EXP 	familiar_box: autoDraw = False
123.6645 	EXP 	forgotten_box: autoDraw = False
123.6645 	EXP 	remember_text: autoDraw = False
123.6645 	EXP 	familiar_text: autoDraw = False
123.6645 	EXP 	forgotten_text: autoDraw = False
123.6645 	EXP 	forgotten_box: fillColor = 'blue'
123.8467 	DATA 	Mouse:  Left button up, pos=(1053,147)
123.9649 	EXP 	New trial (rep=0, index=14): <Trial 14 (14 in rep 0) data={'image_name': 'Tornado 1.jpg', 'condition': 'old', 'thisN': 14, 'thisTrialN': 14, 'thisRepN': 0}>
123.9758 	EXP 	remember_box: fillColor = <class 'numpy.ndarray'>
123.9758 	EXP 	familiar_box: fillColor = <class 'numpy.ndarray'>
123.9758 	EXP 	forgotten_box: fillColor = <class 'numpy.ndarray'>
123.9758 	EXP 	stim_image: image = 'phase2_images/Tornado 1.jpg'
123.9758 	EXP 	fixation: autoDraw = True
124.9598 	EXP 	stim_image: autoDraw = True
124.9660 	EXP 	fixation: autoDraw = False
127.9487 	EXP 	stim_image: autoDraw = False
127.9584 	EXP 	text: autoDraw = True
127.9584 	EXP 	remember_box: autoDraw = True
127.9584 	EXP 	familiar_box: autoDraw = True
127.9584 	EXP 	forgotten_box: autoDraw = True
127.9584 	EXP 	remember_text: autoDraw = True
127.9584 	EXP 	familiar_text: autoDraw = True
127.9584 	EXP 	forgotten_text: autoDraw = True
128.5937 	DATA 	Mouse: Left button down, pos=(1066,166)
128.6006 	EXP 	fixation: autoDraw = False
128.6006 	EXP 	stim_image: autoDraw = False
128.6006 	EXP 	text: autoDraw = False
128.6006 	EXP 	remember_box: autoDraw = False
128.6006 	EXP 	familiar_box: autoDraw = False
128.6006 	EXP 	forgotten_box: autoDraw = False
128.6006 	EXP 	remember_text: autoDraw = False
128.6006 	EXP 	familiar_text: autoDraw = False
128.6006 	EXP 	forgotten_text: autoDraw = False
128.6006 	EXP 	forgotten_box: fillColor = 'blue'
128.7959 	DATA 	Mouse:  Left button up, pos=(1066,166)
128.9011 	EXP 	New trial (rep=0, index=15): <Trial 15 (15 in rep 0) data={'image_name': 'Bubble 2.jpg', 'condition': 'old', 'thisN': 15, 'thisTrialN': 15, 'thisRepN': 0}>
128.9116 	EXP 	remember_box: fillColor = <class 'numpy.ndarray'>
128.9116 	EXP 	familiar_box: fillColor = <class 'numpy.ndarray'>
128.9116 	EXP 	forgotten_box: fillColor = <class 'numpy.ndarray'>
128.9116 	EXP 	stim_image: image = 'phase2_images/Bubble 2.jpg'
128.9116 	EXP 	fixation: autoDraw = True
129.8999 	EXP 	stim_image: autoDraw = True
129.9096 	EXP 	fixation: autoDraw = False
132.9026 	EXP 	stim_image: autoDraw = False
132.9026 	EXP 	text: autoDraw = True
132.9026 	EXP 	remember_box: autoDraw = True
132.9026 	EXP 	familiar_box: autoDraw = True
132.9026 	EXP 	forgotten_box: autoDraw = True
132.9026 	EXP 	remember_text: autoDraw = True
132.9026 	EXP 	familiar_text: autoDraw = True
132.9026 	EXP 	forgotten_text: autoDraw = True
137.6099 	DATA 	Mouse: Left button down, pos=(778,177)
137.6155 	EXP 	fixation: autoDraw = False
137.6155 	EXP 	stim_image: autoDraw = False
137.6155 	EXP 	text: autoDraw = False
137.6155 	EXP 	remember_box: autoDraw = False
137.6155 	EXP 	familiar_box: autoDraw = False
137.6155 	EXP 	forgotten_box: autoDraw = False
137.6155 	EXP 	remember_text: autoDraw = False
137.6155 	EXP 	familiar_text: autoDraw = False
137.6155 	EXP 	forgotten_text: autoDraw = False
137.6155 	EXP 	familiar_box: fillColor = 'blue'
137.7812 	DATA 	Mouse:  Left button up, pos=(778,177)
137.9159 	EXP 	New trial (rep=0, index=16): <Trial 16 (16 in rep 0) data={'image_name': 'Rocks 1.jpg', 'condition': 'new', 'thisN': 16, 'thisTrialN': 16, 'thisRepN': 0}>
137.9279 	EXP 	remember_box: fillColor = <class 'numpy.ndarray'>
137.9279 	EXP 	familiar_box: fillColor = <class 'numpy.ndarray'>
137.9279 	EXP 	forgotten_box: fillColor = <class 'numpy.ndarray'>
137.9279 	EXP 	stim_image: image = 'phase2_images/Rocks 1.jpg'
137.9279 	EXP 	fixation: autoDraw = True
138.9098 	EXP 	stim_image: autoDraw = True
138.9264 	EXP 	fixation: autoDraw = False
141.8973 	EXP 	stim_image: autoDraw = False
141.9202 	EXP 	text: autoDraw = True
141.9202 	EXP 	remember_box: autoDraw = True
141.9202 	EXP 	familiar_box: autoDraw = True
141.9202 	EXP 	forgotten_box: autoDraw = True
141.9202 	EXP 	remember_text: autoDraw = True
141.9202 	EXP 	familiar_text: autoDraw = True
141.9202 	EXP 	forgotten_text: autoDraw = True
142.7143 	DATA 	Mouse: Left button down, pos=(996,182)
142.7261 	EXP 	fixation: autoDraw = False
142.7261 	EXP 	stim_image: autoDraw = False
142.7261 	EXP 	text: autoDraw = False
142.7261 	EXP 	remember_box: autoDraw = False
142.7261 	EXP 	familiar_box: autoDraw = False
142.7261 	EXP 	forgotten_box: autoDraw = False
142.7261 	EXP 	remember_text: autoDraw = False
142.7261 	EXP 	familiar_text: autoDraw = False
142.7261 	EXP 	forgotten_text: autoDraw = False
142.7261 	EXP 	forgotten_box: fillColor = 'blue'
142.9248 	DATA 	Mouse:  Left button up, pos=(996,182)
143.0265 	EXP 	New trial (rep=0, index=17): <Trial 17 (17 in rep 0) data={'image_name': 'Dead bodies 1.jpg', 'condition': 'old', 'thisN': 17, 'thisTrialN': 17, 'thisRepN': 0}>
143.0388 	EXP 	remember_box: fillColor = <class 'numpy.ndarray'>
143.0388 	EXP 	familiar_box: fillColor = <class 'numpy.ndarray'>
143.0388 	EXP 	forgotten_box: fillColor = <class 'numpy.ndarray'>
143.0388 	EXP 	stim_image: image = 'phase2_images/Dead bodies 1.jpg'
143.0388 	EXP 	fixation: autoDraw = True
144.0161 	EXP 	stim_image: autoDraw = True
144.0313 	EXP 	fixation: autoDraw = False
147.0099 	EXP 	stim_image: autoDraw = False
147.0186 	EXP 	text: autoDraw = True
147.0186 	EXP 	remember_box: autoDraw = True
147.0186 	EXP 	familiar_box: autoDraw = True
147.0186 	EXP 	forgotten_box: autoDraw = True
147.0186 	EXP 	remember_text: autoDraw = True
147.0186 	EXP 	familiar_text: autoDraw = True
147.0186 	EXP 	forgotten_text: autoDraw = True
147.7937 	DATA 	Mouse: Left button down, pos=(476,185)
147.7995 	EXP 	fixation: autoDraw = False
147.7995 	EXP 	stim_image: autoDraw = False
147.7995 	EXP 	text: autoDraw = False
147.7995 	EXP 	remember_box: autoDraw = False
147.7995 	EXP 	familiar_box: autoDraw = False
147.7995 	EXP 	forgotten_box: autoDraw = False
147.7995 	EXP 	remember_text: autoDraw = False
147.7995 	EXP 	familiar_text: autoDraw = False
147.7995 	EXP 	forgotten_text: autoDraw = False
147.7995 	EXP 	remember_box: fillColor = 'blue'
147.9958 	DATA 	Mouse:  Left button up, pos=(476,185)
148.0999 	EXP 	New trial (rep=0, index=18): <Trial 18 (18 in rep 0) data={'image_name': 'Timber 2.jpg', 'condition': 'new', 'thisN': 18, 'thisTrialN': 18, 'thisRepN': 0}>
148.1114 	EXP 	remember_box: fillColor = <class 'numpy.ndarray'>
148.1114 	EXP 	familiar_box: fillColor = <class 'numpy.ndarray'>
148.1114 	EXP 	forgotten_box: fillColor = <class 'numpy.ndarray'>
148.1114 	EXP 	stim_image: image = 'phase2_images/Timber 2.jpg'
148.1114 	EXP 	fixation: autoDraw = True
149.0997 	EXP 	stim_image: autoDraw = True
149.1097 	EXP 	fixation: autoDraw = False
152.0916 	EXP 	stim_image: autoDraw = False
152.0916 	EXP 	text: autoDraw = True
152.0916 	EXP 	remember_box: autoDraw = True
152.0916 	EXP 	familiar_box: autoDraw = True
152.0916 	EXP 	forgotten_box: autoDraw = True
152.0916 	EXP 	remember_text: autoDraw = True
152.0916 	EXP 	familiar_text: autoDraw = True
152.0916 	EXP 	forgotten_text: autoDraw = True
153.6492 	DATA 	Mouse: Left button down, pos=(726,203)
153.6594 	EXP 	fixation: autoDraw = False
153.6594 	EXP 	stim_image: autoDraw = False
153.6594 	EXP 	text: autoDraw = False
153.6594 	EXP 	remember_box: autoDraw = False
153.6594 	EXP 	familiar_box: autoDraw = False
153.6594 	EXP 	forgotten_box: autoDraw = False
153.6594 	EXP 	remember_text: autoDraw = False
153.6594 	EXP 	familiar_text: autoDraw = False
153.6594 	EXP 	forgotten_text: autoDraw = False
153.6594 	EXP 	familiar_box: fillColor = 'blue'
153.8426 	DATA 	Mouse:  Left button up, pos=(726,203)
153.9599 	EXP 	New trial (rep=0, index=19): <Trial 19 (19 in rep 0) data={'image_name': 'Dog attack 3.jpg', 'condition': 'old', 'thisN': 19, 'thisTrialN': 19, 'thisRepN': 0}>
153.9728 	EXP 	remember_box: fillColor = <class 'numpy.ndarray'>
153.9728 	EXP 	familiar_box: fillColor = <class 'numpy.ndarray'>
153.9728 	EXP 	forgotten_box: fillColor = <class 'numpy.ndarray'>
153.9728 	EXP 	stim_image: image = 'phase2_images/Dog attack 3.jpg'
153.9728 	EXP 	fixation: autoDraw = True
154.9501 	EXP 	stim_image: autoDraw = True
154.9647 	EXP 	fixation: autoDraw = False
157.9521 	EXP 	stim_image: autoDraw = False
157.9521 	EXP 	text: autoDraw = True
157.9521 	EXP 	remember_box: autoDraw = True
157.9521 	EXP 	familiar_box: autoDraw = True
157.9521 	EXP 	forgotten_box: autoDraw = True
157.9521 	EXP 	remember_text: autoDraw = True
157.9521 	EXP 	familiar_text: autoDraw = True
157.9521 	EXP 	forgotten_text: autoDraw = True
158.6091 	DATA 	Mouse: Left button down, pos=(439,194)
158.6151 	EXP 	fixation: autoDraw = False
158.6151 	EXP 	stim_image: autoDraw = False
158.6151 	EXP 	text: autoDraw = False
158.6151 	EXP 	remember_box: autoDraw = False
158.6151 	EXP 	familiar_box: autoDraw = False
158.6151 	EXP 	forgotten_box: autoDraw = False
158.6151 	EXP 	remember_text: autoDraw = False
158.6151 	EXP 	familiar_text: autoDraw = False
158.6151 	EXP 	forgotten_text: autoDraw = False
158.6151 	EXP 	remember_box: fillColor = 'blue'
158.7748 	DATA 	Mouse:  Left button up, pos=(439,194)
158.9155 	EXP 	New trial (rep=0, index=20): <Trial 20 (20 in rep 0) data={'image_name': 'Ambulance 1.jpg', 'condition': 'old', 'thisN': 20, 'thisTrialN': 20, 'thisRepN': 0}>
158.9276 	EXP 	remember_box: fillColor = <class 'numpy.ndarray'>
158.9276 	EXP 	familiar_box: fillColor = <class 'numpy.ndarray'>
158.9276 	EXP 	forgotten_box: fillColor = <class 'numpy.ndarray'>
158.9276 	EXP 	stim_image: image = 'phase2_images/Ambulance 1.jpg'
158.9276 	EXP 	fixation: autoDraw = True
159.9096 	EXP 	stim_image: autoDraw = True
159.9262 	EXP 	fixation: autoDraw = False
162.8987 	EXP 	stim_image: autoDraw = False
162.9080 	EXP 	text: autoDraw = True
162.9080 	EXP 	remember_box: autoDraw = True
162.9080 	EXP 	familiar_box: autoDraw = True
162.9080 	EXP 	forgotten_box: autoDraw = True
162.9080 	EXP 	remember_text: autoDraw = True
162.9080 	EXP 	familiar_text: autoDraw = True
162.9080 	EXP 	forgotten_text: autoDraw = True
163.3191 	DATA 	Mouse: Left button down, pos=(430,193)
163.3298 	EXP 	fixation: autoDraw = False
163.3298 	EXP 	stim_image: autoDraw = False
163.3298 	EXP 	text: autoDraw = False
163.3298 	EXP 	remember_box: autoDraw = False
163.3298 	EXP 	familiar_box: autoDraw = False
163.3298 	EXP 	forgotten_box: autoDraw = False
163.3298 	EXP 	remember_text: autoDraw = False
163.3298 	EXP 	familiar_text: autoDraw = False
163.3298 	EXP 	forgotten_text: autoDraw = False
163.3298 	EXP 	remember_box: fillColor = 'blue'
163.5360 	DATA 	Mouse:  Left button up, pos=(430,193)
163.6302 	EXP 	New trial (rep=0, index=21): <Trial 21 (21 in rep 0) data={'image_name': 'Feces 2.jpg', 'condition': 'old', 'thisN': 21, 'thisTrialN': 21, 'thisRepN': 0}>
163.6417 	EXP 	remember_box: fillColor = <class 'numpy.ndarray'>
163.6417 	EXP 	familiar_box: fillColor = <class 'numpy.ndarray'>
163.6417 	EXP 	forgotten_box: fillColor = <class 'numpy.ndarray'>
163.6417 	EXP 	stim_image: image = 'phase2_images/Feces 2.jpg'
163.6417 	EXP 	fixation: autoDraw = True
164.6261 	EXP 	stim_image: autoDraw = True
164.6324 	EXP 	fixation: autoDraw = False
167.6150 	EXP 	stim_image: autoDraw = False
167.6247 	EXP 	text: autoDraw = True
167.6247 	EXP 	remember_box: autoDraw = True
167.6247 	EXP 	familiar_box: autoDraw = True
167.6247 	EXP 	forgotten_box: autoDraw = True
167.6247 	EXP 	remember_text: autoDraw = True
167.6247 	EXP 	familiar_text: autoDraw = True
167.6247 	EXP 	forgotten_text: autoDraw = True
168.2308 	DATA 	Mouse: Left button down, pos=(430,193)
168.2426 	EXP 	fixation: autoDraw = False
168.2426 	EXP 	stim_image: autoDraw = False
168.2426 	EXP 	text: autoDraw = False
168.2426 	EXP 	remember_box: autoDraw = False
168.2426 	EXP 	familiar_box: autoDraw = False
168.2426 	EXP 	forgotten_box: autoDraw = False
168.2426 	EXP 	remember_text: autoDraw = False
168.2426 	EXP 	familiar_text: autoDraw = False
168.2426 	EXP 	forgotten_text: autoDraw = False
168.2426 	EXP 	remember_box: fillColor = 'blue'
168.4143 	DATA 	Mouse:  Left button up, pos=(430,193)
168.5430 	EXP 	New trial (rep=0, index=22): <Trial 22 (22 in rep 0) data={'image_name': 'Pig 2.jpg', 'condition': 'old', 'thisN': 22, 'thisTrialN': 22, 'thisRepN': 0}>
168.5553 	EXP 	remember_box: fillColor = <class 'numpy.ndarray'>
168.5553 	EXP 	familiar_box: fillColor = <class 'numpy.ndarray'>
168.5553 	EXP 	forgotten_box: fillColor = <class 'numpy.ndarray'>
168.5553 	EXP 	stim_image: image = 'phase2_images/Pig 2.jpg'
168.5553 	EXP 	fixation: autoDraw = True
169.5333 	EXP 	stim_image: autoDraw = True
169.5474 	EXP 	fixation: autoDraw = False
172.5354 	EXP 	stim_image: autoDraw = False
172.5354 	EXP 	text: autoDraw = True
172.5354 	EXP 	remember_box: autoDraw = True
172.5354 	EXP 	familiar_box: autoDraw = True
172.5354 	EXP 	forgotten_box: autoDraw = True
172.5354 	EXP 	remember_text: autoDraw = True
172.5354 	EXP 	familiar_text: autoDraw = True
172.5354 	EXP 	forgotten_text: autoDraw = True
173.9774 	DATA 	Mouse: Left button down, pos=(812,188)
173.9925 	EXP 	fixation: autoDraw = False
173.9925 	EXP 	stim_image: autoDraw = False
173.9925 	EXP 	text: autoDraw = False
173.9925 	EXP 	remember_box: autoDraw = False
173.9925 	EXP 	familiar_box: autoDraw = False
173.9925 	EXP 	forgotten_box: autoDraw = False
173.9925 	EXP 	remember_text: autoDraw = False
173.9925 	EXP 	familiar_text: autoDraw = False
173.9925 	EXP 	forgotten_text: autoDraw = False
173.9925 	EXP 	familiar_box: fillColor = 'blue'
174.1551 	DATA 	Mouse:  Left button up, pos=(812,188)
174.2930 	EXP 	New trial (rep=0, index=23): <Trial 23 (23 in rep 0) data={'image_name': 'Ferret 1.jpg', 'condition': 'new', 'thisN': 23, 'thisTrialN': 23, 'thisRepN': 0}>
174.3047 	EXP 	remember_box: fillColor = <class 'numpy.ndarray'>
174.3047 	EXP 	familiar_box: fillColor = <class 'numpy.ndarray'>
174.3047 	EXP 	forgotten_box: fillColor = <class 'numpy.ndarray'>
174.3047 	EXP 	stim_image: image = 'phase2_images/Ferret 1.jpg'
174.3047 	EXP 	fixation: autoDraw = True
175.2827 	EXP 	stim_image: autoDraw = True
175.2975 	EXP 	fixation: autoDraw = False
178.2760 	EXP 	stim_image: autoDraw = False
178.2846 	EXP 	text: autoDraw = True
178.2846 	EXP 	remember_box: autoDraw = True
178.2846 	EXP 	familiar_box: autoDraw = True
178.2846 	EXP 	forgotten_box: autoDraw = True
178.2846 	EXP 	remember_text: autoDraw = True
178.2846 	EXP 	familiar_text: autoDraw = True
178.2846 	EXP 	forgotten_text: autoDraw = True
179.1108 	DATA 	Mouse: Left button down, pos=(1022,190)
179.1258 	EXP 	fixation: autoDraw = False
179.1258 	EXP 	stim_image: autoDraw = False
179.1258 	EXP 	text: autoDraw = False
179.1258 	EXP 	remember_box: autoDraw = False
179.1258 	EXP 	familiar_box: autoDraw = False
179.1258 	EXP 	forgotten_box: autoDraw = False
179.1258 	EXP 	remember_text: autoDraw = False
179.1258 	EXP 	familiar_text: autoDraw = False
179.1258 	EXP 	forgotten_text: autoDraw = False
179.1258 	EXP 	forgotten_box: fillColor = 'blue'
179.3103 	DATA 	Mouse:  Left button up, pos=(1022,190)
179.4261 	EXP 	New trial (rep=0, index=24): <Trial 24 (24 in rep 0) data={'image_name': 'Sad face 9.jpg', 'condition': 'new', 'thisN': 24, 'thisTrialN': 24, 'thisRepN': 0}>
179.4363 	EXP 	remember_box: fillColor = <class 'numpy.ndarray'>
179.4363 	EXP 	familiar_box: fillColor = <class 'numpy.ndarray'>
179.4363 	EXP 	forgotten_box: fillColor = <class 'numpy.ndarray'>
179.4363 	EXP 	stim_image: image = 'phase2_images/Sad face 9.jpg'
179.4363 	EXP 	fixation: autoDraw = True
180.4156 	EXP 	stim_image: autoDraw = True
180.4320 	EXP 	fixation: autoDraw = False
183.4092 	EXP 	stim_image: autoDraw = False
183.4185 	EXP 	text: autoDraw = True
183.4185 	EXP 	remember_box: autoDraw = True
183.4185 	EXP 	familiar_box: autoDraw = True
183.4185 	EXP 	forgotten_box: autoDraw = True
183.4185 	EXP 	remember_text: autoDraw = True
183.4185 	EXP 	familiar_text: autoDraw = True
183.4185 	EXP 	forgotten_text: autoDraw = True
183.9601 	DATA 	Mouse: Left button down, pos=(1022,190)
183.9658 	EXP 	fixation: autoDraw = False
183.9658 	EXP 	stim_image: autoDraw = False
183.9658 	EXP 	text: autoDraw = False
183.9658 	EXP 	remember_box: autoDraw = False
183.9658 	EXP 	familiar_box: autoDraw = False
183.9658 	EXP 	forgotten_box: autoDraw = False
183.9658 	EXP 	remember_text: autoDraw = False
183.9658 	EXP 	familiar_text: autoDraw = False
183.9658 	EXP 	forgotten_text: autoDraw = False
183.9658 	EXP 	forgotten_box: fillColor = 'blue'
184.1234 	DATA 	Mouse:  Left button up, pos=(1022,190)
184.2662 	EXP 	New trial (rep=0, index=25): <Trial 25 (25 in rep 0) data={'image_name': 'Snow 3.jpg', 'condition': 'old', 'thisN': 25, 'thisTrialN': 25, 'thisRepN': 0}>
184.2776 	EXP 	remember_box: fillColor = <class 'numpy.ndarray'>
184.2776 	EXP 	familiar_box: fillColor = <class 'numpy.ndarray'>
184.2776 	EXP 	forgotten_box: fillColor = <class 'numpy.ndarray'>
184.2776 	EXP 	stim_image: image = 'phase2_images/Snow 3.jpg'
184.2776 	EXP 	fixation: autoDraw = True
185.2592 	EXP 	stim_image: autoDraw = True
185.2758 	EXP 	fixation: autoDraw = False
188.2486 	EXP 	stim_image: autoDraw = False
188.2583 	EXP 	text: autoDraw = True
188.2583 	EXP 	remember_box: autoDraw = True
188.2583 	EXP 	familiar_box: autoDraw = True
188.2583 	EXP 	forgotten_box: autoDraw = True
188.2583 	EXP 	remember_text: autoDraw = True
188.2583 	EXP 	familiar_text: autoDraw = True
188.2583 	EXP 	forgotten_text: autoDraw = True
188.9099 	DATA 	Mouse: Left button down, pos=(495,172)
188.9160 	EXP 	fixation: autoDraw = False
188.9160 	EXP 	stim_image: autoDraw = False
188.9160 	EXP 	text: autoDraw = False
188.9160 	EXP 	remember_box: autoDraw = False
188.9160 	EXP 	familiar_box: autoDraw = False
188.9160 	EXP 	forgotten_box: autoDraw = False
188.9160 	EXP 	remember_text: autoDraw = False
188.9160 	EXP 	familiar_text: autoDraw = False
188.9160 	EXP 	forgotten_text: autoDraw = False
188.9160 	EXP 	remember_box: fillColor = 'blue'
189.0811 	DATA 	Mouse:  Left button up, pos=(495,172)
189.2164 	EXP 	New trial (rep=0, index=26): <Trial 26 (26 in rep 0) data={'image_name': 'Severed finger 1.jpg', 'condition': 'old', 'thisN': 26, 'thisTrialN': 26, 'thisRepN': 0}>
189.2273 	EXP 	remember_box: fillColor = <class 'numpy.ndarray'>
189.2273 	EXP 	familiar_box: fillColor = <class 'numpy.ndarray'>
189.2273 	EXP 	forgotten_box: fillColor = <class 'numpy.ndarray'>
189.2273 	EXP 	stim_image: image = 'phase2_images/Severed finger 1.jpg'
189.2273 	EXP 	fixation: autoDraw = True
190.2091 	EXP 	stim_image: autoDraw = True
190.2259 	EXP 	fixation: autoDraw = False
193.1983 	EXP 	stim_image: autoDraw = False
193.2189 	EXP 	text: autoDraw = True
193.2189 	EXP 	remember_box: autoDraw = True
193.2189 	EXP 	familiar_box: autoDraw = True
193.2189 	EXP 	forgotten_box: autoDraw = True
193.2189 	EXP 	remember_text: autoDraw = True
193.2189 	EXP 	familiar_text: autoDraw = True
193.2189 	EXP 	forgotten_text: autoDraw = True
193.8132 	DATA 	Mouse: Left button down, pos=(437,173)
193.8244 	EXP 	fixation: autoDraw = False
193.8244 	EXP 	stim_image: autoDraw = False
193.8244 	EXP 	text: autoDraw = False
193.8244 	EXP 	remember_box: autoDraw = False
193.8244 	EXP 	familiar_box: autoDraw = False
193.8244 	EXP 	forgotten_box: autoDraw = False
193.8244 	EXP 	remember_text: autoDraw = False
193.8244 	EXP 	familiar_text: autoDraw = False
193.8244 	EXP 	forgotten_text: autoDraw = False
193.8244 	EXP 	remember_box: fillColor = 'blue'
194.0133 	DATA 	Mouse:  Left button up, pos=(437,173)
194.1249 	EXP 	New trial (rep=0, index=27): <Trial 27 (27 in rep 0) data={'image_name': 'Pigeon 6.jpg', 'condition': 'old', 'thisN': 27, 'thisTrialN': 27, 'thisRepN': 0}>
194.1375 	EXP 	remember_box: fillColor = <class 'numpy.ndarray'>
194.1375 	EXP 	familiar_box: fillColor = <class 'numpy.ndarray'>
194.1375 	EXP 	forgotten_box: fillColor = <class 'numpy.ndarray'>
194.1375 	EXP 	stim_image: image = 'phase2_images/Pigeon 6.jpg'
194.1375 	EXP 	fixation: autoDraw = True
195.1165 	EXP 	stim_image: autoDraw = True
195.1312 	EXP 	fixation: autoDraw = False
198.1183 	EXP 	stim_image: autoDraw = False
198.1183 	EXP 	text: autoDraw = True
198.1183 	EXP 	remember_box: autoDraw = True
198.1183 	EXP 	familiar_box: autoDraw = True
198.1183 	EXP 	forgotten_box: autoDraw = True
198.1183 	EXP 	remember_text: autoDraw = True
198.1183 	EXP 	familiar_text: autoDraw = True
198.1183 	EXP 	forgotten_text: autoDraw = True
198.6433 	DATA 	Mouse: Left button down, pos=(388,185)
198.6495 	EXP 	fixation: autoDraw = False
198.6495 	EXP 	stim_image: autoDraw = False
198.6495 	EXP 	text: autoDraw = False
198.6495 	EXP 	remember_box: autoDraw = False
198.6495 	EXP 	familiar_box: autoDraw = False
198.6495 	EXP 	forgotten_box: autoDraw = False
198.6495 	EXP 	remember_text: autoDraw = False
198.6495 	EXP 	familiar_text: autoDraw = False
198.6495 	EXP 	forgotten_text: autoDraw = False
198.6495 	EXP 	remember_box: fillColor = 'blue'
198.8237 	DATA 	Mouse:  Left button up, pos=(388,185)
198.9500 	EXP 	New trial (rep=0, index=28): <Trial 28 (28 in rep 0) data={'image_name': 'Fire 9.jpg', 'condition': 'old', 'thisN': 28, 'thisTrialN': 28, 'thisRepN': 0}>
198.9615 	EXP 	remember_box: fillColor = <class 'numpy.ndarray'>
198.9615 	EXP 	familiar_box: fillColor = <class 'numpy.ndarray'>
198.9615 	EXP 	forgotten_box: fillColor = <class 'numpy.ndarray'>
198.9615 	EXP 	stim_image: image = 'phase2_images/Fire 9.jpg'
198.9615 	EXP 	fixation: autoDraw = True
199.9496 	EXP 	stim_image: autoDraw = True
199.9591 	EXP 	fixation: autoDraw = False
202.9531 	EXP 	stim_image: autoDraw = False
202.9531 	EXP 	text: autoDraw = True
202.9531 	EXP 	remember_box: autoDraw = True
202.9531 	EXP 	familiar_box: autoDraw = True
202.9531 	EXP 	forgotten_box: autoDraw = True
202.9531 	EXP 	remember_text: autoDraw = True
202.9531 	EXP 	familiar_text: autoDraw = True
202.9531 	EXP 	forgotten_text: autoDraw = True
203.4437 	DATA 	Mouse: Left button down, pos=(388,185)
203.4502 	EXP 	fixation: autoDraw = False
203.4502 	EXP 	stim_image: autoDraw = False
203.4502 	EXP 	text: autoDraw = False
203.4502 	EXP 	remember_box: autoDraw = False
203.4502 	EXP 	familiar_box: autoDraw = False
203.4502 	EXP 	forgotten_box: autoDraw = False
203.4502 	EXP 	remember_text: autoDraw = False
203.4502 	EXP 	familiar_text: autoDraw = False
203.4502 	EXP 	forgotten_text: autoDraw = False
203.4502 	EXP 	remember_box: fillColor = 'blue'
203.6041 	DATA 	Mouse:  Left button up, pos=(388,185)
203.7507 	EXP 	New trial (rep=0, index=29): <Trial 29 (29 in rep 0) data={'image_name': 'Plane crash 3.jpg', 'condition': 'old', 'thisN': 29, 'thisTrialN': 29, 'thisRepN': 0}>
203.7615 	EXP 	remember_box: fillColor = <class 'numpy.ndarray'>
203.7615 	EXP 	familiar_box: fillColor = <class 'numpy.ndarray'>
203.7615 	EXP 	forgotten_box: fillColor = <class 'numpy.ndarray'>
203.7615 	EXP 	stim_image: image = 'phase2_images/Plane crash 3.jpg'
203.7615 	EXP 	fixation: autoDraw = True
204.7498 	EXP 	stim_image: autoDraw = True
204.7590 	EXP 	fixation: autoDraw = False
207.7519 	EXP 	stim_image: autoDraw = False
207.7519 	EXP 	text: autoDraw = True
207.7519 	EXP 	remember_box: autoDraw = True
207.7519 	EXP 	familiar_box: autoDraw = True
207.7519 	EXP 	forgotten_box: autoDraw = True
207.7519 	EXP 	remember_text: autoDraw = True
207.7519 	EXP 	familiar_text: autoDraw = True
207.7519 	EXP 	forgotten_text: autoDraw = True
208.2101 	DATA 	Mouse: Left button down, pos=(388,185)
208.2164 	EXP 	fixation: autoDraw = False
208.2164 	EXP 	stim_image: autoDraw = False
208.2164 	EXP 	text: autoDraw = False
208.2164 	EXP 	remember_box: autoDraw = False
208.2164 	EXP 	familiar_box: autoDraw = False
208.2164 	EXP 	forgotten_box: autoDraw = False
208.2164 	EXP 	remember_text: autoDraw = False
208.2164 	EXP 	familiar_text: autoDraw = False
208.2164 	EXP 	forgotten_text: autoDraw = False
208.2164 	EXP 	remember_box: fillColor = 'blue'
208.4125 	DATA 	Mouse:  Left button up, pos=(388,185)
208.5168 	EXP 	New trial (rep=0, index=30): <Trial 30 (30 in rep 0) data={'image_name': 'Street 3.jpg', 'condition': 'new', 'thisN': 30, 'thisTrialN': 30, 'thisRepN': 0}>
208.5274 	EXP 	remember_box: fillColor = <class 'numpy.ndarray'>
208.5274 	EXP 	familiar_box: fillColor = <class 'numpy.ndarray'>
208.5274 	EXP 	forgotten_box: fillColor = <class 'numpy.ndarray'>
208.5274 	EXP 	stim_image: image = 'phase2_images/Street 3.jpg'
208.5274 	EXP 	fixation: autoDraw = True
209.5166 	EXP 	stim_image: autoDraw = True
209.5259 	EXP 	fixation: autoDraw = False
212.5188 	EXP 	stim_image: autoDraw = False
212.5188 	EXP 	text: autoDraw = True
212.5188 	EXP 	remember_box: autoDraw = True
212.5188 	EXP 	familiar_box: autoDraw = True
212.5188 	EXP 	forgotten_box: autoDraw = True
212.5188 	EXP 	remember_text: autoDraw = True
212.5188 	EXP 	familiar_text: autoDraw = True
212.5188 	EXP 	forgotten_text: autoDraw = True
213.5107 	DATA 	Mouse: Left button down, pos=(1020,157)
213.5255 	EXP 	fixation: autoDraw = False
213.5255 	EXP 	stim_image: autoDraw = False
213.5255 	EXP 	text: autoDraw = False
213.5255 	EXP 	remember_box: autoDraw = False
213.5255 	EXP 	familiar_box: autoDraw = False
213.5255 	EXP 	forgotten_box: autoDraw = False
213.5255 	EXP 	remember_text: autoDraw = False
213.5255 	EXP 	familiar_text: autoDraw = False
213.5255 	EXP 	forgotten_text: autoDraw = False
213.5255 	EXP 	forgotten_box: fillColor = 'blue'
213.6950 	DATA 	Mouse:  Left button up, pos=(1020,157)
213.8260 	EXP 	New trial (rep=0, index=31): <Trial 31 (31 in rep 0) data={'image_name': 'War 6.jpg', 'condition': 'old', 'thisN': 31, 'thisTrialN': 31, 'thisRepN': 0}>
213.8368 	EXP 	remember_box: fillColor = <class 'numpy.ndarray'>
213.8368 	EXP 	familiar_box: fillColor = <class 'numpy.ndarray'>
213.8368 	EXP 	forgotten_box: fillColor = <class 'numpy.ndarray'>
213.8368 	EXP 	stim_image: image = 'phase2_images/War 6.jpg'
213.8368 	EXP 	fixation: autoDraw = True
214.8165 	EXP 	stim_image: autoDraw = True
214.8319 	EXP 	fixation: autoDraw = False
217.8089 	EXP 	stim_image: autoDraw = False
217.8190 	EXP 	text: autoDraw = True
217.8190 	EXP 	remember_box: autoDraw = True
217.8190 	EXP 	familiar_box: autoDraw = True
217.8190 	EXP 	forgotten_box: autoDraw = True
217.8190 	EXP 	remember_text: autoDraw = True
217.8190 	EXP 	familiar_text: autoDraw = True
217.8190 	EXP 	forgotten_text: autoDraw = True
218.5012 	DATA 	Mouse: Left button down, pos=(483,170)
218.5129 	EXP 	fixation: autoDraw = False
218.5129 	EXP 	stim_image: autoDraw = False
218.5129 	EXP 	text: autoDraw = False
218.5129 	EXP 	remember_box: autoDraw = False
218.5129 	EXP 	familiar_box: autoDraw = False
218.5129 	EXP 	forgotten_box: autoDraw = False
218.5129 	EXP 	remember_text: autoDraw = False
218.5129 	EXP 	familiar_text: autoDraw = False
218.5129 	EXP 	forgotten_text: autoDraw = False
218.5129 	EXP 	remember_box: fillColor = 'blue'
218.6708 	DATA 	Mouse:  Left button up, pos=(483,170)
218.8134 	EXP 	New trial (rep=0, index=32): <Trial 32 (32 in rep 0) data={'image_name': 'Car 1.jpg', 'condition': 'old', 'thisN': 32, 'thisTrialN': 32, 'thisRepN': 0}>
218.8235 	EXP 	remember_box: fillColor = <class 'numpy.ndarray'>
218.8235 	EXP 	familiar_box: fillColor = <class 'numpy.ndarray'>
218.8235 	EXP 	forgotten_box: fillColor = <class 'numpy.ndarray'>
218.8235 	EXP 	stim_image: image = 'phase2_images/Car 1.jpg'
218.8235 	EXP 	fixation: autoDraw = True
219.8088 	EXP 	stim_image: autoDraw = True
219.8146 	EXP 	fixation: autoDraw = False
222.7991 	EXP 	stim_image: autoDraw = False
222.8077 	EXP 	text: autoDraw = True
222.8077 	EXP 	remember_box: autoDraw = True
222.8077 	EXP 	familiar_box: autoDraw = True
222.8077 	EXP 	forgotten_box: autoDraw = True
222.8077 	EXP 	remember_text: autoDraw = True
222.8077 	EXP 	familiar_text: autoDraw = True
222.8077 	EXP 	forgotten_text: autoDraw = True
223.3929 	DATA 	Mouse: Left button down, pos=(414,164)
223.3989 	EXP 	fixation: autoDraw = False
223.3989 	EXP 	stim_image: autoDraw = False
223.3989 	EXP 	text: autoDraw = False
223.3989 	EXP 	remember_box: autoDraw = False
223.3989 	EXP 	familiar_box: autoDraw = False
223.3989 	EXP 	forgotten_box: autoDraw = False
223.3989 	EXP 	remember_text: autoDraw = False
223.3989 	EXP 	familiar_text: autoDraw = False
223.3989 	EXP 	forgotten_text: autoDraw = False
223.3989 	EXP 	remember_box: fillColor = 'blue'
223.5784 	DATA 	Mouse:  Left button up, pos=(414,164)
223.6993 	EXP 	New trial (rep=0, index=33): <Trial 33 (33 in rep 0) data={'image_name': 'Car crash 2.jpg', 'condition': 'old', 'thisN': 33, 'thisTrialN': 33, 'thisRepN': 0}>
223.7120 	EXP 	remember_box: fillColor = <class 'numpy.ndarray'>
223.7120 	EXP 	familiar_box: fillColor = <class 'numpy.ndarray'>
223.7120 	EXP 	forgotten_box: fillColor = <class 'numpy.ndarray'>
223.7120 	EXP 	stim_image: image = 'phase2_images/Car crash 2.jpg'
223.7120 	EXP 	fixation: autoDraw = True
224.6997 	EXP 	stim_image: autoDraw = True
224.7090 	EXP 	fixation: autoDraw = False
227.6912 	EXP 	text: autoDraw = True
227.6912 	EXP 	remember_box: autoDraw = True
227.6912 	EXP 	familiar_box: autoDraw = True
227.6912 	EXP 	forgotten_box: autoDraw = True
227.6912 	EXP 	remember_text: autoDraw = True
227.6912 	EXP 	familiar_text: autoDraw = True
227.6912 	EXP 	forgotten_text: autoDraw = True
227.6986 	EXP 	stim_image: autoDraw = False
228.1264 	DATA 	Mouse: Left button down, pos=(414,164)
228.1323 	EXP 	fixation: autoDraw = False
228.1323 	EXP 	stim_image: autoDraw = False
228.1323 	EXP 	text: autoDraw = False
228.1323 	EXP 	remember_box: autoDraw = False
228.1323 	EXP 	familiar_box: autoDraw = False
228.1323 	EXP 	forgotten_box: autoDraw = False
228.1323 	EXP 	remember_text: autoDraw = False
228.1323 	EXP 	familiar_text: autoDraw = False
228.1323 	EXP 	forgotten_text: autoDraw = False
228.1323 	EXP 	remember_box: fillColor = 'blue'
228.2778 	DATA 	Mouse:  Left button up, pos=(414,164)
228.4327 	EXP 	New trial (rep=0, index=34): <Trial 34 (34 in rep 0) data={'image_name': 'Solar panel 1.jpg', 'condition': 'old', 'thisN': 34, 'thisTrialN': 34, 'thisRepN': 0}>
228.4446 	EXP 	remember_box: fillColor = <class 'numpy.ndarray'>
228.4446 	EXP 	familiar_box: fillColor = <class 'numpy.ndarray'>
228.4446 	EXP 	forgotten_box: fillColor = <class 'numpy.ndarray'>
228.4446 	EXP 	stim_image: image = 'phase2_images/Solar panel 1.jpg'
228.4446 	EXP 	fixation: autoDraw = True
229.4328 	EXP 	stim_image: autoDraw = True
229.4422 	EXP 	fixation: autoDraw = False
232.4361 	EXP 	stim_image: autoDraw = False
232.4361 	EXP 	text: autoDraw = True
232.4361 	EXP 	remember_box: autoDraw = True
232.4361 	EXP 	familiar_box: autoDraw = True
232.4361 	EXP 	forgotten_box: autoDraw = True
232.4361 	EXP 	remember_text: autoDraw = True
232.4361 	EXP 	familiar_text: autoDraw = True
232.4361 	EXP 	forgotten_text: autoDraw = True
232.7669 	DATA 	Mouse: Left button down, pos=(414,164)
232.7740 	EXP 	fixation: autoDraw = False
232.7740 	EXP 	stim_image: autoDraw = False
232.7740 	EXP 	text: autoDraw = False
232.7740 	EXP 	remember_box: autoDraw = False
232.7740 	EXP 	familiar_box: autoDraw = False
232.7740 	EXP 	forgotten_box: autoDraw = False
232.7740 	EXP 	remember_text: autoDraw = False
232.7740 	EXP 	familiar_text: autoDraw = False
232.7740 	EXP 	forgotten_text: autoDraw = False
232.7740 	EXP 	remember_box: fillColor = 'blue'
232.9444 	DATA 	Mouse:  Left button up, pos=(414,164)
233.0744 	EXP 	New trial (rep=0, index=35): <Trial 35 (35 in rep 0) data={'image_name': 'Sidewalk 2.jpg', 'condition': 'old', 'thisN': 35, 'thisTrialN': 35, 'thisRepN': 0}>
233.0859 	EXP 	remember_box: fillColor = <class 'numpy.ndarray'>
233.0859 	EXP 	familiar_box: fillColor = <class 'numpy.ndarray'>
233.0859 	EXP 	forgotten_box: fillColor = <class 'numpy.ndarray'>
233.0859 	EXP 	stim_image: image = 'phase2_images/Sidewalk 2.jpg'
233.0859 	EXP 	fixation: autoDraw = True
234.0661 	EXP 	stim_image: autoDraw = True
234.0806 	EXP 	fixation: autoDraw = False
237.0650 	EXP 	stim_image: autoDraw = False
237.0650 	EXP 	text: autoDraw = True
237.0650 	EXP 	remember_box: autoDraw = True
237.0650 	EXP 	familiar_box: autoDraw = True
237.0650 	EXP 	forgotten_box: autoDraw = True
237.0650 	EXP 	remember_text: autoDraw = True
237.0650 	EXP 	familiar_text: autoDraw = True
237.0650 	EXP 	forgotten_text: autoDraw = True
237.6262 	DATA 	Mouse: Left button down, pos=(605,189)
237.6321 	EXP 	fixation: autoDraw = False
237.6321 	EXP 	stim_image: autoDraw = False
237.6321 	EXP 	text: autoDraw = False
237.6321 	EXP 	remember_box: autoDraw = False
237.6321 	EXP 	familiar_box: autoDraw = False
237.6321 	EXP 	forgotten_box: autoDraw = False
237.6321 	EXP 	remember_text: autoDraw = False
237.6321 	EXP 	familiar_text: autoDraw = False
237.6321 	EXP 	forgotten_text: autoDraw = False
237.6321 	EXP 	familiar_box: fillColor = 'blue'
237.7882 	DATA 	Mouse:  Left button up, pos=(605,189)
237.9327 	EXP 	New trial (rep=0, index=36): <Trial 36 (36 in rep 0) data={'image_name': 'Grass 6.jpg', 'condition': 'old', 'thisN': 36, 'thisTrialN': 36, 'thisRepN': 0}>
237.9429 	EXP 	remember_box: fillColor = <class 'numpy.ndarray'>
237.9429 	EXP 	familiar_box: fillColor = <class 'numpy.ndarray'>
237.9429 	EXP 	forgotten_box: fillColor = <class 'numpy.ndarray'>
237.9429 	EXP 	stim_image: image = 'phase2_images/Grass 6.jpg'
237.9429 	EXP 	fixation: autoDraw = True
238.9319 	EXP 	fixation: autoDraw = False
238.9319 	EXP 	stim_image: autoDraw = True
241.9356 	EXP 	stim_image: autoDraw = False
241.9356 	EXP 	text: autoDraw = True
241.9356 	EXP 	remember_box: autoDraw = True
241.9356 	EXP 	familiar_box: autoDraw = True
241.9356 	EXP 	forgotten_box: autoDraw = True
241.9356 	EXP 	remember_text: autoDraw = True
241.9356 	EXP 	familiar_text: autoDraw = True
241.9356 	EXP 	forgotten_text: autoDraw = True
242.7428 	DATA 	Mouse: Left button down, pos=(1037,186)
242.7487 	EXP 	fixation: autoDraw = False
242.7487 	EXP 	stim_image: autoDraw = False
242.7487 	EXP 	text: autoDraw = False
242.7487 	EXP 	remember_box: autoDraw = False
242.7487 	EXP 	familiar_box: autoDraw = False
242.7487 	EXP 	forgotten_box: autoDraw = False
242.7487 	EXP 	remember_text: autoDraw = False
242.7487 	EXP 	familiar_text: autoDraw = False
242.7487 	EXP 	forgotten_text: autoDraw = False
242.7487 	EXP 	forgotten_box: fillColor = 'blue'
242.9218 	DATA 	Mouse:  Left button up, pos=(1037,186)
243.0491 	EXP 	New trial (rep=0, index=37): <Trial 37 (37 in rep 0) data={'image_name': 'Bear 2.jpg', 'condition': 'old', 'thisN': 37, 'thisTrialN': 37, 'thisRepN': 0}>
243.0611 	EXP 	remember_box: fillColor = <class 'numpy.ndarray'>
243.0611 	EXP 	familiar_box: fillColor = <class 'numpy.ndarray'>
243.0611 	EXP 	forgotten_box: fillColor = <class 'numpy.ndarray'>
243.0611 	EXP 	stim_image: image = 'phase2_images/Bear 2.jpg'
243.0611 	EXP 	fixation: autoDraw = True
244.0497 	EXP 	stim_image: autoDraw = True
244.0587 	EXP 	fixation: autoDraw = False
247.0517 	EXP 	stim_image: autoDraw = False
247.0517 	EXP 	text: autoDraw = True
247.0517 	EXP 	remember_box: autoDraw = True
247.0517 	EXP 	familiar_box: autoDraw = True
247.0517 	EXP 	forgotten_box: autoDraw = True
247.0517 	EXP 	remember_text: autoDraw = True
247.0517 	EXP 	familiar_text: autoDraw = True
247.0517 	EXP 	forgotten_text: autoDraw = True
247.7988 	DATA 	Mouse: Left button down, pos=(760,190)
247.8087 	EXP 	fixation: autoDraw = False
247.8087 	EXP 	stim_image: autoDraw = False
247.8087 	EXP 	text: autoDraw = False
247.8087 	EXP 	remember_box: autoDraw = False
247.8087 	EXP 	familiar_box: autoDraw = False
247.8087 	EXP 	forgotten_box: autoDraw = False
247.8087 	EXP 	remember_text: autoDraw = False
247.8087 	EXP 	familiar_text: autoDraw = False
247.8087 	EXP 	forgotten_text: autoDraw = False
247.8087 	EXP 	familiar_box: fillColor = 'blue'
247.9518 	DATA 	Mouse:  Left button up, pos=(760,190)
248.1091 	EXP 	New trial (rep=0, index=38): <Trial 38 (38 in rep 0) data={'image_name': 'War 8.jpg', 'condition': 'old', 'thisN': 38, 'thisTrialN': 38, 'thisRepN': 0}>
248.1207 	EXP 	remember_box: fillColor = <class 'numpy.ndarray'>
248.1207 	EXP 	familiar_box: fillColor = <class 'numpy.ndarray'>
248.1207 	EXP 	forgotten_box: fillColor = <class 'numpy.ndarray'>
248.1207 	EXP 	stim_image: image = 'phase2_images/War 8.jpg'
248.1207 	EXP 	fixation: autoDraw = True
249.0990 	EXP 	stim_image: autoDraw = True
249.1141 	EXP 	fixation: autoDraw = False
252.0921 	EXP 	stim_image: autoDraw = False
252.1026 	EXP 	text: autoDraw = True
252.1026 	EXP 	remember_box: autoDraw = True
252.1026 	EXP 	familiar_box: autoDraw = True
252.1026 	EXP 	forgotten_box: autoDraw = True
252.1026 	EXP 	remember_text: autoDraw = True
252.1026 	EXP 	familiar_text: autoDraw = True
252.1026 	EXP 	forgotten_text: autoDraw = True
254.8123 	DATA 	Mouse: Left button down, pos=(492,190)
254.8238 	EXP 	fixation: autoDraw = False
254.8238 	EXP 	stim_image: autoDraw = False
254.8238 	EXP 	text: autoDraw = False
254.8238 	EXP 	remember_box: autoDraw = False
254.8238 	EXP 	familiar_box: autoDraw = False
254.8238 	EXP 	forgotten_box: autoDraw = False
254.8238 	EXP 	remember_text: autoDraw = False
254.8238 	EXP 	familiar_text: autoDraw = False
254.8238 	EXP 	forgotten_text: autoDraw = False
254.8238 	EXP 	remember_box: fillColor = 'blue'
254.8951 	DATA 	Mouse:  Left button up, pos=(492,190)
255.1241 	EXP 	New trial (rep=0, index=39): <Trial 39 (39 in rep 0) data={'image_name': 'Animal carcass 1.jpg', 'condition': 'old', 'thisN': 39, 'thisTrialN': 39, 'thisRepN': 0}>
255.1370 	EXP 	remember_box: fillColor = <class 'numpy.ndarray'>
255.1370 	EXP 	familiar_box: fillColor = <class 'numpy.ndarray'>
255.1370 	EXP 	forgotten_box: fillColor = <class 'numpy.ndarray'>
255.1370 	EXP 	stim_image: image = 'phase2_images/Animal carcass 1.jpg'
255.1370 	EXP 	fixation: autoDraw = True
256.1159 	EXP 	stim_image: autoDraw = True
256.1308 	EXP 	fixation: autoDraw = False
259.1184 	EXP 	stim_image: autoDraw = False
259.1184 	EXP 	text: autoDraw = True
259.1184 	EXP 	remember_box: autoDraw = True
259.1184 	EXP 	familiar_box: autoDraw = True
259.1184 	EXP 	forgotten_box: autoDraw = True
259.1184 	EXP 	remember_text: autoDraw = True
259.1184 	EXP 	familiar_text: autoDraw = True
259.1184 	EXP 	forgotten_text: autoDraw = True
267.5614 	DATA 	Mouse: Left button down, pos=(678,204)
267.5750 	EXP 	fixation: autoDraw = False
267.5750 	EXP 	stim_image: autoDraw = False
267.5750 	EXP 	text: autoDraw = False
267.5750 	EXP 	remember_box: autoDraw = False
267.5750 	EXP 	familiar_box: autoDraw = False
267.5750 	EXP 	forgotten_box: autoDraw = False
267.5750 	EXP 	remember_text: autoDraw = False
267.5750 	EXP 	familiar_text: autoDraw = False
267.5750 	EXP 	forgotten_text: autoDraw = False
267.5750 	EXP 	familiar_box: fillColor = 'blue'
267.7544 	DATA 	Mouse:  Left button up, pos=(678,204)
267.8755 	EXP 	New trial (rep=0, index=40): <Trial 40 (40 in rep 0) data={'image_name': 'Car accident 2.jpg', 'condition': 'old', 'thisN': 40, 'thisTrialN': 40, 'thisRepN': 0}>
267.8871 	EXP 	remember_box: fillColor = <class 'numpy.ndarray'>
267.8871 	EXP 	familiar_box: fillColor = <class 'numpy.ndarray'>
267.8871 	EXP 	forgotten_box: fillColor = <class 'numpy.ndarray'>
267.8871 	EXP 	stim_image: image = 'phase2_images/Car accident 2.jpg'
267.8871 	EXP 	fixation: autoDraw = True
268.8660 	EXP 	stim_image: autoDraw = True
268.8797 	EXP 	fixation: autoDraw = False
271.8680 	EXP 	stim_image: autoDraw = False
271.8680 	EXP 	text: autoDraw = True
271.8680 	EXP 	remember_box: autoDraw = True
271.8680 	EXP 	familiar_box: autoDraw = True
271.8680 	EXP 	forgotten_box: autoDraw = True
271.8680 	EXP 	remember_text: autoDraw = True
271.8680 	EXP 	familiar_text: autoDraw = True
271.8680 	EXP 	forgotten_text: autoDraw = True
272.6643 	DATA 	Mouse: Left button down, pos=(456,175)
272.6751 	EXP 	fixation: autoDraw = False
272.6751 	EXP 	stim_image: autoDraw = False
272.6751 	EXP 	text: autoDraw = False
272.6751 	EXP 	remember_box: autoDraw = False
272.6751 	EXP 	familiar_box: autoDraw = False
272.6751 	EXP 	forgotten_box: autoDraw = False
272.6751 	EXP 	remember_text: autoDraw = False
272.6751 	EXP 	familiar_text: autoDraw = False
272.6751 	EXP 	forgotten_text: autoDraw = False
272.6751 	EXP 	remember_box: fillColor = 'blue'
272.8475 	DATA 	Mouse:  Left button up, pos=(456,175)
272.9756 	EXP 	New trial (rep=0, index=41): <Trial 41 (41 in rep 0) data={'image_name': 'Shark 8.jpg', 'condition': 'old', 'thisN': 41, 'thisTrialN': 41, 'thisRepN': 0}>
272.9887 	EXP 	remember_box: fillColor = <class 'numpy.ndarray'>
272.9887 	EXP 	familiar_box: fillColor = <class 'numpy.ndarray'>
272.9887 	EXP 	forgotten_box: fillColor = <class 'numpy.ndarray'>
272.9887 	EXP 	stim_image: image = 'phase2_images/Shark 8.jpg'
272.9887 	EXP 	fixation: autoDraw = True
273.9660 	EXP 	stim_image: autoDraw = True
273.9802 	EXP 	fixation: autoDraw = False
276.9686 	EXP 	stim_image: autoDraw = False
276.9686 	EXP 	text: autoDraw = True
276.9686 	EXP 	remember_box: autoDraw = True
276.9686 	EXP 	familiar_box: autoDraw = True
276.9686 	EXP 	forgotten_box: autoDraw = True
276.9686 	EXP 	remember_text: autoDraw = True
276.9686 	EXP 	familiar_text: autoDraw = True
276.9686 	EXP 	forgotten_text: autoDraw = True
277.5478 	DATA 	Mouse: Left button down, pos=(1011,159)
277.5582 	EXP 	fixation: autoDraw = False
277.5582 	EXP 	stim_image: autoDraw = False
277.5582 	EXP 	text: autoDraw = False
277.5582 	EXP 	remember_box: autoDraw = False
277.5582 	EXP 	familiar_box: autoDraw = False
277.5582 	EXP 	forgotten_box: autoDraw = False
277.5582 	EXP 	remember_text: autoDraw = False
277.5582 	EXP 	familiar_text: autoDraw = False
277.5582 	EXP 	forgotten_text: autoDraw = False
277.5582 	EXP 	forgotten_box: fillColor = 'blue'
277.7238 	DATA 	Mouse:  Left button up, pos=(1011,159)
277.8586 	EXP 	New trial (rep=0, index=42): <Trial 42 (42 in rep 0) data={'image_name': 'Lion 1.jpg', 'condition': 'new', 'thisN': 42, 'thisTrialN': 42, 'thisRepN': 0}>
277.8709 	EXP 	remember_box: fillColor = <class 'numpy.ndarray'>
277.8709 	EXP 	familiar_box: fillColor = <class 'numpy.ndarray'>
277.8709 	EXP 	forgotten_box: fillColor = <class 'numpy.ndarray'>
277.8709 	EXP 	stim_image: image = 'phase2_images/Lion 1.jpg'
277.8709 	EXP 	fixation: autoDraw = True
278.8491 	EXP 	stim_image: autoDraw = True
278.8641 	EXP 	fixation: autoDraw = False
281.8518 	EXP 	stim_image: autoDraw = False
281.8518 	EXP 	text: autoDraw = True
281.8518 	EXP 	remember_box: autoDraw = True
281.8518 	EXP 	familiar_box: autoDraw = True
281.8518 	EXP 	forgotten_box: autoDraw = True
281.8518 	EXP 	remember_text: autoDraw = True
281.8518 	EXP 	familiar_text: autoDraw = True
281.8518 	EXP 	forgotten_text: autoDraw = True
283.1105 	DATA 	Mouse: Left button down, pos=(1030,159)
283.1249 	EXP 	fixation: autoDraw = False
283.1249 	EXP 	stim_image: autoDraw = False
283.1249 	EXP 	text: autoDraw = False
283.1249 	EXP 	remember_box: autoDraw = False
283.1249 	EXP 	familiar_box: autoDraw = False
283.1249 	EXP 	forgotten_box: autoDraw = False
283.1249 	EXP 	remember_text: autoDraw = False
283.1249 	EXP 	familiar_text: autoDraw = False
283.1249 	EXP 	forgotten_text: autoDraw = False
283.1249 	EXP 	forgotten_box: fillColor = 'blue'
283.2758 	DATA 	Mouse:  Left button up, pos=(1030,159)
283.4254 	EXP 	New trial (rep=0, index=43): <Trial 43 (43 in rep 0) data={'image_name': 'Exercise 3.jpg', 'condition': 'old', 'thisN': 43, 'thisTrialN': 43, 'thisRepN': 0}>
283.4378 	EXP 	remember_box: fillColor = <class 'numpy.ndarray'>
283.4378 	EXP 	familiar_box: fillColor = <class 'numpy.ndarray'>
283.4378 	EXP 	forgotten_box: fillColor = <class 'numpy.ndarray'>
283.4378 	EXP 	stim_image: image = 'phase2_images/Exercise 3.jpg'
283.4378 	EXP 	fixation: autoDraw = True
284.4158 	EXP 	stim_image: autoDraw = True
284.4306 	EXP 	fixation: autoDraw = False
287.4173 	EXP 	stim_image: autoDraw = False
287.4173 	EXP 	text: autoDraw = True
287.4173 	EXP 	remember_box: autoDraw = True
287.4173 	EXP 	familiar_box: autoDraw = True
287.4173 	EXP 	forgotten_box: autoDraw = True
287.4173 	EXP 	remember_text: autoDraw = True
287.4173 	EXP 	familiar_text: autoDraw = True
287.4173 	EXP 	forgotten_text: autoDraw = True
288.5093 	DATA 	Mouse: Left button down, pos=(775,171)
288.5152 	EXP 	fixation: autoDraw = False
288.5152 	EXP 	stim_image: autoDraw = False
288.5152 	EXP 	text: autoDraw = False
288.5152 	EXP 	remember_box: autoDraw = False
288.5152 	EXP 	familiar_box: autoDraw = False
288.5152 	EXP 	forgotten_box: autoDraw = False
288.5152 	EXP 	remember_text: autoDraw = False
288.5152 	EXP 	familiar_text: autoDraw = False
288.5152 	EXP 	forgotten_text: autoDraw = False
288.5152 	EXP 	familiar_box: fillColor = 'blue'
288.6754 	DATA 	Mouse:  Left button up, pos=(775,171)
288.8157 	EXP 	New trial (rep=0, index=44): <Trial 44 (44 in rep 0) data={'image_name': 'Shot 3.jpg', 'condition': 'old', 'thisN': 44, 'thisTrialN': 44, 'thisRepN': 0}>
288.8261 	EXP 	remember_box: fillColor = <class 'numpy.ndarray'>
288.8261 	EXP 	familiar_box: fillColor = <class 'numpy.ndarray'>
288.8261 	EXP 	forgotten_box: fillColor = <class 'numpy.ndarray'>
288.8261 	EXP 	stim_image: image = 'phase2_images/Shot 3.jpg'
288.8261 	EXP 	fixation: autoDraw = True
289.8143 	EXP 	stim_image: autoDraw = True
289.8249 	EXP 	fixation: autoDraw = False
292.8084 	EXP 	stim_image: autoDraw = False
292.8179 	EXP 	text: autoDraw = True
292.8179 	EXP 	remember_box: autoDraw = True
292.8179 	EXP 	familiar_box: autoDraw = True
292.8179 	EXP 	forgotten_box: autoDraw = True
292.8179 	EXP 	remember_text: autoDraw = True
292.8179 	EXP 	familiar_text: autoDraw = True
292.8179 	EXP 	forgotten_text: autoDraw = True
293.8094 	DATA 	Mouse: Left button down, pos=(1007,169)
293.8248 	EXP 	fixation: autoDraw = False
293.8248 	EXP 	stim_image: autoDraw = False
293.8248 	EXP 	text: autoDraw = False
293.8248 	EXP 	remember_box: autoDraw = False
293.8248 	EXP 	familiar_box: autoDraw = False
293.8248 	EXP 	forgotten_box: autoDraw = False
293.8248 	EXP 	remember_text: autoDraw = False
293.8248 	EXP 	familiar_text: autoDraw = False
293.8248 	EXP 	forgotten_text: autoDraw = False
293.8248 	EXP 	forgotten_box: fillColor = 'blue'
293.9864 	DATA 	Mouse:  Left button up, pos=(1007,169)
294.1253 	EXP 	New trial (rep=0, index=45): <Trial 45 (45 in rep 0) data={'image_name': 'Cockroach 1.jpg', 'condition': 'old', 'thisN': 45, 'thisTrialN': 45, 'thisRepN': 0}>
294.1363 	EXP 	remember_box: fillColor = <class 'numpy.ndarray'>
294.1363 	EXP 	familiar_box: fillColor = <class 'numpy.ndarray'>
294.1363 	EXP 	forgotten_box: fillColor = <class 'numpy.ndarray'>
294.1363 	EXP 	stim_image: image = 'phase2_images/Cockroach 1.jpg'
294.1363 	EXP 	fixation: autoDraw = True
295.1157 	EXP 	stim_image: autoDraw = True
295.1303 	EXP 	fixation: autoDraw = False
298.1186 	EXP 	stim_image: autoDraw = False
298.1186 	EXP 	text: autoDraw = True
298.1186 	EXP 	remember_box: autoDraw = True
298.1186 	EXP 	familiar_box: autoDraw = True
298.1186 	EXP 	forgotten_box: autoDraw = True
298.1186 	EXP 	remember_text: autoDraw = True
298.1186 	EXP 	familiar_text: autoDraw = True
298.1186 	EXP 	forgotten_text: autoDraw = True
298.6089 	DATA 	Mouse: Left button down, pos=(1078,170)
298.6148 	EXP 	fixation: autoDraw = False
298.6148 	EXP 	stim_image: autoDraw = False
298.6148 	EXP 	text: autoDraw = False
298.6148 	EXP 	remember_box: autoDraw = False
298.6148 	EXP 	familiar_box: autoDraw = False
298.6148 	EXP 	forgotten_box: autoDraw = False
298.6148 	EXP 	remember_text: autoDraw = False
298.6148 	EXP 	familiar_text: autoDraw = False
298.6148 	EXP 	forgotten_text: autoDraw = False
298.6148 	EXP 	forgotten_box: fillColor = 'blue'
298.7812 	DATA 	Mouse:  Left button up, pos=(1078,170)
298.9154 	EXP 	New trial (rep=0, index=46): <Trial 46 (46 in rep 0) data={'image_name': 'Prison 2.jpg', 'condition': 'new', 'thisN': 46, 'thisTrialN': 46, 'thisRepN': 0}>
298.9254 	EXP 	remember_box: fillColor = <class 'numpy.ndarray'>
298.9254 	EXP 	familiar_box: fillColor = <class 'numpy.ndarray'>
298.9254 	EXP 	forgotten_box: fillColor = <class 'numpy.ndarray'>
298.9254 	EXP 	stim_image: image = 'phase2_images/Prison 2.jpg'
298.9254 	EXP 	fixation: autoDraw = True
299.9151 	EXP 	fixation: autoDraw = False
299.9151 	EXP 	stim_image: autoDraw = True
302.9082 	EXP 	stim_image: autoDraw = False
302.9178 	EXP 	text: autoDraw = True
302.9178 	EXP 	remember_box: autoDraw = True
302.9178 	EXP 	familiar_box: autoDraw = True
302.9178 	EXP 	forgotten_box: autoDraw = True
302.9178 	EXP 	remember_text: autoDraw = True
302.9178 	EXP 	familiar_text: autoDraw = True
302.9178 	EXP 	forgotten_text: autoDraw = True
303.3593 	DATA 	Mouse: Left button down, pos=(1078,170)
303.3655 	EXP 	fixation: autoDraw = False
303.3655 	EXP 	stim_image: autoDraw = False
303.3655 	EXP 	text: autoDraw = False
303.3655 	EXP 	remember_box: autoDraw = False
303.3655 	EXP 	familiar_box: autoDraw = False
303.3655 	EXP 	forgotten_box: autoDraw = False
303.3655 	EXP 	remember_text: autoDraw = False
303.3655 	EXP 	familiar_text: autoDraw = False
303.3655 	EXP 	forgotten_text: autoDraw = False
303.3655 	EXP 	forgotten_box: fillColor = 'blue'
303.5039 	DATA 	Mouse:  Left button up, pos=(1078,170)
303.6660 	EXP 	New trial (rep=0, index=47): <Trial 47 (47 in rep 0) data={'image_name': 'Thunderstorm 10.jpg', 'condition': 'new', 'thisN': 47, 'thisTrialN': 47, 'thisRepN': 0}>
303.6755 	EXP 	remember_box: fillColor = <class 'numpy.ndarray'>
303.6755 	EXP 	familiar_box: fillColor = <class 'numpy.ndarray'>
303.6755 	EXP 	forgotten_box: fillColor = <class 'numpy.ndarray'>
303.6755 	EXP 	stim_image: image = 'phase2_images/Thunderstorm 10.jpg'
303.6755 	EXP 	fixation: autoDraw = True
304.6655 	EXP 	fixation: autoDraw = False
304.6655 	EXP 	stim_image: autoDraw = True
307.6582 	EXP 	stim_image: autoDraw = False
307.6682 	EXP 	text: autoDraw = True
307.6682 	EXP 	remember_box: autoDraw = True
307.6682 	EXP 	familiar_box: autoDraw = True
307.6682 	EXP 	forgotten_box: autoDraw = True
307.6682 	EXP 	remember_text: autoDraw = True
307.6682 	EXP 	familiar_text: autoDraw = True
307.6682 	EXP 	forgotten_text: autoDraw = True
307.9982 	DATA 	Mouse: Left button down, pos=(1078,170)
308.0079 	EXP 	fixation: autoDraw = False
308.0079 	EXP 	stim_image: autoDraw = False
308.0079 	EXP 	text: autoDraw = False
308.0079 	EXP 	remember_box: autoDraw = False
308.0079 	EXP 	familiar_box: autoDraw = False
308.0079 	EXP 	forgotten_box: autoDraw = False
308.0079 	EXP 	remember_text: autoDraw = False
308.0079 	EXP 	familiar_text: autoDraw = False
308.0079 	EXP 	forgotten_text: autoDraw = False
308.0079 	EXP 	forgotten_box: fillColor = 'blue'
308.1570 	DATA 	Mouse:  Left button up, pos=(1078,170)
308.3083 	EXP 	New trial (rep=0, index=48): <Trial 48 (48 in rep 0) data={'image_name': 'Performance 2.jpg', 'condition': 'old', 'thisN': 48, 'thisTrialN': 48, 'thisRepN': 0}>
308.3210 	EXP 	remember_box: fillColor = <class 'numpy.ndarray'>
308.3210 	EXP 	familiar_box: fillColor = <class 'numpy.ndarray'>
308.3210 	EXP 	forgotten_box: fillColor = <class 'numpy.ndarray'>
308.3210 	EXP 	stim_image: image = 'phase2_images/Performance 2.jpg'
308.3210 	EXP 	fixation: autoDraw = True
309.2986 	EXP 	stim_image: autoDraw = True
309.3136 	EXP 	fixation: autoDraw = False
312.2915 	EXP 	stim_image: autoDraw = False
312.3019 	EXP 	text: autoDraw = True
312.3019 	EXP 	remember_box: autoDraw = True
312.3019 	EXP 	familiar_box: autoDraw = True
312.3019 	EXP 	forgotten_box: autoDraw = True
312.3019 	EXP 	remember_text: autoDraw = True
312.3019 	EXP 	familiar_text: autoDraw = True
312.3019 	EXP 	forgotten_text: autoDraw = True
313.0091 	DATA 	Mouse: Left button down, pos=(1078,170)
313.0154 	EXP 	fixation: autoDraw = False
313.0154 	EXP 	stim_image: autoDraw = False
313.0154 	EXP 	text: autoDraw = False
313.0154 	EXP 	remember_box: autoDraw = False
313.0154 	EXP 	familiar_box: autoDraw = False
313.0154 	EXP 	forgotten_box: autoDraw = False
313.0154 	EXP 	remember_text: autoDraw = False
313.0154 	EXP 	familiar_text: autoDraw = False
313.0154 	EXP 	forgotten_text: autoDraw = False
313.0154 	EXP 	forgotten_box: fillColor = 'blue'
313.1343 	DATA 	Mouse:  Left button up, pos=(1078,170)
313.3158 	EXP 	New trial (rep=0, index=49): <Trial 49 (49 in rep 0) data={'image_name': 'Cat 12.jpg', 'condition': 'old', 'thisN': 49, 'thisTrialN': 49, 'thisRepN': 0}>
313.3270 	EXP 	remember_box: fillColor = <class 'numpy.ndarray'>
313.3270 	EXP 	familiar_box: fillColor = <class 'numpy.ndarray'>
313.3270 	EXP 	forgotten_box: fillColor = <class 'numpy.ndarray'>
313.3270 	EXP 	stim_image: image = 'phase2_images/Cat 12.jpg'
313.3270 	EXP 	fixation: autoDraw = True
314.3148 	EXP 	stim_image: autoDraw = True
314.3247 	EXP 	fixation: autoDraw = False
317.3081 	EXP 	stim_image: autoDraw = False
317.3177 	EXP 	text: autoDraw = True
317.3177 	EXP 	remember_box: autoDraw = True
317.3177 	EXP 	familiar_box: autoDraw = True
317.3177 	EXP 	forgotten_box: autoDraw = True
317.3177 	EXP 	remember_text: autoDraw = True
317.3177 	EXP 	familiar_text: autoDraw = True
317.3177 	EXP 	forgotten_text: autoDraw = True
317.7152 	DATA 	Mouse: Left button down, pos=(1078,170)
317.7238 	EXP 	fixation: autoDraw = False
317.7238 	EXP 	stim_image: autoDraw = False
317.7238 	EXP 	text: autoDraw = False
317.7238 	EXP 	remember_box: autoDraw = False
317.7238 	EXP 	familiar_box: autoDraw = False
317.7238 	EXP 	forgotten_box: autoDraw = False
317.7238 	EXP 	remember_text: autoDraw = False
317.7238 	EXP 	familiar_text: autoDraw = False
317.7238 	EXP 	forgotten_text: autoDraw = False
317.7238 	EXP 	forgotten_box: fillColor = 'blue'
317.8339 	DATA 	Mouse:  Left button up, pos=(1078,170)
318.0241 	EXP 	New trial (rep=0, index=50): <Trial 50 (50 in rep 0) data={'image_name': 'Child labor 2.jpg', 'condition': 'old', 'thisN': 50, 'thisTrialN': 50, 'thisRepN': 0}>
318.0342 	EXP 	remember_box: fillColor = <class 'numpy.ndarray'>
318.0342 	EXP 	familiar_box: fillColor = <class 'numpy.ndarray'>
318.0342 	EXP 	forgotten_box: fillColor = <class 'numpy.ndarray'>
318.0342 	EXP 	stim_image: image = 'phase2_images/Child labor 2.jpg'
318.0342 	EXP 	fixation: autoDraw = True
319.0156 	EXP 	stim_image: autoDraw = True
319.0285 	EXP 	fixation: autoDraw = False
322.0185 	EXP 	stim_image: autoDraw = False
322.0185 	EXP 	text: autoDraw = True
322.0185 	EXP 	remember_box: autoDraw = True
322.0185 	EXP 	familiar_box: autoDraw = True
322.0185 	EXP 	forgotten_box: autoDraw = True
322.0185 	EXP 	remember_text: autoDraw = True
322.0185 	EXP 	familiar_text: autoDraw = True
322.0185 	EXP 	forgotten_text: autoDraw = True
322.7086 	DATA 	Mouse: Left button down, pos=(456,171)
322.7148 	EXP 	fixation: autoDraw = False
322.7148 	EXP 	stim_image: autoDraw = False
322.7148 	EXP 	text: autoDraw = False
322.7148 	EXP 	remember_box: autoDraw = False
322.7148 	EXP 	familiar_box: autoDraw = False
322.7148 	EXP 	forgotten_box: autoDraw = False
322.7148 	EXP 	remember_text: autoDraw = False
322.7148 	EXP 	familiar_text: autoDraw = False
322.7148 	EXP 	forgotten_text: autoDraw = False
322.7148 	EXP 	remember_box: fillColor = 'blue'
322.8414 	DATA 	Mouse:  Left button up, pos=(456,171)
323.0153 	EXP 	New trial (rep=0, index=51): <Trial 51 (51 in rep 0) data={'image_name': 'Feces 1.jpg', 'condition': 'new', 'thisN': 51, 'thisTrialN': 51, 'thisRepN': 0}>
323.0270 	EXP 	remember_box: fillColor = <class 'numpy.ndarray'>
323.0270 	EXP 	familiar_box: fillColor = <class 'numpy.ndarray'>
323.0270 	EXP 	forgotten_box: fillColor = <class 'numpy.ndarray'>
323.0270 	EXP 	stim_image: image = 'phase2_images/Feces 1.jpg'
323.0270 	EXP 	fixation: autoDraw = True
324.0155 	EXP 	stim_image: autoDraw = True
324.0247 	EXP 	fixation: autoDraw = False
327.0182 	EXP 	stim_image: autoDraw = False
327.0182 	EXP 	text: autoDraw = True
327.0182 	EXP 	remember_box: autoDraw = True
327.0182 	EXP 	familiar_box: autoDraw = True
327.0182 	EXP 	forgotten_box: autoDraw = True
327.0182 	EXP 	remember_text: autoDraw = True
327.0182 	EXP 	familiar_text: autoDraw = True
327.0182 	EXP 	forgotten_text: autoDraw = True
328.1455 	DATA 	Mouse: Left button down, pos=(1003,153)
328.1564 	EXP 	fixation: autoDraw = False
328.1564 	EXP 	stim_image: autoDraw = False
328.1564 	EXP 	text: autoDraw = False
328.1564 	EXP 	remember_box: autoDraw = False
328.1564 	EXP 	familiar_box: autoDraw = False
328.1564 	EXP 	forgotten_box: autoDraw = False
328.1564 	EXP 	remember_text: autoDraw = False
328.1564 	EXP 	familiar_text: autoDraw = False
328.1564 	EXP 	forgotten_text: autoDraw = False
328.1564 	EXP 	forgotten_box: fillColor = 'blue'
328.3211 	DATA 	Mouse:  Left button up, pos=(1003,153)
328.4568 	EXP 	New trial (rep=0, index=52): <Trial 52 (52 in rep 0) data={'image_name': 'Bark 6.jpg', 'condition': 'old', 'thisN': 52, 'thisTrialN': 52, 'thisRepN': 0}>
328.4682 	EXP 	remember_box: fillColor = <class 'numpy.ndarray'>
328.4682 	EXP 	familiar_box: fillColor = <class 'numpy.ndarray'>
328.4682 	EXP 	forgotten_box: fillColor = <class 'numpy.ndarray'>
328.4682 	EXP 	stim_image: image = 'phase2_images/Bark 6.jpg'
328.4682 	EXP 	fixation: autoDraw = True
329.4486 	EXP 	stim_image: autoDraw = True
329.4633 	EXP 	fixation: autoDraw = False
332.4413 	EXP 	stim_image: autoDraw = False
332.4520 	EXP 	text: autoDraw = True
332.4520 	EXP 	remember_box: autoDraw = True
332.4520 	EXP 	familiar_box: autoDraw = True
332.4520 	EXP 	forgotten_box: autoDraw = True
332.4520 	EXP 	remember_text: autoDraw = True
332.4520 	EXP 	familiar_text: autoDraw = True
332.4520 	EXP 	forgotten_text: autoDraw = True
332.8814 	DATA 	Mouse: Left button down, pos=(423,164)
332.8911 	EXP 	fixation: autoDraw = False
332.8911 	EXP 	stim_image: autoDraw = False
332.8911 	EXP 	text: autoDraw = False
332.8911 	EXP 	remember_box: autoDraw = False
332.8911 	EXP 	familiar_box: autoDraw = False
332.8911 	EXP 	forgotten_box: autoDraw = False
332.8911 	EXP 	remember_text: autoDraw = False
332.8911 	EXP 	familiar_text: autoDraw = False
332.8911 	EXP 	forgotten_text: autoDraw = False
332.8911 	EXP 	remember_box: fillColor = 'blue'
333.0743 	DATA 	Mouse:  Left button up, pos=(423,164)
333.1915 	EXP 	New trial (rep=0, index=53): <Trial 53 (53 in rep 0) data={'image_name': 'Crow 1.jpg', 'condition': 'new', 'thisN': 53, 'thisTrialN': 53, 'thisRepN': 0}>
333.2033 	EXP 	remember_box: fillColor = <class 'numpy.ndarray'>
333.2033 	EXP 	familiar_box: fillColor = <class 'numpy.ndarray'>
333.2033 	EXP 	forgotten_box: fillColor = <class 'numpy.ndarray'>
333.2033 	EXP 	stim_image: image = 'phase2_images/Crow 1.jpg'
333.2033 	EXP 	fixation: autoDraw = True
334.1821 	EXP 	stim_image: autoDraw = True
334.1958 	EXP 	fixation: autoDraw = False
337.1745 	EXP 	stim_image: autoDraw = False
337.1851 	EXP 	text: autoDraw = True
337.1851 	EXP 	remember_box: autoDraw = True
337.1851 	EXP 	familiar_box: autoDraw = True
337.1851 	EXP 	forgotten_box: autoDraw = True
337.1851 	EXP 	remember_text: autoDraw = True
337.1851 	EXP 	familiar_text: autoDraw = True
337.1851 	EXP 	forgotten_text: autoDraw = True
338.9149 	DATA 	Mouse: Left button down, pos=(629,205)
338.9233 	EXP 	fixation: autoDraw = False
338.9233 	EXP 	stim_image: autoDraw = False
338.9233 	EXP 	text: autoDraw = False
338.9233 	EXP 	remember_box: autoDraw = False
338.9233 	EXP 	familiar_box: autoDraw = False
338.9233 	EXP 	forgotten_box: autoDraw = False
338.9233 	EXP 	remember_text: autoDraw = False
338.9233 	EXP 	familiar_text: autoDraw = False
338.9233 	EXP 	forgotten_text: autoDraw = False
338.9233 	EXP 	familiar_box: fillColor = 'blue'
339.0824 	DATA 	Mouse:  Left button up, pos=(629,205)
339.2238 	EXP 	New trial (rep=0, index=54): <Trial 54 (54 in rep 0) data={'image_name': 'Skyscraper 1.jpg', 'condition': 'old', 'thisN': 54, 'thisTrialN': 54, 'thisRepN': 0}>
339.2362 	EXP 	remember_box: fillColor = <class 'numpy.ndarray'>
339.2362 	EXP 	familiar_box: fillColor = <class 'numpy.ndarray'>
339.2362 	EXP 	forgotten_box: fillColor = <class 'numpy.ndarray'>
339.2362 	EXP 	stim_image: image = 'phase2_images/Skyscraper 1.jpg'
339.2362 	EXP 	fixation: autoDraw = True
340.2150 	EXP 	stim_image: autoDraw = True
340.2299 	EXP 	fixation: autoDraw = False
343.2081 	EXP 	stim_image: autoDraw = False
343.2187 	EXP 	text: autoDraw = True
343.2187 	EXP 	remember_box: autoDraw = True
343.2187 	EXP 	familiar_box: autoDraw = True
343.2187 	EXP 	forgotten_box: autoDraw = True
343.2187 	EXP 	remember_text: autoDraw = True
343.2187 	EXP 	familiar_text: autoDraw = True
343.2187 	EXP 	forgotten_text: autoDraw = True
343.6078 	DATA 	Mouse: Left button down, pos=(464,185)
343.6139 	EXP 	fixation: autoDraw = False
343.6139 	EXP 	stim_image: autoDraw = False
343.6139 	EXP 	text: autoDraw = False
343.6139 	EXP 	remember_box: autoDraw = False
343.6139 	EXP 	familiar_box: autoDraw = False
343.6139 	EXP 	forgotten_box: autoDraw = False
343.6139 	EXP 	remember_text: autoDraw = False
343.6139 	EXP 	familiar_text: autoDraw = False
343.6139 	EXP 	forgotten_text: autoDraw = False
343.6139 	EXP 	remember_box: fillColor = 'blue'
343.7729 	DATA 	Mouse:  Left button up, pos=(464,185)
343.9143 	EXP 	New trial (rep=0, index=55): <Trial 55 (55 in rep 0) data={'image_name': 'Snake 4.jpg', 'condition': 'new', 'thisN': 55, 'thisTrialN': 55, 'thisRepN': 0}>
343.9267 	EXP 	remember_box: fillColor = <class 'numpy.ndarray'>
343.9267 	EXP 	familiar_box: fillColor = <class 'numpy.ndarray'>
343.9267 	EXP 	forgotten_box: fillColor = <class 'numpy.ndarray'>
343.9267 	EXP 	stim_image: image = 'phase2_images/Snake 4.jpg'
343.9267 	EXP 	fixation: autoDraw = True
344.9080 	EXP 	stim_image: autoDraw = True
344.9246 	EXP 	fixation: autoDraw = False
347.8970 	EXP 	stim_image: autoDraw = False
347.9073 	EXP 	text: autoDraw = True
347.9073 	EXP 	remember_box: autoDraw = True
347.9073 	EXP 	familiar_box: autoDraw = True
347.9073 	EXP 	forgotten_box: autoDraw = True
347.9073 	EXP 	remember_text: autoDraw = True
347.9073 	EXP 	familiar_text: autoDraw = True
347.9073 	EXP 	forgotten_text: autoDraw = True
348.6988 	DATA 	Mouse: Left button down, pos=(1073,182)
348.7133 	EXP 	fixation: autoDraw = False
348.7133 	EXP 	stim_image: autoDraw = False
348.7133 	EXP 	text: autoDraw = False
348.7133 	EXP 	remember_box: autoDraw = False
348.7133 	EXP 	familiar_box: autoDraw = False
348.7133 	EXP 	forgotten_box: autoDraw = False
348.7133 	EXP 	remember_text: autoDraw = False
348.7133 	EXP 	familiar_text: autoDraw = False
348.7133 	EXP 	forgotten_text: autoDraw = False
348.7133 	EXP 	forgotten_box: fillColor = 'blue'
348.8843 	DATA 	Mouse:  Left button up, pos=(1073,182)
349.0136 	EXP 	New trial (rep=0, index=56): <Trial 56 (56 in rep 0) data={'image_name': 'Jail 1.jpg', 'condition': 'new', 'thisN': 56, 'thisTrialN': 56, 'thisRepN': 0}>
349.0250 	EXP 	remember_box: fillColor = <class 'numpy.ndarray'>
349.0250 	EXP 	familiar_box: fillColor = <class 'numpy.ndarray'>
349.0250 	EXP 	forgotten_box: fillColor = <class 'numpy.ndarray'>
349.0250 	EXP 	stim_image: image = 'phase2_images/Jail 1.jpg'
349.0250 	EXP 	fixation: autoDraw = True
350.0079 	EXP 	stim_image: autoDraw = True
350.0144 	EXP 	fixation: autoDraw = False
352.9967 	EXP 	stim_image: autoDraw = False
353.0064 	EXP 	text: autoDraw = True
353.0064 	EXP 	remember_box: autoDraw = True
353.0064 	EXP 	familiar_box: autoDraw = True
353.0064 	EXP 	forgotten_box: autoDraw = True
353.0064 	EXP 	remember_text: autoDraw = True
353.0064 	EXP 	familiar_text: autoDraw = True
353.0064 	EXP 	forgotten_text: autoDraw = True
353.3498 	DATA 	Mouse: Left button down, pos=(1073,182)
353.3617 	EXP 	fixation: autoDraw = False
353.3617 	EXP 	stim_image: autoDraw = False
353.3617 	EXP 	text: autoDraw = False
353.3617 	EXP 	remember_box: autoDraw = False
353.3617 	EXP 	familiar_box: autoDraw = False
353.3617 	EXP 	forgotten_box: autoDraw = False
353.3617 	EXP 	remember_text: autoDraw = False
353.3617 	EXP 	familiar_text: autoDraw = False
353.3617 	EXP 	forgotten_text: autoDraw = False
353.3617 	EXP 	forgotten_box: fillColor = 'blue'
353.4867 	DATA 	Mouse:  Left button up, pos=(1073,182)
353.6622 	EXP 	New trial (rep=0, index=57): <Trial 57 (57 in rep 0) data={'image_name': 'Dead bodies 2.jpg', 'condition': 'new', 'thisN': 57, 'thisTrialN': 57, 'thisRepN': 0}>
353.6751 	EXP 	remember_box: fillColor = <class 'numpy.ndarray'>
353.6751 	EXP 	familiar_box: fillColor = <class 'numpy.ndarray'>
353.6751 	EXP 	forgotten_box: fillColor = <class 'numpy.ndarray'>
353.6751 	EXP 	stim_image: image = 'phase2_images/Dead bodies 2.jpg'
353.6751 	EXP 	fixation: autoDraw = True
354.6576 	EXP 	stim_image: autoDraw = True
354.6635 	EXP 	fixation: autoDraw = False
357.6469 	EXP 	stim_image: autoDraw = False
357.6563 	EXP 	text: autoDraw = True
357.6563 	EXP 	remember_box: autoDraw = True
357.6563 	EXP 	familiar_box: autoDraw = True
357.6563 	EXP 	forgotten_box: autoDraw = True
357.6563 	EXP 	remember_text: autoDraw = True
357.6563 	EXP 	familiar_text: autoDraw = True
357.6563 	EXP 	forgotten_text: autoDraw = True
358.2488 	DATA 	Mouse: Left button down, pos=(782,195)
358.2561 	EXP 	fixation: autoDraw = False
358.2561 	EXP 	stim_image: autoDraw = False
358.2561 	EXP 	text: autoDraw = False
358.2561 	EXP 	remember_box: autoDraw = False
358.2561 	EXP 	familiar_box: autoDraw = False
358.2561 	EXP 	forgotten_box: autoDraw = False
358.2561 	EXP 	remember_text: autoDraw = False
358.2561 	EXP 	familiar_text: autoDraw = False
358.2561 	EXP 	forgotten_text: autoDraw = False
358.2561 	EXP 	familiar_box: fillColor = 'blue'
358.4022 	DATA 	Mouse:  Left button up, pos=(782,195)
358.5566 	EXP 	New trial (rep=0, index=58): <Trial 58 (58 in rep 0) data={'image_name': 'Horse racing 1.jpg', 'condition': 'new', 'thisN': 58, 'thisTrialN': 58, 'thisRepN': 0}>
358.5680 	EXP 	remember_box: fillColor = <class 'numpy.ndarray'>
358.5680 	EXP 	familiar_box: fillColor = <class 'numpy.ndarray'>
358.5680 	EXP 	forgotten_box: fillColor = <class 'numpy.ndarray'>
358.5680 	EXP 	stim_image: image = 'phase2_images/Horse racing 1.jpg'
358.5680 	EXP 	fixation: autoDraw = True
359.5483 	EXP 	stim_image: autoDraw = True
359.5628 	EXP 	fixation: autoDraw = False
362.5514 	EXP 	stim_image: autoDraw = False
362.5514 	EXP 	text: autoDraw = True
362.5514 	EXP 	remember_box: autoDraw = True
362.5514 	EXP 	familiar_box: autoDraw = True
362.5514 	EXP 	forgotten_box: autoDraw = True
362.5514 	EXP 	remember_text: autoDraw = True
362.5514 	EXP 	familiar_text: autoDraw = True
362.5514 	EXP 	forgotten_text: autoDraw = True
363.0920 	DATA 	Mouse: Left button down, pos=(1034,194)
363.0983 	EXP 	fixation: autoDraw = False
363.0983 	EXP 	stim_image: autoDraw = False
363.0983 	EXP 	text: autoDraw = False
363.0983 	EXP 	remember_box: autoDraw = False
363.0983 	EXP 	familiar_box: autoDraw = False
363.0983 	EXP 	forgotten_box: autoDraw = False
363.0983 	EXP 	remember_text: autoDraw = False
363.0983 	EXP 	familiar_text: autoDraw = False
363.0983 	EXP 	forgotten_text: autoDraw = False
363.0983 	EXP 	forgotten_box: fillColor = 'blue'
363.2464 	DATA 	Mouse:  Left button up, pos=(1034,194)
363.3987 	EXP 	New trial (rep=0, index=59): <Trial 59 (59 in rep 0) data={'image_name': 'Garbage dump 2.jpg', 'condition': 'new', 'thisN': 59, 'thisTrialN': 59, 'thisRepN': 0}>
363.4106 	EXP 	remember_box: fillColor = <class 'numpy.ndarray'>
363.4106 	EXP 	familiar_box: fillColor = <class 'numpy.ndarray'>
363.4106 	EXP 	forgotten_box: fillColor = <class 'numpy.ndarray'>
363.4106 	EXP 	stim_image: image = 'phase2_images/Garbage dump 2.jpg'
363.4106 	EXP 	fixation: autoDraw = True
364.3984 	EXP 	stim_image: autoDraw = True
364.4076 	EXP 	fixation: autoDraw = False
367.4006 	EXP 	stim_image: autoDraw = False
367.4006 	EXP 	text: autoDraw = True
367.4006 	EXP 	remember_box: autoDraw = True
367.4006 	EXP 	familiar_box: autoDraw = True
367.4006 	EXP 	forgotten_box: autoDraw = True
367.4006 	EXP 	remember_text: autoDraw = True
367.4006 	EXP 	familiar_text: autoDraw = True
367.4006 	EXP 	forgotten_text: autoDraw = True
367.7940 	DATA 	Mouse: Left button down, pos=(1034,194)
367.8075 	EXP 	fixation: autoDraw = False
367.8075 	EXP 	stim_image: autoDraw = False
367.8075 	EXP 	text: autoDraw = False
367.8075 	EXP 	remember_box: autoDraw = False
367.8075 	EXP 	familiar_box: autoDraw = False
367.8075 	EXP 	forgotten_box: autoDraw = False
367.8075 	EXP 	remember_text: autoDraw = False
367.8075 	EXP 	familiar_text: autoDraw = False
367.8075 	EXP 	forgotten_text: autoDraw = False
367.8075 	EXP 	forgotten_box: fillColor = 'blue'
367.9462 	DATA 	Mouse:  Left button up, pos=(1034,194)
368.1079 	EXP 	New trial (rep=0, index=60): <Trial 60 (60 in rep 0) data={'image_name': 'Gazing 2.jpg', 'condition': 'old', 'thisN': 60, 'thisTrialN': 60, 'thisRepN': 0}>
368.1179 	EXP 	remember_box: fillColor = <class 'numpy.ndarray'>
368.1179 	EXP 	familiar_box: fillColor = <class 'numpy.ndarray'>
368.1179 	EXP 	forgotten_box: fillColor = <class 'numpy.ndarray'>
368.1179 	EXP 	stim_image: image = 'phase2_images/Gazing 2.jpg'
368.1179 	EXP 	fixation: autoDraw = True
369.0982 	EXP 	stim_image: autoDraw = True
369.1131 	EXP 	fixation: autoDraw = False
372.0993 	EXP 	stim_image: autoDraw = False
372.0993 	EXP 	text: autoDraw = True
372.0993 	EXP 	remember_box: autoDraw = True
372.0993 	EXP 	familiar_box: autoDraw = True
372.0993 	EXP 	forgotten_box: autoDraw = True
372.0993 	EXP 	remember_text: autoDraw = True
372.0993 	EXP 	familiar_text: autoDraw = True
372.0993 	EXP 	forgotten_text: autoDraw = True
373.3147 	DATA 	Mouse: Left button down, pos=(1034,194)
373.3228 	EXP 	fixation: autoDraw = False
373.3228 	EXP 	stim_image: autoDraw = False
373.3228 	EXP 	text: autoDraw = False
373.3228 	EXP 	remember_box: autoDraw = False
373.3228 	EXP 	familiar_box: autoDraw = False
373.3228 	EXP 	forgotten_box: autoDraw = False
373.3228 	EXP 	remember_text: autoDraw = False
373.3228 	EXP 	familiar_text: autoDraw = False
373.3228 	EXP 	forgotten_text: autoDraw = False
373.3228 	EXP 	forgotten_box: fillColor = 'blue'
373.4649 	DATA 	Mouse:  Left button up, pos=(1034,194)
373.6233 	EXP 	New trial (rep=0, index=61): <Trial 61 (61 in rep 0) data={'image_name': 'Statue 2.jpg', 'condition': 'new', 'thisN': 61, 'thisTrialN': 61, 'thisRepN': 0}>
373.6340 	EXP 	remember_box: fillColor = <class 'numpy.ndarray'>
373.6340 	EXP 	familiar_box: fillColor = <class 'numpy.ndarray'>
373.6340 	EXP 	forgotten_box: fillColor = <class 'numpy.ndarray'>
373.6340 	EXP 	stim_image: image = 'phase2_images/Statue 2.jpg'
373.6340 	EXP 	fixation: autoDraw = True
374.6134 	EXP 	stim_image: autoDraw = True
374.6294 	EXP 	fixation: autoDraw = False
377.6076 	EXP 	stim_image: autoDraw = False
377.6174 	EXP 	text: autoDraw = True
377.6174 	EXP 	remember_box: autoDraw = True
377.6174 	EXP 	familiar_box: autoDraw = True
377.6174 	EXP 	forgotten_box: autoDraw = True
377.6174 	EXP 	remember_text: autoDraw = True
377.6174 	EXP 	familiar_text: autoDraw = True
377.6174 	EXP 	forgotten_text: autoDraw = True
378.1584 	DATA 	Mouse: Left button down, pos=(1034,194)
378.1644 	EXP 	fixation: autoDraw = False
378.1644 	EXP 	stim_image: autoDraw = False
378.1644 	EXP 	text: autoDraw = False
378.1644 	EXP 	remember_box: autoDraw = False
378.1644 	EXP 	familiar_box: autoDraw = False
378.1644 	EXP 	forgotten_box: autoDraw = False
378.1644 	EXP 	remember_text: autoDraw = False
378.1644 	EXP 	familiar_text: autoDraw = False
378.1644 	EXP 	forgotten_text: autoDraw = False
378.1644 	EXP 	forgotten_box: fillColor = 'blue'
378.3106 	DATA 	Mouse:  Left button up, pos=(1034,194)
378.4647 	EXP 	New trial (rep=0, index=62): <Trial 62 (62 in rep 0) data={'image_name': 'Toast 1', 'condition': 'new', 'thisN': 62, 'thisTrialN': 62, 'thisRepN': 0}>
378.4660 	WARNING 	Requested image 'phase2_images/Toast 1' not found but similar filename 'phase2_images/Toast 1.jpg' exists. This will be used instead but changing the filename is advised.
378.4755 	EXP 	remember_box: fillColor = <class 'numpy.ndarray'>
378.4755 	EXP 	familiar_box: fillColor = <class 'numpy.ndarray'>
378.4755 	EXP 	forgotten_box: fillColor = <class 'numpy.ndarray'>
378.4755 	EXP 	stim_image: image = 'phase2_images/Toast 1'
378.4755 	EXP 	fixation: autoDraw = True
379.4743 	EXP 	fixation: autoDraw = False
379.4743 	EXP 	stim_image: autoDraw = True
382.4682 	EXP 	stim_image: autoDraw = False
382.4682 	EXP 	text: autoDraw = True
382.4682 	EXP 	remember_box: autoDraw = True
382.4682 	EXP 	familiar_box: autoDraw = True
382.4682 	EXP 	forgotten_box: autoDraw = True
382.4682 	EXP 	remember_text: autoDraw = True
382.4682 	EXP 	familiar_text: autoDraw = True
382.4682 	EXP 	forgotten_text: autoDraw = True
382.8327 	DATA 	Mouse: Left button down, pos=(1034,194)
382.8458 	EXP 	fixation: autoDraw = False
382.8458 	EXP 	stim_image: autoDraw = False
382.8458 	EXP 	text: autoDraw = False
382.8458 	EXP 	remember_box: autoDraw = False
382.8458 	EXP 	familiar_box: autoDraw = False
382.8458 	EXP 	forgotten_box: autoDraw = False
382.8458 	EXP 	remember_text: autoDraw = False
382.8458 	EXP 	familiar_text: autoDraw = False
382.8458 	EXP 	forgotten_text: autoDraw = False
382.8458 	EXP 	forgotten_box: fillColor = 'blue'
382.9859 	DATA 	Mouse:  Left button up, pos=(1034,194)
383.1462 	EXP 	New trial (rep=0, index=63): <Trial 63 (63 in rep 0) data={'image_name': 'Dog 31.jpg', 'condition': 'new', 'thisN': 63, 'thisTrialN': 63, 'thisRepN': 0}>
383.1574 	EXP 	remember_box: fillColor = <class 'numpy.ndarray'>
383.1574 	EXP 	familiar_box: fillColor = <class 'numpy.ndarray'>
383.1574 	EXP 	forgotten_box: fillColor = <class 'numpy.ndarray'>
383.1574 	EXP 	stim_image: image = 'phase2_images/Dog 31.jpg'
383.1574 	EXP 	fixation: autoDraw = True
384.1409 	EXP 	stim_image: autoDraw = True
384.1473 	EXP 	fixation: autoDraw = False
387.1299 	EXP 	stim_image: autoDraw = False
387.1394 	EXP 	text: autoDraw = True
387.1394 	EXP 	remember_box: autoDraw = True
387.1394 	EXP 	familiar_box: autoDraw = True
387.1394 	EXP 	forgotten_box: autoDraw = True
387.1394 	EXP 	remember_text: autoDraw = True
387.1394 	EXP 	familiar_text: autoDraw = True
387.1394 	EXP 	forgotten_text: autoDraw = True
387.6256 	DATA 	Mouse: Left button down, pos=(786,188)
387.6326 	EXP 	fixation: autoDraw = False
387.6326 	EXP 	stim_image: autoDraw = False
387.6326 	EXP 	text: autoDraw = False
387.6326 	EXP 	remember_box: autoDraw = False
387.6326 	EXP 	familiar_box: autoDraw = False
387.6326 	EXP 	forgotten_box: autoDraw = False
387.6326 	EXP 	remember_text: autoDraw = False
387.6326 	EXP 	familiar_text: autoDraw = False
387.6326 	EXP 	forgotten_text: autoDraw = False
387.6326 	EXP 	familiar_box: fillColor = 'blue'
387.7876 	DATA 	Mouse:  Left button up, pos=(786,188)
387.9330 	EXP 	New trial (rep=0, index=64): <Trial 64 (64 in rep 0) data={'image_name': 'Spider 2.jpg', 'condition': 'old', 'thisN': 64, 'thisTrialN': 64, 'thisRepN': 0}>
387.9441 	EXP 	remember_box: fillColor = <class 'numpy.ndarray'>
387.9441 	EXP 	familiar_box: fillColor = <class 'numpy.ndarray'>
387.9441 	EXP 	forgotten_box: fillColor = <class 'numpy.ndarray'>
387.9441 	EXP 	stim_image: image = 'phase2_images/Spider 2.jpg'
387.9441 	EXP 	fixation: autoDraw = True
388.9313 	EXP 	stim_image: autoDraw = True
388.9408 	EXP 	fixation: autoDraw = False
391.9336 	EXP 	stim_image: autoDraw = False
391.9336 	EXP 	text: autoDraw = True
391.9336 	EXP 	remember_box: autoDraw = True
391.9336 	EXP 	familiar_box: autoDraw = True
391.9336 	EXP 	forgotten_box: autoDraw = True
391.9336 	EXP 	remember_text: autoDraw = True
391.9336 	EXP 	familiar_text: autoDraw = True
391.9336 	EXP 	forgotten_text: autoDraw = True
392.5308 	DATA 	Mouse: Left button down, pos=(472,164)
392.5404 	EXP 	fixation: autoDraw = False
392.5404 	EXP 	stim_image: autoDraw = False
392.5404 	EXP 	text: autoDraw = False
392.5404 	EXP 	remember_box: autoDraw = False
392.5404 	EXP 	familiar_box: autoDraw = False
392.5404 	EXP 	forgotten_box: autoDraw = False
392.5404 	EXP 	remember_text: autoDraw = False
392.5404 	EXP 	familiar_text: autoDraw = False
392.5404 	EXP 	forgotten_text: autoDraw = False
392.5404 	EXP 	remember_box: fillColor = 'blue'
392.6984 	DATA 	Mouse:  Left button up, pos=(472,164)
392.8408 	EXP 	New trial (rep=0, index=65): <Trial 65 (65 in rep 0) data={'image_name': 'Gun 5.jpg', 'condition': 'old', 'thisN': 65, 'thisTrialN': 65, 'thisRepN': 0}>
392.8513 	EXP 	remember_box: fillColor = <class 'numpy.ndarray'>
392.8513 	EXP 	familiar_box: fillColor = <class 'numpy.ndarray'>
392.8513 	EXP 	forgotten_box: fillColor = <class 'numpy.ndarray'>
392.8513 	EXP 	stim_image: image = 'phase2_images/Gun 5.jpg'
392.8513 	EXP 	fixation: autoDraw = True
393.8296 	EXP 	stim_image: autoDraw = True
393.8451 	EXP 	fixation: autoDraw = False
396.8242 	EXP 	stim_image: autoDraw = False
396.8342 	EXP 	text: autoDraw = True
396.8342 	EXP 	remember_box: autoDraw = True
396.8342 	EXP 	familiar_box: autoDraw = True
396.8342 	EXP 	forgotten_box: autoDraw = True
396.8342 	EXP 	remember_text: autoDraw = True
396.8342 	EXP 	familiar_text: autoDraw = True
396.8342 	EXP 	forgotten_text: autoDraw = True
397.6081 	DATA 	Mouse: Left button down, pos=(996,197)
397.6141 	EXP 	fixation: autoDraw = False
397.6141 	EXP 	stim_image: autoDraw = False
397.6141 	EXP 	text: autoDraw = False
397.6141 	EXP 	remember_box: autoDraw = False
397.6141 	EXP 	familiar_box: autoDraw = False
397.6141 	EXP 	forgotten_box: autoDraw = False
397.6141 	EXP 	remember_text: autoDraw = False
397.6141 	EXP 	familiar_text: autoDraw = False
397.6141 	EXP 	forgotten_text: autoDraw = False
397.6141 	EXP 	forgotten_box: fillColor = 'blue'
397.7551 	DATA 	Mouse:  Left button up, pos=(996,197)
397.9145 	EXP 	New trial (rep=0, index=66): <Trial 66 (66 in rep 0) data={'image_name': 'Alcohol 6.jpg', 'condition': 'old', 'thisN': 66, 'thisTrialN': 66, 'thisRepN': 0}>
397.9263 	EXP 	remember_box: fillColor = <class 'numpy.ndarray'>
397.9263 	EXP 	familiar_box: fillColor = <class 'numpy.ndarray'>
397.9263 	EXP 	forgotten_box: fillColor = <class 'numpy.ndarray'>
397.9263 	EXP 	stim_image: image = 'phase2_images/Alcohol 6.jpg'
397.9263 	EXP 	fixation: autoDraw = True
398.9146 	EXP 	stim_image: autoDraw = True
398.9239 	EXP 	fixation: autoDraw = False
401.9060 	EXP 	text: autoDraw = True
401.9060 	EXP 	remember_box: autoDraw = True
401.9060 	EXP 	familiar_box: autoDraw = True
401.9060 	EXP 	forgotten_box: autoDraw = True
401.9060 	EXP 	remember_text: autoDraw = True
401.9060 	EXP 	familiar_text: autoDraw = True
401.9060 	EXP 	forgotten_text: autoDraw = True
401.9134 	EXP 	stim_image: autoDraw = False
402.3418 	DATA 	Mouse: Left button down, pos=(1050,178)
402.3479 	EXP 	fixation: autoDraw = False
402.3479 	EXP 	stim_image: autoDraw = False
402.3479 	EXP 	text: autoDraw = False
402.3479 	EXP 	remember_box: autoDraw = False
402.3479 	EXP 	familiar_box: autoDraw = False
402.3479 	EXP 	forgotten_box: autoDraw = False
402.3479 	EXP 	remember_text: autoDraw = False
402.3479 	EXP 	familiar_text: autoDraw = False
402.3479 	EXP 	forgotten_text: autoDraw = False
402.3479 	EXP 	forgotten_box: fillColor = 'blue'
402.5164 	DATA 	Mouse:  Left button up, pos=(1050,178)
402.6484 	EXP 	New trial (rep=0, index=67): <Trial 67 (67 in rep 0) data={'image_name': 'Orangutan 1.jpg', 'condition': 'old', 'thisN': 67, 'thisTrialN': 67, 'thisRepN': 0}>
402.6595 	EXP 	remember_box: fillColor = <class 'numpy.ndarray'>
402.6595 	EXP 	familiar_box: fillColor = <class 'numpy.ndarray'>
402.6595 	EXP 	forgotten_box: fillColor = <class 'numpy.ndarray'>
402.6595 	EXP 	stim_image: image = 'phase2_images/Orangutan 1.jpg'
402.6595 	EXP 	fixation: autoDraw = True
403.6478 	EXP 	stim_image: autoDraw = True
403.6572 	EXP 	fixation: autoDraw = False
406.6409 	EXP 	stim_image: autoDraw = False
406.6519 	EXP 	text: autoDraw = True
406.6519 	EXP 	remember_box: autoDraw = True
406.6519 	EXP 	familiar_box: autoDraw = True
406.6519 	EXP 	forgotten_box: autoDraw = True
406.6519 	EXP 	remember_text: autoDraw = True
406.6519 	EXP 	familiar_text: autoDraw = True
406.6519 	EXP 	forgotten_text: autoDraw = True
407.3616 	DATA 	Mouse: Left button down, pos=(425,170)
407.3908 	EXP 	fixation: autoDraw = False
407.3908 	EXP 	stim_image: autoDraw = False
407.3908 	EXP 	text: autoDraw = False
407.3908 	EXP 	remember_box: autoDraw = False
407.3908 	EXP 	familiar_box: autoDraw = False
407.3908 	EXP 	forgotten_box: autoDraw = False
407.3908 	EXP 	remember_text: autoDraw = False
407.3908 	EXP 	familiar_text: autoDraw = False
407.3908 	EXP 	forgotten_text: autoDraw = False
407.3908 	EXP 	remember_box: fillColor = 'blue'
407.5470 	DATA 	Mouse:  Left button up, pos=(425,170)
407.6917 	EXP 	New trial (rep=0, index=68): <Trial 68 (68 in rep 0) data={'image_name': 'Football player 1.jpg', 'condition': 'old', 'thisN': 68, 'thisTrialN': 68, 'thisRepN': 0}>
407.7038 	EXP 	remember_box: fillColor = <class 'numpy.ndarray'>
407.7038 	EXP 	familiar_box: fillColor = <class 'numpy.ndarray'>
407.7038 	EXP 	forgotten_box: fillColor = <class 'numpy.ndarray'>
407.7038 	EXP 	stim_image: image = 'phase2_images/Football player 1.jpg'
407.7038 	EXP 	fixation: autoDraw = True
408.6812 	EXP 	stim_image: autoDraw = True
408.6962 	EXP 	fixation: autoDraw = False
411.6739 	EXP 	stim_image: autoDraw = False
411.6892 	EXP 	text: autoDraw = True
411.6892 	EXP 	remember_box: autoDraw = True
411.6892 	EXP 	familiar_box: autoDraw = True
411.6892 	EXP 	forgotten_box: autoDraw = True
411.6892 	EXP 	remember_text: autoDraw = True
411.6892 	EXP 	familiar_text: autoDraw = True
411.6892 	EXP 	forgotten_text: autoDraw = True
412.1646 	DATA 	Mouse: Left button down, pos=(1040,163)
412.1723 	EXP 	fixation: autoDraw = False
412.1723 	EXP 	stim_image: autoDraw = False
412.1723 	EXP 	text: autoDraw = False
412.1723 	EXP 	remember_box: autoDraw = False
412.1723 	EXP 	familiar_box: autoDraw = False
412.1723 	EXP 	forgotten_box: autoDraw = False
412.1723 	EXP 	remember_text: autoDraw = False
412.1723 	EXP 	familiar_text: autoDraw = False
412.1723 	EXP 	forgotten_text: autoDraw = False
412.1723 	EXP 	forgotten_box: fillColor = 'blue'
412.3732 	DATA 	Mouse:  Left button up, pos=(1040,163)
412.4728 	EXP 	New trial (rep=0, index=69): <Trial 69 (69 in rep 0) data={'image_name': 'Police 2.jpg', 'condition': 'old', 'thisN': 69, 'thisTrialN': 69, 'thisRepN': 0}>
412.4850 	EXP 	remember_box: fillColor = <class 'numpy.ndarray'>
412.4850 	EXP 	familiar_box: fillColor = <class 'numpy.ndarray'>
412.4850 	EXP 	forgotten_box: fillColor = <class 'numpy.ndarray'>
412.4850 	EXP 	stim_image: image = 'phase2_images/Police 2.jpg'
412.4850 	EXP 	fixation: autoDraw = True
413.4641 	EXP 	stim_image: autoDraw = True
413.4800 	EXP 	fixation: autoDraw = False
415.3426 	DATA 	Mouse: wheel shift=(0,0), pos=(508,140)
415.3771 	DATA 	Mouse: wheel shift=(0,0), pos=(508,140)
416.4573 	EXP 	stim_image: autoDraw = False
416.4673 	EXP 	text: autoDraw = True
416.4673 	EXP 	remember_box: autoDraw = True
416.4673 	EXP 	familiar_box: autoDraw = True
416.4673 	EXP 	forgotten_box: autoDraw = True
416.4673 	EXP 	remember_text: autoDraw = True
416.4673 	EXP 	familiar_text: autoDraw = True
416.4673 	EXP 	forgotten_text: autoDraw = True
417.2913 	DATA 	Mouse: Left button down, pos=(473,174)
417.2974 	EXP 	fixation: autoDraw = False
417.2974 	EXP 	stim_image: autoDraw = False
417.2974 	EXP 	text: autoDraw = False
417.2974 	EXP 	remember_box: autoDraw = False
417.2974 	EXP 	familiar_box: autoDraw = False
417.2974 	EXP 	forgotten_box: autoDraw = False
417.2974 	EXP 	remember_text: autoDraw = False
417.2974 	EXP 	familiar_text: autoDraw = False
417.2974 	EXP 	forgotten_text: autoDraw = False
417.2974 	EXP 	remember_box: fillColor = 'blue'
417.4845 	DATA 	Mouse:  Left button up, pos=(473,174)
417.5979 	EXP 	New trial (rep=0, index=70): <Trial 70 (70 in rep 0) data={'image_name': 'Dirt 1.jpg', 'condition': 'old', 'thisN': 70, 'thisTrialN': 70, 'thisRepN': 0}>
417.6102 	EXP 	remember_box: fillColor = <class 'numpy.ndarray'>
417.6102 	EXP 	familiar_box: fillColor = <class 'numpy.ndarray'>
417.6102 	EXP 	forgotten_box: fillColor = <class 'numpy.ndarray'>
417.6102 	EXP 	stim_image: image = 'phase2_images/Dirt 1.jpg'
417.6102 	EXP 	fixation: autoDraw = True
418.5978 	EXP 	stim_image: autoDraw = True
418.6071 	EXP 	fixation: autoDraw = False
421.6005 	EXP 	stim_image: autoDraw = False
421.6005 	EXP 	text: autoDraw = True
421.6005 	EXP 	remember_box: autoDraw = True
421.6005 	EXP 	familiar_box: autoDraw = True
421.6005 	EXP 	forgotten_box: autoDraw = True
421.6005 	EXP 	remember_text: autoDraw = True
421.6005 	EXP 	familiar_text: autoDraw = True
421.6005 	EXP 	forgotten_text: autoDraw = True
421.9813 	DATA 	Mouse: Left button down, pos=(473,174)
421.9961 	EXP 	fixation: autoDraw = False
421.9961 	EXP 	stim_image: autoDraw = False
421.9961 	EXP 	text: autoDraw = False
421.9961 	EXP 	remember_box: autoDraw = False
421.9961 	EXP 	familiar_box: autoDraw = False
421.9961 	EXP 	forgotten_box: autoDraw = False
421.9961 	EXP 	remember_text: autoDraw = False
421.9961 	EXP 	familiar_text: autoDraw = False
421.9961 	EXP 	forgotten_text: autoDraw = False
421.9961 	EXP 	remember_box: fillColor = 'blue'
422.1432 	DATA 	Mouse:  Left button up, pos=(473,174)
422.2965 	EXP 	New trial (rep=0, index=71): <Trial 71 (71 in rep 0) data={'image_name': 'Wedding 12.jpg', 'condition': 'old', 'thisN': 71, 'thisTrialN': 71, 'thisRepN': 0}>
422.3064 	EXP 	remember_box: fillColor = <class 'numpy.ndarray'>
422.3064 	EXP 	familiar_box: fillColor = <class 'numpy.ndarray'>
422.3064 	EXP 	forgotten_box: fillColor = <class 'numpy.ndarray'>
422.3064 	EXP 	stim_image: image = 'phase2_images/Wedding 12.jpg'
422.3064 	EXP 	fixation: autoDraw = True
423.2903 	EXP 	stim_image: autoDraw = True
423.2961 	EXP 	fixation: autoDraw = False
426.2786 	EXP 	stim_image: autoDraw = False
426.3009 	EXP 	text: autoDraw = True
426.3009 	EXP 	remember_box: autoDraw = True
426.3009 	EXP 	familiar_box: autoDraw = True
426.3009 	EXP 	forgotten_box: autoDraw = True
426.3009 	EXP 	remember_text: autoDraw = True
426.3009 	EXP 	familiar_text: autoDraw = True
426.3009 	EXP 	forgotten_text: autoDraw = True
427.1074 	DATA 	Mouse: Left button down, pos=(1030,182)
427.1125 	EXP 	fixation: autoDraw = False
427.1125 	EXP 	stim_image: autoDraw = False
427.1125 	EXP 	text: autoDraw = False
427.1125 	EXP 	remember_box: autoDraw = False
427.1125 	EXP 	familiar_box: autoDraw = False
427.1125 	EXP 	forgotten_box: autoDraw = False
427.1125 	EXP 	remember_text: autoDraw = False
427.1125 	EXP 	familiar_text: autoDraw = False
427.1125 	EXP 	forgotten_text: autoDraw = False
427.1125 	EXP 	forgotten_box: fillColor = 'blue'
427.2788 	DATA 	Mouse:  Left button up, pos=(1030,182)
427.4181 	EXP 	remember_box: fillColor = <class 'numpy.ndarray'>
427.4181 	EXP 	familiar_box: fillColor = <class 'numpy.ndarray'>
427.4181 	EXP 	forgotten_box: fillColor = <class 'numpy.ndarray'>
427.4181 	EXP 	thanks: autoDraw = True
428.4127 	EXP 	thanks: autoDraw = False
428.4127 	EXP 	thanks: autoDraw = False
428.4129 	EXP 	Phase 2 Canli Replication: status = STOPPED
428.4552 	INFO 	saved data to '/Users/vineesmacbook/Desktop/PsychoPy/Solo Project/data/devadath_Phase 2 Canli Replication_2025-11-14_15h22.24.506.csv'
428.4603 	INFO 	saved data to /Users/vineesmacbook/Desktop/PsychoPy/Solo Project/data/devadath_Phase 2 Canli Replication_2025-11-14_15h22.24.506.psydat
428.6345 	WARNING 	Stopping key buffers but this could be dangerous ifother keyboards rely on the same.
428.6345 	WARNING 	Stopping key buffers but this could be dangerous ifother keyboards rely on the same.
