29.4122 	INFO 	Loaded monitor calibration from ['2025_08_12 08:00']
29.6316 	INFO 	Using renderer 'Apple M2' for graphics
29.6316 	INFO 	OpenGL version supported by driver is 2..
29.6790 	EXP 	Created window1 = Window(allowGUI=True, allowStencil=False, autoLog=True, backendConf=UNKNOWN, backgroundFit=<method-wrapper '__getattribute__' of attributeSetter object at 0x14fab9780>, backgroundImage=<method-wrapper '__getattribute__' of attributeSetter object at 0x14fab9720>, bitsMode=UNKNOWN, blendMode='avg', bpc=(8, 8, 8), color=array([0.0039, 0.0039, 0.0039]), colorSpace='rgb', depthBits=8, fullscr=True, gamma=None, gammaErrorPolicy='raise', infoMsg=UNKNOWN, lms=UNKNOWN, monitor=<psychopy.monitors.calibTools.Monitor object at 0x14fc65a20>, multiSample=False, name='window1', numSamples=2, pos=[np.float64(0.0), np.float64(0.0)], screen=0, size=array([2940, 1912]), stencilBits=0, stereo=False, title='PsychoPy', units='height', useFBO=True, useRetina=True, viewOri=0.0, viewPos=None, viewScale=None, waitBlanking=True, winType='pyglet')
29.6790 	EXP 	window1: backgroundImage = ''
29.6790 	EXP 	window1: backgroundFit = 'none'
30.2400 	EXP 	window1: Attempting to measure frame rate of screen (0) ...
30.2401 	EXP 	window1: recordFrameIntervals = False
30.4322 	EXP 	window1: recordFrameIntervals = True
31.2663 	WARNING 	Couldn't measure a consistent frame rate!
  - Is your graphics card set to sync to vertical blank?
  - Are you running other processes on your computer?

32.4264 	INFO 	keyboard.Keyboard is using ptb backend.
32.7515 	INFO 	keyboard.Keyboard is using ptb backend.
32.7516 	EXP 	Phase 2 Canli Replication: status = STARTED
32.8209 	EXP 	Created text_2 = TextStim(__class__=<class 'psychopy.visual.text.TextStim'>, alignHoriz=method-wrapper(...), alignText='center', alignVert=method-wrapper(...), anchorHoriz='center', anchorVert='center', antialias=True, autoDraw=False, autoLog=True, bold=False, color=array([1., 1., 1.]), colorSpace='rgb', contrast=1.0, depth=0.0, draggable=False, flipHoriz=False, flipVert=False, font='Arial', fontFiles=[], height=np.float64(0.04), italic=False, languageStyle='LTR', name='text_2', opacity=1, ori=0.0, pos=array([0., 0.]), rgb=UNKNOWN, text=str(...), units='height', win=Window(...), wrapWidth=1)
32.8259 	EXP 	Created fixation = ShapeStim(__class__=<class 'psychopy.visual.shape.ShapeStim'>, anchor=('center', 'center'), autoDraw=False, autoLog=True, closeShape=True, color=method-wrapper(...), colorSpace='rgb', contrast=None, depth=-1.0, draggable=False, fillColor=array([1, 1, 1]), fillColorSpace='rgb', fillRGB=array([1, 1, 1]), interpolate=True, lineColor=array([1., 1., 1.]), lineColorSpace='rgb', lineRGB=array([1, 1, 1]), lineWidth=1.0, name='fixation', opacity=1, ori=0.0, pos=array([0., 0.]), size=array([0.05, 0.05]), units='height', vertices=ndarray(...), win=Window(...), windingRule=None)
32.8510 	EXP 	Created stim_image = ImageStim(__class__=<class 'psychopy.visual.image.ImageStim'>, anchor=('center', 'center'), autoLog=True, color=array([1., 1., 1.]), colorSpace='rgb', contrast=1.0, depth=-2.0, draggable=False, flipHoriz=np.False_, flipVert=np.False_, image='default.png', interpolate=True, mask=None, maskParams=None, name='stim_image', opacity=1, ori=0.0, pos=array([0., 0.]), size=array([0.5, 0.5]), texRes=128.0, units='height', win=Window(...))
32.8604 	EXP 	Created text = TextStim(__class__=<class 'psychopy.visual.text.TextStim'>, alignHoriz=method-wrapper(...), alignText='center', alignVert=method-wrapper(...), anchorHoriz='center', anchorVert='center', antialias=True, autoDraw=False, autoLog=True, bold=False, color=array([1., 1., 1.]), colorSpace='rgb', contrast=1.0, depth=-3.0, draggable=False, flipHoriz=False, flipVert=False, font='Arial', fontFiles=[], height=np.float64(0.05), italic=False, languageStyle='LTR', name='text', opacity=1, ori=0.0, pos=array([0.  , 0.15]), rgb=UNKNOWN, text='Have you seen this image before?', units='height', win=Window(...), wrapWidth=1)
32.8617 	EXP 	Created remember_box = Rect(__class__=<class 'psychopy.visual.rect.Rect'>, anchor=('center', 'center'), autoDraw=False, autoLog=True, closeShape=True, color=method-wrapper(...), colorSpace='rgb', contrast=None, depth=-4.0, draggable=False, fillColor=array([1, 1, 1]), fillColorSpace='rgb', fillRGB=array([1, 1, 1]), interpolate=True, lineColor=array([1., 1., 1.]), lineColorSpace='rgb', lineRGB=array([1, 1, 1]), lineWidth=1.0, name='remember_box', opacity=1, ori=0.0, pos=array([-0.4, -0.3]), size=array([0.35, 0.1 ]), units='height', vertices=ndarray(...), win=Window(...))
32.8628 	EXP 	Created familiar_box = Rect(__class__=<class 'psychopy.visual.rect.Rect'>, anchor=('center', 'center'), autoDraw=False, autoLog=True, closeShape=True, color=method-wrapper(...), colorSpace='rgb', contrast=None, depth=-5.0, draggable=False, fillColor=array([1, 1, 1]), fillColorSpace='rgb', fillRGB=array([1, 1, 1]), interpolate=True, lineColor=array([1., 1., 1.]), lineColorSpace='rgb', lineRGB=array([1, 1, 1]), lineWidth=1.0, name='familiar_box', opacity=1, ori=0.0, pos=array([ 0. , -0.3]), size=array([0.35, 0.1 ]), units='height', vertices=ndarray(...), win=Window(...))
32.8640 	EXP 	Created forgotten_box = Rect(__class__=<class 'psychopy.visual.rect.Rect'>, anchor=('center', 'center'), autoDraw=False, autoLog=True, closeShape=True, color=method-wrapper(...), colorSpace='rgb', contrast=None, depth=-6.0, draggable=False, fillColor=array([1, 1, 1]), fillColorSpace='rgb', fillRGB=array([1, 1, 1]), interpolate=True, lineColor=array([1., 1., 1.]), lineColorSpace='rgb', lineRGB=array([1, 1, 1]), lineWidth=1.0, name='forgotten_box', opacity=1, ori=0.0, pos=array([ 0.4, -0.3]), size=array([0.35, 0.1 ]), units='height', vertices=ndarray(...), win=Window(...))
32.8667 	EXP 	Created remember_text = TextStim(__class__=<class 'psychopy.visual.text.TextStim'>, alignHoriz=method-wrapper(...), alignText='center', alignVert=method-wrapper(...), anchorHoriz='center', anchorVert='center', antialias=True, autoDraw=False, autoLog=True, bold=False, color=array([-1., -1., -1.]), colorSpace='rgb', contrast=1.0, depth=-7.0, draggable=False, flipHoriz=False, flipVert=False, font='Arial', fontFiles=[], height=np.float64(0.05), italic=False, languageStyle='LTR', name='remember_text', opacity=1, ori=0.0, pos=array([-0.4, -0.3]), rgb=UNKNOWN, text='Remembered', units='height', win=Window(...), wrapWidth=1)
32.8688 	EXP 	Created familiar_text = TextStim(__class__=<class 'psychopy.visual.text.TextStim'>, alignHoriz=method-wrapper(...), alignText='center', alignVert=method-wrapper(...), anchorHoriz='center', anchorVert='center', antialias=True, autoDraw=False, autoLog=True, bold=False, color=array([-1., -1., -1.]), colorSpace='rgb', contrast=1.0, depth=-8.0, draggable=False, flipHoriz=False, flipVert=False, font='Arial', fontFiles=[], height=np.float64(0.05), italic=False, languageStyle='LTR', name='familiar_text', opacity=1, ori=0.0, pos=array([ 0. , -0.3]), rgb=UNKNOWN, text='Familiar', units='height', win=Window(...), wrapWidth=1)
32.8706 	EXP 	Created forgotten_text = TextStim(__class__=<class 'psychopy.visual.text.TextStim'>, alignHoriz=method-wrapper(...), alignText='center', alignVert=method-wrapper(...), anchorHoriz='center', anchorVert='center', antialias=True, autoDraw=False, autoLog=True, bold=False, color=array([-1., -1., -1.]), colorSpace='rgb', contrast=1.0, depth=-9.0, draggable=False, flipHoriz=False, flipVert=False, font='Arial', fontFiles=[], height=np.float64(0.05), italic=False, languageStyle='LTR', name='forgotten_text', opacity=1, ori=0.0, pos=array([ 0.4, -0.3]), rgb=UNKNOWN, text='Forgotten', units='height', win=Window(...), wrapWidth=1)
32.8746 	EXP 	Created thanks = TextStim(__class__=<class 'psychopy.visual.text.TextStim'>, alignHoriz=method-wrapper(...), alignText='center', alignVert=method-wrapper(...), anchorHoriz='center', anchorVert='center', antialias=True, autoDraw=False, autoLog=True, bold=False, color=array([1., 1., 1.]), colorSpace='rgb', contrast=1.0, depth=0.0, draggable=False, flipHoriz=False, flipVert=False, font='Arial', fontFiles=[], height=np.float64(0.05), italic=False, languageStyle='LTR', name='thanks', opacity=1, ori=0.0, pos=array([0., 0.]), rgb=UNKNOWN, text='Thank you for taking part in the experiment!', units='height', win=Window(...), wrapWidth=1)
0.0247 	INFO 	Keyboard events cleared
0.0247 	EXP 	text_2: autoDraw = True
7.4506 	DATA 	Mouse: Left button down, pos=(1469,568)
7.6943 	DATA 	Mouse:  Left button up, pos=(1469,568)
8.1751 	EXP 	Device response: <KeyPress from None: t=7.965941373957321, value=space, duration=None>
8.1753 	EXP 	Device response: <KeyPress from None: t=7.965941373957321, value=space, duration=0.1683335000416264>
8.1912 	EXP 	Imported phase2_conditions - Sheet1.csv as conditions, 72 conditions, 2 params
8.1929 	EXP 	New trial (rep=0, index=0): <Trial 0 (0 in rep 0) data={'image_name': 'Sidewalk 2.jpg', 'condition': 'old', 'thisN': 0, 'thisTrialN': 0, 'thisRepN': 0}>
8.2131 	DATA 	Keypress: space
8.2172 	WARNING 	t of last frame was 241.85ms (=1/4)
8.2172 	EXP 	text_2: autoDraw = False
8.2172 	EXP 	stim_image: image = 'phase2_images/Sidewalk 2.jpg'
8.2172 	EXP 	fixation: autoDraw = True
9.1696 	EXP 	stim_image: autoDraw = True
9.2140 	EXP 	fixation: autoDraw = False
12.1810 	WARNING 	t of last frame was 22.54ms (=1/44)
12.1810 	EXP 	stim_image: autoDraw = False
12.1810 	EXP 	text: autoDraw = True
12.1810 	EXP 	remember_box: autoDraw = True
12.1810 	EXP 	familiar_box: autoDraw = True
12.1810 	EXP 	forgotten_box: autoDraw = True
12.1810 	EXP 	remember_text: autoDraw = True
12.1810 	EXP 	familiar_text: autoDraw = True
12.1810 	EXP 	forgotten_text: autoDraw = True
14.9992 	DATA 	Mouse: Left button down, pos=(492,213)
15.0248 	WARNING 	t of last frame was 26.65ms (=1/37)
15.0248 	EXP 	fixation: autoDraw = False
15.0248 	EXP 	stim_image: autoDraw = False
15.0248 	EXP 	text: autoDraw = False
15.0248 	EXP 	remember_box: autoDraw = False
15.0248 	EXP 	familiar_box: autoDraw = False
15.0248 	EXP 	forgotten_box: autoDraw = False
15.0248 	EXP 	remember_text: autoDraw = False
15.0248 	EXP 	familiar_text: autoDraw = False
15.0248 	EXP 	forgotten_text: autoDraw = False
15.0248 	EXP 	remember_box: fillColor = 'blue'
15.2741 	DATA 	Mouse:  Left button up, pos=(492,213)
15.3253 	EXP 	New trial (rep=0, index=1): <Trial 1 (1 in rep 0) data={'image_name': 'War 6.jpg', 'condition': 'old', 'thisN': 1, 'thisTrialN': 1, 'thisRepN': 0}>
15.3374 	WARNING 	t of last frame was 312.62ms (=1/3)
15.3374 	EXP 	remember_box: fillColor = <class 'numpy.ndarray'>
15.3374 	EXP 	familiar_box: fillColor = <class 'numpy.ndarray'>
15.3374 	EXP 	forgotten_box: fillColor = <class 'numpy.ndarray'>
15.3374 	EXP 	stim_image: image = 'phase2_images/War 6.jpg'
15.3374 	EXP 	fixation: autoDraw = True
16.3155 	EXP 	stim_image: autoDraw = True
16.3300 	EXP 	fixation: autoDraw = False
19.3169 	EXP 	stim_image: autoDraw = False
19.3169 	EXP 	text: autoDraw = True
19.3169 	EXP 	remember_box: autoDraw = True
19.3169 	EXP 	familiar_box: autoDraw = True
19.3169 	EXP 	forgotten_box: autoDraw = True
19.3169 	EXP 	remember_text: autoDraw = True
19.3169 	EXP 	familiar_text: autoDraw = True
19.3169 	EXP 	forgotten_text: autoDraw = True
19.9594 	DATA 	Mouse: Left button down, pos=(427,196)
19.9654 	EXP 	fixation: autoDraw = False
19.9654 	EXP 	stim_image: autoDraw = False
19.9654 	EXP 	text: autoDraw = False
19.9654 	EXP 	remember_box: autoDraw = False
19.9654 	EXP 	familiar_box: autoDraw = False
19.9654 	EXP 	forgotten_box: autoDraw = False
19.9654 	EXP 	remember_text: autoDraw = False
19.9654 	EXP 	familiar_text: autoDraw = False
19.9654 	EXP 	forgotten_text: autoDraw = False
19.9654 	EXP 	remember_box: fillColor = 'blue'
20.1806 	DATA 	Mouse:  Left button up, pos=(427,196)
20.2658 	EXP 	New trial (rep=0, index=2): <Trial 2 (2 in rep 0) data={'image_name': 'Cold 6', 'condition': 'new', 'thisN': 2, 'thisTrialN': 2, 'thisRepN': 0}>
20.2660 	WARNING 	Requested image 'phase2_images/Cold 6' not found but similar filename 'phase2_images/Cold 6.jpg' exists. This will be used instead but changing the filename is advised.
20.2767 	WARNING 	Multiple dropped frames have occurred - I'll stop bothering you about them!
20.2767 	EXP 	remember_box: fillColor = <class 'numpy.ndarray'>
20.2767 	EXP 	familiar_box: fillColor = <class 'numpy.ndarray'>
20.2767 	EXP 	forgotten_box: fillColor = <class 'numpy.ndarray'>
20.2767 	EXP 	stim_image: image = 'phase2_images/Cold 6'
20.2767 	EXP 	fixation: autoDraw = True
21.2656 	EXP 	stim_image: autoDraw = True
21.2750 	EXP 	fixation: autoDraw = False
24.2573 	EXP 	stim_image: autoDraw = False
24.2573 	EXP 	text: autoDraw = True
24.2573 	EXP 	remember_box: autoDraw = True
24.2573 	EXP 	familiar_box: autoDraw = True
24.2573 	EXP 	forgotten_box: autoDraw = True
24.2573 	EXP 	remember_text: autoDraw = True
24.2573 	EXP 	familiar_text: autoDraw = True
24.2573 	EXP 	forgotten_text: autoDraw = True
25.5847 	DATA 	Mouse: Left button down, pos=(703,187)
25.5949 	EXP 	fixation: autoDraw = False
25.5949 	EXP 	stim_image: autoDraw = False
25.5949 	EXP 	text: autoDraw = False
25.5949 	EXP 	remember_box: autoDraw = False
25.5949 	EXP 	familiar_box: autoDraw = False
25.5949 	EXP 	forgotten_box: autoDraw = False
25.5949 	EXP 	remember_text: autoDraw = False
25.5949 	EXP 	familiar_text: autoDraw = False
25.5949 	EXP 	forgotten_text: autoDraw = False
25.5949 	EXP 	familiar_box: fillColor = 'blue'
25.8029 	DATA 	Mouse:  Left button up, pos=(703,187)
25.8953 	EXP 	New trial (rep=0, index=3): <Trial 3 (3 in rep 0) data={'image_name': 'Child labor 2.jpg', 'condition': 'old', 'thisN': 3, 'thisTrialN': 3, 'thisRepN': 0}>
25.9059 	EXP 	remember_box: fillColor = <class 'numpy.ndarray'>
25.9059 	EXP 	familiar_box: fillColor = <class 'numpy.ndarray'>
25.9059 	EXP 	forgotten_box: fillColor = <class 'numpy.ndarray'>
25.9059 	EXP 	stim_image: image = 'phase2_images/Child labor 2.jpg'
25.9059 	EXP 	fixation: autoDraw = True
26.8918 	EXP 	stim_image: autoDraw = True
26.8978 	EXP 	fixation: autoDraw = False
29.8791 	EXP 	stim_image: autoDraw = False
29.8918 	EXP 	text: autoDraw = True
29.8918 	EXP 	remember_box: autoDraw = True
29.8918 	EXP 	familiar_box: autoDraw = True
29.8918 	EXP 	forgotten_box: autoDraw = True
29.8918 	EXP 	remember_text: autoDraw = True
29.8918 	EXP 	familiar_text: autoDraw = True
29.8918 	EXP 	forgotten_text: autoDraw = True
30.9422 	DATA 	Mouse: Left button down, pos=(1057,173)
30.9480 	EXP 	fixation: autoDraw = False
30.9480 	EXP 	stim_image: autoDraw = False
30.9480 	EXP 	text: autoDraw = False
30.9480 	EXP 	remember_box: autoDraw = False
30.9480 	EXP 	familiar_box: autoDraw = False
30.9480 	EXP 	forgotten_box: autoDraw = False
30.9480 	EXP 	remember_text: autoDraw = False
30.9480 	EXP 	familiar_text: autoDraw = False
30.9480 	EXP 	forgotten_text: autoDraw = False
30.9480 	EXP 	forgotten_box: fillColor = 'blue'
31.1486 	DATA 	Mouse:  Left button up, pos=(1057,173)
31.2485 	EXP 	New trial (rep=0, index=4): <Trial 4 (4 in rep 0) data={'image_name': 'Lion 1.jpg', 'condition': 'new', 'thisN': 4, 'thisTrialN': 4, 'thisRepN': 0}>
31.2592 	EXP 	remember_box: fillColor = <class 'numpy.ndarray'>
31.2592 	EXP 	familiar_box: fillColor = <class 'numpy.ndarray'>
31.2592 	EXP 	forgotten_box: fillColor = <class 'numpy.ndarray'>
31.2592 	EXP 	stim_image: image = 'phase2_images/Lion 1.jpg'
31.2592 	EXP 	fixation: autoDraw = True
32.2486 	EXP 	fixation: autoDraw = False
32.2486 	EXP 	stim_image: autoDraw = True
35.2515 	EXP 	stim_image: autoDraw = False
35.2515 	EXP 	text: autoDraw = True
35.2515 	EXP 	remember_box: autoDraw = True
35.2515 	EXP 	familiar_box: autoDraw = True
35.2515 	EXP 	forgotten_box: autoDraw = True
35.2515 	EXP 	remember_text: autoDraw = True
35.2515 	EXP 	familiar_text: autoDraw = True
35.2515 	EXP 	forgotten_text: autoDraw = True
37.6253 	DATA 	Mouse: Left button down, pos=(671,221)
37.6307 	EXP 	fixation: autoDraw = False
37.6307 	EXP 	stim_image: autoDraw = False
37.6307 	EXP 	text: autoDraw = False
37.6307 	EXP 	remember_box: autoDraw = False
37.6307 	EXP 	familiar_box: autoDraw = False
37.6307 	EXP 	forgotten_box: autoDraw = False
37.6307 	EXP 	remember_text: autoDraw = False
37.6307 	EXP 	familiar_text: autoDraw = False
37.6307 	EXP 	forgotten_text: autoDraw = False
37.6307 	EXP 	familiar_box: fillColor = 'blue'
37.7397 	DATA 	Mouse:  Left button up, pos=(671,221)
37.9311 	EXP 	New trial (rep=0, index=5): <Trial 5 (5 in rep 0) data={'image_name': 'Rafting 6.jpg', 'condition': 'old', 'thisN': 5, 'thisTrialN': 5, 'thisRepN': 0}>
37.9441 	EXP 	remember_box: fillColor = <class 'numpy.ndarray'>
37.9441 	EXP 	familiar_box: fillColor = <class 'numpy.ndarray'>
37.9441 	EXP 	forgotten_box: fillColor = <class 'numpy.ndarray'>
37.9441 	EXP 	stim_image: image = 'phase2_images/Rafting 6.jpg'
37.9441 	EXP 	fixation: autoDraw = True
38.9249 	EXP 	stim_image: autoDraw = True
38.9415 	EXP 	fixation: autoDraw = False
41.9124 	EXP 	stim_image: autoDraw = False
41.9363 	EXP 	text: autoDraw = True
41.9363 	EXP 	remember_box: autoDraw = True
41.9363 	EXP 	familiar_box: autoDraw = True
41.9363 	EXP 	forgotten_box: autoDraw = True
41.9363 	EXP 	remember_text: autoDraw = True
41.9363 	EXP 	familiar_text: autoDraw = True
41.9363 	EXP 	forgotten_text: autoDraw = True
42.7419 	DATA 	Mouse: Left button down, pos=(449,195)
42.7473 	EXP 	fixation: autoDraw = False
42.7473 	EXP 	stim_image: autoDraw = False
42.7473 	EXP 	text: autoDraw = False
42.7473 	EXP 	remember_box: autoDraw = False
42.7473 	EXP 	familiar_box: autoDraw = False
42.7473 	EXP 	forgotten_box: autoDraw = False
42.7473 	EXP 	remember_text: autoDraw = False
42.7473 	EXP 	familiar_text: autoDraw = False
42.7473 	EXP 	forgotten_text: autoDraw = False
42.7473 	EXP 	remember_box: fillColor = 'blue'
42.9146 	DATA 	Mouse:  Left button up, pos=(449,195)
43.0477 	EXP 	New trial (rep=0, index=6): <Trial 6 (6 in rep 0) data={'image_name': 'Bark 6.jpg', 'condition': 'old', 'thisN': 6, 'thisTrialN': 6, 'thisRepN': 0}>
43.0593 	EXP 	remember_box: fillColor = <class 'numpy.ndarray'>
43.0593 	EXP 	familiar_box: fillColor = <class 'numpy.ndarray'>
43.0593 	EXP 	forgotten_box: fillColor = <class 'numpy.ndarray'>
43.0593 	EXP 	stim_image: image = 'phase2_images/Bark 6.jpg'
43.0593 	EXP 	fixation: autoDraw = True
44.0415 	EXP 	stim_image: autoDraw = True
44.0581 	EXP 	fixation: autoDraw = False
47.0291 	EXP 	stim_image: autoDraw = False
47.0527 	EXP 	text: autoDraw = True
47.0527 	EXP 	remember_box: autoDraw = True
47.0527 	EXP 	familiar_box: autoDraw = True
47.0527 	EXP 	forgotten_box: autoDraw = True
47.0527 	EXP 	remember_text: autoDraw = True
47.0527 	EXP 	familiar_text: autoDraw = True
47.0527 	EXP 	forgotten_text: autoDraw = True
47.8983 	DATA 	Mouse: Left button down, pos=(1041,208)
47.9078 	EXP 	fixation: autoDraw = False
47.9078 	EXP 	stim_image: autoDraw = False
47.9078 	EXP 	text: autoDraw = False
47.9078 	EXP 	remember_box: autoDraw = False
47.9078 	EXP 	familiar_box: autoDraw = False
47.9078 	EXP 	forgotten_box: autoDraw = False
47.9078 	EXP 	remember_text: autoDraw = False
47.9078 	EXP 	familiar_text: autoDraw = False
47.9078 	EXP 	forgotten_text: autoDraw = False
47.9078 	EXP 	forgotten_box: fillColor = 'blue'
48.0735 	DATA 	Mouse:  Left button up, pos=(1041,208)
48.2083 	EXP 	New trial (rep=0, index=7): <Trial 7 (7 in rep 0) data={'image_name': 'Spider 2.jpg', 'condition': 'old', 'thisN': 7, 'thisTrialN': 7, 'thisRepN': 0}>
48.2194 	EXP 	remember_box: fillColor = <class 'numpy.ndarray'>
48.2194 	EXP 	familiar_box: fillColor = <class 'numpy.ndarray'>
48.2194 	EXP 	forgotten_box: fillColor = <class 'numpy.ndarray'>
48.2194 	EXP 	stim_image: image = 'phase2_images/Spider 2.jpg'
48.2194 	EXP 	fixation: autoDraw = True
49.1986 	EXP 	stim_image: autoDraw = True
49.2137 	EXP 	fixation: autoDraw = False
52.2016 	EXP 	stim_image: autoDraw = False
52.2016 	EXP 	text: autoDraw = True
52.2016 	EXP 	remember_box: autoDraw = True
52.2016 	EXP 	familiar_box: autoDraw = True
52.2016 	EXP 	forgotten_box: autoDraw = True
52.2016 	EXP 	remember_text: autoDraw = True
52.2016 	EXP 	familiar_text: autoDraw = True
52.2016 	EXP 	forgotten_text: autoDraw = True
52.9085 	DATA 	Mouse: Left button down, pos=(506,193)
52.9141 	EXP 	fixation: autoDraw = False
52.9141 	EXP 	stim_image: autoDraw = False
52.9141 	EXP 	text: autoDraw = False
52.9141 	EXP 	remember_box: autoDraw = False
52.9141 	EXP 	familiar_box: autoDraw = False
52.9141 	EXP 	forgotten_box: autoDraw = False
52.9141 	EXP 	remember_text: autoDraw = False
52.9141 	EXP 	familiar_text: autoDraw = False
52.9141 	EXP 	forgotten_text: autoDraw = False
52.9141 	EXP 	remember_box: fillColor = 'blue'
53.0856 	DATA 	Mouse:  Left button up, pos=(506,193)
53.2145 	EXP 	New trial (rep=0, index=8): <Trial 8 (8 in rep 0) data={'image_name': 'Dog 24.jpg', 'condition': 'old', 'thisN': 8, 'thisTrialN': 8, 'thisRepN': 0}>
53.2258 	EXP 	remember_box: fillColor = <class 'numpy.ndarray'>
53.2258 	EXP 	familiar_box: fillColor = <class 'numpy.ndarray'>
53.2258 	EXP 	forgotten_box: fillColor = <class 'numpy.ndarray'>
53.2258 	EXP 	stim_image: image = 'phase2_images/Dog 24.jpg'
53.2258 	EXP 	fixation: autoDraw = True
54.2081 	EXP 	stim_image: autoDraw = True
54.2246 	EXP 	fixation: autoDraw = False
57.1969 	EXP 	stim_image: autoDraw = False
57.2066 	EXP 	text: autoDraw = True
57.2066 	EXP 	remember_box: autoDraw = True
57.2066 	EXP 	familiar_box: autoDraw = True
57.2066 	EXP 	forgotten_box: autoDraw = True
57.2066 	EXP 	remember_text: autoDraw = True
57.2066 	EXP 	familiar_text: autoDraw = True
57.2066 	EXP 	forgotten_text: autoDraw = True
57.7768 	DATA 	Mouse: Left button down, pos=(502,188)
57.7910 	EXP 	fixation: autoDraw = False
57.7910 	EXP 	stim_image: autoDraw = False
57.7910 	EXP 	text: autoDraw = False
57.7910 	EXP 	remember_box: autoDraw = False
57.7910 	EXP 	familiar_box: autoDraw = False
57.7910 	EXP 	forgotten_box: autoDraw = False
57.7910 	EXP 	remember_text: autoDraw = False
57.7910 	EXP 	familiar_text: autoDraw = False
57.7910 	EXP 	forgotten_text: autoDraw = False
57.7910 	EXP 	remember_box: fillColor = 'blue'
57.9434 	DATA 	Mouse:  Left button up, pos=(502,188)
58.0914 	EXP 	New trial (rep=0, index=9): <Trial 9 (9 in rep 0) data={'image_name': 'Exercise 3.jpg', 'condition': 'old', 'thisN': 9, 'thisTrialN': 9, 'thisRepN': 0}>
58.1032 	EXP 	remember_box: fillColor = <class 'numpy.ndarray'>
58.1032 	EXP 	familiar_box: fillColor = <class 'numpy.ndarray'>
58.1032 	EXP 	forgotten_box: fillColor = <class 'numpy.ndarray'>
58.1032 	EXP 	stim_image: image = 'phase2_images/Exercise 3.jpg'
58.1032 	EXP 	fixation: autoDraw = True
59.0808 	EXP 	stim_image: autoDraw = True
59.0974 	EXP 	fixation: autoDraw = False
62.0848 	EXP 	stim_image: autoDraw = False
62.0848 	EXP 	text: autoDraw = True
62.0848 	EXP 	remember_box: autoDraw = True
62.0848 	EXP 	familiar_box: autoDraw = True
62.0848 	EXP 	forgotten_box: autoDraw = True
62.0848 	EXP 	remember_text: autoDraw = True
62.0848 	EXP 	familiar_text: autoDraw = True
62.0848 	EXP 	forgotten_text: autoDraw = True
63.2494 	DATA 	Mouse: Left button down, pos=(997,195)
63.2628 	EXP 	fixation: autoDraw = False
63.2628 	EXP 	stim_image: autoDraw = False
63.2628 	EXP 	text: autoDraw = False
63.2628 	EXP 	remember_box: autoDraw = False
63.2628 	EXP 	familiar_box: autoDraw = False
63.2628 	EXP 	forgotten_box: autoDraw = False
63.2628 	EXP 	remember_text: autoDraw = False
63.2628 	EXP 	familiar_text: autoDraw = False
63.2628 	EXP 	forgotten_text: autoDraw = False
63.2628 	EXP 	forgotten_box: fillColor = 'blue'
63.4682 	DATA 	Mouse:  Left button up, pos=(997,195)
63.5632 	EXP 	New trial (rep=0, index=10): <Trial 10 (10 in rep 0) data={'image_name': 'Timber 2.jpg', 'condition': 'new', 'thisN': 10, 'thisTrialN': 10, 'thisRepN': 0}>
63.5752 	EXP 	remember_box: fillColor = <class 'numpy.ndarray'>
63.5752 	EXP 	familiar_box: fillColor = <class 'numpy.ndarray'>
63.5752 	EXP 	forgotten_box: fillColor = <class 'numpy.ndarray'>
63.5752 	EXP 	stim_image: image = 'phase2_images/Timber 2.jpg'
63.5752 	EXP 	fixation: autoDraw = True
64.5579 	EXP 	stim_image: autoDraw = True
64.5645 	EXP 	fixation: autoDraw = False
67.5467 	EXP 	stim_image: autoDraw = False
67.5563 	EXP 	text: autoDraw = True
67.5563 	EXP 	remember_box: autoDraw = True
67.5563 	EXP 	familiar_box: autoDraw = True
67.5563 	EXP 	forgotten_box: autoDraw = True
67.5563 	EXP 	remember_text: autoDraw = True
67.5563 	EXP 	familiar_text: autoDraw = True
67.5563 	EXP 	forgotten_text: autoDraw = True
68.2145 	DATA 	Mouse: Left button down, pos=(1058,191)
68.2245 	EXP 	fixation: autoDraw = False
68.2245 	EXP 	stim_image: autoDraw = False
68.2245 	EXP 	text: autoDraw = False
68.2245 	EXP 	remember_box: autoDraw = False
68.2245 	EXP 	familiar_box: autoDraw = False
68.2245 	EXP 	forgotten_box: autoDraw = False
68.2245 	EXP 	remember_text: autoDraw = False
68.2245 	EXP 	familiar_text: autoDraw = False
68.2245 	EXP 	forgotten_text: autoDraw = False
68.2245 	EXP 	forgotten_box: fillColor = 'blue'
68.3585 	DATA 	Mouse:  Left button up, pos=(1058,191)
68.5248 	EXP 	New trial (rep=0, index=11): <Trial 11 (11 in rep 0) data={'image_name': 'Statue 2.jpg', 'condition': 'new', 'thisN': 11, 'thisTrialN': 11, 'thisRepN': 0}>
68.5353 	EXP 	remember_box: fillColor = <class 'numpy.ndarray'>
68.5353 	EXP 	familiar_box: fillColor = <class 'numpy.ndarray'>
68.5353 	EXP 	forgotten_box: fillColor = <class 'numpy.ndarray'>
68.5353 	EXP 	stim_image: image = 'phase2_images/Statue 2.jpg'
68.5353 	EXP 	fixation: autoDraw = True
69.5150 	EXP 	stim_image: autoDraw = True
69.5304 	EXP 	fixation: autoDraw = False
72.5184 	EXP 	stim_image: autoDraw = False
72.5184 	EXP 	text: autoDraw = True
72.5184 	EXP 	remember_box: autoDraw = True
72.5184 	EXP 	familiar_box: autoDraw = True
72.5184 	EXP 	forgotten_box: autoDraw = True
72.5184 	EXP 	remember_text: autoDraw = True
72.5184 	EXP 	familiar_text: autoDraw = True
72.5184 	EXP 	forgotten_text: autoDraw = True
73.1589 	DATA 	Mouse: Left button down, pos=(1057,192)
73.1650 	EXP 	fixation: autoDraw = False
73.1650 	EXP 	stim_image: autoDraw = False
73.1650 	EXP 	text: autoDraw = False
73.1650 	EXP 	remember_box: autoDraw = False
73.1650 	EXP 	familiar_box: autoDraw = False
73.1650 	EXP 	forgotten_box: autoDraw = False
73.1650 	EXP 	remember_text: autoDraw = False
73.1650 	EXP 	familiar_text: autoDraw = False
73.1650 	EXP 	forgotten_text: autoDraw = False
73.1650 	EXP 	forgotten_box: fillColor = 'blue'
73.2732 	DATA 	Mouse:  Left button up, pos=(1057,192)
73.4654 	EXP 	New trial (rep=0, index=12): <Trial 12 (12 in rep 0) data={'image_name': 'Garbage dump 2.jpg', 'condition': 'new', 'thisN': 12, 'thisTrialN': 12, 'thisRepN': 0}>
73.4772 	EXP 	remember_box: fillColor = <class 'numpy.ndarray'>
73.4772 	EXP 	familiar_box: fillColor = <class 'numpy.ndarray'>
73.4772 	EXP 	forgotten_box: fillColor = <class 'numpy.ndarray'>
73.4772 	EXP 	stim_image: image = 'phase2_images/Garbage dump 2.jpg'
73.4772 	EXP 	fixation: autoDraw = True
74.4653 	EXP 	stim_image: autoDraw = True
74.4744 	EXP 	fixation: autoDraw = False
77.4683 	EXP 	stim_image: autoDraw = False
77.4683 	EXP 	text: autoDraw = True
77.4683 	EXP 	remember_box: autoDraw = True
77.4683 	EXP 	familiar_box: autoDraw = True
77.4683 	EXP 	forgotten_box: autoDraw = True
77.4683 	EXP 	remember_text: autoDraw = True
77.4683 	EXP 	familiar_text: autoDraw = True
77.4683 	EXP 	forgotten_text: autoDraw = True
78.0842 	DATA 	Mouse: Left button down, pos=(777,210)
78.0945 	EXP 	fixation: autoDraw = False
78.0945 	EXP 	stim_image: autoDraw = False
78.0945 	EXP 	text: autoDraw = False
78.0945 	EXP 	remember_box: autoDraw = False
78.0945 	EXP 	familiar_box: autoDraw = False
78.0945 	EXP 	forgotten_box: autoDraw = False
78.0945 	EXP 	remember_text: autoDraw = False
78.0945 	EXP 	familiar_text: autoDraw = False
78.0945 	EXP 	forgotten_text: autoDraw = False
78.0945 	EXP 	familiar_box: fillColor = 'blue'
78.1765 	DATA 	Mouse:  Left button up, pos=(777,210)
78.3950 	EXP 	New trial (rep=0, index=13): <Trial 13 (13 in rep 0) data={'image_name': 'Bloody knife 1.jpg', 'condition': 'new', 'thisN': 13, 'thisTrialN': 13, 'thisRepN': 0}>
78.4070 	EXP 	remember_box: fillColor = <class 'numpy.ndarray'>
78.4070 	EXP 	familiar_box: fillColor = <class 'numpy.ndarray'>
78.4070 	EXP 	forgotten_box: fillColor = <class 'numpy.ndarray'>
78.4070 	EXP 	stim_image: image = 'phase2_images/Bloody knife 1.jpg'
78.4070 	EXP 	fixation: autoDraw = True
79.3911 	EXP 	stim_image: autoDraw = True
79.3974 	EXP 	fixation: autoDraw = False
82.3801 	EXP 	stim_image: autoDraw = False
82.3896 	EXP 	text: autoDraw = True
82.3896 	EXP 	remember_box: autoDraw = True
82.3896 	EXP 	familiar_box: autoDraw = True
82.3896 	EXP 	forgotten_box: autoDraw = True
82.3896 	EXP 	remember_text: autoDraw = True
82.3896 	EXP 	familiar_text: autoDraw = True
82.3896 	EXP 	forgotten_text: autoDraw = True
83.3804 	DATA 	Mouse: Left button down, pos=(996,201)
83.3909 	EXP 	fixation: autoDraw = False
83.3909 	EXP 	stim_image: autoDraw = False
83.3909 	EXP 	text: autoDraw = False
83.3909 	EXP 	remember_box: autoDraw = False
83.3909 	EXP 	familiar_box: autoDraw = False
83.3909 	EXP 	forgotten_box: autoDraw = False
83.3909 	EXP 	remember_text: autoDraw = False
83.3909 	EXP 	familiar_text: autoDraw = False
83.3909 	EXP 	forgotten_text: autoDraw = False
83.3909 	EXP 	forgotten_box: fillColor = 'blue'
83.5822 	DATA 	Mouse:  Left button up, pos=(996,201)
83.6913 	EXP 	New trial (rep=0, index=14): <Trial 14 (14 in rep 0) data={'image_name': 'Cockroach 1.jpg', 'condition': 'old', 'thisN': 14, 'thisTrialN': 14, 'thisRepN': 0}>
83.7021 	EXP 	remember_box: fillColor = <class 'numpy.ndarray'>
83.7021 	EXP 	familiar_box: fillColor = <class 'numpy.ndarray'>
83.7021 	EXP 	forgotten_box: fillColor = <class 'numpy.ndarray'>
83.7021 	EXP 	stim_image: image = 'phase2_images/Cockroach 1.jpg'
83.7021 	EXP 	fixation: autoDraw = True
84.6816 	EXP 	stim_image: autoDraw = True
84.6961 	EXP 	fixation: autoDraw = False
87.6849 	EXP 	stim_image: autoDraw = False
87.6849 	EXP 	text: autoDraw = True
87.6849 	EXP 	remember_box: autoDraw = True
87.6849 	EXP 	familiar_box: autoDraw = True
87.6849 	EXP 	forgotten_box: autoDraw = True
87.6849 	EXP 	remember_text: autoDraw = True
87.6849 	EXP 	familiar_text: autoDraw = True
87.6849 	EXP 	forgotten_text: autoDraw = True
95.9418 	DATA 	Mouse: Left button down, pos=(1003,201)
95.9481 	EXP 	fixation: autoDraw = False
95.9481 	EXP 	stim_image: autoDraw = False
95.9481 	EXP 	text: autoDraw = False
95.9481 	EXP 	remember_box: autoDraw = False
95.9481 	EXP 	familiar_box: autoDraw = False
95.9481 	EXP 	forgotten_box: autoDraw = False
95.9481 	EXP 	remember_text: autoDraw = False
95.9481 	EXP 	familiar_text: autoDraw = False
95.9481 	EXP 	forgotten_text: autoDraw = False
95.9481 	EXP 	forgotten_box: fillColor = 'blue'
96.0979 	DATA 	Mouse:  Left button up, pos=(1003,201)
96.2484 	EXP 	New trial (rep=0, index=15): <Trial 15 (15 in rep 0) data={'image_name': 'Feces 1.jpg', 'condition': 'new', 'thisN': 15, 'thisTrialN': 15, 'thisRepN': 0}>
96.2604 	EXP 	remember_box: fillColor = <class 'numpy.ndarray'>
96.2604 	EXP 	familiar_box: fillColor = <class 'numpy.ndarray'>
96.2604 	EXP 	forgotten_box: fillColor = <class 'numpy.ndarray'>
96.2604 	EXP 	stim_image: image = 'phase2_images/Feces 1.jpg'
96.2604 	EXP 	fixation: autoDraw = True
97.2409 	EXP 	stim_image: autoDraw = True
97.2578 	EXP 	fixation: autoDraw = False
100.2291 	EXP 	stim_image: autoDraw = False
100.2516 	EXP 	text: autoDraw = True
100.2516 	EXP 	remember_box: autoDraw = True
100.2516 	EXP 	familiar_box: autoDraw = True
100.2516 	EXP 	forgotten_box: autoDraw = True
100.2516 	EXP 	remember_text: autoDraw = True
100.2516 	EXP 	familiar_text: autoDraw = True
100.2516 	EXP 	forgotten_text: autoDraw = True
101.0254 	DATA 	Mouse: Left button down, pos=(1011,207)
101.0408 	EXP 	fixation: autoDraw = False
101.0408 	EXP 	stim_image: autoDraw = False
101.0408 	EXP 	text: autoDraw = False
101.0408 	EXP 	remember_box: autoDraw = False
101.0408 	EXP 	familiar_box: autoDraw = False
101.0408 	EXP 	forgotten_box: autoDraw = False
101.0408 	EXP 	remember_text: autoDraw = False
101.0408 	EXP 	familiar_text: autoDraw = False
101.0408 	EXP 	forgotten_text: autoDraw = False
101.0408 	EXP 	forgotten_box: fillColor = 'blue'
101.1594 	DATA 	Mouse:  Left button up, pos=(1011,207)
101.3412 	EXP 	New trial (rep=0, index=16): <Trial 16 (16 in rep 0) data={'image_name': 'School 1.jpg', 'condition': 'old', 'thisN': 16, 'thisTrialN': 16, 'thisRepN': 0}>
101.3522 	EXP 	remember_box: fillColor = <class 'numpy.ndarray'>
101.3522 	EXP 	familiar_box: fillColor = <class 'numpy.ndarray'>
101.3522 	EXP 	forgotten_box: fillColor = <class 'numpy.ndarray'>
101.3522 	EXP 	stim_image: image = 'phase2_images/School 1.jpg'
101.3522 	EXP 	fixation: autoDraw = True
102.3314 	EXP 	stim_image: autoDraw = True
102.3466 	EXP 	fixation: autoDraw = False
105.3334 	EXP 	stim_image: autoDraw = False
105.3334 	EXP 	text: autoDraw = True
105.3334 	EXP 	remember_box: autoDraw = True
105.3334 	EXP 	familiar_box: autoDraw = True
105.3334 	EXP 	forgotten_box: autoDraw = True
105.3334 	EXP 	remember_text: autoDraw = True
105.3334 	EXP 	familiar_text: autoDraw = True
105.3334 	EXP 	forgotten_text: autoDraw = True
105.7602 	DATA 	Mouse: Left button down, pos=(825,192)
105.7741 	EXP 	fixation: autoDraw = False
105.7741 	EXP 	stim_image: autoDraw = False
105.7741 	EXP 	text: autoDraw = False
105.7741 	EXP 	remember_box: autoDraw = False
105.7741 	EXP 	familiar_box: autoDraw = False
105.7741 	EXP 	forgotten_box: autoDraw = False
105.7741 	EXP 	remember_text: autoDraw = False
105.7741 	EXP 	familiar_text: autoDraw = False
105.7741 	EXP 	forgotten_text: autoDraw = False
105.7741 	EXP 	familiar_box: fillColor = 'blue'
105.9112 	DATA 	Mouse:  Left button up, pos=(825,192)
106.0745 	EXP 	New trial (rep=0, index=17): <Trial 17 (17 in rep 0) data={'image_name': 'Plane crash 3.jpg', 'condition': 'old', 'thisN': 17, 'thisTrialN': 17, 'thisRepN': 0}>
106.0854 	EXP 	remember_box: fillColor = <class 'numpy.ndarray'>
106.0854 	EXP 	familiar_box: fillColor = <class 'numpy.ndarray'>
106.0854 	EXP 	forgotten_box: fillColor = <class 'numpy.ndarray'>
106.0854 	EXP 	stim_image: image = 'phase2_images/Plane crash 3.jpg'
106.0854 	EXP 	fixation: autoDraw = True
107.0654 	EXP 	stim_image: autoDraw = True
107.0784 	EXP 	fixation: autoDraw = False
110.0676 	EXP 	stim_image: autoDraw = False
110.0676 	EXP 	text: autoDraw = True
110.0676 	EXP 	remember_box: autoDraw = True
110.0676 	EXP 	familiar_box: autoDraw = True
110.0676 	EXP 	forgotten_box: autoDraw = True
110.0676 	EXP 	remember_text: autoDraw = True
110.0676 	EXP 	familiar_text: autoDraw = True
110.0676 	EXP 	forgotten_text: autoDraw = True
110.8930 	DATA 	Mouse: Left button down, pos=(494,205)
110.9073 	EXP 	fixation: autoDraw = False
110.9073 	EXP 	stim_image: autoDraw = False
110.9073 	EXP 	text: autoDraw = False
110.9073 	EXP 	remember_box: autoDraw = False
110.9073 	EXP 	familiar_box: autoDraw = False
110.9073 	EXP 	forgotten_box: autoDraw = False
110.9073 	EXP 	remember_text: autoDraw = False
110.9073 	EXP 	familiar_text: autoDraw = False
110.9073 	EXP 	forgotten_text: autoDraw = False
110.9073 	EXP 	remember_box: fillColor = 'blue'
111.0614 	DATA 	Mouse:  Left button up, pos=(494,205)
111.2077 	EXP 	New trial (rep=0, index=18): <Trial 18 (18 in rep 0) data={'image_name': 'Performance 2.jpg', 'condition': 'old', 'thisN': 18, 'thisTrialN': 18, 'thisRepN': 0}>
111.2194 	EXP 	remember_box: fillColor = <class 'numpy.ndarray'>
111.2194 	EXP 	familiar_box: fillColor = <class 'numpy.ndarray'>
111.2194 	EXP 	forgotten_box: fillColor = <class 'numpy.ndarray'>
111.2194 	EXP 	stim_image: image = 'phase2_images/Performance 2.jpg'
111.2194 	EXP 	fixation: autoDraw = True
112.1987 	EXP 	stim_image: autoDraw = True
112.2113 	EXP 	fixation: autoDraw = False
115.2013 	EXP 	stim_image: autoDraw = False
115.2013 	EXP 	text: autoDraw = True
115.2013 	EXP 	remember_box: autoDraw = True
115.2013 	EXP 	familiar_box: autoDraw = True
115.2013 	EXP 	forgotten_box: autoDraw = True
115.2013 	EXP 	remember_text: autoDraw = True
115.2013 	EXP 	familiar_text: autoDraw = True
115.2013 	EXP 	forgotten_text: autoDraw = True
117.1248 	DATA 	Mouse: Left button down, pos=(813,192)
117.1405 	EXP 	fixation: autoDraw = False
117.1405 	EXP 	stim_image: autoDraw = False
117.1405 	EXP 	text: autoDraw = False
117.1405 	EXP 	remember_box: autoDraw = False
117.1405 	EXP 	familiar_box: autoDraw = False
117.1405 	EXP 	forgotten_box: autoDraw = False
117.1405 	EXP 	remember_text: autoDraw = False
117.1405 	EXP 	familiar_text: autoDraw = False
117.1405 	EXP 	forgotten_text: autoDraw = False
117.1405 	EXP 	familiar_box: fillColor = 'blue'
117.2859 	DATA 	Mouse:  Left button up, pos=(813,192)
117.4409 	EXP 	New trial (rep=0, index=19): <Trial 19 (19 in rep 0) data={'image_name': 'Prison 2.jpg', 'condition': 'new', 'thisN': 19, 'thisTrialN': 19, 'thisRepN': 0}>
117.4511 	EXP 	remember_box: fillColor = <class 'numpy.ndarray'>
117.4511 	EXP 	familiar_box: fillColor = <class 'numpy.ndarray'>
117.4511 	EXP 	forgotten_box: fillColor = <class 'numpy.ndarray'>
117.4511 	EXP 	stim_image: image = 'phase2_images/Prison 2.jpg'
117.4511 	EXP 	fixation: autoDraw = True
118.4316 	EXP 	stim_image: autoDraw = True
118.4446 	EXP 	fixation: autoDraw = False
121.4338 	EXP 	stim_image: autoDraw = False
121.4338 	EXP 	text: autoDraw = True
121.4338 	EXP 	remember_box: autoDraw = True
121.4338 	EXP 	familiar_box: autoDraw = True
121.4338 	EXP 	forgotten_box: autoDraw = True
121.4338 	EXP 	remember_text: autoDraw = True
121.4338 	EXP 	familiar_text: autoDraw = True
121.4338 	EXP 	forgotten_text: autoDraw = True
121.7646 	DATA 	Mouse: Left button down, pos=(1020,182)
121.7728 	EXP 	fixation: autoDraw = False
121.7728 	EXP 	stim_image: autoDraw = False
121.7728 	EXP 	text: autoDraw = False
121.7728 	EXP 	remember_box: autoDraw = False
121.7728 	EXP 	familiar_box: autoDraw = False
121.7728 	EXP 	forgotten_box: autoDraw = False
121.7728 	EXP 	remember_text: autoDraw = False
121.7728 	EXP 	familiar_text: autoDraw = False
121.7728 	EXP 	forgotten_text: autoDraw = False
121.7728 	EXP 	forgotten_box: fillColor = 'blue'
121.9807 	DATA 	Mouse:  Left button up, pos=(1020,182)
122.0733 	EXP 	New trial (rep=0, index=20): <Trial 20 (20 in rep 0) data={'image_name': 'Rocks 1.jpg', 'condition': 'new', 'thisN': 20, 'thisTrialN': 20, 'thisRepN': 0}>
122.0848 	EXP 	remember_box: fillColor = <class 'numpy.ndarray'>
122.0848 	EXP 	familiar_box: fillColor = <class 'numpy.ndarray'>
122.0848 	EXP 	forgotten_box: fillColor = <class 'numpy.ndarray'>
122.0848 	EXP 	stim_image: image = 'phase2_images/Rocks 1.jpg'
122.0848 	EXP 	fixation: autoDraw = True
123.0645 	EXP 	stim_image: autoDraw = True
123.0789 	EXP 	fixation: autoDraw = False
126.0675 	EXP 	stim_image: autoDraw = False
126.0675 	EXP 	text: autoDraw = True
126.0675 	EXP 	remember_box: autoDraw = True
126.0675 	EXP 	familiar_box: autoDraw = True
126.0675 	EXP 	forgotten_box: autoDraw = True
126.0675 	EXP 	remember_text: autoDraw = True
126.0675 	EXP 	familiar_text: autoDraw = True
126.0675 	EXP 	forgotten_text: autoDraw = True
126.4992 	DATA 	Mouse: Left button down, pos=(1020,182)
126.5126 	EXP 	fixation: autoDraw = False
126.5126 	EXP 	stim_image: autoDraw = False
126.5126 	EXP 	text: autoDraw = False
126.5126 	EXP 	remember_box: autoDraw = False
126.5126 	EXP 	familiar_box: autoDraw = False
126.5126 	EXP 	forgotten_box: autoDraw = False
126.5126 	EXP 	remember_text: autoDraw = False
126.5126 	EXP 	familiar_text: autoDraw = False
126.5126 	EXP 	forgotten_text: autoDraw = False
126.5126 	EXP 	forgotten_box: fillColor = 'blue'
126.7002 	DATA 	Mouse:  Left button up, pos=(1020,182)
126.8130 	EXP 	New trial (rep=0, index=21): <Trial 21 (21 in rep 0) data={'image_name': 'Car 1.jpg', 'condition': 'old', 'thisN': 21, 'thisTrialN': 21, 'thisRepN': 0}>
126.8228 	EXP 	remember_box: fillColor = <class 'numpy.ndarray'>
126.8228 	EXP 	familiar_box: fillColor = <class 'numpy.ndarray'>
126.8228 	EXP 	forgotten_box: fillColor = <class 'numpy.ndarray'>
126.8228 	EXP 	stim_image: image = 'phase2_images/Car 1.jpg'
126.8228 	EXP 	fixation: autoDraw = True
127.8072 	EXP 	stim_image: autoDraw = True
127.8135 	EXP 	fixation: autoDraw = False
130.7970 	EXP 	stim_image: autoDraw = False
130.8059 	EXP 	text: autoDraw = True
130.8059 	EXP 	remember_box: autoDraw = True
130.8059 	EXP 	familiar_box: autoDraw = True
130.8059 	EXP 	forgotten_box: autoDraw = True
130.8059 	EXP 	remember_text: autoDraw = True
130.8059 	EXP 	familiar_text: autoDraw = True
130.8059 	EXP 	forgotten_text: autoDraw = True
131.3484 	DATA 	Mouse: Left button down, pos=(486,188)
131.3624 	EXP 	fixation: autoDraw = False
131.3624 	EXP 	stim_image: autoDraw = False
131.3624 	EXP 	text: autoDraw = False
131.3624 	EXP 	remember_box: autoDraw = False
131.3624 	EXP 	familiar_box: autoDraw = False
131.3624 	EXP 	forgotten_box: autoDraw = False
131.3624 	EXP 	remember_text: autoDraw = False
131.3624 	EXP 	familiar_text: autoDraw = False
131.3624 	EXP 	forgotten_text: autoDraw = False
131.3624 	EXP 	remember_box: fillColor = 'blue'
131.4769 	DATA 	Mouse:  Left button up, pos=(486,188)
131.6628 	EXP 	New trial (rep=0, index=22): <Trial 22 (22 in rep 0) data={'image_name': 'Dirt 1.jpg', 'condition': 'old', 'thisN': 22, 'thisTrialN': 22, 'thisRepN': 0}>
131.6749 	EXP 	remember_box: fillColor = <class 'numpy.ndarray'>
131.6749 	EXP 	familiar_box: fillColor = <class 'numpy.ndarray'>
131.6749 	EXP 	forgotten_box: fillColor = <class 'numpy.ndarray'>
131.6749 	EXP 	stim_image: image = 'phase2_images/Dirt 1.jpg'
131.6749 	EXP 	fixation: autoDraw = True
132.6573 	EXP 	stim_image: autoDraw = True
132.6640 	EXP 	fixation: autoDraw = False
135.6452 	EXP 	stim_image: autoDraw = False
135.6558 	EXP 	text: autoDraw = True
135.6558 	EXP 	remember_box: autoDraw = True
135.6558 	EXP 	familiar_box: autoDraw = True
135.6558 	EXP 	forgotten_box: autoDraw = True
135.6558 	EXP 	remember_text: autoDraw = True
135.6558 	EXP 	familiar_text: autoDraw = True
135.6558 	EXP 	forgotten_text: autoDraw = True
135.9476 	DATA 	Mouse: Left button down, pos=(485,193)
135.9570 	EXP 	fixation: autoDraw = False
135.9570 	EXP 	stim_image: autoDraw = False
135.9570 	EXP 	text: autoDraw = False
135.9570 	EXP 	remember_box: autoDraw = False
135.9570 	EXP 	familiar_box: autoDraw = False
135.9570 	EXP 	forgotten_box: autoDraw = False
135.9570 	EXP 	remember_text: autoDraw = False
135.9570 	EXP 	familiar_text: autoDraw = False
135.9570 	EXP 	forgotten_text: autoDraw = False
135.9570 	EXP 	remember_box: fillColor = 'blue'
136.0665 	DATA 	Mouse:  Left button up, pos=(485,193)
136.2574 	EXP 	New trial (rep=0, index=23): <Trial 23 (23 in rep 0) data={'image_name': 'Severed finger 1.jpg', 'condition': 'old', 'thisN': 23, 'thisTrialN': 23, 'thisRepN': 0}>
136.2675 	EXP 	remember_box: fillColor = <class 'numpy.ndarray'>
136.2675 	EXP 	familiar_box: fillColor = <class 'numpy.ndarray'>
136.2675 	EXP 	forgotten_box: fillColor = <class 'numpy.ndarray'>
136.2675 	EXP 	stim_image: image = 'phase2_images/Severed finger 1.jpg'
136.2675 	EXP 	fixation: autoDraw = True
137.2486 	EXP 	stim_image: autoDraw = True
137.2611 	EXP 	fixation: autoDraw = False
140.2503 	EXP 	stim_image: autoDraw = False
140.2503 	EXP 	text: autoDraw = True
140.2503 	EXP 	remember_box: autoDraw = True
140.2503 	EXP 	familiar_box: autoDraw = True
140.2503 	EXP 	forgotten_box: autoDraw = True
140.2503 	EXP 	remember_text: autoDraw = True
140.2503 	EXP 	familiar_text: autoDraw = True
140.2503 	EXP 	forgotten_text: autoDraw = True
140.7414 	DATA 	Mouse: Left button down, pos=(483,194)
140.7477 	EXP 	fixation: autoDraw = False
140.7477 	EXP 	stim_image: autoDraw = False
140.7477 	EXP 	text: autoDraw = False
140.7477 	EXP 	remember_box: autoDraw = False
140.7477 	EXP 	familiar_box: autoDraw = False
140.7477 	EXP 	forgotten_box: autoDraw = False
140.7477 	EXP 	remember_text: autoDraw = False
140.7477 	EXP 	familiar_text: autoDraw = False
140.7477 	EXP 	forgotten_text: autoDraw = False
140.7477 	EXP 	remember_box: fillColor = 'blue'
140.9400 	DATA 	Mouse:  Left button up, pos=(483,194)
141.0481 	EXP 	New trial (rep=0, index=24): <Trial 24 (24 in rep 0) data={'image_name': 'Explosion 5.jpg', 'condition': 'new', 'thisN': 24, 'thisTrialN': 24, 'thisRepN': 0}>
141.0579 	EXP 	remember_box: fillColor = <class 'numpy.ndarray'>
141.0579 	EXP 	familiar_box: fillColor = <class 'numpy.ndarray'>
141.0579 	EXP 	forgotten_box: fillColor = <class 'numpy.ndarray'>
141.0579 	EXP 	stim_image: image = 'phase2_images/Explosion 5.jpg'
141.0579 	EXP 	fixation: autoDraw = True
142.0473 	EXP 	fixation: autoDraw = False
142.0473 	EXP 	stim_image: autoDraw = True
145.0490 	EXP 	stim_image: autoDraw = False
145.0490 	EXP 	text: autoDraw = True
145.0490 	EXP 	remember_box: autoDraw = True
145.0490 	EXP 	familiar_box: autoDraw = True
145.0490 	EXP 	forgotten_box: autoDraw = True
145.0490 	EXP 	remember_text: autoDraw = True
145.0490 	EXP 	familiar_text: autoDraw = True
145.0490 	EXP 	forgotten_text: autoDraw = True
147.4595 	DATA 	Mouse: Left button down, pos=(883,191)
147.4736 	EXP 	fixation: autoDraw = False
147.4736 	EXP 	stim_image: autoDraw = False
147.4736 	EXP 	text: autoDraw = False
147.4736 	EXP 	remember_box: autoDraw = False
147.4736 	EXP 	familiar_box: autoDraw = False
147.4736 	EXP 	forgotten_box: autoDraw = False
147.4736 	EXP 	remember_text: autoDraw = False
147.4736 	EXP 	familiar_text: autoDraw = False
147.4736 	EXP 	forgotten_text: autoDraw = False
147.4736 	EXP 	familiar_box: fillColor = 'blue'
147.6611 	DATA 	Mouse:  Left button up, pos=(883,191)
147.7741 	EXP 	New trial (rep=0, index=25): <Trial 25 (25 in rep 0) data={'image_name': 'Jail 1.jpg', 'condition': 'new', 'thisN': 25, 'thisTrialN': 25, 'thisRepN': 0}>
147.7854 	EXP 	remember_box: fillColor = <class 'numpy.ndarray'>
147.7854 	EXP 	familiar_box: fillColor = <class 'numpy.ndarray'>
147.7854 	EXP 	forgotten_box: fillColor = <class 'numpy.ndarray'>
147.7854 	EXP 	stim_image: image = 'phase2_images/Jail 1.jpg'
147.7854 	EXP 	fixation: autoDraw = True
148.7645 	EXP 	stim_image: autoDraw = True
148.7797 	EXP 	fixation: autoDraw = False
151.7679 	EXP 	stim_image: autoDraw = False
151.7679 	EXP 	text: autoDraw = True
151.7679 	EXP 	remember_box: autoDraw = True
151.7679 	EXP 	familiar_box: autoDraw = True
151.7679 	EXP 	forgotten_box: autoDraw = True
151.7679 	EXP 	remember_text: autoDraw = True
151.7679 	EXP 	familiar_text: autoDraw = True
151.7679 	EXP 	forgotten_text: autoDraw = True
152.2917 	DATA 	Mouse: Left button down, pos=(1027,186)
152.2980 	EXP 	fixation: autoDraw = False
152.2980 	EXP 	stim_image: autoDraw = False
152.2980 	EXP 	text: autoDraw = False
152.2980 	EXP 	remember_box: autoDraw = False
152.2980 	EXP 	familiar_box: autoDraw = False
152.2980 	EXP 	forgotten_box: autoDraw = False
152.2980 	EXP 	remember_text: autoDraw = False
152.2980 	EXP 	familiar_text: autoDraw = False
152.2980 	EXP 	forgotten_text: autoDraw = False
152.2980 	EXP 	forgotten_box: fillColor = 'blue'
152.4542 	DATA 	Mouse:  Left button up, pos=(1027,186)
152.5984 	EXP 	New trial (rep=0, index=26): <Trial 26 (26 in rep 0) data={'image_name': 'Dog attack 3.jpg', 'condition': 'old', 'thisN': 26, 'thisTrialN': 26, 'thisRepN': 0}>
152.6105 	EXP 	remember_box: fillColor = <class 'numpy.ndarray'>
152.6105 	EXP 	familiar_box: fillColor = <class 'numpy.ndarray'>
152.6105 	EXP 	forgotten_box: fillColor = <class 'numpy.ndarray'>
152.6105 	EXP 	stim_image: image = 'phase2_images/Dog attack 3.jpg'
152.6105 	EXP 	fixation: autoDraw = True
153.5969 	EXP 	stim_image: autoDraw = True
153.6068 	EXP 	fixation: autoDraw = False
156.6004 	EXP 	stim_image: autoDraw = False
156.6004 	EXP 	text: autoDraw = True
156.6004 	EXP 	remember_box: autoDraw = True
156.6004 	EXP 	familiar_box: autoDraw = True
156.6004 	EXP 	forgotten_box: autoDraw = True
156.6004 	EXP 	remember_text: autoDraw = True
156.6004 	EXP 	familiar_text: autoDraw = True
156.6004 	EXP 	forgotten_text: autoDraw = True
158.0244 	DATA 	Mouse: Left button down, pos=(737,179)
158.0299 	EXP 	fixation: autoDraw = False
158.0299 	EXP 	stim_image: autoDraw = False
158.0299 	EXP 	text: autoDraw = False
158.0299 	EXP 	remember_box: autoDraw = False
158.0299 	EXP 	familiar_box: autoDraw = False
158.0299 	EXP 	forgotten_box: autoDraw = False
158.0299 	EXP 	remember_text: autoDraw = False
158.0299 	EXP 	familiar_text: autoDraw = False
158.0299 	EXP 	forgotten_text: autoDraw = False
158.0299 	EXP 	familiar_box: fillColor = 'blue'
158.1826 	DATA 	Mouse:  Left button up, pos=(737,179)
158.3303 	EXP 	New trial (rep=0, index=27): <Trial 27 (27 in rep 0) data={'image_name': 'Bubble 2.jpg', 'condition': 'old', 'thisN': 27, 'thisTrialN': 27, 'thisRepN': 0}>
158.3408 	EXP 	remember_box: fillColor = <class 'numpy.ndarray'>
158.3408 	EXP 	familiar_box: fillColor = <class 'numpy.ndarray'>
158.3408 	EXP 	forgotten_box: fillColor = <class 'numpy.ndarray'>
158.3408 	EXP 	stim_image: image = 'phase2_images/Bubble 2.jpg'
158.3408 	EXP 	fixation: autoDraw = True
159.3237 	EXP 	stim_image: autoDraw = True
159.3301 	EXP 	fixation: autoDraw = False
162.3124 	EXP 	stim_image: autoDraw = False
162.3338 	EXP 	text: autoDraw = True
162.3338 	EXP 	remember_box: autoDraw = True
162.3338 	EXP 	familiar_box: autoDraw = True
162.3338 	EXP 	forgotten_box: autoDraw = True
162.3338 	EXP 	remember_text: autoDraw = True
162.3338 	EXP 	familiar_text: autoDraw = True
162.3338 	EXP 	forgotten_text: autoDraw = True
165.6135 	DATA 	Mouse: Left button down, pos=(737,179)
165.6234 	EXP 	fixation: autoDraw = False
165.6234 	EXP 	stim_image: autoDraw = False
165.6234 	EXP 	text: autoDraw = False
165.6234 	EXP 	remember_box: autoDraw = False
165.6234 	EXP 	familiar_box: autoDraw = False
165.6234 	EXP 	forgotten_box: autoDraw = False
165.6234 	EXP 	remember_text: autoDraw = False
165.6234 	EXP 	familiar_text: autoDraw = False
165.6234 	EXP 	forgotten_text: autoDraw = False
165.6234 	EXP 	familiar_box: fillColor = 'blue'
165.7733 	DATA 	Mouse:  Left button up, pos=(737,179)
165.9238 	EXP 	New trial (rep=0, index=28): <Trial 28 (28 in rep 0) data={'image_name': 'Street 3.jpg', 'condition': 'new', 'thisN': 28, 'thisTrialN': 28, 'thisRepN': 0}>
165.9348 	EXP 	remember_box: fillColor = <class 'numpy.ndarray'>
165.9348 	EXP 	familiar_box: fillColor = <class 'numpy.ndarray'>
165.9348 	EXP 	forgotten_box: fillColor = <class 'numpy.ndarray'>
165.9348 	EXP 	stim_image: image = 'phase2_images/Street 3.jpg'
165.9348 	EXP 	fixation: autoDraw = True
166.9141 	EXP 	stim_image: autoDraw = True
166.9287 	EXP 	fixation: autoDraw = False
169.9070 	EXP 	stim_image: autoDraw = False
169.9166 	EXP 	text: autoDraw = True
169.9166 	EXP 	remember_box: autoDraw = True
169.9166 	EXP 	familiar_box: autoDraw = True
169.9166 	EXP 	forgotten_box: autoDraw = True
169.9166 	EXP 	remember_text: autoDraw = True
169.9166 	EXP 	familiar_text: autoDraw = True
169.9166 	EXP 	forgotten_text: autoDraw = True
170.2914 	DATA 	Mouse: Left button down, pos=(1038,152)
170.2975 	EXP 	fixation: autoDraw = False
170.2975 	EXP 	stim_image: autoDraw = False
170.2975 	EXP 	text: autoDraw = False
170.2975 	EXP 	remember_box: autoDraw = False
170.2975 	EXP 	familiar_box: autoDraw = False
170.2975 	EXP 	forgotten_box: autoDraw = False
170.2975 	EXP 	remember_text: autoDraw = False
170.2975 	EXP 	familiar_text: autoDraw = False
170.2975 	EXP 	forgotten_text: autoDraw = False
170.2975 	EXP 	forgotten_box: fillColor = 'blue'
170.4359 	DATA 	Mouse:  Left button up, pos=(1038,152)
170.5980 	EXP 	New trial (rep=0, index=29): <Trial 29 (29 in rep 0) data={'image_name': 'Shark 8.jpg', 'condition': 'old', 'thisN': 29, 'thisTrialN': 29, 'thisRepN': 0}>
170.6099 	EXP 	remember_box: fillColor = <class 'numpy.ndarray'>
170.6099 	EXP 	familiar_box: fillColor = <class 'numpy.ndarray'>
170.6099 	EXP 	forgotten_box: fillColor = <class 'numpy.ndarray'>
170.6099 	EXP 	stim_image: image = 'phase2_images/Shark 8.jpg'
170.6099 	EXP 	fixation: autoDraw = True
171.5973 	EXP 	stim_image: autoDraw = True
171.6069 	EXP 	fixation: autoDraw = False
174.5902 	EXP 	stim_image: autoDraw = False
174.6002 	EXP 	text: autoDraw = True
174.6002 	EXP 	remember_box: autoDraw = True
174.6002 	EXP 	familiar_box: autoDraw = True
174.6002 	EXP 	forgotten_box: autoDraw = True
174.6002 	EXP 	remember_text: autoDraw = True
174.6002 	EXP 	familiar_text: autoDraw = True
174.6002 	EXP 	forgotten_text: autoDraw = True
174.9574 	DATA 	Mouse: Left button down, pos=(1038,151)
174.9637 	EXP 	fixation: autoDraw = False
174.9637 	EXP 	stim_image: autoDraw = False
174.9637 	EXP 	text: autoDraw = False
174.9637 	EXP 	remember_box: autoDraw = False
174.9637 	EXP 	familiar_box: autoDraw = False
174.9637 	EXP 	forgotten_box: autoDraw = False
174.9637 	EXP 	remember_text: autoDraw = False
174.9637 	EXP 	familiar_text: autoDraw = False
174.9637 	EXP 	forgotten_text: autoDraw = False
174.9637 	EXP 	forgotten_box: fillColor = 'blue'
175.0903 	DATA 	Mouse:  Left button up, pos=(1038,151)
175.2642 	EXP 	New trial (rep=0, index=30): <Trial 30 (30 in rep 0) data={'image_name': 'Orangutan 1.jpg', 'condition': 'old', 'thisN': 30, 'thisTrialN': 30, 'thisRepN': 0}>
175.2751 	EXP 	remember_box: fillColor = <class 'numpy.ndarray'>
175.2751 	EXP 	familiar_box: fillColor = <class 'numpy.ndarray'>
175.2751 	EXP 	forgotten_box: fillColor = <class 'numpy.ndarray'>
175.2751 	EXP 	stim_image: image = 'phase2_images/Orangutan 1.jpg'
175.2751 	EXP 	fixation: autoDraw = True
176.2645 	EXP 	stim_image: autoDraw = True
176.2736 	EXP 	fixation: autoDraw = False
179.2663 	EXP 	stim_image: autoDraw = False
179.2663 	EXP 	text: autoDraw = True
179.2663 	EXP 	remember_box: autoDraw = True
179.2663 	EXP 	familiar_box: autoDraw = True
179.2663 	EXP 	forgotten_box: autoDraw = True
179.2663 	EXP 	remember_text: autoDraw = True
179.2663 	EXP 	familiar_text: autoDraw = True
179.2663 	EXP 	forgotten_text: autoDraw = True
179.9416 	DATA 	Mouse: Left button down, pos=(496,176)
179.9479 	EXP 	fixation: autoDraw = False
179.9479 	EXP 	stim_image: autoDraw = False
179.9479 	EXP 	text: autoDraw = False
179.9479 	EXP 	remember_box: autoDraw = False
179.9479 	EXP 	familiar_box: autoDraw = False
179.9479 	EXP 	forgotten_box: autoDraw = False
179.9479 	EXP 	remember_text: autoDraw = False
179.9479 	EXP 	familiar_text: autoDraw = False
179.9479 	EXP 	forgotten_text: autoDraw = False
179.9479 	EXP 	remember_box: fillColor = 'blue'
180.0787 	DATA 	Mouse:  Left button up, pos=(496,176)
180.2483 	EXP 	New trial (rep=0, index=31): <Trial 31 (31 in rep 0) data={'image_name': 'Car accident 2.jpg', 'condition': 'old', 'thisN': 31, 'thisTrialN': 31, 'thisRepN': 0}>
180.2587 	EXP 	remember_box: fillColor = <class 'numpy.ndarray'>
180.2587 	EXP 	familiar_box: fillColor = <class 'numpy.ndarray'>
180.2587 	EXP 	forgotten_box: fillColor = <class 'numpy.ndarray'>
180.2587 	EXP 	stim_image: image = 'phase2_images/Car accident 2.jpg'
180.2587 	EXP 	fixation: autoDraw = True
181.2476 	EXP 	stim_image: autoDraw = True
181.2568 	EXP 	fixation: autoDraw = False
184.2496 	EXP 	stim_image: autoDraw = False
184.2496 	EXP 	text: autoDraw = True
184.2496 	EXP 	remember_box: autoDraw = True
184.2496 	EXP 	familiar_box: autoDraw = True
184.2496 	EXP 	forgotten_box: autoDraw = True
184.2496 	EXP 	remember_text: autoDraw = True
184.2496 	EXP 	familiar_text: autoDraw = True
184.2496 	EXP 	forgotten_text: autoDraw = True
184.6798 	DATA 	Mouse: Left button down, pos=(685,184)
184.6899 	EXP 	fixation: autoDraw = False
184.6899 	EXP 	stim_image: autoDraw = False
184.6899 	EXP 	text: autoDraw = False
184.6899 	EXP 	remember_box: autoDraw = False
184.6899 	EXP 	familiar_box: autoDraw = False
184.6899 	EXP 	forgotten_box: autoDraw = False
184.6899 	EXP 	remember_text: autoDraw = False
184.6899 	EXP 	familiar_text: autoDraw = False
184.6899 	EXP 	forgotten_text: autoDraw = False
184.6899 	EXP 	familiar_box: fillColor = 'blue'
184.7926 	DATA 	Mouse:  Left button up, pos=(685,184)
184.9904 	EXP 	New trial (rep=0, index=32): <Trial 32 (32 in rep 0) data={'image_name': 'Gun 5.jpg', 'condition': 'old', 'thisN': 32, 'thisTrialN': 32, 'thisRepN': 0}>
185.0012 	EXP 	remember_box: fillColor = <class 'numpy.ndarray'>
185.0012 	EXP 	familiar_box: fillColor = <class 'numpy.ndarray'>
185.0012 	EXP 	forgotten_box: fillColor = <class 'numpy.ndarray'>
185.0012 	EXP 	stim_image: image = 'phase2_images/Gun 5.jpg'
185.0012 	EXP 	fixation: autoDraw = True
185.9810 	EXP 	stim_image: autoDraw = True
185.9960 	EXP 	fixation: autoDraw = False
188.9733 	EXP 	stim_image: autoDraw = False
188.9827 	EXP 	text: autoDraw = True
188.9827 	EXP 	remember_box: autoDraw = True
188.9827 	EXP 	familiar_box: autoDraw = True
188.9827 	EXP 	forgotten_box: autoDraw = True
188.9827 	EXP 	remember_text: autoDraw = True
188.9827 	EXP 	familiar_text: autoDraw = True
188.9827 	EXP 	forgotten_text: autoDraw = True
189.3159 	DATA 	Mouse: Left button down, pos=(1009,175)
189.3276 	EXP 	fixation: autoDraw = False
189.3276 	EXP 	stim_image: autoDraw = False
189.3276 	EXP 	text: autoDraw = False
189.3276 	EXP 	remember_box: autoDraw = False
189.3276 	EXP 	familiar_box: autoDraw = False
189.3276 	EXP 	forgotten_box: autoDraw = False
189.3276 	EXP 	remember_text: autoDraw = False
189.3276 	EXP 	familiar_text: autoDraw = False
189.3276 	EXP 	forgotten_text: autoDraw = False
189.3276 	EXP 	forgotten_box: fillColor = 'blue'
189.4851 	DATA 	Mouse:  Left button up, pos=(1009,175)
189.6280 	EXP 	New trial (rep=0, index=33): <Trial 33 (33 in rep 0) data={'image_name': 'Pigeon 6.jpg', 'condition': 'old', 'thisN': 33, 'thisTrialN': 33, 'thisRepN': 0}>
189.6406 	EXP 	remember_box: fillColor = <class 'numpy.ndarray'>
189.6406 	EXP 	familiar_box: fillColor = <class 'numpy.ndarray'>
189.6406 	EXP 	forgotten_box: fillColor = <class 'numpy.ndarray'>
189.6406 	EXP 	stim_image: image = 'phase2_images/Pigeon 6.jpg'
189.6406 	EXP 	fixation: autoDraw = True
190.6234 	EXP 	stim_image: autoDraw = True
190.6299 	EXP 	fixation: autoDraw = False
193.6113 	EXP 	stim_image: autoDraw = False
193.6220 	EXP 	text: autoDraw = True
193.6220 	EXP 	remember_box: autoDraw = True
193.6220 	EXP 	familiar_box: autoDraw = True
193.6220 	EXP 	forgotten_box: autoDraw = True
193.6220 	EXP 	remember_text: autoDraw = True
193.6220 	EXP 	familiar_text: autoDraw = True
193.6220 	EXP 	forgotten_text: autoDraw = True
194.0132 	DATA 	Mouse: Left button down, pos=(425,183)
194.0233 	EXP 	fixation: autoDraw = False
194.0233 	EXP 	stim_image: autoDraw = False
194.0233 	EXP 	text: autoDraw = False
194.0233 	EXP 	remember_box: autoDraw = False
194.0233 	EXP 	familiar_box: autoDraw = False
194.0233 	EXP 	forgotten_box: autoDraw = False
194.0233 	EXP 	remember_text: autoDraw = False
194.0233 	EXP 	familiar_text: autoDraw = False
194.0233 	EXP 	forgotten_text: autoDraw = False
194.0233 	EXP 	remember_box: fillColor = 'blue'
194.1558 	DATA 	Mouse:  Left button up, pos=(426,183)
194.3236 	EXP 	New trial (rep=0, index=34): <Trial 34 (34 in rep 0) data={'image_name': 'War 8.jpg', 'condition': 'old', 'thisN': 34, 'thisTrialN': 34, 'thisRepN': 0}>
194.3346 	EXP 	remember_box: fillColor = <class 'numpy.ndarray'>
194.3346 	EXP 	familiar_box: fillColor = <class 'numpy.ndarray'>
194.3346 	EXP 	forgotten_box: fillColor = <class 'numpy.ndarray'>
194.3346 	EXP 	stim_image: image = 'phase2_images/War 8.jpg'
194.3346 	EXP 	fixation: autoDraw = True
195.3145 	EXP 	stim_image: autoDraw = True
195.3266 	EXP 	fixation: autoDraw = False
198.3162 	EXP 	stim_image: autoDraw = False
198.3162 	EXP 	text: autoDraw = True
198.3162 	EXP 	remember_box: autoDraw = True
198.3162 	EXP 	familiar_box: autoDraw = True
198.3162 	EXP 	forgotten_box: autoDraw = True
198.3162 	EXP 	remember_text: autoDraw = True
198.3162 	EXP 	familiar_text: autoDraw = True
198.3162 	EXP 	forgotten_text: autoDraw = True
200.2908 	DATA 	Mouse: Left button down, pos=(754,180)
200.2967 	EXP 	fixation: autoDraw = False
200.2967 	EXP 	stim_image: autoDraw = False
200.2967 	EXP 	text: autoDraw = False
200.2967 	EXP 	remember_box: autoDraw = False
200.2967 	EXP 	familiar_box: autoDraw = False
200.2967 	EXP 	forgotten_box: autoDraw = False
200.2967 	EXP 	remember_text: autoDraw = False
200.2967 	EXP 	familiar_text: autoDraw = False
200.2967 	EXP 	forgotten_text: autoDraw = False
200.2967 	EXP 	familiar_box: fillColor = 'blue'
200.3909 	DATA 	Mouse:  Left button up, pos=(755,179)
200.5972 	EXP 	New trial (rep=0, index=35): <Trial 35 (35 in rep 0) data={'image_name': 'Dead bodies 1.jpg', 'condition': 'old', 'thisN': 35, 'thisTrialN': 35, 'thisRepN': 0}>
200.6094 	EXP 	remember_box: fillColor = <class 'numpy.ndarray'>
200.6094 	EXP 	familiar_box: fillColor = <class 'numpy.ndarray'>
200.6094 	EXP 	forgotten_box: fillColor = <class 'numpy.ndarray'>
200.6094 	EXP 	stim_image: image = 'phase2_images/Dead bodies 1.jpg'
200.6094 	EXP 	fixation: autoDraw = True
201.5971 	EXP 	stim_image: autoDraw = True
201.6064 	EXP 	fixation: autoDraw = False
204.5997 	EXP 	stim_image: autoDraw = False
204.5997 	EXP 	text: autoDraw = True
204.5997 	EXP 	remember_box: autoDraw = True
204.5997 	EXP 	familiar_box: autoDraw = True
204.5997 	EXP 	forgotten_box: autoDraw = True
204.5997 	EXP 	remember_text: autoDraw = True
204.5997 	EXP 	familiar_text: autoDraw = True
204.5997 	EXP 	forgotten_text: autoDraw = True
205.0410 	DATA 	Mouse: Left button down, pos=(489,170)
205.0474 	EXP 	fixation: autoDraw = False
205.0474 	EXP 	stim_image: autoDraw = False
205.0474 	EXP 	text: autoDraw = False
205.0474 	EXP 	remember_box: autoDraw = False
205.0474 	EXP 	familiar_box: autoDraw = False
205.0474 	EXP 	forgotten_box: autoDraw = False
205.0474 	EXP 	remember_text: autoDraw = False
205.0474 	EXP 	familiar_text: autoDraw = False
205.0474 	EXP 	forgotten_text: autoDraw = False
205.0474 	EXP 	remember_box: fillColor = 'blue'
205.1867 	DATA 	Mouse:  Left button up, pos=(489,170)
205.3479 	EXP 	New trial (rep=0, index=36): <Trial 36 (36 in rep 0) data={'image_name': 'Acorns 3.jpg', 'condition': 'old', 'thisN': 36, 'thisTrialN': 36, 'thisRepN': 0}>
205.3588 	EXP 	remember_box: fillColor = <class 'numpy.ndarray'>
205.3588 	EXP 	familiar_box: fillColor = <class 'numpy.ndarray'>
205.3588 	EXP 	forgotten_box: fillColor = <class 'numpy.ndarray'>
205.3588 	EXP 	stim_image: image = 'phase2_images/Acorns 3.jpg'
205.3588 	EXP 	fixation: autoDraw = True
206.3475 	EXP 	stim_image: autoDraw = True
206.3567 	EXP 	fixation: autoDraw = False
209.3496 	EXP 	stim_image: autoDraw = False
209.3496 	EXP 	text: autoDraw = True
209.3496 	EXP 	remember_box: autoDraw = True
209.3496 	EXP 	familiar_box: autoDraw = True
209.3496 	EXP 	forgotten_box: autoDraw = True
209.3496 	EXP 	remember_text: autoDraw = True
209.3496 	EXP 	familiar_text: autoDraw = True
209.3496 	EXP 	forgotten_text: autoDraw = True
209.7076 	DATA 	Mouse: Left button down, pos=(489,171)
209.7143 	EXP 	fixation: autoDraw = False
209.7143 	EXP 	stim_image: autoDraw = False
209.7143 	EXP 	text: autoDraw = False
209.7143 	EXP 	remember_box: autoDraw = False
209.7143 	EXP 	familiar_box: autoDraw = False
209.7143 	EXP 	forgotten_box: autoDraw = False
209.7143 	EXP 	remember_text: autoDraw = False
209.7143 	EXP 	familiar_text: autoDraw = False
209.7143 	EXP 	forgotten_text: autoDraw = False
209.7143 	EXP 	remember_box: fillColor = 'blue'
209.8413 	DATA 	Mouse:  Left button up, pos=(489,171)
210.0148 	EXP 	New trial (rep=0, index=37): <Trial 37 (37 in rep 0) data={'image_name': 'Dead bodies 2.jpg', 'condition': 'new', 'thisN': 37, 'thisTrialN': 37, 'thisRepN': 0}>
210.0264 	EXP 	remember_box: fillColor = <class 'numpy.ndarray'>
210.0264 	EXP 	familiar_box: fillColor = <class 'numpy.ndarray'>
210.0264 	EXP 	forgotten_box: fillColor = <class 'numpy.ndarray'>
210.0264 	EXP 	stim_image: image = 'phase2_images/Dead bodies 2.jpg'
210.0264 	EXP 	fixation: autoDraw = True
211.0143 	EXP 	stim_image: autoDraw = True
211.0231 	EXP 	fixation: autoDraw = False
214.0161 	EXP 	stim_image: autoDraw = False
214.0161 	EXP 	text: autoDraw = True
214.0161 	EXP 	remember_box: autoDraw = True
214.0161 	EXP 	familiar_box: autoDraw = True
214.0161 	EXP 	forgotten_box: autoDraw = True
214.0161 	EXP 	remember_text: autoDraw = True
214.0161 	EXP 	familiar_text: autoDraw = True
214.0161 	EXP 	forgotten_text: autoDraw = True
214.3063 	DATA 	Mouse: Left button down, pos=(489,171)
214.3123 	EXP 	fixation: autoDraw = False
214.3123 	EXP 	stim_image: autoDraw = False
214.3123 	EXP 	text: autoDraw = False
214.3123 	EXP 	remember_box: autoDraw = False
214.3123 	EXP 	familiar_box: autoDraw = False
214.3123 	EXP 	forgotten_box: autoDraw = False
214.3123 	EXP 	remember_text: autoDraw = False
214.3123 	EXP 	familiar_text: autoDraw = False
214.3123 	EXP 	forgotten_text: autoDraw = False
214.3123 	EXP 	remember_box: fillColor = 'blue'
214.4469 	DATA 	Mouse:  Left button up, pos=(489,171)
214.6126 	EXP 	New trial (rep=0, index=38): <Trial 38 (38 in rep 0) data={'image_name': 'Animal carcass 1.jpg', 'condition': 'old', 'thisN': 38, 'thisTrialN': 38, 'thisRepN': 0}>
214.6252 	EXP 	remember_box: fillColor = <class 'numpy.ndarray'>
214.6252 	EXP 	familiar_box: fillColor = <class 'numpy.ndarray'>
214.6252 	EXP 	forgotten_box: fillColor = <class 'numpy.ndarray'>
214.6252 	EXP 	stim_image: image = 'phase2_images/Animal carcass 1.jpg'
214.6252 	EXP 	fixation: autoDraw = True
215.6065 	EXP 	stim_image: autoDraw = True
215.6231 	EXP 	fixation: autoDraw = False
218.5939 	EXP 	stim_image: autoDraw = False
218.6159 	EXP 	text: autoDraw = True
218.6159 	EXP 	remember_box: autoDraw = True
218.6159 	EXP 	familiar_box: autoDraw = True
218.6159 	EXP 	forgotten_box: autoDraw = True
218.6159 	EXP 	remember_text: autoDraw = True
218.6159 	EXP 	familiar_text: autoDraw = True
218.6159 	EXP 	forgotten_text: autoDraw = True
218.9244 	DATA 	Mouse: Left button down, pos=(489,171)
218.9310 	EXP 	fixation: autoDraw = False
218.9310 	EXP 	stim_image: autoDraw = False
218.9310 	EXP 	text: autoDraw = False
218.9310 	EXP 	remember_box: autoDraw = False
218.9310 	EXP 	familiar_box: autoDraw = False
218.9310 	EXP 	forgotten_box: autoDraw = False
218.9310 	EXP 	remember_text: autoDraw = False
218.9310 	EXP 	familiar_text: autoDraw = False
218.9310 	EXP 	forgotten_text: autoDraw = False
218.9310 	EXP 	remember_box: fillColor = 'blue'
219.0688 	DATA 	Mouse:  Left button up, pos=(489,171)
219.2315 	EXP 	New trial (rep=0, index=39): <Trial 39 (39 in rep 0) data={'image_name': 'Snow 3.jpg', 'condition': 'old', 'thisN': 39, 'thisTrialN': 39, 'thisRepN': 0}>
219.2421 	EXP 	remember_box: fillColor = <class 'numpy.ndarray'>
219.2421 	EXP 	familiar_box: fillColor = <class 'numpy.ndarray'>
219.2421 	EXP 	forgotten_box: fillColor = <class 'numpy.ndarray'>
219.2421 	EXP 	stim_image: image = 'phase2_images/Snow 3.jpg'
219.2421 	EXP 	fixation: autoDraw = True
220.2303 	EXP 	stim_image: autoDraw = True
220.2397 	EXP 	fixation: autoDraw = False
223.2231 	EXP 	stim_image: autoDraw = False
223.2337 	EXP 	text: autoDraw = True
223.2337 	EXP 	remember_box: autoDraw = True
223.2337 	EXP 	familiar_box: autoDraw = True
223.2337 	EXP 	forgotten_box: autoDraw = True
223.2337 	EXP 	remember_text: autoDraw = True
223.2337 	EXP 	familiar_text: autoDraw = True
223.2337 	EXP 	forgotten_text: autoDraw = True
223.6737 	DATA 	Mouse: Left button down, pos=(1047,171)
223.6794 	EXP 	fixation: autoDraw = False
223.6794 	EXP 	stim_image: autoDraw = False
223.6794 	EXP 	text: autoDraw = False
223.6794 	EXP 	remember_box: autoDraw = False
223.6794 	EXP 	familiar_box: autoDraw = False
223.6794 	EXP 	forgotten_box: autoDraw = False
223.6794 	EXP 	remember_text: autoDraw = False
223.6794 	EXP 	familiar_text: autoDraw = False
223.6794 	EXP 	forgotten_text: autoDraw = False
223.6794 	EXP 	forgotten_box: fillColor = 'blue'
223.7963 	DATA 	Mouse:  Left button up, pos=(1047,171)
223.9800 	EXP 	New trial (rep=0, index=40): <Trial 40 (40 in rep 0) data={'image_name': 'Gazing 2.jpg', 'condition': 'old', 'thisN': 40, 'thisTrialN': 40, 'thisRepN': 0}>
223.9899 	EXP 	remember_box: fillColor = <class 'numpy.ndarray'>
223.9899 	EXP 	familiar_box: fillColor = <class 'numpy.ndarray'>
223.9899 	EXP 	forgotten_box: fillColor = <class 'numpy.ndarray'>
223.9899 	EXP 	stim_image: image = 'phase2_images/Gazing 2.jpg'
223.9899 	EXP 	fixation: autoDraw = True
224.9730 	EXP 	stim_image: autoDraw = True
224.9795 	EXP 	fixation: autoDraw = False
227.9618 	EXP 	stim_image: autoDraw = False
227.9828 	EXP 	text: autoDraw = True
227.9828 	EXP 	remember_box: autoDraw = True
227.9828 	EXP 	familiar_box: autoDraw = True
227.9828 	EXP 	forgotten_box: autoDraw = True
227.9828 	EXP 	remember_text: autoDraw = True
227.9828 	EXP 	familiar_text: autoDraw = True
227.9828 	EXP 	forgotten_text: autoDraw = True
228.2585 	DATA 	Mouse: Left button down, pos=(1047,171)
228.2729 	EXP 	fixation: autoDraw = False
228.2729 	EXP 	stim_image: autoDraw = False
228.2729 	EXP 	text: autoDraw = False
228.2729 	EXP 	remember_box: autoDraw = False
228.2729 	EXP 	familiar_box: autoDraw = False
228.2729 	EXP 	forgotten_box: autoDraw = False
228.2729 	EXP 	remember_text: autoDraw = False
228.2729 	EXP 	familiar_text: autoDraw = False
228.2729 	EXP 	forgotten_text: autoDraw = False
228.2729 	EXP 	forgotten_box: fillColor = 'blue'
228.3788 	DATA 	Mouse:  Left button up, pos=(1047,171)
228.5733 	EXP 	New trial (rep=0, index=41): <Trial 41 (41 in rep 0) data={'image_name': 'Wedding 12.jpg', 'condition': 'old', 'thisN': 41, 'thisTrialN': 41, 'thisRepN': 0}>
228.5834 	EXP 	remember_box: fillColor = <class 'numpy.ndarray'>
228.5834 	EXP 	familiar_box: fillColor = <class 'numpy.ndarray'>
228.5834 	EXP 	forgotten_box: fillColor = <class 'numpy.ndarray'>
228.5834 	EXP 	stim_image: image = 'phase2_images/Wedding 12.jpg'
228.5834 	EXP 	fixation: autoDraw = True
229.5637 	EXP 	stim_image: autoDraw = True
229.5786 	EXP 	fixation: autoDraw = False
232.5659 	EXP 	stim_image: autoDraw = False
232.5659 	EXP 	text: autoDraw = True
232.5659 	EXP 	remember_box: autoDraw = True
232.5659 	EXP 	familiar_box: autoDraw = True
232.5659 	EXP 	forgotten_box: autoDraw = True
232.5659 	EXP 	remember_text: autoDraw = True
232.5659 	EXP 	familiar_text: autoDraw = True
232.5659 	EXP 	forgotten_text: autoDraw = True
232.9736 	DATA 	Mouse: Left button down, pos=(798,198)
232.9791 	EXP 	fixation: autoDraw = False
232.9791 	EXP 	stim_image: autoDraw = False
232.9791 	EXP 	text: autoDraw = False
232.9791 	EXP 	remember_box: autoDraw = False
232.9791 	EXP 	familiar_box: autoDraw = False
232.9791 	EXP 	forgotten_box: autoDraw = False
232.9791 	EXP 	remember_text: autoDraw = False
232.9791 	EXP 	familiar_text: autoDraw = False
232.9791 	EXP 	forgotten_text: autoDraw = False
232.9791 	EXP 	familiar_box: fillColor = 'blue'
233.0972 	DATA 	Mouse:  Left button up, pos=(798,198)
233.2795 	EXP 	New trial (rep=0, index=42): <Trial 42 (42 in rep 0) data={'image_name': 'Thunderstorm 10.jpg', 'condition': 'new', 'thisN': 42, 'thisTrialN': 42, 'thisRepN': 0}>
233.2892 	EXP 	remember_box: fillColor = <class 'numpy.ndarray'>
233.2892 	EXP 	familiar_box: fillColor = <class 'numpy.ndarray'>
233.2892 	EXP 	forgotten_box: fillColor = <class 'numpy.ndarray'>
233.2892 	EXP 	stim_image: image = 'phase2_images/Thunderstorm 10.jpg'
233.2892 	EXP 	fixation: autoDraw = True
234.2729 	EXP 	stim_image: autoDraw = True
234.2788 	EXP 	fixation: autoDraw = False
237.2618 	EXP 	stim_image: autoDraw = False
237.2719 	EXP 	text: autoDraw = True
237.2719 	EXP 	remember_box: autoDraw = True
237.2719 	EXP 	familiar_box: autoDraw = True
237.2719 	EXP 	forgotten_box: autoDraw = True
237.2719 	EXP 	remember_text: autoDraw = True
237.2719 	EXP 	familiar_text: autoDraw = True
237.2719 	EXP 	forgotten_text: autoDraw = True
237.6074 	DATA 	Mouse: Left button down, pos=(1095,231)
237.6135 	EXP 	fixation: autoDraw = False
237.6135 	EXP 	stim_image: autoDraw = False
237.6135 	EXP 	text: autoDraw = False
237.6135 	EXP 	remember_box: autoDraw = False
237.6135 	EXP 	familiar_box: autoDraw = False
237.6135 	EXP 	forgotten_box: autoDraw = False
237.6135 	EXP 	remember_text: autoDraw = False
237.6135 	EXP 	familiar_text: autoDraw = False
237.6135 	EXP 	forgotten_text: autoDraw = False
237.6135 	EXP 	forgotten_box: fillColor = 'blue'
237.7921 	DATA 	Mouse:  Left button up, pos=(1095,231)
237.9138 	EXP 	New trial (rep=0, index=43): <Trial 43 (43 in rep 0) data={'image_name': 'Sad face 9.jpg', 'condition': 'new', 'thisN': 43, 'thisTrialN': 43, 'thisRepN': 0}>
237.9235 	EXP 	remember_box: fillColor = <class 'numpy.ndarray'>
237.9235 	EXP 	familiar_box: fillColor = <class 'numpy.ndarray'>
237.9235 	EXP 	forgotten_box: fillColor = <class 'numpy.ndarray'>
237.9235 	EXP 	stim_image: image = 'phase2_images/Sad face 9.jpg'
237.9235 	EXP 	fixation: autoDraw = True
238.9121 	EXP 	fixation: autoDraw = False
238.9121 	EXP 	stim_image: autoDraw = True
241.9063 	EXP 	stim_image: autoDraw = False
241.9160 	EXP 	text: autoDraw = True
241.9160 	EXP 	remember_box: autoDraw = True
241.9160 	EXP 	familiar_box: autoDraw = True
241.9160 	EXP 	forgotten_box: autoDraw = True
241.9160 	EXP 	remember_text: autoDraw = True
241.9160 	EXP 	familiar_text: autoDraw = True
241.9160 	EXP 	forgotten_text: autoDraw = True
242.3427 	DATA 	Mouse: Left button down, pos=(744,170)
242.3557 	EXP 	fixation: autoDraw = False
242.3557 	EXP 	stim_image: autoDraw = False
242.3557 	EXP 	text: autoDraw = False
242.3557 	EXP 	remember_box: autoDraw = False
242.3557 	EXP 	familiar_box: autoDraw = False
242.3557 	EXP 	forgotten_box: autoDraw = False
242.3557 	EXP 	remember_text: autoDraw = False
242.3557 	EXP 	familiar_text: autoDraw = False
242.3557 	EXP 	forgotten_text: autoDraw = False
242.3557 	EXP 	familiar_box: fillColor = 'blue'
242.4586 	DATA 	Mouse:  Left button up, pos=(744,170)
242.6563 	EXP 	New trial (rep=0, index=44): <Trial 44 (44 in rep 0) data={'image_name': 'Stingray 2.jpg', 'condition': 'old', 'thisN': 44, 'thisTrialN': 44, 'thisRepN': 0}>
242.6660 	EXP 	remember_box: fillColor = <class 'numpy.ndarray'>
242.6660 	EXP 	familiar_box: fillColor = <class 'numpy.ndarray'>
242.6660 	EXP 	forgotten_box: fillColor = <class 'numpy.ndarray'>
242.6660 	EXP 	stim_image: image = 'phase2_images/Stingray 2.jpg'
242.6660 	EXP 	fixation: autoDraw = True
243.6463 	EXP 	stim_image: autoDraw = True
243.6598 	EXP 	fixation: autoDraw = False
246.6396 	EXP 	stim_image: autoDraw = False
246.6499 	EXP 	text: autoDraw = True
246.6499 	EXP 	remember_box: autoDraw = True
246.6499 	EXP 	familiar_box: autoDraw = True
246.6499 	EXP 	forgotten_box: autoDraw = True
246.6499 	EXP 	remember_text: autoDraw = True
246.6499 	EXP 	familiar_text: autoDraw = True
246.6499 	EXP 	forgotten_text: autoDraw = True
247.0071 	DATA 	Mouse: Left button down, pos=(965,156)
247.0128 	EXP 	fixation: autoDraw = False
247.0128 	EXP 	stim_image: autoDraw = False
247.0128 	EXP 	text: autoDraw = False
247.0128 	EXP 	remember_box: autoDraw = False
247.0128 	EXP 	familiar_box: autoDraw = False
247.0128 	EXP 	forgotten_box: autoDraw = False
247.0128 	EXP 	remember_text: autoDraw = False
247.0128 	EXP 	familiar_text: autoDraw = False
247.0128 	EXP 	forgotten_text: autoDraw = False
247.0128 	EXP 	forgotten_box: fillColor = 'blue'
247.0951 	DATA 	Mouse:  Left button up, pos=(965,156)
247.3133 	EXP 	New trial (rep=0, index=45): <Trial 45 (45 in rep 0) data={'image_name': 'Solar panel 1.jpg', 'condition': 'old', 'thisN': 45, 'thisTrialN': 45, 'thisRepN': 0}>
247.3257 	EXP 	remember_box: fillColor = <class 'numpy.ndarray'>
247.3257 	EXP 	familiar_box: fillColor = <class 'numpy.ndarray'>
247.3257 	EXP 	forgotten_box: fillColor = <class 'numpy.ndarray'>
247.3257 	EXP 	stim_image: image = 'phase2_images/Solar panel 1.jpg'
247.3257 	EXP 	fixation: autoDraw = True
248.3137 	EXP 	stim_image: autoDraw = True
248.3229 	EXP 	fixation: autoDraw = False
251.3177 	EXP 	stim_image: autoDraw = False
251.3177 	EXP 	text: autoDraw = True
251.3177 	EXP 	remember_box: autoDraw = True
251.3177 	EXP 	familiar_box: autoDraw = True
251.3177 	EXP 	forgotten_box: autoDraw = True
251.3177 	EXP 	remember_text: autoDraw = True
251.3177 	EXP 	familiar_text: autoDraw = True
251.3177 	EXP 	forgotten_text: autoDraw = True
252.4572 	DATA 	Mouse: Left button down, pos=(472,161)
252.4634 	EXP 	fixation: autoDraw = False
252.4634 	EXP 	stim_image: autoDraw = False
252.4634 	EXP 	text: autoDraw = False
252.4634 	EXP 	remember_box: autoDraw = False
252.4634 	EXP 	familiar_box: autoDraw = False
252.4634 	EXP 	forgotten_box: autoDraw = False
252.4634 	EXP 	remember_text: autoDraw = False
252.4634 	EXP 	familiar_text: autoDraw = False
252.4634 	EXP 	forgotten_text: autoDraw = False
252.4634 	EXP 	remember_box: fillColor = 'blue'
252.5861 	DATA 	Mouse:  Left button up, pos=(472,161)
252.7639 	EXP 	New trial (rep=0, index=46): <Trial 46 (46 in rep 0) data={'image_name': 'Skyscraper 1.jpg', 'condition': 'old', 'thisN': 46, 'thisTrialN': 46, 'thisRepN': 0}>
252.7759 	EXP 	remember_box: fillColor = <class 'numpy.ndarray'>
252.7759 	EXP 	familiar_box: fillColor = <class 'numpy.ndarray'>
252.7759 	EXP 	forgotten_box: fillColor = <class 'numpy.ndarray'>
252.7759 	EXP 	stim_image: image = 'phase2_images/Skyscraper 1.jpg'
252.7759 	EXP 	fixation: autoDraw = True
253.7634 	EXP 	stim_image: autoDraw = True
253.7728 	EXP 	fixation: autoDraw = False
256.7565 	EXP 	stim_image: autoDraw = False
256.7679 	EXP 	text: autoDraw = True
256.7679 	EXP 	remember_box: autoDraw = True
256.7679 	EXP 	familiar_box: autoDraw = True
256.7679 	EXP 	forgotten_box: autoDraw = True
256.7679 	EXP 	remember_text: autoDraw = True
256.7679 	EXP 	familiar_text: autoDraw = True
256.7679 	EXP 	forgotten_text: autoDraw = True
257.1406 	DATA 	Mouse: Left button down, pos=(1066,157)
257.1469 	EXP 	fixation: autoDraw = False
257.1469 	EXP 	stim_image: autoDraw = False
257.1469 	EXP 	text: autoDraw = False
257.1469 	EXP 	remember_box: autoDraw = False
257.1469 	EXP 	familiar_box: autoDraw = False
257.1469 	EXP 	forgotten_box: autoDraw = False
257.1469 	EXP 	remember_text: autoDraw = False
257.1469 	EXP 	familiar_text: autoDraw = False
257.1469 	EXP 	forgotten_text: autoDraw = False
257.1469 	EXP 	forgotten_box: fillColor = 'blue'
257.2568 	DATA 	Mouse:  Left button up, pos=(1066,157)
257.4473 	EXP 	New trial (rep=0, index=47): <Trial 47 (47 in rep 0) data={'image_name': 'Frustrated pose 2.jpg', 'condition': 'new', 'thisN': 47, 'thisTrialN': 47, 'thisRepN': 0}>
257.4567 	EXP 	remember_box: fillColor = <class 'numpy.ndarray'>
257.4567 	EXP 	familiar_box: fillColor = <class 'numpy.ndarray'>
257.4567 	EXP 	forgotten_box: fillColor = <class 'numpy.ndarray'>
257.4567 	EXP 	stim_image: image = 'phase2_images/Frustrated pose 2.jpg'
257.4567 	EXP 	fixation: autoDraw = True
258.4468 	EXP 	fixation: autoDraw = False
258.4468 	EXP 	stim_image: autoDraw = True
261.4394 	EXP 	stim_image: autoDraw = False
261.4492 	EXP 	text: autoDraw = True
261.4492 	EXP 	remember_box: autoDraw = True
261.4492 	EXP 	familiar_box: autoDraw = True
261.4492 	EXP 	forgotten_box: autoDraw = True
261.4492 	EXP 	remember_text: autoDraw = True
261.4492 	EXP 	familiar_text: autoDraw = True
261.4492 	EXP 	forgotten_text: autoDraw = True
261.8960 	DATA 	Mouse: Left button down, pos=(1063,159)
261.9058 	EXP 	fixation: autoDraw = False
261.9058 	EXP 	stim_image: autoDraw = False
261.9058 	EXP 	text: autoDraw = False
261.9058 	EXP 	remember_box: autoDraw = False
261.9058 	EXP 	familiar_box: autoDraw = False
261.9058 	EXP 	forgotten_box: autoDraw = False
261.9058 	EXP 	remember_text: autoDraw = False
261.9058 	EXP 	familiar_text: autoDraw = False
261.9058 	EXP 	forgotten_text: autoDraw = False
261.9058 	EXP 	forgotten_box: fillColor = 'blue'
262.0743 	DATA 	Mouse:  Left button up, pos=(1063,159)
262.2063 	EXP 	New trial (rep=0, index=48): <Trial 48 (48 in rep 0) data={'image_name': 'Building 2.jpg', 'condition': 'new', 'thisN': 48, 'thisTrialN': 48, 'thisRepN': 0}>
262.2167 	EXP 	remember_box: fillColor = <class 'numpy.ndarray'>
262.2167 	EXP 	familiar_box: fillColor = <class 'numpy.ndarray'>
262.2167 	EXP 	forgotten_box: fillColor = <class 'numpy.ndarray'>
262.2167 	EXP 	stim_image: image = 'phase2_images/Building 2.jpg'
262.2167 	EXP 	fixation: autoDraw = True
263.1960 	EXP 	stim_image: autoDraw = True
263.2122 	EXP 	fixation: autoDraw = False
266.1896 	EXP 	stim_image: autoDraw = False
266.1995 	EXP 	text: autoDraw = True
266.1995 	EXP 	remember_box: autoDraw = True
266.1995 	EXP 	familiar_box: autoDraw = True
266.1995 	EXP 	forgotten_box: autoDraw = True
266.1995 	EXP 	remember_text: autoDraw = True
266.1995 	EXP 	familiar_text: autoDraw = True
266.1995 	EXP 	forgotten_text: autoDraw = True
266.5406 	DATA 	Mouse: Left button down, pos=(1063,159)
266.5471 	EXP 	fixation: autoDraw = False
266.5471 	EXP 	stim_image: autoDraw = False
266.5471 	EXP 	text: autoDraw = False
266.5471 	EXP 	remember_box: autoDraw = False
266.5471 	EXP 	familiar_box: autoDraw = False
266.5471 	EXP 	forgotten_box: autoDraw = False
266.5471 	EXP 	remember_text: autoDraw = False
266.5471 	EXP 	familiar_text: autoDraw = False
266.5471 	EXP 	forgotten_text: autoDraw = False
266.5471 	EXP 	forgotten_box: fillColor = 'blue'
266.6498 	DATA 	Mouse:  Left button up, pos=(1063,159)
266.8475 	EXP 	New trial (rep=0, index=49): <Trial 49 (49 in rep 0) data={'image_name': 'Alcohol 6.jpg', 'condition': 'old', 'thisN': 49, 'thisTrialN': 49, 'thisRepN': 0}>
266.8581 	EXP 	remember_box: fillColor = <class 'numpy.ndarray'>
266.8581 	EXP 	familiar_box: fillColor = <class 'numpy.ndarray'>
266.8581 	EXP 	forgotten_box: fillColor = <class 'numpy.ndarray'>
266.8581 	EXP 	stim_image: image = 'phase2_images/Alcohol 6.jpg'
266.8581 	EXP 	fixation: autoDraw = True
267.8459 	EXP 	stim_image: autoDraw = True
267.8560 	EXP 	fixation: autoDraw = False
270.8392 	EXP 	stim_image: autoDraw = False
270.8498 	EXP 	text: autoDraw = True
270.8498 	EXP 	remember_box: autoDraw = True
270.8498 	EXP 	familiar_box: autoDraw = True
270.8498 	EXP 	forgotten_box: autoDraw = True
270.8498 	EXP 	remember_text: autoDraw = True
270.8498 	EXP 	familiar_text: autoDraw = True
270.8498 	EXP 	forgotten_text: autoDraw = True
271.2625 	DATA 	Mouse: Left button down, pos=(488,167)
271.2719 	EXP 	fixation: autoDraw = False
271.2719 	EXP 	stim_image: autoDraw = False
271.2719 	EXP 	text: autoDraw = False
271.2719 	EXP 	remember_box: autoDraw = False
271.2719 	EXP 	familiar_box: autoDraw = False
271.2719 	EXP 	forgotten_box: autoDraw = False
271.2719 	EXP 	remember_text: autoDraw = False
271.2719 	EXP 	familiar_text: autoDraw = False
271.2719 	EXP 	forgotten_text: autoDraw = False
271.2719 	EXP 	remember_box: fillColor = 'blue'
271.3758 	DATA 	Mouse:  Left button up, pos=(488,167)
271.5724 	EXP 	New trial (rep=0, index=50): <Trial 50 (50 in rep 0) data={'image_name': 'Band 1.jpg', 'condition': 'old', 'thisN': 50, 'thisTrialN': 50, 'thisRepN': 0}>
271.5840 	EXP 	remember_box: fillColor = <class 'numpy.ndarray'>
271.5840 	EXP 	familiar_box: fillColor = <class 'numpy.ndarray'>
271.5840 	EXP 	forgotten_box: fillColor = <class 'numpy.ndarray'>
271.5840 	EXP 	stim_image: image = 'phase2_images/Band 1.jpg'
271.5840 	EXP 	fixation: autoDraw = True
272.5632 	EXP 	stim_image: autoDraw = True
272.5782 	EXP 	fixation: autoDraw = False
275.5560 	EXP 	stim_image: autoDraw = False
275.5650 	EXP 	text: autoDraw = True
275.5650 	EXP 	remember_box: autoDraw = True
275.5650 	EXP 	familiar_box: autoDraw = True
275.5650 	EXP 	forgotten_box: autoDraw = True
275.5650 	EXP 	remember_text: autoDraw = True
275.5650 	EXP 	familiar_text: autoDraw = True
275.5650 	EXP 	forgotten_text: autoDraw = True
275.8777 	DATA 	Mouse: Left button down, pos=(752,166)
275.8891 	EXP 	fixation: autoDraw = False
275.8891 	EXP 	stim_image: autoDraw = False
275.8891 	EXP 	text: autoDraw = False
275.8891 	EXP 	remember_box: autoDraw = False
275.8891 	EXP 	familiar_box: autoDraw = False
275.8891 	EXP 	forgotten_box: autoDraw = False
275.8891 	EXP 	remember_text: autoDraw = False
275.8891 	EXP 	familiar_text: autoDraw = False
275.8891 	EXP 	forgotten_text: autoDraw = False
275.8891 	EXP 	familiar_box: fillColor = 'blue'
276.0211 	DATA 	Mouse:  Left button up, pos=(752,166)
276.1895 	EXP 	New trial (rep=0, index=51): <Trial 51 (51 in rep 0) data={'image_name': 'Plane crash 1.jpg', 'condition': 'old', 'thisN': 51, 'thisTrialN': 51, 'thisRepN': 0}>
276.2000 	EXP 	remember_box: fillColor = <class 'numpy.ndarray'>
276.2000 	EXP 	familiar_box: fillColor = <class 'numpy.ndarray'>
276.2000 	EXP 	forgotten_box: fillColor = <class 'numpy.ndarray'>
276.2000 	EXP 	stim_image: image = 'phase2_images/Plane crash 1.jpg'
276.2000 	EXP 	fixation: autoDraw = True
277.1800 	EXP 	stim_image: autoDraw = True
277.1951 	EXP 	fixation: autoDraw = False
280.1820 	EXP 	stim_image: autoDraw = False
280.1820 	EXP 	text: autoDraw = True
280.1820 	EXP 	remember_box: autoDraw = True
280.1820 	EXP 	familiar_box: autoDraw = True
280.1820 	EXP 	forgotten_box: autoDraw = True
280.1820 	EXP 	remember_text: autoDraw = True
280.1820 	EXP 	familiar_text: autoDraw = True
280.1820 	EXP 	forgotten_text: autoDraw = True
280.4971 	DATA 	Mouse: Left button down, pos=(485,158)
280.5044 	EXP 	fixation: autoDraw = False
280.5044 	EXP 	stim_image: autoDraw = False
280.5044 	EXP 	text: autoDraw = False
280.5044 	EXP 	remember_box: autoDraw = False
280.5044 	EXP 	familiar_box: autoDraw = False
280.5044 	EXP 	forgotten_box: autoDraw = False
280.5044 	EXP 	remember_text: autoDraw = False
280.5044 	EXP 	familiar_text: autoDraw = False
280.5044 	EXP 	forgotten_text: autoDraw = False
280.5044 	EXP 	remember_box: fillColor = 'blue'
280.6269 	DATA 	Mouse:  Left button up, pos=(485,158)
280.8049 	EXP 	New trial (rep=0, index=52): <Trial 52 (52 in rep 0) data={'image_name': 'Car crash 2.jpg', 'condition': 'old', 'thisN': 52, 'thisTrialN': 52, 'thisRepN': 0}>
280.8168 	EXP 	remember_box: fillColor = <class 'numpy.ndarray'>
280.8168 	EXP 	familiar_box: fillColor = <class 'numpy.ndarray'>
280.8168 	EXP 	forgotten_box: fillColor = <class 'numpy.ndarray'>
280.8168 	EXP 	stim_image: image = 'phase2_images/Car crash 2.jpg'
280.8168 	EXP 	fixation: autoDraw = True
281.7969 	EXP 	stim_image: autoDraw = True
281.8097 	EXP 	fixation: autoDraw = False
284.7991 	EXP 	stim_image: autoDraw = False
284.7991 	EXP 	text: autoDraw = True
284.7991 	EXP 	remember_box: autoDraw = True
284.7991 	EXP 	familiar_box: autoDraw = True
284.7991 	EXP 	forgotten_box: autoDraw = True
284.7991 	EXP 	remember_text: autoDraw = True
284.7991 	EXP 	familiar_text: autoDraw = True
284.7991 	EXP 	forgotten_text: autoDraw = True
285.0903 	DATA 	Mouse: Left button down, pos=(486,159)
285.0960 	EXP 	fixation: autoDraw = False
285.0960 	EXP 	stim_image: autoDraw = False
285.0960 	EXP 	text: autoDraw = False
285.0960 	EXP 	remember_box: autoDraw = False
285.0960 	EXP 	familiar_box: autoDraw = False
285.0960 	EXP 	forgotten_box: autoDraw = False
285.0960 	EXP 	remember_text: autoDraw = False
285.0960 	EXP 	familiar_text: autoDraw = False
285.0960 	EXP 	forgotten_text: autoDraw = False
285.0960 	EXP 	remember_box: fillColor = 'blue'
285.2646 	DATA 	Mouse:  Left button up, pos=(486,159)
285.3964 	EXP 	New trial (rep=0, index=53): <Trial 53 (53 in rep 0) data={'image_name': 'Football player 1.jpg', 'condition': 'old', 'thisN': 53, 'thisTrialN': 53, 'thisRepN': 0}>
285.4069 	EXP 	remember_box: fillColor = <class 'numpy.ndarray'>
285.4069 	EXP 	familiar_box: fillColor = <class 'numpy.ndarray'>
285.4069 	EXP 	forgotten_box: fillColor = <class 'numpy.ndarray'>
285.4069 	EXP 	stim_image: image = 'phase2_images/Football player 1.jpg'
285.4069 	EXP 	fixation: autoDraw = True
286.3963 	EXP 	fixation: autoDraw = False
286.3963 	EXP 	stim_image: autoDraw = True
289.3886 	EXP 	stim_image: autoDraw = False
289.3886 	EXP 	text: autoDraw = True
289.3886 	EXP 	remember_box: autoDraw = True
289.3886 	EXP 	familiar_box: autoDraw = True
289.3886 	EXP 	forgotten_box: autoDraw = True
289.3886 	EXP 	remember_text: autoDraw = True
289.3886 	EXP 	familiar_text: autoDraw = True
289.3886 	EXP 	forgotten_text: autoDraw = True
290.2129 	DATA 	Mouse: Left button down, pos=(651,191)
290.2218 	EXP 	fixation: autoDraw = False
290.2218 	EXP 	stim_image: autoDraw = False
290.2218 	EXP 	text: autoDraw = False
290.2218 	EXP 	remember_box: autoDraw = False
290.2218 	EXP 	familiar_box: autoDraw = False
290.2218 	EXP 	forgotten_box: autoDraw = False
290.2218 	EXP 	remember_text: autoDraw = False
290.2218 	EXP 	familiar_text: autoDraw = False
290.2218 	EXP 	forgotten_text: autoDraw = False
290.2218 	EXP 	familiar_box: fillColor = 'blue'
290.3164 	DATA 	Mouse:  Left button up, pos=(651,191)
290.5221 	EXP 	New trial (rep=0, index=54): <Trial 54 (54 in rep 0) data={'image_name': 'Crow 1.jpg', 'condition': 'new', 'thisN': 54, 'thisTrialN': 54, 'thisRepN': 0}>
290.5320 	EXP 	remember_box: fillColor = <class 'numpy.ndarray'>
290.5320 	EXP 	familiar_box: fillColor = <class 'numpy.ndarray'>
290.5320 	EXP 	forgotten_box: fillColor = <class 'numpy.ndarray'>
290.5320 	EXP 	stim_image: image = 'phase2_images/Crow 1.jpg'
290.5320 	EXP 	fixation: autoDraw = True
291.5131 	EXP 	stim_image: autoDraw = True
291.5281 	EXP 	fixation: autoDraw = False
294.5058 	EXP 	stim_image: autoDraw = False
294.5157 	EXP 	text: autoDraw = True
294.5157 	EXP 	remember_box: autoDraw = True
294.5157 	EXP 	familiar_box: autoDraw = True
294.5157 	EXP 	forgotten_box: autoDraw = True
294.5157 	EXP 	remember_text: autoDraw = True
294.5157 	EXP 	familiar_text: autoDraw = True
294.5157 	EXP 	forgotten_text: autoDraw = True
294.7968 	DATA 	Mouse: Left button down, pos=(1015,180)
294.8043 	EXP 	fixation: autoDraw = False
294.8043 	EXP 	stim_image: autoDraw = False
294.8043 	EXP 	text: autoDraw = False
294.8043 	EXP 	remember_box: autoDraw = False
294.8043 	EXP 	familiar_box: autoDraw = False
294.8043 	EXP 	forgotten_box: autoDraw = False
294.8043 	EXP 	remember_text: autoDraw = False
294.8043 	EXP 	familiar_text: autoDraw = False
294.8043 	EXP 	forgotten_text: autoDraw = False
294.8043 	EXP 	forgotten_box: fillColor = 'blue'
294.9476 	DATA 	Mouse:  Left button up, pos=(1015,180)
295.1047 	EXP 	New trial (rep=0, index=55): <Trial 55 (55 in rep 0) data={'image_name': 'Cat 12.jpg', 'condition': 'old', 'thisN': 55, 'thisTrialN': 55, 'thisRepN': 0}>
295.1156 	EXP 	remember_box: fillColor = <class 'numpy.ndarray'>
295.1156 	EXP 	familiar_box: fillColor = <class 'numpy.ndarray'>
295.1156 	EXP 	forgotten_box: fillColor = <class 'numpy.ndarray'>
295.1156 	EXP 	stim_image: image = 'phase2_images/Cat 12.jpg'
295.1156 	EXP 	fixation: autoDraw = True
296.0967 	EXP 	stim_image: autoDraw = True
296.1119 	EXP 	fixation: autoDraw = False
299.0994 	EXP 	stim_image: autoDraw = False
299.0994 	EXP 	text: autoDraw = True
299.0994 	EXP 	remember_box: autoDraw = True
299.0994 	EXP 	familiar_box: autoDraw = True
299.0994 	EXP 	forgotten_box: autoDraw = True
299.0994 	EXP 	remember_text: autoDraw = True
299.0994 	EXP 	familiar_text: autoDraw = True
299.0994 	EXP 	forgotten_text: autoDraw = True
299.4219 	DATA 	Mouse: Left button down, pos=(1015,180)
299.4279 	EXP 	fixation: autoDraw = False
299.4279 	EXP 	stim_image: autoDraw = False
299.4279 	EXP 	text: autoDraw = False
299.4279 	EXP 	remember_box: autoDraw = False
299.4279 	EXP 	familiar_box: autoDraw = False
299.4279 	EXP 	forgotten_box: autoDraw = False
299.4279 	EXP 	remember_text: autoDraw = False
299.4279 	EXP 	familiar_text: autoDraw = False
299.4279 	EXP 	forgotten_text: autoDraw = False
299.4279 	EXP 	forgotten_box: fillColor = 'blue'
299.5453 	DATA 	Mouse:  Left button up, pos=(1015,180)
299.7284 	EXP 	New trial (rep=0, index=56): <Trial 56 (56 in rep 0) data={'image_name': 'Bear 2.jpg', 'condition': 'old', 'thisN': 56, 'thisTrialN': 56, 'thisRepN': 0}>
299.7390 	EXP 	remember_box: fillColor = <class 'numpy.ndarray'>
299.7390 	EXP 	familiar_box: fillColor = <class 'numpy.ndarray'>
299.7390 	EXP 	forgotten_box: fillColor = <class 'numpy.ndarray'>
299.7390 	EXP 	stim_image: image = 'phase2_images/Bear 2.jpg'
299.7390 	EXP 	fixation: autoDraw = True
300.7224 	EXP 	stim_image: autoDraw = True
300.7291 	EXP 	fixation: autoDraw = False
302.4799 	DATA 	Mouse: Left button down, pos=(1010,180)
303.7115 	EXP 	stim_image: autoDraw = False
303.7210 	EXP 	text: autoDraw = True
303.7210 	EXP 	remember_box: autoDraw = True
303.7210 	EXP 	familiar_box: autoDraw = True
303.7210 	EXP 	forgotten_box: autoDraw = True
303.7210 	EXP 	remember_text: autoDraw = True
303.7210 	EXP 	familiar_text: autoDraw = True
303.7210 	EXP 	forgotten_text: autoDraw = True
305.0229 	DATA 	Mouse:  Left button up, pos=(1085,154)
305.2931 	DATA 	Mouse: Left button down, pos=(1085,156)
305.3041 	EXP 	fixation: autoDraw = False
305.3041 	EXP 	stim_image: autoDraw = False
305.3041 	EXP 	text: autoDraw = False
305.3041 	EXP 	remember_box: autoDraw = False
305.3041 	EXP 	familiar_box: autoDraw = False
305.3041 	EXP 	forgotten_box: autoDraw = False
305.3041 	EXP 	remember_text: autoDraw = False
305.3041 	EXP 	familiar_text: autoDraw = False
305.3041 	EXP 	forgotten_text: autoDraw = False
305.3041 	EXP 	forgotten_box: fillColor = 'blue'
305.5592 	DATA 	Mouse:  Left button up, pos=(1085,156)
305.6046 	EXP 	New trial (rep=0, index=57): <Trial 57 (57 in rep 0) data={'image_name': 'Ambulance 1.jpg', 'condition': 'old', 'thisN': 57, 'thisTrialN': 57, 'thisRepN': 0}>
305.6157 	EXP 	remember_box: fillColor = <class 'numpy.ndarray'>
305.6157 	EXP 	familiar_box: fillColor = <class 'numpy.ndarray'>
305.6157 	EXP 	forgotten_box: fillColor = <class 'numpy.ndarray'>
305.6157 	EXP 	stim_image: image = 'phase2_images/Ambulance 1.jpg'
305.6157 	EXP 	fixation: autoDraw = True
306.5963 	EXP 	stim_image: autoDraw = True
306.6116 	EXP 	fixation: autoDraw = False
308.9801 	DATA 	Mouse: Left button down, pos=(988,219)
309.0651 	DATA 	Mouse:  Left button up, pos=(969,222)
309.3920 	DATA 	Mouse: Left button down, pos=(1013,190)
309.4629 	DATA 	Mouse:  Left button up, pos=(995,194)
309.5890 	EXP 	stim_image: autoDraw = False
309.5990 	EXP 	text: autoDraw = True
309.5990 	EXP 	remember_box: autoDraw = True
309.5990 	EXP 	familiar_box: autoDraw = True
309.5990 	EXP 	forgotten_box: autoDraw = True
309.5990 	EXP 	remember_text: autoDraw = True
309.5990 	EXP 	familiar_text: autoDraw = True
309.5990 	EXP 	forgotten_text: autoDraw = True
312.2898 	DATA 	Mouse: Left button down, pos=(997,185)
312.2962 	EXP 	fixation: autoDraw = False
312.2962 	EXP 	stim_image: autoDraw = False
312.2962 	EXP 	text: autoDraw = False
312.2962 	EXP 	remember_box: autoDraw = False
312.2962 	EXP 	familiar_box: autoDraw = False
312.2962 	EXP 	forgotten_box: autoDraw = False
312.2962 	EXP 	remember_text: autoDraw = False
312.2962 	EXP 	familiar_text: autoDraw = False
312.2962 	EXP 	forgotten_text: autoDraw = False
312.2962 	EXP 	forgotten_box: fillColor = 'blue'
312.4938 	DATA 	Mouse:  Left button up, pos=(997,185)
312.5967 	EXP 	New trial (rep=0, index=58): <Trial 58 (58 in rep 0) data={'image_name': 'Toast 1', 'condition': 'new', 'thisN': 58, 'thisTrialN': 58, 'thisRepN': 0}>
312.5969 	WARNING 	Requested image 'phase2_images/Toast 1' not found but similar filename 'phase2_images/Toast 1.jpg' exists. This will be used instead but changing the filename is advised.
312.6071 	EXP 	remember_box: fillColor = <class 'numpy.ndarray'>
312.6071 	EXP 	familiar_box: fillColor = <class 'numpy.ndarray'>
312.6071 	EXP 	forgotten_box: fillColor = <class 'numpy.ndarray'>
312.6071 	EXP 	stim_image: image = 'phase2_images/Toast 1'
312.6071 	EXP 	fixation: autoDraw = True
313.5964 	EXP 	stim_image: autoDraw = True
313.6056 	EXP 	fixation: autoDraw = False
316.5980 	EXP 	stim_image: autoDraw = False
316.5980 	EXP 	text: autoDraw = True
316.5980 	EXP 	remember_box: autoDraw = True
316.5980 	EXP 	familiar_box: autoDraw = True
316.5980 	EXP 	forgotten_box: autoDraw = True
316.5980 	EXP 	remember_text: autoDraw = True
316.5980 	EXP 	familiar_text: autoDraw = True
316.5980 	EXP 	forgotten_text: autoDraw = True
316.8903 	DATA 	Mouse: Left button down, pos=(1061,169)
316.8969 	EXP 	fixation: autoDraw = False
316.8969 	EXP 	stim_image: autoDraw = False
316.8969 	EXP 	text: autoDraw = False
316.8969 	EXP 	remember_box: autoDraw = False
316.8969 	EXP 	familiar_box: autoDraw = False
316.8969 	EXP 	forgotten_box: autoDraw = False
316.8969 	EXP 	remember_text: autoDraw = False
316.8969 	EXP 	familiar_text: autoDraw = False
316.8969 	EXP 	forgotten_text: autoDraw = False
316.8969 	EXP 	forgotten_box: fillColor = 'blue'
317.0350 	DATA 	Mouse:  Left button up, pos=(1061,169)
317.1974 	EXP 	New trial (rep=0, index=59): <Trial 59 (59 in rep 0) data={'image_name': 'Ferret 1.jpg', 'condition': 'new', 'thisN': 59, 'thisTrialN': 59, 'thisRepN': 0}>
317.2080 	EXP 	remember_box: fillColor = <class 'numpy.ndarray'>
317.2080 	EXP 	familiar_box: fillColor = <class 'numpy.ndarray'>
317.2080 	EXP 	forgotten_box: fillColor = <class 'numpy.ndarray'>
317.2080 	EXP 	stim_image: image = 'phase2_images/Ferret 1.jpg'
317.2080 	EXP 	fixation: autoDraw = True
318.1965 	EXP 	stim_image: autoDraw = True
318.2055 	EXP 	fixation: autoDraw = False
321.1992 	EXP 	stim_image: autoDraw = False
321.1992 	EXP 	text: autoDraw = True
321.1992 	EXP 	remember_box: autoDraw = True
321.1992 	EXP 	familiar_box: autoDraw = True
321.1992 	EXP 	forgotten_box: autoDraw = True
321.1992 	EXP 	remember_text: autoDraw = True
321.1992 	EXP 	familiar_text: autoDraw = True
321.1992 	EXP 	forgotten_text: autoDraw = True
321.4639 	DATA 	Mouse: Left button down, pos=(1061,176)
321.4782 	EXP 	fixation: autoDraw = False
321.4782 	EXP 	stim_image: autoDraw = False
321.4782 	EXP 	text: autoDraw = False
321.4782 	EXP 	remember_box: autoDraw = False
321.4782 	EXP 	familiar_box: autoDraw = False
321.4782 	EXP 	forgotten_box: autoDraw = False
321.4782 	EXP 	remember_text: autoDraw = False
321.4782 	EXP 	familiar_text: autoDraw = False
321.4782 	EXP 	forgotten_text: autoDraw = False
321.4782 	EXP 	forgotten_box: fillColor = 'blue'
321.6251 	DATA 	Mouse:  Left button up, pos=(1061,176)
321.7786 	EXP 	New trial (rep=0, index=60): <Trial 60 (60 in rep 0) data={'image_name': 'Snake 4.jpg', 'condition': 'new', 'thisN': 60, 'thisTrialN': 60, 'thisRepN': 0}>
321.7908 	EXP 	remember_box: fillColor = <class 'numpy.ndarray'>
321.7908 	EXP 	familiar_box: fillColor = <class 'numpy.ndarray'>
321.7908 	EXP 	forgotten_box: fillColor = <class 'numpy.ndarray'>
321.7908 	EXP 	stim_image: image = 'phase2_images/Snake 4.jpg'
321.7908 	EXP 	fixation: autoDraw = True
322.7790 	EXP 	stim_image: autoDraw = True
322.7892 	EXP 	fixation: autoDraw = False
325.7713 	EXP 	stim_image: autoDraw = False
325.7713 	EXP 	text: autoDraw = True
325.7713 	EXP 	remember_box: autoDraw = True
325.7713 	EXP 	familiar_box: autoDraw = True
325.7713 	EXP 	forgotten_box: autoDraw = True
325.7713 	EXP 	remember_text: autoDraw = True
325.7713 	EXP 	familiar_text: autoDraw = True
325.7713 	EXP 	forgotten_text: autoDraw = True
326.0969 	DATA 	Mouse: Left button down, pos=(1061,176)
326.1040 	EXP 	fixation: autoDraw = False
326.1040 	EXP 	stim_image: autoDraw = False
326.1040 	EXP 	text: autoDraw = False
326.1040 	EXP 	remember_box: autoDraw = False
326.1040 	EXP 	familiar_box: autoDraw = False
326.1040 	EXP 	forgotten_box: autoDraw = False
326.1040 	EXP 	remember_text: autoDraw = False
326.1040 	EXP 	familiar_text: autoDraw = False
326.1040 	EXP 	forgotten_text: autoDraw = False
326.1040 	EXP 	forgotten_box: fillColor = 'blue'
326.2645 	DATA 	Mouse:  Left button up, pos=(1061,176)
326.4045 	EXP 	New trial (rep=0, index=61): <Trial 61 (61 in rep 0) data={'image_name': 'Astronaut 2', 'condition': 'new', 'thisN': 61, 'thisTrialN': 61, 'thisRepN': 0}>
326.4046 	WARNING 	Requested image 'phase2_images/Astronaut 2' not found but similar filename 'phase2_images/Astronaut 2.jpg' exists. This will be used instead but changing the filename is advised.
326.4146 	EXP 	remember_box: fillColor = <class 'numpy.ndarray'>
326.4146 	EXP 	familiar_box: fillColor = <class 'numpy.ndarray'>
326.4146 	EXP 	forgotten_box: fillColor = <class 'numpy.ndarray'>
326.4146 	EXP 	stim_image: image = 'phase2_images/Astronaut 2'
326.4146 	EXP 	fixation: autoDraw = True
327.3963 	EXP 	stim_image: autoDraw = True
327.4096 	EXP 	fixation: autoDraw = False
330.3987 	EXP 	stim_image: autoDraw = False
330.3987 	EXP 	text: autoDraw = True
330.3987 	EXP 	remember_box: autoDraw = True
330.3987 	EXP 	familiar_box: autoDraw = True
330.3987 	EXP 	forgotten_box: autoDraw = True
330.3987 	EXP 	remember_text: autoDraw = True
330.3987 	EXP 	familiar_text: autoDraw = True
330.3987 	EXP 	forgotten_text: autoDraw = True
330.6959 	DATA 	Mouse: Left button down, pos=(1061,177)
330.7043 	EXP 	fixation: autoDraw = False
330.7043 	EXP 	stim_image: autoDraw = False
330.7043 	EXP 	text: autoDraw = False
330.7043 	EXP 	remember_box: autoDraw = False
330.7043 	EXP 	familiar_box: autoDraw = False
330.7043 	EXP 	forgotten_box: autoDraw = False
330.7043 	EXP 	remember_text: autoDraw = False
330.7043 	EXP 	familiar_text: autoDraw = False
330.7043 	EXP 	forgotten_text: autoDraw = False
330.7043 	EXP 	forgotten_box: fillColor = 'blue'
330.8712 	DATA 	Mouse:  Left button up, pos=(1061,177)
331.0048 	EXP 	New trial (rep=0, index=62): <Trial 62 (62 in rep 0) data={'image_name': 'Dog 31.jpg', 'condition': 'new', 'thisN': 62, 'thisTrialN': 62, 'thisRepN': 0}>
331.0154 	EXP 	remember_box: fillColor = <class 'numpy.ndarray'>
331.0154 	EXP 	familiar_box: fillColor = <class 'numpy.ndarray'>
331.0154 	EXP 	forgotten_box: fillColor = <class 'numpy.ndarray'>
331.0154 	EXP 	stim_image: image = 'phase2_images/Dog 31.jpg'
331.0154 	EXP 	fixation: autoDraw = True
331.9960 	EXP 	stim_image: autoDraw = True
332.0109 	EXP 	fixation: autoDraw = False
334.9984 	EXP 	stim_image: autoDraw = False
334.9984 	EXP 	text: autoDraw = True
334.9984 	EXP 	remember_box: autoDraw = True
334.9984 	EXP 	familiar_box: autoDraw = True
334.9984 	EXP 	forgotten_box: autoDraw = True
334.9984 	EXP 	remember_text: autoDraw = True
334.9984 	EXP 	familiar_text: autoDraw = True
334.9984 	EXP 	forgotten_text: autoDraw = True
335.3896 	DATA 	Mouse: Left button down, pos=(1061,177)
335.3957 	EXP 	fixation: autoDraw = False
335.3957 	EXP 	stim_image: autoDraw = False
335.3957 	EXP 	text: autoDraw = False
335.3957 	EXP 	remember_box: autoDraw = False
335.3957 	EXP 	familiar_box: autoDraw = False
335.3957 	EXP 	forgotten_box: autoDraw = False
335.3957 	EXP 	remember_text: autoDraw = False
335.3957 	EXP 	familiar_text: autoDraw = False
335.3957 	EXP 	forgotten_text: autoDraw = False
335.3957 	EXP 	forgotten_box: fillColor = 'blue'
335.5511 	DATA 	Mouse:  Left button up, pos=(1061,177)
335.6962 	EXP 	New trial (rep=0, index=63): <Trial 63 (63 in rep 0) data={'image_name': 'Feces 2.jpg', 'condition': 'old', 'thisN': 63, 'thisTrialN': 63, 'thisRepN': 0}>
335.7073 	EXP 	remember_box: fillColor = <class 'numpy.ndarray'>
335.7073 	EXP 	familiar_box: fillColor = <class 'numpy.ndarray'>
335.7073 	EXP 	forgotten_box: fillColor = <class 'numpy.ndarray'>
335.7073 	EXP 	stim_image: image = 'phase2_images/Feces 2.jpg'
335.7073 	EXP 	fixation: autoDraw = True
336.6963 	EXP 	stim_image: autoDraw = True
336.7054 	EXP 	fixation: autoDraw = False
339.6882 	EXP 	stim_image: autoDraw = False
339.6882 	EXP 	text: autoDraw = True
339.6882 	EXP 	remember_box: autoDraw = True
339.6882 	EXP 	familiar_box: autoDraw = True
339.6882 	EXP 	forgotten_box: autoDraw = True
339.6882 	EXP 	remember_text: autoDraw = True
339.6882 	EXP 	familiar_text: autoDraw = True
339.6882 	EXP 	forgotten_text: autoDraw = True
339.9728 	DATA 	Mouse: Left button down, pos=(483,169)
339.9790 	EXP 	fixation: autoDraw = False
339.9790 	EXP 	stim_image: autoDraw = False
339.9790 	EXP 	text: autoDraw = False
339.9790 	EXP 	remember_box: autoDraw = False
339.9790 	EXP 	familiar_box: autoDraw = False
339.9790 	EXP 	forgotten_box: autoDraw = False
339.9790 	EXP 	remember_text: autoDraw = False
339.9790 	EXP 	familiar_text: autoDraw = False
339.9790 	EXP 	forgotten_text: autoDraw = False
339.9790 	EXP 	remember_box: fillColor = 'blue'
340.1171 	DATA 	Mouse:  Left button up, pos=(483,169)
340.2794 	EXP 	New trial (rep=0, index=64): <Trial 64 (64 in rep 0) data={'image_name': 'Grass 6.jpg', 'condition': 'old', 'thisN': 64, 'thisTrialN': 64, 'thisRepN': 0}>
340.2892 	EXP 	remember_box: fillColor = <class 'numpy.ndarray'>
340.2892 	EXP 	familiar_box: fillColor = <class 'numpy.ndarray'>
340.2892 	EXP 	forgotten_box: fillColor = <class 'numpy.ndarray'>
340.2892 	EXP 	stim_image: image = 'phase2_images/Grass 6.jpg'
340.2892 	EXP 	fixation: autoDraw = True
341.2790 	EXP 	fixation: autoDraw = False
341.2790 	EXP 	stim_image: autoDraw = True
344.2815 	EXP 	stim_image: autoDraw = False
344.2815 	EXP 	text: autoDraw = True
344.2815 	EXP 	remember_box: autoDraw = True
344.2815 	EXP 	familiar_box: autoDraw = True
344.2815 	EXP 	forgotten_box: autoDraw = True
344.2815 	EXP 	remember_text: autoDraw = True
344.2815 	EXP 	familiar_text: autoDraw = True
344.2815 	EXP 	forgotten_text: autoDraw = True
346.1393 	DATA 	Mouse: Left button down, pos=(628,187)
346.1451 	EXP 	fixation: autoDraw = False
346.1451 	EXP 	stim_image: autoDraw = False
346.1451 	EXP 	text: autoDraw = False
346.1451 	EXP 	remember_box: autoDraw = False
346.1451 	EXP 	familiar_box: autoDraw = False
346.1451 	EXP 	forgotten_box: autoDraw = False
346.1451 	EXP 	remember_text: autoDraw = False
346.1451 	EXP 	familiar_text: autoDraw = False
346.1451 	EXP 	forgotten_text: autoDraw = False
346.1451 	EXP 	familiar_box: fillColor = 'blue'
346.2855 	DATA 	Mouse:  Left button up, pos=(628,187)
346.4456 	EXP 	New trial (rep=0, index=65): <Trial 65 (65 in rep 0) data={'image_name': 'Shot 3.jpg', 'condition': 'old', 'thisN': 65, 'thisTrialN': 65, 'thisRepN': 0}>
346.4557 	EXP 	remember_box: fillColor = <class 'numpy.ndarray'>
346.4557 	EXP 	familiar_box: fillColor = <class 'numpy.ndarray'>
346.4557 	EXP 	forgotten_box: fillColor = <class 'numpy.ndarray'>
346.4557 	EXP 	stim_image: image = 'phase2_images/Shot 3.jpg'
346.4557 	EXP 	fixation: autoDraw = True
347.4388 	EXP 	stim_image: autoDraw = True
347.4453 	EXP 	fixation: autoDraw = False
350.4277 	EXP 	stim_image: autoDraw = False
350.4477 	EXP 	text: autoDraw = True
350.4477 	EXP 	remember_box: autoDraw = True
350.4477 	EXP 	familiar_box: autoDraw = True
350.4477 	EXP 	forgotten_box: autoDraw = True
350.4477 	EXP 	remember_text: autoDraw = True
350.4477 	EXP 	familiar_text: autoDraw = True
350.4477 	EXP 	forgotten_text: autoDraw = True
350.8560 	DATA 	Mouse: Left button down, pos=(417,175)
350.8618 	EXP 	fixation: autoDraw = False
350.8618 	EXP 	stim_image: autoDraw = False
350.8618 	EXP 	text: autoDraw = False
350.8618 	EXP 	remember_box: autoDraw = False
350.8618 	EXP 	familiar_box: autoDraw = False
350.8618 	EXP 	forgotten_box: autoDraw = False
350.8618 	EXP 	remember_text: autoDraw = False
350.8618 	EXP 	familiar_text: autoDraw = False
350.8618 	EXP 	forgotten_text: autoDraw = False
350.8618 	EXP 	remember_box: fillColor = 'blue'
350.9970 	DATA 	Mouse:  Left button up, pos=(417,175)
351.1623 	EXP 	New trial (rep=0, index=66): <Trial 66 (66 in rep 0) data={'image_name': 'Horse racing 1.jpg', 'condition': 'new', 'thisN': 66, 'thisTrialN': 66, 'thisRepN': 0}>
351.1732 	EXP 	remember_box: fillColor = <class 'numpy.ndarray'>
351.1732 	EXP 	familiar_box: fillColor = <class 'numpy.ndarray'>
351.1732 	EXP 	forgotten_box: fillColor = <class 'numpy.ndarray'>
351.1732 	EXP 	stim_image: image = 'phase2_images/Horse racing 1.jpg'
351.1732 	EXP 	fixation: autoDraw = True
352.1553 	EXP 	stim_image: autoDraw = True
352.1722 	EXP 	fixation: autoDraw = False
355.1433 	EXP 	stim_image: autoDraw = False
355.1650 	EXP 	text: autoDraw = True
355.1650 	EXP 	remember_box: autoDraw = True
355.1650 	EXP 	familiar_box: autoDraw = True
355.1650 	EXP 	forgotten_box: autoDraw = True
355.1650 	EXP 	remember_text: autoDraw = True
355.1650 	EXP 	familiar_text: autoDraw = True
355.1650 	EXP 	forgotten_text: autoDraw = True
356.7552 	DATA 	Mouse: Left button down, pos=(679,215)
356.7614 	EXP 	fixation: autoDraw = False
356.7614 	EXP 	stim_image: autoDraw = False
356.7614 	EXP 	text: autoDraw = False
356.7614 	EXP 	remember_box: autoDraw = False
356.7614 	EXP 	familiar_box: autoDraw = False
356.7614 	EXP 	forgotten_box: autoDraw = False
356.7614 	EXP 	remember_text: autoDraw = False
356.7614 	EXP 	familiar_text: autoDraw = False
356.7614 	EXP 	forgotten_text: autoDraw = False
356.7614 	EXP 	familiar_box: fillColor = 'blue'
356.8803 	DATA 	Mouse:  Left button up, pos=(679,215)
357.0618 	EXP 	New trial (rep=0, index=67): <Trial 67 (67 in rep 0) data={'image_name': 'Soldiers 8.jpg', 'condition': 'old', 'thisN': 67, 'thisTrialN': 67, 'thisRepN': 0}>
357.0733 	EXP 	remember_box: fillColor = <class 'numpy.ndarray'>
357.0733 	EXP 	familiar_box: fillColor = <class 'numpy.ndarray'>
357.0733 	EXP 	forgotten_box: fillColor = <class 'numpy.ndarray'>
357.0733 	EXP 	stim_image: image = 'phase2_images/Soldiers 8.jpg'
357.0733 	EXP 	fixation: autoDraw = True
358.0554 	EXP 	stim_image: autoDraw = True
358.0718 	EXP 	fixation: autoDraw = False
361.0443 	EXP 	stim_image: autoDraw = False
361.0538 	EXP 	text: autoDraw = True
361.0538 	EXP 	remember_box: autoDraw = True
361.0538 	EXP 	familiar_box: autoDraw = True
361.0538 	EXP 	forgotten_box: autoDraw = True
361.0538 	EXP 	remember_text: autoDraw = True
361.0538 	EXP 	familiar_text: autoDraw = True
361.0538 	EXP 	forgotten_text: autoDraw = True
361.6559 	DATA 	Mouse: Left button down, pos=(428,191)
361.6621 	EXP 	fixation: autoDraw = False
361.6621 	EXP 	stim_image: autoDraw = False
361.6621 	EXP 	text: autoDraw = False
361.6621 	EXP 	remember_box: autoDraw = False
361.6621 	EXP 	familiar_box: autoDraw = False
361.6621 	EXP 	forgotten_box: autoDraw = False
361.6621 	EXP 	remember_text: autoDraw = False
361.6621 	EXP 	familiar_text: autoDraw = False
361.6621 	EXP 	forgotten_text: autoDraw = False
361.6621 	EXP 	remember_box: fillColor = 'blue'
361.8347 	DATA 	Mouse:  Left button up, pos=(428,191)
361.9626 	EXP 	New trial (rep=0, index=68): <Trial 68 (68 in rep 0) data={'image_name': 'Police 2.jpg', 'condition': 'old', 'thisN': 68, 'thisTrialN': 68, 'thisRepN': 0}>
361.9731 	EXP 	remember_box: fillColor = <class 'numpy.ndarray'>
361.9731 	EXP 	familiar_box: fillColor = <class 'numpy.ndarray'>
361.9731 	EXP 	forgotten_box: fillColor = <class 'numpy.ndarray'>
361.9731 	EXP 	stim_image: image = 'phase2_images/Police 2.jpg'
361.9731 	EXP 	fixation: autoDraw = True
362.9624 	EXP 	stim_image: autoDraw = True
362.9718 	EXP 	fixation: autoDraw = False
365.9541 	EXP 	stim_image: autoDraw = False
365.9541 	EXP 	text: autoDraw = True
365.9541 	EXP 	remember_box: autoDraw = True
365.9541 	EXP 	familiar_box: autoDraw = True
365.9541 	EXP 	forgotten_box: autoDraw = True
365.9541 	EXP 	remember_text: autoDraw = True
365.9541 	EXP 	familiar_text: autoDraw = True
365.9541 	EXP 	forgotten_text: autoDraw = True
366.4217 	DATA 	Mouse: Left button down, pos=(429,192)
366.4284 	EXP 	fixation: autoDraw = False
366.4284 	EXP 	stim_image: autoDraw = False
366.4284 	EXP 	text: autoDraw = False
366.4284 	EXP 	remember_box: autoDraw = False
366.4284 	EXP 	familiar_box: autoDraw = False
366.4284 	EXP 	forgotten_box: autoDraw = False
366.4284 	EXP 	remember_text: autoDraw = False
366.4284 	EXP 	familiar_text: autoDraw = False
366.4284 	EXP 	forgotten_text: autoDraw = False
366.4284 	EXP 	remember_box: fillColor = 'blue'
366.5384 	DATA 	Mouse:  Left button up, pos=(429,192)
366.7289 	EXP 	New trial (rep=0, index=69): <Trial 69 (69 in rep 0) data={'image_name': 'Fire 9.jpg', 'condition': 'old', 'thisN': 69, 'thisTrialN': 69, 'thisRepN': 0}>
366.7400 	EXP 	remember_box: fillColor = <class 'numpy.ndarray'>
366.7400 	EXP 	familiar_box: fillColor = <class 'numpy.ndarray'>
366.7400 	EXP 	forgotten_box: fillColor = <class 'numpy.ndarray'>
366.7400 	EXP 	stim_image: image = 'phase2_images/Fire 9.jpg'
366.7400 	EXP 	fixation: autoDraw = True
367.7217 	EXP 	stim_image: autoDraw = True
367.7386 	EXP 	fixation: autoDraw = False
370.7108 	EXP 	stim_image: autoDraw = False
370.7318 	EXP 	text: autoDraw = True
370.7318 	EXP 	remember_box: autoDraw = True
370.7318 	EXP 	familiar_box: autoDraw = True
370.7318 	EXP 	forgotten_box: autoDraw = True
370.7318 	EXP 	remember_text: autoDraw = True
370.7318 	EXP 	familiar_text: autoDraw = True
370.7318 	EXP 	forgotten_text: autoDraw = True
371.1136 	DATA 	Mouse: Left button down, pos=(430,192)
371.1262 	EXP 	fixation: autoDraw = False
371.1262 	EXP 	stim_image: autoDraw = False
371.1262 	EXP 	text: autoDraw = False
371.1262 	EXP 	remember_box: autoDraw = False
371.1262 	EXP 	familiar_box: autoDraw = False
371.1262 	EXP 	forgotten_box: autoDraw = False
371.1262 	EXP 	remember_text: autoDraw = False
371.1262 	EXP 	familiar_text: autoDraw = False
371.1262 	EXP 	forgotten_text: autoDraw = False
371.1262 	EXP 	remember_box: fillColor = 'blue'
371.2660 	DATA 	Mouse:  Left button up, pos=(431,192)
371.4268 	EXP 	New trial (rep=0, index=70): <Trial 70 (70 in rep 0) data={'image_name': 'Tornado 1.jpg', 'condition': 'old', 'thisN': 70, 'thisTrialN': 70, 'thisRepN': 0}>
371.4368 	EXP 	remember_box: fillColor = <class 'numpy.ndarray'>
371.4368 	EXP 	familiar_box: fillColor = <class 'numpy.ndarray'>
371.4368 	EXP 	forgotten_box: fillColor = <class 'numpy.ndarray'>
371.4368 	EXP 	stim_image: image = 'phase2_images/Tornado 1.jpg'
371.4368 	EXP 	fixation: autoDraw = True
372.4219 	EXP 	stim_image: autoDraw = True
372.4282 	EXP 	fixation: autoDraw = False
375.4108 	EXP 	stim_image: autoDraw = False
375.4204 	EXP 	text: autoDraw = True
375.4204 	EXP 	remember_box: autoDraw = True
375.4204 	EXP 	familiar_box: autoDraw = True
375.4204 	EXP 	forgotten_box: autoDraw = True
375.4204 	EXP 	remember_text: autoDraw = True
375.4204 	EXP 	familiar_text: autoDraw = True
375.4204 	EXP 	forgotten_text: autoDraw = True
375.7562 	DATA 	Mouse: Left button down, pos=(431,193)
375.7630 	EXP 	fixation: autoDraw = False
375.7630 	EXP 	stim_image: autoDraw = False
375.7630 	EXP 	text: autoDraw = False
375.7630 	EXP 	remember_box: autoDraw = False
375.7630 	EXP 	familiar_box: autoDraw = False
375.7630 	EXP 	forgotten_box: autoDraw = False
375.7630 	EXP 	remember_text: autoDraw = False
375.7630 	EXP 	familiar_text: autoDraw = False
375.7630 	EXP 	forgotten_text: autoDraw = False
375.7630 	EXP 	remember_box: fillColor = 'blue'
375.8660 	DATA 	Mouse:  Left button up, pos=(431,193)
376.0635 	EXP 	New trial (rep=0, index=71): <Trial 71 (71 in rep 0) data={'image_name': 'Pig 2.jpg', 'condition': 'old', 'thisN': 71, 'thisTrialN': 71, 'thisRepN': 0}>
376.0749 	EXP 	remember_box: fillColor = <class 'numpy.ndarray'>
376.0749 	EXP 	familiar_box: fillColor = <class 'numpy.ndarray'>
376.0749 	EXP 	forgotten_box: fillColor = <class 'numpy.ndarray'>
376.0749 	EXP 	stim_image: image = 'phase2_images/Pig 2.jpg'
376.0749 	EXP 	fixation: autoDraw = True
377.0625 	EXP 	stim_image: autoDraw = True
377.0718 	EXP 	fixation: autoDraw = False
380.0645 	EXP 	stim_image: autoDraw = False
380.0645 	EXP 	text: autoDraw = True
380.0645 	EXP 	remember_box: autoDraw = True
380.0645 	EXP 	familiar_box: autoDraw = True
380.0645 	EXP 	forgotten_box: autoDraw = True
380.0645 	EXP 	remember_text: autoDraw = True
380.0645 	EXP 	familiar_text: autoDraw = True
380.0645 	EXP 	forgotten_text: autoDraw = True
380.3558 	DATA 	Mouse: Left button down, pos=(431,193)
380.3618 	EXP 	fixation: autoDraw = False
380.3618 	EXP 	stim_image: autoDraw = False
380.3618 	EXP 	text: autoDraw = False
380.3618 	EXP 	remember_box: autoDraw = False
380.3618 	EXP 	familiar_box: autoDraw = False
380.3618 	EXP 	forgotten_box: autoDraw = False
380.3618 	EXP 	remember_text: autoDraw = False
380.3618 	EXP 	familiar_text: autoDraw = False
380.3618 	EXP 	forgotten_text: autoDraw = False
380.3618 	EXP 	remember_box: fillColor = 'blue'
380.4939 	DATA 	Mouse:  Left button up, pos=(431,193)
380.6673 	EXP 	remember_box: fillColor = <class 'numpy.ndarray'>
380.6673 	EXP 	familiar_box: fillColor = <class 'numpy.ndarray'>
380.6673 	EXP 	forgotten_box: fillColor = <class 'numpy.ndarray'>
380.6673 	EXP 	thanks: autoDraw = True
381.6608 	EXP 	thanks: autoDraw = False
381.6608 	EXP 	thanks: autoDraw = False
381.6610 	EXP 	Phase 2 Canli Replication: status = STOPPED
381.7020 	INFO 	saved data to '/Users/vineesmacbook/Desktop/PsychoPy/Solo Project/data/smit_Phase 2 Canli Replication_2025-11-16_18h08.13.633.csv'
381.7049 	INFO 	saved data to /Users/vineesmacbook/Desktop/PsychoPy/Solo Project/data/smit_Phase 2 Canli Replication_2025-11-16_18h08.13.633.psydat
381.8366 	WARNING 	Stopping key buffers but this could be dangerous ifother keyboards rely on the same.
381.8367 	WARNING 	Stopping key buffers but this could be dangerous ifother keyboards rely on the same.
