120.6540 	INFO 	Loaded monitor calibration from ['2025_08_12 08:00']
120.8903 	INFO 	Using renderer 'Apple M2' for graphics
120.8904 	INFO 	OpenGL version supported by driver is 2..
120.9346 	EXP 	Created window1 = Window(allowGUI=True, allowStencil=False, autoLog=True, backendConf=UNKNOWN, backgroundFit=<method-wrapper '__getattribute__' of attributeSetter object at 0x14e935780>, backgroundImage=<method-wrapper '__getattribute__' of attributeSetter object at 0x14e935720>, bitsMode=UNKNOWN, blendMode='avg', bpc=(8, 8, 8), color=array([0.0039, 0.0039, 0.0039]), colorSpace='rgb', depthBits=8, fullscr=True, gamma=None, gammaErrorPolicy='raise', infoMsg=UNKNOWN, lms=UNKNOWN, monitor=<psychopy.monitors.calibTools.Monitor object at 0x14eaaa5f0>, multiSample=False, name='window1', numSamples=2, pos=[np.float64(0.0), np.float64(0.0)], screen=0, size=array([2940, 1912]), stencilBits=0, stereo=False, title='PsychoPy', units='height', useFBO=True, useRetina=True, viewOri=0.0, viewPos=None, viewScale=None, waitBlanking=True, winType='pyglet')
120.9347 	EXP 	window1: backgroundImage = ''
120.9347 	EXP 	window1: backgroundFit = 'none'
121.4848 	EXP 	window1: Attempting to measure frame rate of screen (0) ...
121.4848 	EXP 	window1: recordFrameIntervals = False
121.6817 	EXP 	window1: recordFrameIntervals = True
122.5161 	WARNING 	Couldn't measure a consistent frame rate!
  - Is your graphics card set to sync to vertical blank?
  - Are you running other processes on your computer?

123.7596 	INFO 	keyboard.Keyboard is using ptb backend.
124.1071 	INFO 	keyboard.Keyboard is using ptb backend.
124.1072 	EXP 	Phase 2 Canli Replication: status = STARTED
124.1792 	EXP 	Created text_2 = TextStim(__class__=<class 'psychopy.visual.text.TextStim'>, alignHoriz=method-wrapper(...), alignText='center', alignVert=method-wrapper(...), anchorHoriz='center', anchorVert='center', antialias=True, autoDraw=False, autoLog=True, bold=False, color=array([1., 1., 1.]), colorSpace='rgb', contrast=1.0, depth=0.0, draggable=False, flipHoriz=False, flipVert=False, font='Arial', fontFiles=[], height=np.float64(0.04), italic=False, languageStyle='LTR', name='text_2', opacity=1, ori=0.0, pos=array([0., 0.]), rgb=UNKNOWN, text=str(...), units='height', win=Window(...), wrapWidth=1)
124.1844 	EXP 	Created fixation = ShapeStim(__class__=<class 'psychopy.visual.shape.ShapeStim'>, anchor=('center', 'center'), autoDraw=False, autoLog=True, closeShape=True, color=method-wrapper(...), colorSpace='rgb', contrast=None, depth=-1.0, draggable=False, fillColor=array([1, 1, 1]), fillColorSpace='rgb', fillRGB=array([1, 1, 1]), interpolate=True, lineColor=array([1., 1., 1.]), lineColorSpace='rgb', lineRGB=array([1, 1, 1]), lineWidth=1.0, name='fixation', opacity=1, ori=0.0, pos=array([0., 0.]), size=array([0.05, 0.05]), units='height', vertices=ndarray(...), win=Window(...), windingRule=None)
124.2260 	EXP 	Created stim_image = ImageStim(__class__=<class 'psychopy.visual.image.ImageStim'>, anchor=('center', 'center'), autoLog=True, color=array([1., 1., 1.]), colorSpace='rgb', contrast=1.0, depth=-2.0, draggable=False, flipHoriz=np.False_, flipVert=np.False_, image='default.png', interpolate=True, mask=None, maskParams=None, name='stim_image', opacity=1, ori=0.0, pos=array([0., 0.]), size=array([0.5, 0.5]), texRes=128.0, units='height', win=Window(...))
124.2332 	EXP 	Created text = TextStim(__class__=<class 'psychopy.visual.text.TextStim'>, alignHoriz=method-wrapper(...), alignText='center', alignVert=method-wrapper(...), anchorHoriz='center', anchorVert='center', antialias=True, autoDraw=False, autoLog=True, bold=False, color=array([1., 1., 1.]), colorSpace='rgb', contrast=1.0, depth=-3.0, draggable=False, flipHoriz=False, flipVert=False, font='Arial', fontFiles=[], height=np.float64(0.05), italic=False, languageStyle='LTR', name='text', opacity=1, ori=0.0, pos=array([0.  , 0.15]), rgb=UNKNOWN, text='Have you seen this image before?', units='height', win=Window(...), wrapWidth=1)
124.2344 	EXP 	Created remember_box = Rect(__class__=<class 'psychopy.visual.rect.Rect'>, anchor=('center', 'center'), autoDraw=False, autoLog=True, closeShape=True, color=method-wrapper(...), colorSpace='rgb', contrast=None, depth=-4.0, draggable=False, fillColor=array([1, 1, 1]), fillColorSpace='rgb', fillRGB=array([1, 1, 1]), interpolate=True, lineColor=array([1., 1., 1.]), lineColorSpace='rgb', lineRGB=array([1, 1, 1]), lineWidth=1.0, name='remember_box', opacity=1, ori=0.0, pos=array([-0.4, -0.3]), size=array([0.35, 0.1 ]), units='height', vertices=ndarray(...), win=Window(...))
124.2355 	EXP 	Created familiar_box = Rect(__class__=<class 'psychopy.visual.rect.Rect'>, anchor=('center', 'center'), autoDraw=False, autoLog=True, closeShape=True, color=method-wrapper(...), colorSpace='rgb', contrast=None, depth=-5.0, draggable=False, fillColor=array([1, 1, 1]), fillColorSpace='rgb', fillRGB=array([1, 1, 1]), interpolate=True, lineColor=array([1., 1., 1.]), lineColorSpace='rgb', lineRGB=array([1, 1, 1]), lineWidth=1.0, name='familiar_box', opacity=1, ori=0.0, pos=array([ 0. , -0.3]), size=array([0.35, 0.1 ]), units='height', vertices=ndarray(...), win=Window(...))
124.2366 	EXP 	Created forgotten_box = Rect(__class__=<class 'psychopy.visual.rect.Rect'>, anchor=('center', 'center'), autoDraw=False, autoLog=True, closeShape=True, color=method-wrapper(...), colorSpace='rgb', contrast=None, depth=-6.0, draggable=False, fillColor=array([1, 1, 1]), fillColorSpace='rgb', fillRGB=array([1, 1, 1]), interpolate=True, lineColor=array([1., 1., 1.]), lineColorSpace='rgb', lineRGB=array([1, 1, 1]), lineWidth=1.0, name='forgotten_box', opacity=1, ori=0.0, pos=array([ 0.4, -0.3]), size=array([0.35, 0.1 ]), units='height', vertices=ndarray(...), win=Window(...))
124.2413 	EXP 	Created remember_text = TextStim(__class__=<class 'psychopy.visual.text.TextStim'>, alignHoriz=method-wrapper(...), alignText='center', alignVert=method-wrapper(...), anchorHoriz='center', anchorVert='center', antialias=True, autoDraw=False, autoLog=True, bold=False, color=array([-1., -1., -1.]), colorSpace='rgb', contrast=1.0, depth=-7.0, draggable=False, flipHoriz=False, flipVert=False, font='Arial', fontFiles=[], height=np.float64(0.05), italic=False, languageStyle='LTR', name='remember_text', opacity=1, ori=0.0, pos=array([-0.4, -0.3]), rgb=UNKNOWN, text='Remembered', units='height', win=Window(...), wrapWidth=1)
124.2436 	EXP 	Created familiar_text = TextStim(__class__=<class 'psychopy.visual.text.TextStim'>, alignHoriz=method-wrapper(...), alignText='center', alignVert=method-wrapper(...), anchorHoriz='center', anchorVert='center', antialias=True, autoDraw=False, autoLog=True, bold=False, color=array([-1., -1., -1.]), colorSpace='rgb', contrast=1.0, depth=-8.0, draggable=False, flipHoriz=False, flipVert=False, font='Arial', fontFiles=[], height=np.float64(0.05), italic=False, languageStyle='LTR', name='familiar_text', opacity=1, ori=0.0, pos=array([ 0. , -0.3]), rgb=UNKNOWN, text='Familiar', units='height', win=Window(...), wrapWidth=1)
124.2455 	EXP 	Created forgotten_text = TextStim(__class__=<class 'psychopy.visual.text.TextStim'>, alignHoriz=method-wrapper(...), alignText='center', alignVert=method-wrapper(...), anchorHoriz='center', anchorVert='center', antialias=True, autoDraw=False, autoLog=True, bold=False, color=array([-1., -1., -1.]), colorSpace='rgb', contrast=1.0, depth=-9.0, draggable=False, flipHoriz=False, flipVert=False, font='Arial', fontFiles=[], height=np.float64(0.05), italic=False, languageStyle='LTR', name='forgotten_text', opacity=1, ori=0.0, pos=array([ 0.4, -0.3]), rgb=UNKNOWN, text='Forgotten', units='height', win=Window(...), wrapWidth=1)
124.2498 	EXP 	Created thanks = TextStim(__class__=<class 'psychopy.visual.text.TextStim'>, alignHoriz=method-wrapper(...), alignText='center', alignVert=method-wrapper(...), anchorHoriz='center', anchorVert='center', antialias=True, autoDraw=False, autoLog=True, bold=False, color=array([1., 1., 1.]), colorSpace='rgb', contrast=1.0, depth=0.0, draggable=False, flipHoriz=False, flipVert=False, font='Arial', fontFiles=[], height=np.float64(0.05), italic=False, languageStyle='LTR', name='thanks', opacity=1, ori=0.0, pos=array([0., 0.]), rgb=UNKNOWN, text='Thank you for taking part in the experiment!', units='height', win=Window(...), wrapWidth=1)
0.0161 	INFO 	Keyboard events cleared
0.0161 	EXP 	text_2: autoDraw = True
4.4576 	EXP 	Device response: <KeyPress from None: t=4.1727785828989, value=f2, duration=None>
4.4579 	EXP 	Device response: <KeyPress from None: t=4.1727785828989, value=f2, duration=0.03696429100818932>
4.4580 	EXP 	Device response: <KeyPress from None: t=4.300305915996432, value=f2, duration=None>
4.4580 	EXP 	Device response: <KeyPress from None: t=4.300305915996432, value=f2, duration=0.06042091699782759>
4.4581 	EXP 	Device response: <KeyPress from None: t=4.448414957965724, value=f2, duration=None>
4.4636 	WARNING 	t of last frame was 277.28ms (=1/3)
4.4999 	EXP 	Device response: <KeyPress from None: t=4.448414957965724, value=f2, duration=0.04435720795299858>
4.5657 	EXP 	Device response: <KeyPress from None: t=4.561342207947746, value=f2, duration=None>
4.6331 	EXP 	Device response: <KeyPress from None: t=4.561342207947746, value=f2, duration=0.06030391599051654>
4.6854 	EXP 	Device response: <KeyPress from None: t=4.674491790938191, value=f2, duration=None>
4.7505 	EXP 	Device response: <KeyPress from None: t=4.674491790938191, value=f2, duration=0.07221666700206697>
14.8673 	EXP 	Device response: <KeyPress from None: t=14.855348957935348, value=space, duration=None>
14.8949 	EXP 	Imported phase2_conditions - Sheet1.csv as conditions, 72 conditions, 2 params
14.8972 	EXP 	New trial (rep=0, index=0): <Trial 0 (0 in rep 0) data={'image_name': 'Dead bodies 1.jpg', 'condition': 'old', 'thisN': 0, 'thisTrialN': 0, 'thisRepN': 0}>
14.9235 	DATA 	Keypress: space
14.9283 	WARNING 	t of last frame was 62.26ms (=1/16)
14.9283 	EXP 	text_2: autoDraw = False
14.9283 	EXP 	stim_image: image = 'phase2_images/Dead bodies 1.jpg'
14.9283 	EXP 	fixation: autoDraw = True
15.0164 	EXP 	Device response: <KeyPress from None: t=14.855348957935348, value=space, duration=0.15399324998725206>
15.8646 	EXP 	stim_image: autoDraw = True
15.9218 	EXP 	fixation: autoDraw = False
18.8544 	EXP 	stim_image: autoDraw = False
18.8796 	WARNING 	t of last frame was 25.23ms (=1/39)
18.8796 	EXP 	text: autoDraw = True
18.8796 	EXP 	remember_box: autoDraw = True
18.8796 	EXP 	familiar_box: autoDraw = True
18.8796 	EXP 	forgotten_box: autoDraw = True
18.8796 	EXP 	remember_text: autoDraw = True
18.8796 	EXP 	familiar_text: autoDraw = True
18.8796 	EXP 	forgotten_text: autoDraw = True
21.3737 	DATA 	Mouse: Left button down, pos=(322,200)
21.3991 	WARNING 	t of last frame was 26.50ms (=1/37)
21.3991 	EXP 	fixation: autoDraw = False
21.3991 	EXP 	stim_image: autoDraw = False
21.3991 	EXP 	text: autoDraw = False
21.3991 	EXP 	remember_box: autoDraw = False
21.3991 	EXP 	familiar_box: autoDraw = False
21.3991 	EXP 	forgotten_box: autoDraw = False
21.3991 	EXP 	remember_text: autoDraw = False
21.3991 	EXP 	familiar_text: autoDraw = False
21.3991 	EXP 	forgotten_text: autoDraw = False
21.3991 	EXP 	remember_box: fillColor = 'blue'
21.6234 	DATA 	Mouse:  Left button up, pos=(322,200)
21.6996 	EXP 	New trial (rep=0, index=1): <Trial 1 (1 in rep 0) data={'image_name': 'Dog attack 3.jpg', 'condition': 'old', 'thisN': 1, 'thisTrialN': 1, 'thisRepN': 0}>
21.7123 	WARNING 	Multiple dropped frames have occurred - I'll stop bothering you about them!
21.7123 	EXP 	remember_box: fillColor = <class 'numpy.ndarray'>
21.7123 	EXP 	familiar_box: fillColor = <class 'numpy.ndarray'>
21.7123 	EXP 	forgotten_box: fillColor = <class 'numpy.ndarray'>
21.7123 	EXP 	stim_image: image = 'phase2_images/Dog attack 3.jpg'
21.7123 	EXP 	fixation: autoDraw = True
22.6900 	EXP 	stim_image: autoDraw = True
22.7052 	EXP 	fixation: autoDraw = False
25.6931 	EXP 	stim_image: autoDraw = False
25.6931 	EXP 	text: autoDraw = True
25.6931 	EXP 	remember_box: autoDraw = True
25.6931 	EXP 	familiar_box: autoDraw = True
25.6931 	EXP 	forgotten_box: autoDraw = True
25.6931 	EXP 	remember_text: autoDraw = True
25.6931 	EXP 	familiar_text: autoDraw = True
25.6931 	EXP 	forgotten_text: autoDraw = True
26.7497 	DATA 	Mouse: Left button down, pos=(370,212)
26.7553 	EXP 	fixation: autoDraw = False
26.7553 	EXP 	stim_image: autoDraw = False
26.7553 	EXP 	text: autoDraw = False
26.7553 	EXP 	remember_box: autoDraw = False
26.7553 	EXP 	familiar_box: autoDraw = False
26.7553 	EXP 	forgotten_box: autoDraw = False
26.7553 	EXP 	remember_text: autoDraw = False
26.7553 	EXP 	familiar_text: autoDraw = False
26.7553 	EXP 	forgotten_text: autoDraw = False
26.7553 	EXP 	remember_box: fillColor = 'blue'
26.9788 	DATA 	Mouse:  Left button up, pos=(369,212)
27.0556 	EXP 	New trial (rep=0, index=2): <Trial 2 (2 in rep 0) data={'image_name': 'Stingray 2.jpg', 'condition': 'old', 'thisN': 2, 'thisTrialN': 2, 'thisRepN': 0}>
27.0660 	EXP 	remember_box: fillColor = <class 'numpy.ndarray'>
27.0660 	EXP 	familiar_box: fillColor = <class 'numpy.ndarray'>
27.0660 	EXP 	forgotten_box: fillColor = <class 'numpy.ndarray'>
27.0660 	EXP 	stim_image: image = 'phase2_images/Stingray 2.jpg'
27.0660 	EXP 	fixation: autoDraw = True
28.0487 	EXP 	stim_image: autoDraw = True
28.0542 	EXP 	fixation: autoDraw = False
31.0378 	EXP 	stim_image: autoDraw = False
31.0591 	EXP 	text: autoDraw = True
31.0591 	EXP 	remember_box: autoDraw = True
31.0591 	EXP 	familiar_box: autoDraw = True
31.0591 	EXP 	forgotten_box: autoDraw = True
31.0591 	EXP 	remember_text: autoDraw = True
31.0591 	EXP 	familiar_text: autoDraw = True
31.0591 	EXP 	forgotten_text: autoDraw = True
32.2888 	DATA 	Mouse: Left button down, pos=(1019,203)
32.2989 	EXP 	fixation: autoDraw = False
32.2989 	EXP 	stim_image: autoDraw = False
32.2989 	EXP 	text: autoDraw = False
32.2989 	EXP 	remember_box: autoDraw = False
32.2989 	EXP 	familiar_box: autoDraw = False
32.2989 	EXP 	forgotten_box: autoDraw = False
32.2989 	EXP 	remember_text: autoDraw = False
32.2989 	EXP 	familiar_text: autoDraw = False
32.2989 	EXP 	forgotten_text: autoDraw = False
32.2989 	EXP 	forgotten_box: fillColor = 'blue'
32.4964 	DATA 	Mouse:  Left button up, pos=(1019,203)
32.5993 	EXP 	New trial (rep=0, index=3): <Trial 3 (3 in rep 0) data={'image_name': 'Shot 3.jpg', 'condition': 'old', 'thisN': 3, 'thisTrialN': 3, 'thisRepN': 0}>
32.6094 	EXP 	remember_box: fillColor = <class 'numpy.ndarray'>
32.6094 	EXP 	familiar_box: fillColor = <class 'numpy.ndarray'>
32.6094 	EXP 	forgotten_box: fillColor = <class 'numpy.ndarray'>
32.6094 	EXP 	stim_image: image = 'phase2_images/Shot 3.jpg'
32.6094 	EXP 	fixation: autoDraw = True
33.5894 	EXP 	stim_image: autoDraw = True
33.6042 	EXP 	fixation: autoDraw = False
36.5926 	EXP 	stim_image: autoDraw = False
36.5926 	EXP 	text: autoDraw = True
36.5926 	EXP 	remember_box: autoDraw = True
36.5926 	EXP 	familiar_box: autoDraw = True
36.5926 	EXP 	forgotten_box: autoDraw = True
36.5926 	EXP 	remember_text: autoDraw = True
36.5926 	EXP 	familiar_text: autoDraw = True
36.5926 	EXP 	forgotten_text: autoDraw = True
38.1499 	DATA 	Mouse: Left button down, pos=(1062,222)
38.1558 	EXP 	fixation: autoDraw = False
38.1558 	EXP 	stim_image: autoDraw = False
38.1558 	EXP 	text: autoDraw = False
38.1558 	EXP 	remember_box: autoDraw = False
38.1558 	EXP 	familiar_box: autoDraw = False
38.1558 	EXP 	forgotten_box: autoDraw = False
38.1558 	EXP 	remember_text: autoDraw = False
38.1558 	EXP 	familiar_text: autoDraw = False
38.1558 	EXP 	forgotten_text: autoDraw = False
38.1558 	EXP 	forgotten_box: fillColor = 'blue'
38.3391 	DATA 	Mouse:  Left button up, pos=(1062,222)
38.4563 	EXP 	New trial (rep=0, index=4): <Trial 4 (4 in rep 0) data={'image_name': 'Bloody knife 1.jpg', 'condition': 'new', 'thisN': 4, 'thisTrialN': 4, 'thisRepN': 0}>
38.4683 	EXP 	remember_box: fillColor = <class 'numpy.ndarray'>
38.4683 	EXP 	familiar_box: fillColor = <class 'numpy.ndarray'>
38.4683 	EXP 	forgotten_box: fillColor = <class 'numpy.ndarray'>
38.4683 	EXP 	stim_image: image = 'phase2_images/Bloody knife 1.jpg'
38.4683 	EXP 	fixation: autoDraw = True
39.4558 	EXP 	stim_image: autoDraw = True
39.4657 	EXP 	fixation: autoDraw = False
42.4594 	EXP 	stim_image: autoDraw = False
42.4594 	EXP 	text: autoDraw = True
42.4594 	EXP 	remember_box: autoDraw = True
42.4594 	EXP 	familiar_box: autoDraw = True
42.4594 	EXP 	forgotten_box: autoDraw = True
42.4594 	EXP 	remember_text: autoDraw = True
42.4594 	EXP 	familiar_text: autoDraw = True
42.4594 	EXP 	forgotten_text: autoDraw = True
43.9230 	DATA 	Mouse: Left button down, pos=(1089,206)
43.9322 	EXP 	fixation: autoDraw = False
43.9322 	EXP 	stim_image: autoDraw = False
43.9322 	EXP 	text: autoDraw = False
43.9322 	EXP 	remember_box: autoDraw = False
43.9322 	EXP 	familiar_box: autoDraw = False
43.9322 	EXP 	forgotten_box: autoDraw = False
43.9322 	EXP 	remember_text: autoDraw = False
43.9322 	EXP 	familiar_text: autoDraw = False
43.9322 	EXP 	forgotten_text: autoDraw = False
43.9322 	EXP 	forgotten_box: fillColor = 'blue'
44.1148 	DATA 	Mouse:  Left button up, pos=(1089,206)
44.2325 	EXP 	New trial (rep=0, index=5): <Trial 5 (5 in rep 0) data={'image_name': 'Solar panel 1.jpg', 'condition': 'old', 'thisN': 5, 'thisTrialN': 5, 'thisRepN': 0}>
44.2456 	EXP 	remember_box: fillColor = <class 'numpy.ndarray'>
44.2456 	EXP 	familiar_box: fillColor = <class 'numpy.ndarray'>
44.2456 	EXP 	forgotten_box: fillColor = <class 'numpy.ndarray'>
44.2456 	EXP 	stim_image: image = 'phase2_images/Solar panel 1.jpg'
44.2456 	EXP 	fixation: autoDraw = True
45.2230 	EXP 	stim_image: autoDraw = True
45.2380 	EXP 	fixation: autoDraw = False
48.2259 	EXP 	stim_image: autoDraw = False
48.2259 	EXP 	text: autoDraw = True
48.2259 	EXP 	remember_box: autoDraw = True
48.2259 	EXP 	familiar_box: autoDraw = True
48.2259 	EXP 	forgotten_box: autoDraw = True
48.2259 	EXP 	remember_text: autoDraw = True
48.2259 	EXP 	familiar_text: autoDraw = True
48.2259 	EXP 	forgotten_text: autoDraw = True
49.5664 	DATA 	Mouse: Left button down, pos=(760,188)
49.5729 	EXP 	fixation: autoDraw = False
49.5729 	EXP 	stim_image: autoDraw = False
49.5729 	EXP 	text: autoDraw = False
49.5729 	EXP 	remember_box: autoDraw = False
49.5729 	EXP 	familiar_box: autoDraw = False
49.5729 	EXP 	forgotten_box: autoDraw = False
49.5729 	EXP 	remember_text: autoDraw = False
49.5729 	EXP 	familiar_text: autoDraw = False
49.5729 	EXP 	forgotten_text: autoDraw = False
49.5729 	EXP 	familiar_box: fillColor = 'blue'
49.7628 	DATA 	Mouse:  Left button up, pos=(760,188)
49.8732 	EXP 	New trial (rep=0, index=6): <Trial 6 (6 in rep 0) data={'image_name': 'Astronaut 2', 'condition': 'new', 'thisN': 6, 'thisTrialN': 6, 'thisRepN': 0}>
49.8734 	WARNING 	Requested image 'phase2_images/Astronaut 2' not found but similar filename 'phase2_images/Astronaut 2.jpg' exists. This will be used instead but changing the filename is advised.
49.8841 	EXP 	remember_box: fillColor = <class 'numpy.ndarray'>
49.8841 	EXP 	familiar_box: fillColor = <class 'numpy.ndarray'>
49.8841 	EXP 	forgotten_box: fillColor = <class 'numpy.ndarray'>
49.8841 	EXP 	stim_image: image = 'phase2_images/Astronaut 2'
49.8841 	EXP 	fixation: autoDraw = True
50.8730 	EXP 	stim_image: autoDraw = True
50.8825 	EXP 	fixation: autoDraw = False
53.8756 	EXP 	stim_image: autoDraw = False
53.8756 	EXP 	text: autoDraw = True
53.8756 	EXP 	remember_box: autoDraw = True
53.8756 	EXP 	familiar_box: autoDraw = True
53.8756 	EXP 	forgotten_box: autoDraw = True
53.8756 	EXP 	remember_text: autoDraw = True
53.8756 	EXP 	familiar_text: autoDraw = True
53.8756 	EXP 	forgotten_text: autoDraw = True
54.9566 	DATA 	Mouse: Left button down, pos=(1035,182)
54.9706 	EXP 	fixation: autoDraw = False
54.9706 	EXP 	stim_image: autoDraw = False
54.9706 	EXP 	text: autoDraw = False
54.9706 	EXP 	remember_box: autoDraw = False
54.9706 	EXP 	familiar_box: autoDraw = False
54.9706 	EXP 	forgotten_box: autoDraw = False
54.9706 	EXP 	remember_text: autoDraw = False
54.9706 	EXP 	familiar_text: autoDraw = False
54.9706 	EXP 	forgotten_text: autoDraw = False
54.9706 	EXP 	forgotten_box: fillColor = 'blue'
55.1589 	DATA 	Mouse:  Left button up, pos=(1035,182)
55.2710 	EXP 	New trial (rep=0, index=7): <Trial 7 (7 in rep 0) data={'image_name': 'Child labor 2.jpg', 'condition': 'old', 'thisN': 7, 'thisTrialN': 7, 'thisRepN': 0}>
55.2818 	EXP 	remember_box: fillColor = <class 'numpy.ndarray'>
55.2818 	EXP 	familiar_box: fillColor = <class 'numpy.ndarray'>
55.2818 	EXP 	forgotten_box: fillColor = <class 'numpy.ndarray'>
55.2818 	EXP 	stim_image: image = 'phase2_images/Child labor 2.jpg'
55.2818 	EXP 	fixation: autoDraw = True
56.2657 	EXP 	stim_image: autoDraw = True
56.2720 	EXP 	fixation: autoDraw = False
59.2544 	EXP 	stim_image: autoDraw = False
59.2647 	EXP 	text: autoDraw = True
59.2647 	EXP 	remember_box: autoDraw = True
59.2647 	EXP 	familiar_box: autoDraw = True
59.2647 	EXP 	forgotten_box: autoDraw = True
59.2647 	EXP 	remember_text: autoDraw = True
59.2647 	EXP 	familiar_text: autoDraw = True
59.2647 	EXP 	forgotten_text: autoDraw = True
59.9329 	DATA 	Mouse: Left button down, pos=(800,178)
59.9387 	EXP 	fixation: autoDraw = False
59.9387 	EXP 	stim_image: autoDraw = False
59.9387 	EXP 	text: autoDraw = False
59.9387 	EXP 	remember_box: autoDraw = False
59.9387 	EXP 	familiar_box: autoDraw = False
59.9387 	EXP 	forgotten_box: autoDraw = False
59.9387 	EXP 	remember_text: autoDraw = False
59.9387 	EXP 	familiar_text: autoDraw = False
59.9387 	EXP 	forgotten_text: autoDraw = False
59.9387 	EXP 	familiar_box: fillColor = 'blue'
60.1475 	DATA 	Mouse:  Left button up, pos=(800,178)
60.2391 	EXP 	New trial (rep=0, index=8): <Trial 8 (8 in rep 0) data={'image_name': 'War 6.jpg', 'condition': 'old', 'thisN': 8, 'thisTrialN': 8, 'thisRepN': 0}>
60.2486 	EXP 	remember_box: fillColor = <class 'numpy.ndarray'>
60.2486 	EXP 	familiar_box: fillColor = <class 'numpy.ndarray'>
60.2486 	EXP 	forgotten_box: fillColor = <class 'numpy.ndarray'>
60.2486 	EXP 	stim_image: image = 'phase2_images/War 6.jpg'
60.2486 	EXP 	fixation: autoDraw = True
61.2321 	EXP 	stim_image: autoDraw = True
61.2388 	EXP 	fixation: autoDraw = False
64.2207 	EXP 	stim_image: autoDraw = False
64.2415 	EXP 	text: autoDraw = True
64.2415 	EXP 	remember_box: autoDraw = True
64.2415 	EXP 	familiar_box: autoDraw = True
64.2415 	EXP 	forgotten_box: autoDraw = True
64.2415 	EXP 	remember_text: autoDraw = True
64.2415 	EXP 	familiar_text: autoDraw = True
64.2415 	EXP 	forgotten_text: autoDraw = True
65.0667 	DATA 	Mouse: Left button down, pos=(444,193)
65.0727 	EXP 	fixation: autoDraw = False
65.0727 	EXP 	stim_image: autoDraw = False
65.0727 	EXP 	text: autoDraw = False
65.0727 	EXP 	remember_box: autoDraw = False
65.0727 	EXP 	familiar_box: autoDraw = False
65.0727 	EXP 	forgotten_box: autoDraw = False
65.0727 	EXP 	remember_text: autoDraw = False
65.0727 	EXP 	familiar_text: autoDraw = False
65.0727 	EXP 	forgotten_text: autoDraw = False
65.0727 	EXP 	remember_box: fillColor = 'blue'
65.2672 	DATA 	Mouse:  Left button up, pos=(444,193)
65.3734 	EXP 	New trial (rep=0, index=9): <Trial 9 (9 in rep 0) data={'image_name': 'Car crash 2.jpg', 'condition': 'old', 'thisN': 9, 'thisTrialN': 9, 'thisRepN': 0}>
65.3859 	EXP 	remember_box: fillColor = <class 'numpy.ndarray'>
65.3859 	EXP 	familiar_box: fillColor = <class 'numpy.ndarray'>
65.3859 	EXP 	forgotten_box: fillColor = <class 'numpy.ndarray'>
65.3859 	EXP 	stim_image: image = 'phase2_images/Car crash 2.jpg'
65.3859 	EXP 	fixation: autoDraw = True
66.3730 	EXP 	stim_image: autoDraw = True
66.3808 	EXP 	fixation: autoDraw = False
69.3749 	EXP 	stim_image: autoDraw = False
69.3749 	EXP 	text: autoDraw = True
69.3749 	EXP 	remember_box: autoDraw = True
69.3749 	EXP 	familiar_box: autoDraw = True
69.3749 	EXP 	forgotten_box: autoDraw = True
69.3749 	EXP 	remember_text: autoDraw = True
69.3749 	EXP 	familiar_text: autoDraw = True
69.3749 	EXP 	forgotten_text: autoDraw = True
69.7166 	DATA 	Mouse: Left button down, pos=(370,167)
69.7227 	EXP 	fixation: autoDraw = False
69.7227 	EXP 	stim_image: autoDraw = False
69.7227 	EXP 	text: autoDraw = False
69.7227 	EXP 	remember_box: autoDraw = False
69.7227 	EXP 	familiar_box: autoDraw = False
69.7227 	EXP 	forgotten_box: autoDraw = False
69.7227 	EXP 	remember_text: autoDraw = False
69.7227 	EXP 	familiar_text: autoDraw = False
69.7227 	EXP 	forgotten_text: autoDraw = False
69.7227 	EXP 	remember_box: fillColor = 'blue'
69.9386 	DATA 	Mouse:  Left button up, pos=(370,167)
70.0231 	EXP 	New trial (rep=0, index=10): <Trial 10 (10 in rep 0) data={'image_name': 'Pigeon 6.jpg', 'condition': 'old', 'thisN': 10, 'thisTrialN': 10, 'thisRepN': 0}>
70.0358 	EXP 	remember_box: fillColor = <class 'numpy.ndarray'>
70.0358 	EXP 	familiar_box: fillColor = <class 'numpy.ndarray'>
70.0358 	EXP 	forgotten_box: fillColor = <class 'numpy.ndarray'>
70.0358 	EXP 	stim_image: image = 'phase2_images/Pigeon 6.jpg'
70.0358 	EXP 	fixation: autoDraw = True
71.0154 	EXP 	stim_image: autoDraw = True
71.0320 	EXP 	fixation: autoDraw = False
74.0047 	EXP 	stim_image: autoDraw = False
74.0264 	EXP 	text: autoDraw = True
74.0264 	EXP 	remember_box: autoDraw = True
74.0264 	EXP 	familiar_box: autoDraw = True
74.0264 	EXP 	forgotten_box: autoDraw = True
74.0264 	EXP 	remember_text: autoDraw = True
74.0264 	EXP 	familiar_text: autoDraw = True
74.0264 	EXP 	forgotten_text: autoDraw = True
74.9327 	DATA 	Mouse: Left button down, pos=(641,188)
74.9385 	EXP 	fixation: autoDraw = False
74.9385 	EXP 	stim_image: autoDraw = False
74.9385 	EXP 	text: autoDraw = False
74.9385 	EXP 	remember_box: autoDraw = False
74.9385 	EXP 	familiar_box: autoDraw = False
74.9385 	EXP 	forgotten_box: autoDraw = False
74.9385 	EXP 	remember_text: autoDraw = False
74.9385 	EXP 	familiar_text: autoDraw = False
74.9385 	EXP 	forgotten_text: autoDraw = False
74.9385 	EXP 	familiar_box: fillColor = 'blue'
75.1149 	DATA 	Mouse:  Left button up, pos=(641,188)
75.2389 	EXP 	New trial (rep=0, index=11): <Trial 11 (11 in rep 0) data={'image_name': 'Skyscraper 1.jpg', 'condition': 'old', 'thisN': 11, 'thisTrialN': 11, 'thisRepN': 0}>
75.2509 	EXP 	remember_box: fillColor = <class 'numpy.ndarray'>
75.2509 	EXP 	familiar_box: fillColor = <class 'numpy.ndarray'>
75.2509 	EXP 	forgotten_box: fillColor = <class 'numpy.ndarray'>
75.2509 	EXP 	stim_image: image = 'phase2_images/Skyscraper 1.jpg'
75.2509 	EXP 	fixation: autoDraw = True
76.2322 	EXP 	stim_image: autoDraw = True
76.2489 	EXP 	fixation: autoDraw = False
79.2215 	EXP 	stim_image: autoDraw = False
79.2313 	EXP 	text: autoDraw = True
79.2313 	EXP 	remember_box: autoDraw = True
79.2313 	EXP 	familiar_box: autoDraw = True
79.2313 	EXP 	forgotten_box: autoDraw = True
79.2313 	EXP 	remember_text: autoDraw = True
79.2313 	EXP 	familiar_text: autoDraw = True
79.2313 	EXP 	forgotten_text: autoDraw = True
79.5861 	DATA 	Mouse: Left button down, pos=(700,205)
79.5971 	EXP 	fixation: autoDraw = False
79.5971 	EXP 	stim_image: autoDraw = False
79.5971 	EXP 	text: autoDraw = False
79.5971 	EXP 	remember_box: autoDraw = False
79.5971 	EXP 	familiar_box: autoDraw = False
79.5971 	EXP 	forgotten_box: autoDraw = False
79.5971 	EXP 	remember_text: autoDraw = False
79.5971 	EXP 	familiar_text: autoDraw = False
79.5971 	EXP 	forgotten_text: autoDraw = False
79.5971 	EXP 	familiar_box: fillColor = 'blue'
79.8110 	DATA 	Mouse:  Left button up, pos=(700,205)
79.8975 	EXP 	New trial (rep=0, index=12): <Trial 12 (12 in rep 0) data={'image_name': 'Snake 4.jpg', 'condition': 'new', 'thisN': 12, 'thisTrialN': 12, 'thisRepN': 0}>
79.9099 	EXP 	remember_box: fillColor = <class 'numpy.ndarray'>
79.9099 	EXP 	familiar_box: fillColor = <class 'numpy.ndarray'>
79.9099 	EXP 	forgotten_box: fillColor = <class 'numpy.ndarray'>
79.9099 	EXP 	stim_image: image = 'phase2_images/Snake 4.jpg'
79.9099 	EXP 	fixation: autoDraw = True
80.8885 	EXP 	stim_image: autoDraw = True
80.9049 	EXP 	fixation: autoDraw = False
83.8821 	EXP 	stim_image: autoDraw = False
83.8926 	EXP 	text: autoDraw = True
83.8926 	EXP 	remember_box: autoDraw = True
83.8926 	EXP 	familiar_box: autoDraw = True
83.8926 	EXP 	forgotten_box: autoDraw = True
83.8926 	EXP 	remember_text: autoDraw = True
83.8926 	EXP 	familiar_text: autoDraw = True
83.8926 	EXP 	forgotten_text: autoDraw = True
84.7662 	DATA 	Mouse: Left button down, pos=(1055,193)
84.7717 	EXP 	fixation: autoDraw = False
84.7717 	EXP 	stim_image: autoDraw = False
84.7717 	EXP 	text: autoDraw = False
84.7717 	EXP 	remember_box: autoDraw = False
84.7717 	EXP 	familiar_box: autoDraw = False
84.7717 	EXP 	forgotten_box: autoDraw = False
84.7717 	EXP 	remember_text: autoDraw = False
84.7717 	EXP 	familiar_text: autoDraw = False
84.7717 	EXP 	forgotten_text: autoDraw = False
84.7717 	EXP 	forgotten_box: fillColor = 'blue'
84.9382 	DATA 	Mouse:  Left button up, pos=(1055,193)
85.0721 	EXP 	New trial (rep=0, index=13): <Trial 13 (13 in rep 0) data={'image_name': 'Cockroach 1.jpg', 'condition': 'old', 'thisN': 13, 'thisTrialN': 13, 'thisRepN': 0}>
85.0822 	EXP 	remember_box: fillColor = <class 'numpy.ndarray'>
85.0822 	EXP 	familiar_box: fillColor = <class 'numpy.ndarray'>
85.0822 	EXP 	forgotten_box: fillColor = <class 'numpy.ndarray'>
85.0822 	EXP 	stim_image: image = 'phase2_images/Cockroach 1.jpg'
85.0822 	EXP 	fixation: autoDraw = True
86.0657 	EXP 	stim_image: autoDraw = True
86.0729 	EXP 	fixation: autoDraw = False
89.0528 	EXP 	stim_image: autoDraw = False
89.0751 	EXP 	text: autoDraw = True
89.0751 	EXP 	remember_box: autoDraw = True
89.0751 	EXP 	familiar_box: autoDraw = True
89.0751 	EXP 	forgotten_box: autoDraw = True
89.0751 	EXP 	remember_text: autoDraw = True
89.0751 	EXP 	familiar_text: autoDraw = True
89.0751 	EXP 	forgotten_text: autoDraw = True
89.5713 	DATA 	Mouse: Left button down, pos=(386,165)
89.5818 	EXP 	fixation: autoDraw = False
89.5818 	EXP 	stim_image: autoDraw = False
89.5818 	EXP 	text: autoDraw = False
89.5818 	EXP 	remember_box: autoDraw = False
89.5818 	EXP 	familiar_box: autoDraw = False
89.5818 	EXP 	forgotten_box: autoDraw = False
89.5818 	EXP 	remember_text: autoDraw = False
89.5818 	EXP 	familiar_text: autoDraw = False
89.5818 	EXP 	forgotten_text: autoDraw = False
89.5818 	EXP 	remember_box: fillColor = 'blue'
89.7721 	DATA 	Mouse:  Left button up, pos=(386,165)
89.8822 	EXP 	New trial (rep=0, index=14): <Trial 14 (14 in rep 0) data={'image_name': 'Cold 6', 'condition': 'new', 'thisN': 14, 'thisTrialN': 14, 'thisRepN': 0}>
89.8834 	WARNING 	Requested image 'phase2_images/Cold 6' not found but similar filename 'phase2_images/Cold 6.jpg' exists. This will be used instead but changing the filename is advised.
89.8929 	EXP 	remember_box: fillColor = <class 'numpy.ndarray'>
89.8929 	EXP 	familiar_box: fillColor = <class 'numpy.ndarray'>
89.8929 	EXP 	forgotten_box: fillColor = <class 'numpy.ndarray'>
89.8929 	EXP 	stim_image: image = 'phase2_images/Cold 6'
89.8929 	EXP 	fixation: autoDraw = True
90.8720 	EXP 	stim_image: autoDraw = True
90.8885 	EXP 	fixation: autoDraw = False
93.8652 	EXP 	stim_image: autoDraw = False
93.8750 	EXP 	text: autoDraw = True
93.8750 	EXP 	remember_box: autoDraw = True
93.8750 	EXP 	familiar_box: autoDraw = True
93.8750 	EXP 	forgotten_box: autoDraw = True
93.8750 	EXP 	remember_text: autoDraw = True
93.8750 	EXP 	familiar_text: autoDraw = True
93.8750 	EXP 	forgotten_text: autoDraw = True
95.3892 	DATA 	Mouse: Left button down, pos=(778,184)
95.3976 	EXP 	fixation: autoDraw = False
95.3976 	EXP 	stim_image: autoDraw = False
95.3976 	EXP 	text: autoDraw = False
95.3976 	EXP 	remember_box: autoDraw = False
95.3976 	EXP 	familiar_box: autoDraw = False
95.3976 	EXP 	forgotten_box: autoDraw = False
95.3976 	EXP 	remember_text: autoDraw = False
95.3976 	EXP 	familiar_text: autoDraw = False
95.3976 	EXP 	forgotten_text: autoDraw = False
95.3976 	EXP 	familiar_box: fillColor = 'blue'
95.5911 	DATA 	Mouse:  Left button up, pos=(778,184)
95.6981 	EXP 	New trial (rep=0, index=15): <Trial 15 (15 in rep 0) data={'image_name': 'Band 1.jpg', 'condition': 'old', 'thisN': 15, 'thisTrialN': 15, 'thisRepN': 0}>
95.7102 	EXP 	remember_box: fillColor = <class 'numpy.ndarray'>
95.7102 	EXP 	familiar_box: fillColor = <class 'numpy.ndarray'>
95.7102 	EXP 	forgotten_box: fillColor = <class 'numpy.ndarray'>
95.7102 	EXP 	stim_image: image = 'phase2_images/Band 1.jpg'
95.7102 	EXP 	fixation: autoDraw = True
96.6891 	EXP 	stim_image: autoDraw = True
96.7036 	EXP 	fixation: autoDraw = False
99.6922 	EXP 	stim_image: autoDraw = False
99.6922 	EXP 	text: autoDraw = True
99.6922 	EXP 	remember_box: autoDraw = True
99.6922 	EXP 	familiar_box: autoDraw = True
99.6922 	EXP 	forgotten_box: autoDraw = True
99.6922 	EXP 	remember_text: autoDraw = True
99.6922 	EXP 	familiar_text: autoDraw = True
99.6922 	EXP 	forgotten_text: autoDraw = True
100.1542 	DATA 	Mouse: Left button down, pos=(731,185)
100.1704 	EXP 	fixation: autoDraw = False
100.1704 	EXP 	stim_image: autoDraw = False
100.1704 	EXP 	text: autoDraw = False
100.1704 	EXP 	remember_box: autoDraw = False
100.1704 	EXP 	familiar_box: autoDraw = False
100.1704 	EXP 	forgotten_box: autoDraw = False
100.1704 	EXP 	remember_text: autoDraw = False
100.1704 	EXP 	familiar_text: autoDraw = False
100.1704 	EXP 	forgotten_text: autoDraw = False
100.1704 	EXP 	familiar_box: fillColor = 'blue'
100.3391 	DATA 	Mouse:  Left button up, pos=(731,185)
100.4709 	EXP 	New trial (rep=0, index=16): <Trial 16 (16 in rep 0) data={'image_name': 'Dog 31.jpg', 'condition': 'new', 'thisN': 16, 'thisTrialN': 16, 'thisRepN': 0}>
100.4818 	EXP 	remember_box: fillColor = <class 'numpy.ndarray'>
100.4818 	EXP 	familiar_box: fillColor = <class 'numpy.ndarray'>
100.4818 	EXP 	forgotten_box: fillColor = <class 'numpy.ndarray'>
100.4818 	EXP 	stim_image: image = 'phase2_images/Dog 31.jpg'
100.4818 	EXP 	fixation: autoDraw = True
101.4653 	EXP 	stim_image: autoDraw = True
101.4718 	EXP 	fixation: autoDraw = False
104.4537 	EXP 	stim_image: autoDraw = False
104.4643 	EXP 	text: autoDraw = True
104.4643 	EXP 	remember_box: autoDraw = True
104.4643 	EXP 	familiar_box: autoDraw = True
104.4643 	EXP 	forgotten_box: autoDraw = True
104.4643 	EXP 	remember_text: autoDraw = True
104.4643 	EXP 	familiar_text: autoDraw = True
104.4643 	EXP 	forgotten_text: autoDraw = True
105.8160 	DATA 	Mouse: Left button down, pos=(1003,197)
105.8220 	EXP 	fixation: autoDraw = False
105.8220 	EXP 	stim_image: autoDraw = False
105.8220 	EXP 	text: autoDraw = False
105.8220 	EXP 	remember_box: autoDraw = False
105.8220 	EXP 	familiar_box: autoDraw = False
105.8220 	EXP 	forgotten_box: autoDraw = False
105.8220 	EXP 	remember_text: autoDraw = False
105.8220 	EXP 	familiar_text: autoDraw = False
105.8220 	EXP 	forgotten_text: autoDraw = False
105.8220 	EXP 	forgotten_box: fillColor = 'blue'
106.0277 	DATA 	Mouse:  Left button up, pos=(1003,197)
106.1224 	EXP 	New trial (rep=0, index=17): <Trial 17 (17 in rep 0) data={'image_name': 'Ambulance 1.jpg', 'condition': 'old', 'thisN': 17, 'thisTrialN': 17, 'thisRepN': 0}>
106.1337 	EXP 	remember_box: fillColor = <class 'numpy.ndarray'>
106.1337 	EXP 	familiar_box: fillColor = <class 'numpy.ndarray'>
106.1337 	EXP 	forgotten_box: fillColor = <class 'numpy.ndarray'>
106.1337 	EXP 	stim_image: image = 'phase2_images/Ambulance 1.jpg'
106.1337 	EXP 	fixation: autoDraw = True
107.1225 	EXP 	stim_image: autoDraw = True
107.1317 	EXP 	fixation: autoDraw = False
110.1241 	EXP 	stim_image: autoDraw = False
110.1241 	EXP 	text: autoDraw = True
110.1241 	EXP 	remember_box: autoDraw = True
110.1241 	EXP 	familiar_box: autoDraw = True
110.1241 	EXP 	forgotten_box: autoDraw = True
110.1241 	EXP 	remember_text: autoDraw = True
110.1241 	EXP 	familiar_text: autoDraw = True
110.1241 	EXP 	forgotten_text: autoDraw = True
112.1659 	DATA 	Mouse: Left button down, pos=(390,179)
112.1719 	EXP 	fixation: autoDraw = False
112.1719 	EXP 	stim_image: autoDraw = False
112.1719 	EXP 	text: autoDraw = False
112.1719 	EXP 	remember_box: autoDraw = False
112.1719 	EXP 	familiar_box: autoDraw = False
112.1719 	EXP 	forgotten_box: autoDraw = False
112.1719 	EXP 	remember_text: autoDraw = False
112.1719 	EXP 	familiar_text: autoDraw = False
112.1719 	EXP 	forgotten_text: autoDraw = False
112.1719 	EXP 	remember_box: fillColor = 'blue'
112.3560 	DATA 	Mouse:  Left button up, pos=(390,179)
112.4722 	EXP 	New trial (rep=0, index=18): <Trial 18 (18 in rep 0) data={'image_name': 'Explosion 5.jpg', 'condition': 'new', 'thisN': 18, 'thisTrialN': 18, 'thisRepN': 0}>
112.4828 	EXP 	remember_box: fillColor = <class 'numpy.ndarray'>
112.4828 	EXP 	familiar_box: fillColor = <class 'numpy.ndarray'>
112.4828 	EXP 	forgotten_box: fillColor = <class 'numpy.ndarray'>
112.4828 	EXP 	stim_image: image = 'phase2_images/Explosion 5.jpg'
112.4828 	EXP 	fixation: autoDraw = True
113.4711 	EXP 	stim_image: autoDraw = True
113.4818 	EXP 	fixation: autoDraw = False
116.4637 	EXP 	stim_image: autoDraw = False
116.4637 	EXP 	text: autoDraw = True
116.4637 	EXP 	remember_box: autoDraw = True
116.4637 	EXP 	familiar_box: autoDraw = True
116.4637 	EXP 	forgotten_box: autoDraw = True
116.4637 	EXP 	remember_text: autoDraw = True
116.4637 	EXP 	familiar_text: autoDraw = True
116.4637 	EXP 	forgotten_text: autoDraw = True
117.0156 	DATA 	Mouse: Left button down, pos=(667,181)
117.0214 	EXP 	fixation: autoDraw = False
117.0214 	EXP 	stim_image: autoDraw = False
117.0214 	EXP 	text: autoDraw = False
117.0214 	EXP 	remember_box: autoDraw = False
117.0214 	EXP 	familiar_box: autoDraw = False
117.0214 	EXP 	forgotten_box: autoDraw = False
117.0214 	EXP 	remember_text: autoDraw = False
117.0214 	EXP 	familiar_text: autoDraw = False
117.0214 	EXP 	forgotten_text: autoDraw = False
117.0214 	EXP 	familiar_box: fillColor = 'blue'
117.2223 	DATA 	Mouse:  Left button up, pos=(667,181)
117.3218 	EXP 	New trial (rep=0, index=19): <Trial 19 (19 in rep 0) data={'image_name': 'Fire 9.jpg', 'condition': 'old', 'thisN': 19, 'thisTrialN': 19, 'thisRepN': 0}>
117.3329 	EXP 	remember_box: fillColor = <class 'numpy.ndarray'>
117.3329 	EXP 	familiar_box: fillColor = <class 'numpy.ndarray'>
117.3329 	EXP 	forgotten_box: fillColor = <class 'numpy.ndarray'>
117.3329 	EXP 	stim_image: image = 'phase2_images/Fire 9.jpg'
117.3329 	EXP 	fixation: autoDraw = True
118.3151 	EXP 	stim_image: autoDraw = True
118.3318 	EXP 	fixation: autoDraw = False
121.3030 	EXP 	stim_image: autoDraw = False
121.3259 	EXP 	text: autoDraw = True
121.3259 	EXP 	remember_box: autoDraw = True
121.3259 	EXP 	familiar_box: autoDraw = True
121.3259 	EXP 	forgotten_box: autoDraw = True
121.3259 	EXP 	remember_text: autoDraw = True
121.3259 	EXP 	familiar_text: autoDraw = True
121.3259 	EXP 	forgotten_text: autoDraw = True
121.8225 	DATA 	Mouse: Left button down, pos=(394,180)
121.8302 	EXP 	fixation: autoDraw = False
121.8302 	EXP 	stim_image: autoDraw = False
121.8302 	EXP 	text: autoDraw = False
121.8302 	EXP 	remember_box: autoDraw = False
121.8302 	EXP 	familiar_box: autoDraw = False
121.8302 	EXP 	forgotten_box: autoDraw = False
121.8302 	EXP 	remember_text: autoDraw = False
121.8302 	EXP 	familiar_text: autoDraw = False
121.8302 	EXP 	forgotten_text: autoDraw = False
121.8302 	EXP 	remember_box: fillColor = 'blue'
122.0240 	DATA 	Mouse:  Left button up, pos=(394,180)
122.1306 	EXP 	New trial (rep=0, index=20): <Trial 20 (20 in rep 0) data={'image_name': 'Performance 2.jpg', 'condition': 'old', 'thisN': 20, 'thisTrialN': 20, 'thisRepN': 0}>
122.1416 	EXP 	remember_box: fillColor = <class 'numpy.ndarray'>
122.1416 	EXP 	familiar_box: fillColor = <class 'numpy.ndarray'>
122.1416 	EXP 	forgotten_box: fillColor = <class 'numpy.ndarray'>
122.1416 	EXP 	stim_image: image = 'phase2_images/Performance 2.jpg'
122.1416 	EXP 	fixation: autoDraw = True
123.1223 	EXP 	stim_image: autoDraw = True
123.1374 	EXP 	fixation: autoDraw = False
126.1250 	EXP 	stim_image: autoDraw = False
126.1250 	EXP 	text: autoDraw = True
126.1250 	EXP 	remember_box: autoDraw = True
126.1250 	EXP 	familiar_box: autoDraw = True
126.1250 	EXP 	forgotten_box: autoDraw = True
126.1250 	EXP 	remember_text: autoDraw = True
126.1250 	EXP 	familiar_text: autoDraw = True
126.1250 	EXP 	forgotten_text: autoDraw = True
126.7325 	DATA 	Mouse: Left button down, pos=(637,182)
126.7387 	EXP 	fixation: autoDraw = False
126.7387 	EXP 	stim_image: autoDraw = False
126.7387 	EXP 	text: autoDraw = False
126.7387 	EXP 	remember_box: autoDraw = False
126.7387 	EXP 	familiar_box: autoDraw = False
126.7387 	EXP 	forgotten_box: autoDraw = False
126.7387 	EXP 	remember_text: autoDraw = False
126.7387 	EXP 	familiar_text: autoDraw = False
126.7387 	EXP 	forgotten_text: autoDraw = False
126.7387 	EXP 	familiar_box: fillColor = 'blue'
126.9313 	DATA 	Mouse:  Left button up, pos=(637,182)
127.0392 	EXP 	New trial (rep=0, index=21): <Trial 21 (21 in rep 0) data={'image_name': 'Toast 1', 'condition': 'new', 'thisN': 21, 'thisTrialN': 21, 'thisRepN': 0}>
127.0393 	WARNING 	Requested image 'phase2_images/Toast 1' not found but similar filename 'phase2_images/Toast 1.jpg' exists. This will be used instead but changing the filename is advised.
127.0491 	EXP 	remember_box: fillColor = <class 'numpy.ndarray'>
127.0491 	EXP 	familiar_box: fillColor = <class 'numpy.ndarray'>
127.0491 	EXP 	forgotten_box: fillColor = <class 'numpy.ndarray'>
127.0491 	EXP 	stim_image: image = 'phase2_images/Toast 1'
127.0491 	EXP 	fixation: autoDraw = True
128.0388 	EXP 	fixation: autoDraw = False
128.0388 	EXP 	stim_image: autoDraw = True
131.0483 	EXP 	stim_image: autoDraw = False
131.0483 	EXP 	text: autoDraw = True
131.0483 	EXP 	remember_box: autoDraw = True
131.0483 	EXP 	familiar_box: autoDraw = True
131.0483 	EXP 	forgotten_box: autoDraw = True
131.0483 	EXP 	remember_text: autoDraw = True
131.0483 	EXP 	familiar_text: autoDraw = True
131.0483 	EXP 	forgotten_text: autoDraw = True
131.7045 	DATA 	Mouse: Left button down, pos=(1051,159)
131.7147 	EXP 	fixation: autoDraw = False
131.7147 	EXP 	stim_image: autoDraw = False
131.7147 	EXP 	text: autoDraw = False
131.7147 	EXP 	remember_box: autoDraw = False
131.7147 	EXP 	familiar_box: autoDraw = False
131.7147 	EXP 	forgotten_box: autoDraw = False
131.7147 	EXP 	remember_text: autoDraw = False
131.7147 	EXP 	familiar_text: autoDraw = False
131.7147 	EXP 	forgotten_text: autoDraw = False
131.7147 	EXP 	forgotten_box: fillColor = 'blue'
131.8955 	DATA 	Mouse:  Left button up, pos=(1051,159)
132.0151 	EXP 	New trial (rep=0, index=22): <Trial 22 (22 in rep 0) data={'image_name': 'Prison 2.jpg', 'condition': 'new', 'thisN': 22, 'thisTrialN': 22, 'thisRepN': 0}>
132.0253 	EXP 	remember_box: fillColor = <class 'numpy.ndarray'>
132.0253 	EXP 	familiar_box: fillColor = <class 'numpy.ndarray'>
132.0253 	EXP 	forgotten_box: fillColor = <class 'numpy.ndarray'>
132.0253 	EXP 	stim_image: image = 'phase2_images/Prison 2.jpg'
132.0253 	EXP 	fixation: autoDraw = True
133.0054 	EXP 	stim_image: autoDraw = True
133.0202 	EXP 	fixation: autoDraw = False
136.0082 	EXP 	stim_image: autoDraw = False
136.0082 	EXP 	text: autoDraw = True
136.0082 	EXP 	remember_box: autoDraw = True
136.0082 	EXP 	familiar_box: autoDraw = True
136.0082 	EXP 	forgotten_box: autoDraw = True
136.0082 	EXP 	remember_text: autoDraw = True
136.0082 	EXP 	familiar_text: autoDraw = True
136.0082 	EXP 	forgotten_text: autoDraw = True
136.0500 	DATA 	Mouse: Left button down, pos=(1051,169)
136.0574 	EXP 	fixation: autoDraw = False
136.0574 	EXP 	stim_image: autoDraw = False
136.0574 	EXP 	text: autoDraw = False
136.0574 	EXP 	remember_box: autoDraw = False
136.0574 	EXP 	familiar_box: autoDraw = False
136.0574 	EXP 	forgotten_box: autoDraw = False
136.0574 	EXP 	remember_text: autoDraw = False
136.0574 	EXP 	familiar_text: autoDraw = False
136.0574 	EXP 	forgotten_text: autoDraw = False
136.0574 	EXP 	forgotten_box: fillColor = 'blue'
136.2824 	DATA 	Mouse:  Left button up, pos=(1051,169)
136.3578 	EXP 	New trial (rep=0, index=23): <Trial 23 (23 in rep 0) data={'image_name': 'Frustrated pose 2.jpg', 'condition': 'new', 'thisN': 23, 'thisTrialN': 23, 'thisRepN': 0}>
136.3678 	EXP 	remember_box: fillColor = <class 'numpy.ndarray'>
136.3678 	EXP 	familiar_box: fillColor = <class 'numpy.ndarray'>
136.3678 	EXP 	forgotten_box: fillColor = <class 'numpy.ndarray'>
136.3678 	EXP 	stim_image: image = 'phase2_images/Frustrated pose 2.jpg'
136.3678 	EXP 	fixation: autoDraw = True
137.3555 	EXP 	stim_image: autoDraw = True
137.3647 	EXP 	fixation: autoDraw = False
140.3484 	EXP 	stim_image: autoDraw = False
140.3579 	EXP 	text: autoDraw = True
140.3579 	EXP 	remember_box: autoDraw = True
140.3579 	EXP 	familiar_box: autoDraw = True
140.3579 	EXP 	forgotten_box: autoDraw = True
140.3579 	EXP 	remember_text: autoDraw = True
140.3579 	EXP 	familiar_text: autoDraw = True
140.3579 	EXP 	forgotten_text: autoDraw = True
140.9884 	DATA 	Mouse: Left button down, pos=(757,180)
140.9981 	EXP 	fixation: autoDraw = False
140.9981 	EXP 	stim_image: autoDraw = False
140.9981 	EXP 	text: autoDraw = False
140.9981 	EXP 	remember_box: autoDraw = False
140.9981 	EXP 	familiar_box: autoDraw = False
140.9981 	EXP 	forgotten_box: autoDraw = False
140.9981 	EXP 	remember_text: autoDraw = False
140.9981 	EXP 	familiar_text: autoDraw = False
140.9981 	EXP 	forgotten_text: autoDraw = False
140.9981 	EXP 	familiar_box: fillColor = 'blue'
141.2058 	DATA 	Mouse:  Left button up, pos=(757,180)
141.2987 	EXP 	New trial (rep=0, index=24): <Trial 24 (24 in rep 0) data={'image_name': 'Football player 1.jpg', 'condition': 'old', 'thisN': 24, 'thisTrialN': 24, 'thisRepN': 0}>
141.3091 	EXP 	remember_box: fillColor = <class 'numpy.ndarray'>
141.3091 	EXP 	familiar_box: fillColor = <class 'numpy.ndarray'>
141.3091 	EXP 	forgotten_box: fillColor = <class 'numpy.ndarray'>
141.3091 	EXP 	stim_image: image = 'phase2_images/Football player 1.jpg'
141.3091 	EXP 	fixation: autoDraw = True
142.2889 	EXP 	stim_image: autoDraw = True
142.3041 	EXP 	fixation: autoDraw = False
145.2909 	EXP 	stim_image: autoDraw = False
145.2909 	EXP 	text: autoDraw = True
145.2909 	EXP 	remember_box: autoDraw = True
145.2909 	EXP 	familiar_box: autoDraw = True
145.2909 	EXP 	forgotten_box: autoDraw = True
145.2909 	EXP 	remember_text: autoDraw = True
145.2909 	EXP 	familiar_text: autoDraw = True
145.2909 	EXP 	forgotten_text: autoDraw = True
146.8557 	DATA 	Mouse: Left button down, pos=(748,208)
146.8635 	EXP 	fixation: autoDraw = False
146.8635 	EXP 	stim_image: autoDraw = False
146.8635 	EXP 	text: autoDraw = False
146.8635 	EXP 	remember_box: autoDraw = False
146.8635 	EXP 	familiar_box: autoDraw = False
146.8635 	EXP 	forgotten_box: autoDraw = False
146.8635 	EXP 	remember_text: autoDraw = False
146.8635 	EXP 	familiar_text: autoDraw = False
146.8635 	EXP 	forgotten_text: autoDraw = False
146.8635 	EXP 	familiar_box: fillColor = 'blue'
147.0556 	DATA 	Mouse:  Left button up, pos=(748,208)
147.1640 	EXP 	New trial (rep=0, index=25): <Trial 25 (25 in rep 0) data={'image_name': 'Animal carcass 1.jpg', 'condition': 'old', 'thisN': 25, 'thisTrialN': 25, 'thisRepN': 0}>
147.1784 	EXP 	remember_box: fillColor = <class 'numpy.ndarray'>
147.1784 	EXP 	familiar_box: fillColor = <class 'numpy.ndarray'>
147.1784 	EXP 	forgotten_box: fillColor = <class 'numpy.ndarray'>
147.1784 	EXP 	stim_image: image = 'phase2_images/Animal carcass 1.jpg'
147.1784 	EXP 	fixation: autoDraw = True
148.1558 	EXP 	stim_image: autoDraw = True
148.1709 	EXP 	fixation: autoDraw = False
151.1571 	EXP 	stim_image: autoDraw = False
151.1571 	EXP 	text: autoDraw = True
151.1571 	EXP 	remember_box: autoDraw = True
151.1571 	EXP 	familiar_box: autoDraw = True
151.1571 	EXP 	forgotten_box: autoDraw = True
151.1571 	EXP 	remember_text: autoDraw = True
151.1571 	EXP 	familiar_text: autoDraw = True
151.1571 	EXP 	forgotten_text: autoDraw = True
152.5988 	DATA 	Mouse: Left button down, pos=(621,174)
152.6046 	EXP 	fixation: autoDraw = False
152.6046 	EXP 	stim_image: autoDraw = False
152.6046 	EXP 	text: autoDraw = False
152.6046 	EXP 	remember_box: autoDraw = False
152.6046 	EXP 	familiar_box: autoDraw = False
152.6046 	EXP 	forgotten_box: autoDraw = False
152.6046 	EXP 	remember_text: autoDraw = False
152.6046 	EXP 	familiar_text: autoDraw = False
152.6046 	EXP 	forgotten_text: autoDraw = False
152.6046 	EXP 	familiar_box: fillColor = 'blue'
152.8258 	DATA 	Mouse:  Left button up, pos=(621,174)
152.9050 	EXP 	New trial (rep=0, index=26): <Trial 26 (26 in rep 0) data={'image_name': 'Lion 1.jpg', 'condition': 'new', 'thisN': 26, 'thisTrialN': 26, 'thisRepN': 0}>
152.9165 	EXP 	remember_box: fillColor = <class 'numpy.ndarray'>
152.9165 	EXP 	familiar_box: fillColor = <class 'numpy.ndarray'>
152.9165 	EXP 	forgotten_box: fillColor = <class 'numpy.ndarray'>
152.9165 	EXP 	stim_image: image = 'phase2_images/Lion 1.jpg'
152.9165 	EXP 	fixation: autoDraw = True
153.8979 	EXP 	stim_image: autoDraw = True
153.9146 	EXP 	fixation: autoDraw = False
156.8874 	EXP 	stim_image: autoDraw = False
156.8967 	EXP 	text: autoDraw = True
156.8967 	EXP 	remember_box: autoDraw = True
156.8967 	EXP 	familiar_box: autoDraw = True
156.8967 	EXP 	forgotten_box: autoDraw = True
156.8967 	EXP 	remember_text: autoDraw = True
156.8967 	EXP 	familiar_text: autoDraw = True
156.8967 	EXP 	forgotten_text: autoDraw = True
157.5985 	DATA 	Mouse: Left button down, pos=(372,176)
157.6041 	EXP 	fixation: autoDraw = False
157.6041 	EXP 	stim_image: autoDraw = False
157.6041 	EXP 	text: autoDraw = False
157.6041 	EXP 	remember_box: autoDraw = False
157.6041 	EXP 	familiar_box: autoDraw = False
157.6041 	EXP 	forgotten_box: autoDraw = False
157.6041 	EXP 	remember_text: autoDraw = False
157.6041 	EXP 	familiar_text: autoDraw = False
157.6041 	EXP 	forgotten_text: autoDraw = False
157.6041 	EXP 	remember_box: fillColor = 'blue'
157.7903 	DATA 	Mouse:  Left button up, pos=(372,176)
157.9045 	EXP 	New trial (rep=0, index=27): <Trial 27 (27 in rep 0) data={'image_name': 'Cat 12.jpg', 'condition': 'old', 'thisN': 27, 'thisTrialN': 27, 'thisRepN': 0}>
157.9152 	EXP 	remember_box: fillColor = <class 'numpy.ndarray'>
157.9152 	EXP 	familiar_box: fillColor = <class 'numpy.ndarray'>
157.9152 	EXP 	forgotten_box: fillColor = <class 'numpy.ndarray'>
157.9152 	EXP 	stim_image: image = 'phase2_images/Cat 12.jpg'
157.9152 	EXP 	fixation: autoDraw = True
158.8981 	EXP 	stim_image: autoDraw = True
158.9045 	EXP 	fixation: autoDraw = False
161.8870 	EXP 	stim_image: autoDraw = False
161.8971 	EXP 	text: autoDraw = True
161.8971 	EXP 	remember_box: autoDraw = True
161.8971 	EXP 	familiar_box: autoDraw = True
161.8971 	EXP 	forgotten_box: autoDraw = True
161.8971 	EXP 	remember_text: autoDraw = True
161.8971 	EXP 	familiar_text: autoDraw = True
161.8971 	EXP 	forgotten_text: autoDraw = True
163.2321 	DATA 	Mouse: Left button down, pos=(1010,174)
163.2386 	EXP 	fixation: autoDraw = False
163.2386 	EXP 	stim_image: autoDraw = False
163.2386 	EXP 	text: autoDraw = False
163.2386 	EXP 	remember_box: autoDraw = False
163.2386 	EXP 	familiar_box: autoDraw = False
163.2386 	EXP 	forgotten_box: autoDraw = False
163.2386 	EXP 	remember_text: autoDraw = False
163.2386 	EXP 	familiar_text: autoDraw = False
163.2386 	EXP 	forgotten_text: autoDraw = False
163.2386 	EXP 	forgotten_box: fillColor = 'blue'
163.4144 	DATA 	Mouse:  Left button up, pos=(1010,174)
163.5391 	EXP 	New trial (rep=0, index=28): <Trial 28 (28 in rep 0) data={'image_name': 'Acorns 3.jpg', 'condition': 'old', 'thisN': 28, 'thisTrialN': 28, 'thisRepN': 0}>
163.5504 	EXP 	remember_box: fillColor = <class 'numpy.ndarray'>
163.5504 	EXP 	familiar_box: fillColor = <class 'numpy.ndarray'>
163.5504 	EXP 	forgotten_box: fillColor = <class 'numpy.ndarray'>
163.5504 	EXP 	stim_image: image = 'phase2_images/Acorns 3.jpg'
163.5504 	EXP 	fixation: autoDraw = True
164.5388 	EXP 	stim_image: autoDraw = True
164.5481 	EXP 	fixation: autoDraw = False
167.5410 	EXP 	stim_image: autoDraw = False
167.5410 	EXP 	text: autoDraw = True
167.5410 	EXP 	remember_box: autoDraw = True
167.5410 	EXP 	familiar_box: autoDraw = True
167.5410 	EXP 	forgotten_box: autoDraw = True
167.5410 	EXP 	remember_text: autoDraw = True
167.5410 	EXP 	familiar_text: autoDraw = True
167.5410 	EXP 	forgotten_text: autoDraw = True
168.0848 	DATA 	Mouse: Left button down, pos=(1010,174)
168.0972 	EXP 	fixation: autoDraw = False
168.0972 	EXP 	stim_image: autoDraw = False
168.0972 	EXP 	text: autoDraw = False
168.0972 	EXP 	remember_box: autoDraw = False
168.0972 	EXP 	familiar_box: autoDraw = False
168.0972 	EXP 	forgotten_box: autoDraw = False
168.0972 	EXP 	remember_text: autoDraw = False
168.0972 	EXP 	familiar_text: autoDraw = False
168.0972 	EXP 	forgotten_text: autoDraw = False
168.0972 	EXP 	forgotten_box: fillColor = 'blue'
168.2854 	DATA 	Mouse:  Left button up, pos=(1010,174)
168.3976 	EXP 	New trial (rep=0, index=29): <Trial 29 (29 in rep 0) data={'image_name': 'Sidewalk 2.jpg', 'condition': 'old', 'thisN': 29, 'thisTrialN': 29, 'thisRepN': 0}>
168.4082 	EXP 	remember_box: fillColor = <class 'numpy.ndarray'>
168.4082 	EXP 	familiar_box: fillColor = <class 'numpy.ndarray'>
168.4082 	EXP 	forgotten_box: fillColor = <class 'numpy.ndarray'>
168.4082 	EXP 	stim_image: image = 'phase2_images/Sidewalk 2.jpg'
168.4082 	EXP 	fixation: autoDraw = True
169.3887 	EXP 	stim_image: autoDraw = True
169.4039 	EXP 	fixation: autoDraw = False
172.3914 	EXP 	stim_image: autoDraw = False
172.3914 	EXP 	text: autoDraw = True
172.3914 	EXP 	remember_box: autoDraw = True
172.3914 	EXP 	familiar_box: autoDraw = True
172.3914 	EXP 	forgotten_box: autoDraw = True
172.3914 	EXP 	remember_text: autoDraw = True
172.3914 	EXP 	familiar_text: autoDraw = True
172.3914 	EXP 	forgotten_text: autoDraw = True
172.9155 	DATA 	Mouse: Left button down, pos=(360,188)
172.9211 	EXP 	fixation: autoDraw = False
172.9211 	EXP 	stim_image: autoDraw = False
172.9211 	EXP 	text: autoDraw = False
172.9211 	EXP 	remember_box: autoDraw = False
172.9211 	EXP 	familiar_box: autoDraw = False
172.9211 	EXP 	forgotten_box: autoDraw = False
172.9211 	EXP 	remember_text: autoDraw = False
172.9211 	EXP 	familiar_text: autoDraw = False
172.9211 	EXP 	forgotten_text: autoDraw = False
172.9211 	EXP 	remember_box: fillColor = 'blue'
173.1117 	DATA 	Mouse:  Left button up, pos=(360,188)
173.2215 	EXP 	New trial (rep=0, index=30): <Trial 30 (30 in rep 0) data={'image_name': 'War 8.jpg', 'condition': 'old', 'thisN': 30, 'thisTrialN': 30, 'thisRepN': 0}>
173.2322 	EXP 	remember_box: fillColor = <class 'numpy.ndarray'>
173.2322 	EXP 	familiar_box: fillColor = <class 'numpy.ndarray'>
173.2322 	EXP 	forgotten_box: fillColor = <class 'numpy.ndarray'>
173.2322 	EXP 	stim_image: image = 'phase2_images/War 8.jpg'
173.2322 	EXP 	fixation: autoDraw = True
174.2146 	EXP 	stim_image: autoDraw = True
174.2208 	EXP 	fixation: autoDraw = False
177.2033 	EXP 	stim_image: autoDraw = False
177.2242 	EXP 	text: autoDraw = True
177.2242 	EXP 	remember_box: autoDraw = True
177.2242 	EXP 	familiar_box: autoDraw = True
177.2242 	EXP 	forgotten_box: autoDraw = True
177.2242 	EXP 	remember_text: autoDraw = True
177.2242 	EXP 	familiar_text: autoDraw = True
177.2242 	EXP 	forgotten_text: autoDraw = True
177.5894 	DATA 	Mouse: Left button down, pos=(360,188)
177.6031 	EXP 	fixation: autoDraw = False
177.6031 	EXP 	stim_image: autoDraw = False
177.6031 	EXP 	text: autoDraw = False
177.6031 	EXP 	remember_box: autoDraw = False
177.6031 	EXP 	familiar_box: autoDraw = False
177.6031 	EXP 	forgotten_box: autoDraw = False
177.6031 	EXP 	remember_text: autoDraw = False
177.6031 	EXP 	familiar_text: autoDraw = False
177.6031 	EXP 	forgotten_text: autoDraw = False
177.6031 	EXP 	remember_box: fillColor = 'blue'
177.8084 	DATA 	Mouse:  Left button up, pos=(360,188)
177.9035 	EXP 	New trial (rep=0, index=31): <Trial 31 (31 in rep 0) data={'image_name': 'Thunderstorm 10.jpg', 'condition': 'new', 'thisN': 31, 'thisTrialN': 31, 'thisRepN': 0}>
177.9128 	EXP 	remember_box: fillColor = <class 'numpy.ndarray'>
177.9128 	EXP 	familiar_box: fillColor = <class 'numpy.ndarray'>
177.9128 	EXP 	forgotten_box: fillColor = <class 'numpy.ndarray'>
177.9128 	EXP 	stim_image: image = 'phase2_images/Thunderstorm 10.jpg'
177.9128 	EXP 	fixation: autoDraw = True
178.8977 	EXP 	stim_image: autoDraw = True
178.9035 	EXP 	fixation: autoDraw = False
181.8869 	EXP 	stim_image: autoDraw = False
181.8966 	EXP 	text: autoDraw = True
181.8966 	EXP 	remember_box: autoDraw = True
181.8966 	EXP 	familiar_box: autoDraw = True
181.8966 	EXP 	forgotten_box: autoDraw = True
181.8966 	EXP 	remember_text: autoDraw = True
181.8966 	EXP 	familiar_text: autoDraw = True
181.8966 	EXP 	forgotten_text: autoDraw = True
182.8320 	DATA 	Mouse: Left button down, pos=(1010,186)
182.8378 	EXP 	fixation: autoDraw = False
182.8378 	EXP 	stim_image: autoDraw = False
182.8378 	EXP 	text: autoDraw = False
182.8378 	EXP 	remember_box: autoDraw = False
182.8378 	EXP 	familiar_box: autoDraw = False
182.8378 	EXP 	forgotten_box: autoDraw = False
182.8378 	EXP 	remember_text: autoDraw = False
182.8378 	EXP 	familiar_text: autoDraw = False
182.8378 	EXP 	forgotten_text: autoDraw = False
182.8378 	EXP 	forgotten_box: fillColor = 'blue'
183.0421 	DATA 	Mouse:  Left button up, pos=(1010,186)
183.1382 	EXP 	New trial (rep=0, index=32): <Trial 32 (32 in rep 0) data={'image_name': 'Statue 2.jpg', 'condition': 'new', 'thisN': 32, 'thisTrialN': 32, 'thisRepN': 0}>
183.1488 	EXP 	remember_box: fillColor = <class 'numpy.ndarray'>
183.1488 	EXP 	familiar_box: fillColor = <class 'numpy.ndarray'>
183.1488 	EXP 	forgotten_box: fillColor = <class 'numpy.ndarray'>
183.1488 	EXP 	stim_image: image = 'phase2_images/Statue 2.jpg'
183.1488 	EXP 	fixation: autoDraw = True
184.1389 	EXP 	fixation: autoDraw = False
184.1389 	EXP 	stim_image: autoDraw = True
187.1411 	EXP 	stim_image: autoDraw = False
187.1411 	EXP 	text: autoDraw = True
187.1411 	EXP 	remember_box: autoDraw = True
187.1411 	EXP 	familiar_box: autoDraw = True
187.1411 	EXP 	forgotten_box: autoDraw = True
187.1411 	EXP 	remember_text: autoDraw = True
187.1411 	EXP 	familiar_text: autoDraw = True
187.1411 	EXP 	forgotten_text: autoDraw = True
187.5555 	DATA 	Mouse: Left button down, pos=(1010,186)
187.5629 	EXP 	fixation: autoDraw = False
187.5629 	EXP 	stim_image: autoDraw = False
187.5629 	EXP 	text: autoDraw = False
187.5629 	EXP 	remember_box: autoDraw = False
187.5629 	EXP 	familiar_box: autoDraw = False
187.5629 	EXP 	forgotten_box: autoDraw = False
187.5629 	EXP 	remember_text: autoDraw = False
187.5629 	EXP 	familiar_text: autoDraw = False
187.5629 	EXP 	forgotten_text: autoDraw = False
187.5629 	EXP 	forgotten_box: fillColor = 'blue'
187.7472 	DATA 	Mouse:  Left button up, pos=(1010,186)
187.8632 	EXP 	New trial (rep=0, index=33): <Trial 33 (33 in rep 0) data={'image_name': 'Shark 8.jpg', 'condition': 'old', 'thisN': 33, 'thisTrialN': 33, 'thisRepN': 0}>
187.8748 	EXP 	remember_box: fillColor = <class 'numpy.ndarray'>
187.8748 	EXP 	familiar_box: fillColor = <class 'numpy.ndarray'>
187.8748 	EXP 	forgotten_box: fillColor = <class 'numpy.ndarray'>
187.8748 	EXP 	stim_image: image = 'phase2_images/Shark 8.jpg'
187.8748 	EXP 	fixation: autoDraw = True
188.8550 	EXP 	stim_image: autoDraw = True
188.8700 	EXP 	fixation: autoDraw = False
191.8573 	EXP 	stim_image: autoDraw = False
191.8573 	EXP 	text: autoDraw = True
191.8573 	EXP 	remember_box: autoDraw = True
191.8573 	EXP 	familiar_box: autoDraw = True
191.8573 	EXP 	forgotten_box: autoDraw = True
191.8573 	EXP 	remember_text: autoDraw = True
191.8573 	EXP 	familiar_text: autoDraw = True
191.8573 	EXP 	forgotten_text: autoDraw = True
192.3156 	DATA 	Mouse: Left button down, pos=(427,184)
192.3308 	EXP 	fixation: autoDraw = False
192.3308 	EXP 	stim_image: autoDraw = False
192.3308 	EXP 	text: autoDraw = False
192.3308 	EXP 	remember_box: autoDraw = False
192.3308 	EXP 	familiar_box: autoDraw = False
192.3308 	EXP 	forgotten_box: autoDraw = False
192.3308 	EXP 	remember_text: autoDraw = False
192.3308 	EXP 	familiar_text: autoDraw = False
192.3308 	EXP 	forgotten_text: autoDraw = False
192.3308 	EXP 	remember_box: fillColor = 'blue'
192.5255 	DATA 	Mouse:  Left button up, pos=(427,184)
192.6311 	EXP 	New trial (rep=0, index=34): <Trial 34 (34 in rep 0) data={'image_name': 'Plane crash 1.jpg', 'condition': 'old', 'thisN': 34, 'thisTrialN': 34, 'thisRepN': 0}>
192.6414 	EXP 	remember_box: fillColor = <class 'numpy.ndarray'>
192.6414 	EXP 	familiar_box: fillColor = <class 'numpy.ndarray'>
192.6414 	EXP 	forgotten_box: fillColor = <class 'numpy.ndarray'>
192.6414 	EXP 	stim_image: image = 'phase2_images/Plane crash 1.jpg'
192.6414 	EXP 	fixation: autoDraw = True
193.6209 	EXP 	stim_image: autoDraw = True
193.6370 	EXP 	fixation: autoDraw = False
196.6143 	EXP 	stim_image: autoDraw = False
196.6242 	EXP 	text: autoDraw = True
196.6242 	EXP 	remember_box: autoDraw = True
196.6242 	EXP 	familiar_box: autoDraw = True
196.6242 	EXP 	forgotten_box: autoDraw = True
196.6242 	EXP 	remember_text: autoDraw = True
196.6242 	EXP 	familiar_text: autoDraw = True
196.6242 	EXP 	forgotten_text: autoDraw = True
197.4803 	DATA 	Mouse: Left button down, pos=(708,182)
197.4859 	EXP 	fixation: autoDraw = False
197.4859 	EXP 	stim_image: autoDraw = False
197.4859 	EXP 	text: autoDraw = False
197.4859 	EXP 	remember_box: autoDraw = False
197.4859 	EXP 	familiar_box: autoDraw = False
197.4859 	EXP 	forgotten_box: autoDraw = False
197.4859 	EXP 	remember_text: autoDraw = False
197.4859 	EXP 	familiar_text: autoDraw = False
197.4859 	EXP 	forgotten_text: autoDraw = False
197.4859 	EXP 	familiar_box: fillColor = 'blue'
197.6617 	DATA 	Mouse:  Left button up, pos=(708,182)
197.7864 	EXP 	New trial (rep=0, index=35): <Trial 35 (35 in rep 0) data={'image_name': 'Bubble 2.jpg', 'condition': 'old', 'thisN': 35, 'thisTrialN': 35, 'thisRepN': 0}>
197.7973 	EXP 	remember_box: fillColor = <class 'numpy.ndarray'>
197.7973 	EXP 	familiar_box: fillColor = <class 'numpy.ndarray'>
197.7973 	EXP 	forgotten_box: fillColor = <class 'numpy.ndarray'>
197.7973 	EXP 	stim_image: image = 'phase2_images/Bubble 2.jpg'
197.7973 	EXP 	fixation: autoDraw = True
198.7811 	EXP 	stim_image: autoDraw = True
198.7872 	EXP 	fixation: autoDraw = False
201.7700 	EXP 	stim_image: autoDraw = False
201.7801 	EXP 	text: autoDraw = True
201.7801 	EXP 	remember_box: autoDraw = True
201.7801 	EXP 	familiar_box: autoDraw = True
201.7801 	EXP 	forgotten_box: autoDraw = True
201.7801 	EXP 	remember_text: autoDraw = True
201.7801 	EXP 	familiar_text: autoDraw = True
201.7801 	EXP 	forgotten_text: autoDraw = True
202.5820 	DATA 	Mouse: Left button down, pos=(1091,176)
202.5878 	EXP 	fixation: autoDraw = False
202.5878 	EXP 	stim_image: autoDraw = False
202.5878 	EXP 	text: autoDraw = False
202.5878 	EXP 	remember_box: autoDraw = False
202.5878 	EXP 	familiar_box: autoDraw = False
202.5878 	EXP 	forgotten_box: autoDraw = False
202.5878 	EXP 	remember_text: autoDraw = False
202.5878 	EXP 	familiar_text: autoDraw = False
202.5878 	EXP 	forgotten_text: autoDraw = False
202.5878 	EXP 	forgotten_box: fillColor = 'blue'
202.7895 	DATA 	Mouse:  Left button up, pos=(1091,176)
202.8882 	EXP 	New trial (rep=0, index=36): <Trial 36 (36 in rep 0) data={'image_name': 'Bark 6.jpg', 'condition': 'old', 'thisN': 36, 'thisTrialN': 36, 'thisRepN': 0}>
202.8997 	EXP 	remember_box: fillColor = <class 'numpy.ndarray'>
202.8997 	EXP 	familiar_box: fillColor = <class 'numpy.ndarray'>
202.8997 	EXP 	forgotten_box: fillColor = <class 'numpy.ndarray'>
202.8997 	EXP 	stim_image: image = 'phase2_images/Bark 6.jpg'
202.8997 	EXP 	fixation: autoDraw = True
203.8875 	EXP 	stim_image: autoDraw = True
203.8976 	EXP 	fixation: autoDraw = False
206.8811 	EXP 	stim_image: autoDraw = False
206.8912 	EXP 	text: autoDraw = True
206.8912 	EXP 	remember_box: autoDraw = True
206.8912 	EXP 	familiar_box: autoDraw = True
206.8912 	EXP 	forgotten_box: autoDraw = True
206.8912 	EXP 	remember_text: autoDraw = True
206.8912 	EXP 	familiar_text: autoDraw = True
206.8912 	EXP 	forgotten_text: autoDraw = True
207.2875 	DATA 	Mouse: Left button down, pos=(722,197)
207.2975 	EXP 	fixation: autoDraw = False
207.2975 	EXP 	stim_image: autoDraw = False
207.2975 	EXP 	text: autoDraw = False
207.2975 	EXP 	remember_box: autoDraw = False
207.2975 	EXP 	familiar_box: autoDraw = False
207.2975 	EXP 	forgotten_box: autoDraw = False
207.2975 	EXP 	remember_text: autoDraw = False
207.2975 	EXP 	familiar_text: autoDraw = False
207.2975 	EXP 	forgotten_text: autoDraw = False
207.2975 	EXP 	familiar_box: fillColor = 'blue'
207.4943 	DATA 	Mouse:  Left button up, pos=(722,197)
207.5978 	EXP 	New trial (rep=0, index=37): <Trial 37 (37 in rep 0) data={'image_name': 'Street 3.jpg', 'condition': 'new', 'thisN': 37, 'thisTrialN': 37, 'thisRepN': 0}>
207.6090 	EXP 	remember_box: fillColor = <class 'numpy.ndarray'>
207.6090 	EXP 	familiar_box: fillColor = <class 'numpy.ndarray'>
207.6090 	EXP 	forgotten_box: fillColor = <class 'numpy.ndarray'>
207.6090 	EXP 	stim_image: image = 'phase2_images/Street 3.jpg'
207.6090 	EXP 	fixation: autoDraw = True
208.5883 	EXP 	stim_image: autoDraw = True
208.6031 	EXP 	fixation: autoDraw = False
211.5915 	EXP 	stim_image: autoDraw = False
211.5915 	EXP 	text: autoDraw = True
211.5915 	EXP 	remember_box: autoDraw = True
211.5915 	EXP 	familiar_box: autoDraw = True
211.5915 	EXP 	forgotten_box: autoDraw = True
211.5915 	EXP 	remember_text: autoDraw = True
211.5915 	EXP 	familiar_text: autoDraw = True
211.5915 	EXP 	forgotten_text: autoDraw = True
211.9648 	DATA 	Mouse: Left button down, pos=(385,195)
211.9710 	EXP 	fixation: autoDraw = False
211.9710 	EXP 	stim_image: autoDraw = False
211.9710 	EXP 	text: autoDraw = False
211.9710 	EXP 	remember_box: autoDraw = False
211.9710 	EXP 	familiar_box: autoDraw = False
211.9710 	EXP 	forgotten_box: autoDraw = False
211.9710 	EXP 	remember_text: autoDraw = False
211.9710 	EXP 	familiar_text: autoDraw = False
211.9710 	EXP 	forgotten_text: autoDraw = False
211.9710 	EXP 	remember_box: fillColor = 'blue'
212.1584 	DATA 	Mouse:  Left button up, pos=(385,195)
212.2714 	EXP 	New trial (rep=0, index=38): <Trial 38 (38 in rep 0) data={'image_name': 'Severed finger 1.jpg', 'condition': 'old', 'thisN': 38, 'thisTrialN': 38, 'thisRepN': 0}>
212.2815 	EXP 	remember_box: fillColor = <class 'numpy.ndarray'>
212.2815 	EXP 	familiar_box: fillColor = <class 'numpy.ndarray'>
212.2815 	EXP 	forgotten_box: fillColor = <class 'numpy.ndarray'>
212.2815 	EXP 	stim_image: image = 'phase2_images/Severed finger 1.jpg'
212.2815 	EXP 	fixation: autoDraw = True
213.2717 	EXP 	fixation: autoDraw = False
213.2717 	EXP 	stim_image: autoDraw = True
216.2634 	EXP 	text: autoDraw = True
216.2634 	EXP 	remember_box: autoDraw = True
216.2634 	EXP 	familiar_box: autoDraw = True
216.2634 	EXP 	forgotten_box: autoDraw = True
216.2634 	EXP 	remember_text: autoDraw = True
216.2634 	EXP 	familiar_text: autoDraw = True
216.2634 	EXP 	forgotten_text: autoDraw = True
216.2709 	EXP 	stim_image: autoDraw = False
218.9315 	DATA 	Mouse: Left button down, pos=(600,165)
218.9377 	EXP 	fixation: autoDraw = False
218.9377 	EXP 	stim_image: autoDraw = False
218.9377 	EXP 	text: autoDraw = False
218.9377 	EXP 	remember_box: autoDraw = False
218.9377 	EXP 	familiar_box: autoDraw = False
218.9377 	EXP 	forgotten_box: autoDraw = False
218.9377 	EXP 	remember_text: autoDraw = False
218.9377 	EXP 	familiar_text: autoDraw = False
218.9377 	EXP 	forgotten_text: autoDraw = False
218.9377 	EXP 	familiar_box: fillColor = 'blue'
219.1420 	DATA 	Mouse:  Left button up, pos=(600,165)
219.2380 	EXP 	New trial (rep=0, index=39): <Trial 39 (39 in rep 0) data={'image_name': 'Rocks 1.jpg', 'condition': 'new', 'thisN': 39, 'thisTrialN': 39, 'thisRepN': 0}>
219.2501 	EXP 	remember_box: fillColor = <class 'numpy.ndarray'>
219.2501 	EXP 	familiar_box: fillColor = <class 'numpy.ndarray'>
219.2501 	EXP 	forgotten_box: fillColor = <class 'numpy.ndarray'>
219.2501 	EXP 	stim_image: image = 'phase2_images/Rocks 1.jpg'
219.2501 	EXP 	fixation: autoDraw = True
220.2380 	EXP 	stim_image: autoDraw = True
220.2473 	EXP 	fixation: autoDraw = False
223.2293 	EXP 	stim_image: autoDraw = False
223.2293 	EXP 	text: autoDraw = True
223.2293 	EXP 	remember_box: autoDraw = True
223.2293 	EXP 	familiar_box: autoDraw = True
223.2293 	EXP 	forgotten_box: autoDraw = True
223.2293 	EXP 	remember_text: autoDraw = True
223.2293 	EXP 	familiar_text: autoDraw = True
223.2293 	EXP 	forgotten_text: autoDraw = True
223.6649 	DATA 	Mouse: Left button down, pos=(409,190)
223.6706 	EXP 	fixation: autoDraw = False
223.6706 	EXP 	stim_image: autoDraw = False
223.6706 	EXP 	text: autoDraw = False
223.6706 	EXP 	remember_box: autoDraw = False
223.6706 	EXP 	familiar_box: autoDraw = False
223.6706 	EXP 	forgotten_box: autoDraw = False
223.6706 	EXP 	remember_text: autoDraw = False
223.6706 	EXP 	familiar_text: autoDraw = False
223.6706 	EXP 	forgotten_text: autoDraw = False
223.6706 	EXP 	remember_box: fillColor = 'blue'
223.8623 	DATA 	Mouse:  Left button up, pos=(409,190)
223.9711 	EXP 	New trial (rep=0, index=40): <Trial 40 (40 in rep 0) data={'image_name': 'Jail 1.jpg', 'condition': 'new', 'thisN': 40, 'thisTrialN': 40, 'thisRepN': 0}>
223.9819 	EXP 	remember_box: fillColor = <class 'numpy.ndarray'>
223.9819 	EXP 	familiar_box: fillColor = <class 'numpy.ndarray'>
223.9819 	EXP 	forgotten_box: fillColor = <class 'numpy.ndarray'>
223.9819 	EXP 	stim_image: image = 'phase2_images/Jail 1.jpg'
223.9819 	EXP 	fixation: autoDraw = True
224.9713 	EXP 	stim_image: autoDraw = True
224.9807 	EXP 	fixation: autoDraw = False
227.9641 	EXP 	text: autoDraw = True
227.9641 	EXP 	remember_box: autoDraw = True
227.9641 	EXP 	familiar_box: autoDraw = True
227.9641 	EXP 	forgotten_box: autoDraw = True
227.9641 	EXP 	remember_text: autoDraw = True
227.9641 	EXP 	familiar_text: autoDraw = True
227.9641 	EXP 	forgotten_text: autoDraw = True
227.9716 	EXP 	stim_image: autoDraw = False
228.5154 	DATA 	Mouse: Left button down, pos=(1006,189)
228.5220 	EXP 	fixation: autoDraw = False
228.5220 	EXP 	stim_image: autoDraw = False
228.5220 	EXP 	text: autoDraw = False
228.5220 	EXP 	remember_box: autoDraw = False
228.5220 	EXP 	familiar_box: autoDraw = False
228.5220 	EXP 	forgotten_box: autoDraw = False
228.5220 	EXP 	remember_text: autoDraw = False
228.5220 	EXP 	familiar_text: autoDraw = False
228.5220 	EXP 	forgotten_text: autoDraw = False
228.5220 	EXP 	forgotten_box: fillColor = 'blue'
228.7372 	DATA 	Mouse:  Left button up, pos=(1006,189)
228.8224 	EXP 	New trial (rep=0, index=41): <Trial 41 (41 in rep 0) data={'image_name': 'Dog 24.jpg', 'condition': 'old', 'thisN': 41, 'thisTrialN': 41, 'thisRepN': 0}>
228.8340 	EXP 	remember_box: fillColor = <class 'numpy.ndarray'>
228.8340 	EXP 	familiar_box: fillColor = <class 'numpy.ndarray'>
228.8340 	EXP 	forgotten_box: fillColor = <class 'numpy.ndarray'>
228.8340 	EXP 	stim_image: image = 'phase2_images/Dog 24.jpg'
228.8340 	EXP 	fixation: autoDraw = True
229.8220 	EXP 	stim_image: autoDraw = True
229.8306 	EXP 	fixation: autoDraw = False
232.8240 	EXP 	stim_image: autoDraw = False
232.8240 	EXP 	text: autoDraw = True
232.8240 	EXP 	remember_box: autoDraw = True
232.8240 	EXP 	familiar_box: autoDraw = True
232.8240 	EXP 	forgotten_box: autoDraw = True
232.8240 	EXP 	remember_text: autoDraw = True
232.8240 	EXP 	familiar_text: autoDraw = True
232.8240 	EXP 	forgotten_text: autoDraw = True
233.2488 	DATA 	Mouse: Left button down, pos=(734,180)
233.2549 	EXP 	fixation: autoDraw = False
233.2549 	EXP 	stim_image: autoDraw = False
233.2549 	EXP 	text: autoDraw = False
233.2549 	EXP 	remember_box: autoDraw = False
233.2549 	EXP 	familiar_box: autoDraw = False
233.2549 	EXP 	forgotten_box: autoDraw = False
233.2549 	EXP 	remember_text: autoDraw = False
233.2549 	EXP 	familiar_text: autoDraw = False
233.2549 	EXP 	forgotten_text: autoDraw = False
233.2549 	EXP 	familiar_box: fillColor = 'blue'
233.4654 	DATA 	Mouse:  Left button up, pos=(734,180)
233.5553 	EXP 	New trial (rep=0, index=42): <Trial 42 (42 in rep 0) data={'image_name': 'Gun 5.jpg', 'condition': 'old', 'thisN': 42, 'thisTrialN': 42, 'thisRepN': 0}>
233.5660 	EXP 	remember_box: fillColor = <class 'numpy.ndarray'>
233.5660 	EXP 	familiar_box: fillColor = <class 'numpy.ndarray'>
233.5660 	EXP 	forgotten_box: fillColor = <class 'numpy.ndarray'>
233.5660 	EXP 	stim_image: image = 'phase2_images/Gun 5.jpg'
233.5660 	EXP 	fixation: autoDraw = True
234.5547 	EXP 	stim_image: autoDraw = True
234.5639 	EXP 	fixation: autoDraw = False
237.5574 	EXP 	stim_image: autoDraw = False
237.5574 	EXP 	text: autoDraw = True
237.5574 	EXP 	remember_box: autoDraw = True
237.5574 	EXP 	familiar_box: autoDraw = True
237.5574 	EXP 	forgotten_box: autoDraw = True
237.5574 	EXP 	remember_text: autoDraw = True
237.5574 	EXP 	familiar_text: autoDraw = True
237.5574 	EXP 	forgotten_text: autoDraw = True
238.3868 	DATA 	Mouse: Left button down, pos=(470,182)
238.3972 	EXP 	fixation: autoDraw = False
238.3972 	EXP 	stim_image: autoDraw = False
238.3972 	EXP 	text: autoDraw = False
238.3972 	EXP 	remember_box: autoDraw = False
238.3972 	EXP 	familiar_box: autoDraw = False
238.3972 	EXP 	forgotten_box: autoDraw = False
238.3972 	EXP 	remember_text: autoDraw = False
238.3972 	EXP 	familiar_text: autoDraw = False
238.3972 	EXP 	forgotten_text: autoDraw = False
238.3972 	EXP 	remember_box: fillColor = 'blue'
238.5795 	DATA 	Mouse:  Left button up, pos=(470,182)
238.6975 	EXP 	New trial (rep=0, index=43): <Trial 43 (43 in rep 0) data={'image_name': 'Alcohol 6.jpg', 'condition': 'old', 'thisN': 43, 'thisTrialN': 43, 'thisRepN': 0}>
238.7084 	EXP 	remember_box: fillColor = <class 'numpy.ndarray'>
238.7084 	EXP 	familiar_box: fillColor = <class 'numpy.ndarray'>
238.7084 	EXP 	forgotten_box: fillColor = <class 'numpy.ndarray'>
238.7084 	EXP 	stim_image: image = 'phase2_images/Alcohol 6.jpg'
238.7084 	EXP 	fixation: autoDraw = True
239.6874 	EXP 	stim_image: autoDraw = True
239.7032 	EXP 	fixation: autoDraw = False
242.6806 	EXP 	stim_image: autoDraw = False
242.6909 	EXP 	text: autoDraw = True
242.6909 	EXP 	remember_box: autoDraw = True
242.6909 	EXP 	familiar_box: autoDraw = True
242.6909 	EXP 	forgotten_box: autoDraw = True
242.6909 	EXP 	remember_text: autoDraw = True
242.6909 	EXP 	familiar_text: autoDraw = True
242.6909 	EXP 	forgotten_text: autoDraw = True
242.9800 	DATA 	Mouse: Left button down, pos=(687,187)
242.9858 	EXP 	fixation: autoDraw = False
242.9858 	EXP 	stim_image: autoDraw = False
242.9858 	EXP 	text: autoDraw = False
242.9858 	EXP 	remember_box: autoDraw = False
242.9858 	EXP 	familiar_box: autoDraw = False
242.9858 	EXP 	forgotten_box: autoDraw = False
242.9858 	EXP 	remember_text: autoDraw = False
242.9858 	EXP 	familiar_text: autoDraw = False
242.9858 	EXP 	forgotten_text: autoDraw = False
242.9858 	EXP 	familiar_box: fillColor = 'blue'
243.2019 	DATA 	Mouse:  Left button up, pos=(687,187)
243.2863 	EXP 	New trial (rep=0, index=44): <Trial 44 (44 in rep 0) data={'image_name': 'Pig 2.jpg', 'condition': 'old', 'thisN': 44, 'thisTrialN': 44, 'thisRepN': 0}>
243.2979 	EXP 	remember_box: fillColor = <class 'numpy.ndarray'>
243.2979 	EXP 	familiar_box: fillColor = <class 'numpy.ndarray'>
243.2979 	EXP 	forgotten_box: fillColor = <class 'numpy.ndarray'>
243.2979 	EXP 	stim_image: image = 'phase2_images/Pig 2.jpg'
243.2979 	EXP 	fixation: autoDraw = True
244.2805 	EXP 	stim_image: autoDraw = True
244.2872 	EXP 	fixation: autoDraw = False
247.2694 	EXP 	stim_image: autoDraw = False
247.2797 	EXP 	text: autoDraw = True
247.2797 	EXP 	remember_box: autoDraw = True
247.2797 	EXP 	familiar_box: autoDraw = True
247.2797 	EXP 	forgotten_box: autoDraw = True
247.2797 	EXP 	remember_text: autoDraw = True
247.2797 	EXP 	familiar_text: autoDraw = True
247.2797 	EXP 	forgotten_text: autoDraw = True
247.7145 	DATA 	Mouse: Left button down, pos=(382,199)
247.7204 	EXP 	fixation: autoDraw = False
247.7204 	EXP 	stim_image: autoDraw = False
247.7204 	EXP 	text: autoDraw = False
247.7204 	EXP 	remember_box: autoDraw = False
247.7204 	EXP 	familiar_box: autoDraw = False
247.7204 	EXP 	forgotten_box: autoDraw = False
247.7204 	EXP 	remember_text: autoDraw = False
247.7204 	EXP 	familiar_text: autoDraw = False
247.7204 	EXP 	forgotten_text: autoDraw = False
247.7204 	EXP 	remember_box: fillColor = 'blue'
247.8973 	DATA 	Mouse:  Left button up, pos=(382,199)
248.0207 	EXP 	New trial (rep=0, index=45): <Trial 45 (45 in rep 0) data={'image_name': 'Snow 3.jpg', 'condition': 'old', 'thisN': 45, 'thisTrialN': 45, 'thisRepN': 0}>
248.0320 	EXP 	remember_box: fillColor = <class 'numpy.ndarray'>
248.0320 	EXP 	familiar_box: fillColor = <class 'numpy.ndarray'>
248.0320 	EXP 	forgotten_box: fillColor = <class 'numpy.ndarray'>
248.0320 	EXP 	stim_image: image = 'phase2_images/Snow 3.jpg'
248.0320 	EXP 	fixation: autoDraw = True
249.0139 	EXP 	stim_image: autoDraw = True
249.0305 	EXP 	fixation: autoDraw = False
252.0034 	EXP 	stim_image: autoDraw = False
252.0125 	EXP 	text: autoDraw = True
252.0125 	EXP 	remember_box: autoDraw = True
252.0125 	EXP 	familiar_box: autoDraw = True
252.0125 	EXP 	forgotten_box: autoDraw = True
252.0125 	EXP 	remember_text: autoDraw = True
252.0125 	EXP 	familiar_text: autoDraw = True
252.0125 	EXP 	forgotten_text: autoDraw = True
252.5482 	DATA 	Mouse: Left button down, pos=(392,193)
252.5542 	EXP 	fixation: autoDraw = False
252.5542 	EXP 	stim_image: autoDraw = False
252.5542 	EXP 	text: autoDraw = False
252.5542 	EXP 	remember_box: autoDraw = False
252.5542 	EXP 	familiar_box: autoDraw = False
252.5542 	EXP 	forgotten_box: autoDraw = False
252.5542 	EXP 	remember_text: autoDraw = False
252.5542 	EXP 	familiar_text: autoDraw = False
252.5542 	EXP 	forgotten_text: autoDraw = False
252.5542 	EXP 	remember_box: fillColor = 'blue'
252.7641 	DATA 	Mouse:  Left button up, pos=(392,193)
252.8546 	EXP 	New trial (rep=0, index=46): <Trial 46 (46 in rep 0) data={'image_name': 'Dead bodies 2.jpg', 'condition': 'new', 'thisN': 46, 'thisTrialN': 46, 'thisRepN': 0}>
252.8662 	EXP 	remember_box: fillColor = <class 'numpy.ndarray'>
252.8662 	EXP 	familiar_box: fillColor = <class 'numpy.ndarray'>
252.8662 	EXP 	forgotten_box: fillColor = <class 'numpy.ndarray'>
252.8662 	EXP 	stim_image: image = 'phase2_images/Dead bodies 2.jpg'
252.8662 	EXP 	fixation: autoDraw = True
253.8544 	EXP 	stim_image: autoDraw = True
253.8638 	EXP 	fixation: autoDraw = False
256.8471 	EXP 	stim_image: autoDraw = False
256.8571 	EXP 	text: autoDraw = True
256.8571 	EXP 	remember_box: autoDraw = True
256.8571 	EXP 	familiar_box: autoDraw = True
256.8571 	EXP 	forgotten_box: autoDraw = True
256.8571 	EXP 	remember_text: autoDraw = True
256.8571 	EXP 	familiar_text: autoDraw = True
256.8571 	EXP 	forgotten_text: autoDraw = True
257.6195 	DATA 	Mouse: Left button down, pos=(635,195)
257.6302 	EXP 	fixation: autoDraw = False
257.6302 	EXP 	stim_image: autoDraw = False
257.6302 	EXP 	text: autoDraw = False
257.6302 	EXP 	remember_box: autoDraw = False
257.6302 	EXP 	familiar_box: autoDraw = False
257.6302 	EXP 	forgotten_box: autoDraw = False
257.6302 	EXP 	remember_text: autoDraw = False
257.6302 	EXP 	familiar_text: autoDraw = False
257.6302 	EXP 	forgotten_text: autoDraw = False
257.6302 	EXP 	familiar_box: fillColor = 'blue'
257.8099 	DATA 	Mouse:  Left button up, pos=(635,195)
257.9306 	EXP 	New trial (rep=0, index=47): <Trial 47 (47 in rep 0) data={'image_name': 'Exercise 3.jpg', 'condition': 'old', 'thisN': 47, 'thisTrialN': 47, 'thisRepN': 0}>
257.9425 	EXP 	remember_box: fillColor = <class 'numpy.ndarray'>
257.9425 	EXP 	familiar_box: fillColor = <class 'numpy.ndarray'>
257.9425 	EXP 	forgotten_box: fillColor = <class 'numpy.ndarray'>
257.9425 	EXP 	stim_image: image = 'phase2_images/Exercise 3.jpg'
257.9425 	EXP 	fixation: autoDraw = True
258.9214 	EXP 	stim_image: autoDraw = True
258.9354 	EXP 	fixation: autoDraw = False
261.9138 	EXP 	stim_image: autoDraw = False
261.9236 	EXP 	text: autoDraw = True
261.9236 	EXP 	remember_box: autoDraw = True
261.9236 	EXP 	familiar_box: autoDraw = True
261.9236 	EXP 	forgotten_box: autoDraw = True
261.9236 	EXP 	remember_text: autoDraw = True
261.9236 	EXP 	familiar_text: autoDraw = True
261.9236 	EXP 	forgotten_text: autoDraw = True
262.3981 	DATA 	Mouse: Left button down, pos=(382,203)
262.4043 	EXP 	fixation: autoDraw = False
262.4043 	EXP 	stim_image: autoDraw = False
262.4043 	EXP 	text: autoDraw = False
262.4043 	EXP 	remember_box: autoDraw = False
262.4043 	EXP 	familiar_box: autoDraw = False
262.4043 	EXP 	forgotten_box: autoDraw = False
262.4043 	EXP 	remember_text: autoDraw = False
262.4043 	EXP 	familiar_text: autoDraw = False
262.4043 	EXP 	forgotten_text: autoDraw = False
262.4043 	EXP 	remember_box: fillColor = 'blue'
262.5786 	DATA 	Mouse:  Left button up, pos=(382,203)
262.7047 	EXP 	New trial (rep=0, index=48): <Trial 48 (48 in rep 0) data={'image_name': 'School 1.jpg', 'condition': 'old', 'thisN': 48, 'thisTrialN': 48, 'thisRepN': 0}>
262.7157 	EXP 	remember_box: fillColor = <class 'numpy.ndarray'>
262.7157 	EXP 	familiar_box: fillColor = <class 'numpy.ndarray'>
262.7157 	EXP 	forgotten_box: fillColor = <class 'numpy.ndarray'>
262.7157 	EXP 	stim_image: image = 'phase2_images/School 1.jpg'
262.7157 	EXP 	fixation: autoDraw = True
263.7049 	EXP 	stim_image: autoDraw = True
263.7137 	EXP 	fixation: autoDraw = False
266.7068 	EXP 	stim_image: autoDraw = False
266.7068 	EXP 	text: autoDraw = True
266.7068 	EXP 	remember_box: autoDraw = True
266.7068 	EXP 	familiar_box: autoDraw = True
266.7068 	EXP 	forgotten_box: autoDraw = True
266.7068 	EXP 	remember_text: autoDraw = True
266.7068 	EXP 	familiar_text: autoDraw = True
266.7068 	EXP 	forgotten_text: autoDraw = True
268.1990 	DATA 	Mouse: Left button down, pos=(660,179)
268.2134 	EXP 	fixation: autoDraw = False
268.2134 	EXP 	stim_image: autoDraw = False
268.2134 	EXP 	text: autoDraw = False
268.2134 	EXP 	remember_box: autoDraw = False
268.2134 	EXP 	familiar_box: autoDraw = False
268.2134 	EXP 	forgotten_box: autoDraw = False
268.2134 	EXP 	remember_text: autoDraw = False
268.2134 	EXP 	familiar_text: autoDraw = False
268.2134 	EXP 	forgotten_text: autoDraw = False
268.2134 	EXP 	familiar_box: fillColor = 'blue'
268.4214 	DATA 	Mouse:  Left button up, pos=(660,179)
268.5139 	EXP 	New trial (rep=0, index=49): <Trial 49 (49 in rep 0) data={'image_name': 'Crow 1.jpg', 'condition': 'new', 'thisN': 49, 'thisTrialN': 49, 'thisRepN': 0}>
268.5241 	EXP 	remember_box: fillColor = <class 'numpy.ndarray'>
268.5241 	EXP 	familiar_box: fillColor = <class 'numpy.ndarray'>
268.5241 	EXP 	forgotten_box: fillColor = <class 'numpy.ndarray'>
268.5241 	EXP 	stim_image: image = 'phase2_images/Crow 1.jpg'
268.5241 	EXP 	fixation: autoDraw = True
269.5045 	EXP 	stim_image: autoDraw = True
269.5190 	EXP 	fixation: autoDraw = False
272.5065 	EXP 	stim_image: autoDraw = False
272.5065 	EXP 	text: autoDraw = True
272.5065 	EXP 	remember_box: autoDraw = True
272.5065 	EXP 	familiar_box: autoDraw = True
272.5065 	EXP 	forgotten_box: autoDraw = True
272.5065 	EXP 	remember_text: autoDraw = True
272.5065 	EXP 	familiar_text: autoDraw = True
272.5065 	EXP 	forgotten_text: autoDraw = True
272.9317 	DATA 	Mouse: Left button down, pos=(1057,179)
272.9383 	EXP 	fixation: autoDraw = False
272.9383 	EXP 	stim_image: autoDraw = False
272.9383 	EXP 	text: autoDraw = False
272.9383 	EXP 	remember_box: autoDraw = False
272.9383 	EXP 	familiar_box: autoDraw = False
272.9383 	EXP 	forgotten_box: autoDraw = False
272.9383 	EXP 	remember_text: autoDraw = False
272.9383 	EXP 	familiar_text: autoDraw = False
272.9383 	EXP 	forgotten_text: autoDraw = False
272.9383 	EXP 	forgotten_box: fillColor = 'blue'
273.1253 	DATA 	Mouse:  Left button up, pos=(1057,179)
273.2388 	EXP 	New trial (rep=0, index=50): <Trial 50 (50 in rep 0) data={'image_name': 'Police 2.jpg', 'condition': 'old', 'thisN': 50, 'thisTrialN': 50, 'thisRepN': 0}>
273.2495 	EXP 	remember_box: fillColor = <class 'numpy.ndarray'>
273.2495 	EXP 	familiar_box: fillColor = <class 'numpy.ndarray'>
273.2495 	EXP 	forgotten_box: fillColor = <class 'numpy.ndarray'>
273.2495 	EXP 	stim_image: image = 'phase2_images/Police 2.jpg'
273.2495 	EXP 	fixation: autoDraw = True
274.2379 	EXP 	stim_image: autoDraw = True
274.2469 	EXP 	fixation: autoDraw = False
277.2399 	EXP 	stim_image: autoDraw = False
277.2399 	EXP 	text: autoDraw = True
277.2399 	EXP 	remember_box: autoDraw = True
277.2399 	EXP 	familiar_box: autoDraw = True
277.2399 	EXP 	forgotten_box: autoDraw = True
277.2399 	EXP 	remember_text: autoDraw = True
277.2399 	EXP 	familiar_text: autoDraw = True
277.2399 	EXP 	forgotten_text: autoDraw = True
277.6144 	DATA 	Mouse: Left button down, pos=(770,185)
277.6204 	EXP 	fixation: autoDraw = False
277.6204 	EXP 	stim_image: autoDraw = False
277.6204 	EXP 	text: autoDraw = False
277.6204 	EXP 	remember_box: autoDraw = False
277.6204 	EXP 	familiar_box: autoDraw = False
277.6204 	EXP 	forgotten_box: autoDraw = False
277.6204 	EXP 	remember_text: autoDraw = False
277.6204 	EXP 	familiar_text: autoDraw = False
277.6204 	EXP 	forgotten_text: autoDraw = False
277.6204 	EXP 	familiar_box: fillColor = 'blue'
277.8043 	DATA 	Mouse:  Left button up, pos=(770,185)
277.9209 	EXP 	New trial (rep=0, index=51): <Trial 51 (51 in rep 0) data={'image_name': 'Building 2.jpg', 'condition': 'new', 'thisN': 51, 'thisTrialN': 51, 'thisRepN': 0}>
277.9319 	EXP 	remember_box: fillColor = <class 'numpy.ndarray'>
277.9319 	EXP 	familiar_box: fillColor = <class 'numpy.ndarray'>
277.9319 	EXP 	forgotten_box: fillColor = <class 'numpy.ndarray'>
277.9319 	EXP 	stim_image: image = 'phase2_images/Building 2.jpg'
277.9319 	EXP 	fixation: autoDraw = True
278.9212 	EXP 	stim_image: autoDraw = True
278.9302 	EXP 	fixation: autoDraw = False
281.9134 	EXP 	text: autoDraw = True
281.9134 	EXP 	remember_box: autoDraw = True
281.9134 	EXP 	familiar_box: autoDraw = True
281.9134 	EXP 	forgotten_box: autoDraw = True
281.9134 	EXP 	remember_text: autoDraw = True
281.9134 	EXP 	familiar_text: autoDraw = True
281.9134 	EXP 	forgotten_text: autoDraw = True
281.9228 	EXP 	stim_image: autoDraw = False
282.3476 	DATA 	Mouse: Left button down, pos=(1022,179)
282.3539 	EXP 	fixation: autoDraw = False
282.3539 	EXP 	stim_image: autoDraw = False
282.3539 	EXP 	text: autoDraw = False
282.3539 	EXP 	remember_box: autoDraw = False
282.3539 	EXP 	familiar_box: autoDraw = False
282.3539 	EXP 	forgotten_box: autoDraw = False
282.3539 	EXP 	remember_text: autoDraw = False
282.3539 	EXP 	familiar_text: autoDraw = False
282.3539 	EXP 	forgotten_text: autoDraw = False
282.3539 	EXP 	forgotten_box: fillColor = 'blue'
282.5646 	DATA 	Mouse:  Left button up, pos=(1022,179)
282.6544 	EXP 	New trial (rep=0, index=52): <Trial 52 (52 in rep 0) data={'image_name': 'Grass 6.jpg', 'condition': 'old', 'thisN': 52, 'thisTrialN': 52, 'thisRepN': 0}>
282.6641 	EXP 	remember_box: fillColor = <class 'numpy.ndarray'>
282.6641 	EXP 	familiar_box: fillColor = <class 'numpy.ndarray'>
282.6641 	EXP 	forgotten_box: fillColor = <class 'numpy.ndarray'>
282.6641 	EXP 	stim_image: image = 'phase2_images/Grass 6.jpg'
282.6641 	EXP 	fixation: autoDraw = True
283.6541 	EXP 	fixation: autoDraw = False
283.6541 	EXP 	stim_image: autoDraw = True
286.6568 	EXP 	stim_image: autoDraw = False
286.6568 	EXP 	text: autoDraw = True
286.6568 	EXP 	remember_box: autoDraw = True
286.6568 	EXP 	familiar_box: autoDraw = True
286.6568 	EXP 	forgotten_box: autoDraw = True
286.6568 	EXP 	remember_text: autoDraw = True
286.6568 	EXP 	familiar_text: autoDraw = True
286.6568 	EXP 	forgotten_text: autoDraw = True
287.2146 	DATA 	Mouse: Left button down, pos=(1021,180)
287.2208 	EXP 	fixation: autoDraw = False
287.2208 	EXP 	stim_image: autoDraw = False
287.2208 	EXP 	text: autoDraw = False
287.2208 	EXP 	remember_box: autoDraw = False
287.2208 	EXP 	familiar_box: autoDraw = False
287.2208 	EXP 	forgotten_box: autoDraw = False
287.2208 	EXP 	remember_text: autoDraw = False
287.2208 	EXP 	familiar_text: autoDraw = False
287.2208 	EXP 	forgotten_text: autoDraw = False
287.2208 	EXP 	forgotten_box: fillColor = 'blue'
287.3820 	DATA 	Mouse:  Left button up, pos=(1021,180)
287.5212 	EXP 	New trial (rep=0, index=53): <Trial 53 (53 in rep 0) data={'image_name': 'Rafting 6.jpg', 'condition': 'old', 'thisN': 53, 'thisTrialN': 53, 'thisRepN': 0}>
287.5335 	EXP 	remember_box: fillColor = <class 'numpy.ndarray'>
287.5335 	EXP 	familiar_box: fillColor = <class 'numpy.ndarray'>
287.5335 	EXP 	forgotten_box: fillColor = <class 'numpy.ndarray'>
287.5335 	EXP 	stim_image: image = 'phase2_images/Rafting 6.jpg'
287.5335 	EXP 	fixation: autoDraw = True
288.5213 	EXP 	stim_image: autoDraw = True
288.5301 	EXP 	fixation: autoDraw = False
291.5244 	EXP 	stim_image: autoDraw = False
291.5244 	EXP 	text: autoDraw = True
291.5244 	EXP 	remember_box: autoDraw = True
291.5244 	EXP 	familiar_box: autoDraw = True
291.5244 	EXP 	forgotten_box: autoDraw = True
291.5244 	EXP 	remember_text: autoDraw = True
291.5244 	EXP 	familiar_text: autoDraw = True
291.5244 	EXP 	forgotten_text: autoDraw = True
292.0874 	DATA 	Mouse: Left button down, pos=(1021,180)
292.1021 	EXP 	fixation: autoDraw = False
292.1021 	EXP 	stim_image: autoDraw = False
292.1021 	EXP 	text: autoDraw = False
292.1021 	EXP 	remember_box: autoDraw = False
292.1021 	EXP 	familiar_box: autoDraw = False
292.1021 	EXP 	forgotten_box: autoDraw = False
292.1021 	EXP 	remember_text: autoDraw = False
292.1021 	EXP 	familiar_text: autoDraw = False
292.1021 	EXP 	forgotten_text: autoDraw = False
292.1021 	EXP 	forgotten_box: fillColor = 'blue'
292.3134 	DATA 	Mouse:  Left button up, pos=(1021,180)
292.4026 	EXP 	New trial (rep=0, index=54): <Trial 54 (54 in rep 0) data={'image_name': 'Spider 2.jpg', 'condition': 'old', 'thisN': 54, 'thisTrialN': 54, 'thisRepN': 0}>
292.4133 	EXP 	remember_box: fillColor = <class 'numpy.ndarray'>
292.4133 	EXP 	familiar_box: fillColor = <class 'numpy.ndarray'>
292.4133 	EXP 	forgotten_box: fillColor = <class 'numpy.ndarray'>
292.4133 	EXP 	stim_image: image = 'phase2_images/Spider 2.jpg'
292.4133 	EXP 	fixation: autoDraw = True
293.3970 	EXP 	stim_image: autoDraw = True
293.4033 	EXP 	fixation: autoDraw = False
296.3859 	EXP 	stim_image: autoDraw = False
296.3958 	EXP 	text: autoDraw = True
296.3958 	EXP 	remember_box: autoDraw = True
296.3958 	EXP 	familiar_box: autoDraw = True
296.3958 	EXP 	forgotten_box: autoDraw = True
296.3958 	EXP 	remember_text: autoDraw = True
296.3958 	EXP 	familiar_text: autoDraw = True
296.3958 	EXP 	forgotten_text: autoDraw = True
296.8144 	DATA 	Mouse: Left button down, pos=(746,181)
296.8206 	EXP 	fixation: autoDraw = False
296.8206 	EXP 	stim_image: autoDraw = False
296.8206 	EXP 	text: autoDraw = False
296.8206 	EXP 	remember_box: autoDraw = False
296.8206 	EXP 	familiar_box: autoDraw = False
296.8206 	EXP 	forgotten_box: autoDraw = False
296.8206 	EXP 	remember_text: autoDraw = False
296.8206 	EXP 	familiar_text: autoDraw = False
296.8206 	EXP 	forgotten_text: autoDraw = False
296.8206 	EXP 	familiar_box: fillColor = 'blue'
297.0010 	DATA 	Mouse:  Left button up, pos=(746,181)
297.1210 	EXP 	New trial (rep=0, index=55): <Trial 55 (55 in rep 0) data={'image_name': 'Feces 1.jpg', 'condition': 'new', 'thisN': 55, 'thisTrialN': 55, 'thisRepN': 0}>
297.1328 	EXP 	remember_box: fillColor = <class 'numpy.ndarray'>
297.1328 	EXP 	familiar_box: fillColor = <class 'numpy.ndarray'>
297.1328 	EXP 	forgotten_box: fillColor = <class 'numpy.ndarray'>
297.1328 	EXP 	stim_image: image = 'phase2_images/Feces 1.jpg'
297.1328 	EXP 	fixation: autoDraw = True
298.1208 	EXP 	stim_image: autoDraw = True
298.1302 	EXP 	fixation: autoDraw = False
301.1123 	EXP 	stim_image: autoDraw = False
301.1123 	EXP 	text: autoDraw = True
301.1123 	EXP 	remember_box: autoDraw = True
301.1123 	EXP 	familiar_box: autoDraw = True
301.1123 	EXP 	forgotten_box: autoDraw = True
301.1123 	EXP 	remember_text: autoDraw = True
301.1123 	EXP 	familiar_text: autoDraw = True
301.1123 	EXP 	forgotten_text: autoDraw = True
301.5367 	DATA 	Mouse: Left button down, pos=(1042,173)
301.5466 	EXP 	fixation: autoDraw = False
301.5466 	EXP 	stim_image: autoDraw = False
301.5466 	EXP 	text: autoDraw = False
301.5466 	EXP 	remember_box: autoDraw = False
301.5466 	EXP 	familiar_box: autoDraw = False
301.5466 	EXP 	forgotten_box: autoDraw = False
301.5466 	EXP 	remember_text: autoDraw = False
301.5466 	EXP 	familiar_text: autoDraw = False
301.5466 	EXP 	forgotten_text: autoDraw = False
301.5466 	EXP 	forgotten_box: fillColor = 'blue'
301.7534 	DATA 	Mouse:  Left button up, pos=(1042,173)
301.8470 	EXP 	New trial (rep=0, index=56): <Trial 56 (56 in rep 0) data={'image_name': 'Soldiers 8.jpg', 'condition': 'old', 'thisN': 56, 'thisTrialN': 56, 'thisRepN': 0}>
301.8582 	EXP 	remember_box: fillColor = <class 'numpy.ndarray'>
301.8582 	EXP 	familiar_box: fillColor = <class 'numpy.ndarray'>
301.8582 	EXP 	forgotten_box: fillColor = <class 'numpy.ndarray'>
301.8582 	EXP 	stim_image: image = 'phase2_images/Soldiers 8.jpg'
301.8582 	EXP 	fixation: autoDraw = True
302.8375 	EXP 	stim_image: autoDraw = True
302.8518 	EXP 	fixation: autoDraw = False
305.8391 	EXP 	stim_image: autoDraw = False
305.8391 	EXP 	text: autoDraw = True
305.8391 	EXP 	remember_box: autoDraw = True
305.8391 	EXP 	familiar_box: autoDraw = True
305.8391 	EXP 	forgotten_box: autoDraw = True
305.8391 	EXP 	remember_text: autoDraw = True
305.8391 	EXP 	familiar_text: autoDraw = True
305.8391 	EXP 	forgotten_text: autoDraw = True
306.1974 	DATA 	Mouse: Left button down, pos=(372,180)
306.2036 	EXP 	fixation: autoDraw = False
306.2036 	EXP 	stim_image: autoDraw = False
306.2036 	EXP 	text: autoDraw = False
306.2036 	EXP 	remember_box: autoDraw = False
306.2036 	EXP 	familiar_box: autoDraw = False
306.2036 	EXP 	forgotten_box: autoDraw = False
306.2036 	EXP 	remember_text: autoDraw = False
306.2036 	EXP 	familiar_text: autoDraw = False
306.2036 	EXP 	forgotten_text: autoDraw = False
306.2036 	EXP 	remember_box: fillColor = 'blue'
306.4004 	DATA 	Mouse:  Left button up, pos=(372,180)
306.5041 	EXP 	New trial (rep=0, index=57): <Trial 57 (57 in rep 0) data={'image_name': 'Car 1.jpg', 'condition': 'old', 'thisN': 57, 'thisTrialN': 57, 'thisRepN': 0}>
306.5144 	EXP 	remember_box: fillColor = <class 'numpy.ndarray'>
306.5144 	EXP 	familiar_box: fillColor = <class 'numpy.ndarray'>
306.5144 	EXP 	forgotten_box: fillColor = <class 'numpy.ndarray'>
306.5144 	EXP 	stim_image: image = 'phase2_images/Car 1.jpg'
306.5144 	EXP 	fixation: autoDraw = True
307.5033 	EXP 	fixation: autoDraw = False
307.5033 	EXP 	stim_image: autoDraw = True
310.4964 	EXP 	stim_image: autoDraw = False
310.4964 	EXP 	text: autoDraw = True
310.4964 	EXP 	remember_box: autoDraw = True
310.4964 	EXP 	familiar_box: autoDraw = True
310.4964 	EXP 	forgotten_box: autoDraw = True
310.4964 	EXP 	remember_text: autoDraw = True
310.4964 	EXP 	familiar_text: autoDraw = True
310.4964 	EXP 	forgotten_text: autoDraw = True
310.8969 	DATA 	Mouse: Left button down, pos=(998,186)
310.9028 	EXP 	fixation: autoDraw = False
310.9028 	EXP 	stim_image: autoDraw = False
310.9028 	EXP 	text: autoDraw = False
310.9028 	EXP 	remember_box: autoDraw = False
310.9028 	EXP 	familiar_box: autoDraw = False
310.9028 	EXP 	forgotten_box: autoDraw = False
310.9028 	EXP 	remember_text: autoDraw = False
310.9028 	EXP 	familiar_text: autoDraw = False
310.9028 	EXP 	forgotten_text: autoDraw = False
310.9028 	EXP 	forgotten_box: fillColor = 'blue'
311.1043 	DATA 	Mouse:  Left button up, pos=(998,186)
311.2032 	EXP 	New trial (rep=0, index=58): <Trial 58 (58 in rep 0) data={'image_name': 'Orangutan 1.jpg', 'condition': 'old', 'thisN': 58, 'thisTrialN': 58, 'thisRepN': 0}>
311.2142 	EXP 	remember_box: fillColor = <class 'numpy.ndarray'>
311.2142 	EXP 	familiar_box: fillColor = <class 'numpy.ndarray'>
311.2142 	EXP 	forgotten_box: fillColor = <class 'numpy.ndarray'>
311.2142 	EXP 	stim_image: image = 'phase2_images/Orangutan 1.jpg'
311.2142 	EXP 	fixation: autoDraw = True
312.1968 	EXP 	stim_image: autoDraw = True
312.2032 	EXP 	fixation: autoDraw = False
315.1855 	EXP 	stim_image: autoDraw = False
315.2068 	EXP 	text: autoDraw = True
315.2068 	EXP 	remember_box: autoDraw = True
315.2068 	EXP 	familiar_box: autoDraw = True
315.2068 	EXP 	forgotten_box: autoDraw = True
315.2068 	EXP 	remember_text: autoDraw = True
315.2068 	EXP 	familiar_text: autoDraw = True
315.2068 	EXP 	forgotten_text: autoDraw = True
315.9806 	DATA 	Mouse: Left button down, pos=(465,200)
315.9866 	EXP 	fixation: autoDraw = False
315.9866 	EXP 	stim_image: autoDraw = False
315.9866 	EXP 	text: autoDraw = False
315.9866 	EXP 	remember_box: autoDraw = False
315.9866 	EXP 	familiar_box: autoDraw = False
315.9866 	EXP 	forgotten_box: autoDraw = False
315.9866 	EXP 	remember_text: autoDraw = False
315.9866 	EXP 	familiar_text: autoDraw = False
315.9866 	EXP 	forgotten_text: autoDraw = False
315.9866 	EXP 	remember_box: fillColor = 'blue'
316.1710 	DATA 	Mouse:  Left button up, pos=(464,200)
316.2871 	EXP 	New trial (rep=0, index=59): <Trial 59 (59 in rep 0) data={'image_name': 'Ferret 1.jpg', 'condition': 'new', 'thisN': 59, 'thisTrialN': 59, 'thisRepN': 0}>
316.2978 	EXP 	remember_box: fillColor = <class 'numpy.ndarray'>
316.2978 	EXP 	familiar_box: fillColor = <class 'numpy.ndarray'>
316.2978 	EXP 	forgotten_box: fillColor = <class 'numpy.ndarray'>
316.2978 	EXP 	stim_image: image = 'phase2_images/Ferret 1.jpg'
316.2978 	EXP 	fixation: autoDraw = True
317.2802 	EXP 	stim_image: autoDraw = True
317.2868 	EXP 	fixation: autoDraw = False
320.2680 	EXP 	stim_image: autoDraw = False
320.2896 	EXP 	text: autoDraw = True
320.2896 	EXP 	remember_box: autoDraw = True
320.2896 	EXP 	familiar_box: autoDraw = True
320.2896 	EXP 	forgotten_box: autoDraw = True
320.2896 	EXP 	remember_text: autoDraw = True
320.2896 	EXP 	familiar_text: autoDraw = True
320.2896 	EXP 	forgotten_text: autoDraw = True
320.9136 	DATA 	Mouse: Left button down, pos=(1086,168)
320.9195 	EXP 	fixation: autoDraw = False
320.9195 	EXP 	stim_image: autoDraw = False
320.9195 	EXP 	text: autoDraw = False
320.9195 	EXP 	remember_box: autoDraw = False
320.9195 	EXP 	familiar_box: autoDraw = False
320.9195 	EXP 	forgotten_box: autoDraw = False
320.9195 	EXP 	remember_text: autoDraw = False
320.9195 	EXP 	familiar_text: autoDraw = False
320.9195 	EXP 	forgotten_text: autoDraw = False
320.9195 	EXP 	forgotten_box: fillColor = 'blue'
321.1266 	DATA 	Mouse:  Left button up, pos=(1086,168)
321.2200 	EXP 	New trial (rep=0, index=60): <Trial 60 (60 in rep 0) data={'image_name': 'Dirt 1.jpg', 'condition': 'old', 'thisN': 60, 'thisTrialN': 60, 'thisRepN': 0}>
321.2325 	EXP 	remember_box: fillColor = <class 'numpy.ndarray'>
321.2325 	EXP 	familiar_box: fillColor = <class 'numpy.ndarray'>
321.2325 	EXP 	forgotten_box: fillColor = <class 'numpy.ndarray'>
321.2325 	EXP 	stim_image: image = 'phase2_images/Dirt 1.jpg'
321.2325 	EXP 	fixation: autoDraw = True
322.2133 	EXP 	stim_image: autoDraw = True
322.2300 	EXP 	fixation: autoDraw = False
325.2022 	EXP 	stim_image: autoDraw = False
325.2234 	EXP 	text: autoDraw = True
325.2234 	EXP 	remember_box: autoDraw = True
325.2234 	EXP 	familiar_box: autoDraw = True
325.2234 	EXP 	forgotten_box: autoDraw = True
325.2234 	EXP 	remember_text: autoDraw = True
325.2234 	EXP 	familiar_text: autoDraw = True
325.2234 	EXP 	forgotten_text: autoDraw = True
325.5391 	DATA 	Mouse: Left button down, pos=(406,184)
325.5510 	EXP 	fixation: autoDraw = False
325.5510 	EXP 	stim_image: autoDraw = False
325.5510 	EXP 	text: autoDraw = False
325.5510 	EXP 	remember_box: autoDraw = False
325.5510 	EXP 	familiar_box: autoDraw = False
325.5510 	EXP 	forgotten_box: autoDraw = False
325.5510 	EXP 	remember_text: autoDraw = False
325.5510 	EXP 	familiar_text: autoDraw = False
325.5510 	EXP 	forgotten_text: autoDraw = False
325.5510 	EXP 	remember_box: fillColor = 'blue'
325.7567 	DATA 	Mouse:  Left button up, pos=(406,184)
325.8514 	EXP 	New trial (rep=0, index=61): <Trial 61 (61 in rep 0) data={'image_name': 'Garbage dump 2.jpg', 'condition': 'new', 'thisN': 61, 'thisTrialN': 61, 'thisRepN': 0}>
325.8631 	EXP 	remember_box: fillColor = <class 'numpy.ndarray'>
325.8631 	EXP 	familiar_box: fillColor = <class 'numpy.ndarray'>
325.8631 	EXP 	forgotten_box: fillColor = <class 'numpy.ndarray'>
325.8631 	EXP 	stim_image: image = 'phase2_images/Garbage dump 2.jpg'
325.8631 	EXP 	fixation: autoDraw = True
326.8466 	EXP 	stim_image: autoDraw = True
326.8530 	EXP 	fixation: autoDraw = False
329.8351 	EXP 	stim_image: autoDraw = False
329.8456 	EXP 	text: autoDraw = True
329.8456 	EXP 	remember_box: autoDraw = True
329.8456 	EXP 	familiar_box: autoDraw = True
329.8456 	EXP 	forgotten_box: autoDraw = True
329.8456 	EXP 	remember_text: autoDraw = True
329.8456 	EXP 	familiar_text: autoDraw = True
329.8456 	EXP 	forgotten_text: autoDraw = True
330.9639 	DATA 	Mouse: Left button down, pos=(1017,181)
330.9698 	EXP 	fixation: autoDraw = False
330.9698 	EXP 	stim_image: autoDraw = False
330.9698 	EXP 	text: autoDraw = False
330.9698 	EXP 	remember_box: autoDraw = False
330.9698 	EXP 	familiar_box: autoDraw = False
330.9698 	EXP 	forgotten_box: autoDraw = False
330.9698 	EXP 	remember_text: autoDraw = False
330.9698 	EXP 	familiar_text: autoDraw = False
330.9698 	EXP 	forgotten_text: autoDraw = False
330.9698 	EXP 	forgotten_box: fillColor = 'blue'
331.1453 	DATA 	Mouse:  Left button up, pos=(1017,181)
331.2703 	EXP 	New trial (rep=0, index=62): <Trial 62 (62 in rep 0) data={'image_name': 'Feces 2.jpg', 'condition': 'old', 'thisN': 62, 'thisTrialN': 62, 'thisRepN': 0}>
331.2824 	EXP 	remember_box: fillColor = <class 'numpy.ndarray'>
331.2824 	EXP 	familiar_box: fillColor = <class 'numpy.ndarray'>
331.2824 	EXP 	forgotten_box: fillColor = <class 'numpy.ndarray'>
331.2824 	EXP 	stim_image: image = 'phase2_images/Feces 2.jpg'
331.2824 	EXP 	fixation: autoDraw = True
332.2703 	EXP 	stim_image: autoDraw = True
332.2797 	EXP 	fixation: autoDraw = False
335.2734 	EXP 	stim_image: autoDraw = False
335.2734 	EXP 	text: autoDraw = True
335.2734 	EXP 	remember_box: autoDraw = True
335.2734 	EXP 	familiar_box: autoDraw = True
335.2734 	EXP 	forgotten_box: autoDraw = True
335.2734 	EXP 	remember_text: autoDraw = True
335.2734 	EXP 	familiar_text: autoDraw = True
335.2734 	EXP 	forgotten_text: autoDraw = True
335.7697 	DATA 	Mouse: Left button down, pos=(738,189)
335.7796 	EXP 	fixation: autoDraw = False
335.7796 	EXP 	stim_image: autoDraw = False
335.7796 	EXP 	text: autoDraw = False
335.7796 	EXP 	remember_box: autoDraw = False
335.7796 	EXP 	familiar_box: autoDraw = False
335.7796 	EXP 	forgotten_box: autoDraw = False
335.7796 	EXP 	remember_text: autoDraw = False
335.7796 	EXP 	familiar_text: autoDraw = False
335.7796 	EXP 	forgotten_text: autoDraw = False
335.7796 	EXP 	familiar_box: fillColor = 'blue'
335.9878 	DATA 	Mouse:  Left button up, pos=(738,189)
336.0801 	EXP 	New trial (rep=0, index=63): <Trial 63 (63 in rep 0) data={'image_name': 'Tornado 1.jpg', 'condition': 'old', 'thisN': 63, 'thisTrialN': 63, 'thisRepN': 0}>
336.0901 	EXP 	remember_box: fillColor = <class 'numpy.ndarray'>
336.0901 	EXP 	familiar_box: fillColor = <class 'numpy.ndarray'>
336.0901 	EXP 	forgotten_box: fillColor = <class 'numpy.ndarray'>
336.0901 	EXP 	stim_image: image = 'phase2_images/Tornado 1.jpg'
336.0901 	EXP 	fixation: autoDraw = True
337.0703 	EXP 	stim_image: autoDraw = True
337.0853 	EXP 	fixation: autoDraw = False
340.0630 	EXP 	stim_image: autoDraw = False
340.0738 	EXP 	text: autoDraw = True
340.0738 	EXP 	remember_box: autoDraw = True
340.0738 	EXP 	familiar_box: autoDraw = True
340.0738 	EXP 	forgotten_box: autoDraw = True
340.0738 	EXP 	remember_text: autoDraw = True
340.0738 	EXP 	familiar_text: autoDraw = True
340.0738 	EXP 	forgotten_text: autoDraw = True
341.3970 	DATA 	Mouse: Left button down, pos=(355,189)
341.4030 	EXP 	fixation: autoDraw = False
341.4030 	EXP 	stim_image: autoDraw = False
341.4030 	EXP 	text: autoDraw = False
341.4030 	EXP 	remember_box: autoDraw = False
341.4030 	EXP 	familiar_box: autoDraw = False
341.4030 	EXP 	forgotten_box: autoDraw = False
341.4030 	EXP 	remember_text: autoDraw = False
341.4030 	EXP 	familiar_text: autoDraw = False
341.4030 	EXP 	forgotten_text: autoDraw = False
341.4030 	EXP 	remember_box: fillColor = 'blue'
341.5961 	DATA 	Mouse:  Left button up, pos=(355,189)
341.7035 	EXP 	New trial (rep=0, index=64): <Trial 64 (64 in rep 0) data={'image_name': 'Plane crash 3.jpg', 'condition': 'old', 'thisN': 64, 'thisTrialN': 64, 'thisRepN': 0}>
341.7146 	EXP 	remember_box: fillColor = <class 'numpy.ndarray'>
341.7146 	EXP 	familiar_box: fillColor = <class 'numpy.ndarray'>
341.7146 	EXP 	forgotten_box: fillColor = <class 'numpy.ndarray'>
341.7146 	EXP 	stim_image: image = 'phase2_images/Plane crash 3.jpg'
341.7146 	EXP 	fixation: autoDraw = True
342.7030 	EXP 	stim_image: autoDraw = True
342.7131 	EXP 	fixation: autoDraw = False
345.6950 	EXP 	stim_image: autoDraw = False
345.6950 	EXP 	text: autoDraw = True
345.6950 	EXP 	remember_box: autoDraw = True
345.6950 	EXP 	familiar_box: autoDraw = True
345.6950 	EXP 	forgotten_box: autoDraw = True
345.6950 	EXP 	remember_text: autoDraw = True
345.6950 	EXP 	familiar_text: autoDraw = True
345.6950 	EXP 	forgotten_text: autoDraw = True
346.1548 	DATA 	Mouse: Left button down, pos=(702,212)
346.1672 	EXP 	fixation: autoDraw = False
346.1672 	EXP 	stim_image: autoDraw = False
346.1672 	EXP 	text: autoDraw = False
346.1672 	EXP 	remember_box: autoDraw = False
346.1672 	EXP 	familiar_box: autoDraw = False
346.1672 	EXP 	forgotten_box: autoDraw = False
346.1672 	EXP 	remember_text: autoDraw = False
346.1672 	EXP 	familiar_text: autoDraw = False
346.1672 	EXP 	forgotten_text: autoDraw = False
346.1672 	EXP 	familiar_box: fillColor = 'blue'
346.3738 	DATA 	Mouse:  Left button up, pos=(702,212)
346.4676 	EXP 	New trial (rep=0, index=65): <Trial 65 (65 in rep 0) data={'image_name': 'Horse racing 1.jpg', 'condition': 'new', 'thisN': 65, 'thisTrialN': 65, 'thisRepN': 0}>
346.4785 	EXP 	remember_box: fillColor = <class 'numpy.ndarray'>
346.4785 	EXP 	familiar_box: fillColor = <class 'numpy.ndarray'>
346.4785 	EXP 	forgotten_box: fillColor = <class 'numpy.ndarray'>
346.4785 	EXP 	stim_image: image = 'phase2_images/Horse racing 1.jpg'
346.4785 	EXP 	fixation: autoDraw = True
347.4629 	EXP 	stim_image: autoDraw = True
347.4689 	EXP 	fixation: autoDraw = False
350.4516 	EXP 	stim_image: autoDraw = False
350.4618 	EXP 	text: autoDraw = True
350.4618 	EXP 	remember_box: autoDraw = True
350.4618 	EXP 	familiar_box: autoDraw = True
350.4618 	EXP 	forgotten_box: autoDraw = True
350.4618 	EXP 	remember_text: autoDraw = True
350.4618 	EXP 	familiar_text: autoDraw = True
350.4618 	EXP 	forgotten_text: autoDraw = True
351.0641 	DATA 	Mouse: Left button down, pos=(1098,188)
351.0705 	EXP 	fixation: autoDraw = False
351.0705 	EXP 	stim_image: autoDraw = False
351.0705 	EXP 	text: autoDraw = False
351.0705 	EXP 	remember_box: autoDraw = False
351.0705 	EXP 	familiar_box: autoDraw = False
351.0705 	EXP 	forgotten_box: autoDraw = False
351.0705 	EXP 	remember_text: autoDraw = False
351.0705 	EXP 	familiar_text: autoDraw = False
351.0705 	EXP 	forgotten_text: autoDraw = False
351.0705 	EXP 	forgotten_box: fillColor = 'blue'
351.2817 	DATA 	Mouse:  Left button up, pos=(1098,188)
351.3710 	EXP 	New trial (rep=0, index=66): <Trial 66 (66 in rep 0) data={'image_name': 'Timber 2.jpg', 'condition': 'new', 'thisN': 66, 'thisTrialN': 66, 'thisRepN': 0}>
351.3827 	EXP 	remember_box: fillColor = <class 'numpy.ndarray'>
351.3827 	EXP 	familiar_box: fillColor = <class 'numpy.ndarray'>
351.3827 	EXP 	forgotten_box: fillColor = <class 'numpy.ndarray'>
351.3827 	EXP 	stim_image: image = 'phase2_images/Timber 2.jpg'
351.3827 	EXP 	fixation: autoDraw = True
352.3705 	EXP 	stim_image: autoDraw = True
352.3794 	EXP 	fixation: autoDraw = False
355.3730 	EXP 	stim_image: autoDraw = False
355.3730 	EXP 	text: autoDraw = True
355.3730 	EXP 	remember_box: autoDraw = True
355.3730 	EXP 	familiar_box: autoDraw = True
355.3730 	EXP 	forgotten_box: autoDraw = True
355.3730 	EXP 	remember_text: autoDraw = True
355.3730 	EXP 	familiar_text: autoDraw = True
355.3730 	EXP 	forgotten_text: autoDraw = True
355.7802 	DATA 	Mouse: Left button down, pos=(369,174)
355.7860 	EXP 	fixation: autoDraw = False
355.7860 	EXP 	stim_image: autoDraw = False
355.7860 	EXP 	text: autoDraw = False
355.7860 	EXP 	remember_box: autoDraw = False
355.7860 	EXP 	familiar_box: autoDraw = False
355.7860 	EXP 	forgotten_box: autoDraw = False
355.7860 	EXP 	remember_text: autoDraw = False
355.7860 	EXP 	familiar_text: autoDraw = False
355.7860 	EXP 	forgotten_text: autoDraw = False
355.7860 	EXP 	remember_box: fillColor = 'blue'
355.9860 	DATA 	Mouse:  Left button up, pos=(369,174)
356.0865 	EXP 	New trial (rep=0, index=67): <Trial 67 (67 in rep 0) data={'image_name': 'Gazing 2.jpg', 'condition': 'old', 'thisN': 67, 'thisTrialN': 67, 'thisRepN': 0}>
356.0966 	EXP 	remember_box: fillColor = <class 'numpy.ndarray'>
356.0966 	EXP 	familiar_box: fillColor = <class 'numpy.ndarray'>
356.0966 	EXP 	forgotten_box: fillColor = <class 'numpy.ndarray'>
356.0966 	EXP 	stim_image: image = 'phase2_images/Gazing 2.jpg'
356.0966 	EXP 	fixation: autoDraw = True
357.0785 	EXP 	stim_image: autoDraw = True
357.0963 	EXP 	fixation: autoDraw = False
360.0686 	EXP 	stim_image: autoDraw = False
360.0884 	EXP 	text: autoDraw = True
360.0884 	EXP 	remember_box: autoDraw = True
360.0884 	EXP 	familiar_box: autoDraw = True
360.0884 	EXP 	forgotten_box: autoDraw = True
360.0884 	EXP 	remember_text: autoDraw = True
360.0884 	EXP 	familiar_text: autoDraw = True
360.0884 	EXP 	forgotten_text: autoDraw = True
360.4469 	DATA 	Mouse: Left button down, pos=(981,173)
360.4528 	EXP 	fixation: autoDraw = False
360.4528 	EXP 	stim_image: autoDraw = False
360.4528 	EXP 	text: autoDraw = False
360.4528 	EXP 	remember_box: autoDraw = False
360.4528 	EXP 	familiar_box: autoDraw = False
360.4528 	EXP 	forgotten_box: autoDraw = False
360.4528 	EXP 	remember_text: autoDraw = False
360.4528 	EXP 	familiar_text: autoDraw = False
360.4528 	EXP 	forgotten_text: autoDraw = False
360.4528 	EXP 	forgotten_box: fillColor = 'blue'
360.6580 	DATA 	Mouse:  Left button up, pos=(981,173)
360.7531 	EXP 	New trial (rep=0, index=68): <Trial 68 (68 in rep 0) data={'image_name': 'Bear 2.jpg', 'condition': 'old', 'thisN': 68, 'thisTrialN': 68, 'thisRepN': 0}>
360.7642 	EXP 	remember_box: fillColor = <class 'numpy.ndarray'>
360.7642 	EXP 	familiar_box: fillColor = <class 'numpy.ndarray'>
360.7642 	EXP 	forgotten_box: fillColor = <class 'numpy.ndarray'>
360.7642 	EXP 	stim_image: image = 'phase2_images/Bear 2.jpg'
360.7642 	EXP 	fixation: autoDraw = True
361.7461 	EXP 	stim_image: autoDraw = True
361.7629 	EXP 	fixation: autoDraw = False
364.7341 	EXP 	stim_image: autoDraw = False
364.7562 	EXP 	text: autoDraw = True
364.7562 	EXP 	remember_box: autoDraw = True
364.7562 	EXP 	familiar_box: autoDraw = True
364.7562 	EXP 	forgotten_box: autoDraw = True
364.7562 	EXP 	remember_text: autoDraw = True
364.7562 	EXP 	familiar_text: autoDraw = True
364.7562 	EXP 	forgotten_text: autoDraw = True
365.1197 	DATA 	Mouse: Left button down, pos=(702,177)
365.1350 	EXP 	fixation: autoDraw = False
365.1350 	EXP 	stim_image: autoDraw = False
365.1350 	EXP 	text: autoDraw = False
365.1350 	EXP 	remember_box: autoDraw = False
365.1350 	EXP 	familiar_box: autoDraw = False
365.1350 	EXP 	forgotten_box: autoDraw = False
365.1350 	EXP 	remember_text: autoDraw = False
365.1350 	EXP 	familiar_text: autoDraw = False
365.1350 	EXP 	forgotten_text: autoDraw = False
365.1350 	EXP 	familiar_box: fillColor = 'blue'
365.3055 	DATA 	Mouse:  Left button up, pos=(702,177)
365.4354 	EXP 	New trial (rep=0, index=69): <Trial 69 (69 in rep 0) data={'image_name': 'Car accident 2.jpg', 'condition': 'old', 'thisN': 69, 'thisTrialN': 69, 'thisRepN': 0}>
365.4461 	EXP 	remember_box: fillColor = <class 'numpy.ndarray'>
365.4461 	EXP 	familiar_box: fillColor = <class 'numpy.ndarray'>
365.4461 	EXP 	forgotten_box: fillColor = <class 'numpy.ndarray'>
365.4461 	EXP 	stim_image: image = 'phase2_images/Car accident 2.jpg'
365.4461 	EXP 	fixation: autoDraw = True
366.4296 	EXP 	stim_image: autoDraw = True
366.4364 	EXP 	fixation: autoDraw = False
369.4183 	EXP 	stim_image: autoDraw = False
369.4281 	EXP 	text: autoDraw = True
369.4281 	EXP 	remember_box: autoDraw = True
369.4281 	EXP 	familiar_box: autoDraw = True
369.4281 	EXP 	forgotten_box: autoDraw = True
369.4281 	EXP 	remember_text: autoDraw = True
369.4281 	EXP 	familiar_text: autoDraw = True
369.4281 	EXP 	forgotten_text: autoDraw = True
370.1635 	DATA 	Mouse: Left button down, pos=(327,204)
370.1692 	EXP 	fixation: autoDraw = False
370.1692 	EXP 	stim_image: autoDraw = False
370.1692 	EXP 	text: autoDraw = False
370.1692 	EXP 	remember_box: autoDraw = False
370.1692 	EXP 	familiar_box: autoDraw = False
370.1692 	EXP 	forgotten_box: autoDraw = False
370.1692 	EXP 	remember_text: autoDraw = False
370.1692 	EXP 	familiar_text: autoDraw = False
370.1692 	EXP 	forgotten_text: autoDraw = False
370.1692 	EXP 	remember_box: fillColor = 'blue'
370.3515 	DATA 	Mouse:  Left button up, pos=(327,204)
370.4697 	EXP 	New trial (rep=0, index=70): <Trial 70 (70 in rep 0) data={'image_name': 'Wedding 12.jpg', 'condition': 'old', 'thisN': 70, 'thisTrialN': 70, 'thisRepN': 0}>
370.4805 	EXP 	remember_box: fillColor = <class 'numpy.ndarray'>
370.4805 	EXP 	familiar_box: fillColor = <class 'numpy.ndarray'>
370.4805 	EXP 	forgotten_box: fillColor = <class 'numpy.ndarray'>
370.4805 	EXP 	stim_image: image = 'phase2_images/Wedding 12.jpg'
370.4805 	EXP 	fixation: autoDraw = True
371.4630 	EXP 	stim_image: autoDraw = True
371.4698 	EXP 	fixation: autoDraw = False
374.4522 	EXP 	stim_image: autoDraw = False
374.4616 	EXP 	text: autoDraw = True
374.4616 	EXP 	remember_box: autoDraw = True
374.4616 	EXP 	familiar_box: autoDraw = True
374.4616 	EXP 	forgotten_box: autoDraw = True
374.4616 	EXP 	remember_text: autoDraw = True
374.4616 	EXP 	familiar_text: autoDraw = True
374.4616 	EXP 	forgotten_text: autoDraw = True
375.2365 	DATA 	Mouse: Left button down, pos=(656,186)
375.2519 	EXP 	fixation: autoDraw = False
375.2519 	EXP 	stim_image: autoDraw = False
375.2519 	EXP 	text: autoDraw = False
375.2519 	EXP 	remember_box: autoDraw = False
375.2519 	EXP 	familiar_box: autoDraw = False
375.2519 	EXP 	forgotten_box: autoDraw = False
375.2519 	EXP 	remember_text: autoDraw = False
375.2519 	EXP 	familiar_text: autoDraw = False
375.2519 	EXP 	forgotten_text: autoDraw = False
375.2519 	EXP 	familiar_box: fillColor = 'blue'
375.4465 	DATA 	Mouse:  Left button up, pos=(656,186)
375.5525 	EXP 	New trial (rep=0, index=71): <Trial 71 (71 in rep 0) data={'image_name': 'Sad face 9.jpg', 'condition': 'new', 'thisN': 71, 'thisTrialN': 71, 'thisRepN': 0}>
375.5630 	EXP 	remember_box: fillColor = <class 'numpy.ndarray'>
375.5630 	EXP 	familiar_box: fillColor = <class 'numpy.ndarray'>
375.5630 	EXP 	forgotten_box: fillColor = <class 'numpy.ndarray'>
375.5630 	EXP 	stim_image: image = 'phase2_images/Sad face 9.jpg'
375.5630 	EXP 	fixation: autoDraw = True
376.5533 	EXP 	fixation: autoDraw = False
376.5533 	EXP 	stim_image: autoDraw = True
379.5448 	EXP 	text: autoDraw = True
379.5448 	EXP 	remember_box: autoDraw = True
379.5448 	EXP 	familiar_box: autoDraw = True
379.5448 	EXP 	forgotten_box: autoDraw = True
379.5448 	EXP 	remember_text: autoDraw = True
379.5448 	EXP 	familiar_text: autoDraw = True
379.5448 	EXP 	forgotten_text: autoDraw = True
379.5525 	EXP 	stim_image: autoDraw = False
379.6968 	DATA 	Mouse: Left button down, pos=(665,191)
379.7026 	EXP 	fixation: autoDraw = False
379.7026 	EXP 	stim_image: autoDraw = False
379.7026 	EXP 	text: autoDraw = False
379.7026 	EXP 	remember_box: autoDraw = False
379.7026 	EXP 	familiar_box: autoDraw = False
379.7026 	EXP 	forgotten_box: autoDraw = False
379.7026 	EXP 	remember_text: autoDraw = False
379.7026 	EXP 	familiar_text: autoDraw = False
379.7026 	EXP 	forgotten_text: autoDraw = False
379.7026 	EXP 	familiar_box: fillColor = 'blue'
379.9396 	DATA 	Mouse:  Left button up, pos=(665,191)
380.0083 	EXP 	remember_box: fillColor = <class 'numpy.ndarray'>
380.0083 	EXP 	familiar_box: fillColor = <class 'numpy.ndarray'>
380.0083 	EXP 	forgotten_box: fillColor = <class 'numpy.ndarray'>
380.0083 	EXP 	thanks: autoDraw = True
381.0012 	EXP 	thanks: autoDraw = False
381.0012 	EXP 	thanks: autoDraw = False
381.0014 	EXP 	Phase 2 Canli Replication: status = STOPPED
381.0412 	INFO 	saved data to '/Users/vineesmacbook/Desktop/PsychoPy/Solo Project/data/sneha_Phase 2 Canli Replication_2025-11-16_12h40.58.327.csv'
381.0447 	INFO 	saved data to /Users/vineesmacbook/Desktop/PsychoPy/Solo Project/data/sneha_Phase 2 Canli Replication_2025-11-16_12h40.58.327.psydat
381.2898 	WARNING 	Stopping key buffers but this could be dangerous ifother keyboards rely on the same.
381.2899 	WARNING 	Stopping key buffers but this could be dangerous ifother keyboards rely on the same.
