115.7432 	INFO 	Loaded monitor calibration from ['2025_08_12 08:00']
115.9439 	INFO 	Using renderer 'Apple M2' for graphics
115.9440 	INFO 	OpenGL version supported by driver is 2..
115.9663 	EXP 	Created window1 = Window(allowGUI=True, allowStencil=False, autoLog=True, backendConf=UNKNOWN, backgroundFit=<method-wrapper '__getattribute__' of attributeSetter object at 0x14df91780>, backgroundImage=<method-wrapper '__getattribute__' of attributeSetter object at 0x14df91720>, bitsMode=UNKNOWN, blendMode='avg', bpc=(8, 8, 8), color=array([0.0039, 0.0039, 0.0039]), colorSpace='rgb', depthBits=8, fullscr=True, gamma=None, gammaErrorPolicy='raise', infoMsg=UNKNOWN, lms=UNKNOWN, monitor=<psychopy.monitors.calibTools.Monitor object at 0x14e11a5f0>, multiSample=False, name='window1', numSamples=2, pos=[np.float64(0.0), np.float64(0.0)], screen=0, size=array([2940, 1912]), stencilBits=0, stereo=False, title='PsychoPy', units='height', useFBO=True, useRetina=True, viewOri=0.0, viewPos=None, viewScale=None, waitBlanking=True, winType='pyglet')
115.9664 	EXP 	window1: backgroundImage = ''
115.9664 	EXP 	window1: backgroundFit = 'none'
116.5154 	EXP 	window1: Attempting to measure frame rate of screen (0) ...
116.5154 	EXP 	window1: recordFrameIntervals = False
116.6729 	EXP 	window1: recordFrameIntervals = True
117.5124 	WARNING 	Couldn't measure a consistent frame rate!
  - Is your graphics card set to sync to vertical blank?
  - Are you running other processes on your computer?

118.5190 	INFO 	keyboard.Keyboard is using ptb backend.
118.8561 	INFO 	keyboard.Keyboard is using ptb backend.
118.8561 	EXP 	Phase 2 Canli Replication: status = STARTED
118.9229 	EXP 	Created text_2 = TextStim(__class__=<class 'psychopy.visual.text.TextStim'>, alignHoriz=method-wrapper(...), alignText='center', alignVert=method-wrapper(...), anchorHoriz='center', anchorVert='center', antialias=True, autoDraw=False, autoLog=True, bold=False, color=array([1., 1., 1.]), colorSpace='rgb', contrast=1.0, depth=0.0, draggable=False, flipHoriz=False, flipVert=False, font='Arial', fontFiles=[], height=np.float64(0.04), italic=False, languageStyle='LTR', name='text_2', opacity=1, ori=0.0, pos=array([0., 0.]), rgb=UNKNOWN, text=str(...), units='height', win=Window(...), wrapWidth=1)
118.9278 	EXP 	Created fixation = ShapeStim(__class__=<class 'psychopy.visual.shape.ShapeStim'>, anchor=('center', 'center'), autoDraw=False, autoLog=True, closeShape=True, color=method-wrapper(...), colorSpace='rgb', contrast=None, depth=-1.0, draggable=False, fillColor=array([1, 1, 1]), fillColorSpace='rgb', fillRGB=array([1, 1, 1]), interpolate=True, lineColor=array([1., 1., 1.]), lineColorSpace='rgb', lineRGB=array([1, 1, 1]), lineWidth=1.0, name='fixation', opacity=1, ori=0.0, pos=array([0., 0.]), size=array([0.05, 0.05]), units='height', vertices=ndarray(...), win=Window(...), windingRule=None)
118.9638 	EXP 	Created stim_image = ImageStim(__class__=<class 'psychopy.visual.image.ImageStim'>, anchor=('center', 'center'), autoLog=True, color=array([1., 1., 1.]), colorSpace='rgb', contrast=1.0, depth=-2.0, draggable=False, flipHoriz=np.False_, flipVert=np.False_, image='default.png', interpolate=True, mask=None, maskParams=None, name='stim_image', opacity=1, ori=0.0, pos=array([0., 0.]), size=array([0.5, 0.5]), texRes=128.0, units='height', win=Window(...))
118.9713 	EXP 	Created text = TextStim(__class__=<class 'psychopy.visual.text.TextStim'>, alignHoriz=method-wrapper(...), alignText='center', alignVert=method-wrapper(...), anchorHoriz='center', anchorVert='center', antialias=True, autoDraw=False, autoLog=True, bold=False, color=array([1., 1., 1.]), colorSpace='rgb', contrast=1.0, depth=-3.0, draggable=False, flipHoriz=False, flipVert=False, font='Arial', fontFiles=[], height=np.float64(0.05), italic=False, languageStyle='LTR', name='text', opacity=1, ori=0.0, pos=array([0.  , 0.15]), rgb=UNKNOWN, text='Have you seen this image before?', units='height', win=Window(...), wrapWidth=1)
118.9725 	EXP 	Created remember_box = Rect(__class__=<class 'psychopy.visual.rect.Rect'>, anchor=('center', 'center'), autoDraw=False, autoLog=True, closeShape=True, color=method-wrapper(...), colorSpace='rgb', contrast=None, depth=-4.0, draggable=False, fillColor=array([1, 1, 1]), fillColorSpace='rgb', fillRGB=array([1, 1, 1]), interpolate=True, lineColor=array([1., 1., 1.]), lineColorSpace='rgb', lineRGB=array([1, 1, 1]), lineWidth=1.0, name='remember_box', opacity=1, ori=0.0, pos=array([-0.4, -0.3]), size=array([0.35, 0.1 ]), units='height', vertices=ndarray(...), win=Window(...))
118.9737 	EXP 	Created familiar_box = Rect(__class__=<class 'psychopy.visual.rect.Rect'>, anchor=('center', 'center'), autoDraw=False, autoLog=True, closeShape=True, color=method-wrapper(...), colorSpace='rgb', contrast=None, depth=-5.0, draggable=False, fillColor=array([1, 1, 1]), fillColorSpace='rgb', fillRGB=array([1, 1, 1]), interpolate=True, lineColor=array([1., 1., 1.]), lineColorSpace='rgb', lineRGB=array([1, 1, 1]), lineWidth=1.0, name='familiar_box', opacity=1, ori=0.0, pos=array([ 0. , -0.3]), size=array([0.35, 0.1 ]), units='height', vertices=ndarray(...), win=Window(...))
118.9747 	EXP 	Created forgotten_box = Rect(__class__=<class 'psychopy.visual.rect.Rect'>, anchor=('center', 'center'), autoDraw=False, autoLog=True, closeShape=True, color=method-wrapper(...), colorSpace='rgb', contrast=None, depth=-6.0, draggable=False, fillColor=array([1, 1, 1]), fillColorSpace='rgb', fillRGB=array([1, 1, 1]), interpolate=True, lineColor=array([1., 1., 1.]), lineColorSpace='rgb', lineRGB=array([1, 1, 1]), lineWidth=1.0, name='forgotten_box', opacity=1, ori=0.0, pos=array([ 0.4, -0.3]), size=array([0.35, 0.1 ]), units='height', vertices=ndarray(...), win=Window(...))
118.9773 	EXP 	Created remember_text = TextStim(__class__=<class 'psychopy.visual.text.TextStim'>, alignHoriz=method-wrapper(...), alignText='center', alignVert=method-wrapper(...), anchorHoriz='center', anchorVert='center', antialias=True, autoDraw=False, autoLog=True, bold=False, color=array([-1., -1., -1.]), colorSpace='rgb', contrast=1.0, depth=-7.0, draggable=False, flipHoriz=False, flipVert=False, font='Arial', fontFiles=[], height=np.float64(0.05), italic=False, languageStyle='LTR', name='remember_text', opacity=1, ori=0.0, pos=array([-0.4, -0.3]), rgb=UNKNOWN, text='Remembered', units='height', win=Window(...), wrapWidth=1)
118.9794 	EXP 	Created familiar_text = TextStim(__class__=<class 'psychopy.visual.text.TextStim'>, alignHoriz=method-wrapper(...), alignText='center', alignVert=method-wrapper(...), anchorHoriz='center', anchorVert='center', antialias=True, autoDraw=False, autoLog=True, bold=False, color=array([-1., -1., -1.]), colorSpace='rgb', contrast=1.0, depth=-8.0, draggable=False, flipHoriz=False, flipVert=False, font='Arial', fontFiles=[], height=np.float64(0.05), italic=False, languageStyle='LTR', name='familiar_text', opacity=1, ori=0.0, pos=array([ 0. , -0.3]), rgb=UNKNOWN, text='Familiar', units='height', win=Window(...), wrapWidth=1)
118.9811 	EXP 	Created forgotten_text = TextStim(__class__=<class 'psychopy.visual.text.TextStim'>, alignHoriz=method-wrapper(...), alignText='center', alignVert=method-wrapper(...), anchorHoriz='center', anchorVert='center', antialias=True, autoDraw=False, autoLog=True, bold=False, color=array([-1., -1., -1.]), colorSpace='rgb', contrast=1.0, depth=-9.0, draggable=False, flipHoriz=False, flipVert=False, font='Arial', fontFiles=[], height=np.float64(0.05), italic=False, languageStyle='LTR', name='forgotten_text', opacity=1, ori=0.0, pos=array([ 0.4, -0.3]), rgb=UNKNOWN, text='Forgotten', units='height', win=Window(...), wrapWidth=1)
118.9851 	EXP 	Created thanks = TextStim(__class__=<class 'psychopy.visual.text.TextStim'>, alignHoriz=method-wrapper(...), alignText='center', alignVert=method-wrapper(...), anchorHoriz='center', anchorVert='center', antialias=True, autoDraw=False, autoLog=True, bold=False, color=array([1., 1., 1.]), colorSpace='rgb', contrast=1.0, depth=0.0, draggable=False, flipHoriz=False, flipVert=False, font='Arial', fontFiles=[], height=np.float64(0.05), italic=False, languageStyle='LTR', name='thanks', opacity=1, ori=0.0, pos=array([0., 0.]), rgb=UNKNOWN, text='Thank you for taking part in the experiment!', units='height', win=Window(...), wrapWidth=1)
0.0209 	INFO 	Keyboard events cleared
0.0209 	EXP 	text_2: autoDraw = True
1.4082 	EXP 	Device response: <KeyPress from None: t=1.2179360830004953, value=f2, duration=None>
1.4084 	EXP 	Device response: <KeyPress from None: t=1.2179360830004953, value=f2, duration=0.09235325000008743>
1.4132 	WARNING 	t of last frame was 191.88ms (=1/5)
47.0243 	DATA 	Mouse: Left button down, pos=(726,578)
47.2072 	DATA 	Mouse:  Left button up, pos=(726,578)
47.4719 	EXP 	Device response: <KeyPress from None: t=47.46653525000056, value=space, duration=None>
47.4896 	EXP 	Imported phase2_conditions - Sheet1.csv as conditions, 72 conditions, 2 params
47.4921 	EXP 	New trial (rep=0, index=0): <Trial 0 (0 in rep 0) data={'image_name': 'Jail 1.jpg', 'condition': 'new', 'thisN': 0, 'thisTrialN': 0, 'thisRepN': 0}>
47.5131 	DATA 	Keypress: space
47.5178 	WARNING 	t of last frame was 47.11ms (=1/21)
47.5178 	EXP 	text_2: autoDraw = False
47.5178 	EXP 	stim_image: image = 'phase2_images/Jail 1.jpg'
47.5178 	EXP 	fixation: autoDraw = True
47.5871 	EXP 	Device response: <KeyPress from None: t=47.46653525000056, value=space, duration=0.11241320799945242>
48.4693 	EXP 	stim_image: autoDraw = True
48.5102 	EXP 	fixation: autoDraw = False
51.4589 	EXP 	stim_image: autoDraw = False
51.4778 	EXP 	text: autoDraw = True
51.4778 	EXP 	remember_box: autoDraw = True
51.4778 	EXP 	familiar_box: autoDraw = True
51.4778 	EXP 	forgotten_box: autoDraw = True
51.4778 	EXP 	remember_text: autoDraw = True
51.4778 	EXP 	familiar_text: autoDraw = True
51.4778 	EXP 	forgotten_text: autoDraw = True
57.0279 	DATA 	Mouse: Left button down, pos=(1052,201)
57.0358 	EXP 	fixation: autoDraw = False
57.0358 	EXP 	stim_image: autoDraw = False
57.0358 	EXP 	text: autoDraw = False
57.0358 	EXP 	remember_box: autoDraw = False
57.0358 	EXP 	familiar_box: autoDraw = False
57.0358 	EXP 	forgotten_box: autoDraw = False
57.0358 	EXP 	remember_text: autoDraw = False
57.0358 	EXP 	familiar_text: autoDraw = False
57.0358 	EXP 	forgotten_text: autoDraw = False
57.0358 	EXP 	forgotten_box: fillColor = 'blue'
57.1277 	DATA 	Mouse:  Left button up, pos=(1052,201)
57.3363 	EXP 	New trial (rep=0, index=1): <Trial 1 (1 in rep 0) data={'image_name': 'Dog 24.jpg', 'condition': 'old', 'thisN': 1, 'thisTrialN': 1, 'thisRepN': 0}>
57.3493 	WARNING 	t of last frame was 313.54ms (=1/3)
57.3493 	EXP 	remember_box: fillColor = <class 'numpy.ndarray'>
57.3493 	EXP 	familiar_box: fillColor = <class 'numpy.ndarray'>
57.3493 	EXP 	forgotten_box: fillColor = <class 'numpy.ndarray'>
57.3493 	EXP 	stim_image: image = 'phase2_images/Dog 24.jpg'
57.3493 	EXP 	fixation: autoDraw = True
58.3277 	EXP 	stim_image: autoDraw = True
58.3437 	EXP 	fixation: autoDraw = False
61.3302 	EXP 	stim_image: autoDraw = False
61.3302 	EXP 	text: autoDraw = True
61.3302 	EXP 	remember_box: autoDraw = True
61.3302 	EXP 	familiar_box: autoDraw = True
61.3302 	EXP 	forgotten_box: autoDraw = True
61.3302 	EXP 	remember_text: autoDraw = True
61.3302 	EXP 	familiar_text: autoDraw = True
61.3302 	EXP 	forgotten_text: autoDraw = True
63.0394 	DATA 	Mouse: Left button down, pos=(480,220)
63.0539 	EXP 	fixation: autoDraw = False
63.0539 	EXP 	stim_image: autoDraw = False
63.0539 	EXP 	text: autoDraw = False
63.0539 	EXP 	remember_box: autoDraw = False
63.0539 	EXP 	familiar_box: autoDraw = False
63.0539 	EXP 	forgotten_box: autoDraw = False
63.0539 	EXP 	remember_text: autoDraw = False
63.0539 	EXP 	familiar_text: autoDraw = False
63.0539 	EXP 	forgotten_text: autoDraw = False
63.0539 	EXP 	remember_box: fillColor = 'blue'
63.1683 	DATA 	Mouse:  Left button up, pos=(480,220)
63.3543 	EXP 	New trial (rep=0, index=2): <Trial 2 (2 in rep 0) data={'image_name': 'Explosion 5.jpg', 'condition': 'new', 'thisN': 2, 'thisTrialN': 2, 'thisRepN': 0}>
63.3647 	WARNING 	t of last frame was 310.84ms (=1/3)
63.3647 	EXP 	remember_box: fillColor = <class 'numpy.ndarray'>
63.3647 	EXP 	familiar_box: fillColor = <class 'numpy.ndarray'>
63.3647 	EXP 	forgotten_box: fillColor = <class 'numpy.ndarray'>
63.3647 	EXP 	stim_image: image = 'phase2_images/Explosion 5.jpg'
63.3647 	EXP 	fixation: autoDraw = True
64.3446 	EXP 	stim_image: autoDraw = True
64.3598 	EXP 	fixation: autoDraw = False
67.3473 	EXP 	stim_image: autoDraw = False
67.3473 	EXP 	text: autoDraw = True
67.3473 	EXP 	remember_box: autoDraw = True
67.3473 	EXP 	familiar_box: autoDraw = True
67.3473 	EXP 	forgotten_box: autoDraw = True
67.3473 	EXP 	remember_text: autoDraw = True
67.3473 	EXP 	familiar_text: autoDraw = True
67.3473 	EXP 	forgotten_text: autoDraw = True
69.5448 	DATA 	Mouse: Left button down, pos=(813,212)
69.5586 	EXP 	fixation: autoDraw = False
69.5586 	EXP 	stim_image: autoDraw = False
69.5586 	EXP 	text: autoDraw = False
69.5586 	EXP 	remember_box: autoDraw = False
69.5586 	EXP 	familiar_box: autoDraw = False
69.5586 	EXP 	forgotten_box: autoDraw = False
69.5586 	EXP 	remember_text: autoDraw = False
69.5586 	EXP 	familiar_text: autoDraw = False
69.5586 	EXP 	forgotten_text: autoDraw = False
69.5586 	EXP 	familiar_box: fillColor = 'blue'
69.6395 	DATA 	Mouse:  Left button up, pos=(813,212)
69.8591 	EXP 	New trial (rep=0, index=3): <Trial 3 (3 in rep 0) data={'image_name': 'Bloody knife 1.jpg', 'condition': 'new', 'thisN': 3, 'thisTrialN': 3, 'thisRepN': 0}>
69.8713 	WARNING 	Multiple dropped frames have occurred - I'll stop bothering you about them!
69.8713 	EXP 	remember_box: fillColor = <class 'numpy.ndarray'>
69.8713 	EXP 	familiar_box: fillColor = <class 'numpy.ndarray'>
69.8713 	EXP 	forgotten_box: fillColor = <class 'numpy.ndarray'>
69.8713 	EXP 	stim_image: image = 'phase2_images/Bloody knife 1.jpg'
69.8713 	EXP 	fixation: autoDraw = True
70.8539 	EXP 	stim_image: autoDraw = True
70.8604 	EXP 	fixation: autoDraw = False
73.8423 	EXP 	stim_image: autoDraw = False
73.8524 	EXP 	text: autoDraw = True
73.8524 	EXP 	remember_box: autoDraw = True
73.8524 	EXP 	familiar_box: autoDraw = True
73.8524 	EXP 	forgotten_box: autoDraw = True
73.8524 	EXP 	remember_text: autoDraw = True
73.8524 	EXP 	familiar_text: autoDraw = True
73.8524 	EXP 	forgotten_text: autoDraw = True
74.6538 	DATA 	Mouse: Left button down, pos=(1047,193)
74.6590 	EXP 	fixation: autoDraw = False
74.6590 	EXP 	stim_image: autoDraw = False
74.6590 	EXP 	text: autoDraw = False
74.6590 	EXP 	remember_box: autoDraw = False
74.6590 	EXP 	familiar_box: autoDraw = False
74.6590 	EXP 	forgotten_box: autoDraw = False
74.6590 	EXP 	remember_text: autoDraw = False
74.6590 	EXP 	familiar_text: autoDraw = False
74.6590 	EXP 	forgotten_text: autoDraw = False
74.6590 	EXP 	forgotten_box: fillColor = 'blue'
74.7766 	DATA 	Mouse:  Left button up, pos=(1047,193)
74.9594 	EXP 	New trial (rep=0, index=4): <Trial 4 (4 in rep 0) data={'image_name': 'Rocks 1.jpg', 'condition': 'new', 'thisN': 4, 'thisTrialN': 4, 'thisRepN': 0}>
74.9708 	EXP 	remember_box: fillColor = <class 'numpy.ndarray'>
74.9708 	EXP 	familiar_box: fillColor = <class 'numpy.ndarray'>
74.9708 	EXP 	forgotten_box: fillColor = <class 'numpy.ndarray'>
74.9708 	EXP 	stim_image: image = 'phase2_images/Rocks 1.jpg'
74.9708 	EXP 	fixation: autoDraw = True
75.9539 	EXP 	stim_image: autoDraw = True
75.9599 	EXP 	fixation: autoDraw = False
78.9425 	EXP 	stim_image: autoDraw = False
78.9527 	EXP 	text: autoDraw = True
78.9527 	EXP 	remember_box: autoDraw = True
78.9527 	EXP 	familiar_box: autoDraw = True
78.9527 	EXP 	forgotten_box: autoDraw = True
78.9527 	EXP 	remember_text: autoDraw = True
78.9527 	EXP 	familiar_text: autoDraw = True
78.9527 	EXP 	forgotten_text: autoDraw = True
81.5777 	DATA 	Mouse: Left button down, pos=(652,182)
81.5867 	EXP 	fixation: autoDraw = False
81.5867 	EXP 	stim_image: autoDraw = False
81.5867 	EXP 	text: autoDraw = False
81.5867 	EXP 	remember_box: autoDraw = False
81.5867 	EXP 	familiar_box: autoDraw = False
81.5867 	EXP 	forgotten_box: autoDraw = False
81.5867 	EXP 	remember_text: autoDraw = False
81.5867 	EXP 	familiar_text: autoDraw = False
81.5867 	EXP 	forgotten_text: autoDraw = False
81.5867 	EXP 	familiar_box: fillColor = 'blue'
81.6957 	DATA 	Mouse:  Left button up, pos=(652,182)
81.8871 	EXP 	New trial (rep=0, index=5): <Trial 5 (5 in rep 0) data={'image_name': 'Horse racing 1.jpg', 'condition': 'new', 'thisN': 5, 'thisTrialN': 5, 'thisRepN': 0}>
81.8983 	EXP 	remember_box: fillColor = <class 'numpy.ndarray'>
81.8983 	EXP 	familiar_box: fillColor = <class 'numpy.ndarray'>
81.8983 	EXP 	forgotten_box: fillColor = <class 'numpy.ndarray'>
81.8983 	EXP 	stim_image: image = 'phase2_images/Horse racing 1.jpg'
81.8983 	EXP 	fixation: autoDraw = True
82.8772 	EXP 	stim_image: autoDraw = True
82.8920 	EXP 	fixation: autoDraw = False
85.8821 	EXP 	stim_image: autoDraw = False
85.8821 	EXP 	text: autoDraw = True
85.8821 	EXP 	remember_box: autoDraw = True
85.8821 	EXP 	familiar_box: autoDraw = True
85.8821 	EXP 	forgotten_box: autoDraw = True
85.8821 	EXP 	remember_text: autoDraw = True
85.8821 	EXP 	familiar_text: autoDraw = True
85.8821 	EXP 	forgotten_text: autoDraw = True
87.1863 	DATA 	Mouse: Left button down, pos=(1119,198)
87.1922 	EXP 	fixation: autoDraw = False
87.1922 	EXP 	stim_image: autoDraw = False
87.1922 	EXP 	text: autoDraw = False
87.1922 	EXP 	remember_box: autoDraw = False
87.1922 	EXP 	familiar_box: autoDraw = False
87.1922 	EXP 	forgotten_box: autoDraw = False
87.1922 	EXP 	remember_text: autoDraw = False
87.1922 	EXP 	familiar_text: autoDraw = False
87.1922 	EXP 	forgotten_text: autoDraw = False
87.1922 	EXP 	forgotten_box: fillColor = 'blue'
87.2859 	DATA 	Mouse:  Left button up, pos=(1119,198)
87.4926 	EXP 	New trial (rep=0, index=6): <Trial 6 (6 in rep 0) data={'image_name': 'Pig 2.jpg', 'condition': 'old', 'thisN': 6, 'thisTrialN': 6, 'thisRepN': 0}>
87.5045 	EXP 	remember_box: fillColor = <class 'numpy.ndarray'>
87.5045 	EXP 	familiar_box: fillColor = <class 'numpy.ndarray'>
87.5045 	EXP 	forgotten_box: fillColor = <class 'numpy.ndarray'>
87.5045 	EXP 	stim_image: image = 'phase2_images/Pig 2.jpg'
87.5045 	EXP 	fixation: autoDraw = True
88.4872 	EXP 	stim_image: autoDraw = True
88.4934 	EXP 	fixation: autoDraw = False
91.4763 	EXP 	stim_image: autoDraw = False
91.4865 	EXP 	text: autoDraw = True
91.4865 	EXP 	remember_box: autoDraw = True
91.4865 	EXP 	familiar_box: autoDraw = True
91.4865 	EXP 	forgotten_box: autoDraw = True
91.4865 	EXP 	remember_text: autoDraw = True
91.4865 	EXP 	familiar_text: autoDraw = True
91.4865 	EXP 	forgotten_text: autoDraw = True
91.9431 	DATA 	Mouse: Left button down, pos=(1084,161)
91.9535 	EXP 	fixation: autoDraw = False
91.9535 	EXP 	stim_image: autoDraw = False
91.9535 	EXP 	text: autoDraw = False
91.9535 	EXP 	remember_box: autoDraw = False
91.9535 	EXP 	familiar_box: autoDraw = False
91.9535 	EXP 	forgotten_box: autoDraw = False
91.9535 	EXP 	remember_text: autoDraw = False
91.9535 	EXP 	familiar_text: autoDraw = False
91.9535 	EXP 	forgotten_text: autoDraw = False
91.9535 	EXP 	forgotten_box: fillColor = 'blue'
92.0629 	DATA 	Mouse:  Left button up, pos=(1084,161)
92.2539 	EXP 	New trial (rep=0, index=7): <Trial 7 (7 in rep 0) data={'image_name': 'Feces 1.jpg', 'condition': 'new', 'thisN': 7, 'thisTrialN': 7, 'thisRepN': 0}>
92.2652 	EXP 	remember_box: fillColor = <class 'numpy.ndarray'>
92.2652 	EXP 	familiar_box: fillColor = <class 'numpy.ndarray'>
92.2652 	EXP 	forgotten_box: fillColor = <class 'numpy.ndarray'>
92.2652 	EXP 	stim_image: image = 'phase2_images/Feces 1.jpg'
92.2652 	EXP 	fixation: autoDraw = True
93.2434 	EXP 	stim_image: autoDraw = True
93.2585 	EXP 	fixation: autoDraw = False
96.2370 	EXP 	stim_image: autoDraw = False
96.2459 	EXP 	text: autoDraw = True
96.2459 	EXP 	remember_box: autoDraw = True
96.2459 	EXP 	familiar_box: autoDraw = True
96.2459 	EXP 	forgotten_box: autoDraw = True
96.2459 	EXP 	remember_text: autoDraw = True
96.2459 	EXP 	familiar_text: autoDraw = True
96.2459 	EXP 	forgotten_text: autoDraw = True
97.1028 	DATA 	Mouse: Left button down, pos=(729,184)
97.1079 	EXP 	fixation: autoDraw = False
97.1079 	EXP 	stim_image: autoDraw = False
97.1079 	EXP 	text: autoDraw = False
97.1079 	EXP 	remember_box: autoDraw = False
97.1079 	EXP 	familiar_box: autoDraw = False
97.1079 	EXP 	forgotten_box: autoDraw = False
97.1079 	EXP 	remember_text: autoDraw = False
97.1079 	EXP 	familiar_text: autoDraw = False
97.1079 	EXP 	forgotten_text: autoDraw = False
97.1079 	EXP 	familiar_box: fillColor = 'blue'
97.2119 	DATA 	Mouse:  Left button up, pos=(729,184)
97.4083 	EXP 	New trial (rep=0, index=8): <Trial 8 (8 in rep 0) data={'image_name': 'Police 2.jpg', 'condition': 'old', 'thisN': 8, 'thisTrialN': 8, 'thisRepN': 0}>
97.4192 	EXP 	remember_box: fillColor = <class 'numpy.ndarray'>
97.4192 	EXP 	familiar_box: fillColor = <class 'numpy.ndarray'>
97.4192 	EXP 	forgotten_box: fillColor = <class 'numpy.ndarray'>
97.4192 	EXP 	stim_image: image = 'phase2_images/Police 2.jpg'
97.4192 	EXP 	fixation: autoDraw = True
98.4038 	EXP 	stim_image: autoDraw = True
98.4101 	EXP 	fixation: autoDraw = False
101.3919 	EXP 	stim_image: autoDraw = False
101.4021 	EXP 	text: autoDraw = True
101.4021 	EXP 	remember_box: autoDraw = True
101.4021 	EXP 	familiar_box: autoDraw = True
101.4021 	EXP 	forgotten_box: autoDraw = True
101.4021 	EXP 	remember_text: autoDraw = True
101.4021 	EXP 	familiar_text: autoDraw = True
101.4021 	EXP 	forgotten_text: autoDraw = True
102.9041 	DATA 	Mouse: Left button down, pos=(411,167)
102.9096 	EXP 	fixation: autoDraw = False
102.9096 	EXP 	stim_image: autoDraw = False
102.9096 	EXP 	text: autoDraw = False
102.9096 	EXP 	remember_box: autoDraw = False
102.9096 	EXP 	familiar_box: autoDraw = False
102.9096 	EXP 	forgotten_box: autoDraw = False
102.9096 	EXP 	remember_text: autoDraw = False
102.9096 	EXP 	familiar_text: autoDraw = False
102.9096 	EXP 	forgotten_text: autoDraw = False
102.9096 	EXP 	remember_box: fillColor = 'blue'
102.9796 	DATA 	Mouse:  Left button up, pos=(412,167)
103.2099 	EXP 	New trial (rep=0, index=9): <Trial 9 (9 in rep 0) data={'image_name': 'Band 1.jpg', 'condition': 'old', 'thisN': 9, 'thisTrialN': 9, 'thisRepN': 0}>
103.2216 	EXP 	remember_box: fillColor = <class 'numpy.ndarray'>
103.2216 	EXP 	familiar_box: fillColor = <class 'numpy.ndarray'>
103.2216 	EXP 	forgotten_box: fillColor = <class 'numpy.ndarray'>
103.2216 	EXP 	stim_image: image = 'phase2_images/Band 1.jpg'
103.2216 	EXP 	fixation: autoDraw = True
104.2037 	EXP 	stim_image: autoDraw = True
104.2203 	EXP 	fixation: autoDraw = False
107.1922 	EXP 	stim_image: autoDraw = False
107.2026 	EXP 	text: autoDraw = True
107.2026 	EXP 	remember_box: autoDraw = True
107.2026 	EXP 	familiar_box: autoDraw = True
107.2026 	EXP 	forgotten_box: autoDraw = True
107.2026 	EXP 	remember_text: autoDraw = True
107.2026 	EXP 	familiar_text: autoDraw = True
107.2026 	EXP 	forgotten_text: autoDraw = True
108.0402 	DATA 	Mouse: Left button down, pos=(442,187)
108.0525 	EXP 	fixation: autoDraw = False
108.0525 	EXP 	stim_image: autoDraw = False
108.0525 	EXP 	text: autoDraw = False
108.0525 	EXP 	remember_box: autoDraw = False
108.0525 	EXP 	familiar_box: autoDraw = False
108.0525 	EXP 	forgotten_box: autoDraw = False
108.0525 	EXP 	remember_text: autoDraw = False
108.0525 	EXP 	familiar_text: autoDraw = False
108.0525 	EXP 	forgotten_text: autoDraw = False
108.0525 	EXP 	remember_box: fillColor = 'blue'
108.1929 	DATA 	Mouse:  Left button up, pos=(442,187)
108.3529 	EXP 	New trial (rep=0, index=10): <Trial 10 (10 in rep 0) data={'image_name': 'Wedding 12.jpg', 'condition': 'old', 'thisN': 10, 'thisTrialN': 10, 'thisRepN': 0}>
108.3636 	EXP 	remember_box: fillColor = <class 'numpy.ndarray'>
108.3636 	EXP 	familiar_box: fillColor = <class 'numpy.ndarray'>
108.3636 	EXP 	forgotten_box: fillColor = <class 'numpy.ndarray'>
108.3636 	EXP 	stim_image: image = 'phase2_images/Wedding 12.jpg'
108.3636 	EXP 	fixation: autoDraw = True
109.3439 	EXP 	stim_image: autoDraw = True
109.3586 	EXP 	fixation: autoDraw = False
112.3470 	EXP 	stim_image: autoDraw = False
112.3470 	EXP 	text: autoDraw = True
112.3470 	EXP 	remember_box: autoDraw = True
112.3470 	EXP 	familiar_box: autoDraw = True
112.3470 	EXP 	forgotten_box: autoDraw = True
112.3470 	EXP 	remember_text: autoDraw = True
112.3470 	EXP 	familiar_text: autoDraw = True
112.3470 	EXP 	forgotten_text: autoDraw = True
112.7873 	DATA 	Mouse: Left button down, pos=(1004,226)
112.7932 	EXP 	fixation: autoDraw = False
112.7932 	EXP 	stim_image: autoDraw = False
112.7932 	EXP 	text: autoDraw = False
112.7932 	EXP 	remember_box: autoDraw = False
112.7932 	EXP 	familiar_box: autoDraw = False
112.7932 	EXP 	forgotten_box: autoDraw = False
112.7932 	EXP 	remember_text: autoDraw = False
112.7932 	EXP 	familiar_text: autoDraw = False
112.7932 	EXP 	forgotten_text: autoDraw = False
112.7932 	EXP 	forgotten_box: fillColor = 'blue'
112.9013 	DATA 	Mouse:  Left button up, pos=(1005,226)
113.0936 	EXP 	New trial (rep=0, index=11): <Trial 11 (11 in rep 0) data={'image_name': 'Shot 3.jpg', 'condition': 'old', 'thisN': 11, 'thisTrialN': 11, 'thisRepN': 0}>
113.1035 	EXP 	remember_box: fillColor = <class 'numpy.ndarray'>
113.1035 	EXP 	familiar_box: fillColor = <class 'numpy.ndarray'>
113.1035 	EXP 	forgotten_box: fillColor = <class 'numpy.ndarray'>
113.1035 	EXP 	stim_image: image = 'phase2_images/Shot 3.jpg'
113.1035 	EXP 	fixation: autoDraw = True
114.0932 	EXP 	fixation: autoDraw = False
114.0932 	EXP 	stim_image: autoDraw = True
117.0883 	EXP 	stim_image: autoDraw = False
117.0883 	EXP 	text: autoDraw = True
117.0883 	EXP 	remember_box: autoDraw = True
117.0883 	EXP 	familiar_box: autoDraw = True
117.0883 	EXP 	forgotten_box: autoDraw = True
117.0883 	EXP 	remember_text: autoDraw = True
117.0883 	EXP 	familiar_text: autoDraw = True
117.0883 	EXP 	forgotten_text: autoDraw = True
117.4930 	DATA 	Mouse: Left button down, pos=(418,166)
117.5034 	EXP 	fixation: autoDraw = False
117.5034 	EXP 	stim_image: autoDraw = False
117.5034 	EXP 	text: autoDraw = False
117.5034 	EXP 	remember_box: autoDraw = False
117.5034 	EXP 	familiar_box: autoDraw = False
117.5034 	EXP 	forgotten_box: autoDraw = False
117.5034 	EXP 	remember_text: autoDraw = False
117.5034 	EXP 	familiar_text: autoDraw = False
117.5034 	EXP 	forgotten_text: autoDraw = False
117.5034 	EXP 	remember_box: fillColor = 'blue'
117.5965 	DATA 	Mouse:  Left button up, pos=(418,166)
117.8038 	EXP 	New trial (rep=0, index=12): <Trial 12 (12 in rep 0) data={'image_name': 'Gun 5.jpg', 'condition': 'old', 'thisN': 12, 'thisTrialN': 12, 'thisRepN': 0}>
117.8147 	EXP 	remember_box: fillColor = <class 'numpy.ndarray'>
117.8147 	EXP 	familiar_box: fillColor = <class 'numpy.ndarray'>
117.8147 	EXP 	forgotten_box: fillColor = <class 'numpy.ndarray'>
117.8147 	EXP 	stim_image: image = 'phase2_images/Gun 5.jpg'
117.8147 	EXP 	fixation: autoDraw = True
118.7932 	EXP 	stim_image: autoDraw = True
118.8093 	EXP 	fixation: autoDraw = False
121.7869 	EXP 	stim_image: autoDraw = False
121.7974 	EXP 	text: autoDraw = True
121.7974 	EXP 	remember_box: autoDraw = True
121.7974 	EXP 	familiar_box: autoDraw = True
121.7974 	EXP 	forgotten_box: autoDraw = True
121.7974 	EXP 	remember_text: autoDraw = True
121.7974 	EXP 	familiar_text: autoDraw = True
121.7974 	EXP 	forgotten_text: autoDraw = True
122.8230 	DATA 	Mouse: Left button down, pos=(417,166)
122.8366 	EXP 	fixation: autoDraw = False
122.8366 	EXP 	stim_image: autoDraw = False
122.8366 	EXP 	text: autoDraw = False
122.8366 	EXP 	remember_box: autoDraw = False
122.8366 	EXP 	familiar_box: autoDraw = False
122.8366 	EXP 	forgotten_box: autoDraw = False
122.8366 	EXP 	remember_text: autoDraw = False
122.8366 	EXP 	familiar_text: autoDraw = False
122.8366 	EXP 	forgotten_text: autoDraw = False
122.8366 	EXP 	remember_box: fillColor = 'blue'
122.9189 	DATA 	Mouse:  Left button up, pos=(417,166)
123.1371 	EXP 	New trial (rep=0, index=13): <Trial 13 (13 in rep 0) data={'image_name': 'War 8.jpg', 'condition': 'old', 'thisN': 13, 'thisTrialN': 13, 'thisRepN': 0}>
123.1482 	EXP 	remember_box: fillColor = <class 'numpy.ndarray'>
123.1482 	EXP 	familiar_box: fillColor = <class 'numpy.ndarray'>
123.1482 	EXP 	forgotten_box: fillColor = <class 'numpy.ndarray'>
123.1482 	EXP 	stim_image: image = 'phase2_images/War 8.jpg'
123.1482 	EXP 	fixation: autoDraw = True
124.1272 	EXP 	stim_image: autoDraw = True
124.1427 	EXP 	fixation: autoDraw = False
127.1293 	EXP 	stim_image: autoDraw = False
127.1293 	EXP 	text: autoDraw = True
127.1293 	EXP 	remember_box: autoDraw = True
127.1293 	EXP 	familiar_box: autoDraw = True
127.1293 	EXP 	forgotten_box: autoDraw = True
127.1293 	EXP 	remember_text: autoDraw = True
127.1293 	EXP 	familiar_text: autoDraw = True
127.1293 	EXP 	forgotten_text: autoDraw = True
129.9706 	DATA 	Mouse: Left button down, pos=(1008,190)
129.9762 	EXP 	fixation: autoDraw = False
129.9762 	EXP 	stim_image: autoDraw = False
129.9762 	EXP 	text: autoDraw = False
129.9762 	EXP 	remember_box: autoDraw = False
129.9762 	EXP 	familiar_box: autoDraw = False
129.9762 	EXP 	forgotten_box: autoDraw = False
129.9762 	EXP 	remember_text: autoDraw = False
129.9762 	EXP 	familiar_text: autoDraw = False
129.9762 	EXP 	forgotten_text: autoDraw = False
129.9762 	EXP 	forgotten_box: fillColor = 'blue'
130.0578 	DATA 	Mouse:  Left button up, pos=(1008,189)
130.2766 	EXP 	New trial (rep=0, index=14): <Trial 14 (14 in rep 0) data={'image_name': 'Statue 2.jpg', 'condition': 'new', 'thisN': 14, 'thisTrialN': 14, 'thisRepN': 0}>
130.2874 	EXP 	remember_box: fillColor = <class 'numpy.ndarray'>
130.2874 	EXP 	familiar_box: fillColor = <class 'numpy.ndarray'>
130.2874 	EXP 	forgotten_box: fillColor = <class 'numpy.ndarray'>
130.2874 	EXP 	stim_image: image = 'phase2_images/Statue 2.jpg'
130.2874 	EXP 	fixation: autoDraw = True
131.2701 	EXP 	stim_image: autoDraw = True
131.2762 	EXP 	fixation: autoDraw = False
134.2576 	EXP 	stim_image: autoDraw = False
134.2798 	EXP 	text: autoDraw = True
134.2798 	EXP 	remember_box: autoDraw = True
134.2798 	EXP 	familiar_box: autoDraw = True
134.2798 	EXP 	forgotten_box: autoDraw = True
134.2798 	EXP 	remember_text: autoDraw = True
134.2798 	EXP 	familiar_text: autoDraw = True
134.2798 	EXP 	forgotten_text: autoDraw = True
134.5949 	DATA 	Mouse: Left button down, pos=(1067,187)
134.6089 	EXP 	fixation: autoDraw = False
134.6089 	EXP 	stim_image: autoDraw = False
134.6089 	EXP 	text: autoDraw = False
134.6089 	EXP 	remember_box: autoDraw = False
134.6089 	EXP 	familiar_box: autoDraw = False
134.6089 	EXP 	forgotten_box: autoDraw = False
134.6089 	EXP 	remember_text: autoDraw = False
134.6089 	EXP 	familiar_text: autoDraw = False
134.6089 	EXP 	forgotten_text: autoDraw = False
134.6089 	EXP 	forgotten_box: fillColor = 'blue'
134.7144 	DATA 	Mouse:  Left button up, pos=(1067,187)
134.9093 	EXP 	New trial (rep=0, index=15): <Trial 15 (15 in rep 0) data={'image_name': 'Grass 6.jpg', 'condition': 'old', 'thisN': 15, 'thisTrialN': 15, 'thisRepN': 0}>
134.9194 	EXP 	remember_box: fillColor = <class 'numpy.ndarray'>
134.9194 	EXP 	familiar_box: fillColor = <class 'numpy.ndarray'>
134.9194 	EXP 	forgotten_box: fillColor = <class 'numpy.ndarray'>
134.9194 	EXP 	stim_image: image = 'phase2_images/Grass 6.jpg'
134.9194 	EXP 	fixation: autoDraw = True
135.9032 	EXP 	stim_image: autoDraw = True
135.9087 	EXP 	fixation: autoDraw = False
138.8923 	EXP 	stim_image: autoDraw = False
138.9018 	EXP 	text: autoDraw = True
138.9018 	EXP 	remember_box: autoDraw = True
138.9018 	EXP 	familiar_box: autoDraw = True
138.9018 	EXP 	forgotten_box: autoDraw = True
138.9018 	EXP 	remember_text: autoDraw = True
138.9018 	EXP 	familiar_text: autoDraw = True
138.9018 	EXP 	forgotten_text: autoDraw = True
139.4209 	DATA 	Mouse: Left button down, pos=(433,160)
139.4268 	EXP 	fixation: autoDraw = False
139.4268 	EXP 	stim_image: autoDraw = False
139.4268 	EXP 	text: autoDraw = False
139.4268 	EXP 	remember_box: autoDraw = False
139.4268 	EXP 	familiar_box: autoDraw = False
139.4268 	EXP 	forgotten_box: autoDraw = False
139.4268 	EXP 	remember_text: autoDraw = False
139.4268 	EXP 	familiar_text: autoDraw = False
139.4268 	EXP 	forgotten_text: autoDraw = False
139.4268 	EXP 	remember_box: fillColor = 'blue'
139.5368 	DATA 	Mouse:  Left button up, pos=(433,160)
139.7272 	EXP 	New trial (rep=0, index=16): <Trial 16 (16 in rep 0) data={'image_name': 'Child labor 2.jpg', 'condition': 'old', 'thisN': 16, 'thisTrialN': 16, 'thisRepN': 0}>
139.7374 	EXP 	remember_box: fillColor = <class 'numpy.ndarray'>
139.7374 	EXP 	familiar_box: fillColor = <class 'numpy.ndarray'>
139.7374 	EXP 	forgotten_box: fillColor = <class 'numpy.ndarray'>
139.7374 	EXP 	stim_image: image = 'phase2_images/Child labor 2.jpg'
139.7374 	EXP 	fixation: autoDraw = True
140.7268 	EXP 	fixation: autoDraw = False
140.7268 	EXP 	stim_image: autoDraw = True
143.7301 	EXP 	stim_image: autoDraw = False
143.7301 	EXP 	text: autoDraw = True
143.7301 	EXP 	remember_box: autoDraw = True
143.7301 	EXP 	familiar_box: autoDraw = True
143.7301 	EXP 	forgotten_box: autoDraw = True
143.7301 	EXP 	remember_text: autoDraw = True
143.7301 	EXP 	familiar_text: autoDraw = True
143.7301 	EXP 	forgotten_text: autoDraw = True
144.5887 	DATA 	Mouse: Left button down, pos=(433,160)
144.6033 	EXP 	fixation: autoDraw = False
144.6033 	EXP 	stim_image: autoDraw = False
144.6033 	EXP 	text: autoDraw = False
144.6033 	EXP 	remember_box: autoDraw = False
144.6033 	EXP 	familiar_box: autoDraw = False
144.6033 	EXP 	forgotten_box: autoDraw = False
144.6033 	EXP 	remember_text: autoDraw = False
144.6033 	EXP 	familiar_text: autoDraw = False
144.6033 	EXP 	forgotten_text: autoDraw = False
144.6033 	EXP 	remember_box: fillColor = 'blue'
144.7511 	DATA 	Mouse:  Left button up, pos=(433,160)
144.9038 	EXP 	New trial (rep=0, index=17): <Trial 17 (17 in rep 0) data={'image_name': 'Skyscraper 1.jpg', 'condition': 'old', 'thisN': 17, 'thisTrialN': 17, 'thisRepN': 0}>
144.9157 	EXP 	remember_box: fillColor = <class 'numpy.ndarray'>
144.9157 	EXP 	familiar_box: fillColor = <class 'numpy.ndarray'>
144.9157 	EXP 	forgotten_box: fillColor = <class 'numpy.ndarray'>
144.9157 	EXP 	stim_image: image = 'phase2_images/Skyscraper 1.jpg'
144.9157 	EXP 	fixation: autoDraw = True
145.8936 	EXP 	stim_image: autoDraw = True
145.9072 	EXP 	fixation: autoDraw = False
148.8957 	EXP 	stim_image: autoDraw = False
148.8957 	EXP 	text: autoDraw = True
148.8957 	EXP 	remember_box: autoDraw = True
148.8957 	EXP 	familiar_box: autoDraw = True
148.8957 	EXP 	forgotten_box: autoDraw = True
148.8957 	EXP 	remember_text: autoDraw = True
148.8957 	EXP 	familiar_text: autoDraw = True
148.8957 	EXP 	forgotten_text: autoDraw = True
149.5541 	DATA 	Mouse: Left button down, pos=(433,160)
149.5598 	EXP 	fixation: autoDraw = False
149.5598 	EXP 	stim_image: autoDraw = False
149.5598 	EXP 	text: autoDraw = False
149.5598 	EXP 	remember_box: autoDraw = False
149.5598 	EXP 	familiar_box: autoDraw = False
149.5598 	EXP 	forgotten_box: autoDraw = False
149.5598 	EXP 	remember_text: autoDraw = False
149.5598 	EXP 	familiar_text: autoDraw = False
149.5598 	EXP 	forgotten_text: autoDraw = False
149.5598 	EXP 	remember_box: fillColor = 'blue'
149.6625 	DATA 	Mouse:  Left button up, pos=(433,160)
149.8601 	EXP 	New trial (rep=0, index=18): <Trial 18 (18 in rep 0) data={'image_name': 'Timber 2.jpg', 'condition': 'new', 'thisN': 18, 'thisTrialN': 18, 'thisRepN': 0}>
149.8721 	EXP 	remember_box: fillColor = <class 'numpy.ndarray'>
149.8721 	EXP 	familiar_box: fillColor = <class 'numpy.ndarray'>
149.8721 	EXP 	forgotten_box: fillColor = <class 'numpy.ndarray'>
149.8721 	EXP 	stim_image: image = 'phase2_images/Timber 2.jpg'
149.8721 	EXP 	fixation: autoDraw = True
150.8594 	EXP 	stim_image: autoDraw = True
150.8699 	EXP 	fixation: autoDraw = False
153.8532 	EXP 	stim_image: autoDraw = False
153.8632 	EXP 	text: autoDraw = True
153.8632 	EXP 	remember_box: autoDraw = True
153.8632 	EXP 	familiar_box: autoDraw = True
153.8632 	EXP 	forgotten_box: autoDraw = True
153.8632 	EXP 	remember_text: autoDraw = True
153.8632 	EXP 	familiar_text: autoDraw = True
153.8632 	EXP 	forgotten_text: autoDraw = True
155.7375 	DATA 	Mouse: Left button down, pos=(475,170)
155.7436 	EXP 	fixation: autoDraw = False
155.7436 	EXP 	stim_image: autoDraw = False
155.7436 	EXP 	text: autoDraw = False
155.7436 	EXP 	remember_box: autoDraw = False
155.7436 	EXP 	familiar_box: autoDraw = False
155.7436 	EXP 	forgotten_box: autoDraw = False
155.7436 	EXP 	remember_text: autoDraw = False
155.7436 	EXP 	familiar_text: autoDraw = False
155.7436 	EXP 	forgotten_text: autoDraw = False
155.7436 	EXP 	remember_box: fillColor = 'blue'
155.8128 	DATA 	Mouse:  Left button up, pos=(475,170)
156.0441 	EXP 	New trial (rep=0, index=19): <Trial 19 (19 in rep 0) data={'image_name': 'Frustrated pose 2.jpg', 'condition': 'new', 'thisN': 19, 'thisTrialN': 19, 'thisRepN': 0}>
156.0540 	EXP 	remember_box: fillColor = <class 'numpy.ndarray'>
156.0540 	EXP 	familiar_box: fillColor = <class 'numpy.ndarray'>
156.0540 	EXP 	forgotten_box: fillColor = <class 'numpy.ndarray'>
156.0540 	EXP 	stim_image: image = 'phase2_images/Frustrated pose 2.jpg'
156.0540 	EXP 	fixation: autoDraw = True
157.0440 	EXP 	fixation: autoDraw = False
157.0440 	EXP 	stim_image: autoDraw = True
160.0464 	EXP 	stim_image: autoDraw = False
160.0464 	EXP 	text: autoDraw = True
160.0464 	EXP 	remember_box: autoDraw = True
160.0464 	EXP 	familiar_box: autoDraw = True
160.0464 	EXP 	forgotten_box: autoDraw = True
160.0464 	EXP 	remember_text: autoDraw = True
160.0464 	EXP 	familiar_text: autoDraw = True
160.0464 	EXP 	forgotten_text: autoDraw = True
160.7205 	DATA 	Mouse: Left button down, pos=(1073,188)
160.7266 	EXP 	fixation: autoDraw = False
160.7266 	EXP 	stim_image: autoDraw = False
160.7266 	EXP 	text: autoDraw = False
160.7266 	EXP 	remember_box: autoDraw = False
160.7266 	EXP 	familiar_box: autoDraw = False
160.7266 	EXP 	forgotten_box: autoDraw = False
160.7266 	EXP 	remember_text: autoDraw = False
160.7266 	EXP 	familiar_text: autoDraw = False
160.7266 	EXP 	forgotten_text: autoDraw = False
160.7266 	EXP 	forgotten_box: fillColor = 'blue'
160.8287 	DATA 	Mouse:  Left button up, pos=(1073,188)
161.0270 	EXP 	New trial (rep=0, index=20): <Trial 20 (20 in rep 0) data={'image_name': 'Lion 1.jpg', 'condition': 'new', 'thisN': 20, 'thisTrialN': 20, 'thisRepN': 0}>
161.0382 	EXP 	remember_box: fillColor = <class 'numpy.ndarray'>
161.0382 	EXP 	familiar_box: fillColor = <class 'numpy.ndarray'>
161.0382 	EXP 	forgotten_box: fillColor = <class 'numpy.ndarray'>
161.0382 	EXP 	stim_image: image = 'phase2_images/Lion 1.jpg'
161.0382 	EXP 	fixation: autoDraw = True
162.0267 	EXP 	stim_image: autoDraw = True
162.0363 	EXP 	fixation: autoDraw = False
165.0294 	EXP 	stim_image: autoDraw = False
165.0294 	EXP 	text: autoDraw = True
165.0294 	EXP 	remember_box: autoDraw = True
165.0294 	EXP 	familiar_box: autoDraw = True
165.0294 	EXP 	forgotten_box: autoDraw = True
165.0294 	EXP 	remember_text: autoDraw = True
165.0294 	EXP 	familiar_text: autoDraw = True
165.0294 	EXP 	forgotten_text: autoDraw = True
166.3894 	DATA 	Mouse: Left button down, pos=(441,194)
166.4028 	EXP 	fixation: autoDraw = False
166.4028 	EXP 	stim_image: autoDraw = False
166.4028 	EXP 	text: autoDraw = False
166.4028 	EXP 	remember_box: autoDraw = False
166.4028 	EXP 	familiar_box: autoDraw = False
166.4028 	EXP 	forgotten_box: autoDraw = False
166.4028 	EXP 	remember_text: autoDraw = False
166.4028 	EXP 	familiar_text: autoDraw = False
166.4028 	EXP 	forgotten_text: autoDraw = False
166.4028 	EXP 	remember_box: fillColor = 'blue'
166.4851 	DATA 	Mouse:  Left button up, pos=(440,194)
166.7032 	EXP 	New trial (rep=0, index=21): <Trial 21 (21 in rep 0) data={'image_name': 'Plane crash 3.jpg', 'condition': 'old', 'thisN': 21, 'thisTrialN': 21, 'thisRepN': 0}>
166.7141 	EXP 	remember_box: fillColor = <class 'numpy.ndarray'>
166.7141 	EXP 	familiar_box: fillColor = <class 'numpy.ndarray'>
166.7141 	EXP 	forgotten_box: fillColor = <class 'numpy.ndarray'>
166.7141 	EXP 	stim_image: image = 'phase2_images/Plane crash 3.jpg'
166.7141 	EXP 	fixation: autoDraw = True
167.6933 	EXP 	stim_image: autoDraw = True
167.7079 	EXP 	fixation: autoDraw = False
170.6959 	EXP 	stim_image: autoDraw = False
170.6959 	EXP 	text: autoDraw = True
170.6959 	EXP 	remember_box: autoDraw = True
170.6959 	EXP 	familiar_box: autoDraw = True
170.6959 	EXP 	forgotten_box: autoDraw = True
170.6959 	EXP 	remember_text: autoDraw = True
170.6959 	EXP 	familiar_text: autoDraw = True
170.6959 	EXP 	forgotten_text: autoDraw = True
172.9542 	DATA 	Mouse: Left button down, pos=(1050,191)
172.9602 	EXP 	fixation: autoDraw = False
172.9602 	EXP 	stim_image: autoDraw = False
172.9602 	EXP 	text: autoDraw = False
172.9602 	EXP 	remember_box: autoDraw = False
172.9602 	EXP 	familiar_box: autoDraw = False
172.9602 	EXP 	forgotten_box: autoDraw = False
172.9602 	EXP 	remember_text: autoDraw = False
172.9602 	EXP 	familiar_text: autoDraw = False
172.9602 	EXP 	forgotten_text: autoDraw = False
172.9602 	EXP 	forgotten_box: fillColor = 'blue'
173.0813 	DATA 	Mouse:  Left button up, pos=(1050,191)
173.2606 	EXP 	New trial (rep=0, index=22): <Trial 22 (22 in rep 0) data={'image_name': 'Crow 1.jpg', 'condition': 'new', 'thisN': 22, 'thisTrialN': 22, 'thisRepN': 0}>
173.2708 	EXP 	remember_box: fillColor = <class 'numpy.ndarray'>
173.2708 	EXP 	familiar_box: fillColor = <class 'numpy.ndarray'>
173.2708 	EXP 	forgotten_box: fillColor = <class 'numpy.ndarray'>
173.2708 	EXP 	stim_image: image = 'phase2_images/Crow 1.jpg'
173.2708 	EXP 	fixation: autoDraw = True
174.2604 	EXP 	stim_image: autoDraw = True
174.2695 	EXP 	fixation: autoDraw = False
177.2632 	EXP 	stim_image: autoDraw = False
177.2632 	EXP 	text: autoDraw = True
177.2632 	EXP 	remember_box: autoDraw = True
177.2632 	EXP 	familiar_box: autoDraw = True
177.2632 	EXP 	forgotten_box: autoDraw = True
177.2632 	EXP 	remember_text: autoDraw = True
177.2632 	EXP 	familiar_text: autoDraw = True
177.2632 	EXP 	forgotten_text: autoDraw = True
177.9218 	DATA 	Mouse: Left button down, pos=(346,172)
177.9360 	EXP 	fixation: autoDraw = False
177.9360 	EXP 	stim_image: autoDraw = False
177.9360 	EXP 	text: autoDraw = False
177.9360 	EXP 	remember_box: autoDraw = False
177.9360 	EXP 	familiar_box: autoDraw = False
177.9360 	EXP 	forgotten_box: autoDraw = False
177.9360 	EXP 	remember_text: autoDraw = False
177.9360 	EXP 	familiar_text: autoDraw = False
177.9360 	EXP 	forgotten_text: autoDraw = False
177.9360 	EXP 	remember_box: fillColor = 'blue'
178.0388 	DATA 	Mouse:  Left button up, pos=(346,172)
178.2364 	EXP 	New trial (rep=0, index=23): <Trial 23 (23 in rep 0) data={'image_name': 'Prison 2.jpg', 'condition': 'new', 'thisN': 23, 'thisTrialN': 23, 'thisRepN': 0}>
178.2464 	EXP 	remember_box: fillColor = <class 'numpy.ndarray'>
178.2464 	EXP 	familiar_box: fillColor = <class 'numpy.ndarray'>
178.2464 	EXP 	forgotten_box: fillColor = <class 'numpy.ndarray'>
178.2464 	EXP 	stim_image: image = 'phase2_images/Prison 2.jpg'
178.2464 	EXP 	fixation: autoDraw = True
179.2271 	EXP 	stim_image: autoDraw = True
179.2421 	EXP 	fixation: autoDraw = False
182.2291 	EXP 	stim_image: autoDraw = False
182.2291 	EXP 	text: autoDraw = True
182.2291 	EXP 	remember_box: autoDraw = True
182.2291 	EXP 	familiar_box: autoDraw = True
182.2291 	EXP 	forgotten_box: autoDraw = True
182.2291 	EXP 	remember_text: autoDraw = True
182.2291 	EXP 	familiar_text: autoDraw = True
182.2291 	EXP 	forgotten_text: autoDraw = True
183.7539 	DATA 	Mouse: Left button down, pos=(1125,186)
183.7598 	EXP 	fixation: autoDraw = False
183.7598 	EXP 	stim_image: autoDraw = False
183.7598 	EXP 	text: autoDraw = False
183.7598 	EXP 	remember_box: autoDraw = False
183.7598 	EXP 	familiar_box: autoDraw = False
183.7598 	EXP 	forgotten_box: autoDraw = False
183.7598 	EXP 	remember_text: autoDraw = False
183.7598 	EXP 	familiar_text: autoDraw = False
183.7598 	EXP 	forgotten_text: autoDraw = False
183.7598 	EXP 	forgotten_box: fillColor = 'blue'
183.8625 	DATA 	Mouse:  Left button up, pos=(1125,186)
184.0602 	EXP 	New trial (rep=0, index=24): <Trial 24 (24 in rep 0) data={'image_name': 'Football player 1.jpg', 'condition': 'old', 'thisN': 24, 'thisTrialN': 24, 'thisRepN': 0}>
184.0707 	EXP 	remember_box: fillColor = <class 'numpy.ndarray'>
184.0707 	EXP 	familiar_box: fillColor = <class 'numpy.ndarray'>
184.0707 	EXP 	forgotten_box: fillColor = <class 'numpy.ndarray'>
184.0707 	EXP 	stim_image: image = 'phase2_images/Football player 1.jpg'
184.0707 	EXP 	fixation: autoDraw = True
185.0594 	EXP 	stim_image: autoDraw = True
185.0695 	EXP 	fixation: autoDraw = False
188.0530 	EXP 	stim_image: autoDraw = False
188.0630 	EXP 	text: autoDraw = True
188.0630 	EXP 	remember_box: autoDraw = True
188.0630 	EXP 	familiar_box: autoDraw = True
188.0630 	EXP 	forgotten_box: autoDraw = True
188.0630 	EXP 	remember_text: autoDraw = True
188.0630 	EXP 	familiar_text: autoDraw = True
188.0630 	EXP 	forgotten_text: autoDraw = True
188.3402 	DATA 	Mouse: Left button down, pos=(396,176)
188.3524 	EXP 	fixation: autoDraw = False
188.3524 	EXP 	stim_image: autoDraw = False
188.3524 	EXP 	text: autoDraw = False
188.3524 	EXP 	remember_box: autoDraw = False
188.3524 	EXP 	familiar_box: autoDraw = False
188.3524 	EXP 	forgotten_box: autoDraw = False
188.3524 	EXP 	remember_text: autoDraw = False
188.3524 	EXP 	familiar_text: autoDraw = False
188.3524 	EXP 	forgotten_text: autoDraw = False
188.3524 	EXP 	remember_box: fillColor = 'blue'
188.4343 	DATA 	Mouse:  Left button up, pos=(396,176)
188.6528 	EXP 	New trial (rep=0, index=25): <Trial 25 (25 in rep 0) data={'image_name': 'Street 3.jpg', 'condition': 'new', 'thisN': 25, 'thisTrialN': 25, 'thisRepN': 0}>
188.6639 	EXP 	remember_box: fillColor = <class 'numpy.ndarray'>
188.6639 	EXP 	familiar_box: fillColor = <class 'numpy.ndarray'>
188.6639 	EXP 	forgotten_box: fillColor = <class 'numpy.ndarray'>
188.6639 	EXP 	stim_image: image = 'phase2_images/Street 3.jpg'
188.6639 	EXP 	fixation: autoDraw = True
189.6432 	EXP 	stim_image: autoDraw = True
189.6585 	EXP 	fixation: autoDraw = False
192.6453 	EXP 	stim_image: autoDraw = False
192.6453 	EXP 	text: autoDraw = True
192.6453 	EXP 	remember_box: autoDraw = True
192.6453 	EXP 	familiar_box: autoDraw = True
192.6453 	EXP 	forgotten_box: autoDraw = True
192.6453 	EXP 	remember_text: autoDraw = True
192.6453 	EXP 	familiar_text: autoDraw = True
192.6453 	EXP 	forgotten_text: autoDraw = True
193.2874 	DATA 	Mouse: Left button down, pos=(996,184)
193.2935 	EXP 	fixation: autoDraw = False
193.2935 	EXP 	stim_image: autoDraw = False
193.2935 	EXP 	text: autoDraw = False
193.2935 	EXP 	remember_box: autoDraw = False
193.2935 	EXP 	familiar_box: autoDraw = False
193.2935 	EXP 	forgotten_box: autoDraw = False
193.2935 	EXP 	remember_text: autoDraw = False
193.2935 	EXP 	familiar_text: autoDraw = False
193.2935 	EXP 	forgotten_text: autoDraw = False
193.2935 	EXP 	forgotten_box: fillColor = 'blue'
193.4125 	DATA 	Mouse:  Left button up, pos=(996,184)
193.5939 	EXP 	New trial (rep=0, index=26): <Trial 26 (26 in rep 0) data={'image_name': 'Bear 2.jpg', 'condition': 'old', 'thisN': 26, 'thisTrialN': 26, 'thisRepN': 0}>
193.6048 	EXP 	remember_box: fillColor = <class 'numpy.ndarray'>
193.6048 	EXP 	familiar_box: fillColor = <class 'numpy.ndarray'>
193.6048 	EXP 	forgotten_box: fillColor = <class 'numpy.ndarray'>
193.6048 	EXP 	stim_image: image = 'phase2_images/Bear 2.jpg'
193.6048 	EXP 	fixation: autoDraw = True
194.5935 	EXP 	stim_image: autoDraw = True
194.6027 	EXP 	fixation: autoDraw = False
197.5962 	EXP 	stim_image: autoDraw = False
197.5962 	EXP 	text: autoDraw = True
197.5962 	EXP 	remember_box: autoDraw = True
197.5962 	EXP 	familiar_box: autoDraw = True
197.5962 	EXP 	forgotten_box: autoDraw = True
197.5962 	EXP 	remember_text: autoDraw = True
197.5962 	EXP 	familiar_text: autoDraw = True
197.5962 	EXP 	forgotten_text: autoDraw = True
197.8872 	DATA 	Mouse: Left button down, pos=(340,164)
197.8938 	EXP 	fixation: autoDraw = False
197.8938 	EXP 	stim_image: autoDraw = False
197.8938 	EXP 	text: autoDraw = False
197.8938 	EXP 	remember_box: autoDraw = False
197.8938 	EXP 	familiar_box: autoDraw = False
197.8938 	EXP 	forgotten_box: autoDraw = False
197.8938 	EXP 	remember_text: autoDraw = False
197.8938 	EXP 	familiar_text: autoDraw = False
197.8938 	EXP 	forgotten_text: autoDraw = False
197.8938 	EXP 	remember_box: fillColor = 'blue'
197.9967 	DATA 	Mouse:  Left button up, pos=(340,164)
198.1942 	EXP 	New trial (rep=0, index=27): <Trial 27 (27 in rep 0) data={'image_name': 'Astronaut 2', 'condition': 'new', 'thisN': 27, 'thisTrialN': 27, 'thisRepN': 0}>
198.1944 	WARNING 	Requested image 'phase2_images/Astronaut 2' not found but similar filename 'phase2_images/Astronaut 2.jpg' exists. This will be used instead but changing the filename is advised.
198.2041 	EXP 	remember_box: fillColor = <class 'numpy.ndarray'>
198.2041 	EXP 	familiar_box: fillColor = <class 'numpy.ndarray'>
198.2041 	EXP 	forgotten_box: fillColor = <class 'numpy.ndarray'>
198.2041 	EXP 	stim_image: image = 'phase2_images/Astronaut 2'
198.2041 	EXP 	fixation: autoDraw = True
199.1930 	EXP 	stim_image: autoDraw = True
199.2027 	EXP 	fixation: autoDraw = False
202.1951 	EXP 	stim_image: autoDraw = False
202.1951 	EXP 	text: autoDraw = True
202.1951 	EXP 	remember_box: autoDraw = True
202.1951 	EXP 	familiar_box: autoDraw = True
202.1951 	EXP 	forgotten_box: autoDraw = True
202.1951 	EXP 	remember_text: autoDraw = True
202.1951 	EXP 	familiar_text: autoDraw = True
202.1951 	EXP 	forgotten_text: autoDraw = True
202.6534 	DATA 	Mouse: Left button down, pos=(990,182)
202.6597 	EXP 	fixation: autoDraw = False
202.6597 	EXP 	stim_image: autoDraw = False
202.6597 	EXP 	text: autoDraw = False
202.6597 	EXP 	remember_box: autoDraw = False
202.6597 	EXP 	familiar_box: autoDraw = False
202.6597 	EXP 	forgotten_box: autoDraw = False
202.6597 	EXP 	remember_text: autoDraw = False
202.6597 	EXP 	familiar_text: autoDraw = False
202.6597 	EXP 	forgotten_text: autoDraw = False
202.6597 	EXP 	forgotten_box: fillColor = 'blue'
202.7703 	DATA 	Mouse:  Left button up, pos=(990,182)
202.9602 	EXP 	New trial (rep=0, index=28): <Trial 28 (28 in rep 0) data={'image_name': 'Alcohol 6.jpg', 'condition': 'old', 'thisN': 28, 'thisTrialN': 28, 'thisRepN': 0}>
202.9708 	EXP 	remember_box: fillColor = <class 'numpy.ndarray'>
202.9708 	EXP 	familiar_box: fillColor = <class 'numpy.ndarray'>
202.9708 	EXP 	forgotten_box: fillColor = <class 'numpy.ndarray'>
202.9708 	EXP 	stim_image: image = 'phase2_images/Alcohol 6.jpg'
202.9708 	EXP 	fixation: autoDraw = True
203.9525 	EXP 	stim_image: autoDraw = True
203.9694 	EXP 	fixation: autoDraw = False
206.9411 	EXP 	stim_image: autoDraw = False
206.9621 	EXP 	text: autoDraw = True
206.9621 	EXP 	remember_box: autoDraw = True
206.9621 	EXP 	familiar_box: autoDraw = True
206.9621 	EXP 	forgotten_box: autoDraw = True
206.9621 	EXP 	remember_text: autoDraw = True
206.9621 	EXP 	familiar_text: autoDraw = True
206.9621 	EXP 	forgotten_text: autoDraw = True
207.2732 	DATA 	Mouse: Left button down, pos=(418,176)
207.2845 	EXP 	fixation: autoDraw = False
207.2845 	EXP 	stim_image: autoDraw = False
207.2845 	EXP 	text: autoDraw = False
207.2845 	EXP 	remember_box: autoDraw = False
207.2845 	EXP 	familiar_box: autoDraw = False
207.2845 	EXP 	forgotten_box: autoDraw = False
207.2845 	EXP 	remember_text: autoDraw = False
207.2845 	EXP 	familiar_text: autoDraw = False
207.2845 	EXP 	forgotten_text: autoDraw = False
207.2845 	EXP 	remember_box: fillColor = 'blue'
207.3783 	DATA 	Mouse:  Left button up, pos=(418,176)
207.5849 	EXP 	New trial (rep=0, index=29): <Trial 29 (29 in rep 0) data={'image_name': 'Dog 31.jpg', 'condition': 'new', 'thisN': 29, 'thisTrialN': 29, 'thisRepN': 0}>
207.5951 	EXP 	remember_box: fillColor = <class 'numpy.ndarray'>
207.5951 	EXP 	familiar_box: fillColor = <class 'numpy.ndarray'>
207.5951 	EXP 	forgotten_box: fillColor = <class 'numpy.ndarray'>
207.5951 	EXP 	stim_image: image = 'phase2_images/Dog 31.jpg'
207.5951 	EXP 	fixation: autoDraw = True
208.5761 	EXP 	stim_image: autoDraw = True
208.5909 	EXP 	fixation: autoDraw = False
211.5692 	EXP 	stim_image: autoDraw = False
211.5785 	EXP 	text: autoDraw = True
211.5785 	EXP 	remember_box: autoDraw = True
211.5785 	EXP 	familiar_box: autoDraw = True
211.5785 	EXP 	forgotten_box: autoDraw = True
211.5785 	EXP 	remember_text: autoDraw = True
211.5785 	EXP 	familiar_text: autoDraw = True
211.5785 	EXP 	forgotten_text: autoDraw = True
212.0276 	DATA 	Mouse: Left button down, pos=(1060,219)
212.0406 	EXP 	fixation: autoDraw = False
212.0406 	EXP 	stim_image: autoDraw = False
212.0406 	EXP 	text: autoDraw = False
212.0406 	EXP 	remember_box: autoDraw = False
212.0406 	EXP 	familiar_box: autoDraw = False
212.0406 	EXP 	forgotten_box: autoDraw = False
212.0406 	EXP 	remember_text: autoDraw = False
212.0406 	EXP 	familiar_text: autoDraw = False
212.0406 	EXP 	forgotten_text: autoDraw = False
212.0406 	EXP 	forgotten_box: fillColor = 'blue'
212.1347 	DATA 	Mouse:  Left button up, pos=(1060,219)
212.3411 	EXP 	New trial (rep=0, index=30): <Trial 30 (30 in rep 0) data={'image_name': 'Dirt 1.jpg', 'condition': 'old', 'thisN': 30, 'thisTrialN': 30, 'thisRepN': 0}>
212.3533 	EXP 	remember_box: fillColor = <class 'numpy.ndarray'>
212.3533 	EXP 	familiar_box: fillColor = <class 'numpy.ndarray'>
212.3533 	EXP 	forgotten_box: fillColor = <class 'numpy.ndarray'>
212.3533 	EXP 	stim_image: image = 'phase2_images/Dirt 1.jpg'
212.3533 	EXP 	fixation: autoDraw = True
213.3361 	EXP 	stim_image: autoDraw = True
213.3415 	EXP 	fixation: autoDraw = False
216.3244 	EXP 	stim_image: autoDraw = False
216.3356 	EXP 	text: autoDraw = True
216.3356 	EXP 	remember_box: autoDraw = True
216.3356 	EXP 	familiar_box: autoDraw = True
216.3356 	EXP 	forgotten_box: autoDraw = True
216.3356 	EXP 	remember_text: autoDraw = True
216.3356 	EXP 	familiar_text: autoDraw = True
216.3356 	EXP 	forgotten_text: autoDraw = True
216.7210 	DATA 	Mouse: Left button down, pos=(420,187)
216.7270 	EXP 	fixation: autoDraw = False
216.7270 	EXP 	stim_image: autoDraw = False
216.7270 	EXP 	text: autoDraw = False
216.7270 	EXP 	remember_box: autoDraw = False
216.7270 	EXP 	familiar_box: autoDraw = False
216.7270 	EXP 	forgotten_box: autoDraw = False
216.7270 	EXP 	remember_text: autoDraw = False
216.7270 	EXP 	familiar_text: autoDraw = False
216.7270 	EXP 	forgotten_text: autoDraw = False
216.7270 	EXP 	remember_box: fillColor = 'blue'
216.8212 	DATA 	Mouse:  Left button up, pos=(420,187)
217.0275 	EXP 	New trial (rep=0, index=31): <Trial 31 (31 in rep 0) data={'image_name': 'Dog attack 3.jpg', 'condition': 'old', 'thisN': 31, 'thisTrialN': 31, 'thisRepN': 0}>
217.0386 	EXP 	remember_box: fillColor = <class 'numpy.ndarray'>
217.0386 	EXP 	familiar_box: fillColor = <class 'numpy.ndarray'>
217.0386 	EXP 	forgotten_box: fillColor = <class 'numpy.ndarray'>
217.0386 	EXP 	stim_image: image = 'phase2_images/Dog attack 3.jpg'
217.0386 	EXP 	fixation: autoDraw = True
218.0278 	EXP 	stim_image: autoDraw = True
218.0344 	EXP 	fixation: autoDraw = False
221.0301 	EXP 	stim_image: autoDraw = False
221.0301 	EXP 	text: autoDraw = True
221.0301 	EXP 	remember_box: autoDraw = True
221.0301 	EXP 	familiar_box: autoDraw = True
221.0301 	EXP 	forgotten_box: autoDraw = True
221.0301 	EXP 	remember_text: autoDraw = True
221.0301 	EXP 	familiar_text: autoDraw = True
221.0301 	EXP 	forgotten_text: autoDraw = True
221.3437 	DATA 	Mouse: Left button down, pos=(700,186)
221.3580 	EXP 	fixation: autoDraw = False
221.3580 	EXP 	stim_image: autoDraw = False
221.3580 	EXP 	text: autoDraw = False
221.3580 	EXP 	remember_box: autoDraw = False
221.3580 	EXP 	familiar_box: autoDraw = False
221.3580 	EXP 	forgotten_box: autoDraw = False
221.3580 	EXP 	remember_text: autoDraw = False
221.3580 	EXP 	familiar_text: autoDraw = False
221.3580 	EXP 	forgotten_text: autoDraw = False
221.3580 	EXP 	familiar_box: fillColor = 'blue'
221.4529 	DATA 	Mouse:  Left button up, pos=(700,186)
221.6584 	EXP 	New trial (rep=0, index=32): <Trial 32 (32 in rep 0) data={'image_name': 'Cold 6', 'condition': 'new', 'thisN': 32, 'thisTrialN': 32, 'thisRepN': 0}>
221.6586 	WARNING 	Requested image 'phase2_images/Cold 6' not found but similar filename 'phase2_images/Cold 6.jpg' exists. This will be used instead but changing the filename is advised.
221.6689 	EXP 	remember_box: fillColor = <class 'numpy.ndarray'>
221.6689 	EXP 	familiar_box: fillColor = <class 'numpy.ndarray'>
221.6689 	EXP 	forgotten_box: fillColor = <class 'numpy.ndarray'>
221.6689 	EXP 	stim_image: image = 'phase2_images/Cold 6'
221.6689 	EXP 	fixation: autoDraw = True
222.6525 	EXP 	stim_image: autoDraw = True
222.6584 	EXP 	fixation: autoDraw = False
225.6415 	EXP 	stim_image: autoDraw = False
225.6517 	EXP 	text: autoDraw = True
225.6517 	EXP 	remember_box: autoDraw = True
225.6517 	EXP 	familiar_box: autoDraw = True
225.6517 	EXP 	forgotten_box: autoDraw = True
225.6517 	EXP 	remember_text: autoDraw = True
225.6517 	EXP 	familiar_text: autoDraw = True
225.6517 	EXP 	forgotten_text: autoDraw = True
225.9734 	DATA 	Mouse: Left button down, pos=(700,182)
225.9842 	EXP 	fixation: autoDraw = False
225.9842 	EXP 	stim_image: autoDraw = False
225.9842 	EXP 	text: autoDraw = False
225.9842 	EXP 	remember_box: autoDraw = False
225.9842 	EXP 	familiar_box: autoDraw = False
225.9842 	EXP 	forgotten_box: autoDraw = False
225.9842 	EXP 	remember_text: autoDraw = False
225.9842 	EXP 	familiar_text: autoDraw = False
225.9842 	EXP 	forgotten_text: autoDraw = False
225.9842 	EXP 	familiar_box: fillColor = 'blue'
226.1103 	DATA 	Mouse:  Left button up, pos=(700,182)
226.2847 	EXP 	New trial (rep=0, index=33): <Trial 33 (33 in rep 0) data={'image_name': 'Toast 1', 'condition': 'new', 'thisN': 33, 'thisTrialN': 33, 'thisRepN': 0}>
226.2848 	WARNING 	Requested image 'phase2_images/Toast 1' not found but similar filename 'phase2_images/Toast 1.jpg' exists. This will be used instead but changing the filename is advised.
226.2946 	EXP 	remember_box: fillColor = <class 'numpy.ndarray'>
226.2946 	EXP 	familiar_box: fillColor = <class 'numpy.ndarray'>
226.2946 	EXP 	forgotten_box: fillColor = <class 'numpy.ndarray'>
226.2946 	EXP 	stim_image: image = 'phase2_images/Toast 1'
226.2946 	EXP 	fixation: autoDraw = True
227.2773 	EXP 	stim_image: autoDraw = True
227.2844 	EXP 	fixation: autoDraw = False
230.2797 	EXP 	stim_image: autoDraw = False
230.2797 	EXP 	text: autoDraw = True
230.2797 	EXP 	remember_box: autoDraw = True
230.2797 	EXP 	familiar_box: autoDraw = True
230.2797 	EXP 	forgotten_box: autoDraw = True
230.2797 	EXP 	remember_text: autoDraw = True
230.2797 	EXP 	familiar_text: autoDraw = True
230.2797 	EXP 	forgotten_text: autoDraw = True
230.6121 	DATA 	Mouse: Left button down, pos=(1140,199)
230.6220 	EXP 	fixation: autoDraw = False
230.6220 	EXP 	stim_image: autoDraw = False
230.6220 	EXP 	text: autoDraw = False
230.6220 	EXP 	remember_box: autoDraw = False
230.6220 	EXP 	familiar_box: autoDraw = False
230.6220 	EXP 	forgotten_box: autoDraw = False
230.6220 	EXP 	remember_text: autoDraw = False
230.6220 	EXP 	familiar_text: autoDraw = False
230.6220 	EXP 	forgotten_text: autoDraw = False
230.6220 	EXP 	forgotten_box: fillColor = 'blue'
230.7404 	DATA 	Mouse:  Left button up, pos=(1140,199)
230.9225 	EXP 	New trial (rep=0, index=34): <Trial 34 (34 in rep 0) data={'image_name': 'Stingray 2.jpg', 'condition': 'old', 'thisN': 34, 'thisTrialN': 34, 'thisRepN': 0}>
230.9326 	EXP 	remember_box: fillColor = <class 'numpy.ndarray'>
230.9326 	EXP 	familiar_box: fillColor = <class 'numpy.ndarray'>
230.9326 	EXP 	forgotten_box: fillColor = <class 'numpy.ndarray'>
230.9326 	EXP 	stim_image: image = 'phase2_images/Stingray 2.jpg'
230.9326 	EXP 	fixation: autoDraw = True
231.9193 	EXP 	stim_image: autoDraw = True
231.9258 	EXP 	fixation: autoDraw = False
234.9080 	EXP 	stim_image: autoDraw = False
234.9177 	EXP 	text: autoDraw = True
234.9177 	EXP 	remember_box: autoDraw = True
234.9177 	EXP 	familiar_box: autoDraw = True
234.9177 	EXP 	forgotten_box: autoDraw = True
234.9177 	EXP 	remember_text: autoDraw = True
234.9177 	EXP 	familiar_text: autoDraw = True
234.9177 	EXP 	forgotten_text: autoDraw = True
235.2199 	DATA 	Mouse: Left button down, pos=(478,148)
235.2262 	EXP 	fixation: autoDraw = False
235.2262 	EXP 	stim_image: autoDraw = False
235.2262 	EXP 	text: autoDraw = False
235.2262 	EXP 	remember_box: autoDraw = False
235.2262 	EXP 	familiar_box: autoDraw = False
235.2262 	EXP 	forgotten_box: autoDraw = False
235.2262 	EXP 	remember_text: autoDraw = False
235.2262 	EXP 	familiar_text: autoDraw = False
235.2262 	EXP 	forgotten_text: autoDraw = False
235.2262 	EXP 	remember_box: fillColor = 'blue'
235.3345 	DATA 	Mouse:  Left button up, pos=(478,148)
235.5268 	EXP 	New trial (rep=0, index=35): <Trial 35 (35 in rep 0) data={'image_name': 'Cat 12.jpg', 'condition': 'old', 'thisN': 35, 'thisTrialN': 35, 'thisRepN': 0}>
235.5367 	EXP 	remember_box: fillColor = <class 'numpy.ndarray'>
235.5367 	EXP 	familiar_box: fillColor = <class 'numpy.ndarray'>
235.5367 	EXP 	forgotten_box: fillColor = <class 'numpy.ndarray'>
235.5367 	EXP 	stim_image: image = 'phase2_images/Cat 12.jpg'
235.5367 	EXP 	fixation: autoDraw = True
236.5261 	EXP 	fixation: autoDraw = False
236.5261 	EXP 	stim_image: autoDraw = True
239.5289 	EXP 	stim_image: autoDraw = False
239.5289 	EXP 	text: autoDraw = True
239.5289 	EXP 	remember_box: autoDraw = True
239.5289 	EXP 	familiar_box: autoDraw = True
239.5289 	EXP 	forgotten_box: autoDraw = True
239.5289 	EXP 	remember_text: autoDraw = True
239.5289 	EXP 	familiar_text: autoDraw = True
239.5289 	EXP 	forgotten_text: autoDraw = True
240.0604 	DATA 	Mouse: Left button down, pos=(483,157)
240.0744 	EXP 	fixation: autoDraw = False
240.0744 	EXP 	stim_image: autoDraw = False
240.0744 	EXP 	text: autoDraw = False
240.0744 	EXP 	remember_box: autoDraw = False
240.0744 	EXP 	familiar_box: autoDraw = False
240.0744 	EXP 	forgotten_box: autoDraw = False
240.0744 	EXP 	remember_text: autoDraw = False
240.0744 	EXP 	familiar_text: autoDraw = False
240.0744 	EXP 	forgotten_text: autoDraw = False
240.0744 	EXP 	remember_box: fillColor = 'blue'
240.1893 	DATA 	Mouse:  Left button up, pos=(483,157)
240.3748 	EXP 	New trial (rep=0, index=36): <Trial 36 (36 in rep 0) data={'image_name': 'Gazing 2.jpg', 'condition': 'old', 'thisN': 36, 'thisTrialN': 36, 'thisRepN': 0}>
240.3849 	EXP 	remember_box: fillColor = <class 'numpy.ndarray'>
240.3849 	EXP 	familiar_box: fillColor = <class 'numpy.ndarray'>
240.3849 	EXP 	forgotten_box: fillColor = <class 'numpy.ndarray'>
240.3849 	EXP 	stim_image: image = 'phase2_images/Gazing 2.jpg'
240.3849 	EXP 	fixation: autoDraw = True
241.3692 	EXP 	stim_image: autoDraw = True
241.3753 	EXP 	fixation: autoDraw = False
244.3579 	EXP 	stim_image: autoDraw = False
244.3676 	EXP 	text: autoDraw = True
244.3676 	EXP 	remember_box: autoDraw = True
244.3676 	EXP 	familiar_box: autoDraw = True
244.3676 	EXP 	forgotten_box: autoDraw = True
244.3676 	EXP 	remember_text: autoDraw = True
244.3676 	EXP 	familiar_text: autoDraw = True
244.3676 	EXP 	forgotten_text: autoDraw = True
244.6757 	DATA 	Mouse: Left button down, pos=(1018,204)
244.6854 	EXP 	fixation: autoDraw = False
244.6854 	EXP 	stim_image: autoDraw = False
244.6854 	EXP 	text: autoDraw = False
244.6854 	EXP 	remember_box: autoDraw = False
244.6854 	EXP 	familiar_box: autoDraw = False
244.6854 	EXP 	forgotten_box: autoDraw = False
244.6854 	EXP 	remember_text: autoDraw = False
244.6854 	EXP 	familiar_text: autoDraw = False
244.6854 	EXP 	forgotten_text: autoDraw = False
244.6854 	EXP 	forgotten_box: fillColor = 'blue'
244.8041 	DATA 	Mouse:  Left button up, pos=(1018,203)
244.9858 	EXP 	New trial (rep=0, index=37): <Trial 37 (37 in rep 0) data={'image_name': 'Ferret 1.jpg', 'condition': 'new', 'thisN': 37, 'thisTrialN': 37, 'thisRepN': 0}>
244.9962 	EXP 	remember_box: fillColor = <class 'numpy.ndarray'>
244.9962 	EXP 	familiar_box: fillColor = <class 'numpy.ndarray'>
244.9962 	EXP 	forgotten_box: fillColor = <class 'numpy.ndarray'>
244.9962 	EXP 	stim_image: image = 'phase2_images/Ferret 1.jpg'
244.9962 	EXP 	fixation: autoDraw = True
245.9751 	EXP 	stim_image: autoDraw = True
245.9907 	EXP 	fixation: autoDraw = False
248.9691 	EXP 	stim_image: autoDraw = False
248.9791 	EXP 	text: autoDraw = True
248.9791 	EXP 	remember_box: autoDraw = True
248.9791 	EXP 	familiar_box: autoDraw = True
248.9791 	EXP 	forgotten_box: autoDraw = True
248.9791 	EXP 	remember_text: autoDraw = True
248.9791 	EXP 	familiar_text: autoDraw = True
248.9791 	EXP 	forgotten_text: autoDraw = True
249.2765 	DATA 	Mouse: Left button down, pos=(1018,202)
249.2845 	EXP 	fixation: autoDraw = False
249.2845 	EXP 	stim_image: autoDraw = False
249.2845 	EXP 	text: autoDraw = False
249.2845 	EXP 	remember_box: autoDraw = False
249.2845 	EXP 	familiar_box: autoDraw = False
249.2845 	EXP 	forgotten_box: autoDraw = False
249.2845 	EXP 	remember_text: autoDraw = False
249.2845 	EXP 	familiar_text: autoDraw = False
249.2845 	EXP 	forgotten_text: autoDraw = False
249.2845 	EXP 	forgotten_box: fillColor = 'blue'
249.3873 	DATA 	Mouse:  Left button up, pos=(1018,202)
249.5849 	EXP 	New trial (rep=0, index=38): <Trial 38 (38 in rep 0) data={'image_name': 'Ambulance 1.jpg', 'condition': 'old', 'thisN': 38, 'thisTrialN': 38, 'thisRepN': 0}>
249.5960 	EXP 	remember_box: fillColor = <class 'numpy.ndarray'>
249.5960 	EXP 	familiar_box: fillColor = <class 'numpy.ndarray'>
249.5960 	EXP 	forgotten_box: fillColor = <class 'numpy.ndarray'>
249.5960 	EXP 	stim_image: image = 'phase2_images/Ambulance 1.jpg'
249.5960 	EXP 	fixation: autoDraw = True
250.5764 	EXP 	stim_image: autoDraw = True
250.5920 	EXP 	fixation: autoDraw = False
253.5796 	EXP 	stim_image: autoDraw = False
253.5796 	EXP 	text: autoDraw = True
253.5796 	EXP 	remember_box: autoDraw = True
253.5796 	EXP 	familiar_box: autoDraw = True
253.5796 	EXP 	forgotten_box: autoDraw = True
253.5796 	EXP 	remember_text: autoDraw = True
253.5796 	EXP 	familiar_text: autoDraw = True
253.5796 	EXP 	forgotten_text: autoDraw = True
253.8397 	DATA 	Mouse: Left button down, pos=(399,184)
253.8507 	EXP 	fixation: autoDraw = False
253.8507 	EXP 	stim_image: autoDraw = False
253.8507 	EXP 	text: autoDraw = False
253.8507 	EXP 	remember_box: autoDraw = False
253.8507 	EXP 	familiar_box: autoDraw = False
253.8507 	EXP 	forgotten_box: autoDraw = False
253.8507 	EXP 	remember_text: autoDraw = False
253.8507 	EXP 	familiar_text: autoDraw = False
253.8507 	EXP 	forgotten_text: autoDraw = False
253.8507 	EXP 	remember_box: fillColor = 'blue'
253.9750 	DATA 	Mouse:  Left button up, pos=(399,184)
254.1512 	EXP 	New trial (rep=0, index=39): <Trial 39 (39 in rep 0) data={'image_name': 'Performance 2.jpg', 'condition': 'old', 'thisN': 39, 'thisTrialN': 39, 'thisRepN': 0}>
254.1629 	EXP 	remember_box: fillColor = <class 'numpy.ndarray'>
254.1629 	EXP 	familiar_box: fillColor = <class 'numpy.ndarray'>
254.1629 	EXP 	forgotten_box: fillColor = <class 'numpy.ndarray'>
254.1629 	EXP 	stim_image: image = 'phase2_images/Performance 2.jpg'
254.1629 	EXP 	fixation: autoDraw = True
255.1430 	EXP 	stim_image: autoDraw = True
255.1575 	EXP 	fixation: autoDraw = False
258.1450 	EXP 	stim_image: autoDraw = False
258.1450 	EXP 	text: autoDraw = True
258.1450 	EXP 	remember_box: autoDraw = True
258.1450 	EXP 	familiar_box: autoDraw = True
258.1450 	EXP 	forgotten_box: autoDraw = True
258.1450 	EXP 	remember_text: autoDraw = True
258.1450 	EXP 	familiar_text: autoDraw = True
258.1450 	EXP 	forgotten_text: autoDraw = True
258.5226 	DATA 	Mouse: Left button down, pos=(399,184)
258.5346 	EXP 	fixation: autoDraw = False
258.5346 	EXP 	stim_image: autoDraw = False
258.5346 	EXP 	text: autoDraw = False
258.5346 	EXP 	remember_box: autoDraw = False
258.5346 	EXP 	familiar_box: autoDraw = False
258.5346 	EXP 	forgotten_box: autoDraw = False
258.5346 	EXP 	remember_text: autoDraw = False
258.5346 	EXP 	familiar_text: autoDraw = False
258.5346 	EXP 	forgotten_text: autoDraw = False
258.5346 	EXP 	remember_box: fillColor = 'blue'
258.6286 	DATA 	Mouse:  Left button up, pos=(399,184)
258.8351 	EXP 	New trial (rep=0, index=40): <Trial 40 (40 in rep 0) data={'image_name': 'Animal carcass 1.jpg', 'condition': 'old', 'thisN': 40, 'thisTrialN': 40, 'thisRepN': 0}>
258.8480 	EXP 	remember_box: fillColor = <class 'numpy.ndarray'>
258.8480 	EXP 	familiar_box: fillColor = <class 'numpy.ndarray'>
258.8480 	EXP 	forgotten_box: fillColor = <class 'numpy.ndarray'>
258.8480 	EXP 	stim_image: image = 'phase2_images/Animal carcass 1.jpg'
258.8480 	EXP 	fixation: autoDraw = True
259.8261 	EXP 	stim_image: autoDraw = True
259.8415 	EXP 	fixation: autoDraw = False
262.8286 	EXP 	stim_image: autoDraw = False
262.8286 	EXP 	text: autoDraw = True
262.8286 	EXP 	remember_box: autoDraw = True
262.8286 	EXP 	familiar_box: autoDraw = True
262.8286 	EXP 	forgotten_box: autoDraw = True
262.8286 	EXP 	remember_text: autoDraw = True
262.8286 	EXP 	familiar_text: autoDraw = True
262.8286 	EXP 	forgotten_text: autoDraw = True
263.2520 	DATA 	Mouse: Left button down, pos=(399,184)
263.2577 	EXP 	fixation: autoDraw = False
263.2577 	EXP 	stim_image: autoDraw = False
263.2577 	EXP 	text: autoDraw = False
263.2577 	EXP 	remember_box: autoDraw = False
263.2577 	EXP 	familiar_box: autoDraw = False
263.2577 	EXP 	forgotten_box: autoDraw = False
263.2577 	EXP 	remember_text: autoDraw = False
263.2577 	EXP 	familiar_text: autoDraw = False
263.2577 	EXP 	forgotten_text: autoDraw = False
263.2577 	EXP 	remember_box: fillColor = 'blue'
263.3613 	DATA 	Mouse:  Left button up, pos=(399,184)
263.5581 	EXP 	New trial (rep=0, index=41): <Trial 41 (41 in rep 0) data={'image_name': 'Sad face 9.jpg', 'condition': 'new', 'thisN': 41, 'thisTrialN': 41, 'thisRepN': 0}>
263.5677 	EXP 	remember_box: fillColor = <class 'numpy.ndarray'>
263.5677 	EXP 	familiar_box: fillColor = <class 'numpy.ndarray'>
263.5677 	EXP 	forgotten_box: fillColor = <class 'numpy.ndarray'>
263.5677 	EXP 	stim_image: image = 'phase2_images/Sad face 9.jpg'
263.5677 	EXP 	fixation: autoDraw = True
264.5521 	EXP 	stim_image: autoDraw = True
264.5584 	EXP 	fixation: autoDraw = False
267.5410 	EXP 	stim_image: autoDraw = False
267.5506 	EXP 	text: autoDraw = True
267.5506 	EXP 	remember_box: autoDraw = True
267.5506 	EXP 	familiar_box: autoDraw = True
267.5506 	EXP 	forgotten_box: autoDraw = True
267.5506 	EXP 	remember_text: autoDraw = True
267.5506 	EXP 	familiar_text: autoDraw = True
267.5506 	EXP 	forgotten_text: autoDraw = True
267.8587 	DATA 	Mouse: Left button down, pos=(1086,212)
267.8688 	EXP 	fixation: autoDraw = False
267.8688 	EXP 	stim_image: autoDraw = False
267.8688 	EXP 	text: autoDraw = False
267.8688 	EXP 	remember_box: autoDraw = False
267.8688 	EXP 	familiar_box: autoDraw = False
267.8688 	EXP 	forgotten_box: autoDraw = False
267.8688 	EXP 	remember_text: autoDraw = False
267.8688 	EXP 	familiar_text: autoDraw = False
267.8688 	EXP 	forgotten_text: autoDraw = False
267.8688 	EXP 	forgotten_box: fillColor = 'blue'
267.9786 	DATA 	Mouse:  Left button up, pos=(1086,212)
268.1694 	EXP 	New trial (rep=0, index=42): <Trial 42 (42 in rep 0) data={'image_name': 'Plane crash 1.jpg', 'condition': 'old', 'thisN': 42, 'thisTrialN': 42, 'thisRepN': 0}>
268.1798 	EXP 	remember_box: fillColor = <class 'numpy.ndarray'>
268.1798 	EXP 	familiar_box: fillColor = <class 'numpy.ndarray'>
268.1798 	EXP 	forgotten_box: fillColor = <class 'numpy.ndarray'>
268.1798 	EXP 	stim_image: image = 'phase2_images/Plane crash 1.jpg'
268.1798 	EXP 	fixation: autoDraw = True
269.1592 	EXP 	stim_image: autoDraw = True
269.1741 	EXP 	fixation: autoDraw = False
272.1623 	EXP 	stim_image: autoDraw = False
272.1623 	EXP 	text: autoDraw = True
272.1623 	EXP 	remember_box: autoDraw = True
272.1623 	EXP 	familiar_box: autoDraw = True
272.1623 	EXP 	forgotten_box: autoDraw = True
272.1623 	EXP 	remember_text: autoDraw = True
272.1623 	EXP 	familiar_text: autoDraw = True
272.1623 	EXP 	forgotten_text: autoDraw = True
272.4063 	DATA 	Mouse: Left button down, pos=(447,170)
272.4176 	EXP 	fixation: autoDraw = False
272.4176 	EXP 	stim_image: autoDraw = False
272.4176 	EXP 	text: autoDraw = False
272.4176 	EXP 	remember_box: autoDraw = False
272.4176 	EXP 	familiar_box: autoDraw = False
272.4176 	EXP 	forgotten_box: autoDraw = False
272.4176 	EXP 	remember_text: autoDraw = False
272.4176 	EXP 	familiar_text: autoDraw = False
272.4176 	EXP 	forgotten_text: autoDraw = False
272.4176 	EXP 	remember_box: fillColor = 'blue'
272.5757 	DATA 	Mouse:  Left button up, pos=(447,170)
272.7180 	EXP 	New trial (rep=0, index=43): <Trial 43 (43 in rep 0) data={'image_name': 'Snow 3.jpg', 'condition': 'old', 'thisN': 43, 'thisTrialN': 43, 'thisRepN': 0}>
272.7286 	EXP 	remember_box: fillColor = <class 'numpy.ndarray'>
272.7286 	EXP 	familiar_box: fillColor = <class 'numpy.ndarray'>
272.7286 	EXP 	forgotten_box: fillColor = <class 'numpy.ndarray'>
272.7286 	EXP 	stim_image: image = 'phase2_images/Snow 3.jpg'
272.7286 	EXP 	fixation: autoDraw = True
273.7084 	EXP 	stim_image: autoDraw = True
273.7238 	EXP 	fixation: autoDraw = False
276.7020 	EXP 	stim_image: autoDraw = False
276.7118 	EXP 	text: autoDraw = True
276.7118 	EXP 	remember_box: autoDraw = True
276.7118 	EXP 	familiar_box: autoDraw = True
276.7118 	EXP 	forgotten_box: autoDraw = True
276.7118 	EXP 	remember_text: autoDraw = True
276.7118 	EXP 	familiar_text: autoDraw = True
276.7118 	EXP 	forgotten_text: autoDraw = True
277.0191 	DATA 	Mouse: Left button down, pos=(740,182)
277.0256 	EXP 	fixation: autoDraw = False
277.0256 	EXP 	stim_image: autoDraw = False
277.0256 	EXP 	text: autoDraw = False
277.0256 	EXP 	remember_box: autoDraw = False
277.0256 	EXP 	familiar_box: autoDraw = False
277.0256 	EXP 	forgotten_box: autoDraw = False
277.0256 	EXP 	remember_text: autoDraw = False
277.0256 	EXP 	familiar_text: autoDraw = False
277.0256 	EXP 	forgotten_text: autoDraw = False
277.0256 	EXP 	familiar_box: fillColor = 'blue'
277.1779 	DATA 	Mouse:  Left button up, pos=(740,182)
277.3261 	EXP 	New trial (rep=0, index=44): <Trial 44 (44 in rep 0) data={'image_name': 'Thunderstorm 10.jpg', 'condition': 'new', 'thisN': 44, 'thisTrialN': 44, 'thisRepN': 0}>
277.3353 	EXP 	remember_box: fillColor = <class 'numpy.ndarray'>
277.3353 	EXP 	familiar_box: fillColor = <class 'numpy.ndarray'>
277.3353 	EXP 	forgotten_box: fillColor = <class 'numpy.ndarray'>
277.3353 	EXP 	stim_image: image = 'phase2_images/Thunderstorm 10.jpg'
277.3353 	EXP 	fixation: autoDraw = True
278.3255 	EXP 	fixation: autoDraw = False
278.3255 	EXP 	stim_image: autoDraw = True
281.3189 	EXP 	stim_image: autoDraw = False
281.3284 	EXP 	text: autoDraw = True
281.3284 	EXP 	remember_box: autoDraw = True
281.3284 	EXP 	familiar_box: autoDraw = True
281.3284 	EXP 	forgotten_box: autoDraw = True
281.3284 	EXP 	remember_text: autoDraw = True
281.3284 	EXP 	familiar_text: autoDraw = True
281.3284 	EXP 	forgotten_text: autoDraw = True
281.6773 	DATA 	Mouse: Left button down, pos=(740,182)
281.6906 	EXP 	fixation: autoDraw = False
281.6906 	EXP 	stim_image: autoDraw = False
281.6906 	EXP 	text: autoDraw = False
281.6906 	EXP 	remember_box: autoDraw = False
281.6906 	EXP 	familiar_box: autoDraw = False
281.6906 	EXP 	forgotten_box: autoDraw = False
281.6906 	EXP 	remember_text: autoDraw = False
281.6906 	EXP 	familiar_text: autoDraw = False
281.6906 	EXP 	forgotten_text: autoDraw = False
281.6906 	EXP 	familiar_box: fillColor = 'blue'
281.7844 	DATA 	Mouse:  Left button up, pos=(740,182)
281.9911 	EXP 	New trial (rep=0, index=45): <Trial 45 (45 in rep 0) data={'image_name': 'Bubble 2.jpg', 'condition': 'old', 'thisN': 45, 'thisTrialN': 45, 'thisRepN': 0}>
282.0017 	EXP 	remember_box: fillColor = <class 'numpy.ndarray'>
282.0017 	EXP 	familiar_box: fillColor = <class 'numpy.ndarray'>
282.0017 	EXP 	forgotten_box: fillColor = <class 'numpy.ndarray'>
282.0017 	EXP 	stim_image: image = 'phase2_images/Bubble 2.jpg'
282.0017 	EXP 	fixation: autoDraw = True
282.9853 	EXP 	stim_image: autoDraw = True
282.9911 	EXP 	fixation: autoDraw = False
285.9734 	EXP 	stim_image: autoDraw = False
285.9842 	EXP 	text: autoDraw = True
285.9842 	EXP 	remember_box: autoDraw = True
285.9842 	EXP 	familiar_box: autoDraw = True
285.9842 	EXP 	forgotten_box: autoDraw = True
285.9842 	EXP 	remember_text: autoDraw = True
285.9842 	EXP 	familiar_text: autoDraw = True
285.9842 	EXP 	forgotten_text: autoDraw = True
286.3767 	DATA 	Mouse: Left button down, pos=(1044,212)
286.3841 	EXP 	fixation: autoDraw = False
286.3841 	EXP 	stim_image: autoDraw = False
286.3841 	EXP 	text: autoDraw = False
286.3841 	EXP 	remember_box: autoDraw = False
286.3841 	EXP 	familiar_box: autoDraw = False
286.3841 	EXP 	forgotten_box: autoDraw = False
286.3841 	EXP 	remember_text: autoDraw = False
286.3841 	EXP 	familiar_text: autoDraw = False
286.3841 	EXP 	forgotten_text: autoDraw = False
286.3841 	EXP 	forgotten_box: fillColor = 'blue'
286.4873 	DATA 	Mouse:  Left button up, pos=(1044,212)
286.6845 	EXP 	New trial (rep=0, index=46): <Trial 46 (46 in rep 0) data={'image_name': 'Garbage dump 2.jpg', 'condition': 'new', 'thisN': 46, 'thisTrialN': 46, 'thisRepN': 0}>
286.6960 	EXP 	remember_box: fillColor = <class 'numpy.ndarray'>
286.6960 	EXP 	familiar_box: fillColor = <class 'numpy.ndarray'>
286.6960 	EXP 	forgotten_box: fillColor = <class 'numpy.ndarray'>
286.6960 	EXP 	stim_image: image = 'phase2_images/Garbage dump 2.jpg'
286.6960 	EXP 	fixation: autoDraw = True
287.6762 	EXP 	stim_image: autoDraw = True
287.6898 	EXP 	fixation: autoDraw = False
290.6788 	EXP 	stim_image: autoDraw = False
290.6788 	EXP 	text: autoDraw = True
290.6788 	EXP 	remember_box: autoDraw = True
290.6788 	EXP 	familiar_box: autoDraw = True
290.6788 	EXP 	forgotten_box: autoDraw = True
290.6788 	EXP 	remember_text: autoDraw = True
290.6788 	EXP 	familiar_text: autoDraw = True
290.6788 	EXP 	forgotten_text: autoDraw = True
291.0853 	DATA 	Mouse: Left button down, pos=(275,184)
291.0909 	EXP 	fixation: autoDraw = False
291.0909 	EXP 	stim_image: autoDraw = False
291.0909 	EXP 	text: autoDraw = False
291.0909 	EXP 	remember_box: autoDraw = False
291.0909 	EXP 	familiar_box: autoDraw = False
291.0909 	EXP 	forgotten_box: autoDraw = False
291.0909 	EXP 	remember_text: autoDraw = False
291.0909 	EXP 	familiar_text: autoDraw = False
291.0909 	EXP 	forgotten_text: autoDraw = False
291.0909 	EXP 	remember_box: fillColor = 'blue'
291.1929 	DATA 	Mouse:  Left button up, pos=(275,184)
291.3913 	EXP 	New trial (rep=0, index=47): <Trial 47 (47 in rep 0) data={'image_name': 'Cockroach 1.jpg', 'condition': 'old', 'thisN': 47, 'thisTrialN': 47, 'thisRepN': 0}>
291.4018 	EXP 	remember_box: fillColor = <class 'numpy.ndarray'>
291.4018 	EXP 	familiar_box: fillColor = <class 'numpy.ndarray'>
291.4018 	EXP 	forgotten_box: fillColor = <class 'numpy.ndarray'>
291.4018 	EXP 	stim_image: image = 'phase2_images/Cockroach 1.jpg'
291.4018 	EXP 	fixation: autoDraw = True
292.3854 	EXP 	stim_image: autoDraw = True
292.3921 	EXP 	fixation: autoDraw = False
295.3739 	EXP 	stim_image: autoDraw = False
295.3837 	EXP 	text: autoDraw = True
295.3837 	EXP 	remember_box: autoDraw = True
295.3837 	EXP 	familiar_box: autoDraw = True
295.3837 	EXP 	forgotten_box: autoDraw = True
295.3837 	EXP 	remember_text: autoDraw = True
295.3837 	EXP 	familiar_text: autoDraw = True
295.3837 	EXP 	forgotten_text: autoDraw = True
295.6697 	DATA 	Mouse: Left button down, pos=(355,168)
295.6762 	EXP 	fixation: autoDraw = False
295.6762 	EXP 	stim_image: autoDraw = False
295.6762 	EXP 	text: autoDraw = False
295.6762 	EXP 	remember_box: autoDraw = False
295.6762 	EXP 	familiar_box: autoDraw = False
295.6762 	EXP 	forgotten_box: autoDraw = False
295.6762 	EXP 	remember_text: autoDraw = False
295.6762 	EXP 	familiar_text: autoDraw = False
295.6762 	EXP 	forgotten_text: autoDraw = False
295.6762 	EXP 	remember_box: fillColor = 'blue'
295.7796 	DATA 	Mouse:  Left button up, pos=(355,168)
295.9766 	EXP 	New trial (rep=0, index=48): <Trial 48 (48 in rep 0) data={'image_name': 'Car 1.jpg', 'condition': 'old', 'thisN': 48, 'thisTrialN': 48, 'thisRepN': 0}>
295.9861 	EXP 	remember_box: fillColor = <class 'numpy.ndarray'>
295.9861 	EXP 	familiar_box: fillColor = <class 'numpy.ndarray'>
295.9861 	EXP 	forgotten_box: fillColor = <class 'numpy.ndarray'>
295.9861 	EXP 	stim_image: image = 'phase2_images/Car 1.jpg'
295.9861 	EXP 	fixation: autoDraw = True
296.9755 	EXP 	fixation: autoDraw = False
296.9755 	EXP 	stim_image: autoDraw = True
299.9796 	EXP 	stim_image: autoDraw = False
299.9796 	EXP 	text: autoDraw = True
299.9796 	EXP 	remember_box: autoDraw = True
299.9796 	EXP 	familiar_box: autoDraw = True
299.9796 	EXP 	forgotten_box: autoDraw = True
299.9796 	EXP 	remember_text: autoDraw = True
299.9796 	EXP 	familiar_text: autoDraw = True
299.9796 	EXP 	forgotten_text: autoDraw = True
300.5420 	DATA 	Mouse: Left button down, pos=(1082,183)
300.5510 	EXP 	fixation: autoDraw = False
300.5510 	EXP 	stim_image: autoDraw = False
300.5510 	EXP 	text: autoDraw = False
300.5510 	EXP 	remember_box: autoDraw = False
300.5510 	EXP 	familiar_box: autoDraw = False
300.5510 	EXP 	forgotten_box: autoDraw = False
300.5510 	EXP 	remember_text: autoDraw = False
300.5510 	EXP 	familiar_text: autoDraw = False
300.5510 	EXP 	forgotten_text: autoDraw = False
300.5510 	EXP 	forgotten_box: fillColor = 'blue'
300.7109 	DATA 	Mouse:  Left button up, pos=(1082,183)
300.8514 	EXP 	New trial (rep=0, index=49): <Trial 49 (49 in rep 0) data={'image_name': 'Shark 8.jpg', 'condition': 'old', 'thisN': 49, 'thisTrialN': 49, 'thisRepN': 0}>
300.8631 	EXP 	remember_box: fillColor = <class 'numpy.ndarray'>
300.8631 	EXP 	familiar_box: fillColor = <class 'numpy.ndarray'>
300.8631 	EXP 	forgotten_box: fillColor = <class 'numpy.ndarray'>
300.8631 	EXP 	stim_image: image = 'phase2_images/Shark 8.jpg'
300.8631 	EXP 	fixation: autoDraw = True
301.8422 	EXP 	stim_image: autoDraw = True
301.8568 	EXP 	fixation: autoDraw = False
304.8451 	EXP 	stim_image: autoDraw = False
304.8451 	EXP 	text: autoDraw = True
304.8451 	EXP 	remember_box: autoDraw = True
304.8451 	EXP 	familiar_box: autoDraw = True
304.8451 	EXP 	forgotten_box: autoDraw = True
304.8451 	EXP 	remember_text: autoDraw = True
304.8451 	EXP 	familiar_text: autoDraw = True
304.8451 	EXP 	forgotten_text: autoDraw = True
305.2857 	DATA 	Mouse: Left button down, pos=(350,220)
305.2913 	EXP 	fixation: autoDraw = False
305.2913 	EXP 	stim_image: autoDraw = False
305.2913 	EXP 	text: autoDraw = False
305.2913 	EXP 	remember_box: autoDraw = False
305.2913 	EXP 	familiar_box: autoDraw = False
305.2913 	EXP 	forgotten_box: autoDraw = False
305.2913 	EXP 	remember_text: autoDraw = False
305.2913 	EXP 	familiar_text: autoDraw = False
305.2913 	EXP 	forgotten_text: autoDraw = False
305.2913 	EXP 	remember_box: fillColor = 'blue'
305.3994 	DATA 	Mouse:  Left button up, pos=(350,220)
305.5917 	EXP 	New trial (rep=0, index=50): <Trial 50 (50 in rep 0) data={'image_name': 'Feces 2.jpg', 'condition': 'old', 'thisN': 50, 'thisTrialN': 50, 'thisRepN': 0}>
305.6028 	EXP 	remember_box: fillColor = <class 'numpy.ndarray'>
305.6028 	EXP 	familiar_box: fillColor = <class 'numpy.ndarray'>
305.6028 	EXP 	forgotten_box: fillColor = <class 'numpy.ndarray'>
305.6028 	EXP 	stim_image: image = 'phase2_images/Feces 2.jpg'
305.6028 	EXP 	fixation: autoDraw = True
306.5851 	EXP 	stim_image: autoDraw = True
306.6019 	EXP 	fixation: autoDraw = False
309.5740 	EXP 	stim_image: autoDraw = False
309.5949 	EXP 	text: autoDraw = True
309.5949 	EXP 	remember_box: autoDraw = True
309.5949 	EXP 	familiar_box: autoDraw = True
309.5949 	EXP 	forgotten_box: autoDraw = True
309.5949 	EXP 	remember_text: autoDraw = True
309.5949 	EXP 	familiar_text: autoDraw = True
309.5949 	EXP 	forgotten_text: autoDraw = True
309.9541 	DATA 	Mouse: Left button down, pos=(323,173)
309.9683 	EXP 	fixation: autoDraw = False
309.9683 	EXP 	stim_image: autoDraw = False
309.9683 	EXP 	text: autoDraw = False
309.9683 	EXP 	remember_box: autoDraw = False
309.9683 	EXP 	familiar_box: autoDraw = False
309.9683 	EXP 	forgotten_box: autoDraw = False
309.9683 	EXP 	remember_text: autoDraw = False
309.9683 	EXP 	familiar_text: autoDraw = False
309.9683 	EXP 	forgotten_text: autoDraw = False
309.9683 	EXP 	remember_box: fillColor = 'blue'
310.0982 	DATA 	Mouse:  Left button up, pos=(323,173)
310.2686 	EXP 	New trial (rep=0, index=51): <Trial 51 (51 in rep 0) data={'image_name': 'Car accident 2.jpg', 'condition': 'old', 'thisN': 51, 'thisTrialN': 51, 'thisRepN': 0}>
310.2794 	EXP 	remember_box: fillColor = <class 'numpy.ndarray'>
310.2794 	EXP 	familiar_box: fillColor = <class 'numpy.ndarray'>
310.2794 	EXP 	forgotten_box: fillColor = <class 'numpy.ndarray'>
310.2794 	EXP 	stim_image: image = 'phase2_images/Car accident 2.jpg'
310.2794 	EXP 	fixation: autoDraw = True
311.2577 	EXP 	stim_image: autoDraw = True
311.2738 	EXP 	fixation: autoDraw = False
314.2519 	EXP 	stim_image: autoDraw = False
314.2629 	EXP 	text: autoDraw = True
314.2629 	EXP 	remember_box: autoDraw = True
314.2629 	EXP 	familiar_box: autoDraw = True
314.2629 	EXP 	forgotten_box: autoDraw = True
314.2629 	EXP 	remember_text: autoDraw = True
314.2629 	EXP 	familiar_text: autoDraw = True
314.2629 	EXP 	forgotten_text: autoDraw = True
314.7059 	DATA 	Mouse: Left button down, pos=(1095,187)
314.7168 	EXP 	fixation: autoDraw = False
314.7168 	EXP 	stim_image: autoDraw = False
314.7168 	EXP 	text: autoDraw = False
314.7168 	EXP 	remember_box: autoDraw = False
314.7168 	EXP 	familiar_box: autoDraw = False
314.7168 	EXP 	forgotten_box: autoDraw = False
314.7168 	EXP 	remember_text: autoDraw = False
314.7168 	EXP 	familiar_text: autoDraw = False
314.7168 	EXP 	forgotten_text: autoDraw = False
314.7168 	EXP 	forgotten_box: fillColor = 'blue'
314.8262 	DATA 	Mouse:  Left button up, pos=(1095,186)
315.0173 	EXP 	New trial (rep=0, index=52): <Trial 52 (52 in rep 0) data={'image_name': 'Bark 6.jpg', 'condition': 'old', 'thisN': 52, 'thisTrialN': 52, 'thisRepN': 0}>
315.0289 	EXP 	remember_box: fillColor = <class 'numpy.ndarray'>
315.0289 	EXP 	familiar_box: fillColor = <class 'numpy.ndarray'>
315.0289 	EXP 	forgotten_box: fillColor = <class 'numpy.ndarray'>
315.0289 	EXP 	stim_image: image = 'phase2_images/Bark 6.jpg'
315.0289 	EXP 	fixation: autoDraw = True
316.0092 	EXP 	stim_image: autoDraw = True
316.0244 	EXP 	fixation: autoDraw = False
319.0111 	EXP 	stim_image: autoDraw = False
319.0111 	EXP 	text: autoDraw = True
319.0111 	EXP 	remember_box: autoDraw = True
319.0111 	EXP 	familiar_box: autoDraw = True
319.0111 	EXP 	forgotten_box: autoDraw = True
319.0111 	EXP 	remember_text: autoDraw = True
319.0111 	EXP 	familiar_text: autoDraw = True
319.0111 	EXP 	forgotten_text: autoDraw = True
319.5594 	DATA 	Mouse: Left button down, pos=(824,214)
319.5672 	EXP 	fixation: autoDraw = False
319.5672 	EXP 	stim_image: autoDraw = False
319.5672 	EXP 	text: autoDraw = False
319.5672 	EXP 	remember_box: autoDraw = False
319.5672 	EXP 	familiar_box: autoDraw = False
319.5672 	EXP 	forgotten_box: autoDraw = False
319.5672 	EXP 	remember_text: autoDraw = False
319.5672 	EXP 	familiar_text: autoDraw = False
319.5672 	EXP 	forgotten_text: autoDraw = False
319.5672 	EXP 	familiar_box: fillColor = 'blue'
319.6701 	DATA 	Mouse:  Left button up, pos=(824,214)
319.8678 	EXP 	New trial (rep=0, index=53): <Trial 53 (53 in rep 0) data={'image_name': 'Exercise 3.jpg', 'condition': 'old', 'thisN': 53, 'thisTrialN': 53, 'thisRepN': 0}>
319.8795 	EXP 	remember_box: fillColor = <class 'numpy.ndarray'>
319.8795 	EXP 	familiar_box: fillColor = <class 'numpy.ndarray'>
319.8795 	EXP 	forgotten_box: fillColor = <class 'numpy.ndarray'>
319.8795 	EXP 	stim_image: image = 'phase2_images/Exercise 3.jpg'
319.8795 	EXP 	fixation: autoDraw = True
320.8581 	EXP 	stim_image: autoDraw = True
320.8742 	EXP 	fixation: autoDraw = False
323.8517 	EXP 	stim_image: autoDraw = False
323.8613 	EXP 	text: autoDraw = True
323.8613 	EXP 	remember_box: autoDraw = True
323.8613 	EXP 	familiar_box: autoDraw = True
323.8613 	EXP 	forgotten_box: autoDraw = True
323.8613 	EXP 	remember_text: autoDraw = True
323.8613 	EXP 	familiar_text: autoDraw = True
323.8613 	EXP 	forgotten_text: autoDraw = True
324.8768 	DATA 	Mouse: Left button down, pos=(427,181)
324.8897 	EXP 	fixation: autoDraw = False
324.8897 	EXP 	stim_image: autoDraw = False
324.8897 	EXP 	text: autoDraw = False
324.8897 	EXP 	remember_box: autoDraw = False
324.8897 	EXP 	familiar_box: autoDraw = False
324.8897 	EXP 	forgotten_box: autoDraw = False
324.8897 	EXP 	remember_text: autoDraw = False
324.8897 	EXP 	familiar_text: autoDraw = False
324.8897 	EXP 	forgotten_text: autoDraw = False
324.8897 	EXP 	remember_box: fillColor = 'blue'
324.9836 	DATA 	Mouse:  Left button up, pos=(427,181)
325.1902 	EXP 	New trial (rep=0, index=54): <Trial 54 (54 in rep 0) data={'image_name': 'Spider 2.jpg', 'condition': 'old', 'thisN': 54, 'thisTrialN': 54, 'thisRepN': 0}>
325.2011 	EXP 	remember_box: fillColor = <class 'numpy.ndarray'>
325.2011 	EXP 	familiar_box: fillColor = <class 'numpy.ndarray'>
325.2011 	EXP 	forgotten_box: fillColor = <class 'numpy.ndarray'>
325.2011 	EXP 	stim_image: image = 'phase2_images/Spider 2.jpg'
325.2011 	EXP 	fixation: autoDraw = True
326.1849 	EXP 	stim_image: autoDraw = True
326.1911 	EXP 	fixation: autoDraw = False
329.1724 	EXP 	stim_image: autoDraw = False
329.1950 	EXP 	text: autoDraw = True
329.1950 	EXP 	remember_box: autoDraw = True
329.1950 	EXP 	familiar_box: autoDraw = True
329.1950 	EXP 	forgotten_box: autoDraw = True
329.1950 	EXP 	remember_text: autoDraw = True
329.1950 	EXP 	familiar_text: autoDraw = True
329.1950 	EXP 	forgotten_text: autoDraw = True
329.6190 	DATA 	Mouse: Left button down, pos=(743,213)
329.6255 	EXP 	fixation: autoDraw = False
329.6255 	EXP 	stim_image: autoDraw = False
329.6255 	EXP 	text: autoDraw = False
329.6255 	EXP 	remember_box: autoDraw = False
329.6255 	EXP 	familiar_box: autoDraw = False
329.6255 	EXP 	forgotten_box: autoDraw = False
329.6255 	EXP 	remember_text: autoDraw = False
329.6255 	EXP 	familiar_text: autoDraw = False
329.6255 	EXP 	forgotten_text: autoDraw = False
329.6255 	EXP 	familiar_box: fillColor = 'blue'
329.7416 	DATA 	Mouse:  Left button up, pos=(743,213)
329.9259 	EXP 	New trial (rep=0, index=55): <Trial 55 (55 in rep 0) data={'image_name': 'Dead bodies 1.jpg', 'condition': 'old', 'thisN': 55, 'thisTrialN': 55, 'thisRepN': 0}>
329.9381 	EXP 	remember_box: fillColor = <class 'numpy.ndarray'>
329.9381 	EXP 	familiar_box: fillColor = <class 'numpy.ndarray'>
329.9381 	EXP 	forgotten_box: fillColor = <class 'numpy.ndarray'>
329.9381 	EXP 	stim_image: image = 'phase2_images/Dead bodies 1.jpg'
329.9381 	EXP 	fixation: autoDraw = True
330.9254 	EXP 	stim_image: autoDraw = True
330.9349 	EXP 	fixation: autoDraw = False
333.9174 	EXP 	stim_image: autoDraw = False
333.9174 	EXP 	text: autoDraw = True
333.9174 	EXP 	remember_box: autoDraw = True
333.9174 	EXP 	familiar_box: autoDraw = True
333.9174 	EXP 	forgotten_box: autoDraw = True
333.9174 	EXP 	remember_text: autoDraw = True
333.9174 	EXP 	familiar_text: autoDraw = True
333.9174 	EXP 	forgotten_text: autoDraw = True
334.2688 	DATA 	Mouse: Left button down, pos=(361,153)
334.2744 	EXP 	fixation: autoDraw = False
334.2744 	EXP 	stim_image: autoDraw = False
334.2744 	EXP 	text: autoDraw = False
334.2744 	EXP 	remember_box: autoDraw = False
334.2744 	EXP 	familiar_box: autoDraw = False
334.2744 	EXP 	forgotten_box: autoDraw = False
334.2744 	EXP 	remember_text: autoDraw = False
334.2744 	EXP 	familiar_text: autoDraw = False
334.2744 	EXP 	forgotten_text: autoDraw = False
334.2744 	EXP 	remember_box: fillColor = 'blue'
334.3772 	DATA 	Mouse:  Left button up, pos=(361,153)
334.5749 	EXP 	New trial (rep=0, index=56): <Trial 56 (56 in rep 0) data={'image_name': 'Soldiers 8.jpg', 'condition': 'old', 'thisN': 56, 'thisTrialN': 56, 'thisRepN': 0}>
334.5855 	EXP 	remember_box: fillColor = <class 'numpy.ndarray'>
334.5855 	EXP 	familiar_box: fillColor = <class 'numpy.ndarray'>
334.5855 	EXP 	forgotten_box: fillColor = <class 'numpy.ndarray'>
334.5855 	EXP 	stim_image: image = 'phase2_images/Soldiers 8.jpg'
334.5855 	EXP 	fixation: autoDraw = True
335.5682 	EXP 	stim_image: autoDraw = True
335.5746 	EXP 	fixation: autoDraw = False
338.5570 	EXP 	stim_image: autoDraw = False
338.5775 	EXP 	text: autoDraw = True
338.5775 	EXP 	remember_box: autoDraw = True
338.5775 	EXP 	familiar_box: autoDraw = True
338.5775 	EXP 	forgotten_box: autoDraw = True
338.5775 	EXP 	remember_text: autoDraw = True
338.5775 	EXP 	familiar_text: autoDraw = True
338.5775 	EXP 	forgotten_text: autoDraw = True
338.9184 	DATA 	Mouse: Left button down, pos=(343,178)
338.9247 	EXP 	fixation: autoDraw = False
338.9247 	EXP 	stim_image: autoDraw = False
338.9247 	EXP 	text: autoDraw = False
338.9247 	EXP 	remember_box: autoDraw = False
338.9247 	EXP 	familiar_box: autoDraw = False
338.9247 	EXP 	forgotten_box: autoDraw = False
338.9247 	EXP 	remember_text: autoDraw = False
338.9247 	EXP 	familiar_text: autoDraw = False
338.9247 	EXP 	forgotten_text: autoDraw = False
338.9247 	EXP 	remember_box: fillColor = 'blue'
339.0346 	DATA 	Mouse:  Left button up, pos=(343,178)
339.2252 	EXP 	New trial (rep=0, index=57): <Trial 57 (57 in rep 0) data={'image_name': 'Tornado 1.jpg', 'condition': 'old', 'thisN': 57, 'thisTrialN': 57, 'thisRepN': 0}>
339.2351 	EXP 	remember_box: fillColor = <class 'numpy.ndarray'>
339.2351 	EXP 	familiar_box: fillColor = <class 'numpy.ndarray'>
339.2351 	EXP 	forgotten_box: fillColor = <class 'numpy.ndarray'>
339.2351 	EXP 	stim_image: image = 'phase2_images/Tornado 1.jpg'
339.2351 	EXP 	fixation: autoDraw = True
340.2252 	EXP 	fixation: autoDraw = False
340.2252 	EXP 	stim_image: autoDraw = True
343.2279 	EXP 	stim_image: autoDraw = False
343.2279 	EXP 	text: autoDraw = True
343.2279 	EXP 	remember_box: autoDraw = True
343.2279 	EXP 	familiar_box: autoDraw = True
343.2279 	EXP 	forgotten_box: autoDraw = True
343.2279 	EXP 	remember_text: autoDraw = True
343.2279 	EXP 	familiar_text: autoDraw = True
343.2279 	EXP 	forgotten_text: autoDraw = True
344.4268 	DATA 	Mouse: Left button down, pos=(364,184)
344.4385 	EXP 	fixation: autoDraw = False
344.4385 	EXP 	stim_image: autoDraw = False
344.4385 	EXP 	text: autoDraw = False
344.4385 	EXP 	remember_box: autoDraw = False
344.4385 	EXP 	familiar_box: autoDraw = False
344.4385 	EXP 	forgotten_box: autoDraw = False
344.4385 	EXP 	remember_text: autoDraw = False
344.4385 	EXP 	familiar_text: autoDraw = False
344.4385 	EXP 	forgotten_text: autoDraw = False
344.4385 	EXP 	remember_box: fillColor = 'blue'
344.5329 	DATA 	Mouse:  Left button up, pos=(364,184)
344.7389 	EXP 	New trial (rep=0, index=58): <Trial 58 (58 in rep 0) data={'image_name': 'Solar panel 1.jpg', 'condition': 'old', 'thisN': 58, 'thisTrialN': 58, 'thisRepN': 0}>
344.7513 	EXP 	remember_box: fillColor = <class 'numpy.ndarray'>
344.7513 	EXP 	familiar_box: fillColor = <class 'numpy.ndarray'>
344.7513 	EXP 	forgotten_box: fillColor = <class 'numpy.ndarray'>
344.7513 	EXP 	stim_image: image = 'phase2_images/Solar panel 1.jpg'
344.7513 	EXP 	fixation: autoDraw = True
345.7347 	EXP 	stim_image: autoDraw = True
345.7406 	EXP 	fixation: autoDraw = False
348.7236 	EXP 	stim_image: autoDraw = False
348.7335 	EXP 	text: autoDraw = True
348.7335 	EXP 	remember_box: autoDraw = True
348.7335 	EXP 	familiar_box: autoDraw = True
348.7335 	EXP 	forgotten_box: autoDraw = True
348.7335 	EXP 	remember_text: autoDraw = True
348.7335 	EXP 	familiar_text: autoDraw = True
348.7335 	EXP 	forgotten_text: autoDraw = True
349.1240 	DATA 	Mouse: Left button down, pos=(364,184)
349.1345 	EXP 	fixation: autoDraw = False
349.1345 	EXP 	stim_image: autoDraw = False
349.1345 	EXP 	text: autoDraw = False
349.1345 	EXP 	remember_box: autoDraw = False
349.1345 	EXP 	familiar_box: autoDraw = False
349.1345 	EXP 	forgotten_box: autoDraw = False
349.1345 	EXP 	remember_text: autoDraw = False
349.1345 	EXP 	familiar_text: autoDraw = False
349.1345 	EXP 	forgotten_text: autoDraw = False
349.1345 	EXP 	remember_box: fillColor = 'blue'
349.2654 	DATA 	Mouse:  Left button up, pos=(364,184)
349.4350 	EXP 	New trial (rep=0, index=59): <Trial 59 (59 in rep 0) data={'image_name': 'Building 2.jpg', 'condition': 'new', 'thisN': 59, 'thisTrialN': 59, 'thisRepN': 0}>
349.4456 	EXP 	remember_box: fillColor = <class 'numpy.ndarray'>
349.4456 	EXP 	familiar_box: fillColor = <class 'numpy.ndarray'>
349.4456 	EXP 	forgotten_box: fillColor = <class 'numpy.ndarray'>
349.4456 	EXP 	stim_image: image = 'phase2_images/Building 2.jpg'
349.4456 	EXP 	fixation: autoDraw = True
350.4251 	EXP 	stim_image: autoDraw = True
350.4406 	EXP 	fixation: autoDraw = False
353.4281 	EXP 	stim_image: autoDraw = False
353.4281 	EXP 	text: autoDraw = True
353.4281 	EXP 	remember_box: autoDraw = True
353.4281 	EXP 	familiar_box: autoDraw = True
353.4281 	EXP 	forgotten_box: autoDraw = True
353.4281 	EXP 	remember_text: autoDraw = True
353.4281 	EXP 	familiar_text: autoDraw = True
353.4281 	EXP 	forgotten_text: autoDraw = True
354.2705 	DATA 	Mouse: Left button down, pos=(1114,184)
354.2845 	EXP 	fixation: autoDraw = False
354.2845 	EXP 	stim_image: autoDraw = False
354.2845 	EXP 	text: autoDraw = False
354.2845 	EXP 	remember_box: autoDraw = False
354.2845 	EXP 	familiar_box: autoDraw = False
354.2845 	EXP 	forgotten_box: autoDraw = False
354.2845 	EXP 	remember_text: autoDraw = False
354.2845 	EXP 	familiar_text: autoDraw = False
354.2845 	EXP 	forgotten_text: autoDraw = False
354.2845 	EXP 	forgotten_box: fillColor = 'blue'
354.4079 	DATA 	Mouse:  Left button up, pos=(1114,184)
354.5850 	EXP 	New trial (rep=0, index=60): <Trial 60 (60 in rep 0) data={'image_name': 'Rafting 6.jpg', 'condition': 'old', 'thisN': 60, 'thisTrialN': 60, 'thisRepN': 0}>
354.5974 	EXP 	remember_box: fillColor = <class 'numpy.ndarray'>
354.5974 	EXP 	familiar_box: fillColor = <class 'numpy.ndarray'>
354.5974 	EXP 	forgotten_box: fillColor = <class 'numpy.ndarray'>
354.5974 	EXP 	stim_image: image = 'phase2_images/Rafting 6.jpg'
354.5974 	EXP 	fixation: autoDraw = True
355.5752 	EXP 	stim_image: autoDraw = True
355.5904 	EXP 	fixation: autoDraw = False
358.5781 	EXP 	stim_image: autoDraw = False
358.5781 	EXP 	text: autoDraw = True
358.5781 	EXP 	remember_box: autoDraw = True
358.5781 	EXP 	familiar_box: autoDraw = True
358.5781 	EXP 	forgotten_box: autoDraw = True
358.5781 	EXP 	remember_text: autoDraw = True
358.5781 	EXP 	familiar_text: autoDraw = True
358.5781 	EXP 	forgotten_text: autoDraw = True
358.9191 	DATA 	Mouse: Left button down, pos=(320,155)
358.9344 	EXP 	fixation: autoDraw = False
358.9344 	EXP 	stim_image: autoDraw = False
358.9344 	EXP 	text: autoDraw = False
358.9344 	EXP 	remember_box: autoDraw = False
358.9344 	EXP 	familiar_box: autoDraw = False
358.9344 	EXP 	forgotten_box: autoDraw = False
358.9344 	EXP 	remember_text: autoDraw = False
358.9344 	EXP 	familiar_text: autoDraw = False
358.9344 	EXP 	forgotten_text: autoDraw = False
358.9344 	EXP 	remember_box: fillColor = 'blue'
359.0173 	DATA 	Mouse:  Left button up, pos=(320,155)
359.2347 	EXP 	New trial (rep=0, index=61): <Trial 61 (61 in rep 0) data={'image_name': 'Severed finger 1.jpg', 'condition': 'old', 'thisN': 61, 'thisTrialN': 61, 'thisRepN': 0}>
359.2448 	EXP 	remember_box: fillColor = <class 'numpy.ndarray'>
359.2448 	EXP 	familiar_box: fillColor = <class 'numpy.ndarray'>
359.2448 	EXP 	forgotten_box: fillColor = <class 'numpy.ndarray'>
359.2448 	EXP 	stim_image: image = 'phase2_images/Severed finger 1.jpg'
359.2448 	EXP 	fixation: autoDraw = True
360.2251 	EXP 	stim_image: autoDraw = True
360.2405 	EXP 	fixation: autoDraw = False
363.2277 	EXP 	stim_image: autoDraw = False
363.2277 	EXP 	text: autoDraw = True
363.2277 	EXP 	remember_box: autoDraw = True
363.2277 	EXP 	familiar_box: autoDraw = True
363.2277 	EXP 	forgotten_box: autoDraw = True
363.2277 	EXP 	remember_text: autoDraw = True
363.2277 	EXP 	familiar_text: autoDraw = True
363.2277 	EXP 	forgotten_text: autoDraw = True
363.6405 	DATA 	Mouse: Left button down, pos=(320,155)
363.6511 	EXP 	fixation: autoDraw = False
363.6511 	EXP 	stim_image: autoDraw = False
363.6511 	EXP 	text: autoDraw = False
363.6511 	EXP 	remember_box: autoDraw = False
363.6511 	EXP 	familiar_box: autoDraw = False
363.6511 	EXP 	forgotten_box: autoDraw = False
363.6511 	EXP 	remember_text: autoDraw = False
363.6511 	EXP 	familiar_text: autoDraw = False
363.6511 	EXP 	forgotten_text: autoDraw = False
363.6511 	EXP 	remember_box: fillColor = 'blue'
363.6985 	DATA 	Mouse:  Left button up, pos=(320,155)
363.9515 	EXP 	New trial (rep=0, index=62): <Trial 62 (62 in rep 0) data={'image_name': 'Snake 4.jpg', 'condition': 'new', 'thisN': 62, 'thisTrialN': 62, 'thisRepN': 0}>
363.9636 	EXP 	remember_box: fillColor = <class 'numpy.ndarray'>
363.9636 	EXP 	familiar_box: fillColor = <class 'numpy.ndarray'>
363.9636 	EXP 	forgotten_box: fillColor = <class 'numpy.ndarray'>
363.9636 	EXP 	stim_image: image = 'phase2_images/Snake 4.jpg'
363.9636 	EXP 	fixation: autoDraw = True
364.9416 	EXP 	stim_image: autoDraw = True
364.9563 	EXP 	fixation: autoDraw = False
367.9440 	EXP 	stim_image: autoDraw = False
367.9440 	EXP 	text: autoDraw = True
367.9440 	EXP 	remember_box: autoDraw = True
367.9440 	EXP 	familiar_box: autoDraw = True
367.9440 	EXP 	forgotten_box: autoDraw = True
367.9440 	EXP 	remember_text: autoDraw = True
367.9440 	EXP 	familiar_text: autoDraw = True
367.9440 	EXP 	forgotten_text: autoDraw = True
368.4525 	DATA 	Mouse: Left button down, pos=(1116,174)
368.4589 	EXP 	fixation: autoDraw = False
368.4589 	EXP 	stim_image: autoDraw = False
368.4589 	EXP 	text: autoDraw = False
368.4589 	EXP 	remember_box: autoDraw = False
368.4589 	EXP 	familiar_box: autoDraw = False
368.4589 	EXP 	forgotten_box: autoDraw = False
368.4589 	EXP 	remember_text: autoDraw = False
368.4589 	EXP 	familiar_text: autoDraw = False
368.4589 	EXP 	forgotten_text: autoDraw = False
368.4589 	EXP 	forgotten_box: fillColor = 'blue'
368.5618 	DATA 	Mouse:  Left button up, pos=(1116,174)
368.7593 	EXP 	New trial (rep=0, index=63): <Trial 63 (63 in rep 0) data={'image_name': 'Sidewalk 2.jpg', 'condition': 'old', 'thisN': 63, 'thisTrialN': 63, 'thisRepN': 0}>
368.7698 	EXP 	remember_box: fillColor = <class 'numpy.ndarray'>
368.7698 	EXP 	familiar_box: fillColor = <class 'numpy.ndarray'>
368.7698 	EXP 	forgotten_box: fillColor = <class 'numpy.ndarray'>
368.7698 	EXP 	stim_image: image = 'phase2_images/Sidewalk 2.jpg'
368.7698 	EXP 	fixation: autoDraw = True
369.7587 	EXP 	stim_image: autoDraw = True
369.7679 	EXP 	fixation: autoDraw = False
372.7614 	EXP 	stim_image: autoDraw = False
372.7614 	EXP 	text: autoDraw = True
372.7614 	EXP 	remember_box: autoDraw = True
372.7614 	EXP 	familiar_box: autoDraw = True
372.7614 	EXP 	forgotten_box: autoDraw = True
372.7614 	EXP 	remember_text: autoDraw = True
372.7614 	EXP 	familiar_text: autoDraw = True
372.7614 	EXP 	forgotten_text: autoDraw = True
373.1596 	DATA 	Mouse: Left button down, pos=(295,144)
373.1725 	EXP 	fixation: autoDraw = False
373.1725 	EXP 	stim_image: autoDraw = False
373.1725 	EXP 	text: autoDraw = False
373.1725 	EXP 	remember_box: autoDraw = False
373.1725 	EXP 	familiar_box: autoDraw = False
373.1725 	EXP 	forgotten_box: autoDraw = False
373.1725 	EXP 	remember_text: autoDraw = False
373.1725 	EXP 	familiar_text: autoDraw = False
373.1725 	EXP 	forgotten_text: autoDraw = False
373.1725 	EXP 	remember_box: fillColor = 'blue'
373.2669 	DATA 	Mouse:  Left button up, pos=(295,144)
373.4729 	EXP 	New trial (rep=0, index=64): <Trial 64 (64 in rep 0) data={'image_name': 'School 1.jpg', 'condition': 'old', 'thisN': 64, 'thisTrialN': 64, 'thisRepN': 0}>
373.4837 	EXP 	remember_box: fillColor = <class 'numpy.ndarray'>
373.4837 	EXP 	familiar_box: fillColor = <class 'numpy.ndarray'>
373.4837 	EXP 	forgotten_box: fillColor = <class 'numpy.ndarray'>
373.4837 	EXP 	stim_image: image = 'phase2_images/School 1.jpg'
373.4837 	EXP 	fixation: autoDraw = True
374.4678 	EXP 	stim_image: autoDraw = True
374.4736 	EXP 	fixation: autoDraw = False
377.4568 	EXP 	stim_image: autoDraw = False
377.4666 	EXP 	text: autoDraw = True
377.4666 	EXP 	remember_box: autoDraw = True
377.4666 	EXP 	familiar_box: autoDraw = True
377.4666 	EXP 	forgotten_box: autoDraw = True
377.4666 	EXP 	remember_text: autoDraw = True
377.4666 	EXP 	familiar_text: autoDraw = True
377.4666 	EXP 	forgotten_text: autoDraw = True
377.7252 	DATA 	Mouse: Left button down, pos=(351,191)
377.7335 	EXP 	fixation: autoDraw = False
377.7335 	EXP 	stim_image: autoDraw = False
377.7335 	EXP 	text: autoDraw = False
377.7335 	EXP 	remember_box: autoDraw = False
377.7335 	EXP 	familiar_box: autoDraw = False
377.7335 	EXP 	forgotten_box: autoDraw = False
377.7335 	EXP 	remember_text: autoDraw = False
377.7335 	EXP 	familiar_text: autoDraw = False
377.7335 	EXP 	forgotten_text: autoDraw = False
377.7335 	EXP 	remember_box: fillColor = 'blue'
377.8620 	DATA 	Mouse:  Left button up, pos=(351,191)
378.0339 	EXP 	New trial (rep=0, index=65): <Trial 65 (65 in rep 0) data={'image_name': 'Dead bodies 2.jpg', 'condition': 'new', 'thisN': 65, 'thisTrialN': 65, 'thisRepN': 0}>
378.0456 	EXP 	remember_box: fillColor = <class 'numpy.ndarray'>
378.0456 	EXP 	familiar_box: fillColor = <class 'numpy.ndarray'>
378.0456 	EXP 	forgotten_box: fillColor = <class 'numpy.ndarray'>
378.0456 	EXP 	stim_image: image = 'phase2_images/Dead bodies 2.jpg'
378.0456 	EXP 	fixation: autoDraw = True
379.0252 	EXP 	stim_image: autoDraw = True
379.0397 	EXP 	fixation: autoDraw = False
382.0286 	EXP 	stim_image: autoDraw = False
382.0286 	EXP 	text: autoDraw = True
382.0286 	EXP 	remember_box: autoDraw = True
382.0286 	EXP 	familiar_box: autoDraw = True
382.0286 	EXP 	forgotten_box: autoDraw = True
382.0286 	EXP 	remember_text: autoDraw = True
382.0286 	EXP 	familiar_text: autoDraw = True
382.0286 	EXP 	forgotten_text: autoDraw = True
382.3244 	DATA 	Mouse: Left button down, pos=(1054,198)
382.3334 	EXP 	fixation: autoDraw = False
382.3334 	EXP 	stim_image: autoDraw = False
382.3334 	EXP 	text: autoDraw = False
382.3334 	EXP 	remember_box: autoDraw = False
382.3334 	EXP 	familiar_box: autoDraw = False
382.3334 	EXP 	forgotten_box: autoDraw = False
382.3334 	EXP 	remember_text: autoDraw = False
382.3334 	EXP 	familiar_text: autoDraw = False
382.3334 	EXP 	forgotten_text: autoDraw = False
382.3334 	EXP 	forgotten_box: fillColor = 'blue'
382.4668 	DATA 	Mouse:  Left button up, pos=(1054,198)
382.6339 	EXP 	New trial (rep=0, index=66): <Trial 66 (66 in rep 0) data={'image_name': 'Pigeon 6.jpg', 'condition': 'old', 'thisN': 66, 'thisTrialN': 66, 'thisRepN': 0}>
382.6464 	EXP 	remember_box: fillColor = <class 'numpy.ndarray'>
382.6464 	EXP 	familiar_box: fillColor = <class 'numpy.ndarray'>
382.6464 	EXP 	forgotten_box: fillColor = <class 'numpy.ndarray'>
382.6464 	EXP 	stim_image: image = 'phase2_images/Pigeon 6.jpg'
382.6464 	EXP 	fixation: autoDraw = True
383.6252 	EXP 	stim_image: autoDraw = True
383.6406 	EXP 	fixation: autoDraw = False
386.6269 	EXP 	stim_image: autoDraw = False
386.6269 	EXP 	text: autoDraw = True
386.6269 	EXP 	remember_box: autoDraw = True
386.6269 	EXP 	familiar_box: autoDraw = True
386.6269 	EXP 	forgotten_box: autoDraw = True
386.6269 	EXP 	remember_text: autoDraw = True
386.6269 	EXP 	familiar_text: autoDraw = True
386.6269 	EXP 	forgotten_text: autoDraw = True
387.5201 	DATA 	Mouse: Left button down, pos=(488,164)
387.5340 	EXP 	fixation: autoDraw = False
387.5340 	EXP 	stim_image: autoDraw = False
387.5340 	EXP 	text: autoDraw = False
387.5340 	EXP 	remember_box: autoDraw = False
387.5340 	EXP 	familiar_box: autoDraw = False
387.5340 	EXP 	forgotten_box: autoDraw = False
387.5340 	EXP 	remember_text: autoDraw = False
387.5340 	EXP 	familiar_text: autoDraw = False
387.5340 	EXP 	forgotten_text: autoDraw = False
387.5340 	EXP 	remember_box: fillColor = 'blue'
387.6491 	DATA 	Mouse:  Left button up, pos=(488,164)
387.8345 	EXP 	New trial (rep=0, index=67): <Trial 67 (67 in rep 0) data={'image_name': 'Fire 9.jpg', 'condition': 'old', 'thisN': 67, 'thisTrialN': 67, 'thisRepN': 0}>
387.8460 	EXP 	remember_box: fillColor = <class 'numpy.ndarray'>
387.8460 	EXP 	familiar_box: fillColor = <class 'numpy.ndarray'>
387.8460 	EXP 	forgotten_box: fillColor = <class 'numpy.ndarray'>
387.8460 	EXP 	stim_image: image = 'phase2_images/Fire 9.jpg'
387.8460 	EXP 	fixation: autoDraw = True
388.8247 	EXP 	stim_image: autoDraw = True
388.8396 	EXP 	fixation: autoDraw = False
391.8276 	EXP 	stim_image: autoDraw = False
391.8276 	EXP 	text: autoDraw = True
391.8276 	EXP 	remember_box: autoDraw = True
391.8276 	EXP 	familiar_box: autoDraw = True
391.8276 	EXP 	forgotten_box: autoDraw = True
391.8276 	EXP 	remember_text: autoDraw = True
391.8276 	EXP 	familiar_text: autoDraw = True
391.8276 	EXP 	forgotten_text: autoDraw = True
392.2684 	DATA 	Mouse: Left button down, pos=(488,164)
392.2741 	EXP 	fixation: autoDraw = False
392.2741 	EXP 	stim_image: autoDraw = False
392.2741 	EXP 	text: autoDraw = False
392.2741 	EXP 	remember_box: autoDraw = False
392.2741 	EXP 	familiar_box: autoDraw = False
392.2741 	EXP 	forgotten_box: autoDraw = False
392.2741 	EXP 	remember_text: autoDraw = False
392.2741 	EXP 	familiar_text: autoDraw = False
392.2741 	EXP 	forgotten_text: autoDraw = False
392.2741 	EXP 	remember_box: fillColor = 'blue'
392.3676 	DATA 	Mouse:  Left button up, pos=(488,164)
392.5745 	EXP 	New trial (rep=0, index=68): <Trial 68 (68 in rep 0) data={'image_name': 'Acorns 3.jpg', 'condition': 'old', 'thisN': 68, 'thisTrialN': 68, 'thisRepN': 0}>
392.5851 	EXP 	remember_box: fillColor = <class 'numpy.ndarray'>
392.5851 	EXP 	familiar_box: fillColor = <class 'numpy.ndarray'>
392.5851 	EXP 	forgotten_box: fillColor = <class 'numpy.ndarray'>
392.5851 	EXP 	stim_image: image = 'phase2_images/Acorns 3.jpg'
392.5851 	EXP 	fixation: autoDraw = True
393.5677 	EXP 	stim_image: autoDraw = True
393.5742 	EXP 	fixation: autoDraw = False
396.5567 	EXP 	stim_image: autoDraw = False
396.5771 	EXP 	text: autoDraw = True
396.5771 	EXP 	remember_box: autoDraw = True
396.5771 	EXP 	familiar_box: autoDraw = True
396.5771 	EXP 	forgotten_box: autoDraw = True
396.5771 	EXP 	remember_text: autoDraw = True
396.5771 	EXP 	familiar_text: autoDraw = True
396.5771 	EXP 	forgotten_text: autoDraw = True
396.9381 	DATA 	Mouse: Left button down, pos=(488,164)
396.9494 	EXP 	fixation: autoDraw = False
396.9494 	EXP 	stim_image: autoDraw = False
396.9494 	EXP 	text: autoDraw = False
396.9494 	EXP 	remember_box: autoDraw = False
396.9494 	EXP 	familiar_box: autoDraw = False
396.9494 	EXP 	forgotten_box: autoDraw = False
396.9494 	EXP 	remember_text: autoDraw = False
396.9494 	EXP 	familiar_text: autoDraw = False
396.9494 	EXP 	forgotten_text: autoDraw = False
396.9494 	EXP 	remember_box: fillColor = 'blue'
397.0443 	DATA 	Mouse:  Left button up, pos=(488,164)
397.2497 	EXP 	New trial (rep=0, index=69): <Trial 69 (69 in rep 0) data={'image_name': 'Orangutan 1.jpg', 'condition': 'old', 'thisN': 69, 'thisTrialN': 69, 'thisRepN': 0}>
397.2604 	EXP 	remember_box: fillColor = <class 'numpy.ndarray'>
397.2604 	EXP 	familiar_box: fillColor = <class 'numpy.ndarray'>
397.2604 	EXP 	forgotten_box: fillColor = <class 'numpy.ndarray'>
397.2604 	EXP 	stim_image: image = 'phase2_images/Orangutan 1.jpg'
397.2604 	EXP 	fixation: autoDraw = True
398.2413 	EXP 	stim_image: autoDraw = True
398.2561 	EXP 	fixation: autoDraw = False
401.2447 	EXP 	stim_image: autoDraw = False
401.2447 	EXP 	text: autoDraw = True
401.2447 	EXP 	remember_box: autoDraw = True
401.2447 	EXP 	familiar_box: autoDraw = True
401.2447 	EXP 	forgotten_box: autoDraw = True
401.2447 	EXP 	remember_text: autoDraw = True
401.2447 	EXP 	familiar_text: autoDraw = True
401.2447 	EXP 	forgotten_text: autoDraw = True
401.4714 	DATA 	Mouse: Left button down, pos=(472,166)
401.4830 	EXP 	fixation: autoDraw = False
401.4830 	EXP 	stim_image: autoDraw = False
401.4830 	EXP 	text: autoDraw = False
401.4830 	EXP 	remember_box: autoDraw = False
401.4830 	EXP 	familiar_box: autoDraw = False
401.4830 	EXP 	forgotten_box: autoDraw = False
401.4830 	EXP 	remember_text: autoDraw = False
401.4830 	EXP 	familiar_text: autoDraw = False
401.4830 	EXP 	forgotten_text: autoDraw = False
401.4830 	EXP 	remember_box: fillColor = 'blue'
401.5920 	DATA 	Mouse:  Left button up, pos=(472,166)
401.7833 	EXP 	New trial (rep=0, index=70): <Trial 70 (70 in rep 0) data={'image_name': 'War 6.jpg', 'condition': 'old', 'thisN': 70, 'thisTrialN': 70, 'thisRepN': 0}>
401.7931 	EXP 	remember_box: fillColor = <class 'numpy.ndarray'>
401.7931 	EXP 	familiar_box: fillColor = <class 'numpy.ndarray'>
401.7931 	EXP 	forgotten_box: fillColor = <class 'numpy.ndarray'>
401.7931 	EXP 	stim_image: image = 'phase2_images/War 6.jpg'
401.7931 	EXP 	fixation: autoDraw = True
402.7746 	EXP 	stim_image: autoDraw = True
402.7894 	EXP 	fixation: autoDraw = False
405.7677 	EXP 	stim_image: autoDraw = False
405.7783 	EXP 	text: autoDraw = True
405.7783 	EXP 	remember_box: autoDraw = True
405.7783 	EXP 	familiar_box: autoDraw = True
405.7783 	EXP 	forgotten_box: autoDraw = True
405.7783 	EXP 	remember_text: autoDraw = True
405.7783 	EXP 	familiar_text: autoDraw = True
405.7783 	EXP 	forgotten_text: autoDraw = True
406.3252 	DATA 	Mouse: Left button down, pos=(1028,172)
406.3399 	EXP 	fixation: autoDraw = False
406.3399 	EXP 	stim_image: autoDraw = False
406.3399 	EXP 	text: autoDraw = False
406.3399 	EXP 	remember_box: autoDraw = False
406.3399 	EXP 	familiar_box: autoDraw = False
406.3399 	EXP 	forgotten_box: autoDraw = False
406.3399 	EXP 	remember_text: autoDraw = False
406.3399 	EXP 	familiar_text: autoDraw = False
406.3399 	EXP 	forgotten_text: autoDraw = False
406.3399 	EXP 	forgotten_box: fillColor = 'blue'
406.4427 	DATA 	Mouse:  Left button up, pos=(1028,172)
406.6404 	EXP 	New trial (rep=0, index=71): <Trial 71 (71 in rep 0) data={'image_name': 'Car crash 2.jpg', 'condition': 'old', 'thisN': 71, 'thisTrialN': 71, 'thisRepN': 0}>
406.6526 	EXP 	remember_box: fillColor = <class 'numpy.ndarray'>
406.6526 	EXP 	familiar_box: fillColor = <class 'numpy.ndarray'>
406.6526 	EXP 	forgotten_box: fillColor = <class 'numpy.ndarray'>
406.6526 	EXP 	stim_image: image = 'phase2_images/Car crash 2.jpg'
406.6526 	EXP 	fixation: autoDraw = True
407.6343 	EXP 	stim_image: autoDraw = True
407.6497 	EXP 	fixation: autoDraw = False
410.6230 	EXP 	stim_image: autoDraw = False
410.6330 	EXP 	text: autoDraw = True
410.6330 	EXP 	remember_box: autoDraw = True
410.6330 	EXP 	familiar_box: autoDraw = True
410.6330 	EXP 	forgotten_box: autoDraw = True
410.6330 	EXP 	remember_text: autoDraw = True
410.6330 	EXP 	familiar_text: autoDraw = True
410.6330 	EXP 	forgotten_text: autoDraw = True
411.0188 	DATA 	Mouse: Left button down, pos=(422,195)
411.0251 	EXP 	fixation: autoDraw = False
411.0251 	EXP 	stim_image: autoDraw = False
411.0251 	EXP 	text: autoDraw = False
411.0251 	EXP 	remember_box: autoDraw = False
411.0251 	EXP 	familiar_box: autoDraw = False
411.0251 	EXP 	forgotten_box: autoDraw = False
411.0251 	EXP 	remember_text: autoDraw = False
411.0251 	EXP 	familiar_text: autoDraw = False
411.0251 	EXP 	forgotten_text: autoDraw = False
411.0251 	EXP 	remember_box: fillColor = 'blue'
411.1203 	DATA 	Mouse:  Left button up, pos=(422,195)
411.3307 	EXP 	remember_box: fillColor = <class 'numpy.ndarray'>
411.3307 	EXP 	familiar_box: fillColor = <class 'numpy.ndarray'>
411.3307 	EXP 	forgotten_box: fillColor = <class 'numpy.ndarray'>
411.3307 	EXP 	thanks: autoDraw = True
412.3230 	EXP 	thanks: autoDraw = False
412.3230 	EXP 	thanks: autoDraw = False
412.3232 	EXP 	Phase 2 Canli Replication: status = STOPPED
412.3647 	INFO 	saved data to '/Users/vineesmacbook/Desktop/PsychoPy/Solo Project/data/tiara_Phase 2 Canli Replication_2025-11-18_10h50.01.512.csv'
412.3671 	INFO 	saved data to /Users/vineesmacbook/Desktop/PsychoPy/Solo Project/data/tiara_Phase 2 Canli Replication_2025-11-18_10h50.01.512.psydat
412.5439 	WARNING 	Stopping key buffers but this could be dangerous ifother keyboards rely on the same.
412.5440 	WARNING 	Stopping key buffers but this could be dangerous ifother keyboards rely on the same.
