167.9030 	INFO 	Loaded monitor calibration from ['2025_08_12 08:00']
168.1050 	INFO 	Using renderer 'Apple M2' for graphics
168.1050 	INFO 	OpenGL version supported by driver is 2..
168.1286 	EXP 	Created window1 = Window(allowGUI=True, allowStencil=False, autoLog=True, backendConf=UNKNOWN, backgroundFit=<method-wrapper '__getattribute__' of attributeSetter object at 0x14e872890>, backgroundImage=<method-wrapper '__getattribute__' of attributeSetter object at 0x14e8728f0>, bitsMode=UNKNOWN, blendMode='avg', bpc=(8, 8, 8), color=array([0.0039, 0.0039, 0.0039]), colorSpace='rgb', depthBits=8, fullscr=True, gamma=None, gammaErrorPolicy='raise', infoMsg=UNKNOWN, lms=UNKNOWN, monitor=<psychopy.monitors.calibTools.Monitor object at 0x14e5625f0>, multiSample=False, name='window1', numSamples=2, pos=[np.float64(0.0), np.float64(0.0)], screen=0, size=array([2940, 1912]), stencilBits=0, stereo=False, title='PsychoPy', units='height', useFBO=True, useRetina=True, viewOri=0.0, viewPos=None, viewScale=None, waitBlanking=True, winType='pyglet')
168.1286 	EXP 	window1: backgroundImage = ''
168.1286 	EXP 	window1: backgroundFit = 'none'
168.6697 	EXP 	window1: Attempting to measure frame rate of screen (0) ...
168.6697 	EXP 	window1: recordFrameIntervals = False
168.8774 	EXP 	window1: recordFrameIntervals = True
169.7117 	WARNING 	Couldn't measure a consistent frame rate!
  - Is your graphics card set to sync to vertical blank?
  - Are you running other processes on your computer?

170.8304 	INFO 	keyboard.Keyboard is using ptb backend.
171.1761 	INFO 	keyboard.Keyboard is using ptb backend.
171.1762 	EXP 	Phase 2 Canli Replication: status = STARTED
171.2511 	EXP 	Created text_2 = TextStim(__class__=<class 'psychopy.visual.text.TextStim'>, alignHoriz=method-wrapper(...), alignText='center', alignVert=method-wrapper(...), anchorHoriz='center', anchorVert='center', antialias=True, autoDraw=False, autoLog=True, bold=False, color=array([1., 1., 1.]), colorSpace='rgb', contrast=1.0, depth=0.0, draggable=False, flipHoriz=False, flipVert=False, font='Arial', fontFiles=[], height=np.float64(0.04), italic=False, languageStyle='LTR', name='text_2', opacity=1, ori=0.0, pos=array([0., 0.]), rgb=UNKNOWN, text=str(...), units='height', win=Window(...), wrapWidth=1)
171.2577 	EXP 	Created fixation = ShapeStim(__class__=<class 'psychopy.visual.shape.ShapeStim'>, anchor=('center', 'center'), autoDraw=False, autoLog=True, closeShape=True, color=method-wrapper(...), colorSpace='rgb', contrast=None, depth=-1.0, draggable=False, fillColor=array([1, 1, 1]), fillColorSpace='rgb', fillRGB=array([1, 1, 1]), interpolate=True, lineColor=array([1., 1., 1.]), lineColorSpace='rgb', lineRGB=array([1, 1, 1]), lineWidth=1.0, name='fixation', opacity=1, ori=0.0, pos=array([0., 0.]), size=array([0.05, 0.05]), units='height', vertices=ndarray(...), win=Window(...), windingRule=None)
171.2891 	EXP 	Created stim_image = ImageStim(__class__=<class 'psychopy.visual.image.ImageStim'>, anchor=('center', 'center'), autoLog=True, color=array([1., 1., 1.]), colorSpace='rgb', contrast=1.0, depth=-2.0, draggable=False, flipHoriz=np.False_, flipVert=np.False_, image='default.png', interpolate=True, mask=None, maskParams=None, name='stim_image', opacity=1, ori=0.0, pos=array([0., 0.]), size=array([0.5, 0.5]), texRes=128.0, units='height', win=Window(...))
171.2965 	EXP 	Created text = TextStim(__class__=<class 'psychopy.visual.text.TextStim'>, alignHoriz=method-wrapper(...), alignText='center', alignVert=method-wrapper(...), anchorHoriz='center', anchorVert='center', antialias=True, autoDraw=False, autoLog=True, bold=False, color=array([1., 1., 1.]), colorSpace='rgb', contrast=1.0, depth=-3.0, draggable=False, flipHoriz=False, flipVert=False, font='Arial', fontFiles=[], height=np.float64(0.05), italic=False, languageStyle='LTR', name='text', opacity=1, ori=0.0, pos=array([0.  , 0.15]), rgb=UNKNOWN, text='Have you seen this image before?', units='height', win=Window(...), wrapWidth=1)
171.2977 	EXP 	Created remember_box = Rect(__class__=<class 'psychopy.visual.rect.Rect'>, anchor=('center', 'center'), autoDraw=False, autoLog=True, closeShape=True, color=method-wrapper(...), colorSpace='rgb', contrast=None, depth=-4.0, draggable=False, fillColor=array([1, 1, 1]), fillColorSpace='rgb', fillRGB=array([1, 1, 1]), interpolate=True, lineColor=array([1., 1., 1.]), lineColorSpace='rgb', lineRGB=array([1, 1, 1]), lineWidth=1.0, name='remember_box', opacity=1, ori=0.0, pos=array([-0.4, -0.3]), size=array([0.35, 0.1 ]), units='height', vertices=ndarray(...), win=Window(...))
171.2988 	EXP 	Created familiar_box = Rect(__class__=<class 'psychopy.visual.rect.Rect'>, anchor=('center', 'center'), autoDraw=False, autoLog=True, closeShape=True, color=method-wrapper(...), colorSpace='rgb', contrast=None, depth=-5.0, draggable=False, fillColor=array([1, 1, 1]), fillColorSpace='rgb', fillRGB=array([1, 1, 1]), interpolate=True, lineColor=array([1., 1., 1.]), lineColorSpace='rgb', lineRGB=array([1, 1, 1]), lineWidth=1.0, name='familiar_box', opacity=1, ori=0.0, pos=array([ 0. , -0.3]), size=array([0.35, 0.1 ]), units='height', vertices=ndarray(...), win=Window(...))
171.2999 	EXP 	Created forgotten_box = Rect(__class__=<class 'psychopy.visual.rect.Rect'>, anchor=('center', 'center'), autoDraw=False, autoLog=True, closeShape=True, color=method-wrapper(...), colorSpace='rgb', contrast=None, depth=-6.0, draggable=False, fillColor=array([1, 1, 1]), fillColorSpace='rgb', fillRGB=array([1, 1, 1]), interpolate=True, lineColor=array([1., 1., 1.]), lineColorSpace='rgb', lineRGB=array([1, 1, 1]), lineWidth=1.0, name='forgotten_box', opacity=1, ori=0.0, pos=array([ 0.4, -0.3]), size=array([0.35, 0.1 ]), units='height', vertices=ndarray(...), win=Window(...))
171.3024 	EXP 	Created remember_text = TextStim(__class__=<class 'psychopy.visual.text.TextStim'>, alignHoriz=method-wrapper(...), alignText='center', alignVert=method-wrapper(...), anchorHoriz='center', anchorVert='center', antialias=True, autoDraw=False, autoLog=True, bold=False, color=array([-1., -1., -1.]), colorSpace='rgb', contrast=1.0, depth=-7.0, draggable=False, flipHoriz=False, flipVert=False, font='Arial', fontFiles=[], height=np.float64(0.05), italic=False, languageStyle='LTR', name='remember_text', opacity=1, ori=0.0, pos=array([-0.4, -0.3]), rgb=UNKNOWN, text='Remembered', units='height', win=Window(...), wrapWidth=1)
171.3046 	EXP 	Created familiar_text = TextStim(__class__=<class 'psychopy.visual.text.TextStim'>, alignHoriz=method-wrapper(...), alignText='center', alignVert=method-wrapper(...), anchorHoriz='center', anchorVert='center', antialias=True, autoDraw=False, autoLog=True, bold=False, color=array([-1., -1., -1.]), colorSpace='rgb', contrast=1.0, depth=-8.0, draggable=False, flipHoriz=False, flipVert=False, font='Arial', fontFiles=[], height=np.float64(0.05), italic=False, languageStyle='LTR', name='familiar_text', opacity=1, ori=0.0, pos=array([ 0. , -0.3]), rgb=UNKNOWN, text='Familiar', units='height', win=Window(...), wrapWidth=1)
171.3065 	EXP 	Created forgotten_text = TextStim(__class__=<class 'psychopy.visual.text.TextStim'>, alignHoriz=method-wrapper(...), alignText='center', alignVert=method-wrapper(...), anchorHoriz='center', anchorVert='center', antialias=True, autoDraw=False, autoLog=True, bold=False, color=array([-1., -1., -1.]), colorSpace='rgb', contrast=1.0, depth=-9.0, draggable=False, flipHoriz=False, flipVert=False, font='Arial', fontFiles=[], height=np.float64(0.05), italic=False, languageStyle='LTR', name='forgotten_text', opacity=1, ori=0.0, pos=array([ 0.4, -0.3]), rgb=UNKNOWN, text='Forgotten', units='height', win=Window(...), wrapWidth=1)
171.3106 	EXP 	Created thanks = TextStim(__class__=<class 'psychopy.visual.text.TextStim'>, alignHoriz=method-wrapper(...), alignText='center', alignVert=method-wrapper(...), anchorHoriz='center', anchorVert='center', antialias=True, autoDraw=False, autoLog=True, bold=False, color=array([1., 1., 1.]), colorSpace='rgb', contrast=1.0, depth=0.0, draggable=False, flipHoriz=False, flipVert=False, font='Arial', fontFiles=[], height=np.float64(0.05), italic=False, languageStyle='LTR', name='thanks', opacity=1, ori=0.0, pos=array([0., 0.]), rgb=UNKNOWN, text='Thank you for taking part in the experiment!', units='height', win=Window(...), wrapWidth=1)
0.0164 	INFO 	Keyboard events cleared
0.0164 	EXP 	text_2: autoDraw = True
0.1757 	WARNING 	t of last frame was 21.25ms (=1/47)
0.3779 	EXP 	Device response: <KeyPress from None: t=0.16235066601075232, value=f2, duration=None>
0.3781 	EXP 	Device response: <KeyPress from None: t=0.16235066601075232, value=f2, duration=0.07215258292853832>
0.3782 	EXP 	Device response: <KeyPress from None: t=0.32824145699851215, value=f2, duration=None>
0.3830 	WARNING 	t of last frame was 207.24ms (=1/4)
0.4001 	EXP 	Device response: <KeyPress from None: t=0.32824145699851215, value=f2, duration=0.0682204170152545>
0.4712 	EXP 	Device response: <KeyPress from None: t=0.470275791012682, value=f2, duration=None>
0.5346 	EXP 	Device response: <KeyPress from None: t=0.470275791012682, value=f2, duration=0.06031824997626245>
0.6923 	EXP 	Device response: <KeyPress from None: t=0.690262998919934, value=f2, duration=None>
0.7390 	EXP 	Device response: <KeyPress from None: t=0.690262998919934, value=f2, duration=0.04414754209574312>
0.8281 	EXP 	Device response: <KeyPress from None: t=0.8122481659520417, value=f2, duration=None>
0.9026 	EXP 	Device response: <KeyPress from None: t=0.8122481659520417, value=f2, duration=0.08834100002422929>
0.9851 	EXP 	Device response: <KeyPress from None: t=0.972203456913121, value=f2, duration=None>
1.0525 	EXP 	Device response: <KeyPress from None: t=0.972203456913121, value=f2, duration=0.07638950005639344>
14.3861 	EXP 	Device response: <KeyPress from None: t=14.37738558195997, value=space, duration=None>
14.4133 	EXP 	Imported phase2_conditions - Sheet1.csv as conditions, 72 conditions, 2 params
14.4156 	EXP 	New trial (rep=0, index=0): <Trial 0 (0 in rep 0) data={'image_name': 'Thunderstorm 10.jpg', 'condition': 'new', 'thisN': 0, 'thisTrialN': 0, 'thisRepN': 0}>
14.4398 	DATA 	Keypress: space
14.4448 	WARNING 	t of last frame was 60.24ms (=1/16)
14.4448 	EXP 	text_2: autoDraw = False
14.4448 	EXP 	stim_image: image = 'phase2_images/Thunderstorm 10.jpg'
14.4448 	EXP 	fixation: autoDraw = True
14.4454 	EXP 	Device response: <KeyPress from None: t=14.37738558195997, value=space, duration=0.0659797090338543>
15.3828 	EXP 	stim_image: autoDraw = True
15.4400 	EXP 	fixation: autoDraw = False
18.3729 	EXP 	stim_image: autoDraw = False
18.3984 	WARNING 	t of last frame was 25.49ms (=1/39)
18.3984 	EXP 	text: autoDraw = True
18.3984 	EXP 	remember_box: autoDraw = True
18.3984 	EXP 	familiar_box: autoDraw = True
18.3984 	EXP 	forgotten_box: autoDraw = True
18.3984 	EXP 	remember_text: autoDraw = True
18.3984 	EXP 	familiar_text: autoDraw = True
18.3984 	EXP 	forgotten_text: autoDraw = True
19.8182 	DATA 	Mouse: Left button down, pos=(685,202)
19.8270 	EXP 	fixation: autoDraw = False
19.8270 	EXP 	stim_image: autoDraw = False
19.8270 	EXP 	text: autoDraw = False
19.8270 	EXP 	remember_box: autoDraw = False
19.8270 	EXP 	familiar_box: autoDraw = False
19.8270 	EXP 	forgotten_box: autoDraw = False
19.8270 	EXP 	remember_text: autoDraw = False
19.8270 	EXP 	familiar_text: autoDraw = False
19.8270 	EXP 	forgotten_text: autoDraw = False
19.8270 	EXP 	familiar_box: fillColor = 'blue'
20.0047 	DATA 	Mouse:  Left button up, pos=(685,202)
20.1275 	EXP 	New trial (rep=0, index=1): <Trial 1 (1 in rep 0) data={'image_name': 'Frustrated pose 2.jpg', 'condition': 'new', 'thisN': 1, 'thisTrialN': 1, 'thisRepN': 0}>
20.1368 	WARNING 	Multiple dropped frames have occurred - I'll stop bothering you about them!
20.1368 	EXP 	remember_box: fillColor = <class 'numpy.ndarray'>
20.1368 	EXP 	familiar_box: fillColor = <class 'numpy.ndarray'>
20.1368 	EXP 	forgotten_box: fillColor = <class 'numpy.ndarray'>
20.1368 	EXP 	stim_image: image = 'phase2_images/Frustrated pose 2.jpg'
20.1368 	EXP 	fixation: autoDraw = True
21.1248 	EXP 	stim_image: autoDraw = True
21.1342 	EXP 	fixation: autoDraw = False
24.1274 	EXP 	stim_image: autoDraw = False
24.1274 	EXP 	text: autoDraw = True
24.1274 	EXP 	remember_box: autoDraw = True
24.1274 	EXP 	familiar_box: autoDraw = True
24.1274 	EXP 	forgotten_box: autoDraw = True
24.1274 	EXP 	remember_text: autoDraw = True
24.1274 	EXP 	familiar_text: autoDraw = True
24.1274 	EXP 	forgotten_text: autoDraw = True
25.9088 	DATA 	Mouse: Left button down, pos=(963,188)
25.9225 	EXP 	fixation: autoDraw = False
25.9225 	EXP 	stim_image: autoDraw = False
25.9225 	EXP 	text: autoDraw = False
25.9225 	EXP 	remember_box: autoDraw = False
25.9225 	EXP 	familiar_box: autoDraw = False
25.9225 	EXP 	forgotten_box: autoDraw = False
25.9225 	EXP 	remember_text: autoDraw = False
25.9225 	EXP 	familiar_text: autoDraw = False
25.9225 	EXP 	forgotten_text: autoDraw = False
25.9225 	EXP 	forgotten_box: fillColor = 'blue'
26.0627 	DATA 	Mouse:  Left button up, pos=(963,188)
26.2229 	EXP 	New trial (rep=0, index=2): <Trial 2 (2 in rep 0) data={'image_name': 'Stingray 2.jpg', 'condition': 'old', 'thisN': 2, 'thisTrialN': 2, 'thisRepN': 0}>
26.2334 	EXP 	remember_box: fillColor = <class 'numpy.ndarray'>
26.2334 	EXP 	familiar_box: fillColor = <class 'numpy.ndarray'>
26.2334 	EXP 	forgotten_box: fillColor = <class 'numpy.ndarray'>
26.2334 	EXP 	stim_image: image = 'phase2_images/Stingray 2.jpg'
26.2334 	EXP 	fixation: autoDraw = True
27.2177 	EXP 	stim_image: autoDraw = True
27.2242 	EXP 	fixation: autoDraw = False
30.2062 	EXP 	stim_image: autoDraw = False
30.2159 	EXP 	text: autoDraw = True
30.2159 	EXP 	remember_box: autoDraw = True
30.2159 	EXP 	familiar_box: autoDraw = True
30.2159 	EXP 	forgotten_box: autoDraw = True
30.2159 	EXP 	remember_text: autoDraw = True
30.2159 	EXP 	familiar_text: autoDraw = True
30.2159 	EXP 	forgotten_text: autoDraw = True
30.7402 	DATA 	Mouse: Left button down, pos=(407,171)
30.7507 	EXP 	fixation: autoDraw = False
30.7507 	EXP 	stim_image: autoDraw = False
30.7507 	EXP 	text: autoDraw = False
30.7507 	EXP 	remember_box: autoDraw = False
30.7507 	EXP 	familiar_box: autoDraw = False
30.7507 	EXP 	forgotten_box: autoDraw = False
30.7507 	EXP 	remember_text: autoDraw = False
30.7507 	EXP 	familiar_text: autoDraw = False
30.7507 	EXP 	forgotten_text: autoDraw = False
30.7507 	EXP 	remember_box: fillColor = 'blue'
30.9147 	DATA 	Mouse:  Left button up, pos=(407,171)
31.0510 	EXP 	New trial (rep=0, index=3): <Trial 3 (3 in rep 0) data={'image_name': 'Grass 6.jpg', 'condition': 'old', 'thisN': 3, 'thisTrialN': 3, 'thisRepN': 0}>
31.0612 	EXP 	remember_box: fillColor = <class 'numpy.ndarray'>
31.0612 	EXP 	familiar_box: fillColor = <class 'numpy.ndarray'>
31.0612 	EXP 	forgotten_box: fillColor = <class 'numpy.ndarray'>
31.0612 	EXP 	stim_image: image = 'phase2_images/Grass 6.jpg'
31.0612 	EXP 	fixation: autoDraw = True
32.0412 	EXP 	stim_image: autoDraw = True
32.0563 	EXP 	fixation: autoDraw = False
35.0438 	EXP 	stim_image: autoDraw = False
35.0438 	EXP 	text: autoDraw = True
35.0438 	EXP 	remember_box: autoDraw = True
35.0438 	EXP 	familiar_box: autoDraw = True
35.0438 	EXP 	forgotten_box: autoDraw = True
35.0438 	EXP 	remember_text: autoDraw = True
35.0438 	EXP 	familiar_text: autoDraw = True
35.0438 	EXP 	forgotten_text: autoDraw = True
35.4369 	DATA 	Mouse: Left button down, pos=(975,169)
35.4506 	EXP 	fixation: autoDraw = False
35.4506 	EXP 	stim_image: autoDraw = False
35.4506 	EXP 	text: autoDraw = False
35.4506 	EXP 	remember_box: autoDraw = False
35.4506 	EXP 	familiar_box: autoDraw = False
35.4506 	EXP 	forgotten_box: autoDraw = False
35.4506 	EXP 	remember_text: autoDraw = False
35.4506 	EXP 	familiar_text: autoDraw = False
35.4506 	EXP 	forgotten_text: autoDraw = False
35.4506 	EXP 	forgotten_box: fillColor = 'blue'
35.5711 	DATA 	Mouse:  Left button up, pos=(976,169)
35.7510 	EXP 	New trial (rep=0, index=4): <Trial 4 (4 in rep 0) data={'image_name': 'War 8.jpg', 'condition': 'old', 'thisN': 4, 'thisTrialN': 4, 'thisRepN': 0}>
35.7624 	EXP 	remember_box: fillColor = <class 'numpy.ndarray'>
35.7624 	EXP 	familiar_box: fillColor = <class 'numpy.ndarray'>
35.7624 	EXP 	forgotten_box: fillColor = <class 'numpy.ndarray'>
35.7624 	EXP 	stim_image: image = 'phase2_images/War 8.jpg'
35.7624 	EXP 	fixation: autoDraw = True
36.7412 	EXP 	stim_image: autoDraw = True
36.7565 	EXP 	fixation: autoDraw = False
39.7435 	EXP 	stim_image: autoDraw = False
39.7435 	EXP 	text: autoDraw = True
39.7435 	EXP 	remember_box: autoDraw = True
39.7435 	EXP 	familiar_box: autoDraw = True
39.7435 	EXP 	forgotten_box: autoDraw = True
39.7435 	EXP 	remember_text: autoDraw = True
39.7435 	EXP 	familiar_text: autoDraw = True
39.7435 	EXP 	forgotten_text: autoDraw = True
40.1679 	DATA 	Mouse: Left button down, pos=(457,174)
40.1730 	EXP 	fixation: autoDraw = False
40.1730 	EXP 	stim_image: autoDraw = False
40.1730 	EXP 	text: autoDraw = False
40.1730 	EXP 	remember_box: autoDraw = False
40.1730 	EXP 	familiar_box: autoDraw = False
40.1730 	EXP 	forgotten_box: autoDraw = False
40.1730 	EXP 	remember_text: autoDraw = False
40.1730 	EXP 	familiar_text: autoDraw = False
40.1730 	EXP 	forgotten_text: autoDraw = False
40.1730 	EXP 	remember_box: fillColor = 'blue'
40.3395 	DATA 	Mouse:  Left button up, pos=(457,174)
40.4735 	EXP 	New trial (rep=0, index=5): <Trial 5 (5 in rep 0) data={'image_name': 'Dog 24.jpg', 'condition': 'old', 'thisN': 5, 'thisTrialN': 5, 'thisRepN': 0}>
40.4847 	EXP 	remember_box: fillColor = <class 'numpy.ndarray'>
40.4847 	EXP 	familiar_box: fillColor = <class 'numpy.ndarray'>
40.4847 	EXP 	forgotten_box: fillColor = <class 'numpy.ndarray'>
40.4847 	EXP 	stim_image: image = 'phase2_images/Dog 24.jpg'
40.4847 	EXP 	fixation: autoDraw = True
41.4673 	EXP 	stim_image: autoDraw = True
41.4735 	EXP 	fixation: autoDraw = False
44.4562 	EXP 	stim_image: autoDraw = False
44.4660 	EXP 	text: autoDraw = True
44.4660 	EXP 	remember_box: autoDraw = True
44.4660 	EXP 	familiar_box: autoDraw = True
44.4660 	EXP 	forgotten_box: autoDraw = True
44.4660 	EXP 	remember_text: autoDraw = True
44.4660 	EXP 	familiar_text: autoDraw = True
44.4660 	EXP 	forgotten_text: autoDraw = True
45.0740 	DATA 	Mouse: Left button down, pos=(364,154)
45.0837 	EXP 	fixation: autoDraw = False
45.0837 	EXP 	stim_image: autoDraw = False
45.0837 	EXP 	text: autoDraw = False
45.0837 	EXP 	remember_box: autoDraw = False
45.0837 	EXP 	familiar_box: autoDraw = False
45.0837 	EXP 	forgotten_box: autoDraw = False
45.0837 	EXP 	remember_text: autoDraw = False
45.0837 	EXP 	familiar_text: autoDraw = False
45.0837 	EXP 	forgotten_text: autoDraw = False
45.0837 	EXP 	remember_box: fillColor = 'blue'
45.2728 	DATA 	Mouse:  Left button up, pos=(364,155)
45.3841 	EXP 	New trial (rep=0, index=6): <Trial 6 (6 in rep 0) data={'image_name': 'Exercise 3.jpg', 'condition': 'old', 'thisN': 6, 'thisTrialN': 6, 'thisRepN': 0}>
45.3962 	EXP 	remember_box: fillColor = <class 'numpy.ndarray'>
45.3962 	EXP 	familiar_box: fillColor = <class 'numpy.ndarray'>
45.3962 	EXP 	forgotten_box: fillColor = <class 'numpy.ndarray'>
45.3962 	EXP 	stim_image: image = 'phase2_images/Exercise 3.jpg'
45.3962 	EXP 	fixation: autoDraw = True
46.3737 	EXP 	stim_image: autoDraw = True
46.3896 	EXP 	fixation: autoDraw = False
49.3673 	EXP 	stim_image: autoDraw = False
49.3771 	EXP 	text: autoDraw = True
49.3771 	EXP 	remember_box: autoDraw = True
49.3771 	EXP 	familiar_box: autoDraw = True
49.3771 	EXP 	forgotten_box: autoDraw = True
49.3771 	EXP 	remember_text: autoDraw = True
49.3771 	EXP 	familiar_text: autoDraw = True
49.3771 	EXP 	forgotten_text: autoDraw = True
49.7517 	DATA 	Mouse: Left button down, pos=(364,155)
49.7580 	EXP 	fixation: autoDraw = False
49.7580 	EXP 	stim_image: autoDraw = False
49.7580 	EXP 	text: autoDraw = False
49.7580 	EXP 	remember_box: autoDraw = False
49.7580 	EXP 	familiar_box: autoDraw = False
49.7580 	EXP 	forgotten_box: autoDraw = False
49.7580 	EXP 	remember_text: autoDraw = False
49.7580 	EXP 	familiar_text: autoDraw = False
49.7580 	EXP 	forgotten_text: autoDraw = False
49.7580 	EXP 	remember_box: fillColor = 'blue'
49.9089 	DATA 	Mouse:  Left button up, pos=(364,155)
50.0584 	EXP 	New trial (rep=0, index=7): <Trial 7 (7 in rep 0) data={'image_name': 'Animal carcass 1.jpg', 'condition': 'old', 'thisN': 7, 'thisTrialN': 7, 'thisRepN': 0}>
50.0708 	EXP 	remember_box: fillColor = <class 'numpy.ndarray'>
50.0708 	EXP 	familiar_box: fillColor = <class 'numpy.ndarray'>
50.0708 	EXP 	forgotten_box: fillColor = <class 'numpy.ndarray'>
50.0708 	EXP 	stim_image: image = 'phase2_images/Animal carcass 1.jpg'
50.0708 	EXP 	fixation: autoDraw = True
51.0578 	EXP 	stim_image: autoDraw = True
51.0674 	EXP 	fixation: autoDraw = False
54.0608 	EXP 	stim_image: autoDraw = False
54.0608 	EXP 	text: autoDraw = True
54.0608 	EXP 	remember_box: autoDraw = True
54.0608 	EXP 	familiar_box: autoDraw = True
54.0608 	EXP 	forgotten_box: autoDraw = True
54.0608 	EXP 	remember_text: autoDraw = True
54.0608 	EXP 	familiar_text: autoDraw = True
54.0608 	EXP 	forgotten_text: autoDraw = True
54.4342 	DATA 	Mouse: Left button down, pos=(364,155)
54.4396 	EXP 	fixation: autoDraw = False
54.4396 	EXP 	stim_image: autoDraw = False
54.4396 	EXP 	text: autoDraw = False
54.4396 	EXP 	remember_box: autoDraw = False
54.4396 	EXP 	familiar_box: autoDraw = False
54.4396 	EXP 	forgotten_box: autoDraw = False
54.4396 	EXP 	remember_text: autoDraw = False
54.4396 	EXP 	familiar_text: autoDraw = False
54.4396 	EXP 	forgotten_text: autoDraw = False
54.4396 	EXP 	remember_box: fillColor = 'blue'
54.5858 	DATA 	Mouse:  Left button up, pos=(364,155)
54.7399 	EXP 	New trial (rep=0, index=8): <Trial 8 (8 in rep 0) data={'image_name': 'Crow 1.jpg', 'condition': 'new', 'thisN': 8, 'thisTrialN': 8, 'thisRepN': 0}>
54.7495 	EXP 	remember_box: fillColor = <class 'numpy.ndarray'>
54.7495 	EXP 	familiar_box: fillColor = <class 'numpy.ndarray'>
54.7495 	EXP 	forgotten_box: fillColor = <class 'numpy.ndarray'>
54.7495 	EXP 	stim_image: image = 'phase2_images/Crow 1.jpg'
54.7495 	EXP 	fixation: autoDraw = True
55.7339 	EXP 	stim_image: autoDraw = True
55.7401 	EXP 	fixation: autoDraw = False
58.7225 	EXP 	stim_image: autoDraw = False
58.7323 	EXP 	text: autoDraw = True
58.7323 	EXP 	remember_box: autoDraw = True
58.7323 	EXP 	familiar_box: autoDraw = True
58.7323 	EXP 	forgotten_box: autoDraw = True
58.7323 	EXP 	remember_text: autoDraw = True
58.7323 	EXP 	familiar_text: autoDraw = True
58.7323 	EXP 	forgotten_text: autoDraw = True
59.0745 	DATA 	Mouse: Left button down, pos=(613,165)
59.0836 	EXP 	fixation: autoDraw = False
59.0836 	EXP 	stim_image: autoDraw = False
59.0836 	EXP 	text: autoDraw = False
59.0836 	EXP 	remember_box: autoDraw = False
59.0836 	EXP 	familiar_box: autoDraw = False
59.0836 	EXP 	forgotten_box: autoDraw = False
59.0836 	EXP 	remember_text: autoDraw = False
59.0836 	EXP 	familiar_text: autoDraw = False
59.0836 	EXP 	forgotten_text: autoDraw = False
59.0836 	EXP 	familiar_box: fillColor = 'blue'
59.2501 	DATA 	Mouse:  Left button up, pos=(613,165)
59.3840 	EXP 	New trial (rep=0, index=9): <Trial 9 (9 in rep 0) data={'image_name': 'Snake 4.jpg', 'condition': 'new', 'thisN': 9, 'thisTrialN': 9, 'thisRepN': 0}>
59.3964 	EXP 	remember_box: fillColor = <class 'numpy.ndarray'>
59.3964 	EXP 	familiar_box: fillColor = <class 'numpy.ndarray'>
59.3964 	EXP 	forgotten_box: fillColor = <class 'numpy.ndarray'>
59.3964 	EXP 	stim_image: image = 'phase2_images/Snake 4.jpg'
59.3964 	EXP 	fixation: autoDraw = True
60.3743 	EXP 	stim_image: autoDraw = True
60.3890 	EXP 	fixation: autoDraw = False
63.3769 	EXP 	stim_image: autoDraw = False
63.3769 	EXP 	text: autoDraw = True
63.3769 	EXP 	remember_box: autoDraw = True
63.3769 	EXP 	familiar_box: autoDraw = True
63.3769 	EXP 	forgotten_box: autoDraw = True
63.3769 	EXP 	remember_text: autoDraw = True
63.3769 	EXP 	familiar_text: autoDraw = True
63.3769 	EXP 	forgotten_text: autoDraw = True
64.6847 	DATA 	Mouse: Left button down, pos=(711,184)
64.6910 	EXP 	fixation: autoDraw = False
64.6910 	EXP 	stim_image: autoDraw = False
64.6910 	EXP 	text: autoDraw = False
64.6910 	EXP 	remember_box: autoDraw = False
64.6910 	EXP 	familiar_box: autoDraw = False
64.6910 	EXP 	forgotten_box: autoDraw = False
64.6910 	EXP 	remember_text: autoDraw = False
64.6910 	EXP 	familiar_text: autoDraw = False
64.6910 	EXP 	forgotten_text: autoDraw = False
64.6910 	EXP 	familiar_box: fillColor = 'blue'
64.8258 	DATA 	Mouse:  Left button up, pos=(711,184)
64.9914 	EXP 	New trial (rep=0, index=10): <Trial 10 (10 in rep 0) data={'image_name': 'Dead bodies 1.jpg', 'condition': 'old', 'thisN': 10, 'thisTrialN': 10, 'thisRepN': 0}>
65.0042 	EXP 	remember_box: fillColor = <class 'numpy.ndarray'>
65.0042 	EXP 	familiar_box: fillColor = <class 'numpy.ndarray'>
65.0042 	EXP 	forgotten_box: fillColor = <class 'numpy.ndarray'>
65.0042 	EXP 	stim_image: image = 'phase2_images/Dead bodies 1.jpg'
65.0042 	EXP 	fixation: autoDraw = True
65.9913 	EXP 	stim_image: autoDraw = True
66.0005 	EXP 	fixation: autoDraw = False
68.9935 	EXP 	stim_image: autoDraw = False
68.9935 	EXP 	text: autoDraw = True
68.9935 	EXP 	remember_box: autoDraw = True
68.9935 	EXP 	familiar_box: autoDraw = True
68.9935 	EXP 	forgotten_box: autoDraw = True
68.9935 	EXP 	remember_text: autoDraw = True
68.9935 	EXP 	familiar_text: autoDraw = True
68.9935 	EXP 	forgotten_text: autoDraw = True
69.4749 	DATA 	Mouse: Left button down, pos=(386,184)
69.4822 	EXP 	fixation: autoDraw = False
69.4822 	EXP 	stim_image: autoDraw = False
69.4822 	EXP 	text: autoDraw = False
69.4822 	EXP 	remember_box: autoDraw = False
69.4822 	EXP 	familiar_box: autoDraw = False
69.4822 	EXP 	forgotten_box: autoDraw = False
69.4822 	EXP 	remember_text: autoDraw = False
69.4822 	EXP 	familiar_text: autoDraw = False
69.4822 	EXP 	forgotten_text: autoDraw = False
69.4822 	EXP 	remember_box: fillColor = 'blue'
69.6817 	DATA 	Mouse:  Left button up, pos=(386,184)
69.7825 	EXP 	New trial (rep=0, index=11): <Trial 11 (11 in rep 0) data={'image_name': 'Ferret 1.jpg', 'condition': 'new', 'thisN': 11, 'thisTrialN': 11, 'thisRepN': 0}>
69.7929 	EXP 	remember_box: fillColor = <class 'numpy.ndarray'>
69.7929 	EXP 	familiar_box: fillColor = <class 'numpy.ndarray'>
69.7929 	EXP 	forgotten_box: fillColor = <class 'numpy.ndarray'>
69.7929 	EXP 	stim_image: image = 'phase2_images/Ferret 1.jpg'
69.7929 	EXP 	fixation: autoDraw = True
70.7745 	EXP 	stim_image: autoDraw = True
70.7897 	EXP 	fixation: autoDraw = False
73.7769 	EXP 	stim_image: autoDraw = False
73.7769 	EXP 	text: autoDraw = True
73.7769 	EXP 	remember_box: autoDraw = True
73.7769 	EXP 	familiar_box: autoDraw = True
73.7769 	EXP 	forgotten_box: autoDraw = True
73.7769 	EXP 	remember_text: autoDraw = True
73.7769 	EXP 	familiar_text: autoDraw = True
73.7769 	EXP 	forgotten_text: autoDraw = True
74.4919 	DATA 	Mouse: Left button down, pos=(1041,137)
74.9586 	DATA 	Mouse:  Left button up, pos=(1041,138)
75.3732 	DATA 	Mouse: Left button down, pos=(1025,180)
75.3835 	EXP 	fixation: autoDraw = False
75.3835 	EXP 	stim_image: autoDraw = False
75.3835 	EXP 	text: autoDraw = False
75.3835 	EXP 	remember_box: autoDraw = False
75.3835 	EXP 	familiar_box: autoDraw = False
75.3835 	EXP 	forgotten_box: autoDraw = False
75.3835 	EXP 	remember_text: autoDraw = False
75.3835 	EXP 	familiar_text: autoDraw = False
75.3835 	EXP 	forgotten_text: autoDraw = False
75.4920 	DATA 	Mouse:  Left button up, pos=(1025,180)
75.6839 	EXP 	New trial (rep=0, index=12): <Trial 12 (12 in rep 0) data={'image_name': 'Shark 8.jpg', 'condition': 'old', 'thisN': 12, 'thisTrialN': 12, 'thisRepN': 0}>
75.6957 	EXP 	remember_box: fillColor = <class 'numpy.ndarray'>
75.6957 	EXP 	familiar_box: fillColor = <class 'numpy.ndarray'>
75.6957 	EXP 	forgotten_box: fillColor = <class 'numpy.ndarray'>
75.6957 	EXP 	stim_image: image = 'phase2_images/Shark 8.jpg'
75.6957 	EXP 	fixation: autoDraw = True
76.6743 	EXP 	stim_image: autoDraw = True
76.6890 	EXP 	fixation: autoDraw = False
79.6668 	EXP 	stim_image: autoDraw = False
79.6758 	EXP 	text: autoDraw = True
79.6758 	EXP 	remember_box: autoDraw = True
79.6758 	EXP 	familiar_box: autoDraw = True
79.6758 	EXP 	forgotten_box: autoDraw = True
79.6758 	EXP 	remember_text: autoDraw = True
79.6758 	EXP 	familiar_text: autoDraw = True
79.6758 	EXP 	forgotten_text: autoDraw = True
80.3069 	DATA 	Mouse: Left button down, pos=(852,162)
80.3168 	EXP 	fixation: autoDraw = False
80.3168 	EXP 	stim_image: autoDraw = False
80.3168 	EXP 	text: autoDraw = False
80.3168 	EXP 	remember_box: autoDraw = False
80.3168 	EXP 	familiar_box: autoDraw = False
80.3168 	EXP 	forgotten_box: autoDraw = False
80.3168 	EXP 	remember_text: autoDraw = False
80.3168 	EXP 	familiar_text: autoDraw = False
80.3168 	EXP 	forgotten_text: autoDraw = False
80.3168 	EXP 	familiar_box: fillColor = 'blue'
80.4449 	DATA 	Mouse:  Left button up, pos=(852,163)
80.6173 	EXP 	New trial (rep=0, index=13): <Trial 13 (13 in rep 0) data={'image_name': 'Sad face 9.jpg', 'condition': 'new', 'thisN': 13, 'thisTrialN': 13, 'thisRepN': 0}>
80.6269 	EXP 	remember_box: fillColor = <class 'numpy.ndarray'>
80.6269 	EXP 	familiar_box: fillColor = <class 'numpy.ndarray'>
80.6269 	EXP 	forgotten_box: fillColor = <class 'numpy.ndarray'>
80.6269 	EXP 	stim_image: image = 'phase2_images/Sad face 9.jpg'
80.6269 	EXP 	fixation: autoDraw = True
81.6074 	EXP 	stim_image: autoDraw = True
81.6219 	EXP 	fixation: autoDraw = False
84.6172 	EXP 	stim_image: autoDraw = False
84.6172 	EXP 	text: autoDraw = True
84.6172 	EXP 	remember_box: autoDraw = True
84.6172 	EXP 	familiar_box: autoDraw = True
84.6172 	EXP 	forgotten_box: autoDraw = True
84.6172 	EXP 	remember_text: autoDraw = True
84.6172 	EXP 	familiar_text: autoDraw = True
84.6172 	EXP 	forgotten_text: autoDraw = True
85.0255 	DATA 	Mouse: Left button down, pos=(990,160)
85.0384 	EXP 	fixation: autoDraw = False
85.0384 	EXP 	stim_image: autoDraw = False
85.0384 	EXP 	text: autoDraw = False
85.0384 	EXP 	remember_box: autoDraw = False
85.0384 	EXP 	familiar_box: autoDraw = False
85.0384 	EXP 	forgotten_box: autoDraw = False
85.0384 	EXP 	remember_text: autoDraw = False
85.0384 	EXP 	familiar_text: autoDraw = False
85.0384 	EXP 	forgotten_text: autoDraw = False
85.0384 	EXP 	forgotten_box: fillColor = 'blue'
85.1785 	DATA 	Mouse:  Left button up, pos=(990,160)
85.3388 	EXP 	New trial (rep=0, index=14): <Trial 14 (14 in rep 0) data={'image_name': 'Pig 2.jpg', 'condition': 'old', 'thisN': 14, 'thisTrialN': 14, 'thisRepN': 0}>
85.3506 	EXP 	remember_box: fillColor = <class 'numpy.ndarray'>
85.3506 	EXP 	familiar_box: fillColor = <class 'numpy.ndarray'>
85.3506 	EXP 	forgotten_box: fillColor = <class 'numpy.ndarray'>
85.3506 	EXP 	stim_image: image = 'phase2_images/Pig 2.jpg'
85.3506 	EXP 	fixation: autoDraw = True
86.3335 	EXP 	stim_image: autoDraw = True
86.3393 	EXP 	fixation: autoDraw = False
89.3223 	EXP 	stim_image: autoDraw = False
89.3321 	EXP 	text: autoDraw = True
89.3321 	EXP 	remember_box: autoDraw = True
89.3321 	EXP 	familiar_box: autoDraw = True
89.3321 	EXP 	forgotten_box: autoDraw = True
89.3321 	EXP 	remember_text: autoDraw = True
89.3321 	EXP 	familiar_text: autoDraw = True
89.3321 	EXP 	forgotten_text: autoDraw = True
90.2024 	DATA 	Mouse: Left button down, pos=(480,165)
90.2167 	EXP 	fixation: autoDraw = False
90.2167 	EXP 	stim_image: autoDraw = False
90.2167 	EXP 	text: autoDraw = False
90.2167 	EXP 	remember_box: autoDraw = False
90.2167 	EXP 	familiar_box: autoDraw = False
90.2167 	EXP 	forgotten_box: autoDraw = False
90.2167 	EXP 	remember_text: autoDraw = False
90.2167 	EXP 	familiar_text: autoDraw = False
90.2167 	EXP 	forgotten_text: autoDraw = False
90.2167 	EXP 	remember_box: fillColor = 'blue'
90.3440 	DATA 	Mouse:  Left button up, pos=(480,165)
90.5170 	EXP 	New trial (rep=0, index=15): <Trial 15 (15 in rep 0) data={'image_name': 'Orangutan 1.jpg', 'condition': 'old', 'thisN': 15, 'thisTrialN': 15, 'thisRepN': 0}>
90.5278 	EXP 	remember_box: fillColor = <class 'numpy.ndarray'>
90.5278 	EXP 	familiar_box: fillColor = <class 'numpy.ndarray'>
90.5278 	EXP 	forgotten_box: fillColor = <class 'numpy.ndarray'>
90.5278 	EXP 	stim_image: image = 'phase2_images/Orangutan 1.jpg'
90.5278 	EXP 	fixation: autoDraw = True
91.5071 	EXP 	stim_image: autoDraw = True
91.5218 	EXP 	fixation: autoDraw = False
94.5101 	EXP 	stim_image: autoDraw = False
94.5101 	EXP 	text: autoDraw = True
94.5101 	EXP 	remember_box: autoDraw = True
94.5101 	EXP 	familiar_box: autoDraw = True
94.5101 	EXP 	forgotten_box: autoDraw = True
94.5101 	EXP 	remember_text: autoDraw = True
94.5101 	EXP 	familiar_text: autoDraw = True
94.5101 	EXP 	forgotten_text: autoDraw = True
95.0877 	DATA 	Mouse: Left button down, pos=(973,183)
95.0986 	EXP 	fixation: autoDraw = False
95.0986 	EXP 	stim_image: autoDraw = False
95.0986 	EXP 	text: autoDraw = False
95.0986 	EXP 	remember_box: autoDraw = False
95.0986 	EXP 	familiar_box: autoDraw = False
95.0986 	EXP 	forgotten_box: autoDraw = False
95.0986 	EXP 	remember_text: autoDraw = False
95.0986 	EXP 	familiar_text: autoDraw = False
95.0986 	EXP 	forgotten_text: autoDraw = False
95.0986 	EXP 	forgotten_box: fillColor = 'blue'
95.2010 	DATA 	Mouse:  Left button up, pos=(973,183)
95.3990 	EXP 	New trial (rep=0, index=16): <Trial 16 (16 in rep 0) data={'image_name': 'Gun 5.jpg', 'condition': 'old', 'thisN': 16, 'thisTrialN': 16, 'thisRepN': 0}>
95.4097 	EXP 	remember_box: fillColor = <class 'numpy.ndarray'>
95.4097 	EXP 	familiar_box: fillColor = <class 'numpy.ndarray'>
95.4097 	EXP 	forgotten_box: fillColor = <class 'numpy.ndarray'>
95.4097 	EXP 	stim_image: image = 'phase2_images/Gun 5.jpg'
95.4097 	EXP 	fixation: autoDraw = True
96.3916 	EXP 	stim_image: autoDraw = True
96.4051 	EXP 	fixation: autoDraw = False
99.3933 	EXP 	stim_image: autoDraw = False
99.3933 	EXP 	text: autoDraw = True
99.3933 	EXP 	remember_box: autoDraw = True
99.3933 	EXP 	familiar_box: autoDraw = True
99.3933 	EXP 	forgotten_box: autoDraw = True
99.3933 	EXP 	remember_text: autoDraw = True
99.3933 	EXP 	familiar_text: autoDraw = True
99.3933 	EXP 	forgotten_text: autoDraw = True
100.4026 	DATA 	Mouse: Left button down, pos=(486,194)
100.4166 	EXP 	fixation: autoDraw = False
100.4166 	EXP 	stim_image: autoDraw = False
100.4166 	EXP 	text: autoDraw = False
100.4166 	EXP 	remember_box: autoDraw = False
100.4166 	EXP 	familiar_box: autoDraw = False
100.4166 	EXP 	forgotten_box: autoDraw = False
100.4166 	EXP 	remember_text: autoDraw = False
100.4166 	EXP 	familiar_text: autoDraw = False
100.4166 	EXP 	forgotten_text: autoDraw = False
100.4166 	EXP 	remember_box: fillColor = 'blue'
100.5266 	DATA 	Mouse:  Left button up, pos=(485,194)
100.7171 	EXP 	New trial (rep=0, index=17): <Trial 17 (17 in rep 0) data={'image_name': 'Skyscraper 1.jpg', 'condition': 'old', 'thisN': 17, 'thisTrialN': 17, 'thisRepN': 0}>
100.7288 	EXP 	remember_box: fillColor = <class 'numpy.ndarray'>
100.7288 	EXP 	familiar_box: fillColor = <class 'numpy.ndarray'>
100.7288 	EXP 	forgotten_box: fillColor = <class 'numpy.ndarray'>
100.7288 	EXP 	stim_image: image = 'phase2_images/Skyscraper 1.jpg'
100.7288 	EXP 	fixation: autoDraw = True
101.7072 	EXP 	stim_image: autoDraw = True
101.7227 	EXP 	fixation: autoDraw = False
104.7097 	EXP 	stim_image: autoDraw = False
104.7097 	EXP 	text: autoDraw = True
104.7097 	EXP 	remember_box: autoDraw = True
104.7097 	EXP 	familiar_box: autoDraw = True
104.7097 	EXP 	forgotten_box: autoDraw = True
104.7097 	EXP 	remember_text: autoDraw = True
104.7097 	EXP 	familiar_text: autoDraw = True
104.7097 	EXP 	forgotten_text: autoDraw = True
105.1856 	DATA 	Mouse: Left button down, pos=(1055,213)
105.1999 	EXP 	fixation: autoDraw = False
105.1999 	EXP 	stim_image: autoDraw = False
105.1999 	EXP 	text: autoDraw = False
105.1999 	EXP 	remember_box: autoDraw = False
105.1999 	EXP 	familiar_box: autoDraw = False
105.1999 	EXP 	forgotten_box: autoDraw = False
105.1999 	EXP 	remember_text: autoDraw = False
105.1999 	EXP 	familiar_text: autoDraw = False
105.1999 	EXP 	forgotten_text: autoDraw = False
105.1999 	EXP 	forgotten_box: fillColor = 'blue'
105.2938 	DATA 	Mouse:  Left button up, pos=(1055,213)
105.5002 	EXP 	New trial (rep=0, index=18): <Trial 18 (18 in rep 0) data={'image_name': 'Dog attack 3.jpg', 'condition': 'old', 'thisN': 18, 'thisTrialN': 18, 'thisRepN': 0}>
105.5123 	EXP 	remember_box: fillColor = <class 'numpy.ndarray'>
105.5123 	EXP 	familiar_box: fillColor = <class 'numpy.ndarray'>
105.5123 	EXP 	forgotten_box: fillColor = <class 'numpy.ndarray'>
105.5123 	EXP 	stim_image: image = 'phase2_images/Dog attack 3.jpg'
105.5123 	EXP 	fixation: autoDraw = True
106.4903 	EXP 	stim_image: autoDraw = True
106.5048 	EXP 	fixation: autoDraw = False
109.4930 	EXP 	stim_image: autoDraw = False
109.4930 	EXP 	text: autoDraw = True
109.4930 	EXP 	remember_box: autoDraw = True
109.4930 	EXP 	familiar_box: autoDraw = True
109.4930 	EXP 	forgotten_box: autoDraw = True
109.4930 	EXP 	remember_text: autoDraw = True
109.4930 	EXP 	familiar_text: autoDraw = True
109.4930 	EXP 	forgotten_text: autoDraw = True
109.9917 	DATA 	Mouse: Left button down, pos=(409,163)
110.0047 	EXP 	fixation: autoDraw = False
110.0047 	EXP 	stim_image: autoDraw = False
110.0047 	EXP 	text: autoDraw = False
110.0047 	EXP 	remember_box: autoDraw = False
110.0047 	EXP 	familiar_box: autoDraw = False
110.0047 	EXP 	forgotten_box: autoDraw = False
110.0047 	EXP 	remember_text: autoDraw = False
110.0047 	EXP 	familiar_text: autoDraw = False
110.0047 	EXP 	forgotten_text: autoDraw = False
110.0047 	EXP 	remember_box: fillColor = 'blue'
110.0980 	DATA 	Mouse:  Left button up, pos=(409,163)
110.3051 	EXP 	New trial (rep=0, index=19): <Trial 19 (19 in rep 0) data={'image_name': 'Acorns 3.jpg', 'condition': 'old', 'thisN': 19, 'thisTrialN': 19, 'thisRepN': 0}>
110.3158 	EXP 	remember_box: fillColor = <class 'numpy.ndarray'>
110.3158 	EXP 	familiar_box: fillColor = <class 'numpy.ndarray'>
110.3158 	EXP 	forgotten_box: fillColor = <class 'numpy.ndarray'>
110.3158 	EXP 	stim_image: image = 'phase2_images/Acorns 3.jpg'
110.3158 	EXP 	fixation: autoDraw = True
111.3000 	EXP 	stim_image: autoDraw = True
111.3062 	EXP 	fixation: autoDraw = False
114.2887 	EXP 	stim_image: autoDraw = False
114.2989 	EXP 	text: autoDraw = True
114.2989 	EXP 	remember_box: autoDraw = True
114.2989 	EXP 	familiar_box: autoDraw = True
114.2989 	EXP 	forgotten_box: autoDraw = True
114.2989 	EXP 	remember_text: autoDraw = True
114.2989 	EXP 	familiar_text: autoDraw = True
114.2989 	EXP 	forgotten_text: autoDraw = True
115.0061 	DATA 	Mouse: Left button down, pos=(1010,201)
115.0219 	EXP 	fixation: autoDraw = False
115.0219 	EXP 	stim_image: autoDraw = False
115.0219 	EXP 	text: autoDraw = False
115.0219 	EXP 	remember_box: autoDraw = False
115.0219 	EXP 	familiar_box: autoDraw = False
115.0219 	EXP 	forgotten_box: autoDraw = False
115.0219 	EXP 	remember_text: autoDraw = False
115.0219 	EXP 	familiar_text: autoDraw = False
115.0219 	EXP 	forgotten_text: autoDraw = False
115.0219 	EXP 	forgotten_box: fillColor = 'blue'
115.1244 	DATA 	Mouse:  Left button up, pos=(1010,201)
115.3224 	EXP 	New trial (rep=0, index=20): <Trial 20 (20 in rep 0) data={'image_name': 'Car 1.jpg', 'condition': 'old', 'thisN': 20, 'thisTrialN': 20, 'thisRepN': 0}>
115.3324 	EXP 	remember_box: fillColor = <class 'numpy.ndarray'>
115.3324 	EXP 	familiar_box: fillColor = <class 'numpy.ndarray'>
115.3324 	EXP 	forgotten_box: fillColor = <class 'numpy.ndarray'>
115.3324 	EXP 	stim_image: image = 'phase2_images/Car 1.jpg'
115.3324 	EXP 	fixation: autoDraw = True
116.3166 	EXP 	stim_image: autoDraw = True
116.3224 	EXP 	fixation: autoDraw = False
119.3053 	EXP 	stim_image: autoDraw = False
119.3151 	EXP 	text: autoDraw = True
119.3151 	EXP 	remember_box: autoDraw = True
119.3151 	EXP 	familiar_box: autoDraw = True
119.3151 	EXP 	forgotten_box: autoDraw = True
119.3151 	EXP 	remember_text: autoDraw = True
119.3151 	EXP 	familiar_text: autoDraw = True
119.3151 	EXP 	forgotten_text: autoDraw = True
119.6674 	DATA 	Mouse: Left button down, pos=(1010,201)
119.6734 	EXP 	fixation: autoDraw = False
119.6734 	EXP 	stim_image: autoDraw = False
119.6734 	EXP 	text: autoDraw = False
119.6734 	EXP 	remember_box: autoDraw = False
119.6734 	EXP 	familiar_box: autoDraw = False
119.6734 	EXP 	forgotten_box: autoDraw = False
119.6734 	EXP 	remember_text: autoDraw = False
119.6734 	EXP 	familiar_text: autoDraw = False
119.6734 	EXP 	forgotten_text: autoDraw = False
119.6734 	EXP 	forgotten_box: fillColor = 'blue'
119.7855 	DATA 	Mouse:  Left button up, pos=(1010,201)
119.9739 	EXP 	New trial (rep=0, index=21): <Trial 21 (21 in rep 0) data={'image_name': 'Cockroach 1.jpg', 'condition': 'old', 'thisN': 21, 'thisTrialN': 21, 'thisRepN': 0}>
119.9843 	EXP 	remember_box: fillColor = <class 'numpy.ndarray'>
119.9843 	EXP 	familiar_box: fillColor = <class 'numpy.ndarray'>
119.9843 	EXP 	forgotten_box: fillColor = <class 'numpy.ndarray'>
119.9843 	EXP 	stim_image: image = 'phase2_images/Cockroach 1.jpg'
119.9843 	EXP 	fixation: autoDraw = True
120.9730 	EXP 	stim_image: autoDraw = True
120.9834 	EXP 	fixation: autoDraw = False
123.9667 	EXP 	stim_image: autoDraw = False
123.9772 	EXP 	text: autoDraw = True
123.9772 	EXP 	remember_box: autoDraw = True
123.9772 	EXP 	familiar_box: autoDraw = True
123.9772 	EXP 	forgotten_box: autoDraw = True
123.9772 	EXP 	remember_text: autoDraw = True
123.9772 	EXP 	familiar_text: autoDraw = True
123.9772 	EXP 	forgotten_text: autoDraw = True
124.4179 	DATA 	Mouse: Left button down, pos=(409,173)
124.4241 	EXP 	fixation: autoDraw = False
124.4241 	EXP 	stim_image: autoDraw = False
124.4241 	EXP 	text: autoDraw = False
124.4241 	EXP 	remember_box: autoDraw = False
124.4241 	EXP 	familiar_box: autoDraw = False
124.4241 	EXP 	forgotten_box: autoDraw = False
124.4241 	EXP 	remember_text: autoDraw = False
124.4241 	EXP 	familiar_text: autoDraw = False
124.4241 	EXP 	forgotten_text: autoDraw = False
124.4241 	EXP 	remember_box: fillColor = 'blue'
124.5307 	DATA 	Mouse:  Left button up, pos=(409,173)
124.7246 	EXP 	New trial (rep=0, index=22): <Trial 22 (22 in rep 0) data={'image_name': 'Plane crash 3.jpg', 'condition': 'old', 'thisN': 22, 'thisTrialN': 22, 'thisRepN': 0}>
124.7342 	EXP 	remember_box: fillColor = <class 'numpy.ndarray'>
124.7342 	EXP 	familiar_box: fillColor = <class 'numpy.ndarray'>
124.7342 	EXP 	forgotten_box: fillColor = <class 'numpy.ndarray'>
124.7342 	EXP 	stim_image: image = 'phase2_images/Plane crash 3.jpg'
124.7342 	EXP 	fixation: autoDraw = True
125.7239 	EXP 	stim_image: autoDraw = True
125.7331 	EXP 	fixation: autoDraw = False
128.7264 	EXP 	stim_image: autoDraw = False
128.7264 	EXP 	text: autoDraw = True
128.7264 	EXP 	remember_box: autoDraw = True
128.7264 	EXP 	familiar_box: autoDraw = True
128.7264 	EXP 	forgotten_box: autoDraw = True
128.7264 	EXP 	remember_text: autoDraw = True
128.7264 	EXP 	familiar_text: autoDraw = True
128.7264 	EXP 	forgotten_text: autoDraw = True
129.2019 	DATA 	Mouse: Left button down, pos=(1092,169)
129.2163 	EXP 	fixation: autoDraw = False
129.2163 	EXP 	stim_image: autoDraw = False
129.2163 	EXP 	text: autoDraw = False
129.2163 	EXP 	remember_box: autoDraw = False
129.2163 	EXP 	familiar_box: autoDraw = False
129.2163 	EXP 	forgotten_box: autoDraw = False
129.2163 	EXP 	remember_text: autoDraw = False
129.2163 	EXP 	familiar_text: autoDraw = False
129.2163 	EXP 	forgotten_text: autoDraw = False
129.2163 	EXP 	forgotten_box: fillColor = 'blue'
129.3191 	DATA 	Mouse:  Left button up, pos=(1092,170)
129.5168 	EXP 	New trial (rep=0, index=23): <Trial 23 (23 in rep 0) data={'image_name': 'Soldiers 8.jpg', 'condition': 'old', 'thisN': 23, 'thisTrialN': 23, 'thisRepN': 0}>
129.5278 	EXP 	remember_box: fillColor = <class 'numpy.ndarray'>
129.5278 	EXP 	familiar_box: fillColor = <class 'numpy.ndarray'>
129.5278 	EXP 	forgotten_box: fillColor = <class 'numpy.ndarray'>
129.5278 	EXP 	stim_image: image = 'phase2_images/Soldiers 8.jpg'
129.5278 	EXP 	fixation: autoDraw = True
130.5070 	EXP 	stim_image: autoDraw = True
130.5224 	EXP 	fixation: autoDraw = False
133.5094 	EXP 	stim_image: autoDraw = False
133.5094 	EXP 	text: autoDraw = True
133.5094 	EXP 	remember_box: autoDraw = True
133.5094 	EXP 	familiar_box: autoDraw = True
133.5094 	EXP 	forgotten_box: autoDraw = True
133.5094 	EXP 	remember_text: autoDraw = True
133.5094 	EXP 	familiar_text: autoDraw = True
133.5094 	EXP 	forgotten_text: autoDraw = True
134.3009 	DATA 	Mouse: Left button down, pos=(670,154)
134.3078 	EXP 	fixation: autoDraw = False
134.3078 	EXP 	stim_image: autoDraw = False
134.3078 	EXP 	text: autoDraw = False
134.3078 	EXP 	remember_box: autoDraw = False
134.3078 	EXP 	familiar_box: autoDraw = False
134.3078 	EXP 	forgotten_box: autoDraw = False
134.3078 	EXP 	remember_text: autoDraw = False
134.3078 	EXP 	familiar_text: autoDraw = False
134.3078 	EXP 	forgotten_text: autoDraw = False
134.3078 	EXP 	familiar_box: fillColor = 'blue'
134.4016 	DATA 	Mouse:  Left button up, pos=(670,154)
134.6083 	EXP 	New trial (rep=0, index=24): <Trial 24 (24 in rep 0) data={'image_name': 'Timber 2.jpg', 'condition': 'new', 'thisN': 24, 'thisTrialN': 24, 'thisRepN': 0}>
134.6198 	EXP 	remember_box: fillColor = <class 'numpy.ndarray'>
134.6198 	EXP 	familiar_box: fillColor = <class 'numpy.ndarray'>
134.6198 	EXP 	forgotten_box: fillColor = <class 'numpy.ndarray'>
134.6198 	EXP 	stim_image: image = 'phase2_images/Timber 2.jpg'
134.6198 	EXP 	fixation: autoDraw = True
135.6070 	EXP 	stim_image: autoDraw = True
135.6163 	EXP 	fixation: autoDraw = False
138.6113 	EXP 	stim_image: autoDraw = False
138.6113 	EXP 	text: autoDraw = True
138.6113 	EXP 	remember_box: autoDraw = True
138.6113 	EXP 	familiar_box: autoDraw = True
138.6113 	EXP 	forgotten_box: autoDraw = True
138.6113 	EXP 	remember_text: autoDraw = True
138.6113 	EXP 	familiar_text: autoDraw = True
138.6113 	EXP 	forgotten_text: autoDraw = True
138.9368 	DATA 	Mouse: Left button down, pos=(1052,168)
138.9490 	EXP 	fixation: autoDraw = False
138.9490 	EXP 	stim_image: autoDraw = False
138.9490 	EXP 	text: autoDraw = False
138.9490 	EXP 	remember_box: autoDraw = False
138.9490 	EXP 	familiar_box: autoDraw = False
138.9490 	EXP 	forgotten_box: autoDraw = False
138.9490 	EXP 	remember_text: autoDraw = False
138.9490 	EXP 	familiar_text: autoDraw = False
138.9490 	EXP 	forgotten_text: autoDraw = False
138.9490 	EXP 	forgotten_box: fillColor = 'blue'
139.0330 	DATA 	Mouse:  Left button up, pos=(1052,168)
139.2494 	EXP 	New trial (rep=0, index=25): <Trial 25 (25 in rep 0) data={'image_name': 'Wedding 12.jpg', 'condition': 'old', 'thisN': 25, 'thisTrialN': 25, 'thisRepN': 0}>
139.2603 	EXP 	remember_box: fillColor = <class 'numpy.ndarray'>
139.2603 	EXP 	familiar_box: fillColor = <class 'numpy.ndarray'>
139.2603 	EXP 	forgotten_box: fillColor = <class 'numpy.ndarray'>
139.2603 	EXP 	stim_image: image = 'phase2_images/Wedding 12.jpg'
139.2603 	EXP 	fixation: autoDraw = True
140.2401 	EXP 	stim_image: autoDraw = True
140.2557 	EXP 	fixation: autoDraw = False
143.2432 	EXP 	stim_image: autoDraw = False
143.2432 	EXP 	text: autoDraw = True
143.2432 	EXP 	remember_box: autoDraw = True
143.2432 	EXP 	familiar_box: autoDraw = True
143.2432 	EXP 	forgotten_box: autoDraw = True
143.2432 	EXP 	remember_text: autoDraw = True
143.2432 	EXP 	familiar_text: autoDraw = True
143.2432 	EXP 	forgotten_text: autoDraw = True
143.6213 	DATA 	Mouse: Left button down, pos=(1065,179)
143.6328 	EXP 	fixation: autoDraw = False
143.6328 	EXP 	stim_image: autoDraw = False
143.6328 	EXP 	text: autoDraw = False
143.6328 	EXP 	remember_box: autoDraw = False
143.6328 	EXP 	familiar_box: autoDraw = False
143.6328 	EXP 	forgotten_box: autoDraw = False
143.6328 	EXP 	remember_text: autoDraw = False
143.6328 	EXP 	familiar_text: autoDraw = False
143.6328 	EXP 	forgotten_text: autoDraw = False
143.6328 	EXP 	forgotten_box: fillColor = 'blue'
143.7491 	DATA 	Mouse:  Left button up, pos=(1065,179)
143.9332 	EXP 	New trial (rep=0, index=26): <Trial 26 (26 in rep 0) data={'image_name': 'Dead bodies 2.jpg', 'condition': 'new', 'thisN': 26, 'thisTrialN': 26, 'thisRepN': 0}>
143.9448 	EXP 	remember_box: fillColor = <class 'numpy.ndarray'>
143.9448 	EXP 	familiar_box: fillColor = <class 'numpy.ndarray'>
143.9448 	EXP 	forgotten_box: fillColor = <class 'numpy.ndarray'>
143.9448 	EXP 	stim_image: image = 'phase2_images/Dead bodies 2.jpg'
143.9448 	EXP 	fixation: autoDraw = True
144.9227 	EXP 	stim_image: autoDraw = True
144.9392 	EXP 	fixation: autoDraw = False
147.9164 	EXP 	stim_image: autoDraw = False
147.9261 	EXP 	text: autoDraw = True
147.9261 	EXP 	remember_box: autoDraw = True
147.9261 	EXP 	familiar_box: autoDraw = True
147.9261 	EXP 	forgotten_box: autoDraw = True
147.9261 	EXP 	remember_text: autoDraw = True
147.9261 	EXP 	familiar_text: autoDraw = True
147.9261 	EXP 	forgotten_text: autoDraw = True
148.1918 	DATA 	Mouse: Left button down, pos=(1082,181)
148.2054 	EXP 	fixation: autoDraw = False
148.2054 	EXP 	stim_image: autoDraw = False
148.2054 	EXP 	text: autoDraw = False
148.2054 	EXP 	remember_box: autoDraw = False
148.2054 	EXP 	familiar_box: autoDraw = False
148.2054 	EXP 	forgotten_box: autoDraw = False
148.2054 	EXP 	remember_text: autoDraw = False
148.2054 	EXP 	familiar_text: autoDraw = False
148.2054 	EXP 	forgotten_text: autoDraw = False
148.2054 	EXP 	forgotten_box: fillColor = 'blue'
148.3288 	DATA 	Mouse:  Left button up, pos=(1082,181)
148.5058 	EXP 	New trial (rep=0, index=27): <Trial 27 (27 in rep 0) data={'image_name': 'Prison 2.jpg', 'condition': 'new', 'thisN': 27, 'thisTrialN': 27, 'thisRepN': 0}>
148.5157 	EXP 	remember_box: fillColor = <class 'numpy.ndarray'>
148.5157 	EXP 	familiar_box: fillColor = <class 'numpy.ndarray'>
148.5157 	EXP 	forgotten_box: fillColor = <class 'numpy.ndarray'>
148.5157 	EXP 	stim_image: image = 'phase2_images/Prison 2.jpg'
148.5157 	EXP 	fixation: autoDraw = True
149.4997 	EXP 	stim_image: autoDraw = True
149.5059 	EXP 	fixation: autoDraw = False
152.4882 	EXP 	stim_image: autoDraw = False
152.4982 	EXP 	text: autoDraw = True
152.4982 	EXP 	remember_box: autoDraw = True
152.4982 	EXP 	familiar_box: autoDraw = True
152.4982 	EXP 	forgotten_box: autoDraw = True
152.4982 	EXP 	remember_text: autoDraw = True
152.4982 	EXP 	familiar_text: autoDraw = True
152.4982 	EXP 	forgotten_text: autoDraw = True
153.8172 	DATA 	Mouse: Left button down, pos=(1140,185)
153.8328 	EXP 	fixation: autoDraw = False
153.8328 	EXP 	stim_image: autoDraw = False
153.8328 	EXP 	text: autoDraw = False
153.8328 	EXP 	remember_box: autoDraw = False
153.8328 	EXP 	familiar_box: autoDraw = False
153.8328 	EXP 	forgotten_box: autoDraw = False
153.8328 	EXP 	remember_text: autoDraw = False
153.8328 	EXP 	familiar_text: autoDraw = False
153.8328 	EXP 	forgotten_text: autoDraw = False
153.8328 	EXP 	forgotten_box: fillColor = 'blue'
153.9712 	DATA 	Mouse:  Left button up, pos=(1140,185)
154.1331 	EXP 	New trial (rep=0, index=28): <Trial 28 (28 in rep 0) data={'image_name': 'Police 2.jpg', 'condition': 'old', 'thisN': 28, 'thisTrialN': 28, 'thisRepN': 0}>
154.1434 	EXP 	remember_box: fillColor = <class 'numpy.ndarray'>
154.1434 	EXP 	familiar_box: fillColor = <class 'numpy.ndarray'>
154.1434 	EXP 	forgotten_box: fillColor = <class 'numpy.ndarray'>
154.1434 	EXP 	stim_image: image = 'phase2_images/Police 2.jpg'
154.1434 	EXP 	fixation: autoDraw = True
155.1232 	EXP 	stim_image: autoDraw = True
155.1379 	EXP 	fixation: autoDraw = False
158.1268 	EXP 	stim_image: autoDraw = False
158.1268 	EXP 	text: autoDraw = True
158.1268 	EXP 	remember_box: autoDraw = True
158.1268 	EXP 	familiar_box: autoDraw = True
158.1268 	EXP 	forgotten_box: autoDraw = True
158.1268 	EXP 	remember_text: autoDraw = True
158.1268 	EXP 	familiar_text: autoDraw = True
158.1268 	EXP 	forgotten_text: autoDraw = True
159.8002 	DATA 	Mouse: Left button down, pos=(451,183)
159.8061 	EXP 	fixation: autoDraw = False
159.8061 	EXP 	stim_image: autoDraw = False
159.8061 	EXP 	text: autoDraw = False
159.8061 	EXP 	remember_box: autoDraw = False
159.8061 	EXP 	familiar_box: autoDraw = False
159.8061 	EXP 	forgotten_box: autoDraw = False
159.8061 	EXP 	remember_text: autoDraw = False
159.8061 	EXP 	familiar_text: autoDraw = False
159.8061 	EXP 	forgotten_text: autoDraw = False
159.8061 	EXP 	remember_box: fillColor = 'blue'
159.9727 	DATA 	Mouse:  Left button up, pos=(451,182)
160.1065 	EXP 	New trial (rep=0, index=29): <Trial 29 (29 in rep 0) data={'image_name': 'Dirt 1.jpg', 'condition': 'old', 'thisN': 29, 'thisTrialN': 29, 'thisRepN': 0}>
160.1190 	EXP 	remember_box: fillColor = <class 'numpy.ndarray'>
160.1190 	EXP 	familiar_box: fillColor = <class 'numpy.ndarray'>
160.1190 	EXP 	forgotten_box: fillColor = <class 'numpy.ndarray'>
160.1190 	EXP 	stim_image: image = 'phase2_images/Dirt 1.jpg'
160.1190 	EXP 	fixation: autoDraw = True
161.0996 	EXP 	stim_image: autoDraw = True
161.1162 	EXP 	fixation: autoDraw = False
164.0886 	EXP 	stim_image: autoDraw = False
164.1090 	EXP 	text: autoDraw = True
164.1090 	EXP 	remember_box: autoDraw = True
164.1090 	EXP 	familiar_box: autoDraw = True
164.1090 	EXP 	forgotten_box: autoDraw = True
164.1090 	EXP 	remember_text: autoDraw = True
164.1090 	EXP 	familiar_text: autoDraw = True
164.1090 	EXP 	forgotten_text: autoDraw = True
164.5835 	DATA 	Mouse: Left button down, pos=(402,159)
164.5895 	EXP 	fixation: autoDraw = False
164.5895 	EXP 	stim_image: autoDraw = False
164.5895 	EXP 	text: autoDraw = False
164.5895 	EXP 	remember_box: autoDraw = False
164.5895 	EXP 	familiar_box: autoDraw = False
164.5895 	EXP 	forgotten_box: autoDraw = False
164.5895 	EXP 	remember_text: autoDraw = False
164.5895 	EXP 	familiar_text: autoDraw = False
164.5895 	EXP 	forgotten_text: autoDraw = False
164.5895 	EXP 	remember_box: fillColor = 'blue'
164.6998 	DATA 	Mouse:  Left button up, pos=(402,159)
164.8899 	EXP 	New trial (rep=0, index=30): <Trial 30 (30 in rep 0) data={'image_name': 'Horse racing 1.jpg', 'condition': 'new', 'thisN': 30, 'thisTrialN': 30, 'thisRepN': 0}>
164.8999 	EXP 	remember_box: fillColor = <class 'numpy.ndarray'>
164.8999 	EXP 	familiar_box: fillColor = <class 'numpy.ndarray'>
164.8999 	EXP 	forgotten_box: fillColor = <class 'numpy.ndarray'>
164.8999 	EXP 	stim_image: image = 'phase2_images/Horse racing 1.jpg'
164.8999 	EXP 	fixation: autoDraw = True
165.8889 	EXP 	fixation: autoDraw = False
165.8889 	EXP 	stim_image: autoDraw = True
168.8814 	EXP 	stim_image: autoDraw = False
168.8814 	EXP 	text: autoDraw = True
168.8814 	EXP 	remember_box: autoDraw = True
168.8814 	EXP 	familiar_box: autoDraw = True
168.8814 	EXP 	forgotten_box: autoDraw = True
168.8814 	EXP 	remember_text: autoDraw = True
168.8814 	EXP 	familiar_text: autoDraw = True
168.8814 	EXP 	forgotten_text: autoDraw = True
171.3501 	DATA 	Mouse: Left button down, pos=(973,195)
171.3557 	EXP 	fixation: autoDraw = False
171.3557 	EXP 	stim_image: autoDraw = False
171.3557 	EXP 	text: autoDraw = False
171.3557 	EXP 	remember_box: autoDraw = False
171.3557 	EXP 	familiar_box: autoDraw = False
171.3557 	EXP 	forgotten_box: autoDraw = False
171.3557 	EXP 	remember_text: autoDraw = False
171.3557 	EXP 	familiar_text: autoDraw = False
171.3557 	EXP 	forgotten_text: autoDraw = False
171.3557 	EXP 	forgotten_box: fillColor = 'blue'
171.4632 	DATA 	Mouse:  Left button up, pos=(973,195)
171.6560 	EXP 	New trial (rep=0, index=31): <Trial 31 (31 in rep 0) data={'image_name': 'Rafting 6.jpg', 'condition': 'old', 'thisN': 31, 'thisTrialN': 31, 'thisRepN': 0}>
171.6683 	EXP 	remember_box: fillColor = <class 'numpy.ndarray'>
171.6683 	EXP 	familiar_box: fillColor = <class 'numpy.ndarray'>
171.6683 	EXP 	forgotten_box: fillColor = <class 'numpy.ndarray'>
171.6683 	EXP 	stim_image: image = 'phase2_images/Rafting 6.jpg'
171.6683 	EXP 	fixation: autoDraw = True
172.6496 	EXP 	stim_image: autoDraw = True
172.6662 	EXP 	fixation: autoDraw = False
175.6383 	EXP 	stim_image: autoDraw = False
175.6597 	EXP 	text: autoDraw = True
175.6597 	EXP 	remember_box: autoDraw = True
175.6597 	EXP 	familiar_box: autoDraw = True
175.6597 	EXP 	forgotten_box: autoDraw = True
175.6597 	EXP 	remember_text: autoDraw = True
175.6597 	EXP 	familiar_text: autoDraw = True
175.6597 	EXP 	forgotten_text: autoDraw = True
177.1229 	DATA 	Mouse: Left button down, pos=(1047,208)
177.1321 	EXP 	fixation: autoDraw = False
177.1321 	EXP 	stim_image: autoDraw = False
177.1321 	EXP 	text: autoDraw = False
177.1321 	EXP 	remember_box: autoDraw = False
177.1321 	EXP 	familiar_box: autoDraw = False
177.1321 	EXP 	forgotten_box: autoDraw = False
177.1321 	EXP 	remember_text: autoDraw = False
177.1321 	EXP 	familiar_text: autoDraw = False
177.1321 	EXP 	forgotten_text: autoDraw = False
177.1321 	EXP 	forgotten_box: fillColor = 'blue'
177.2348 	DATA 	Mouse:  Left button up, pos=(1047,208)
177.4325 	EXP 	New trial (rep=0, index=32): <Trial 32 (32 in rep 0) data={'image_name': 'Gazing 2.jpg', 'condition': 'old', 'thisN': 32, 'thisTrialN': 32, 'thisRepN': 0}>
177.4423 	EXP 	remember_box: fillColor = <class 'numpy.ndarray'>
177.4423 	EXP 	familiar_box: fillColor = <class 'numpy.ndarray'>
177.4423 	EXP 	forgotten_box: fillColor = <class 'numpy.ndarray'>
177.4423 	EXP 	stim_image: image = 'phase2_images/Gazing 2.jpg'
177.4423 	EXP 	fixation: autoDraw = True
178.4235 	EXP 	stim_image: autoDraw = True
178.4387 	EXP 	fixation: autoDraw = False
181.4260 	EXP 	stim_image: autoDraw = False
181.4260 	EXP 	text: autoDraw = True
181.4260 	EXP 	remember_box: autoDraw = True
181.4260 	EXP 	familiar_box: autoDraw = True
181.4260 	EXP 	forgotten_box: autoDraw = True
181.4260 	EXP 	remember_text: autoDraw = True
181.4260 	EXP 	familiar_text: autoDraw = True
181.4260 	EXP 	forgotten_text: autoDraw = True
181.9850 	DATA 	Mouse: Left button down, pos=(1032,223)
181.9992 	EXP 	fixation: autoDraw = False
181.9992 	EXP 	stim_image: autoDraw = False
181.9992 	EXP 	text: autoDraw = False
181.9992 	EXP 	remember_box: autoDraw = False
181.9992 	EXP 	familiar_box: autoDraw = False
181.9992 	EXP 	forgotten_box: autoDraw = False
181.9992 	EXP 	remember_text: autoDraw = False
181.9992 	EXP 	familiar_text: autoDraw = False
181.9992 	EXP 	forgotten_text: autoDraw = False
181.9992 	EXP 	forgotten_box: fillColor = 'blue'
182.1016 	DATA 	Mouse:  Left button up, pos=(1032,223)
182.2997 	EXP 	New trial (rep=0, index=33): <Trial 33 (33 in rep 0) data={'image_name': 'War 6.jpg', 'condition': 'old', 'thisN': 33, 'thisTrialN': 33, 'thisRepN': 0}>
182.3093 	EXP 	remember_box: fillColor = <class 'numpy.ndarray'>
182.3093 	EXP 	familiar_box: fillColor = <class 'numpy.ndarray'>
182.3093 	EXP 	forgotten_box: fillColor = <class 'numpy.ndarray'>
182.3093 	EXP 	stim_image: image = 'phase2_images/War 6.jpg'
182.3093 	EXP 	fixation: autoDraw = True
183.2899 	EXP 	stim_image: autoDraw = True
183.3057 	EXP 	fixation: autoDraw = False
186.2923 	EXP 	stim_image: autoDraw = False
186.2923 	EXP 	text: autoDraw = True
186.2923 	EXP 	remember_box: autoDraw = True
186.2923 	EXP 	familiar_box: autoDraw = True
186.2923 	EXP 	forgotten_box: autoDraw = True
186.2923 	EXP 	remember_text: autoDraw = True
186.2923 	EXP 	familiar_text: autoDraw = True
186.2923 	EXP 	forgotten_text: autoDraw = True
187.0725 	DATA 	Mouse: Left button down, pos=(463,211)
187.0825 	EXP 	fixation: autoDraw = False
187.0825 	EXP 	stim_image: autoDraw = False
187.0825 	EXP 	text: autoDraw = False
187.0825 	EXP 	remember_box: autoDraw = False
187.0825 	EXP 	familiar_box: autoDraw = False
187.0825 	EXP 	forgotten_box: autoDraw = False
187.0825 	EXP 	remember_text: autoDraw = False
187.0825 	EXP 	familiar_text: autoDraw = False
187.0825 	EXP 	forgotten_text: autoDraw = False
187.0825 	EXP 	remember_box: fillColor = 'blue'
187.1914 	DATA 	Mouse:  Left button up, pos=(463,211)
187.3828 	EXP 	New trial (rep=0, index=34): <Trial 34 (34 in rep 0) data={'image_name': 'School 1.jpg', 'condition': 'old', 'thisN': 34, 'thisTrialN': 34, 'thisRepN': 0}>
187.3938 	EXP 	remember_box: fillColor = <class 'numpy.ndarray'>
187.3938 	EXP 	familiar_box: fillColor = <class 'numpy.ndarray'>
187.3938 	EXP 	forgotten_box: fillColor = <class 'numpy.ndarray'>
187.3938 	EXP 	stim_image: image = 'phase2_images/School 1.jpg'
187.3938 	EXP 	fixation: autoDraw = True
188.3730 	EXP 	stim_image: autoDraw = True
188.3881 	EXP 	fixation: autoDraw = False
191.3760 	EXP 	stim_image: autoDraw = False
191.3760 	EXP 	text: autoDraw = True
191.3760 	EXP 	remember_box: autoDraw = True
191.3760 	EXP 	familiar_box: autoDraw = True
191.3760 	EXP 	forgotten_box: autoDraw = True
191.3760 	EXP 	remember_text: autoDraw = True
191.3760 	EXP 	familiar_text: autoDraw = True
191.3760 	EXP 	forgotten_text: autoDraw = True
191.8228 	DATA 	Mouse: Left button down, pos=(435,205)
191.8325 	EXP 	fixation: autoDraw = False
191.8325 	EXP 	stim_image: autoDraw = False
191.8325 	EXP 	text: autoDraw = False
191.8325 	EXP 	remember_box: autoDraw = False
191.8325 	EXP 	familiar_box: autoDraw = False
191.8325 	EXP 	forgotten_box: autoDraw = False
191.8325 	EXP 	remember_text: autoDraw = False
191.8325 	EXP 	familiar_text: autoDraw = False
191.8325 	EXP 	forgotten_text: autoDraw = False
191.8325 	EXP 	remember_box: fillColor = 'blue'
191.9352 	DATA 	Mouse:  Left button up, pos=(434,205)
192.1329 	EXP 	New trial (rep=0, index=35): <Trial 35 (35 in rep 0) data={'image_name': 'Solar panel 1.jpg', 'condition': 'old', 'thisN': 35, 'thisTrialN': 35, 'thisRepN': 0}>
192.1452 	EXP 	remember_box: fillColor = <class 'numpy.ndarray'>
192.1452 	EXP 	familiar_box: fillColor = <class 'numpy.ndarray'>
192.1452 	EXP 	forgotten_box: fillColor = <class 'numpy.ndarray'>
192.1452 	EXP 	stim_image: image = 'phase2_images/Solar panel 1.jpg'
192.1452 	EXP 	fixation: autoDraw = True
193.1231 	EXP 	stim_image: autoDraw = True
193.1386 	EXP 	fixation: autoDraw = False
196.1256 	EXP 	stim_image: autoDraw = False
196.1256 	EXP 	text: autoDraw = True
196.1256 	EXP 	remember_box: autoDraw = True
196.1256 	EXP 	familiar_box: autoDraw = True
196.1256 	EXP 	forgotten_box: autoDraw = True
196.1256 	EXP 	remember_text: autoDraw = True
196.1256 	EXP 	familiar_text: autoDraw = True
196.1256 	EXP 	forgotten_text: autoDraw = True
197.4502 	DATA 	Mouse: Left button down, pos=(1035,206)
197.4657 	EXP 	fixation: autoDraw = False
197.4657 	EXP 	stim_image: autoDraw = False
197.4657 	EXP 	text: autoDraw = False
197.4657 	EXP 	remember_box: autoDraw = False
197.4657 	EXP 	familiar_box: autoDraw = False
197.4657 	EXP 	forgotten_box: autoDraw = False
197.4657 	EXP 	remember_text: autoDraw = False
197.4657 	EXP 	familiar_text: autoDraw = False
197.4657 	EXP 	forgotten_text: autoDraw = False
197.4657 	EXP 	forgotten_box: fillColor = 'blue'
197.5598 	DATA 	Mouse:  Left button up, pos=(1035,205)
197.7660 	EXP 	New trial (rep=0, index=36): <Trial 36 (36 in rep 0) data={'image_name': 'Ambulance 1.jpg', 'condition': 'old', 'thisN': 36, 'thisTrialN': 36, 'thisRepN': 0}>
197.7774 	EXP 	remember_box: fillColor = <class 'numpy.ndarray'>
197.7774 	EXP 	familiar_box: fillColor = <class 'numpy.ndarray'>
197.7774 	EXP 	forgotten_box: fillColor = <class 'numpy.ndarray'>
197.7774 	EXP 	stim_image: image = 'phase2_images/Ambulance 1.jpg'
197.7774 	EXP 	fixation: autoDraw = True
198.7556 	EXP 	stim_image: autoDraw = True
198.7718 	EXP 	fixation: autoDraw = False
201.7491 	EXP 	stim_image: autoDraw = False
201.7576 	EXP 	text: autoDraw = True
201.7576 	EXP 	remember_box: autoDraw = True
201.7576 	EXP 	familiar_box: autoDraw = True
201.7576 	EXP 	forgotten_box: autoDraw = True
201.7576 	EXP 	remember_text: autoDraw = True
201.7576 	EXP 	familiar_text: autoDraw = True
201.7576 	EXP 	forgotten_text: autoDraw = True
202.1222 	DATA 	Mouse: Left button down, pos=(454,169)
202.1323 	EXP 	fixation: autoDraw = False
202.1323 	EXP 	stim_image: autoDraw = False
202.1323 	EXP 	text: autoDraw = False
202.1323 	EXP 	remember_box: autoDraw = False
202.1323 	EXP 	familiar_box: autoDraw = False
202.1323 	EXP 	forgotten_box: autoDraw = False
202.1323 	EXP 	remember_text: autoDraw = False
202.1323 	EXP 	familiar_text: autoDraw = False
202.1323 	EXP 	forgotten_text: autoDraw = False
202.1323 	EXP 	remember_box: fillColor = 'blue'
202.2247 	DATA 	Mouse:  Left button up, pos=(454,169)
202.4328 	EXP 	New trial (rep=0, index=37): <Trial 37 (37 in rep 0) data={'image_name': 'Explosion 5.jpg', 'condition': 'new', 'thisN': 37, 'thisTrialN': 37, 'thisRepN': 0}>
202.4427 	EXP 	remember_box: fillColor = <class 'numpy.ndarray'>
202.4427 	EXP 	familiar_box: fillColor = <class 'numpy.ndarray'>
202.4427 	EXP 	forgotten_box: fillColor = <class 'numpy.ndarray'>
202.4427 	EXP 	stim_image: image = 'phase2_images/Explosion 5.jpg'
202.4427 	EXP 	fixation: autoDraw = True
203.4230 	EXP 	stim_image: autoDraw = True
203.4384 	EXP 	fixation: autoDraw = False
206.4250 	EXP 	stim_image: autoDraw = False
206.4250 	EXP 	text: autoDraw = True
206.4250 	EXP 	remember_box: autoDraw = True
206.4250 	EXP 	familiar_box: autoDraw = True
206.4250 	EXP 	forgotten_box: autoDraw = True
206.4250 	EXP 	remember_text: autoDraw = True
206.4250 	EXP 	familiar_text: autoDraw = True
206.4250 	EXP 	forgotten_text: autoDraw = True
207.1831 	DATA 	Mouse: Left button down, pos=(831,184)
207.1884 	EXP 	fixation: autoDraw = False
207.1884 	EXP 	stim_image: autoDraw = False
207.1884 	EXP 	text: autoDraw = False
207.1884 	EXP 	remember_box: autoDraw = False
207.1884 	EXP 	familiar_box: autoDraw = False
207.1884 	EXP 	forgotten_box: autoDraw = False
207.1884 	EXP 	remember_text: autoDraw = False
207.1884 	EXP 	familiar_text: autoDraw = False
207.1884 	EXP 	forgotten_text: autoDraw = False
207.1884 	EXP 	familiar_box: fillColor = 'blue'
207.2942 	DATA 	Mouse:  Left button up, pos=(831,184)
207.4888 	EXP 	New trial (rep=0, index=38): <Trial 38 (38 in rep 0) data={'image_name': 'Plane crash 1.jpg', 'condition': 'old', 'thisN': 38, 'thisTrialN': 38, 'thisRepN': 0}>
207.4990 	EXP 	remember_box: fillColor = <class 'numpy.ndarray'>
207.4990 	EXP 	familiar_box: fillColor = <class 'numpy.ndarray'>
207.4990 	EXP 	forgotten_box: fillColor = <class 'numpy.ndarray'>
207.4990 	EXP 	stim_image: image = 'phase2_images/Plane crash 1.jpg'
207.4990 	EXP 	fixation: autoDraw = True
208.4823 	EXP 	stim_image: autoDraw = True
208.4881 	EXP 	fixation: autoDraw = False
211.4700 	EXP 	stim_image: autoDraw = False
211.4919 	EXP 	text: autoDraw = True
211.4919 	EXP 	remember_box: autoDraw = True
211.4919 	EXP 	familiar_box: autoDraw = True
211.4919 	EXP 	forgotten_box: autoDraw = True
211.4919 	EXP 	remember_text: autoDraw = True
211.4919 	EXP 	familiar_text: autoDraw = True
211.4919 	EXP 	forgotten_text: autoDraw = True
211.9172 	DATA 	Mouse: Left button down, pos=(770,179)
211.9231 	EXP 	fixation: autoDraw = False
211.9231 	EXP 	stim_image: autoDraw = False
211.9231 	EXP 	text: autoDraw = False
211.9231 	EXP 	remember_box: autoDraw = False
211.9231 	EXP 	familiar_box: autoDraw = False
211.9231 	EXP 	forgotten_box: autoDraw = False
211.9231 	EXP 	remember_text: autoDraw = False
211.9231 	EXP 	familiar_text: autoDraw = False
211.9231 	EXP 	forgotten_text: autoDraw = False
211.9231 	EXP 	familiar_box: fillColor = 'blue'
212.0360 	DATA 	Mouse:  Left button up, pos=(770,179)
212.2235 	EXP 	New trial (rep=0, index=39): <Trial 39 (39 in rep 0) data={'image_name': 'Bear 2.jpg', 'condition': 'old', 'thisN': 39, 'thisTrialN': 39, 'thisRepN': 0}>
212.2339 	EXP 	remember_box: fillColor = <class 'numpy.ndarray'>
212.2339 	EXP 	familiar_box: fillColor = <class 'numpy.ndarray'>
212.2339 	EXP 	forgotten_box: fillColor = <class 'numpy.ndarray'>
212.2339 	EXP 	stim_image: image = 'phase2_images/Bear 2.jpg'
212.2339 	EXP 	fixation: autoDraw = True
213.2230 	EXP 	stim_image: autoDraw = True
213.2324 	EXP 	fixation: autoDraw = False
216.2256 	EXP 	stim_image: autoDraw = False
216.2256 	EXP 	text: autoDraw = True
216.2256 	EXP 	remember_box: autoDraw = True
216.2256 	EXP 	familiar_box: autoDraw = True
216.2256 	EXP 	forgotten_box: autoDraw = True
216.2256 	EXP 	remember_text: autoDraw = True
216.2256 	EXP 	familiar_text: autoDraw = True
216.2256 	EXP 	forgotten_text: autoDraw = True
216.5055 	DATA 	Mouse: Left button down, pos=(734,179)
216.5155 	EXP 	fixation: autoDraw = False
216.5155 	EXP 	stim_image: autoDraw = False
216.5155 	EXP 	text: autoDraw = False
216.5155 	EXP 	remember_box: autoDraw = False
216.5155 	EXP 	familiar_box: autoDraw = False
216.5155 	EXP 	forgotten_box: autoDraw = False
216.5155 	EXP 	remember_text: autoDraw = False
216.5155 	EXP 	familiar_text: autoDraw = False
216.5155 	EXP 	forgotten_text: autoDraw = False
216.5155 	EXP 	familiar_box: fillColor = 'blue'
216.6088 	DATA 	Mouse:  Left button up, pos=(734,180)
216.8160 	EXP 	New trial (rep=0, index=40): <Trial 40 (40 in rep 0) data={'image_name': 'Building 2.jpg', 'condition': 'new', 'thisN': 40, 'thisTrialN': 40, 'thisRepN': 0}>
216.8266 	EXP 	remember_box: fillColor = <class 'numpy.ndarray'>
216.8266 	EXP 	familiar_box: fillColor = <class 'numpy.ndarray'>
216.8266 	EXP 	forgotten_box: fillColor = <class 'numpy.ndarray'>
216.8266 	EXP 	stim_image: image = 'phase2_images/Building 2.jpg'
216.8266 	EXP 	fixation: autoDraw = True
217.8063 	EXP 	stim_image: autoDraw = True
217.8218 	EXP 	fixation: autoDraw = False
220.8091 	EXP 	stim_image: autoDraw = False
220.8091 	EXP 	text: autoDraw = True
220.8091 	EXP 	remember_box: autoDraw = True
220.8091 	EXP 	familiar_box: autoDraw = True
220.8091 	EXP 	forgotten_box: autoDraw = True
220.8091 	EXP 	remember_text: autoDraw = True
220.8091 	EXP 	familiar_text: autoDraw = True
220.8091 	EXP 	forgotten_text: autoDraw = True
221.6055 	DATA 	Mouse: Left button down, pos=(980,183)
221.6154 	EXP 	fixation: autoDraw = False
221.6154 	EXP 	stim_image: autoDraw = False
221.6154 	EXP 	text: autoDraw = False
221.6154 	EXP 	remember_box: autoDraw = False
221.6154 	EXP 	familiar_box: autoDraw = False
221.6154 	EXP 	forgotten_box: autoDraw = False
221.6154 	EXP 	remember_text: autoDraw = False
221.6154 	EXP 	familiar_text: autoDraw = False
221.6154 	EXP 	forgotten_text: autoDraw = False
221.6154 	EXP 	forgotten_box: fillColor = 'blue'
221.7322 	DATA 	Mouse:  Left button up, pos=(980,183)
221.9158 	EXP 	New trial (rep=0, index=41): <Trial 41 (41 in rep 0) data={'image_name': 'Child labor 2.jpg', 'condition': 'old', 'thisN': 41, 'thisTrialN': 41, 'thisRepN': 0}>
221.9260 	EXP 	remember_box: fillColor = <class 'numpy.ndarray'>
221.9260 	EXP 	familiar_box: fillColor = <class 'numpy.ndarray'>
221.9260 	EXP 	forgotten_box: fillColor = <class 'numpy.ndarray'>
221.9260 	EXP 	stim_image: image = 'phase2_images/Child labor 2.jpg'
221.9260 	EXP 	fixation: autoDraw = True
222.9062 	EXP 	stim_image: autoDraw = True
222.9208 	EXP 	fixation: autoDraw = False
225.9085 	EXP 	stim_image: autoDraw = False
225.9085 	EXP 	text: autoDraw = True
225.9085 	EXP 	remember_box: autoDraw = True
225.9085 	EXP 	familiar_box: autoDraw = True
225.9085 	EXP 	forgotten_box: autoDraw = True
225.9085 	EXP 	remember_text: autoDraw = True
225.9085 	EXP 	familiar_text: autoDraw = True
225.9085 	EXP 	forgotten_text: autoDraw = True
226.3662 	DATA 	Mouse: Left button down, pos=(1007,177)
226.3717 	EXP 	fixation: autoDraw = False
226.3717 	EXP 	stim_image: autoDraw = False
226.3717 	EXP 	text: autoDraw = False
226.3717 	EXP 	remember_box: autoDraw = False
226.3717 	EXP 	familiar_box: autoDraw = False
226.3717 	EXP 	forgotten_box: autoDraw = False
226.3717 	EXP 	remember_text: autoDraw = False
226.3717 	EXP 	familiar_text: autoDraw = False
226.3717 	EXP 	forgotten_text: autoDraw = False
226.3717 	EXP 	forgotten_box: fillColor = 'blue'
226.4745 	DATA 	Mouse:  Left button up, pos=(1007,177)
226.6721 	EXP 	New trial (rep=0, index=42): <Trial 42 (42 in rep 0) data={'image_name': 'Fire 9.jpg', 'condition': 'old', 'thisN': 42, 'thisTrialN': 42, 'thisRepN': 0}>
226.6831 	EXP 	remember_box: fillColor = <class 'numpy.ndarray'>
226.6831 	EXP 	familiar_box: fillColor = <class 'numpy.ndarray'>
226.6831 	EXP 	forgotten_box: fillColor = <class 'numpy.ndarray'>
226.6831 	EXP 	stim_image: image = 'phase2_images/Fire 9.jpg'
226.6831 	EXP 	fixation: autoDraw = True
227.6657 	EXP 	stim_image: autoDraw = True
227.6720 	EXP 	fixation: autoDraw = False
230.6560 	EXP 	stim_image: autoDraw = False
230.6822 	EXP 	text: autoDraw = True
230.6822 	EXP 	remember_box: autoDraw = True
230.6822 	EXP 	familiar_box: autoDraw = True
230.6822 	EXP 	forgotten_box: autoDraw = True
230.6822 	EXP 	remember_text: autoDraw = True
230.6822 	EXP 	familiar_text: autoDraw = True
230.6822 	EXP 	forgotten_text: autoDraw = True
231.1829 	DATA 	Mouse: Left button down, pos=(469,168)
231.1884 	EXP 	fixation: autoDraw = False
231.1884 	EXP 	stim_image: autoDraw = False
231.1884 	EXP 	text: autoDraw = False
231.1884 	EXP 	remember_box: autoDraw = False
231.1884 	EXP 	familiar_box: autoDraw = False
231.1884 	EXP 	forgotten_box: autoDraw = False
231.1884 	EXP 	remember_text: autoDraw = False
231.1884 	EXP 	familiar_text: autoDraw = False
231.1884 	EXP 	forgotten_text: autoDraw = False
231.1884 	EXP 	remember_box: fillColor = 'blue'
231.2822 	DATA 	Mouse:  Left button up, pos=(469,168)
231.4888 	EXP 	New trial (rep=0, index=43): <Trial 43 (43 in rep 0) data={'image_name': 'Alcohol 6.jpg', 'condition': 'old', 'thisN': 43, 'thisTrialN': 43, 'thisRepN': 0}>
231.4993 	EXP 	remember_box: fillColor = <class 'numpy.ndarray'>
231.4993 	EXP 	familiar_box: fillColor = <class 'numpy.ndarray'>
231.4993 	EXP 	forgotten_box: fillColor = <class 'numpy.ndarray'>
231.4993 	EXP 	stim_image: image = 'phase2_images/Alcohol 6.jpg'
231.4993 	EXP 	fixation: autoDraw = True
232.4822 	EXP 	stim_image: autoDraw = True
232.4880 	EXP 	fixation: autoDraw = False
235.4710 	EXP 	stim_image: autoDraw = False
235.4922 	EXP 	text: autoDraw = True
235.4922 	EXP 	remember_box: autoDraw = True
235.4922 	EXP 	familiar_box: autoDraw = True
235.4922 	EXP 	forgotten_box: autoDraw = True
235.4922 	EXP 	remember_text: autoDraw = True
235.4922 	EXP 	familiar_text: autoDraw = True
235.4922 	EXP 	forgotten_text: autoDraw = True
236.8660 	DATA 	Mouse: Left button down, pos=(1050,227)
236.8716 	EXP 	fixation: autoDraw = False
236.8716 	EXP 	stim_image: autoDraw = False
236.8716 	EXP 	text: autoDraw = False
236.8716 	EXP 	remember_box: autoDraw = False
236.8716 	EXP 	familiar_box: autoDraw = False
236.8716 	EXP 	forgotten_box: autoDraw = False
236.8716 	EXP 	remember_text: autoDraw = False
236.8716 	EXP 	familiar_text: autoDraw = False
236.8716 	EXP 	forgotten_text: autoDraw = False
236.8716 	EXP 	forgotten_box: fillColor = 'blue'
236.9984 	DATA 	Mouse:  Left button up, pos=(1050,227)
237.1720 	EXP 	New trial (rep=0, index=44): <Trial 44 (44 in rep 0) data={'image_name': 'Bubble 2.jpg', 'condition': 'old', 'thisN': 44, 'thisTrialN': 44, 'thisRepN': 0}>
237.1828 	EXP 	remember_box: fillColor = <class 'numpy.ndarray'>
237.1828 	EXP 	familiar_box: fillColor = <class 'numpy.ndarray'>
237.1828 	EXP 	forgotten_box: fillColor = <class 'numpy.ndarray'>
237.1828 	EXP 	stim_image: image = 'phase2_images/Bubble 2.jpg'
237.1828 	EXP 	fixation: autoDraw = True
238.1656 	EXP 	stim_image: autoDraw = True
238.1722 	EXP 	fixation: autoDraw = False
241.1553 	EXP 	stim_image: autoDraw = False
241.1650 	EXP 	text: autoDraw = True
241.1650 	EXP 	remember_box: autoDraw = True
241.1650 	EXP 	familiar_box: autoDraw = True
241.1650 	EXP 	forgotten_box: autoDraw = True
241.1650 	EXP 	remember_text: autoDraw = True
241.1650 	EXP 	familiar_text: autoDraw = True
241.1650 	EXP 	forgotten_text: autoDraw = True
241.9999 	DATA 	Mouse: Left button down, pos=(508,193)
242.0067 	EXP 	fixation: autoDraw = False
242.0067 	EXP 	stim_image: autoDraw = False
242.0067 	EXP 	text: autoDraw = False
242.0067 	EXP 	remember_box: autoDraw = False
242.0067 	EXP 	familiar_box: autoDraw = False
242.0067 	EXP 	forgotten_box: autoDraw = False
242.0067 	EXP 	remember_text: autoDraw = False
242.0067 	EXP 	familiar_text: autoDraw = False
242.0067 	EXP 	forgotten_text: autoDraw = False
242.0067 	EXP 	remember_box: fillColor = 'blue'
242.1153 	DATA 	Mouse:  Left button up, pos=(507,193)
242.3071 	EXP 	New trial (rep=0, index=45): <Trial 45 (45 in rep 0) data={'image_name': 'Cold 6', 'condition': 'new', 'thisN': 45, 'thisTrialN': 45, 'thisRepN': 0}>
242.3072 	WARNING 	Requested image 'phase2_images/Cold 6' not found but similar filename 'phase2_images/Cold 6.jpg' exists. This will be used instead but changing the filename is advised.
242.3175 	EXP 	remember_box: fillColor = <class 'numpy.ndarray'>
242.3175 	EXP 	familiar_box: fillColor = <class 'numpy.ndarray'>
242.3175 	EXP 	forgotten_box: fillColor = <class 'numpy.ndarray'>
242.3175 	EXP 	stim_image: image = 'phase2_images/Cold 6'
242.3175 	EXP 	fixation: autoDraw = True
243.3061 	EXP 	stim_image: autoDraw = True
243.3154 	EXP 	fixation: autoDraw = False
246.2989 	EXP 	stim_image: autoDraw = False
246.3091 	EXP 	text: autoDraw = True
246.3091 	EXP 	remember_box: autoDraw = True
246.3091 	EXP 	familiar_box: autoDraw = True
246.3091 	EXP 	forgotten_box: autoDraw = True
246.3091 	EXP 	remember_text: autoDraw = True
246.3091 	EXP 	familiar_text: autoDraw = True
246.3091 	EXP 	forgotten_text: autoDraw = True
246.7553 	DATA 	Mouse: Left button down, pos=(676,195)
246.7653 	EXP 	fixation: autoDraw = False
246.7653 	EXP 	stim_image: autoDraw = False
246.7653 	EXP 	text: autoDraw = False
246.7653 	EXP 	remember_box: autoDraw = False
246.7653 	EXP 	familiar_box: autoDraw = False
246.7653 	EXP 	forgotten_box: autoDraw = False
246.7653 	EXP 	remember_text: autoDraw = False
246.7653 	EXP 	familiar_text: autoDraw = False
246.7653 	EXP 	forgotten_text: autoDraw = False
246.7653 	EXP 	familiar_box: fillColor = 'blue'
246.8597 	DATA 	Mouse:  Left button up, pos=(676,195)
247.0657 	EXP 	New trial (rep=0, index=46): <Trial 46 (46 in rep 0) data={'image_name': 'Garbage dump 2.jpg', 'condition': 'new', 'thisN': 46, 'thisTrialN': 46, 'thisRepN': 0}>
247.0773 	EXP 	remember_box: fillColor = <class 'numpy.ndarray'>
247.0773 	EXP 	familiar_box: fillColor = <class 'numpy.ndarray'>
247.0773 	EXP 	forgotten_box: fillColor = <class 'numpy.ndarray'>
247.0773 	EXP 	stim_image: image = 'phase2_images/Garbage dump 2.jpg'
247.0773 	EXP 	fixation: autoDraw = True
248.0557 	EXP 	stim_image: autoDraw = True
248.0705 	EXP 	fixation: autoDraw = False
251.0571 	EXP 	stim_image: autoDraw = False
251.0571 	EXP 	text: autoDraw = True
251.0571 	EXP 	remember_box: autoDraw = True
251.0571 	EXP 	familiar_box: autoDraw = True
251.0571 	EXP 	forgotten_box: autoDraw = True
251.0571 	EXP 	remember_text: autoDraw = True
251.0571 	EXP 	familiar_text: autoDraw = True
251.0571 	EXP 	forgotten_text: autoDraw = True
252.2327 	DATA 	Mouse: Left button down, pos=(1050,198)
252.2382 	EXP 	fixation: autoDraw = False
252.2382 	EXP 	stim_image: autoDraw = False
252.2382 	EXP 	text: autoDraw = False
252.2382 	EXP 	remember_box: autoDraw = False
252.2382 	EXP 	familiar_box: autoDraw = False
252.2382 	EXP 	forgotten_box: autoDraw = False
252.2382 	EXP 	remember_text: autoDraw = False
252.2382 	EXP 	familiar_text: autoDraw = False
252.2382 	EXP 	forgotten_text: autoDraw = False
252.2382 	EXP 	forgotten_box: fillColor = 'blue'
252.2857 	DATA 	Mouse:  Left button up, pos=(1050,198)
252.5387 	EXP 	New trial (rep=0, index=47): <Trial 47 (47 in rep 0) data={'image_name': 'Band 1.jpg', 'condition': 'old', 'thisN': 47, 'thisTrialN': 47, 'thisRepN': 0}>
252.5502 	EXP 	remember_box: fillColor = <class 'numpy.ndarray'>
252.5502 	EXP 	familiar_box: fillColor = <class 'numpy.ndarray'>
252.5502 	EXP 	forgotten_box: fillColor = <class 'numpy.ndarray'>
252.5502 	EXP 	stim_image: image = 'phase2_images/Band 1.jpg'
252.5502 	EXP 	fixation: autoDraw = True
253.5322 	EXP 	stim_image: autoDraw = True
253.5486 	EXP 	fixation: autoDraw = False
256.5218 	EXP 	stim_image: autoDraw = False
256.5307 	EXP 	text: autoDraw = True
256.5307 	EXP 	remember_box: autoDraw = True
256.5307 	EXP 	familiar_box: autoDraw = True
256.5307 	EXP 	forgotten_box: autoDraw = True
256.5307 	EXP 	remember_text: autoDraw = True
256.5307 	EXP 	familiar_text: autoDraw = True
256.5307 	EXP 	forgotten_text: autoDraw = True
257.2556 	DATA 	Mouse: Left button down, pos=(1080,234)
257.2644 	EXP 	fixation: autoDraw = False
257.2644 	EXP 	stim_image: autoDraw = False
257.2644 	EXP 	text: autoDraw = False
257.2644 	EXP 	remember_box: autoDraw = False
257.2644 	EXP 	familiar_box: autoDraw = False
257.2644 	EXP 	forgotten_box: autoDraw = False
257.2644 	EXP 	remember_text: autoDraw = False
257.2644 	EXP 	familiar_text: autoDraw = False
257.2644 	EXP 	forgotten_text: autoDraw = False
257.2644 	EXP 	forgotten_box: fillColor = 'blue'
257.3919 	DATA 	Mouse:  Left button up, pos=(1080,234)
257.5648 	EXP 	New trial (rep=0, index=48): <Trial 48 (48 in rep 0) data={'image_name': 'Street 3.jpg', 'condition': 'new', 'thisN': 48, 'thisTrialN': 48, 'thisRepN': 0}>
257.5755 	EXP 	remember_box: fillColor = <class 'numpy.ndarray'>
257.5755 	EXP 	familiar_box: fillColor = <class 'numpy.ndarray'>
257.5755 	EXP 	forgotten_box: fillColor = <class 'numpy.ndarray'>
257.5755 	EXP 	stim_image: image = 'phase2_images/Street 3.jpg'
257.5755 	EXP 	fixation: autoDraw = True
258.5563 	EXP 	stim_image: autoDraw = True
258.5699 	EXP 	fixation: autoDraw = False
261.5578 	EXP 	stim_image: autoDraw = False
261.5578 	EXP 	text: autoDraw = True
261.5578 	EXP 	remember_box: autoDraw = True
261.5578 	EXP 	familiar_box: autoDraw = True
261.5578 	EXP 	forgotten_box: autoDraw = True
261.5578 	EXP 	remember_text: autoDraw = True
261.5578 	EXP 	familiar_text: autoDraw = True
261.5578 	EXP 	forgotten_text: autoDraw = True
262.9993 	DATA 	Mouse: Left button down, pos=(1078,221)
263.0053 	EXP 	fixation: autoDraw = False
263.0053 	EXP 	stim_image: autoDraw = False
263.0053 	EXP 	text: autoDraw = False
263.0053 	EXP 	remember_box: autoDraw = False
263.0053 	EXP 	familiar_box: autoDraw = False
263.0053 	EXP 	forgotten_box: autoDraw = False
263.0053 	EXP 	remember_text: autoDraw = False
263.0053 	EXP 	familiar_text: autoDraw = False
263.0053 	EXP 	forgotten_text: autoDraw = False
263.0053 	EXP 	forgotten_box: fillColor = 'blue'
263.1217 	DATA 	Mouse:  Left button up, pos=(1078,221)
263.3058 	EXP 	New trial (rep=0, index=49): <Trial 49 (49 in rep 0) data={'image_name': 'Cat 12.jpg', 'condition': 'old', 'thisN': 49, 'thisTrialN': 49, 'thisRepN': 0}>
263.3166 	EXP 	remember_box: fillColor = <class 'numpy.ndarray'>
263.3166 	EXP 	familiar_box: fillColor = <class 'numpy.ndarray'>
263.3166 	EXP 	forgotten_box: fillColor = <class 'numpy.ndarray'>
263.3166 	EXP 	stim_image: image = 'phase2_images/Cat 12.jpg'
263.3166 	EXP 	fixation: autoDraw = True
264.3061 	EXP 	stim_image: autoDraw = True
264.3154 	EXP 	fixation: autoDraw = False
267.3082 	EXP 	stim_image: autoDraw = False
267.3082 	EXP 	text: autoDraw = True
267.3082 	EXP 	remember_box: autoDraw = True
267.3082 	EXP 	familiar_box: autoDraw = True
267.3082 	EXP 	forgotten_box: autoDraw = True
267.3082 	EXP 	remember_text: autoDraw = True
267.3082 	EXP 	familiar_text: autoDraw = True
267.3082 	EXP 	forgotten_text: autoDraw = True
268.6218 	DATA 	Mouse: Left button down, pos=(1031,202)
268.6318 	EXP 	fixation: autoDraw = False
268.6318 	EXP 	stim_image: autoDraw = False
268.6318 	EXP 	text: autoDraw = False
268.6318 	EXP 	remember_box: autoDraw = False
268.6318 	EXP 	familiar_box: autoDraw = False
268.6318 	EXP 	forgotten_box: autoDraw = False
268.6318 	EXP 	remember_text: autoDraw = False
268.6318 	EXP 	familiar_text: autoDraw = False
268.6318 	EXP 	forgotten_text: autoDraw = False
268.6318 	EXP 	forgotten_box: fillColor = 'blue'
268.7146 	DATA 	Mouse:  Left button up, pos=(1031,202)
268.9323 	EXP 	New trial (rep=0, index=50): <Trial 50 (50 in rep 0) data={'image_name': 'Severed finger 1.jpg', 'condition': 'old', 'thisN': 50, 'thisTrialN': 50, 'thisRepN': 0}>
268.9423 	EXP 	remember_box: fillColor = <class 'numpy.ndarray'>
268.9423 	EXP 	familiar_box: fillColor = <class 'numpy.ndarray'>
268.9423 	EXP 	forgotten_box: fillColor = <class 'numpy.ndarray'>
268.9423 	EXP 	stim_image: image = 'phase2_images/Severed finger 1.jpg'
268.9423 	EXP 	fixation: autoDraw = True
269.9229 	EXP 	stim_image: autoDraw = True
269.9375 	EXP 	fixation: autoDraw = False
272.9258 	EXP 	stim_image: autoDraw = False
272.9258 	EXP 	text: autoDraw = True
272.9258 	EXP 	remember_box: autoDraw = True
272.9258 	EXP 	familiar_box: autoDraw = True
272.9258 	EXP 	forgotten_box: autoDraw = True
272.9258 	EXP 	remember_text: autoDraw = True
272.9258 	EXP 	familiar_text: autoDraw = True
272.9258 	EXP 	forgotten_text: autoDraw = True
273.5050 	DATA 	Mouse: Left button down, pos=(473,195)
273.5149 	EXP 	fixation: autoDraw = False
273.5149 	EXP 	stim_image: autoDraw = False
273.5149 	EXP 	text: autoDraw = False
273.5149 	EXP 	remember_box: autoDraw = False
273.5149 	EXP 	familiar_box: autoDraw = False
273.5149 	EXP 	forgotten_box: autoDraw = False
273.5149 	EXP 	remember_text: autoDraw = False
273.5149 	EXP 	familiar_text: autoDraw = False
273.5149 	EXP 	forgotten_text: autoDraw = False
273.5149 	EXP 	remember_box: fillColor = 'blue'
273.5861 	DATA 	Mouse:  Left button up, pos=(472,195)
273.8154 	EXP 	New trial (rep=0, index=51): <Trial 51 (51 in rep 0) data={'image_name': 'Car accident 2.jpg', 'condition': 'old', 'thisN': 51, 'thisTrialN': 51, 'thisRepN': 0}>
273.8256 	EXP 	remember_box: fillColor = <class 'numpy.ndarray'>
273.8256 	EXP 	familiar_box: fillColor = <class 'numpy.ndarray'>
273.8256 	EXP 	forgotten_box: fillColor = <class 'numpy.ndarray'>
273.8256 	EXP 	stim_image: image = 'phase2_images/Car accident 2.jpg'
273.8256 	EXP 	fixation: autoDraw = True
274.8060 	EXP 	stim_image: autoDraw = True
274.8199 	EXP 	fixation: autoDraw = False
277.8080 	EXP 	stim_image: autoDraw = False
277.8080 	EXP 	text: autoDraw = True
277.8080 	EXP 	remember_box: autoDraw = True
277.8080 	EXP 	familiar_box: autoDraw = True
277.8080 	EXP 	forgotten_box: autoDraw = True
277.8080 	EXP 	remember_text: autoDraw = True
277.8080 	EXP 	familiar_text: autoDraw = True
277.8080 	EXP 	forgotten_text: autoDraw = True
278.1657 	DATA 	Mouse: Left button down, pos=(761,181)
278.1713 	EXP 	fixation: autoDraw = False
278.1713 	EXP 	stim_image: autoDraw = False
278.1713 	EXP 	text: autoDraw = False
278.1713 	EXP 	remember_box: autoDraw = False
278.1713 	EXP 	familiar_box: autoDraw = False
278.1713 	EXP 	forgotten_box: autoDraw = False
278.1713 	EXP 	remember_text: autoDraw = False
278.1713 	EXP 	familiar_text: autoDraw = False
278.1713 	EXP 	forgotten_text: autoDraw = False
278.1713 	EXP 	familiar_box: fillColor = 'blue'
278.2531 	DATA 	Mouse:  Left button up, pos=(761,181)
278.4717 	EXP 	New trial (rep=0, index=52): <Trial 52 (52 in rep 0) data={'image_name': 'Lion 1.jpg', 'condition': 'new', 'thisN': 52, 'thisTrialN': 52, 'thisRepN': 0}>
278.4829 	EXP 	remember_box: fillColor = <class 'numpy.ndarray'>
278.4829 	EXP 	familiar_box: fillColor = <class 'numpy.ndarray'>
278.4829 	EXP 	forgotten_box: fillColor = <class 'numpy.ndarray'>
278.4829 	EXP 	stim_image: image = 'phase2_images/Lion 1.jpg'
278.4829 	EXP 	fixation: autoDraw = True
279.4651 	EXP 	stim_image: autoDraw = True
279.4817 	EXP 	fixation: autoDraw = False
282.4542 	EXP 	stim_image: autoDraw = False
282.4638 	EXP 	text: autoDraw = True
282.4638 	EXP 	remember_box: autoDraw = True
282.4638 	EXP 	familiar_box: autoDraw = True
282.4638 	EXP 	forgotten_box: autoDraw = True
282.4638 	EXP 	remember_text: autoDraw = True
282.4638 	EXP 	familiar_text: autoDraw = True
282.4638 	EXP 	forgotten_text: autoDraw = True
282.9667 	DATA 	Mouse: Left button down, pos=(1048,153)
282.9816 	EXP 	fixation: autoDraw = False
282.9816 	EXP 	stim_image: autoDraw = False
282.9816 	EXP 	text: autoDraw = False
282.9816 	EXP 	remember_box: autoDraw = False
282.9816 	EXP 	familiar_box: autoDraw = False
282.9816 	EXP 	forgotten_box: autoDraw = False
282.9816 	EXP 	remember_text: autoDraw = False
282.9816 	EXP 	familiar_text: autoDraw = False
282.9816 	EXP 	forgotten_text: autoDraw = False
282.9816 	EXP 	forgotten_box: fillColor = 'blue'
283.0844 	DATA 	Mouse:  Left button up, pos=(1048,153)
283.2820 	EXP 	New trial (rep=0, index=53): <Trial 53 (53 in rep 0) data={'image_name': 'Car crash 2.jpg', 'condition': 'old', 'thisN': 53, 'thisTrialN': 53, 'thisRepN': 0}>
283.2943 	EXP 	remember_box: fillColor = <class 'numpy.ndarray'>
283.2943 	EXP 	familiar_box: fillColor = <class 'numpy.ndarray'>
283.2943 	EXP 	forgotten_box: fillColor = <class 'numpy.ndarray'>
283.2943 	EXP 	stim_image: image = 'phase2_images/Car crash 2.jpg'
283.2943 	EXP 	fixation: autoDraw = True
284.2724 	EXP 	stim_image: autoDraw = True
284.2878 	EXP 	fixation: autoDraw = False
287.2765 	EXP 	stim_image: autoDraw = False
287.2765 	EXP 	text: autoDraw = True
287.2765 	EXP 	remember_box: autoDraw = True
287.2765 	EXP 	familiar_box: autoDraw = True
287.2765 	EXP 	forgotten_box: autoDraw = True
287.2765 	EXP 	remember_text: autoDraw = True
287.2765 	EXP 	familiar_text: autoDraw = True
287.2765 	EXP 	forgotten_text: autoDraw = True
287.8159 	DATA 	Mouse: Left button down, pos=(518,187)
287.8220 	EXP 	fixation: autoDraw = False
287.8220 	EXP 	stim_image: autoDraw = False
287.8220 	EXP 	text: autoDraw = False
287.8220 	EXP 	remember_box: autoDraw = False
287.8220 	EXP 	familiar_box: autoDraw = False
287.8220 	EXP 	forgotten_box: autoDraw = False
287.8220 	EXP 	remember_text: autoDraw = False
287.8220 	EXP 	familiar_text: autoDraw = False
287.8220 	EXP 	forgotten_text: autoDraw = False
287.8220 	EXP 	remember_box: fillColor = 'blue'
287.9037 	DATA 	Mouse:  Left button up, pos=(517,187)
288.1225 	EXP 	New trial (rep=0, index=54): <Trial 54 (54 in rep 0) data={'image_name': 'Dog 31.jpg', 'condition': 'new', 'thisN': 54, 'thisTrialN': 54, 'thisRepN': 0}>
288.1324 	EXP 	remember_box: fillColor = <class 'numpy.ndarray'>
288.1324 	EXP 	familiar_box: fillColor = <class 'numpy.ndarray'>
288.1324 	EXP 	forgotten_box: fillColor = <class 'numpy.ndarray'>
288.1324 	EXP 	stim_image: image = 'phase2_images/Dog 31.jpg'
288.1324 	EXP 	fixation: autoDraw = True
289.1225 	EXP 	fixation: autoDraw = False
289.1225 	EXP 	stim_image: autoDraw = True
292.1252 	EXP 	stim_image: autoDraw = False
292.1252 	EXP 	text: autoDraw = True
292.1252 	EXP 	remember_box: autoDraw = True
292.1252 	EXP 	familiar_box: autoDraw = True
292.1252 	EXP 	forgotten_box: autoDraw = True
292.1252 	EXP 	remember_text: autoDraw = True
292.1252 	EXP 	familiar_text: autoDraw = True
292.1252 	EXP 	forgotten_text: autoDraw = True
292.6671 	DATA 	Mouse: Left button down, pos=(401,168)
292.6815 	EXP 	fixation: autoDraw = False
292.6815 	EXP 	stim_image: autoDraw = False
292.6815 	EXP 	text: autoDraw = False
292.6815 	EXP 	remember_box: autoDraw = False
292.6815 	EXP 	familiar_box: autoDraw = False
292.6815 	EXP 	forgotten_box: autoDraw = False
292.6815 	EXP 	remember_text: autoDraw = False
292.6815 	EXP 	familiar_text: autoDraw = False
292.6815 	EXP 	forgotten_text: autoDraw = False
292.6815 	EXP 	remember_box: fillColor = 'blue'
292.7844 	DATA 	Mouse:  Left button up, pos=(401,168)
292.9819 	EXP 	New trial (rep=0, index=55): <Trial 55 (55 in rep 0) data={'image_name': 'Jail 1.jpg', 'condition': 'new', 'thisN': 55, 'thisTrialN': 55, 'thisRepN': 0}>
292.9925 	EXP 	remember_box: fillColor = <class 'numpy.ndarray'>
292.9925 	EXP 	familiar_box: fillColor = <class 'numpy.ndarray'>
292.9925 	EXP 	forgotten_box: fillColor = <class 'numpy.ndarray'>
292.9925 	EXP 	stim_image: image = 'phase2_images/Jail 1.jpg'
292.9925 	EXP 	fixation: autoDraw = True
293.9724 	EXP 	stim_image: autoDraw = True
293.9859 	EXP 	fixation: autoDraw = False
296.9743 	EXP 	stim_image: autoDraw = False
296.9743 	EXP 	text: autoDraw = True
296.9743 	EXP 	remember_box: autoDraw = True
296.9743 	EXP 	familiar_box: autoDraw = True
296.9743 	EXP 	forgotten_box: autoDraw = True
296.9743 	EXP 	remember_text: autoDraw = True
296.9743 	EXP 	familiar_text: autoDraw = True
296.9743 	EXP 	forgotten_text: autoDraw = True
298.5052 	DATA 	Mouse: Left button down, pos=(1035,189)
298.5148 	EXP 	fixation: autoDraw = False
298.5148 	EXP 	stim_image: autoDraw = False
298.5148 	EXP 	text: autoDraw = False
298.5148 	EXP 	remember_box: autoDraw = False
298.5148 	EXP 	familiar_box: autoDraw = False
298.5148 	EXP 	forgotten_box: autoDraw = False
298.5148 	EXP 	remember_text: autoDraw = False
298.5148 	EXP 	familiar_text: autoDraw = False
298.5148 	EXP 	forgotten_text: autoDraw = False
298.5148 	EXP 	forgotten_box: fillColor = 'blue'
298.6082 	DATA 	Mouse:  Left button up, pos=(1035,189)
298.8153 	EXP 	New trial (rep=0, index=56): <Trial 56 (56 in rep 0) data={'image_name': 'Sidewalk 2.jpg', 'condition': 'old', 'thisN': 56, 'thisTrialN': 56, 'thisRepN': 0}>
298.8261 	EXP 	remember_box: fillColor = <class 'numpy.ndarray'>
298.8261 	EXP 	familiar_box: fillColor = <class 'numpy.ndarray'>
298.8261 	EXP 	forgotten_box: fillColor = <class 'numpy.ndarray'>
298.8261 	EXP 	stim_image: image = 'phase2_images/Sidewalk 2.jpg'
298.8261 	EXP 	fixation: autoDraw = True
299.8055 	EXP 	stim_image: autoDraw = True
299.8201 	EXP 	fixation: autoDraw = False
302.8089 	EXP 	stim_image: autoDraw = False
302.8089 	EXP 	text: autoDraw = True
302.8089 	EXP 	remember_box: autoDraw = True
302.8089 	EXP 	familiar_box: autoDraw = True
302.8089 	EXP 	forgotten_box: autoDraw = True
302.8089 	EXP 	remember_text: autoDraw = True
302.8089 	EXP 	familiar_text: autoDraw = True
302.8089 	EXP 	forgotten_text: autoDraw = True
303.2845 	DATA 	Mouse: Left button down, pos=(1035,189)
303.2981 	EXP 	fixation: autoDraw = False
303.2981 	EXP 	stim_image: autoDraw = False
303.2981 	EXP 	text: autoDraw = False
303.2981 	EXP 	remember_box: autoDraw = False
303.2981 	EXP 	familiar_box: autoDraw = False
303.2981 	EXP 	forgotten_box: autoDraw = False
303.2981 	EXP 	remember_text: autoDraw = False
303.2981 	EXP 	familiar_text: autoDraw = False
303.2981 	EXP 	forgotten_text: autoDraw = False
303.2981 	EXP 	forgotten_box: fillColor = 'blue'
303.3810 	DATA 	Mouse:  Left button up, pos=(1035,189)
303.5985 	EXP 	New trial (rep=0, index=57): <Trial 57 (57 in rep 0) data={'image_name': 'Football player 1.jpg', 'condition': 'old', 'thisN': 57, 'thisTrialN': 57, 'thisRepN': 0}>
303.6087 	EXP 	remember_box: fillColor = <class 'numpy.ndarray'>
303.6087 	EXP 	familiar_box: fillColor = <class 'numpy.ndarray'>
303.6087 	EXP 	forgotten_box: fillColor = <class 'numpy.ndarray'>
303.6087 	EXP 	stim_image: image = 'phase2_images/Football player 1.jpg'
303.6087 	EXP 	fixation: autoDraw = True
304.5894 	EXP 	stim_image: autoDraw = True
304.6033 	EXP 	fixation: autoDraw = False
307.5899 	EXP 	stim_image: autoDraw = False
307.5899 	EXP 	text: autoDraw = True
307.5899 	EXP 	remember_box: autoDraw = True
307.5899 	EXP 	familiar_box: autoDraw = True
307.5899 	EXP 	forgotten_box: autoDraw = True
307.5899 	EXP 	remember_text: autoDraw = True
307.5899 	EXP 	familiar_text: autoDraw = True
307.5899 	EXP 	forgotten_text: autoDraw = True
308.3897 	DATA 	Mouse: Left button down, pos=(774,181)
308.4039 	EXP 	fixation: autoDraw = False
308.4039 	EXP 	stim_image: autoDraw = False
308.4039 	EXP 	text: autoDraw = False
308.4039 	EXP 	remember_box: autoDraw = False
308.4039 	EXP 	familiar_box: autoDraw = False
308.4039 	EXP 	forgotten_box: autoDraw = False
308.4039 	EXP 	remember_text: autoDraw = False
308.4039 	EXP 	familiar_text: autoDraw = False
308.4039 	EXP 	forgotten_text: autoDraw = False
308.4039 	EXP 	familiar_box: fillColor = 'blue'
308.4740 	DATA 	Mouse:  Left button up, pos=(774,181)
308.7043 	EXP 	New trial (rep=0, index=58): <Trial 58 (58 in rep 0) data={'image_name': 'Pigeon 6.jpg', 'condition': 'old', 'thisN': 58, 'thisTrialN': 58, 'thisRepN': 0}>
308.7166 	EXP 	remember_box: fillColor = <class 'numpy.ndarray'>
308.7166 	EXP 	familiar_box: fillColor = <class 'numpy.ndarray'>
308.7166 	EXP 	forgotten_box: fillColor = <class 'numpy.ndarray'>
308.7166 	EXP 	stim_image: image = 'phase2_images/Pigeon 6.jpg'
308.7166 	EXP 	fixation: autoDraw = True
309.6983 	EXP 	stim_image: autoDraw = True
309.7148 	EXP 	fixation: autoDraw = False
312.6875 	EXP 	stim_image: autoDraw = False
312.6975 	EXP 	text: autoDraw = True
312.6975 	EXP 	remember_box: autoDraw = True
312.6975 	EXP 	familiar_box: autoDraw = True
312.6975 	EXP 	forgotten_box: autoDraw = True
312.6975 	EXP 	remember_text: autoDraw = True
312.6975 	EXP 	familiar_text: autoDraw = True
312.6975 	EXP 	forgotten_text: autoDraw = True
312.9988 	DATA 	Mouse: Left button down, pos=(705,196)
313.0045 	EXP 	fixation: autoDraw = False
313.0045 	EXP 	stim_image: autoDraw = False
313.0045 	EXP 	text: autoDraw = False
313.0045 	EXP 	remember_box: autoDraw = False
313.0045 	EXP 	familiar_box: autoDraw = False
313.0045 	EXP 	forgotten_box: autoDraw = False
313.0045 	EXP 	remember_text: autoDraw = False
313.0045 	EXP 	familiar_text: autoDraw = False
313.0045 	EXP 	forgotten_text: autoDraw = False
313.0045 	EXP 	familiar_box: fillColor = 'blue'
313.1092 	DATA 	Mouse:  Left button up, pos=(705,196)
313.3049 	EXP 	New trial (rep=0, index=59): <Trial 59 (59 in rep 0) data={'image_name': 'Snow 3.jpg', 'condition': 'old', 'thisN': 59, 'thisTrialN': 59, 'thisRepN': 0}>
313.3155 	EXP 	remember_box: fillColor = <class 'numpy.ndarray'>
313.3155 	EXP 	familiar_box: fillColor = <class 'numpy.ndarray'>
313.3155 	EXP 	forgotten_box: fillColor = <class 'numpy.ndarray'>
313.3155 	EXP 	stim_image: image = 'phase2_images/Snow 3.jpg'
313.3155 	EXP 	fixation: autoDraw = True
314.2982 	EXP 	stim_image: autoDraw = True
314.3040 	EXP 	fixation: autoDraw = False
317.2867 	EXP 	stim_image: autoDraw = False
317.3075 	EXP 	text: autoDraw = True
317.3075 	EXP 	remember_box: autoDraw = True
317.3075 	EXP 	familiar_box: autoDraw = True
317.3075 	EXP 	forgotten_box: autoDraw = True
317.3075 	EXP 	remember_text: autoDraw = True
317.3075 	EXP 	familiar_text: autoDraw = True
317.3075 	EXP 	forgotten_text: autoDraw = True
317.6321 	DATA 	Mouse: Left button down, pos=(634,188)
317.6378 	EXP 	fixation: autoDraw = False
317.6378 	EXP 	stim_image: autoDraw = False
317.6378 	EXP 	text: autoDraw = False
317.6378 	EXP 	remember_box: autoDraw = False
317.6378 	EXP 	familiar_box: autoDraw = False
317.6378 	EXP 	forgotten_box: autoDraw = False
317.6378 	EXP 	remember_text: autoDraw = False
317.6378 	EXP 	familiar_text: autoDraw = False
317.6378 	EXP 	forgotten_text: autoDraw = False
317.6378 	EXP 	familiar_box: fillColor = 'blue'
317.7534 	DATA 	Mouse:  Left button up, pos=(634,188)
317.9381 	EXP 	New trial (rep=0, index=60): <Trial 60 (60 in rep 0) data={'image_name': 'Shot 3.jpg', 'condition': 'old', 'thisN': 60, 'thisTrialN': 60, 'thisRepN': 0}>
317.9479 	EXP 	remember_box: fillColor = <class 'numpy.ndarray'>
317.9479 	EXP 	familiar_box: fillColor = <class 'numpy.ndarray'>
317.9479 	EXP 	forgotten_box: fillColor = <class 'numpy.ndarray'>
317.9479 	EXP 	stim_image: image = 'phase2_images/Shot 3.jpg'
317.9479 	EXP 	fixation: autoDraw = True
318.9314 	EXP 	stim_image: autoDraw = True
318.9379 	EXP 	fixation: autoDraw = False
321.9203 	EXP 	stim_image: autoDraw = False
321.9409 	EXP 	text: autoDraw = True
321.9409 	EXP 	remember_box: autoDraw = True
321.9409 	EXP 	familiar_box: autoDraw = True
321.9409 	EXP 	forgotten_box: autoDraw = True
321.9409 	EXP 	remember_text: autoDraw = True
321.9409 	EXP 	familiar_text: autoDraw = True
321.9409 	EXP 	forgotten_text: autoDraw = True
322.2167 	DATA 	Mouse: Left button down, pos=(414,196)
322.2313 	EXP 	fixation: autoDraw = False
322.2313 	EXP 	stim_image: autoDraw = False
322.2313 	EXP 	text: autoDraw = False
322.2313 	EXP 	remember_box: autoDraw = False
322.2313 	EXP 	familiar_box: autoDraw = False
322.2313 	EXP 	forgotten_box: autoDraw = False
322.2313 	EXP 	remember_text: autoDraw = False
322.2313 	EXP 	familiar_text: autoDraw = False
322.2313 	EXP 	forgotten_text: autoDraw = False
322.2313 	EXP 	remember_box: fillColor = 'blue'
322.3024 	DATA 	Mouse:  Left button up, pos=(413,196)
322.5318 	EXP 	New trial (rep=0, index=61): <Trial 61 (61 in rep 0) data={'image_name': 'Bark 6.jpg', 'condition': 'old', 'thisN': 61, 'thisTrialN': 61, 'thisRepN': 0}>
322.5429 	EXP 	remember_box: fillColor = <class 'numpy.ndarray'>
322.5429 	EXP 	familiar_box: fillColor = <class 'numpy.ndarray'>
322.5429 	EXP 	forgotten_box: fillColor = <class 'numpy.ndarray'>
322.5429 	EXP 	stim_image: image = 'phase2_images/Bark 6.jpg'
322.5429 	EXP 	fixation: autoDraw = True
323.5208 	EXP 	stim_image: autoDraw = True
323.5367 	EXP 	fixation: autoDraw = False
326.5148 	EXP 	stim_image: autoDraw = False
326.5250 	EXP 	text: autoDraw = True
326.5250 	EXP 	remember_box: autoDraw = True
326.5250 	EXP 	familiar_box: autoDraw = True
326.5250 	EXP 	forgotten_box: autoDraw = True
326.5250 	EXP 	remember_text: autoDraw = True
326.5250 	EXP 	familiar_text: autoDraw = True
326.5250 	EXP 	forgotten_text: autoDraw = True
327.3154 	DATA 	Mouse: Left button down, pos=(945,190)
327.4341 	DATA 	Mouse:  Left button up, pos=(945,190)
327.8670 	DATA 	Mouse: Left button down, pos=(1007,184)
327.8812 	EXP 	fixation: autoDraw = False
327.8812 	EXP 	stim_image: autoDraw = False
327.8812 	EXP 	text: autoDraw = False
327.8812 	EXP 	remember_box: autoDraw = False
327.8812 	EXP 	familiar_box: autoDraw = False
327.8812 	EXP 	forgotten_box: autoDraw = False
327.8812 	EXP 	remember_text: autoDraw = False
327.8812 	EXP 	familiar_text: autoDraw = False
327.8812 	EXP 	forgotten_text: autoDraw = False
327.9522 	DATA 	Mouse:  Left button up, pos=(1008,184)
328.1817 	EXP 	New trial (rep=0, index=62): <Trial 62 (62 in rep 0) data={'image_name': 'Performance 2.jpg', 'condition': 'old', 'thisN': 62, 'thisTrialN': 62, 'thisRepN': 0}>
328.1936 	EXP 	remember_box: fillColor = <class 'numpy.ndarray'>
328.1936 	EXP 	familiar_box: fillColor = <class 'numpy.ndarray'>
328.1936 	EXP 	forgotten_box: fillColor = <class 'numpy.ndarray'>
328.1936 	EXP 	stim_image: image = 'phase2_images/Performance 2.jpg'
328.1936 	EXP 	fixation: autoDraw = True
329.1719 	EXP 	stim_image: autoDraw = True
329.1872 	EXP 	fixation: autoDraw = False
332.1745 	EXP 	stim_image: autoDraw = False
332.1745 	EXP 	text: autoDraw = True
332.1745 	EXP 	remember_box: autoDraw = True
332.1745 	EXP 	familiar_box: autoDraw = True
332.1745 	EXP 	forgotten_box: autoDraw = True
332.1745 	EXP 	remember_text: autoDraw = True
332.1745 	EXP 	familiar_text: autoDraw = True
332.1745 	EXP 	forgotten_text: autoDraw = True
332.4229 	DATA 	Mouse: Left button down, pos=(1008,184)
332.4361 	EXP 	fixation: autoDraw = False
332.4361 	EXP 	stim_image: autoDraw = False
332.4361 	EXP 	text: autoDraw = False
332.4361 	EXP 	remember_box: autoDraw = False
332.4361 	EXP 	familiar_box: autoDraw = False
332.4361 	EXP 	forgotten_box: autoDraw = False
332.4361 	EXP 	remember_text: autoDraw = False
332.4361 	EXP 	familiar_text: autoDraw = False
332.4361 	EXP 	forgotten_text: autoDraw = False
332.4361 	EXP 	forgotten_box: fillColor = 'blue'
332.5590 	DATA 	Mouse:  Left button up, pos=(1007,184)
332.7364 	EXP 	New trial (rep=0, index=63): <Trial 63 (63 in rep 0) data={'image_name': 'Spider 2.jpg', 'condition': 'old', 'thisN': 63, 'thisTrialN': 63, 'thisRepN': 0}>
332.7472 	EXP 	remember_box: fillColor = <class 'numpy.ndarray'>
332.7472 	EXP 	familiar_box: fillColor = <class 'numpy.ndarray'>
332.7472 	EXP 	forgotten_box: fillColor = <class 'numpy.ndarray'>
332.7472 	EXP 	stim_image: image = 'phase2_images/Spider 2.jpg'
332.7472 	EXP 	fixation: autoDraw = True
333.7314 	EXP 	stim_image: autoDraw = True
333.7379 	EXP 	fixation: autoDraw = False
336.7203 	EXP 	stim_image: autoDraw = False
336.7298 	EXP 	text: autoDraw = True
336.7298 	EXP 	remember_box: autoDraw = True
336.7298 	EXP 	familiar_box: autoDraw = True
336.7298 	EXP 	forgotten_box: autoDraw = True
336.7298 	EXP 	remember_text: autoDraw = True
336.7298 	EXP 	familiar_text: autoDraw = True
336.7298 	EXP 	forgotten_text: autoDraw = True
336.9845 	DATA 	Mouse: Left button down, pos=(1007,184)
336.9979 	EXP 	fixation: autoDraw = False
336.9979 	EXP 	stim_image: autoDraw = False
336.9979 	EXP 	text: autoDraw = False
336.9979 	EXP 	remember_box: autoDraw = False
336.9979 	EXP 	familiar_box: autoDraw = False
336.9979 	EXP 	forgotten_box: autoDraw = False
336.9979 	EXP 	remember_text: autoDraw = False
336.9979 	EXP 	familiar_text: autoDraw = False
336.9979 	EXP 	forgotten_text: autoDraw = False
336.9979 	EXP 	forgotten_box: fillColor = 'blue'
337.0693 	DATA 	Mouse:  Left button up, pos=(1007,184)
337.2984 	EXP 	New trial (rep=0, index=64): <Trial 64 (64 in rep 0) data={'image_name': 'Rocks 1.jpg', 'condition': 'new', 'thisN': 64, 'thisTrialN': 64, 'thisRepN': 0}>
337.3097 	EXP 	remember_box: fillColor = <class 'numpy.ndarray'>
337.3097 	EXP 	familiar_box: fillColor = <class 'numpy.ndarray'>
337.3097 	EXP 	forgotten_box: fillColor = <class 'numpy.ndarray'>
337.3097 	EXP 	stim_image: image = 'phase2_images/Rocks 1.jpg'
337.3097 	EXP 	fixation: autoDraw = True
338.2879 	EXP 	stim_image: autoDraw = True
338.3042 	EXP 	fixation: autoDraw = False
341.2812 	EXP 	stim_image: autoDraw = False
341.2912 	EXP 	text: autoDraw = True
341.2912 	EXP 	remember_box: autoDraw = True
341.2912 	EXP 	familiar_box: autoDraw = True
341.2912 	EXP 	forgotten_box: autoDraw = True
341.2912 	EXP 	remember_text: autoDraw = True
341.2912 	EXP 	familiar_text: autoDraw = True
341.2912 	EXP 	forgotten_text: autoDraw = True
341.6819 	DATA 	Mouse: Left button down, pos=(1007,184)
341.6877 	EXP 	fixation: autoDraw = False
341.6877 	EXP 	stim_image: autoDraw = False
341.6877 	EXP 	text: autoDraw = False
341.6877 	EXP 	remember_box: autoDraw = False
341.6877 	EXP 	familiar_box: autoDraw = False
341.6877 	EXP 	forgotten_box: autoDraw = False
341.6877 	EXP 	remember_text: autoDraw = False
341.6877 	EXP 	familiar_text: autoDraw = False
341.6877 	EXP 	forgotten_text: autoDraw = False
341.6877 	EXP 	forgotten_box: fillColor = 'blue'
341.7575 	DATA 	Mouse:  Left button up, pos=(1007,184)
341.9880 	EXP 	New trial (rep=0, index=65): <Trial 65 (65 in rep 0) data={'image_name': 'Feces 1.jpg', 'condition': 'new', 'thisN': 65, 'thisTrialN': 65, 'thisRepN': 0}>
341.9992 	EXP 	remember_box: fillColor = <class 'numpy.ndarray'>
341.9992 	EXP 	familiar_box: fillColor = <class 'numpy.ndarray'>
341.9992 	EXP 	forgotten_box: fillColor = <class 'numpy.ndarray'>
341.9992 	EXP 	stim_image: image = 'phase2_images/Feces 1.jpg'
341.9992 	EXP 	fixation: autoDraw = True
342.9814 	EXP 	stim_image: autoDraw = True
342.9980 	EXP 	fixation: autoDraw = False
345.9700 	EXP 	stim_image: autoDraw = False
345.9921 	EXP 	text: autoDraw = True
345.9921 	EXP 	remember_box: autoDraw = True
345.9921 	EXP 	familiar_box: autoDraw = True
345.9921 	EXP 	forgotten_box: autoDraw = True
345.9921 	EXP 	remember_text: autoDraw = True
345.9921 	EXP 	familiar_text: autoDraw = True
345.9921 	EXP 	forgotten_text: autoDraw = True
346.5218 	DATA 	Mouse: Left button down, pos=(463,183)
346.5301 	EXP 	fixation: autoDraw = False
346.5301 	EXP 	stim_image: autoDraw = False
346.5301 	EXP 	text: autoDraw = False
346.5301 	EXP 	remember_box: autoDraw = False
346.5301 	EXP 	familiar_box: autoDraw = False
346.5301 	EXP 	forgotten_box: autoDraw = False
346.5301 	EXP 	remember_text: autoDraw = False
346.5301 	EXP 	familiar_text: autoDraw = False
346.5301 	EXP 	forgotten_text: autoDraw = False
346.5301 	EXP 	remember_box: fillColor = 'blue'
346.6012 	DATA 	Mouse:  Left button up, pos=(462,183)
346.8304 	EXP 	New trial (rep=0, index=66): <Trial 66 (66 in rep 0) data={'image_name': 'Tornado 1.jpg', 'condition': 'old', 'thisN': 66, 'thisTrialN': 66, 'thisRepN': 0}>
346.8406 	EXP 	remember_box: fillColor = <class 'numpy.ndarray'>
346.8406 	EXP 	familiar_box: fillColor = <class 'numpy.ndarray'>
346.8406 	EXP 	forgotten_box: fillColor = <class 'numpy.ndarray'>
346.8406 	EXP 	stim_image: image = 'phase2_images/Tornado 1.jpg'
346.8406 	EXP 	fixation: autoDraw = True
347.8220 	EXP 	stim_image: autoDraw = True
347.8377 	EXP 	fixation: autoDraw = False
350.8242 	EXP 	stim_image: autoDraw = False
350.8242 	EXP 	text: autoDraw = True
350.8242 	EXP 	remember_box: autoDraw = True
350.8242 	EXP 	familiar_box: autoDraw = True
350.8242 	EXP 	forgotten_box: autoDraw = True
350.8242 	EXP 	remember_text: autoDraw = True
350.8242 	EXP 	familiar_text: autoDraw = True
350.8242 	EXP 	forgotten_text: autoDraw = True
351.0820 	DATA 	Mouse: Left button down, pos=(406,189)
351.0883 	EXP 	fixation: autoDraw = False
351.0883 	EXP 	stim_image: autoDraw = False
351.0883 	EXP 	text: autoDraw = False
351.0883 	EXP 	remember_box: autoDraw = False
351.0883 	EXP 	familiar_box: autoDraw = False
351.0883 	EXP 	forgotten_box: autoDraw = False
351.0883 	EXP 	remember_text: autoDraw = False
351.0883 	EXP 	familiar_text: autoDraw = False
351.0883 	EXP 	forgotten_text: autoDraw = False
351.0883 	EXP 	remember_box: fillColor = 'blue'
351.1831 	DATA 	Mouse:  Left button up, pos=(406,189)
351.3888 	EXP 	New trial (rep=0, index=67): <Trial 67 (67 in rep 0) data={'image_name': 'Toast 1', 'condition': 'new', 'thisN': 67, 'thisTrialN': 67, 'thisRepN': 0}>
351.3889 	WARNING 	Requested image 'phase2_images/Toast 1' not found but similar filename 'phase2_images/Toast 1.jpg' exists. This will be used instead but changing the filename is advised.
351.3986 	EXP 	remember_box: fillColor = <class 'numpy.ndarray'>
351.3986 	EXP 	familiar_box: fillColor = <class 'numpy.ndarray'>
351.3986 	EXP 	forgotten_box: fillColor = <class 'numpy.ndarray'>
351.3986 	EXP 	stim_image: image = 'phase2_images/Toast 1'
351.3986 	EXP 	fixation: autoDraw = True
352.3870 	EXP 	fixation: autoDraw = False
352.3870 	EXP 	stim_image: autoDraw = True
355.3811 	EXP 	stim_image: autoDraw = False
355.3909 	EXP 	text: autoDraw = True
355.3909 	EXP 	remember_box: autoDraw = True
355.3909 	EXP 	familiar_box: autoDraw = True
355.3909 	EXP 	forgotten_box: autoDraw = True
355.3909 	EXP 	remember_text: autoDraw = True
355.3909 	EXP 	familiar_text: autoDraw = True
355.3909 	EXP 	forgotten_text: autoDraw = True
355.6155 	DATA 	Mouse: Left button down, pos=(1058,166)
355.6220 	EXP 	fixation: autoDraw = False
355.6220 	EXP 	stim_image: autoDraw = False
355.6220 	EXP 	text: autoDraw = False
355.6220 	EXP 	remember_box: autoDraw = False
355.6220 	EXP 	familiar_box: autoDraw = False
355.6220 	EXP 	forgotten_box: autoDraw = False
355.6220 	EXP 	remember_text: autoDraw = False
355.6220 	EXP 	familiar_text: autoDraw = False
355.6220 	EXP 	forgotten_text: autoDraw = False
355.6220 	EXP 	forgotten_box: fillColor = 'blue'
355.7504 	DATA 	Mouse:  Left button up, pos=(1058,166)
355.9224 	EXP 	New trial (rep=0, index=68): <Trial 68 (68 in rep 0) data={'image_name': 'Bloody knife 1.jpg', 'condition': 'new', 'thisN': 68, 'thisTrialN': 68, 'thisRepN': 0}>
355.9342 	EXP 	remember_box: fillColor = <class 'numpy.ndarray'>
355.9342 	EXP 	familiar_box: fillColor = <class 'numpy.ndarray'>
355.9342 	EXP 	forgotten_box: fillColor = <class 'numpy.ndarray'>
355.9342 	EXP 	stim_image: image = 'phase2_images/Bloody knife 1.jpg'
355.9342 	EXP 	fixation: autoDraw = True
356.9220 	EXP 	stim_image: autoDraw = True
356.9312 	EXP 	fixation: autoDraw = False
359.9238 	EXP 	stim_image: autoDraw = False
359.9238 	EXP 	text: autoDraw = True
359.9238 	EXP 	remember_box: autoDraw = True
359.9238 	EXP 	familiar_box: autoDraw = True
359.9238 	EXP 	forgotten_box: autoDraw = True
359.9238 	EXP 	remember_text: autoDraw = True
359.9238 	EXP 	familiar_text: autoDraw = True
359.9238 	EXP 	forgotten_text: autoDraw = True
360.1818 	DATA 	Mouse: Left button down, pos=(810,168)
360.1881 	EXP 	fixation: autoDraw = False
360.1881 	EXP 	stim_image: autoDraw = False
360.1881 	EXP 	text: autoDraw = False
360.1881 	EXP 	remember_box: autoDraw = False
360.1881 	EXP 	familiar_box: autoDraw = False
360.1881 	EXP 	forgotten_box: autoDraw = False
360.1881 	EXP 	remember_text: autoDraw = False
360.1881 	EXP 	familiar_text: autoDraw = False
360.1881 	EXP 	forgotten_text: autoDraw = False
360.1881 	EXP 	familiar_box: fillColor = 'blue'
360.2711 	DATA 	Mouse:  Left button up, pos=(810,168)
360.4884 	EXP 	New trial (rep=0, index=69): <Trial 69 (69 in rep 0) data={'image_name': 'Feces 2.jpg', 'condition': 'old', 'thisN': 69, 'thisTrialN': 69, 'thisRepN': 0}>
360.4997 	EXP 	remember_box: fillColor = <class 'numpy.ndarray'>
360.4997 	EXP 	familiar_box: fillColor = <class 'numpy.ndarray'>
360.4997 	EXP 	forgotten_box: fillColor = <class 'numpy.ndarray'>
360.4997 	EXP 	stim_image: image = 'phase2_images/Feces 2.jpg'
360.4997 	EXP 	fixation: autoDraw = True
361.4877 	EXP 	stim_image: autoDraw = True
361.4978 	EXP 	fixation: autoDraw = False
364.4812 	EXP 	stim_image: autoDraw = False
364.4911 	EXP 	text: autoDraw = True
364.4911 	EXP 	remember_box: autoDraw = True
364.4911 	EXP 	familiar_box: autoDraw = True
364.4911 	EXP 	forgotten_box: autoDraw = True
364.4911 	EXP 	remember_text: autoDraw = True
364.4911 	EXP 	familiar_text: autoDraw = True
364.4911 	EXP 	forgotten_text: autoDraw = True
365.2711 	DATA 	Mouse: Left button down, pos=(448,181)
365.2808 	EXP 	fixation: autoDraw = False
365.2808 	EXP 	stim_image: autoDraw = False
365.2808 	EXP 	text: autoDraw = False
365.2808 	EXP 	remember_box: autoDraw = False
365.2808 	EXP 	familiar_box: autoDraw = False
365.2808 	EXP 	forgotten_box: autoDraw = False
365.2808 	EXP 	remember_text: autoDraw = False
365.2808 	EXP 	familiar_text: autoDraw = False
365.2808 	EXP 	forgotten_text: autoDraw = False
365.2808 	EXP 	remember_box: fillColor = 'blue'
365.3639 	DATA 	Mouse:  Left button up, pos=(448,181)
365.5813 	EXP 	New trial (rep=0, index=70): <Trial 70 (70 in rep 0) data={'image_name': 'Astronaut 2', 'condition': 'new', 'thisN': 70, 'thisTrialN': 70, 'thisRepN': 0}>
365.5814 	WARNING 	Requested image 'phase2_images/Astronaut 2' not found but similar filename 'phase2_images/Astronaut 2.jpg' exists. This will be used instead but changing the filename is advised.
365.5917 	EXP 	remember_box: fillColor = <class 'numpy.ndarray'>
365.5917 	EXP 	familiar_box: fillColor = <class 'numpy.ndarray'>
365.5917 	EXP 	forgotten_box: fillColor = <class 'numpy.ndarray'>
365.5917 	EXP 	stim_image: image = 'phase2_images/Astronaut 2'
365.5917 	EXP 	fixation: autoDraw = True
366.5714 	EXP 	stim_image: autoDraw = True
366.5864 	EXP 	fixation: autoDraw = False
369.5753 	EXP 	stim_image: autoDraw = False
369.5753 	EXP 	text: autoDraw = True
369.5753 	EXP 	remember_box: autoDraw = True
369.5753 	EXP 	familiar_box: autoDraw = True
369.5753 	EXP 	forgotten_box: autoDraw = True
369.5753 	EXP 	remember_text: autoDraw = True
369.5753 	EXP 	familiar_text: autoDraw = True
369.5753 	EXP 	forgotten_text: autoDraw = True
369.8549 	DATA 	Mouse: Left button down, pos=(1063,175)
369.8636 	EXP 	fixation: autoDraw = False
369.8636 	EXP 	stim_image: autoDraw = False
369.8636 	EXP 	text: autoDraw = False
369.8636 	EXP 	remember_box: autoDraw = False
369.8636 	EXP 	familiar_box: autoDraw = False
369.8636 	EXP 	forgotten_box: autoDraw = False
369.8636 	EXP 	remember_text: autoDraw = False
369.8636 	EXP 	familiar_text: autoDraw = False
369.8636 	EXP 	forgotten_text: autoDraw = False
369.8636 	EXP 	forgotten_box: fillColor = 'blue'
369.9463 	DATA 	Mouse:  Left button up, pos=(1063,175)
370.1641 	EXP 	New trial (rep=0, index=71): <Trial 71 (71 in rep 0) data={'image_name': 'Statue 2.jpg', 'condition': 'new', 'thisN': 71, 'thisTrialN': 71, 'thisRepN': 0}>
370.1749 	EXP 	remember_box: fillColor = <class 'numpy.ndarray'>
370.1749 	EXP 	familiar_box: fillColor = <class 'numpy.ndarray'>
370.1749 	EXP 	forgotten_box: fillColor = <class 'numpy.ndarray'>
370.1749 	EXP 	stim_image: image = 'phase2_images/Statue 2.jpg'
370.1749 	EXP 	fixation: autoDraw = True
371.1547 	EXP 	stim_image: autoDraw = True
371.1696 	EXP 	fixation: autoDraw = False
374.1478 	EXP 	stim_image: autoDraw = False
374.1576 	EXP 	text: autoDraw = True
374.1576 	EXP 	remember_box: autoDraw = True
374.1576 	EXP 	familiar_box: autoDraw = True
374.1576 	EXP 	forgotten_box: autoDraw = True
374.1576 	EXP 	remember_text: autoDraw = True
374.1576 	EXP 	familiar_text: autoDraw = True
374.1576 	EXP 	forgotten_text: autoDraw = True
374.3885 	DATA 	Mouse: Left button down, pos=(1063,175)
374.3962 	EXP 	fixation: autoDraw = False
374.3962 	EXP 	stim_image: autoDraw = False
374.3962 	EXP 	text: autoDraw = False
374.3962 	EXP 	remember_box: autoDraw = False
374.3962 	EXP 	familiar_box: autoDraw = False
374.3962 	EXP 	forgotten_box: autoDraw = False
374.3962 	EXP 	remember_text: autoDraw = False
374.3962 	EXP 	familiar_text: autoDraw = False
374.3962 	EXP 	forgotten_text: autoDraw = False
374.3962 	EXP 	forgotten_box: fillColor = 'blue'
374.4992 	DATA 	Mouse:  Left button up, pos=(1063,175)
374.7018 	EXP 	remember_box: fillColor = <class 'numpy.ndarray'>
374.7018 	EXP 	familiar_box: fillColor = <class 'numpy.ndarray'>
374.7018 	EXP 	forgotten_box: fillColor = <class 'numpy.ndarray'>
374.7018 	EXP 	thanks: autoDraw = True
375.6977 	EXP 	thanks: autoDraw = False
375.6977 	EXP 	thanks: autoDraw = False
375.6980 	EXP 	Phase 2 Canli Replication: status = STOPPED
375.7380 	INFO 	saved data to '/Users/vineesmacbook/Desktop/PsychoPy/Solo Project/data/eva_Phase 2 Canli Replication_2025-11-16_12h55.10.296.csv'
375.7407 	INFO 	saved data to /Users/vineesmacbook/Desktop/PsychoPy/Solo Project/data/eva_Phase 2 Canli Replication_2025-11-16_12h55.10.296.psydat
375.9381 	WARNING 	Stopping key buffers but this could be dangerous ifother keyboards rely on the same.
375.9382 	WARNING 	Stopping key buffers but this could be dangerous ifother keyboards rely on the same.
